modelo,signo,iter,pos_rate_bootstrap,cv_accuracy,cv_precision,cv_recall,cv_f1,cv_roc_auc,cv_pr_auc,cv_tp_mean,cv_fp_mean,cv_tn_mean,cv_fn_mean
svm_full,signo_zodiacal_acuario,1,0.5,0.48,0.45769841269841277,0.38,0.4123804609563123,0.42800000000000005,0.5095111031039823,3.8,4.2,5.8,6.2
svm_full,signo_zodiacal_acuario,2,0.5,0.49000000000000005,0.4915584415584416,0.5,0.490608875128999,0.546,0.6184935495361191,5.0,5.2,4.8,5.0
svm_full,signo_zodiacal_acuario,3,0.5,0.49000000000000005,0.4801948051948052,0.5599999999999999,0.511904761904762,0.438,0.48148101734866444,5.6,5.8,4.2,4.4
svm_full,signo_zodiacal_acuario,4,0.5,0.4700000000000001,0.49120879120879124,0.42000000000000004,0.44107416879795397,0.502,0.6016678054487652,4.2,4.8,5.2,5.8
svm_full,signo_zodiacal_acuario,5,0.5,0.53,0.5369047619047619,0.54,0.5294711824123588,0.534,0.5646892525259398,5.4,4.8,5.2,4.6
svm_full,signo_zodiacal_acuario,6,0.5,0.5199999999999999,0.5223076923076923,0.64,0.5723478260869566,0.4880000000000001,0.5177157266538072,6.4,6.0,4.0,3.6
svm_full,signo_zodiacal_acuario,7,0.5,0.55,0.5522727272727272,0.5599999999999999,0.5539682539682539,0.546,0.591974772389633,5.6,4.6,5.4,4.4
svm_full,signo_zodiacal_acuario,8,0.5,0.55,0.5723809523809523,0.44000000000000006,0.48599493385871095,0.544,0.6330427909723575,4.4,3.4,6.6,5.6
svm_full,signo_zodiacal_acuario,9,0.5,0.49000000000000005,0.5107503607503607,0.44000000000000006,0.4644753595217991,0.514,0.5668001916384269,4.4,4.6,5.4,5.6
svm_full,signo_zodiacal_acuario,10,0.5,0.39,0.35286324786324785,0.3,0.3141139079583016,0.404,0.4773027348468525,3.0,5.2,4.8,7.0
svm_full,signo_zodiacal_acuario,11,0.5,0.47000000000000003,0.4755244755244755,0.5599999999999999,0.5130246565029173,0.47800000000000004,0.5264229644624381,5.6,6.2,3.8,4.4
svm_full,signo_zodiacal_acuario,12,0.5,0.47000000000000003,0.4530952380952381,0.43999999999999995,0.435843137254902,0.556,0.6139185057288772,4.4,5.0,5.0,5.6
svm_full,signo_zodiacal_acuario,13,0.5,0.54,0.5514285714285714,0.4,0.45921568627450976,0.5740000000000001,0.6470456108219267,4.0,3.2,6.8,6.0
svm_full,signo_zodiacal_acuario,14,0.5,0.54,0.5603535353535354,0.43999999999999995,0.48661236424394316,0.5219999999999999,0.5358958259662594,4.4,3.6,6.4,5.6
svm_full,signo_zodiacal_acuario,15,0.5,0.48,0.4385714285714286,0.38,0.38857142857142857,0.44400000000000006,0.5143983249292846,3.8,4.2,5.8,6.2
svm_full,signo_zodiacal_acuario,16,0.5,0.48,0.4838961038961038,0.5199999999999999,0.4951596638655462,0.475,0.5636103453649893,5.2,5.6,4.4,4.8
svm_full,signo_zodiacal_acuario,17,0.5,0.6100000000000001,0.7587301587301587,0.42000000000000004,0.5103119790426291,0.5319999999999999,0.626818563789152,4.2,2.0,8.0,5.8
svm_full,signo_zodiacal_acuario,18,0.5,0.51,0.5070537795537795,0.7,0.5860028666985189,0.506,0.5789157150039503,7.0,6.8,3.2,3.0
svm_full,signo_zodiacal_acuario,19,0.5,0.51,0.5123076923076922,0.5,0.5027103991863717,0.47400000000000003,0.516366095291018,5.0,4.8,5.2,5.0
svm_full,signo_zodiacal_acuario,20,0.5,0.51,0.5116666666666666,0.41999999999999993,0.44666666666666666,0.516,0.5901658602835074,4.2,4.0,6.0,5.8
svm_full,signo_zodiacal_acuario,21,0.5,0.44000000000000006,0.44004218004218004,0.44000000000000006,0.4354373145139062,0.508,0.5730403032639874,4.4,5.6,4.4,5.6
svm_full,signo_zodiacal_acuario,22,0.5,0.47000000000000003,0.44988344988344997,0.42000000000000004,0.42590171079873596,0.47000000000000003,0.5259191353881757,4.2,4.8,5.2,5.8
svm_full,signo_zodiacal_acuario,23,0.5,0.49000000000000005,0.47396214896214894,0.41999999999999993,0.4376490031558008,0.43200000000000005,0.507910097470469,4.2,4.4,5.6,5.8
svm_full,signo_zodiacal_acuario,24,0.5,0.49000000000000005,0.49428571428571433,0.5199999999999999,0.4940392156862745,0.522,0.577480138110943,5.2,5.4,4.6,4.8
svm_full,signo_zodiacal_acuario,25,0.5,0.47000000000000003,0.47463924963924964,0.44000000000000006,0.45219465776741313,0.49400000000000005,0.5452221820147518,4.4,5.0,5.0,5.6
svm_full,signo_zodiacal_acuario,26,0.5,0.49000000000000005,0.4924603174603174,0.36000000000000004,0.4141124871001032,0.496,0.5788999050485119,3.6,3.8,6.2,6.4
svm_full,signo_zodiacal_acuario,27,0.5,0.62,0.6035714285714285,0.7,0.6429292929292929,0.626,0.6705351025823162,7.0,4.6,5.4,3.0
svm_full,signo_zodiacal_acuario,28,0.5,0.47000000000000003,0.46551226551226554,0.41999999999999993,0.43892574573689125,0.404,0.48747436730795857,4.2,4.8,5.2,5.8
svm_full,signo_zodiacal_acuario,29,0.5,0.5,0.49278499278499266,0.44000000000000006,0.4583701901813357,0.426,0.509583981378099,4.4,4.4,5.6,5.6
svm_full,signo_zodiacal_acuario,30,0.5,0.5599999999999999,0.5497435897435898,0.74,0.6287528124049863,0.548,0.6013969918969918,7.4,6.2,3.8,2.6
svm_full,signo_zodiacal_acuario,31,0.5,0.51,0.5242031171442937,0.64,0.5664452919738961,0.484,0.5641410715187805,6.4,6.2,3.8,3.6
svm_full,signo_zodiacal_acuario,32,0.5,0.45,0.4528860028860029,0.42000000000000004,0.4318398491773105,0.44800000000000006,0.5528453321704095,4.2,5.2,4.8,5.8
svm_full,signo_zodiacal_acuario,33,0.5,0.45999999999999996,0.4636363636363637,0.5,0.4721861471861472,0.41,0.48451543923912344,5.0,5.8,4.2,5.0
svm_full,signo_zodiacal_acuario,34,0.5,0.45,0.43571428571428567,0.44000000000000006,0.43326766113143816,0.45599999999999996,0.5325585972335198,4.4,5.4,4.6,5.6
svm_full,signo_zodiacal_acuario,35,0.5,0.5,0.47746031746031736,0.4,0.418328173374613,0.572,0.6253926063616466,4.0,4.0,6.0,6.0
svm_full,signo_zodiacal_acuario,36,0.5,0.5,0.5102947052947052,0.56,0.5287922705314009,0.41,0.519405503595132,5.6,5.6,4.4,4.4
svm_full,signo_zodiacal_acuario,37,0.5,0.4,0.3712698412698413,0.36,0.3559398496240601,0.38,0.44414142393554157,3.6,5.6,4.4,6.4
svm_full,signo_zodiacal_acuario,38,0.5,0.4,0.3913553113553113,0.42000000000000004,0.39750572082379865,0.31399999999999995,0.4286812754668792,4.2,6.2,3.8,5.8
svm_full,signo_zodiacal_acuario,39,0.5,0.69,0.7053846153846154,0.72,0.6937812911725956,0.7500000000000001,0.7592323144691566,7.2,3.4,6.6,2.8
svm_full,signo_zodiacal_acuario,40,0.5,0.5599999999999999,0.5471410941999177,0.66,0.5899240855762594,0.546,0.6066704139513737,6.6,5.4,4.6,3.4
svm_full,signo_zodiacal_acuario,41,0.5,0.44000000000000006,0.44113886113886114,0.4,0.40894166362197054,0.398,0.4956069429366643,4.0,5.2,4.8,6.0
svm_full,signo_zodiacal_acuario,42,0.5,0.43999999999999995,0.4166666666666667,0.3,0.336940836940837,0.43099999999999994,0.5364453705908814,3.0,4.2,5.8,7.0
svm_full,signo_zodiacal_acuario,43,0.5,0.4,0.385,0.43999999999999995,0.4084126984126984,0.384,0.47154462101366124,4.4,6.4,3.6,5.6
svm_full,signo_zodiacal_acuario,44,0.5,0.44000000000000006,0.4450349650349651,0.54,0.4836152253543558,0.49700000000000005,0.5682518015180553,5.4,6.6,3.4,4.6
svm_full,signo_zodiacal_acuario,45,0.5,0.55,0.569017649017649,0.52,0.5327511874314943,0.516,0.5602554183862234,5.2,4.2,5.8,4.8
svm_full,signo_zodiacal_acuario,46,0.5,0.47000000000000003,0.46047619047619054,0.45999999999999996,0.442331550802139,0.484,0.5481645278526084,4.6,5.2,4.8,5.4
svm_full,signo_zodiacal_acuario,47,0.5,0.54,0.5708276037687803,0.52,0.5084603414015179,0.6420000000000001,0.6886476752521644,5.2,4.4,5.6,4.8
svm_full,signo_zodiacal_acuario,48,0.5,0.52,0.4953968253968254,0.38,0.42295223352498895,0.462,0.5281234867643536,3.8,3.4,6.6,6.2
svm_full,signo_zodiacal_acuario,49,0.5,0.5700000000000001,0.5609523809523809,0.7,0.6198787878787878,0.5740000000000001,0.6100738668795944,7.0,5.6,4.4,3.0
svm_full,signo_zodiacal_acuario,50,0.5,0.48,0.4951515151515151,0.5,0.4824761904761905,0.47400000000000003,0.5829767064720625,5.0,5.4,4.6,5.0
svm_full,signo_zodiacal_acuario,51,0.5,0.43,0.4321428571428571,0.44000000000000006,0.43011204481792714,0.402,0.49390799379499073,4.4,5.8,4.2,5.6
svm_full,signo_zodiacal_acuario,52,0.5,0.42000000000000004,0.4390720390720391,0.45999999999999996,0.4423597939279727,0.43600000000000005,0.5372483839689722,4.6,6.2,3.8,5.4
svm_full,signo_zodiacal_acuario,53,0.5,0.45,0.4633633033633034,0.6199999999999999,0.5289772256728779,0.374,0.46784606303569143,6.2,7.2,2.8,3.8
svm_full,signo_zodiacal_acuario,54,0.5,0.55,0.5504895104895104,0.64,0.5895859213250517,0.53,0.5759283575901223,6.4,5.4,4.6,3.6
svm_full,signo_zodiacal_acuario,55,0.5,0.47000000000000003,0.49738095238095237,0.36,0.41152390780873754,0.492,0.5796362989435745,3.6,4.2,5.8,6.4
svm_full,signo_zodiacal_acuario,56,0.5,0.54,0.5301282051282051,0.58,0.5489725631602062,0.5880000000000001,0.6394788344610325,5.8,5.0,5.0,4.2
svm_full,signo_zodiacal_acuario,57,0.5,0.47000000000000003,0.47555555555555556,0.64,0.5403783584836217,0.485,0.5245491330135293,6.4,7.0,3.0,3.6
svm_full,signo_zodiacal_acuario,58,0.5,0.43,0.5004761904761904,0.36,0.3889387805177279,0.43999999999999995,0.5237980395937052,3.6,5.0,5.0,6.4
svm_full,signo_zodiacal_acuario,59,0.5,0.4600000000000001,0.4611111111111111,0.4,0.427485380116959,0.5,0.557939401070206,4.0,4.8,5.2,6.0
svm_full,signo_zodiacal_acuario,60,0.5,0.4699999999999999,0.4665079365079364,0.43999999999999995,0.4487587953841824,0.46799999999999997,0.5542930521490893,4.4,5.0,5.0,5.6
svm_full,signo_zodiacal_acuario,61,0.5,0.45,0.45777777777777784,0.48,0.4675142401458191,0.4600000000000001,0.5580645467363733,4.8,5.8,4.2,5.2
svm_full,signo_zodiacal_acuario,62,0.5,0.45,0.43555555555555553,0.24000000000000005,0.28087719298245617,0.45199999999999996,0.5332286492317453,2.4,3.4,6.6,7.6
svm_full,signo_zodiacal_acuario,63,0.5,0.5199999999999999,0.525,0.4,0.45359477124183006,0.5599999999999999,0.5629211780651409,4.0,3.6,6.4,6.0
svm_full,signo_zodiacal_acuario,64,0.5,0.5,0.5023809523809525,0.4800000000000001,0.4717532467532467,0.49000000000000005,0.5392834738361054,4.8,4.8,5.2,5.2
svm_full,signo_zodiacal_acuario,65,0.5,0.49000000000000005,0.4892857142857142,0.38,0.4246732026143791,0.49400000000000005,0.5337790547086213,3.8,4.0,6.0,6.2
svm_full,signo_zodiacal_acuario,66,0.5,0.5800000000000001,0.5922727272727273,0.5199999999999999,0.5444444444444444,0.5999999999999999,0.6465759318081299,5.2,3.6,6.4,4.8
svm_full,signo_zodiacal_acuario,67,0.5,0.5800000000000001,0.5783838383838384,0.6399999999999999,0.6020031897926634,0.5780000000000001,0.6307453081833886,6.4,4.8,5.2,3.6
svm_full,signo_zodiacal_acuario,68,0.5,0.4600000000000001,0.46452991452991454,0.4600000000000001,0.4572452210896147,0.422,0.519086519517634,4.6,5.4,4.6,5.4
svm_full,signo_zodiacal_acuario,69,0.5,0.5700000000000001,0.5648809523809524,0.58,0.5545043192102016,0.5880000000000001,0.6014887585754458,5.8,4.4,5.6,4.2
svm_full,signo_zodiacal_acuario,70,0.5,0.42000000000000004,0.385,0.26,0.30666666666666664,0.406,0.48428074806170784,2.6,4.2,5.8,7.4
svm_full,signo_zodiacal_acuario,71,0.5,0.47000000000000003,0.4482600732600733,0.43999999999999995,0.42934782608695654,0.47800000000000004,0.5366177417353887,4.4,5.0,5.0,5.6
svm_full,signo_zodiacal_acuario,72,0.5,0.55,0.5474747474747474,0.54,0.5417710944026732,0.5800000000000001,0.6628694442812089,5.4,4.4,5.6,4.6
svm_full,signo_zodiacal_acuario,73,0.5,0.5599999999999999,0.5955555555555556,0.5,0.5314832535885168,0.5660000000000001,0.6186390635508282,5.0,3.8,6.2,5.0
svm_full,signo_zodiacal_acuario,74,0.5,0.5,0.5018181818181818,0.5199999999999999,0.5104761904761904,0.4760000000000001,0.5237034821903243,5.2,5.2,4.8,4.8
svm_full,signo_zodiacal_acuario,75,0.5,0.48999999999999994,0.49333333333333335,0.5,0.48977777777777776,0.48600000000000004,0.568216320659045,5.0,5.2,4.8,5.0
svm_full,signo_zodiacal_acuario,76,0.5,0.53,0.5311688311688311,0.6,0.5619047619047619,0.48600000000000004,0.5587600187909785,6.0,5.4,4.6,4.0
svm_full,signo_zodiacal_acuario,77,0.5,0.62,0.6278388278388278,0.6200000000000001,0.6152351350359158,0.612,0.6438438185481529,6.2,3.8,6.2,3.8
svm_full,signo_zodiacal_acuario,78,0.5,0.43,0.44000000000000006,0.54,0.4817575757575757,0.43600000000000005,0.5008497793056617,5.4,6.8,3.2,4.6
svm_full,signo_zodiacal_acuario,79,0.5,0.47000000000000003,0.4667821067821068,0.45999999999999996,0.4536777237210674,0.42699999999999994,0.5159949680522435,4.6,5.2,4.8,5.4
svm_full,signo_zodiacal_acuario,80,0.5,0.54,0.553968253968254,0.44000000000000006,0.48957688338493294,0.47400000000000003,0.5123336494087268,4.4,3.6,6.4,5.6
svm_full,signo_zodiacal_acuario,81,0.5,0.58,0.5818589743589744,0.7,0.6260630170744587,0.6060000000000001,0.6577918568359744,7.0,5.4,4.6,3.0
svm_full,signo_zodiacal_acuario,82,0.5,0.41,0.4204761904761905,0.5,0.4442424242424242,0.41,0.5095359356845425,5.0,6.8,3.2,5.0
svm_full,signo_zodiacal_acuario,83,0.5,0.5700000000000001,0.56,0.6399999999999999,0.590140350877193,0.588,0.6397122954444935,6.4,5.0,5.0,3.6
svm_full,signo_zodiacal_acuario,84,0.5,0.48999999999999994,0.5,0.42000000000000004,0.4476817042606516,0.45999999999999996,0.5422520186212136,4.2,4.4,5.6,5.8
svm_full,signo_zodiacal_acuario,85,0.5,0.37,0.36611111111111116,0.4,0.37702073365231253,0.336,0.4356696200256572,4.0,6.6,3.4,6.0
svm_full,signo_zodiacal_acuario,86,0.5,0.58,0.613997113997114,0.48,0.5338530148901666,0.6020000000000001,0.6464776530658883,4.8,3.2,6.8,5.2
svm_full,signo_zodiacal_acuario,87,0.5,0.45,0.43694083694083696,0.36,0.3903963339721853,0.48,0.5619692982456141,3.6,4.6,5.4,6.4
svm_full,signo_zodiacal_acuario,88,0.5,0.5700000000000001,0.5502447552447552,0.62,0.5792132505175983,0.6140000000000001,0.692160598173756,6.2,4.8,5.2,3.8
svm_full,signo_zodiacal_acuario,89,0.5,0.52,0.5083041958041958,0.64,0.5593380049901788,0.48599999999999993,0.5330600569880756,6.4,6.0,4.0,3.6
svm_full,signo_zodiacal_acuario,90,0.5,0.54,0.5232323232323232,0.5,0.5076441102756892,0.546,0.5915274431450902,5.0,4.2,5.8,5.0
svm_full,signo_zodiacal_acuario,91,0.5,0.54,0.5197802197802198,0.6599999999999999,0.5776231884057971,0.48200000000000004,0.5552373741669407,6.6,5.8,4.2,3.4
svm_full,signo_zodiacal_acuario,92,0.5,0.5799999999999998,0.5743589743589743,0.64,0.5990650209185678,0.5700000000000001,0.5848400298531876,6.4,4.8,5.2,3.6
svm_full,signo_zodiacal_acuario,93,0.5,0.43000000000000005,0.3866666666666666,0.32,0.3431578947368421,0.402,0.47905315049587494,3.2,4.6,5.4,6.8
svm_full,signo_zodiacal_acuario,94,0.5,0.4600000000000001,0.4349206349206349,0.31999999999999995,0.34474622384839104,0.49799999999999994,0.5937832435022837,3.2,4.0,6.0,6.8
svm_full,signo_zodiacal_acuario,95,0.5,0.5,0.4993650793650793,0.37999999999999995,0.4264740282077743,0.531,0.614368169412287,3.8,3.8,6.2,6.2
svm_full,signo_zodiacal_acuario,96,0.5,0.53,0.5292929292929294,0.68,0.5856864383180171,0.44400000000000006,0.5176626625008979,6.8,6.2,3.8,3.2
svm_full,signo_zodiacal_acuario,97,0.5,0.54,0.5254545454545454,0.4,0.4454201680672269,0.608,0.6080233373437708,4.0,3.2,6.8,6.0
svm_full,signo_zodiacal_acuario,98,0.5,0.48,0.4662337662337662,0.42000000000000004,0.43970711091454123,0.48600000000000004,0.5862694434048923,4.2,4.6,5.4,5.8
svm_full,signo_zodiacal_acuario,99,0.5,0.53,0.523045843045843,0.5,0.5018895063746323,0.5,0.5462139717008139,5.0,4.4,5.6,5.0
svm_full,signo_zodiacal_acuario,100,0.5,0.51,0.5155555555555555,0.5799999999999998,0.5391929824561403,0.554,0.5955913689853317,5.8,5.6,4.4,4.2
svm_full,signo_zodiacal_acuario,101,0.5,0.45,0.4204761904761905,0.32,0.3556302521008403,0.446,0.5423851261397701,3.2,4.2,5.8,6.8
svm_full,signo_zodiacal_acuario,102,0.5,0.5700000000000001,0.5806060606060606,0.5800000000000001,0.5700000000000001,0.598,0.6542546620046619,5.8,4.4,5.6,4.2
svm_full,signo_zodiacal_acuario,103,0.5,0.44000000000000006,0.46601176601176597,0.4600000000000001,0.4567041878120085,0.42000000000000004,0.5286175717986863,4.6,5.8,4.2,5.4
svm_full,signo_zodiacal_acuario,104,0.5,0.45999999999999996,0.46952020202020195,0.54,0.4972844699160488,0.434,0.5170103511899178,5.4,6.2,3.8,4.6
svm_full,signo_zodiacal_acuario,105,0.5,0.6,0.588539695598519,0.74,0.6501449275362319,0.6060000000000001,0.6493027497098705,7.4,5.4,4.6,2.6
svm_full,signo_zodiacal_acuario,106,0.5,0.5,0.4884559884559884,0.36000000000000004,0.4013242949001462,0.5050000000000001,0.577785420891458,3.6,3.6,6.4,6.4
svm_full,signo_zodiacal_acuario,107,0.5,0.5,0.5077777777777778,0.45999999999999996,0.4725358851674641,0.502,0.5625611255789275,4.6,4.6,5.4,5.4
svm_full,signo_zodiacal_acuario,108,0.5,0.62,0.6283333333333334,0.6199999999999999,0.618989898989899,0.6199999999999999,0.6411625569992442,6.2,3.8,6.2,3.8
svm_full,signo_zodiacal_acuario,109,0.5,0.43,0.4391452991452992,0.52,0.472257957145829,0.41600000000000004,0.5096548276285118,5.2,6.6,3.4,4.8
svm_full,signo_zodiacal_acuario,110,0.5,0.45999999999999996,0.4721153846153846,0.6199999999999999,0.5330546265328874,0.398,0.5065658328599506,6.2,7.0,3.0,3.8
svm_full,signo_zodiacal_acuario,111,0.5,0.51,0.5108669108669108,0.39999999999999997,0.4334006371427289,0.45199999999999996,0.5145069205819981,4.0,3.8,6.2,6.0
svm_full,signo_zodiacal_acuario,112,0.5,0.56,0.5542857142857143,0.7200000000000001,0.6198169549748497,0.5519999999999999,0.5925172033848505,7.2,6.0,4.0,2.8
svm_full,signo_zodiacal_acuario,113,0.5,0.45,0.44793650793650797,0.43999999999999995,0.4245438596491228,0.418,0.534888900315371,4.4,5.4,4.6,5.6
svm_full,signo_zodiacal_acuario,114,0.5,0.47000000000000003,0.4666666666666666,0.48,0.46553773024361267,0.48,0.5424130679262257,4.8,5.4,4.6,5.2
svm_full,signo_zodiacal_acuario,115,0.5,0.47000000000000003,0.4596886446886447,0.45999999999999996,0.4446027280477408,0.53,0.5387769148636021,4.6,5.2,4.8,5.4
svm_full,signo_zodiacal_acuario,116,0.5,0.5900000000000001,0.593939393939394,0.6,0.5950558213716108,0.5960000000000001,0.649375346273953,6.0,4.2,5.8,4.0
svm_full,signo_zodiacal_acuario,117,0.5,0.51,0.5154761904761904,0.38,0.43316993464052284,0.504,0.5675176320927093,3.8,3.6,6.4,6.2
svm_full,signo_zodiacal_acuario,118,0.5,0.5700000000000001,0.62,0.41999999999999993,0.4879365079365079,0.514,0.5460548797607622,4.2,2.8,7.2,5.8
svm_full,signo_zodiacal_acuario,119,0.5,0.6100000000000001,0.5874358974358975,0.76,0.6615968379446641,0.604,0.6050993326419023,7.6,5.4,4.6,2.4
svm_full,signo_zodiacal_acuario,120,0.5,0.36,0.3022222222222222,0.3,0.3000956937799043,0.33,0.4435018141473249,3.0,5.8,4.2,7.0
svm_full,signo_zodiacal_acuario,121,0.5,0.5,0.530952380952381,0.36,0.4207676052877291,0.502,0.5557821072116738,3.6,3.6,6.4,6.4
svm_full,signo_zodiacal_acuario,122,0.5,0.49000000000000005,0.49451447245564895,0.5,0.48456599013874546,0.6,0.6890344455166436,5.0,5.2,4.8,5.0
svm_full,signo_zodiacal_acuario,123,0.5,0.45,0.4110317460317461,0.32,0.3579360165118679,0.426,0.5106203986072406,3.2,4.2,5.8,6.8
svm_full,signo_zodiacal_acuario,124,0.5,0.58,0.5820451770451771,0.5,0.5264850959453194,0.601,0.6357807068232766,5.0,3.4,6.6,5.0
svm_full,signo_zodiacal_acuario,125,0.5,0.38,0.3769505494505494,0.44000000000000006,0.399098957308676,0.34199999999999997,0.48328384833260996,4.4,6.8,3.2,5.6
svm_full,signo_zodiacal_acuario,126,0.5,0.5,0.483021978021978,0.6000000000000001,0.5254488818938947,0.4640000000000001,0.5534366758972021,6.0,6.0,4.0,4.0
svm_full,signo_zodiacal_acuario,127,0.5,0.51,0.5013888888888889,0.5999999999999999,0.5369878542510121,0.502,0.5536724839487996,6.0,5.8,4.2,4.0
svm_full,signo_zodiacal_acuario,128,0.5,0.56,0.5449675324675325,0.72,0.6170329670329671,0.5159999999999999,0.5667068121936543,7.2,6.0,4.0,2.8
svm_full,signo_zodiacal_acuario,129,0.5,0.42000000000000004,0.42465034965034965,0.33999999999999997,0.3631469979296066,0.354,0.4508144367672231,3.4,5.0,5.0,6.6
svm_full,signo_zodiacal_acuario,130,0.5,0.39,0.36216117216117216,0.4800000000000001,0.4060073010252038,0.284,0.4374218781734262,4.8,7.0,3.0,5.2
svm_full,signo_zodiacal_acuario,131,0.5,0.51,0.5255555555555556,0.64,0.5647099567099567,0.4720000000000001,0.5239747213570742,6.4,6.2,3.8,3.6
svm_full,signo_zodiacal_acuario,132,0.5,0.42000000000000004,0.4360683760683761,0.54,0.4792144788849594,0.35200000000000004,0.4421276984968935,5.4,7.0,3.0,4.6
svm_full,signo_zodiacal_acuario,133,0.5,0.62,0.6262537462537463,0.64,0.6253172573377177,0.628,0.6543881037263389,6.4,4.0,6.0,3.6
svm_full,signo_zodiacal_acuario,134,0.5,0.5900000000000001,0.5711538461538461,0.64,0.5985160529782955,0.586,0.6245154263521137,6.4,4.6,5.4,3.6
svm_full,signo_zodiacal_acuario,135,0.5,0.5599999999999999,0.6090909090909091,0.45999999999999996,0.48881118881118885,0.5119999999999999,0.5992735407866986,4.6,3.4,6.6,5.4
svm_full,signo_zodiacal_acuario,136,0.5,0.41000000000000003,0.4046464646464646,0.38,0.38455684666210976,0.358,0.4817158521732825,3.8,5.6,4.4,6.2
svm_full,signo_zodiacal_acuario,137,0.5,0.4800000000000001,0.4709401709401709,0.58,0.5156887871853547,0.49000000000000005,0.5598905626537205,5.8,6.2,3.8,4.2
svm_full,signo_zodiacal_acuario,138,0.5,0.5700000000000001,0.5607226107226106,0.6399999999999999,0.5966309053265574,0.6119999999999999,0.6598085682807044,6.4,5.0,5.0,3.6
svm_full,signo_zodiacal_acuario,139,0.5,0.6,0.6213275613275613,0.6,0.5997094697528134,0.514,0.5873840249018267,6.0,4.0,6.0,4.0
svm_full,signo_zodiacal_acuario,140,0.5,0.53,0.5198290598290598,0.74,0.6074263128176172,0.466,0.49940319707811964,7.4,6.8,3.2,2.6
svm_full,signo_zodiacal_acuario,141,0.5,0.54,0.5469108669108669,0.48,0.4991465876968636,0.534,0.5932955182072829,4.8,4.0,6.0,5.2
svm_full,signo_zodiacal_acuario,142,0.5,0.5399999999999999,0.5583333333333333,0.4600000000000001,0.5005847953216375,0.5700000000000001,0.5999916564343809,4.6,3.8,6.2,5.4
svm_full,signo_zodiacal_acuario,143,0.5,0.44000000000000006,0.4549567099567099,0.52,0.4783492063492064,0.442,0.5384399334755372,5.2,6.4,3.6,4.8
svm_full,signo_zodiacal_acuario,144,0.5,0.5199999999999999,0.5317460317460319,0.54,0.5240798073615411,0.5439999999999999,0.612063492063492,5.4,5.0,5.0,4.6
svm_full,signo_zodiacal_acuario,145,0.5,0.47000000000000003,0.44833333333333336,0.4,0.41434343434343435,0.44799999999999995,0.518480352980353,4.0,4.6,5.4,6.0
svm_full,signo_zodiacal_acuario,146,0.5,0.58,0.6533333333333333,0.45999999999999996,0.5136234817813765,0.6340000000000001,0.6558699253962412,4.6,3.0,7.0,5.4
svm_full,signo_zodiacal_acuario,147,0.5,0.5200000000000001,0.5392857142857143,0.5,0.5084373143196673,0.52,0.5736088992706639,5.0,4.6,5.4,5.0
svm_full,signo_zodiacal_acuario,148,0.5,0.47000000000000003,0.46944444444444444,0.45999999999999996,0.46283891547049444,0.4600000000000001,0.5870406205421685,4.6,5.2,4.8,5.4
svm_full,signo_zodiacal_acuario,149,0.5,0.44000000000000006,0.4338383838383838,0.44000000000000006,0.43542188805346704,0.4539999999999999,0.5456413022821691,4.4,5.6,4.4,5.6
svm_full,signo_zodiacal_acuario,150,0.5,0.51,0.49608974358974356,0.7,0.5774180602006689,0.4720000000000001,0.5109414098972922,7.0,6.8,3.2,3.0
svm_full,signo_zodiacal_acuario,151,0.5,0.6,0.5924242424242424,0.6799999999999999,0.6299954431533379,0.584,0.6368722551957846,6.8,4.8,5.2,3.2
svm_full,signo_zodiacal_acuario,152,0.5,0.5199999999999999,0.523986013986014,0.5399999999999999,0.5216412572934312,0.492,0.5699744695449029,5.4,5.0,5.0,4.6
svm_full,signo_zodiacal_acuario,153,0.5,0.57,0.5721367521367521,0.6,0.5824089868941128,0.6199999999999999,0.6612446889196114,6.0,4.6,5.4,4.0
svm_full,signo_zodiacal_acuario,154,0.5,0.4600000000000001,0.4206060606060606,0.33999999999999997,0.36666666666666664,0.47800000000000004,0.5089854116471764,3.4,4.2,5.8,6.6
svm_full,signo_zodiacal_acuario,155,0.5,0.55,0.5409090909090909,0.7,0.6056277056277056,0.528,0.5645617782630167,7.0,6.0,4.0,3.0
svm_full,signo_zodiacal_acuario,156,0.5,0.51,0.5063913863913865,0.5800000000000001,0.5371297809741745,0.47400000000000003,0.5588318625818626,5.8,5.6,4.4,4.2
svm_full,signo_zodiacal_acuario,157,0.5,0.4,0.41829004329004327,0.48,0.4419047619047619,0.471,0.5430345755036157,4.8,6.8,3.2,5.2
svm_full,signo_zodiacal_acuario,158,0.5,0.33999999999999997,0.3505982905982906,0.42000000000000004,0.3803661327231121,0.35600000000000004,0.49720577118100334,4.2,7.4,2.6,5.8
svm_full,signo_zodiacal_acuario,159,0.5,0.52,0.5076190476190476,0.64,0.5645454545454546,0.534,0.6359515098764323,6.4,6.0,4.0,3.6
svm_full,signo_zodiacal_acuario,160,0.5,0.43000000000000005,0.45202797202797207,0.5599999999999999,0.4984844720496893,0.42400000000000004,0.5227624253111869,5.6,7.0,3.0,4.4
svm_full,signo_zodiacal_acuario,161,0.5,0.43000000000000005,0.3972222222222222,0.4600000000000001,0.4135395306447938,0.404,0.4652080953961759,4.6,6.0,4.0,5.4
svm_full,signo_zodiacal_acuario,162,0.5,0.43000000000000005,0.4417748917748917,0.38,0.4008456971305268,0.358,0.4807860130066013,3.8,5.2,4.8,6.2
svm_full,signo_zodiacal_acuario,163,0.5,0.47000000000000003,0.46590909090909094,0.42000000000000004,0.4402673350041771,0.462,0.5399041422114178,4.2,4.8,5.2,5.8
svm_full,signo_zodiacal_acuario,164,0.5,0.51,0.513525641025641,0.6599999999999999,0.5663183159551446,0.542,0.58183061322922,6.6,6.4,3.6,3.4
svm_full,signo_zodiacal_acuario,165,0.5,0.49000000000000005,0.48227272727272724,0.45999999999999996,0.4688888888888889,0.49000000000000005,0.5419133721455702,4.6,4.8,5.2,5.4
svm_full,signo_zodiacal_acuario,166,0.5,0.48,0.4601587301587301,0.42000000000000004,0.4331241204615818,0.49399999999999994,0.5327927693221811,4.2,4.6,5.4,5.8
svm_full,signo_zodiacal_acuario,167,0.5,0.5700000000000001,0.5601190476190476,0.74,0.6302784934363881,0.592,0.6194800369049595,7.4,6.0,4.0,2.6
svm_full,signo_zodiacal_acuario,168,0.5,0.55,0.5504578754578755,0.64,0.5866051822573561,0.5660000000000001,0.6054617871808274,6.4,5.4,4.6,3.6
svm_full,signo_zodiacal_acuario,169,0.5,0.54,0.5571428571428572,0.38,0.448374613003096,0.526,0.638625645424407,3.8,3.0,7.0,6.2
svm_full,signo_zodiacal_acuario,170,0.5,0.39999999999999997,0.40116550116550115,0.44000000000000006,0.41760131554181895,0.38,0.5046805694305694,4.4,6.4,3.6,5.6
svm_full,signo_zodiacal_acuario,171,0.5,0.52,0.5195804195804196,0.58,0.5357580824972129,0.49399999999999994,0.556175602776996,5.8,5.4,4.6,4.2
svm_full,signo_zodiacal_acuario,172,0.5,0.45999999999999996,0.4552380952380952,0.5999999999999999,0.516060606060606,0.42000000000000004,0.4945473872532696,6.0,6.8,3.2,4.0
svm_full,signo_zodiacal_acuario,173,0.5,0.5700000000000001,0.5606060606060606,0.64,0.5907536907536908,0.5959999999999999,0.6441431073226738,6.4,5.0,5.0,3.6
svm_full,signo_zodiacal_acuario,174,0.5,0.49000000000000005,0.4892857142857142,0.31999999999999995,0.3818160597572362,0.48200000000000004,0.5746538728729131,3.2,3.4,6.6,6.8
svm_full,signo_zodiacal_acuario,175,0.5,0.6,0.5995454545454545,0.5799999999999998,0.5866666666666667,0.592,0.6172901989651215,5.8,3.8,6.2,4.2
svm_full,signo_zodiacal_acuario,176,0.5,0.41000000000000003,0.3757326007326007,0.32,0.3314512427044396,0.372,0.49914244398532326,3.2,5.0,5.0,6.8
svm_full,signo_zodiacal_acuario,177,0.5,0.56,0.5589826839826839,0.5199999999999999,0.5347191508182221,0.6040000000000001,0.6652354769413592,5.2,4.0,6.0,4.8
svm_full,signo_zodiacal_acuario,178,0.5,0.44000000000000006,0.4444444444444445,0.45999999999999996,0.4467038809144072,0.37,0.46174750559038474,4.6,5.8,4.2,5.4
svm_full,signo_zodiacal_acuario,179,0.5,0.44000000000000006,0.44898989898989894,0.4,0.4180209882996261,0.398,0.5344253555182348,4.0,5.2,4.8,6.0
svm_full,signo_zodiacal_acuario,180,0.5,0.48999999999999994,0.48409090909090907,0.44000000000000006,0.45519480519480515,0.466,0.5314433340137674,4.4,4.6,5.4,5.6
svm_full,signo_zodiacal_acuario,181,0.5,0.55,0.595,0.41999999999999993,0.4768253968253968,0.544,0.6147882209809453,4.2,3.2,6.8,5.8
svm_full,signo_zodiacal_acuario,182,0.5,0.4800000000000001,0.4666666666666666,0.38,0.39285714285714285,0.49399999999999994,0.5718987587060342,3.8,4.2,5.8,6.2
svm_full,signo_zodiacal_acuario,183,0.5,0.45,0.44214285714285717,0.44000000000000006,0.4348366013071896,0.42800000000000005,0.5156911684806421,4.4,5.4,4.6,5.6
svm_full,signo_zodiacal_acuario,184,0.5,0.43000000000000005,0.40181818181818185,0.44000000000000006,0.41380952380952374,0.462,0.5700600957350183,4.4,5.8,4.2,5.6
svm_full,signo_zodiacal_acuario,185,0.5,0.45,0.4625700280112045,0.68,0.548938098938099,0.454,0.5309686610259365,6.8,7.8,2.2,3.2
svm_full,signo_zodiacal_acuario,186,0.5,0.61,0.6607575757575757,0.5,0.5583792815371762,0.65,0.6298978876300858,5.0,2.8,7.2,5.0
svm_full,signo_zodiacal_acuario,187,0.5,0.4600000000000001,0.47480519480519473,0.58,0.5198095238095238,0.4840000000000001,0.5496750744955079,5.8,6.6,3.4,4.2
svm_full,signo_zodiacal_acuario,188,0.5,0.41,0.39809523809523806,0.4,0.38422222222222224,0.41600000000000004,0.5569027029042509,4.0,5.8,4.2,6.0
svm_full,signo_zodiacal_acuario,189,0.5,0.52,0.5088888888888888,0.44000000000000006,0.46643274853801164,0.526,0.6098971138940179,4.4,4.0,6.0,5.6
svm_full,signo_zodiacal_acuario,190,0.5,0.43000000000000005,0.39678321678321676,0.42000000000000004,0.4026915113871635,0.378,0.47790859347051295,4.2,5.6,4.4,5.8
svm_full,signo_zodiacal_acuario,191,0.5,0.5399999999999999,0.551111111111111,0.54,0.5393808049535603,0.608,0.6001017207766435,5.4,4.6,5.4,4.6
svm_full,signo_zodiacal_acuario,192,0.5,0.51,0.5390909090909091,0.4800000000000001,0.47807692307692307,0.5359999999999999,0.6159091098959519,4.8,4.6,5.4,5.2
svm_full,signo_zodiacal_acuario,193,0.5,0.54,0.5349650349650349,0.7,0.604163372859025,0.554,0.5928664184972234,7.0,6.2,3.8,3.0
svm_full,signo_zodiacal_acuario,194,0.5,0.51,0.47575757575757577,0.38,0.41507936507936505,0.45599999999999996,0.5379319949056791,3.8,3.6,6.4,6.2
svm_full,signo_zodiacal_acuario,195,0.5,0.49000000000000005,0.4907575757575757,0.58,0.524952380952381,0.534,0.6262563896371944,5.8,6.0,4.0,4.2
svm_full,signo_zodiacal_acuario,196,0.5,0.52,0.5150335775335776,0.66,0.5742480250489403,0.524,0.5566648727089903,6.6,6.2,3.8,3.4
svm_full,signo_zodiacal_acuario,197,0.5,0.5700000000000001,0.5621800421800421,0.64,0.594621335948567,0.6139999999999999,0.6669610091490895,6.4,5.0,5.0,3.6
svm_full,signo_zodiacal_acuario,198,0.5,0.51,0.5313131313131312,0.42000000000000004,0.45849624060150374,0.49000000000000005,0.5641354581091423,4.2,4.0,6.0,5.8
svm_full,signo_zodiacal_acuario,199,0.5,0.51,0.4933333333333333,0.32,0.38298245614035087,0.4640000000000001,0.5240509125377546,3.2,3.0,7.0,6.8
svm_full,signo_zodiacal_acuario,200,0.5,0.55,0.5533333333333333,0.5599999999999999,0.544069264069264,0.5519999999999999,0.6112701273614587,5.6,4.6,5.4,4.4
svm_full,signo_zodiacal_acuario,201,0.5,0.49000000000000005,0.4904977375565611,0.64,0.5515527950310559,0.43600000000000005,0.49813678804855266,6.4,6.6,3.4,3.6
svm_full,signo_zodiacal_acuario,202,0.5,0.38999999999999996,0.3538095238095238,0.27999999999999997,0.3103921568627451,0.364,0.4580424122660965,2.8,5.0,5.0,7.2
svm_full,signo_zodiacal_acuario,203,0.5,0.43,0.4366666666666667,0.44000000000000006,0.420051948051948,0.41000000000000003,0.5227168766905608,4.4,5.8,4.2,5.6
svm_full,signo_zodiacal_acuario,204,0.5,0.45999999999999996,0.4583333333333333,0.38,0.4116161616161616,0.4,0.49445909585770265,3.8,4.6,5.4,6.2
svm_full,signo_zodiacal_acuario,205,0.5,0.5,0.4955555555555556,0.64,0.5549641495041954,0.56,0.6106196746150306,6.4,6.4,3.6,3.6
svm_full,signo_zodiacal_acuario,206,0.5,0.4800000000000001,0.4765811965811966,0.6,0.515115753811406,0.47300000000000003,0.5485733904897991,6.0,6.4,3.6,4.0
svm_full,signo_zodiacal_acuario,207,0.5,0.48,0.4766233766233766,0.42000000000000004,0.44082633053221293,0.41999999999999993,0.535154577448695,4.2,4.6,5.4,5.8
svm_full,signo_zodiacal_acuario,208,0.5,0.56,0.5339194139194139,0.5,0.4962404092071611,0.6140000000000001,0.6315951064759113,5.0,3.8,6.2,5.0
svm_full,signo_zodiacal_acuario,209,0.5,0.44000000000000006,0.4248701298701299,0.36,0.38491596638655456,0.426,0.5013352501471696,3.6,4.8,5.2,6.4
svm_full,signo_zodiacal_acuario,210,0.5,0.54,0.5292099567099567,0.7399999999999999,0.6147472527472527,0.534,0.6035026064406869,7.4,6.6,3.4,2.6
svm_full,signo_zodiacal_acuario,211,0.5,0.55,0.5382595182595182,0.58,0.5559703606843195,0.5479999999999999,0.5691795961176767,5.8,4.8,5.2,4.2
svm_full,signo_zodiacal_acuario,212,0.5,0.5700000000000001,0.5501831501831502,0.74,0.6300922266139657,0.5900000000000001,0.652017610442533,7.4,6.0,4.0,2.6
svm_full,signo_zodiacal_acuario,213,0.5,0.5599999999999999,0.6,0.44000000000000006,0.49682539682539684,0.538,0.5830988178488179,4.4,3.2,6.8,5.6
svm_full,signo_zodiacal_acuario,214,0.5,0.5700000000000001,0.5656565656565656,0.5599999999999999,0.5608187134502923,0.614,0.6573742085228153,5.6,4.2,5.8,4.4
svm_full,signo_zodiacal_acuario,215,0.5,0.47000000000000003,0.47777777777777786,0.52,0.4961722488038277,0.49000000000000005,0.5585484705353126,5.2,5.8,4.2,4.8
svm_full,signo_zodiacal_acuario,216,0.5,0.54,0.5334498834498835,0.66,0.5893845285149634,0.562,0.6264161671661672,6.6,5.8,4.2,3.4
svm_full,signo_zodiacal_acuario,217,0.5,0.44000000000000006,0.44106782106782105,0.45999999999999996,0.4430894884269498,0.384,0.4878905267419199,4.6,5.8,4.2,5.4
svm_full,signo_zodiacal_acuario,218,0.5,0.47000000000000003,0.45777777777777773,0.42000000000000004,0.43084529505582136,0.43600000000000005,0.4833399188530767,4.2,4.8,5.2,5.8
svm_full,signo_zodiacal_acuario,219,0.5,0.58,0.5735714285714286,0.6599999999999999,0.6068686868686869,0.6140000000000001,0.6494098456582977,6.6,5.0,5.0,3.4
svm_full,signo_zodiacal_acuario,220,0.5,0.5900000000000001,0.573076923076923,0.6799999999999999,0.6209486166007905,0.6300000000000001,0.6677218404230788,6.8,5.0,5.0,3.2
svm_full,signo_zodiacal_acuario,221,0.5,0.6,0.6277056277056277,0.54,0.5725342768686421,0.6300000000000001,0.7069739227061207,5.4,3.4,6.6,4.6
svm_full,signo_zodiacal_acuario,222,0.5,0.51,0.4787878787878787,0.38,0.4101969667759141,0.518,0.5557948979125449,3.8,3.6,6.4,6.2
svm_full,signo_zodiacal_acuario,223,0.5,0.59,0.6077922077922078,0.6,0.5943510737628384,0.5820000000000001,0.6063198713051655,6.0,4.2,5.8,4.0
svm_full,signo_zodiacal_acuario,224,0.5,0.53,0.5201923076923076,0.6599999999999999,0.5768673355629877,0.512,0.5545177857058662,6.6,6.0,4.0,3.4
svm_full,signo_zodiacal_acuario,225,0.5,0.4699999999999999,0.4536075036075037,0.4800000000000001,0.46287108144693284,0.5119999999999999,0.5957322472848788,4.8,5.4,4.6,5.2
svm_full,signo_zodiacal_acuario,226,0.5,0.48,0.4828438228438229,0.5799999999999998,0.524215320910973,0.496,0.5601566637696669,5.8,6.2,3.8,4.2
svm_full,signo_zodiacal_acuario,227,0.5,0.45999999999999996,0.46833333333333327,0.5,0.47807336523125993,0.462,0.5625121545121544,5.0,5.8,4.2,5.0
svm_full,signo_zodiacal_acuario,228,0.5,0.45999999999999996,0.4485137085137085,0.36,0.39560862941667896,0.4680000000000001,0.5606327911854228,3.6,4.4,5.6,6.4
svm_full,signo_zodiacal_acuario,229,0.5,0.56,0.5586446886446887,0.58,0.5631295047663334,0.592,0.6761695218266425,5.8,4.6,5.4,4.2
svm_full,signo_zodiacal_acuario,230,0.5,0.41,0.4241558441558442,0.52,0.46561076604554863,0.42400000000000004,0.5294131085632634,5.2,7.0,3.0,4.8
svm_full,signo_zodiacal_acuario,231,0.5,0.51,0.5055555555555555,0.48,0.4898458266879319,0.512,0.5274118171130555,4.8,4.6,5.4,5.2
svm_full,signo_zodiacal_acuario,232,0.5,0.47000000000000003,0.4576190476190476,0.6199999999999999,0.5219456099456099,0.4979999999999999,0.5607516366502434,6.2,6.8,3.2,3.8
svm_full,signo_zodiacal_acuario,233,0.5,0.5900000000000001,0.5896969696969696,0.5599999999999999,0.5689348370927318,0.594,0.6090193411679479,5.6,3.8,6.2,4.4
svm_full,signo_zodiacal_acuario,234,0.5,0.47000000000000003,0.4776190476190476,0.44000000000000006,0.4545004221784407,0.46399999999999997,0.5573418803418804,4.4,5.0,5.0,5.6
svm_full,signo_zodiacal_acuario,235,0.5,0.45,0.43549783549783544,0.34,0.374593837535014,0.47000000000000003,0.5456682365621994,3.4,4.4,5.6,6.6
svm_full,signo_zodiacal_acuario,236,0.5,0.4600000000000001,0.4133333333333333,0.3,0.34155388471177944,0.43599999999999994,0.5253233166042763,3.0,3.8,6.2,7.0
svm_full,signo_zodiacal_acuario,237,0.5,0.55,0.5683333333333334,0.45999999999999996,0.48820512820512824,0.616,0.6305201089759913,4.6,3.6,6.4,5.4
svm_full,signo_zodiacal_acuario,238,0.5,0.55,0.5612637362637363,0.5,0.5210855356635408,0.53,0.5589871496752302,5.0,4.0,6.0,5.0
svm_full,signo_zodiacal_acuario,239,0.5,0.58,0.7066666666666667,0.4,0.47964912280701755,0.504,0.5701228930168558,4.0,2.4,7.6,6.0
svm_full,signo_zodiacal_acuario,240,0.5,0.53,0.5176948051948052,0.6799999999999999,0.5852147852147851,0.4720000000000001,0.49594256354240873,6.8,6.2,3.8,3.2
svm_full,signo_zodiacal_acuario,241,0.5,0.42000000000000004,0.3888888888888889,0.32,0.3486549707602339,0.368,0.48929203742593835,3.2,4.8,5.2,6.8
svm_full,signo_zodiacal_acuario,242,0.5,0.53,0.5256410256410257,0.62,0.5637545246515498,0.492,0.549266573725552,6.2,5.6,4.4,3.8
svm_full,signo_zodiacal_acuario,243,0.5,0.51,0.49782828282828284,0.5800000000000001,0.5288771929824561,0.5119999999999999,0.5593570328879927,5.8,5.6,4.4,4.2
svm_full,signo_zodiacal_acuario,244,0.5,0.35,0.3599206349206349,0.38,0.36687931951089847,0.32999999999999996,0.48725752601371797,3.8,6.8,3.2,6.2
svm_full,signo_zodiacal_acuario,245,0.5,0.5,0.4983838383838384,0.45999999999999996,0.46483025746183637,0.504,0.5700983146540421,4.6,4.6,5.4,5.4
svm_full,signo_zodiacal_acuario,246,0.5,0.53,0.5392857142857144,0.5,0.5147525676937441,0.48999999999999994,0.5743657115158662,5.0,4.4,5.6,5.0
svm_full,signo_zodiacal_acuario,247,0.5,0.54,0.5366666666666667,0.5399999999999999,0.5341414141414141,0.558,0.6283399923090325,5.4,4.6,5.4,4.6
svm_full,signo_zodiacal_acuario,248,0.5,0.54,0.545,0.44000000000000006,0.47714285714285715,0.5860000000000001,0.6279218836718836,4.4,3.6,6.4,5.6
svm_full,signo_zodiacal_acuario,249,0.5,0.67,0.6952164502164503,0.62,0.6509843235539831,0.63,0.6963985001926178,6.2,2.8,7.2,3.8
svm_full,signo_zodiacal_acuario,250,0.5,0.42000000000000004,0.37777777777777777,0.3,0.3303258145363408,0.38,0.48517770301593827,3.0,4.6,5.4,7.0
svm_full,signo_zodiacal_acuario,251,0.5,0.52,0.5333333333333333,0.54,0.5260869565217392,0.594,0.6547266334456736,5.4,5.0,5.0,4.6
svm_full,signo_zodiacal_acuario,252,0.5,0.39,0.4093226381461676,0.5,0.44604136604136596,0.396,0.4637802295743472,5.0,7.2,2.8,5.0
svm_full,signo_zodiacal_acuario,253,0.5,0.52,0.5350732600732601,0.4800000000000001,0.49434756774910227,0.484,0.6041684163789427,4.8,4.4,5.6,5.2
svm_full,signo_zodiacal_acuario,254,0.5,0.52,0.5266666666666666,0.72,0.6013927125506073,0.47000000000000003,0.5663249440617861,7.2,6.8,3.2,2.8
svm_full,signo_zodiacal_acuario,255,0.5,0.5,0.5017171717171717,0.5399999999999999,0.5185964912280702,0.512,0.5985066704021811,5.4,5.4,4.6,4.6
svm_full,signo_zodiacal_acuario,256,0.5,0.52,0.5338888888888889,0.5,0.5033216374269006,0.504,0.5534790950363706,5.0,4.6,5.4,5.0
svm_full,signo_zodiacal_acuario,257,0.5,0.48,0.477020202020202,0.38,0.41716791979949874,0.49400000000000005,0.5264758939890519,3.8,4.2,5.8,6.2
svm_full,signo_zodiacal_acuario,258,0.5,0.47000000000000003,0.4709090909090909,0.5,0.48432900432900433,0.506,0.591669910756598,5.0,5.6,4.4,5.0
svm_full,signo_zodiacal_acuario,259,0.5,0.45,0.4613553113553113,0.42000000000000004,0.42584515229016506,0.458,0.5615305521791589,4.2,5.2,4.8,5.8
svm_full,signo_zodiacal_acuario,260,0.5,0.55,0.5615079365079365,0.42000000000000004,0.47289793110226547,0.544,0.590721239544769,4.2,3.2,6.8,5.8
svm_full,signo_zodiacal_acuario,261,0.5,0.49000000000000005,0.49424242424242415,0.56,0.5204629756208703,0.5660000000000001,0.6161174627745835,5.6,5.8,4.2,4.4
svm_full,signo_zodiacal_acuario,262,0.5,0.5,0.5135930735930736,0.6599999999999999,0.5746666666666667,0.4600000000000001,0.5172795362532204,6.6,6.6,3.4,3.4
svm_full,signo_zodiacal_acuario,263,0.5,0.43000000000000005,0.4366666666666667,0.5199999999999999,0.4720000000000001,0.40199999999999997,0.4787999319222229,5.2,6.6,3.4,4.8
svm_full,signo_zodiacal_acuario,264,0.5,0.37,0.3416666666666667,0.3,0.31212121212121213,0.32399999999999995,0.45840091710834746,3.0,5.6,4.4,7.0
svm_full,signo_zodiacal_acuario,265,0.5,0.51,0.5224242424242423,0.52,0.510952380952381,0.49000000000000005,0.5654460261960261,5.2,5.0,5.0,4.8
svm_full,signo_zodiacal_acuario,266,0.5,0.4999999999999999,0.49966783216783217,0.6,0.5411084567606306,0.496,0.5517904116007831,6.0,6.0,4.0,4.0
svm_full,signo_zodiacal_acuario,267,0.5,0.5900000000000001,0.5706837606837606,0.7000000000000001,0.6254595381734969,0.6239999999999999,0.6632892189509836,7.0,5.2,4.8,3.0
svm_full,signo_zodiacal_acuario,268,0.5,0.4800000000000001,0.4699999999999999,0.42000000000000004,0.4362892078681552,0.4700000000000001,0.532800198769239,4.2,4.6,5.4,5.8
svm_full,signo_zodiacal_acuario,269,0.5,0.6,0.6404329004329005,0.5800000000000001,0.5922009435353088,0.5900000000000001,0.6778741623873202,5.8,3.8,6.2,4.2
svm_full,signo_zodiacal_acuario,270,0.5,0.4600000000000001,0.46042780748663104,0.5599999999999999,0.4995670995670996,0.47400000000000003,0.5446081516522693,5.6,6.4,3.6,4.4
svm_full,signo_zodiacal_acuario,271,0.5,0.41,0.4027272727272727,0.44000000000000006,0.41260073260073254,0.37,0.49405017780636973,4.4,6.2,3.8,5.6
svm_full,signo_zodiacal_acuario,272,0.5,0.4800000000000001,0.49142857142857144,0.4,0.42558823529411766,0.46399999999999997,0.5504178429929203,4.0,4.4,5.6,6.0
svm_full,signo_zodiacal_acuario,273,0.5,0.6299999999999999,0.7222222222222222,0.4,0.5009398496240601,0.5900000000000001,0.6594140848831251,4.0,1.4,8.6,6.0
svm_full,signo_zodiacal_acuario,274,0.5,0.5700000000000001,0.6090909090909091,0.48,0.5287593984962407,0.546,0.6142175443235816,4.8,3.4,6.6,5.2
svm_full,signo_zodiacal_acuario,275,0.5,0.55,0.537227478403949,0.58,0.5318610536001841,0.522,0.6017215829406232,5.8,4.8,5.2,4.2
svm_full,signo_zodiacal_acuario,276,0.5,0.4699999999999999,0.47972027972027975,0.54,0.507227555053642,0.508,0.6013004958577713,5.4,6.0,4.0,4.6
svm_full,signo_zodiacal_acuario,277,0.5,0.53,0.5288961038961039,0.52,0.5193616840675664,0.573,0.6313666143797722,5.2,4.6,5.4,4.8
svm_full,signo_zodiacal_acuario,278,0.5,0.45999999999999996,0.4277344877344877,0.44000000000000006,0.42408948842694966,0.4039999999999999,0.4577020130712081,4.4,5.2,4.8,5.6
svm_full,signo_zodiacal_acuario,279,0.5,0.42000000000000004,0.39999999999999997,0.3,0.34020467836257307,0.37800000000000006,0.48796155194994206,3.0,4.6,5.4,7.0
svm_full,signo_zodiacal_acuario,280,0.5,0.4800000000000001,0.4767832167832168,0.5599999999999999,0.5126915113871636,0.44800000000000006,0.5660382036264389,5.6,6.0,4.0,4.4
svm_full,signo_zodiacal_acuario,281,0.5,0.48,0.48119658119658115,0.42000000000000004,0.44215312364457604,0.504,0.5812232381481607,4.2,4.6,5.4,5.8
svm_full,signo_zodiacal_acuario,282,0.5,0.49000000000000005,0.4907070707070707,0.5,0.49468671679198,0.4880000000000001,0.5765318282508685,5.0,5.2,4.8,5.0
svm_full,signo_zodiacal_acuario,283,0.5,0.5199999999999999,0.4965079365079365,0.42000000000000004,0.45131062951496387,0.558,0.6036166888666887,4.2,3.8,6.2,5.8
svm_full,signo_zodiacal_acuario,284,0.5,0.55,0.5510281385281386,0.64,0.5761238761238762,0.5599999999999999,0.5883082605389106,6.4,5.4,4.6,3.6
svm_full,signo_zodiacal_acuario,285,0.5,0.41000000000000003,0.37257575757575756,0.3,0.32672932330827065,0.39,0.46078541006636975,3.0,4.8,5.2,7.0
svm_full,signo_zodiacal_acuario,286,0.5,0.59,0.6022222222222221,0.44000000000000006,0.502017543859649,0.6479999999999999,0.6605880312497959,4.4,2.6,7.4,5.6
svm_full,signo_zodiacal_acuario,287,0.5,0.4800000000000001,0.4822222222222223,0.45999999999999996,0.4628771929824561,0.4539999999999999,0.4900942837692064,4.6,5.0,5.0,5.4
svm_full,signo_zodiacal_acuario,288,0.5,0.55,0.5357575757575758,0.72,0.6123726708074535,0.532,0.5796410801101203,7.2,6.2,3.8,2.8
svm_full,signo_zodiacal_acuario,289,0.5,0.6300000000000001,0.669047619047619,0.5,0.5699432404540763,0.6459999999999999,0.6597807551925199,5.0,2.4,7.6,5.0
svm_full,signo_zodiacal_acuario,290,0.5,0.5700000000000001,0.6190476190476191,0.45999999999999996,0.5191262469900242,0.633,0.6799756534315357,4.6,3.2,6.8,5.4
svm_full,signo_zodiacal_acuario,291,0.5,0.45,0.43000000000000005,0.41999999999999993,0.4204306220095694,0.42799999999999994,0.49520851001423755,4.2,5.2,4.8,5.8
svm_full,signo_zodiacal_acuario,292,0.5,0.36,0.39404761904761904,0.5,0.4354655870445344,0.306,0.4439467236409961,5.0,7.8,2.2,5.0
svm_full,signo_zodiacal_acuario,293,0.5,0.5,0.5083333333333334,0.6,0.5420202020202021,0.522,0.5622418585886079,6.0,6.0,4.0,4.0
svm_full,signo_zodiacal_acuario,294,0.5,0.42000000000000004,0.4341991341991342,0.52,0.4641413488472311,0.40800000000000003,0.5340707287208836,5.2,6.8,3.2,4.8
svm_full,signo_zodiacal_acuario,295,0.5,0.59,0.6061904761904762,0.5800000000000001,0.5885561497326204,0.604,0.6502296288163161,5.8,4.0,6.0,4.2
svm_full,signo_zodiacal_acuario,296,0.5,0.5000000000000001,0.5007770007770007,0.5599999999999999,0.5262395118230359,0.492,0.5270010616318667,5.6,5.6,4.4,4.4
svm_full,signo_zodiacal_acuario,297,0.5,0.5,0.4964835164835165,0.62,0.5499604743083004,0.492,0.5544158625172556,6.2,6.2,3.8,3.8
svm_full,signo_zodiacal_acuario,298,0.5,0.53,0.5916666666666667,0.48,0.5067365383154857,0.562,0.6954334570658098,4.8,4.2,5.8,5.2
svm_full,signo_zodiacal_acuario,299,0.5,0.61,0.6933333333333332,0.5,0.5424561403508772,0.624,0.6654872617063019,5.0,2.8,7.2,5.0
svm_full,signo_zodiacal_acuario,300,0.5,0.51,0.5157875457875457,0.5199999999999999,0.4996000930016275,0.546,0.5846026348952045,5.2,5.0,5.0,4.8
svm_full,signo_zodiacal_acuario,301,0.5,0.6399999999999999,0.6659523809523809,0.54,0.5915445476436189,0.7380000000000001,0.7623498609233902,5.4,2.6,7.4,4.6
svm_full,signo_zodiacal_acuario,302,0.5,0.4600000000000001,0.469047619047619,0.6,0.5197979797979798,0.48,0.5535133189823592,6.0,6.8,3.2,4.0
svm_full,signo_zodiacal_acuario,303,0.5,0.48,0.5099025974025974,0.54,0.5102600014364721,0.446,0.5185056799925221,5.4,5.8,4.2,4.6
svm_full,signo_zodiacal_acuario,304,0.5,0.64,0.6525252525252525,0.58,0.6082706766917293,0.692,0.7451869041691024,5.8,3.0,7.0,4.2
svm_full,signo_zodiacal_acuario,305,0.5,0.49000000000000005,0.4253968253968254,0.34,0.3771585827313381,0.529,0.5224924324041971,3.4,3.6,6.4,6.6
svm_full,signo_zodiacal_acuario,306,0.5,0.6100000000000001,0.5840909090909091,0.54,0.546118209276104,0.626,0.6586849616671597,5.4,3.2,6.8,4.6
svm_full,signo_zodiacal_acuario,307,0.5,0.47000000000000003,0.4453968253968254,0.52,0.47148538011695906,0.404,0.48364655872163614,5.2,5.8,4.2,4.8
svm_full,signo_zodiacal_acuario,308,0.5,0.44000000000000006,0.40670995670995663,0.34,0.3667366946778712,0.41,0.509345433977787,3.4,4.6,5.4,6.6
svm_full,signo_zodiacal_acuario,309,0.5,0.48,0.47348484848484845,0.54,0.5010822510822511,0.43,0.47915027456203924,5.4,5.8,4.2,4.6
svm_full,signo_zodiacal_acuario,310,0.5,0.45,0.42000000000000004,0.4,0.405231259968102,0.40599999999999997,0.4896766393221501,4.0,5.0,5.0,6.0
svm_full,signo_zodiacal_acuario,311,0.5,0.43,0.40253968253968253,0.36,0.3691062951496388,0.352,0.46409608451404116,3.6,5.0,5.0,6.4
svm_full,signo_zodiacal_acuario,312,0.5,0.5,0.5973809523809523,0.30000000000000004,0.36122087750570725,0.602,0.659389071712601,3.0,3.0,7.0,7.0
svm_full,signo_zodiacal_acuario,313,0.5,0.49000000000000005,0.48452991452991456,0.62,0.5401341099785035,0.442,0.5375024491332541,6.2,6.4,3.6,3.8
svm_full,signo_zodiacal_acuario,314,0.5,0.55,0.5570995670995671,0.62,0.577248790425261,0.56,0.5910398665661825,6.2,5.2,4.8,3.8
svm_full,signo_zodiacal_acuario,315,0.5,0.42000000000000004,0.4505594405594405,0.4,0.409496204278813,0.386,0.519204225942616,4.0,5.6,4.4,6.0
svm_full,signo_zodiacal_acuario,316,0.5,0.5,0.4994949494949495,0.6199999999999999,0.5484529505582137,0.46799999999999997,0.4938624410505216,6.2,6.2,3.8,3.8
svm_full,signo_zodiacal_acuario,317,0.5,0.6,0.5967171717171718,0.5599999999999999,0.5701621477937268,0.6379999999999999,0.6555554582156748,5.6,3.6,6.4,4.4
svm_full,signo_zodiacal_acuario,318,0.5,0.51,0.5070707070707071,0.4800000000000001,0.4905597326649958,0.516,0.5760397288470044,4.8,4.6,5.4,5.2
svm_full,signo_zodiacal_acuario,319,0.5,0.45999999999999996,0.4523809523809524,0.45999999999999996,0.4523608486456784,0.466,0.5878551807669454,4.6,5.4,4.6,5.4
svm_full,signo_zodiacal_acuario,320,0.5,0.44000000000000006,0.4083333333333333,0.32,0.356140350877193,0.487,0.5335129402760981,3.2,4.4,5.6,6.8
svm_full,signo_zodiacal_acuario,321,0.5,0.45,0.4639360639360639,0.5199999999999999,0.48302222074600587,0.46799999999999997,0.5533430642285131,5.2,6.2,3.8,4.8
svm_full,signo_zodiacal_acuario,322,0.5,0.48,0.487012987012987,0.45999999999999996,0.4688727165507351,0.466,0.5516969133377801,4.6,5.0,5.0,5.4
svm_full,signo_zodiacal_acuario,323,0.5,0.48999999999999994,0.48897435897435904,0.5,0.4839969488939741,0.5280000000000001,0.5974632604237866,5.0,5.2,4.8,5.0
svm_full,signo_zodiacal_acuario,324,0.5,0.5599999999999999,0.6586013986013987,0.45999999999999996,0.4733408620365143,0.541,0.626806387626821,4.6,3.4,6.6,5.4
svm_full,signo_zodiacal_acuario,325,0.5,0.5700000000000001,0.5726695526695527,0.58,0.5610207336523125,0.58,0.645302116184469,5.8,4.4,5.6,4.2
svm_full,signo_zodiacal_acuario,326,0.5,0.51,0.526073926073926,0.44000000000000006,0.46723298014858117,0.534,0.5992591020091019,4.4,4.2,5.8,5.6
svm_full,signo_zodiacal_acuario,327,0.5,0.45,0.4647619047619048,0.6199999999999999,0.5301818181818182,0.49000000000000005,0.577845950403226,6.2,7.2,2.8,3.8
svm_full,signo_zodiacal_acuario,328,0.5,0.44000000000000006,0.3515262515262515,0.32,0.3306441722379264,0.4880000000000001,0.523480314834804,3.2,4.4,5.6,6.8
svm_full,signo_zodiacal_acuario,329,0.5,0.56,0.5616666666666668,0.5,0.5230897207367795,0.5660000000000001,0.6069613327848622,5.0,3.8,6.2,5.0
svm_full,signo_zodiacal_acuario,330,0.5,0.5000000000000001,0.4912698412698413,0.52,0.5002533070644526,0.44600000000000006,0.5227405943729473,5.2,5.2,4.8,4.8
svm_full,signo_zodiacal_acuario,331,0.5,0.48,0.4743278943278943,0.5599999999999999,0.49744306418219464,0.4720000000000001,0.5388917297872406,5.6,6.0,4.0,4.4
svm_full,signo_zodiacal_acuario,332,0.5,0.55,0.566025641025641,0.45999999999999996,0.4975561238988349,0.5439999999999999,0.6098691682414592,4.6,3.6,6.4,5.4
svm_full,signo_zodiacal_acuario,333,0.5,0.52,0.5085897435897436,0.76,0.6085462653288741,0.49000000000000005,0.5523391531069549,7.6,7.2,2.8,2.4
svm_full,signo_zodiacal_acuario,334,0.5,0.55,0.563059163059163,0.42000000000000004,0.4693387881468377,0.514,0.5835486462282128,4.2,3.2,6.8,5.8
svm_full,signo_zodiacal_acuario,335,0.5,0.43000000000000005,0.4348051948051948,0.48,0.4542857142857143,0.394,0.4748514643251486,4.8,6.2,3.8,5.2
svm_full,signo_zodiacal_acuario,336,0.5,0.45,0.4133333333333333,0.3,0.3422222222222222,0.39799999999999996,0.5046401597198811,3.0,4.0,6.0,7.0
svm_full,signo_zodiacal_acuario,337,0.5,0.48,0.4786796536796537,0.48,0.47333842627960276,0.47000000000000003,0.580510583585661,4.8,5.2,4.8,5.2
svm_full,signo_zodiacal_acuario,338,0.5,0.6,0.5956060606060606,0.6599999999999999,0.6197171717171717,0.6020000000000001,0.6350019506637153,6.6,4.6,5.4,3.4
svm_full,signo_zodiacal_acuario,339,0.5,0.5799999999999998,0.5856565656565657,0.58,0.5793757120072909,0.5860000000000001,0.6131358543417367,5.8,4.2,5.8,4.2
svm_full,signo_zodiacal_acuario,340,0.5,0.45,0.44833333333333336,0.54,0.48442424242424237,0.434,0.48765229318325287,5.4,6.4,3.6,4.6
svm_full,signo_zodiacal_acuario,341,0.5,0.54,0.5722222222222222,0.5199999999999999,0.5223275580254985,0.508,0.5684036235522303,5.2,4.4,5.6,4.8
svm_full,signo_zodiacal_acuario,342,0.5,0.5000000000000001,0.5056721056721056,0.5399999999999999,0.5143530180951099,0.53,0.6236443479121496,5.4,5.4,4.6,4.6
svm_full,signo_zodiacal_acuario,343,0.5,0.47000000000000003,0.4732045732045732,0.6,0.5242646750655904,0.41000000000000003,0.4882787396641886,6.0,6.6,3.4,4.0
svm_full,signo_zodiacal_acuario,344,0.5,0.6,0.5738095238095238,0.72,0.6367965367965367,0.666,0.7202425695219812,7.2,5.2,4.8,2.8
svm_full,signo_zodiacal_acuario,345,0.5,0.48,0.478021978021978,0.6000000000000001,0.5240999409797364,0.504,0.5688879812997459,6.0,6.4,3.6,4.0
svm_full,signo_zodiacal_acuario,346,0.5,0.5199999999999999,0.5313936063936063,0.6,0.5586078173034694,0.512,0.5837974325296307,6.0,5.6,4.4,4.0
svm_full,signo_zodiacal_acuario,347,0.5,0.4699999999999999,0.46833333333333327,0.5599999999999999,0.5047878787878789,0.45199999999999996,0.5472198824567245,5.6,6.2,3.8,4.4
svm_full,signo_zodiacal_acuario,348,0.5,0.5700000000000001,0.5588034188034188,0.72,0.623533756860988,0.532,0.5326131957997283,7.2,5.8,4.2,2.8
svm_full,signo_zodiacal_acuario,349,0.5,0.5,0.5040476190476191,0.45999999999999996,0.4714771241830066,0.48999999999999994,0.5468814616755793,4.6,4.6,5.4,5.4
svm_full,signo_zodiacal_acuario,350,0.5,0.39999999999999997,0.4004545454545455,0.4,0.39904761904761904,0.42400000000000004,0.5518432417255946,4.0,6.0,4.0,6.0
svm_full,signo_zodiacal_acuario,351,0.5,0.57,0.5549242424242424,0.64,0.5870906870906871,0.5519999999999999,0.5834727957800713,6.4,5.0,5.0,3.6
svm_full,signo_zodiacal_acuario,352,0.5,0.6300000000000001,0.6227428127428128,0.6799999999999999,0.64760834893558,0.6559999999999999,0.6777241169563151,6.8,4.2,5.8,3.2
svm_full,signo_zodiacal_acuario,353,0.5,0.47000000000000003,0.4634066913478678,0.5799999999999998,0.5087312043833783,0.4640000000000001,0.5584642877762073,5.8,6.4,3.6,4.2
svm_full,signo_zodiacal_acuario,354,0.5,0.36,0.35415584415584417,0.44000000000000006,0.38743290043290046,0.35,0.48861983647587365,4.4,7.2,2.8,5.6
svm_full,signo_zodiacal_acuario,355,0.5,0.6700000000000002,0.6978571428571428,0.6,0.6420915032679738,0.732,0.7031972647235805,6.0,2.6,7.4,4.0
svm_full,signo_zodiacal_acuario,356,0.5,0.48,0.48913308913308906,0.48,0.4667538411245505,0.48600000000000004,0.5712164595810105,4.8,5.2,4.8,5.2
svm_full,signo_zodiacal_acuario,357,0.5,0.6100000000000001,0.64,0.5,0.5555555555555556,0.618,0.6498083105405086,5.0,2.8,7.2,5.0
svm_full,signo_zodiacal_acuario,358,0.5,0.48,0.4746031746031746,0.4800000000000001,0.4696172248803828,0.512,0.5931254845945247,4.8,5.2,4.8,5.2
svm_full,signo_zodiacal_acuario,359,0.5,0.51,0.5056721056721056,0.5199999999999999,0.5043262801271954,0.55,0.6119397057191175,5.2,5.0,5.0,4.8
svm_full,signo_zodiacal_acuario,360,0.5,0.54,0.5326573426573427,0.68,0.5957206851119895,0.576,0.6389712397165958,6.8,6.0,4.0,3.2
svm_full,signo_zodiacal_acuario,361,0.5,0.55,0.5545238095238095,0.54,0.5406773618538325,0.576,0.6324274428701673,5.4,4.4,5.6,4.6
svm_full,signo_zodiacal_acuario,362,0.5,0.56,0.5988455988455988,0.45999999999999996,0.5147427392009435,0.612,0.639750156276472,4.6,3.4,6.6,5.4
svm_full,signo_zodiacal_acuario,363,0.5,0.5700000000000001,0.6121367521367521,0.5199999999999999,0.5427598640870952,0.596,0.6483582991655746,5.2,3.8,6.2,4.8
svm_full,signo_zodiacal_acuario,364,0.5,0.5199999999999999,0.5408791208791209,0.43999999999999995,0.47258312020460364,0.548,0.5776160141028562,4.4,4.0,6.0,5.6
svm_full,signo_zodiacal_acuario,365,0.5,0.48,0.495079365079365,0.44000000000000006,0.46165556493729865,0.48600000000000004,0.5842153012106572,4.4,4.8,5.2,5.6
svm_full,signo_zodiacal_acuario,366,0.5,0.48,0.4966666666666667,0.48,0.48,0.42800000000000005,0.5095720390720391,4.8,5.2,4.8,5.2
svm_full,signo_zodiacal_acuario,367,0.5,0.57,0.5632478632478632,0.5800000000000001,0.5666088805676905,0.572,0.613761349159956,5.8,4.4,5.6,4.2
svm_full,signo_zodiacal_acuario,368,0.5,0.51,0.47575757575757577,0.44000000000000006,0.4479076479076479,0.55,0.6234540192349789,4.4,4.2,5.8,5.6
svm_full,signo_zodiacal_acuario,369,0.5,0.4,0.418095238095238,0.42000000000000004,0.40315789473684205,0.378,0.49788294368170527,4.2,6.2,3.8,5.8
svm_full,signo_zodiacal_acuario,370,0.5,0.58,0.5652991452991453,0.6599999999999999,0.6054621732196103,0.6199999999999999,0.7102470862470861,6.6,5.0,5.0,3.4
svm_full,signo_zodiacal_acuario,371,0.5,0.5399999999999999,0.5341880341880342,0.72,0.6062983545821075,0.4699999999999999,0.5173662638531059,7.2,6.4,3.6,2.8
svm_full,signo_zodiacal_acuario,372,0.5,0.51,0.5031746031746032,0.6000000000000001,0.543630816170862,0.492,0.5404795178162052,6.0,5.8,4.2,4.0
svm_full,signo_zodiacal_acuario,373,0.5,0.53,0.5292207792207793,0.5199999999999999,0.5188014599779305,0.516,0.5880498292557116,5.2,4.6,5.4,4.8
svm_full,signo_zodiacal_acuario,374,0.5,0.5,0.495,0.43999999999999995,0.46502923976608185,0.534,0.6149299676931255,4.4,4.4,5.6,5.6
svm_full,signo_zodiacal_acuario,375,0.5,0.5200000000000001,0.508021978021978,0.64,0.5582087886538015,0.55,0.6266098994744506,6.4,6.0,4.0,3.6
svm_full,signo_zodiacal_acuario,376,0.5,0.37000000000000005,0.35718614718614716,0.38,0.35891774891774897,0.34199999999999997,0.45235434027616694,3.8,6.4,3.6,6.2
svm_full,signo_zodiacal_acuario,377,0.5,0.49000000000000005,0.49340659340659343,0.5599999999999999,0.5197189284145806,0.46399999999999997,0.5458675572793219,5.6,5.8,4.2,4.4
svm_full,signo_zodiacal_acuario,378,0.5,0.52,0.5159090909090909,0.43999999999999995,0.4685714285714286,0.5439999999999999,0.5843660299968348,4.4,4.0,6.0,5.6
svm_full,signo_zodiacal_acuario,379,0.5,0.5700000000000001,0.5656410256410256,0.74,0.6326895895866148,0.564,0.5710789765789765,7.4,6.0,4.0,2.6
svm_full,signo_zodiacal_acuario,380,0.5,0.5900000000000001,0.6377777777777778,0.62,0.5915488721804512,0.6459999999999999,0.6764637094931212,6.2,4.4,5.6,3.8
svm_full,signo_zodiacal_acuario,381,0.5,0.45999999999999996,0.4601010101010101,0.45999999999999996,0.4580997949419001,0.44399999999999995,0.49993443544759336,4.6,5.4,4.6,5.4
svm_full,signo_zodiacal_acuario,382,0.5,0.45000000000000007,0.45012477718360067,0.45999999999999996,0.4312987012987013,0.4700000000000001,0.5551722233734617,4.6,5.6,4.4,5.4
svm_full,signo_zodiacal_acuario,383,0.5,0.4600000000000001,0.39090909090909093,0.32,0.348015873015873,0.458,0.5426804439970074,3.2,4.0,6.0,6.8
svm_full,signo_zodiacal_acuario,384,0.5,0.45,0.43931568431568435,0.44000000000000006,0.4342321276336622,0.49400000000000005,0.5527861768434524,4.4,5.4,4.6,5.6
svm_full,signo_zodiacal_acuario,385,0.5,0.5199999999999999,0.532051282051282,0.5599999999999999,0.5384277558190602,0.6119999999999999,0.6985458970853708,5.6,5.2,4.8,4.4
svm_full,signo_zodiacal_acuario,386,0.5,0.5,0.502020202020202,0.45999999999999996,0.47348105111263006,0.558,0.6680409857600259,4.6,4.6,5.4,5.4
svm_full,signo_zodiacal_acuario,387,0.5,0.5700000000000001,0.5817099567099567,0.54,0.5549211710202423,0.5439999999999999,0.5482818929436577,5.4,4.0,6.0,4.6
svm_full,signo_zodiacal_acuario,388,0.5,0.51,0.5136446886446887,0.7200000000000001,0.5977298064254586,0.518,0.553835359514926,7.2,7.0,3.0,2.8
svm_full,signo_zodiacal_acuario,389,0.5,0.32999999999999996,0.28095238095238095,0.21999999999999997,0.2461644306845545,0.27,0.40247872878755225,2.2,5.6,4.4,7.8
svm_full,signo_zodiacal_acuario,390,0.5,0.41000000000000003,0.3784126984126984,0.3,0.3318575851393189,0.374,0.4933398386958758,3.0,4.8,5.2,7.0
svm_full,signo_zodiacal_acuario,391,0.5,0.5200000000000001,0.5413253413253413,0.5199999999999999,0.5170990135184509,0.584,0.6362497955261113,5.2,4.8,5.2,4.8
svm_full,signo_zodiacal_acuario,392,0.5,0.52,0.5253968253968254,0.44000000000000006,0.47317759639741064,0.534,0.5938212712639956,4.4,4.0,6.0,5.6
svm_full,signo_zodiacal_acuario,393,0.5,0.53,0.5338888888888889,0.54,0.5272874493927125,0.552,0.5894037135035587,5.4,4.8,5.2,4.6
svm_full,signo_zodiacal_acuario,394,0.5,0.51,0.5233333333333333,0.48,0.4909090909090909,0.55,0.6060344840917595,4.8,4.6,5.4,5.2
svm_full,signo_zodiacal_acuario,395,0.5,0.49000000000000005,0.5169505494505494,0.52,0.5038048396616172,0.422,0.5318079082080629,5.2,5.4,4.6,4.8
svm_full,signo_zodiacal_acuario,396,0.5,0.47000000000000003,0.4506410256410257,0.42000000000000004,0.42934782608695643,0.466,0.5243850312054646,4.2,4.8,5.2,5.8
svm_full,signo_zodiacal_acuario,397,0.5,0.43000000000000005,0.446025641025641,0.45999999999999996,0.4349512516469038,0.42200000000000004,0.5297887755519335,4.6,6.0,4.0,5.4
svm_full,signo_zodiacal_acuario,398,0.5,0.54,0.5524242424242425,0.6,0.5691428571428572,0.626,0.7066764897469231,6.0,5.2,4.8,4.0
svm_full,signo_zodiacal_acuario,399,0.5,0.55,0.571037851037851,0.48,0.5100444205142012,0.6200000000000001,0.6519342122445838,4.8,3.8,6.2,5.2
svm_full,signo_zodiacal_acuario,400,0.5,0.4800000000000001,0.47435897435897434,0.52,0.49442083469543424,0.492,0.5822466418170752,5.2,5.6,4.4,4.8
svm_full,signo_zodiacal_acuario,401,0.5,0.52,0.5058823529411764,0.6399999999999999,0.5554367201426025,0.492,0.5526544176497736,6.4,6.0,4.0,3.6
svm_full,signo_zodiacal_acuario,402,0.5,0.42000000000000004,0.3788888888888889,0.26,0.3013533834586466,0.42200000000000004,0.48959735482955297,2.6,4.2,5.8,7.4
svm_full,signo_zodiacal_acuario,403,0.5,0.52,0.5409090909090909,0.44000000000000006,0.4806182121971595,0.48199999999999993,0.5292945465267447,4.4,4.0,6.0,5.6
svm_full,signo_zodiacal_acuario,404,0.5,0.52,0.5523076923076923,0.45999999999999996,0.48879227053140095,0.4879999999999999,0.5457159127422285,4.6,4.2,5.8,5.4
svm_full,signo_zodiacal_acuario,405,0.5,0.45999999999999996,0.4542424242424242,0.45999999999999996,0.4490043290043289,0.47700000000000004,0.5475661823556559,4.6,5.4,4.6,5.4
svm_full,signo_zodiacal_acuario,406,0.5,0.48,0.47365079365079366,0.4,0.43170278637770904,0.476,0.5679408152906604,4.0,4.4,5.6,6.0
svm_full,signo_zodiacal_acuario,407,0.5,0.43,0.4366966366966366,0.44000000000000006,0.4206113108859104,0.43,0.5331303984113581,4.4,5.8,4.2,5.6
svm_full,signo_zodiacal_acuario,408,0.5,0.5700000000000001,0.58,0.58,0.568,0.62,0.6648076547635371,5.8,4.4,5.6,4.2
svm_full,signo_zodiacal_acuario,409,0.5,0.52,0.5265934065934066,0.56,0.5366472913275981,0.496,0.5522447280961212,5.6,5.2,4.8,4.4
svm_full,signo_zodiacal_acuario,410,0.5,0.6199999999999999,0.6211111111111111,0.6599999999999999,0.6320510366826155,0.658,0.7130448109681856,6.6,4.2,5.8,3.4
svm_full,signo_zodiacal_acuario,411,0.5,0.45999999999999996,0.5210317460317461,0.38,0.41908447589562137,0.49800000000000005,0.618723712132381,3.8,4.6,5.4,6.2
svm_full,signo_zodiacal_acuario,412,0.5,0.5399999999999999,0.5201282051282051,0.64,0.5678550724637682,0.5450000000000002,0.5951879117614413,6.4,5.6,4.4,3.6
svm_full,signo_zodiacal_acuario,413,0.5,0.49000000000000005,0.48428571428571426,0.6399999999999999,0.5477639553429027,0.534,0.6312215207393226,6.4,6.6,3.4,3.6
svm_full,signo_zodiacal_acuario,414,0.5,0.5700000000000001,0.5579797979797979,0.64,0.5919507860560492,0.6020000000000001,0.6505933876065455,6.4,5.0,5.0,3.6
svm_full,signo_zodiacal_acuario,415,0.5,0.49000000000000005,0.47333333333333333,0.42000000000000004,0.4322222222222222,0.51,0.5627252567693743,4.2,4.4,5.6,5.8
svm_full,signo_zodiacal_acuario,416,0.5,0.49000000000000005,0.5566233766233767,0.38,0.4270229117287941,0.48999999999999994,0.6290849432645098,3.8,4.0,6.0,6.2
svm_full,signo_zodiacal_acuario,417,0.5,0.53,0.5320707070707071,0.48,0.4988930659983291,0.568,0.6054335468453115,4.8,4.2,5.8,5.2
svm_full,signo_zodiacal_acuario,418,0.5,0.5700000000000001,0.5640151515151515,0.7,0.6164256795835744,0.554,0.6300779318720495,7.0,5.6,4.4,3.0
svm_full,signo_zodiacal_acuario,419,0.5,0.5200000000000001,0.5166666666666667,0.58,0.5463203463203463,0.5010000000000001,0.5592758326125199,5.8,5.4,4.6,4.2
svm_full,signo_zodiacal_acuario,420,0.5,0.55,0.5358766233766235,0.7000000000000001,0.6042624042624042,0.536,0.5289938803027039,7.0,6.0,4.0,3.0
svm_full,signo_zodiacal_acuario,421,0.5,0.45999999999999996,0.4666666666666667,0.45999999999999996,0.45479797979797976,0.495,0.537331834230441,4.6,5.4,4.6,5.4
svm_full,signo_zodiacal_acuario,422,0.5,0.49000000000000005,0.5102564102564102,0.52,0.49895652173913047,0.446,0.5589681990695923,5.2,5.4,4.6,4.8
svm_full,signo_zodiacal_acuario,423,0.5,0.53,0.5046031746031746,0.4800000000000001,0.4808593676705132,0.572,0.623601124967224,4.8,4.2,5.8,5.2
svm_full,signo_zodiacal_acuario,424,0.5,0.6300000000000001,0.6130769230769231,0.72,0.659433465085639,0.61,0.6323750508177752,7.2,4.6,5.4,2.8
svm_full,signo_zodiacal_acuario,425,0.5,0.48999999999999994,0.47948051948051945,0.5,0.4830158730158729,0.502,0.6337763090882287,5.0,5.2,4.8,5.0
svm_full,signo_zodiacal_acuario,426,0.5,0.43000000000000005,0.3924242424242424,0.36,0.3691729323308271,0.398,0.5038220864103218,3.6,5.0,5.0,6.4
svm_full,signo_zodiacal_acuario,427,0.5,0.5,0.4966666666666667,0.6200000000000001,0.546909090909091,0.542,0.644507149283465,6.2,6.2,3.8,3.8
svm_full,signo_zodiacal_acuario,428,0.5,0.53,0.5208791208791209,0.42000000000000004,0.44966814044751857,0.52,0.6188346304538255,4.2,3.6,6.4,5.8
svm_full,signo_zodiacal_acuario,429,0.5,0.5,0.5026190476190476,0.6,0.5384304584304583,0.537,0.6048206860219244,6.0,6.0,4.0,4.0
svm_full,signo_zodiacal_acuario,430,0.5,0.49000000000000005,0.4828005328005328,0.5,0.48467945808099266,0.554,0.5910764388690086,5.0,5.2,4.8,5.0
svm_full,signo_zodiacal_acuario,431,0.5,0.5700000000000001,0.5520361990950227,0.68,0.601067887109077,0.6060000000000001,0.6518529038041423,6.8,5.4,4.6,3.2
svm_full,signo_zodiacal_acuario,432,0.5,0.36,0.37343434343434345,0.3,0.3092321713374345,0.34500000000000003,0.4985605275357597,3.0,5.8,4.2,7.0
svm_full,signo_zodiacal_acuario,433,0.5,0.6,0.6191341991341991,0.6,0.5916890756302522,0.61,0.6195584868348025,6.0,4.0,6.0,4.0
svm_full,signo_zodiacal_acuario,434,0.5,0.43,0.4486111111111112,0.4999999999999999,0.4654807181122971,0.43,0.5406183811888147,5.0,6.4,3.6,5.0
svm_full,signo_zodiacal_acuario,435,0.5,0.47000000000000003,0.4651587301587302,0.6599999999999999,0.5381904761904763,0.33799999999999997,0.4502642455583632,6.6,7.2,2.8,3.4
svm_full,signo_zodiacal_acuario,436,0.5,0.43,0.44333333333333336,0.52,0.47210101010101013,0.434,0.5339434948436497,5.2,6.6,3.4,4.8
svm_full,signo_zodiacal_acuario,437,0.5,0.4800000000000001,0.47444444444444434,0.44000000000000006,0.45069377990430615,0.51,0.5475364929188459,4.4,4.8,5.2,5.6
svm_full,signo_zodiacal_acuario,438,0.5,0.42000000000000004,0.4328671328671329,0.58,0.491304347826087,0.404,0.4874303484613082,5.8,7.4,2.6,4.2
svm_full,signo_zodiacal_acuario,439,0.5,0.5800000000000001,0.5971428571428572,0.54,0.5612885154061624,0.52,0.5731663712104889,5.4,3.8,6.2,4.6
svm_full,signo_zodiacal_acuario,440,0.5,0.4,0.39821428571428574,0.42000000000000004,0.39901419529902504,0.364,0.473846562965758,4.2,6.2,3.8,5.8
svm_full,signo_zodiacal_acuario,441,0.5,0.38,0.39920163170163175,0.5,0.44095788269701314,0.442,0.5689353256822297,5.0,7.4,2.6,5.0
svm_full,signo_zodiacal_acuario,442,0.5,0.5900000000000001,0.6177777777777778,0.54,0.5582501708817498,0.6940000000000001,0.7132022787154366,5.4,3.6,6.4,4.6
svm_full,signo_zodiacal_acuario,443,0.5,0.5800000000000001,0.6119047619047618,0.42000000000000004,0.4965686274509804,0.5880000000000001,0.6680308123249299,4.2,2.6,7.4,5.8
svm_full,signo_zodiacal_acuario,444,0.5,0.5599999999999999,0.5508547008547009,0.52,0.5216663199500727,0.5800000000000001,0.5960888453651612,5.2,4.0,6.0,4.8
svm_full,signo_zodiacal_acuario,445,0.5,0.42000000000000004,0.41500000000000004,0.34,0.37137254901960787,0.45000000000000007,0.5098596681096681,3.4,5.0,5.0,6.6
svm_full,signo_zodiacal_acuario,446,0.5,0.42000000000000004,0.40073260073260075,0.4,0.3931062543594513,0.358,0.46931032142951656,4.0,5.6,4.4,6.0
svm_full,signo_zodiacal_acuario,447,0.5,0.44000000000000006,0.44965034965034967,0.5800000000000001,0.5055712403538491,0.39,0.48576425578205756,5.8,7.0,3.0,4.2
svm_full,signo_zodiacal_acuario,448,0.5,0.49000000000000005,0.4901709401709402,0.58,0.5292698148533389,0.49000000000000005,0.540483598702639,5.8,6.0,4.0,4.2
svm_full,signo_zodiacal_acuario,449,0.5,0.43,0.4,0.44000000000000006,0.4083959899749373,0.41200000000000003,0.5007564863756814,4.4,5.8,4.2,5.6
svm_full,signo_zodiacal_acuario,450,0.5,0.45,0.4409090909090909,0.5,0.46190476190476193,0.501,0.571139952582677,5.0,6.0,4.0,5.0
svm_full,signo_zodiacal_acuario,451,0.5,0.43000000000000005,0.3925757575757576,0.27999999999999997,0.3185714285714286,0.45599999999999996,0.5346169380155448,2.8,4.2,5.8,7.2
svm_full,signo_zodiacal_acuario,452,0.5,0.54,0.5363492063492062,0.43999999999999995,0.4741045126184445,0.554,0.6280324583397339,4.4,3.6,6.4,5.6
svm_full,signo_zodiacal_acuario,453,0.5,0.45999999999999996,0.46313131313131317,0.42000000000000004,0.42750056960583277,0.522,0.604572677924071,4.2,5.0,5.0,5.8
svm_full,signo_zodiacal_acuario,454,0.5,0.4699999999999999,0.4606442577030812,0.5800000000000001,0.503030303030303,0.5,0.555038597625285,5.8,6.4,3.6,4.2
svm_full,signo_zodiacal_acuario,455,0.5,0.49000000000000005,0.49249639249639243,0.36,0.404702933805101,0.48200000000000004,0.5614313772742565,3.6,3.8,6.2,6.4
svm_full,signo_zodiacal_acuario,456,0.5,0.54,0.5542857142857143,0.44000000000000006,0.4683333333333334,0.506,0.5326751771620193,4.4,3.6,6.4,5.6
svm_full,signo_zodiacal_acuario,457,0.5,0.55,0.5767316017316018,0.54,0.5509888804006451,0.6,0.6622523493877983,5.4,4.4,5.6,4.6
svm_full,signo_zodiacal_acuario,458,0.5,0.47000000000000003,0.47762477718360075,0.6599999999999999,0.5482637362637363,0.49399999999999994,0.5285111930553107,6.6,7.2,2.8,3.4
svm_full,signo_zodiacal_acuario,459,0.5,0.45000000000000007,0.4639360639360639,0.44000000000000006,0.4467383291989565,0.43600000000000005,0.5429863290304466,4.4,5.4,4.6,5.6
svm_full,signo_zodiacal_acuario,460,0.5,0.5700000000000001,0.581038961038961,0.58,0.5753093964858671,0.534,0.5719399858827103,5.8,4.4,5.6,4.2
svm_full,signo_zodiacal_acuario,461,0.5,0.5,0.48683473389355736,0.6599999999999999,0.5555821371610845,0.524,0.5703739181355281,6.6,6.6,3.4,3.4
svm_full,signo_zodiacal_acuario,462,0.5,0.44000000000000006,0.3802564102564102,0.32,0.33286561264822134,0.382,0.4699254187504961,3.2,4.4,5.6,6.8
svm_full,signo_zodiacal_acuario,463,0.5,0.4800000000000001,0.4838383838383839,0.45999999999999996,0.47034252297410195,0.49399999999999994,0.5530136776707983,4.6,5.0,5.0,5.4
svm_full,signo_zodiacal_acuario,464,0.5,0.53,0.5231060606060607,0.7,0.5948717948717948,0.5439999999999999,0.6087207149575571,7.0,6.4,3.6,3.0
svm_full,signo_zodiacal_acuario,465,0.5,0.51,0.49575757575757573,0.6399999999999999,0.5547769423558897,0.526,0.6099788267288268,6.4,6.2,3.8,3.6
svm_full,signo_zodiacal_acuario,466,0.5,0.52,0.5335353535353534,0.45999999999999996,0.48843776106933995,0.531,0.6135129849510654,4.6,4.2,5.8,5.4
svm_full,signo_zodiacal_acuario,467,0.5,0.6200000000000001,0.6207142857142858,0.58,0.5884313725490197,0.646,0.7156337920765166,5.8,3.4,6.6,4.2
svm_full,signo_zodiacal_acuario,468,0.5,0.5900000000000001,0.5672105672105673,0.6799999999999999,0.6158875449493297,0.5599999999999999,0.6069963282331703,6.8,5.0,5.0,3.2
svm_full,signo_zodiacal_acuario,469,0.5,0.57,0.5700854700854701,0.58,0.570270207798812,0.536,0.5988079349271299,5.8,4.4,5.6,4.2
svm_full,signo_zodiacal_acuario,470,0.5,0.53,0.533033633033633,0.5599999999999999,0.5356843194943881,0.5740000000000001,0.6119152313974295,5.6,5.0,5.0,4.4
svm_full,signo_zodiacal_acuario,471,0.5,0.4800000000000001,0.48397435897435903,0.56,0.5113162962133214,0.514,0.58480646091095,5.6,6.0,4.0,4.4
svm_full,signo_zodiacal_acuario,472,0.5,0.5800000000000001,0.57994227994228,0.5,0.5231903287630841,0.6,0.6119659317290896,5.0,3.4,6.6,5.0
svm_full,signo_zodiacal_acuario,473,0.5,0.55,0.5611111111111111,0.54,0.5416267942583732,0.515,0.5787952596938666,5.4,4.4,5.6,4.6
svm_full,signo_zodiacal_acuario,474,0.5,0.45999999999999996,0.4554195804195804,0.4999999999999999,0.47368718238283447,0.44400000000000006,0.4928203185703186,5.0,5.8,4.2,5.0
svm_full,signo_zodiacal_acuario,475,0.5,0.58,0.5711726998491704,0.74,0.6341452428408949,0.5999999999999999,0.6277567236684883,7.4,5.8,4.2,2.6
svm_full,signo_zodiacal_acuario,476,0.5,0.42000000000000004,0.4284188034188034,0.4600000000000001,0.4393823821741442,0.42200000000000004,0.5188546165736568,4.6,6.2,3.8,5.4
svm_full,signo_zodiacal_acuario,477,0.5,0.41000000000000003,0.4081196581196581,0.42000000000000004,0.40884820747520967,0.47800000000000004,0.5626641512082687,4.2,6.0,4.0,5.8
svm_full,signo_zodiacal_acuario,478,0.5,0.5599999999999999,0.5306526806526807,0.56,0.5381564088085827,0.5720000000000001,0.6036008070876491,5.6,4.4,5.6,4.4
svm_full,signo_zodiacal_acuario,479,0.5,0.55,0.5575757575757575,0.5199999999999999,0.5220779220779221,0.528,0.5974113566172388,5.2,4.2,5.8,4.8
svm_full,signo_zodiacal_acuario,480,0.5,0.4,0.40476190476190477,0.42000000000000004,0.4013157894736842,0.402,0.54262675499595,4.2,6.2,3.8,5.8
svm_full,signo_zodiacal_acuario,481,0.5,0.51,0.4204545454545455,0.42000000000000004,0.41702741702741697,0.508,0.581369990690424,4.2,4.0,6.0,5.8
svm_full,signo_zodiacal_acuario,482,0.5,0.42000000000000004,0.4408333333333333,0.44000000000000006,0.4152478632478632,0.378,0.4866312321149782,4.4,6.0,4.0,5.6
svm_full,signo_zodiacal_acuario,483,0.5,0.53,0.5272727272727272,0.6399999999999999,0.571056721056721,0.526,0.5897871264442471,6.4,5.8,4.2,3.6
svm_full,signo_zodiacal_acuario,484,0.5,0.41999999999999993,0.42000000000000004,0.6,0.48923076923076925,0.47000000000000003,0.5808681535183083,6.0,7.6,2.4,4.0
svm_full,signo_zodiacal_acuario,485,0.5,0.48999999999999994,0.4866910866910866,0.62,0.5421815408085431,0.52,0.623933712915911,6.2,6.4,3.6,3.8
svm_full,signo_zodiacal_acuario,486,0.5,0.65,0.6539393939393939,0.64,0.6459649122807017,0.6759999999999999,0.7172607659798061,6.4,3.4,6.6,3.6
svm_full,signo_zodiacal_acuario,487,0.5,0.49000000000000005,0.49102564102564106,0.48,0.47653711023276235,0.4760000000000001,0.5259136162255357,4.8,5.0,5.0,5.2
svm_full,signo_zodiacal_acuario,488,0.5,0.36,0.32914862914862913,0.27999999999999997,0.3000995134896064,0.298,0.44964563644130207,2.8,5.6,4.4,7.2
svm_full,signo_zodiacal_acuario,489,0.5,0.54,0.5281550802139037,0.6399999999999999,0.5700000000000001,0.5379999999999999,0.577250110570544,6.4,5.6,4.4,3.6
svm_full,signo_zodiacal_acuario,490,0.5,0.53,0.5476190476190477,0.44000000000000006,0.4830065359477125,0.558,0.6002660019718842,4.4,3.8,6.2,5.6
svm_full,signo_zodiacal_acuario,491,0.5,0.43999999999999995,0.43809523809523804,0.45999999999999996,0.4424242424242424,0.44000000000000006,0.5396854848797573,4.6,5.8,4.2,5.4
svm_full,signo_zodiacal_acuario,492,0.5,0.52,0.5198290598290598,0.5599999999999999,0.5350572082379863,0.548,0.5844913681090151,5.6,5.2,4.8,4.4
svm_full,signo_zodiacal_acuario,493,0.5,0.48,0.48017094017094025,0.5999999999999999,0.5299970875806117,0.47000000000000003,0.520930762048409,6.0,6.4,3.6,4.0
svm_full,signo_zodiacal_acuario,494,0.5,0.38,0.36525641025641026,0.4,0.3691037078863165,0.332,0.4729335717601971,4.0,6.4,3.6,6.0
svm_full,signo_zodiacal_acuario,495,0.5,0.61,0.6011904761904763,0.6,0.5935672514619884,0.632,0.6540615028246607,6.0,3.8,6.2,4.0
svm_full,signo_zodiacal_acuario,496,0.5,0.5,0.498974358974359,0.6799999999999999,0.5704430641821945,0.44000000000000006,0.4853395775191441,6.8,6.8,3.2,3.2
svm_full,signo_zodiacal_acuario,497,0.5,0.45,0.4411111111111111,0.45999999999999996,0.4416937799043062,0.43499999999999994,0.5191362701625859,4.6,5.6,4.4,5.4
svm_full,signo_zodiacal_acuario,498,0.5,0.5900000000000001,0.6096825396825396,0.5,0.5468317853457172,0.562,0.6243002553002552,5.0,3.2,6.8,5.0
svm_full,signo_zodiacal_acuario,499,0.5,0.4600000000000001,0.43321678321678325,0.4,0.40315734989648033,0.442,0.4937544467056851,4.0,4.8,5.2,6.0
svm_full,signo_zodiacal_acuario,500,0.5,0.6,0.6644444444444445,0.41999999999999993,0.49811740890688255,0.6359999999999999,0.6564981940144479,4.2,2.2,7.8,5.8
svm_full,signo_zodiacal_aries,1,0.5,0.48,0.48030303030303034,0.5599999999999999,0.5153679653679654,0.46399999999999997,0.5324778930220107,5.6,6.0,4.0,4.4
svm_full,signo_zodiacal_aries,2,0.5,0.48,0.4810678210678211,0.6799999999999999,0.5591861471861472,0.51,0.5647898377851938,6.8,7.2,2.8,3.2
svm_full,signo_zodiacal_aries,3,0.5,0.51,0.5111794638110427,0.64,0.5574799066632098,0.534,0.5991859143608369,6.4,6.2,3.8,3.6
svm_full,signo_zodiacal_aries,4,0.5,0.53,0.563138528138528,0.5,0.5139348370927318,0.5640000000000001,0.6190693919943145,5.0,4.4,5.6,5.0
svm_full,signo_zodiacal_aries,5,0.5,0.49000000000000005,0.48857142857142855,0.32,0.3787114845938375,0.454,0.4971168547654615,3.2,3.4,6.6,6.8
svm_full,signo_zodiacal_aries,6,0.5,0.53,0.537987012987013,0.5199999999999999,0.5194444444444445,0.522,0.61499091800872,5.2,4.6,5.4,4.8
svm_full,signo_zodiacal_aries,7,0.5,0.51,0.5372727272727273,0.43999999999999995,0.4631385281385281,0.492,0.592743331831567,4.4,4.2,5.8,5.6
svm_full,signo_zodiacal_aries,8,0.5,0.53,0.5233333333333333,0.64,0.5738874458874459,0.492,0.5616351050909875,6.4,5.8,4.2,3.6
svm_full,signo_zodiacal_aries,9,0.5,0.45,0.41238095238095235,0.24,0.3022549019607843,0.414,0.521299950479517,2.4,3.4,6.6,7.6
svm_full,signo_zodiacal_aries,10,0.5,0.48,0.4787723387723387,0.5599999999999999,0.5117964476408413,0.4699999999999999,0.5564829558126771,5.6,6.0,4.0,4.4
svm_full,signo_zodiacal_aries,11,0.5,0.5199999999999999,0.5102453102453103,0.4600000000000001,0.47795223352498895,0.522,0.6139680976917818,4.6,4.2,5.8,5.4
svm_full,signo_zodiacal_aries,12,0.5,0.51,0.5101864801864802,0.58,0.5419235836627141,0.522,0.6002321008025342,5.8,5.6,4.4,4.2
svm_full,signo_zodiacal_aries,13,0.5,0.51,0.4779700854700855,0.5,0.46879716012439127,0.504,0.5632715156360668,5.0,4.8,5.2,5.0
svm_full,signo_zodiacal_aries,14,0.5,0.4699999999999999,0.47651515151515156,0.48,0.4755677071466546,0.44399999999999995,0.5218044184058115,4.8,5.4,4.6,5.2
svm_full,signo_zodiacal_aries,15,0.5,0.48,0.4913553113553114,0.6000000000000001,0.5363478260869565,0.4960000000000001,0.5612085773703421,6.0,6.4,3.6,4.0
svm_full,signo_zodiacal_aries,16,0.5,0.5,0.4979797979797979,0.5,0.49647603858130174,0.4960000000000001,0.5678303810053036,5.0,5.0,5.0,5.0
svm_full,signo_zodiacal_aries,17,0.5,0.5,0.4792424242424243,0.52,0.49079365079365084,0.516,0.579546815327775,5.2,5.2,4.8,4.8
svm_full,signo_zodiacal_aries,18,0.5,0.41,0.4035897435897436,0.4600000000000001,0.42120532556688167,0.39799999999999996,0.5287242398124751,4.6,6.4,3.6,5.4
svm_full,signo_zodiacal_aries,19,0.5,0.51,0.5080652680652681,0.64,0.5648153585544889,0.558,0.6102002611251838,6.4,6.2,3.8,3.6
svm_full,signo_zodiacal_aries,20,0.5,0.49000000000000005,0.4885281385281385,0.6199999999999999,0.5455674760022585,0.492,0.5555082597141421,6.2,6.4,3.6,3.8
svm_full,signo_zodiacal_aries,21,0.5,0.38,0.3504761904761905,0.33999999999999997,0.33683660130718956,0.366,0.45147656205163944,3.4,5.8,4.2,6.6
svm_full,signo_zodiacal_aries,22,0.5,0.53,0.5121212121212122,0.42000000000000004,0.45515873015873015,0.508,0.5843118933869708,4.2,3.6,6.4,5.8
svm_full,signo_zodiacal_aries,23,0.5,0.4600000000000001,0.4688888888888888,0.34,0.3813533834586466,0.47000000000000003,0.5735844247771492,3.4,4.2,5.8,6.6
svm_full,signo_zodiacal_aries,24,0.5,0.53,0.5243589743589744,0.5,0.5026066289493399,0.528,0.5787495527348467,5.0,4.4,5.6,5.0
svm_full,signo_zodiacal_aries,25,0.5,0.49000000000000005,0.49028749028749025,0.54,0.5119349757793694,0.43600000000000005,0.5052236386764251,5.4,5.6,4.4,4.6
svm_full,signo_zodiacal_aries,26,0.5,0.54,0.5496153846153846,0.5399999999999999,0.5348067632850242,0.542,0.5510392656878725,5.4,4.6,5.4,4.6
svm_full,signo_zodiacal_aries,27,0.5,0.55,0.5641666666666667,0.6,0.5727959759538706,0.48599999999999993,0.5544129039175478,6.0,5.0,5.0,4.0
svm_full,signo_zodiacal_aries,28,0.5,0.4600000000000001,0.41904761904761906,0.28,0.3263574660633484,0.42000000000000004,0.5030037754643018,2.8,3.6,6.4,7.2
svm_full,signo_zodiacal_aries,29,0.5,0.5,0.4833333333333333,0.38,0.4121212121212121,0.518,0.5544672724935883,3.8,3.8,6.2,6.2
svm_full,signo_zodiacal_aries,30,0.5,0.38,0.3496031746031746,0.32,0.3305563373674829,0.394,0.49160993581581813,3.2,5.6,4.4,6.8
svm_full,signo_zodiacal_aries,31,0.5,0.54,0.538888888888889,0.5,0.5155768208399787,0.588,0.6450219759600564,5.0,4.2,5.8,5.0
svm_full,signo_zodiacal_aries,32,0.5,0.45999999999999996,0.4633333333333334,0.5,0.4804329004329005,0.484,0.550691372353137,5.0,5.8,4.2,5.0
svm_full,signo_zodiacal_aries,33,0.5,0.5800000000000001,0.5706060606060606,0.6799999999999999,0.6184935064935064,0.608,0.6365040771921577,6.8,5.2,4.8,3.2
svm_full,signo_zodiacal_aries,34,0.5,0.53,0.5201923076923076,0.7,0.5935340022296545,0.526,0.5856835823275451,7.0,6.4,3.6,3.0
svm_full,signo_zodiacal_aries,35,0.5,0.47000000000000003,0.478021978021978,0.5399999999999999,0.4987922705314009,0.48500000000000004,0.5587621991871218,5.4,6.0,4.0,4.6
svm_full,signo_zodiacal_aries,36,0.5,0.58,0.6068070818070818,0.4800000000000001,0.5111608123857417,0.5660000000000001,0.6164586453278404,4.8,3.2,6.8,5.2
svm_full,signo_zodiacal_aries,37,0.5,0.45,0.4041269841269841,0.30000000000000004,0.33350916884972615,0.38,0.45311458089554063,3.0,4.0,6.0,7.0
svm_full,signo_zodiacal_aries,38,0.5,0.48999999999999994,0.5058697838109604,0.52,0.4947961691668786,0.492,0.5920755824842512,5.2,5.4,4.6,4.8
svm_full,signo_zodiacal_aries,39,0.5,0.5,0.4866666666666667,0.4000000000000001,0.4251226551226551,0.52,0.5858806279719591,4.0,4.0,6.0,6.0
svm_full,signo_zodiacal_aries,40,0.5,0.45,0.45999999999999996,0.4800000000000001,0.46052380952380945,0.476,0.5620783491534265,4.8,5.8,4.2,5.2
svm_full,signo_zodiacal_aries,41,0.5,0.45000000000000007,0.4580219780219781,0.56,0.5025296442687747,0.43999999999999995,0.5127779171293103,5.6,6.6,3.4,4.4
svm_full,signo_zodiacal_aries,42,0.5,0.52,0.5176923076923077,0.64,0.5665674132630654,0.524,0.5889395147336323,6.4,6.0,4.0,3.6
svm_full,signo_zodiacal_aries,43,0.5,0.43999999999999995,0.45,0.45999999999999996,0.4525252525252525,0.4119999999999999,0.49516559524067266,4.6,5.8,4.2,5.4
svm_full,signo_zodiacal_aries,44,0.5,0.5,0.5006216006216005,0.52,0.5063673676945989,0.5119999999999999,0.590045796910348,5.2,5.2,4.8,4.8
svm_full,signo_zodiacal_aries,45,0.5,0.49000000000000005,0.5082843137254902,0.6799999999999999,0.5736175247754195,0.47400000000000003,0.5457481489099136,6.8,7.0,3.0,3.2
svm_full,signo_zodiacal_aries,46,0.5,0.51,0.506068931068931,0.44000000000000006,0.4539520155888443,0.507,0.551968242112205,4.4,4.2,5.8,5.6
svm_full,signo_zodiacal_aries,47,0.5,0.62,0.6522727272727272,0.6,0.6124269005847952,0.5720000000000001,0.6174834244702666,6.0,3.6,6.4,4.0
svm_full,signo_zodiacal_aries,48,0.5,0.54,0.5307692307692308,0.64,0.577536231884058,0.542,0.5854738584428987,6.4,5.6,4.4,3.6
svm_full,signo_zodiacal_aries,49,0.5,0.55,0.5555555555555556,0.5,0.513755980861244,0.506,0.5333427214340527,5.0,4.0,6.0,5.0
svm_full,signo_zodiacal_aries,50,0.5,0.41000000000000003,0.42233766233766235,0.48,0.44412698412698415,0.346,0.4572479512231834,4.8,6.6,3.4,5.2
svm_full,signo_zodiacal_aries,51,0.5,0.47000000000000003,0.45476190476190476,0.52,0.46445221445221446,0.4640000000000001,0.5363153898904672,5.2,5.8,4.2,4.8
svm_full,signo_zodiacal_aries,52,0.5,0.48,0.48,0.52,0.484449472096531,0.484,0.5658259061200237,5.2,5.6,4.4,4.8
svm_full,signo_zodiacal_aries,53,0.5,0.43,0.44116883116883115,0.4,0.4163025210084033,0.35,0.46442305999813743,4.0,5.4,4.6,6.0
svm_full,signo_zodiacal_aries,54,0.5,0.48,0.4734065934065934,0.5399999999999999,0.4984143222506394,0.5000000000000001,0.5982906984656211,5.4,5.8,4.2,4.6
svm_full,signo_zodiacal_aries,55,0.5,0.43999999999999995,0.4506759906759907,0.5999999999999999,0.5135527950310559,0.41600000000000004,0.5117612579199265,6.0,7.2,2.8,4.0
svm_full,signo_zodiacal_aries,56,0.5,0.6100000000000001,0.6107575757575757,0.66,0.6273489785068733,0.636,0.6570938956983848,6.6,4.4,5.6,3.4
svm_full,signo_zodiacal_aries,57,0.5,0.55,0.5652020202020202,0.45999999999999996,0.49954887218045113,0.558,0.5892412664734648,4.6,3.6,6.4,5.4
svm_full,signo_zodiacal_aries,58,0.5,0.44000000000000006,0.4444444444444445,0.4,0.4073820915926179,0.484,0.542924278336043,4.0,5.2,4.8,6.0
svm_full,signo_zodiacal_aries,59,0.5,0.56,0.5992857142857142,0.36,0.4440382819794585,0.5359999999999999,0.6205816879199231,3.6,2.4,7.6,6.4
svm_full,signo_zodiacal_aries,60,0.5,0.5900000000000001,0.6402380952380953,0.42000000000000004,0.5043464052287582,0.61,0.6517533550900424,4.2,2.4,7.6,5.8
svm_full,signo_zodiacal_aries,61,0.5,0.5399999999999999,0.5363059163059163,0.6,0.5629254955570745,0.584,0.6302424067160908,6.0,5.2,4.8,4.0
svm_full,signo_zodiacal_aries,62,0.5,0.44000000000000006,0.4421178821178822,0.5199999999999999,0.46486128364389234,0.442,0.5249553800172995,5.2,6.4,3.6,4.8
svm_full,signo_zodiacal_aries,63,0.5,0.38,0.23939393939393935,0.24000000000000005,0.2393483709273183,0.314,0.4283887795211324,2.4,4.8,5.2,7.6
svm_full,signo_zodiacal_aries,64,0.5,0.5599999999999999,0.5650000000000001,0.6199999999999999,0.585959595959596,0.5980000000000001,0.6739049284049284,6.2,5.0,5.0,3.8
svm_full,signo_zodiacal_aries,65,0.5,0.6,0.5902380952380952,0.6799999999999999,0.6250505050505051,0.6379999999999999,0.7072694511370983,6.8,4.8,5.2,3.2
svm_full,signo_zodiacal_aries,66,0.5,0.54,0.5387301587301587,0.5,0.5047141382868936,0.528,0.6070971250971251,5.0,4.2,5.8,5.0
svm_full,signo_zodiacal_aries,67,0.5,0.53,0.525959595959596,0.5599999999999999,0.5411073137388926,0.46799999999999997,0.5504855340737693,5.6,5.0,5.0,4.4
svm_full,signo_zodiacal_aries,68,0.5,0.5,0.5002020202020202,0.5,0.49954887218045113,0.516,0.5719177472853944,5.0,5.0,5.0,5.0
svm_full,signo_zodiacal_aries,69,0.5,0.47000000000000003,0.4784090909090909,0.5599999999999999,0.5084471084471085,0.41000000000000003,0.4734104126867284,5.6,6.2,3.8,4.4
svm_full,signo_zodiacal_aries,70,0.5,0.5700000000000001,0.6006660006660007,0.54,0.5369494955172704,0.62,0.6611920091432475,5.4,4.0,6.0,4.6
svm_full,signo_zodiacal_aries,71,0.5,0.53,0.5308080808080808,0.52,0.5187912964228754,0.5440000000000002,0.6068626630507435,5.2,4.6,5.4,4.8
svm_full,signo_zodiacal_aries,72,0.5,0.4,0.3986363636363636,0.48,0.42666666666666664,0.378,0.4587740778313534,4.8,6.8,3.2,5.2
svm_full,signo_zodiacal_aries,73,0.5,0.43,0.42412587412587416,0.44000000000000006,0.42815734989648024,0.434,0.5048834776334777,4.4,5.8,4.2,5.6
svm_full,signo_zodiacal_aries,74,0.5,0.42000000000000004,0.4313553113553114,0.5799999999999998,0.4930144927536232,0.392,0.4921833203775929,5.8,7.4,2.6,4.2
svm_full,signo_zodiacal_aries,75,0.5,0.48,0.4902564102564103,0.52,0.5023632203037238,0.46299999999999997,0.5370743047801871,5.2,5.6,4.4,4.8
svm_full,signo_zodiacal_aries,76,0.5,0.52,0.5256410256410257,0.5599999999999999,0.5401874250844502,0.5700000000000001,0.6577842527269772,5.6,5.2,4.8,4.4
svm_full,signo_zodiacal_aries,77,0.5,0.5900000000000001,0.5652991452991454,0.7,0.6218864156438527,0.57,0.563424358922811,7.0,5.2,4.8,3.0
svm_full,signo_zodiacal_aries,78,0.5,0.53,0.5398051948051947,0.45999999999999996,0.48507596978185213,0.506,0.5270929044295917,4.6,4.0,6.0,5.4
svm_full,signo_zodiacal_aries,79,0.5,0.4600000000000001,0.45510822510822513,0.45999999999999996,0.45405143875732107,0.48599999999999993,0.567045758764799,4.6,5.4,4.6,5.4
svm_full,signo_zodiacal_aries,80,0.5,0.56,0.5904761904761904,0.42000000000000004,0.486764705882353,0.6,0.6344625286993708,4.2,3.0,7.0,5.8
svm_full,signo_zodiacal_aries,81,0.5,0.5,0.49284632034632037,0.7,0.5766520146520147,0.48600000000000004,0.5491659729159729,7.0,7.0,3.0,3.0
svm_full,signo_zodiacal_aries,82,0.5,0.55,0.5386446886446887,0.6199999999999999,0.5664361001317523,0.52,0.5598699160316807,6.2,5.2,4.8,3.8
svm_full,signo_zodiacal_aries,83,0.5,0.47000000000000003,0.46388888888888885,0.36,0.4044719642242862,0.5559999999999998,0.5781894185965393,3.6,4.2,5.8,6.4
svm_full,signo_zodiacal_aries,84,0.5,0.48,0.46428571428571425,0.43999999999999995,0.4416666666666666,0.49399999999999994,0.5524047994489172,4.4,4.8,5.2,5.6
svm_full,signo_zodiacal_aries,85,0.5,0.5700000000000001,0.5620046620046619,0.68,0.6140880858272163,0.6060000000000001,0.6553716251069192,6.8,5.4,4.6,3.2
svm_full,signo_zodiacal_aries,86,0.5,0.5,0.4945804195804196,0.6199999999999999,0.5443478260869565,0.49800000000000005,0.530398480604363,6.2,6.2,3.8,3.8
svm_full,signo_zodiacal_aries,87,0.5,0.5700000000000001,0.6676190476190476,0.4,0.47551624845742496,0.534,0.6175142090451688,4.0,2.6,7.4,6.0
svm_full,signo_zodiacal_aries,88,0.5,0.53,0.5491666666666666,0.5399999999999999,0.5184615384615385,0.466,0.5218308527557753,5.4,4.8,5.2,4.6
svm_full,signo_zodiacal_aries,89,0.5,0.61,0.6139393939393939,0.6599999999999999,0.6316491228070175,0.5780000000000001,0.6152491305564061,6.6,4.4,5.6,3.4
svm_full,signo_zodiacal_aries,90,0.5,0.49000000000000005,0.49673992673992673,0.64,0.5557251444207967,0.49399999999999994,0.5369032536091359,6.4,6.6,3.4,3.6
svm_full,signo_zodiacal_aries,91,0.5,0.4,0.4157575757575758,0.5,0.4521038961038961,0.442,0.5778280306724579,5.0,7.0,3.0,5.0
svm_full,signo_zodiacal_aries,92,0.5,0.51,0.511976911976912,0.48,0.49264337313872913,0.53,0.5794433426051072,4.8,4.6,5.4,5.2
svm_full,signo_zodiacal_aries,93,0.5,0.53,0.5157142857142857,0.45999999999999996,0.47751008537386247,0.534,0.550188440214756,4.6,4.0,6.0,5.4
svm_full,signo_zodiacal_aries,94,0.5,0.41999999999999993,0.42764957264957265,0.39999999999999997,0.41038393084159674,0.392,0.4828121616945147,4.0,5.6,4.4,6.0
svm_full,signo_zodiacal_aries,95,0.5,0.48999999999999994,0.4727777777777778,0.58,0.5064126984126983,0.484,0.534385427867626,5.8,6.0,4.0,4.2
svm_full,signo_zodiacal_aries,96,0.5,0.45999999999999996,0.46300653594771235,0.5999999999999999,0.5148968770021402,0.532,0.6162526809276035,6.0,6.8,3.2,4.0
svm_full,signo_zodiacal_aries,97,0.5,0.5,0.5033766233766233,0.5,0.4939589169000934,0.488,0.5599338620615711,5.0,5.0,5.0,5.0
svm_full,signo_zodiacal_aries,98,0.5,0.5800000000000001,0.5845021645021645,0.5,0.5318580765639589,0.6340000000000001,0.6329418257181414,5.0,3.4,6.6,5.0
svm_full,signo_zodiacal_aries,99,0.5,0.5,0.48555555555555563,0.45999999999999996,0.46779904306220094,0.508,0.5994797800238976,4.6,4.6,5.4,5.4
svm_full,signo_zodiacal_aries,100,0.5,0.54,0.5320512820512822,0.64,0.5763065436978481,0.512,0.5605312373385128,6.4,5.6,4.4,3.6
svm_full,signo_zodiacal_aries,101,0.5,0.41000000000000003,0.4166849816849817,0.47999999999999987,0.4362114236999147,0.39,0.5181308805573511,4.8,6.6,3.4,5.2
svm_full,signo_zodiacal_aries,102,0.5,0.52,0.5190094219505983,0.68,0.5851851851851851,0.56,0.6198301414787483,6.8,6.4,3.6,3.2
svm_full,signo_zodiacal_aries,103,0.5,0.5599999999999999,0.5724786324786324,0.5599999999999999,0.5637986270022883,0.6119999999999999,0.6189038249332366,5.6,4.4,5.6,4.4
svm_full,signo_zodiacal_aries,104,0.5,0.44000000000000006,0.4023809523809524,0.3,0.3256805286217051,0.41600000000000004,0.5073708699281455,3.0,4.2,5.8,7.0
svm_full,signo_zodiacal_aries,105,0.5,0.55,0.6267399267399266,0.44000000000000006,0.4846350580365926,0.554,0.651915287327052,4.4,3.4,6.6,5.6
svm_full,signo_zodiacal_aries,106,0.5,0.45,0.4466233766233766,0.34,0.3791596638655462,0.442,0.5222125919316322,3.4,4.4,5.6,6.6
svm_full,signo_zodiacal_aries,107,0.5,0.55,0.5748051948051948,0.43999999999999995,0.48654061624649864,0.552,0.6430386105122945,4.4,3.4,6.6,5.6
svm_full,signo_zodiacal_aries,108,0.5,0.45,0.4488888888888889,0.38,0.40891640866873064,0.4800000000000001,0.5107915107768048,3.8,4.8,5.2,6.2
svm_full,signo_zodiacal_aries,109,0.5,0.43999999999999995,0.44989316239316235,0.54,0.4848090124977997,0.43499999999999994,0.5270375935553954,5.4,6.6,3.4,4.6
svm_full,signo_zodiacal_aries,110,0.5,0.51,0.5104473304473304,0.45999999999999996,0.4805503955968352,0.546,0.626374392549315,4.6,4.4,5.6,5.4
svm_full,signo_zodiacal_aries,111,0.5,0.48,0.47333333333333333,0.5399999999999999,0.49822860180754913,0.4539999999999999,0.5180144294130362,5.4,5.8,4.2,4.6
svm_full,signo_zodiacal_aries,112,0.5,0.5200000000000001,0.520313662945242,0.68,0.5794366166199196,0.5660000000000001,0.632515352294764,6.8,6.4,3.6,3.2
svm_full,signo_zodiacal_aries,113,0.5,0.39,0.3716666666666667,0.38,0.37093567251461995,0.40599999999999997,0.5098041588614344,3.8,6.0,4.0,6.2
svm_full,signo_zodiacal_aries,114,0.5,0.59,0.6765501165501165,0.52,0.565901710798736,0.5900000000000001,0.6952380099260904,5.2,3.4,6.6,4.8
svm_full,signo_zodiacal_aries,115,0.5,0.51,0.502020202020202,0.5,0.4934837092731829,0.5439999999999999,0.6144415204678362,5.0,4.8,5.2,5.0
svm_full,signo_zodiacal_aries,116,0.5,0.48999999999999994,0.49102564102564106,0.56,0.5137351778656127,0.518,0.6047492791006722,5.6,5.8,4.2,4.4
svm_full,signo_zodiacal_aries,117,0.5,0.43,0.41407758907758907,0.44000000000000006,0.42161180677804716,0.344,0.4853441409811379,4.4,5.8,4.2,5.6
svm_full,signo_zodiacal_aries,118,0.5,0.5700000000000001,0.6666666666666666,0.44000000000000006,0.5018315018315018,0.586,0.6361204159617471,4.4,3.0,7.0,5.6
svm_full,signo_zodiacal_aries,119,0.5,0.51,0.5085714285714286,0.52,0.5054307783719547,0.47800000000000004,0.5168183354313385,5.2,5.0,5.0,4.8
svm_full,signo_zodiacal_aries,120,0.5,0.44000000000000006,0.48300653594771237,0.44000000000000006,0.41926750637276944,0.40800000000000003,0.516437629793667,4.4,5.6,4.4,5.6
svm_full,signo_zodiacal_aries,121,0.5,0.54,0.5355866355866356,0.58,0.5519160219389052,0.5840000000000001,0.6489036329167908,5.8,5.0,5.0,4.2
svm_full,signo_zodiacal_aries,122,0.5,0.56,0.5579004329004328,0.4999999999999999,0.5179101943807826,0.5239999999999999,0.5666394879630173,5.0,3.8,6.2,5.0
svm_full,signo_zodiacal_aries,123,0.5,0.45,0.4564646464646465,0.44000000000000006,0.4358930659983292,0.518,0.5902726680783956,4.4,5.4,4.6,5.6
svm_full,signo_zodiacal_aries,124,0.5,0.48,0.4535775335775335,0.4,0.40991581846609443,0.41,0.520398033167383,4.0,4.4,5.6,6.0
svm_full,signo_zodiacal_aries,125,0.5,0.53,0.5216050616050616,0.6599999999999999,0.5797018633540373,0.546,0.5965646732868095,6.6,6.0,4.0,3.4
svm_full,signo_zodiacal_aries,126,0.5,0.63,0.6275790875790876,0.7000000000000001,0.6578271766372452,0.6379999999999999,0.681781576868264,7.0,4.4,5.6,3.0
svm_full,signo_zodiacal_aries,127,0.5,0.43,0.4366666666666667,0.36,0.3842424242424243,0.38399999999999995,0.47638090710459136,3.6,5.0,5.0,6.4
svm_full,signo_zodiacal_aries,128,0.5,0.53,0.5137445887445887,0.45999999999999996,0.47931839402427645,0.524,0.5649996937187339,4.6,4.0,6.0,5.4
svm_full,signo_zodiacal_aries,129,0.5,0.48,0.45584415584415583,0.44000000000000006,0.4409536541889483,0.426,0.5274200707273463,4.4,4.8,5.2,5.6
svm_full,signo_zodiacal_aries,130,0.5,0.45,0.44353424353424353,0.42000000000000004,0.42497291822907657,0.402,0.480272061443888,4.2,5.2,4.8,5.8
svm_full,signo_zodiacal_aries,131,0.5,0.5,0.5016233766233766,0.45999999999999996,0.474917239623122,0.504,0.556695720945721,4.6,4.6,5.4,5.4
svm_full,signo_zodiacal_aries,132,0.5,0.54,0.5324242424242425,0.62,0.5695584415584415,0.518,0.5812236848119201,6.2,5.4,4.6,3.8
svm_full,signo_zodiacal_aries,133,0.5,0.5,0.4947052947052947,0.6199999999999999,0.5479296066252588,0.542,0.5946176492925719,6.2,6.2,3.8,3.8
svm_full,signo_zodiacal_aries,134,0.5,0.55,0.5466666666666666,0.7,0.6077435897435898,0.522,0.5661971874015217,7.0,6.0,4.0,3.0
svm_full,signo_zodiacal_aries,135,0.5,0.59,0.5736685536685537,0.6599999999999999,0.6096316879154408,0.636,0.6852200848686916,6.6,4.8,5.2,3.4
svm_full,signo_zodiacal_aries,136,0.5,0.36,0.354004329004329,0.36,0.35284043441938173,0.29600000000000004,0.4391154268847767,3.6,6.4,3.6,6.4
svm_full,signo_zodiacal_aries,137,0.5,0.52,0.521025641025641,0.4800000000000001,0.49194380879735566,0.5880000000000001,0.6365643498228637,4.8,4.4,5.6,5.2
svm_full,signo_zodiacal_aries,138,0.5,0.54,0.534920634920635,0.4,0.44779709454632055,0.552,0.6200999262175733,4.0,3.2,6.8,6.0
svm_full,signo_zodiacal_aries,139,0.5,0.48,0.4834920634920635,0.52,0.497511961722488,0.442,0.5134324666561508,5.2,5.6,4.4,4.8
svm_full,signo_zodiacal_aries,140,0.5,0.45,0.44965034965034956,0.5199999999999999,0.4808503472119033,0.514,0.6012609873786343,5.2,6.2,3.8,4.8
svm_full,signo_zodiacal_aries,141,0.5,0.41999999999999993,0.41606060606060613,0.4600000000000001,0.4290995670995671,0.43,0.5611999524383424,4.6,6.2,3.8,5.4
svm_full,signo_zodiacal_aries,142,0.5,0.44000000000000006,0.42142857142857143,0.36,0.3836007130124777,0.43599999999999994,0.5166432266563845,3.6,4.8,5.2,6.4
svm_full,signo_zodiacal_aries,143,0.5,0.53,0.5326923076923077,0.5,0.506647032989744,0.51,0.5655207635501753,5.0,4.4,5.6,5.0
svm_full,signo_zodiacal_aries,144,0.5,0.53,0.5274975024975024,0.48,0.4927241911257257,0.528,0.6038245457672702,4.8,4.2,5.8,5.2
svm_full,signo_zodiacal_aries,145,0.5,0.51,0.5076923076923077,0.52,0.509192612625107,0.541,0.5825243706242158,5.2,5.0,5.0,4.8
svm_full,signo_zodiacal_aries,146,0.5,0.35,0.34488844488844494,0.4,0.3684945915124943,0.31399999999999995,0.4678152450404773,4.0,7.0,3.0,6.0
svm_full,signo_zodiacal_aries,147,0.5,0.42000000000000004,0.38928571428571423,0.26,0.3107843137254902,0.352,0.48353726442116535,2.6,4.2,5.8,7.4
svm_full,signo_zodiacal_aries,148,0.5,0.5200000000000001,0.49075757575757584,0.54,0.5024131424131424,0.522,0.5733250340131145,5.4,5.0,5.0,4.6
svm_full,signo_zodiacal_aries,149,0.5,0.51,0.5125097125097124,0.54,0.5218764962472056,0.554,0.6044590491208138,5.4,5.2,4.8,4.6
svm_full,signo_zodiacal_aries,150,0.5,0.36,0.3672727272727273,0.44000000000000006,0.3964102564102564,0.29200000000000004,0.4187001923944648,4.4,7.2,2.8,5.6
svm_full,signo_zodiacal_aries,151,0.5,0.48,0.4599567099567099,0.43999999999999995,0.4430990578049402,0.48600000000000004,0.5255771897521124,4.4,4.8,5.2,5.6
svm_full,signo_zodiacal_aries,152,0.5,0.53,0.5191622103386809,0.68,0.5842953342953343,0.49799999999999994,0.5254862229273993,6.8,6.2,3.8,3.2
svm_full,signo_zodiacal_aries,153,0.5,0.55,0.5515151515151515,0.48,0.5019047619047619,0.528,0.5943759682010455,4.8,3.8,6.2,5.2
svm_full,signo_zodiacal_aries,154,0.5,0.49000000000000005,0.4996825396825397,0.42000000000000004,0.45349845201238387,0.508,0.5883310561987033,4.2,4.4,5.6,5.8
svm_full,signo_zodiacal_aries,155,0.5,0.52,0.5007575757575757,0.4,0.43116605616605613,0.5680000000000001,0.6058523502641149,4.0,3.6,6.4,6.0
svm_full,signo_zodiacal_aries,156,0.5,0.5,0.5113553113553113,0.44000000000000006,0.45902697047198326,0.52,0.6044785667548824,4.4,4.4,5.6,5.6
svm_full,signo_zodiacal_aries,157,0.5,0.51,0.5261904761904762,0.36,0.41688948306595364,0.4699999999999999,0.5655123314078422,3.6,3.4,6.6,6.4
svm_full,signo_zodiacal_aries,158,0.5,0.48,0.475,0.33999999999999997,0.38851540616246505,0.48200000000000004,0.5396905688051199,3.4,3.8,6.2,6.6
svm_full,signo_zodiacal_aries,159,0.5,0.5900000000000001,0.5823412698412699,0.74,0.6422402159244264,0.638,0.6429380402878855,7.4,5.6,4.4,2.6
svm_full,signo_zodiacal_aries,160,0.5,0.4,0.4014285714285714,0.42000000000000004,0.4046552209400507,0.37400000000000005,0.504498308279268,4.2,6.2,3.8,5.8
svm_full,signo_zodiacal_aries,161,0.5,0.43,0.4255122655122655,0.36,0.3850368568480024,0.42000000000000004,0.5012771101447572,3.6,5.0,5.0,6.4
svm_full,signo_zodiacal_aries,162,0.5,0.57,0.5858823529411764,0.6599999999999999,0.5893333333333334,0.546,0.5604070618923561,6.6,5.2,4.8,3.4
svm_full,signo_zodiacal_aries,163,0.5,0.5700000000000001,0.6150793650793651,0.45999999999999996,0.5138876603272888,0.55,0.5999191107310302,4.6,3.2,6.8,5.4
svm_full,signo_zodiacal_aries,164,0.5,0.38,0.3641558441558442,0.28,0.3107002801120448,0.354,0.49263887359630393,2.8,5.2,4.8,7.2
svm_full,signo_zodiacal_aries,165,0.5,0.4800000000000001,0.47817460317460314,0.36000000000000004,0.40213769718413683,0.446,0.5171278752207545,3.6,4.0,6.0,6.4
svm_full,signo_zodiacal_aries,166,0.5,0.5199999999999999,0.5217171717171718,0.5599999999999999,0.5385964912280701,0.47800000000000004,0.5799371966183111,5.6,5.2,4.8,4.4
svm_full,signo_zodiacal_aries,167,0.5,0.41,0.36952380952380953,0.42000000000000004,0.3789457601222307,0.39299999999999996,0.4648760591833347,4.2,6.0,4.0,5.8
svm_full,signo_zodiacal_aries,168,0.5,0.5,0.4765079365079365,0.4,0.43131062951496385,0.516,0.5844432773109244,4.0,4.0,6.0,6.0
svm_full,signo_zodiacal_aries,169,0.5,0.54,0.5412337662337662,0.44000000000000006,0.48160597572362274,0.6,0.6175470417954937,4.4,3.6,6.4,5.6
svm_full,signo_zodiacal_aries,170,0.5,0.47000000000000003,0.46078431372549017,0.6,0.5112721417069244,0.40800000000000003,0.47714878688562895,6.0,6.6,3.4,4.0
svm_full,signo_zodiacal_aries,171,0.5,0.54,0.532051282051282,0.72,0.6107509881422926,0.4880000000000001,0.5394068008874511,7.2,6.4,3.6,2.8
svm_full,signo_zodiacal_aries,172,0.5,0.45,0.4224109224109224,0.44000000000000006,0.42312695829319863,0.41999999999999993,0.5117313797313797,4.4,5.4,4.6,5.6
svm_full,signo_zodiacal_aries,173,0.5,0.45,0.44120879120879125,0.5800000000000001,0.49806763285024164,0.368,0.45213730859783496,5.8,6.8,3.2,4.2
svm_full,signo_zodiacal_aries,174,0.5,0.58,0.5753846153846154,0.6799999999999999,0.6201449275362318,0.66,0.7017412474866035,6.8,5.2,4.8,3.2
svm_full,signo_zodiacal_aries,175,0.5,0.52,0.525,0.45999999999999996,0.48611111111111105,0.504,0.5428170713875048,4.6,4.2,5.8,5.4
svm_full,signo_zodiacal_aries,176,0.5,0.51,0.5075757575757576,0.5599999999999999,0.5295815295815296,0.518,0.5624163979295558,5.6,5.4,4.6,4.4
svm_full,signo_zodiacal_aries,177,0.5,0.51,0.5067832167832168,0.6599999999999999,0.5716006022962545,0.476,0.49909886252378516,6.6,6.4,3.6,3.4
svm_full,signo_zodiacal_aries,178,0.5,0.45,0.46654761904761904,0.6599999999999999,0.5454498834498834,0.4640000000000001,0.5394618904487325,6.6,7.6,2.4,3.4
svm_full,signo_zodiacal_aries,179,0.5,0.47000000000000003,0.46424242424242423,0.41999999999999993,0.4252773109243698,0.372,0.4786337290160819,4.2,4.8,5.2,5.8
svm_full,signo_zodiacal_aries,180,0.5,0.45999999999999996,0.46078431372549017,0.5800000000000001,0.5065185185185185,0.41600000000000004,0.47965208664744263,5.8,6.6,3.4,4.2
svm_full,signo_zodiacal_aries,181,0.5,0.55,0.5665501165501166,0.62,0.584919254658385,0.5800000000000001,0.658992551136514,6.2,5.2,4.8,3.8
svm_full,signo_zodiacal_aries,182,0.5,0.47000000000000003,0.4716305916305917,0.4600000000000001,0.45621553884711774,0.47800000000000004,0.5493424825088911,4.6,5.2,4.8,5.4
svm_full,signo_zodiacal_aries,183,0.5,0.5,0.5197222222222222,0.5599999999999999,0.5261250562303194,0.48999999999999994,0.5738220102910505,5.6,5.6,4.4,4.4
svm_full,signo_zodiacal_aries,184,0.5,0.38000000000000006,0.34833333333333333,0.27999999999999997,0.30666666666666664,0.33,0.43173914406886543,2.8,5.2,4.8,7.2
svm_full,signo_zodiacal_aries,185,0.5,0.51,0.50507326007326,0.54,0.5114384768400113,0.5720000000000001,0.6158011133173671,5.4,5.2,4.8,4.6
svm_full,signo_zodiacal_aries,186,0.5,0.4600000000000001,0.4355555555555556,0.38,0.39497975708502026,0.398,0.5102719986411938,3.8,4.6,5.4,6.2
svm_full,signo_zodiacal_aries,187,0.5,0.52,0.5313131313131313,0.5,0.5075871496924129,0.522,0.5490242143477437,5.0,4.6,5.4,5.0
svm_full,signo_zodiacal_aries,188,0.5,0.5599999999999999,0.5721500721500721,0.5,0.5264816452896948,0.556,0.5946052733815892,5.0,3.8,6.2,5.0
svm_full,signo_zodiacal_aries,189,0.5,0.38,0.37558441558441563,0.44000000000000006,0.39840719445673006,0.39699999999999996,0.4924790756199425,4.4,6.8,3.2,5.6
svm_full,signo_zodiacal_aries,190,0.5,0.5,0.5086691086691086,0.5,0.49273567550590036,0.5039999999999999,0.5636567119670834,5.0,5.0,5.0,5.0
svm_full,signo_zodiacal_aries,191,0.5,0.55,0.533986013986014,0.6599999999999999,0.587459439111613,0.58,0.6011191096485213,6.6,5.6,4.4,3.4
svm_full,signo_zodiacal_aries,192,0.5,0.56,0.555050505050505,0.5,0.5219298245614035,0.578,0.6006345861740598,5.0,3.8,6.2,5.0
svm_full,signo_zodiacal_aries,193,0.5,0.57,0.5533333333333333,0.5,0.5053146853146853,0.5760000000000001,0.6116483793983793,5.0,3.6,6.4,5.0
svm_full,signo_zodiacal_aries,194,0.5,0.56,0.5578210678210678,0.6199999999999999,0.5837912964228753,0.562,0.6095284335547493,6.2,5.0,5.0,3.8
svm_full,signo_zodiacal_aries,195,0.5,0.5,0.5113553113553113,0.6399999999999999,0.563996948893974,0.46799999999999997,0.5476555491292333,6.4,6.4,3.6,3.6
svm_full,signo_zodiacal_aries,196,0.5,0.54,0.5332167832167832,0.62,0.5723131940523245,0.568,0.6462068591023697,6.2,5.4,4.6,3.8
svm_full,signo_zodiacal_aries,197,0.5,0.49000000000000005,0.4866666666666667,0.54,0.5062348178137652,0.458,0.5541006679079434,5.4,5.6,4.4,4.6
svm_full,signo_zodiacal_aries,198,0.5,0.54,0.5099650349650349,0.6199999999999999,0.5498277085233607,0.532,0.602516251893961,6.2,5.4,4.6,3.8
svm_full,signo_zodiacal_aries,199,0.5,0.45,0.45090909090909087,0.48,0.4643290043290043,0.42700000000000005,0.5023272925904505,4.8,5.8,4.2,5.2
svm_full,signo_zodiacal_aries,200,0.5,0.5,0.49610389610389616,0.52,0.4988095238095238,0.5,0.5430474607092254,5.2,5.2,4.8,4.8
svm_full,signo_zodiacal_aries,201,0.5,0.45,0.42333333333333334,0.4,0.4079558745348219,0.426,0.5160881634705164,4.0,5.0,5.0,6.0
svm_full,signo_zodiacal_aries,202,0.5,0.45,0.4666666666666666,0.32,0.36563202878992357,0.466,0.51013542013542,3.2,4.2,5.8,6.8
svm_full,signo_zodiacal_aries,203,0.5,0.51,0.5111111111111112,0.5,0.5036758563074353,0.518,0.5806531774898647,5.0,4.8,5.2,5.0
svm_full,signo_zodiacal_aries,204,0.5,0.45,0.4746453546453546,0.44000000000000006,0.4379192546583851,0.4600000000000001,0.5126835017407773,4.4,5.4,4.6,5.6
svm_full,signo_zodiacal_aries,205,0.5,0.54,0.5413986013986014,0.6,0.5677244494635799,0.544,0.6001058740880721,6.0,5.2,4.8,4.0
svm_full,signo_zodiacal_aries,206,0.5,0.52,0.5345854145854145,0.5,0.5094775301424919,0.5700000000000001,0.6254836182908938,5.0,4.6,5.4,5.0
svm_full,signo_zodiacal_aries,207,0.5,0.52,0.52,0.58,0.5472727272727272,0.546,0.6279452389715547,5.8,5.4,4.6,4.2
svm_full,signo_zodiacal_aries,208,0.5,0.6,0.595054945054945,0.68,0.627536231884058,0.6260000000000001,0.65533840952649,6.8,4.8,5.2,3.2
svm_full,signo_zodiacal_aries,209,0.5,0.47000000000000003,0.4714285714285714,0.44000000000000006,0.4455882352941177,0.41,0.518569203500318,4.4,5.0,5.0,5.6
svm_full,signo_zodiacal_aries,210,0.5,0.52,0.5367521367521367,0.52,0.5187018930726024,0.5269999999999999,0.6131259634758087,5.2,4.8,5.2,4.8
svm_full,signo_zodiacal_aries,211,0.5,0.53,0.5325840825840825,0.58,0.5491901108269395,0.548,0.6069801017695754,5.8,5.2,4.8,4.2
svm_full,signo_zodiacal_aries,212,0.5,0.43,0.4322344322344323,0.4600000000000001,0.4381668345862719,0.422,0.5422658657132341,4.6,6.0,4.0,5.4
svm_full,signo_zodiacal_aries,213,0.5,0.5499999999999999,0.5825036075036075,0.45999999999999996,0.5078099660916998,0.5780000000000001,0.6277168639753778,4.6,3.6,6.4,5.4
svm_full,signo_zodiacal_aries,214,0.5,0.5,0.49642857142857133,0.36,0.4169934640522876,0.516,0.5936814013300081,3.6,3.6,6.4,6.4
svm_full,signo_zodiacal_aries,215,0.5,0.48999999999999994,0.5142857142857142,0.34,0.4020541549953315,0.492,0.5568244280659141,3.4,3.6,6.4,6.6
svm_full,signo_zodiacal_aries,216,0.5,0.64,0.6067965367965369,0.8,0.687939393939394,0.658,0.6533428576927028,8.0,5.2,4.8,2.0
svm_full,signo_zodiacal_aries,217,0.5,0.57,0.6453968253968254,0.4,0.4825554081281635,0.598,0.6813020025210428,4.0,2.6,7.4,6.0
svm_full,signo_zodiacal_aries,218,0.5,0.4,0.4238028638028638,0.5599999999999999,0.4811511387163561,0.384,0.4969265930148283,5.6,7.6,2.4,4.4
svm_full,signo_zodiacal_aries,219,0.5,0.45999999999999996,0.46692307692307694,0.62,0.5289425357251444,0.42200000000000004,0.5160891897919762,6.2,7.0,3.0,3.8
svm_full,signo_zodiacal_aries,220,0.5,0.4600000000000001,0.4978321678321678,0.44000000000000006,0.4479089026915114,0.43600000000000005,0.5011797354692092,4.4,5.2,4.8,5.6
svm_full,signo_zodiacal_aries,221,0.5,0.45,0.45064102564102565,0.52,0.47859025032938074,0.45200000000000007,0.5838529905766747,5.2,6.2,3.8,4.8
svm_full,signo_zodiacal_aries,222,0.5,0.56,0.5548484848484849,0.6199999999999999,0.5849350649350649,0.56,0.5824483355481807,6.2,5.0,5.0,3.8
svm_full,signo_zodiacal_aries,223,0.5,0.45,0.44761904761904764,0.4800000000000001,0.45254810548928204,0.434,0.5312847075525093,4.8,5.8,4.2,5.2
svm_full,signo_zodiacal_aries,224,0.5,0.44000000000000006,0.41666666666666663,0.36,0.38131313131313127,0.374,0.4738362209685739,3.6,4.8,5.2,6.4
svm_full,signo_zodiacal_aries,225,0.5,0.4800000000000001,0.48068181818181815,0.58,0.5195970695970695,0.45899999999999996,0.5261876344329904,5.8,6.2,3.8,4.2
svm_full,signo_zodiacal_aries,226,0.5,0.5200000000000001,0.5444444444444444,0.30000000000000004,0.3648408351194729,0.5319999999999998,0.6000929980751961,3.0,2.6,7.4,7.0
svm_full,signo_zodiacal_aries,227,0.5,0.4800000000000001,0.47329004329004326,0.5,0.48218996689584925,0.45099999999999996,0.5408241933505092,5.0,5.4,4.6,5.0
svm_full,signo_zodiacal_aries,228,0.5,0.54,0.5482721956406167,0.64,0.5790935017795272,0.4680000000000001,0.5670437346451278,6.4,5.6,4.4,3.6
svm_full,signo_zodiacal_aries,229,0.5,0.5200000000000001,0.5181818181818182,0.6,0.5546583850931677,0.5660000000000001,0.6253132304571932,6.0,5.6,4.4,4.0
svm_full,signo_zodiacal_aries,230,0.5,0.42000000000000004,0.43000000000000005,0.48,0.45006698564593306,0.426,0.5258537877671003,4.8,6.4,3.6,5.2
svm_full,signo_zodiacal_aries,231,0.5,0.55,0.5358041958041958,0.6599999999999999,0.5887754564276304,0.536,0.5772157903156356,6.6,5.6,4.4,3.4
svm_full,signo_zodiacal_aries,232,0.5,0.38999999999999996,0.374945054945055,0.41999999999999993,0.3845592497868713,0.37,0.4815690821046858,4.2,6.4,3.6,5.8
svm_full,signo_zodiacal_aries,233,0.5,0.5700000000000001,0.5666233766233766,0.5599999999999999,0.5594148472786243,0.5519999999999999,0.5774986406782071,5.6,4.2,5.8,4.4
svm_full,signo_zodiacal_aries,234,0.5,0.48,0.4818181818181818,0.54,0.5056340852130325,0.45999999999999996,0.5519442301764284,5.4,5.8,4.2,4.6
svm_full,signo_zodiacal_aries,235,0.5,0.41,0.40992063492063496,0.45999999999999996,0.42445423513534963,0.442,0.5619975263814274,4.6,6.4,3.6,5.4
svm_full,signo_zodiacal_aries,236,0.5,0.5399999999999999,0.5514102564102564,0.4600000000000001,0.4857971014492753,0.603,0.6415721480102284,4.6,3.8,6.2,5.4
svm_full,signo_zodiacal_aries,237,0.5,0.45999999999999996,0.45404151404151405,0.5399999999999999,0.4897295610567922,0.44800000000000006,0.517442770078219,5.4,6.2,3.8,4.6
svm_full,signo_zodiacal_aries,238,0.5,0.6,0.6183333333333334,0.5,0.5461111111111112,0.632,0.6550522043316162,5.0,3.0,7.0,5.0
svm_full,signo_zodiacal_aries,239,0.5,0.45,0.4376495726495726,0.32,0.34593948639715233,0.44000000000000006,0.546905948025143,3.2,4.2,5.8,6.8
svm_full,signo_zodiacal_aries,240,0.5,0.48,0.48555555555555563,0.42000000000000004,0.4495906432748537,0.44400000000000006,0.5629741498611467,4.2,4.6,5.4,5.8
svm_full,signo_zodiacal_aries,241,0.5,0.5800000000000001,0.5706060606060606,0.5,0.514025974025974,0.6260000000000001,0.6907737623573537,5.0,3.4,6.6,5.0
svm_full,signo_zodiacal_aries,242,0.5,0.55,0.5542857142857143,0.5599999999999999,0.5507843137254902,0.586,0.6140896392908777,5.6,4.6,5.4,4.4
svm_full,signo_zodiacal_aries,243,0.5,0.61,0.6876923076923076,0.54,0.5817391304347825,0.602,0.6373386597063068,5.4,3.2,6.8,4.6
svm_full,signo_zodiacal_aries,244,0.5,0.4600000000000001,0.4575757575757575,0.4800000000000001,0.46453634085213036,0.40199999999999997,0.5260892112703258,4.8,5.6,4.4,5.2
svm_full,signo_zodiacal_aries,245,0.5,0.5599999999999999,0.5635786435786436,0.54,0.5479522335249889,0.5860000000000001,0.6096113857762464,5.4,4.2,5.8,4.6
svm_full,signo_zodiacal_aries,246,0.5,0.45,0.46071428571428574,0.36,0.3901493930905695,0.46799999999999997,0.573931818181818,3.6,4.6,5.4,6.4
svm_full,signo_zodiacal_aries,247,0.5,0.51,0.5092929292929294,0.54,0.5229254955570746,0.502,0.5709574504442926,5.4,5.2,4.8,4.6
svm_full,signo_zodiacal_aries,248,0.5,0.49000000000000005,0.4954700854700855,0.6,0.5390022883295195,0.48999999999999994,0.5585351109159158,6.0,6.2,3.8,4.0
svm_full,signo_zodiacal_aries,249,0.5,0.41,0.37777777777777777,0.4,0.37151211361737674,0.372,0.4772484384380669,4.0,5.8,4.2,6.0
svm_full,signo_zodiacal_aries,250,0.5,0.49000000000000005,0.48126984126984124,0.43999999999999995,0.4464478844169246,0.556,0.6558568576246594,4.4,4.6,5.4,5.6
svm_full,signo_zodiacal_aries,251,0.5,0.32999999999999996,0.3408225108225108,0.4,0.3631261487050961,0.292,0.4167974639739345,4.0,7.4,2.6,6.0
svm_full,signo_zodiacal_aries,252,0.5,0.5599999999999999,0.5616317016317016,0.7,0.6190724637681159,0.596,0.6402444310075888,7.0,5.8,4.2,3.0
svm_full,signo_zodiacal_aries,253,0.5,0.57,0.5541880341880342,0.62,0.5772824815662345,0.6,0.6218846600595827,6.2,4.8,5.2,3.8
svm_full,signo_zodiacal_aries,254,0.5,0.4,0.41351981351981354,0.48,0.4437417654808959,0.426,0.5652137770210525,4.8,6.8,3.2,5.2
svm_full,signo_zodiacal_aries,255,0.5,0.41,0.3832167832167832,0.4,0.3862525879917184,0.362,0.4722269515829887,4.0,5.8,4.2,6.0
svm_full,signo_zodiacal_aries,256,0.5,0.58,0.6104761904761904,0.43999999999999995,0.506764705882353,0.628,0.6696979578728806,4.4,2.8,7.2,5.6
svm_full,signo_zodiacal_aries,257,0.5,0.48,0.48571428571428565,0.38,0.4200619195046439,0.47800000000000004,0.569942291798329,3.8,4.2,5.8,6.2
svm_full,signo_zodiacal_aries,258,0.5,0.53,0.5248484848484848,0.68,0.5851428571428572,0.5319999999999999,0.5799689446260653,6.8,6.2,3.8,3.2
svm_full,signo_zodiacal_aries,259,0.5,0.55,0.5490909090909091,0.52,0.5292857142857144,0.5619999999999999,0.6184878340613634,5.2,4.2,5.8,4.8
svm_full,signo_zodiacal_aries,260,0.5,0.6399999999999999,0.692063492063492,0.52,0.5904024767801858,0.6559999999999999,0.6763272436198132,5.2,2.4,7.6,4.8
svm_full,signo_zodiacal_aries,261,0.5,0.4800000000000001,0.4500976800976801,0.48,0.4530718099596818,0.484,0.5861394459513655,4.8,5.2,4.8,5.2
svm_full,signo_zodiacal_aries,262,0.5,0.53,0.5199145299145299,0.64,0.5703132931142084,0.554,0.5869688346569151,6.4,5.8,4.2,3.6
svm_full,signo_zodiacal_aries,263,0.5,0.43,0.41714285714285715,0.36,0.37139215686274507,0.41200000000000003,0.4986133152193524,3.6,5.0,5.0,6.4
svm_full,signo_zodiacal_aries,264,0.5,0.57,0.5735930735930735,0.66,0.6096491228070174,0.5680000000000001,0.607946948648187,6.6,5.2,4.8,3.4
svm_full,signo_zodiacal_aries,265,0.5,0.54,0.5503607503607504,0.56,0.5511278195488721,0.568,0.6305303416054191,5.6,4.8,5.2,4.4
svm_full,signo_zodiacal_aries,266,0.5,0.45,0.4173809523809524,0.42000000000000004,0.40444444444444444,0.5119999999999999,0.531281845175808,4.2,5.2,4.8,5.8
svm_full,signo_zodiacal_aries,267,0.5,0.55,0.5535353535353534,0.52,0.5347535505430242,0.576,0.6362312856562082,5.2,4.2,5.8,4.8
svm_full,signo_zodiacal_aries,268,0.5,0.6,0.6105311355311355,0.6,0.5950284919459775,0.5900000000000001,0.6758438589274502,6.0,4.0,6.0,4.0
svm_full,signo_zodiacal_aries,269,0.5,0.4600000000000001,0.42888888888888876,0.52,0.4602874493927126,0.4800000000000001,0.5817136393018746,5.2,6.0,4.0,4.8
svm_full,signo_zodiacal_aries,270,0.5,0.5599999999999999,0.5482251082251082,0.64,0.584140350877193,0.5599999999999999,0.6207387302240244,6.4,5.2,4.8,3.6
svm_full,signo_zodiacal_aries,271,0.5,0.45999999999999996,0.4733766233766234,0.45999999999999996,0.4609286138697903,0.48200000000000004,0.556705297798177,4.6,5.4,4.6,5.4
svm_full,signo_zodiacal_aries,272,0.5,0.48,0.475,0.33999999999999997,0.3894736842105263,0.46799999999999997,0.5687194394872412,3.4,3.8,6.2,6.6
svm_full,signo_zodiacal_aries,273,0.5,0.5700000000000001,0.5531746031746031,0.6599999999999999,0.594768740031898,0.552,0.5819079325387375,6.6,5.2,4.8,3.4
svm_full,signo_zodiacal_aries,274,0.5,0.6199999999999999,0.615079365079365,0.64,0.620039403321137,0.6500000000000001,0.6640108649520414,6.4,4.0,6.0,3.6
svm_full,signo_zodiacal_aries,275,0.5,0.37,0.35083333333333333,0.4,0.3667592933382407,0.29000000000000004,0.4217420959673281,4.0,6.6,3.4,6.0
svm_full,signo_zodiacal_aries,276,0.5,0.49000000000000005,0.4999999999999999,0.3,0.36153846153846153,0.511,0.5852204282645459,3.0,3.2,6.8,7.0
svm_full,signo_zodiacal_aries,277,0.5,0.53,0.5275335775335774,0.5399999999999999,0.5273400310821229,0.552,0.6041053180565564,5.4,4.8,5.2,4.6
svm_full,signo_zodiacal_aries,278,0.5,0.54,0.5267857142857142,0.66,0.5773504273504273,0.612,0.7015300599812984,6.6,5.8,4.2,3.4
svm_full,signo_zodiacal_aries,279,0.5,0.5,0.4979797979797979,0.4,0.43063909774436093,0.5259999999999999,0.5762267922136343,4.0,4.0,6.0,6.0
svm_full,signo_zodiacal_aries,280,0.5,0.5199999999999999,0.5217171717171717,0.5599999999999999,0.5385964912280702,0.512,0.5798629077321028,5.6,5.2,4.8,4.4
svm_full,signo_zodiacal_aries,281,0.5,0.6100000000000001,0.6671428571428571,0.48,0.5457040998217468,0.64,0.6915882522190571,4.8,2.6,7.4,5.2
svm_full,signo_zodiacal_aries,282,0.5,0.49000000000000005,0.4673076923076923,0.36,0.39403036576949624,0.5239999999999999,0.5799296900210213,3.6,3.8,6.2,6.4
svm_full,signo_zodiacal_aries,283,0.5,0.66,0.7189393939393939,0.5599999999999999,0.6207602339181287,0.6039999999999999,0.6748780200707445,5.6,2.4,7.6,4.4
svm_full,signo_zodiacal_aries,284,0.5,0.63,0.6805916305916305,0.6,0.6171679197994987,0.638,0.677189029494757,6.0,3.4,6.6,4.0
svm_full,signo_zodiacal_aries,285,0.5,0.41,0.4099567099567099,0.33999999999999997,0.3588543551391849,0.41200000000000003,0.5174014319014318,3.4,5.2,4.8,6.6
svm_full,signo_zodiacal_aries,286,0.5,0.57,0.5752525252525252,0.5599999999999999,0.5651629072681703,0.6100000000000001,0.6593990237488688,5.6,4.2,5.8,4.4
svm_full,signo_zodiacal_aries,287,0.5,0.45999999999999996,0.4554578754578754,0.52,0.4822883295194508,0.446,0.5630601929030721,5.2,6.0,4.0,4.8
svm_full,signo_zodiacal_aries,288,0.5,0.54,0.5463564213564214,0.5,0.5180107130571526,0.5680000000000001,0.633191005073358,5.0,4.2,5.8,5.0
svm_full,signo_zodiacal_aries,289,0.5,0.41,0.4014285714285714,0.31999999999999995,0.3387637721755369,0.458,0.5598877423745845,3.2,5.0,5.0,6.8
svm_full,signo_zodiacal_aries,290,0.5,0.49000000000000005,0.48666666666666664,0.56,0.5175238095238095,0.45,0.4869748307248307,5.6,5.8,4.2,4.4
svm_full,signo_zodiacal_aries,291,0.5,0.47000000000000003,0.475,0.44000000000000006,0.45406698564593295,0.479,0.5952261800806693,4.4,5.0,5.0,5.6
svm_full,signo_zodiacal_aries,292,0.5,0.48,0.4793253968253969,0.47999999999999987,0.47021036754782886,0.534,0.6116132103190927,4.8,5.2,4.8,5.2
svm_full,signo_zodiacal_aries,293,0.5,0.44000000000000006,0.4550802139037433,0.4800000000000001,0.4465608465608466,0.41600000000000004,0.5002246905141641,4.8,6.0,4.0,5.2
svm_full,signo_zodiacal_aries,294,0.5,0.43,0.3894505494505494,0.36,0.3669622051719238,0.426,0.49733463801420463,3.6,5.0,5.0,6.4
svm_full,signo_zodiacal_aries,295,0.5,0.5,0.5796031746031746,0.30000000000000004,0.35560684241798796,0.4640000000000001,0.5893578921078921,3.0,3.0,7.0,7.0
svm_full,signo_zodiacal_aries,296,0.5,0.5900000000000001,0.5890909090909091,0.66,0.6203726708074534,0.5820000000000001,0.6006706781350745,6.6,4.8,5.2,3.4
svm_full,signo_zodiacal_aries,297,0.5,0.53,0.5449883449883449,0.5800000000000001,0.5582216410591696,0.528,0.6210484962234187,5.8,5.2,4.8,4.2
svm_full,signo_zodiacal_aries,298,0.5,0.5,0.4875757575757576,0.45999999999999996,0.46531784005468213,0.514,0.5606376395362462,4.6,4.6,5.4,5.4
svm_full,signo_zodiacal_aries,299,0.5,0.5599999999999999,0.5631746031746031,0.5,0.5272170622635018,0.5760000000000001,0.6414881497071899,5.0,3.8,6.2,5.0
svm_full,signo_zodiacal_aries,300,0.5,0.38,0.35653679653679654,0.34,0.3423402088107971,0.41000000000000003,0.5076898775459147,3.4,5.8,4.2,6.6
svm_full,signo_zodiacal_aries,301,0.5,0.55,0.5311204481792717,0.72,0.6072727272727272,0.488,0.5284031231925969,7.2,6.2,3.8,2.8
svm_full,signo_zodiacal_aries,302,0.5,0.55,0.5343137254901962,0.6,0.542087542087542,0.598,0.606182396636731,6.0,5.0,5.0,4.0
svm_full,signo_zodiacal_aries,303,0.5,0.5200000000000001,0.523458110516934,0.6399999999999999,0.5668872180451128,0.492,0.5521585373690636,6.4,6.0,4.0,3.6
svm_full,signo_zodiacal_aries,304,0.5,0.51,0.5194444444444444,0.5599999999999999,0.5330409356725145,0.534,0.5664997759378564,5.6,5.4,4.6,4.4
svm_full,signo_zodiacal_aries,305,0.5,0.45,0.4416666666666667,0.38,0.4033359914938862,0.45,0.5266051458861056,3.8,4.8,5.2,6.2
svm_full,signo_zodiacal_aries,306,0.5,0.53,0.5372727272727272,0.5399999999999999,0.5322222222222222,0.5880000000000001,0.6272099454553015,5.4,4.8,5.2,4.6
svm_full,signo_zodiacal_aries,307,0.5,0.38,0.35018759018759016,0.3,0.31726374760430487,0.406,0.49135402523173416,3.0,5.4,4.6,7.0
svm_full,signo_zodiacal_aries,308,0.5,0.45,0.4435897435897436,0.58,0.4936231884057972,0.40599999999999997,0.48957000352588587,5.8,6.8,3.2,4.2
svm_full,signo_zodiacal_aries,309,0.5,0.44000000000000006,0.4313368983957219,0.44000000000000006,0.414047619047619,0.40099999999999997,0.4930721114970341,4.4,5.6,4.4,5.6
svm_full,signo_zodiacal_aries,310,0.5,0.41999999999999993,0.41238095238095235,0.4,0.40283703912186886,0.362,0.5096938006953486,4.0,5.6,4.4,6.0
svm_full,signo_zodiacal_aries,311,0.5,0.51,0.48309468309468306,0.54,0.5047683146485139,0.5050000000000001,0.5611672145364095,5.4,5.2,4.8,4.6
svm_full,signo_zodiacal_aries,312,0.5,0.35,0.34055944055944054,0.36,0.34727398205659077,0.362,0.4824523337859251,3.6,6.6,3.4,6.4
svm_full,signo_zodiacal_aries,313,0.5,0.57,0.5870629370629371,0.6199999999999999,0.5894080557124035,0.5599999999999999,0.6063444990681833,6.2,4.8,5.2,3.8
svm_full,signo_zodiacal_aries,314,0.5,0.51,0.4543434343434344,0.34,0.373734335839599,0.422,0.5259828633698602,3.4,3.2,6.8,6.6
svm_full,signo_zodiacal_aries,315,0.5,0.48,0.4459065934065934,0.62,0.5099442586399109,0.49400000000000005,0.5576402943461767,6.2,6.6,3.4,3.8
svm_full,signo_zodiacal_aries,316,0.5,0.48,0.4637529137529137,0.44000000000000006,0.44515182884748106,0.48,0.5432783035677773,4.4,4.8,5.2,5.6
svm_full,signo_zodiacal_aries,317,0.5,0.51,0.4355555555555556,0.36,0.3901754385964912,0.48,0.5406192783824363,3.6,3.4,6.6,6.4
svm_full,signo_zodiacal_aries,318,0.5,0.52,0.5146886446886447,0.54,0.5222087886538015,0.526,0.6061913909104311,5.4,5.0,5.0,4.6
svm_full,signo_zodiacal_aries,319,0.5,0.48,0.476996336996337,0.58,0.5163747965589398,0.4580000000000001,0.5330917574857204,5.8,6.2,3.8,4.2
svm_full,signo_zodiacal_aries,320,0.5,0.4600000000000001,0.46020202020202017,0.44000000000000006,0.44843776106934,0.46799999999999997,0.5756493506493505,4.4,5.2,4.8,5.6
svm_full,signo_zodiacal_aries,321,0.5,0.45,0.4666666666666667,0.62,0.5321739130434783,0.484,0.57229398319259,6.2,7.2,2.8,3.8
svm_full,signo_zodiacal_aries,322,0.5,0.51,0.5333333333333333,0.33999999999999997,0.40101214574898786,0.55,0.6012117229176053,3.4,3.2,6.8,6.6
svm_full,signo_zodiacal_aries,323,0.5,0.41,0.41321678321678323,0.45999999999999996,0.4336529069709848,0.398,0.48898899363450443,4.6,6.4,3.6,5.4
svm_full,signo_zodiacal_aries,324,0.5,0.38,0.35906593406593407,0.4,0.3744193856725826,0.324,0.4344308961592243,4.0,6.4,3.6,6.0
svm_full,signo_zodiacal_aries,325,0.5,0.49000000000000005,0.49435897435897436,0.6,0.540223978919631,0.472,0.5242272722977057,6.0,6.2,3.8,4.0
svm_full,signo_zodiacal_aries,326,0.5,0.48,0.46893939393939393,0.45999999999999996,0.46113769271664007,0.49799999999999994,0.6017279305661658,4.6,5.0,5.0,5.4
svm_full,signo_zodiacal_aries,327,0.5,0.25,0.25007936507936507,0.30000000000000004,0.26994152046783626,0.25199999999999995,0.4214846873113127,3.0,8.0,2.0,7.0
svm_full,signo_zodiacal_aries,328,0.5,0.47000000000000003,0.4454822954822955,0.42000000000000004,0.4203383371239072,0.422,0.5136015377811043,4.2,4.8,5.2,5.8
svm_full,signo_zodiacal_aries,329,0.5,0.5700000000000001,0.5582251082251082,0.54,0.5260822510822509,0.616,0.6887568238435111,5.4,4.0,6.0,4.6
svm_full,signo_zodiacal_aries,330,0.5,0.38,0.3776767676767677,0.42000000000000004,0.3930359231411863,0.376,0.47690134968230946,4.2,6.6,3.4,5.8
svm_full,signo_zodiacal_aries,331,0.5,0.55,0.5833333333333334,0.48,0.5194710260499733,0.5780000000000001,0.6226572740984505,4.8,3.8,6.2,5.2
svm_full,signo_zodiacal_aries,332,0.5,0.5,0.5001165501165501,0.62,0.5530208921513269,0.51,0.5616978021978022,6.2,6.2,3.8,3.8
svm_full,signo_zodiacal_aries,333,0.5,0.42000000000000004,0.422092352092352,0.36,0.3783689169447683,0.36,0.47180571758822537,3.6,5.2,4.8,6.4
svm_full,signo_zodiacal_aries,334,0.5,0.52,0.52,0.6,0.5402380952380953,0.6119999999999999,0.7048696556281696,6.0,5.6,4.4,4.0
svm_full,signo_zodiacal_aries,335,0.5,0.47000000000000003,0.46150793650793653,0.41999999999999993,0.4354254620508491,0.496,0.5604042146364128,4.2,4.8,5.2,5.8
svm_full,signo_zodiacal_aries,336,0.5,0.5799999999999998,0.567063492063492,0.58,0.5642352315726928,0.5419999999999999,0.5871932681181906,5.8,4.2,5.8,4.2
svm_full,signo_zodiacal_aries,337,0.5,0.55,0.5802020202020202,0.54,0.5428822055137845,0.532,0.6254105365738492,5.4,4.4,5.6,4.6
svm_full,signo_zodiacal_aries,338,0.5,0.51,0.5060139860139861,0.5,0.49457556935817804,0.46799999999999997,0.5115022852964028,5.0,4.8,5.2,5.0
svm_full,signo_zodiacal_aries,339,0.5,0.55,0.5418290043290044,0.7,0.6083416583416583,0.576,0.599227041534317,7.0,6.0,4.0,3.0
svm_full,signo_zodiacal_aries,340,0.5,0.4,0.3988888888888889,0.42000000000000004,0.4011196172248804,0.38,0.4709804203364575,4.2,6.2,3.8,5.8
svm_full,signo_zodiacal_aries,341,0.5,0.52,0.5153846153846153,0.6,0.5505489679402723,0.488,0.5570465721069435,6.0,5.6,4.4,4.0
svm_full,signo_zodiacal_aries,342,0.5,0.45999999999999996,0.4348051948051948,0.54,0.47312021312021313,0.438,0.5053660891911665,5.4,6.2,3.8,4.6
svm_full,signo_zodiacal_aries,343,0.5,0.51,0.49595959595959604,0.52,0.5055517581833371,0.4659999999999999,0.5424587705895755,5.2,5.0,5.0,4.8
svm_full,signo_zodiacal_aries,344,0.5,0.49000000000000005,0.4543589743589743,0.43999999999999995,0.42402351271916483,0.5359999999999999,0.580117970265029,4.4,4.6,5.4,5.6
svm_full,signo_zodiacal_aries,345,0.5,0.54,0.54,0.44000000000000006,0.4589206349206349,0.526,0.5578225550679111,4.4,3.6,6.4,5.6
svm_full,signo_zodiacal_aries,346,0.5,0.59,0.588939393939394,0.64,0.6083838383838385,0.5879999999999999,0.6168331359902567,6.4,4.6,5.4,3.6
svm_full,signo_zodiacal_aries,347,0.5,0.5,0.481978021978022,0.6199999999999999,0.5337391304347826,0.5640000000000001,0.6225278141191454,6.2,6.2,3.8,3.8
svm_full,signo_zodiacal_aries,348,0.5,0.58,0.5832478632478633,0.6599999999999999,0.6121844745643373,0.5619999999999999,0.59698764084213,6.6,5.0,5.0,3.4
svm_full,signo_zodiacal_aries,349,0.5,0.5700000000000001,0.5687301587301589,0.5999999999999999,0.5746535322262877,0.584,0.6120423073658368,6.0,4.6,5.4,4.0
svm_full,signo_zodiacal_aries,350,0.5,0.4,0.40909090909090906,0.4,0.39880952380952384,0.42000000000000004,0.5015316601183474,4.0,6.0,4.0,6.0
svm_full,signo_zodiacal_aries,351,0.5,0.53,0.531068931068931,0.6399999999999999,0.5698860815229102,0.462,0.5080814159181032,6.4,5.8,4.2,3.6
svm_full,signo_zodiacal_aries,352,0.5,0.54,0.55,0.5999999999999999,0.5578181818181818,0.5279999999999999,0.6302481033758123,6.0,5.2,4.8,4.0
svm_full,signo_zodiacal_aries,353,0.5,0.5,0.5057142857142857,0.4600000000000001,0.4727777777777778,0.484,0.5427291597291598,4.6,4.6,5.4,5.4
svm_full,signo_zodiacal_aries,354,0.5,0.48999999999999994,0.5075147075147075,0.45999999999999996,0.47569306898960956,0.476,0.5324725921653165,4.6,4.8,5.2,5.4
svm_full,signo_zodiacal_aries,355,0.5,0.39,0.3722377622377622,0.41999999999999993,0.3853264320220842,0.41600000000000004,0.5179340151592473,4.2,6.4,3.6,5.8
svm_full,signo_zodiacal_aries,356,0.5,0.52,0.52,0.34,0.3981746031746032,0.534,0.5724188737818767,3.4,3.0,7.0,6.6
svm_full,signo_zodiacal_aries,357,0.5,0.53,0.6277777777777778,0.4,0.4338516746411483,0.584,0.6322769067018292,4.0,3.4,6.6,6.0
svm_full,signo_zodiacal_aries,358,0.5,0.5,0.5027777777777778,0.44000000000000006,0.46049191606467155,0.45899999999999996,0.5142486114676517,4.4,4.4,5.6,5.6
svm_full,signo_zodiacal_aries,359,0.5,0.49000000000000005,0.4979797979797979,0.42000000000000004,0.45054302422723475,0.492,0.5987161368043721,4.2,4.4,5.6,5.8
svm_full,signo_zodiacal_aries,360,0.5,0.5800000000000001,0.5757464757464756,0.6,0.5809354821604115,0.614,0.6612604421722069,6.0,4.4,5.6,4.0
svm_full,signo_zodiacal_aries,361,0.5,0.42000000000000004,0.43074925074925074,0.6,0.493871635610766,0.502,0.586144009155619,6.0,7.6,2.4,4.0
svm_full,signo_zodiacal_aries,362,0.5,0.45000000000000007,0.45272727272727276,0.38,0.4097852474323062,0.48200000000000004,0.5541560378046446,3.8,4.8,5.2,6.2
svm_full,signo_zodiacal_aries,363,0.5,0.43,0.39548229548229547,0.33999999999999997,0.3576759994615695,0.438,0.5060204866512916,3.4,4.8,5.2,6.6
svm_full,signo_zodiacal_aries,364,0.5,0.5900000000000001,0.605952380952381,0.6399999999999999,0.6102792632204397,0.6279999999999999,0.6738325363147344,6.4,4.6,5.4,3.6
svm_full,signo_zodiacal_aries,365,0.5,0.51,0.4976923076923077,0.5599999999999999,0.515169752444352,0.506,0.5879832312510331,5.6,5.4,4.6,4.4
svm_full,signo_zodiacal_aries,366,0.5,0.5399999999999999,0.5333333333333333,0.43999999999999995,0.47742690058479537,0.54,0.5724437963996788,4.4,3.6,6.4,5.6
svm_full,signo_zodiacal_aries,367,0.5,0.45,0.4621645021645021,0.47999999999999987,0.4632605042016807,0.45,0.5631362830495957,4.8,5.8,4.2,5.2
svm_full,signo_zodiacal_aries,368,0.5,0.35,0.3161111111111111,0.32,0.28975361480624634,0.19,0.39896535679662615,3.2,6.2,3.8,6.8
svm_full,signo_zodiacal_aries,369,0.5,0.53,0.5429797979797979,0.44000000000000006,0.4784962406015037,0.5720000000000001,0.6034693270266025,4.4,3.8,6.2,5.6
svm_full,signo_zodiacal_aries,370,0.5,0.5299999999999999,0.5371861471861472,0.58,0.5537806637806637,0.5820000000000001,0.6463866972380903,5.8,5.2,4.8,4.2
svm_full,signo_zodiacal_aries,371,0.5,0.43999999999999995,0.4239010989010989,0.42000000000000004,0.4139244103438477,0.45600000000000007,0.5268456090692932,4.2,5.4,4.6,5.8
svm_full,signo_zodiacal_aries,372,0.5,0.54,0.5321678321678321,0.56,0.5423050379572119,0.576,0.6364379488760294,5.6,4.8,5.2,4.4
svm_full,signo_zodiacal_aries,373,0.5,0.52,0.517045177045177,0.45999999999999996,0.47537398483420823,0.5519999999999999,0.5726925356205542,4.6,4.2,5.8,5.4
svm_full,signo_zodiacal_aries,374,0.5,0.6100000000000001,0.5820970695970695,0.8,0.6723218810175331,0.5700000000000001,0.574503402857892,8.0,5.8,4.2,2.0
svm_full,signo_zodiacal_aries,375,0.5,0.47000000000000003,0.43238095238095237,0.36,0.377843137254902,0.48,0.5279736276795101,3.6,4.2,5.8,6.4
svm_full,signo_zodiacal_aries,376,0.5,0.48,0.4834065934065935,0.6599999999999999,0.5573148880105403,0.4630000000000001,0.5249978169405414,6.6,7.0,3.0,3.4
svm_full,signo_zodiacal_aries,377,0.5,0.55,0.5510378510378511,0.6,0.5692601067887109,0.608,0.6945536881419233,6.0,5.0,5.0,4.0
svm_full,signo_zodiacal_aries,378,0.5,0.52,0.5447619047619047,0.31999999999999995,0.4011764705882353,0.62,0.65594059535236,3.2,2.8,7.2,6.8
svm_full,signo_zodiacal_aries,379,0.5,0.5,0.48912337662337657,0.5599999999999999,0.509843424549307,0.47400000000000003,0.5466195542503591,5.6,5.6,4.4,4.4
svm_full,signo_zodiacal_aries,380,0.5,0.45,0.4525252525252525,0.44000000000000006,0.42944862155388475,0.392,0.4816538096406518,4.4,5.4,4.6,5.6
svm_full,signo_zodiacal_aries,381,0.5,0.4600000000000001,0.4646620046620047,0.58,0.5142586109542632,0.49000000000000005,0.5902105014868173,5.8,6.6,3.4,4.2
svm_full,signo_zodiacal_aries,382,0.5,0.53,0.5176470588235295,0.7,0.5905723905723905,0.4960000000000001,0.5273251164899773,7.0,6.4,3.6,3.0
svm_full,signo_zodiacal_aries,383,0.5,0.5000000000000001,0.49985347985347983,0.7,0.5826956521739131,0.472,0.5617393799011446,7.0,7.0,3.0,3.0
svm_full,signo_zodiacal_aries,384,0.5,0.5200000000000001,0.5322954822954822,0.45999999999999996,0.46534908085587856,0.51,0.5950056712293554,4.6,4.2,5.8,5.4
svm_full,signo_zodiacal_aries,385,0.5,0.45,0.41060606060606064,0.42000000000000004,0.41043062200956937,0.472,0.5689298473284541,4.2,5.2,4.8,5.8
svm_full,signo_zodiacal_aries,386,0.5,0.41000000000000003,0.3904761904761904,0.32,0.3511523907808738,0.41000000000000003,0.517152656596929,3.2,5.0,5.0,6.8
svm_full,signo_zodiacal_aries,387,0.5,0.33999999999999997,0.3323076923076923,0.36,0.3428592561773339,0.31700000000000006,0.4530480210364112,3.6,6.8,3.2,6.4
svm_full,signo_zodiacal_aries,388,0.5,0.5700000000000001,0.5677777777777778,0.58,0.5725358851674641,0.54,0.569710169947012,5.8,4.4,5.6,4.2
svm_full,signo_zodiacal_aries,389,0.5,0.35000000000000003,0.25757575757575757,0.2,0.21825396825396828,0.34600000000000003,0.4640640862405568,2.0,5.0,5.0,8.0
svm_full,signo_zodiacal_aries,390,0.5,0.55,0.5695238095238095,0.38,0.43730073847720907,0.522,0.5702269750373465,3.8,2.8,7.2,6.2
svm_full,signo_zodiacal_aries,391,0.5,0.48,0.4845598845598845,0.58,0.5249031670084301,0.532,0.6011355758104984,5.8,6.2,3.8,4.2
svm_full,signo_zodiacal_aries,392,0.5,0.56,0.5529137529137529,0.6599999999999999,0.6013175230566535,0.5,0.538171445771291,6.6,5.4,4.6,3.4
svm_full,signo_zodiacal_aries,393,0.5,0.37,0.37424242424242427,0.42000000000000004,0.3942279942279942,0.34,0.44763230766481543,4.2,6.8,3.2,5.8
svm_full,signo_zodiacal_aries,394,0.5,0.51,0.5137713267125033,0.68,0.5798518518518518,0.472,0.5393521484535416,6.8,6.6,3.4,3.2
svm_full,signo_zodiacal_aries,395,0.5,0.45999999999999996,0.44764059469941825,0.58,0.49817871812756714,0.406,0.5053111980039224,5.8,6.6,3.4,4.2
svm_full,signo_zodiacal_aries,396,0.5,0.47000000000000003,0.45714285714285713,0.38,0.41094771241830064,0.4640000000000001,0.5595800321109918,3.8,4.4,5.6,6.2
svm_full,signo_zodiacal_aries,397,0.5,0.6100000000000001,0.5896825396825397,0.7200000000000001,0.6446570972886762,0.639,0.6586180753371155,7.2,5.0,5.0,2.8
svm_full,signo_zodiacal_aries,398,0.5,0.5800000000000001,0.6047868797868798,0.5,0.5201833687767191,0.5800000000000001,0.6511320705438352,5.0,3.4,6.6,5.0
svm_full,signo_zodiacal_aries,399,0.5,0.5900000000000001,0.5737121212121212,0.72,0.633128205128205,0.5860000000000001,0.5927275469628411,7.2,5.4,4.6,2.8
svm_full,signo_zodiacal_aries,400,0.5,0.47000000000000003,0.4686868686868687,0.48,0.47275005696058325,0.442,0.4890879947366015,4.8,5.4,4.6,5.2
svm_full,signo_zodiacal_aries,401,0.5,0.47000000000000003,0.47671282965400613,0.6,0.5257104112939353,0.5040000000000001,0.5748835037511509,6.0,6.6,3.4,4.0
svm_full,signo_zodiacal_aries,402,0.5,0.42000000000000004,0.4246886446886447,0.5,0.45659662991470773,0.388,0.5080687682630407,5.0,6.6,3.4,5.0
svm_full,signo_zodiacal_aries,403,0.5,0.5499999999999999,0.549047619047619,0.52,0.5303862150920975,0.5820000000000001,0.6483105777091845,5.2,4.2,5.8,4.8
svm_full,signo_zodiacal_aries,404,0.5,0.48,0.46904761904761905,0.48,0.4613636363636363,0.46799999999999997,0.561937858924701,4.8,5.2,4.8,5.2
svm_full,signo_zodiacal_aries,405,0.5,0.49000000000000005,0.4807142857142857,0.5,0.47537254901960785,0.45199999999999996,0.5343526099803189,5.0,5.2,4.8,5.0
svm_full,signo_zodiacal_aries,406,0.5,0.44000000000000006,0.4245454545454546,0.45999999999999996,0.43447619047619046,0.414,0.5203981121217963,4.6,5.8,4.2,5.4
svm_full,signo_zodiacal_aries,407,0.5,0.52,0.5290909090909091,0.41999999999999993,0.4587593984962406,0.5740000000000001,0.6000195170326748,4.2,3.8,6.2,5.8
svm_full,signo_zodiacal_aries,408,0.5,0.45999999999999996,0.4261111111111111,0.44000000000000006,0.4246834477498093,0.48600000000000004,0.5785417266771755,4.4,5.2,4.8,5.6
svm_full,signo_zodiacal_aries,409,0.5,0.45999999999999996,0.4772222222222222,0.48,0.4711196172248804,0.42800000000000005,0.49533420380788795,4.8,5.6,4.4,5.2
svm_full,signo_zodiacal_aries,410,0.5,0.5599999999999999,0.5839682539682539,0.52,0.5453344591425087,0.592,0.5934363022598317,5.2,4.0,6.0,4.8
svm_full,signo_zodiacal_aries,411,0.5,0.56,0.5365268065268066,0.6,0.5557613401091662,0.5330000000000001,0.539833590815789,6.0,4.8,5.2,4.0
svm_full,signo_zodiacal_aries,412,0.5,0.59,0.601025641025641,0.5199999999999999,0.5388819875776398,0.632,0.6589780572884288,5.2,3.4,6.6,4.8
svm_full,signo_zodiacal_aries,413,0.5,0.53,0.5166666666666666,0.5399999999999999,0.5217703349282296,0.472,0.5599702905453678,5.4,4.8,5.2,4.6
svm_full,signo_zodiacal_aries,414,0.5,0.45999999999999996,0.4543939393939394,0.52,0.4803809523809524,0.4659999999999999,0.5283696226374246,5.2,6.0,4.0,4.8
svm_full,signo_zodiacal_aries,415,0.5,0.6,0.6037912087912087,0.5599999999999999,0.5741631145211709,0.6599999999999999,0.6949976669357474,5.6,3.6,6.4,4.4
svm_full,signo_zodiacal_aries,416,0.5,0.63,0.6652380952380953,0.5599999999999999,0.6002139037433156,0.6479999999999999,0.6861288876242436,5.6,3.0,7.0,4.4
svm_full,signo_zodiacal_aries,417,0.5,0.45,0.4371489621489621,0.38,0.39934266612823616,0.42000000000000004,0.48592133786406233,3.8,4.8,5.2,6.2
svm_full,signo_zodiacal_aries,418,0.5,0.5900000000000001,0.6342857142857143,0.43999999999999995,0.5141176470588236,0.584,0.6584844191755955,4.4,2.6,7.4,5.6
svm_full,signo_zodiacal_aries,419,0.5,0.56,0.5695970695970696,0.52,0.5241901108269394,0.584,0.6400426022206207,5.2,4.0,6.0,4.8
svm_full,signo_zodiacal_aries,420,0.5,0.53,0.5291763791763792,0.6,0.560260334631044,0.538,0.5690308455734152,6.0,5.4,4.6,4.0
svm_full,signo_zodiacal_aries,421,0.5,0.44000000000000006,0.4218614718614718,0.36,0.3802648332060097,0.41200000000000003,0.46690836940836933,3.6,4.8,5.2,6.4
svm_full,signo_zodiacal_aries,422,0.5,0.47000000000000003,0.4393137254901961,0.6200000000000001,0.5042134162134162,0.434,0.5006908275762765,6.2,6.8,3.2,3.8
svm_full,signo_zodiacal_aries,423,0.5,0.55,0.543003663003663,0.64,0.5831273836765828,0.544,0.5912968702264367,6.4,5.4,4.6,3.6
svm_full,signo_zodiacal_aries,424,0.5,0.52,0.5083333333333333,0.4800000000000001,0.4829824561403509,0.51,0.5621423545494753,4.8,4.4,5.6,5.2
svm_full,signo_zodiacal_aries,425,0.5,0.4600000000000001,0.3709090909090909,0.31999999999999995,0.33266233766233766,0.438,0.5296990705373058,3.2,4.0,6.0,6.8
svm_full,signo_zodiacal_aries,426,0.5,0.48,0.47158119658119657,0.52,0.49079814159905694,0.526,0.6010048860668056,5.2,5.6,4.4,4.8
svm_full,signo_zodiacal_aries,427,0.5,0.48,0.4723076923076923,0.42000000000000004,0.4239149256540561,0.462,0.5107065048814274,4.2,4.6,5.4,5.8
svm_full,signo_zodiacal_aries,428,0.5,0.5,0.4997979797979798,0.54,0.5176304397357029,0.42399999999999993,0.5065543910853507,5.4,5.4,4.6,4.6
svm_full,signo_zodiacal_aries,429,0.5,0.38,0.3923809523809524,0.5,0.4358041958041959,0.292,0.4399573245811636,5.0,7.4,2.6,5.0
svm_full,signo_zodiacal_aries,430,0.5,0.38,0.3868531468531468,0.45999999999999996,0.4181573498964803,0.378,0.5060486453690787,4.6,7.0,3.0,5.4
svm_full,signo_zodiacal_aries,431,0.5,0.6000000000000001,0.5711288711288711,0.76,0.6510351966873705,0.5820000000000001,0.6072394174452997,7.6,5.6,4.4,2.4
svm_full,signo_zodiacal_aries,432,0.5,0.6,0.5883547008547009,0.68,0.6212389695227223,0.592,0.609201296639377,6.8,4.8,5.2,3.2
svm_full,signo_zodiacal_aries,433,0.5,0.52,0.5330952380952382,0.56,0.5417171717171717,0.596,0.6299770496960899,5.6,5.2,4.8,4.4
svm_full,signo_zodiacal_aries,434,0.5,0.49000000000000005,0.5174603174603174,0.4,0.43905306939362665,0.49399999999999994,0.553772505873899,4.0,4.2,5.8,6.0
svm_full,signo_zodiacal_aries,435,0.5,0.55,0.5404329004329005,0.41999999999999993,0.45865438483085547,0.592,0.6855847383610542,4.2,3.2,6.8,5.8
svm_full,signo_zodiacal_aries,436,0.5,0.6,0.5929292929292929,0.6399999999999999,0.6143540669856459,0.6540000000000001,0.67197044252617,6.4,4.4,5.6,3.6
svm_full,signo_zodiacal_aries,437,0.5,0.51,0.5161616161616162,0.42000000000000004,0.4525438596491228,0.558,0.5905967812717039,4.2,4.0,6.0,5.8
svm_full,signo_zodiacal_aries,438,0.5,0.43,0.4246031746031746,0.41999999999999993,0.4179566563467493,0.43200000000000005,0.5269152024446142,4.2,5.6,4.4,5.8
svm_full,signo_zodiacal_aries,439,0.5,0.5599999999999999,0.5698051948051949,0.5,0.5232577879636703,0.534,0.5530550154180185,5.0,3.8,6.2,5.0
svm_full,signo_zodiacal_aries,440,0.5,0.4600000000000001,0.46122766122766123,0.5,0.47717317007934856,0.46399999999999997,0.510545555751438,5.0,5.8,4.2,5.0
svm_full,signo_zodiacal_aries,441,0.5,0.4,0.3756410256410257,0.48,0.4091666914321377,0.35,0.4558193385561807,4.8,6.8,3.2,5.2
svm_full,signo_zodiacal_aries,442,0.5,0.5,0.5002020202020202,0.5599999999999999,0.5226257952573741,0.458,0.5454448051948051,5.6,5.6,4.4,4.4
svm_full,signo_zodiacal_aries,443,0.5,0.65,0.6554168054168054,0.6599999999999999,0.6308325160727907,0.714,0.769331833371307,6.6,3.6,6.4,3.4
svm_full,signo_zodiacal_aries,444,0.5,0.6299999999999999,0.6781746031746032,0.52,0.5874785001719987,0.634,0.6573278182086232,5.2,2.6,7.4,4.8
svm_full,signo_zodiacal_aries,445,0.5,0.53,0.5578571428571428,0.4,0.4534046345811052,0.5519999999999999,0.6204135133871975,4.0,3.4,6.6,6.0
svm_full,signo_zodiacal_aries,446,0.5,0.42000000000000004,0.4155977355977356,0.41999999999999993,0.4133320513560116,0.422,0.4952225090870602,4.2,5.8,4.2,5.8
svm_full,signo_zodiacal_aries,447,0.5,0.54,0.5258823529411765,0.7,0.5959480519480519,0.4940000000000001,0.5444537874406296,7.0,6.2,3.8,3.0
svm_full,signo_zodiacal_aries,448,0.5,0.47000000000000003,0.47427489177489174,0.6,0.5255611055611056,0.502,0.5482941313072891,6.0,6.6,3.4,4.0
svm_full,signo_zodiacal_aries,449,0.5,0.49000000000000005,0.48769230769230765,0.4600000000000001,0.4664450127877238,0.45599999999999996,0.5248404949024145,4.6,4.8,5.2,5.4
svm_full,signo_zodiacal_aries,450,0.5,0.5199999999999999,0.5301587301587303,0.4,0.45362917096663224,0.492,0.5642898908796742,4.0,3.6,6.4,6.0
svm_full,signo_zodiacal_aries,451,0.5,0.51,0.5308913308913309,0.52,0.5154222940129524,0.532,0.6132058111307337,5.2,5.0,5.0,4.8
svm_full,signo_zodiacal_aries,452,0.5,0.5800000000000001,0.61,0.48,0.5249610657660193,0.622,0.6514830147492686,4.8,3.2,6.8,5.2
svm_full,signo_zodiacal_aries,453,0.5,0.56,0.5581425110836876,0.6799999999999999,0.6069173812880907,0.536,0.5533005419932664,6.8,5.6,4.4,3.2
svm_full,signo_zodiacal_aries,454,0.5,0.62,0.6254545454545454,0.54,0.5723809523809524,0.6619999999999999,0.7450229015050995,5.4,3.0,7.0,4.6
svm_full,signo_zodiacal_aries,455,0.5,0.49000000000000005,0.4843589743589744,0.58,0.5238061160807156,0.442,0.5052228517096938,5.8,6.0,4.0,4.2
svm_full,signo_zodiacal_aries,456,0.5,0.6399999999999999,0.6803751803751804,0.54,0.5944088161580422,0.6639999999999999,0.6907664453709346,5.4,2.6,7.4,4.6
svm_full,signo_zodiacal_aries,457,0.5,0.44000000000000006,0.41792717086834735,0.42000000000000004,0.4044662309368192,0.418,0.49723530081889217,4.2,5.4,4.6,5.8
svm_full,signo_zodiacal_aries,458,0.5,0.54,0.5577272727272727,0.5599999999999999,0.5519331662489557,0.57,0.6576232785102754,5.6,4.8,5.2,4.4
svm_full,signo_zodiacal_aries,459,0.5,0.37,0.3556410256410256,0.38,0.3482887740279045,0.33399999999999996,0.4453606153048878,3.8,6.4,3.6,6.2
svm_full,signo_zodiacal_aries,460,0.5,0.48,0.49257575757575756,0.5,0.482995670995671,0.46799999999999997,0.5620734188412206,5.0,5.4,4.6,5.0
svm_full,signo_zodiacal_aries,461,0.5,0.55,0.5611616161616161,0.44000000000000006,0.4836549707602339,0.5720000000000001,0.6297191686882089,4.4,3.4,6.6,5.6
svm_full,signo_zodiacal_aries,462,0.5,0.55,0.5555555555555556,0.5,0.5263157894736842,0.502,0.5878906669525865,5.0,4.0,6.0,5.0
svm_full,signo_zodiacal_aries,463,0.5,0.53,0.5087087912087911,0.72,0.5925975473801561,0.516,0.5522168566727391,7.2,6.6,3.4,2.8
svm_full,signo_zodiacal_aries,464,0.5,0.4699999999999999,0.46529470529470524,0.45999999999999996,0.4571582836032964,0.43199999999999994,0.5235513834290924,4.6,5.2,4.8,5.4
svm_full,signo_zodiacal_aries,465,0.5,0.47000000000000003,0.46988095238095234,0.5599999999999998,0.5022199369258192,0.46399999999999997,0.5441010125924987,5.6,6.2,3.8,4.4
svm_full,signo_zodiacal_aries,466,0.5,0.43,0.42646464646464644,0.4,0.4114954051796157,0.352,0.4716868940313212,4.0,5.4,4.6,6.0
svm_full,signo_zodiacal_aries,467,0.5,0.4,0.3961904761904762,0.5,0.4342167182662539,0.378,0.4746191606810801,5.0,7.0,3.0,5.0
svm_full,signo_zodiacal_aries,468,0.5,0.43,0.40909090909090906,0.42000000000000004,0.40649350649350646,0.4600000000000001,0.5653453223762821,4.2,5.6,4.4,5.8
svm_full,signo_zodiacal_aries,469,0.5,0.51,0.5095104895104895,0.56,0.5322153209109731,0.532,0.6311865083660748,5.6,5.4,4.6,4.4
svm_full,signo_zodiacal_aries,470,0.5,0.6000000000000001,0.5972222222222221,0.62,0.6019404572036151,0.5900000000000001,0.6497733640628377,6.2,4.2,5.8,3.8
svm_full,signo_zodiacal_aries,471,0.5,0.54,0.5400854700854701,0.6,0.5659746203453297,0.508,0.5395548154975399,6.0,5.2,4.8,4.0
svm_full,signo_zodiacal_aries,472,0.5,0.52,0.5189393939393939,0.5599999999999999,0.5336892957030257,0.534,0.5961395636527216,5.6,5.2,4.8,4.4
svm_full,signo_zodiacal_aries,473,0.5,0.45999999999999996,0.45213675213675214,0.5399999999999999,0.49111712086540465,0.446,0.5136465452332326,5.4,6.2,3.8,4.6
svm_full,signo_zodiacal_aries,474,0.5,0.37,0.36836940836940835,0.38,0.3698407784166298,0.376,0.5125002365195863,3.8,6.4,3.6,6.2
svm_full,signo_zodiacal_aries,475,0.5,0.5,0.4983838383838384,0.5599999999999999,0.5246834477498092,0.48,0.5592364404601247,5.6,5.6,4.4,4.4
svm_full,signo_zodiacal_aries,476,0.5,0.43,0.4143939393939394,0.39999999999999997,0.39841269841269844,0.39999999999999997,0.5039565346933769,4.0,5.4,4.6,6.0
svm_full,signo_zodiacal_aries,477,0.5,0.49000000000000005,0.4869408369408369,0.39999999999999997,0.4348407784166298,0.5640000000000001,0.6168693881797596,4.0,4.2,5.8,6.0
svm_full,signo_zodiacal_aries,478,0.5,0.45000000000000007,0.43158730158730163,0.42000000000000004,0.42275260343371796,0.4880000000000001,0.5860180118299313,4.2,5.2,4.8,5.8
svm_full,signo_zodiacal_aries,479,0.5,0.49000000000000005,0.46333333333333326,0.36,0.4004093567251461,0.488,0.5685413377472202,3.6,3.8,6.2,6.4
svm_full,signo_zodiacal_aries,480,0.5,0.53,0.5192156862745098,0.7,0.5893333333333334,0.49800000000000005,0.5163449775199,7.0,6.4,3.6,3.0
svm_full,signo_zodiacal_aries,481,0.5,0.54,0.5678571428571428,0.52,0.5319667260843731,0.5960000000000001,0.6608779065791449,5.2,4.4,5.6,4.8
svm_full,signo_zodiacal_aries,482,0.5,0.45999999999999996,0.45939393939393935,0.43999999999999995,0.4488220551378446,0.458,0.5795568706319479,4.4,5.2,4.8,5.6
svm_full,signo_zodiacal_aries,483,0.5,0.5,0.5111111111111111,0.42000000000000004,0.45789473684210524,0.508,0.5569192529177049,4.2,4.2,5.8,5.8
svm_full,signo_zodiacal_aries,484,0.5,0.47000000000000003,0.484047619047619,0.52,0.48557575757575755,0.41200000000000003,0.5295052925230943,5.2,5.8,4.2,4.8
svm_full,signo_zodiacal_aries,485,0.5,0.49000000000000005,0.49818181818181817,0.54,0.5140451127819549,0.457,0.534211578669009,5.4,5.6,4.4,4.6
svm_full,signo_zodiacal_aries,486,0.5,0.45,0.45321678321678316,0.5599999999999999,0.4984950122341427,0.40599999999999997,0.4722867677558081,5.6,6.6,3.4,4.4
svm_full,signo_zodiacal_aries,487,0.5,0.57,0.5497435897435897,0.72,0.6205849802371541,0.55,0.5642059880264215,7.2,5.8,4.2,2.8
svm_full,signo_zodiacal_aries,488,0.5,0.44000000000000006,0.4468109668109668,0.42000000000000004,0.42975674480318443,0.426,0.5331179674298868,4.2,5.4,4.6,5.8
svm_full,signo_zodiacal_aries,489,0.5,0.53,0.5694444444444444,0.42000000000000004,0.4679976456292246,0.508,0.6049922689969129,4.2,3.6,6.4,5.8
svm_full,signo_zodiacal_aries,490,0.5,0.5700000000000001,0.5753535353535354,0.5599999999999999,0.5668170426065162,0.576,0.6343714571462249,5.6,4.2,5.8,4.4
svm_full,signo_zodiacal_aries,491,0.5,0.5,0.48984848484848487,0.5199999999999999,0.5025108225108226,0.49000000000000005,0.546717764691449,5.2,5.2,4.8,4.8
svm_full,signo_zodiacal_aries,492,0.5,0.6399999999999999,0.6194405594405594,0.74,0.6707494824016562,0.604,0.6004803601111651,7.4,4.6,5.4,2.6
svm_full,signo_zodiacal_aries,493,0.5,0.43,0.4480952380952381,0.6599999999999999,0.5314805194805194,0.44000000000000006,0.543384734718326,6.6,8.0,2.0,3.4
svm_full,signo_zodiacal_aries,494,0.5,0.5,0.4909523809523809,0.5,0.48389154704944176,0.524,0.5644296303971227,5.0,5.0,5.0,5.0
svm_full,signo_zodiacal_aries,495,0.5,0.38,0.3578138528138528,0.36,0.3563432645785587,0.3630000000000001,0.453485641980998,3.6,6.0,4.0,6.4
svm_full,signo_zodiacal_aries,496,0.5,0.53,0.5427045177045177,0.58,0.5434111707230566,0.481,0.5359492641861062,5.8,5.2,4.8,4.2
svm_full,signo_zodiacal_aries,497,0.5,0.49000000000000005,0.4992424242424242,0.52,0.494072594072594,0.47400000000000003,0.5534712350772721,5.2,5.4,4.6,4.8
svm_full,signo_zodiacal_aries,498,0.5,0.54,0.5488888888888889,0.45999999999999996,0.47711201079622134,0.522,0.5827816062506465,4.6,3.8,6.2,5.4
svm_full,signo_zodiacal_aries,499,0.5,0.55,0.5621367521367521,0.6599999999999999,0.5954125447397758,0.542,0.5922199944877964,6.6,5.6,4.4,3.4
svm_full,signo_zodiacal_aries,500,0.5,0.51,0.5193473193473193,0.6199999999999999,0.5626967814793902,0.534,0.6103564209268543,6.2,6.0,4.0,3.8
svm_full,signo_zodiacal_capricornio,1,0.5,0.4,0.4065501165501165,0.52,0.45357193531106577,0.334,0.46725396172454986,5.2,7.2,2.8,4.8
svm_full,signo_zodiacal_capricornio,2,0.5,0.53,0.520952380952381,0.72,0.6040869565217392,0.532,0.5801395163144389,7.2,6.6,3.4,2.8
svm_full,signo_zodiacal_capricornio,3,0.5,0.4699999999999999,0.46571428571428564,0.44000000000000006,0.4505882352941176,0.43800000000000006,0.5632403656714802,4.4,5.0,5.0,5.6
svm_full,signo_zodiacal_capricornio,4,0.5,0.45,0.43526695526695525,0.33999999999999997,0.37596343800678167,0.41400000000000003,0.5102593087167391,3.4,4.4,5.6,6.6
svm_full,signo_zodiacal_capricornio,5,0.5,0.49000000000000005,0.47333333333333333,0.48,0.4636060606060606,0.546,0.5733986913499297,4.8,5.0,5.0,5.2
svm_full,signo_zodiacal_capricornio,6,0.5,0.48999999999999994,0.4934065934065933,0.5999999999999999,0.5384057971014493,0.506,0.5564965650964103,6.0,6.2,3.8,4.0
svm_full,signo_zodiacal_capricornio,7,0.5,0.5,0.5010256410256411,0.6799999999999999,0.5687818654775176,0.516,0.5813339062897886,6.8,6.8,3.2,3.2
svm_full,signo_zodiacal_capricornio,8,0.5,0.54,0.5457575757575758,0.5,0.5104473304473304,0.546,0.5965739070870649,5.0,4.2,5.8,5.0
svm_full,signo_zodiacal_capricornio,9,0.5,0.5,0.5367399267399267,0.5399999999999999,0.5193148880105402,0.47000000000000003,0.6037316670257846,5.4,5.4,4.6,4.6
svm_full,signo_zodiacal_capricornio,10,0.5,0.42000000000000004,0.39111111111111113,0.38,0.382511961722488,0.41,0.5263988882634394,3.8,5.4,4.6,6.2
svm_full,signo_zodiacal_capricornio,11,0.5,0.51,0.4966666666666667,0.45999999999999996,0.4700797448165869,0.4840000000000001,0.5476717906276728,4.6,4.4,5.6,5.4
svm_full,signo_zodiacal_capricornio,12,0.5,0.5900000000000001,0.5914285714285714,0.72,0.640969696969697,0.612,0.6528147228588405,7.2,5.4,4.6,2.8
svm_full,signo_zodiacal_capricornio,13,0.5,0.51,0.48769230769230765,0.43999999999999995,0.436136889538424,0.47000000000000003,0.5388535826918179,4.4,4.2,5.8,5.6
svm_full,signo_zodiacal_capricornio,14,0.5,0.5800000000000001,0.5856060606060606,0.48,0.5177777777777778,0.6599999999999999,0.7022508739110906,4.8,3.2,6.8,5.2
svm_full,signo_zodiacal_capricornio,15,0.5,0.39,0.3658730158730159,0.26,0.30272617819057446,0.42200000000000004,0.5101458900576548,2.6,4.8,5.2,7.4
svm_full,signo_zodiacal_capricornio,16,0.5,0.58,0.6177272727272727,0.52,0.5586173767752716,0.636,0.6285230967862547,5.2,3.6,6.4,4.8
svm_full,signo_zodiacal_capricornio,17,0.5,0.53,0.5326695526695527,0.45999999999999996,0.48771413828689364,0.594,0.6002240418680047,4.6,4.0,6.0,5.4
svm_full,signo_zodiacal_capricornio,18,0.5,0.51,0.5149100899100899,0.5,0.5019892014776925,0.528,0.5365764857777241,5.0,4.8,5.2,5.0
svm_full,signo_zodiacal_capricornio,19,0.5,0.4,0.4129545454545454,0.4800000000000001,0.44007326007326003,0.41400000000000003,0.5356023725156851,4.8,6.8,3.2,5.2
svm_full,signo_zodiacal_capricornio,20,0.5,0.49000000000000005,0.46571428571428564,0.36,0.39725490196078433,0.516,0.5747912240837938,3.6,3.8,6.2,6.4
svm_full,signo_zodiacal_capricornio,21,0.5,0.4800000000000001,0.44904761904761903,0.30000000000000004,0.3388087866725638,0.48599999999999993,0.5590536510273352,3.0,3.4,6.6,7.0
svm_full,signo_zodiacal_capricornio,22,0.5,0.45,0.45071428571428573,0.34,0.3855882352941177,0.40800000000000003,0.5220242382316685,3.4,4.4,5.6,6.6
svm_full,signo_zodiacal_capricornio,23,0.5,0.42000000000000004,0.425,0.5,0.45606060606060606,0.39999999999999997,0.49043088447500216,5.0,6.6,3.4,5.0
svm_full,signo_zodiacal_capricornio,24,0.5,0.5,0.4900432900432901,0.4600000000000001,0.4674942704354469,0.512,0.5935383782883783,4.6,4.6,5.4,5.4
svm_full,signo_zodiacal_capricornio,25,0.5,0.42000000000000004,0.37103174603174605,0.34,0.34317411174996315,0.34,0.44491912765596975,3.4,5.0,5.0,6.6
svm_full,signo_zodiacal_capricornio,26,0.5,0.4600000000000001,0.45090909090909087,0.45999999999999996,0.4461269841269841,0.44799999999999995,0.4965723247340894,4.6,5.4,4.6,5.4
svm_full,signo_zodiacal_capricornio,27,0.5,0.56,0.6503968253968254,0.36,0.4343014398741952,0.5439999999999999,0.6575363133598426,3.6,2.4,7.6,6.4
svm_full,signo_zodiacal_capricornio,28,0.5,0.51,0.49673659673659676,0.52,0.4999654934437543,0.5189999999999999,0.5667876896065751,5.2,5.0,5.0,4.8
svm_full,signo_zodiacal_capricornio,29,0.5,0.5700000000000001,0.5508838383838384,0.72,0.6146520146520146,0.6220000000000001,0.6528897742264614,7.2,5.8,4.2,2.8
svm_full,signo_zodiacal_capricornio,30,0.5,0.5700000000000001,0.5756854256854257,0.52,0.5374636457453794,0.562,0.6444753349505671,5.2,3.8,6.2,4.8
svm_full,signo_zodiacal_capricornio,31,0.5,0.5199999999999999,0.5677777777777778,0.5,0.5128086124401914,0.492,0.5652281052281052,5.0,4.6,5.4,5.0
svm_full,signo_zodiacal_capricornio,32,0.5,0.5599999999999999,0.5561688311688312,0.5399999999999999,0.5436041083099907,0.542,0.5439022339889212,5.4,4.2,5.8,4.6
svm_full,signo_zodiacal_capricornio,33,0.5,0.39,0.4057142857142857,0.43999999999999995,0.41100000000000003,0.356,0.47749743170486203,4.4,6.6,3.4,5.6
svm_full,signo_zodiacal_capricornio,34,0.5,0.5599999999999999,0.5516666666666667,0.5399999999999999,0.5428282828282829,0.58,0.6191488686751845,5.4,4.2,5.8,4.6
svm_full,signo_zodiacal_capricornio,35,0.5,0.39,0.3593650793650794,0.27999999999999997,0.3109184726522188,0.38199999999999995,0.49584598691642034,2.8,5.0,5.0,7.2
svm_full,signo_zodiacal_capricornio,36,0.5,0.43,0.43712121212121213,0.36,0.3837928153717627,0.42400000000000004,0.5215012673085428,3.6,5.0,5.0,6.4
svm_full,signo_zodiacal_capricornio,37,0.5,0.5599999999999999,0.5404395604395604,0.4800000000000001,0.4828547071002314,0.548,0.6105777729322621,4.8,3.6,6.4,5.2
svm_full,signo_zodiacal_capricornio,38,0.5,0.43,0.43190476190476196,0.5599999999999999,0.48166488413547237,0.43499999999999994,0.5774833412201834,5.6,7.0,3.0,4.4
svm_full,signo_zodiacal_capricornio,39,0.5,0.5,0.49428571428571433,0.38,0.42522875816993455,0.512,0.5819166476798057,3.8,3.8,6.2,6.2
svm_full,signo_zodiacal_capricornio,40,0.5,0.5599999999999999,0.5462515262515263,0.6200000000000001,0.5766742944317315,0.5980000000000001,0.6353398421324117,6.2,5.0,5.0,3.8
svm_full,signo_zodiacal_capricornio,41,0.5,0.53,0.5333333333333333,0.56,0.5444976076555024,0.518,0.5763418791390927,5.6,5.0,5.0,4.4
svm_full,signo_zodiacal_capricornio,42,0.5,0.51,0.5305555555555556,0.38,0.439766081871345,0.51,0.5797724656664285,3.8,3.6,6.4,6.2
svm_full,signo_zodiacal_capricornio,43,0.5,0.5800000000000001,0.6113636363636363,0.54,0.5535353535353535,0.552,0.5985949157481665,5.4,3.8,6.2,4.6
svm_full,signo_zodiacal_capricornio,44,0.5,0.44000000000000006,0.44079254079254077,0.52,0.47464857796665577,0.426,0.5153457663767261,5.2,6.4,3.6,4.8
svm_full,signo_zodiacal_capricornio,45,0.5,0.5599999999999999,0.5563636363636364,0.6,0.5767099567099567,0.5519999999999999,0.5660610778110777,6.0,4.8,5.2,4.0
svm_full,signo_zodiacal_capricornio,46,0.5,0.44000000000000006,0.44313131313131315,0.5,0.46702437912964234,0.44400000000000006,0.5409997337543777,5.0,6.2,3.8,5.0
svm_full,signo_zodiacal_capricornio,47,0.5,0.6100000000000001,0.5983333333333333,0.6599999999999999,0.618909090909091,0.6260000000000001,0.6408250523985818,6.6,4.4,5.6,3.4
svm_full,signo_zodiacal_capricornio,48,0.5,0.52,0.5327716727716727,0.58,0.5446876246650106,0.48,0.5622270913640882,5.8,5.4,4.6,4.2
svm_full,signo_zodiacal_capricornio,49,0.5,0.51,0.5122655122655122,0.52,0.5107957058421455,0.48200000000000004,0.5551458094708869,5.2,5.0,5.0,4.8
svm_full,signo_zodiacal_capricornio,50,0.5,0.5,0.5091330891330891,0.6,0.54627765064836,0.49000000000000005,0.5413996836496835,6.0,6.0,4.0,4.0
svm_full,signo_zodiacal_capricornio,51,0.5,0.58,0.6757575757575757,0.4,0.4694476576055523,0.618,0.6763450905819327,4.0,2.4,7.6,6.0
svm_full,signo_zodiacal_capricornio,52,0.5,0.4,0.3617521367521368,0.33999999999999997,0.3457220950928045,0.41,0.501380034997682,3.4,5.4,4.6,6.6
svm_full,signo_zodiacal_capricornio,53,0.5,0.54,0.5285714285714286,0.7,0.5988344988344988,0.496,0.5611760635305527,7.0,6.2,3.8,3.0
svm_full,signo_zodiacal_capricornio,54,0.5,0.49000000000000005,0.48694444444444446,0.52,0.4896337872653662,0.5159999999999999,0.5946860526814086,5.2,5.4,4.6,4.8
svm_full,signo_zodiacal_capricornio,55,0.5,0.47000000000000003,0.44571428571428573,0.36,0.38677871148459386,0.46799999999999997,0.5173233155733156,3.6,4.2,5.8,6.4
svm_full,signo_zodiacal_capricornio,56,0.5,0.38,0.3555555555555555,0.27999999999999997,0.300747322852586,0.316,0.4456480686496166,2.8,5.2,4.8,7.2
svm_full,signo_zodiacal_capricornio,57,0.5,0.55,0.5952380952380952,0.38,0.46045751633986925,0.5559999999999999,0.636082055801096,3.8,2.8,7.2,6.2
svm_full,signo_zodiacal_capricornio,58,0.5,0.39,0.3882828282828283,0.38,0.38355889724310777,0.378,0.5233113291936821,3.8,6.0,4.0,6.2
svm_full,signo_zodiacal_capricornio,59,0.5,0.4699999999999999,0.45802197802197797,0.48,0.4540269704719832,0.466,0.5174091355840582,4.8,5.4,4.6,5.2
svm_full,signo_zodiacal_capricornio,60,0.5,0.36000000000000004,0.3521717171717172,0.36,0.3540533151059467,0.396,0.5107977321096515,3.6,6.4,3.6,6.4
svm_full,signo_zodiacal_capricornio,61,0.5,0.54,0.5382672882672883,0.6,0.5654551398258493,0.6220000000000001,0.6639892205317901,6.0,5.2,4.8,4.0
svm_full,signo_zodiacal_capricornio,62,0.5,0.52,0.5172979797979798,0.5599999999999999,0.5290212711265343,0.532,0.5813313794049088,5.6,5.2,4.8,4.4
svm_full,signo_zodiacal_capricornio,63,0.5,0.55,0.5642002442002442,0.5,0.5200673038093957,0.528,0.5998701705071674,5.0,4.0,6.0,5.0
svm_full,signo_zodiacal_capricornio,64,0.5,0.49000000000000005,0.4870512820512821,0.5199999999999999,0.4977472667175185,0.4459999999999999,0.5225973652250742,5.2,5.4,4.6,4.8
svm_full,signo_zodiacal_capricornio,65,0.5,0.5599999999999999,0.5609523809523809,0.52,0.5220733652312599,0.5199999999999999,0.5787561137692717,5.2,4.0,6.0,4.8
svm_full,signo_zodiacal_capricornio,66,0.5,0.54,0.5383838383838383,0.41999999999999993,0.4635964912280701,0.51,0.5474244648540314,4.2,3.4,6.6,5.8
svm_full,signo_zodiacal_capricornio,67,0.5,0.59,0.5922727272727272,0.5,0.5344444444444443,0.582,0.6076604784104783,5.0,3.2,6.8,5.0
svm_full,signo_zodiacal_capricornio,68,0.5,0.43,0.3375757575757576,0.32,0.32082023239917973,0.4,0.5056019654580026,3.2,4.6,5.4,6.8
svm_full,signo_zodiacal_capricornio,69,0.5,0.48999999999999994,0.4772222222222222,0.38,0.4194152046783626,0.506,0.5440661546056283,3.8,4.0,6.0,6.2
svm_full,signo_zodiacal_capricornio,70,0.5,0.5700000000000001,0.5927716727716728,0.5,0.5299125050477856,0.576,0.6368626634803105,5.0,3.6,6.4,5.0
svm_full,signo_zodiacal_capricornio,71,0.5,0.38,0.3838311688311688,0.27999999999999997,0.31507002801120443,0.384,0.4899757079006305,2.8,5.2,4.8,7.2
svm_full,signo_zodiacal_capricornio,72,0.5,0.49000000000000005,0.500952380952381,0.48,0.48684491978609634,0.458,0.527111770410532,4.8,5.0,5.0,5.2
svm_full,signo_zodiacal_capricornio,73,0.5,0.6,0.6253113553113553,0.5399999999999999,0.5691901108269395,0.662,0.6968347208347208,5.4,3.4,6.6,4.6
svm_full,signo_zodiacal_capricornio,74,0.5,0.53,0.6251948051948052,0.36,0.42491129785247433,0.5319999999999999,0.5877522569449815,3.6,3.0,7.0,6.4
svm_full,signo_zodiacal_capricornio,75,0.5,0.45,0.44564102564102565,0.33999999999999997,0.3725057208237986,0.442,0.5240501634588323,3.4,4.4,5.6,6.6
svm_full,signo_zodiacal_capricornio,76,0.5,0.56,0.5673076923076923,0.6399999999999999,0.594731664470795,0.506,0.587603785103785,6.4,5.2,4.8,3.6
svm_full,signo_zodiacal_capricornio,77,0.5,0.48,0.4630252100840336,0.5599999999999999,0.4950386215092098,0.466,0.546926555470673,5.6,6.0,4.0,4.4
svm_full,signo_zodiacal_capricornio,78,0.5,0.45,0.4350505050505051,0.5199999999999999,0.4703476874003189,0.43200000000000005,0.4930440376616847,5.2,6.2,3.8,4.8
svm_full,signo_zodiacal_capricornio,79,0.5,0.51,0.509090909090909,0.34,0.39327731092436974,0.5000000000000001,0.5663198821302536,3.4,3.2,6.8,6.6
svm_full,signo_zodiacal_capricornio,80,0.5,0.4800000000000001,0.48101398601398604,0.44000000000000006,0.4450517598343685,0.472,0.5694147241647242,4.4,4.8,5.2,5.6
svm_full,signo_zodiacal_capricornio,81,0.5,0.51,0.5086601307189542,0.56,0.5219564061669325,0.514,0.5549665714402556,5.6,5.4,4.6,4.4
svm_full,signo_zodiacal_capricornio,82,0.5,0.54,0.5319047619047618,0.6599999999999999,0.5790267379679144,0.571,0.5970556242862743,6.6,5.8,4.2,3.4
svm_full,signo_zodiacal_capricornio,83,0.5,0.63,0.6352092352092351,0.58,0.6039215686274509,0.662,0.6774840692503231,5.8,3.2,6.8,4.2
svm_full,signo_zodiacal_capricornio,84,0.5,0.5,0.5255555555555554,0.4,0.4440085061137693,0.5479999999999999,0.6166093455048564,4.0,4.0,6.0,6.0
svm_full,signo_zodiacal_capricornio,85,0.5,0.42000000000000004,0.41535353535353536,0.4,0.4068170426065163,0.43400000000000005,0.5350806964793033,4.0,5.6,4.4,6.0
svm_full,signo_zodiacal_capricornio,86,0.5,0.5000000000000001,0.4947630147630148,0.5399999999999999,0.5145210853220006,0.5,0.5506380471953227,5.4,5.4,4.6,4.6
svm_full,signo_zodiacal_capricornio,87,0.5,0.5800000000000001,0.5812698412698412,0.45999999999999996,0.5039884023784953,0.63,0.691166063898262,4.6,3.0,7.0,5.4
svm_full,signo_zodiacal_capricornio,88,0.5,0.54,0.5427849927849928,0.54,0.5374371758272687,0.5309999999999999,0.5618001612250838,5.4,4.6,5.4,4.6
svm_full,signo_zodiacal_capricornio,89,0.5,0.48999999999999994,0.47777777777777786,0.5,0.48253588516746404,0.53,0.5872431924800345,5.0,5.2,4.8,5.0
svm_full,signo_zodiacal_capricornio,90,0.5,0.51,0.5076923076923077,0.5399999999999999,0.520303723736218,0.4920000000000001,0.5531454531880228,5.4,5.2,4.8,4.6
svm_full,signo_zodiacal_capricornio,91,0.5,0.51,0.5238383838383839,0.4600000000000001,0.481453634085213,0.514,0.5669548860152573,4.6,4.4,5.6,5.4
svm_full,signo_zodiacal_capricornio,92,0.5,0.54,0.5487734487734488,0.48,0.5077841662980982,0.568,0.5997149127102686,4.8,4.0,6.0,5.2
svm_full,signo_zodiacal_capricornio,93,0.5,0.5,0.5094988344988345,0.52,0.5094673442499529,0.5780000000000001,0.6632244950611823,5.2,5.2,4.8,4.8
svm_full,signo_zodiacal_capricornio,94,0.5,0.5999999999999999,0.5801398601398601,0.7,0.6326293995859213,0.5479999999999999,0.5715253831136183,7.0,5.0,5.0,3.0
svm_full,signo_zodiacal_capricornio,95,0.5,0.52,0.5260606060606061,0.5599999999999999,0.5406880838459787,0.542,0.6317331628639677,5.6,5.2,4.8,4.4
svm_full,signo_zodiacal_capricornio,96,0.5,0.56,0.56,0.6,0.579047619047619,0.5720000000000001,0.6491110456451012,6.0,4.8,5.2,4.0
svm_full,signo_zodiacal_capricornio,97,0.5,0.47000000000000003,0.47777777777777775,0.6,0.5259298245614035,0.466,0.5477835954894779,6.0,6.6,3.4,4.0
svm_full,signo_zodiacal_capricornio,98,0.5,0.6100000000000001,0.6424242424242425,0.56,0.5872681704260652,0.682,0.6984789917684655,5.6,3.4,6.6,4.4
svm_full,signo_zodiacal_capricornio,99,0.5,0.51,0.5266233766233765,0.52,0.5174603174603174,0.45599999999999996,0.5365053567863165,5.2,5.0,5.0,4.8
svm_full,signo_zodiacal_capricornio,100,0.5,0.45,0.42666666666666664,0.44000000000000006,0.4165268065268065,0.40199999999999997,0.48458027979932006,4.4,5.4,4.6,5.6
svm_full,signo_zodiacal_capricornio,101,0.5,0.48,0.5027417027417027,0.5199999999999999,0.49849624060150377,0.504,0.5934222644400662,5.2,5.6,4.4,4.8
svm_full,signo_zodiacal_capricornio,102,0.5,0.55,0.544949494949495,0.5599999999999999,0.5503531556163135,0.538,0.5865391728154886,5.6,4.6,5.4,4.4
svm_full,signo_zodiacal_capricornio,103,0.5,0.62,0.6156959706959706,0.6599999999999999,0.6298906687007373,0.6400000000000001,0.6741538728729132,6.6,4.2,5.8,3.4
svm_full,signo_zodiacal_capricornio,104,0.5,0.44000000000000006,0.4270202020202021,0.38,0.4005012531328321,0.442,0.4999339071661053,3.8,5.0,5.0,6.2
svm_full,signo_zodiacal_capricornio,105,0.5,0.51,0.5226190476190476,0.42000000000000004,0.4607843137254902,0.526,0.5895332245154228,4.2,4.0,6.0,5.8
svm_full,signo_zodiacal_capricornio,106,0.5,0.5,0.5010256410256411,0.5799999999999998,0.532303723736218,0.454,0.48666613838517864,5.8,5.8,4.2,4.2
svm_full,signo_zodiacal_capricornio,107,0.5,0.6199999999999999,0.6266666666666666,0.6,0.6126315789473684,0.622,0.6319896312837489,6.0,3.6,6.4,4.0
svm_full,signo_zodiacal_capricornio,108,0.5,0.47000000000000003,0.4525757575757575,0.32,0.3669047619047619,0.548,0.590405389330312,3.2,3.8,6.2,6.8
svm_full,signo_zodiacal_capricornio,109,0.5,0.5700000000000001,0.5745920745920745,0.64,0.5907787864309604,0.6519999999999999,0.6844464701964702,6.4,5.0,5.0,3.6
svm_full,signo_zodiacal_capricornio,110,0.5,0.5199999999999999,0.5192857142857144,0.42000000000000004,0.45654188948306595,0.518,0.5533839471502009,4.2,3.8,6.2,5.8
svm_full,signo_zodiacal_capricornio,111,0.5,0.5200000000000001,0.5053113553113553,0.4999999999999999,0.49312950476633344,0.5619999999999999,0.5634604341307128,5.0,4.6,5.4,5.0
svm_full,signo_zodiacal_capricornio,112,0.5,0.4,0.3955844155844156,0.44000000000000006,0.412340208810797,0.39799999999999996,0.48145003139275583,4.4,6.4,3.6,5.6
svm_full,signo_zodiacal_capricornio,113,0.5,0.5599999999999999,0.5459498834498835,0.7,0.6108500195456716,0.5680000000000001,0.61722362767951,7.0,5.8,4.2,3.0
svm_full,signo_zodiacal_capricornio,114,0.5,0.53,0.5390476190476191,0.52,0.5163458110516934,0.5439999999999999,0.5979928137737736,5.2,4.6,5.4,4.8
svm_full,signo_zodiacal_capricornio,115,0.5,0.45999999999999996,0.47368686868686877,0.4,0.4284544695071011,0.46799999999999997,0.5844696425006022,4.0,4.8,5.2,6.0
svm_full,signo_zodiacal_capricornio,116,0.5,0.55,0.5374603174603174,0.64,0.5799681020733651,0.5940000000000001,0.6718005883005883,6.4,5.4,4.6,3.6
svm_full,signo_zodiacal_capricornio,117,0.5,0.5200000000000001,0.5353535353535354,0.36,0.4088345864661654,0.426,0.5275823739384111,3.6,3.2,6.8,6.4
svm_full,signo_zodiacal_capricornio,118,0.5,0.5399999999999999,0.5115384615384615,0.5800000000000001,0.538076416337286,0.5660000000000001,0.6320151247960845,5.8,5.0,5.0,4.2
svm_full,signo_zodiacal_capricornio,119,0.5,0.52,0.519047619047619,0.54,0.522990981289541,0.49399999999999994,0.5450341510914265,5.4,5.0,5.0,4.6
svm_full,signo_zodiacal_capricornio,120,0.5,0.53,0.5448773448773448,0.52,0.5272392210472706,0.5279999999999999,0.5795938854746904,5.2,4.6,5.4,4.8
svm_full,signo_zodiacal_capricornio,121,0.5,0.5900000000000001,0.6358730158730158,0.38,0.45977296181630545,0.6760000000000002,0.7166721874616611,3.8,2.0,8.0,6.2
svm_full,signo_zodiacal_capricornio,122,0.5,0.48,0.4499145299145299,0.4,0.4080925138934292,0.508,0.5432811149119198,4.0,4.4,5.6,6.0
svm_full,signo_zodiacal_capricornio,123,0.5,0.45999999999999996,0.48531746031746026,0.43999999999999995,0.4556900272070551,0.4210000000000001,0.5411742455171248,4.4,5.2,4.8,5.6
svm_full,signo_zodiacal_capricornio,124,0.5,0.5700000000000001,0.5786324786324786,0.5,0.5214988558352402,0.5940000000000001,0.6330101565101566,5.0,3.6,6.4,5.0
svm_full,signo_zodiacal_capricornio,125,0.5,0.5599999999999999,0.55,0.7,0.6123636363636364,0.5820000000000001,0.5834584463524093,7.0,5.8,4.2,3.0
svm_full,signo_zodiacal_capricornio,126,0.5,0.5,0.5047979797979798,0.5,0.4996506417559049,0.5119999999999999,0.5756527340908146,5.0,5.0,5.0,5.0
svm_full,signo_zodiacal_capricornio,127,0.5,0.5299999999999999,0.5192857142857144,0.38,0.43189542483660126,0.5279999999999999,0.602136040430158,3.8,3.2,6.8,6.2
svm_full,signo_zodiacal_capricornio,128,0.5,0.57,0.6027777777777779,0.42000000000000004,0.49137426900584796,0.528,0.6054870294823855,4.2,2.8,7.2,5.8
svm_full,signo_zodiacal_capricornio,129,0.5,0.4800000000000001,0.48210466004583646,0.5599999999999999,0.5074074074074073,0.48999999999999994,0.564493293857845,5.6,6.0,4.0,4.4
svm_full,signo_zodiacal_capricornio,130,0.5,0.44000000000000006,0.44000000000000006,0.38,0.3951226551226551,0.516,0.6024548943488571,3.8,5.0,5.0,6.2
svm_full,signo_zodiacal_capricornio,131,0.5,0.56,0.5862470862470863,0.52,0.5404589371980675,0.504,0.574142321730557,5.2,4.0,6.0,4.8
svm_full,signo_zodiacal_capricornio,132,0.5,0.48,0.4927272727272728,0.38,0.4200793650793651,0.44799999999999995,0.5467375433304226,3.8,4.2,5.8,6.2
svm_full,signo_zodiacal_capricornio,133,0.5,0.55,0.5624242424242424,0.58,0.5517460317460317,0.556,0.6164350340921548,5.8,4.8,5.2,4.2
svm_full,signo_zodiacal_capricornio,134,0.5,0.53,0.5242424242424242,0.45999999999999996,0.47561327561327565,0.6060000000000001,0.664245482845328,4.6,4.0,6.0,5.4
svm_full,signo_zodiacal_capricornio,135,0.5,0.4600000000000001,0.4546886446886448,0.5399999999999999,0.4852857117307245,0.43800000000000006,0.5049916384784805,5.4,6.2,3.8,4.6
svm_full,signo_zodiacal_capricornio,136,0.5,0.54,0.5357692307692308,0.6,0.5610715854194115,0.51,0.5254593441474246,6.0,5.2,4.8,4.0
svm_full,signo_zodiacal_capricornio,137,0.5,0.49000000000000005,0.5,0.54,0.5044166359955834,0.438,0.5152034842522459,5.4,5.6,4.4,4.6
svm_full,signo_zodiacal_capricornio,138,0.5,0.5000000000000001,0.4835964035964036,0.48,0.47459261965655825,0.51,0.5994156034024456,4.8,4.8,5.2,5.2
svm_full,signo_zodiacal_capricornio,139,0.5,0.45999999999999996,0.4656410256410256,0.58,0.514893280632411,0.476,0.5929934716126666,5.8,6.6,3.4,4.2
svm_full,signo_zodiacal_capricornio,140,0.5,0.48,0.48337662337662335,0.5800000000000001,0.5236190476190477,0.47000000000000003,0.5503992227243001,5.8,6.2,3.8,4.2
svm_full,signo_zodiacal_capricornio,141,0.5,0.5,0.5,0.5599999999999999,0.5174242424242425,0.5660000000000001,0.6121066619139375,5.6,5.6,4.4,4.4
svm_full,signo_zodiacal_capricornio,142,0.5,0.5599999999999999,0.5337912087912088,0.6,0.5476557330137892,0.586,0.6253876652243525,6.0,4.8,5.2,4.0
svm_full,signo_zodiacal_capricornio,143,0.5,0.66,0.6486291486291487,0.74,0.6876281613123718,0.676,0.6988407307346935,7.4,4.2,5.8,2.6
svm_full,signo_zodiacal_capricornio,144,0.5,0.45,0.4545454545454546,0.41999999999999993,0.4305555555555555,0.49800000000000005,0.5556288325537551,4.2,5.2,4.8,5.8
svm_full,signo_zodiacal_capricornio,145,0.5,0.48,0.48128205128205126,0.5399999999999999,0.5048572683355291,0.44800000000000006,0.5554821130881502,5.4,5.8,4.2,4.6
svm_full,signo_zodiacal_capricornio,146,0.5,0.5199999999999999,0.48595959595959587,0.52,0.49040601503759385,0.538,0.577549911474834,5.2,4.8,5.2,4.8
svm_full,signo_zodiacal_capricornio,147,0.5,0.58,0.5676190476190476,0.5399999999999999,0.5388235294117647,0.648,0.6516343270592496,5.4,3.8,6.2,4.6
svm_full,signo_zodiacal_capricornio,148,0.5,0.5,0.425,0.42000000000000004,0.40918803418803423,0.528,0.5831398015469222,4.2,4.2,5.8,5.8
svm_full,signo_zodiacal_capricornio,149,0.5,0.53,0.5366666666666666,0.5,0.5104306220095693,0.6140000000000001,0.6609833222333222,5.0,4.4,5.6,5.0
svm_full,signo_zodiacal_capricornio,150,0.5,0.49000000000000005,0.4909090909090909,0.64,0.5546583850931677,0.442,0.5296936036100123,6.4,6.6,3.4,3.6
svm_full,signo_zodiacal_capricornio,151,0.5,0.41,0.4105244755244756,0.45999999999999996,0.4306004140786749,0.338,0.4477585141896288,4.6,6.4,3.6,5.4
svm_full,signo_zodiacal_capricornio,152,0.5,0.48999999999999994,0.4923809523809523,0.5199999999999999,0.49799493385871096,0.5119999999999999,0.6153931891122293,5.2,5.4,4.6,4.8
svm_full,signo_zodiacal_capricornio,153,0.5,0.5,0.5131313131313131,0.4,0.4433375104427736,0.516,0.5546874324505904,4.0,4.0,6.0,6.0
svm_full,signo_zodiacal_capricornio,154,0.5,0.54,0.544083694083694,0.52,0.5271547853591196,0.6970000000000001,0.7241500950030361,5.2,4.4,5.6,4.8
svm_full,signo_zodiacal_capricornio,155,0.5,0.49000000000000005,0.4786324786324787,0.52,0.49602266535904976,0.48599999999999993,0.5501562891872489,5.2,5.4,4.6,4.8
svm_full,signo_zodiacal_capricornio,156,0.5,0.43,0.44627039627039633,0.5399999999999999,0.48819875776397514,0.442,0.5497987137561441,5.4,6.8,3.2,4.6
svm_full,signo_zodiacal_capricornio,157,0.5,0.45999999999999996,0.4512820512820513,0.58,0.49869565217391304,0.37200000000000005,0.46822119856407785,5.8,6.6,3.4,4.2
svm_full,signo_zodiacal_capricornio,158,0.5,0.49000000000000005,0.4984065934065933,0.54,0.5128502415458938,0.49799999999999994,0.5654880570925462,5.4,5.6,4.4,4.6
svm_full,signo_zodiacal_capricornio,159,0.5,0.38999999999999996,0.383021978021978,0.42000000000000004,0.39545893719806763,0.409,0.49185153735153736,4.2,6.4,3.6,5.8
svm_full,signo_zodiacal_capricornio,160,0.5,0.55,0.5533333333333333,0.44000000000000006,0.4852046783625731,0.573,0.5853803773625754,4.4,3.4,6.6,5.6
svm_full,signo_zodiacal_capricornio,161,0.5,0.5,0.5015151515151516,0.6,0.5455674760022586,0.524,0.5577952401056117,6.0,6.0,4.0,4.0
svm_full,signo_zodiacal_capricornio,162,0.5,0.49000000000000005,0.4920634920634921,0.34,0.3958720330237358,0.55,0.5826428914223032,3.4,3.6,6.4,6.6
svm_full,signo_zodiacal_capricornio,163,0.5,0.48,0.4783766233766234,0.44000000000000006,0.45507002801120444,0.526,0.5668666415284063,4.4,4.8,5.2,5.6
svm_full,signo_zodiacal_capricornio,164,0.5,0.57,0.5898351648351647,0.48,0.5196149474282467,0.568,0.5981559220792968,4.8,3.4,6.6,5.2
svm_full,signo_zodiacal_capricornio,165,0.5,0.43000000000000005,0.43397435897435893,0.44000000000000006,0.4326838175808428,0.472,0.5905613173376331,4.4,5.8,4.2,5.6
svm_full,signo_zodiacal_capricornio,166,0.5,0.54,0.5318253968253969,0.48,0.5025180598555211,0.5599999999999999,0.5570417158520874,4.8,4.0,6.0,5.2
svm_full,signo_zodiacal_capricornio,167,0.5,0.53,0.5239393939393939,0.68,0.5893333333333333,0.492,0.5570939250807672,6.8,6.2,3.8,3.2
svm_full,signo_zodiacal_capricornio,168,0.5,0.47000000000000003,0.43647186147186146,0.33999999999999997,0.37119873590461827,0.514,0.561807008351126,3.4,4.0,6.0,6.6
svm_full,signo_zodiacal_capricornio,169,0.5,0.5,0.5147186147186147,0.45999999999999996,0.47925160494819935,0.534,0.5851072991336149,4.6,4.6,5.4,5.4
svm_full,signo_zodiacal_capricornio,170,0.5,0.5,0.4983669108669108,0.6,0.5358641866651019,0.4720000000000001,0.5437282383079597,6.0,6.0,4.0,4.0
svm_full,signo_zodiacal_capricornio,171,0.5,0.47000000000000003,0.47676767676767673,0.4,0.432375055285272,0.4959999999999999,0.5422772380698078,4.0,4.6,5.4,6.0
svm_full,signo_zodiacal_capricornio,172,0.5,0.5900000000000001,0.6154761904761904,0.45999999999999996,0.5241916064671484,0.572,0.6479059268045335,4.6,2.8,7.2,5.4
svm_full,signo_zodiacal_capricornio,173,0.5,0.4699999999999999,0.45714285714285713,0.45999999999999996,0.45412953060011885,0.47400000000000003,0.5203076794206825,4.6,5.2,4.8,5.4
svm_full,signo_zodiacal_capricornio,174,0.5,0.5900000000000001,0.6333333333333333,0.44000000000000006,0.5183006535947713,0.6220000000000001,0.6831281871723048,4.4,2.6,7.4,5.6
svm_full,signo_zodiacal_capricornio,175,0.5,0.55,0.5608080808080808,0.52,0.5328822055137844,0.618,0.6573042317159963,5.2,4.2,5.8,4.8
svm_full,signo_zodiacal_capricornio,176,0.5,0.45000000000000007,0.44497502497502495,0.41999999999999993,0.42425344050663744,0.4800000000000001,0.5480142532905691,4.2,5.2,4.8,5.8
svm_full,signo_zodiacal_capricornio,177,0.5,0.4,0.3941558441558442,0.38,0.3801120448179272,0.34199999999999997,0.4828851283735185,3.8,5.8,4.2,6.2
svm_full,signo_zodiacal_capricornio,178,0.5,0.44000000000000006,0.4434498834498834,0.52,0.4778430265386787,0.44800000000000006,0.5462366634913074,5.2,6.4,3.6,4.8
svm_full,signo_zodiacal_capricornio,179,0.5,0.57,0.5544444444444444,0.6599999999999999,0.5934247740563531,0.612,0.6065072782394764,6.6,5.2,4.8,3.4
svm_full,signo_zodiacal_capricornio,180,0.5,0.38,0.36939393939393933,0.42000000000000004,0.3886349206349206,0.356,0.4746523399201418,4.2,6.6,3.4,5.8
svm_full,signo_zodiacal_capricornio,181,0.5,0.51,0.519047619047619,0.48,0.48877005347593583,0.4720000000000001,0.5196935925271837,4.8,4.6,5.4,5.2
svm_full,signo_zodiacal_capricornio,182,0.5,0.54,0.541025641025641,0.5599999999999999,0.5328970251716247,0.542,0.5636629351041116,5.6,4.8,5.2,4.4
svm_full,signo_zodiacal_capricornio,183,0.5,0.61,0.6580952380952381,0.5800000000000001,0.595843137254902,0.65,0.7011704392099128,5.8,3.6,6.4,4.2
svm_full,signo_zodiacal_capricornio,184,0.5,0.52,0.5153846153846154,0.6599999999999999,0.5760789934702978,0.514,0.5803384387370455,6.6,6.2,3.8,3.4
svm_full,signo_zodiacal_capricornio,185,0.5,0.44000000000000006,0.35792207792207786,0.42000000000000004,0.38476190476190475,0.477,0.518973895987054,4.2,5.4,4.6,5.8
svm_full,signo_zodiacal_capricornio,186,0.5,0.44000000000000006,0.45366300366300366,0.6,0.5162714097496706,0.42000000000000004,0.5007473097078361,6.0,7.2,2.8,4.0
svm_full,signo_zodiacal_capricornio,187,0.5,0.51,0.5,0.52,0.5023342670401494,0.5120000000000001,0.5295683750374154,5.2,5.0,5.0,4.8
svm_full,signo_zodiacal_capricornio,188,0.5,0.53,0.5368614718614719,0.54,0.52846685340803,0.49399999999999994,0.5739712226198294,5.4,4.8,5.2,4.6
svm_full,signo_zodiacal_capricornio,189,0.5,0.53,0.5599999999999999,0.42000000000000004,0.46853535353535347,0.572,0.6248333759463789,4.2,3.6,6.4,5.8
svm_full,signo_zodiacal_capricornio,190,0.5,0.4,0.3466666666666667,0.36000000000000004,0.3507070707070707,0.41400000000000003,0.5313586707410236,3.6,5.6,4.4,6.4
svm_full,signo_zodiacal_capricornio,191,0.5,0.52,0.5346153846153847,0.54,0.5261198945981554,0.462,0.5658481453187335,5.4,5.0,5.0,4.6
svm_full,signo_zodiacal_capricornio,192,0.5,0.5200000000000001,0.4390909090909091,0.42000000000000004,0.42120756436545914,0.508,0.5466046622795849,4.2,3.8,6.2,5.8
svm_full,signo_zodiacal_capricornio,193,0.5,0.51,0.5145299145299145,0.62,0.55461773162002,0.55,0.5716801413241042,6.2,6.0,4.0,3.8
svm_full,signo_zodiacal_capricornio,194,0.5,0.35,0.3115384615384615,0.36000000000000004,0.3189408417669287,0.352,0.4625959802151753,3.6,6.6,3.4,6.4
svm_full,signo_zodiacal_capricornio,195,0.5,0.42000000000000004,0.39523809523809517,0.31999999999999995,0.3475724739656628,0.386,0.509352836533951,3.2,4.8,5.2,6.8
svm_full,signo_zodiacal_capricornio,196,0.5,0.45999999999999996,0.4473076923076923,0.43999999999999995,0.43343873517786563,0.41600000000000004,0.5074975878095073,4.4,5.2,4.8,5.6
svm_full,signo_zodiacal_capricornio,197,0.5,0.55,0.5590909090909091,0.52,0.5365079365079365,0.5820000000000001,0.6315783558546716,5.2,4.2,5.8,4.8
svm_full,signo_zodiacal_capricornio,198,0.5,0.47000000000000003,0.47934731934731933,0.47999999999999987,0.4632422360248447,0.462,0.5593731170789994,4.8,5.4,4.6,5.2
svm_full,signo_zodiacal_capricornio,199,0.5,0.51,0.5104895104895105,0.6,0.5511010728402033,0.46799999999999997,0.5448914259974631,6.0,5.8,4.2,4.0
svm_full,signo_zodiacal_capricornio,200,0.5,0.48,0.4947802197802198,0.45999999999999996,0.47127024722932653,0.44000000000000006,0.5509375989507569,4.6,5.0,5.0,5.4
svm_full,signo_zodiacal_capricornio,201,0.5,0.58,0.5760224089635855,0.66,0.6037231968810917,0.6799999999999999,0.7174784747416325,6.6,5.0,5.0,3.4
svm_full,signo_zodiacal_capricornio,202,0.5,0.6,0.5911538461538461,0.7,0.6324489037532516,0.6060000000000001,0.6620669499918725,7.0,5.0,5.0,3.0
svm_full,signo_zodiacal_capricornio,203,0.5,0.4600000000000001,0.41909090909090907,0.33999999999999997,0.365079365079365,0.45599999999999996,0.5429159261790841,3.4,4.2,5.8,6.6
svm_full,signo_zodiacal_capricornio,204,0.5,0.53,0.5345238095238095,0.48,0.4954248366013072,0.5359999999999999,0.574895564617701,4.8,4.2,5.8,5.2
svm_full,signo_zodiacal_capricornio,205,0.5,0.4,0.3417748917748918,0.26,0.28923902894491127,0.466,0.5296371293824854,2.6,4.6,5.4,7.4
svm_full,signo_zodiacal_capricornio,206,0.5,0.4699999999999999,0.48074592074592076,0.6,0.5318757763975155,0.44600000000000006,0.5084297848694133,6.0,6.6,3.4,4.0
svm_full,signo_zodiacal_capricornio,207,0.5,0.39,0.38404040404040407,0.38,0.38041771094402665,0.384,0.4824391103392651,3.8,6.0,4.0,6.2
svm_full,signo_zodiacal_capricornio,208,0.5,0.45999999999999996,0.46783216783216786,0.52,0.4917184265010352,0.404,0.5026036855301561,5.2,6.0,4.0,4.8
svm_full,signo_zodiacal_capricornio,209,0.5,0.48,0.4957575757575758,0.52,0.49309994353472614,0.418,0.503040598891992,5.2,5.6,4.4,4.8
svm_full,signo_zodiacal_capricornio,210,0.5,0.42000000000000004,0.4159090909090909,0.44000000000000006,0.425062656641604,0.40800000000000003,0.47443924745704924,4.4,6.0,4.0,5.6
svm_full,signo_zodiacal_capricornio,211,0.5,0.51,0.5188888888888888,0.48,0.49754385964912273,0.5459999999999999,0.617024037022489,4.8,4.6,5.4,5.2
svm_full,signo_zodiacal_capricornio,212,0.5,0.5,0.49770451770451773,0.5800000000000001,0.5320352264059357,0.5280000000000001,0.5771098993026238,5.8,5.8,4.2,4.2
svm_full,signo_zodiacal_capricornio,213,0.5,0.38,0.3643162393162393,0.36,0.35740413286179873,0.346,0.4548813456065778,3.6,6.0,4.0,6.4
svm_full,signo_zodiacal_capricornio,214,0.5,0.54,0.5300432900432901,0.7600000000000001,0.6217728937728938,0.47400000000000003,0.5313849940908765,7.6,6.8,3.2,2.4
svm_full,signo_zodiacal_capricornio,215,0.5,0.5599999999999999,0.5528871128871129,0.64,0.5903105590062111,0.54,0.5694529800265095,6.4,5.2,4.8,3.6
svm_full,signo_zodiacal_capricornio,216,0.5,0.4600000000000001,0.4491161616161616,0.54,0.48219587430113736,0.40599999999999997,0.48060937016200167,5.4,6.2,3.8,4.6
svm_full,signo_zodiacal_capricornio,217,0.5,0.45,0.4473076923076923,0.52,0.47710144927536235,0.45,0.5287847522274767,5.2,6.2,3.8,4.8
svm_full,signo_zodiacal_capricornio,218,0.5,0.4600000000000001,0.45493395493395494,0.52,0.48411542690718895,0.4879999999999999,0.580146704602587,5.2,6.0,4.0,4.8
svm_full,signo_zodiacal_capricornio,219,0.5,0.55,0.5432478632478632,0.5599999999999999,0.5491075514874142,0.58,0.5999159261790841,5.6,4.6,5.4,4.4
svm_full,signo_zodiacal_capricornio,220,0.5,0.58,0.582051282051282,0.5999999999999999,0.5849987287058225,0.596,0.6723760955247023,6.0,4.4,5.6,4.0
svm_full,signo_zodiacal_capricornio,221,0.5,0.39,0.37554112554112556,0.44000000000000006,0.40253374076903486,0.34400000000000003,0.43339726776491483,4.4,6.6,3.4,5.6
svm_full,signo_zodiacal_capricornio,222,0.5,0.45999999999999996,0.46428571428571425,0.28,0.34298982750995133,0.42399999999999993,0.5129160937102114,2.8,3.6,6.4,7.2
svm_full,signo_zodiacal_capricornio,223,0.5,0.48,0.4525,0.42000000000000004,0.4140170940170941,0.426,0.490363756556481,4.2,4.6,5.4,5.8
svm_full,signo_zodiacal_capricornio,224,0.5,0.5900000000000001,0.5857142857142856,0.66,0.6105042016806722,0.612,0.6099095322462196,6.6,4.8,5.2,3.4
svm_full,signo_zodiacal_capricornio,225,0.5,0.52,0.5227777777777778,0.38,0.4352631578947369,0.5559999999999999,0.5828237775296599,3.8,3.4,6.6,6.2
svm_full,signo_zodiacal_capricornio,226,0.5,0.5,0.4790909090909091,0.42000000000000004,0.4354473304473304,0.53,0.5831434288965248,4.2,4.2,5.8,5.8
svm_full,signo_zodiacal_capricornio,227,0.5,0.51,0.5133638420403127,0.66,0.5665374882766188,0.4600000000000001,0.5227811261665751,6.6,6.4,3.6,3.4
svm_full,signo_zodiacal_capricornio,228,0.5,0.53,0.5627777777777778,0.4,0.45653299916457807,0.576,0.6358427487545134,4.0,3.4,6.6,6.0
svm_full,signo_zodiacal_capricornio,229,0.5,0.44000000000000006,0.38840659340659334,0.32,0.3389940323955669,0.39799999999999996,0.4756935297244895,3.2,4.4,5.6,6.8
svm_full,signo_zodiacal_capricornio,230,0.5,0.45999999999999996,0.4396886446886447,0.4600000000000001,0.4444310108760237,0.4959999999999999,0.5869962245356982,4.6,5.4,4.6,5.4
svm_full,signo_zodiacal_capricornio,231,0.5,0.57,0.5809523809523809,0.5599999999999999,0.5649310441880101,0.5700000000000001,0.6420821009056302,5.6,4.2,5.8,4.4
svm_full,signo_zodiacal_capricornio,232,0.5,0.54,0.5476190476190477,0.4800000000000001,0.4957581118571831,0.5780000000000001,0.655200546787234,4.8,4.0,6.0,5.2
svm_full,signo_zodiacal_capricornio,233,0.5,0.5199999999999999,0.5290909090909091,0.43999999999999995,0.4609523809523809,0.4699999999999999,0.5514981711614838,4.4,4.0,6.0,5.6
svm_full,signo_zodiacal_capricornio,234,0.5,0.39,0.3844444444444445,0.36,0.37099415204678365,0.32999999999999996,0.4324875335362951,3.6,5.8,4.2,6.4
svm_full,signo_zodiacal_capricornio,235,0.5,0.53,0.5220439691027926,0.5800000000000001,0.5403508771929824,0.4640000000000001,0.5250553972171619,5.8,5.2,4.8,4.2
svm_full,signo_zodiacal_capricornio,236,0.5,0.53,0.5195707070707071,0.6599999999999999,0.5743204164256797,0.496,0.5354211231664792,6.6,6.0,4.0,3.4
svm_full,signo_zodiacal_capricornio,237,0.5,0.41,0.420427807486631,0.5399999999999999,0.464092352092352,0.362,0.4486480263802245,5.4,7.2,2.8,4.6
svm_full,signo_zodiacal_capricornio,238,0.5,0.43000000000000005,0.41,0.28,0.31580746738641474,0.434,0.5382553563567496,2.8,4.2,5.8,7.2
svm_full,signo_zodiacal_capricornio,239,0.5,0.45999999999999996,0.468009768009768,0.5799999999999998,0.5123599131608285,0.46399999999999997,0.5473787601287601,5.8,6.6,3.4,4.2
svm_full,signo_zodiacal_capricornio,240,0.5,0.54,0.5382672882672883,0.6,0.5654551398258493,0.534,0.591180559636442,6.0,5.2,4.8,4.0
svm_full,signo_zodiacal_capricornio,241,0.5,0.6,0.5825840825840826,0.72,0.6429512516469038,0.57,0.6136329118078344,7.2,5.2,4.8,2.8
svm_full,signo_zodiacal_capricornio,242,0.5,0.49000000000000005,0.4761616161616161,0.42000000000000004,0.439766081871345,0.522,0.5454045572590465,4.2,4.4,5.6,5.8
svm_full,signo_zodiacal_capricornio,243,0.5,0.51,0.5111111111111111,0.5,0.5032429558745348,0.5439999999999999,0.5879206143014193,5.0,4.8,5.2,5.0
svm_full,signo_zodiacal_capricornio,244,0.5,0.49000000000000005,0.4738344988344988,0.45999999999999996,0.45824071047183174,0.49000000000000005,0.553536825317785,4.6,4.8,5.2,5.4
svm_full,signo_zodiacal_capricornio,245,0.5,0.52,0.521978021978022,0.44000000000000006,0.4491901108269395,0.5840000000000001,0.5894415090413543,4.4,4.0,6.0,5.6
svm_full,signo_zodiacal_capricornio,246,0.5,0.5900000000000001,0.595054945054945,0.58,0.5772094344984371,0.5780000000000001,0.6121297107605157,5.8,4.0,6.0,4.2
svm_full,signo_zodiacal_capricornio,247,0.5,0.45,0.41500000000000004,0.38,0.3917460317460318,0.42600000000000005,0.48493436199163753,3.8,4.8,5.2,6.2
svm_full,signo_zodiacal_capricornio,248,0.5,0.45,0.46230769230769236,0.47999999999999987,0.46836696484293744,0.504,0.5704356401252686,4.8,5.8,4.2,5.2
svm_full,signo_zodiacal_capricornio,249,0.5,0.45,0.44995670995670994,0.4800000000000001,0.4578263305322129,0.42200000000000004,0.4982546260928614,4.8,5.8,4.2,5.2
svm_full,signo_zodiacal_capricornio,250,0.5,0.51,0.48166666666666663,0.5199999999999999,0.4913838383838384,0.462,0.5279871806899671,5.2,5.0,5.0,4.8
svm_full,signo_zodiacal_capricornio,251,0.5,0.45,0.4362193362193363,0.42000000000000004,0.42375904109650236,0.484,0.5606903815139109,4.2,5.2,4.8,5.8
svm_full,signo_zodiacal_capricornio,252,0.5,0.52,0.5266666666666666,0.5399999999999999,0.5224066985645933,0.5559999999999999,0.6216914263926647,5.4,5.0,5.0,4.6
svm_full,signo_zodiacal_capricornio,253,0.5,0.48999999999999994,0.47532467532467526,0.5599999999999999,0.5089635854341736,0.49000000000000005,0.5359970013646483,5.6,5.8,4.2,4.4
svm_full,signo_zodiacal_capricornio,254,0.5,0.5,0.4979797979797979,0.56,0.525768967874231,0.49400000000000005,0.5771174587366537,5.6,5.6,4.4,4.4
svm_full,signo_zodiacal_capricornio,255,0.5,0.36,0.33653846153846156,0.30000000000000004,0.31327866768370194,0.27399999999999997,0.43467739269674255,3.0,5.8,4.2,7.0
svm_full,signo_zodiacal_capricornio,256,0.5,0.4800000000000001,0.4832167832167832,0.48,0.4779484944244669,0.5,0.5196971633457702,4.8,5.2,4.8,5.2
svm_full,signo_zodiacal_capricornio,257,0.5,0.45999999999999996,0.44666666666666666,0.44000000000000006,0.43315789473684213,0.372,0.5137291371339359,4.4,5.2,4.8,5.6
svm_full,signo_zodiacal_capricornio,258,0.5,0.48,0.4718686868686868,0.48,0.47348826611984507,0.49000000000000005,0.566655315015222,4.8,5.2,4.8,5.2
svm_full,signo_zodiacal_capricornio,259,0.5,0.5599999999999999,0.5888888888888889,0.45999999999999996,0.5105263157894736,0.558,0.5925521874066766,4.6,3.4,6.6,5.4
svm_full,signo_zodiacal_capricornio,260,0.5,0.45999999999999996,0.45999999999999996,0.4,0.427251461988304,0.518,0.5421513084438782,4.0,4.8,5.2,6.0
svm_full,signo_zodiacal_capricornio,261,0.5,0.48,0.44646464646464656,0.45999999999999996,0.4443836864889496,0.48200000000000004,0.5371688034188035,4.6,5.0,5.0,5.4
svm_full,signo_zodiacal_capricornio,262,0.5,0.5,0.5061111111111112,0.38,0.4269298245614035,0.51,0.5591336071908828,3.8,3.8,6.2,6.2
svm_full,signo_zodiacal_capricornio,263,0.5,0.43,0.40987012987012983,0.32,0.3515826330532213,0.44000000000000006,0.5639290523717768,3.2,4.6,5.4,6.8
svm_full,signo_zodiacal_capricornio,264,0.5,0.4,0.41923076923076924,0.52,0.46403162055335967,0.392,0.49301633454265026,5.2,7.2,2.8,4.8
svm_full,signo_zodiacal_capricornio,265,0.5,0.49000000000000005,0.4802680652680652,0.5399999999999999,0.5005327812284334,0.4780000000000001,0.5330251394632198,5.4,5.6,4.4,4.6
svm_full,signo_zodiacal_capricornio,266,0.5,0.43000000000000005,0.3969408369408369,0.3,0.33317411174996314,0.42400000000000004,0.5063519052327102,3.0,4.4,5.6,7.0
svm_full,signo_zodiacal_capricornio,267,0.5,0.55,0.535,0.6199999999999999,0.5695757575757575,0.5800000000000001,0.6333744947862595,6.2,5.2,4.8,3.8
svm_full,signo_zodiacal_capricornio,268,0.5,0.51,0.519047619047619,0.38,0.4344771241830065,0.488,0.5720775064288997,3.8,3.6,6.4,6.2
svm_full,signo_zodiacal_capricornio,269,0.5,0.48999999999999994,0.4927272727272728,0.44000000000000006,0.4628571428571428,0.476,0.5205900672255162,4.4,4.6,5.4,5.6
svm_full,signo_zodiacal_capricornio,270,0.5,0.48,0.47768065268065263,0.48,0.4714442562268649,0.462,0.5786406736538316,4.8,5.2,4.8,5.2
svm_full,signo_zodiacal_capricornio,271,0.5,0.42000000000000004,0.42828282828282827,0.4,0.4081282752335384,0.386,0.5115143759749022,4.0,5.6,4.4,6.0
svm_full,signo_zodiacal_capricornio,272,0.5,0.61,0.6738827838827838,0.48,0.5266389365110593,0.642,0.6821432256254236,4.8,2.6,7.4,5.2
svm_full,signo_zodiacal_capricornio,273,0.5,0.4800000000000001,0.48992424242424243,0.6199999999999999,0.5395335775335776,0.394,0.4636725141903161,6.2,6.6,3.4,3.8
svm_full,signo_zodiacal_capricornio,274,0.5,0.51,0.5111111111111111,0.44000000000000006,0.46081871345029235,0.532,0.6073381437104347,4.4,4.2,5.8,5.6
svm_full,signo_zodiacal_capricornio,275,0.5,0.56,0.5612698412698413,0.5399999999999999,0.5470475654376583,0.586,0.6015563325563326,5.4,4.2,5.8,4.6
svm_full,signo_zodiacal_capricornio,276,0.5,0.5599999999999999,0.5646464646464646,0.5,0.5255430242272348,0.596,0.5980480516215809,5.0,3.8,6.2,5.0
svm_full,signo_zodiacal_capricornio,277,0.5,0.5,0.5923076923076923,0.42000000000000004,0.4275801493192798,0.5319999999999999,0.5702921055552634,4.2,4.2,5.8,5.8
svm_full,signo_zodiacal_capricornio,278,0.5,0.5599999999999999,0.5811111111111111,0.43999999999999995,0.4935964912280701,0.5719999999999998,0.6442530063675574,4.4,3.2,6.8,5.6
svm_full,signo_zodiacal_capricornio,279,0.5,0.43000000000000005,0.4038095238095238,0.32,0.34450980392156866,0.36800000000000005,0.47814399738548347,3.2,4.6,5.4,6.8
svm_full,signo_zodiacal_capricornio,280,0.5,0.44000000000000006,0.42000000000000004,0.28,0.3328637770897833,0.41600000000000004,0.514556433332749,2.8,4.0,6.0,7.2
svm_full,signo_zodiacal_capricornio,281,0.5,0.45,0.4488888888888889,0.45999999999999996,0.45330143540669854,0.45,0.5600985511736286,4.6,5.6,4.4,5.4
svm_full,signo_zodiacal_capricornio,282,0.5,0.5599999999999999,0.5761904761904761,0.52,0.5439628482972136,0.5199999999999999,0.5752196953373423,5.2,4.0,6.0,4.8
svm_full,signo_zodiacal_capricornio,283,0.5,0.53,0.5365079365079366,0.44000000000000006,0.4708777290820634,0.5860000000000001,0.6128349015965115,4.4,3.8,6.2,5.6
svm_full,signo_zodiacal_capricornio,284,0.5,0.37,0.34264069264069263,0.31999999999999995,0.319047619047619,0.34600000000000003,0.48527844644175905,3.2,5.8,4.2,6.8
svm_full,signo_zodiacal_capricornio,285,0.5,0.48,0.4797979797979798,0.4,0.4254803675856308,0.53,0.580460001814491,4.0,4.4,5.6,6.0
svm_full,signo_zodiacal_capricornio,286,0.5,0.48,0.47818181818181815,0.43999999999999995,0.45327731092436974,0.48100000000000004,0.5351880668351255,4.4,4.8,5.2,5.6
svm_full,signo_zodiacal_capricornio,287,0.5,0.45999999999999996,0.4764285714285714,0.48,0.46611111111111114,0.51,0.5734512329775487,4.8,5.6,4.4,5.2
svm_full,signo_zodiacal_capricornio,288,0.5,0.31,0.3027417027417027,0.26,0.276514816452897,0.276,0.4330009465938258,2.6,6.4,3.6,7.4
svm_full,signo_zodiacal_capricornio,289,0.5,0.41,0.41500000000000004,0.5599999999999999,0.46639598997493736,0.388,0.5380425793676566,5.6,7.4,2.6,4.4
svm_full,signo_zodiacal_capricornio,290,0.5,0.56,0.5735714285714286,0.42000000000000004,0.4764892623716153,0.5559999999999998,0.5927134886956867,4.2,3.0,7.0,5.8
svm_full,signo_zodiacal_capricornio,291,0.5,0.45,0.427012987012987,0.38,0.3969747899159664,0.5040000000000001,0.520202813526343,3.8,4.8,5.2,6.2
svm_full,signo_zodiacal_capricornio,292,0.5,0.53,0.5342857142857143,0.44000000000000006,0.4780065359477124,0.5680000000000001,0.6049313541635523,4.4,3.8,6.2,5.6
svm_full,signo_zodiacal_capricornio,293,0.5,0.53,0.5367099567099567,0.58,0.5442857142857143,0.58,0.632238279694162,5.8,5.2,4.8,4.2
svm_full,signo_zodiacal_capricornio,294,0.5,0.48,0.5111111111111111,0.42000000000000004,0.43750869014026905,0.462,0.5542029004707023,4.2,4.6,5.4,5.8
svm_full,signo_zodiacal_capricornio,295,0.5,0.42000000000000004,0.37272727272727274,0.3,0.31532911532911534,0.376,0.4716911803366911,3.0,4.6,5.4,7.0
svm_full,signo_zodiacal_capricornio,296,0.5,0.54,0.5904761904761905,0.44000000000000006,0.48838808250572957,0.5940000000000001,0.6439747541759926,4.4,3.6,6.4,5.6
svm_full,signo_zodiacal_capricornio,297,0.5,0.51,0.517979797979798,0.4,0.4423851294903926,0.53,0.5946922048539695,4.0,3.8,6.2,6.0
svm_full,signo_zodiacal_capricornio,298,0.5,0.48,0.4688888888888889,0.36,0.40201754385964905,0.5029999999999999,0.5758459477399106,3.6,4.0,6.0,6.4
svm_full,signo_zodiacal_capricornio,299,0.5,0.45,0.4450349650349651,0.42000000000000004,0.4233453198212923,0.45600000000000007,0.5395483878866232,4.2,5.2,4.8,5.8
svm_full,signo_zodiacal_capricornio,300,0.5,0.53,0.5222727272727272,0.5799999999999998,0.5460869565217391,0.5439999999999999,0.5852083190287524,5.8,5.2,4.8,4.2
svm_full,signo_zodiacal_capricornio,301,0.5,0.51,0.5057142857142857,0.4600000000000001,0.4683333333333334,0.466,0.5126144231585408,4.6,4.4,5.6,5.4
svm_full,signo_zodiacal_capricornio,302,0.5,0.47000000000000003,0.48424242424242425,0.6199999999999999,0.5399047619047619,0.395,0.49758951755159175,6.2,6.8,3.2,3.8
svm_full,signo_zodiacal_capricornio,303,0.5,0.54,0.5432900432900433,0.52,0.5203717850776675,0.5800000000000001,0.6234639229020033,5.2,4.4,5.6,4.8
svm_full,signo_zodiacal_capricornio,304,0.5,0.41,0.3917016317016317,0.38,0.3713075330466634,0.332,0.4448874059377155,3.8,5.6,4.4,6.2
svm_full,signo_zodiacal_capricornio,305,0.5,0.5700000000000001,0.6309090909090909,0.4,0.48023809523809524,0.496,0.6100910035956475,4.0,2.6,7.4,6.0
svm_full,signo_zodiacal_capricornio,306,0.5,0.48,0.4756313131313131,0.5599999999999999,0.5088192509245142,0.4800000000000001,0.516469666556354,5.6,6.0,4.0,4.4
svm_full,signo_zodiacal_capricornio,307,0.5,0.6,0.5838661338661338,0.72,0.6437417654808959,0.6439999999999999,0.6824026343453587,7.2,5.2,4.8,2.8
svm_full,signo_zodiacal_capricornio,308,0.5,0.44000000000000006,0.45090909090909087,0.42000000000000004,0.4172698412698413,0.5,0.555131681012486,4.2,5.4,4.6,5.8
svm_full,signo_zodiacal_capricornio,309,0.5,0.5200000000000001,0.529040404040404,0.5,0.5121136173767752,0.484,0.5412207139265963,5.0,4.6,5.4,5.0
svm_full,signo_zodiacal_capricornio,310,0.5,0.55,0.5573626373626374,0.44000000000000006,0.4779539641943734,0.518,0.5451732244363823,4.4,3.4,6.6,5.6
svm_full,signo_zodiacal_capricornio,311,0.5,0.5700000000000001,0.5705011655011655,0.5,0.5178605935127674,0.576,0.6001383879278616,5.0,3.6,6.4,5.0
svm_full,signo_zodiacal_capricornio,312,0.5,0.49000000000000005,0.47714285714285715,0.48,0.4741295306001188,0.514,0.5718579763889361,4.8,5.0,5.0,5.2
svm_full,signo_zodiacal_capricornio,313,0.5,0.41,0.40696969696969704,0.4,0.3956709956709957,0.438,0.5323881757217672,4.0,5.8,4.2,6.0
svm_full,signo_zodiacal_capricornio,314,0.5,0.47000000000000003,0.4688888888888889,0.38,0.4169883040935673,0.46799999999999997,0.4986028122204592,3.8,4.4,5.6,6.2
svm_full,signo_zodiacal_capricornio,315,0.5,0.48,0.47435897435897434,0.48,0.47378591406051357,0.508,0.531323267375899,4.8,5.2,4.8,5.2
svm_full,signo_zodiacal_capricornio,316,0.5,0.51,0.5303571428571429,0.54,0.523319164495635,0.534,0.6015179085620261,5.4,5.2,4.8,4.6
svm_full,signo_zodiacal_capricornio,317,0.5,0.45,0.4405122655122655,0.44000000000000006,0.4333701901813357,0.476,0.5508984426306407,4.4,5.4,4.6,5.6
svm_full,signo_zodiacal_capricornio,318,0.5,0.56,0.5640909090909091,0.5599999999999999,0.5589853421432369,0.5740000000000001,0.6766320536188957,5.6,4.4,5.6,4.4
svm_full,signo_zodiacal_capricornio,319,0.5,0.55,0.570995670995671,0.43999999999999995,0.49140989729225026,0.524,0.5966231998995157,4.4,3.4,6.6,5.6
svm_full,signo_zodiacal_capricornio,320,0.5,0.5199999999999999,0.5176190476190476,0.6,0.5533333333333333,0.546,0.5947193727325306,6.0,5.6,4.4,4.0
svm_full,signo_zodiacal_capricornio,321,0.5,0.43,0.4296031746031746,0.42000000000000004,0.419766081871345,0.48600000000000004,0.5915856212930516,4.2,5.6,4.4,5.8
svm_full,signo_zodiacal_capricornio,322,0.5,0.51,0.5025396825396825,0.4,0.44143962848297214,0.5339999999999999,0.6070313838208575,4.0,3.8,6.2,6.0
svm_full,signo_zodiacal_capricornio,323,0.5,0.5,0.47599206349206347,0.48,0.464312931650393,0.512,0.592469409245725,4.8,4.8,5.2,5.2
svm_full,signo_zodiacal_capricornio,324,0.5,0.48,0.480952380952381,0.64,0.5464242424242424,0.4600000000000001,0.5503393812070283,6.4,6.8,3.2,3.6
svm_full,signo_zodiacal_capricornio,325,0.5,0.52,0.5119658119658119,0.6599999999999999,0.572175459932897,0.54,0.561846872253993,6.6,6.2,3.8,3.4
svm_full,signo_zodiacal_capricornio,326,0.5,0.51,0.509090909090909,0.39999999999999997,0.4428804855275444,0.526,0.5701843701534103,4.0,3.8,6.2,6.0
svm_full,signo_zodiacal_capricornio,327,0.5,0.56,0.6364102564102565,0.5800000000000001,0.5468880105401844,0.572,0.6515544897998458,5.8,4.6,5.4,4.2
svm_full,signo_zodiacal_capricornio,328,0.5,0.41999999999999993,0.4222222222222222,0.3,0.33438140806561856,0.434,0.5359805559937139,3.0,4.6,5.4,7.0
svm_full,signo_zodiacal_capricornio,329,0.5,0.5700000000000001,0.5620779220779221,0.5599999999999999,0.5582072829131652,0.592,0.6215076573753044,5.6,4.2,5.8,4.4
svm_full,signo_zodiacal_capricornio,330,0.5,0.55,0.5420512820512821,0.64,0.5803671497584542,0.6160000000000001,0.6416050693372675,6.4,5.4,4.6,3.6
svm_full,signo_zodiacal_capricornio,331,0.5,0.54,0.5405372405372406,0.44000000000000006,0.4687191123589024,0.5900000000000001,0.6193412475896996,4.4,3.6,6.4,5.6
svm_full,signo_zodiacal_capricornio,332,0.5,0.32999999999999996,0.3481351981351981,0.4,0.3708936372551933,0.286,0.420964878258996,4.0,7.4,2.6,6.0
svm_full,signo_zodiacal_capricornio,333,0.5,0.55,0.5569444444444445,0.54,0.5331983805668016,0.548,0.6217091221472026,5.4,4.4,5.6,4.6
svm_full,signo_zodiacal_capricornio,334,0.5,0.5,0.5174242424242423,0.6399999999999999,0.565077028234923,0.522,0.613160024615907,6.4,6.4,3.6,3.6
svm_full,signo_zodiacal_capricornio,335,0.5,0.5599999999999999,0.5742673992673992,0.4200000000000001,0.4567774936061381,0.534,0.6032584529333755,4.2,3.0,7.0,5.8
svm_full,signo_zodiacal_capricornio,336,0.5,0.35,0.2871428571428571,0.22000000000000003,0.24650326797385622,0.31399999999999995,0.4267364231056182,2.2,5.2,4.8,7.8
svm_full,signo_zodiacal_capricornio,337,0.5,0.44000000000000006,0.4075757575757576,0.36,0.3669164169164169,0.49000000000000005,0.5141905692346869,3.6,4.8,5.2,6.4
svm_full,signo_zodiacal_capricornio,338,0.5,0.56,0.5749650349650349,0.5199999999999999,0.5241633728590249,0.6060000000000001,0.6575791147277215,5.2,4.0,6.0,4.8
svm_full,signo_zodiacal_capricornio,339,0.5,0.53,0.5494444444444444,0.5,0.5130409356725145,0.5279999999999999,0.603436676069029,5.0,4.4,5.6,5.0
svm_full,signo_zodiacal_capricornio,340,0.5,0.5900000000000001,0.5849650349650349,0.6199999999999999,0.5970182372928369,0.6679999999999999,0.7125250947882527,6.2,4.4,5.6,3.8
svm_full,signo_zodiacal_capricornio,341,0.5,0.58,0.568939393939394,0.68,0.612020202020202,0.6180000000000001,0.6786503115048006,6.8,5.2,4.8,3.2
svm_full,signo_zodiacal_capricornio,342,0.5,0.52,0.5263131313131313,0.52,0.5205164426217058,0.516,0.5693757157874805,5.2,4.8,5.2,4.8
svm_full,signo_zodiacal_capricornio,343,0.5,0.4800000000000001,0.4248484848484849,0.3,0.31934065934065925,0.458,0.5742189754689754,3.0,3.4,6.6,7.0
svm_full,signo_zodiacal_capricornio,344,0.5,0.38,0.3371717171717171,0.24,0.2732957393483709,0.288,0.4314994852069155,2.4,4.8,5.2,7.6
svm_full,signo_zodiacal_capricornio,345,0.5,0.47000000000000003,0.4716666666666667,0.33999999999999997,0.3876023391812865,0.4879999999999999,0.6117068491364156,3.4,4.0,6.0,6.6
svm_full,signo_zodiacal_capricornio,346,0.5,0.54,0.531547619047619,0.6599999999999999,0.583916083916084,0.5940000000000001,0.638854941841784,6.6,5.8,4.2,3.4
svm_full,signo_zodiacal_capricornio,347,0.5,0.47000000000000003,0.4803418803418804,0.52,0.48823417238749045,0.442,0.5327532302578742,5.2,5.8,4.2,4.8
svm_full,signo_zodiacal_capricornio,348,0.5,0.5800000000000001,0.6283333333333333,0.41999999999999993,0.49203007518796993,0.5880000000000001,0.6493797566382706,4.2,2.6,7.4,5.8
svm_full,signo_zodiacal_capricornio,349,0.5,0.51,0.5104761904761904,0.42000000000000004,0.451354410982894,0.49499999999999994,0.555859982552707,4.2,4.0,6.0,5.8
svm_full,signo_zodiacal_capricornio,350,0.5,0.49000000000000005,0.47635531135531134,0.38,0.41271383915885196,0.49800000000000005,0.5517284186401833,3.8,4.0,6.0,6.2
svm_full,signo_zodiacal_capricornio,351,0.5,0.4800000000000001,0.48761904761904756,0.64,0.5508571428571429,0.42400000000000004,0.49227290399658824,6.4,6.8,3.2,3.6
svm_full,signo_zodiacal_capricornio,352,0.5,0.44000000000000006,0.42696969696969694,0.4600000000000001,0.4413275613275613,0.45,0.5344837755983266,4.6,5.8,4.2,5.4
svm_full,signo_zodiacal_capricornio,353,0.5,0.47000000000000003,0.4668181818181818,0.48,0.4635873015873016,0.43199999999999994,0.5278660696029117,4.8,5.4,4.6,5.2
svm_full,signo_zodiacal_capricornio,354,0.5,0.61,0.6277777777777777,0.58,0.5961722488038277,0.6300000000000001,0.6900467587967587,5.8,3.6,6.4,4.2
svm_full,signo_zodiacal_capricornio,355,0.5,0.43,0.4506715506715507,0.54,0.48826711046390675,0.38,0.48766735474707607,5.4,6.8,3.2,4.6
svm_full,signo_zodiacal_capricornio,356,0.5,0.51,0.5143278943278944,0.54,0.5248490792197885,0.588,0.6819653489785068,5.4,5.2,4.8,4.6
svm_full,signo_zodiacal_capricornio,357,0.5,0.53,0.5421911421911422,0.6,0.5645398080180689,0.51,0.5780947390243055,6.0,5.4,4.6,4.0
svm_full,signo_zodiacal_capricornio,358,0.5,0.51,0.5217460317460318,0.30000000000000004,0.37138139466312836,0.5359999999999999,0.6079985843190178,3.0,2.8,7.2,7.0
svm_full,signo_zodiacal_capricornio,359,0.5,0.52,0.5318181818181819,0.52,0.5238095238095238,0.51,0.5622811359607025,5.2,4.8,5.2,4.8
svm_full,signo_zodiacal_capricornio,360,0.5,0.61,0.6076190476190476,0.62,0.6086631016042781,0.554,0.5706675367116543,6.2,4.0,6.0,3.8
svm_full,signo_zodiacal_capricornio,361,0.5,0.4800000000000001,0.4700432900432901,0.4,0.4272922502334267,0.49800000000000005,0.5302090872663628,4.0,4.4,5.6,6.0
svm_full,signo_zodiacal_capricornio,362,0.5,0.5,0.49388888888888893,0.27999999999999997,0.3409626630679262,0.5,0.5493320388761564,2.8,2.8,7.2,7.2
svm_full,signo_zodiacal_capricornio,363,0.5,0.48,0.478974358974359,0.42000000000000004,0.43232762406675446,0.449,0.5365883865016992,4.2,4.6,5.4,5.8
svm_full,signo_zodiacal_capricornio,364,0.5,0.41,0.3871428571428571,0.32,0.34928104575163393,0.358,0.4742014231898133,3.2,5.0,5.0,6.8
svm_full,signo_zodiacal_capricornio,365,0.5,0.51,0.5016330891330891,0.6,0.5353274244040163,0.49800000000000005,0.5362305641554868,6.0,5.8,4.2,4.0
svm_full,signo_zodiacal_capricornio,366,0.5,0.4,0.39794871794871794,0.43999999999999995,0.41501144164759723,0.38599999999999995,0.5031622666978703,4.4,6.4,3.6,5.6
svm_full,signo_zodiacal_capricornio,367,0.5,0.48,0.5049299719887955,0.48,0.44987179487179485,0.386,0.504069581777012,4.8,5.2,4.8,5.2
svm_full,signo_zodiacal_capricornio,368,0.5,0.53,0.5488495817907583,0.58,0.5434678483648735,0.504,0.5648311312870137,5.8,5.2,4.8,4.2
svm_full,signo_zodiacal_capricornio,369,0.5,0.42000000000000004,0.41089743589743594,0.42000000000000004,0.40797101449275364,0.358,0.4514342067461262,4.2,5.8,4.2,5.8
svm_full,signo_zodiacal_capricornio,370,0.5,0.6299999999999999,0.6733333333333333,0.5,0.5666666666666667,0.656,0.6941870227295923,5.0,2.4,7.6,5.0
svm_full,signo_zodiacal_capricornio,371,0.5,0.5000000000000001,0.48992673992673985,0.6,0.5325118189568318,0.556,0.6065471539983924,6.0,6.0,4.0,4.0
svm_full,signo_zodiacal_capricornio,372,0.5,0.43000000000000005,0.4207792207792208,0.36000000000000004,0.38237628384687206,0.38999999999999996,0.4964183881993479,3.6,5.0,5.0,6.4
svm_full,signo_zodiacal_capricornio,373,0.5,0.48999999999999994,0.4908766233766234,0.6399999999999999,0.5519780219780219,0.508,0.5773484942130451,6.4,6.6,3.4,3.6
svm_full,signo_zodiacal_capricornio,374,0.5,0.55,0.5452991452991454,0.6000000000000001,0.5678385687539005,0.5740000000000001,0.6212763419071468,6.0,5.0,5.0,4.0
svm_full,signo_zodiacal_capricornio,375,0.5,0.45999999999999996,0.4675036075036075,0.41999999999999993,0.4393011941618753,0.43200000000000005,0.5361978864788461,4.2,5.0,5.0,5.8
svm_full,signo_zodiacal_capricornio,376,0.5,0.48999999999999994,0.4934065934065933,0.56,0.5197189284145806,0.548,0.629036905474986,5.6,5.8,4.2,4.4
svm_full,signo_zodiacal_capricornio,377,0.5,0.5599999999999999,0.5465934065934066,0.6799999999999999,0.6016811594202898,0.5880000000000001,0.6131363876921152,6.8,5.6,4.4,3.2
svm_full,signo_zodiacal_capricornio,378,0.5,0.5800000000000001,0.5857142857142856,0.5,0.5384244926040591,0.5799999999999998,0.6516714288463514,5.0,3.4,6.6,5.0
svm_full,signo_zodiacal_capricornio,379,0.5,0.36,0.3663003663003663,0.43999999999999995,0.3954119197085949,0.342,0.49063748506395555,4.4,7.2,2.8,5.6
svm_full,signo_zodiacal_capricornio,380,0.5,0.48,0.4716233766233767,0.44000000000000006,0.45249299719887953,0.5519999999999999,0.5860389979817224,4.4,4.8,5.2,5.6
svm_full,signo_zodiacal_capricornio,381,0.5,0.5599999999999999,0.5698412698412698,0.42000000000000004,0.480374957000344,0.61,0.6459107614092134,4.2,3.0,7.0,5.8
svm_full,signo_zodiacal_capricornio,382,0.5,0.45999999999999996,0.4622222222222222,0.4999999999999999,0.4762105263157895,0.514,0.5890876156007734,5.0,5.8,4.2,5.0
svm_full,signo_zodiacal_capricornio,383,0.5,0.47000000000000003,0.47844155844155845,0.34,0.39066760037348275,0.49399999999999994,0.5662861223743576,3.4,4.0,6.0,6.6
svm_full,signo_zodiacal_capricornio,384,0.5,0.52,0.525,0.5,0.5111111111111111,0.592,0.6185715468741784,5.0,4.6,5.4,5.0
svm_full,signo_zodiacal_capricornio,385,0.5,0.54,0.5334498834498834,0.6799999999999999,0.5954654041610563,0.5740000000000001,0.588533633033633,6.8,6.0,4.0,3.2
svm_full,signo_zodiacal_capricornio,386,0.5,0.48,0.4788455988455988,0.5,0.4820368568480024,0.48200000000000004,0.5555721572029622,5.0,5.4,4.6,5.0
svm_full,signo_zodiacal_capricornio,387,0.5,0.5,0.48519480519480523,0.56,0.507991718426501,0.516,0.5340143451319921,5.6,5.6,4.4,4.4
svm_full,signo_zodiacal_capricornio,388,0.5,0.5800000000000001,0.5853968253968255,0.5999999999999999,0.58315113988179,0.638,0.6814644126083754,6.0,4.4,5.6,4.0
svm_full,signo_zodiacal_capricornio,389,0.5,0.42000000000000004,0.370995670995671,0.36000000000000004,0.36281512605042016,0.396,0.4835189265498864,3.6,5.2,4.8,6.4
svm_full,signo_zodiacal_capricornio,390,0.5,0.5700000000000001,0.6546031746031745,0.5199999999999999,0.5459919028340081,0.6060000000000001,0.6546895871586275,5.2,3.8,6.2,4.8
svm_full,signo_zodiacal_capricornio,391,0.5,0.6,0.5848484848484847,0.72,0.6405714285714286,0.59,0.6013273089139962,7.2,5.2,4.8,2.8
svm_full,signo_zodiacal_capricornio,392,0.5,0.51,0.473076923076923,0.5399999999999999,0.4937888198757764,0.5900000000000001,0.6381362885480533,5.4,5.2,4.8,4.6
svm_full,signo_zodiacal_capricornio,393,0.5,0.41,0.38590187590187586,0.32,0.34309007813651776,0.44399999999999995,0.5374331856653838,3.2,5.0,5.0,6.8
svm_full,signo_zodiacal_capricornio,394,0.5,0.6,0.608986013986014,0.62,0.6099240855762595,0.644,0.6832660384850786,6.2,4.2,5.8,3.8
svm_full,signo_zodiacal_capricornio,395,0.5,0.44000000000000006,0.4483682983682984,0.45999999999999996,0.4492251709643014,0.5020000000000001,0.6028941820133771,4.6,5.8,4.2,5.4
svm_full,signo_zodiacal_capricornio,396,0.5,0.54,0.5632478632478632,0.48,0.5087274345283499,0.5700000000000001,0.6222049890254224,4.8,4.0,6.0,5.2
svm_full,signo_zodiacal_capricornio,397,0.5,0.45,0.4535256410256411,0.56,0.4960981047937569,0.488,0.5430472278839151,5.6,6.6,3.4,4.4
svm_full,signo_zodiacal_capricornio,398,0.5,0.52,0.521978021978022,0.5399999999999999,0.5249476865845153,0.532,0.571877168153484,5.4,5.0,5.0,4.6
svm_full,signo_zodiacal_capricornio,399,0.5,0.4699999999999999,0.45999999999999996,0.52,0.473965811965812,0.526,0.6032257537783854,5.2,5.8,4.2,4.8
svm_full,signo_zodiacal_capricornio,400,0.5,0.54,0.5569047619047619,0.48,0.510255496137849,0.584,0.650071549365667,4.8,4.0,6.0,5.2
svm_full,signo_zodiacal_capricornio,401,0.5,0.49000000000000005,0.49464646464646467,0.58,0.5308598769651401,0.45999999999999996,0.5536302308802309,5.8,6.0,4.0,4.2
svm_full,signo_zodiacal_capricornio,402,0.5,0.56,0.566025641025641,0.6399999999999999,0.5924993643529113,0.648,0.6993394628247568,6.4,5.2,4.8,3.6
svm_full,signo_zodiacal_capricornio,403,0.5,0.43000000000000005,0.43000000000000005,0.42000000000000004,0.4188070175438597,0.41400000000000003,0.4869532889710908,4.2,5.6,4.4,5.8
svm_full,signo_zodiacal_capricornio,404,0.5,0.5700000000000001,0.5684615384615384,0.6,0.5800624089868941,0.514,0.5342872313445068,6.0,4.6,5.4,4.0
svm_full,signo_zodiacal_capricornio,405,0.5,0.55,0.5553379953379953,0.64,0.5902826631796884,0.595,0.6425271287020513,6.4,5.4,4.6,3.6
svm_full,signo_zodiacal_capricornio,406,0.5,0.45,0.43472222222222223,0.6199999999999999,0.5095141700404858,0.45400000000000007,0.5622464485978418,6.2,7.2,2.8,3.8
svm_full,signo_zodiacal_capricornio,407,0.5,0.5000000000000001,0.4590909090909091,0.4000000000000001,0.4161904761904762,0.502,0.5555472772841193,4.0,4.0,6.0,6.0
svm_full,signo_zodiacal_capricornio,408,0.5,0.48,0.4908358308358308,0.54,0.5057035683838753,0.45,0.5198582440950862,5.4,5.8,4.2,4.6
svm_full,signo_zodiacal_capricornio,409,0.5,0.58,0.5944444444444444,0.54,0.5588516746411483,0.6319999999999999,0.6590711963475121,5.4,3.8,6.2,4.6
svm_full,signo_zodiacal_capricornio,410,0.5,0.5900000000000001,0.5753113553113554,0.7,0.6296179183135704,0.616,0.6422016655515107,7.0,5.2,4.8,3.0
svm_full,signo_zodiacal_capricornio,411,0.5,0.42000000000000004,0.4479653679653679,0.4800000000000001,0.45299542975084767,0.442,0.5644715054467376,4.8,6.4,3.6,5.2
svm_full,signo_zodiacal_capricornio,412,0.5,0.53,0.5448051948051947,0.48,0.502098829962607,0.586,0.5822274012537171,4.8,4.2,5.8,5.2
svm_full,signo_zodiacal_capricornio,413,0.5,0.49000000000000005,0.48597513597513603,0.6,0.5324897832906986,0.5039999999999999,0.5749017622384496,6.0,6.2,3.8,4.0
svm_full,signo_zodiacal_capricornio,414,0.5,0.52,0.5236363636363637,0.6,0.5571861471861472,0.5,0.5563883514146671,6.0,5.6,4.4,4.0
svm_full,signo_zodiacal_capricornio,415,0.5,0.58,0.6465934065934066,0.5,0.5498380221653879,0.5559999999999999,0.6193014104058995,5.0,3.4,6.6,5.0
svm_full,signo_zodiacal_capricornio,416,0.5,0.5599999999999999,0.5403846153846155,0.68,0.5889910813823858,0.61,0.6794352767115924,6.8,5.6,4.4,3.2
svm_full,signo_zodiacal_capricornio,417,0.5,0.43999999999999995,0.4418449197860963,0.54,0.47955747955747957,0.40199999999999997,0.4988577909019085,5.4,6.6,3.4,4.6
svm_full,signo_zodiacal_capricornio,418,0.5,0.5599999999999999,0.527979797979798,0.5,0.5070676691729322,0.609,0.6372416825520542,5.0,3.8,6.2,5.0
svm_full,signo_zodiacal_capricornio,419,0.5,0.5599999999999999,0.5542857142857142,0.6599999999999999,0.6006060606060606,0.564,0.5698113167362393,6.6,5.4,4.6,3.4
svm_full,signo_zodiacal_capricornio,420,0.5,0.43999999999999995,0.4083333333333333,0.24,0.2988095238095238,0.4720000000000001,0.5140731027658273,2.4,3.6,6.4,7.6
svm_full,signo_zodiacal_capricornio,421,0.5,0.61,0.6472222222222223,0.45999999999999996,0.5295112781954887,0.6519999999999999,0.6697005196386001,4.6,2.4,7.6,5.4
svm_full,signo_zodiacal_capricornio,422,0.5,0.4800000000000001,0.486013986013986,0.45999999999999996,0.46594811837778594,0.438,0.5549495992483607,4.6,5.0,5.0,5.4
svm_full,signo_zodiacal_capricornio,423,0.5,0.5,0.48792929292929293,0.54,0.5064060150375939,0.43599999999999994,0.47683159324335794,5.4,5.4,4.6,4.6
svm_full,signo_zodiacal_capricornio,424,0.5,0.5800000000000001,0.5671428571428571,0.6599999999999999,0.5996934046345811,0.636,0.6752227572049552,6.6,5.0,5.0,3.4
svm_full,signo_zodiacal_capricornio,425,0.5,0.65,0.7067965367965369,0.6,0.6315864527629234,0.654,0.7224822389512793,6.0,3.0,7.0,4.0
svm_full,signo_zodiacal_capricornio,426,0.5,0.6,0.6238344988344988,0.6,0.5986181692703432,0.6980000000000001,0.7419388989063911,6.0,4.0,6.0,4.0
svm_full,signo_zodiacal_capricornio,427,0.5,0.51,0.5282167832167832,0.5,0.499787941527072,0.43599999999999994,0.4952340535281712,5.0,4.8,5.2,5.0
svm_full,signo_zodiacal_capricornio,428,0.5,0.57,0.5840909090909092,0.58,0.5769119769119768,0.58,0.6129590132090131,5.8,4.4,5.6,4.2
svm_full,signo_zodiacal_capricornio,429,0.5,0.4800000000000001,0.48285714285714293,0.5,0.4774652406417113,0.4299999999999999,0.5052276710217887,5.0,5.4,4.6,5.0
svm_full,signo_zodiacal_capricornio,430,0.5,0.4800000000000001,0.4863131313131313,0.34,0.38003470213996526,0.496,0.5558193940562361,3.4,3.8,6.2,6.6
svm_full,signo_zodiacal_capricornio,431,0.5,0.6299999999999999,0.6646953046953047,0.56,0.5892388259651687,0.6140000000000001,0.6415065098300392,5.6,3.0,7.0,4.4
svm_full,signo_zodiacal_capricornio,432,0.5,0.5,0.5377777777777778,0.38,0.4268016194331984,0.44399999999999995,0.5431134602411692,3.8,3.8,6.2,6.2
svm_full,signo_zodiacal_capricornio,433,0.5,0.49000000000000005,0.47550505050505054,0.4,0.4233339759655549,0.4159999999999999,0.481153226460502,4.0,4.2,5.8,6.0
svm_full,signo_zodiacal_capricornio,434,0.5,0.55,0.5414285714285715,0.6599999999999999,0.5826363636363636,0.5679999999999998,0.5867499716485785,6.6,5.6,4.4,3.4
svm_full,signo_zodiacal_capricornio,435,0.5,0.45,0.4256410256410256,0.4600000000000001,0.43548817696414954,0.45200000000000007,0.5139853957531976,4.6,5.6,4.4,5.4
svm_full,signo_zodiacal_capricornio,436,0.5,0.45999999999999996,0.46806526806526805,0.54,0.500884622623753,0.44399999999999995,0.5086181514563867,5.4,6.2,3.8,4.6
svm_full,signo_zodiacal_capricornio,437,0.5,0.4,0.34786324786324785,0.3,0.313558352402746,0.37,0.43393839390743416,3.0,5.0,5.0,7.0
svm_full,signo_zodiacal_capricornio,438,0.5,0.38,0.4070507270507271,0.5399999999999999,0.4590890269151139,0.352,0.45014244089244093,5.4,7.8,2.2,4.6
svm_full,signo_zodiacal_capricornio,439,0.5,0.51,0.5153379953379953,0.5,0.49512476844284625,0.518,0.6052611179670002,5.0,4.8,5.2,5.0
svm_full,signo_zodiacal_capricornio,440,0.5,0.51,0.49646464646464644,0.58,0.5307213488266119,0.472,0.5382132142882916,5.8,5.6,4.4,4.2
svm_full,signo_zodiacal_capricornio,441,0.5,0.6100000000000001,0.6119191919191919,0.62,0.6149874686716792,0.5780000000000001,0.5702795249985653,6.2,4.0,6.0,3.8
svm_full,signo_zodiacal_capricornio,442,0.5,0.5000000000000001,0.4763986013986014,0.4800000000000001,0.46740698914611956,0.4600000000000001,0.5360715961025558,4.8,4.8,5.2,5.2
svm_full,signo_zodiacal_capricornio,443,0.5,0.5199999999999999,0.5181385281385281,0.6599999999999999,0.5786493506493506,0.542,0.6064459141649544,6.6,6.2,3.8,3.4
svm_full,signo_zodiacal_capricornio,444,0.5,0.52,0.525,0.44000000000000006,0.475,0.5399999999999999,0.6183319643892399,4.4,4.0,6.0,5.6
svm_full,signo_zodiacal_capricornio,445,0.5,0.5700000000000001,0.6342857142857141,0.42000000000000004,0.493109243697479,0.5860000000000001,0.6605681448754204,4.2,2.8,7.2,5.8
svm_full,signo_zodiacal_capricornio,446,0.5,0.5,0.5175757575757576,0.4,0.44079365079365074,0.518,0.6006180486180486,4.0,4.0,6.0,6.0
svm_full,signo_zodiacal_capricornio,447,0.5,0.49000000000000005,0.4915966386554622,0.6,0.5265151515151515,0.476,0.5580282115545272,6.0,6.2,3.8,4.0
svm_full,signo_zodiacal_capricornio,448,0.5,0.35,0.3695804195804196,0.44000000000000006,0.4013175230566534,0.29200000000000004,0.43368394436660684,4.4,7.4,2.6,5.6
svm_full,signo_zodiacal_capricornio,449,0.5,0.51,0.5044837515425751,0.64,0.5598343685300207,0.45,0.5098787497332389,6.4,6.2,3.8,3.6
svm_full,signo_zodiacal_capricornio,450,0.5,0.55,0.552063492063492,0.42000000000000004,0.4693808049535604,0.5079999999999999,0.6100856843534862,4.2,3.2,6.8,5.8
svm_full,signo_zodiacal_capricornio,451,0.5,0.4600000000000001,0.4412698412698413,0.38,0.40151593332707886,0.42800000000000005,0.48654329880645664,3.8,4.6,5.4,6.2
svm_full,signo_zodiacal_capricornio,452,0.5,0.56,0.5336996336996336,0.7,0.6030129672006102,0.534,0.586051963344533,7.0,5.8,4.2,3.0
svm_full,signo_zodiacal_capricornio,453,0.5,0.39999999999999997,0.40187590187590183,0.4,0.3972230040341495,0.41,0.5091650289854625,4.0,6.0,4.0,6.0
svm_full,signo_zodiacal_capricornio,454,0.5,0.52,0.5650000000000001,0.38,0.43008547008547016,0.5660000000000001,0.6489594396831239,3.8,3.4,6.6,6.2
svm_full,signo_zodiacal_capricornio,455,0.5,0.44000000000000006,0.43797979797979797,0.44000000000000006,0.43849624060150383,0.5,0.5859036677976306,4.4,5.6,4.4,5.6
svm_full,signo_zodiacal_capricornio,456,0.5,0.4600000000000001,0.4258297258297258,0.38,0.3874202165223837,0.392,0.49858200605723824,3.8,4.6,5.4,6.2
svm_full,signo_zodiacal_capricornio,457,0.5,0.45,0.40888888888888886,0.32,0.3165079365079365,0.39599999999999996,0.4900244688232305,3.2,4.2,5.8,6.8
svm_full,signo_zodiacal_capricornio,458,0.5,0.36,0.35,0.36,0.3502525252525252,0.344,0.4512361841804566,3.6,6.4,3.6,6.4
svm_full,signo_zodiacal_capricornio,459,0.5,0.5799999999999998,0.5838383838383839,0.5599999999999999,0.5673122199437989,0.6160000000000001,0.6380557775557776,5.6,4.0,6.0,4.4
svm_full,signo_zodiacal_capricornio,460,0.5,0.41000000000000003,0.40087912087912086,0.38,0.37696220517192386,0.36,0.45183872053299295,3.8,5.6,4.4,6.2
svm_full,signo_zodiacal_capricornio,461,0.5,0.5700000000000001,0.5938888888888888,0.52,0.5475704412546517,0.582,0.6208263670454073,5.2,3.8,6.2,4.8
svm_full,signo_zodiacal_capricornio,462,0.5,0.62,0.6690476190476191,0.48,0.5505882352941176,0.6639999999999999,0.7078783603737164,4.8,2.4,7.6,5.2
svm_full,signo_zodiacal_capricornio,463,0.5,0.41000000000000003,0.38639138639138637,0.38,0.37791409469966475,0.4,0.4863572691498388,3.8,5.6,4.4,6.2
svm_full,signo_zodiacal_capricornio,464,0.5,0.44000000000000006,0.43819291819291817,0.33999999999999997,0.37175528334903757,0.42400000000000004,0.4987527576482685,3.4,4.6,5.4,6.6
svm_full,signo_zodiacal_capricornio,465,0.5,0.48,0.48666666666666664,0.62,0.5365506072874494,0.512,0.573373551285316,6.2,6.6,3.4,3.8
svm_full,signo_zodiacal_capricornio,466,0.5,0.5599999999999999,0.6266666666666667,0.36,0.445982905982906,0.53,0.6062012991308656,3.6,2.4,7.6,6.4
svm_full,signo_zodiacal_capricornio,467,0.5,0.43000000000000005,0.424053724053724,0.42000000000000004,0.4106171759321578,0.42200000000000004,0.5274926195235793,4.2,5.6,4.4,5.8
svm_full,signo_zodiacal_capricornio,468,0.5,0.5700000000000001,0.576948051948052,0.48,0.5193596736940389,0.6180000000000001,0.6597147009337412,4.8,3.4,6.6,5.2
svm_full,signo_zodiacal_capricornio,469,0.5,0.37,0.3791452991452991,0.41999999999999993,0.38989432078219266,0.38199999999999995,0.5165904836477591,4.2,6.8,3.2,5.8
svm_full,signo_zodiacal_capricornio,470,0.5,0.4,0.4037484737484737,0.44000000000000006,0.4166641240783117,0.41200000000000003,0.5258026613908967,4.4,6.4,3.6,5.6
svm_full,signo_zodiacal_capricornio,471,0.5,0.45,0.4463314463314463,0.42000000000000004,0.4266292329288695,0.45,0.5232525093585465,4.2,5.2,4.8,5.8
svm_full,signo_zodiacal_capricornio,472,0.5,0.5599999999999999,0.5878571428571429,0.4,0.4734640522875817,0.51,0.5735353910795087,4.0,2.8,7.2,6.0
svm_full,signo_zodiacal_capricornio,473,0.5,0.42000000000000004,0.4257142857142857,0.54,0.4729760765550239,0.45,0.5065623428858723,5.4,7.0,3.0,4.6
svm_full,signo_zodiacal_capricornio,474,0.5,0.59,0.562857142857143,0.78,0.6530909090909092,0.607,0.6504225743296951,7.8,6.0,4.0,2.2
svm_full,signo_zodiacal_capricornio,475,0.5,0.5599999999999999,0.5838827838827838,0.45999999999999996,0.4965290464011692,0.608,0.6604918404608806,4.6,3.4,6.6,5.4
svm_full,signo_zodiacal_capricornio,476,0.5,0.51,0.5252680652680652,0.5800000000000001,0.538068134763787,0.51,0.5935038007228408,5.8,5.6,4.4,4.2
svm_full,signo_zodiacal_capricornio,477,0.5,0.52,0.5124963924963926,0.48,0.49387586613592804,0.51,0.5762814022063248,4.8,4.4,5.6,5.2
svm_full,signo_zodiacal_capricornio,478,0.5,0.48999999999999994,0.5040476190476191,0.6,0.5412929292929294,0.538,0.5967103842150282,6.0,6.2,3.8,4.0
svm_full,signo_zodiacal_capricornio,479,0.5,0.5499999999999999,0.5104761904761904,0.33999999999999997,0.39330316742081445,0.558,0.6125762195321018,3.4,2.4,7.6,6.6
svm_full,signo_zodiacal_capricornio,480,0.5,0.53,0.5555555555555556,0.5,0.5183014354066986,0.552,0.6435389810567829,5.0,4.4,5.6,5.0
svm_full,signo_zodiacal_capricornio,481,0.5,0.4699999999999999,0.46090909090909093,0.44000000000000006,0.4437734487734487,0.528,0.5893266161942632,4.4,5.0,5.0,5.6
svm_full,signo_zodiacal_capricornio,482,0.5,0.5700000000000001,0.5808080808080808,0.45999999999999996,0.4862155388471178,0.576,0.635341131520698,4.6,3.2,6.8,5.4
svm_full,signo_zodiacal_capricornio,483,0.5,0.55,0.5772727272727273,0.4,0.4579365079365079,0.534,0.6100848205801765,4.0,3.0,7.0,6.0
svm_full,signo_zodiacal_capricornio,484,0.5,0.45,0.45186147186147185,0.38,0.4075136370337609,0.5389999999999999,0.5726300904977375,3.8,4.8,5.2,6.2
svm_full,signo_zodiacal_capricornio,485,0.5,0.56,0.5662698412698413,0.5199999999999999,0.5346233230134159,0.5970000000000001,0.653578446665134,5.2,4.0,6.0,4.8
svm_full,signo_zodiacal_capricornio,486,0.5,0.44000000000000006,0.42745098039215684,0.5199999999999999,0.4574339890129364,0.453,0.5148189551246827,5.2,6.4,3.6,4.8
svm_full,signo_zodiacal_capricornio,487,0.5,0.5,0.49562881562881567,0.48,0.4828536815183739,0.492,0.5672280507590106,4.8,4.8,5.2,5.2
svm_full,signo_zodiacal_capricornio,488,0.5,0.55,0.5525757575757576,0.5399999999999999,0.5425108225108225,0.534,0.588369896443426,5.4,4.4,5.6,4.6
svm_full,signo_zodiacal_capricornio,489,0.5,0.45,0.4517016317016317,0.54,0.4885383022774327,0.4539999999999999,0.5477720781970008,5.4,6.4,3.6,4.6
svm_full,signo_zodiacal_capricornio,490,0.5,0.51,0.5079025549613785,0.72,0.5856864383180173,0.568,0.6140654258022679,7.2,7.0,3.0,2.8
svm_full,signo_zodiacal_capricornio,491,0.5,0.51,0.4971606171606172,0.58,0.5319123896698267,0.538,0.5927241914432316,5.8,5.6,4.4,4.2
svm_full,signo_zodiacal_capricornio,492,0.5,0.41000000000000003,0.39246031746031745,0.36000000000000004,0.3685242518059856,0.404,0.5305469089733795,3.6,5.4,4.6,6.4
svm_full,signo_zodiacal_capricornio,493,0.5,0.45,0.40813852813852824,0.34,0.35768780239368475,0.45899999999999996,0.5089315613007563,3.4,4.4,5.6,6.6
svm_full,signo_zodiacal_capricornio,494,0.5,0.49000000000000005,0.4761111111111111,0.36000000000000004,0.4061988304093568,0.5039999999999999,0.5492201850437144,3.6,3.8,6.2,6.4
svm_full,signo_zodiacal_capricornio,495,0.5,0.38,0.3604945054945055,0.36,0.357152600170503,0.388,0.5110509121081875,3.6,6.0,4.0,6.4
svm_full,signo_zodiacal_capricornio,496,0.5,0.57,0.5678055278055277,0.64,0.5931321398124467,0.6040000000000001,0.6638011988011987,6.4,5.0,5.0,3.6
svm_full,signo_zodiacal_capricornio,497,0.5,0.47000000000000003,0.4583333333333333,0.38,0.40889154704944175,0.492,0.5609584555451428,3.8,4.4,5.6,6.2
svm_full,signo_zodiacal_capricornio,498,0.5,0.4600000000000001,0.47246642246642245,0.5,0.4755200748907843,0.472,0.5419978832656851,5.0,5.8,4.2,5.0
svm_full,signo_zodiacal_capricornio,499,0.5,0.36000000000000004,0.3696581196581196,0.42000000000000004,0.38952453597762515,0.364,0.4809431547125046,4.2,7.0,3.0,5.8
svm_full,signo_zodiacal_capricornio,500,0.5,0.6,0.6155555555555555,0.5599999999999999,0.5768922305764411,0.674,0.6808048940223863,5.6,3.6,6.4,4.4
svm_full,signo_zodiacal_cancer,1,0.5,0.49000000000000005,0.49313131313131303,0.5399999999999999,0.5114486215538847,0.421,0.4733105216077352,5.4,5.6,4.4,4.6
svm_full,signo_zodiacal_cancer,2,0.5,0.53,0.5879797979797979,0.5,0.5258965595807702,0.506,0.6440528838206856,5.0,4.4,5.6,5.0
svm_full,signo_zodiacal_cancer,3,0.5,0.55,0.5782106782106782,0.44000000000000006,0.4931483119563615,0.5720000000000001,0.5992155307712583,4.4,3.4,6.6,5.6
svm_full,signo_zodiacal_cancer,4,0.5,0.5,0.49720279720279714,0.6199999999999999,0.5506211180124223,0.538,0.5994296608104658,6.2,6.2,3.8,3.8
svm_full,signo_zodiacal_cancer,5,0.5,0.53,0.5348051948051947,0.62,0.5662515262515262,0.4779999999999999,0.5646164873138557,6.2,5.6,4.4,3.8
svm_full,signo_zodiacal_cancer,6,0.5,0.47000000000000003,0.47750249750249746,0.64,0.5455859213250517,0.44000000000000006,0.489986902416469,6.4,7.0,3.0,3.6
svm_full,signo_zodiacal_cancer,7,0.5,0.45999999999999996,0.42666666666666664,0.44000000000000006,0.42536796536796534,0.49800000000000005,0.5743339154825222,4.4,5.2,4.8,5.6
svm_full,signo_zodiacal_cancer,8,0.5,0.45999999999999996,0.4616666666666666,0.5599999999999999,0.49975757575757573,0.392,0.4946227775492481,5.6,6.4,3.6,4.4
svm_full,signo_zodiacal_cancer,9,0.5,0.5700000000000001,0.5989860139860139,0.5,0.5271463077984817,0.616,0.6418227964845611,5.0,3.6,6.4,5.0
svm_full,signo_zodiacal_cancer,10,0.5,0.63,0.5940573152337858,0.82,0.6858240374762115,0.6519999999999999,0.6705731458084399,8.2,5.6,4.4,1.8
svm_full,signo_zodiacal_cancer,11,0.5,0.4,0.353531746031746,0.38,0.3589616575375089,0.4119999999999999,0.49056538903133323,3.8,5.8,4.2,6.2
svm_full,signo_zodiacal_cancer,12,0.5,0.48,0.4594383394383395,0.42000000000000004,0.43026338224076816,0.492,0.5827776765717942,4.2,4.6,5.4,5.8
svm_full,signo_zodiacal_cancer,13,0.5,0.52,0.5222222222222223,0.36000000000000004,0.41885964912280704,0.5120000000000001,0.6011665681239984,3.6,3.2,6.8,6.4
svm_full,signo_zodiacal_cancer,14,0.5,0.5599999999999999,0.558065268065268,0.6599999999999999,0.6025729343120647,0.5820000000000001,0.6526704586263409,6.6,5.4,4.6,3.4
svm_full,signo_zodiacal_cancer,15,0.5,0.6,0.5836829836829838,0.74,0.6500861457383197,0.5880000000000001,0.606848231833526,7.4,5.4,4.6,2.6
svm_full,signo_zodiacal_cancer,16,0.5,0.49000000000000005,0.49572649572649574,0.5800000000000001,0.5259246220344618,0.508,0.588527692465773,5.8,6.0,4.0,4.2
svm_full,signo_zodiacal_cancer,17,0.5,0.5900000000000001,0.6138888888888888,0.41999999999999993,0.4807017543859649,0.534,0.6157004927477063,4.2,2.4,7.6,5.8
svm_full,signo_zodiacal_cancer,18,0.5,0.48,0.49313131313131303,0.38,0.41659147869674185,0.40599999999999997,0.5161963896097024,3.8,4.2,5.8,6.2
svm_full,signo_zodiacal_cancer,19,0.5,0.52,0.5147824397824398,0.54,0.5238966982674076,0.5660000000000001,0.638055167055167,5.4,5.0,5.0,4.6
svm_full,signo_zodiacal_cancer,20,0.5,0.45,0.46698412698412695,0.34,0.37754385964912285,0.43200000000000005,0.5293174058483656,3.4,4.4,5.6,6.6
svm_full,signo_zodiacal_cancer,21,0.5,0.6,0.5930701754385965,0.72,0.6352490421455939,0.624,0.6405704393645569,7.2,5.2,4.8,2.8
svm_full,signo_zodiacal_cancer,22,0.5,0.48,0.4949494949494949,0.38000000000000006,0.4242898913951546,0.442,0.5287979090053393,3.8,4.2,5.8,6.2
svm_full,signo_zodiacal_cancer,23,0.5,0.5199999999999999,0.5176623376623376,0.7200000000000001,0.600029304029304,0.54,0.5592517539220325,7.2,6.8,3.2,2.8
svm_full,signo_zodiacal_cancer,24,0.5,0.38,0.3826251526251527,0.42000000000000004,0.3963361301805238,0.32199999999999995,0.4715295699312727,4.2,6.6,3.4,5.8
svm_full,signo_zodiacal_cancer,25,0.5,0.4600000000000001,0.46202020202020205,0.4999999999999999,0.47716791979949874,0.40800000000000003,0.48275181354593116,5.0,5.8,4.2,5.0
svm_full,signo_zodiacal_cancer,26,0.5,0.54,0.5306915306915306,0.68,0.5896292113683418,0.542,0.5589475106077273,6.8,6.0,4.0,3.2
svm_full,signo_zodiacal_cancer,27,0.5,0.36,0.3746031746031746,0.44000000000000006,0.39956406166932484,0.356,0.4553180893753649,4.4,7.2,2.8,5.6
svm_full,signo_zodiacal_cancer,28,0.5,0.49000000000000005,0.47435897435897434,0.5599999999999999,0.5088970251716247,0.532,0.61000755513836,5.6,5.8,4.2,4.4
svm_full,signo_zodiacal_cancer,29,0.5,0.53,0.5340909090909091,0.36000000000000004,0.40476190476190477,0.532,0.581278110176717,3.6,3.0,7.0,6.4
svm_full,signo_zodiacal_cancer,30,0.5,0.42000000000000004,0.3846886446886447,0.33999999999999997,0.3536495116734718,0.352,0.4461181412326923,3.4,5.0,5.0,6.6
svm_full,signo_zodiacal_cancer,31,0.5,0.48,0.47727272727272724,0.5,0.48740031897926633,0.514,0.5432845940609099,5.0,5.4,4.6,5.0
svm_full,signo_zodiacal_cancer,32,0.5,0.57,0.5652525252525252,0.58,0.571829573934837,0.6239999999999999,0.6537508859389665,5.8,4.4,5.6,4.2
svm_full,signo_zodiacal_cancer,33,0.5,0.44000000000000006,0.4495670995670996,0.42000000000000004,0.4249809014514897,0.441,0.5599804578806127,4.2,5.4,4.6,5.8
svm_full,signo_zodiacal_cancer,34,0.5,0.51,0.5088578088578088,0.6199999999999999,0.5584792019574627,0.596,0.6643746863731383,6.2,6.0,4.0,3.8
svm_full,signo_zodiacal_cancer,35,0.5,0.48999999999999994,0.4909090909090909,0.54,0.5134199134199134,0.438,0.5117716352275176,5.4,5.6,4.4,4.6
svm_full,signo_zodiacal_cancer,36,0.5,0.4600000000000001,0.46373626373626375,0.52,0.4840269704719833,0.48199999999999993,0.5479491341991343,5.2,6.0,4.0,4.8
svm_full,signo_zodiacal_cancer,37,0.5,0.59,0.6226190476190476,0.52,0.557501485442662,0.6220000000000001,0.6561206632205083,5.2,3.4,6.6,4.8
svm_full,signo_zodiacal_cancer,38,0.5,0.5,0.4953846153846154,0.6200000000000001,0.549235836627141,0.488,0.5631006842314891,6.2,6.2,3.8,3.8
svm_full,signo_zodiacal_cancer,39,0.5,0.5900000000000001,0.5961972238288028,0.6599999999999999,0.6058196392000078,0.5599999999999999,0.617500777000777,6.6,4.8,5.2,3.4
svm_full,signo_zodiacal_cancer,40,0.5,0.36,0.35898989898989897,0.33999999999999997,0.343339029391661,0.33799999999999997,0.4749351041115747,3.4,6.2,3.8,6.6
svm_full,signo_zodiacal_cancer,41,0.5,0.56,0.561025641025641,0.62,0.5862367380902851,0.564,0.6489293288410936,6.2,5.0,5.0,3.8
svm_full,signo_zodiacal_cancer,42,0.5,0.53,0.5176190476190476,0.6,0.5436060606060605,0.579,0.6596182493976611,6.0,5.4,4.6,4.0
svm_full,signo_zodiacal_cancer,43,0.5,0.63,0.6093137254901961,0.76,0.6671643975991802,0.724,0.7445921655743637,7.6,5.0,5.0,2.4
svm_full,signo_zodiacal_cancer,44,0.5,0.51,0.5111111111111111,0.5800000000000001,0.5385964912280701,0.526,0.623277397610989,5.8,5.6,4.4,4.2
svm_full,signo_zodiacal_cancer,45,0.5,0.43,0.408974358974359,0.33999999999999997,0.3634981528843421,0.43600000000000005,0.5179217453513119,3.4,4.8,5.2,6.6
svm_full,signo_zodiacal_cancer,46,0.5,0.41,0.41545121545121544,0.42000000000000004,0.4116657993895845,0.34199999999999997,0.4762157868790995,4.2,6.0,4.0,5.8
svm_full,signo_zodiacal_cancer,47,0.5,0.58,0.5689592760180995,0.74,0.6358704666805354,0.574,0.5828626569508921,7.4,5.8,4.2,2.6
svm_full,signo_zodiacal_cancer,48,0.5,0.53,0.5276923076923077,0.58,0.5508300395256918,0.52,0.5931898193825438,5.8,5.2,4.8,4.2
svm_full,signo_zodiacal_cancer,49,0.5,0.56,0.6047319347319348,0.5,0.5243478260869565,0.542,0.6111880974202955,5.0,3.8,6.2,5.0
svm_full,signo_zodiacal_cancer,50,0.5,0.51,0.514090909090909,0.43999999999999995,0.4701027077497667,0.524,0.5742815985184405,4.4,4.2,5.8,5.6
svm_full,signo_zodiacal_cancer,51,0.5,0.45999999999999996,0.4667481538069773,0.6399999999999999,0.5358095238095238,0.386,0.4652382252250673,6.4,7.2,2.8,3.6
svm_full,signo_zodiacal_cancer,52,0.5,0.44000000000000006,0.399047619047619,0.25999999999999995,0.31281045751633985,0.49800000000000005,0.5267100187394305,2.6,3.8,6.2,7.4
svm_full,signo_zodiacal_cancer,53,0.5,0.52,0.5187301587301587,0.6599999999999999,0.576354066985646,0.524,0.5973737353118158,6.6,6.2,3.8,3.4
svm_full,signo_zodiacal_cancer,54,0.5,0.41,0.39520202020202017,0.33999999999999997,0.36121553884711777,0.36,0.4568592463607943,3.4,5.2,4.8,6.6
svm_full,signo_zodiacal_cancer,55,0.5,0.51,0.490995670995671,0.4800000000000001,0.48413091552410437,0.5900000000000001,0.6426952656906216,4.8,4.6,5.4,5.2
svm_full,signo_zodiacal_cancer,56,0.5,0.4,0.3657142857142857,0.31999999999999995,0.33322664951147923,0.438,0.49763196624496936,3.2,5.2,4.8,6.8
svm_full,signo_zodiacal_cancer,57,0.5,0.52,0.5313131313131313,0.44000000000000006,0.4647300068352699,0.5,0.5859783543769612,4.4,4.0,6.0,5.6
svm_full,signo_zodiacal_cancer,58,0.5,0.41,0.41873626373626377,0.5,0.4510144927536232,0.352,0.4720680751137407,5.0,6.8,3.2,5.0
svm_full,signo_zodiacal_cancer,59,0.5,0.56,0.559965034965035,0.5599999999999999,0.5490118577075098,0.53,0.6076305802041096,5.6,4.4,5.6,4.4
svm_full,signo_zodiacal_cancer,60,0.5,0.33999999999999997,0.34949494949494947,0.36,0.35342902711323765,0.33999999999999997,0.4871739582227198,3.6,6.8,3.2,6.4
svm_full,signo_zodiacal_cancer,61,0.5,0.44000000000000006,0.4396464646464646,0.45999999999999996,0.44698108908635226,0.41200000000000003,0.4974531487604243,4.6,5.8,4.2,5.4
svm_full,signo_zodiacal_cancer,62,0.5,0.5700000000000001,0.5977777777777777,0.5,0.5222083179977917,0.5940000000000001,0.631433112638995,5.0,3.6,6.4,5.0
svm_full,signo_zodiacal_cancer,63,0.5,0.36,0.3521212121212121,0.33999999999999997,0.34238095238095234,0.36200000000000004,0.46867734226557756,3.4,6.2,3.8,6.6
svm_full,signo_zodiacal_cancer,64,0.5,0.39999999999999997,0.39555555555555555,0.4,0.3964593301435406,0.361,0.48680243105707505,4.0,6.0,4.0,6.0
svm_full,signo_zodiacal_cancer,65,0.5,0.5000000000000001,0.4956843156843157,0.4,0.4232273779076848,0.48599999999999993,0.5430062535503712,4.0,4.0,6.0,6.0
svm_full,signo_zodiacal_cancer,66,0.5,0.52,0.5430672268907563,0.6199999999999999,0.5684033315612262,0.556,0.6240495968599683,6.2,5.8,4.2,3.8
svm_full,signo_zodiacal_cancer,67,0.5,0.4800000000000001,0.4761111111111111,0.5,0.4797278043593833,0.492,0.5584911930175088,5.0,5.4,4.6,5.0
svm_full,signo_zodiacal_cancer,68,0.5,0.53,0.5128571428571429,0.4,0.441218487394958,0.556,0.5667849531789161,4.0,3.4,6.6,6.0
svm_full,signo_zodiacal_cancer,69,0.5,0.5000000000000001,0.5088383838383839,0.43999999999999995,0.45879851143009037,0.5720000000000001,0.6115603177352403,4.4,4.4,5.6,5.6
svm_full,signo_zodiacal_cancer,70,0.5,0.54,0.5464646464646464,0.54,0.5400546821599452,0.5660000000000001,0.6261894843202893,5.4,4.6,5.4,4.6
svm_full,signo_zodiacal_cancer,71,0.5,0.55,0.538888888888889,0.6599999999999999,0.5849168375484164,0.512,0.587903984302591,6.6,5.6,4.4,3.4
svm_full,signo_zodiacal_cancer,72,0.5,0.4,0.3899145299145299,0.48,0.4248124018486113,0.41200000000000003,0.5137593817431279,4.8,6.8,3.2,5.2
svm_full,signo_zodiacal_cancer,73,0.5,0.4800000000000001,0.49686147186147184,0.52,0.4962710492122257,0.454,0.5328317891259068,5.2,5.6,4.4,4.8
svm_full,signo_zodiacal_cancer,74,0.5,0.52,0.5132478632478633,0.5800000000000001,0.538777939578855,0.506,0.5641576277179993,5.8,5.4,4.6,4.2
svm_full,signo_zodiacal_cancer,75,0.5,0.5399999999999999,0.5307783719548426,0.6,0.553912559175717,0.591,0.6371030527779753,6.0,5.2,4.8,4.0
svm_full,signo_zodiacal_cancer,76,0.5,0.54,0.5361660561660562,0.56,0.5402503701709517,0.51,0.5580996122041013,5.6,4.8,5.2,4.4
svm_full,signo_zodiacal_cancer,77,0.5,0.51,0.5241958041958041,0.5,0.4982696530522618,0.49400000000000005,0.5926432585302553,5.0,4.8,5.2,5.0
svm_full,signo_zodiacal_cancer,78,0.5,0.48,0.48275641025641025,0.6399999999999999,0.5469418697244783,0.442,0.5217358650121808,6.4,6.8,3.2,3.6
svm_full,signo_zodiacal_cancer,79,0.5,0.48,0.4894083694083694,0.5,0.49071846282372594,0.5419999999999999,0.6266102379732411,5.0,5.4,4.6,5.0
svm_full,signo_zodiacal_cancer,80,0.5,0.53,0.5948717948717949,0.52,0.538305249289231,0.5419999999999999,0.6303158240967839,5.2,4.6,5.4,4.8
svm_full,signo_zodiacal_cancer,81,0.5,0.6,0.6509523809523811,0.48,0.5415418894830659,0.592,0.6509825642194063,4.8,2.8,7.2,5.2
svm_full,signo_zodiacal_cancer,82,0.5,0.4,0.3826673326673327,0.42000000000000004,0.3954370153858645,0.40800000000000003,0.48206847581383183,4.2,6.2,3.8,5.8
svm_full,signo_zodiacal_cancer,83,0.5,0.5900000000000001,0.583003663003663,0.6799999999999999,0.6231273836765827,0.5660000000000001,0.5693137669004542,6.8,5.0,5.0,3.2
svm_full,signo_zodiacal_cancer,84,0.5,0.58,0.5967171717171718,0.5,0.5385964912280701,0.576,0.6020599461597913,5.0,3.4,6.6,5.0
svm_full,signo_zodiacal_cancer,85,0.5,0.62,0.6527777777777777,0.52,0.5760233918128655,0.6260000000000001,0.6778066737184384,5.2,2.8,7.2,4.8
svm_full,signo_zodiacal_cancer,86,0.5,0.4600000000000001,0.444112554112554,0.5199999999999999,0.4737601222307104,0.44800000000000006,0.5664759709674569,5.2,6.0,4.0,4.8
svm_full,signo_zodiacal_cancer,87,0.5,0.4,0.40335164835164833,0.4,0.3907996589940324,0.354,0.4724656079214903,4.0,6.0,4.0,6.0
svm_full,signo_zodiacal_cancer,88,0.5,0.53,0.5186868686868686,0.5599999999999999,0.526410344041923,0.48200000000000004,0.5392033624270466,5.6,5.0,5.0,4.4
svm_full,signo_zodiacal_cancer,89,0.5,0.51,0.503174603174603,0.5199999999999999,0.5064327485380116,0.522,0.5763429260797681,5.2,5.0,5.0,4.8
svm_full,signo_zodiacal_cancer,90,0.5,0.51,0.5204040404040404,0.5599999999999999,0.5350977443609022,0.514,0.5786739904402443,5.6,5.4,4.6,4.4
svm_full,signo_zodiacal_cancer,91,0.5,0.6,0.6528571428571428,0.52,0.5632026143790849,0.624,0.6431288048037274,5.2,3.2,6.8,4.8
svm_full,signo_zodiacal_cancer,92,0.5,0.56,0.5476470588235294,0.76,0.6304977984977985,0.526,0.5604085640881307,7.6,6.4,3.6,2.4
svm_full,signo_zodiacal_cancer,93,0.5,0.49000000000000005,0.49575757575757573,0.54,0.516103896103896,0.48299999999999993,0.557621369858212,5.4,5.6,4.4,4.6
svm_full,signo_zodiacal_cancer,94,0.5,0.44000000000000006,0.43975468975468973,0.44000000000000006,0.4361840429951885,0.378,0.4544910181837426,4.4,5.6,4.4,5.6
svm_full,signo_zodiacal_cancer,95,0.5,0.43,0.365,0.3,0.3198845598845598,0.4539999999999999,0.5429484492116071,3.0,4.4,5.6,7.0
svm_full,signo_zodiacal_cancer,96,0.5,0.43,0.41555555555555557,0.42000000000000004,0.4108771929824561,0.42400000000000004,0.5062710901929168,4.2,5.6,4.4,5.8
svm_full,signo_zodiacal_cancer,97,0.5,0.56,0.5585858585858585,0.6,0.574812030075188,0.554,0.5711569410981175,6.0,4.8,5.2,4.0
svm_full,signo_zodiacal_cancer,98,0.5,0.54,0.5430303030303031,0.5599999999999999,0.5492352092352093,0.55,0.6323179047474712,5.6,4.8,5.2,4.4
svm_full,signo_zodiacal_cancer,99,0.5,0.54,0.5233766233766234,0.42000000000000004,0.45437727047634163,0.6140000000000001,0.6546780986471388,4.2,3.4,6.6,5.8
svm_full,signo_zodiacal_cancer,100,0.5,0.47000000000000003,0.4368253968253969,0.32,0.36722394220846233,0.42400000000000004,0.47150922177237964,3.2,3.8,6.2,6.8
svm_full,signo_zodiacal_cancer,101,0.5,0.5900000000000001,0.6976190476190476,0.4,0.4669531448943213,0.62,0.679302882188331,4.0,2.2,7.8,6.0
svm_full,signo_zodiacal_cancer,102,0.5,0.44000000000000006,0.4396464646464646,0.5000000000000001,0.46252110462636775,0.422,0.5332691342884841,5.0,6.2,3.8,5.0
svm_full,signo_zodiacal_cancer,103,0.5,0.5,0.5072150072150071,0.52,0.5065236620964175,0.48600000000000004,0.5530592811900862,5.2,5.2,4.8,4.8
svm_full,signo_zodiacal_cancer,104,0.5,0.38,0.37835497835497833,0.36,0.3658178422884305,0.32999999999999996,0.449860476554749,3.6,6.0,4.0,6.4
svm_full,signo_zodiacal_cancer,105,0.5,0.54,0.5383838383838384,0.52,0.5254651780967571,0.522,0.535042057615587,5.2,4.4,5.6,4.8
svm_full,signo_zodiacal_cancer,106,0.5,0.53,0.5257997557997558,0.5399999999999999,0.5274719465485382,0.49400000000000005,0.5381705788191856,5.4,4.8,5.2,4.6
svm_full,signo_zodiacal_cancer,107,0.5,0.5700000000000001,0.5735714285714286,0.5599999999999999,0.558562091503268,0.608,0.6178175425365828,5.6,4.2,5.8,4.4
svm_full,signo_zodiacal_cancer,108,0.5,0.47000000000000003,0.4673076923076923,0.48,0.4695790860550586,0.48599999999999993,0.5669273842772296,4.8,5.4,4.6,5.2
svm_full,signo_zodiacal_cancer,109,0.5,0.54,0.5346003016591252,0.72,0.6088115942028985,0.518,0.5462681299608544,7.2,6.4,3.6,2.8
svm_full,signo_zodiacal_cancer,110,0.5,0.55,0.5272727272727273,0.33999999999999997,0.3903469079939669,0.608,0.6579603260516572,3.4,2.4,7.6,6.6
svm_full,signo_zodiacal_cancer,111,0.5,0.45,0.4597979797979798,0.52,0.4841758942811575,0.47000000000000003,0.5285848297729102,5.2,6.2,3.8,4.8
svm_full,signo_zodiacal_cancer,112,0.5,0.44000000000000006,0.434065934065934,0.3,0.33718994844314537,0.44000000000000006,0.5419535393227344,3.0,4.2,5.8,7.0
svm_full,signo_zodiacal_cancer,113,0.5,0.51,0.49480519480519475,0.5,0.48474025974025975,0.5,0.5276490072534964,5.0,4.8,5.2,5.0
svm_full,signo_zodiacal_cancer,114,0.5,0.4,0.395021645021645,0.33999999999999997,0.3589996604702487,0.366,0.44213198016293986,3.4,5.4,4.6,6.6
svm_full,signo_zodiacal_cancer,115,0.5,0.42000000000000004,0.4234487734487734,0.5199999999999999,0.4646160856687172,0.40599999999999997,0.5367040670028287,5.2,6.8,3.2,4.8
svm_full,signo_zodiacal_cancer,116,0.5,0.37,0.39376623376623376,0.5,0.4385714285714286,0.327,0.4453977987097183,5.0,7.6,2.4,5.0
svm_full,signo_zodiacal_cancer,117,0.5,0.43,0.4388286713286713,0.5399999999999999,0.4808600095556617,0.36,0.4779421104351445,5.4,6.8,3.2,4.6
svm_full,signo_zodiacal_cancer,118,0.5,0.52,0.5174509803921569,0.6599999999999999,0.5717710437710437,0.532,0.5799701872774629,6.6,6.2,3.8,3.4
svm_full,signo_zodiacal_cancer,119,0.5,0.5,0.4886868686868686,0.45999999999999996,0.4705012531328321,0.44400000000000006,0.5234457923397553,4.6,4.6,5.4,5.4
svm_full,signo_zodiacal_cancer,120,0.5,0.49000000000000005,0.4709249084249085,0.5999999999999999,0.5214887414375905,0.434,0.4879356635796264,6.0,6.2,3.8,4.0
svm_full,signo_zodiacal_cancer,121,0.5,0.39999999999999997,0.38181818181818183,0.36,0.36825396825396817,0.42400000000000004,0.537380103986141,3.6,5.6,4.4,6.4
svm_full,signo_zodiacal_cancer,122,0.5,0.5,0.4809523809523809,0.44000000000000006,0.44722222222222213,0.496,0.5162554467376449,4.4,4.4,5.6,5.6
svm_full,signo_zodiacal_cancer,123,0.5,0.6199999999999999,0.6010822510822511,0.72,0.6505582137161083,0.6120000000000001,0.6747937252805674,7.2,4.8,5.2,2.8
svm_full,signo_zodiacal_cancer,124,0.5,0.39,0.39672105672105673,0.42000000000000004,0.40640514329301514,0.376,0.48962950164730346,4.2,6.4,3.6,5.8
svm_full,signo_zodiacal_cancer,125,0.5,0.48999999999999994,0.48409090909090907,0.42000000000000004,0.43809523809523815,0.5120000000000001,0.5359149055279085,4.2,4.4,5.6,5.8
svm_full,signo_zodiacal_cancer,126,0.5,0.5,0.48666666666666664,0.22000000000000003,0.2901343101343102,0.487,0.5274611591538836,2.2,2.2,7.8,7.8
svm_full,signo_zodiacal_cancer,127,0.5,0.45,0.41192307692307695,0.3,0.3333057280883368,0.45,0.5442072006940428,3.0,4.0,6.0,7.0
svm_full,signo_zodiacal_cancer,128,0.5,0.5599999999999999,0.5492074592074592,0.68,0.6055832862789384,0.598,0.6094745223816431,6.8,5.6,4.4,3.2
svm_full,signo_zodiacal_cancer,129,0.5,0.43,0.43054723054723054,0.43999999999999995,0.4305751591254351,0.41600000000000004,0.521246486571564,4.4,5.8,4.2,5.6
svm_full,signo_zodiacal_cancer,130,0.5,0.44000000000000006,0.41555555555555557,0.3,0.33212261422787737,0.5,0.553530402603932,3.0,4.2,5.8,7.0
svm_full,signo_zodiacal_cancer,131,0.5,0.5999999999999999,0.586025641025641,0.72,0.638971453667106,0.6260000000000001,0.6203142665727805,7.2,5.2,4.8,2.8
svm_full,signo_zodiacal_cancer,132,0.5,0.49000000000000005,0.4912820512820513,0.6,0.5366956521739131,0.484,0.5573289945348769,6.0,6.2,3.8,4.0
svm_full,signo_zodiacal_cancer,133,0.5,0.43999999999999995,0.4533785822021115,0.5599999999999999,0.49635192504757725,0.4039999999999999,0.5201764465324836,5.6,6.8,3.2,4.4
svm_full,signo_zodiacal_cancer,134,0.5,0.54,0.5440476190476191,0.64,0.5823232323232324,0.518,0.5955366571852639,6.4,5.6,4.4,3.6
svm_full,signo_zodiacal_cancer,135,0.5,0.47000000000000003,0.48454212454212453,0.5599999999999999,0.5112559869797721,0.47000000000000003,0.5919018585473694,5.6,6.2,3.8,4.4
svm_full,signo_zodiacal_cancer,136,0.5,0.45,0.42243589743589743,0.45999999999999996,0.4351385710653445,0.49399999999999994,0.5310200524449751,4.6,5.6,4.4,5.4
svm_full,signo_zodiacal_cancer,137,0.5,0.53,0.5390476190476191,0.42000000000000004,0.4663777089783282,0.554,0.5947140991962974,4.2,3.6,6.4,5.8
svm_full,signo_zodiacal_cancer,138,0.5,0.4600000000000001,0.43015873015873013,0.45999999999999996,0.43418472652218787,0.472,0.5045593921901972,4.6,5.4,4.6,5.4
svm_full,signo_zodiacal_cancer,139,0.5,0.42000000000000004,0.3976923076923077,0.45999999999999996,0.421133069828722,0.42200000000000004,0.511996363715404,4.6,6.2,3.8,5.4
svm_full,signo_zodiacal_cancer,140,0.5,0.5199999999999999,0.5177655677655678,0.6599999999999999,0.5798418972332016,0.49400000000000005,0.55857554579923,6.6,6.2,3.8,3.4
svm_full,signo_zodiacal_cancer,141,0.5,0.4600000000000001,0.43840909090909086,0.45999999999999996,0.43369963369963366,0.5,0.5943013000071823,4.6,5.4,4.6,5.4
svm_full,signo_zodiacal_cancer,142,0.5,0.5599999999999999,0.5553113553113553,0.62,0.5779779896148183,0.578,0.6552780350884067,6.2,5.0,5.0,3.8
svm_full,signo_zodiacal_cancer,143,0.5,0.57,0.5682983682983682,0.64,0.5980549199084668,0.6,0.6210063314738238,6.4,5.0,5.0,3.6
svm_full,signo_zodiacal_cancer,144,0.5,0.53,0.5311013986013986,0.54,0.5104387641344162,0.562,0.6421242264787155,5.4,4.8,5.2,4.6
svm_full,signo_zodiacal_cancer,145,0.5,0.58,0.5654401154401154,0.68,0.613488266119845,0.5780000000000001,0.615884428866627,6.8,5.2,4.8,3.2
svm_full,signo_zodiacal_cancer,146,0.5,0.51,0.5152874902874902,0.5599999999999999,0.5306218444662381,0.49399999999999994,0.5523785566858324,5.6,5.4,4.6,4.4
svm_full,signo_zodiacal_cancer,147,0.5,0.5800000000000001,0.5489835164835164,0.72,0.6139193389730474,0.58,0.5834857528092823,7.2,5.6,4.4,2.8
svm_full,signo_zodiacal_cancer,148,0.5,0.49000000000000005,0.5633333333333334,0.39999999999999997,0.42000000000000004,0.476,0.5267802861053635,4.0,4.2,5.8,6.0
svm_full,signo_zodiacal_cancer,149,0.5,0.5,0.4976190476190476,0.64,0.5590909090909091,0.502,0.5982495380436557,6.4,6.4,3.6,3.6
svm_full,signo_zodiacal_cancer,150,0.5,0.53,0.5480844155844157,0.5,0.501187962364433,0.594,0.6327152934784512,5.0,4.4,5.6,5.0
svm_full,signo_zodiacal_cancer,151,0.5,0.35,0.27166666666666667,0.24,0.23788034188034185,0.286,0.41781233859020234,2.4,5.4,4.6,7.6
svm_full,signo_zodiacal_cancer,152,0.5,0.55,0.5390609390609391,0.6599999999999999,0.5920101637492942,0.585,0.652398461016108,6.6,5.6,4.4,3.4
svm_full,signo_zodiacal_cancer,153,0.5,0.55,0.5455627705627706,0.5399999999999999,0.5375435022493846,0.5860000000000001,0.6371856378915202,5.4,4.4,5.6,4.6
svm_full,signo_zodiacal_cancer,154,0.5,0.51,0.4976190476190476,0.4800000000000001,0.4809141838553603,0.514,0.6128221033352613,4.8,4.6,5.4,5.2
svm_full,signo_zodiacal_cancer,155,0.5,0.56,0.5573160173160173,0.5799999999999998,0.55862558356676,0.5660000000000001,0.5813537198096022,5.8,4.6,5.4,4.2
svm_full,signo_zodiacal_cancer,156,0.5,0.49000000000000005,0.5006410256410256,0.5,0.4904589371980676,0.434,0.5130367583912475,5.0,5.2,4.8,5.0
svm_full,signo_zodiacal_cancer,157,0.5,0.49000000000000005,0.5032434232434232,0.5,0.4828780903665814,0.558,0.5895148164528969,5.0,5.2,4.8,5.0
svm_full,signo_zodiacal_cancer,158,0.5,0.5,0.5012987012987014,0.5199999999999999,0.49530812324929974,0.53,0.5612535966785193,5.2,5.2,4.8,4.8
svm_full,signo_zodiacal_cancer,159,0.5,0.6,0.5975108225108225,0.6200000000000001,0.5991681521093286,0.6179999999999999,0.6103689143673663,6.2,4.2,5.8,3.8
svm_full,signo_zodiacal_cancer,160,0.5,0.43000000000000005,0.4444444444444445,0.52,0.476475279106858,0.438,0.5450575737472022,5.2,6.6,3.4,4.8
svm_full,signo_zodiacal_cancer,161,0.5,0.49000000000000005,0.5,0.34,0.38222222222222224,0.518,0.559497465984308,3.4,3.6,6.4,6.6
svm_full,signo_zodiacal_cancer,162,0.5,0.55,0.5325757575757576,0.62,0.5658306605675026,0.5119999999999999,0.5596692180368651,6.2,5.2,4.8,3.8
svm_full,signo_zodiacal_cancer,163,0.5,0.5900000000000001,0.6950000000000001,0.42000000000000004,0.48505050505050507,0.618,0.6390054832508393,4.2,2.4,7.6,5.8
svm_full,signo_zodiacal_cancer,164,0.5,0.53,0.5166666666666667,0.6599999999999999,0.5773596837944664,0.5760000000000001,0.6292947297800238,6.6,6.0,4.0,3.4
svm_full,signo_zodiacal_cancer,165,0.5,0.53,0.5642832167832168,0.66,0.5789552476508998,0.5120000000000001,0.5710301740742917,6.6,6.0,4.0,3.4
svm_full,signo_zodiacal_cancer,166,0.5,0.39,0.35897435897435903,0.36000000000000004,0.35359025032938074,0.366,0.45180867438375183,3.6,5.8,4.2,6.4
svm_full,signo_zodiacal_cancer,167,0.5,0.37,0.3538095238095238,0.31999999999999995,0.33311942959001783,0.328,0.4524417106801007,3.2,5.8,4.2,6.8
svm_full,signo_zodiacal_cancer,168,0.5,0.49000000000000005,0.49230769230769234,0.5800000000000001,0.5316205533596837,0.472,0.518513706451787,5.8,6.0,4.0,4.2
svm_full,signo_zodiacal_cancer,169,0.5,0.5900000000000001,0.6276190476190475,0.48,0.5359889920880633,0.536,0.6007384492872109,4.8,3.0,7.0,5.2
svm_full,signo_zodiacal_cancer,170,0.5,0.45,0.43928571428571433,0.32,0.36993464052287583,0.45600000000000007,0.5667267342220901,3.2,4.2,5.8,6.8
svm_full,signo_zodiacal_cancer,171,0.5,0.5,0.5008333333333334,0.7,0.5803589743589743,0.49000000000000005,0.5043721725470951,7.0,7.0,3.0,3.0
svm_full,signo_zodiacal_cancer,172,0.5,0.5900000000000001,0.5899766899766901,0.6399999999999999,0.6093355919442875,0.642,0.6775410669481876,6.4,4.6,5.4,3.6
svm_full,signo_zodiacal_cancer,173,0.5,0.39,0.3435897435897436,0.3,0.31011441647597254,0.345,0.46774937197305616,3.0,5.2,4.8,7.0
svm_full,signo_zodiacal_cancer,174,0.5,0.49000000000000005,0.47285714285714286,0.38,0.4000280112044818,0.542,0.5820134001705208,3.8,4.0,6.0,6.2
svm_full,signo_zodiacal_cancer,175,0.5,0.48,0.482983682983683,0.5599999999999999,0.5141570989397076,0.504,0.6185921588731185,5.6,6.0,4.0,4.4
svm_full,signo_zodiacal_cancer,176,0.5,0.43,0.4302020202020202,0.44000000000000006,0.4336158578263841,0.43200000000000005,0.4928539510025578,4.4,5.8,4.2,5.6
svm_full,signo_zodiacal_cancer,177,0.5,0.42000000000000004,0.39924242424242423,0.3,0.33220551378446117,0.484,0.5380609076166352,3.0,4.6,5.4,7.0
svm_full,signo_zodiacal_cancer,178,0.5,0.49000000000000005,0.48921568627450984,0.5599999999999999,0.5087662337662338,0.4379999999999999,0.512242451992452,5.6,5.8,4.2,4.4
svm_full,signo_zodiacal_cancer,179,0.5,0.45,0.45499999999999996,0.52,0.48084848484848486,0.39399999999999996,0.5094176422133079,5.2,6.2,3.8,4.8
svm_full,signo_zodiacal_cancer,180,0.5,0.5,0.49480519480519475,0.38,0.4237628384687208,0.496,0.5897320010570783,3.8,3.8,6.2,6.2
svm_full,signo_zodiacal_cancer,181,0.5,0.36,0.2523809523809524,0.26,0.25041279669762645,0.358,0.45115713208360264,2.6,5.4,4.6,7.4
svm_full,signo_zodiacal_cancer,182,0.5,0.45,0.46165011459129107,0.5599999999999999,0.49788359788359793,0.45599999999999996,0.5170671442420669,5.6,6.6,3.4,4.4
svm_full,signo_zodiacal_cancer,183,0.5,0.51,0.5102874902874903,0.5,0.49784406668846026,0.548,0.6242332097726834,5.0,4.8,5.2,5.0
svm_full,signo_zodiacal_cancer,184,0.5,0.56,0.5895238095238095,0.37999999999999995,0.44772353205789744,0.526,0.6224579032079032,3.8,2.6,7.4,6.2
svm_full,signo_zodiacal_cancer,185,0.5,0.54,0.5356843156843156,0.66,0.5886335403726708,0.5640000000000001,0.6055584943951816,6.6,5.8,4.2,3.4
svm_full,signo_zodiacal_cancer,186,0.5,0.53,0.5251948051948052,0.42000000000000004,0.4576890756302521,0.556,0.5582710412222797,4.2,3.6,6.4,5.8
svm_full,signo_zodiacal_cancer,187,0.5,0.47000000000000003,0.4768315018315018,0.48,0.4684861129806614,0.476,0.5744960503033257,4.8,5.4,4.6,5.2
svm_full,signo_zodiacal_cancer,188,0.5,0.36,0.3647247360482655,0.48,0.40044174826783524,0.32999999999999996,0.4798684324791136,4.8,7.6,2.4,5.2
svm_full,signo_zodiacal_cancer,189,0.5,0.53,0.5727777777777777,0.4600000000000001,0.49059649122807014,0.484,0.5825013063132258,4.6,4.0,6.0,5.4
svm_full,signo_zodiacal_cancer,190,0.5,0.49000000000000005,0.5231550802139038,0.5399999999999999,0.5078787878787879,0.4860000000000001,0.5506732254673431,5.4,5.6,4.4,4.6
svm_full,signo_zodiacal_cancer,191,0.5,0.41,0.4184065934065934,0.54,0.4660281747238269,0.426,0.5247566034756437,5.4,7.2,2.8,4.6
svm_full,signo_zodiacal_cancer,192,0.5,0.49000000000000005,0.45166666666666666,0.4600000000000001,0.4432380952380953,0.512,0.5902072737204316,4.6,4.8,5.2,5.4
svm_full,signo_zodiacal_cancer,193,0.5,0.5,0.5422222222222223,0.44000000000000006,0.45750056960583274,0.48200000000000004,0.5503887660327289,4.4,4.4,5.6,5.6
svm_full,signo_zodiacal_cancer,194,0.5,0.49000000000000005,0.48737373737373735,0.58,0.5250363671416303,0.5,0.5586914545722594,5.8,6.0,4.0,4.2
svm_full,signo_zodiacal_cancer,195,0.5,0.5,0.5083766233766234,0.45999999999999996,0.47951447245564893,0.5279999999999999,0.6212826695148677,4.6,4.6,5.4,5.4
svm_full,signo_zodiacal_cancer,196,0.5,0.5,0.49008547008547004,0.62,0.5416109839816934,0.45199999999999996,0.5243227328227329,6.2,6.2,3.8,3.8
svm_full,signo_zodiacal_cancer,197,0.5,0.5900000000000001,0.583076923076923,0.7,0.6301128909229596,0.634,0.6533625694051391,7.0,5.2,4.8,3.0
svm_full,signo_zodiacal_cancer,198,0.5,0.53,0.49338383838383837,0.4,0.43161236424394317,0.536,0.6167383105370722,4.0,3.4,6.6,6.0
svm_full,signo_zodiacal_cancer,199,0.5,0.44000000000000006,0.4432167832167832,0.48,0.45958592132505177,0.42400000000000004,0.5304260261582243,4.8,6.0,4.0,5.2
svm_full,signo_zodiacal_cancer,200,0.5,0.45999999999999996,0.4584415584415584,0.34,0.38566760037348274,0.488,0.5600820480688902,3.4,4.2,5.8,6.6
svm_full,signo_zodiacal_cancer,201,0.5,0.49000000000000005,0.4945609945609946,0.58,0.5306819420091731,0.434,0.5017860728023267,5.8,6.0,4.0,4.2
svm_full,signo_zodiacal_cancer,202,0.5,0.47000000000000003,0.4542857142857143,0.42000000000000004,0.4168868778280543,0.39999999999999997,0.4883182368886704,4.2,4.8,5.2,5.8
svm_full,signo_zodiacal_cancer,203,0.5,0.49000000000000005,0.4935897435897436,0.6399999999999999,0.5554879902705989,0.41600000000000004,0.5020268183828555,6.4,6.6,3.4,3.6
svm_full,signo_zodiacal_cancer,204,0.5,0.45999999999999996,0.47326007326007324,0.44000000000000006,0.44619274587305274,0.46799999999999997,0.517905224892067,4.4,5.2,4.8,5.6
svm_full,signo_zodiacal_cancer,205,0.5,0.5,0.49178321678321674,0.56,0.5208733295689817,0.4660000000000001,0.5017293431542658,5.6,5.6,4.4,4.4
svm_full,signo_zodiacal_cancer,206,0.5,0.52,0.5256410256410257,0.58,0.5389969488939741,0.572,0.6324317991949571,5.8,5.4,4.6,4.2
svm_full,signo_zodiacal_cancer,207,0.5,0.47000000000000003,0.47444444444444445,0.44000000000000006,0.45395002658160555,0.493,0.5558136569313039,4.4,5.0,5.0,5.6
svm_full,signo_zodiacal_cancer,208,0.5,0.43999999999999995,0.4258297258297258,0.4,0.41071797139908595,0.41200000000000003,0.5107292080984032,4.0,5.2,4.8,6.0
svm_full,signo_zodiacal_cancer,209,0.5,0.5,0.5,0.4600000000000001,0.4761904761904761,0.5119999999999999,0.5723867882203796,4.6,4.6,5.4,5.4
svm_full,signo_zodiacal_cancer,210,0.5,0.43000000000000005,0.4417748917748918,0.5199999999999999,0.47619047619047616,0.406,0.5221225271976045,5.2,6.6,3.4,4.8
svm_full,signo_zodiacal_cancer,211,0.5,0.53,0.528974358974359,0.6599999999999999,0.583788385527516,0.5740000000000001,0.6253663646295226,6.6,6.0,4.0,3.4
svm_full,signo_zodiacal_cancer,212,0.5,0.6,0.6072727272727273,0.6599999999999999,0.615,0.586,0.6033619507427557,6.6,4.6,5.4,3.4
svm_full,signo_zodiacal_cancer,213,0.5,0.47000000000000003,0.46461538461538454,0.5,0.4715527950310559,0.4280000000000001,0.48014443726208433,5.0,5.6,4.4,5.0
svm_full,signo_zodiacal_cancer,214,0.5,0.62,0.6026695526695527,0.7,0.6446570972886762,0.596,0.6215339660339659,7.0,4.6,5.4,3.0
svm_full,signo_zodiacal_cancer,215,0.5,0.52,0.5181818181818182,0.5399999999999999,0.5271360218728639,0.608,0.623349815818856,5.4,5.0,5.0,4.6
svm_full,signo_zodiacal_cancer,216,0.5,0.51,0.5079487179487179,0.6599999999999999,0.5730592885375494,0.47400000000000003,0.5237423415937348,6.6,6.4,3.6,3.4
svm_full,signo_zodiacal_cancer,217,0.5,0.44000000000000006,0.4387301587301587,0.32,0.36225465624846426,0.44400000000000006,0.5630663497149565,3.2,4.4,5.6,6.8
svm_full,signo_zodiacal_cancer,218,0.5,0.55,0.5806709956709957,0.52,0.5345256769374417,0.546,0.5905352045615203,5.2,4.2,5.8,4.8
svm_full,signo_zodiacal_cancer,219,0.5,0.48,0.5157142857142857,0.33999999999999997,0.39630252100840335,0.4640000000000001,0.5517083319157623,3.4,3.8,6.2,6.6
svm_full,signo_zodiacal_cancer,220,0.5,0.49000000000000005,0.4733333333333333,0.52,0.4875238095238095,0.475,0.4991996320672791,5.2,5.4,4.6,4.8
svm_full,signo_zodiacal_cancer,221,0.5,0.54,0.5326695526695526,0.42000000000000004,0.46104747162022697,0.52,0.5329830502315023,4.2,3.4,6.6,5.8
svm_full,signo_zodiacal_cancer,222,0.5,0.65,0.620979020979021,0.76,0.6824016563146997,0.648,0.6549853426587172,7.6,4.6,5.4,2.4
svm_full,signo_zodiacal_cancer,223,0.5,0.47000000000000003,0.4839743589743589,0.36,0.3901552934733713,0.398,0.5044709647078067,3.6,4.2,5.8,6.4
svm_full,signo_zodiacal_cancer,224,0.5,0.5,0.48,0.4,0.4307936507936508,0.575,0.5889491984623564,4.0,4.0,6.0,6.0
svm_full,signo_zodiacal_cancer,225,0.5,0.55,0.5412587412587413,0.74,0.6195537152058891,0.528,0.5608037605669184,7.4,6.4,3.6,2.6
svm_full,signo_zodiacal_cancer,226,0.5,0.48,0.4684981684981685,0.42000000000000004,0.437199563273059,0.475,0.5479039479612234,4.2,4.6,5.4,5.8
svm_full,signo_zodiacal_cancer,227,0.5,0.56,0.5930065359477125,0.5599999999999999,0.5484433305485936,0.5960000000000001,0.7009354158912983,5.6,4.4,5.6,4.4
svm_full,signo_zodiacal_cancer,228,0.5,0.36,0.30523809523809525,0.36,0.3264385026737968,0.396,0.4766984290219584,3.6,6.4,3.6,6.4
svm_full,signo_zodiacal_cancer,229,0.5,0.53,0.5202020202020202,0.62,0.5555555555555556,0.466,0.533599242261007,6.2,5.6,4.4,3.8
svm_full,signo_zodiacal_cancer,230,0.5,0.45,0.4201247771836007,0.5199999999999999,0.45101587301587304,0.462,0.5130476712829654,5.2,6.2,3.8,4.8
svm_full,signo_zodiacal_cancer,231,0.5,0.4,0.3692929292929293,0.38,0.37007063112326266,0.316,0.45725177866509137,3.8,5.8,4.2,6.2
svm_full,signo_zodiacal_cancer,232,0.5,0.5199999999999999,0.5424242424242424,0.4,0.44249084249084253,0.43999999999999995,0.5309980503672455,4.0,3.6,6.4,6.0
svm_full,signo_zodiacal_cancer,233,0.5,0.44000000000000006,0.4344444444444445,0.43999999999999995,0.43569377990430624,0.45,0.5703193483503081,4.4,5.6,4.4,5.6
svm_full,signo_zodiacal_cancer,234,0.5,0.52,0.5221717171717172,0.43999999999999995,0.47221386800334175,0.5119999999999999,0.5715896711647485,4.4,4.0,6.0,5.6
svm_full,signo_zodiacal_cancer,235,0.5,0.53,0.5324675324675325,0.5,0.5121627598407784,0.5820000000000001,0.6577148782589959,5.0,4.4,5.6,5.0
svm_full,signo_zodiacal_cancer,236,0.5,0.48999999999999994,0.45227272727272727,0.33999999999999997,0.3785714285714285,0.44799999999999995,0.5179245491350755,3.4,3.6,6.4,6.6
svm_full,signo_zodiacal_cancer,237,0.5,0.45,0.44333333333333336,0.5199999999999999,0.47109090909090917,0.42799999999999994,0.5014984274411518,5.2,6.2,3.8,4.8
svm_full,signo_zodiacal_cancer,238,0.5,0.32999999999999996,0.27615384615384614,0.22000000000000003,0.23574534161490684,0.328,0.4522199597787833,2.2,5.6,4.4,7.8
svm_full,signo_zodiacal_cancer,239,0.5,0.57,0.5812791783380018,0.6199999999999999,0.5827141382868937,0.61,0.6503225816151512,6.2,4.8,5.2,3.8
svm_full,signo_zodiacal_cancer,240,0.5,0.59,0.5994949494949495,0.5599999999999999,0.5771929824561404,0.6679999999999999,0.6813827202209555,5.6,3.8,6.2,4.4
svm_full,signo_zodiacal_cancer,241,0.5,0.44000000000000006,0.44820956820956825,0.56,0.4940821619265555,0.41400000000000003,0.5185331633450827,5.6,6.8,3.2,4.4
svm_full,signo_zodiacal_cancer,242,0.5,0.41,0.39487179487179486,0.34,0.35365612648221345,0.38,0.47346055088702144,3.4,5.2,4.8,6.6
svm_full,signo_zodiacal_cancer,243,0.5,0.45,0.40730769230769226,0.36,0.37101449275362314,0.49399999999999994,0.5724406667463944,3.6,4.6,5.4,6.4
svm_full,signo_zodiacal_cancer,244,0.5,0.53,0.5255988455988456,0.6200000000000001,0.563829573934837,0.518,0.5489078955959761,6.2,5.6,4.4,3.8
svm_full,signo_zodiacal_cancer,245,0.5,0.4,0.37912087912087916,0.4,0.3812162546177892,0.378,0.48256885864393595,4.0,6.0,4.0,6.0
svm_full,signo_zodiacal_cancer,246,0.5,0.5599999999999999,0.5565656565656566,0.58,0.5671679197994987,0.5780000000000001,0.6160818127520914,5.8,4.6,5.4,4.2
svm_full,signo_zodiacal_cancer,247,0.5,0.5199999999999999,0.5470862470862471,0.5599999999999999,0.5325962732919255,0.508,0.5690085188289522,5.6,5.2,4.8,4.4
svm_full,signo_zodiacal_cancer,248,0.5,0.51,0.5207575757575758,0.5,0.507012987012987,0.548,0.6109808677734374,5.0,4.8,5.2,5.0
svm_full,signo_zodiacal_cancer,249,0.5,0.37,0.33555194805194805,0.36,0.3381471211966568,0.372,0.4851034237520306,3.6,6.2,3.8,6.4
svm_full,signo_zodiacal_cancer,250,0.5,0.57,0.5686868686868687,0.6199999999999999,0.5885012531328321,0.584,0.5973299551325868,6.2,4.8,5.2,3.8
svm_full,signo_zodiacal_cancer,251,0.5,0.53,0.5457142857142857,0.38,0.4394771241830065,0.5660000000000001,0.591046999354275,3.8,3.2,6.8,6.2
svm_full,signo_zodiacal_cancer,252,0.5,0.5800000000000001,0.5781468531468531,0.6199999999999999,0.5947550034506556,0.596,0.6150788727096776,6.2,4.6,5.4,3.8
svm_full,signo_zodiacal_cancer,253,0.5,0.42000000000000004,0.4124242424242424,0.34,0.36504594820384295,0.43599999999999994,0.5593462940568203,3.4,5.0,5.0,6.6
svm_full,signo_zodiacal_cancer,254,0.5,0.56,0.5503496503496503,0.62,0.5819875776397515,0.608,0.6734229012301767,6.2,5.0,5.0,3.8
svm_full,signo_zodiacal_cancer,255,0.5,0.53,0.5254700854700853,0.64,0.5716689549961862,0.5700000000000001,0.6293974903665306,6.4,5.8,4.2,3.6
svm_full,signo_zodiacal_cancer,256,0.5,0.4800000000000001,0.48677489177489175,0.4,0.4334453781512605,0.42400000000000004,0.53711820841697,4.0,4.4,5.6,6.0
svm_full,signo_zodiacal_cancer,257,0.5,0.54,0.5680652680652681,0.5800000000000001,0.5618153585544889,0.53,0.5651986130484582,5.8,5.0,5.0,4.2
svm_full,signo_zodiacal_cancer,258,0.5,0.55,0.5847619047619048,0.39999999999999997,0.4711764705882353,0.5559999999999999,0.6023880194452951,4.0,3.0,7.0,6.0
svm_full,signo_zodiacal_cancer,259,0.5,0.4,0.4273076923076923,0.54,0.47265551839464887,0.367,0.4688446575784037,5.4,7.4,2.6,4.6
svm_full,signo_zodiacal_cancer,260,0.5,0.55,0.5533333333333333,0.4600000000000001,0.49909356725146203,0.5900000000000001,0.5924921250919704,4.6,3.6,6.4,5.4
svm_full,signo_zodiacal_cancer,261,0.5,0.5,0.49428571428571433,0.5799999999999998,0.5205011655011654,0.55,0.6002040437202976,5.8,5.8,4.2,4.2
svm_full,signo_zodiacal_cancer,262,0.5,0.48,0.4333333333333333,0.33999999999999997,0.37777777777777777,0.45599999999999996,0.5513851142837211,3.4,3.8,6.2,6.6
svm_full,signo_zodiacal_cancer,263,0.5,0.53,0.5107142857142858,0.45999999999999996,0.47138188608776843,0.504,0.5801261073807513,4.6,4.0,6.0,5.4
svm_full,signo_zodiacal_cancer,264,0.5,0.64,0.6161904761904762,0.72,0.6616450216450216,0.7,0.7042933128962541,7.2,4.4,5.6,2.8
svm_full,signo_zodiacal_cancer,265,0.5,0.56,0.5627622377622379,0.56,0.5573135737895464,0.542,0.5734199781127025,5.6,4.4,5.6,4.4
svm_full,signo_zodiacal_cancer,266,0.5,0.56,0.5358441558441559,0.6199999999999999,0.5624242424242424,0.548,0.5751278139645013,6.2,5.0,5.0,3.8
svm_full,signo_zodiacal_cancer,267,0.5,0.52,0.5227777777777778,0.52,0.5161988304093568,0.54,0.6274220789530387,5.2,4.8,5.2,4.8
svm_full,signo_zodiacal_cancer,268,0.5,0.55,0.5654761904761905,0.4,0.4437759952465835,0.508,0.5779296639033481,4.0,3.0,7.0,6.0
svm_full,signo_zodiacal_cancer,269,0.5,0.5,0.5255494505494506,0.5599999999999999,0.5312162546177891,0.5119999999999999,0.5747915124091594,5.6,5.6,4.4,4.4
svm_full,signo_zodiacal_cancer,270,0.5,0.37,0.36098901098901093,0.4,0.3745072205430261,0.318,0.4375272506990774,4.0,6.6,3.4,6.0
svm_full,signo_zodiacal_cancer,271,0.5,0.52,0.5331446331446331,0.45999999999999996,0.4776339826548468,0.514,0.5671549910357959,4.6,4.2,5.8,5.4
svm_full,signo_zodiacal_cancer,272,0.5,0.48,0.4887301587301587,0.44000000000000006,0.45917878475154017,0.51,0.5875796627692913,4.4,4.8,5.2,5.6
svm_full,signo_zodiacal_cancer,273,0.5,0.47000000000000003,0.4816738816738816,0.6,0.5270676691729322,0.52,0.5656892643819887,6.0,6.6,3.4,4.0
svm_full,signo_zodiacal_cancer,274,0.5,0.64,0.6692857142857143,0.5,0.5646732026143791,0.63,0.6629962804653207,5.0,2.2,7.8,5.0
svm_full,signo_zodiacal_cancer,275,0.5,0.43,0.41873626373626377,0.38,0.39219096334185843,0.418,0.5098488994665465,3.8,5.2,4.8,6.2
svm_full,signo_zodiacal_cancer,276,0.5,0.55,0.5540909090909091,0.4600000000000001,0.4914285714285714,0.5960000000000001,0.5992922328789202,4.6,3.6,6.4,5.4
svm_full,signo_zodiacal_cancer,277,0.5,0.51,0.5022727272727273,0.5399999999999999,0.5186147186147185,0.5050000000000001,0.5856137653196476,5.4,5.2,4.8,4.6
svm_full,signo_zodiacal_cancer,278,0.5,0.5,0.505,0.45999999999999996,0.48,0.5019999999999999,0.5777092804855963,4.6,4.6,5.4,5.4
svm_full,signo_zodiacal_cancer,279,0.5,0.37,0.3536796536796537,0.44000000000000006,0.3877198879551821,0.373,0.4674529794251156,4.4,7.0,3.0,5.6
svm_full,signo_zodiacal_cancer,280,0.5,0.58,0.5628205128205128,0.5,0.506832298136646,0.608,0.6360586168217747,5.0,3.4,6.6,5.0
svm_full,signo_zodiacal_cancer,281,0.5,0.5599999999999999,0.5713203463203462,0.48,0.5150326797385621,0.552,0.6454839886635552,4.8,3.6,6.4,5.2
svm_full,signo_zodiacal_cancer,282,0.5,0.45000000000000007,0.4095238095238095,0.28,0.326194067370538,0.40700000000000003,0.4993141519643068,2.8,3.8,6.2,7.2
svm_full,signo_zodiacal_cancer,283,0.5,0.4600000000000001,0.45452991452991454,0.5599999999999999,0.49638291380625477,0.4619999999999999,0.5383102165292568,5.6,6.4,3.6,4.4
svm_full,signo_zodiacal_cancer,284,0.5,0.35,0.3184920634920635,0.3,0.300360165118679,0.368,0.44830677715817024,3.0,6.0,4.0,7.0
svm_full,signo_zodiacal_cancer,285,0.5,0.4600000000000001,0.4688311688311688,0.42000000000000004,0.43578431372549015,0.442,0.5080229296846943,4.2,5.0,5.0,5.8
svm_full,signo_zodiacal_cancer,286,0.5,0.47000000000000003,0.4766233766233766,0.6,0.5304159608507435,0.49800000000000005,0.5518211504697572,6.0,6.6,3.4,4.0
svm_full,signo_zodiacal_cancer,287,0.5,0.55,0.5429292929292929,0.6,0.5684666210982,0.526,0.6180586656205851,6.0,5.0,5.0,4.0
svm_full,signo_zodiacal_cancer,288,0.5,0.5700000000000001,0.5772727272727273,0.6,0.5787878787878787,0.534,0.6144338325073619,6.0,4.6,5.4,4.0
svm_full,signo_zodiacal_cancer,289,0.5,0.51,0.5292735042735043,0.48,0.48006973956630705,0.472,0.5578781588208832,4.8,4.6,5.4,5.2
svm_full,signo_zodiacal_cancer,290,0.5,0.56,0.5856410256410257,0.5800000000000001,0.5662367149758455,0.602,0.669645203437773,5.8,4.6,5.4,4.2
svm_full,signo_zodiacal_cancer,291,0.5,0.55,0.5406060606060605,0.5,0.5129824561403509,0.5940000000000001,0.6257716156392628,5.0,4.0,6.0,5.0
svm_full,signo_zodiacal_cancer,292,0.5,0.4,0.39214285714285707,0.42000000000000004,0.3984527629233512,0.4,0.5074008748389554,4.2,6.2,3.8,5.8
svm_full,signo_zodiacal_cancer,293,0.5,0.51,0.5049757595345831,0.64,0.5502603449406519,0.5329999999999999,0.5472531341207812,6.4,6.2,3.8,3.6
svm_full,signo_zodiacal_cancer,294,0.5,0.53,0.5281818181818181,0.6200000000000001,0.5674805194805195,0.53,0.5713535143047526,6.2,5.6,4.4,3.8
svm_full,signo_zodiacal_cancer,295,0.5,0.43,0.4222222222222222,0.38,0.39999999999999997,0.44399999999999995,0.5564243334065315,3.8,5.2,4.8,6.2
svm_full,signo_zodiacal_cancer,296,0.5,0.44000000000000006,0.4546453546453547,0.5,0.47180814354727396,0.426,0.515467013378778,5.0,6.2,3.8,5.0
svm_full,signo_zodiacal_cancer,297,0.5,0.54,0.5275457875457875,0.6799999999999999,0.5918716356107661,0.5189999999999999,0.554392753874952,6.8,6.0,4.0,3.2
svm_full,signo_zodiacal_cancer,298,0.5,0.57,0.6330158730158729,0.38,0.46170358021751207,0.5959999999999999,0.6529475883593531,3.8,2.4,7.6,6.2
svm_full,signo_zodiacal_cancer,299,0.5,0.43,0.4543206793206793,0.52,0.4760545507348577,0.392,0.5057988231239005,5.2,6.6,3.4,4.8
svm_full,signo_zodiacal_cancer,300,0.5,0.43000000000000005,0.5055555555555555,0.26,0.31760213470739784,0.48,0.5512570479056547,2.6,4.0,6.0,7.4
svm_full,signo_zodiacal_cancer,301,0.5,0.49000000000000005,0.5202564102564102,0.38,0.41530151008411875,0.4640000000000001,0.5559622342741537,3.8,4.0,6.0,6.2
svm_full,signo_zodiacal_cancer,302,0.5,0.53,0.5243589743589744,0.5199999999999999,0.5134855419180362,0.562,0.586046777354053,5.2,4.6,5.4,4.8
svm_full,signo_zodiacal_cancer,303,0.5,0.53,0.5445609945609945,0.54,0.5321970935243246,0.58,0.6348459640634563,5.4,4.8,5.2,4.6
svm_full,signo_zodiacal_cancer,304,0.5,0.52,0.5251948051948052,0.45999999999999996,0.4871335200746965,0.502,0.551983396290672,4.6,4.2,5.8,5.4
svm_full,signo_zodiacal_cancer,305,0.5,0.45999999999999996,0.4466666666666666,0.4,0.41409090909090907,0.49800000000000005,0.5520411898043476,4.0,4.8,5.2,6.0
svm_full,signo_zodiacal_cancer,306,0.5,0.44000000000000006,0.42333333333333334,0.42000000000000004,0.41169340463458115,0.41,0.47419933051124996,4.2,5.4,4.6,5.8
svm_full,signo_zodiacal_cancer,307,0.5,0.55,0.525,0.64,0.5668586315645139,0.5700000000000001,0.5774363034626192,6.4,5.4,4.6,3.6
svm_full,signo_zodiacal_cancer,308,0.5,0.57,0.562262443438914,0.7,0.6168438003220611,0.574,0.5902074118691767,7.0,5.6,4.4,3.0
svm_full,signo_zodiacal_cancer,309,0.5,0.49000000000000005,0.4943278943278943,0.52,0.5048490792197886,0.484,0.5710945167663434,5.2,5.4,4.6,4.8
svm_full,signo_zodiacal_cancer,310,0.5,0.47000000000000003,0.4357142857142858,0.32,0.36582633053221286,0.43200000000000005,0.5677229180348375,3.2,3.8,6.2,6.8
svm_full,signo_zodiacal_cancer,311,0.5,0.6,0.629090909090909,0.5,0.5469172932330827,0.594,0.6237322954822955,5.0,3.0,7.0,5.0
svm_full,signo_zodiacal_cancer,312,0.5,0.51,0.5212037962037962,0.58,0.5440303657694961,0.53,0.5958034145077489,5.8,5.6,4.4,4.2
svm_full,signo_zodiacal_cancer,313,0.5,0.6300000000000001,0.6834920634920636,0.52,0.5855572755417956,0.7100000000000001,0.7542859609430815,5.2,2.6,7.4,4.8
svm_full,signo_zodiacal_cancer,314,0.5,0.56,0.5703968253968255,0.52,0.5395828251555806,0.5860000000000001,0.6415962909639379,5.2,4.0,6.0,4.8
svm_full,signo_zodiacal_cancer,315,0.5,0.65,0.6783333333333333,0.56,0.610204678362573,0.6700000000000002,0.6672992275182676,5.6,2.6,7.4,4.4
svm_full,signo_zodiacal_cancer,316,0.5,0.4,0.3917460317460318,0.4000000000000001,0.39126934984520123,0.348,0.4557880647044734,4.0,6.0,4.0,6.0
svm_full,signo_zodiacal_cancer,317,0.5,0.4,0.40499999999999997,0.38,0.38530303030303026,0.442,0.5481765540101453,3.8,5.8,4.2,6.2
svm_full,signo_zodiacal_cancer,318,0.5,0.4800000000000001,0.475,0.45999999999999996,0.4616959064327485,0.522,0.5687352267615424,4.6,5.0,5.0,5.4
svm_full,signo_zodiacal_cancer,319,0.5,0.5,0.5053968253968254,0.4600000000000001,0.45960058517334057,0.44000000000000006,0.5233547891736746,4.6,4.6,5.4,5.4
svm_full,signo_zodiacal_cancer,320,0.5,0.39999999999999997,0.40212121212121216,0.41999999999999993,0.40955266955266956,0.384,0.5412405811422839,4.2,6.2,3.8,5.8
svm_full,signo_zodiacal_cancer,321,0.5,0.4,0.3905050505050505,0.33999999999999997,0.35794486215538845,0.328,0.43345593561924833,3.4,5.4,4.6,6.6
svm_full,signo_zodiacal_cancer,322,0.5,0.5,0.5127705627705628,0.5,0.5018187179177891,0.48200000000000004,0.5584190525676593,5.0,5.0,5.0,5.0
svm_full,signo_zodiacal_cancer,323,0.5,0.5,0.4933799533799534,0.62,0.5476499153020892,0.5700000000000001,0.6545434457183682,6.2,6.2,3.8,3.8
svm_full,signo_zodiacal_cancer,324,0.5,0.53,0.5217832167832167,0.5399999999999999,0.517135955831608,0.5519999999999999,0.5934560172369769,5.4,4.8,5.2,4.6
svm_full,signo_zodiacal_cancer,325,0.5,0.55,0.6,0.48,0.5178571428571429,0.4959999999999999,0.5747475220857574,4.8,3.8,6.2,5.2
svm_full,signo_zodiacal_cancer,326,0.5,0.45,0.4333333333333333,0.3,0.33832877648667126,0.4119999999999999,0.5725373444065396,3.0,4.0,6.0,7.0
svm_full,signo_zodiacal_cancer,327,0.5,0.54,0.5348917748917749,0.68,0.5953333333333333,0.564,0.6135792710041936,6.8,6.0,4.0,3.2
svm_full,signo_zodiacal_cancer,328,0.5,0.54,0.5386013986013987,0.6599999999999999,0.5903105590062112,0.5640000000000001,0.5886211060181649,6.6,5.8,4.2,3.4
svm_full,signo_zodiacal_cancer,329,0.5,0.5,0.49208791208791214,0.64,0.5546376811594202,0.4960000000000001,0.564623114415684,6.4,6.4,3.6,3.6
svm_full,signo_zodiacal_cancer,330,0.5,0.6,0.5863636363636363,0.7,0.637012987012987,0.6200000000000001,0.6279229904082845,7.0,5.0,5.0,3.0
svm_full,signo_zodiacal_cancer,331,0.5,0.43000000000000005,0.36424242424242426,0.42000000000000004,0.3863959899749373,0.386,0.46721769956909276,4.2,5.6,4.4,5.8
svm_full,signo_zodiacal_cancer,332,0.5,0.4800000000000001,0.4734498834498835,0.5399999999999999,0.5032975719932241,0.514,0.5591860808610034,5.4,5.8,4.2,4.6
svm_full,signo_zodiacal_cancer,333,0.5,0.51,0.5141209667525456,0.66,0.5681805713684511,0.54,0.6251245986555583,6.6,6.4,3.6,3.4
svm_full,signo_zodiacal_cancer,334,0.5,0.5199999999999999,0.5491641691641691,0.5599999999999999,0.541024844720497,0.526,0.6087418959609362,5.6,5.2,4.8,4.4
svm_full,signo_zodiacal_cancer,335,0.5,0.42000000000000004,0.4246886446886447,0.52,0.46417238749046524,0.44000000000000006,0.5366149487767136,5.2,6.8,3.2,4.8
svm_full,signo_zodiacal_cancer,336,0.5,0.48,0.4723809523809523,0.54,0.496046783625731,0.4640000000000001,0.5409083243038351,5.4,5.8,4.2,4.6
svm_full,signo_zodiacal_cancer,337,0.5,0.5,0.4882117882117882,0.44000000000000006,0.4522013153087322,0.48,0.5023616259041955,4.4,4.4,5.6,5.6
svm_full,signo_zodiacal_cancer,338,0.5,0.5199999999999999,0.5222222222222221,0.48,0.49461722488038273,0.458,0.5417813034918298,4.8,4.4,5.6,5.2
svm_full,signo_zodiacal_cancer,339,0.5,0.45,0.45738095238095233,0.52,0.47911111111111115,0.426,0.576103555972751,5.2,6.2,3.8,4.8
svm_full,signo_zodiacal_cancer,340,0.5,0.5,0.5187590187590188,0.48,0.48883237505528526,0.466,0.5475931497123447,4.8,4.8,5.2,5.2
svm_full,signo_zodiacal_cancer,341,0.5,0.5,0.4797619047619047,0.44000000000000006,0.4532976827094474,0.5459999999999999,0.6053237862928265,4.4,4.4,5.6,5.6
svm_full,signo_zodiacal_cancer,342,0.5,0.42000000000000004,0.42444444444444446,0.43999999999999995,0.43023923444976075,0.42200000000000004,0.5002257650330406,4.4,6.0,4.0,5.6
svm_full,signo_zodiacal_cancer,343,0.5,0.49000000000000005,0.4897619923935713,0.6799999999999999,0.5640650453993783,0.485,0.5464279701206947,6.8,7.0,3.0,3.2
svm_full,signo_zodiacal_cancer,344,0.5,0.6300000000000001,0.6305194805194805,0.66,0.6355212898556551,0.6789999999999999,0.7245290271304202,6.6,4.0,6.0,3.4
svm_full,signo_zodiacal_cancer,345,0.5,0.53,0.5376623376623376,0.43999999999999995,0.4775210084033613,0.522,0.575129276554199,4.4,3.8,6.2,5.6
svm_full,signo_zodiacal_cancer,346,0.5,0.45999999999999996,0.448974358974359,0.48,0.4517922705314009,0.504,0.5677433112123514,4.8,5.6,4.4,5.2
svm_full,signo_zodiacal_cancer,347,0.5,0.53,0.5501247771836006,0.52,0.5085714285714286,0.518,0.550431550475668,5.2,4.6,5.4,4.8
svm_full,signo_zodiacal_cancer,348,0.5,0.52,0.47833333333333333,0.4600000000000001,0.44599832915622384,0.526,0.5617963682344487,4.6,4.2,5.8,5.4
svm_full,signo_zodiacal_cancer,349,0.5,0.45999999999999996,0.4224242424242425,0.36,0.3750549450549451,0.438,0.5066080314594247,3.6,4.4,5.6,6.4
svm_full,signo_zodiacal_cancer,350,0.5,0.45,0.4587301587301587,0.44000000000000006,0.4443568815085843,0.454,0.5535440774395882,4.4,5.4,4.6,5.6
svm_full,signo_zodiacal_cancer,351,0.5,0.5,0.5075757575757576,0.52,0.5104427736006684,0.512,0.5435738601783493,5.2,5.2,4.8,4.8
svm_full,signo_zodiacal_cancer,352,0.5,0.45,0.45897435897435895,0.45999999999999996,0.4433088650479955,0.44799999999999995,0.5246547172297946,4.6,5.6,4.4,5.4
svm_full,signo_zodiacal_cancer,353,0.5,0.35,0.3435897435897436,0.36,0.3450373298199385,0.27199999999999996,0.42848734298037705,3.6,6.6,3.4,6.4
svm_full,signo_zodiacal_cancer,354,0.5,0.4,0.375,0.33999999999999997,0.3555555555555555,0.39799999999999996,0.4986086803633243,3.4,5.4,4.6,6.6
svm_full,signo_zodiacal_cancer,355,0.5,0.54,0.5289321789321789,0.62,0.5681932102984735,0.538,0.5832769905533063,6.2,5.4,4.6,3.8
svm_full,signo_zodiacal_cancer,356,0.5,0.44000000000000006,0.43809523809523804,0.41999999999999993,0.42299465240641715,0.43200000000000005,0.5196753242457576,4.2,5.4,4.6,5.8
svm_full,signo_zodiacal_cancer,357,0.5,0.55,0.5307692307692308,0.5599999999999999,0.5371853546910754,0.5940000000000001,0.6280065577697156,5.6,4.6,5.4,4.4
svm_full,signo_zodiacal_cancer,358,0.5,0.49000000000000005,0.45999999999999996,0.31999999999999995,0.3655937921727396,0.499,0.5374964947333368,3.2,3.4,6.6,6.8
svm_full,signo_zodiacal_cancer,359,0.5,0.5800000000000001,0.6186147186147186,0.5,0.5410236822001527,0.6200000000000001,0.6676386637957844,5.0,3.4,6.6,5.0
svm_full,signo_zodiacal_cancer,360,0.5,0.38,0.3958730158730159,0.42000000000000004,0.404481658692185,0.33599999999999997,0.45730350574777817,4.2,6.6,3.4,5.8
svm_full,signo_zodiacal_cancer,361,0.5,0.5700000000000001,0.5928571428571429,0.45999999999999996,0.5176470588235293,0.694,0.6985068797731336,4.6,3.2,6.8,5.4
svm_full,signo_zodiacal_cancer,362,0.5,0.5,0.498021978021978,0.76,0.6001996779388084,0.476,0.5372129630775141,7.6,7.6,2.4,2.4
svm_full,signo_zodiacal_cancer,363,0.5,0.41999999999999993,0.3958791208791209,0.42000000000000004,0.40406771404213854,0.41000000000000003,0.5239868860929231,4.2,5.8,4.2,5.8
svm_full,signo_zodiacal_cancer,364,0.5,0.54,0.5361811391223157,0.68,0.593478646110225,0.532,0.5760821488453066,6.8,6.0,4.0,3.2
svm_full,signo_zodiacal_cancer,365,0.5,0.47000000000000003,0.4634090909090909,0.54,0.4936996336996337,0.49399999999999994,0.575418922752514,5.4,6.0,4.0,4.6
svm_full,signo_zodiacal_cancer,366,0.5,0.43,0.4137795537795538,0.4,0.39922177566678846,0.442,0.5354630271689094,4.0,5.4,4.6,6.0
svm_full,signo_zodiacal_cancer,367,0.5,0.5,0.49742424242424244,0.42000000000000004,0.4446392496392496,0.454,0.5198400608679246,4.2,4.2,5.8,5.8
svm_full,signo_zodiacal_cancer,368,0.5,0.49000000000000005,0.4987012987012987,0.5800000000000001,0.5352813852813852,0.47800000000000004,0.5275191654750478,5.8,6.0,4.0,4.2
svm_full,signo_zodiacal_cancer,369,0.5,0.51,0.5079545454545454,0.6,0.5444310075889023,0.55,0.5838421757980582,6.0,5.8,4.2,4.0
svm_full,signo_zodiacal_cancer,370,0.5,0.49000000000000005,0.48722222222222217,0.45999999999999996,0.4614795321637427,0.49399999999999994,0.5934019607843137,4.6,4.8,5.2,5.4
svm_full,signo_zodiacal_cancer,371,0.5,0.39999999999999997,0.3770695970695971,0.38,0.36049501223414265,0.372,0.48032629728372755,3.8,5.8,4.2,6.2
svm_full,signo_zodiacal_cancer,372,0.5,0.54,0.5587301587301587,0.42000000000000004,0.4656145711873266,0.5860000000000001,0.5786265586838342,4.2,3.4,6.6,5.8
svm_full,signo_zodiacal_cancer,373,0.5,0.52,0.5473199023199024,0.44000000000000006,0.47744843780380186,0.4760000000000001,0.5449074448942869,4.4,4.0,6.0,5.6
svm_full,signo_zodiacal_cancer,374,0.5,0.5,0.515111555111555,0.5999999999999999,0.5452480818414323,0.515,0.6183742574934525,6.0,6.0,4.0,4.0
svm_full,signo_zodiacal_cancer,375,0.5,0.6,0.601948051948052,0.66,0.621326712503183,0.624,0.687192983916668,6.6,4.6,5.4,3.4
svm_full,signo_zodiacal_cancer,376,0.5,0.5900000000000001,0.59,0.7,0.6325454545454546,0.61,0.6763398154133446,7.0,5.2,4.8,3.0
svm_full,signo_zodiacal_cancer,377,0.5,0.41000000000000003,0.3915367965367965,0.27999999999999997,0.3199159663865546,0.341,0.47173016388496264,2.8,4.6,5.4,7.2
svm_full,signo_zodiacal_cancer,378,0.5,0.49000000000000005,0.4932045732045732,0.5599999999999999,0.5211877519886674,0.4659999999999999,0.5450298024988427,5.6,5.8,4.2,4.4
svm_full,signo_zodiacal_cancer,379,0.5,0.41,0.41924242424242425,0.5,0.4499047619047619,0.418,0.5087136768460299,5.0,6.8,3.2,5.0
svm_full,signo_zodiacal_cancer,380,0.5,0.49000000000000005,0.49523809523809526,0.48,0.4779560308972074,0.46799999999999997,0.5433030297016366,4.8,5.0,5.0,5.2
svm_full,signo_zodiacal_cancer,381,0.5,0.4600000000000001,0.4576190476190476,0.58,0.51,0.42800000000000005,0.5342533228725179,5.8,6.6,3.4,4.2
svm_full,signo_zodiacal_cancer,382,0.5,0.54,0.5280769230769231,0.44000000000000006,0.4682807615799943,0.5280000000000001,0.5223358920061706,4.4,3.6,6.4,5.6
svm_full,signo_zodiacal_cancer,383,0.5,0.41,0.3683333333333333,0.26,0.3,0.434,0.490407138613021,2.6,4.4,5.6,7.4
svm_full,signo_zodiacal_cancer,384,0.5,0.5399999999999999,0.5338888888888889,0.4600000000000001,0.4916374269005848,0.5640000000000001,0.592023382877872,4.6,3.8,6.2,5.4
svm_full,signo_zodiacal_cancer,385,0.5,0.54,0.543939393939394,0.54,0.5400318979266346,0.51,0.5863127144613213,5.4,4.6,5.4,4.6
svm_full,signo_zodiacal_cancer,386,0.5,0.6000000000000001,0.6366666666666667,0.48,0.5366844919786096,0.6260000000000001,0.6705523714331764,4.8,2.8,7.2,5.2
svm_full,signo_zodiacal_cancer,387,0.5,0.5700000000000001,0.5678943278943278,0.64,0.595603792088918,0.644,0.6691339565147614,6.4,5.0,5.0,3.6
svm_full,signo_zodiacal_cancer,388,0.5,0.5700000000000001,0.5840909090909091,0.54,0.5587301587301587,0.6439999999999999,0.702817097934745,5.4,4.0,6.0,4.6
svm_full,signo_zodiacal_cancer,389,0.5,0.5,0.5140692640692641,0.6,0.5397249809014515,0.5,0.5726800036049261,6.0,6.0,4.0,4.0
svm_full,signo_zodiacal_cancer,390,0.5,0.53,0.5277344877344877,0.47999999999999987,0.4999783773158386,0.51,0.5250297290428869,4.8,4.2,5.8,5.2
svm_full,signo_zodiacal_cancer,391,0.5,0.4600000000000001,0.4637362637362637,0.52,0.4840269704719833,0.49400000000000005,0.5697163295940385,5.2,6.0,4.0,4.8
svm_full,signo_zodiacal_cancer,392,0.5,0.5800000000000001,0.5635256410256411,0.74,0.6354733961690484,0.548,0.5985156663082359,7.4,5.8,4.2,2.6
svm_full,signo_zodiacal_cancer,393,0.5,0.54,0.5272893772893773,0.6799999999999999,0.5934782608695652,0.54,0.5742129141068769,6.8,6.0,4.0,3.2
svm_full,signo_zodiacal_cancer,394,0.5,0.63,0.67,0.56,0.6046491228070174,0.6319999999999999,0.6744248698497923,5.6,3.0,7.0,4.4
svm_full,signo_zodiacal_cancer,395,0.5,0.51,0.5165306915306915,0.5800000000000001,0.5373807987080298,0.546,0.6156660279864614,5.8,5.6,4.4,4.2
svm_full,signo_zodiacal_cancer,396,0.5,0.44000000000000006,0.43888888888888894,0.4600000000000001,0.4473684210526316,0.44000000000000006,0.5352102037968911,4.6,5.8,4.2,5.4
svm_full,signo_zodiacal_cancer,397,0.5,0.45,0.4352380952380953,0.4,0.4074716202270382,0.481,0.5282667050871386,4.0,5.0,5.0,6.0
svm_full,signo_zodiacal_cancer,398,0.5,0.48,0.3986013986013986,0.33999999999999997,0.349120082815735,0.5559999999999999,0.5828027338158916,3.4,3.8,6.2,6.6
svm_full,signo_zodiacal_cancer,399,0.5,0.43,0.43692307692307686,0.5199999999999999,0.4742292490118577,0.396,0.4565712608684745,5.2,6.6,3.4,4.8
svm_full,signo_zodiacal_cancer,400,0.5,0.45999999999999996,0.3957142857142857,0.27999999999999997,0.3208263305322129,0.41,0.4877525078980186,2.8,3.6,6.4,7.2
svm_full,signo_zodiacal_cancer,401,0.5,0.54,0.5267399267399268,0.64,0.5711152445167791,0.5280000000000001,0.5688372636135794,6.4,5.6,4.4,3.6
svm_full,signo_zodiacal_cancer,402,0.5,0.54,0.5723809523809524,0.4,0.4644771241830066,0.5379999999999999,0.6010389045079447,4.0,3.2,6.8,6.0
svm_full,signo_zodiacal_cancer,403,0.5,0.55,0.5716666666666667,0.52,0.5296969696969697,0.588,0.6387431322547421,5.2,4.2,5.8,4.8
svm_full,signo_zodiacal_cancer,404,0.5,0.49000000000000005,0.512063492063492,0.45999999999999996,0.4743808049535604,0.514,0.5908801868066573,4.6,4.8,5.2,5.4
svm_full,signo_zodiacal_cancer,405,0.5,0.44000000000000006,0.43802197802197795,0.41999999999999993,0.4238249502699631,0.4720000000000001,0.5778720409277683,4.2,5.4,4.6,5.8
svm_full,signo_zodiacal_cancer,406,0.5,0.53,0.519090909090909,0.64,0.5660836940836941,0.5119999999999999,0.5603603053293456,6.4,5.8,4.2,3.6
svm_full,signo_zodiacal_cancer,407,0.5,0.5700000000000001,0.5925252525252527,0.5399999999999999,0.5513966735019367,0.5820000000000001,0.6008623033313436,5.4,4.0,6.0,4.6
svm_full,signo_zodiacal_cancer,408,0.5,0.4600000000000001,0.4533333333333333,0.48,0.46090909090909093,0.51,0.6059065189196767,4.8,5.6,4.4,5.2
svm_full,signo_zodiacal_cancer,409,0.5,0.45,0.44098124098124103,0.44000000000000006,0.43803626713843435,0.47400000000000003,0.5211563787090102,4.4,5.4,4.6,5.6
svm_full,signo_zodiacal_cancer,410,0.5,0.41000000000000003,0.4122644022644023,0.44000000000000006,0.4210832475282603,0.43599999999999994,0.5269053436243838,4.4,6.2,3.8,5.6
svm_full,signo_zodiacal_cancer,411,0.5,0.51,0.538888888888889,0.33999999999999997,0.4048454469507101,0.516,0.5625384619680285,3.4,3.2,6.8,6.6
svm_full,signo_zodiacal_cancer,412,0.5,0.51,0.5277056277056278,0.52,0.5189457601222307,0.496,0.5657627368331701,5.2,5.0,5.0,4.8
svm_full,signo_zodiacal_cancer,413,0.5,0.48,0.48138528138528136,0.41999999999999993,0.44229691876750693,0.502,0.6050658877586121,4.2,4.6,5.4,5.8
svm_full,signo_zodiacal_cancer,414,0.5,0.5199999999999999,0.5082575757575757,0.6,0.5449960565750039,0.5599999999999999,0.6102117943116394,6.0,5.6,4.4,4.0
svm_full,signo_zodiacal_cancer,415,0.5,0.52,0.5361111111111111,0.48,0.49938080495356035,0.5379999999999999,0.5825031998445311,4.8,4.4,5.6,5.2
svm_full,signo_zodiacal_cancer,416,0.5,0.43000000000000005,0.4193040293040292,0.4800000000000001,0.44286561264822133,0.43999999999999995,0.5268050962625266,4.8,6.2,3.8,5.2
svm_full,signo_zodiacal_cancer,417,0.5,0.53,0.5197557997557997,0.5199999999999999,0.5024532687216763,0.516,0.5562030649089473,5.2,4.6,5.4,4.8
svm_full,signo_zodiacal_cancer,418,0.5,0.53,0.5236985236985237,0.6,0.5566089135883187,0.542,0.5921107318034562,6.0,5.4,4.6,4.0
svm_full,signo_zodiacal_cancer,419,0.5,0.43,0.4341258741258741,0.48,0.4548240165631469,0.402,0.4769436597114615,4.8,6.2,3.8,5.2
svm_full,signo_zodiacal_cancer,420,0.5,0.5,0.5008658008658008,0.58,0.5359307359307358,0.46799999999999997,0.5490299704595369,5.8,5.8,4.2,4.2
svm_full,signo_zodiacal_cancer,421,0.5,0.51,0.5217643467643468,0.5,0.5036685334975818,0.544,0.5879685202138762,5.0,4.8,5.2,5.0
svm_full,signo_zodiacal_cancer,422,0.5,0.5,0.5007142857142857,0.4,0.43725490196078437,0.43200000000000005,0.5439203898956221,4.0,4.0,6.0,6.0
svm_full,signo_zodiacal_cancer,423,0.5,0.41000000000000003,0.3633333333333333,0.3,0.31206793206793204,0.386,0.4791588803353509,3.0,4.8,5.2,7.0
svm_full,signo_zodiacal_cancer,424,0.5,0.5,0.5172161172161173,0.4999999999999999,0.4962043710764939,0.514,0.5725220690042672,5.0,5.0,5.0,5.0
svm_full,signo_zodiacal_cancer,425,0.5,0.4,0.39439393939393935,0.36000000000000004,0.37490392648287385,0.394,0.5217840448165525,3.6,5.6,4.4,6.4
svm_full,signo_zodiacal_cancer,426,0.5,0.54,0.5394290023701788,0.68,0.589648023284852,0.5479999999999999,0.615375288711976,6.8,6.0,4.0,3.2
svm_full,signo_zodiacal_cancer,427,0.5,0.41,0.3962925962925962,0.38,0.3812113403713889,0.41,0.4962355683532154,3.8,5.6,4.4,6.2
svm_full,signo_zodiacal_cancer,428,0.5,0.49000000000000005,0.4821428571428571,0.43999999999999995,0.4498366013071896,0.445,0.48722490272025876,4.4,4.6,5.4,5.6
svm_full,signo_zodiacal_cancer,429,0.5,0.5,0.5133333333333333,0.5599999999999999,0.5177575757575757,0.466,0.526442723942724,5.6,5.6,4.4,4.4
svm_full,signo_zodiacal_cancer,430,0.5,0.4600000000000001,0.4766666666666667,0.32,0.37109440267335003,0.45,0.5403371622357691,3.2,4.0,6.0,6.8
svm_full,signo_zodiacal_cancer,431,0.5,0.6100000000000001,0.6348989898989899,0.5,0.5487552213868003,0.6180000000000001,0.6658424826807179,5.0,2.8,7.2,5.0
svm_full,signo_zodiacal_cancer,432,0.5,0.55,0.5771428571428572,0.4,0.46954248366013074,0.61,0.6654493612682466,4.0,3.0,7.0,6.0
svm_full,signo_zodiacal_cancer,433,0.5,0.48,0.5018381618381618,0.5199999999999999,0.5049251004749726,0.484,0.5447369036192565,5.2,5.6,4.4,4.8
svm_full,signo_zodiacal_cancer,434,0.5,0.39,0.3751082251082251,0.34,0.3508456971305268,0.33999999999999997,0.4433721495223043,3.4,5.6,4.4,6.6
svm_full,signo_zodiacal_cancer,435,0.5,0.5,0.502020202020202,0.6,0.5417599943915733,0.51,0.5588648579662511,6.0,6.0,4.0,4.0
svm_full,signo_zodiacal_cancer,436,0.5,0.45,0.45074925074925076,0.56,0.48878887523388803,0.44800000000000006,0.5409433462993836,5.6,6.6,3.4,4.4
svm_full,signo_zodiacal_cancer,437,0.5,0.4999999999999999,0.5039743589743589,0.58,0.5325498462889767,0.4800000000000001,0.5349330440801029,5.8,5.8,4.2,4.2
svm_full,signo_zodiacal_cancer,438,0.5,0.53,0.5215909090909091,0.6,0.5527472527472528,0.5199999999999999,0.5525657365510307,6.0,5.4,4.6,4.0
svm_full,signo_zodiacal_cancer,439,0.5,0.5,0.49686147186147184,0.52,0.5028404344193819,0.5,0.5641656382832853,5.2,5.2,4.8,4.8
svm_full,signo_zodiacal_cancer,440,0.5,0.5199999999999999,0.525,0.5599999999999999,0.5371980676328503,0.538,0.587576884501807,5.6,5.2,4.8,4.4
svm_full,signo_zodiacal_cancer,441,0.5,0.56,0.5361111111111112,0.6599999999999999,0.5831093117408906,0.5900000000000001,0.6134386446886446,6.6,5.4,4.6,3.4
svm_full,signo_zodiacal_cancer,442,0.5,0.52,0.5202020202020202,0.4800000000000001,0.4945488721804511,0.5039999999999999,0.5389678813618441,4.8,4.4,5.6,5.2
svm_full,signo_zodiacal_cancer,443,0.5,0.48,0.46706349206349207,0.4600000000000001,0.4573099415204679,0.492,0.5545876133670251,4.6,5.0,5.0,5.4
svm_full,signo_zodiacal_cancer,444,0.5,0.5399999999999999,0.5631652661064426,0.62,0.572826302238067,0.516,0.592161690047139,6.2,5.4,4.6,3.8
svm_full,signo_zodiacal_cancer,445,0.5,0.5599999999999999,0.5532478632478632,0.64,0.5875381734969836,0.4959999999999999,0.5987133453062246,6.4,5.2,4.8,3.6
svm_full,signo_zodiacal_cancer,446,0.5,0.36,0.37757575757575756,0.33999999999999997,0.34695526695526696,0.36000000000000004,0.4704884770372386,3.4,6.2,3.8,6.6
svm_full,signo_zodiacal_cancer,447,0.5,0.4600000000000001,0.44761904761904764,0.3,0.3480447725648964,0.47000000000000003,0.5374741720268036,3.0,3.8,6.2,7.0
svm_full,signo_zodiacal_cancer,448,0.5,0.54,0.5233426704014938,0.74,0.6072874493927125,0.49800000000000005,0.5397875539493187,7.4,6.6,3.4,2.6
svm_full,signo_zodiacal_cancer,449,0.5,0.54,0.5447979797979798,0.5199999999999999,0.5305597326649958,0.51,0.5510994097921342,5.2,4.4,5.6,4.8
svm_full,signo_zodiacal_cancer,450,0.5,0.6100000000000001,0.6283333333333333,0.5599999999999999,0.5907602339181286,0.65,0.677240920843862,5.6,3.4,6.6,4.4
svm_full,signo_zodiacal_cancer,451,0.5,0.4800000000000001,0.4682900432900433,0.38,0.4158263305322129,0.434,0.5170724563534161,3.8,4.2,5.8,6.2
svm_full,signo_zodiacal_cancer,452,0.5,0.5,0.48190476190476195,0.41999999999999993,0.4411051693404634,0.524,0.5923733674306428,4.2,4.2,5.8,5.8
svm_full,signo_zodiacal_cancer,453,0.5,0.4,0.4005128205128205,0.4,0.3928019323671498,0.38599999999999995,0.45082887210828393,4.0,6.0,4.0,6.0
svm_full,signo_zodiacal_cancer,454,0.5,0.51,0.5111111111111111,0.6,0.5481203007518797,0.544,0.6259368758176808,6.0,5.8,4.2,4.0
svm_full,signo_zodiacal_cancer,455,0.5,0.55,0.525266106442577,0.76,0.6174814814814814,0.574,0.6171323551749248,7.6,6.6,3.4,2.4
svm_full,signo_zodiacal_cancer,456,0.5,0.41,0.4151307189542484,0.43999999999999995,0.4187914230019493,0.35200000000000004,0.5073433656127155,4.4,6.2,3.8,5.6
svm_full,signo_zodiacal_cancer,457,0.5,0.4600000000000001,0.46571428571428564,0.52,0.486140350877193,0.4720000000000001,0.5821945570769099,5.2,6.0,4.0,4.8
svm_full,signo_zodiacal_cancer,458,0.5,0.5399999999999999,0.5397824397824398,0.5800000000000001,0.557230031600741,0.581,0.6390949812141761,5.8,5.0,5.0,4.2
svm_full,signo_zodiacal_cancer,459,0.5,0.38000000000000006,0.38954545454545453,0.44000000000000006,0.4033583959899749,0.382,0.5422005058065429,4.4,6.8,3.2,5.6
svm_full,signo_zodiacal_cancer,460,0.5,0.5900000000000001,0.6916666666666667,0.44000000000000006,0.5040935672514619,0.616,0.6761023610892032,4.4,2.6,7.4,5.6
svm_full,signo_zodiacal_cancer,461,0.5,0.45999999999999996,0.4616161616161616,0.52,0.48262322472848795,0.479,0.5686883394383395,5.2,6.0,4.0,4.8
svm_full,signo_zodiacal_cancer,462,0.5,0.44000000000000006,0.44691086691086684,0.5399999999999999,0.4782235107737868,0.388,0.48377888374095795,5.4,6.6,3.4,4.6
svm_full,signo_zodiacal_cancer,463,0.5,0.49000000000000005,0.4953846153846154,0.62,0.5485691699604743,0.43600000000000005,0.5239778934515776,6.2,6.4,3.6,3.8
svm_full,signo_zodiacal_cancer,464,0.5,0.44000000000000006,0.43952991452991447,0.38,0.39966946351385707,0.458,0.5634623519755099,3.8,5.0,5.0,6.2
svm_full,signo_zodiacal_cancer,465,0.5,0.56,0.5934065934065933,0.44000000000000006,0.4923273657289003,0.616,0.6452287701978104,4.4,3.2,6.8,5.6
svm_full,signo_zodiacal_cancer,466,0.5,0.54,0.5183333333333333,0.62,0.5548282828282828,0.564,0.635190752058399,6.2,5.4,4.6,3.8
svm_full,signo_zodiacal_cancer,467,0.5,0.5399999999999999,0.536031746031746,0.4,0.4559752321981424,0.5800000000000001,0.635231914542286,4.0,3.2,6.8,6.0
svm_full,signo_zodiacal_cancer,468,0.5,0.44000000000000006,0.4457264957264958,0.5,0.4680257957145829,0.41,0.5249652204520625,5.0,6.2,3.8,5.0
svm_full,signo_zodiacal_cancer,469,0.5,0.44000000000000006,0.4121428571428572,0.34,0.36503862150920974,0.42400000000000004,0.5115471863018304,3.4,4.6,5.4,6.6
svm_full,signo_zodiacal_cancer,470,0.5,0.43,0.4345404595404596,0.5199999999999999,0.4696687370600414,0.398,0.5001211500917384,5.2,6.6,3.4,4.8
svm_full,signo_zodiacal_cancer,471,0.5,0.5,0.5006875477463713,0.6799999999999999,0.5737060041407868,0.46799999999999997,0.5170866720998298,6.8,6.8,3.2,3.2
svm_full,signo_zodiacal_cancer,472,0.5,0.63,0.6423809523809523,0.66,0.645103668261563,0.6340000000000001,0.6741361400037871,6.6,4.0,6.0,3.4
svm_full,signo_zodiacal_cancer,473,0.5,0.55,0.5783333333333334,0.42000000000000004,0.4800000000000001,0.509,0.6058086631290965,4.2,3.2,6.8,5.8
svm_full,signo_zodiacal_cancer,474,0.5,0.5700000000000001,0.6067460317460318,0.45999999999999996,0.5017798850616189,0.568,0.6132322836262464,4.6,3.2,6.8,5.4
svm_full,signo_zodiacal_cancer,475,0.5,0.5,0.4966666666666667,0.54,0.5134130781499203,0.522,0.5545393833892286,5.4,5.4,4.6,4.6
svm_full,signo_zodiacal_cancer,476,0.5,0.49000000000000005,0.48659340659340666,0.66,0.5576811594202898,0.497,0.563181799194957,6.6,6.8,3.2,3.4
svm_full,signo_zodiacal_cancer,477,0.5,0.53,0.51504329004329,0.5599999999999999,0.5304473304473304,0.574,0.6514950312845049,5.6,5.0,5.0,4.4
svm_full,signo_zodiacal_cancer,478,0.5,0.55,0.55011655011655,0.5599999999999999,0.5518143184047074,0.512,0.5609061041297883,5.6,4.6,5.4,4.4
svm_full,signo_zodiacal_cancer,479,0.5,0.5199999999999999,0.5167832167832167,0.5800000000000001,0.5455486542443063,0.538,0.6005850903482483,5.8,5.4,4.6,4.2
svm_full,signo_zodiacal_cancer,480,0.5,0.39,0.3740476190476191,0.42000000000000004,0.38679647150235386,0.388,0.5013893981835158,4.2,6.4,3.6,5.8
svm_full,signo_zodiacal_cancer,481,0.5,0.45999999999999996,0.4385531135531135,0.42000000000000004,0.418765015887778,0.506,0.5762689328215644,4.2,5.0,5.0,5.8
svm_full,signo_zodiacal_cancer,482,0.5,0.38999999999999996,0.4066666666666666,0.48,0.4378181818181818,0.386,0.48474217552313525,4.8,7.0,3.0,5.2
svm_full,signo_zodiacal_cancer,483,0.5,0.47000000000000003,0.4642307692307693,0.58,0.5110619235836628,0.43200000000000005,0.5016489529562285,5.8,6.4,3.6,4.2
svm_full,signo_zodiacal_cancer,484,0.5,0.54,0.5785714285714285,0.42000000000000004,0.47394957983193275,0.476,0.5791472024707318,4.2,3.4,6.6,5.8
svm_full,signo_zodiacal_cancer,485,0.5,0.52,0.5206060606060606,0.6399999999999999,0.5675555555555555,0.5050000000000001,0.5501696989800705,6.4,6.0,4.0,3.6
svm_full,signo_zodiacal_cancer,486,0.5,0.48,0.4856365856365857,0.4800000000000001,0.4787499439134922,0.491,0.5495528729955974,4.8,5.2,4.8,5.2
svm_full,signo_zodiacal_cancer,487,0.5,0.5199999999999999,0.5473199023199022,0.44000000000000006,0.47744843780380186,0.574,0.6451856738033208,4.4,4.0,6.0,5.6
svm_full,signo_zodiacal_cancer,488,0.5,0.57,0.5806843156843157,0.56,0.5638622985426054,0.6300000000000001,0.692206735644816,5.6,4.2,5.8,4.4
svm_full,signo_zodiacal_cancer,489,0.5,0.54,0.5573015873015874,0.5,0.5227081965162461,0.5740000000000001,0.6188952250879496,5.0,4.2,5.8,5.0
svm_full,signo_zodiacal_cancer,490,0.5,0.53,0.5333516483516483,0.4800000000000001,0.4992441034384768,0.556,0.6179178413605658,4.8,4.2,5.8,5.2
svm_full,signo_zodiacal_cancer,491,0.5,0.55,0.5757575757575758,0.58,0.553030303030303,0.5,0.5584886404445227,5.8,4.8,5.2,4.2
svm_full,signo_zodiacal_cancer,492,0.5,0.5,0.5035714285714287,0.38,0.4299019607843137,0.48600000000000004,0.5621793016924596,3.8,3.8,6.2,6.2
svm_full,signo_zodiacal_cancer,493,0.5,0.41000000000000003,0.4184920634920635,0.4800000000000001,0.4370011907597047,0.36,0.45920054335069815,4.8,6.6,3.4,5.2
svm_full,signo_zodiacal_cancer,494,0.5,0.5700000000000001,0.5739743589743591,0.6,0.5827316644707948,0.592,0.6078063586740058,6.0,4.6,5.4,4.0
svm_full,signo_zodiacal_cancer,495,0.5,0.5,0.49610389610389605,0.44000000000000006,0.4579271708683474,0.5319999999999999,0.6166450120227209,4.4,4.4,5.6,5.6
svm_full,signo_zodiacal_cancer,496,0.5,0.5,0.5374942704354468,0.5,0.493588546529723,0.46799999999999997,0.5701262271440289,5.0,5.0,5.0,5.0
svm_full,signo_zodiacal_cancer,497,0.5,0.45999999999999996,0.466060606060606,0.36,0.3946491228070175,0.46399999999999997,0.5612875282612124,3.6,4.4,5.6,6.4
svm_full,signo_zodiacal_cancer,498,0.5,0.44000000000000006,0.4436507936507937,0.4800000000000001,0.4547987616099071,0.45,0.5699363898055848,4.8,6.0,4.0,5.2
svm_full,signo_zodiacal_cancer,499,0.5,0.61,0.6203496503496504,0.6599999999999999,0.6112689629211367,0.6850000000000002,0.7021719822145518,6.6,4.4,5.6,3.4
svm_full,signo_zodiacal_cancer,500,0.5,0.51,0.5024242424242424,0.5399999999999999,0.5143324979114453,0.46799999999999997,0.5392869265237686,5.4,5.2,4.8,4.6
svm_full,signo_zodiacal_escorpio,1,0.5,0.5,0.519047619047619,0.41999999999999993,0.45359477124183006,0.5,0.5733344890403714,4.2,4.2,5.8,5.8
svm_full,signo_zodiacal_escorpio,2,0.5,0.44000000000000006,0.45500000000000007,0.45999999999999996,0.45067026540710753,0.384,0.5243568119187314,4.6,5.8,4.2,5.4
svm_full,signo_zodiacal_escorpio,3,0.5,0.4,0.42444083694083695,0.5399999999999999,0.4704742625795257,0.41,0.49880206781522574,5.4,7.4,2.6,4.6
svm_full,signo_zodiacal_escorpio,4,0.5,0.5800000000000001,0.5761460761460763,0.6799999999999999,0.6184021927729021,0.578,0.5896733976377939,6.8,5.2,4.8,3.2
svm_full,signo_zodiacal_escorpio,5,0.5,0.48,0.48461538461538467,0.6199999999999999,0.5408634843417452,0.512,0.5686298674665548,6.2,6.6,3.4,3.8
svm_full,signo_zodiacal_escorpio,6,0.5,0.51,0.5336940836940837,0.4,0.443687650498796,0.54,0.6145827126090283,4.0,3.8,6.2,6.0
svm_full,signo_zodiacal_escorpio,7,0.5,0.48999999999999994,0.440952380952381,0.42000000000000004,0.4188888888888889,0.426,0.5262781487518329,4.2,4.4,5.6,5.8
svm_full,signo_zodiacal_escorpio,8,0.5,0.5900000000000001,0.6106060606060606,0.5199999999999999,0.5427489177489176,0.588,0.6604173706410548,5.2,3.4,6.6,4.8
svm_full,signo_zodiacal_escorpio,9,0.5,0.47000000000000003,0.47745670995670997,0.5,0.47983442769820484,0.518,0.6388731834041431,5.0,5.6,4.4,5.0
svm_full,signo_zodiacal_escorpio,10,0.5,0.43,0.43440115440115434,0.44000000000000006,0.43024738316379185,0.45199999999999996,0.5076622750314701,4.4,5.8,4.2,5.6
svm_full,signo_zodiacal_escorpio,11,0.5,0.36,0.3515384615384615,0.36,0.3430255348516218,0.306,0.44756645521661,3.6,6.4,3.6,6.4
svm_full,signo_zodiacal_escorpio,12,0.5,0.55,0.541965811965812,0.5,0.5039470217044587,0.506,0.5500948049198822,5.0,4.0,6.0,5.0
svm_full,signo_zodiacal_escorpio,13,0.5,0.53,0.503525641025641,0.64,0.5591905678862201,0.53,0.5810410010526109,6.4,5.8,4.2,3.6
svm_full,signo_zodiacal_escorpio,14,0.5,0.47000000000000003,0.4222222222222222,0.3,0.343859649122807,0.42000000000000004,0.5127353218676747,3.0,3.6,6.4,7.0
svm_full,signo_zodiacal_escorpio,15,0.5,0.53,0.5256721056721056,0.5999999999999999,0.556902037702953,0.47400000000000003,0.5251706991838571,6.0,5.4,4.6,4.0
svm_full,signo_zodiacal_escorpio,16,0.5,0.43000000000000005,0.4074592074592075,0.4800000000000001,0.43649068322981366,0.438,0.536271422591856,4.8,6.2,3.8,5.2
svm_full,signo_zodiacal_escorpio,17,0.5,0.49000000000000005,0.47333333333333333,0.33999999999999997,0.3888888888888889,0.505,0.5272995223730519,3.4,3.6,6.4,6.6
svm_full,signo_zodiacal_escorpio,18,0.5,0.4,0.3909090909090909,0.43999999999999995,0.41041619199513935,0.43999999999999995,0.5717871779063729,4.4,6.4,3.6,5.6
svm_full,signo_zodiacal_escorpio,19,0.5,0.61,0.6051981351981353,0.6199999999999999,0.5987841144362883,0.612,0.6257243034743034,6.2,4.0,6.0,3.8
svm_full,signo_zodiacal_escorpio,20,0.5,0.52,0.5100854700854701,0.72,0.5933867871259176,0.51,0.5340925806219924,7.2,6.8,3.2,2.8
svm_full,signo_zodiacal_escorpio,21,0.5,0.37,0.36,0.28,0.303028024606972,0.31,0.4512753482327786,2.8,5.4,4.6,7.2
svm_full,signo_zodiacal_escorpio,22,0.5,0.4,0.39868686868686865,0.42000000000000004,0.40410359231411863,0.414,0.5427913460808197,4.2,6.2,3.8,5.8
svm_full,signo_zodiacal_escorpio,23,0.5,0.5,0.5017399267399267,0.5,0.49434756774910227,0.522,0.5793426022721687,5.0,5.0,5.0,5.0
svm_full,signo_zodiacal_escorpio,24,0.5,0.4699999999999999,0.47272727272727266,0.45999999999999996,0.46507936507936504,0.491,0.5453158575170959,4.6,5.2,4.8,5.4
svm_full,signo_zodiacal_escorpio,25,0.5,0.4800000000000001,0.4648351648351648,0.4600000000000001,0.45827163817472066,0.41,0.4782741702741703,4.6,5.0,5.0,5.4
svm_full,signo_zodiacal_escorpio,26,0.5,0.52,0.5199023199023199,0.6199999999999999,0.5610602593440122,0.5780000000000001,0.6247473337635876,6.2,5.8,4.2,3.8
svm_full,signo_zodiacal_escorpio,27,0.5,0.36,0.33939393939393936,0.3,0.3156641604010025,0.29600000000000004,0.42962886769233516,3.0,5.8,4.2,7.0
svm_full,signo_zodiacal_escorpio,28,0.5,0.47000000000000003,0.45595238095238094,0.36,0.4002579979360165,0.45199999999999996,0.5342140478200849,3.6,4.2,5.8,6.4
svm_full,signo_zodiacal_escorpio,29,0.5,0.44000000000000006,0.44497502497502495,0.36,0.38425344050663746,0.44700000000000006,0.5347785341593391,3.6,4.8,5.2,6.4
svm_full,signo_zodiacal_escorpio,30,0.5,0.62,0.615,0.6599999999999999,0.6211188811188811,0.68,0.7040335954894779,6.6,4.2,5.8,3.4
svm_full,signo_zodiacal_escorpio,31,0.5,0.4800000000000001,0.4872377622377623,0.52,0.49908400777966,0.484,0.560139037433155,5.2,5.6,4.4,4.8
svm_full,signo_zodiacal_escorpio,32,0.5,0.5,0.4626283846872082,0.5599999999999999,0.48903707231880605,0.43600000000000005,0.5199491335977404,5.6,5.6,4.4,4.4
svm_full,signo_zodiacal_escorpio,33,0.5,0.52,0.5068589743589744,0.6799999999999999,0.5772915779872301,0.514,0.5248328883019285,6.8,6.4,3.6,3.2
svm_full,signo_zodiacal_escorpio,34,0.5,0.44000000000000006,0.44727272727272727,0.52,0.4764102564102564,0.438,0.5430917909919458,5.2,6.4,3.6,4.8
svm_full,signo_zodiacal_escorpio,35,0.5,0.42000000000000004,0.4282051282051282,0.42000000000000004,0.41368286445012786,0.32,0.4463841273105979,4.2,5.8,4.2,5.8
svm_full,signo_zodiacal_escorpio,36,0.5,0.54,0.5533910533910534,0.5799999999999998,0.5532581453634086,0.5720000000000001,0.6235150394840797,5.8,5.0,5.0,4.2
svm_full,signo_zodiacal_escorpio,37,0.5,0.49000000000000005,0.49333333333333335,0.42000000000000004,0.43977777777777777,0.462,0.5602931596267509,4.2,4.4,5.6,5.8
svm_full,signo_zodiacal_escorpio,38,0.5,0.54,0.5533333333333333,0.54,0.5325062656641604,0.544,0.6250595331740842,5.4,4.6,5.4,4.6
svm_full,signo_zodiacal_escorpio,39,0.5,0.37,0.33403846153846156,0.42000000000000004,0.36802675585284284,0.404,0.5075679495942653,4.2,6.8,3.2,5.8
svm_full,signo_zodiacal_escorpio,40,0.5,0.6200000000000001,0.6420634920634921,0.56,0.5933201988929543,0.6719999999999999,0.6809216426848005,5.6,3.2,6.8,4.4
svm_full,signo_zodiacal_escorpio,41,0.5,0.54,0.5395238095238095,0.45999999999999996,0.47739064856711916,0.5880000000000001,0.6078794228647171,4.6,3.8,6.2,5.4
svm_full,signo_zodiacal_escorpio,42,0.5,0.52,0.5057142857142857,0.34,0.39635746606334843,0.52,0.5584928403210137,3.4,3.0,7.0,6.6
svm_full,signo_zodiacal_escorpio,43,0.5,0.5599999999999999,0.5511111111111111,0.48,0.5007177033492823,0.632,0.6492972105294086,4.8,3.6,6.4,5.2
svm_full,signo_zodiacal_escorpio,44,0.5,0.4600000000000001,0.4522222222222222,0.56,0.48010130220656533,0.33199999999999996,0.4401250551134452,5.6,6.4,3.6,4.4
svm_full,signo_zodiacal_escorpio,45,0.5,0.55,0.5646825396825397,0.48,0.5137004722144042,0.524,0.6116561222575154,4.8,3.8,6.2,5.2
svm_full,signo_zodiacal_escorpio,46,0.5,0.48999999999999994,0.4959090909090909,0.42000000000000004,0.4502380952380952,0.502,0.577689014631739,4.2,4.4,5.6,5.8
svm_full,signo_zodiacal_escorpio,47,0.5,0.6,0.63,0.44000000000000006,0.5083333333333333,0.5900000000000001,0.6057863421408314,4.4,2.4,7.6,5.6
svm_full,signo_zodiacal_escorpio,48,0.5,0.52,0.5364102564102564,0.44000000000000006,0.45844667409884804,0.5619999999999999,0.6386860098965361,4.4,4.0,6.0,5.6
svm_full,signo_zodiacal_escorpio,49,0.5,0.41000000000000003,0.4112820512820513,0.45999999999999996,0.42118688024408846,0.324,0.4485189939059908,4.6,6.4,3.6,5.4
svm_full,signo_zodiacal_escorpio,50,0.5,0.5,0.4946886446886447,0.42000000000000004,0.44715828360329635,0.508,0.592706257794493,4.2,4.2,5.8,5.8
svm_full,signo_zodiacal_escorpio,51,0.5,0.5599999999999999,0.5807575757575757,0.5,0.5317126148705096,0.5900000000000001,0.6103480491816404,5.0,3.8,6.2,5.0
svm_full,signo_zodiacal_escorpio,52,0.5,0.47000000000000003,0.4595959595959596,0.45999999999999996,0.4548302574618363,0.45899999999999996,0.533573868941516,4.6,5.2,4.8,5.4
svm_full,signo_zodiacal_escorpio,53,0.5,0.37,0.3884177913589678,0.5,0.431733373838637,0.386,0.5373457335578078,5.0,7.6,2.4,5.0
svm_full,signo_zodiacal_escorpio,54,0.5,0.5700000000000001,0.6056410256410256,0.4999999999999999,0.5323302822273074,0.5860000000000001,0.6315981322598969,5.0,3.6,6.4,5.0
svm_full,signo_zodiacal_escorpio,55,0.5,0.53,0.5731313131313132,0.43999999999999995,0.4861152882205514,0.576,0.61791574988479,4.4,3.8,6.2,5.6
svm_full,signo_zodiacal_escorpio,56,0.5,0.45,0.4561378490790256,0.5,0.4679086605402395,0.434,0.54613257270765,5.0,6.0,4.0,5.0
svm_full,signo_zodiacal_escorpio,57,0.5,0.45,0.4516233766233766,0.5,0.47099567099567097,0.503,0.6008593228237191,5.0,6.0,4.0,5.0
svm_full,signo_zodiacal_escorpio,58,0.5,0.38999999999999996,0.37653679653679656,0.34,0.35529608334561896,0.354,0.45841481153865055,3.4,5.6,4.4,6.6
svm_full,signo_zodiacal_escorpio,59,0.5,0.47000000000000003,0.4614718614718615,0.5,0.472873949579832,0.442,0.5316077980327206,5.0,5.6,4.4,5.0
svm_full,signo_zodiacal_escorpio,60,0.5,0.41000000000000003,0.423030303030303,0.38,0.3907769423558897,0.388,0.47995914276641827,3.8,5.6,4.4,6.2
svm_full,signo_zodiacal_escorpio,61,0.5,0.54,0.5283882783882784,0.6799999999999999,0.5942028985507246,0.542,0.5780931845931846,6.8,6.0,4.0,3.2
svm_full,signo_zodiacal_escorpio,62,0.5,0.44000000000000006,0.4536019536019536,0.34,0.36543725041504016,0.38199999999999995,0.47442736185383244,3.4,4.6,5.4,6.6
svm_full,signo_zodiacal_escorpio,63,0.5,0.39999999999999997,0.3758791208791209,0.44000000000000006,0.3976208275952522,0.42600000000000005,0.502403356447474,4.4,6.4,3.6,5.6
svm_full,signo_zodiacal_escorpio,64,0.5,0.4699999999999999,0.45499999999999996,0.38,0.40888888888888886,0.51,0.5608361225977325,3.8,4.4,5.6,6.2
svm_full,signo_zodiacal_escorpio,65,0.5,0.39,0.375970695970696,0.44000000000000006,0.4010474308300395,0.384,0.4983255376374571,4.4,6.6,3.4,5.6
svm_full,signo_zodiacal_escorpio,66,0.5,0.5199999999999999,0.5581240981240981,0.44000000000000006,0.48223794781070317,0.53,0.6031330161067003,4.4,4.0,6.0,5.6
svm_full,signo_zodiacal_escorpio,67,0.5,0.4800000000000001,0.4899145299145299,0.5599999999999999,0.5120673038093957,0.43600000000000005,0.5029014041514042,5.6,6.0,4.0,4.4
svm_full,signo_zodiacal_escorpio,68,0.5,0.42000000000000004,0.41714285714285715,0.4,0.4011764705882353,0.37,0.46876403335226857,4.0,5.6,4.4,6.0
svm_full,signo_zodiacal_escorpio,69,0.5,0.55,0.5465384615384615,0.64,0.5827632850241546,0.5820000000000001,0.5920590775753314,6.4,5.4,4.6,3.6
svm_full,signo_zodiacal_escorpio,70,0.5,0.48,0.4875,0.6199999999999999,0.5428701733049559,0.49899999999999994,0.5732251086546751,6.2,6.6,3.4,3.8
svm_full,signo_zodiacal_escorpio,71,0.5,0.49000000000000005,0.49344877344877347,0.38,0.4216777237210674,0.488,0.5934115431352274,3.8,4.0,6.0,6.2
svm_full,signo_zodiacal_escorpio,72,0.5,0.51,0.5065689865689865,0.5599999999999999,0.5275514874141877,0.558,0.6232718180512297,5.6,5.4,4.6,4.4
svm_full,signo_zodiacal_escorpio,73,0.5,0.54,0.5430769230769231,0.48,0.49690821256038653,0.5529999999999999,0.5815891685713668,4.8,4.0,6.0,5.2
svm_full,signo_zodiacal_escorpio,74,0.5,0.58,0.5664102564102564,0.72,0.6310698287220026,0.53,0.592373079706671,7.2,5.6,4.4,2.8
svm_full,signo_zodiacal_escorpio,75,0.5,0.43999999999999995,0.43499999999999994,0.32,0.36158730158730157,0.422,0.5112526286922572,3.2,4.4,5.6,6.8
svm_full,signo_zodiacal_escorpio,76,0.5,0.51,0.49435897435897436,0.52,0.5012629399585922,0.558,0.5508823562058855,5.2,5.0,5.0,4.8
svm_full,signo_zodiacal_escorpio,77,0.5,0.61,0.6091269841269841,0.6,0.5973684210526315,0.5599999999999999,0.629757835301953,6.0,3.8,6.2,4.0
svm_full,signo_zodiacal_escorpio,78,0.5,0.47000000000000003,0.47852813852813847,0.4800000000000001,0.4685714285714285,0.4779999999999999,0.5578545894250228,4.8,5.4,4.6,5.2
svm_full,signo_zodiacal_escorpio,79,0.5,0.43000000000000005,0.4076190476190476,0.25999999999999995,0.3112605042016806,0.394,0.5323650242945909,2.6,4.0,6.0,7.4
svm_full,signo_zodiacal_escorpio,80,0.5,0.53,0.5199999999999999,0.38,0.43303921568627446,0.584,0.6156305165422812,3.8,3.2,6.8,6.2
svm_full,signo_zodiacal_escorpio,81,0.5,0.45,0.43714285714285717,0.4,0.4159477124183006,0.387,0.49322067028258976,4.0,5.0,5.0,6.0
svm_full,signo_zodiacal_escorpio,82,0.5,0.5599999999999999,0.5611111111111111,0.54,0.5429425837320574,0.568,0.6219729694110498,5.4,4.2,5.8,4.6
svm_full,signo_zodiacal_escorpio,83,0.5,0.4,0.4121428571428571,0.42000000000000004,0.4133333333333333,0.388,0.5521529324648519,4.2,6.2,3.8,5.8
svm_full,signo_zodiacal_escorpio,84,0.5,0.48,0.4709523809523809,0.54,0.5006060606060606,0.484,0.5601787205742315,5.4,5.8,4.2,4.6
svm_full,signo_zodiacal_escorpio,85,0.5,0.58,0.5984188034188034,0.56,0.5740554284261379,0.654,0.6736098346098346,5.6,4.0,6.0,4.4
svm_full,signo_zodiacal_escorpio,86,0.5,0.54,0.5209090909090909,0.52,0.5122077922077921,0.576,0.5942280203456674,5.2,4.4,5.6,4.8
svm_full,signo_zodiacal_escorpio,87,0.5,0.6100000000000001,0.5905494505494506,0.72,0.645072463768116,0.616,0.6626874205945412,7.2,5.0,5.0,2.8
svm_full,signo_zodiacal_escorpio,88,0.5,0.5599999999999999,0.553986013986014,0.6599999999999999,0.6001261057782796,0.596,0.6480662084733291,6.6,5.4,4.6,3.4
svm_full,signo_zodiacal_escorpio,89,0.5,0.54,0.5467914438502673,0.62,0.5714285714285714,0.556,0.56782028978933,6.2,5.4,4.6,3.8
svm_full,signo_zodiacal_escorpio,90,0.5,0.41000000000000003,0.38333333333333336,0.44000000000000006,0.4051539421676721,0.41600000000000004,0.5240863329996456,4.4,6.2,3.8,5.6
svm_full,signo_zodiacal_escorpio,91,0.5,0.55,0.5700000000000001,0.45999999999999996,0.5022222222222222,0.6,0.6291826506826507,4.6,3.6,6.4,5.4
svm_full,signo_zodiacal_escorpio,92,0.5,0.45,0.4431346431346431,0.45999999999999996,0.4463101487734682,0.404,0.5066526088290794,4.6,5.6,4.4,5.4
svm_full,signo_zodiacal_escorpio,93,0.5,0.48,0.4742857142857142,0.6199999999999999,0.5345920745920745,0.43199999999999994,0.5053176151334046,6.2,6.6,3.4,3.8
svm_full,signo_zodiacal_escorpio,94,0.5,0.43000000000000005,0.4391452991452992,0.5399999999999999,0.4809852298731017,0.4680000000000001,0.5295716119965346,5.4,6.8,3.2,4.6
svm_full,signo_zodiacal_escorpio,95,0.5,0.4800000000000001,0.4713059163059164,0.38,0.41461890019165565,0.449,0.5086094369167125,3.8,4.2,5.8,6.2
svm_full,signo_zodiacal_escorpio,96,0.5,0.53,0.528663101604278,0.6200000000000001,0.5651851851851851,0.5660000000000001,0.5968695552813199,6.2,5.6,4.4,3.8
svm_full,signo_zodiacal_escorpio,97,0.5,0.5700000000000001,0.5683065953654188,0.62,0.5828237259816207,0.5920000000000001,0.6272089736029364,6.2,4.8,5.2,3.8
svm_full,signo_zodiacal_escorpio,98,0.5,0.4600000000000001,0.4638095238095238,0.56,0.49858823529411767,0.39399999999999996,0.4778899454518649,5.6,6.4,3.6,4.4
svm_full,signo_zodiacal_escorpio,99,0.5,0.49000000000000005,0.49575757575757573,0.52,0.507012987012987,0.52,0.5577075336943759,5.2,5.4,4.6,4.8
svm_full,signo_zodiacal_escorpio,100,0.5,0.38,0.35858585858585856,0.36,0.3568295739348371,0.36999999999999994,0.4862174996486142,3.6,6.0,4.0,6.4
svm_full,signo_zodiacal_escorpio,101,0.5,0.49000000000000005,0.38595238095238094,0.31999999999999995,0.34139037433155084,0.41,0.4990867755395619,3.2,3.4,6.6,6.8
svm_full,signo_zodiacal_escorpio,102,0.5,0.5599999999999999,0.6222222222222221,0.56,0.5569798622430201,0.5800000000000001,0.6379376065111357,5.6,4.4,5.6,4.4
svm_full,signo_zodiacal_escorpio,103,0.5,0.4,0.41,0.42000000000000004,0.4131100478468899,0.396,0.5185719687089656,4.2,6.2,3.8,5.8
svm_full,signo_zodiacal_escorpio,104,0.5,0.45999999999999996,0.43880952380952387,0.4,0.4064313725490196,0.46699999999999997,0.5567388614137839,4.0,4.8,5.2,6.0
svm_full,signo_zodiacal_escorpio,105,0.5,0.5399999999999999,0.5283882783882784,0.68,0.5942028985507246,0.5940000000000001,0.6162800126430157,6.8,6.0,4.0,3.2
svm_full,signo_zodiacal_escorpio,106,0.5,0.51,0.4924242424242424,0.38,0.4206349206349206,0.544,0.6081598386993123,3.8,3.6,6.4,6.2
svm_full,signo_zodiacal_escorpio,107,0.5,0.5,0.5103174603174604,0.5599999999999999,0.5302232854864434,0.524,0.5640454992204218,5.6,5.6,4.4,4.4
svm_full,signo_zodiacal_escorpio,108,0.5,0.51,0.5142156862745098,0.54,0.5095238095238095,0.5,0.615654505453267,5.4,5.2,4.8,4.6
svm_full,signo_zodiacal_escorpio,109,0.5,0.5700000000000001,0.566025641025641,0.58,0.5683101033215451,0.5519999999999999,0.5880109971727618,5.8,4.4,5.6,4.2
svm_full,signo_zodiacal_escorpio,110,0.5,0.4900000000000001,0.49204991087344024,0.6199999999999999,0.5424806460595935,0.476,0.5514068807009983,6.2,6.4,3.6,3.8
svm_full,signo_zodiacal_escorpio,111,0.5,0.51,0.5469047619047619,0.36,0.4208848667672197,0.472,0.5663900990650216,3.6,3.4,6.6,6.4
svm_full,signo_zodiacal_escorpio,112,0.5,0.64,0.6058608058608058,0.7999999999999999,0.6889328063241107,0.68,0.6743153774330244,8.0,5.2,4.8,2.0
svm_full,signo_zodiacal_escorpio,113,0.5,0.52,0.5176923076923077,0.68,0.5837251444207966,0.594,0.6614869573151306,6.8,6.4,3.6,3.2
svm_full,signo_zodiacal_escorpio,114,0.5,0.56,0.5664646464646464,0.45999999999999996,0.484828738512949,0.5700000000000001,0.6336186003538944,4.6,3.4,6.6,5.4
svm_full,signo_zodiacal_escorpio,115,0.5,0.4800000000000001,0.49424242424242426,0.45999999999999996,0.4661471861471861,0.49499999999999994,0.5382540221216692,4.6,5.0,5.0,5.4
svm_full,signo_zodiacal_escorpio,116,0.5,0.5,0.518989898989899,0.4000000000000001,0.4395488721804511,0.54,0.6116098072893738,4.0,4.0,6.0,6.0
svm_full,signo_zodiacal_escorpio,117,0.5,0.5800000000000001,0.5782717282717282,0.64,0.6010351966873706,0.5800000000000001,0.6233869159736033,6.4,4.8,5.2,3.6
svm_full,signo_zodiacal_escorpio,118,0.5,0.5399999999999999,0.5133333333333333,0.38,0.43044277360066835,0.55,0.6105376480244902,3.8,3.0,7.0,6.2
svm_full,signo_zodiacal_escorpio,119,0.5,0.52,0.5183261183261183,0.5599999999999999,0.5343358395989974,0.48,0.5369497801819783,5.6,5.2,4.8,4.4
svm_full,signo_zodiacal_escorpio,120,0.5,0.42000000000000004,0.41404040404040404,0.4600000000000001,0.43113116123642437,0.4119999999999999,0.5236950455804944,4.6,6.2,3.8,5.4
svm_full,signo_zodiacal_escorpio,121,0.5,0.51,0.5132539682539683,0.38,0.43232198142414857,0.46799999999999997,0.565766408428173,3.8,3.6,6.4,6.2
svm_full,signo_zodiacal_escorpio,122,0.5,0.5700000000000001,0.6590909090909091,0.38,0.44761904761904764,0.654,0.6759069439332597,3.8,2.4,7.6,6.2
svm_full,signo_zodiacal_escorpio,123,0.5,0.51,0.5242857142857142,0.45999999999999996,0.48139037433155074,0.53,0.6084078248033356,4.6,4.4,5.6,5.4
svm_full,signo_zodiacal_escorpio,124,0.5,0.48,0.47575757575757577,0.48,0.4760082023239918,0.48,0.570883958576683,4.8,5.2,4.8,5.2
svm_full,signo_zodiacal_escorpio,125,0.5,0.38,0.2980952380952381,0.3,0.2953801169590643,0.28099999999999997,0.45036625938560915,3.0,5.4,4.6,7.0
svm_full,signo_zodiacal_escorpio,126,0.5,0.51,0.4844444444444444,0.44000000000000006,0.45915204678362576,0.5439999999999999,0.5857376600008178,4.4,4.2,5.8,5.6
svm_full,signo_zodiacal_escorpio,127,0.5,0.53,0.5305555555555557,0.5,0.5114832535885168,0.532,0.5888392234700285,5.0,4.4,5.6,5.0
svm_full,signo_zodiacal_escorpio,128,0.5,0.47000000000000003,0.4740825840825841,0.4999999999999999,0.48203562848064124,0.462,0.5088569661332819,5.0,5.6,4.4,5.0
svm_full,signo_zodiacal_escorpio,129,0.5,0.51,0.5545526695526696,0.48,0.4992314118629908,0.514,0.6247440147571727,4.8,4.6,5.4,5.2
svm_full,signo_zodiacal_escorpio,130,0.5,0.54,0.552063492063492,0.48,0.5120123839009286,0.4680000000000001,0.5422822743132341,4.8,4.0,6.0,5.2
svm_full,signo_zodiacal_escorpio,131,0.5,0.5,0.5358119658119659,0.5,0.5070761389640108,0.49799999999999994,0.5910444855282316,5.0,5.0,5.0,5.0
svm_full,signo_zodiacal_escorpio,132,0.5,0.43,0.4126373626373626,0.4600000000000001,0.4246188594014681,0.40199999999999997,0.4835960248901425,4.6,6.0,4.0,5.4
svm_full,signo_zodiacal_escorpio,133,0.5,0.55,0.5604895104895105,0.58,0.5662525879917183,0.546,0.6062162708292739,5.8,4.8,5.2,4.2
svm_full,signo_zodiacal_escorpio,134,0.5,0.54,0.5311111111111112,0.48,0.5015789473684211,0.554,0.5878690286321865,4.8,4.0,6.0,5.2
svm_full,signo_zodiacal_escorpio,135,0.5,0.54,0.5416666666666667,0.5599999999999999,0.5445241892610314,0.562,0.655079495066337,5.6,4.8,5.2,4.4
svm_full,signo_zodiacal_escorpio,136,0.5,0.48,0.4800000000000001,0.3,0.35434547908232117,0.511,0.5762047952047952,3.0,3.4,6.6,7.0
svm_full,signo_zodiacal_escorpio,137,0.5,0.51,0.5133333333333333,0.5599999999999999,0.5305645933014353,0.534,0.5808055369982614,5.6,5.4,4.6,4.4
svm_full,signo_zodiacal_escorpio,138,0.5,0.5,0.4934965034965034,0.64,0.5559691323169584,0.4920000000000001,0.5457894799558887,6.4,6.4,3.6,3.6
svm_full,signo_zodiacal_escorpio,139,0.5,0.5,0.4941458541458541,0.5399999999999999,0.509272926561929,0.514,0.6041497103687506,5.4,5.4,4.6,4.6
svm_full,signo_zodiacal_escorpio,140,0.5,0.5,0.49520202020202025,0.48,0.48419533682691573,0.492,0.5724660514923672,4.8,4.8,5.2,5.2
svm_full,signo_zodiacal_escorpio,141,0.5,0.55,0.5564102564102564,0.6200000000000001,0.5724637681159421,0.484,0.5343300480049706,6.2,5.2,4.8,3.8
svm_full,signo_zodiacal_escorpio,142,0.5,0.5599999999999999,0.5535353535353534,0.58,0.5650034176349965,0.5940000000000001,0.6151196381018362,5.8,4.6,5.4,4.2
svm_full,signo_zodiacal_escorpio,143,0.5,0.5200000000000001,0.5224242424242425,0.5,0.5100751879699248,0.558,0.6182427458162751,5.0,4.6,5.4,5.0
svm_full,signo_zodiacal_escorpio,144,0.5,0.5800000000000001,0.5813131313131313,0.5599999999999999,0.563926862611073,0.5880000000000001,0.6334091176281579,5.6,4.0,6.0,4.4
svm_full,signo_zodiacal_escorpio,145,0.5,0.55,0.5887301587301587,0.54,0.5476535322262877,0.5539999999999999,0.6087282321221948,5.4,4.4,5.6,4.6
svm_full,signo_zodiacal_escorpio,146,0.5,0.48,0.46854256854256854,0.52,0.4842105263157895,0.42399999999999993,0.5238666990903833,5.2,5.6,4.4,4.8
svm_full,signo_zodiacal_escorpio,147,0.5,0.54,0.5231746031746031,0.56,0.5251929824561403,0.53,0.5811243466715602,5.6,4.8,5.2,4.4
svm_full,signo_zodiacal_escorpio,148,0.5,0.49000000000000005,0.4983405483405483,0.5599999999999999,0.5247436773752563,0.44000000000000006,0.5102811534870358,5.6,5.8,4.2,4.4
svm_full,signo_zodiacal_escorpio,149,0.5,0.42000000000000004,0.41439393939393937,0.38,0.3954887218045112,0.40199999999999997,0.5590864074865622,3.8,5.4,4.6,6.2
svm_full,signo_zodiacal_escorpio,150,0.5,0.45,0.43238095238095237,0.30000000000000004,0.350968352253182,0.44799999999999995,0.585179304785342,3.0,4.0,6.0,7.0
svm_full,signo_zodiacal_escorpio,151,0.5,0.5700000000000001,0.5594805194805195,0.6399999999999999,0.5947619047619048,0.5519999999999999,0.5737975537534361,6.4,5.0,5.0,3.6
svm_full,signo_zodiacal_escorpio,152,0.5,0.47000000000000003,0.4798319327731092,0.5399999999999999,0.4851851851851852,0.5119999999999999,0.5891504139135717,5.4,6.0,4.0,4.6
svm_full,signo_zodiacal_escorpio,153,0.5,0.44000000000000006,0.4057142857142857,0.36000000000000004,0.3772549019607843,0.442,0.49923338855846594,3.6,4.8,5.2,6.4
svm_full,signo_zodiacal_escorpio,154,0.5,0.5399999999999999,0.5357142857142857,0.48,0.5019545298183068,0.516,0.5875822249645779,4.8,4.0,6.0,5.2
svm_full,signo_zodiacal_escorpio,155,0.5,0.5700000000000001,0.6018253968253968,0.45999999999999996,0.5136291709666323,0.5860000000000001,0.5954045676545676,4.6,3.2,6.8,5.4
svm_full,signo_zodiacal_escorpio,156,0.5,0.56,0.5478354978354979,0.5800000000000001,0.5593328240387063,0.588,0.6609607702239281,5.8,4.6,5.4,4.2
svm_full,signo_zodiacal_escorpio,157,0.5,0.45,0.44571428571428573,0.4,0.4174569221628045,0.438,0.49083629442452975,4.0,5.0,5.0,6.0
svm_full,signo_zodiacal_escorpio,158,0.5,0.54,0.532987012987013,0.48,0.5016993464052287,0.5640000000000001,0.6301814178253806,4.8,4.0,6.0,5.2
svm_full,signo_zodiacal_escorpio,159,0.5,0.54,0.5698412698412698,0.4,0.46721706226350185,0.576,0.6624503743590431,4.0,3.2,6.8,6.0
svm_full,signo_zodiacal_escorpio,160,0.5,0.5399999999999999,0.5406060606060605,0.4999999999999999,0.5146491228070176,0.508,0.5555254832886412,5.0,4.2,5.8,5.0
svm_full,signo_zodiacal_escorpio,161,0.5,0.45999999999999996,0.4655555555555556,0.5800000000000001,0.5132065737466196,0.51,0.5954891589318833,5.8,6.6,3.4,4.2
svm_full,signo_zodiacal_escorpio,162,0.5,0.51,0.5047979797979798,0.44000000000000006,0.46687552213868005,0.49400000000000005,0.5804150300164231,4.4,4.2,5.8,5.6
svm_full,signo_zodiacal_escorpio,163,0.5,0.5,0.49682539682539684,0.5,0.4904978578353191,0.5439999999999999,0.5810049113253448,5.0,5.0,5.0,5.0
svm_full,signo_zodiacal_escorpio,164,0.5,0.6,0.5962121212121212,0.6199999999999999,0.6050505050505051,0.656,0.6596967623879388,6.2,4.2,5.8,3.8
svm_full,signo_zodiacal_escorpio,165,0.5,0.43999999999999995,0.43,0.4600000000000001,0.4390909090909091,0.488,0.5947398255339431,4.6,5.8,4.2,5.4
svm_full,signo_zodiacal_escorpio,166,0.5,0.44000000000000006,0.43519480519480525,0.4,0.4102648332060097,0.386,0.5031314637375008,4.0,5.2,4.8,6.0
svm_full,signo_zodiacal_escorpio,167,0.5,0.5,0.5081746031746032,0.42000000000000004,0.458328173374613,0.48599999999999993,0.5143860763419588,4.2,4.2,5.8,5.8
svm_full,signo_zodiacal_escorpio,168,0.5,0.53,0.5463203463203462,0.5999999999999999,0.5590909090909091,0.502,0.5588835053835054,6.0,5.4,4.6,4.0
svm_full,signo_zodiacal_escorpio,169,0.5,0.45999999999999996,0.4651948051948051,0.42000000000000004,0.4382446311858076,0.42800000000000005,0.5163800213374516,4.2,5.0,5.0,5.8
svm_full,signo_zodiacal_escorpio,170,0.5,0.6100000000000001,0.6238888888888889,0.5599999999999999,0.5825943646996279,0.65,0.6783562081193659,5.6,3.4,6.6,4.4
svm_full,signo_zodiacal_escorpio,171,0.5,0.55,0.5838095238095239,0.5599999999999999,0.5468416289592761,0.6,0.6840432247491071,5.6,4.6,5.4,4.4
svm_full,signo_zodiacal_escorpio,172,0.5,0.5399999999999999,0.5294871794871795,0.64,0.5747255160298639,0.546,0.5970761544097458,6.4,5.6,4.4,3.6
svm_full,signo_zodiacal_escorpio,173,0.5,0.42000000000000004,0.42590076590076587,0.42000000000000004,0.4183947079976155,0.42000000000000004,0.5199073163678427,4.2,5.8,4.2,5.8
svm_full,signo_zodiacal_escorpio,174,0.5,0.42000000000000004,0.4181929181929182,0.4,0.39616704805491987,0.45599999999999996,0.5606476481035305,4.0,5.6,4.4,6.0
svm_full,signo_zodiacal_escorpio,175,0.5,0.51,0.514090909090909,0.43999999999999995,0.4625396825396826,0.51,0.5638137424151356,4.4,4.2,5.8,5.6
svm_full,signo_zodiacal_escorpio,176,0.5,0.5,0.4666666666666666,0.3,0.3579365079365079,0.48599999999999993,0.553208976094425,3.0,3.0,7.0,7.0
svm_full,signo_zodiacal_escorpio,177,0.5,0.53,0.5324242424242425,0.56,0.5451948051948051,0.45,0.5038862345085255,5.6,5.0,5.0,4.4
svm_full,signo_zodiacal_escorpio,178,0.5,0.6000000000000001,0.6040909090909091,0.6,0.5989853421432368,0.616,0.6622093429446371,6.0,4.0,6.0,4.0
svm_full,signo_zodiacal_escorpio,179,0.5,0.51,0.5092063492063492,0.5599999999999999,0.5238513931888545,0.5319999999999999,0.5602730771979998,5.6,5.4,4.6,4.4
svm_full,signo_zodiacal_escorpio,180,0.5,0.45,0.38666666666666666,0.27999999999999997,0.3188888888888889,0.4,0.47849789159928474,2.8,3.8,6.2,7.2
svm_full,signo_zodiacal_escorpio,181,0.5,0.54,0.5342857142857143,0.64,0.5790909090909091,0.5899999999999999,0.6085369075369076,6.4,5.6,4.4,3.6
svm_full,signo_zodiacal_escorpio,182,0.5,0.5,0.5120490620490621,0.45999999999999996,0.48088849574917686,0.544,0.6094995447449006,4.6,4.6,5.4,5.4
svm_full,signo_zodiacal_escorpio,183,0.5,0.5000000000000001,0.49480519480519475,0.45999999999999996,0.46939775910364145,0.524,0.5772715889201957,4.6,4.6,5.4,5.4
svm_full,signo_zodiacal_escorpio,184,0.5,0.41,0.40509157509157506,0.45999999999999996,0.4266635666124158,0.366,0.49553525336033066,4.6,6.4,3.6,5.4
svm_full,signo_zodiacal_escorpio,185,0.5,0.5,0.49818181818181817,0.48,0.4863492063492064,0.534,0.580500868412633,4.8,4.8,5.2,5.2
svm_full,signo_zodiacal_escorpio,186,0.5,0.51,0.5034498834498834,0.6399999999999999,0.5606915113871636,0.542,0.581048066914166,6.4,6.2,3.8,3.6
svm_full,signo_zodiacal_escorpio,187,0.5,0.62,0.6193362193362193,0.6599999999999999,0.6325358851674641,0.662,0.6750155112345515,6.6,4.2,5.8,3.4
svm_full,signo_zodiacal_escorpio,188,0.5,0.5900000000000001,0.6519480519480519,0.45999999999999996,0.5224089635854341,0.5479999999999999,0.6350641123582299,4.6,2.8,7.2,5.4
svm_full,signo_zodiacal_escorpio,189,0.5,0.4,0.4024475524475525,0.4800000000000001,0.4323246801507671,0.426,0.577504046005594,4.8,6.8,3.2,5.2
svm_full,signo_zodiacal_escorpio,190,0.5,0.5,0.5111111111111111,0.5399999999999999,0.5188793195108985,0.518,0.5820194270813465,5.4,5.4,4.6,4.6
svm_full,signo_zodiacal_escorpio,191,0.5,0.53,0.5392857142857143,0.45999999999999996,0.48578431372549014,0.524,0.5512419510314247,4.6,4.0,6.0,5.4
svm_full,signo_zodiacal_escorpio,192,0.5,0.47000000000000003,0.4746031746031746,0.5800000000000001,0.5193883919284377,0.48599999999999993,0.5672775757953776,5.8,6.4,3.6,4.2
svm_full,signo_zodiacal_escorpio,193,0.5,0.6100000000000001,0.6052287581699346,0.7,0.6410065567960304,0.6379999999999999,0.7155216999203067,7.0,4.8,5.2,3.0
svm_full,signo_zodiacal_escorpio,194,0.5,0.53,0.5257692307692308,0.4800000000000001,0.4825362318840579,0.5359999999999999,0.5693797862783931,4.8,4.2,5.8,5.2
svm_full,signo_zodiacal_escorpio,195,0.5,0.5599999999999999,0.6307142857142857,0.36000000000000004,0.450985060690943,0.568,0.6374635179062423,3.6,2.4,7.6,6.4
svm_full,signo_zodiacal_escorpio,196,0.5,0.53,0.5428571428571429,0.4600000000000001,0.4691622103386809,0.496,0.6096366895058845,4.6,4.0,6.0,5.4
svm_full,signo_zodiacal_escorpio,197,0.5,0.41000000000000003,0.40341880341880343,0.48,0.4344530892448512,0.404,0.49779578694439375,4.8,6.6,3.4,5.2
svm_full,signo_zodiacal_escorpio,198,0.5,0.41,0.3906782106782106,0.41999999999999993,0.40011646763968745,0.316,0.43009167286102273,4.2,6.0,4.0,5.8
svm_full,signo_zodiacal_escorpio,199,0.5,0.5599999999999999,0.596861471861472,0.54,0.548543776484953,0.5960000000000001,0.605319597069597,5.4,4.2,5.8,4.6
svm_full,signo_zodiacal_escorpio,200,0.5,0.55,0.5376068376068377,0.72,0.6082652282881116,0.506,0.5435473835589935,7.2,6.2,3.8,2.8
svm_full,signo_zodiacal_escorpio,201,0.5,0.54,0.5515151515151515,0.52,0.5265512265512265,0.5940000000000001,0.6470377820493918,5.2,4.4,5.6,4.8
svm_full,signo_zodiacal_escorpio,202,0.5,0.43,0.42833333333333334,0.48,0.4442222222222222,0.42800000000000005,0.5017769360842116,4.8,6.2,3.8,5.2
svm_full,signo_zodiacal_escorpio,203,0.5,0.43,0.43,0.42000000000000004,0.422955874534822,0.42800000000000005,0.532162079750315,4.2,5.6,4.4,5.8
svm_full,signo_zodiacal_escorpio,204,0.5,0.44000000000000006,0.4166233766233766,0.32,0.35249299719887955,0.49399999999999994,0.55838398529575,3.2,4.4,5.6,6.8
svm_full,signo_zodiacal_escorpio,205,0.5,0.51,0.5107503607503607,0.48,0.48972788477432444,0.506,0.5445388283886736,4.8,4.6,5.4,5.2
svm_full,signo_zodiacal_escorpio,206,0.5,0.6,0.5812587412587412,0.7200000000000001,0.6411564088085827,0.6380000000000001,0.6384408353084823,7.2,5.2,4.8,2.8
svm_full,signo_zodiacal_escorpio,207,0.5,0.44000000000000006,0.43549450549450547,0.4,0.41270815572605846,0.43200000000000005,0.5229504394813992,4.0,5.2,4.8,6.0
svm_full,signo_zodiacal_escorpio,208,0.5,0.58,0.6447619047619048,0.4600000000000001,0.5324922600619195,0.5900000000000001,0.6342623193799664,4.6,3.0,7.0,5.4
svm_full,signo_zodiacal_escorpio,209,0.5,0.58,0.570952380952381,0.6599999999999999,0.6096969696969696,0.584,0.6678459389767438,6.6,5.0,5.0,3.4
svm_full,signo_zodiacal_escorpio,210,0.5,0.55,0.5515151515151515,0.5,0.5120300751879698,0.5900000000000001,0.6163419070609473,5.0,4.0,6.0,5.0
svm_full,signo_zodiacal_escorpio,211,0.5,0.44000000000000006,0.4323076923076923,0.42000000000000004,0.40701449275362317,0.45200000000000007,0.5145491098169117,4.2,5.4,4.6,5.8
svm_full,signo_zodiacal_escorpio,212,0.5,0.53,0.5199999999999999,0.45999999999999996,0.4852046783625731,0.5740000000000001,0.6392063855477168,4.6,4.0,6.0,5.4
svm_full,signo_zodiacal_escorpio,213,0.5,0.4600000000000001,0.46007326007326005,0.5,0.4714852604657424,0.512,0.5997811802061028,5.0,5.8,4.2,5.0
svm_full,signo_zodiacal_escorpio,214,0.5,0.53,0.5533333333333335,0.44000000000000006,0.47101214574898786,0.6440000000000001,0.6459416390283262,4.4,3.8,6.2,5.6
svm_full,signo_zodiacal_escorpio,215,0.5,0.53,0.5347319347319347,0.6199999999999999,0.5706335403726708,0.508,0.5616852047161645,6.2,5.6,4.4,3.8
svm_full,signo_zodiacal_escorpio,216,0.5,0.6,0.6342857142857143,0.45999999999999996,0.5267492260061919,0.5900000000000001,0.6508332392581618,4.6,2.6,7.4,5.4
svm_full,signo_zodiacal_escorpio,217,0.5,0.4800000000000001,0.4616666666666666,0.4,0.42315789473684207,0.45,0.5176417646680804,4.0,4.4,5.6,6.0
svm_full,signo_zodiacal_escorpio,218,0.5,0.49000000000000005,0.4878632478632478,0.66,0.5563019421463358,0.522,0.6114717698881785,6.6,6.8,3.2,3.4
svm_full,signo_zodiacal_escorpio,219,0.5,0.4,0.40192307692307694,0.38,0.3839528003143564,0.382,0.5005211775668432,3.8,5.8,4.2,6.2
svm_full,signo_zodiacal_escorpio,220,0.5,0.47000000000000003,0.4797979797979798,0.45999999999999996,0.4525914786967419,0.4079999999999999,0.5031141999555312,4.6,5.2,4.8,5.4
svm_full,signo_zodiacal_escorpio,221,0.5,0.36,0.33406593406593404,0.3,0.3006697435018878,0.332,0.44278241263380586,3.0,5.8,4.2,7.0
svm_full,signo_zodiacal_escorpio,222,0.5,0.5900000000000001,0.6323809523809523,0.4,0.4886274509803922,0.6379999999999999,0.6870740838109258,4.0,2.2,7.8,6.0
svm_full,signo_zodiacal_escorpio,223,0.5,0.5,0.5077838827838829,0.4,0.4375177607274794,0.526,0.5486484522529416,4.0,4.0,6.0,6.0
svm_full,signo_zodiacal_escorpio,224,0.5,0.5,0.5180194805194805,0.5800000000000001,0.5306758600876248,0.45199999999999996,0.5599438641853502,5.8,5.8,4.2,4.2
svm_full,signo_zodiacal_escorpio,225,0.5,0.4699999999999999,0.4327777777777778,0.33999999999999997,0.3749456975772765,0.484,0.5352704784895187,3.4,4.0,6.0,6.6
svm_full,signo_zodiacal_escorpio,226,0.5,0.53,0.5264957264957266,0.58,0.548741418764302,0.542,0.6107689451071804,5.8,5.2,4.8,4.2
svm_full,signo_zodiacal_escorpio,227,0.5,0.4800000000000001,0.4767832167832168,0.5599999999999999,0.5079906566863089,0.504,0.5732209724400127,5.6,6.0,4.0,4.4
svm_full,signo_zodiacal_escorpio,228,0.5,0.49000000000000005,0.49864468864468864,0.4999999999999999,0.4930816578763813,0.45999999999999996,0.5472117600321933,5.0,5.2,4.8,5.0
svm_full,signo_zodiacal_escorpio,229,0.5,0.49000000000000005,0.48888888888888893,0.4,0.42663476874003187,0.502,0.5665170729683113,4.0,4.2,5.8,6.0
svm_full,signo_zodiacal_escorpio,230,0.5,0.58,0.5699300699300699,0.68,0.6192358366271409,0.568,0.5869050736844855,6.8,5.2,4.8,3.2
svm_full,signo_zodiacal_escorpio,231,0.5,0.6100000000000001,0.5952103452103452,0.7,0.6399893013165323,0.6460000000000001,0.6857898125266547,7.0,4.8,5.2,3.0
svm_full,signo_zodiacal_escorpio,232,0.5,0.45000000000000007,0.42180995475113114,0.5199999999999999,0.45601522471087685,0.48199999999999993,0.5664689944558365,5.2,6.2,3.8,4.8
svm_full,signo_zodiacal_escorpio,233,0.5,0.5,0.4878676878676879,0.5599999999999999,0.5170752969379971,0.4680000000000001,0.5165486925355346,5.6,5.6,4.4,4.4
svm_full,signo_zodiacal_escorpio,234,0.5,0.41,0.404040404040404,0.45999999999999996,0.4281954887218046,0.368,0.48544235872486646,4.6,6.4,3.6,5.4
svm_full,signo_zodiacal_escorpio,235,0.5,0.5,0.48388888888888887,0.33999999999999997,0.38796221322537106,0.404,0.5375362252126958,3.4,3.4,6.6,6.6
svm_full,signo_zodiacal_escorpio,236,0.5,0.48,0.4882783882783882,0.5,0.48820837259388894,0.4779999999999999,0.6010403332477635,5.0,5.4,4.6,5.0
svm_full,signo_zodiacal_escorpio,237,0.5,0.5599999999999999,0.5592640692640692,0.44000000000000006,0.47515406162464985,0.526,0.6119844403962051,4.4,3.2,6.8,5.6
svm_full,signo_zodiacal_escorpio,238,0.5,0.44000000000000006,0.45226440226440234,0.5,0.4654950122341427,0.41600000000000004,0.510131607126963,5.0,6.2,3.8,5.0
svm_full,signo_zodiacal_escorpio,239,0.5,0.5,0.5099567099567099,0.42000000000000004,0.4553000147427392,0.54,0.5975998172793838,4.2,4.2,5.8,5.8
svm_full,signo_zodiacal_escorpio,240,0.5,0.56,0.55499222999223,0.6,0.5708256147615415,0.5900000000000001,0.6308650022148473,6.0,4.8,5.2,4.0
svm_full,signo_zodiacal_escorpio,241,0.5,0.35,0.35119047619047616,0.36,0.3464912280701754,0.29200000000000004,0.4246118830429976,3.6,6.6,3.4,6.4
svm_full,signo_zodiacal_escorpio,242,0.5,0.5800000000000001,0.5582417582417583,0.7,0.6157004830917874,0.585,0.6324263894000735,7.0,5.4,4.6,3.0
svm_full,signo_zodiacal_escorpio,243,0.5,0.4800000000000001,0.4527344877344877,0.38,0.40886726620472746,0.4640000000000001,0.5299987506473574,3.8,4.2,5.8,6.2
svm_full,signo_zodiacal_escorpio,244,0.5,0.54,0.5814285714285715,0.4,0.46950980392156866,0.584,0.6811985422558177,4.0,3.2,6.8,6.0
svm_full,signo_zodiacal_escorpio,245,0.5,0.53,0.5161111111111112,0.6199999999999999,0.5552025518341308,0.542,0.5981811697074855,6.2,5.6,4.4,3.8
svm_full,signo_zodiacal_escorpio,246,0.5,0.4,0.36510822510822505,0.48,0.4132813852813853,0.352,0.4777859861157075,4.8,6.8,3.2,5.2
svm_full,signo_zodiacal_escorpio,247,0.5,0.5,0.5218614718614718,0.33999999999999997,0.4000700280112045,0.496,0.5602184384243207,3.4,3.4,6.6,6.6
svm_full,signo_zodiacal_escorpio,248,0.5,0.42000000000000004,0.41661616161616166,0.38,0.3959565580618212,0.396,0.5006164966784162,3.8,5.4,4.6,6.2
svm_full,signo_zodiacal_escorpio,249,0.5,0.55,0.5503968253968254,0.54,0.5385964912280702,0.55,0.5917791250716947,5.4,4.4,5.6,4.6
svm_full,signo_zodiacal_escorpio,250,0.5,0.42000000000000004,0.4014646464646464,0.36,0.37611528822055135,0.41800000000000004,0.5094262414572012,3.6,5.2,4.8,6.4
svm_full,signo_zodiacal_escorpio,251,0.5,0.45999999999999996,0.45777777777777773,0.42000000000000004,0.43730994152046787,0.42399999999999993,0.498808875335191,4.2,5.0,5.0,5.8
svm_full,signo_zodiacal_escorpio,252,0.5,0.5,0.49848484848484853,0.5599999999999999,0.5268398268398269,0.4600000000000001,0.5177232201922604,5.6,5.6,4.4,4.4
svm_full,signo_zodiacal_escorpio,253,0.5,0.53,0.5433333333333333,0.38,0.43393939393939396,0.534,0.6171730338804642,3.8,3.2,6.8,6.2
svm_full,signo_zodiacal_escorpio,254,0.5,0.43,0.4087662337662337,0.3,0.33669467787114843,0.417,0.48218433587396436,3.0,4.4,5.6,7.0
svm_full,signo_zodiacal_escorpio,255,0.5,0.49000000000000005,0.46560606060606063,0.38,0.41093567251461993,0.49799999999999994,0.5334201605068478,3.8,4.0,6.0,6.2
svm_full,signo_zodiacal_escorpio,256,0.5,0.49000000000000005,0.5498051948051947,0.38,0.423848308554191,0.43,0.5686238689930639,3.8,4.0,6.0,6.2
svm_full,signo_zodiacal_escorpio,257,0.5,0.4600000000000001,0.4523076923076923,0.48,0.45582151029748286,0.466,0.5333885183444007,4.8,5.6,4.4,5.2
svm_full,signo_zodiacal_escorpio,258,0.5,0.5599999999999999,0.5542424242424242,0.64,0.5905108225108225,0.542,0.5699245656304479,6.4,5.2,4.8,3.6
svm_full,signo_zodiacal_escorpio,259,0.5,0.44000000000000006,0.3968253968253968,0.28,0.31977851869492735,0.457,0.516057008351126,2.8,4.0,6.0,7.2
svm_full,signo_zodiacal_escorpio,260,0.5,0.37,0.31666666666666665,0.22000000000000003,0.2591503267973856,0.34199999999999997,0.4454637492710248,2.2,4.8,5.2,7.8
svm_full,signo_zodiacal_escorpio,261,0.5,0.41000000000000003,0.37277777777777776,0.3,0.3246570972886762,0.446,0.5214434731934732,3.0,4.8,5.2,7.0
svm_full,signo_zodiacal_escorpio,262,0.5,0.36,0.35338661338661337,0.42000000000000004,0.37749482401656315,0.31799999999999995,0.4689799045124122,4.2,7.0,3.0,5.8
svm_full,signo_zodiacal_escorpio,263,0.5,0.47000000000000003,0.4810606060606061,0.36000000000000004,0.40674603174603174,0.47000000000000003,0.5392787211068945,3.6,4.2,5.8,6.4
svm_full,signo_zodiacal_escorpio,264,0.5,0.59,0.5938661338661337,0.6,0.5917988064791133,0.587,0.6503225379711448,6.0,4.2,5.8,4.0
svm_full,signo_zodiacal_escorpio,265,0.5,0.38,0.36263736263736257,0.36,0.3516624040920716,0.35200000000000004,0.4869029720709287,3.6,6.0,4.0,6.4
svm_full,signo_zodiacal_escorpio,266,0.5,0.43,0.4435897435897436,0.52,0.4752053255668816,0.45,0.5861218887751395,5.2,6.6,3.4,4.8
svm_full,signo_zodiacal_escorpio,267,0.5,0.5199999999999999,0.585,0.4999999999999999,0.5096456292245766,0.634,0.6797247356186984,5.0,4.6,5.4,5.0
svm_full,signo_zodiacal_escorpio,268,0.5,0.53,0.5292929292929293,0.5,0.5116123642439432,0.512,0.6107405927405927,5.0,4.4,5.6,5.0
svm_full,signo_zodiacal_escorpio,269,0.5,0.53,0.5277777777777777,0.5,0.5108984582668793,0.538,0.6169240857182035,5.0,4.4,5.6,5.0
svm_full,signo_zodiacal_escorpio,270,0.5,0.5,0.5288888888888889,0.33999999999999997,0.4042105263157894,0.475,0.5756056896320054,3.4,3.4,6.6,6.6
svm_full,signo_zodiacal_escorpio,271,0.5,0.4699999999999999,0.4116161616161616,0.32,0.3461152882205514,0.45199999999999996,0.5356446064255661,3.2,3.8,6.2,6.8
svm_full,signo_zodiacal_escorpio,272,0.5,0.59,0.5650000000000001,0.6599999999999999,0.6033939393939395,0.5859999999999999,0.6435177606191538,6.6,4.8,5.2,3.4
svm_full,signo_zodiacal_escorpio,273,0.5,0.44000000000000006,0.4102564102564103,0.5199999999999999,0.45816864295125165,0.396,0.5081312043649505,5.2,6.4,3.6,4.8
svm_full,signo_zodiacal_escorpio,274,0.5,0.58,0.6123076923076922,0.5599999999999999,0.5710144927536231,0.6200000000000001,0.6431360204123362,5.6,4.0,6.0,4.4
svm_full,signo_zodiacal_escorpio,275,0.5,0.55,0.5329004329004329,0.56,0.5422057818342647,0.61,0.6500473215295196,5.6,4.6,5.4,4.4
svm_full,signo_zodiacal_escorpio,276,0.5,0.5700000000000001,0.7061111111111111,0.4,0.4765452091767881,0.584,0.663138811738657,4.0,2.6,7.4,6.0
svm_full,signo_zodiacal_escorpio,277,0.5,0.48999999999999994,0.49519230769230765,0.64,0.5516536603493125,0.45199999999999996,0.5127519425019424,6.4,6.6,3.4,3.6
svm_full,signo_zodiacal_escorpio,278,0.5,0.55,0.5259615384615385,0.7,0.5949832775919732,0.592,0.6309727463798671,7.0,6.0,4.0,3.0
svm_full,signo_zodiacal_escorpio,279,0.5,0.51,0.5113888888888889,0.5800000000000001,0.5352361673414305,0.5740000000000001,0.6540328576652106,5.8,5.6,4.4,4.2
svm_full,signo_zodiacal_escorpio,280,0.5,0.5900000000000001,0.5904584304584305,0.64,0.611959939374127,0.5860000000000001,0.6238070628202207,6.4,4.6,5.4,3.6
svm_full,signo_zodiacal_escorpio,281,0.5,0.5700000000000001,0.5633838383838383,0.44000000000000006,0.48047683310841205,0.658,0.6900259158626032,4.4,3.0,7.0,5.6
svm_full,signo_zodiacal_escorpio,282,0.5,0.4,0.41828282828282826,0.52,0.45931009341535656,0.382,0.4743861720494847,5.2,7.2,2.8,4.8
svm_full,signo_zodiacal_escorpio,283,0.5,0.53,0.5191302161890397,0.6199999999999999,0.5554446062455216,0.504,0.5705604570867728,6.2,5.6,4.4,3.8
svm_full,signo_zodiacal_escorpio,284,0.5,0.6100000000000001,0.617063492063492,0.6000000000000001,0.6023391812865497,0.5800000000000001,0.6095590408043968,6.0,3.8,6.2,4.0
svm_full,signo_zodiacal_escorpio,285,0.5,0.48999999999999994,0.5117715617715618,0.5199999999999999,0.5064370412196498,0.484,0.5617056015879546,5.2,5.4,4.6,4.8
svm_full,signo_zodiacal_escorpio,286,0.5,0.44000000000000006,0.4454729584141349,0.62,0.5140242393423172,0.41200000000000003,0.5010642609024962,6.2,7.4,2.6,3.8
svm_full,signo_zodiacal_escorpio,287,0.5,0.42000000000000004,0.41222222222222227,0.44000000000000006,0.42065497076023395,0.43199999999999994,0.48965788580184866,4.4,6.0,4.0,5.6
svm_full,signo_zodiacal_escorpio,288,0.5,0.52,0.4981684981684982,0.54,0.5122322973985378,0.5560000000000002,0.6055732964146276,5.4,5.0,5.0,4.6
svm_full,signo_zodiacal_escorpio,289,0.5,0.37,0.35820512820512823,0.25999999999999995,0.2773429951690821,0.322,0.4577210495902446,2.6,5.2,4.8,7.4
svm_full,signo_zodiacal_escorpio,290,0.5,0.5000000000000001,0.47826007326007325,0.4800000000000001,0.46424325092355784,0.442,0.5321965479480959,4.8,4.8,5.2,5.2
svm_full,signo_zodiacal_escorpio,291,0.5,0.47000000000000003,0.47329004329004326,0.45999999999999996,0.46305121091498797,0.472,0.5868502343030206,4.6,5.2,4.8,5.4
svm_full,signo_zodiacal_escorpio,292,0.5,0.48999999999999994,0.5002442002442002,0.44000000000000006,0.4591465876968637,0.476,0.5453113018732214,4.4,4.6,5.4,5.6
svm_full,signo_zodiacal_escorpio,293,0.5,0.5,0.5208333333333333,0.6399999999999999,0.5685535517114465,0.49499999999999994,0.5495226734050263,6.4,6.4,3.6,3.6
svm_full,signo_zodiacal_escorpio,294,0.5,0.49000000000000005,0.4851082251082251,0.52,0.4931221458280282,0.504,0.559207716518088,5.2,5.4,4.6,4.8
svm_full,signo_zodiacal_escorpio,295,0.5,0.52,0.5281746031746032,0.42000000000000004,0.46721706226350185,0.48200000000000004,0.5999620667430265,4.2,3.8,6.2,5.8
svm_full,signo_zodiacal_escorpio,296,0.5,0.4600000000000001,0.4511965811965812,0.43999999999999995,0.44189168573607934,0.476,0.5826286409668763,4.4,5.2,4.8,5.6
svm_full,signo_zodiacal_escorpio,297,0.5,0.4,0.39305555555555555,0.4,0.3883940620782726,0.488,0.5738394116203713,4.0,6.0,4.0,6.0
svm_full,signo_zodiacal_escorpio,298,0.5,0.37,0.3752380952380952,0.41999999999999993,0.38637433155080214,0.286,0.41501016166496046,4.2,6.8,3.2,5.8
svm_full,signo_zodiacal_escorpio,299,0.5,0.45999999999999996,0.4799286987522282,0.64,0.542941798941799,0.426,0.5088992684302281,6.4,7.2,2.8,3.6
svm_full,signo_zodiacal_escorpio,300,0.5,0.51,0.49958041958041954,0.38,0.4053002070393374,0.524,0.5620867641130799,3.8,3.6,6.4,6.2
svm_full,signo_zodiacal_escorpio,301,0.5,0.53,0.517979797979798,0.5399999999999999,0.5174962406015038,0.5200000000000001,0.5692032248796954,5.4,4.8,5.2,4.6
svm_full,signo_zodiacal_escorpio,302,0.5,0.52,0.5305555555555556,0.48,0.5014354066985647,0.472,0.5299127714390872,4.8,4.4,5.6,5.2
svm_full,signo_zodiacal_escorpio,303,0.5,0.4,0.41988095238095247,0.5799999999999998,0.48349650349650347,0.296,0.44283882010662196,5.8,7.8,2.2,4.2
svm_full,signo_zodiacal_escorpio,304,0.5,0.43000000000000005,0.45006660006660004,0.5,0.4664967172639806,0.376,0.4757944212650095,5.0,6.4,3.6,5.0
svm_full,signo_zodiacal_escorpio,305,0.5,0.49000000000000005,0.4721500721500721,0.44000000000000006,0.4514816452896948,0.548,0.5821995849008232,4.4,4.6,5.4,5.6
svm_full,signo_zodiacal_escorpio,306,0.5,0.51,0.505,0.38,0.42915032679738563,0.48500000000000004,0.5689965481714707,3.8,3.6,6.4,6.2
svm_full,signo_zodiacal_escorpio,307,0.5,0.42000000000000004,0.4137301587301588,0.4,0.3995562435500516,0.39,0.48927111003891194,4.0,5.6,4.4,6.0
svm_full,signo_zodiacal_escorpio,308,0.5,0.56,0.5885353535353536,0.48,0.5191979949874688,0.574,0.6190039655906527,4.8,3.6,6.4,5.2
svm_full,signo_zodiacal_escorpio,309,0.5,0.5599999999999999,0.5565656565656566,0.52,0.5354218880534669,0.557,0.6067801930611527,5.2,4.0,6.0,4.8
svm_full,signo_zodiacal_escorpio,310,0.5,0.5,0.5056410256410256,0.42000000000000004,0.4428064727034978,0.5200000000000001,0.5397562308692339,4.2,4.2,5.8,5.8
svm_full,signo_zodiacal_escorpio,311,0.5,0.5000000000000001,0.4975024975024975,0.5599999999999999,0.5223929388689114,0.49899999999999994,0.5742857908345524,5.6,5.6,4.4,4.4
svm_full,signo_zodiacal_escorpio,312,0.5,0.47000000000000003,0.4966666666666667,0.52,0.47010989010989,0.38,0.4837389054873575,5.2,5.8,4.2,4.8
svm_full,signo_zodiacal_escorpio,313,0.5,0.47000000000000003,0.4616161616161616,0.38,0.408734335839599,0.466,0.5922036578832244,3.8,4.4,5.6,6.2
svm_full,signo_zodiacal_escorpio,314,0.5,0.61,0.6076923076923076,0.64,0.6166886253842776,0.6440000000000001,0.7087082927392524,6.4,4.2,5.8,3.6
svm_full,signo_zodiacal_escorpio,315,0.5,0.48,0.48629370629370633,0.5599999999999999,0.5097163561076605,0.534,0.5966154919212194,5.6,6.0,4.0,4.4
svm_full,signo_zodiacal_escorpio,316,0.5,0.54,0.516978021978022,0.68,0.5824057971014492,0.512,0.5513357646825139,6.8,6.0,4.0,3.2
svm_full,signo_zodiacal_escorpio,317,0.5,0.41999999999999993,0.4023809523809524,0.4,0.3963723926572224,0.458,0.571987762839156,4.0,5.6,4.4,6.0
svm_full,signo_zodiacal_escorpio,318,0.5,0.54,0.543076923076923,0.54,0.5202173913043479,0.5279999999999999,0.5438939726424247,5.4,4.6,5.4,4.6
svm_full,signo_zodiacal_escorpio,319,0.5,0.45,0.4398809523809524,0.4,0.4060583207642031,0.414,0.5518485167223557,4.0,5.0,5.0,6.0
svm_full,signo_zodiacal_escorpio,320,0.5,0.54,0.5605194805194805,0.43999999999999995,0.4814939309056956,0.578,0.5922013064335045,4.4,3.6,6.4,5.6
svm_full,signo_zodiacal_escorpio,321,0.5,0.45999999999999996,0.4518954248366013,0.5,0.4628725855041644,0.479,0.5442157354169738,5.0,5.8,4.2,5.0
svm_full,signo_zodiacal_escorpio,322,0.5,0.51,0.5032167832167833,0.6799999999999999,0.5757537534928839,0.506,0.5457933471757002,6.8,6.6,3.4,3.2
svm_full,signo_zodiacal_escorpio,323,0.5,0.43,0.4334731934731935,0.5,0.4518757763975155,0.42200000000000004,0.5264467754467754,5.0,6.4,3.6,5.0
svm_full,signo_zodiacal_escorpio,324,0.5,0.5800000000000001,0.571111111111111,0.5800000000000001,0.5738755980861244,0.5959999999999999,0.6540427878794752,5.8,4.2,5.8,4.2
svm_full,signo_zodiacal_escorpio,325,0.5,0.45,0.4532828282828283,0.36,0.39181286549707595,0.45999999999999996,0.5467716733730665,3.6,4.6,5.4,6.4
svm_full,signo_zodiacal_escorpio,326,0.5,0.62,0.6129564879564879,0.62,0.6114924993643529,0.64,0.6582657142479124,6.2,3.8,6.2,3.8
svm_full,signo_zodiacal_escorpio,327,0.5,0.48999999999999994,0.4624242424242424,0.38,0.4073015873015873,0.512,0.6108393550893549,3.8,4.0,6.0,6.2
svm_full,signo_zodiacal_escorpio,328,0.5,0.6,0.5998917748917748,0.5999999999999999,0.5931075460487225,0.6059999999999999,0.674946655082104,6.0,4.0,6.0,4.0
svm_full,signo_zodiacal_escorpio,329,0.5,0.58,0.5815584415584415,0.5599999999999999,0.5674509803921569,0.623,0.6596899473075943,5.6,4.0,6.0,4.4
svm_full,signo_zodiacal_escorpio,330,0.5,0.53,0.5257575757575758,0.52,0.5193362193362192,0.492,0.5621160059410832,5.2,4.6,5.4,4.8
svm_full,signo_zodiacal_escorpio,331,0.5,0.5,0.49333333333333335,0.5800000000000001,0.5297033492822967,0.458,0.5289410799898416,5.8,5.8,4.2,4.2
svm_full,signo_zodiacal_escorpio,332,0.5,0.53,0.5876190476190477,0.34,0.40569939864057514,0.546,0.6200151967915125,3.4,2.8,7.2,6.6
svm_full,signo_zodiacal_escorpio,333,0.5,0.45,0.4216666666666667,0.36,0.3790909090909091,0.374,0.4629286563110092,3.6,4.6,5.4,6.4
svm_full,signo_zodiacal_escorpio,334,0.5,0.53,0.5444444444444445,0.44000000000000006,0.47824295587453475,0.472,0.5555997542189492,4.4,3.8,6.2,5.6
svm_full,signo_zodiacal_escorpio,335,0.5,0.58,0.6242857142857143,0.45999999999999996,0.5169459298871063,0.658,0.7009635511547275,4.6,3.0,7.0,5.4
svm_full,signo_zodiacal_escorpio,336,0.5,0.49000000000000005,0.49111111111111116,0.38,0.42175438596491227,0.514,0.5234307981320365,3.8,4.0,6.0,6.2
svm_full,signo_zodiacal_escorpio,337,0.5,0.4,0.35277777777777775,0.28,0.3100877192982456,0.341,0.4342507986509534,2.8,4.8,5.2,7.2
svm_full,signo_zodiacal_escorpio,338,0.5,0.45,0.43860139860139863,0.44000000000000006,0.4303105590062112,0.42200000000000004,0.5384308114486134,4.4,5.4,4.6,5.6
svm_full,signo_zodiacal_escorpio,339,0.5,0.33,0.33535353535353535,0.38,0.3533433583959899,0.30800000000000005,0.4685546445298767,3.8,7.2,2.8,6.2
svm_full,signo_zodiacal_escorpio,340,0.5,0.47000000000000003,0.48769230769230765,0.45999999999999996,0.46335529205094417,0.4680000000000001,0.5444570043819269,4.6,5.2,4.8,5.4
svm_full,signo_zodiacal_escorpio,341,0.5,0.55,0.5540909090909091,0.56,0.5544877344877344,0.5840000000000001,0.6549133258382485,5.6,4.6,5.4,4.4
svm_full,signo_zodiacal_escorpio,342,0.5,0.52,0.5238888888888888,0.56,0.5342307283359915,0.57,0.6431662879604055,5.6,5.2,4.8,4.4
svm_full,signo_zodiacal_escorpio,343,0.5,0.56,0.5598989898989899,0.52,0.5280747322852586,0.5820000000000001,0.6258976182915811,5.2,4.0,6.0,4.8
svm_full,signo_zodiacal_escorpio,344,0.5,0.45,0.44733044733044736,0.33999999999999997,0.3809892378003833,0.506,0.5487282886532111,3.4,4.4,5.6,6.6
svm_full,signo_zodiacal_escorpio,345,0.5,0.43,0.40952380952380957,0.32,0.35580495356037156,0.45200000000000007,0.5107928158013297,3.2,4.6,5.4,6.8
svm_full,signo_zodiacal_escorpio,346,0.5,0.5,0.5307575757575758,0.5399999999999999,0.5116190476190476,0.48,0.5637664645296224,5.4,5.4,4.6,4.6
svm_full,signo_zodiacal_escorpio,347,0.5,0.53,0.546025641025641,0.48,0.5017391304347826,0.514,0.5947771929652734,4.8,4.2,5.8,5.2
svm_full,signo_zodiacal_escorpio,348,0.5,0.5700000000000001,0.6056349206349206,0.5199999999999999,0.5460213278293774,0.6140000000000001,0.658385297708827,5.2,3.8,6.2,4.8
svm_full,signo_zodiacal_escorpio,349,0.5,0.44000000000000006,0.3686868686868687,0.36,0.3636591478696742,0.39,0.47396432325844096,3.6,4.8,5.2,6.4
svm_full,signo_zodiacal_escorpio,350,0.5,0.5,0.4946886446886447,0.45999999999999996,0.46691467100674267,0.522,0.5796601715278186,4.6,4.6,5.4,5.4
svm_full,signo_zodiacal_escorpio,351,0.5,0.43,0.4354778554778555,0.52,0.4691333685384029,0.39200000000000007,0.5009022844200863,5.2,6.6,3.4,4.8
svm_full,signo_zodiacal_escorpio,352,0.5,0.49000000000000005,0.4895104895104895,0.47999999999999987,0.47610420979986195,0.454,0.5130436416009172,4.8,5.0,5.0,5.2
svm_full,signo_zodiacal_escorpio,353,0.5,0.5900000000000001,0.5976923076923077,0.64,0.6117391304347827,0.6340000000000001,0.672726892990051,6.4,4.6,5.4,3.6
svm_full,signo_zodiacal_escorpio,354,0.5,0.49000000000000005,0.48181818181818176,0.5399999999999999,0.5081795397584872,0.484,0.5822880940868556,5.4,5.6,4.4,4.6
svm_full,signo_zodiacal_escorpio,355,0.5,0.4699999999999999,0.4666666666666666,0.48,0.4726817042606516,0.506,0.5973270211900242,4.8,5.4,4.6,5.2
svm_full,signo_zodiacal_escorpio,356,0.5,0.51,0.4476923076923077,0.38,0.36842044911610133,0.5459999999999999,0.5948229729506819,3.8,3.6,6.4,6.2
svm_full,signo_zodiacal_escorpio,357,0.5,0.5900000000000001,0.6128138528138528,0.62,0.5948872180451128,0.5599999999999999,0.6357226476653721,6.2,4.4,5.6,3.8
svm_full,signo_zodiacal_escorpio,358,0.5,0.5,0.5031818181818182,0.48,0.4885714285714286,0.552,0.5946392006686124,4.8,4.8,5.2,5.2
svm_full,signo_zodiacal_escorpio,359,0.5,0.5199999999999999,0.5046464646464647,0.52,0.5102134123186755,0.508,0.5741457884221042,5.2,4.8,5.2,4.8
svm_full,signo_zodiacal_escorpio,360,0.5,0.5700000000000001,0.5466378066378066,0.5,0.5177605779153767,0.5780000000000001,0.5853153666079363,5.0,3.6,6.4,5.0
svm_full,signo_zodiacal_escorpio,361,0.5,0.6,0.59998445998446,0.6799999999999999,0.6320971995205406,0.632,0.6493305170921271,6.8,4.8,5.2,3.2
svm_full,signo_zodiacal_escorpio,362,0.5,0.45999999999999996,0.46904761904761905,0.56,0.5095238095238095,0.4600000000000001,0.5855423937088023,5.6,6.4,3.6,4.4
svm_full,signo_zodiacal_escorpio,363,0.5,0.5,0.4950854700854701,0.4999999999999999,0.49243926680997624,0.496,0.5942453457275437,5.0,5.0,5.0,5.0
svm_full,signo_zodiacal_escorpio,364,0.5,0.48,0.486060606060606,0.56,0.5137460317460317,0.46799999999999997,0.5554108381298783,5.6,6.0,4.0,4.4
svm_full,signo_zodiacal_escorpio,365,0.5,0.5700000000000001,0.605,0.4,0.47111111111111115,0.594,0.6544026169908522,4.0,2.6,7.4,6.0
svm_full,signo_zodiacal_escorpio,366,0.5,0.5,0.5075757575757576,0.6199999999999999,0.5524629756208703,0.488,0.5322229633111986,6.2,6.2,3.8,3.8
svm_full,signo_zodiacal_escorpio,367,0.5,0.5,0.48379120879120874,0.48,0.474365134723191,0.558,0.5905504376944005,4.8,4.8,5.2,5.2
svm_full,signo_zodiacal_escorpio,368,0.5,0.45999999999999996,0.46349206349206346,0.38,0.41246755480501607,0.446,0.5213802461728159,3.8,4.6,5.4,6.2
svm_full,signo_zodiacal_escorpio,369,0.5,0.44000000000000006,0.4587087912087912,0.48,0.4576553653791505,0.368,0.4741864432437188,4.8,6.0,4.0,5.2
svm_full,signo_zodiacal_escorpio,370,0.5,0.4800000000000001,0.4800000000000001,0.52,0.495231259968102,0.47400000000000003,0.5571201396642573,5.2,5.6,4.4,4.8
svm_full,signo_zodiacal_escorpio,371,0.5,0.4600000000000001,0.41714285714285715,0.36,0.3831991744066047,0.469,0.5391775528393176,3.6,4.4,5.6,6.4
svm_full,signo_zodiacal_escorpio,372,0.5,0.4,0.36571428571428577,0.38,0.3633054070112894,0.406,0.5116174493720933,3.8,5.8,4.2,6.2
svm_full,signo_zodiacal_escorpio,373,0.5,0.47000000000000003,0.47901764901764904,0.5,0.4836602783405852,0.426,0.5243962332816821,5.0,5.6,4.4,5.0
svm_full,signo_zodiacal_escorpio,374,0.5,0.45999999999999996,0.4515966386554622,0.54,0.4703333333333333,0.49000000000000005,0.5780136540446137,5.4,6.2,3.8,4.6
svm_full,signo_zodiacal_escorpio,375,0.5,0.47000000000000003,0.486060606060606,0.38,0.4133333333333333,0.48200000000000004,0.5823832103568946,3.8,4.4,5.6,6.2
svm_full,signo_zodiacal_escorpio,376,0.5,0.52,0.5193650793650794,0.5599999999999999,0.5263488132094943,0.5379999999999999,0.5845179885474003,5.6,5.2,4.8,4.4
svm_full,signo_zodiacal_escorpio,377,0.5,0.5,0.49864468864468864,0.68,0.5746482213438735,0.53,0.6078481338922516,6.8,6.8,3.2,3.2
svm_full,signo_zodiacal_escorpio,378,0.5,0.47000000000000003,0.46370471633629523,0.48,0.4494156283202937,0.46799999999999997,0.5095442118940572,4.8,5.4,4.6,5.2
svm_full,signo_zodiacal_escorpio,379,0.5,0.47000000000000003,0.46111111111111114,0.45999999999999996,0.45390179995443153,0.462,0.5647313062754239,4.6,5.2,4.8,5.4
svm_full,signo_zodiacal_escorpio,380,0.5,0.53,0.5079120879120879,0.5599999999999999,0.5279283887468031,0.562,0.6359638831240998,5.6,5.0,5.0,4.4
svm_full,signo_zodiacal_escorpio,381,0.5,0.41000000000000003,0.4018650793650794,0.45999999999999996,0.4176283242041755,0.292,0.4248216542659267,4.6,6.4,3.6,5.4
svm_full,signo_zodiacal_escorpio,382,0.5,0.54,0.5516233766233766,0.4800000000000001,0.5102707749766573,0.5599999999999999,0.6135352882411705,4.8,4.0,6.0,5.2
svm_full,signo_zodiacal_escorpio,383,0.5,0.54,0.5307692307692308,0.6199999999999999,0.5703933747412008,0.546,0.5795665414736622,6.2,5.4,4.6,3.8
svm_full,signo_zodiacal_escorpio,384,0.5,0.5,0.5131652661064425,0.5,0.4870865517924342,0.4720000000000001,0.5817276257454276,5.0,5.0,5.0,5.0
svm_full,signo_zodiacal_escorpio,385,0.5,0.5399999999999999,0.5326923076923077,0.66,0.5799271646228169,0.5599999999999999,0.5763353374351827,6.6,5.8,4.2,3.4
svm_full,signo_zodiacal_escorpio,386,0.5,0.36,0.31626984126984126,0.28,0.2929300747412203,0.328,0.45712222297826016,2.8,5.6,4.4,7.2
svm_full,signo_zodiacal_escorpio,387,0.5,0.5599999999999999,0.561025641025641,0.5800000000000001,0.5597215865751335,0.512,0.6169669034096278,5.8,4.6,5.4,4.2
svm_full,signo_zodiacal_escorpio,388,0.5,0.55,0.5642857142857143,0.44000000000000006,0.4852792632204396,0.552,0.5930049019607843,4.4,3.4,6.6,5.6
svm_full,signo_zodiacal_escorpio,389,0.5,0.45,0.46216450216450217,0.5399999999999999,0.48934746072341984,0.542,0.632174128760816,5.4,6.4,3.6,4.6
svm_full,signo_zodiacal_escorpio,390,0.5,0.41,0.35214285714285715,0.22000000000000003,0.2687254901960784,0.354,0.4429357433931737,2.2,4.0,6.0,7.8
svm_full,signo_zodiacal_escorpio,391,0.5,0.5700000000000001,0.5804473304473304,0.5,0.5338837289301686,0.53,0.5295873260726202,5.0,3.6,6.4,5.0
svm_full,signo_zodiacal_escorpio,392,0.5,0.61,0.5983882783882783,0.7,0.6405186880244089,0.622,0.6630628142067772,7.0,4.8,5.2,3.0
svm_full,signo_zodiacal_escorpio,393,0.5,0.5399999999999999,0.5487179487179487,0.6399999999999999,0.5843873517786562,0.56,0.6251079280196927,6.4,5.6,4.4,3.6
svm_full,signo_zodiacal_escorpio,394,0.5,0.4699999999999999,0.47404761904761905,0.44000000000000006,0.4526084373143197,0.502,0.5822420171847417,4.4,5.0,5.0,5.6
svm_full,signo_zodiacal_escorpio,395,0.5,0.55,0.5983333333333334,0.48,0.5033968253968254,0.528,0.5928618601900336,4.8,3.8,6.2,5.2
svm_full,signo_zodiacal_escorpio,396,0.5,0.5,0.5026190476190476,0.36,0.4141176470588236,0.392,0.48080047077105903,3.6,3.6,6.4,6.4
svm_full,signo_zodiacal_escorpio,397,0.5,0.57,0.5772727272727273,0.5399999999999999,0.5555555555555556,0.638,0.6809264895750964,5.4,4.0,6.0,4.6
svm_full,signo_zodiacal_escorpio,398,0.5,0.34,0.24761904761904763,0.16,0.19411764705882353,0.316,0.44291372825660746,1.6,4.8,5.2,8.4
svm_full,signo_zodiacal_escorpio,399,0.5,0.45,0.4666666666666667,0.54,0.4788811188811189,0.33999999999999997,0.45389660545852495,5.4,6.4,3.6,4.6
svm_full,signo_zodiacal_escorpio,400,0.5,0.52,0.560952380952381,0.32,0.40108506560518953,0.5479999999999999,0.595980842686725,3.2,2.8,7.2,6.8
svm_full,signo_zodiacal_escorpio,401,0.5,0.53,0.5572727272727273,0.4,0.4533333333333333,0.588,0.6156067876052396,4.0,3.4,6.6,6.0
svm_full,signo_zodiacal_escorpio,402,0.5,0.57,0.6214285714285714,0.48,0.534863339275104,0.5920000000000001,0.6882313427886182,4.8,3.4,6.6,5.2
svm_full,signo_zodiacal_escorpio,403,0.5,0.55,0.5666666666666667,0.45999999999999996,0.5046783625730994,0.5980000000000001,0.664420569196885,4.6,3.6,6.4,5.4
svm_full,signo_zodiacal_escorpio,404,0.5,0.53,0.53,0.58,0.5483827751196172,0.536,0.6002256175197351,5.8,5.2,4.8,4.2
svm_full,signo_zodiacal_escorpio,405,0.5,0.5,0.49632034632034633,0.5199999999999999,0.4987639553429027,0.568,0.6068030570220972,5.2,5.2,4.8,4.8
svm_full,signo_zodiacal_escorpio,406,0.5,0.47000000000000003,0.4607142857142857,0.44000000000000006,0.44634581105169335,0.41200000000000003,0.5066704600868688,4.4,5.0,5.0,5.6
svm_full,signo_zodiacal_escorpio,407,0.5,0.35,0.3306410256410257,0.4,0.35792358366271404,0.316,0.42976531088450587,4.0,7.0,3.0,6.0
svm_full,signo_zodiacal_escorpio,408,0.5,0.45999999999999996,0.4781196581196582,0.5,0.47218154080854313,0.518,0.5949868742368742,5.0,5.8,4.2,5.0
svm_full,signo_zodiacal_escorpio,409,0.5,0.43,0.45269926152279094,0.52,0.4740118269530035,0.46699999999999997,0.5695464068095646,5.2,6.6,3.4,4.8
svm_full,signo_zodiacal_escorpio,410,0.5,0.54,0.5307692307692308,0.62,0.5679402722880983,0.602,0.651631903012708,6.2,5.4,4.6,3.8
svm_full,signo_zodiacal_escorpio,411,0.5,0.43,0.39880952380952384,0.26,0.3097572362278245,0.39,0.4748924588483412,2.6,4.0,6.0,7.4
svm_full,signo_zodiacal_escorpio,412,0.5,0.41000000000000003,0.4196381396381397,0.48,0.4447488285932222,0.40499999999999997,0.5006108440063549,4.8,6.6,3.4,5.2
svm_full,signo_zodiacal_escorpio,413,0.5,0.55,0.55,0.56,0.554066985645933,0.5730000000000001,0.6475975962462031,5.6,4.6,5.4,4.4
svm_full,signo_zodiacal_escorpio,414,0.5,0.49000000000000005,0.46341880341880337,0.48,0.4653685597392691,0.4840000000000001,0.529394132011779,4.8,5.0,5.0,5.2
svm_full,signo_zodiacal_escorpio,415,0.5,0.4,0.41162393162393157,0.44000000000000006,0.42233409610983974,0.348,0.44967468968939556,4.4,6.4,3.6,5.6
svm_full,signo_zodiacal_escorpio,416,0.5,0.49000000000000005,0.5016666666666667,0.54,0.5056868686868687,0.5160000000000001,0.5944885129490393,5.4,5.6,4.4,4.6
svm_full,signo_zodiacal_escorpio,417,0.5,0.44000000000000006,0.4435897435897436,0.36,0.3734949832775919,0.41400000000000003,0.5178820742381114,3.6,4.8,5.2,6.4
svm_full,signo_zodiacal_escorpio,418,0.5,0.48999999999999994,0.49499999999999994,0.48,0.4807843137254902,0.532,0.6058253943339083,4.8,5.0,5.0,5.2
svm_full,signo_zodiacal_escorpio,419,0.5,0.6100000000000001,0.7188888888888888,0.4,0.47039872408293454,0.6060000000000001,0.680242941269257,4.0,1.8,8.2,6.0
svm_full,signo_zodiacal_escorpio,420,0.5,0.44000000000000006,0.44363636363636366,0.54,0.4835964035964036,0.40800000000000003,0.4760004244121891,5.4,6.6,3.4,4.6
svm_full,signo_zodiacal_escorpio,421,0.5,0.47000000000000003,0.47145299145299147,0.62,0.5315148741418765,0.442,0.5259127908555152,6.2,6.8,3.2,3.8
svm_full,signo_zodiacal_escorpio,422,0.5,0.41999999999999993,0.32087912087912085,0.32,0.31735092206218873,0.40800000000000003,0.5460970146984078,3.2,4.8,5.2,6.8
svm_full,signo_zodiacal_escorpio,423,0.5,0.5900000000000001,0.6642857142857143,0.4,0.46946729740847387,0.5700000000000001,0.6493220766161942,4.0,2.2,7.8,6.0
svm_full,signo_zodiacal_escorpio,424,0.5,0.5,0.5531746031746032,0.34,0.4120583321047717,0.476,0.5642353198057531,3.4,3.4,6.6,6.6
svm_full,signo_zodiacal_escorpio,425,0.5,0.5200000000000001,0.5072727272727272,0.44000000000000006,0.4604634581105169,0.55,0.5974594098711745,4.4,4.0,6.0,5.6
svm_full,signo_zodiacal_escorpio,426,0.5,0.5,0.49376623376623374,0.42000000000000004,0.43621848739495805,0.56,0.5935648034456084,4.2,4.2,5.8,5.8
svm_full,signo_zodiacal_escorpio,427,0.5,0.54,0.5533333333333333,0.45999999999999996,0.49058213716108445,0.572,0.6099230922156619,4.6,3.8,6.2,5.4
svm_full,signo_zodiacal_escorpio,428,0.5,0.55,0.5366244866244866,0.6399999999999999,0.5808414316423469,0.6040000000000001,0.6726185372934598,6.4,5.4,4.6,3.6
svm_full,signo_zodiacal_escorpio,429,0.5,0.47000000000000003,0.4723076923076923,0.5,0.48276052449965484,0.5040000000000001,0.5660714824391295,5.0,5.6,4.4,5.0
svm_full,signo_zodiacal_escorpio,430,0.5,0.49000000000000005,0.4809523809523809,0.68,0.5562051983104614,0.41400000000000003,0.4779131156940755,6.8,7.0,3.0,3.2
svm_full,signo_zodiacal_escorpio,431,0.5,0.53,0.4875091575091576,0.5,0.48468573200031007,0.5519999999999999,0.5426353064719939,5.0,4.4,5.6,5.0
svm_full,signo_zodiacal_escorpio,432,0.5,0.5800000000000001,0.5985353535353535,0.52,0.5506599832915622,0.592,0.6123810896705633,5.2,3.6,6.4,4.8
svm_full,signo_zodiacal_escorpio,433,0.5,0.5700000000000001,0.5805555555555555,0.44000000000000006,0.47410951621477937,0.592,0.5925864762172812,4.4,3.0,7.0,5.6
svm_full,signo_zodiacal_escorpio,434,0.5,0.56,0.5761904761904763,0.4,0.46618507051943575,0.668,0.6612746665099605,4.0,2.8,7.2,6.0
svm_full,signo_zodiacal_escorpio,435,0.5,0.45,0.4621274150685915,0.62,0.5244681752690906,0.442,0.5205601179865885,6.2,7.2,2.8,3.8
svm_full,signo_zodiacal_escorpio,436,0.5,0.6,0.6133766233766234,0.54,0.57062558356676,0.6020000000000001,0.6352272335507629,5.4,3.4,6.6,4.6
svm_full,signo_zodiacal_escorpio,437,0.5,0.49000000000000005,0.4723809523809523,0.4,0.43006191950464395,0.558,0.6086655001345403,4.0,4.2,5.8,6.0
svm_full,signo_zodiacal_escorpio,438,0.5,0.45,0.46619981325863674,0.66,0.5365079365079365,0.4659999999999999,0.5541400811091213,6.6,7.6,2.4,3.4
svm_full,signo_zodiacal_escorpio,439,0.5,0.43,0.4107142857142857,0.32,0.3566993464052287,0.398,0.49734568536039114,3.2,4.6,5.4,6.8
svm_full,signo_zodiacal_escorpio,440,0.5,0.55,0.5917460317460318,0.42000000000000004,0.48630202958376334,0.5339999999999999,0.6312180868666937,4.2,3.2,6.8,5.8
svm_full,signo_zodiacal_escorpio,441,0.5,0.5200000000000001,0.46337662337662333,0.38,0.4084033613445378,0.502,0.5384662549352952,3.8,3.4,6.6,6.2
svm_full,signo_zodiacal_escorpio,442,0.5,0.6200000000000001,0.6628571428571429,0.48,0.5309558552902206,0.5960000000000001,0.6353213981580854,4.8,2.4,7.6,5.2
svm_full,signo_zodiacal_escorpio,443,0.5,0.53,0.5357142857142857,0.6399999999999999,0.5796754732681506,0.528,0.5912794772307155,6.4,5.8,4.2,3.6
svm_full,signo_zodiacal_escorpio,444,0.5,0.5199999999999999,0.5009523809523809,0.42000000000000004,0.4448868778280543,0.48,0.5161433943593386,4.2,3.8,6.2,5.8
svm_full,signo_zodiacal_escorpio,445,0.5,0.41000000000000003,0.4277888777888778,0.52,0.4683418031244118,0.37,0.5163896336721414,5.2,7.0,3.0,4.8
svm_full,signo_zodiacal_escorpio,446,0.5,0.48,0.47608974358974354,0.62,0.5334180602006688,0.5239999999999998,0.5898651364974895,6.2,6.6,3.4,3.8
svm_full,signo_zodiacal_escorpio,447,0.5,0.5199999999999999,0.5136796536796536,0.64,0.5589747899159664,0.5820000000000001,0.6255472213544968,6.4,6.0,4.0,3.6
svm_full,signo_zodiacal_escorpio,448,0.5,0.5900000000000001,0.5752447552447553,0.6799999999999999,0.6216374929418408,0.608,0.6514348321097547,6.8,5.0,5.0,3.2
svm_full,signo_zodiacal_escorpio,449,0.5,0.41000000000000003,0.3654978354978355,0.34,0.3355388471177944,0.398,0.5034360280242633,3.4,5.2,4.8,6.6
svm_full,signo_zodiacal_escorpio,450,0.5,0.5200000000000001,0.5353535353535354,0.45999999999999996,0.489390142021721,0.514,0.5723734125351773,4.6,4.2,5.8,5.4
svm_full,signo_zodiacal_escorpio,451,0.5,0.53,0.5407070707070707,0.52,0.5280200501253133,0.5640000000000001,0.6108934568183795,5.2,4.6,5.4,4.8
svm_full,signo_zodiacal_escorpio,452,0.5,0.5599999999999999,0.5691086691086691,0.5,0.5239945558696399,0.5359999999999999,0.6172949899257948,5.0,3.8,6.2,5.0
svm_full,signo_zodiacal_escorpio,453,0.5,0.4600000000000001,0.44761904761904764,0.4,0.4178816024017262,0.446,0.5293519623651203,4.0,4.8,5.2,6.0
svm_full,signo_zodiacal_escorpio,454,0.5,0.49000000000000005,0.49988344988344996,0.56,0.5259017107987359,0.5660000000000001,0.6524888547125389,5.6,5.8,4.2,4.4
svm_full,signo_zodiacal_escorpio,455,0.5,0.41,0.39939393939393936,0.39999999999999997,0.39528138528138523,0.36400000000000005,0.48267517879437377,4.0,5.8,4.2,6.0
svm_full,signo_zodiacal_escorpio,456,0.5,0.54,0.5343589743589743,0.6799999999999999,0.5958260869565218,0.538,0.5796800215608264,6.8,6.0,4.0,3.2
svm_full,signo_zodiacal_escorpio,457,0.5,0.42000000000000004,0.4206349206349206,0.45999999999999996,0.4341401632423304,0.41,0.499883774292443,4.6,6.2,3.8,5.4
svm_full,signo_zodiacal_escorpio,458,0.5,0.5299999999999999,0.5216666666666667,0.54,0.5075555555555555,0.5080000000000001,0.5712217957481114,5.4,4.8,5.2,4.6
svm_full,signo_zodiacal_escorpio,459,0.5,0.49000000000000005,0.49470529470529473,0.45999999999999996,0.46704725368408234,0.546,0.6279220099645796,4.6,4.8,5.2,5.4
svm_full,signo_zodiacal_escorpio,460,0.5,0.53,0.5339743589743591,0.58,0.551822573561704,0.5039999999999999,0.5442142097668414,5.8,5.2,4.8,4.2
svm_full,signo_zodiacal_escorpio,461,0.5,0.4600000000000001,0.47595238095238096,0.36,0.4024004753416518,0.392,0.5051135300887623,3.6,4.4,5.6,6.4
svm_full,signo_zodiacal_escorpio,462,0.5,0.5200000000000001,0.5333333333333333,0.45999999999999996,0.4828877005347594,0.49799999999999994,0.5576161049133185,4.6,4.2,5.8,5.4
svm_full,signo_zodiacal_escorpio,463,0.5,0.58,0.5905494505494506,0.5599999999999999,0.5682750781472009,0.63,0.6871778407351162,5.6,4.0,6.0,4.4
svm_full,signo_zodiacal_escorpio,464,0.5,0.5,0.5047979797979798,0.39999999999999997,0.43659147869674186,0.5039999999999999,0.573411965055928,4.0,4.0,6.0,6.0
svm_full,signo_zodiacal_escorpio,465,0.5,0.37,0.25835497835497834,0.21999999999999997,0.23420168067226893,0.29,0.42758730528157773,2.2,4.8,5.2,7.8
svm_full,signo_zodiacal_escorpio,466,0.5,0.57,0.61,0.42000000000000004,0.49359477124183,0.55,0.573888674019479,4.2,2.8,7.2,5.8
svm_full,signo_zodiacal_escorpio,467,0.5,0.52,0.5222222222222223,0.44000000000000006,0.47719298245614034,0.496,0.5707751892929911,4.4,4.0,6.0,5.6
svm_full,signo_zodiacal_escorpio,468,0.5,0.5700000000000001,0.5664535464535464,0.5800000000000001,0.5675337961271466,0.5930000000000001,0.6300503548738843,5.8,4.4,5.6,4.2
svm_full,signo_zodiacal_escorpio,469,0.5,0.53,0.5316905316905316,0.5599999999999999,0.5380971610612209,0.5720000000000001,0.6131594967639858,5.6,5.0,5.0,4.4
svm_full,signo_zodiacal_escorpio,470,0.5,0.38,0.37209401709401707,0.33999999999999997,0.35044241037376045,0.44600000000000006,0.5720577776196971,3.4,5.8,4.2,6.6
svm_full,signo_zodiacal_escorpio,471,0.5,0.47999999999999987,0.4883333333333334,0.42000000000000004,0.43644444444444447,0.5439999999999999,0.5977525072966249,4.2,4.6,5.4,5.8
svm_full,signo_zodiacal_escorpio,472,0.5,0.47000000000000003,0.45,0.41999999999999993,0.4299043062200957,0.52,0.5938050468623224,4.2,4.8,5.2,5.8
svm_full,signo_zodiacal_escorpio,473,0.5,0.5599999999999999,0.5736929736929737,0.5599999999999999,0.5568051726619502,0.576,0.6579723517796273,5.6,4.4,5.6,4.4
svm_full,signo_zodiacal_escorpio,474,0.5,0.4600000000000001,0.48076007326007336,0.45999999999999996,0.44931567557492985,0.434,0.4985850332158381,4.6,5.4,4.6,5.4
svm_full,signo_zodiacal_escorpio,475,0.5,0.45,0.4565384615384616,0.48,0.4653227931488801,0.44000000000000006,0.5432722853342048,4.8,5.8,4.2,5.2
svm_full,signo_zodiacal_escorpio,476,0.5,0.41,0.4152272727272727,0.43999999999999995,0.41943833943833947,0.366,0.49769475991844414,4.4,6.2,3.8,5.6
svm_full,signo_zodiacal_escorpio,477,0.5,0.49000000000000005,0.4912698412698413,0.4,0.4291664991355394,0.5039999999999999,0.5721286105535331,4.0,4.2,5.8,6.0
svm_full,signo_zodiacal_escorpio,478,0.5,0.29,0.312967032967033,0.42000000000000004,0.35389855072463766,0.31000000000000005,0.45574480627731395,4.2,8.4,1.6,5.8
svm_full,signo_zodiacal_escorpio,479,0.5,0.5599999999999999,0.5653968253968253,0.52,0.5393808049535604,0.558,0.586228733684616,5.2,4.0,6.0,4.8
svm_full,signo_zodiacal_escorpio,480,0.5,0.5199999999999999,0.5301587301587303,0.52,0.5167604840979454,0.524,0.5799561816752219,5.2,4.8,5.2,4.8
svm_full,signo_zodiacal_escorpio,481,0.5,0.4,0.39562937062937065,0.48,0.4235334713595583,0.354,0.4679484708617835,4.8,6.8,3.2,5.2
svm_full,signo_zodiacal_escorpio,482,0.5,0.43000000000000005,0.42907758907758903,0.54,0.47203604920228964,0.4640000000000001,0.5895846510730411,5.4,6.8,3.2,4.6
svm_full,signo_zodiacal_escorpio,483,0.5,0.41,0.40582972582972576,0.4,0.4002873493895166,0.392,0.4767108991799394,4.0,5.8,4.2,6.0
svm_full,signo_zodiacal_escorpio,484,0.5,0.45,0.45757575757575764,0.45999999999999996,0.4520562770562771,0.422,0.5166119550384256,4.6,5.6,4.4,5.4
svm_full,signo_zodiacal_escorpio,485,0.5,0.42000000000000004,0.42146464646464643,0.41999999999999993,0.4188425609478242,0.394,0.544584690679118,4.2,5.8,4.2,5.8
svm_full,signo_zodiacal_escorpio,486,0.5,0.5599999999999999,0.5653846153846154,0.6799999999999999,0.6101449275362318,0.5700000000000001,0.5948140988698265,6.8,5.6,4.4,3.2
svm_full,signo_zodiacal_escorpio,487,0.5,0.43999999999999995,0.4333333333333333,0.44000000000000006,0.4337662337662337,0.398,0.5078943756621774,4.4,5.6,4.4,5.6
svm_full,signo_zodiacal_escorpio,488,0.5,0.5,0.496978021978022,0.48,0.48252344416027276,0.5209999999999999,0.5634870582633741,4.8,4.8,5.2,5.2
svm_full,signo_zodiacal_escorpio,489,0.5,0.48,0.48235294117647054,0.56,0.5102959418748892,0.4739999999999999,0.5307298643049416,5.6,6.0,4.0,4.4
svm_full,signo_zodiacal_escorpio,490,0.5,0.53,0.5480769230769231,0.5599999999999999,0.531372859025033,0.5640000000000001,0.6125763115453517,5.6,5.0,5.0,4.4
svm_full,signo_zodiacal_escorpio,491,0.5,0.5900000000000001,0.6035964035964037,0.6599999999999999,0.620350195414134,0.6020000000000001,0.6217746116112988,6.6,4.8,5.2,3.4
svm_full,signo_zodiacal_escorpio,492,0.5,0.5700000000000001,0.5672727272727273,0.6,0.5828571428571429,0.584,0.606479575979576,6.0,4.6,5.4,4.0
svm_full,signo_zodiacal_escorpio,493,0.5,0.42000000000000004,0.3974025974025974,0.30000000000000004,0.3347899159663866,0.41,0.4812158042336061,3.0,4.6,5.4,7.0
svm_full,signo_zodiacal_escorpio,494,0.5,0.5599999999999999,0.6295238095238095,0.36,0.4298148909913616,0.53,0.6135034148857679,3.6,2.4,7.6,6.4
svm_full,signo_zodiacal_escorpio,495,0.5,0.61,0.6472727272727272,0.48,0.5396491228070175,0.61,0.6593101522660346,4.8,2.6,7.4,5.2
svm_full,signo_zodiacal_escorpio,496,0.5,0.47000000000000003,0.4828571428571428,0.44000000000000006,0.4576470588235294,0.449,0.5439211915535445,4.4,5.0,5.0,5.6
svm_full,signo_zodiacal_escorpio,497,0.5,0.53,0.5376923076923077,0.6199999999999999,0.5576785243741765,0.466,0.547718437822927,6.2,5.6,4.4,3.8
svm_full,signo_zodiacal_escorpio,498,0.5,0.58,0.5847402597402598,0.54,0.557609710550887,0.562,0.6263694818253642,5.4,3.8,6.2,4.6
svm_full,signo_zodiacal_escorpio,499,0.5,0.48,0.4327489177489177,0.42000000000000004,0.40582805429864255,0.565,0.5881105822282293,4.2,4.6,5.4,5.8
svm_full,signo_zodiacal_escorpio,500,0.5,0.55,0.5464884135472371,0.6199999999999999,0.5729824561403508,0.5379999999999999,0.5761948035624506,6.2,5.2,4.8,3.8
svm_full,signo_zodiacal_geminis,1,0.5,0.53,0.5230769230769231,0.6000000000000001,0.5557971014492754,0.5660000000000001,0.6562289470934981,6.0,5.4,4.6,4.0
svm_full,signo_zodiacal_geminis,2,0.5,0.47000000000000003,0.4444444444444445,0.42000000000000004,0.42170760233918125,0.43200000000000005,0.5210783654769723,4.2,4.8,5.2,5.8
svm_full,signo_zodiacal_geminis,3,0.5,0.53,0.548968253968254,0.42000000000000004,0.4695768833849329,0.5519999999999999,0.5842084386202033,4.2,3.6,6.4,5.8
svm_full,signo_zodiacal_geminis,4,0.5,0.5,0.4953928424516659,0.6,0.5344375431331952,0.548,0.6151285642462113,6.0,6.0,4.0,4.0
svm_full,signo_zodiacal_geminis,5,0.5,0.45,0.4621794871794872,0.4600000000000001,0.4557843885075005,0.41,0.5224648064353946,4.6,5.6,4.4,5.4
svm_full,signo_zodiacal_geminis,6,0.5,0.5900000000000001,0.6046176046176046,0.5399999999999999,0.5646469113961373,0.654,0.717515861589391,5.4,3.6,6.4,4.6
svm_full,signo_zodiacal_geminis,7,0.5,0.41000000000000003,0.38181818181818183,0.38,0.37863408521303255,0.41200000000000003,0.5241854469060352,3.8,5.6,4.4,6.2
svm_full,signo_zodiacal_geminis,8,0.5,0.49000000000000005,0.48229352346999405,0.56,0.5082605503658135,0.5,0.5442760644068694,5.6,5.8,4.2,4.4
svm_full,signo_zodiacal_geminis,9,0.5,0.5599999999999999,0.5615584415584415,0.43999999999999995,0.479593837535014,0.584,0.5911742479227,4.4,3.2,6.8,5.6
svm_full,signo_zodiacal_geminis,10,0.5,0.45,0.45787545787545786,0.38,0.4089379458877372,0.458,0.5251594706463127,3.8,4.8,5.2,6.2
svm_full,signo_zodiacal_geminis,11,0.5,0.5199999999999999,0.550952380952381,0.42000000000000004,0.4690671420083185,0.506,0.5459157570156022,4.2,3.8,6.2,5.8
svm_full,signo_zodiacal_geminis,12,0.5,0.5900000000000001,0.6026695526695527,0.5199999999999999,0.5549363605091159,0.6339999999999999,0.6350317450007852,5.2,3.4,6.6,4.8
svm_full,signo_zodiacal_geminis,13,0.5,0.6,0.60008658008658,0.6199999999999999,0.5985714285714285,0.6040000000000001,0.6791316354783846,6.2,4.2,5.8,3.8
svm_full,signo_zodiacal_geminis,14,0.5,0.47000000000000003,0.4839577089577089,0.5199999999999999,0.49660564454614803,0.49799999999999994,0.6099978632478632,5.2,5.8,4.2,4.8
svm_full,signo_zodiacal_geminis,15,0.5,0.5199999999999999,0.4520202020202021,0.42000000000000004,0.43383458646616535,0.506,0.5550553510816669,4.2,3.8,6.2,5.8
svm_full,signo_zodiacal_geminis,16,0.5,0.49000000000000005,0.5599999999999999,0.4,0.44119658119658123,0.48999999999999994,0.5916201828786968,4.0,4.2,5.8,6.0
svm_full,signo_zodiacal_geminis,17,0.5,0.51,0.49769480519480513,0.6599999999999999,0.5636996336996336,0.51,0.5495600212481018,6.6,6.4,3.6,3.4
svm_full,signo_zodiacal_geminis,18,0.5,0.53,0.5501587301587302,0.42000000000000004,0.4573898547273161,0.542,0.5783044412587757,4.2,3.6,6.4,5.8
svm_full,signo_zodiacal_geminis,19,0.5,0.4600000000000001,0.46306722689075624,0.48,0.460958605664488,0.46399999999999997,0.5507284496549202,4.8,5.6,4.4,5.2
svm_full,signo_zodiacal_geminis,20,0.5,0.48999999999999994,0.4963888888888889,0.5800000000000001,0.5262186234817814,0.524,0.5388361540420364,5.8,6.0,4.0,4.2
svm_full,signo_zodiacal_geminis,21,0.5,0.5800000000000001,0.5766233766233766,0.68,0.6192380952380953,0.56,0.5999511501570326,6.8,5.2,4.8,3.2
svm_full,signo_zodiacal_geminis,22,0.5,0.5700000000000001,0.5625840825840827,0.7000000000000001,0.6204057971014493,0.586,0.6289648849602409,7.0,5.6,4.4,3.0
svm_full,signo_zodiacal_geminis,23,0.5,0.53,0.5826923076923076,0.52,0.5279357116313639,0.506,0.5652260892702069,5.2,4.6,5.4,4.8
svm_full,signo_zodiacal_geminis,24,0.5,0.37,0.3761904761904762,0.43999999999999995,0.39649122807017545,0.38,0.47102657576341783,4.4,7.0,3.0,5.6
svm_full,signo_zodiacal_geminis,25,0.5,0.4800000000000001,0.4867521367521368,0.58,0.5262776506483601,0.553,0.6314441022513778,5.8,6.2,3.8,4.2
svm_full,signo_zodiacal_geminis,26,0.5,0.54,0.5262698412698412,0.6799999999999999,0.5860566801619433,0.578,0.6253791296422875,6.8,6.0,4.0,3.2
svm_full,signo_zodiacal_geminis,27,0.5,0.51,0.5034498834498835,0.4999999999999999,0.494182739457339,0.51,0.5991854262868194,5.0,4.8,5.2,5.0
svm_full,signo_zodiacal_geminis,28,0.5,0.47000000000000003,0.4572222222222223,0.48,0.46203508771929824,0.42400000000000004,0.5206309621750798,4.8,5.4,4.6,5.2
svm_full,signo_zodiacal_geminis,29,0.5,0.5700000000000001,0.6266233766233766,0.48,0.5253374076903489,0.6079999999999999,0.6512008912140491,4.8,3.4,6.6,5.2
svm_full,signo_zodiacal_geminis,30,0.5,0.43,0.44230769230769235,0.52,0.4775079992471297,0.39799999999999996,0.52052934260442,5.2,6.6,3.4,4.8
svm_full,signo_zodiacal_geminis,31,0.5,0.55,0.5343900543900544,0.5200000000000001,0.51727579819113,0.5860000000000001,0.6666525037569928,5.2,4.2,5.8,4.8
svm_full,signo_zodiacal_geminis,32,0.5,0.4600000000000001,0.45555555555555555,0.45999999999999996,0.4544391281233386,0.4720000000000001,0.5383931678916198,4.6,5.4,4.6,5.4
svm_full,signo_zodiacal_geminis,33,0.5,0.55,0.5407814407814409,0.6799999999999999,0.5987414187643021,0.5800000000000001,0.6444352128779374,6.8,5.8,4.2,3.2
svm_full,signo_zodiacal_geminis,34,0.5,0.5800000000000001,0.6027417027417027,0.5,0.5409885006634232,0.5960000000000001,0.6126340865017336,5.0,3.4,6.6,5.0
svm_full,signo_zodiacal_geminis,35,0.5,0.43,0.43030303030303035,0.43999999999999995,0.42625313283208016,0.41600000000000004,0.5126048247418217,4.4,5.8,4.2,5.6
svm_full,signo_zodiacal_geminis,36,0.5,0.41,0.4294289044289045,0.45999999999999996,0.4405671623062927,0.34400000000000003,0.4524605210750722,4.6,6.4,3.6,5.4
svm_full,signo_zodiacal_geminis,37,0.5,0.43,0.4275757575757576,0.4,0.3995071010860484,0.45199999999999996,0.5442356168942856,4.0,5.4,4.6,6.0
svm_full,signo_zodiacal_geminis,38,0.5,0.58,0.5792857142857143,0.6599999999999999,0.6102020202020202,0.64,0.6566313392489863,6.6,5.0,5.0,3.4
svm_full,signo_zodiacal_geminis,39,0.5,0.47000000000000003,0.4781385281385281,0.6,0.5312817617165443,0.502,0.5966623376623377,6.0,6.6,3.4,4.0
svm_full,signo_zodiacal_geminis,40,0.5,0.43,0.3918747918747919,0.38,0.3795812527909715,0.45599999999999996,0.5634399342487578,3.8,5.2,4.8,6.2
svm_full,signo_zodiacal_geminis,41,0.5,0.5900000000000001,0.6355555555555557,0.47999999999999987,0.5257017543859649,0.5609999999999999,0.5843488625237852,4.8,3.0,7.0,5.2
svm_full,signo_zodiacal_geminis,42,0.5,0.5000000000000001,0.502020202020202,0.4,0.4402071354857733,0.4660000000000001,0.5405135985445583,4.0,4.0,6.0,6.0
svm_full,signo_zodiacal_geminis,43,0.5,0.59,0.6288827838827838,0.5,0.5320357619078847,0.5199999999999999,0.5704539802302959,5.0,3.2,6.8,5.0
svm_full,signo_zodiacal_geminis,44,0.5,0.48,0.5054945054945055,0.42000000000000004,0.436746437705517,0.5660000000000001,0.6314993433638945,4.2,4.6,5.4,5.8
svm_full,signo_zodiacal_geminis,45,0.5,0.5900000000000001,0.6091666666666666,0.6599999999999999,0.6201367521367521,0.5860000000000001,0.6140512903848817,6.6,4.8,5.2,3.4
svm_full,signo_zodiacal_geminis,46,0.5,0.52,0.5322727272727272,0.42000000000000004,0.44813852813852806,0.5850000000000001,0.6486421078921079,4.2,3.8,6.2,5.8
svm_full,signo_zodiacal_geminis,47,0.5,0.5,0.5336363636363637,0.5,0.4938095238095238,0.526,0.6094457672530427,5.0,5.0,5.0,5.0
svm_full,signo_zodiacal_geminis,48,0.5,0.51,0.5376923076923077,0.5800000000000001,0.527197005892658,0.466,0.5419316239316239,5.8,5.6,4.4,4.2
svm_full,signo_zodiacal_geminis,49,0.5,0.42000000000000004,0.4298319327731092,0.48,0.4416320063378887,0.44399999999999995,0.49938487243750396,4.8,6.4,3.6,5.2
svm_full,signo_zodiacal_geminis,50,0.5,0.54,0.5666666666666667,0.52,0.5261904761904763,0.504,0.5502908002729984,5.2,4.4,5.6,4.8
svm_full,signo_zodiacal_geminis,51,0.5,0.57,0.5578304048892283,0.6799999999999999,0.6008276037687802,0.6140000000000001,0.6136759955730543,6.8,5.4,4.6,3.2
svm_full,signo_zodiacal_geminis,52,0.5,0.52,0.5486868686868687,0.45999999999999996,0.494390142021721,0.554,0.6068157185951304,4.6,4.2,5.8,5.4
svm_full,signo_zodiacal_geminis,53,0.5,0.5199999999999999,0.5212121212121212,0.4800000000000001,0.48939393939393944,0.528,0.5911547829535445,4.8,4.4,5.6,5.2
svm_full,signo_zodiacal_geminis,54,0.5,0.5,0.4766233766233766,0.62,0.5320405085110967,0.44800000000000006,0.5358061028239047,6.2,6.2,3.8,3.8
svm_full,signo_zodiacal_geminis,55,0.5,0.4600000000000001,0.4769327894327894,0.58,0.5185455276988458,0.458,0.5195584986908516,5.8,6.6,3.4,4.2
svm_full,signo_zodiacal_geminis,56,0.5,0.4000000000000001,0.36106671106671107,0.34,0.34037908069406253,0.44000000000000006,0.5312036470581362,3.4,5.4,4.6,6.6
svm_full,signo_zodiacal_geminis,57,0.5,0.4699999999999999,0.3888888888888889,0.36,0.3655830753353973,0.422,0.5140510066129261,3.6,4.2,5.8,6.4
svm_full,signo_zodiacal_geminis,58,0.5,0.5000000000000001,0.493939393939394,0.43999999999999995,0.4609649122807017,0.49000000000000005,0.5351280200707444,4.4,4.4,5.6,5.6
svm_full,signo_zodiacal_geminis,59,0.5,0.6000000000000001,0.6063203463203463,0.5399999999999999,0.563921568627451,0.5650000000000001,0.5741429007868637,5.4,3.4,6.6,4.6
svm_full,signo_zodiacal_geminis,60,0.5,0.45999999999999996,0.4647619047619047,0.56,0.49925490196078426,0.442,0.5403399307091257,5.6,6.4,3.6,4.4
svm_full,signo_zodiacal_geminis,61,0.5,0.42000000000000004,0.4175757575757576,0.42000000000000004,0.4183959899749373,0.39399999999999996,0.4950186500805696,4.2,5.8,4.2,5.8
svm_full,signo_zodiacal_geminis,62,0.5,0.4,0.3673992673992674,0.27999999999999997,0.3090153452685422,0.32599999999999996,0.47553544030788614,2.8,4.8,5.2,7.2
svm_full,signo_zodiacal_geminis,63,0.5,0.43,0.43106060606060603,0.38,0.39847211611917494,0.45599999999999996,0.5191857762120919,3.8,5.2,4.8,6.2
svm_full,signo_zodiacal_geminis,64,0.5,0.51,0.5188888888888888,0.52,0.5031196172248804,0.46799999999999997,0.5260263347763349,5.2,5.0,5.0,4.8
svm_full,signo_zodiacal_geminis,65,0.5,0.56,0.5540259740259741,0.6,0.5689228418640183,0.5920000000000001,0.6276939324865021,6.0,4.8,5.2,4.0
svm_full,signo_zodiacal_geminis,66,0.5,0.53,0.5385281385281385,0.5,0.5136513297504008,0.49800000000000005,0.5735014619883041,5.0,4.4,5.6,5.0
svm_full,signo_zodiacal_geminis,67,0.5,0.5599999999999999,0.5587301587301587,0.48,0.509541232761047,0.5299999999999999,0.591961279518555,4.8,3.6,6.4,5.2
svm_full,signo_zodiacal_geminis,68,0.5,0.4600000000000001,0.457020202020202,0.43999999999999995,0.44716791979949877,0.46799999999999997,0.5107216939407342,4.4,5.2,4.8,5.6
svm_full,signo_zodiacal_geminis,69,0.5,0.47000000000000003,0.48849816849816846,0.42000000000000004,0.4314066496163683,0.47599999999999987,0.5750911398542977,4.2,4.8,5.2,5.8
svm_full,signo_zodiacal_geminis,70,0.5,0.53,0.5311111111111112,0.6599999999999999,0.5816734143049933,0.534,0.5542989587811569,6.6,6.0,4.0,3.4
svm_full,signo_zodiacal_geminis,71,0.5,0.5,0.5301948051948052,0.4,0.4417366946778712,0.4640000000000001,0.5417355693841762,4.0,4.0,6.0,6.0
svm_full,signo_zodiacal_geminis,72,0.5,0.45,0.45897435897435895,0.44000000000000006,0.4409639877031181,0.45999999999999996,0.5783493755126881,4.4,5.4,4.6,5.6
svm_full,signo_zodiacal_geminis,73,0.5,0.47000000000000003,0.4851948051948051,0.5599999999999999,0.5111133180544946,0.462,0.5463601255985157,5.6,6.2,3.8,4.4
svm_full,signo_zodiacal_geminis,74,0.5,0.48,0.45213675213675214,0.4600000000000001,0.4464828078100389,0.524,0.5587626623462537,4.6,5.0,5.0,5.4
svm_full,signo_zodiacal_geminis,75,0.5,0.48,0.4902564102564102,0.54,0.5084302059496568,0.496,0.5825834257761502,5.4,5.8,4.2,4.6
svm_full,signo_zodiacal_geminis,76,0.5,0.5800000000000001,0.6301948051948052,0.45999999999999996,0.5254668534080299,0.622,0.6735542306850356,4.6,3.0,7.0,5.4
svm_full,signo_zodiacal_geminis,77,0.5,0.45,0.44848484848484843,0.44000000000000006,0.4431077694235589,0.49400000000000005,0.5464317616508019,4.4,5.4,4.6,5.6
svm_full,signo_zodiacal_geminis,78,0.5,0.51,0.508525641025641,0.6,0.542220870916523,0.48200000000000004,0.5497098934776953,6.0,5.8,4.2,4.0
svm_full,signo_zodiacal_geminis,79,0.5,0.49000000000000005,0.5029220779220779,0.5,0.49332399626517276,0.522,0.594976688516162,5.0,5.2,4.8,5.0
svm_full,signo_zodiacal_geminis,80,0.5,0.4800000000000001,0.452979797979798,0.4,0.4181787802840434,0.43200000000000005,0.5261358092372024,4.0,4.4,5.6,6.0
svm_full,signo_zodiacal_geminis,81,0.5,0.44000000000000006,0.43168831168831173,0.4,0.41309056956115775,0.49000000000000005,0.6105889404712934,4.0,5.2,4.8,6.0
svm_full,signo_zodiacal_geminis,82,0.5,0.5400000000000001,0.5189393939393939,0.44000000000000006,0.4646873594242015,0.57,0.6068320460069686,4.4,3.6,6.4,5.6
svm_full,signo_zodiacal_geminis,83,0.5,0.45,0.4277344877344877,0.44000000000000006,0.42716791979949875,0.42000000000000004,0.5465890376393472,4.4,5.4,4.6,5.6
svm_full,signo_zodiacal_geminis,84,0.5,0.45,0.4548784548784549,0.5599999999999999,0.499182739457339,0.43,0.49877300580396555,5.6,6.6,3.4,4.4
svm_full,signo_zodiacal_geminis,85,0.5,0.61,0.645,0.5,0.5574269005847953,0.6040000000000001,0.6079204837130534,5.0,2.8,7.2,5.0
svm_full,signo_zodiacal_geminis,86,0.5,0.53,0.5219780219780219,0.5599999999999999,0.5334350368675311,0.5660000000000001,0.5825528160350142,5.6,5.0,5.0,4.4
svm_full,signo_zodiacal_geminis,87,0.5,0.58,0.6049242424242424,0.6,0.5738682370261318,0.578,0.6558340336134453,6.0,4.4,5.6,4.0
svm_full,signo_zodiacal_geminis,88,0.5,0.53,0.518888888888889,0.45999999999999996,0.4800212652844231,0.5640000000000001,0.663161474748162,4.6,4.0,6.0,5.4
svm_full,signo_zodiacal_geminis,89,0.5,0.5700000000000001,0.6022727272727273,0.47999999999999987,0.519047619047619,0.53,0.5687413218016932,4.8,3.4,6.6,5.2
svm_full,signo_zodiacal_geminis,90,0.5,0.4600000000000001,0.468986568986569,0.45999999999999996,0.45858613052044206,0.40800000000000003,0.5103282804227077,4.6,5.4,4.6,5.4
svm_full,signo_zodiacal_geminis,91,0.5,0.42000000000000004,0.4015873015873016,0.42000000000000004,0.4038105513337712,0.342,0.43948722991834444,4.2,5.8,4.2,5.8
svm_full,signo_zodiacal_geminis,92,0.5,0.54,0.54001554001554,0.6599999999999999,0.586902037702953,0.632,0.6967464663819153,6.6,5.8,4.2,3.4
svm_full,signo_zodiacal_geminis,93,0.5,0.49000000000000005,0.4809163059163059,0.4,0.4318037741412354,0.49800000000000005,0.5132726352594774,4.0,4.2,5.8,6.0
svm_full,signo_zodiacal_geminis,94,0.5,0.39,0.41790849673202607,0.5399999999999999,0.465732411837675,0.31400000000000006,0.43258949753377,5.4,7.6,2.4,4.6
svm_full,signo_zodiacal_geminis,95,0.5,0.54,0.5333333333333333,0.7,0.6017575757575757,0.506,0.5374859095153213,7.0,6.2,3.8,3.0
svm_full,signo_zodiacal_geminis,96,0.5,0.5200000000000001,0.5087912087912088,0.4800000000000001,0.4835154615205767,0.48200000000000004,0.4949586583866769,4.8,4.4,5.6,5.2
svm_full,signo_zodiacal_geminis,97,0.5,0.64,0.6238997113997113,0.7799999999999999,0.6858299595141701,0.678,0.6816271385992748,7.8,5.0,5.0,2.2
svm_full,signo_zodiacal_geminis,98,0.5,0.4800000000000001,0.44102564102564096,0.34,0.3672142435569546,0.526,0.5640782175340998,3.4,3.8,6.2,6.6
svm_full,signo_zodiacal_geminis,99,0.5,0.52,0.5355555555555556,0.44000000000000006,0.47163476874003185,0.567,0.5820262478319754,4.4,4.0,6.0,5.6
svm_full,signo_zodiacal_geminis,100,0.5,0.49000000000000005,0.4709523809523809,0.30000000000000004,0.3463587392999158,0.51,0.5654625435623888,3.0,3.2,6.8,7.0
svm_full,signo_zodiacal_geminis,101,0.5,0.61,0.6006216006216006,0.66,0.6270022883295194,0.623,0.6455640994712202,6.6,4.4,5.6,3.4
svm_full,signo_zodiacal_geminis,102,0.5,0.56,0.5485714285714286,0.68,0.6048484848484849,0.592,0.6419189340071693,6.8,5.6,4.4,3.2
svm_full,signo_zodiacal_geminis,103,0.5,0.53,0.5275757575757576,0.58,0.552034632034632,0.4800000000000001,0.5404113668409334,5.8,5.2,4.8,4.2
svm_full,signo_zodiacal_geminis,104,0.5,0.53,0.5232323232323233,0.38,0.4131096973202236,0.618,0.6682321736570963,3.8,3.2,6.8,6.2
svm_full,signo_zodiacal_geminis,105,0.5,0.43000000000000005,0.42526806526806527,0.5,0.45529301514656206,0.39,0.4508829042474553,5.0,6.4,3.6,5.0
svm_full,signo_zodiacal_geminis,106,0.5,0.43,0.43396464646464644,0.4800000000000001,0.4502988239830345,0.42400000000000004,0.5468278821281917,4.8,6.2,3.8,5.2
svm_full,signo_zodiacal_geminis,107,0.5,0.55,0.5822222222222223,0.38,0.4493358395989975,0.51,0.5643814241314242,3.8,2.8,7.2,6.2
svm_full,signo_zodiacal_geminis,108,0.5,0.52,0.5375757575757575,0.44000000000000006,0.4765538847117795,0.534,0.5581402445164055,4.4,4.0,6.0,5.6
svm_full,signo_zodiacal_geminis,109,0.5,0.5,0.509090909090909,0.58,0.5390863522442471,0.45999999999999996,0.5281538544874459,5.8,5.8,4.2,4.2
svm_full,signo_zodiacal_geminis,110,0.5,0.4800000000000001,0.4771367521367521,0.52,0.493668954996186,0.4640000000000001,0.5387744769850032,5.2,5.6,4.4,4.8
svm_full,signo_zodiacal_geminis,111,0.5,0.47000000000000003,0.47575757575757577,0.5399999999999999,0.5016594516594516,0.48200000000000004,0.5372168130287325,5.4,6.0,4.0,4.6
svm_full,signo_zodiacal_geminis,112,0.5,0.48,0.46646464646464647,0.48,0.47116579327105645,0.49000000000000005,0.545853590252197,4.8,5.2,4.8,5.2
svm_full,signo_zodiacal_geminis,113,0.5,0.51,0.5076923076923077,0.48,0.4889905924230867,0.508,0.5262448811078843,4.8,4.6,5.4,5.2
svm_full,signo_zodiacal_geminis,114,0.5,0.5,0.491965811965812,0.58,0.529098536855974,0.54,0.6019031311825429,5.8,5.8,4.2,4.2
svm_full,signo_zodiacal_geminis,115,0.5,0.5599999999999999,0.5567832167832167,0.6399999999999999,0.594206662902315,0.576,0.6066441962750012,6.4,5.2,4.8,3.6
svm_full,signo_zodiacal_geminis,116,0.5,0.54,0.5417521367521367,0.64,0.5767220950928046,0.5439999999999999,0.6137381774572177,6.4,5.6,4.4,3.6
svm_full,signo_zodiacal_geminis,117,0.5,0.49000000000000005,0.49102564102564106,0.45999999999999996,0.4662429925857037,0.528,0.5718450422126893,4.6,4.8,5.2,5.4
svm_full,signo_zodiacal_geminis,118,0.5,0.39,0.4019347319347319,0.5,0.44388631658196875,0.33199999999999996,0.4443695014136191,5.0,7.2,2.8,5.0
svm_full,signo_zodiacal_geminis,119,0.5,0.47000000000000003,0.44564102564102565,0.32,0.35934782608695653,0.48600000000000004,0.5592501767238609,3.2,3.8,6.2,6.8
svm_full,signo_zodiacal_geminis,120,0.5,0.4800000000000001,0.47262737262737253,0.5399999999999999,0.4997503349165754,0.44800000000000006,0.5155359285537304,5.4,5.8,4.2,4.6
svm_full,signo_zodiacal_geminis,121,0.5,0.53,0.602020202020202,0.4600000000000001,0.4928089454405244,0.576,0.6248496689069445,4.6,4.0,6.0,5.4
svm_full,signo_zodiacal_geminis,122,0.5,0.53,0.5219230769230769,0.58,0.5463504611330698,0.556,0.6091878003317632,5.8,5.2,4.8,4.2
svm_full,signo_zodiacal_geminis,123,0.5,0.51,0.5295670995670995,0.33999999999999997,0.4003921568627451,0.54,0.6253922462126796,3.4,3.2,6.8,6.6
svm_full,signo_zodiacal_geminis,124,0.5,0.45999999999999996,0.47074102368220017,0.5,0.4597883597883598,0.518,0.6207834861217214,5.0,5.8,4.2,5.0
svm_full,signo_zodiacal_geminis,125,0.5,0.43000000000000005,0.4416666666666667,0.39999999999999997,0.4084848484848485,0.393,0.4908652999047736,4.0,5.4,4.6,6.0
svm_full,signo_zodiacal_geminis,126,0.5,0.5700000000000001,0.572113997113997,0.54,0.5500453450917847,0.596,0.6248142212964194,5.4,4.0,6.0,4.6
svm_full,signo_zodiacal_geminis,127,0.5,0.45999999999999996,0.45777777777777773,0.38,0.39084529505582133,0.42800000000000005,0.5174727784255648,3.8,4.6,5.4,6.2
svm_full,signo_zodiacal_geminis,128,0.5,0.53,0.5240641711229946,0.7200000000000001,0.6016483516483516,0.562,0.5868944260074291,7.2,6.6,3.4,2.8
svm_full,signo_zodiacal_geminis,129,0.5,0.39,0.3932900432900433,0.48,0.42907647907647906,0.306,0.4410129145879919,4.8,7.0,3.0,5.2
svm_full,signo_zodiacal_geminis,130,0.5,0.51,0.486486013986014,0.56,0.5061634018155757,0.524,0.5507828078354394,5.6,5.4,4.6,4.4
svm_full,signo_zodiacal_geminis,131,0.5,0.42000000000000004,0.4238095238095238,0.4800000000000001,0.4456735421441304,0.38,0.49150456389156083,4.8,6.4,3.6,5.2
svm_full,signo_zodiacal_geminis,132,0.5,0.54,0.541025641025641,0.5599999999999999,0.5424993643529112,0.5239999999999999,0.5759382843678509,5.6,4.8,5.2,4.4
svm_full,signo_zodiacal_geminis,133,0.5,0.51,0.4988095238095237,0.4,0.44135706914344686,0.492,0.5872228990479764,4.0,3.8,6.2,6.0
svm_full,signo_zodiacal_geminis,134,0.5,0.48,0.48,0.5,0.4870707070707071,0.51,0.5754667195549549,5.0,5.4,4.6,5.0
svm_full,signo_zodiacal_geminis,135,0.5,0.37,0.3747863247863248,0.42000000000000004,0.3926865913135936,0.31799999999999995,0.44404565248992495,4.2,6.8,3.2,5.8
svm_full,signo_zodiacal_geminis,136,0.5,0.48,0.4938111888111888,0.5199999999999999,0.5031005709266578,0.524,0.5793620921562098,5.2,5.6,4.4,4.8
svm_full,signo_zodiacal_geminis,137,0.5,0.54,0.5672222222222222,0.38,0.4503216374269006,0.5239999999999999,0.6229808261913525,3.8,3.0,7.0,6.2
svm_full,signo_zodiacal_geminis,138,0.5,0.5599999999999999,0.562987012987013,0.52,0.5372549019607843,0.5640000000000001,0.6255933047860291,5.2,4.0,6.0,4.8
svm_full,signo_zodiacal_geminis,139,0.5,0.58,0.5796536796536796,0.66,0.6141945773524722,0.55,0.6082911167779589,6.6,5.0,5.0,3.4
svm_full,signo_zodiacal_geminis,140,0.5,0.5599999999999999,0.5533333333333333,0.54,0.5432323232323232,0.602,0.6277157550052287,5.4,4.2,5.8,4.6
svm_full,signo_zodiacal_geminis,141,0.5,0.37,0.35,0.34,0.34019607843137256,0.32399999999999995,0.4397836285661363,3.4,6.0,4.0,6.6
svm_full,signo_zodiacal_geminis,142,0.5,0.49000000000000005,0.5024242424242423,0.43999999999999995,0.4606015037593985,0.5039999999999999,0.5681332252199125,4.4,4.6,5.4,5.6
svm_full,signo_zodiacal_geminis,143,0.5,0.47000000000000003,0.44785714285714284,0.3,0.3500280112044818,0.398,0.4919651870317504,3.0,3.6,6.4,7.0
svm_full,signo_zodiacal_geminis,144,0.5,0.5700000000000001,0.5548567119155355,0.74,0.6289538866930171,0.584,0.5999614362245941,7.4,6.0,4.0,2.6
svm_full,signo_zodiacal_geminis,145,0.5,0.56,0.5536130536130537,0.58,0.5622026079691984,0.634,0.6945683276991326,5.8,4.6,5.4,4.2
svm_full,signo_zodiacal_geminis,146,0.5,0.52,0.5666666666666667,0.42000000000000004,0.46551226551226554,0.49000000000000005,0.5696450694128712,4.2,3.8,6.2,5.8
svm_full,signo_zodiacal_geminis,147,0.5,0.44000000000000006,0.43809523809523804,0.36,0.3805882352941176,0.46399999999999997,0.5301124590064218,3.6,4.8,5.2,6.4
svm_full,signo_zodiacal_geminis,148,0.5,0.48999999999999994,0.472929292929293,0.52,0.47555555555555556,0.5439999999999999,0.5905205888882359,5.2,5.4,4.6,4.8
svm_full,signo_zodiacal_geminis,149,0.5,0.5199999999999999,0.533888888888889,0.4,0.4503216374269006,0.6,0.6407250341677586,4.0,3.6,6.4,6.0
svm_full,signo_zodiacal_geminis,150,0.5,0.39,0.33090909090909093,0.4,0.3583150183150183,0.33799999999999997,0.4797132251133799,4.0,6.2,3.8,6.0
svm_full,signo_zodiacal_geminis,151,0.5,0.53,0.5422222222222222,0.52,0.5284529505582137,0.582,0.6858831876757574,5.2,4.6,5.4,4.8
svm_full,signo_zodiacal_geminis,152,0.5,0.45,0.4525252525252525,0.45999999999999996,0.4473057644110276,0.46799999999999997,0.5651009911141489,4.6,5.6,4.4,5.4
svm_full,signo_zodiacal_geminis,153,0.5,0.4600000000000001,0.47145299145299147,0.5,0.4818306636155606,0.51,0.6299313535621585,5.0,5.8,4.2,5.0
svm_full,signo_zodiacal_geminis,154,0.5,0.5900000000000001,0.5782251082251083,0.7,0.6306060606060606,0.596,0.6287940839690065,7.0,5.2,4.8,3.0
svm_full,signo_zodiacal_geminis,155,0.5,0.49000000000000005,0.49799089799089796,0.48,0.48436179963976433,0.484,0.5375202934320581,4.8,5.0,5.0,5.2
svm_full,signo_zodiacal_geminis,156,0.5,0.48,0.48111111111111116,0.33999999999999997,0.39359649122807017,0.42400000000000004,0.5130489824932549,3.4,3.8,6.2,6.6
svm_full,signo_zodiacal_geminis,157,0.5,0.47000000000000003,0.4719347319347319,0.6,0.5267954074910597,0.434,0.490105098547823,6.0,6.6,3.4,4.0
svm_full,signo_zodiacal_geminis,158,0.5,0.5900000000000001,0.6944444444444444,0.4,0.48026315789473684,0.5730000000000001,0.6197959436504329,4.0,2.2,7.8,6.0
svm_full,signo_zodiacal_geminis,159,0.5,0.43,0.4349494949494949,0.52,0.47021918432444754,0.41000000000000003,0.5129750449928467,5.2,6.6,3.4,4.8
svm_full,signo_zodiacal_geminis,160,0.5,0.52,0.5196536796536797,0.6199999999999999,0.553,0.584,0.619449834651073,6.2,5.8,4.2,3.8
svm_full,signo_zodiacal_geminis,161,0.5,0.45,0.4488888888888889,0.45999999999999996,0.44345933014354066,0.47800000000000004,0.5776508877259652,4.6,5.6,4.4,5.4
svm_full,signo_zodiacal_geminis,162,0.5,0.45,0.438974358974359,0.43999999999999995,0.4310649978041282,0.40800000000000003,0.4883598450053558,4.4,5.4,4.6,5.6
svm_full,signo_zodiacal_geminis,163,0.5,0.53,0.5651948051948052,0.44000000000000006,0.48549609317411174,0.538,0.5767490477358899,4.4,3.8,6.2,5.6
svm_full,signo_zodiacal_geminis,164,0.5,0.4600000000000001,0.49833333333333335,0.25999999999999995,0.3241880341880342,0.43600000000000005,0.5447997466070221,2.6,3.4,6.6,7.4
svm_full,signo_zodiacal_geminis,165,0.5,0.47000000000000003,0.46909090909090906,0.45999999999999996,0.4637593984962406,0.43900000000000006,0.5304894837704435,4.6,5.2,4.8,5.4
svm_full,signo_zodiacal_geminis,166,0.5,0.66,0.7863636363636364,0.54,0.6065934065934065,0.724,0.7707418137418136,5.4,2.2,7.8,4.6
svm_full,signo_zodiacal_geminis,167,0.5,0.5199999999999999,0.5199917729329494,0.64,0.5688290775247297,0.6060000000000001,0.642862818553995,6.4,6.0,4.0,3.6
svm_full,signo_zodiacal_geminis,168,0.5,0.4,0.39904761904761904,0.52,0.44392496392496394,0.44000000000000006,0.5119621377074937,5.2,7.2,2.8,4.8
svm_full,signo_zodiacal_geminis,169,0.5,0.5,0.5076923076923077,0.5599999999999999,0.5298731017266486,0.504,0.5526768221458623,5.6,5.6,4.4,4.4
svm_full,signo_zodiacal_geminis,170,0.5,0.5399999999999999,0.5114102564102564,0.6199999999999999,0.5548880105401846,0.548,0.5686902433651658,6.2,5.4,4.6,3.8
svm_full,signo_zodiacal_geminis,171,0.5,0.58,0.6202020202020202,0.44000000000000006,0.49573934837092726,0.574,0.6675086014776417,4.4,2.8,7.2,5.6
svm_full,signo_zodiacal_geminis,172,0.5,0.45,0.4552005347593583,0.6,0.5115018315018315,0.472,0.5615253253798145,6.0,7.0,3.0,4.0
svm_full,signo_zodiacal_geminis,173,0.5,0.48,0.4813131313131313,0.45999999999999996,0.4671831092883725,0.48600000000000004,0.5790194986472076,4.6,5.0,5.0,5.4
svm_full,signo_zodiacal_geminis,174,0.5,0.5,0.5116666666666667,0.42000000000000004,0.4386357502146976,0.55,0.6143804867303319,4.2,4.2,5.8,5.8
svm_full,signo_zodiacal_geminis,175,0.5,0.5700000000000001,0.6419047619047618,0.42000000000000004,0.4730920060331825,0.5800000000000001,0.6808698050315697,4.2,2.8,7.2,5.8
svm_full,signo_zodiacal_geminis,176,0.5,0.38999999999999996,0.36225718725718725,0.36,0.35641549525988886,0.286,0.4133200274098107,3.6,5.8,4.2,6.4
svm_full,signo_zodiacal_geminis,177,0.5,0.6599999999999999,0.6811111111111111,0.5800000000000001,0.6160978203083467,0.68,0.6728734288587229,5.8,2.6,7.4,4.2
svm_full,signo_zodiacal_geminis,178,0.5,0.5700000000000001,0.5828571428571429,0.5599999999999999,0.5667379679144384,0.5820000000000001,0.6247970356956424,5.6,4.2,5.8,4.4
svm_full,signo_zodiacal_geminis,179,0.5,0.61,0.6180158730158729,0.5599999999999999,0.5726900584795322,0.606,0.6609096367169122,5.6,3.4,6.6,4.4
svm_full,signo_zodiacal_geminis,180,0.5,0.45,0.43821678321678326,0.4,0.40847481021394066,0.45200000000000007,0.5351698399639576,4.0,5.0,5.0,6.0
svm_full,signo_zodiacal_geminis,181,0.5,0.45999999999999996,0.47909663865546215,0.6399999999999999,0.5351432880844645,0.394,0.4847849001703491,6.4,7.2,2.8,3.6
svm_full,signo_zodiacal_geminis,182,0.5,0.5000000000000001,0.48666666666666664,0.54,0.49994805194805203,0.49399999999999994,0.5660000091927336,5.4,5.4,4.6,4.6
svm_full,signo_zodiacal_geminis,183,0.5,0.44000000000000006,0.42370766488413547,0.54,0.46732108047897525,0.488,0.5726352597351049,5.4,6.6,3.4,4.6
svm_full,signo_zodiacal_geminis,184,0.5,0.5399999999999999,0.5523809523809524,0.42000000000000004,0.4746818025455797,0.518,0.5326071340939762,4.2,3.4,6.6,5.8
svm_full,signo_zodiacal_geminis,185,0.5,0.48,0.5035897435897436,0.6199999999999999,0.5387001114827202,0.434,0.536417909747631,6.2,6.6,3.4,3.8
svm_full,signo_zodiacal_geminis,186,0.5,0.42000000000000004,0.41098235098235103,0.42000000000000004,0.4107233557038376,0.43,0.5097634948470862,4.2,5.8,4.2,5.8
svm_full,signo_zodiacal_geminis,187,0.5,0.38,0.3556277056277056,0.33999999999999997,0.34513735318688876,0.33,0.45316699356714835,3.4,5.8,4.2,6.6
svm_full,signo_zodiacal_geminis,188,0.5,0.54,0.5712301587301587,0.5,0.5181842237569791,0.5619999999999999,0.6139426863985686,5.0,4.2,5.8,5.0
svm_full,signo_zodiacal_geminis,189,0.5,0.53,0.5392857142857143,0.45999999999999996,0.4947024423804609,0.506,0.5766588981194244,4.6,4.0,6.0,5.4
svm_full,signo_zodiacal_geminis,190,0.5,0.43999999999999995,0.4332142857142857,0.4,0.4005027652086476,0.414,0.5016621089608706,4.0,5.2,4.8,6.0
svm_full,signo_zodiacal_geminis,191,0.5,0.52,0.5317460317460319,0.44000000000000006,0.4768575851393189,0.49000000000000005,0.5579598836835679,4.4,4.0,6.0,5.6
svm_full,signo_zodiacal_geminis,192,0.5,0.51,0.5026098901098901,0.7,0.5811036789297658,0.45200000000000007,0.4959219201850781,7.0,6.8,3.2,3.0
svm_full,signo_zodiacal_geminis,193,0.5,0.45999999999999996,0.42976190476190473,0.32,0.3661764705882353,0.4880000000000001,0.5375991339242112,3.2,4.0,6.0,6.8
svm_full,signo_zodiacal_geminis,194,0.5,0.4,0.4144988344988345,0.48,0.44401279879540745,0.368,0.47324896448580656,4.8,6.8,3.2,5.2
svm_full,signo_zodiacal_geminis,195,0.5,0.5599999999999999,0.5463183874948581,0.68,0.6001150218541522,0.5479999999999999,0.5606023971728307,6.8,5.6,4.4,3.2
svm_full,signo_zodiacal_geminis,196,0.5,0.53,0.58,0.45999999999999996,0.5028070175438596,0.546,0.5881079161636438,4.6,4.0,6.0,5.4
svm_full,signo_zodiacal_geminis,197,0.5,0.55,0.55504329004329,0.52,0.522514472455649,0.516,0.5971084911820206,5.2,4.2,5.8,4.8
svm_full,signo_zodiacal_geminis,198,0.5,0.55,0.5553069153069152,0.6199999999999999,0.5822196796338673,0.5900000000000001,0.6563317521831453,6.2,5.2,4.8,3.8
svm_full,signo_zodiacal_geminis,199,0.5,0.55,0.5452380952380953,0.6200000000000001,0.5729055258467023,0.5319999999999999,0.5823521756021756,6.2,5.2,4.8,3.8
svm_full,signo_zodiacal_geminis,200,0.5,0.4800000000000001,0.4847619047619046,0.36000000000000004,0.41006535947712425,0.438,0.5278787046287046,3.6,4.0,6.0,6.4
svm_full,signo_zodiacal_geminis,201,0.5,0.47000000000000003,0.46121212121212124,0.43999999999999995,0.4471428571428572,0.526,0.6121746368526554,4.4,5.0,5.0,5.6
svm_full,signo_zodiacal_geminis,202,0.5,0.32999999999999996,0.3244444444444444,0.34,0.3255240665766982,0.344,0.46944714092237305,3.4,6.8,3.2,6.6
svm_full,signo_zodiacal_geminis,203,0.5,0.4800000000000001,0.48913308913308917,0.56,0.5187018930726024,0.46799999999999997,0.5023466794643265,5.6,6.0,4.0,4.4
svm_full,signo_zodiacal_geminis,204,0.5,0.54,0.5535353535353534,0.5599999999999999,0.5453064479380269,0.5700000000000001,0.6391516902430215,5.6,4.8,5.2,4.4
svm_full,signo_zodiacal_geminis,205,0.5,0.45,0.4602564102564103,0.41999999999999993,0.42028985507246375,0.382,0.5155442372385097,4.2,5.2,4.8,5.8
svm_full,signo_zodiacal_geminis,206,0.5,0.51,0.5186868686868686,0.54,0.5200694042799305,0.5040000000000001,0.5840472850163253,5.4,5.2,4.8,4.6
svm_full,signo_zodiacal_geminis,207,0.5,0.4600000000000001,0.45833333333333337,0.36,0.40058479532163743,0.43600000000000005,0.4921077070504315,3.6,4.4,5.6,6.4
svm_full,signo_zodiacal_geminis,208,0.5,0.48,0.4715811965811965,0.47999999999999987,0.4726163234172388,0.496,0.5418936755538922,4.8,5.2,4.8,5.2
svm_full,signo_zodiacal_geminis,209,0.5,0.5800000000000001,0.5913419913419913,0.5800000000000001,0.5798935842279496,0.642,0.7139289686921265,5.8,4.2,5.8,4.2
svm_full,signo_zodiacal_geminis,210,0.5,0.55,0.556978021978022,0.5999999999999999,0.5662406158774446,0.532,0.5908930695207785,6.0,5.0,5.0,4.0
svm_full,signo_zodiacal_geminis,211,0.5,0.53,0.5281818181818182,0.6199999999999999,0.5678441558441558,0.518,0.5615970414174749,6.2,5.6,4.4,3.8
svm_full,signo_zodiacal_geminis,212,0.5,0.55,0.5448412698412698,0.6599999999999999,0.5844991266043896,0.573,0.6368047307869289,6.6,5.6,4.4,3.4
svm_full,signo_zodiacal_geminis,213,0.5,0.54,0.5299145299145299,0.6,0.560928011728927,0.564,0.6202414503281376,6.0,5.2,4.8,4.0
svm_full,signo_zodiacal_geminis,214,0.5,0.48,0.4768099547511312,0.5,0.4708132045088568,0.43599999999999994,0.49214144902225393,5.0,5.4,4.6,5.0
svm_full,signo_zodiacal_geminis,215,0.5,0.5599999999999999,0.5633766233766234,0.45999999999999996,0.49840336134453783,0.5539999999999999,0.6100866817221307,4.6,3.4,6.6,5.4
svm_full,signo_zodiacal_geminis,216,0.5,0.54,0.54,0.48,0.49909090909090914,0.5439999999999999,0.605301309629483,4.8,4.0,6.0,5.2
svm_full,signo_zodiacal_geminis,217,0.5,0.5700000000000001,0.5543803418803419,0.74,0.6276711846505897,0.562,0.5759405186316952,7.4,6.0,4.0,2.6
svm_full,signo_zodiacal_geminis,218,0.5,0.51,0.5156843156843156,0.5,0.5016400763203832,0.476,0.5318312043134024,5.0,4.8,5.2,5.0
svm_full,signo_zodiacal_geminis,219,0.5,0.56,0.5463492063492064,0.64,0.5832631578947368,0.588,0.6215530488603243,6.4,5.2,4.8,3.6
svm_full,signo_zodiacal_geminis,220,0.5,0.5700000000000001,0.5524955436720143,0.72,0.6206589706589706,0.5599999999999999,0.5975411255411255,7.2,5.8,4.2,2.8
svm_full,signo_zodiacal_geminis,221,0.5,0.33,0.28106060606060607,0.24,0.2567460317460317,0.306,0.4287340072208493,2.4,5.8,4.2,7.6
svm_full,signo_zodiacal_geminis,222,0.5,0.45999999999999996,0.4628054298642533,0.6,0.5169565217391304,0.47800000000000004,0.5584663561412787,6.0,6.8,3.2,4.0
svm_full,signo_zodiacal_geminis,223,0.5,0.45,0.43277777777777776,0.30000000000000004,0.345563909774436,0.46799999999999997,0.5523714716655894,3.0,4.0,6.0,7.0
svm_full,signo_zodiacal_geminis,224,0.5,0.49000000000000005,0.5009523809523809,0.36,0.41505331957344344,0.45600000000000007,0.5390408588659362,3.6,3.8,6.2,6.4
svm_full,signo_zodiacal_geminis,225,0.5,0.45999999999999996,0.45444444444444443,0.5200000000000001,0.47877070298122926,0.458,0.5290212302317565,5.2,6.0,4.0,4.8
svm_full,signo_zodiacal_geminis,226,0.5,0.38,0.39904428904428907,0.5,0.44224656502917375,0.364,0.48492656732672207,5.0,7.4,2.6,5.0
svm_full,signo_zodiacal_geminis,227,0.5,0.5599999999999999,0.5701587301587301,0.42000000000000004,0.47299425033171155,0.5820000000000001,0.6066298038047264,4.2,3.0,7.0,5.8
svm_full,signo_zodiacal_geminis,228,0.5,0.49000000000000005,0.4847319347319347,0.52,0.4979530512711291,0.458,0.5235601220245183,5.2,5.4,4.6,4.8
svm_full,signo_zodiacal_geminis,229,0.5,0.5,0.5268181818181819,0.43999999999999995,0.4628571428571428,0.502,0.5550751542059592,4.4,4.4,5.6,5.6
svm_full,signo_zodiacal_geminis,230,0.5,0.51,0.5343589743589743,0.5199999999999999,0.5048160535117057,0.51,0.5953390553375073,5.2,5.0,5.0,4.8
svm_full,signo_zodiacal_geminis,231,0.5,0.48999999999999994,0.47687590187590184,0.4,0.42979876160990715,0.5,0.5191178343500324,4.0,4.2,5.8,6.0
svm_full,signo_zodiacal_geminis,232,0.5,0.5599999999999999,0.6176190476190477,0.34,0.4348319327731092,0.5439999999999999,0.6401057471939824,3.4,2.2,7.8,6.6
svm_full,signo_zodiacal_geminis,233,0.5,0.51,0.508974358974359,0.58,0.5386912604303908,0.5599999999999999,0.630038080598452,5.8,5.6,4.4,4.2
svm_full,signo_zodiacal_geminis,234,0.5,0.5,0.5038034188034188,0.48,0.4870022883295194,0.524,0.6052953810894988,4.8,4.8,5.2,5.2
svm_full,signo_zodiacal_geminis,235,0.5,0.5700000000000001,0.6047619047619047,0.44000000000000006,0.5058823529411764,0.6060000000000001,0.597362007273772,4.4,3.0,7.0,5.6
svm_full,signo_zodiacal_geminis,236,0.5,0.54,0.5329137529137529,0.54,0.5264211913182164,0.532,0.5986942773428842,5.4,4.6,5.4,4.6
svm_full,signo_zodiacal_geminis,237,0.5,0.44000000000000006,0.4284848484848485,0.45999999999999996,0.43714285714285717,0.434,0.49683143756827974,4.6,5.8,4.2,5.4
svm_full,signo_zodiacal_geminis,238,0.5,0.54,0.5292507492507492,0.62,0.5684057971014492,0.554,0.5912047060266874,6.2,5.4,4.6,3.8
svm_full,signo_zodiacal_geminis,239,0.5,0.4800000000000001,0.48956709956709954,0.6399999999999999,0.5528917748917749,0.476,0.5660660003910778,6.4,6.8,3.2,3.6
svm_full,signo_zodiacal_geminis,240,0.5,0.44000000000000006,0.4506759906759907,0.5800000000000001,0.5059770374552983,0.42299999999999993,0.5319974649533472,5.8,7.0,3.0,4.2
svm_full,signo_zodiacal_geminis,241,0.5,0.44000000000000006,0.4198412698412698,0.36000000000000004,0.3818635269099665,0.392,0.4973578378106242,3.6,4.8,5.2,6.4
svm_full,signo_zodiacal_geminis,242,0.5,0.6,0.5686446886446886,0.82,0.6710724637681159,0.55,0.5629513352144931,8.2,6.2,3.8,1.8
svm_full,signo_zodiacal_geminis,243,0.5,0.49000000000000005,0.4734065934065934,0.42000000000000004,0.43454958795112253,0.502,0.5645790026966497,4.2,4.4,5.6,5.8
svm_full,signo_zodiacal_geminis,244,0.5,0.45,0.45991452991452986,0.54,0.492858747659663,0.4680000000000001,0.5288008468140046,5.4,6.4,3.6,4.6
svm_full,signo_zodiacal_geminis,245,0.5,0.47000000000000003,0.5021428571428571,0.42000000000000004,0.4472514619883041,0.492,0.5236530054912407,4.2,4.8,5.2,5.8
svm_full,signo_zodiacal_geminis,246,0.5,0.53,0.5692857142857142,0.36,0.43633986928104573,0.5359999999999999,0.5913923082421534,3.6,3.0,7.0,6.4
svm_full,signo_zodiacal_geminis,247,0.5,0.5,0.5022222222222222,0.3,0.3696867167919799,0.516,0.5912313683048976,3.0,3.0,7.0,7.0
svm_full,signo_zodiacal_geminis,248,0.5,0.48999999999999994,0.41388888888888886,0.3,0.3453216374269006,0.41,0.5077228975874487,3.0,3.2,6.8,7.0
svm_full,signo_zodiacal_geminis,249,0.5,0.51,0.5031746031746032,0.6399999999999999,0.5599681020733652,0.522,0.5775726001724453,6.4,6.2,3.8,3.6
svm_full,signo_zodiacal_geminis,250,0.5,0.5700000000000001,0.5625,0.74,0.63205005520795,0.608,0.6223030935352917,7.4,6.0,4.0,2.6
svm_full,signo_zodiacal_geminis,251,0.5,0.47000000000000003,0.45777777777777773,0.29999999999999993,0.3495488721804511,0.45999999999999996,0.5382949854582982,3.0,3.6,6.4,7.0
svm_full,signo_zodiacal_geminis,252,0.5,0.38999999999999996,0.4118181818181818,0.48,0.4413852813852814,0.406,0.5296145270278397,4.8,7.0,3.0,5.2
svm_full,signo_zodiacal_geminis,253,0.5,0.57,0.5657575757575758,0.54,0.5462643239113827,0.624,0.6582066066888048,5.4,4.0,6.0,4.6
svm_full,signo_zodiacal_geminis,254,0.5,0.48,0.48,0.38,0.41649122807017547,0.4779999999999999,0.5491118772867998,3.8,4.2,5.8,6.2
svm_full,signo_zodiacal_geminis,255,0.5,0.51,0.4800000000000001,0.5,0.4767330447330448,0.477,0.539970526807214,5.0,4.8,5.2,5.0
svm_full,signo_zodiacal_geminis,256,0.5,0.48,0.47682539682539693,0.5,0.4767783094098883,0.4720000000000001,0.579209626372939,5.0,5.4,4.6,5.0
svm_full,signo_zodiacal_geminis,257,0.5,0.47000000000000003,0.47619047619047616,0.4,0.4307783719548425,0.49399999999999994,0.556646711733399,4.0,4.6,5.4,6.0
svm_full,signo_zodiacal_geminis,258,0.5,0.53,0.5286713286713287,0.64,0.5750437967829272,0.594,0.6466919381787802,6.4,5.8,4.2,3.6
svm_full,signo_zodiacal_geminis,259,0.5,0.45999999999999996,0.4525757575757575,0.4800000000000001,0.4587936507936508,0.4640000000000001,0.5570504577122224,4.8,5.6,4.4,5.2
svm_full,signo_zodiacal_geminis,260,0.5,0.5999999999999999,0.6088888888888888,0.5999999999999999,0.6027751196172249,0.5940000000000001,0.5956189523410886,6.0,4.0,6.0,4.0
svm_full,signo_zodiacal_geminis,261,0.5,0.51,0.4590909090909091,0.4800000000000001,0.46002886002886,0.4680000000000001,0.4965775874452345,4.8,4.6,5.4,5.2
svm_full,signo_zodiacal_geminis,262,0.5,0.45,0.44324786324786325,0.45999999999999996,0.4491075514874142,0.44699999999999995,0.512484256971099,4.6,5.6,4.4,5.4
svm_full,signo_zodiacal_geminis,263,0.5,0.5900000000000001,0.5758907758907759,0.6799999999999999,0.6197752285852973,0.634,0.6878593253152077,6.8,5.0,5.0,3.2
svm_full,signo_zodiacal_geminis,264,0.5,0.4,0.3372222222222222,0.27999999999999997,0.30254385964912284,0.36,0.4695144130894905,2.8,4.8,5.2,7.2
svm_full,signo_zodiacal_geminis,265,0.5,0.5499999999999999,0.5726190476190476,0.5,0.5221479500891266,0.528,0.6355514763014762,5.0,4.0,6.0,5.0
svm_full,signo_zodiacal_geminis,266,0.5,0.39,0.389965034965035,0.42000000000000004,0.4017391304347826,0.314,0.42478290586262724,4.2,6.4,3.6,5.8
svm_full,signo_zodiacal_geminis,267,0.5,0.53,0.5423529411764705,0.68,0.5965649477228425,0.49400000000000005,0.5557958055016878,6.8,6.2,3.8,3.2
svm_full,signo_zodiacal_geminis,268,0.5,0.52,0.5333333333333333,0.5199999999999999,0.5166666666666667,0.5640000000000001,0.5891505412372285,5.2,4.8,5.2,4.8
svm_full,signo_zodiacal_geminis,269,0.5,0.64,0.6095238095238095,0.78,0.6833333333333333,0.648,0.6321172787480837,7.8,5.0,5.0,2.2
svm_full,signo_zodiacal_geminis,270,0.5,0.42000000000000004,0.4025574425574425,0.48,0.4338979417854098,0.40800000000000003,0.4978497160734003,4.8,6.4,3.6,5.2
svm_full,signo_zodiacal_geminis,271,0.5,0.5,0.5078754578754578,0.5199999999999999,0.5083468960706813,0.52,0.5618021037270263,5.2,5.2,4.8,4.8
svm_full,signo_zodiacal_geminis,272,0.5,0.5800000000000001,0.6211111111111112,0.45999999999999996,0.5109774436090225,0.518,0.5914254515694143,4.6,3.0,7.0,5.4
svm_full,signo_zodiacal_geminis,273,0.5,0.36,0.3588888888888889,0.38,0.3646549707602339,0.314,0.44393266314009344,3.8,6.6,3.4,6.2
svm_full,signo_zodiacal_geminis,274,0.5,0.49000000000000005,0.4935897435897436,0.5599999999999999,0.5203695998890507,0.4720000000000001,0.5798379049571001,5.6,5.8,4.2,4.4
svm_full,signo_zodiacal_geminis,275,0.5,0.51,0.5316666666666666,0.36000000000000004,0.42315789473684207,0.45600000000000007,0.5639195743197291,3.6,3.4,6.6,6.4
svm_full,signo_zodiacal_geminis,276,0.5,0.58,0.6239682539682541,0.48,0.528624502432552,0.576,0.6187560772560772,4.8,3.2,6.8,5.2
svm_full,signo_zodiacal_geminis,277,0.5,0.38,0.39224553224553227,0.41999999999999993,0.40425193418328426,0.32199999999999995,0.45892818971534144,4.2,6.6,3.4,5.8
svm_full,signo_zodiacal_geminis,278,0.5,0.48999999999999994,0.45298701298701294,0.41999999999999993,0.4285680332739156,0.47000000000000003,0.5459996649377453,4.2,4.4,5.6,5.8
svm_full,signo_zodiacal_geminis,279,0.5,0.48,0.4841958041958042,0.5399999999999999,0.5058454106280192,0.434,0.5120614710367032,5.4,5.8,4.2,4.6
svm_full,signo_zodiacal_geminis,280,0.5,0.49000000000000005,0.47575757575757577,0.62,0.5261904761904763,0.49400000000000005,0.5496725039666217,6.2,6.4,3.6,3.8
svm_full,signo_zodiacal_geminis,281,0.5,0.51,0.589033189033189,0.42000000000000004,0.46311706868982416,0.48,0.5530476565917741,4.2,4.0,6.0,5.8
svm_full,signo_zodiacal_geminis,282,0.5,0.55,0.5540909090909091,0.54,0.5453968253968254,0.5740000000000001,0.6573419913419913,5.4,4.4,5.6,4.6
svm_full,signo_zodiacal_geminis,283,0.5,0.49000000000000005,0.47777777777777786,0.38,0.4197368421052631,0.49499999999999994,0.5571697089460247,3.8,4.0,6.0,6.2
svm_full,signo_zodiacal_geminis,284,0.5,0.5799999999999998,0.574563492063492,0.62,0.5851150706878261,0.5980000000000001,0.6704218336702856,6.2,4.6,5.4,3.8
svm_full,signo_zodiacal_geminis,285,0.5,0.54,0.541025641025641,0.5599999999999999,0.5460347178882647,0.546,0.5807538203110959,5.6,4.8,5.2,4.4
svm_full,signo_zodiacal_geminis,286,0.5,0.51,0.5331168831168831,0.43999999999999995,0.4787114845938375,0.5640000000000001,0.6454705017205017,4.4,4.2,5.8,5.6
svm_full,signo_zodiacal_geminis,287,0.5,0.5800000000000001,0.5790909090909091,0.62,0.5855584415584415,0.674,0.7201863295802924,6.2,4.6,5.4,3.8
svm_full,signo_zodiacal_geminis,288,0.5,0.53,0.5551531801531802,0.54,0.5398818288843865,0.608,0.7047174961261649,5.4,4.8,5.2,4.6
svm_full,signo_zodiacal_geminis,289,0.5,0.53,0.5301587301587302,0.56,0.5373059386433999,0.53,0.5611071412247883,5.6,5.0,5.0,4.4
svm_full,signo_zodiacal_geminis,290,0.5,0.5,0.5072727272727273,0.6799999999999999,0.5784972129319955,0.558,0.6274308279439859,6.8,6.8,3.2,3.2
svm_full,signo_zodiacal_geminis,291,0.5,0.47000000000000003,0.4751515151515151,0.4,0.4238095238095238,0.422,0.5587659599602325,4.0,4.6,5.4,6.0
svm_full,signo_zodiacal_geminis,292,0.5,0.51,0.4957575757575758,0.5599999999999999,0.5194234070023545,0.5299999999999999,0.6018704785926149,5.6,5.4,4.6,4.4
svm_full,signo_zodiacal_geminis,293,0.5,0.47000000000000003,0.4618181818181818,0.42000000000000004,0.4332832080200501,0.48200000000000004,0.5576432178932179,4.2,4.8,5.2,5.8
svm_full,signo_zodiacal_geminis,294,0.5,0.5700000000000001,0.5535714285714286,0.4800000000000001,0.49456975772765244,0.624,0.6347024495112731,4.8,3.4,6.6,5.2
svm_full,signo_zodiacal_geminis,295,0.5,0.44000000000000006,0.42532467532467527,0.43999999999999995,0.42969723774677326,0.392,0.5062129002748198,4.4,5.6,4.4,5.6
svm_full,signo_zodiacal_geminis,296,0.5,0.5,0.4979797979797979,0.5199999999999999,0.5075871496924128,0.4880000000000001,0.579324090512171,5.2,5.2,4.8,4.8
svm_full,signo_zodiacal_geminis,297,0.5,0.39,0.3915169144580909,0.4800000000000001,0.42344295469615156,0.364,0.465031244469325,4.8,7.0,3.0,5.2
svm_full,signo_zodiacal_geminis,298,0.5,0.4600000000000001,0.4872510822510823,0.42000000000000004,0.4382819794584501,0.49399999999999994,0.5912656612393454,4.2,5.0,5.0,5.8
svm_full,signo_zodiacal_geminis,299,0.5,0.55,0.5609090909090909,0.5800000000000001,0.5652380952380953,0.548,0.627914862914863,5.8,4.8,5.2,4.2
svm_full,signo_zodiacal_geminis,300,0.5,0.48,0.48297258297258294,0.44000000000000006,0.45777679492849777,0.492,0.5441384987561457,4.4,4.8,5.2,5.6
svm_full,signo_zodiacal_geminis,301,0.5,0.61,0.6388034188034188,0.54,0.5563529376801688,0.5740000000000001,0.6250629005497427,5.4,3.2,6.8,4.6
svm_full,signo_zodiacal_geminis,302,0.5,0.37,0.38733766233766237,0.44000000000000006,0.40887445887445883,0.382,0.4949781160531934,4.4,7.0,3.0,5.6
svm_full,signo_zodiacal_geminis,303,0.5,0.42000000000000004,0.39333333333333337,0.27999999999999997,0.32149122807017544,0.318,0.4449151096581437,2.8,4.4,5.6,7.2
svm_full,signo_zodiacal_geminis,304,0.5,0.49000000000000005,0.48571428571428565,0.54,0.5061990013396663,0.488,0.5414471141173928,5.4,5.6,4.4,4.6
svm_full,signo_zodiacal_geminis,305,0.5,0.51,0.505,0.48,0.4830591630591631,0.53,0.6035002595443772,4.8,4.6,5.4,5.2
svm_full,signo_zodiacal_geminis,306,0.5,0.54,0.5376068376068377,0.58,0.5540045766590389,0.524,0.5493908087096941,5.8,5.0,5.0,4.2
svm_full,signo_zodiacal_geminis,307,0.5,0.45,0.4623376623376624,0.6,0.5209956709956709,0.458,0.5293771963330786,6.0,7.0,3.0,4.0
svm_full,signo_zodiacal_geminis,308,0.5,0.58,0.6403174603174603,0.45999999999999996,0.5303869969040248,0.562,0.6384597906393572,4.6,3.0,7.0,5.4
svm_full,signo_zodiacal_geminis,309,0.5,0.4800000000000001,0.48590909090909085,0.4,0.4313784461152882,0.508,0.5536722721722722,4.0,4.4,5.6,6.0
svm_full,signo_zodiacal_geminis,310,0.5,0.53,0.5416666666666667,0.54,0.5374269005847954,0.558,0.6501595246858404,5.4,4.8,5.2,4.6
svm_full,signo_zodiacal_geminis,311,0.5,0.42000000000000004,0.4878787878787879,0.24000000000000005,0.28321237585943465,0.404,0.48119641263449314,2.4,4.0,6.0,7.6
svm_full,signo_zodiacal_geminis,312,0.5,0.6,0.5943362193362193,0.66,0.6086919616331381,0.626,0.6571302831155772,6.6,4.6,5.4,3.4
svm_full,signo_zodiacal_geminis,313,0.5,0.49000000000000005,0.48337662337662335,0.36,0.39887955182072826,0.522,0.56614112787797,3.6,3.8,6.2,6.4
svm_full,signo_zodiacal_geminis,314,0.5,0.5599999999999999,0.5890909090909091,0.52,0.5389321789321789,0.584,0.6342514876764103,5.2,4.0,6.0,4.8
svm_full,signo_zodiacal_geminis,315,0.5,0.43,0.44245421245421246,0.5,0.46487044356609575,0.442,0.5293374670565073,5.0,6.4,3.6,5.0
svm_full,signo_zodiacal_geminis,316,0.5,0.45,0.43460317460317455,0.36,0.3881320949432404,0.43,0.5400917622109571,3.6,4.6,5.4,6.4
svm_full,signo_zodiacal_geminis,317,0.5,0.42000000000000004,0.41416666666666657,0.42000000000000004,0.39617715617715615,0.384,0.5147506403125598,4.2,5.8,4.2,5.8
svm_full,signo_zodiacal_geminis,318,0.5,0.58,0.5885392385392385,0.58,0.5591587664814208,0.602,0.6452066256756659,5.8,4.2,5.8,4.2
svm_full,signo_zodiacal_geminis,319,0.5,0.48,0.4875,0.6199999999999999,0.5428701733049559,0.504,0.5925970234615745,6.2,6.6,3.4,3.8
svm_full,signo_zodiacal_geminis,320,0.5,0.5599999999999999,0.546060606060606,0.62,0.5761904761904761,0.604,0.6222698196196649,6.2,5.0,5.0,3.8
svm_full,signo_zodiacal_geminis,321,0.5,0.52,0.5165811965811965,0.4999999999999999,0.5009496567505721,0.5539999999999999,0.6270347970742707,5.0,4.6,5.4,5.0
svm_full,signo_zodiacal_geminis,322,0.5,0.45999999999999996,0.45972222222222225,0.6599999999999999,0.5333999333999333,0.43600000000000005,0.49470039377547115,6.6,7.4,2.6,3.4
svm_full,signo_zodiacal_geminis,323,0.5,0.42000000000000004,0.4255555555555556,0.4800000000000001,0.44711961722488036,0.4,0.5200836673646271,4.8,6.4,3.6,5.2
svm_full,signo_zodiacal_geminis,324,0.5,0.47000000000000003,0.46016483516483514,0.38,0.40810599602159703,0.492,0.5906351885128974,3.8,4.4,5.6,6.2
svm_full,signo_zodiacal_geminis,325,0.5,0.51,0.5166666666666667,0.58,0.5429090909090909,0.526,0.5771527079731414,5.8,5.6,4.4,4.2
svm_full,signo_zodiacal_geminis,326,0.5,0.51,0.513888888888889,0.54,0.5225943646996278,0.53,0.5725360570801746,5.4,5.2,4.8,4.6
svm_full,signo_zodiacal_geminis,327,0.5,0.5799999999999998,0.6090909090909091,0.48,0.518095238095238,0.626,0.6751496189568943,4.8,3.2,6.8,5.2
svm_full,signo_zodiacal_geminis,328,0.5,0.54,0.5299145299145299,0.62,0.5695860203869357,0.548,0.5833678059986109,6.2,5.4,4.6,3.8
svm_full,signo_zodiacal_geminis,329,0.5,0.33,0.33742424242424246,0.38,0.35295238095238096,0.308,0.45442698357713834,3.8,7.2,2.8,6.2
svm_full,signo_zodiacal_geminis,330,0.5,0.5900000000000001,0.6034632034632035,0.52,0.5550739594083247,0.618,0.6550344730948445,5.2,3.4,6.6,4.8
svm_full,signo_zodiacal_geminis,331,0.5,0.58,0.6046722884958179,0.66,0.6199435787536475,0.6020000000000001,0.6345454898558613,6.6,5.0,5.0,3.4
svm_full,signo_zodiacal_geminis,332,0.5,0.59,0.6083333333333333,0.6,0.5965178096757044,0.5900000000000001,0.637557486631016,6.0,4.2,5.8,4.0
svm_full,signo_zodiacal_geminis,333,0.5,0.48,0.4672882672882673,0.48,0.4674784788057099,0.45,0.49288558603419286,4.8,5.2,4.8,5.2
svm_full,signo_zodiacal_geminis,334,0.5,0.5700000000000001,0.5411538461538461,0.6799999999999999,0.5980184453227931,0.548,0.5703236746913217,6.8,5.4,4.6,3.2
svm_full,signo_zodiacal_geminis,335,0.5,0.42000000000000004,0.4209090909090909,0.4,0.40038842203548086,0.358,0.46910855956908587,4.0,5.6,4.4,6.0
svm_full,signo_zodiacal_geminis,336,0.5,0.5,0.49520202020202025,0.48,0.48621553884711777,0.516,0.5619532205840255,4.8,4.8,5.2,5.2
svm_full,signo_zodiacal_geminis,337,0.5,0.45999999999999996,0.45890109890109887,0.6200000000000001,0.5251059085841694,0.522,0.6176623464255042,6.2,7.0,3.0,3.8
svm_full,signo_zodiacal_geminis,338,0.5,0.41,0.40285714285714286,0.48,0.4301357466063349,0.41200000000000003,0.5024795653263145,4.8,6.6,3.4,5.2
svm_full,signo_zodiacal_geminis,339,0.5,0.44000000000000006,0.3994720965309201,0.44000000000000006,0.3988612836438923,0.42000000000000004,0.49520153968838176,4.4,5.6,4.4,5.6
svm_full,signo_zodiacal_geminis,340,0.5,0.55,0.5424242424242425,0.5799999999999998,0.5577200577200576,0.578,0.6259549682343799,5.8,4.8,5.2,4.2
svm_full,signo_zodiacal_geminis,341,0.5,0.58,0.5971428571428572,0.4800000000000001,0.5267647058823529,0.512,0.5885613824599891,4.8,3.2,6.8,5.2
svm_full,signo_zodiacal_geminis,342,0.5,0.49000000000000005,0.4920634920634921,0.43999999999999995,0.4625386996904025,0.534,0.5974946132299073,4.4,4.6,5.4,5.6
svm_full,signo_zodiacal_geminis,343,0.5,0.54,0.5361616161616161,0.47999999999999987,0.502249742002064,0.5740000000000001,0.5925467022657425,4.8,4.0,6.0,5.2
svm_full,signo_zodiacal_geminis,344,0.5,0.42000000000000004,0.41789321789321787,0.4,0.40167084377610685,0.40199999999999997,0.46630556431872217,4.0,5.6,4.4,6.0
svm_full,signo_zodiacal_geminis,345,0.5,0.37,0.3768870018870019,0.42000000000000004,0.3933474991827394,0.376,0.505855025693261,4.2,6.8,3.2,5.8
svm_full,signo_zodiacal_geminis,346,0.5,0.54,0.5258333333333334,0.68,0.5896736596736597,0.5700000000000001,0.6030969934777984,6.8,6.0,4.0,3.2
svm_full,signo_zodiacal_geminis,347,0.5,0.5,0.4976190476190476,0.44000000000000006,0.4623260468461707,0.504,0.5501244655757039,4.4,4.4,5.6,5.6
svm_full,signo_zodiacal_geminis,348,0.5,0.5,0.5238888888888888,0.42000000000000004,0.4492105263157895,0.4960000000000001,0.589358335678769,4.2,4.2,5.8,5.8
svm_full,signo_zodiacal_geminis,349,0.5,0.48,0.4662337662337662,0.4,0.41015406162464985,0.4659999999999999,0.5262723550958845,4.0,4.4,5.6,6.0
svm_full,signo_zodiacal_geminis,350,0.5,0.4600000000000001,0.457034632034632,0.47999999999999987,0.4614973262032086,0.42800000000000005,0.49900483623703434,4.8,5.6,4.4,5.2
svm_full,signo_zodiacal_geminis,351,0.5,0.49000000000000005,0.4966666666666667,0.5800000000000001,0.5284646464646465,0.475,0.5542997007292673,5.8,6.0,4.0,4.2
svm_full,signo_zodiacal_geminis,352,0.5,0.5700000000000001,0.5453393665158371,0.72,0.6118670765627288,0.518,0.5507318406567633,7.2,5.8,4.2,2.8
svm_full,signo_zodiacal_geminis,353,0.5,0.5,0.5190476190476191,0.52,0.4980769230769231,0.4779999999999999,0.5734221150366661,5.2,5.2,4.8,4.8
svm_full,signo_zodiacal_geminis,354,0.5,0.5,0.491474358974359,0.6399999999999999,0.550809364548495,0.4640000000000001,0.5046128228496649,6.4,6.4,3.6,3.6
svm_full,signo_zodiacal_geminis,355,0.5,0.5,0.4992857142857142,0.5599999999999999,0.5211111111111111,0.5210000000000001,0.6071386766827943,5.6,5.6,4.4,4.4
svm_full,signo_zodiacal_geminis,356,0.5,0.48999999999999994,0.5073109243697479,0.62,0.5466666666666666,0.502,0.5775398506722036,6.2,6.4,3.6,3.8
svm_full,signo_zodiacal_geminis,357,0.5,0.48,0.48424242424242425,0.5599999999999999,0.5133784461152883,0.4800000000000001,0.5524113597101212,5.6,6.0,4.0,4.4
svm_full,signo_zodiacal_geminis,358,0.5,0.54,0.5353379953379953,0.66,0.5890577827969132,0.575,0.6177287610050768,6.6,5.8,4.2,3.4
svm_full,signo_zodiacal_geminis,359,0.5,0.52,0.5074034462269756,0.6599999999999999,0.5685968456494772,0.5319999999999999,0.5943838567693056,6.6,6.2,3.8,3.4
svm_full,signo_zodiacal_geminis,360,0.5,0.54,0.5379458450046686,0.58,0.5357141382868937,0.6040000000000001,0.651148070883365,5.8,5.0,5.0,4.2
svm_full,signo_zodiacal_geminis,361,0.5,0.52,0.5172727272727273,0.5,0.5024003189792664,0.6040000000000001,0.6186583651126996,5.0,4.6,5.4,5.0
svm_full,signo_zodiacal_geminis,362,0.5,0.48,0.4690109890109889,0.6,0.5213196930946291,0.396,0.4860080762890361,6.0,6.4,3.6,4.0
svm_full,signo_zodiacal_geminis,363,0.5,0.49000000000000005,0.48590909090909085,0.45999999999999996,0.46725829725829726,0.5519999999999999,0.6061615592010329,4.6,4.8,5.2,5.4
svm_full,signo_zodiacal_geminis,364,0.5,0.45999999999999996,0.46287046287046285,0.5,0.4762347626797755,0.46799999999999997,0.5429880474702455,5.0,5.8,4.2,5.0
svm_full,signo_zodiacal_geminis,365,0.5,0.49000000000000005,0.4733766233766234,0.5599999999999999,0.5102453102453102,0.506,0.5849316881948461,5.6,5.8,4.2,4.4
svm_full,signo_zodiacal_geminis,366,0.5,0.48,0.4866666666666667,0.36,0.4076315789473684,0.442,0.5409087389218967,3.6,4.0,6.0,6.4
svm_full,signo_zodiacal_geminis,367,0.5,0.45999999999999996,0.4288095238095238,0.3,0.3503921568627451,0.458,0.5036539771717791,3.0,3.8,6.2,7.0
svm_full,signo_zodiacal_geminis,368,0.5,0.48,0.4766233766233766,0.44000000000000006,0.45471521942110177,0.446,0.5433707681207681,4.4,4.8,5.2,5.6
svm_full,signo_zodiacal_geminis,369,0.5,0.43,0.4469994058229352,0.5399999999999999,0.48401812612338924,0.384,0.5032926722400407,5.4,6.8,3.2,4.6
svm_full,signo_zodiacal_geminis,370,0.5,0.5599999999999999,0.585952380952381,0.45999999999999996,0.4932287581699346,0.5940000000000001,0.6481501456060279,4.6,3.4,6.6,5.4
svm_full,signo_zodiacal_geminis,371,0.5,0.48,0.4900349650349651,0.4,0.4249827467218772,0.44600000000000006,0.5641925229912845,4.0,4.4,5.6,6.0
svm_full,signo_zodiacal_geminis,372,0.5,0.55,0.5367857142857143,0.72,0.6107039627039628,0.5700000000000001,0.6175556736864787,7.2,6.2,3.8,2.8
svm_full,signo_zodiacal_geminis,373,0.5,0.47000000000000003,0.45757575757575764,0.45999999999999996,0.45642895116579324,0.45,0.5389132744620361,4.6,5.2,4.8,5.4
svm_full,signo_zodiacal_geminis,374,0.5,0.56,0.5984188034188034,0.5,0.5264363808070902,0.49400000000000005,0.6102904707951147,5.0,3.8,6.2,5.0
svm_full,signo_zodiacal_geminis,375,0.5,0.57,0.5734498834498833,0.7,0.6204351011307534,0.5740000000000001,0.6066850273909097,7.0,5.6,4.4,3.0
svm_full,signo_zodiacal_geminis,376,0.5,0.53,0.5424242424242424,0.45999999999999996,0.49264828738512945,0.47800000000000004,0.5339052906158168,4.6,4.0,6.0,5.4
svm_full,signo_zodiacal_geminis,377,0.5,0.64,0.7238095238095238,0.5,0.586764705882353,0.7020000000000001,0.7375484488851362,5.0,2.2,7.8,5.0
svm_full,signo_zodiacal_geminis,378,0.5,0.54,0.5443473193473193,0.6,0.5668988016814105,0.528,0.5981047579871108,6.0,5.2,4.8,4.0
svm_full,signo_zodiacal_geminis,379,0.5,0.45,0.4455555555555555,0.5,0.4662775119617225,0.43200000000000005,0.5133359126253862,5.0,6.0,4.0,5.0
svm_full,signo_zodiacal_geminis,380,0.5,0.5700000000000001,0.6709090909090909,0.4600000000000001,0.5188615770194718,0.6120000000000001,0.6918496415864837,4.6,3.2,6.8,5.4
svm_full,signo_zodiacal_geminis,381,0.5,0.4,0.39861138861138856,0.4800000000000001,0.4304309296841266,0.434,0.5358500002749229,4.8,6.8,3.2,5.2
svm_full,signo_zodiacal_geminis,382,0.5,0.43000000000000005,0.4379365079365079,0.45999999999999996,0.441707852518998,0.386,0.4922802512245236,4.6,6.0,4.0,5.4
svm_full,signo_zodiacal_geminis,383,0.5,0.38,0.3853646353646354,0.44000000000000006,0.40759144237405104,0.40199999999999997,0.5419845104156249,4.4,6.8,3.2,5.6
svm_full,signo_zodiacal_geminis,384,0.5,0.45,0.4573692973692974,0.54,0.4881782974059189,0.388,0.5063108115654555,5.4,6.4,3.6,4.6
svm_full,signo_zodiacal_geminis,385,0.5,0.47000000000000003,0.4681385281385281,0.54,0.48870995670995665,0.4699999999999999,0.5530912128806865,5.4,6.0,4.0,4.6
svm_full,signo_zodiacal_geminis,386,0.5,0.4600000000000001,0.45361471861471864,0.38,0.40859943977591034,0.46799999999999997,0.5697648817470798,3.8,4.6,5.4,6.2
svm_full,signo_zodiacal_geminis,387,0.5,0.51,0.4398901098901099,0.44000000000000006,0.4265217391304348,0.5940000000000001,0.6121300545859368,4.4,4.2,5.8,5.6
svm_full,signo_zodiacal_geminis,388,0.5,0.48,0.47839937839937835,0.5,0.48531473611565146,0.46399999999999997,0.5373331755963335,5.0,5.4,4.6,5.0
svm_full,signo_zodiacal_geminis,389,0.5,0.54,0.6011111111111112,0.45999999999999996,0.4943107769423558,0.516,0.5677393521511169,4.6,3.8,6.2,5.4
svm_full,signo_zodiacal_geminis,390,0.5,0.35,0.36606060606060603,0.36,0.35664502164502165,0.34700000000000003,0.48779569003408,3.6,6.6,3.4,6.4
svm_full,signo_zodiacal_geminis,391,0.5,0.4800000000000001,0.4636111111111111,0.4800000000000001,0.4570580296896086,0.48600000000000004,0.5732593060534236,4.8,5.2,4.8,5.2
svm_full,signo_zodiacal_geminis,392,0.5,0.5700000000000001,0.4875,0.5599999999999999,0.5132090132090132,0.6220000000000001,0.646418394900593,5.6,4.2,5.8,4.4
svm_full,signo_zodiacal_geminis,393,0.5,0.53,0.545,0.4,0.44825396825396824,0.538,0.5693151178886473,4.0,3.4,6.6,6.0
svm_full,signo_zodiacal_geminis,394,0.5,0.55,0.5400865800865801,0.7,0.6072380952380952,0.5279999999999999,0.5538822094658007,7.0,6.0,4.0,3.0
svm_full,signo_zodiacal_geminis,395,0.5,0.53,0.5226806526806527,0.64,0.5725149632975719,0.5619999999999999,0.5747824164999088,6.4,5.8,4.2,3.6
svm_full,signo_zodiacal_geminis,396,0.5,0.45999999999999996,0.47102564102564104,0.58,0.5177391304347826,0.48200000000000004,0.5610558504103395,5.8,6.6,3.4,4.2
svm_full,signo_zodiacal_geminis,397,0.5,0.5900000000000001,0.6678571428571429,0.36,0.4573295985060691,0.518,0.6146760102642455,3.6,1.8,8.2,6.4
svm_full,signo_zodiacal_geminis,398,0.5,0.4,0.40793650793650793,0.36000000000000004,0.3752533070644526,0.312,0.44352161117176586,3.6,5.6,4.4,6.4
svm_full,signo_zodiacal_geminis,399,0.5,0.49000000000000005,0.4898834498834499,0.44000000000000006,0.45125258799171847,0.47400000000000003,0.5566815021064248,4.4,4.6,5.4,5.6
svm_full,signo_zodiacal_geminis,400,0.5,0.48,0.4675757575757576,0.4,0.41912964228753696,0.5479999999999999,0.6011628334685609,4.0,4.4,5.6,6.0
svm_full,signo_zodiacal_geminis,401,0.5,0.5000000000000001,0.4983333333333334,0.5,0.4917426900584796,0.476,0.5608650962900189,5.0,5.0,5.0,5.0
svm_full,signo_zodiacal_geminis,402,0.5,0.51,0.4996536796536796,0.5599999999999999,0.5213761140819965,0.52,0.6043280520648942,5.6,5.4,4.6,4.4
svm_full,signo_zodiacal_geminis,403,0.5,0.54,0.5442857142857143,0.4,0.45856209150326793,0.5660000000000001,0.6212074494133318,4.0,3.2,6.8,6.0
svm_full,signo_zodiacal_geminis,404,0.5,0.37,0.3910897435897435,0.48,0.42737610215871086,0.442,0.5702686947555369,4.8,7.4,2.6,5.2
svm_full,signo_zodiacal_geminis,405,0.5,0.5,0.4928271728271728,0.48,0.47981001096090614,0.534,0.5781303659360935,4.8,4.8,5.2,5.2
svm_full,signo_zodiacal_geminis,406,0.5,0.5700000000000001,0.5577777777777778,0.64,0.5928389154704944,0.6140000000000001,0.6375333555333554,6.4,5.0,5.0,3.6
svm_full,signo_zodiacal_geminis,407,0.5,0.43,0.42914862914862917,0.44000000000000006,0.42860828541943097,0.40599999999999997,0.4620760068964403,4.4,5.8,4.2,5.6
svm_full,signo_zodiacal_geminis,408,0.5,0.5700000000000001,0.5619047619047619,0.74,0.6353333333333333,0.5519999999999999,0.5876166670446855,7.4,6.0,4.0,2.6
svm_full,signo_zodiacal_geminis,409,0.5,0.5599999999999999,0.5666666666666667,0.58,0.5708133971291867,0.522,0.5765758665139471,5.8,4.6,5.4,4.2
svm_full,signo_zodiacal_geminis,410,0.5,0.47000000000000003,0.441978021978022,0.47999999999999987,0.4525234441602729,0.45600000000000007,0.5232677399999381,4.8,5.4,4.6,5.2
svm_full,signo_zodiacal_geminis,411,0.5,0.58,0.5984126984126984,0.52,0.5544891640866874,0.5820000000000001,0.6297246631937033,5.2,3.6,6.4,4.8
svm_full,signo_zodiacal_geminis,412,0.5,0.5,0.5023199023199023,0.54,0.4993625367767244,0.502,0.5816736139677315,5.4,5.4,4.6,4.6
svm_full,signo_zodiacal_geminis,413,0.5,0.44000000000000006,0.44333333333333336,0.38,0.40450386215092093,0.438,0.544795675342889,3.8,5.0,5.0,6.2
svm_full,signo_zodiacal_geminis,414,0.5,0.44000000000000006,0.44783216783216784,0.5,0.4717184265010352,0.418,0.5250490806063561,5.0,6.2,3.8,5.0
svm_full,signo_zodiacal_geminis,415,0.5,0.53,0.538888888888889,0.44000000000000006,0.4814327485380117,0.518,0.5858532764105518,4.4,3.8,6.2,5.6
svm_full,signo_zodiacal_geminis,416,0.5,0.56,0.5853174603174602,0.5,0.5281647746818026,0.518,0.5994476346666749,5.0,3.8,6.2,5.0
svm_full,signo_zodiacal_geminis,417,0.5,0.39,0.3894194694194694,0.33999999999999997,0.35135870366453215,0.378,0.46875462815478297,3.4,5.6,4.4,6.6
svm_full,signo_zodiacal_geminis,418,0.5,0.48,0.45111111111111113,0.3,0.3537785640572018,0.44800000000000006,0.5330497829483898,3.0,3.4,6.6,7.0
svm_full,signo_zodiacal_geminis,419,0.5,0.58,0.5631550802139038,0.78,0.6499393939393939,0.6199999999999999,0.6665110298198533,7.8,6.2,3.8,2.2
svm_full,signo_zodiacal_geminis,420,0.5,0.5700000000000001,0.5722222222222222,0.6,0.5841649578491683,0.553,0.5990097951584019,6.0,4.6,5.4,4.0
svm_full,signo_zodiacal_geminis,421,0.5,0.55,0.5495526695526696,0.6199999999999999,0.5711997641161728,0.6220000000000001,0.6707968785600364,6.2,5.2,4.8,3.8
svm_full,signo_zodiacal_geminis,422,0.5,0.53,0.5254870129870131,0.74,0.6115384615384615,0.521,0.5526648624852959,7.4,6.8,3.2,2.6
svm_full,signo_zodiacal_geminis,423,0.5,0.6,0.6238827838827838,0.54,0.5657019787319962,0.632,0.680610112110112,5.4,3.4,6.6,4.6
svm_full,signo_zodiacal_geminis,424,0.5,0.45999999999999996,0.44238095238095243,0.45999999999999996,0.44101247771836005,0.394,0.47527874146836996,4.6,5.4,4.6,5.4
svm_full,signo_zodiacal_geminis,425,0.5,0.55,0.5507575757575758,0.4,0.45396825396825397,0.5519999999999999,0.5716903435401888,4.0,3.0,7.0,6.0
svm_full,signo_zodiacal_geminis,426,0.5,0.43,0.41454545454545455,0.27999999999999997,0.320952380952381,0.41400000000000003,0.5003315214197567,2.8,4.2,5.8,7.2
svm_full,signo_zodiacal_geminis,427,0.5,0.5599999999999999,0.5825396825396825,0.43999999999999995,0.4931062951496387,0.592,0.6568723837222288,4.4,3.2,6.8,5.6
svm_full,signo_zodiacal_geminis,428,0.5,0.55,0.5523076923076923,0.64,0.5901054018445324,0.5800000000000001,0.6387384266060736,6.4,5.4,4.6,3.6
svm_full,signo_zodiacal_geminis,429,0.5,0.45,0.4393650793650794,0.3,0.347038580614432,0.386,0.5369257466819386,3.0,4.0,6.0,7.0
svm_full,signo_zodiacal_geminis,430,0.5,0.52,0.5166666666666667,0.6799999999999999,0.5851981351981352,0.48600000000000004,0.5551058112853778,6.8,6.4,3.6,3.2
svm_full,signo_zodiacal_geminis,431,0.5,0.4,0.38,0.41999999999999993,0.3943939393939394,0.45,0.5883846827407199,4.2,6.2,3.8,5.8
svm_full,signo_zodiacal_geminis,432,0.5,0.55,0.5476190476190477,0.66,0.5885380116959065,0.5279999999999999,0.5823761259380454,6.6,5.6,4.4,3.4
svm_full,signo_zodiacal_geminis,433,0.5,0.53,0.5440836940836941,0.4800000000000001,0.5008389958854356,0.5360000000000001,0.5735345548844001,4.8,4.2,5.8,5.2
svm_full,signo_zodiacal_geminis,434,0.5,0.39,0.3893939393939394,0.42000000000000004,0.4024531024531024,0.388,0.4974275817921329,4.2,6.4,3.6,5.8
svm_full,signo_zodiacal_geminis,435,0.5,0.54,0.5444444444444445,0.5800000000000001,0.5572631578947369,0.604,0.672510540285308,5.8,5.0,5.0,4.2
svm_full,signo_zodiacal_geminis,436,0.5,0.61,0.6456349206349206,0.5,0.5603371173030617,0.61,0.6611493522817051,5.0,2.8,7.2,5.0
svm_full,signo_zodiacal_geminis,437,0.5,0.5599999999999999,0.5553846153846154,0.6,0.5723671497584542,0.6180000000000001,0.6665558575411517,6.0,4.8,5.2,4.0
svm_full,signo_zodiacal_geminis,438,0.5,0.5199999999999999,0.515007215007215,0.52,0.5135137308511921,0.5279999999999999,0.5885280911898559,5.2,4.8,5.2,4.8
svm_full,signo_zodiacal_geminis,439,0.5,0.59,0.5694871794871795,0.74,0.6426245059288538,0.5860000000000001,0.5898466888288869,7.4,5.6,4.4,2.6
svm_full,signo_zodiacal_geminis,440,0.5,0.43,0.43939393939393934,0.52,0.47619047619047616,0.42799999999999994,0.52391257761846,5.2,6.6,3.4,4.8
svm_full,signo_zodiacal_geminis,441,0.5,0.54,0.5526984126984127,0.45999999999999996,0.4811180893409996,0.53,0.6196696071386473,4.6,3.8,6.2,5.4
svm_full,signo_zodiacal_geminis,442,0.5,0.43,0.4349908424908424,0.48,0.4453022976485085,0.406,0.46047760263472337,4.8,6.2,3.8,5.2
svm_full,signo_zodiacal_geminis,443,0.5,0.5,0.48611111111111116,0.43999999999999995,0.4568048910154173,0.4879999999999999,0.5722167473049826,4.4,4.4,5.6,5.6
svm_full,signo_zodiacal_geminis,444,0.5,0.35000000000000003,0.383974358974359,0.34,0.3395570612961917,0.372,0.5307520726607414,3.4,6.4,3.6,6.6
svm_full,signo_zodiacal_geminis,445,0.5,0.51,0.514047619047619,0.5,0.5018713450292397,0.506,0.5527515327809446,5.0,4.8,5.2,5.0
svm_full,signo_zodiacal_geminis,446,0.5,0.42000000000000004,0.4211965811965811,0.42000000000000004,0.4180320366132723,0.40199999999999997,0.5038335563645161,4.2,5.8,4.2,5.8
svm_full,signo_zodiacal_geminis,447,0.5,0.5700000000000001,0.595,0.4,0.47444444444444434,0.522,0.5606270221007061,4.0,2.6,7.4,6.0
svm_full,signo_zodiacal_geminis,448,0.5,0.48,0.47480519480519473,0.4800000000000001,0.46559884559884557,0.492,0.5363956300837106,4.8,5.2,4.8,5.2
svm_full,signo_zodiacal_geminis,449,0.5,0.5,0.4869108669108669,0.5399999999999999,0.5031465876968636,0.542,0.6240940344485236,5.4,5.4,4.6,4.6
svm_full,signo_zodiacal_geminis,450,0.5,0.45,0.4507575757575758,0.45999999999999996,0.4516594516594516,0.43600000000000005,0.5073144170071415,4.6,5.6,4.4,5.4
svm_full,signo_zodiacal_geminis,451,0.5,0.54,0.5448051948051948,0.54,0.5288133435192258,0.518,0.587272383447306,5.4,4.6,5.4,4.6
svm_full,signo_zodiacal_geminis,452,0.5,0.54,0.5551948051948051,0.4,0.4560224089635854,0.534,0.602624871430599,4.0,3.2,6.8,6.0
svm_full,signo_zodiacal_geminis,453,0.5,0.5,0.49230769230769234,0.58,0.5283478260869565,0.528,0.5646256853741374,5.8,5.8,4.2,4.2
svm_full,signo_zodiacal_geminis,454,0.5,0.51,0.4668686868686868,0.42000000000000004,0.4287263613579403,0.492,0.5566592378210025,4.2,4.0,6.0,5.8
svm_full,signo_zodiacal_geminis,455,0.5,0.51,0.5361904761904762,0.36,0.4243137254901961,0.492,0.5508250644264576,3.6,3.4,6.6,6.4
svm_full,signo_zodiacal_geminis,456,0.5,0.56,0.5537684537684538,0.6000000000000001,0.5709636409865243,0.5720000000000001,0.6095272668507963,6.0,4.8,5.2,4.0
svm_full,signo_zodiacal_geminis,457,0.5,0.52,0.5156843156843157,0.58,0.5414405579165305,0.466,0.5500065690243707,5.8,5.4,4.6,4.2
svm_full,signo_zodiacal_geminis,458,0.5,0.42000000000000004,0.418974358974359,0.4600000000000001,0.4273478260869565,0.38,0.49029677881458067,4.6,6.2,3.8,5.4
svm_full,signo_zodiacal_geminis,459,0.5,0.53,0.5378210678210678,0.52,0.5245756101483655,0.5740000000000001,0.5997916680842378,5.2,4.6,5.4,4.8
svm_full,signo_zodiacal_geminis,460,0.5,0.5000000000000001,0.509090909090909,0.43999999999999995,0.4637593984962406,0.492,0.5541780837841209,4.4,4.4,5.6,5.6
svm_full,signo_zodiacal_geminis,461,0.5,0.5599999999999999,0.56511655011655,0.6,0.578045046740699,0.596,0.6170584858038419,6.0,4.8,5.2,4.0
svm_full,signo_zodiacal_geminis,462,0.5,0.5200000000000001,0.5157085561497327,0.6599999999999999,0.5712657712657713,0.49399999999999994,0.5260609931004668,6.6,6.2,3.8,3.4
svm_full,signo_zodiacal_geminis,463,0.5,0.45,0.42666666666666664,0.3,0.3443640020110609,0.35,0.45486133783657,3.0,4.0,6.0,7.0
svm_full,signo_zodiacal_geminis,464,0.5,0.51,0.5066666666666666,0.5199999999999999,0.5029999999999999,0.5800000000000001,0.6778043437470681,5.2,5.0,5.0,4.8
svm_full,signo_zodiacal_geminis,465,0.5,0.47000000000000003,0.47070707070707074,0.45999999999999996,0.4635756056808688,0.52,0.5447663235457354,4.6,5.2,4.8,5.4
svm_full,signo_zodiacal_geminis,466,0.5,0.51,0.5001923076923077,0.6399999999999999,0.5583824870781392,0.52,0.5512885605106967,6.4,6.2,3.8,3.6
svm_full,signo_zodiacal_geminis,467,0.5,0.48,0.4548051948051948,0.38,0.4067787114845938,0.386,0.47286933697537414,3.8,4.2,5.8,6.2
svm_full,signo_zodiacal_geminis,468,0.5,0.45,0.45714285714285713,0.5599999999999999,0.49667519181585684,0.43200000000000005,0.5047490571004503,5.6,6.6,3.4,4.4
svm_full,signo_zodiacal_geminis,469,0.5,0.55,0.5519347319347319,0.6,0.5723839242374712,0.6380000000000001,0.6744185944774179,6.0,5.0,5.0,4.0
svm_full,signo_zodiacal_geminis,470,0.5,0.41,0.42703962703962706,0.52,0.46843591191417283,0.42400000000000004,0.5401566787185982,5.2,7.0,3.0,4.8
svm_full,signo_zodiacal_geminis,471,0.5,0.51,0.5242424242424242,0.39999999999999997,0.4412698412698413,0.504,0.5762335381336929,4.0,3.8,6.2,6.0
svm_full,signo_zodiacal_geminis,472,0.5,0.45999999999999996,0.43924242424242416,0.5,0.4619047619047619,0.48,0.5312436256553903,5.0,5.8,4.2,5.0
svm_full,signo_zodiacal_geminis,473,0.5,0.45,0.43555555555555553,0.34,0.3780994152046784,0.384,0.4526662328899171,3.4,4.4,5.6,6.6
svm_full,signo_zodiacal_geminis,474,0.5,0.64,0.6084981684981684,0.7999999999999999,0.6876811594202897,0.6380000000000001,0.6517860360313921,8.0,5.2,4.8,2.0
svm_full,signo_zodiacal_geminis,475,0.5,0.54,0.5416666666666667,0.6,0.5641414141414142,0.584,0.6303689633380035,6.0,5.2,4.8,4.0
svm_full,signo_zodiacal_geminis,476,0.5,0.45,0.4278632478632479,0.33999999999999997,0.36689168573607933,0.46399999999999997,0.5138285586962057,3.4,4.4,5.6,6.6
svm_full,signo_zodiacal_geminis,477,0.5,0.44000000000000006,0.44313131313131315,0.5,0.46702437912964223,0.42800000000000005,0.5374247733690458,5.0,6.2,3.8,5.0
svm_full,signo_zodiacal_geminis,478,0.5,0.4,0.39523254523254525,0.38,0.3830941377313702,0.318,0.4646151406213326,3.8,5.8,4.2,6.2
svm_full,signo_zodiacal_geminis,479,0.5,0.5599999999999999,0.5467857142857143,0.7,0.6084615384615384,0.5960000000000001,0.6096558322997951,7.0,5.8,4.2,3.0
svm_full,signo_zodiacal_geminis,480,0.5,0.45,0.45126984126984127,0.5,0.4714832535885168,0.38499999999999995,0.4757503232062056,5.0,6.0,4.0,5.0
svm_full,signo_zodiacal_geminis,481,0.5,0.52,0.5290909090909091,0.38,0.4292063492063492,0.485,0.5274933579492403,3.8,3.4,6.6,6.2
svm_full,signo_zodiacal_geminis,482,0.5,0.38,0.3598809523809524,0.48,0.40228054298642535,0.34,0.43843462076279416,4.8,7.2,2.8,5.2
svm_full,signo_zodiacal_geminis,483,0.5,0.55,0.5611111111111111,0.52,0.5371610845295056,0.624,0.6456627310597899,5.2,4.2,5.8,4.8
svm_full,signo_zodiacal_geminis,484,0.5,0.5199999999999999,0.516161616161616,0.5599999999999999,0.5361585782638414,0.514,0.5921286203476606,5.6,5.2,4.8,4.4
svm_full,signo_zodiacal_geminis,485,0.5,0.59,0.622857142857143,0.5,0.5502786377708978,0.602,0.6759396426586829,5.0,3.2,6.8,5.0
svm_full,signo_zodiacal_geminis,486,0.5,0.52,0.5166666666666667,0.32,0.39327731092436974,0.466,0.539592677961873,3.2,2.8,7.2,6.8
svm_full,signo_zodiacal_geminis,487,0.5,0.53,0.611111111111111,0.36,0.42470760233918126,0.512,0.5858422035480859,3.6,3.0,7.0,6.4
svm_full,signo_zodiacal_geminis,488,0.5,0.6,0.6682539682539683,0.45999999999999996,0.5332743623765295,0.594,0.6648407327966152,4.6,2.6,7.4,5.4
svm_full,signo_zodiacal_geminis,489,0.5,0.43999999999999995,0.45494505494505494,0.6,0.5170619235836627,0.384,0.47733958851605907,6.0,7.2,2.8,4.0
svm_full,signo_zodiacal_geminis,490,0.5,0.6700000000000002,0.6561038961038961,0.76,0.698125313283208,0.638,0.6276957466338271,7.6,4.2,5.8,2.4
svm_full,signo_zodiacal_geminis,491,0.5,0.53,0.5242857142857142,0.7,0.5983636363636363,0.526,0.597628297141455,7.0,6.4,3.6,3.0
svm_full,signo_zodiacal_geminis,492,0.5,0.53,0.5272222222222223,0.6,0.5513216374269005,0.542,0.5799807561719326,6.0,5.4,4.6,4.0
svm_full,signo_zodiacal_geminis,493,0.5,0.52,0.5155866355866355,0.58,0.5430271330500164,0.48599999999999993,0.5109456850339203,5.8,5.4,4.6,4.2
svm_full,signo_zodiacal_geminis,494,0.5,0.63,0.6111888111888112,0.68,0.6422360248447204,0.5880000000000001,0.5727933810255792,6.8,4.2,5.8,3.2
svm_full,signo_zodiacal_geminis,495,0.5,0.45,0.45159090909090904,0.5399999999999999,0.4853113553113554,0.43100000000000005,0.4889424664602684,5.4,6.4,3.6,4.6
svm_full,signo_zodiacal_geminis,496,0.5,0.42000000000000004,0.403051948051948,0.38,0.38896358543417364,0.414,0.4999107734370892,3.8,5.4,4.6,6.2
svm_full,signo_zodiacal_geminis,497,0.5,0.5199999999999999,0.5255555555555556,0.54,0.5172408293460925,0.5,0.5556188066319645,5.4,5.0,5.0,4.6
svm_full,signo_zodiacal_geminis,498,0.5,0.47000000000000003,0.46646464646464647,0.43999999999999995,0.4514954051796156,0.472,0.5362951009259058,4.4,5.0,5.0,5.6
svm_full,signo_zodiacal_geminis,499,0.5,0.48,0.466025641025641,0.48,0.4626748029494026,0.49000000000000005,0.5658688331792046,4.8,5.2,4.8,5.2
svm_full,signo_zodiacal_geminis,500,0.5,0.44000000000000006,0.417979797979798,0.34,0.36516290726817047,0.39799999999999996,0.5133253778385357,3.4,4.6,5.4,6.6
svm_full,signo_zodiacal_leo,1,0.5,0.47000000000000003,0.46071428571428574,0.3,0.35154061624649857,0.518,0.6187887955697553,3.0,3.6,6.4,7.0
svm_full,signo_zodiacal_leo,2,0.5,0.51,0.4925,0.5199999999999999,0.49020757020757016,0.42300000000000004,0.48215945002709704,5.2,5.0,5.0,4.8
svm_full,signo_zodiacal_leo,3,0.5,0.5,0.5210317460317461,0.33999999999999997,0.40309474667059797,0.47800000000000004,0.5553511678380099,3.4,3.4,6.6,6.6
svm_full,signo_zodiacal_leo,4,0.5,0.5900000000000001,0.5830303030303029,0.5399999999999999,0.5535839598997494,0.592,0.6136503486193889,5.4,3.6,6.4,4.6
svm_full,signo_zodiacal_leo,5,0.5,0.42000000000000004,0.4177777777777778,0.52,0.4598628389154705,0.398,0.4982385686209215,5.2,6.8,3.2,4.8
svm_full,signo_zodiacal_leo,6,0.5,0.4800000000000001,0.47302197802197804,0.45999999999999996,0.46160272804774083,0.48,0.5392887868065885,4.6,5.0,5.0,5.4
svm_full,signo_zodiacal_leo,7,0.5,0.5700000000000001,0.5509372979961216,0.74,0.6275362318840579,0.5720000000000001,0.5854900601634347,7.4,6.0,4.0,2.6
svm_full,signo_zodiacal_leo,8,0.5,0.45999999999999996,0.4709090909090909,0.43999999999999995,0.437965367965368,0.42000000000000004,0.5245766204899331,4.4,5.2,4.8,5.6
svm_full,signo_zodiacal_leo,9,0.5,0.53,0.5367521367521368,0.5,0.5137045512331553,0.508,0.5931171071790267,5.0,4.4,5.6,5.0
svm_full,signo_zodiacal_leo,10,0.5,0.41,0.35064102564102567,0.36000000000000004,0.3482872200263505,0.378,0.4514502345779435,3.6,5.4,4.6,6.4
svm_full,signo_zodiacal_leo,11,0.5,0.41,0.3871428571428571,0.3,0.33620915032679743,0.40800000000000003,0.5227839860517879,3.0,4.8,5.2,7.0
svm_full,signo_zodiacal_leo,12,0.5,0.55,0.5719480519480519,0.48,0.5119327731092437,0.514,0.5815914271487026,4.8,3.8,6.2,5.2
svm_full,signo_zodiacal_leo,13,0.5,0.55,0.5674603174603174,0.44000000000000006,0.4946680426556588,0.5740000000000001,0.6155990845240071,4.4,3.4,6.6,5.6
svm_full,signo_zodiacal_leo,14,0.5,0.47000000000000003,0.4565079365079365,0.48,0.463859649122807,0.476,0.5533568263521824,4.8,5.4,4.6,5.2
svm_full,signo_zodiacal_leo,15,0.5,0.55,0.5342424242424243,0.5599999999999999,0.5416017316017316,0.5800000000000001,0.6243258022507249,5.6,4.6,5.4,4.4
svm_full,signo_zodiacal_leo,16,0.5,0.43,0.4174159174159174,0.38,0.39001542646043924,0.394,0.489777789032433,3.8,5.2,4.8,6.2
svm_full,signo_zodiacal_leo,17,0.5,0.41,0.44153846153846155,0.38,0.3972924901185771,0.384,0.5400758722701446,3.8,5.6,4.4,6.2
svm_full,signo_zodiacal_leo,18,0.5,0.37,0.32272727272727275,0.34,0.33015873015873015,0.314,0.4388501221001221,3.4,6.0,4.0,6.6
svm_full,signo_zodiacal_leo,19,0.5,0.52,0.5276190476190477,0.5399999999999999,0.5261910122900835,0.552,0.6342301393137306,5.4,5.0,5.0,4.6
svm_full,signo_zodiacal_leo,20,0.5,0.42000000000000004,0.43972222222222224,0.56,0.48790283400809714,0.42799999999999994,0.5384218306633167,5.6,7.2,2.8,4.4
svm_full,signo_zodiacal_leo,21,0.5,0.53,0.5262515262515263,0.48,0.49523638593499947,0.614,0.6417594949769871,4.8,4.2,5.8,5.2
svm_full,signo_zodiacal_leo,22,0.5,0.53,0.5319444444444444,0.6199999999999999,0.562411565043144,0.508,0.5761806793997196,6.2,5.6,4.4,3.8
svm_full,signo_zodiacal_leo,23,0.5,0.53,0.5236208236208235,0.6200000000000001,0.5649652788096724,0.515,0.5555749348690526,6.2,5.6,4.4,3.8
svm_full,signo_zodiacal_leo,24,0.5,0.44000000000000006,0.43277777777777776,0.45999999999999996,0.4381646423751687,0.4079999999999999,0.5231486117941226,4.6,5.8,4.2,5.4
svm_full,signo_zodiacal_leo,25,0.5,0.4600000000000001,0.4567399267399267,0.5199999999999999,0.4799031233046579,0.476,0.5439357488916311,5.2,6.0,4.0,4.8
svm_full,signo_zodiacal_leo,26,0.5,0.52,0.5144444444444444,0.62,0.5583540669856459,0.506,0.5519266191325014,6.2,5.8,4.2,3.8
svm_full,signo_zodiacal_leo,27,0.5,0.43,0.3983333333333333,0.36,0.3731313131313131,0.42000000000000004,0.5133307356558131,3.6,5.0,5.0,6.4
svm_full,signo_zodiacal_leo,28,0.5,0.51,0.5307575757575757,0.48,0.4963059163059163,0.49799999999999994,0.5493943376884552,4.8,4.6,5.4,5.2
svm_full,signo_zodiacal_leo,29,0.5,0.4600000000000001,0.432051282051282,0.48,0.44701361440491877,0.49000000000000005,0.5288396407514054,4.8,5.6,4.4,5.2
svm_full,signo_zodiacal_leo,30,0.5,0.41000000000000003,0.39071428571428574,0.32,0.34465522094005063,0.33799999999999997,0.4348879288925729,3.2,5.0,5.0,6.8
svm_full,signo_zodiacal_leo,31,0.5,0.53,0.5374603174603173,0.42000000000000004,0.4674458204334365,0.4840000000000001,0.52486997213313,4.2,3.6,6.4,5.8
svm_full,signo_zodiacal_leo,32,0.5,0.47000000000000003,0.4861904761904762,0.45999999999999996,0.46855614973262033,0.40599999999999997,0.4798168961241716,4.6,5.2,4.8,5.4
svm_full,signo_zodiacal_leo,33,0.5,0.52,0.5142857142857142,0.4,0.4424509803921569,0.532,0.578659699175953,4.0,3.6,6.4,6.0
svm_full,signo_zodiacal_leo,34,0.5,0.6199999999999999,0.5999222999223,0.72,0.6509153318077803,0.622,0.6421029885147532,7.2,4.8,5.2,2.8
svm_full,signo_zodiacal_leo,35,0.5,0.5000000000000001,0.5101010101010102,0.52,0.5140350877192983,0.4680000000000001,0.5353516822015274,5.2,5.2,4.8,4.8
svm_full,signo_zodiacal_leo,36,0.5,0.35,0.3713120213120213,0.44000000000000006,0.4006226039406817,0.358,0.4848855533871014,4.4,7.4,2.6,5.6
svm_full,signo_zodiacal_leo,37,0.5,0.5700000000000001,0.5567099567099567,0.6799999999999999,0.6112554112554112,0.5359999999999999,0.5544596133141025,6.8,5.4,4.6,3.2
svm_full,signo_zodiacal_leo,38,0.5,0.38,0.4023809523809524,0.43999999999999995,0.4067016317016317,0.352,0.4595392570965326,4.4,6.8,3.2,5.6
svm_full,signo_zodiacal_leo,39,0.5,0.54,0.5444444444444445,0.54,0.5411027568922305,0.5420000000000001,0.6565576939400468,5.4,4.6,5.4,4.6
svm_full,signo_zodiacal_leo,40,0.5,0.4800000000000001,0.46409090909090905,0.48,0.4603726708074534,0.4619999999999999,0.5505795038295039,4.8,5.2,4.8,5.2
svm_full,signo_zodiacal_leo,41,0.5,0.43,0.39880952380952384,0.28,0.3276143790849673,0.434,0.5255545196117952,2.8,4.2,5.8,7.2
svm_full,signo_zodiacal_leo,42,0.5,0.5599999999999999,0.5799999999999998,0.45999999999999996,0.5,0.6080000000000001,0.631225522413603,4.6,3.4,6.6,5.4
svm_full,signo_zodiacal_leo,43,0.5,0.63,0.6401764901764901,0.64,0.6308034676321121,0.6479999999999999,0.6846215569775941,6.4,3.8,6.2,3.6
svm_full,signo_zodiacal_leo,44,0.5,0.55,0.5474747474747474,0.6,0.5648480174795963,0.5000000000000001,0.5330607166311501,6.0,5.0,5.0,4.0
svm_full,signo_zodiacal_leo,45,0.5,0.44000000000000006,0.4377777777777778,0.4999999999999999,0.4602456140350878,0.434,0.5286195563122807,5.0,6.2,3.8,5.0
svm_full,signo_zodiacal_leo,46,0.5,0.49000000000000005,0.48888888888888893,0.4,0.43757309941520467,0.506,0.5804124655873881,4.0,4.2,5.8,6.0
svm_full,signo_zodiacal_leo,47,0.5,0.4699999999999999,0.4701923076923077,0.6199999999999999,0.5294314381270903,0.47800000000000004,0.5488338493292054,6.2,6.8,3.2,3.8
svm_full,signo_zodiacal_leo,48,0.5,0.41000000000000003,0.4020923520923521,0.38,0.3872578058336572,0.398,0.4974454244585823,3.8,5.6,4.4,6.2
svm_full,signo_zodiacal_leo,49,0.5,0.52,0.5333333333333333,0.44000000000000006,0.4783625730994152,0.48,0.5182560766546834,4.4,4.0,6.0,5.6
svm_full,signo_zodiacal_leo,50,0.5,0.6,0.6163636363636363,0.5199999999999999,0.5476190476190476,0.664,0.6942546948235803,5.2,3.2,6.8,4.8
svm_full,signo_zodiacal_leo,51,0.5,0.42000000000000004,0.42388888888888887,0.5199999999999999,0.4602353903406535,0.362,0.47351383953164133,5.2,6.8,3.2,4.8
svm_full,signo_zodiacal_leo,52,0.5,0.5399999999999999,0.5327172827172827,0.56,0.5372467827710794,0.584,0.6435658132716957,5.6,4.8,5.2,4.4
svm_full,signo_zodiacal_leo,53,0.5,0.53,0.5243589743589744,0.6,0.5498665585622108,0.517,0.5963184495243319,6.0,5.4,4.6,4.0
svm_full,signo_zodiacal_leo,54,0.5,0.5599999999999999,0.5504545454545455,0.48,0.500916305916306,0.5720000000000001,0.610964858670741,4.8,3.6,6.4,5.2
svm_full,signo_zodiacal_leo,55,0.5,0.44000000000000006,0.4487179487179486,0.5199999999999999,0.47782169521299955,0.42400000000000004,0.49356633949126205,5.2,6.4,3.6,4.8
svm_full,signo_zodiacal_leo,56,0.5,0.49000000000000005,0.4924732620320856,0.7,0.5742204462204461,0.43999999999999995,0.4954531948959193,7.0,7.2,2.8,3.0
svm_full,signo_zodiacal_leo,57,0.5,0.45999999999999996,0.4902597402597403,0.4,0.42296918767507,0.42800000000000005,0.5369152828595553,4.0,4.8,5.2,6.0
svm_full,signo_zodiacal_leo,58,0.5,0.39,0.3355555555555555,0.3,0.3142105263157895,0.342,0.44634415687511664,3.0,5.2,4.8,7.0
svm_full,signo_zodiacal_leo,59,0.5,0.55,0.5267965367965368,0.5199999999999999,0.5140106951871657,0.605,0.6576538163418967,5.2,4.2,5.8,4.8
svm_full,signo_zodiacal_leo,60,0.5,0.47000000000000003,0.4638383838383838,0.4,0.4242606516290726,0.506,0.5734458494721653,4.0,4.6,5.4,6.0
svm_full,signo_zodiacal_leo,61,0.5,0.55,0.5777777777777777,0.48,0.5071390597706387,0.592,0.5975722949221401,4.8,3.8,6.2,5.2
svm_full,signo_zodiacal_leo,62,0.5,0.5,0.5131313131313131,0.45999999999999996,0.47944862155388474,0.504,0.6146987642560398,4.6,4.6,5.4,5.4
svm_full,signo_zodiacal_leo,63,0.5,0.48,0.46761904761904755,0.5599999999999999,0.5044912280701754,0.426,0.483557441354655,5.6,6.0,4.0,4.4
svm_full,signo_zodiacal_leo,64,0.5,0.4800000000000001,0.47897435897435897,0.54,0.5012367149758454,0.556,0.5951854409780106,5.4,5.8,4.2,4.6
svm_full,signo_zodiacal_leo,65,0.5,0.48,0.4792832167832167,0.6,0.5270504857461379,0.514,0.5600130794558039,6.0,6.4,3.6,4.0
svm_full,signo_zodiacal_leo,66,0.5,0.6199999999999999,0.621010101010101,0.5199999999999999,0.5530827067669173,0.638,0.6580889928784666,5.2,2.8,7.2,4.8
svm_full,signo_zodiacal_leo,67,0.5,0.5700000000000001,0.6319047619047617,0.44000000000000006,0.509144385026738,0.618,0.6803832633654615,4.4,3.0,7.0,5.6
svm_full,signo_zodiacal_leo,68,0.5,0.51,0.5133741258741258,0.6399999999999999,0.5670937757894279,0.46399999999999997,0.5106505244841159,6.4,6.2,3.8,3.6
svm_full,signo_zodiacal_leo,69,0.5,0.66,0.664978354978355,0.6599999999999999,0.657300738477209,0.642,0.6676813617239314,6.6,3.4,6.6,3.4
svm_full,signo_zodiacal_leo,70,0.5,0.54,0.5393589743589744,0.6599999999999999,0.5869371980676329,0.4840000000000001,0.5449917674344918,6.6,5.8,4.2,3.4
svm_full,signo_zodiacal_leo,71,0.5,0.5,0.5344988344988345,0.45999999999999996,0.4821946169772257,0.55,0.6442488808061563,4.6,4.6,5.4,5.4
svm_full,signo_zodiacal_leo,72,0.5,0.6000000000000001,0.5945887445887446,0.6199999999999999,0.6023427552839318,0.5740000000000001,0.6285938401983293,6.2,4.2,5.8,3.8
svm_full,signo_zodiacal_leo,73,0.5,0.37,0.32987012987012987,0.24,0.2685500515995872,0.318,0.44881037632817816,2.4,5.0,5.0,7.6
svm_full,signo_zodiacal_leo,74,0.5,0.51,0.4997979797979798,0.4600000000000001,0.4757644110275689,0.5900000000000001,0.6205430572179799,4.6,4.4,5.6,5.4
svm_full,signo_zodiacal_leo,75,0.5,0.4800000000000001,0.48578754578754585,0.5800000000000001,0.5225461479786422,0.476,0.530456488386055,5.8,6.2,3.8,4.2
svm_full,signo_zodiacal_leo,76,0.5,0.56,0.585050505050505,0.5800000000000001,0.5666734143049933,0.576,0.6313816451006853,5.8,4.6,5.4,4.2
svm_full,signo_zodiacal_leo,77,0.5,0.51,0.5123076923076924,0.6000000000000001,0.5454045471436776,0.5359999999999999,0.6299818329245573,6.0,5.8,4.2,4.0
svm_full,signo_zodiacal_leo,78,0.5,0.38,0.3791666666666667,0.44000000000000006,0.40062160062160057,0.37,0.49908972460288253,4.4,6.8,3.2,5.6
svm_full,signo_zodiacal_leo,79,0.5,0.5700000000000001,0.5831818181818182,0.5199999999999999,0.5396825396825398,0.538,0.5929424094996849,5.2,3.8,6.2,4.8
svm_full,signo_zodiacal_leo,80,0.5,0.5399999999999999,0.5761904761904761,0.52,0.5306470588235295,0.5719999999999998,0.6611258294509068,5.2,4.4,5.6,4.8
svm_full,signo_zodiacal_leo,81,0.5,0.44000000000000006,0.39404761904761904,0.28,0.3180241327300151,0.43600000000000005,0.5109142638407344,2.8,4.0,6.0,7.2
svm_full,signo_zodiacal_leo,82,0.5,0.53,0.5326923076923077,0.56,0.5419411506368028,0.514,0.5605001840264998,5.6,5.0,5.0,4.4
svm_full,signo_zodiacal_leo,83,0.5,0.5599999999999999,0.575,0.52,0.5424242424242425,0.546,0.6307403680770554,5.2,4.0,6.0,4.8
svm_full,signo_zodiacal_leo,84,0.5,0.45999999999999996,0.4718614718614719,0.4,0.4259719039130804,0.466,0.5378109853682609,4.0,4.8,5.2,6.0
svm_full,signo_zodiacal_leo,85,0.5,0.41,0.42833333333333334,0.4,0.4026666666666666,0.364,0.4886760225498616,4.0,5.8,4.2,6.0
svm_full,signo_zodiacal_leo,86,0.5,0.58,0.6114285714285714,0.54,0.5537254901960784,0.604,0.6892442188014943,5.4,3.8,6.2,4.6
svm_full,signo_zodiacal_leo,87,0.5,0.51,0.5227777777777778,0.42000000000000004,0.45953216374269007,0.546,0.5930760405744927,4.2,4.0,6.0,5.8
svm_full,signo_zodiacal_leo,88,0.5,0.5,0.4936796536796537,0.4800000000000001,0.47697478991596637,0.52,0.5717357701637886,4.8,4.8,5.2,5.2
svm_full,signo_zodiacal_leo,89,0.5,0.5,0.49777777777777776,0.47999999999999987,0.48008771929824556,0.47800000000000004,0.5531828059281619,4.8,4.8,5.2,5.2
svm_full,signo_zodiacal_leo,90,0.5,0.45,0.4914529914529915,0.4600000000000001,0.452138250765253,0.434,0.533977727552805,4.6,5.6,4.4,5.4
svm_full,signo_zodiacal_leo,91,0.5,0.4600000000000001,0.4583333333333333,0.48,0.4670995670995671,0.48600000000000004,0.6065086124745567,4.8,5.6,4.4,5.2
svm_full,signo_zodiacal_leo,92,0.5,0.5199999999999999,0.5253968253968253,0.5599999999999999,0.5345586705662086,0.53,0.587319995364113,5.6,5.2,4.8,4.4
svm_full,signo_zodiacal_leo,93,0.5,0.5,0.49502997002997,0.62,0.543045601741254,0.49000000000000005,0.5609554997805771,6.2,6.2,3.8,3.8
svm_full,signo_zodiacal_leo,94,0.5,0.53,0.5576190476190476,0.54,0.5288888888888889,0.546,0.6555836118645717,5.4,4.8,5.2,4.6
svm_full,signo_zodiacal_leo,95,0.5,0.53,0.5300432900432901,0.5,0.5115612560813799,0.512,0.5598006417387222,5.0,4.4,5.6,5.0
svm_full,signo_zodiacal_leo,96,0.5,0.4600000000000001,0.4715966386554622,0.6599999999999999,0.546,0.488,0.5524722434428317,6.6,7.4,2.6,3.4
svm_full,signo_zodiacal_leo,97,0.5,0.58,0.5703496503496504,0.6399999999999999,0.6015546772068511,0.604,0.6477614407436387,6.4,4.8,5.2,3.6
svm_full,signo_zodiacal_leo,98,0.5,0.5599999999999999,0.5767399267399267,0.5599999999999999,0.5563882532418002,0.551,0.5850152886329356,5.6,4.4,5.6,4.4
svm_full,signo_zodiacal_leo,99,0.5,0.48,0.4867521367521367,0.54,0.49859699796770734,0.546,0.6436907993966818,5.4,5.8,4.2,4.6
svm_full,signo_zodiacal_leo,100,0.5,0.43999999999999995,0.44761904761904764,0.42000000000000004,0.4300028145229384,0.434,0.5468256872126841,4.2,5.4,4.6,5.8
svm_full,signo_zodiacal_leo,101,0.5,0.47000000000000003,0.5048051948051948,0.48,0.475019366598314,0.54,0.6012431265844578,4.8,5.4,4.6,5.2
svm_full,signo_zodiacal_leo,102,0.5,0.58,0.5972619047619048,0.72,0.6347149321266968,0.538,0.6005504011812061,7.2,5.6,4.4,2.8
svm_full,signo_zodiacal_leo,103,0.5,0.4600000000000001,0.4757264957264957,0.56,0.5099588100686498,0.458,0.5380152717079962,5.6,6.4,3.6,4.4
svm_full,signo_zodiacal_leo,104,0.5,0.51,0.5242424242424242,0.5,0.4982205513784462,0.518,0.5549199019934314,5.0,4.8,5.2,5.0
svm_full,signo_zodiacal_leo,105,0.5,0.39,0.4514285714285715,0.45999999999999996,0.42868398268398267,0.409,0.5956561910741477,4.6,6.8,3.2,5.4
svm_full,signo_zodiacal_leo,106,0.5,0.48,0.4799145299145299,0.42000000000000004,0.42900160480252014,0.5000000000000001,0.5405133010264589,4.2,4.6,5.4,5.8
svm_full,signo_zodiacal_leo,107,0.5,0.43000000000000005,0.4280952380952381,0.52,0.46492185007974485,0.43800000000000006,0.502255883005883,5.2,6.6,3.4,4.8
svm_full,signo_zodiacal_leo,108,0.5,0.49000000000000005,0.4739260739260739,0.5399999999999999,0.5012654864317269,0.47800000000000004,0.534638176151334,5.4,5.6,4.4,4.6
svm_full,signo_zodiacal_leo,109,0.5,0.5700000000000001,0.569047619047619,0.54,0.5473559120617943,0.6020000000000001,0.6392274551214179,5.4,4.0,6.0,4.6
svm_full,signo_zodiacal_leo,110,0.5,0.5900000000000001,0.6005772005772005,0.5399999999999999,0.5626418988648091,0.5960000000000001,0.6619478109609689,5.4,3.6,6.4,4.6
svm_full,signo_zodiacal_leo,111,0.5,0.5700000000000001,0.5867099567099567,0.5599999999999999,0.5609523809523809,0.548,0.5984380886571289,5.6,4.2,5.8,4.4
svm_full,signo_zodiacal_leo,112,0.5,0.45,0.4396464646464646,0.39999999999999997,0.41720969089390136,0.406,0.5218807514295131,4.0,5.0,5.0,6.0
svm_full,signo_zodiacal_leo,113,0.5,0.51,0.5032167832167833,0.52,0.5020101637492942,0.519,0.5541338522158956,5.2,5.0,5.0,4.8
svm_full,signo_zodiacal_leo,114,0.5,0.52,0.5170995670995671,0.38,0.4303454715219422,0.532,0.6162235825749758,3.8,3.4,6.6,6.2
svm_full,signo_zodiacal_leo,115,0.5,0.51,0.5203463203463203,0.43999999999999995,0.47440169050076164,0.572,0.6443840762780392,4.4,4.2,5.8,5.6
svm_full,signo_zodiacal_leo,116,0.5,0.47000000000000003,0.45777777777777773,0.31999999999999995,0.3717543859649123,0.558,0.6297602118383852,3.2,3.8,6.2,6.8
svm_full,signo_zodiacal_leo,117,0.5,0.48,0.4635746606334841,0.58,0.5050724637681159,0.386,0.51848707054899,5.8,6.2,3.8,4.2
svm_full,signo_zodiacal_leo,118,0.5,0.47000000000000003,0.4768253968253968,0.3,0.35934345668091794,0.462,0.5680521151535084,3.0,3.6,6.4,7.0
svm_full,signo_zodiacal_leo,119,0.5,0.4,0.4134887334887335,0.44000000000000006,0.4246006320148196,0.386,0.5053100989997275,4.4,6.4,3.6,5.6
svm_full,signo_zodiacal_leo,120,0.5,0.56,0.5322052947052947,0.76,0.6235706322662844,0.546,0.5627167805534679,7.6,6.4,3.6,2.4
svm_full,signo_zodiacal_leo,121,0.5,0.53,0.5285714285714285,0.56,0.5369747899159665,0.51,0.5847089660425574,5.6,5.0,5.0,4.4
svm_full,signo_zodiacal_leo,122,0.5,0.54,0.54,0.52,0.5240909090909092,0.548,0.6202927056603527,5.2,4.4,5.6,4.8
svm_full,signo_zodiacal_leo,123,0.5,0.43000000000000005,0.5145454545454545,0.3,0.3268398268398268,0.372,0.45665545462449486,3.0,4.4,5.6,7.0
svm_full,signo_zodiacal_leo,124,0.5,0.45999999999999996,0.4705555555555555,0.5,0.47823072833599156,0.502,0.6347682703433477,5.0,5.8,4.2,5.0
svm_full,signo_zodiacal_leo,125,0.5,0.55,0.5655122655122655,0.6199999999999999,0.5855889724310777,0.5800000000000001,0.6036518732385605,6.2,5.2,4.8,3.8
svm_full,signo_zodiacal_leo,126,0.5,0.52,0.5324786324786326,0.5800000000000001,0.5525067609735802,0.564,0.6239278036205281,5.8,5.4,4.6,4.2
svm_full,signo_zodiacal_leo,127,0.5,0.44000000000000006,0.43995670995671,0.44000000000000006,0.43673542144130384,0.42799999999999994,0.52075059684038,4.4,5.6,4.4,5.6
svm_full,signo_zodiacal_leo,128,0.5,0.62,0.6928571428571428,0.43999999999999995,0.5296771340114993,0.6140000000000001,0.7025563200988897,4.4,2.0,8.0,5.6
svm_full,signo_zodiacal_leo,129,0.5,0.43000000000000005,0.44123876123876116,0.5399999999999999,0.48393374741200823,0.41200000000000003,0.5104855628547579,5.4,6.8,3.2,4.6
svm_full,signo_zodiacal_leo,130,0.5,0.53,0.5273193473193473,0.4600000000000001,0.47659075224292613,0.5720000000000001,0.6089359965799594,4.6,4.0,6.0,5.4
svm_full,signo_zodiacal_leo,131,0.5,0.30999999999999994,0.3018398268398268,0.28,0.2877058957554314,0.28,0.4174648260236495,2.8,6.6,3.4,7.2
svm_full,signo_zodiacal_leo,132,0.5,0.51,0.5025490196078432,0.68,0.5727738927738927,0.458,0.5196945625753675,6.8,6.6,3.4,3.2
svm_full,signo_zodiacal_leo,133,0.5,0.45,0.44230769230769235,0.4600000000000001,0.4432367149758454,0.392,0.48602463489382985,4.6,5.6,4.4,5.4
svm_full,signo_zodiacal_leo,134,0.5,0.5200000000000001,0.5635642135642136,0.44000000000000006,0.4780480613297951,0.47800000000000004,0.556854099117257,4.4,4.0,6.0,5.6
svm_full,signo_zodiacal_leo,135,0.5,0.45,0.46007326007326005,0.6199999999999999,0.5266342353298875,0.406,0.4858260459011234,6.2,7.2,2.8,3.8
svm_full,signo_zodiacal_leo,136,0.5,0.39,0.3890659340659341,0.5,0.4252534405066374,0.382,0.4889343100140313,5.0,7.2,2.8,5.0
svm_full,signo_zodiacal_leo,137,0.5,0.5900000000000001,0.5743900543900544,0.66,0.6079424648577967,0.5820000000000001,0.6073735475910398,6.6,4.8,5.2,3.4
svm_full,signo_zodiacal_leo,138,0.5,0.5700000000000001,0.5597435897435898,0.72,0.6261467517989258,0.5950000000000001,0.6374001456060279,7.2,5.8,4.2,2.8
svm_full,signo_zodiacal_leo,139,0.5,0.57,0.5916305916305916,0.48,0.5246142316575753,0.5519999999999999,0.5946638165755812,4.8,3.4,6.6,5.2
svm_full,signo_zodiacal_leo,140,0.5,0.5,0.4533333333333333,0.31999999999999995,0.36345864661654137,0.51,0.5786136188373031,3.2,3.2,6.8,6.8
svm_full,signo_zodiacal_leo,141,0.5,0.54,0.53,0.54,0.5277272727272727,0.4979999999999999,0.563443879220195,5.4,4.6,5.4,4.6
svm_full,signo_zodiacal_leo,142,0.5,0.49000000000000005,0.4222222222222222,0.42000000000000004,0.4160818713450293,0.46399999999999997,0.4994562931048999,4.2,4.4,5.6,5.8
svm_full,signo_zodiacal_leo,143,0.5,0.48999999999999994,0.49647435897435893,0.6799999999999999,0.5726461943853247,0.514,0.6030342343415098,6.8,7.0,3.0,3.2
svm_full,signo_zodiacal_leo,144,0.5,0.4800000000000001,0.45436507936507936,0.5,0.4618457909479581,0.5539999999999999,0.6261752397928868,5.0,5.4,4.6,5.0
svm_full,signo_zodiacal_leo,145,0.5,0.48,0.46918803418803423,0.5,0.48015116843492134,0.46799999999999997,0.5350114401422451,5.0,5.4,4.6,5.0
svm_full,signo_zodiacal_leo,146,0.5,0.54,0.5346886446886447,0.6,0.5588754553204682,0.5760000000000001,0.6203714053404454,6.0,5.2,4.8,4.0
svm_full,signo_zodiacal_leo,147,0.5,0.48,0.49141025641025643,0.42000000000000004,0.42733556298773684,0.47000000000000003,0.5630207852003517,4.2,4.6,5.4,5.8
svm_full,signo_zodiacal_leo,148,0.5,0.55,0.5555555555555555,0.5199999999999999,0.5296650717703348,0.5519999999999999,0.6383803418803418,5.2,4.2,5.8,4.8
svm_full,signo_zodiacal_leo,149,0.5,0.54,0.5377777777777778,0.6199999999999999,0.571444976076555,0.5820000000000001,0.6188814888242133,6.2,5.4,4.6,3.8
svm_full,signo_zodiacal_leo,150,0.5,0.5399999999999999,0.525,0.5599999999999999,0.5373737373737374,0.504,0.5246446937135791,5.6,4.8,5.2,4.4
svm_full,signo_zodiacal_leo,151,0.5,0.53,0.5361305361305362,0.6,0.5635828702190258,0.5319999999999999,0.5923006133873006,6.0,5.4,4.6,4.0
svm_full,signo_zodiacal_leo,152,0.5,0.49000000000000005,0.48809523809523814,0.5599999999999999,0.516042780748663,0.496,0.5522310461296529,5.6,5.8,4.2,4.4
svm_full,signo_zodiacal_leo,153,0.5,0.48,0.476001776001776,0.44000000000000006,0.4484323019825779,0.522,0.5672506731314779,4.4,4.8,5.2,5.6
svm_full,signo_zodiacal_leo,154,0.5,0.32999999999999996,0.32509157509157516,0.38,0.3466635666124157,0.23600000000000004,0.39749041361115667,3.8,7.2,2.8,6.2
svm_full,signo_zodiacal_leo,155,0.5,0.58,0.5924242424242424,0.5199999999999999,0.5428742310321257,0.606,0.676758240727281,5.2,3.6,6.4,4.8
svm_full,signo_zodiacal_leo,156,0.5,0.43000000000000005,0.42380952380952375,0.42000000000000004,0.4183506895581199,0.40199999999999997,0.47846141423076405,4.2,5.6,4.4,5.8
svm_full,signo_zodiacal_leo,157,0.5,0.45,0.4554079254079254,0.52,0.48470543948804823,0.476,0.6048883816561834,5.2,6.2,3.8,4.8
svm_full,signo_zodiacal_leo,158,0.5,0.5800000000000001,0.5970202020202021,0.5,0.5331996658312448,0.578,0.6019039181492742,5.0,3.4,6.6,5.0
svm_full,signo_zodiacal_leo,159,0.5,0.5,0.48988854282971933,0.54,0.4988467367623378,0.514,0.5784104969677724,5.4,5.4,4.6,4.6
svm_full,signo_zodiacal_leo,160,0.5,0.43,0.41904761904761906,0.3,0.3380846277905102,0.45,0.5195249858500632,3.0,4.4,5.6,7.0
svm_full,signo_zodiacal_leo,161,0.5,0.55,0.5456959706959708,0.6599999999999999,0.5911506368028107,0.5589999999999999,0.6053261630010855,6.6,5.6,4.4,3.4
svm_full,signo_zodiacal_leo,162,0.5,0.5599999999999999,0.5569541569541568,0.6,0.5699235300527533,0.583,0.6163035657153304,6.0,4.8,5.2,4.0
svm_full,signo_zodiacal_leo,163,0.5,0.52,0.5279365079365079,0.56,0.5396172248803828,0.522,0.6093658008658009,5.6,5.2,4.8,4.4
svm_full,signo_zodiacal_leo,164,0.5,0.45,0.44162337662337664,0.36,0.39027077497665735,0.446,0.512067813937009,3.6,4.6,5.4,6.4
svm_full,signo_zodiacal_leo,165,0.5,0.57,0.6053968253968254,0.5,0.5252631578947369,0.6079999999999999,0.6675604548530244,5.0,3.6,6.4,5.0
svm_full,signo_zodiacal_leo,166,0.5,0.51,0.525952380952381,0.42000000000000004,0.4574775619976859,0.4880000000000001,0.5787504640182658,4.2,4.0,6.0,5.8
svm_full,signo_zodiacal_leo,167,0.5,0.5700000000000001,0.5880591630591632,0.5,0.5371959310039804,0.5700000000000001,0.622362868126026,5.0,3.6,6.4,5.0
svm_full,signo_zodiacal_leo,168,0.5,0.5,0.4968253968253967,0.36,0.41555727554179567,0.48,0.5388539407788633,3.6,3.6,6.4,6.4
svm_full,signo_zodiacal_leo,169,0.5,0.41000000000000003,0.35690476190476195,0.32,0.33519607843137256,0.43599999999999994,0.535069191644269,3.2,5.0,5.0,6.8
svm_full,signo_zodiacal_leo,170,0.5,0.42000000000000004,0.42405594405594405,0.48,0.4493581780538302,0.366,0.4728812114957625,4.8,6.4,3.6,5.2
svm_full,signo_zodiacal_leo,171,0.5,0.5,0.5066666666666666,0.33999999999999997,0.39409090909090905,0.46399999999999997,0.5525128021273531,3.4,3.4,6.6,6.6
svm_full,signo_zodiacal_leo,172,0.5,0.44000000000000006,0.4041330891330891,0.36,0.37353255260914436,0.358,0.4525245702010408,3.6,4.8,5.2,6.4
svm_full,signo_zodiacal_leo,173,0.5,0.51,0.5173076923076924,0.56,0.528009544485517,0.536,0.6182918553754466,5.6,5.4,4.6,4.4
svm_full,signo_zodiacal_leo,174,0.5,0.45,0.44043290043290034,0.5800000000000001,0.4933738418444301,0.332,0.4612142616585341,5.8,6.8,3.2,4.2
svm_full,signo_zodiacal_leo,175,0.5,0.5700000000000001,0.5566666666666666,0.7,0.6143157894736843,0.6220000000000001,0.6410340590781767,7.0,5.6,4.4,3.0
svm_full,signo_zodiacal_leo,176,0.5,0.6,0.5831501831501831,0.74,0.6517786561264822,0.6040000000000001,0.6504971755970208,7.4,5.4,4.6,2.6
svm_full,signo_zodiacal_leo,177,0.5,0.5199999999999999,0.5191641691641691,0.6399999999999999,0.5723884810841332,0.524,0.6035430686444617,6.4,6.0,4.0,3.6
svm_full,signo_zodiacal_leo,178,0.5,0.4600000000000001,0.4683333333333334,0.38,0.4155555555555555,0.502,0.5315988978341919,3.8,4.6,5.4,6.2
svm_full,signo_zodiacal_leo,179,0.5,0.5199999999999999,0.5234498834498834,0.58,0.5487521174477695,0.46799999999999997,0.517334386803427,5.8,5.4,4.6,4.2
svm_full,signo_zodiacal_leo,180,0.5,0.49000000000000005,0.49230769230769234,0.38,0.4154589371980677,0.51,0.5928972591735749,3.8,4.0,6.0,6.2
svm_full,signo_zodiacal_leo,181,0.5,0.41000000000000003,0.3698701298701298,0.34,0.3478957643663526,0.42400000000000004,0.5669981813851782,3.4,5.2,4.8,6.6
svm_full,signo_zodiacal_leo,182,0.5,0.47000000000000003,0.45662337662337665,0.32,0.3691596638655462,0.5200000000000001,0.5706318773246017,3.2,3.8,6.2,6.8
svm_full,signo_zodiacal_leo,183,0.5,0.44000000000000006,0.39666666666666667,0.21999999999999997,0.2743406593406593,0.45,0.5444801695552469,2.2,3.4,6.6,7.8
svm_full,signo_zodiacal_leo,184,0.5,0.43000000000000005,0.42662337662337657,0.42000000000000004,0.41989331617814585,0.434,0.5430492928124506,4.2,5.6,4.4,5.8
svm_full,signo_zodiacal_leo,185,0.5,0.51,0.5020634920634921,0.5799999999999998,0.5349601275917065,0.516,0.5959231514099935,5.8,5.6,4.4,4.2
svm_full,signo_zodiacal_leo,186,0.5,0.4600000000000001,0.4431746031746032,0.4,0.40109740414384376,0.446,0.5138898225957049,4.0,4.8,5.2,6.0
svm_full,signo_zodiacal_leo,187,0.5,0.48,0.4990476190476191,0.3,0.3581584428643252,0.442,0.5233855521843138,3.0,3.4,6.6,7.0
svm_full,signo_zodiacal_leo,188,0.5,0.58,0.5668315018315019,0.72,0.6267922705314011,0.524,0.5815526869071761,7.2,5.6,4.4,2.8
svm_full,signo_zodiacal_leo,189,0.5,0.5900000000000001,0.6142857142857142,0.4600000000000001,0.5254901960784313,0.642,0.6591617630735278,4.6,2.8,7.2,5.4
svm_full,signo_zodiacal_leo,190,0.5,0.35,0.33168498168498173,0.39999999999999997,0.35340096618357497,0.376,0.46478526006157583,4.0,7.0,3.0,6.0
svm_full,signo_zodiacal_leo,191,0.5,0.5599999999999999,0.6173015873015872,0.42000000000000004,0.488624502432552,0.5780000000000001,0.638115543984739,4.2,3.0,7.0,5.8
svm_full,signo_zodiacal_leo,192,0.5,0.57,0.5717399267399267,0.54,0.5497542663136956,0.608,0.6862001234060057,5.4,4.0,6.0,4.6
svm_full,signo_zodiacal_leo,193,0.5,0.6600000000000001,0.76,0.4800000000000001,0.5708367071524967,0.6439999999999999,0.713517216873254,4.8,1.6,8.4,5.2
svm_full,signo_zodiacal_leo,194,0.5,0.4800000000000001,0.475,0.54,0.5022774327122154,0.506,0.5775779318720495,5.4,5.8,4.2,4.6
svm_full,signo_zodiacal_leo,195,0.5,0.49000000000000005,0.49712509712509706,0.5599999999999999,0.5231720605862482,0.504,0.580505034009678,5.6,5.8,4.2,4.4
svm_full,signo_zodiacal_leo,196,0.5,0.44000000000000006,0.4444444444444445,0.45999999999999996,0.4502392344497608,0.466,0.5662034056414862,4.6,5.8,4.2,5.4
svm_full,signo_zodiacal_leo,197,0.5,0.43,0.44230769230769235,0.54,0.47995000168913216,0.442,0.5410683297610542,5.4,6.8,3.2,4.6
svm_full,signo_zodiacal_leo,198,0.5,0.4,0.37111111111111106,0.28,0.3143274853801169,0.35600000000000004,0.47168020868020866,2.8,4.8,5.2,7.2
svm_full,signo_zodiacal_leo,199,0.5,0.54,0.533986013986014,0.5,0.5043685300207039,0.544,0.5950483317851739,5.0,4.2,5.8,5.0
svm_full,signo_zodiacal_leo,200,0.5,0.48,0.4504895104895105,0.44000000000000006,0.43458592132505175,0.51,0.574805397217162,4.4,4.8,5.2,5.6
svm_full,signo_zodiacal_leo,201,0.5,0.5599999999999999,0.5533333333333333,0.7,0.6126666666666667,0.53,0.5747190864690864,7.0,5.8,4.2,3.0
svm_full,signo_zodiacal_leo,202,0.5,0.54,0.5413888888888889,0.5800000000000001,0.5395609536662168,0.592,0.6399410209673367,5.8,5.0,5.0,4.2
svm_full,signo_zodiacal_leo,203,0.5,0.4,0.402020202020202,0.38,0.3763043973570289,0.41,0.5511908283494972,3.8,5.8,4.2,6.2
svm_full,signo_zodiacal_leo,204,0.5,0.55,0.5790909090909091,0.6,0.5597435897435897,0.5820000000000001,0.6871304524508858,6.0,5.0,5.0,4.0
svm_full,signo_zodiacal_leo,205,0.5,0.48,0.4790909090909091,0.34,0.38476190476190475,0.414,0.5069044011544012,3.4,3.8,6.2,6.6
svm_full,signo_zodiacal_leo,206,0.5,0.53,0.5069658119658119,0.6,0.5430985368559739,0.55,0.5853696015886418,6.0,5.4,4.6,4.0
svm_full,signo_zodiacal_leo,207,0.5,0.35,0.26606060606060605,0.27999999999999997,0.2631904761904762,0.308,0.4336215945217493,2.8,5.8,4.2,7.2
svm_full,signo_zodiacal_leo,208,0.5,0.48,0.4781385281385281,0.56,0.508122871280766,0.43599999999999994,0.5388605875548601,5.6,6.0,4.0,4.4
svm_full,signo_zodiacal_leo,209,0.5,0.35,0.35027472527472525,0.4,0.3683574879227053,0.33799999999999997,0.51606510379885,4.0,7.0,3.0,6.0
svm_full,signo_zodiacal_leo,210,0.5,0.48,0.4774975024975025,0.5399999999999999,0.5026915113871635,0.472,0.5910538273216291,5.4,5.8,4.2,4.6
svm_full,signo_zodiacal_leo,211,0.5,0.5900000000000001,0.5960761460761461,0.5799999999999998,0.5825578438850749,0.6200000000000001,0.6273232306908777,5.8,4.0,6.0,4.2
svm_full,signo_zodiacal_leo,212,0.5,0.55,0.6123809523809525,0.44000000000000006,0.4955555555555556,0.508,0.5955228474655719,4.4,3.4,6.6,5.6
svm_full,signo_zodiacal_leo,213,0.5,0.5,0.5033333333333333,0.5599999999999999,0.5192424242424243,0.531,0.5703761403714964,5.6,5.6,4.4,4.4
svm_full,signo_zodiacal_leo,214,0.5,0.4800000000000001,0.4684065934065934,0.45999999999999996,0.45899403239556696,0.47400000000000003,0.571423371777861,4.6,5.0,5.0,5.4
svm_full,signo_zodiacal_leo,215,0.5,0.5700000000000001,0.5892857142857143,0.6,0.5719658119658119,0.588,0.6525236505840221,6.0,4.6,5.4,4.0
svm_full,signo_zodiacal_leo,216,0.5,0.55,0.5431623931623932,0.6,0.5649030349259182,0.49800000000000005,0.5518409825468649,6.0,5.0,5.0,4.0
svm_full,signo_zodiacal_leo,217,0.5,0.54,0.5526190476190476,0.4,0.45856209150326793,0.5,0.6009693639693638,4.0,3.2,6.8,6.0
svm_full,signo_zodiacal_leo,218,0.5,0.5599999999999999,0.5758547008547008,0.45999999999999996,0.49121898950274234,0.624,0.6884450143080174,4.6,3.4,6.6,5.4
svm_full,signo_zodiacal_leo,219,0.5,0.5199999999999999,0.5332600732600733,0.58,0.5458721717103734,0.5700000000000001,0.6575792453160874,5.8,5.4,4.6,4.2
svm_full,signo_zodiacal_leo,220,0.5,0.45,0.4484498834498834,0.54,0.48523696593261806,0.43600000000000005,0.5428550544742495,5.4,6.4,3.6,4.6
svm_full,signo_zodiacal_leo,221,0.5,0.51,0.509090909090909,0.6199999999999999,0.5523384827732654,0.526,0.5748613331113331,6.2,6.0,4.0,3.8
svm_full,signo_zodiacal_leo,222,0.5,0.5599999999999999,0.6290909090909091,0.4,0.47246031746031747,0.512,0.6226755205578735,4.0,2.8,7.2,6.0
svm_full,signo_zodiacal_leo,223,0.5,0.64,0.682034632034632,0.54,0.5967320261437908,0.678,0.73397854596384,5.4,2.6,7.4,4.6
svm_full,signo_zodiacal_leo,224,0.5,0.42000000000000004,0.42204545454545456,0.5,0.44875673346261574,0.42800000000000005,0.5334021936096239,5.0,6.6,3.4,5.0
svm_full,signo_zodiacal_leo,225,0.5,0.59,0.6599999999999999,0.43999999999999995,0.5036118267697215,0.5800000000000001,0.6581470567616078,4.4,2.6,7.4,5.6
svm_full,signo_zodiacal_leo,226,0.5,0.43,0.4235042735042735,0.45999999999999996,0.43735062293414695,0.438,0.5297821278308894,4.6,6.0,4.0,5.4
svm_full,signo_zodiacal_leo,227,0.5,0.5700000000000001,0.5755555555555556,0.5399999999999999,0.5479239766081871,0.602,0.6750043083851133,5.4,4.0,6.0,4.6
svm_full,signo_zodiacal_leo,228,0.5,0.57,0.5726190476190476,0.52,0.5401569878350065,0.612,0.6537312307575466,5.2,3.8,6.2,4.8
svm_full,signo_zodiacal_leo,229,0.5,0.51,0.510994560994561,0.56,0.5321218064925158,0.534,0.571511127159734,5.6,5.4,4.6,4.4
svm_full,signo_zodiacal_leo,230,0.5,0.47000000000000003,0.47264957264957264,0.4600000000000001,0.45725261771028364,0.562,0.6376006118064942,4.6,5.2,4.8,5.4
svm_full,signo_zodiacal_leo,231,0.5,0.6,0.5962388591800357,0.74,0.6548388648388648,0.632,0.628874067710755,7.4,5.4,4.6,2.6
svm_full,signo_zodiacal_leo,232,0.5,0.54,0.5988095238095237,0.31999999999999995,0.40542268189327013,0.564,0.6293666060461726,3.2,2.4,7.6,6.8
svm_full,signo_zodiacal_leo,233,0.5,0.42000000000000004,0.406031746031746,0.38000000000000006,0.3892491478249992,0.41600000000000004,0.5115197749446976,3.8,5.4,4.6,6.2
svm_full,signo_zodiacal_leo,234,0.5,0.48,0.48619658119658116,0.5,0.4887603726047661,0.488,0.5609064074899988,5.0,5.4,4.6,5.0
svm_full,signo_zodiacal_leo,235,0.5,0.5000000000000001,0.48947496947496943,0.5599999999999999,0.5138185244557569,0.43200000000000005,0.49762946367358135,5.6,5.6,4.4,4.4
svm_full,signo_zodiacal_leo,236,0.5,0.42000000000000004,0.4095238095238095,0.41999999999999993,0.41021671826625383,0.43000000000000005,0.5248099129113062,4.2,5.8,4.2,5.8
svm_full,signo_zodiacal_leo,237,0.5,0.47000000000000003,0.46071428571428574,0.38,0.41225490196078435,0.446,0.53346612967356,3.8,4.4,5.6,6.2
svm_full,signo_zodiacal_leo,238,0.5,0.6700000000000002,0.6360122230710467,0.8400000000000001,0.7173333333333334,0.642,0.6499712689271513,8.4,5.0,5.0,1.6
svm_full,signo_zodiacal_leo,239,0.5,0.42000000000000004,0.4274475524475525,0.38,0.3961758616490074,0.392,0.5122751925577003,3.8,5.4,4.6,6.2
svm_full,signo_zodiacal_leo,240,0.5,0.5,0.5,0.36000000000000004,0.41447368421052627,0.526,0.5819264444705621,3.6,3.6,6.4,6.4
svm_full,signo_zodiacal_leo,241,0.5,0.51,0.51010989010989,0.64,0.56532279314888,0.556,0.6091303053671474,6.4,6.2,3.8,3.6
svm_full,signo_zodiacal_leo,242,0.5,0.53,0.5173076923076924,0.7,0.5933718455457585,0.44400000000000006,0.5247268766665052,7.0,6.4,3.6,3.0
svm_full,signo_zodiacal_leo,243,0.5,0.55,0.5937373737373737,0.5599999999999999,0.5478571428571428,0.64,0.6805005619595402,5.6,4.6,5.4,4.4
svm_full,signo_zodiacal_leo,244,0.5,0.5700000000000001,0.5856060606060606,0.47999999999999987,0.5194444444444445,0.628,0.6718053319229789,4.8,3.4,6.6,5.2
svm_full,signo_zodiacal_leo,245,0.5,0.55,0.5503968253968253,0.5399999999999999,0.5344919160646715,0.546,0.6282065707770041,5.4,4.4,5.6,4.6
svm_full,signo_zodiacal_leo,246,0.5,0.53,0.5476190476190476,0.45999999999999996,0.49253034547152197,0.554,0.5736476476739634,4.6,4.0,6.0,5.4
svm_full,signo_zodiacal_leo,247,0.5,0.54,0.5349650349650349,0.6200000000000001,0.5697189284145806,0.5559999999999999,0.6042228947523066,6.2,5.4,4.6,3.8
svm_full,signo_zodiacal_leo,248,0.5,0.45,0.4601165501165501,0.58,0.5116612083568606,0.434,0.5223723719520933,5.8,6.8,3.2,4.2
svm_full,signo_zodiacal_leo,249,0.5,0.59,0.5872222222222222,0.48,0.5234795321637427,0.584,0.6580235407866987,4.8,3.0,7.0,5.2
svm_full,signo_zodiacal_leo,250,0.5,0.48,0.48424242424242425,0.6,0.532995670995671,0.46399999999999997,0.5301855248294876,6.0,6.4,3.6,4.0
svm_full,signo_zodiacal_leo,251,0.5,0.45999999999999996,0.466060606060606,0.48,0.4720300751879698,0.4779999999999999,0.5715572221895752,4.8,5.6,4.4,5.2
svm_full,signo_zodiacal_leo,252,0.5,0.5399999999999999,0.5423076923076923,0.62,0.5711927458730528,0.57,0.6254844024224828,6.2,5.4,4.6,3.8
svm_full,signo_zodiacal_leo,253,0.5,0.51,0.5111471861471861,0.5399999999999999,0.517965367965368,0.45600000000000007,0.5017323063073837,5.4,5.2,4.8,4.6
svm_full,signo_zodiacal_leo,254,0.5,0.5900000000000001,0.6218253968253968,0.5,0.5516683866529069,0.6359999999999999,0.6951334863966443,5.0,3.2,6.8,5.0
svm_full,signo_zodiacal_leo,255,0.5,0.34,0.33227272727272733,0.32,0.3244444444444444,0.328,0.46183969831338256,3.2,6.4,3.6,6.8
svm_full,signo_zodiacal_leo,256,0.5,0.47000000000000003,0.4715233785822021,0.68,0.5527580824972129,0.492,0.5625286651772721,6.8,7.4,2.6,3.2
svm_full,signo_zodiacal_leo,257,0.5,0.51,0.5298412698412698,0.4800000000000001,0.49032817337461304,0.58,0.585745587144194,4.8,4.6,5.4,5.2
svm_full,signo_zodiacal_leo,258,0.5,0.5800000000000001,0.5848484848484848,0.58,0.5780663780663781,0.6,0.6886435502921571,5.8,4.2,5.8,4.2
svm_full,signo_zodiacal_leo,259,0.5,0.44000000000000006,0.442948717948718,0.5199999999999999,0.47536231884057967,0.442,0.4941156700196948,5.2,6.4,3.6,4.8
svm_full,signo_zodiacal_leo,260,0.5,0.49000000000000005,0.49678321678321674,0.6000000000000001,0.5415486542443064,0.506,0.5766530412312145,6.0,6.2,3.8,4.0
svm_full,signo_zodiacal_leo,261,0.5,0.5399999999999999,0.5547435897435897,0.45999999999999996,0.48690821256038647,0.5239999999999999,0.5817788980025822,4.6,3.8,6.2,5.4
svm_full,signo_zodiacal_leo,262,0.5,0.55,0.534478021978022,0.7000000000000001,0.6026249113205635,0.528,0.5578152207269854,7.0,6.0,4.0,3.0
svm_full,signo_zodiacal_leo,263,0.5,0.45,0.43441558441558437,0.4800000000000001,0.45311942959001783,0.47400000000000003,0.5325635546943597,4.8,5.8,4.2,5.2
svm_full,signo_zodiacal_leo,264,0.5,0.58,0.597979797979798,0.48,0.526360017691287,0.612,0.6745195329266536,4.8,3.2,6.8,5.2
svm_full,signo_zodiacal_leo,265,0.5,0.43,0.4446428571428571,0.5199999999999999,0.4711376858435682,0.358,0.4506439034821388,5.2,6.6,3.4,4.8
svm_full,signo_zodiacal_leo,266,0.5,0.47000000000000003,0.42666666666666664,0.32,0.3605555555555555,0.51,0.5396291659836552,3.2,3.8,6.2,6.8
svm_full,signo_zodiacal_leo,267,0.5,0.42000000000000004,0.4301014774698985,0.5599999999999998,0.47453983092487373,0.39,0.47211020249100744,5.6,7.2,2.8,4.4
svm_full,signo_zodiacal_leo,268,0.5,0.4699999999999999,0.47659090909090907,0.6000000000000001,0.525054945054945,0.458,0.5410932688742285,6.0,6.6,3.4,4.0
svm_full,signo_zodiacal_leo,269,0.5,0.62,0.6016483516483516,0.72,0.6518098606199294,0.634,0.6480403377152604,7.2,4.8,5.2,2.8
svm_full,signo_zodiacal_leo,270,0.5,0.38,0.35326007326007325,0.32,0.32452607920638615,0.32,0.4726044527368057,3.2,5.6,4.4,6.8
svm_full,signo_zodiacal_leo,271,0.5,0.47000000000000003,0.47540792540792537,0.5599999999999999,0.5137963485789573,0.433,0.5097496108982177,5.6,6.2,3.8,4.4
svm_full,signo_zodiacal_leo,272,0.5,0.42000000000000004,0.40666666666666673,0.27999999999999997,0.32333333333333336,0.4699999999999999,0.5645622226930277,2.8,4.4,5.6,7.2
svm_full,signo_zodiacal_leo,273,0.5,0.5,0.5034188034188034,0.58,0.5353685597392691,0.5599999999999999,0.666110288404406,5.8,5.8,4.2,4.2
svm_full,signo_zodiacal_leo,274,0.5,0.48,0.4805194805194805,0.5599999999999999,0.5109609061015711,0.504,0.5484007817947447,5.6,6.0,4.0,4.4
svm_full,signo_zodiacal_leo,275,0.5,0.5600000000000002,0.542009102009102,0.68,0.5989600087174458,0.4960000000000001,0.5609165823856225,6.8,5.6,4.4,3.2
svm_full,signo_zodiacal_leo,276,0.5,0.38,0.37727272727272726,0.34,0.344011544011544,0.42600000000000005,0.5257152189915348,3.4,5.8,4.2,6.6
svm_full,signo_zodiacal_leo,277,0.5,0.37,0.37757575757575756,0.4,0.38695526695526694,0.35000000000000003,0.463881592865339,4.0,6.6,3.4,6.0
svm_full,signo_zodiacal_leo,278,0.5,0.49000000000000005,0.517948717948718,0.4,0.4162658597441206,0.502,0.5910846365536767,4.0,4.2,5.8,6.0
svm_full,signo_zodiacal_leo,279,0.5,0.45999999999999996,0.4752669552669553,0.42000000000000004,0.43204186937933065,0.40199999999999997,0.5250164670211108,4.2,5.0,5.0,5.8
svm_full,signo_zodiacal_leo,280,0.5,0.37,0.35077922077922075,0.33999999999999997,0.34293183940242766,0.352,0.466409251738973,3.4,6.0,4.0,6.6
svm_full,signo_zodiacal_leo,281,0.5,0.47000000000000003,0.4732600732600732,0.44000000000000006,0.4510970520931485,0.43200000000000005,0.482104099117257,4.4,5.0,5.0,5.6
svm_full,signo_zodiacal_leo,282,0.5,0.51,0.5145299145299145,0.6599999999999999,0.566725993728282,0.52,0.5900384615384616,6.6,6.4,3.6,3.4
svm_full,signo_zodiacal_leo,283,0.5,0.4,0.39939393939393936,0.44000000000000006,0.4175301891091364,0.40800000000000003,0.5131619861047105,4.4,6.4,3.6,5.6
svm_full,signo_zodiacal_leo,284,0.5,0.42000000000000004,0.43321678321678325,0.5,0.4632222849614154,0.42400000000000004,0.5115381024204554,5.0,6.6,3.4,5.0
svm_full,signo_zodiacal_leo,285,0.5,0.43,0.4405594405594406,0.54,0.4841426689252777,0.43800000000000006,0.5564010460643587,5.4,6.8,3.2,4.6
svm_full,signo_zodiacal_leo,286,0.5,0.4700000000000001,0.47681818181818186,0.36000000000000004,0.39428571428571424,0.5,0.5587299259048486,3.6,4.2,5.8,6.4
svm_full,signo_zodiacal_leo,287,0.5,0.43,0.42345811051693405,0.56,0.475924963924964,0.438,0.5049108828048456,5.6,7.0,3.0,4.4
svm_full,signo_zodiacal_leo,288,0.5,0.38,0.3361904761904762,0.28,0.2971275783040489,0.32199999999999995,0.44499989595887424,2.8,5.2,4.8,7.2
svm_full,signo_zodiacal_leo,289,0.5,0.5599999999999999,0.5681818181818181,0.62,0.5876623376623377,0.6100000000000001,0.6599193922692373,6.2,5.0,5.0,3.8
svm_full,signo_zodiacal_leo,290,0.5,0.39,0.4045454545454545,0.36,0.376161995898838,0.368,0.49150969661573374,3.6,5.8,4.2,6.4
svm_full,signo_zodiacal_leo,291,0.5,0.39,0.39737762237762236,0.45999999999999996,0.4226708074534161,0.34,0.4761148610591334,4.6,6.8,3.2,5.4
svm_full,signo_zodiacal_leo,292,0.5,0.5,0.47865689865689875,0.5,0.4761022120518688,0.48,0.5669054366685946,5.0,5.0,5.0,5.0
svm_full,signo_zodiacal_leo,293,0.5,0.6,0.6132478632478632,0.62,0.6115317939116566,0.6329999999999999,0.7169894180466936,6.2,4.2,5.8,3.8
svm_full,signo_zodiacal_leo,294,0.5,0.5700000000000001,0.5791452991452992,0.5799999999999998,0.5774828375286042,0.6299999999999999,0.6867029071719474,5.8,4.4,5.6,4.2
svm_full,signo_zodiacal_leo,295,0.5,0.51,0.5348917748917749,0.5199999999999999,0.5206295149638802,0.525,0.5938759682010455,5.2,5.0,5.0,4.8
svm_full,signo_zodiacal_leo,296,0.5,0.6,0.5696428571428571,0.72,0.6273504273504272,0.584,0.5895213207844786,7.2,5.2,4.8,2.8
svm_full,signo_zodiacal_leo,297,0.5,0.43,0.4218614718614718,0.36,0.38584697036709426,0.414,0.49707177016310145,3.6,5.0,5.0,6.4
svm_full,signo_zodiacal_leo,298,0.5,0.51,0.5148199023199023,0.5599999999999999,0.5247988651542292,0.5820000000000001,0.6692255875359591,5.6,5.4,4.6,4.4
svm_full,signo_zodiacal_leo,299,0.5,0.45,0.4557539682539683,0.42000000000000004,0.4200142891164562,0.48599999999999993,0.5449824240087399,4.2,5.2,4.8,5.8
svm_full,signo_zodiacal_leo,300,0.5,0.5,0.49231601731601726,0.45999999999999996,0.4715612560813799,0.458,0.5322761317629738,4.6,4.6,5.4,5.4
svm_full,signo_zodiacal_leo,301,0.5,0.49000000000000005,0.5174242424242423,0.44000000000000006,0.4575757575757575,0.5120000000000001,0.5997622563195317,4.4,4.6,5.4,5.6
svm_full,signo_zodiacal_leo,302,0.5,0.45,0.40512265512265505,0.34,0.363015381591233,0.48900000000000005,0.567385179148337,3.4,4.4,5.6,6.6
svm_full,signo_zodiacal_leo,303,0.5,0.42000000000000004,0.41571428571428576,0.4,0.4046552209400507,0.414,0.5448752287444238,4.0,5.6,4.4,6.0
svm_full,signo_zodiacal_leo,304,0.5,0.45999999999999996,0.4645299145299145,0.5,0.4794674433118368,0.471,0.5118469216541972,5.0,5.8,4.2,5.0
svm_full,signo_zodiacal_leo,305,0.5,0.62,0.5948717948717949,0.74,0.6592885375494071,0.536,0.5528235453057435,7.4,5.0,5.0,2.6
svm_full,signo_zodiacal_leo,306,0.5,0.49000000000000005,0.48611111111111105,0.38,0.4219298245614035,0.48,0.5436349210644875,3.8,4.0,6.0,6.2
svm_full,signo_zodiacal_leo,307,0.5,0.5700000000000001,0.6290909090909091,0.54,0.5580952380952382,0.596,0.6855456847074494,5.4,4.0,6.0,4.6
svm_full,signo_zodiacal_leo,308,0.5,0.52,0.5247619047619048,0.38,0.4363811489508084,0.5299999999999999,0.5733342299255612,3.8,3.4,6.6,6.2
svm_full,signo_zodiacal_leo,309,0.5,0.5700000000000001,0.573939393939394,0.47999999999999987,0.5129824561403509,0.572,0.6069176362852834,4.8,3.4,6.6,5.2
svm_full,signo_zodiacal_leo,310,0.5,0.48,0.4607142857142857,0.33999999999999997,0.3855882352941177,0.43200000000000005,0.5151514606824203,3.4,3.8,6.2,6.6
svm_full,signo_zodiacal_leo,311,0.5,0.52,0.5406060606060605,0.44000000000000006,0.4637606837606837,0.584,0.6141031354266648,4.4,4.0,6.0,5.6
svm_full,signo_zodiacal_leo,312,0.5,0.47000000000000003,0.46904761904761905,0.45999999999999996,0.4600619195046439,0.49399999999999994,0.5383078288240827,4.6,5.2,4.8,5.4
svm_full,signo_zodiacal_leo,313,0.5,0.5599999999999999,0.547979797979798,0.6399999999999999,0.5882195607596066,0.5519999999999999,0.5924965394083042,6.4,5.2,4.8,3.6
svm_full,signo_zodiacal_leo,314,0.5,0.55,0.5427822177822177,0.64,0.5815044858523118,0.538,0.6043179020841559,6.4,5.4,4.6,3.6
svm_full,signo_zodiacal_leo,315,0.5,0.56,0.5672222222222223,0.48,0.5166374269005847,0.58,0.6428213369877456,4.8,3.6,6.4,5.2
svm_full,signo_zodiacal_leo,316,0.5,0.51,0.5142857142857142,0.48,0.49209744503862146,0.512,0.6047893789217319,4.8,4.6,5.4,5.2
svm_full,signo_zodiacal_leo,317,0.5,0.43,0.41904761904761906,0.3,0.34293577079954785,0.48200000000000004,0.5363251068676765,3.0,4.4,5.6,7.0
svm_full,signo_zodiacal_leo,318,0.5,0.45999999999999996,0.4714285714285714,0.54,0.4994949494949495,0.46399999999999997,0.5345476282403527,5.4,6.2,3.8,4.6
svm_full,signo_zodiacal_leo,319,0.5,0.55,0.5567099567099567,0.62,0.5733766233766234,0.616,0.650552380196343,6.2,5.2,4.8,3.8
svm_full,signo_zodiacal_leo,320,0.5,0.4600000000000001,0.36666666666666664,0.32,0.33947368421052626,0.42400000000000004,0.49765679848187583,3.2,4.0,6.0,6.8
svm_full,signo_zodiacal_leo,321,0.5,0.53,0.5634188034188035,0.44000000000000006,0.4809835330013012,0.5439999999999999,0.5990122536562165,4.4,3.8,6.2,5.6
svm_full,signo_zodiacal_leo,322,0.5,0.45999999999999996,0.4591630591630592,0.44000000000000006,0.4416777237210674,0.516,0.5602581280948153,4.4,5.2,4.8,5.6
svm_full,signo_zodiacal_leo,323,0.5,0.41000000000000003,0.38298368298368296,0.4,0.3821490485106046,0.338,0.46002250020361474,4.0,5.8,4.2,6.0
svm_full,signo_zodiacal_leo,324,0.5,0.53,0.5347319347319347,0.58,0.5544731393701646,0.58,0.6715199500362038,5.8,5.2,4.8,4.2
svm_full,signo_zodiacal_leo,325,0.5,0.36000000000000004,0.3946428571428572,0.54,0.4546620046620046,0.29400000000000004,0.44095669466412507,5.4,8.2,1.8,4.6
svm_full,signo_zodiacal_leo,326,0.5,0.45,0.44772727272727275,0.4,0.4170995670995671,0.45,0.5262242279564261,4.0,5.0,5.0,6.0
svm_full,signo_zodiacal_leo,327,0.5,0.53,0.537142857142857,0.4,0.4545717234262126,0.556,0.5913488157868962,4.0,3.4,6.6,6.0
svm_full,signo_zodiacal_leo,328,0.5,0.37,0.3681818181818182,0.36,0.36190476190476184,0.394,0.48814546401311104,3.6,6.2,3.8,6.4
svm_full,signo_zodiacal_leo,329,0.5,0.47000000000000003,0.46904761904761905,0.5199999999999999,0.4837195484254308,0.43600000000000005,0.5415764056205232,5.2,5.8,4.2,4.8
svm_full,signo_zodiacal_leo,330,0.5,0.44000000000000006,0.4367063492063492,0.42000000000000004,0.4172898309121219,0.442,0.4926504714755489,4.2,5.4,4.6,5.8
svm_full,signo_zodiacal_leo,331,0.5,0.5,0.4426923076923076,0.4,0.40840579710144925,0.5519999999999999,0.5695217631525681,4.0,4.0,6.0,6.0
svm_full,signo_zodiacal_leo,332,0.5,0.63,0.6842857142857143,0.58,0.600255183413078,0.616,0.6791811229705967,5.8,3.2,6.8,4.2
svm_full,signo_zodiacal_leo,333,0.5,0.5900000000000001,0.6333333333333334,0.54,0.5748803827751197,0.584,0.6482611446860673,5.4,3.6,6.4,4.6
svm_full,signo_zodiacal_leo,334,0.5,0.5800000000000001,0.5898412698412698,0.5999999999999999,0.5872436438690308,0.5960000000000001,0.6489410562777436,6.0,4.4,5.6,4.0
svm_full,signo_zodiacal_leo,335,0.5,0.51,0.5028388278388279,0.4800000000000001,0.482327107391046,0.5439999999999999,0.5924724862340961,4.8,4.6,5.4,5.2
svm_full,signo_zodiacal_leo,336,0.5,0.51,0.49738095238095237,0.44000000000000006,0.46079025549613795,0.476,0.5401833928025879,4.4,4.2,5.8,5.6
svm_full,signo_zodiacal_leo,337,0.5,0.41,0.3910489510489511,0.44000000000000006,0.4084472049689441,0.37,0.4677151757770953,4.4,6.2,3.8,5.6
svm_full,signo_zodiacal_leo,338,0.5,0.38,0.32987012987012987,0.30000000000000004,0.30535608182667007,0.35,0.48102705790941086,3.0,5.4,4.6,7.0
svm_full,signo_zodiacal_leo,339,0.5,0.45,0.40476190476190477,0.26,0.31083459024635496,0.36400000000000005,0.45497552756840687,2.6,3.6,6.4,7.4
svm_full,signo_zodiacal_leo,340,0.5,0.53,0.5290909090909091,0.6199999999999999,0.5691341991341992,0.5439999999999999,0.6035610141492495,6.2,5.6,4.4,3.8
svm_full,signo_zodiacal_leo,341,0.5,0.53,0.555952380952381,0.36,0.43578431372549026,0.5439999999999999,0.615163327470603,3.6,3.0,7.0,6.4
svm_full,signo_zodiacal_leo,342,0.5,0.47000000000000003,0.44484126984126987,0.36,0.3970416236670106,0.418,0.48942305853760965,3.6,4.2,5.8,6.4
svm_full,signo_zodiacal_leo,343,0.5,0.45,0.4588578088578089,0.54,0.49484283832109915,0.446,0.5172814556444587,5.4,6.4,3.6,4.6
svm_full,signo_zodiacal_leo,344,0.5,0.45,0.4694505494505495,0.56,0.5076811594202899,0.406,0.4887692236384186,5.6,6.6,3.4,4.4
svm_full,signo_zodiacal_leo,345,0.5,0.45999999999999996,0.45595238095238094,0.36,0.39017597469609855,0.496,0.5468959651459651,3.6,4.4,5.6,6.4
svm_full,signo_zodiacal_leo,346,0.5,0.51,0.5018759018759018,0.48,0.48611189292303847,0.45600000000000007,0.5310387421316214,4.8,4.6,5.4,5.2
svm_full,signo_zodiacal_leo,347,0.5,0.5,0.494083694083694,0.6,0.5388689114089572,0.504,0.589513718307836,6.0,6.0,4.0,4.0
svm_full,signo_zodiacal_leo,348,0.5,0.43,0.4492307692307692,0.42000000000000004,0.4201932367149759,0.44300000000000006,0.5553904702109035,4.2,5.6,4.4,5.8
svm_full,signo_zodiacal_leo,349,0.5,0.45999999999999996,0.4501082251082251,0.4,0.4169807316866141,0.42400000000000004,0.510076858384134,4.0,4.8,5.2,6.0
svm_full,signo_zodiacal_leo,350,0.5,0.5,0.5059523809523808,0.36,0.41838665290677673,0.472,0.5522985543867897,3.6,3.6,6.4,6.4
svm_full,signo_zodiacal_leo,351,0.5,0.52,0.5333333333333333,0.44000000000000006,0.45822981366459625,0.558,0.621648009455285,4.4,4.0,6.0,5.6
svm_full,signo_zodiacal_leo,352,0.5,0.47000000000000003,0.4766233766233766,0.5800000000000001,0.520995670995671,0.48599999999999993,0.5599851620687535,5.8,6.4,3.6,4.2
svm_full,signo_zodiacal_leo,353,0.5,0.49000000000000005,0.48967320261437913,0.72,0.576882890988154,0.534,0.5894379401128628,7.2,7.4,2.6,2.8
svm_full,signo_zodiacal_leo,354,0.5,0.5800000000000001,0.6021428571428571,0.48,0.531764705882353,0.624,0.6525903514270387,4.8,3.2,6.8,5.2
svm_full,signo_zodiacal_leo,355,0.5,0.43,0.41428571428571426,0.26,0.3052287581699346,0.384,0.4973232415159659,2.6,4.0,6.0,7.4
svm_full,signo_zodiacal_leo,356,0.5,0.47000000000000003,0.3958333333333333,0.38,0.3756747638326585,0.394,0.5244000470633597,3.8,4.4,5.6,6.2
svm_full,signo_zodiacal_leo,357,0.5,0.45999999999999996,0.46923076923076923,0.4,0.40559006211180126,0.402,0.5202214564761004,4.0,4.8,5.2,6.0
svm_full,signo_zodiacal_leo,358,0.5,0.54,0.5302777777777778,0.66,0.5808156054471845,0.5359999999999999,0.5773628773187596,6.6,5.8,4.2,3.4
svm_full,signo_zodiacal_leo,359,0.5,0.52,0.5111965811965812,0.5800000000000001,0.5412856251300188,0.47700000000000004,0.5520690601967692,5.8,5.4,4.6,4.2
svm_full,signo_zodiacal_leo,360,0.5,0.45,0.4174603174603174,0.4,0.39981940144478845,0.38,0.4705401720742278,4.0,5.0,5.0,6.0
svm_full,signo_zodiacal_leo,361,0.5,0.45,0.46783216783216786,0.42000000000000004,0.43108350586611455,0.45200000000000007,0.5761965632406808,4.2,5.2,4.8,5.8
svm_full,signo_zodiacal_leo,362,0.5,0.43,0.42329004329004327,0.4,0.40898422526905504,0.442,0.5051099913158736,4.0,5.4,4.6,6.0
svm_full,signo_zodiacal_leo,363,0.5,0.53,0.5254627725215961,0.66,0.5805383022774326,0.568,0.6200175826925053,6.6,6.0,4.0,3.4
svm_full,signo_zodiacal_leo,364,0.5,0.54,0.5512759462759462,0.4600000000000001,0.49170248724966725,0.5599999999999999,0.6375588846997516,4.6,3.8,6.2,5.4
svm_full,signo_zodiacal_leo,365,0.5,0.5199999999999999,0.516161616161616,0.42000000000000004,0.457249742002064,0.512,0.5318987843941405,4.2,3.8,6.2,5.8
svm_full,signo_zodiacal_leo,366,0.5,0.51,0.5186868686868686,0.52,0.5177261335156071,0.4880000000000001,0.5731761010747078,5.2,5.0,5.0,4.8
svm_full,signo_zodiacal_leo,367,0.5,0.45999999999999996,0.49383116883116884,0.48,0.4783252695017401,0.4739999999999999,0.5423582534596466,4.8,5.6,4.4,5.2
svm_full,signo_zodiacal_leo,368,0.5,0.52,0.49480519480519475,0.48,0.4684873949579832,0.5720000000000001,0.6327125189052433,4.8,4.4,5.6,5.2
svm_full,signo_zodiacal_leo,369,0.5,0.47000000000000003,0.4717016317016317,0.6200000000000001,0.5342958780350086,0.528,0.6139520206315872,6.2,6.8,3.2,3.8
svm_full,signo_zodiacal_leo,370,0.5,0.5,0.497465034965035,0.6,0.5385223472179993,0.516,0.5960893083524662,6.0,6.0,4.0,4.0
svm_full,signo_zodiacal_leo,371,0.5,0.54,0.5388034188034188,0.56,0.5470022883295195,0.48200000000000004,0.5449857571049522,5.6,4.8,5.2,4.4
svm_full,signo_zodiacal_leo,372,0.5,0.41,0.42212121212121206,0.44000000000000006,0.4296058327637275,0.386,0.4998083795289678,4.4,6.2,3.8,5.6
svm_full,signo_zodiacal_leo,373,0.5,0.48,0.48904761904761906,0.52,0.4997979797979798,0.48599999999999993,0.5543365610997191,5.2,5.6,4.4,4.8
svm_full,signo_zodiacal_leo,374,0.5,0.6,0.6607575757575759,0.45999999999999996,0.532063492063492,0.6719999999999999,0.6998017907445152,4.6,2.6,7.4,5.4
svm_full,signo_zodiacal_leo,375,0.5,0.51,0.5163059163059163,0.58,0.5346189001916557,0.5239999999999999,0.581815451060807,5.8,5.6,4.4,4.2
svm_full,signo_zodiacal_leo,376,0.5,0.54,0.54,0.45999999999999996,0.49000000000000005,0.535,0.553617139997945,4.6,3.8,6.2,5.4
svm_full,signo_zodiacal_leo,377,0.5,0.44000000000000006,0.43090909090909096,0.38,0.39746031746031746,0.396,0.460515049879601,3.8,5.0,5.0,6.2
svm_full,signo_zodiacal_leo,378,0.5,0.45999999999999996,0.4212698412698413,0.32,0.3594478844169246,0.406,0.5204580533845239,3.2,4.0,6.0,6.8
svm_full,signo_zodiacal_leo,379,0.5,0.38,0.38606060606060605,0.44000000000000006,0.40754401154401154,0.362,0.4907945796034031,4.4,6.8,3.2,5.6
svm_full,signo_zodiacal_leo,380,0.5,0.45,0.453021978021978,0.48,0.4551054018445323,0.462,0.5504616021233668,4.8,5.8,4.2,5.2
svm_full,signo_zodiacal_leo,381,0.5,0.53,0.5373076923076923,0.5199999999999999,0.5243478260869565,0.548,0.5875331782081007,5.2,4.6,5.4,4.8
svm_full,signo_zodiacal_leo,382,0.5,0.5,0.5040476190476191,0.44000000000000006,0.468015135878913,0.556,0.6144260441141245,4.4,4.4,5.6,5.6
svm_full,signo_zodiacal_leo,383,0.5,0.43000000000000005,0.38436147186147185,0.4,0.3778172807584572,0.41200000000000003,0.5157260913321284,4.0,5.4,4.6,6.0
svm_full,signo_zodiacal_leo,384,0.5,0.43,0.40166666666666667,0.38,0.38606060606060605,0.41600000000000004,0.5097550119299344,3.8,5.2,4.8,6.2
svm_full,signo_zodiacal_leo,385,0.5,0.49000000000000005,0.4943278943278944,0.5199999999999999,0.4965157458864552,0.48200000000000004,0.5289034652138367,5.2,5.4,4.6,4.8
svm_full,signo_zodiacal_leo,386,0.5,0.38,0.3575024975024975,0.36,0.3537035683838753,0.43200000000000005,0.5276548904312062,3.6,6.0,4.0,6.4
svm_full,signo_zodiacal_leo,387,0.5,0.55,0.5653968253968255,0.45999999999999996,0.49938080495356035,0.59,0.645074913648443,4.6,3.6,6.4,5.4
svm_full,signo_zodiacal_leo,388,0.5,0.4600000000000001,0.46729797979797977,0.58,0.5128985050037682,0.446,0.5333341489092264,5.8,6.6,3.4,4.2
svm_full,signo_zodiacal_leo,389,0.5,0.5399999999999999,0.5349650349650349,0.64,0.5731175765500708,0.606,0.6501485524279642,6.4,5.6,4.4,3.6
svm_full,signo_zodiacal_leo,390,0.5,0.49000000000000005,0.43030303030303035,0.44000000000000006,0.432034632034632,0.504,0.5320014952367893,4.4,4.6,5.4,5.6
svm_full,signo_zodiacal_leo,391,0.5,0.54,0.631111111111111,0.38000000000000006,0.42633267661131435,0.504,0.5757354214413037,3.8,3.0,7.0,6.2
svm_full,signo_zodiacal_leo,392,0.5,0.5200000000000001,0.5138767665083455,0.6799999999999999,0.5761134470358805,0.508,0.5588665680724503,6.8,6.4,3.6,3.2
svm_full,signo_zodiacal_leo,393,0.5,0.42000000000000004,0.37936507936507935,0.36000000000000004,0.36536025893611035,0.442,0.4984476417974869,3.6,5.2,4.8,6.4
svm_full,signo_zodiacal_leo,394,0.5,0.39,0.38161616161616163,0.32,0.3381282752335384,0.38,0.4819040887732838,3.2,5.4,4.6,6.8
svm_full,signo_zodiacal_leo,395,0.5,0.48,0.4809523809523809,0.43999999999999995,0.45584013509710103,0.44299999999999995,0.5382387530769883,4.4,4.8,5.2,5.6
svm_full,signo_zodiacal_leo,396,0.5,0.4600000000000001,0.4619230769230769,0.44000000000000006,0.4404918752744839,0.458,0.5411782198709443,4.4,5.2,4.8,5.6
svm_full,signo_zodiacal_leo,397,0.5,0.52,0.5686868686868687,0.44000000000000006,0.4771246297562087,0.542,0.6163164604573274,4.4,4.0,6.0,5.6
svm_full,signo_zodiacal_leo,398,0.5,0.4600000000000001,0.45897435897435895,0.48,0.46607031412523403,0.53,0.6045587365850522,4.8,5.6,4.4,5.2
svm_full,signo_zodiacal_leo,399,0.5,0.49000000000000005,0.4881045751633987,0.6599999999999999,0.5526207827260459,0.466,0.4808814955254584,6.6,6.8,3.2,3.4
svm_full,signo_zodiacal_leo,400,0.5,0.4,0.3843833943833944,0.28,0.30707741220057816,0.402,0.50238890787575,2.8,4.8,5.2,7.2
svm_full,signo_zodiacal_leo,401,0.5,0.63,0.665934065934066,0.66,0.6472409517166551,0.648,0.6867892262536225,6.6,4.0,6.0,3.4
svm_full,signo_zodiacal_leo,402,0.5,0.54,0.5333333333333333,0.68,0.5969696969696969,0.564,0.6103078571755043,6.8,6.0,4.0,3.2
svm_full,signo_zodiacal_leo,403,0.5,0.48999999999999994,0.4909090909090909,0.6,0.5299498746867168,0.48599999999999993,0.5524142334273913,6.0,6.2,3.8,4.0
svm_full,signo_zodiacal_leo,404,0.5,0.53,0.5292929292929294,0.68,0.5856864383180171,0.488,0.5244166384870719,6.8,6.2,3.8,3.2
svm_full,signo_zodiacal_leo,405,0.5,0.43,0.42535242535242535,0.4,0.40592529918145753,0.4619999999999999,0.5414742377505536,4.0,5.4,4.6,6.0
svm_full,signo_zodiacal_leo,406,0.5,0.42000000000000004,0.4166233766233766,0.48,0.43723809523809526,0.43200000000000005,0.5502308724986743,4.8,6.4,3.6,5.2
svm_full,signo_zodiacal_leo,407,0.5,0.45999999999999996,0.46279220779220775,0.5,0.4776190476190476,0.434,0.526651202169004,5.0,5.8,4.2,5.0
svm_full,signo_zodiacal_leo,408,0.5,0.53,0.5232600732600733,0.5999999999999999,0.5490447957839262,0.5919999999999999,0.639513836438759,6.0,5.4,4.6,4.0
svm_full,signo_zodiacal_leo,409,0.5,0.4699999999999999,0.4779220779220779,0.5,0.4822128851540617,0.49400000000000005,0.5761746901189625,5.0,5.6,4.4,5.0
svm_full,signo_zodiacal_leo,410,0.5,0.45999999999999996,0.4660606060606061,0.56,0.5001562881562881,0.532,0.62910872297637,5.6,6.4,3.6,4.4
svm_full,signo_zodiacal_leo,411,0.5,0.55,0.5644444444444445,0.44000000000000006,0.4891520467836258,0.592,0.6639290415466885,4.4,3.4,6.6,5.6
svm_full,signo_zodiacal_leo,412,0.5,0.38,0.3827272727272727,0.44000000000000006,0.40541535657325134,0.33399999999999996,0.45683077423092905,4.4,6.8,3.2,5.6
svm_full,signo_zodiacal_leo,413,0.5,0.48,0.4912698412698413,0.56,0.5181020733652313,0.4640000000000001,0.538689645493825,5.6,6.0,4.0,4.4
svm_full,signo_zodiacal_leo,414,0.5,0.48999999999999994,0.46590909090909094,0.42000000000000004,0.42658730158730157,0.512,0.5693689088689088,4.2,4.4,5.6,5.8
svm_full,signo_zodiacal_leo,415,0.5,0.49000000000000005,0.48493589743589743,0.54,0.48886262478939824,0.45199999999999996,0.5382619216868443,5.4,5.6,4.4,4.6
svm_full,signo_zodiacal_leo,416,0.5,0.5499999999999999,0.5494444444444444,0.6799999999999999,0.5980917678812416,0.506,0.5481274189346944,6.8,5.8,4.2,3.2
svm_full,signo_zodiacal_leo,417,0.5,0.47000000000000003,0.4576923076923077,0.4,0.41896135265700485,0.4699999999999999,0.5059467836085483,4.0,4.6,5.4,6.0
svm_full,signo_zodiacal_leo,418,0.5,0.6,0.6018686868686869,0.6,0.5979327105642895,0.614,0.6322223784986942,6.0,4.0,6.0,4.0
svm_full,signo_zodiacal_leo,419,0.5,0.49000000000000005,0.4841758241758242,0.62,0.5422793148880105,0.472,0.5076286850404498,6.2,6.4,3.6,3.8
svm_full,signo_zodiacal_leo,420,0.5,0.45,0.4594372294372294,0.45999999999999996,0.4555029284441049,0.442,0.4966131548190371,4.6,5.6,4.4,5.4
svm_full,signo_zodiacal_leo,421,0.5,0.53,0.52,0.58,0.539959595959596,0.5760000000000001,0.6112855647104872,5.8,5.2,4.8,4.2
svm_full,signo_zodiacal_leo,422,0.5,0.53,0.5242507492507492,0.52,0.5158567774936061,0.5640000000000001,0.6035287659536885,5.2,4.6,5.4,4.8
svm_full,signo_zodiacal_leo,423,0.5,0.5,0.5,0.48,0.48686868686868684,0.514,0.5523816847067621,4.8,4.8,5.2,5.2
svm_full,signo_zodiacal_leo,424,0.5,0.5700000000000001,0.5806526806526807,0.6,0.5849267437368123,0.5760000000000001,0.6393185970376373,6.0,4.6,5.4,4.0
svm_full,signo_zodiacal_leo,425,0.5,0.5200000000000001,0.5256410256410257,0.4,0.438996948893974,0.5860000000000001,0.6618254349709457,4.0,3.6,6.4,6.0
svm_full,signo_zodiacal_leo,426,0.5,0.5000000000000001,0.4583333333333333,0.26000000000000006,0.32264957264957267,0.51,0.5432155714082959,2.6,2.6,7.4,7.4
svm_full,signo_zodiacal_leo,427,0.5,0.44000000000000006,0.40662337662337666,0.33999999999999997,0.3632866479925303,0.442,0.522888803576884,3.4,4.6,5.4,6.6
svm_full,signo_zodiacal_leo,428,0.5,0.45,0.44178932178932173,0.5599999999999999,0.4836302521008403,0.39,0.49899149465945125,5.6,6.6,3.4,4.4
svm_full,signo_zodiacal_leo,429,0.5,0.47000000000000003,0.46756854256854263,0.44000000000000006,0.44845804350448315,0.5050000000000001,0.5817094480167235,4.4,5.0,5.0,5.6
svm_full,signo_zodiacal_leo,430,0.5,0.48,0.4510822510822511,0.36,0.3950980392156863,0.44000000000000006,0.5431538210671337,3.6,4.0,6.0,6.4
svm_full,signo_zodiacal_leo,431,0.5,0.36999999999999994,0.29914529914529914,0.3,0.29389432078219263,0.368,0.4498429523692682,3.0,5.6,4.4,7.0
svm_full,signo_zodiacal_leo,432,0.5,0.5399999999999999,0.5472727272727272,0.4800000000000001,0.4974242424242424,0.51,0.5488877666021629,4.8,4.0,6.0,5.2
svm_full,signo_zodiacal_leo,433,0.5,0.54,0.5748917748917749,0.42000000000000004,0.46121721415839056,0.5199999999999999,0.5713937718628121,4.2,3.4,6.6,5.8
svm_full,signo_zodiacal_leo,434,0.5,0.48,0.4684065934065934,0.44000000000000006,0.4484677166060932,0.442,0.5242129465821417,4.4,4.8,5.2,5.6
svm_full,signo_zodiacal_leo,435,0.5,0.56,0.5461471861471862,0.68,0.6023290043290044,0.618,0.6863106137928119,6.8,5.6,4.4,3.2
svm_full,signo_zodiacal_leo,436,0.5,0.4,0.38153846153846155,0.24000000000000005,0.28170807453416147,0.356,0.47507548334018923,2.4,4.4,5.6,7.6
svm_full,signo_zodiacal_leo,437,0.5,0.55,0.5452991452991454,0.5,0.5135456394609712,0.6399999999999999,0.6633731607230059,5.0,4.0,6.0,5.0
svm_full,signo_zodiacal_leo,438,0.5,0.48999999999999994,0.48962703962703963,0.5800000000000001,0.5296254470167514,0.44000000000000006,0.5024873994254799,5.8,6.0,4.0,4.2
svm_full,signo_zodiacal_leo,439,0.5,0.5700000000000001,0.5793589743589742,0.5599999999999999,0.5654818204932621,0.5880000000000001,0.6270635095898254,5.6,4.2,5.8,4.4
svm_full,signo_zodiacal_leo,440,0.5,0.61,0.5930769230769231,0.6799999999999999,0.6318577075098814,0.626,0.6513877653993753,6.8,4.6,5.4,3.2
svm_full,signo_zodiacal_leo,441,0.5,0.6399999999999999,0.6714285714285715,0.48,0.5543970219666814,0.568,0.6620573115395096,4.8,2.0,8.0,5.2
svm_full,signo_zodiacal_leo,442,0.5,0.4800000000000001,0.4734065934065934,0.5199999999999999,0.484163372859025,0.546,0.5697888571696621,5.2,5.6,4.4,4.8
svm_full,signo_zodiacal_leo,443,0.5,0.52,0.5111111111111111,0.45999999999999996,0.481578947368421,0.586,0.6139193171809271,4.6,4.2,5.8,5.4
svm_full,signo_zodiacal_leo,444,0.5,0.53,0.5222222222222221,0.6,0.552741994847258,0.524,0.5806048108238511,6.0,5.4,4.6,4.0
svm_full,signo_zodiacal_leo,445,0.5,0.54,0.5306818181818181,0.6,0.555921855921856,0.5710000000000001,0.5753931052607524,6.0,5.2,4.8,4.0
svm_full,signo_zodiacal_leo,446,0.5,0.44000000000000006,0.42341880341880345,0.42000000000000004,0.40727765064836,0.42699999999999994,0.5136505084183102,4.2,5.4,4.6,5.8
svm_full,signo_zodiacal_leo,447,0.5,0.5000000000000001,0.49111111111111105,0.38,0.42330237358101136,0.49399999999999994,0.5731298891167312,3.8,3.8,6.2,6.2
svm_full,signo_zodiacal_leo,448,0.5,0.5,0.5019444444444444,0.6599999999999999,0.5645312231628021,0.47400000000000003,0.5416763524573123,6.6,6.6,3.4,3.4
svm_full,signo_zodiacal_leo,449,0.5,0.43,0.498989898989899,0.36,0.38322247927511083,0.43,0.5428886021958778,3.6,5.0,5.0,6.4
svm_full,signo_zodiacal_leo,450,0.5,0.53,0.5142857142857142,0.36000000000000004,0.3979055258467023,0.49800000000000005,0.5373699443831021,3.6,3.0,7.0,6.4
svm_full,signo_zodiacal_leo,451,0.5,0.51,0.5093557422969188,0.7600000000000001,0.6091851851851853,0.398,0.48627057093233567,7.6,7.4,2.6,2.4
svm_full,signo_zodiacal_leo,452,0.5,0.5,0.5041666666666667,0.6599999999999999,0.5698135198135198,0.44000000000000006,0.49322372931506064,6.6,6.6,3.4,3.4
svm_full,signo_zodiacal_leo,453,0.5,0.36,0.31483516483516477,0.31999999999999995,0.3132423984086389,0.308,0.4209140171833671,3.2,6.0,4.0,6.8
svm_full,signo_zodiacal_leo,454,0.5,0.53,0.5317986588574823,0.5199999999999999,0.503470440807902,0.524,0.5909699822021803,5.2,4.6,5.4,4.8
svm_full,signo_zodiacal_leo,455,0.5,0.49000000000000005,0.4873304473304473,0.33999999999999997,0.3823522607423536,0.43200000000000005,0.5480070968762919,3.4,3.6,6.4,6.6
svm_full,signo_zodiacal_leo,456,0.5,0.4,0.3812698412698413,0.44000000000000006,0.40121052631578946,0.304,0.4243464709525081,4.4,6.4,3.6,5.6
svm_full,signo_zodiacal_leo,457,0.5,0.5000000000000001,0.5188888888888888,0.32,0.38796402771634975,0.522,0.5584174703865106,3.2,3.2,6.8,6.8
svm_full,signo_zodiacal_leo,458,0.5,0.5599999999999999,0.5237262737262737,0.52,0.5094385580319084,0.614,0.6460311769413936,5.2,4.0,6.0,4.8
svm_full,signo_zodiacal_leo,459,0.5,0.45,0.45245098039215687,0.4800000000000001,0.4510942760942761,0.44800000000000006,0.5043209480577902,4.8,5.8,4.2,5.2
svm_full,signo_zodiacal_leo,460,0.5,0.53,0.5446969696969697,0.6,0.566002886002886,0.596,0.6634436315318668,6.0,5.4,4.6,4.0
svm_full,signo_zodiacal_leo,461,0.5,0.61,0.6746031746031746,0.45999999999999996,0.5445046439628484,0.586,0.6432124260328594,4.6,2.4,7.6,5.4
svm_full,signo_zodiacal_leo,462,0.5,0.5,0.5103968253968254,0.4600000000000001,0.4795828251555806,0.508,0.5359512401083608,4.6,4.6,5.4,5.4
svm_full,signo_zodiacal_leo,463,0.5,0.5200000000000001,0.5157575757575757,0.5800000000000001,0.5422857142857144,0.538,0.5959501625825154,5.8,5.4,4.6,4.2
svm_full,signo_zodiacal_leo,464,0.5,0.45,0.4396464646464646,0.4600000000000001,0.44498746867167915,0.42799999999999994,0.48690424238644053,4.6,5.6,4.4,5.4
svm_full,signo_zodiacal_leo,465,0.5,0.54,0.5334498834498834,0.6599999999999999,0.5893845285149633,0.47000000000000003,0.5118860312374245,6.6,5.8,4.2,3.4
svm_full,signo_zodiacal_leo,466,0.5,0.42000000000000004,0.39090909090909093,0.42000000000000004,0.3985714285714286,0.442,0.5570990408800005,4.2,5.8,4.2,5.8
svm_full,signo_zodiacal_leo,467,0.5,0.6,0.6647330447330447,0.5199999999999999,0.5398515519568151,0.712,0.7595722404530453,5.2,3.2,6.8,4.8
svm_full,signo_zodiacal_leo,468,0.5,0.51,0.5041691641691641,0.7,0.5839961777353082,0.502,0.572289302201067,7.0,6.8,3.2,3.0
svm_full,signo_zodiacal_leo,469,0.5,0.5599999999999999,0.5600732600732601,0.6,0.5696000930016275,0.599,0.6519050002285297,6.0,4.8,5.2,4.0
svm_full,signo_zodiacal_leo,470,0.5,0.36,0.37511904761904763,0.4,0.37769512221524615,0.292,0.43187111667142625,4.0,6.8,3.2,6.0
svm_full,signo_zodiacal_leo,471,0.5,0.53,0.5391666666666667,0.6599999999999999,0.5853488733488734,0.5119999999999999,0.5781845670669201,6.6,6.0,4.0,3.4
svm_full,signo_zodiacal_leo,472,0.5,0.51,0.5070707070707071,0.54,0.521872863978127,0.496,0.5316536786227188,5.4,5.2,4.8,4.6
svm_full,signo_zodiacal_leo,473,0.5,0.45,0.4535464535464536,0.52,0.47585977534826646,0.39,0.4923220761866272,5.2,6.2,3.8,4.8
svm_full,signo_zodiacal_leo,474,0.5,0.57,0.6031385281385282,0.45999999999999996,0.5162464985994398,0.5479999999999999,0.6417195392326971,4.6,3.2,6.8,5.4
svm_full,signo_zodiacal_leo,475,0.5,0.39,0.38278388278388276,0.38,0.37618070596937203,0.344,0.47805272711464664,3.8,6.0,4.0,6.2
svm_full,signo_zodiacal_leo,476,0.5,0.5900000000000001,0.5598412698412698,0.6199999999999999,0.5667437124279229,0.6300000000000001,0.6654694461884865,6.2,4.4,5.6,3.8
svm_full,signo_zodiacal_leo,477,0.5,0.49000000000000005,0.49682539682539684,0.58,0.5325358851674641,0.502,0.5694761082570681,5.8,6.0,4.0,4.2
svm_full,signo_zodiacal_leo,478,0.5,0.5200000000000001,0.5333333333333333,0.48,0.4958395989974937,0.54,0.5835800655313038,4.8,4.4,5.6,5.2
svm_full,signo_zodiacal_leo,479,0.5,0.5800000000000001,0.5931623931623932,0.5799999999999998,0.5750572082379863,0.6060000000000001,0.6684213445653073,5.8,4.2,5.8,4.2
svm_full,signo_zodiacal_leo,480,0.5,0.51,0.5023809523809524,0.43999999999999995,0.4623346467773712,0.4960000000000001,0.5511609748180956,4.4,4.2,5.8,5.6
svm_full,signo_zodiacal_leo,481,0.5,0.51,0.5166666666666666,0.42000000000000004,0.4551365043625106,0.496,0.5935602555339397,4.2,4.0,6.0,5.8
svm_full,signo_zodiacal_leo,482,0.5,0.5800000000000001,0.5977716727716726,0.5399999999999999,0.5610236161588967,0.5539999999999999,0.5914238261738262,5.4,3.8,6.2,4.6
svm_full,signo_zodiacal_leo,483,0.5,0.53,0.5243589743589744,0.54,0.5042316379272901,0.46499999999999997,0.5094672637304216,5.4,4.8,5.2,4.6
svm_full,signo_zodiacal_leo,484,0.5,0.43,0.3833333333333333,0.34,0.35353535353535354,0.38,0.527819980071528,3.4,4.8,5.2,6.6
svm_full,signo_zodiacal_leo,485,0.5,0.4600000000000001,0.4188888888888888,0.34,0.35778195488721803,0.51,0.5991035553713573,3.4,4.2,5.8,6.6
svm_full,signo_zodiacal_leo,486,0.5,0.55,0.5225396825396824,0.4,0.44643962848297214,0.542,0.6059294018674823,4.0,3.0,7.0,6.0
svm_full,signo_zodiacal_leo,487,0.5,0.41,0.409047619047619,0.42000000000000004,0.4105882352941176,0.42799999999999994,0.5451472067664017,4.2,6.0,4.0,5.8
svm_full,signo_zodiacal_leo,488,0.5,0.53,0.5514285714285714,0.5199999999999999,0.5282471776589424,0.5439999999999999,0.6077929266296139,5.2,4.6,5.4,4.8
svm_full,signo_zodiacal_leo,489,0.5,0.48999999999999994,0.4654700854700855,0.48,0.45443818576541684,0.48,0.5912790916513826,4.8,5.0,5.0,5.2
svm_full,signo_zodiacal_leo,490,0.5,0.53,0.5133333333333333,0.42000000000000004,0.45614035087719296,0.527,0.5858522665844645,4.2,3.6,6.4,5.8
svm_full,signo_zodiacal_leo,491,0.5,0.47000000000000003,0.4769347319347319,0.45999999999999996,0.45455298324863536,0.5,0.5553754399195576,4.6,5.2,4.8,5.4
svm_full,signo_zodiacal_leo,492,0.5,0.48,0.4818614718614719,0.64,0.5481471861471862,0.42000000000000004,0.4880170189287837,6.4,6.8,3.2,3.6
svm_full,signo_zodiacal_leo,493,0.5,0.49000000000000005,0.49230769230769234,0.5599999999999999,0.5194271911663216,0.502,0.6009320326216612,5.6,5.8,4.2,4.4
svm_full,signo_zodiacal_leo,494,0.5,0.48999999999999994,0.5027777777777777,0.33999999999999997,0.3910706252811516,0.434,0.5390537411504903,3.4,3.6,6.4,6.6
svm_full,signo_zodiacal_leo,495,0.5,0.5900000000000001,0.6,0.58,0.5849016480595428,0.5439999999999999,0.6065611539303489,5.8,4.0,6.0,4.2
svm_full,signo_zodiacal_leo,496,0.5,0.4800000000000001,0.4818181818181818,0.52,0.5,0.42800000000000005,0.5191931216358461,5.2,5.6,4.4,4.8
svm_full,signo_zodiacal_leo,497,0.5,0.49000000000000005,0.4587179487179488,0.52,0.4810540184453228,0.458,0.4996509015580223,5.2,5.4,4.6,4.8
svm_full,signo_zodiacal_leo,498,0.5,0.53,0.5288888888888889,0.4600000000000001,0.48809941520467837,0.516,0.5915012769308434,4.6,4.0,6.0,5.4
svm_full,signo_zodiacal_leo,499,0.5,0.66,0.6315351315351316,0.78,0.696781479390175,0.632,0.6060212244755588,7.8,4.6,5.4,2.2
svm_full,signo_zodiacal_leo,500,0.5,0.52,0.5111965811965812,0.58,0.5412856251300187,0.5359999999999999,0.5637141094199918,5.8,5.4,4.6,4.2
svm_full,signo_zodiacal_libra,1,0.5,0.42000000000000004,0.4165112665112665,0.45999999999999996,0.4345508038871883,0.418,0.5062664949429655,4.6,6.2,3.8,5.4
svm_full,signo_zodiacal_libra,2,0.5,0.54,0.5374603174603175,0.42000000000000004,0.4657791537667698,0.532,0.608229621685504,4.2,3.4,6.6,5.8
svm_full,signo_zodiacal_libra,3,0.5,0.53,0.5233766233766234,0.54,0.5261067106268345,0.594,0.62385194440922,5.4,4.8,5.2,4.6
svm_full,signo_zodiacal_libra,4,0.5,0.49000000000000005,0.4923809523809524,0.28,0.35558823529411765,0.49399999999999994,0.5877974068415245,2.8,3.0,7.0,7.2
svm_full,signo_zodiacal_libra,5,0.5,0.5,0.5,0.44000000000000006,0.46447368421052626,0.514,0.562854180133592,4.4,4.4,5.6,5.6
svm_full,signo_zodiacal_libra,6,0.5,0.42000000000000004,0.4328968253968254,0.54,0.4679152179090259,0.374,0.47788938125857633,5.4,7.0,3.0,4.6
svm_full,signo_zodiacal_libra,7,0.5,0.37,0.3324242424242424,0.36000000000000004,0.3387242169595111,0.27399999999999997,0.4270646041265236,3.6,6.2,3.8,6.4
svm_full,signo_zodiacal_libra,8,0.5,0.54,0.5255677655677655,0.74,0.6140289855072464,0.47400000000000003,0.5320835995789556,7.4,6.6,3.4,2.6
svm_full,signo_zodiacal_libra,9,0.5,0.53,0.5340909090909091,0.48,0.5031746031746032,0.466,0.5784050328756212,4.8,4.2,5.8,5.2
svm_full,signo_zodiacal_libra,10,0.5,0.54,0.5490909090909091,0.5,0.5142857142857143,0.534,0.5969311136060362,5.0,4.2,5.8,5.0
svm_full,signo_zodiacal_libra,11,0.5,0.49000000000000005,0.4965966386554622,0.58,0.5244444444444445,0.47000000000000003,0.5295667290226114,5.8,6.0,4.0,4.2
svm_full,signo_zodiacal_libra,12,0.5,0.43999999999999995,0.44914529914529916,0.52,0.47874280563067745,0.502,0.5895658383584079,5.2,6.4,3.6,4.8
svm_full,signo_zodiacal_libra,13,0.5,0.44000000000000006,0.38868686868686864,0.3,0.3305012531328321,0.418,0.5115720205147449,3.0,4.2,5.8,7.0
svm_full,signo_zodiacal_libra,14,0.5,0.6,0.5952991452991453,0.6200000000000001,0.5875811069174913,0.6960000000000001,0.7162940572499396,6.2,4.2,5.8,3.8
svm_full,signo_zodiacal_libra,15,0.5,0.47000000000000003,0.46111111111111114,0.36,0.39617224880382773,0.48200000000000004,0.5411708667149843,3.6,4.2,5.8,6.4
svm_full,signo_zodiacal_libra,16,0.5,0.53,0.5642857142857143,0.43999999999999995,0.4783965260745446,0.57,0.6503660957205848,4.4,3.8,6.2,5.6
svm_full,signo_zodiacal_libra,17,0.5,0.5,0.49428571428571433,0.42000000000000004,0.440632798573975,0.4779999999999999,0.553210694104657,4.2,4.2,5.8,5.8
svm_full,signo_zodiacal_libra,18,0.5,0.5,0.5023809523809524,0.6199999999999999,0.5483294483294483,0.5120000000000001,0.5726503125357614,6.2,6.2,3.8,3.8
svm_full,signo_zodiacal_libra,19,0.5,0.53,0.5392857142857143,0.4,0.4580065359477124,0.546,0.6002419159787581,4.0,3.4,6.6,6.0
svm_full,signo_zodiacal_libra,20,0.5,0.38,0.3534090909090909,0.38,0.3562637362637363,0.357,0.4541791270305202,3.8,6.2,3.8,6.2
svm_full,signo_zodiacal_libra,21,0.5,0.4,0.4033333333333333,0.42000000000000004,0.40888888888888886,0.426,0.5367761242025948,4.2,6.2,3.8,5.8
svm_full,signo_zodiacal_libra,22,0.5,0.58,0.6007936507936508,0.48,0.5320949432404541,0.64,0.6596679229782945,4.8,3.2,6.8,5.2
svm_full,signo_zodiacal_libra,23,0.5,0.49000000000000005,0.49424242424242426,0.54,0.5156709956709957,0.506,0.56370073021234,5.4,5.6,4.4,4.6
svm_full,signo_zodiacal_libra,24,0.5,0.5800000000000001,0.5802020202020202,0.58,0.5795488721804511,0.618,0.6254336300953949,5.8,4.2,5.8,4.2
svm_full,signo_zodiacal_libra,25,0.5,0.45,0.4498412698412698,0.36,0.39327766832410793,0.42399999999999993,0.5267325656799341,3.6,4.6,5.4,6.4
svm_full,signo_zodiacal_libra,26,0.5,0.55,0.5426262626262626,0.5,0.513483709273183,0.5619999999999999,0.5786927479984756,5.0,4.0,6.0,5.0
svm_full,signo_zodiacal_libra,27,0.5,0.5,0.49935897435897436,0.44000000000000006,0.460714018635677,0.522,0.5764864749113974,4.4,4.4,5.6,5.6
svm_full,signo_zodiacal_libra,28,0.5,0.6,0.6207575757575757,0.52,0.5580284043441939,0.6379999999999999,0.6384019956651535,5.2,3.2,6.8,4.8
svm_full,signo_zodiacal_libra,29,0.5,0.4800000000000001,0.4765653953889248,0.6599999999999999,0.5492094245275023,0.514,0.5942124938185309,6.6,7.0,3.0,3.4
svm_full,signo_zodiacal_libra,30,0.5,0.49000000000000005,0.47424242424242424,0.45999999999999996,0.46139971139971137,0.47800000000000004,0.5177195108812755,4.6,4.8,5.2,5.4
svm_full,signo_zodiacal_libra,31,0.5,0.44000000000000006,0.4375757575757575,0.43999999999999995,0.43071177944862155,0.404,0.4984044011544012,4.4,5.6,4.4,5.6
svm_full,signo_zodiacal_libra,32,0.5,0.49000000000000005,0.4888888888888888,0.5599999999999999,0.5193883919284377,0.49399999999999994,0.509630804867647,5.6,5.8,4.2,4.4
svm_full,signo_zodiacal_libra,33,0.5,0.53,0.5076903488668194,0.6799999999999999,0.5755917571707045,0.506,0.5222785798652672,6.8,6.2,3.8,3.2
svm_full,signo_zodiacal_libra,34,0.5,0.48,0.4826984126984127,0.36,0.4077605779153767,0.504,0.545103061970709,3.6,4.0,6.0,6.4
svm_full,signo_zodiacal_libra,35,0.5,0.5299999999999999,0.5409090909090908,0.48,0.5069340016708438,0.5780000000000001,0.6235550725504285,4.8,4.2,5.8,5.2
svm_full,signo_zodiacal_libra,36,0.5,0.47000000000000003,0.4806027306027306,0.5199999999999999,0.49362828135206643,0.40599999999999997,0.5324115729471767,5.2,5.8,4.2,4.8
svm_full,signo_zodiacal_libra,37,0.5,0.6100000000000001,0.6448917748917748,0.52,0.5597237076648841,0.64,0.6729916914870475,5.2,3.0,7.0,4.8
svm_full,signo_zodiacal_libra,38,0.5,0.54,0.5152380952380952,0.5599999999999999,0.5255555555555557,0.5589999999999999,0.5813011775805894,5.6,4.8,5.2,4.4
svm_full,signo_zodiacal_libra,39,0.5,0.5,0.49595959595959593,0.48,0.48588137009189636,0.576,0.6353515275574099,4.8,4.8,5.2,5.2
svm_full,signo_zodiacal_libra,40,0.5,0.62,0.6085314685314686,0.68,0.6410351966873705,0.592,0.6509149559590736,6.8,4.4,5.6,3.2
svm_full,signo_zodiacal_libra,41,0.5,0.54,0.5780341880341882,0.5,0.517933965348153,0.566,0.6313411974162747,5.0,4.2,5.8,5.0
svm_full,signo_zodiacal_libra,42,0.5,0.56,0.5504662004662005,0.6599999999999999,0.5993977037455298,0.6020000000000001,0.6714178893002422,6.6,5.4,4.6,3.4
svm_full,signo_zodiacal_libra,43,0.5,0.51,0.5132828282828282,0.54,0.5195121136173768,0.47800000000000004,0.5279507138887944,5.4,5.2,4.8,4.6
svm_full,signo_zodiacal_libra,44,0.5,0.5700000000000001,0.5621212121212121,0.58,0.5641774891774892,0.5940000000000001,0.5868648840839243,5.8,4.4,5.6,4.2
svm_full,signo_zodiacal_libra,45,0.5,0.41000000000000003,0.42495726495726494,0.52,0.4622531244499208,0.38,0.4612962135903313,5.2,7.0,3.0,4.8
svm_full,signo_zodiacal_libra,46,0.5,0.5900000000000001,0.6047402597402598,0.48,0.526498599439776,0.5599999999999999,0.6081576199857933,4.8,3.0,7.0,5.2
svm_full,signo_zodiacal_libra,47,0.5,0.37,0.37722222222222224,0.4999999999999999,0.42669365721997304,0.368,0.46548735681243414,5.0,7.6,2.4,5.0
svm_full,signo_zodiacal_libra,48,0.5,0.53,0.5270129870129869,0.6599999999999999,0.5805062656641604,0.5800000000000001,0.616234834395051,6.6,6.0,4.0,3.4
svm_full,signo_zodiacal_libra,49,0.5,0.53,0.5323076923076923,0.6599999999999999,0.5871014492753623,0.516,0.5802736142426544,6.6,6.0,4.0,3.4
svm_full,signo_zodiacal_libra,50,0.5,0.51,0.5094444444444444,0.5,0.5028389154704944,0.534,0.6052570762570761,5.0,4.8,5.2,5.0
svm_full,signo_zodiacal_libra,51,0.5,0.52,0.5952380952380951,0.36,0.4325897700510704,0.462,0.5833351983413902,3.6,3.2,6.8,6.4
svm_full,signo_zodiacal_libra,52,0.5,0.45,0.45714285714285713,0.52,0.48011204481792713,0.434,0.5302312059285743,5.2,6.2,3.8,4.8
svm_full,signo_zodiacal_libra,53,0.5,0.48999999999999994,0.4753968253968254,0.45999999999999996,0.46081871345029235,0.4680000000000001,0.5657923840865017,4.6,4.8,5.2,5.4
svm_full,signo_zodiacal_libra,54,0.5,0.53,0.564126984126984,0.42000000000000004,0.47744582043343653,0.45199999999999996,0.5440536222463467,4.2,3.6,6.4,5.8
svm_full,signo_zodiacal_libra,55,0.5,0.43000000000000005,0.39956709956709957,0.38,0.3835933416428773,0.406,0.4947921157789579,3.8,5.2,4.8,6.2
svm_full,signo_zodiacal_libra,56,0.5,0.5,0.5005279034690799,0.68,0.5716349672871412,0.4800000000000001,0.5292596117332959,6.8,6.8,3.2,3.2
svm_full,signo_zodiacal_libra,57,0.5,0.44000000000000006,0.4482051282051282,0.32,0.3642710997442455,0.458,0.5600016819266045,3.2,4.4,5.6,6.8
svm_full,signo_zodiacal_libra,58,0.5,0.47000000000000003,0.4611111111111111,0.26,0.316374269005848,0.406,0.5163081938701133,2.6,3.2,6.8,7.4
svm_full,signo_zodiacal_libra,59,0.5,0.5900000000000001,0.5743589743589743,0.72,0.6387351778656127,0.548,0.5654044464307623,7.2,5.4,4.6,2.8
svm_full,signo_zodiacal_libra,60,0.5,0.53,0.5180769230769231,0.4800000000000001,0.48968599033816423,0.554,0.5688896627967835,4.8,4.2,5.8,5.2
svm_full,signo_zodiacal_libra,61,0.5,0.57,0.5666880341880343,0.58,0.5517440200277728,0.584,0.6025329731328183,5.8,4.4,5.6,4.2
svm_full,signo_zodiacal_libra,62,0.5,0.5599999999999999,0.5534065934065934,0.5,0.5170332480818415,0.602,0.6596459081853818,5.0,3.8,6.2,5.0
svm_full,signo_zodiacal_libra,63,0.5,0.5299999999999999,0.5236208236208235,0.5199999999999999,0.5054414692858629,0.616,0.6600252782133588,5.2,4.6,5.4,4.8
svm_full,signo_zodiacal_libra,64,0.5,0.48,0.45714285714285713,0.31999999999999995,0.36940635903484204,0.44800000000000006,0.5138324443014846,3.2,3.6,6.4,6.8
svm_full,signo_zodiacal_libra,65,0.5,0.54,0.5368431568431569,0.45999999999999996,0.4803489221775667,0.596,0.6792403680770553,4.6,3.8,6.2,5.4
svm_full,signo_zodiacal_libra,66,0.5,0.48,0.4793939393939394,0.56,0.5112611832611832,0.438,0.4954463971700814,5.6,6.0,4.0,4.4
svm_full,signo_zodiacal_libra,67,0.5,0.55,0.5422799422799424,0.5,0.5171212344586957,0.5960000000000001,0.6487489891429521,5.0,4.0,6.0,5.0
svm_full,signo_zodiacal_libra,68,0.5,0.43999999999999995,0.415406162464986,0.4999999999999999,0.43721520997062796,0.502,0.5717039606420411,5.0,6.2,3.8,5.0
svm_full,signo_zodiacal_libra,69,0.5,0.55,0.5453846153846154,0.6199999999999999,0.5770667776159766,0.5940000000000001,0.6538159685172068,6.2,5.2,4.8,3.8
svm_full,signo_zodiacal_libra,70,0.5,0.5,0.5112470862470863,0.6599999999999999,0.5739282456673761,0.526,0.5752100779337621,6.6,6.6,3.4,3.4
svm_full,signo_zodiacal_libra,71,0.5,0.54,0.5433333333333333,0.6,0.5675757575757576,0.4960000000000001,0.5608260520009746,6.0,5.2,4.8,4.0
svm_full,signo_zodiacal_libra,72,0.5,0.56,0.5552947052947054,0.58,0.561857911460819,0.54,0.5918400298531876,5.8,4.6,5.4,4.2
svm_full,signo_zodiacal_libra,73,0.5,0.53,0.5470202020202021,0.45999999999999996,0.4916123642439432,0.446,0.537503387994874,4.6,4.0,6.0,5.4
svm_full,signo_zodiacal_libra,74,0.5,0.44000000000000006,0.43145743145743143,0.36,0.3887291758808787,0.46799999999999997,0.5208240992753377,3.6,4.8,5.2,6.4
svm_full,signo_zodiacal_libra,75,0.5,0.48,0.500909090909091,0.44000000000000006,0.4519047619047619,0.49399999999999994,0.5685436208098746,4.4,4.8,5.2,5.6
svm_full,signo_zodiacal_libra,76,0.5,0.43,0.4105555555555555,0.36,0.36653531264057576,0.41600000000000004,0.5040329578402334,3.6,5.0,5.0,6.4
svm_full,signo_zodiacal_libra,77,0.5,0.4800000000000001,0.4946031746031746,0.6,0.5345263157894737,0.522,0.5780862291303468,6.0,6.4,3.6,4.0
svm_full,signo_zodiacal_libra,78,0.5,0.47000000000000003,0.4137662337662338,0.28,0.3233613445378151,0.43099999999999994,0.5216020852212803,2.8,3.4,6.6,7.2
svm_full,signo_zodiacal_libra,79,0.5,0.55,0.5794444444444444,0.45999999999999996,0.5049122807017544,0.544,0.615205044525478,4.6,3.6,6.4,5.4
svm_full,signo_zodiacal_libra,80,0.5,0.45999999999999996,0.46165834165834163,0.6,0.519776397515528,0.4,0.4622784823535597,6.0,6.8,3.2,4.0
svm_full,signo_zodiacal_libra,81,0.5,0.54,0.5319347319347318,0.6599999999999999,0.5885187276491625,0.5800000000000001,0.6476491172226465,6.6,5.8,4.2,3.4
svm_full,signo_zodiacal_libra,82,0.5,0.55,0.5611111111111111,0.44000000000000006,0.49219126246990025,0.5359999999999999,0.5936153301462899,4.4,3.4,6.6,5.6
svm_full,signo_zodiacal_libra,83,0.5,0.43000000000000005,0.43428571428571433,0.38,0.4030065359477124,0.42600000000000005,0.4999723805606158,3.8,5.2,4.8,6.2
svm_full,signo_zodiacal_libra,84,0.5,0.51,0.49170385170385167,0.56,0.5163468261446456,0.522,0.572666404630801,5.6,5.4,4.6,4.4
svm_full,signo_zodiacal_libra,85,0.5,0.5700000000000001,0.5725274725274725,0.7,0.6175355761033511,0.5780000000000001,0.6219370151692133,7.0,5.6,4.4,3.0
svm_full,signo_zodiacal_libra,86,0.5,0.58,0.5748917748917749,0.64,0.598663101604278,0.616,0.641579280798321,6.4,4.8,5.2,3.6
svm_full,signo_zodiacal_libra,87,0.5,0.43,0.42637362637362636,0.44000000000000006,0.4272520602443876,0.43,0.5046812072516407,4.4,5.8,4.2,5.6
svm_full,signo_zodiacal_libra,88,0.5,0.52,0.5216006216006216,0.5199999999999999,0.5131824125531219,0.548,0.5951363332230205,5.2,4.8,5.2,4.8
svm_full,signo_zodiacal_libra,89,0.5,0.54,0.5164504776269482,0.64,0.551560692887924,0.5700000000000001,0.5857378248686299,6.4,5.6,4.4,3.6
svm_full,signo_zodiacal_libra,90,0.5,0.56,0.5775757575757576,0.5199999999999999,0.5358441558441558,0.532,0.554240722126171,5.2,4.0,6.0,4.8
svm_full,signo_zodiacal_libra,91,0.5,0.51,0.48888888888888893,0.36000000000000004,0.41082117057349254,0.45,0.5324539566041113,3.6,3.4,6.6,6.4
svm_full,signo_zodiacal_libra,92,0.5,0.54,0.5233766233766234,0.54,0.520952380952381,0.5,0.5498668337166789,5.4,4.6,5.4,4.6
svm_full,signo_zodiacal_libra,93,0.5,0.47000000000000003,0.4385714285714286,0.4600000000000001,0.43167832167832165,0.42400000000000004,0.48654356857452835,4.6,5.2,4.8,5.4
svm_full,signo_zodiacal_libra,94,0.5,0.5,0.464098124098124,0.42000000000000004,0.43585139318885446,0.51,0.5472604972426953,4.2,4.2,5.8,5.8
svm_full,signo_zodiacal_libra,95,0.5,0.47000000000000003,0.46590909090909094,0.4,0.4222582972582972,0.384,0.4966278649970601,4.0,4.6,5.4,6.0
svm_full,signo_zodiacal_libra,96,0.5,0.6100000000000001,0.6150971250971251,0.6599999999999999,0.6336986735613738,0.6279999999999999,0.6777371315475029,6.6,4.4,5.6,3.4
svm_full,signo_zodiacal_libra,97,0.5,0.56,0.5533333333333335,0.56,0.5549282296650718,0.624,0.6588953597142451,5.6,4.4,5.6,4.4
svm_full,signo_zodiacal_libra,98,0.5,0.54,0.544047619047619,0.45999999999999996,0.4974888200894393,0.556,0.6404761529320353,4.6,3.8,6.2,5.4
svm_full,signo_zodiacal_libra,99,0.5,0.44000000000000006,0.4088455988455989,0.4,0.39060828541943093,0.41400000000000003,0.4956766001456404,4.0,5.2,4.8,6.0
svm_full,signo_zodiacal_libra,100,0.5,0.48,0.48449883449883446,0.52,0.4989410284604793,0.43200000000000005,0.5037568563187758,5.2,5.6,4.4,4.8
svm_full,signo_zodiacal_libra,101,0.5,0.49000000000000005,0.5243939393939394,0.4,0.44601503759398503,0.52,0.5942285702773319,4.0,4.2,5.8,6.0
svm_full,signo_zodiacal_libra,102,0.5,0.5,0.5236208236208236,0.43999999999999995,0.45327141711581065,0.48599999999999993,0.5612938842203549,4.4,4.4,5.6,5.6
svm_full,signo_zodiacal_libra,103,0.5,0.6,0.68,0.5199999999999999,0.5549870129870129,0.6370000000000001,0.7274437486318291,5.2,3.2,6.8,4.8
svm_full,signo_zodiacal_libra,104,0.5,0.5800000000000001,0.5581259426847662,0.8000000000000002,0.6548647005168744,0.518,0.5488881559616854,8.0,6.4,3.6,2.0
svm_full,signo_zodiacal_libra,105,0.5,0.52,0.5205011655011655,0.5599999999999999,0.5354363510885249,0.53,0.5885341674149724,5.6,5.2,4.8,4.4
svm_full,signo_zodiacal_libra,106,0.5,0.4,0.3488311688311688,0.34,0.33614939309056957,0.376,0.4811208730210278,3.4,5.4,4.6,6.6
svm_full,signo_zodiacal_libra,107,0.5,0.51,0.528525641025641,0.4800000000000001,0.47943143812709027,0.442,0.5141407487421419,4.8,4.6,5.4,5.2
svm_full,signo_zodiacal_libra,108,0.5,0.38,0.39030303030303026,0.45999999999999996,0.41931373889268625,0.366,0.5119325674325674,4.6,7.0,3.0,5.4
svm_full,signo_zodiacal_libra,109,0.5,0.33,0.27142857142857146,0.32,0.29015151515151516,0.286,0.41846463203119544,3.2,6.6,3.4,6.8
svm_full,signo_zodiacal_libra,110,0.5,0.53,0.5275757575757576,0.58,0.552034632034632,0.522,0.5723504093945271,5.8,5.2,4.8,4.2
svm_full,signo_zodiacal_libra,111,0.5,0.59,0.6270634920634921,0.5,0.5444313100040654,0.686,0.760449012803502,5.0,3.2,6.8,5.0
svm_full,signo_zodiacal_libra,112,0.5,0.5,0.4963636363636363,0.5000000000000001,0.4858412698412698,0.548,0.5967828643664557,5.0,5.0,5.0,5.0
svm_full,signo_zodiacal_libra,113,0.5,0.5900000000000001,0.6079725829725829,0.5599999999999999,0.5774471830199384,0.607,0.6558110849418899,5.6,3.8,6.2,4.4
svm_full,signo_zodiacal_libra,114,0.5,0.53,0.5228632478632479,0.43999999999999995,0.4637720276164212,0.5900000000000001,0.6327986904736131,4.4,3.8,6.2,5.6
svm_full,signo_zodiacal_libra,115,0.5,0.44000000000000006,0.434920634920635,0.45999999999999996,0.441715920818088,0.42799999999999994,0.5635080397758416,4.6,5.8,4.2,5.4
svm_full,signo_zodiacal_libra,116,0.5,0.62,0.5939107950872657,0.76,0.6598872785829307,0.69,0.7206171399979449,7.6,5.2,4.8,2.4
svm_full,signo_zodiacal_libra,117,0.5,0.48,0.4666666666666666,0.38,0.3998868778280543,0.5479999999999999,0.5744163603854007,3.8,4.2,5.8,6.2
svm_full,signo_zodiacal_libra,118,0.5,0.4,0.42862333744686687,0.5599999999999999,0.4828115523767697,0.346,0.4723821656499675,5.6,7.6,2.4,4.4
svm_full,signo_zodiacal_libra,119,0.5,0.45,0.4456709956709958,0.44000000000000006,0.4364145658263306,0.458,0.5362845753317889,4.4,5.4,4.6,5.6
svm_full,signo_zodiacal_libra,120,0.5,0.47000000000000003,0.4717171717171717,0.44000000000000006,0.449481658692185,0.45999999999999996,0.5386823517040236,4.4,5.0,5.0,5.6
svm_full,signo_zodiacal_libra,121,0.5,0.53,0.5293939393939394,0.6399999999999999,0.5767965367965369,0.5200000000000001,0.5686769896769897,6.4,5.8,4.2,3.6
svm_full,signo_zodiacal_libra,122,0.5,0.58,0.5722727272727273,0.54,0.5436363636363637,0.5880000000000001,0.66855207803892,5.4,3.8,6.2,4.6
svm_full,signo_zodiacal_libra,123,0.5,0.52,0.5167832167832167,0.48,0.46733797603362814,0.5650000000000001,0.6234890458698509,4.8,4.4,5.6,5.2
svm_full,signo_zodiacal_libra,124,0.5,0.4800000000000001,0.47860139860139855,0.58,0.5200541487498009,0.4600000000000001,0.5144320046998065,5.8,6.2,3.8,4.2
svm_full,signo_zodiacal_libra,125,0.5,0.57,0.5477855477855477,0.6599999999999999,0.5964912280701754,0.532,0.6022768151181463,6.6,5.2,4.8,3.4
svm_full,signo_zodiacal_libra,126,0.5,0.58,0.5809523809523809,0.68,0.6192982456140351,0.548,0.6138510831273989,6.8,5.2,4.8,3.2
svm_full,signo_zodiacal_libra,127,0.5,0.52,0.5268686868686869,0.45999999999999996,0.48270676691729325,0.5439999999999999,0.6185307556220868,4.6,4.2,5.8,5.4
svm_full,signo_zodiacal_libra,128,0.5,0.5599999999999999,0.5842857142857143,0.48,0.5169747899159663,0.588,0.668645448720526,4.8,3.6,6.4,5.2
svm_full,signo_zodiacal_libra,129,0.5,0.45,0.45606060606060606,0.48,0.4670995670995671,0.47400000000000003,0.5573013083407821,4.8,5.8,4.2,5.2
svm_full,signo_zodiacal_libra,130,0.5,0.55,0.5436291486291486,0.5,0.517375792422232,0.5740000000000001,0.626424167335932,5.0,4.0,6.0,5.0
svm_full,signo_zodiacal_libra,131,0.5,0.49000000000000005,0.4890909090909091,0.5,0.4820685197155786,0.55,0.5696165474532348,5.0,5.2,4.8,5.0
svm_full,signo_zodiacal_libra,132,0.5,0.5700000000000001,0.5988095238095237,0.43999999999999995,0.5047471620227039,0.5319999999999999,0.5835861617742423,4.4,3.0,7.0,5.6
svm_full,signo_zodiacal_libra,133,0.5,0.48,0.48452380952380947,0.38,0.42524939800481604,0.5,0.5500271672771673,3.8,4.2,5.8,6.2
svm_full,signo_zodiacal_libra,134,0.5,0.5900000000000001,0.5900000000000001,0.66,0.6079393939393939,0.5980000000000001,0.604564544932192,6.6,4.8,5.2,3.4
svm_full,signo_zodiacal_libra,135,0.5,0.5599999999999999,0.5428571428571428,0.5599999999999999,0.5305882352941176,0.5660000000000001,0.592979185846833,5.6,4.4,5.6,4.4
svm_full,signo_zodiacal_libra,136,0.5,0.5499999999999999,0.5410761460761461,0.5599999999999999,0.5470022883295195,0.556,0.6233477166108745,5.6,4.6,5.4,4.4
svm_full,signo_zodiacal_libra,137,0.5,0.52,0.5170995670995671,0.5,0.49924879042526105,0.52,0.5645339083001621,5.0,4.6,5.4,5.0
svm_full,signo_zodiacal_libra,138,0.5,0.44000000000000006,0.4487339457927694,0.5599999999999999,0.4923038822352323,0.4600000000000001,0.5164746709259094,5.6,6.8,3.2,4.4
svm_full,signo_zodiacal_libra,139,0.5,0.5700000000000001,0.5785281385281384,0.54,0.5556715317706029,0.51,0.5860670465585327,5.4,4.0,6.0,4.6
svm_full,signo_zodiacal_libra,140,0.5,0.53,0.525,0.44000000000000006,0.46006216006216005,0.518,0.5587142367436485,4.4,3.8,6.2,5.6
svm_full,signo_zodiacal_libra,141,0.5,0.51,0.5104195804195804,0.58,0.5352629399585922,0.558,0.5755863554230427,5.8,5.6,4.4,4.2
svm_full,signo_zodiacal_libra,142,0.5,0.51,0.49556277056277054,0.43999999999999995,0.4602707749766573,0.476,0.5107213266609552,4.4,4.2,5.8,5.6
svm_full,signo_zodiacal_libra,143,0.5,0.5900000000000001,0.5916666666666667,0.64,0.6086390217969165,0.556,0.5792774878200575,6.4,4.6,5.4,3.6
svm_full,signo_zodiacal_libra,144,0.5,0.64,0.6548412698412698,0.58,0.6125971792225663,0.704,0.7041297956429535,5.8,3.0,7.0,4.2
svm_full,signo_zodiacal_libra,145,0.5,0.55,0.5421428571428571,0.48,0.5070588235294118,0.5519999999999999,0.5870122546871773,4.8,3.8,6.2,5.2
svm_full,signo_zodiacal_libra,146,0.5,0.49000000000000005,0.461978021978022,0.4600000000000001,0.45204725368408233,0.504,0.5379502235810285,4.6,4.8,5.2,5.4
svm_full,signo_zodiacal_libra,147,0.5,0.53,0.5333333333333333,0.5199999999999999,0.5162916348843123,0.454,0.5180833713070555,5.2,4.6,5.4,4.8
svm_full,signo_zodiacal_libra,148,0.5,0.43,0.43313131313131314,0.4600000000000001,0.44033751044277364,0.49399999999999994,0.5988977709596904,4.6,6.0,4.0,5.4
svm_full,signo_zodiacal_libra,149,0.5,0.51,0.492021312021312,0.5799999999999998,0.529182739457339,0.554,0.593008997710236,5.8,5.6,4.4,4.2
svm_full,signo_zodiacal_libra,150,0.5,0.48999999999999994,0.4923243423243423,0.5599999999999999,0.5162896779265066,0.49800000000000005,0.5611611439815773,5.6,5.8,4.2,4.4
svm_full,signo_zodiacal_libra,151,0.5,0.38999999999999996,0.4055395584807349,0.52,0.45082755197171676,0.406,0.5142388090066109,5.2,7.4,2.6,4.8
svm_full,signo_zodiacal_libra,152,0.5,0.5800000000000001,0.5852813852813853,0.5,0.5315818959162613,0.562,0.6629044931676511,5.0,3.4,6.6,5.0
svm_full,signo_zodiacal_libra,153,0.5,0.5599999999999999,0.5994949494949495,0.48,0.5123490544543177,0.5980000000000001,0.6906432471037734,4.8,3.6,6.4,5.2
svm_full,signo_zodiacal_libra,154,0.5,0.47000000000000003,0.47424242424242424,0.54,0.5047619047619047,0.518,0.6108849936613094,5.4,6.0,4.0,4.6
svm_full,signo_zodiacal_libra,155,0.5,0.5199999999999999,0.5253968253968253,0.45999999999999996,0.4862494918222472,0.542,0.6312567503875552,4.6,4.2,5.8,5.4
svm_full,signo_zodiacal_libra,156,0.5,0.43999999999999995,0.4368181818181818,0.42000000000000004,0.42603174603174604,0.356,0.4569721514295818,4.2,5.4,4.6,5.8
svm_full,signo_zodiacal_libra,157,0.5,0.45999999999999996,0.4626373626373626,0.4,0.42143364592213695,0.45,0.516314093800936,4.0,4.8,5.2,6.0
svm_full,signo_zodiacal_libra,158,0.5,0.48,0.4850267379679144,0.58,0.5198969646338067,0.5700000000000001,0.6027838421468452,5.8,6.2,3.8,4.2
svm_full,signo_zodiacal_libra,159,0.5,0.47000000000000003,0.45849206349206356,0.32,0.37251805985552117,0.446,0.5564837754264998,3.2,3.8,6.2,6.8
svm_full,signo_zodiacal_libra,160,0.5,0.56,0.5633766233766233,0.47999999999999987,0.513109243697479,0.46399999999999997,0.562869521431441,4.8,3.6,6.4,5.2
svm_full,signo_zodiacal_libra,161,0.5,0.5,0.48752136752136754,0.4999999999999999,0.49070938215102966,0.5280000000000001,0.5760757559434031,5.0,5.0,5.0,5.0
svm_full,signo_zodiacal_libra,162,0.5,0.48999999999999994,0.49905372405372406,0.44000000000000006,0.4617609667818309,0.5509999999999999,0.5926916314679473,4.4,4.6,5.4,5.6
svm_full,signo_zodiacal_libra,163,0.5,0.49000000000000005,0.4974603174603175,0.42000000000000004,0.45244582043343656,0.48900000000000005,0.5621409901587919,4.2,4.4,5.6,5.8
svm_full,signo_zodiacal_libra,164,0.5,0.52,0.5267099567099567,0.54,0.5284033613445378,0.524,0.576975691405258,5.4,5.0,5.0,4.6
svm_full,signo_zodiacal_libra,165,0.5,0.53,0.5202413273001509,0.66,0.5725461479786422,0.49000000000000005,0.5642182164240988,6.6,6.0,4.0,3.4
svm_full,signo_zodiacal_libra,166,0.5,0.49000000000000005,0.48686868686868684,0.45999999999999996,0.47218045112781953,0.51,0.538900791159305,4.6,4.8,5.2,5.4
svm_full,signo_zodiacal_libra,167,0.5,0.51,0.5063791763791763,0.5599999999999999,0.529513110840342,0.4789999999999999,0.5401160449457663,5.6,5.4,4.6,4.4
svm_full,signo_zodiacal_libra,168,0.5,0.5,0.49682539682539684,0.4,0.44032507739938076,0.524,0.6060749712104201,4.0,4.0,6.0,6.0
svm_full,signo_zodiacal_libra,169,0.5,0.47000000000000003,0.46769230769230763,0.4600000000000001,0.4595169082125604,0.4600000000000001,0.5387807747807747,4.6,5.2,4.8,5.4
svm_full,signo_zodiacal_libra,170,0.5,0.4800000000000001,0.46861471861471865,0.5399999999999999,0.49770817417876245,0.45199999999999996,0.530927397765633,5.4,5.8,4.2,4.6
svm_full,signo_zodiacal_libra,171,0.5,0.56,0.5666305916305916,0.4800000000000001,0.516280898324242,0.574,0.5847704980777737,4.8,3.6,6.4,5.2
svm_full,signo_zodiacal_libra,172,0.5,0.45999999999999996,0.4622222222222222,0.45999999999999996,0.45961722488038276,0.454,0.4903887637989805,4.6,5.4,4.6,5.4
svm_full,signo_zodiacal_libra,173,0.5,0.6100000000000001,0.5944444444444443,0.72,0.6419285977180713,0.634,0.6986545747853796,7.2,5.0,5.0,2.8
svm_full,signo_zodiacal_libra,174,0.5,0.61,0.6285714285714286,0.58,0.5855555555555555,0.602,0.6189087856587856,5.8,3.6,6.4,4.2
svm_full,signo_zodiacal_libra,175,0.5,0.48,0.4828571428571428,0.29999999999999993,0.36653594771241826,0.438,0.5721623468550712,3.0,3.4,6.6,7.0
svm_full,signo_zodiacal_libra,176,0.5,0.5599999999999999,0.5642424242424242,0.54,0.5510275689223058,0.5740000000000001,0.6200779030910609,5.4,4.2,5.8,4.6
svm_full,signo_zodiacal_libra,177,0.5,0.47000000000000003,0.48681096681096675,0.4,0.42975674480318443,0.466,0.5437761107141912,4.0,4.6,5.4,6.0
svm_full,signo_zodiacal_libra,178,0.5,0.47000000000000003,0.4751515151515152,0.6200000000000001,0.5358095238095238,0.552,0.5992837315763012,6.2,6.8,3.2,3.8
svm_full,signo_zodiacal_libra,179,0.5,0.55,0.575122655122655,0.44000000000000006,0.49026094648385676,0.518,0.5795845549359481,4.4,3.4,6.6,5.6
svm_full,signo_zodiacal_libra,180,0.5,0.49000000000000005,0.4828282828282829,0.42000000000000004,0.43784461152882204,0.4840000000000001,0.5527009102009103,4.2,4.4,5.6,5.8
svm_full,signo_zodiacal_libra,181,0.5,0.45,0.4551515151515152,0.54,0.4915670995670996,0.454,0.5763095233799567,5.4,6.4,3.6,4.6
svm_full,signo_zodiacal_libra,182,0.5,0.5700000000000001,0.5787373737373737,0.5599999999999999,0.5670509607351712,0.5359999999999999,0.5934757162342301,5.6,4.2,5.8,4.4
svm_full,signo_zodiacal_libra,183,0.5,0.55,0.5539321789321789,0.52,0.5309977260441656,0.518,0.5836530973326639,5.2,4.2,5.8,4.8
svm_full,signo_zodiacal_libra,184,0.5,0.45,0.42777777777777787,0.42000000000000004,0.421424774056353,0.43,0.48460734750285833,4.2,5.2,4.8,5.8
svm_full,signo_zodiacal_libra,185,0.5,0.55,0.5700000000000001,0.48,0.5077777777777778,0.46799999999999997,0.5509982713365066,4.8,3.8,6.2,5.2
svm_full,signo_zodiacal_libra,186,0.5,0.45999999999999996,0.4723809523809524,0.48,0.4577461300309598,0.404,0.4928784256678994,4.8,5.6,4.4,5.2
svm_full,signo_zodiacal_libra,187,0.5,0.4800000000000001,0.4767832167832168,0.54,0.5055486542443065,0.458,0.5507317550011048,5.4,5.8,4.2,4.6
svm_full,signo_zodiacal_libra,188,0.5,0.47000000000000003,0.4928571428571429,0.48,0.48128342245989303,0.51,0.600070473644003,4.8,5.4,4.6,5.2
svm_full,signo_zodiacal_libra,189,0.5,0.44000000000000006,0.4411261940673706,0.52,0.46508602423934226,0.422,0.5444751165587078,5.2,6.4,3.6,4.8
svm_full,signo_zodiacal_libra,190,0.5,0.5800000000000001,0.5719780219780219,0.56,0.5544931411299698,0.568,0.6058364588627747,5.6,4.0,6.0,4.4
svm_full,signo_zodiacal_libra,191,0.5,0.45,0.4491666666666666,0.45999999999999996,0.44640575798470533,0.44800000000000006,0.5218453490953491,4.6,5.6,4.4,5.4
svm_full,signo_zodiacal_libra,192,0.5,0.53,0.549047619047619,0.44000000000000006,0.4778609625668449,0.496,0.5446167078535499,4.4,3.8,6.2,5.6
svm_full,signo_zodiacal_libra,193,0.5,0.53,0.5340909090909091,0.6199999999999999,0.5666555666555666,0.5599999999999999,0.618739749414672,6.2,5.6,4.4,3.8
svm_full,signo_zodiacal_libra,194,0.5,0.5900000000000001,0.6230769230769231,0.48,0.5288363171355499,0.617,0.6233512880308546,4.8,3.0,7.0,5.2
svm_full,signo_zodiacal_libra,195,0.5,0.59,0.6776923076923077,0.48,0.5213195500152021,0.536,0.5802699435067856,4.8,3.0,7.0,5.2
svm_full,signo_zodiacal_libra,196,0.5,0.45999999999999996,0.3464285714285714,0.26,0.2967320261437908,0.5359999999999999,0.5547896248058787,2.6,3.4,6.6,7.4
svm_full,signo_zodiacal_libra,197,0.5,0.54,0.5317948717948717,0.68,0.5946086956521739,0.5840000000000001,0.6042922699935085,6.8,6.0,4.0,3.2
svm_full,signo_zodiacal_libra,198,0.5,0.5000000000000001,0.5470129870129872,0.38,0.4401326846528085,0.45,0.5617929505135387,3.8,3.8,6.2,6.2
svm_full,signo_zodiacal_libra,199,0.5,0.48,0.46571428571428575,0.3,0.3628104575163399,0.43999999999999995,0.5406000666000665,3.0,3.4,6.6,7.0
svm_full,signo_zodiacal_libra,200,0.5,0.55,0.5387012987012987,0.44000000000000006,0.47165266106442577,0.544,0.6472445038621508,4.4,3.4,6.6,5.6
svm_full,signo_zodiacal_libra,201,0.5,0.56,0.5515151515151515,0.6599999999999999,0.5997835497835498,0.598,0.6473828393828394,6.6,5.4,4.6,3.4
svm_full,signo_zodiacal_libra,202,0.5,0.39,0.36903679653679655,0.42000000000000004,0.3848687329182685,0.364,0.446336626393902,4.2,6.4,3.6,5.8
svm_full,signo_zodiacal_libra,203,0.5,0.6000000000000001,0.6100000000000001,0.5399999999999999,0.5624774056353004,0.644,0.7004649225043961,5.4,3.4,6.6,4.6
svm_full,signo_zodiacal_libra,204,0.5,0.6399999999999999,0.6209803921568627,0.74,0.6671912103491051,0.6679999999999999,0.6639269505004799,7.4,4.6,5.4,2.6
svm_full,signo_zodiacal_libra,205,0.5,0.47000000000000003,0.44222222222222224,0.4,0.4180994152046783,0.47000000000000003,0.5689405137346313,4.0,4.6,5.4,6.0
svm_full,signo_zodiacal_libra,206,0.5,0.42000000000000004,0.4315262515262515,0.52,0.46783371472158664,0.42800000000000005,0.49943828247775623,5.2,6.8,3.2,4.8
svm_full,signo_zodiacal_libra,207,0.5,0.42000000000000004,0.43137483431601076,0.54,0.47417643802083165,0.43000000000000005,0.527338531953083,5.4,7.0,3.0,4.6
svm_full,signo_zodiacal_libra,208,0.5,0.52,0.5285714285714286,0.4,0.45212418300653595,0.55,0.6073004105457666,4.0,3.6,6.4,6.0
svm_full,signo_zodiacal_libra,209,0.5,0.63,0.6897979797979797,0.52,0.5826065162907268,0.6679999999999999,0.7054298730165602,5.2,2.6,7.4,4.8
svm_full,signo_zodiacal_libra,210,0.5,0.51,0.508974358974359,0.6199999999999999,0.5578110295501599,0.5,0.5566937582541298,6.2,6.0,4.0,3.8
svm_full,signo_zodiacal_libra,211,0.5,0.5700000000000001,0.5488344988344989,0.6399999999999999,0.5846104449685012,0.64,0.6970521025242389,6.4,5.0,5.0,3.6
svm_full,signo_zodiacal_libra,212,0.5,0.5599999999999999,0.5803862803862804,0.5399999999999999,0.5531415922585662,0.5740000000000001,0.6185413567340812,5.4,4.2,5.8,4.6
svm_full,signo_zodiacal_libra,213,0.5,0.43,0.43454545454545457,0.44000000000000006,0.4371428571428571,0.438,0.536500306710833,4.4,5.8,4.2,5.6
svm_full,signo_zodiacal_libra,214,0.5,0.41,0.39358974358974363,0.38,0.3723461321287408,0.404,0.4933742456374035,3.8,5.6,4.4,6.2
svm_full,signo_zodiacal_libra,215,0.5,0.53,0.5490909090909091,0.38,0.4381746031746031,0.514,0.6079494786259491,3.8,3.2,6.8,6.2
svm_full,signo_zodiacal_libra,216,0.5,0.4800000000000001,0.4616161616161616,0.33999999999999997,0.37462887989203775,0.47400000000000003,0.5406364648423472,3.4,3.8,6.2,6.6
svm_full,signo_zodiacal_libra,217,0.5,0.41,0.3790476190476191,0.4,0.37390476190476185,0.36,0.4743380345145051,4.0,5.8,4.2,6.0
svm_full,signo_zodiacal_libra,218,0.5,0.45999999999999996,0.466969696969697,0.48,0.4712265512265512,0.49400000000000005,0.5927728443726895,4.8,5.6,4.4,5.2
svm_full,signo_zodiacal_libra,219,0.5,0.5,0.5062204462204462,0.54,0.5103105590062111,0.508,0.5756065229919718,5.4,5.4,4.6,4.6
svm_full,signo_zodiacal_libra,220,0.5,0.5700000000000001,0.6283333333333333,0.38,0.45199023199023197,0.5379999999999999,0.6344739623121975,3.8,2.4,7.6,6.2
svm_full,signo_zodiacal_libra,221,0.5,0.56,0.5665134865134865,0.54,0.543524540250883,0.6319999999999999,0.6852351798528268,5.4,4.2,5.8,4.6
svm_full,signo_zodiacal_libra,222,0.5,0.55,0.5698701298701299,0.48,0.516844070961718,0.534,0.5720473035736193,4.8,3.8,6.2,5.2
svm_full,signo_zodiacal_libra,223,0.5,0.38999999999999996,0.39988095238095245,0.48,0.43085020242914973,0.398,0.5009814085123683,4.8,7.0,3.0,5.2
svm_full,signo_zodiacal_libra,224,0.5,0.49000000000000005,0.4909090909090909,0.45999999999999996,0.4531385281385282,0.52,0.5878065268065267,4.6,4.8,5.2,5.4
svm_full,signo_zodiacal_libra,225,0.5,0.5,0.5,0.4,0.4313131313131313,0.49000000000000005,0.5464363347350962,4.0,4.0,6.0,6.0
svm_full,signo_zodiacal_libra,226,0.5,0.43999999999999995,0.4463636363636364,0.6,0.5107012987012987,0.352,0.466276384176539,6.0,7.2,2.8,4.0
svm_full,signo_zodiacal_libra,227,0.5,0.45,0.45555555555555555,0.45999999999999996,0.45011961722488036,0.44800000000000006,0.5169952624774606,4.6,5.6,4.4,5.4
svm_full,signo_zodiacal_libra,228,0.5,0.5199999999999999,0.5080519480519481,0.42000000000000004,0.452296918767507,0.488,0.5740248660867857,4.2,3.8,6.2,5.8
svm_full,signo_zodiacal_libra,229,0.5,0.57,0.585930735930736,0.5,0.5300547491723961,0.644,0.7015172713423488,5.0,3.6,6.4,5.0
svm_full,signo_zodiacal_libra,230,0.5,0.51,0.49802197802197795,0.5199999999999999,0.4988576300085251,0.583,0.6147059986796828,5.2,5.0,5.0,4.8
svm_full,signo_zodiacal_libra,231,0.5,0.42000000000000004,0.4125,0.5,0.4445609945609945,0.42800000000000005,0.5298742201211241,5.0,6.6,3.4,5.0
svm_full,signo_zodiacal_libra,232,0.5,0.4699999999999999,0.46428571428571425,0.44000000000000006,0.44411764705882356,0.4960000000000001,0.5071371679576014,4.4,5.0,5.0,5.6
svm_full,signo_zodiacal_libra,233,0.5,0.54,0.54,0.5,0.515,0.528,0.5525833953628071,5.0,4.2,5.8,5.0
svm_full,signo_zodiacal_libra,234,0.5,0.6199999999999999,0.5855061605061606,0.78,0.6662779249735772,0.5720000000000001,0.5767655846905072,7.8,5.4,4.6,2.2
svm_full,signo_zodiacal_libra,235,0.5,0.27,0.21414141414141413,0.22000000000000003,0.21429141034404192,0.29599999999999993,0.4579358558538125,2.2,6.8,3.2,7.8
svm_full,signo_zodiacal_libra,236,0.5,0.41000000000000003,0.4218725718725719,0.44000000000000006,0.4271555040433759,0.398,0.5220520796712746,4.4,6.2,3.8,5.6
svm_full,signo_zodiacal_libra,237,0.5,0.54,0.5350267379679143,0.64,0.5753727753727753,0.514,0.5940557235162498,6.4,5.6,4.4,3.6
svm_full,signo_zodiacal_libra,238,0.5,0.45,0.41809523809523813,0.27999999999999997,0.33339869281045753,0.44000000000000006,0.5322338408925096,2.8,3.8,6.2,7.2
svm_full,signo_zodiacal_libra,239,0.5,0.5,0.5005050505050506,0.54,0.5182501708817497,0.502,0.5178779733338557,5.4,5.4,4.6,4.6
svm_full,signo_zodiacal_libra,240,0.5,0.6599999999999999,0.6447330447330447,0.7200000000000001,0.6761562998405103,0.686,0.706758619003975,7.2,4.0,6.0,2.8
svm_full,signo_zodiacal_libra,241,0.5,0.49000000000000005,0.4965909090909091,0.7,0.5766364070711897,0.526,0.5586271116224676,7.0,7.2,2.8,3.0
svm_full,signo_zodiacal_libra,242,0.5,0.4,0.40503496503496506,0.43999999999999995,0.42053830227743266,0.372,0.4990942787003158,4.4,6.4,3.6,5.6
svm_full,signo_zodiacal_libra,243,0.5,0.4,0.40777777777777785,0.43999999999999995,0.41848803827751196,0.384,0.5234485920855889,4.4,6.4,3.6,5.6
svm_full,signo_zodiacal_libra,244,0.5,0.52,0.5373015873015874,0.44000000000000006,0.4709621647702143,0.5680000000000001,0.6056010290878711,4.4,4.0,6.0,5.6
svm_full,signo_zodiacal_libra,245,0.5,0.39,0.36351981351981355,0.33999999999999997,0.3421088954269732,0.45199999999999996,0.546074951793992,3.4,5.6,4.4,6.6
svm_full,signo_zodiacal_libra,246,0.5,0.52,0.5210317460317461,0.4600000000000001,0.4848047033805548,0.55,0.6062211732196252,4.6,4.2,5.8,5.4
svm_full,signo_zodiacal_libra,247,0.5,0.63,0.6152447552447552,0.7,0.6525465838509317,0.642,0.6874820812142795,7.0,4.4,5.6,3.0
svm_full,signo_zodiacal_libra,248,0.5,0.47000000000000003,0.4755244755244755,0.58,0.520600414078675,0.49800000000000005,0.5757665281914507,5.8,6.4,3.6,4.2
svm_full,signo_zodiacal_libra,249,0.5,0.45999999999999996,0.4630952380952381,0.36,0.39875222816399286,0.48999999999999994,0.5575468046745136,3.6,4.4,5.6,6.4
svm_full,signo_zodiacal_libra,250,0.5,0.42000000000000004,0.3788888888888889,0.24000000000000005,0.28325814536340854,0.38799999999999996,0.48126314474998677,2.4,4.0,6.0,7.6
svm_full,signo_zodiacal_libra,251,0.5,0.51,0.5075757575757576,0.4999999999999999,0.48520923520923526,0.441,0.516184456066809,5.0,4.8,5.2,5.0
svm_full,signo_zodiacal_libra,252,0.5,0.4699999999999999,0.47449883449883445,0.64,0.5387660455486543,0.4779999999999999,0.5286410750412298,6.4,7.0,3.0,3.6
svm_full,signo_zodiacal_libra,253,0.5,0.5900000000000001,0.5900432900432901,0.6599999999999999,0.6173160173160173,0.622,0.6597746779364426,6.6,4.8,5.2,3.4
svm_full,signo_zodiacal_libra,254,0.5,0.5800000000000001,0.6031385281385281,0.5,0.5404295051353876,0.6199999999999999,0.646016140292456,5.0,3.4,6.6,5.0
svm_full,signo_zodiacal_libra,255,0.5,0.51,0.5128754578754579,0.4,0.43996305768684285,0.422,0.5373196835843894,4.0,3.8,6.2,6.0
svm_full,signo_zodiacal_libra,256,0.5,0.5,0.5101648351648352,0.5,0.4981853611009622,0.576,0.6314263014247534,5.0,5.0,5.0,5.0
svm_full,signo_zodiacal_libra,257,0.5,0.54,0.5653968253968253,0.48,0.5121080776808331,0.596,0.6410740266785158,4.8,4.0,6.0,5.2
svm_full,signo_zodiacal_libra,258,0.5,0.55,0.544055944055944,0.5800000000000001,0.5534490871447393,0.6,0.6281792794408894,5.8,4.8,5.2,4.2
svm_full,signo_zodiacal_libra,259,0.5,0.43999999999999995,0.4238095238095238,0.2800000000000001,0.3352167182662539,0.442,0.516701140362905,2.8,4.0,6.0,7.2
svm_full,signo_zodiacal_libra,260,0.5,0.45,0.4111111111111111,0.4,0.398444976076555,0.418,0.4825088989957411,4.0,5.0,5.0,6.0
svm_full,signo_zodiacal_libra,261,0.5,0.48999999999999994,0.4892857142857142,0.32,0.3857843137254902,0.49400000000000005,0.5527873690636849,3.2,3.4,6.6,6.8
svm_full,signo_zodiacal_libra,262,0.5,0.42000000000000004,0.4297008547008547,0.33999999999999997,0.37072845156369183,0.368,0.4838355092619799,3.4,5.0,5.0,6.6
svm_full,signo_zodiacal_libra,263,0.5,0.52,0.5277777777777779,0.44000000000000006,0.47953216374269003,0.466,0.5115044846794073,4.4,4.0,6.0,5.6
svm_full,signo_zodiacal_libra,264,0.5,0.47000000000000003,0.4727272727272728,0.48,0.4746031746031746,0.466,0.537876104287869,4.8,5.4,4.6,5.2
svm_full,signo_zodiacal_libra,265,0.5,0.36,0.3638888888888889,0.4,0.37502964871385924,0.318,0.43586471981750624,4.0,6.8,3.2,6.0
svm_full,signo_zodiacal_libra,266,0.5,0.5,0.4923076923076922,0.4600000000000001,0.4701372997711671,0.4720000000000001,0.5524250508693234,4.6,4.6,5.4,5.4
svm_full,signo_zodiacal_libra,267,0.5,0.5700000000000001,0.5657142857142856,0.5799999999999998,0.5649040247678019,0.55,0.626108504670424,5.8,4.4,5.6,4.2
svm_full,signo_zodiacal_libra,268,0.5,0.43999999999999995,0.4242424242424242,0.4600000000000001,0.4244921744921745,0.472,0.5409294435354807,4.6,5.8,4.2,5.4
svm_full,signo_zodiacal_libra,269,0.5,0.54,0.5358741258741259,0.6599999999999999,0.5895832862789384,0.556,0.6034338449648047,6.6,5.8,4.2,3.4
svm_full,signo_zodiacal_libra,270,0.5,0.51,0.4909523809523809,0.33999999999999997,0.3851998981410746,0.425,0.506604398267711,3.4,3.2,6.8,6.6
svm_full,signo_zodiacal_libra,271,0.5,0.4800000000000001,0.45555555555555555,0.33999999999999997,0.3816464237516869,0.44799999999999995,0.5052764206897333,3.4,3.8,6.2,6.6
svm_full,signo_zodiacal_libra,272,0.5,0.61,0.586025641025641,0.74,0.6501307388263909,0.612,0.61967409448137,7.4,5.2,4.8,2.6
svm_full,signo_zodiacal_libra,273,0.5,0.51,0.47307692307692306,0.54,0.49345943911161305,0.5359999999999999,0.5940513918486053,5.4,5.2,4.8,4.6
svm_full,signo_zodiacal_libra,274,0.5,0.44000000000000006,0.4403787878787878,0.5399999999999999,0.4713316683316683,0.372,0.49989094402329703,5.4,6.6,3.4,4.6
svm_full,signo_zodiacal_libra,275,0.5,0.53,0.5547619047619048,0.36,0.42820654577620526,0.5439999999999999,0.5704434797228914,3.6,3.0,7.0,6.4
svm_full,signo_zodiacal_libra,276,0.5,0.56,0.5774170274170274,0.5,0.5332153914197258,0.5589999999999999,0.5940018300413037,5.0,3.8,6.2,5.0
svm_full,signo_zodiacal_libra,277,0.5,0.5900000000000001,0.5938888888888888,0.52,0.5503216374269007,0.618,0.6260812973576131,5.2,3.4,6.6,4.8
svm_full,signo_zodiacal_libra,278,0.5,0.51,0.48266955266955264,0.6199999999999999,0.533968253968254,0.49800000000000005,0.5570002050752825,6.2,6.0,4.0,3.8
svm_full,signo_zodiacal_libra,279,0.5,0.47000000000000003,0.49333333333333335,0.38,0.4060476190476191,0.4999999999999999,0.579840920517391,3.8,4.4,5.6,6.2
svm_full,signo_zodiacal_libra,280,0.5,0.55,0.6011111111111112,0.38,0.45097744360902253,0.5900000000000001,0.622480444564036,3.8,2.8,7.2,6.2
svm_full,signo_zodiacal_libra,281,0.5,0.48,0.51,0.42000000000000004,0.4373809523809524,0.44400000000000006,0.5331271136843891,4.2,4.6,5.4,5.8
svm_full,signo_zodiacal_libra,282,0.5,0.44000000000000006,0.4413986013986014,0.5,0.4681573498964803,0.43,0.5112787871742979,5.0,6.2,3.8,5.0
svm_full,signo_zodiacal_libra,283,0.5,0.45999999999999996,0.4428571428571429,0.32,0.3588808250572956,0.39999999999999997,0.4716167078535499,3.2,4.0,6.0,6.8
svm_full,signo_zodiacal_libra,284,0.5,0.5299999999999999,0.575952380952381,0.38,0.4450700280112045,0.5309999999999999,0.6035384605075007,3.8,3.2,6.8,6.2
svm_full,signo_zodiacal_libra,285,0.5,0.45,0.4242424242424242,0.48,0.442995670995671,0.516,0.5930659109552299,4.8,5.8,4.2,5.2
svm_full,signo_zodiacal_libra,286,0.5,0.45999999999999996,0.49269841269841264,0.30000000000000004,0.3620462922010909,0.446,0.5760315144092234,3.0,3.8,6.2,7.0
svm_full,signo_zodiacal_libra,287,0.5,0.36000000000000004,0.3703030303030303,0.4,0.38415584415584414,0.34199999999999997,0.47193967040871065,4.0,6.8,3.2,6.0
svm_full,signo_zodiacal_libra,288,0.5,0.34,0.33238095238095233,0.3,0.31273602902085873,0.278,0.4114395472088971,3.0,6.2,3.8,7.0
svm_full,signo_zodiacal_libra,289,0.5,0.55,0.5472727272727272,0.48,0.49936507936507935,0.502,0.5641595908391575,4.8,3.8,6.2,5.2
svm_full,signo_zodiacal_libra,290,0.5,0.5,0.49469696969696975,0.44000000000000006,0.43852813852813843,0.55,0.5590272309389956,4.4,4.4,5.6,5.6
svm_full,signo_zodiacal_libra,291,0.5,0.52,0.5295704295704295,0.5800000000000001,0.5448727317013762,0.542,0.5838091353091353,5.8,5.4,4.6,4.2
svm_full,signo_zodiacal_libra,292,0.5,0.5700000000000001,0.5711544011544012,0.5599999999999999,0.560939246512002,0.572,0.584132771425341,5.6,4.2,5.8,4.4
svm_full,signo_zodiacal_libra,293,0.5,0.48,0.4797979797979798,0.45999999999999996,0.4663173084225716,0.43400000000000005,0.4883694273562694,4.6,5.0,5.0,5.4
svm_full,signo_zodiacal_libra,294,0.5,0.55,0.5576923076923077,0.62,0.5720887807844329,0.568,0.6341803915039209,6.2,5.2,4.8,3.8
svm_full,signo_zodiacal_libra,295,0.5,0.44000000000000006,0.40995670995670996,0.42000000000000004,0.4044929971988795,0.418,0.501421136483056,4.2,5.4,4.6,5.8
svm_full,signo_zodiacal_libra,296,0.5,0.54,0.5331550802139037,0.64,0.5737373737373737,0.556,0.5679794241706005,6.4,5.6,4.4,3.6
svm_full,signo_zodiacal_libra,297,0.5,0.47000000000000003,0.4623015873015873,0.36,0.402734778121775,0.48599999999999993,0.5275277402336226,3.6,4.2,5.8,6.4
svm_full,signo_zodiacal_libra,298,0.5,0.44000000000000006,0.4583333333333333,0.6,0.5183946488294315,0.45599999999999996,0.5254417378287347,6.0,7.2,2.8,4.0
svm_full,signo_zodiacal_libra,299,0.5,0.49000000000000005,0.48409090909090907,0.45999999999999996,0.4704260651629072,0.426,0.5251799065227858,4.6,4.8,5.2,5.4
svm_full,signo_zodiacal_libra,300,0.5,0.47000000000000003,0.4723809523809523,0.5800000000000001,0.517090909090909,0.496,0.569495983978182,5.8,6.4,3.6,4.2
svm_full,signo_zodiacal_libra,301,0.5,0.49000000000000005,0.4901587301587302,0.4,0.4371671826625387,0.46799999999999997,0.5467675021057373,4.0,4.2,5.8,6.0
svm_full,signo_zodiacal_libra,302,0.5,0.48999999999999994,0.45999999999999996,0.4,0.42502923976608187,0.606,0.659341525089977,4.0,4.2,5.8,6.0
svm_full,signo_zodiacal_libra,303,0.5,0.49000000000000005,0.5007936507936507,0.45999999999999996,0.4724458204334366,0.454,0.5453192614059488,4.6,4.8,5.2,5.4
svm_full,signo_zodiacal_libra,304,0.5,0.53,0.5061904761904762,0.6,0.5366666666666666,0.44399999999999995,0.5287849676982804,6.0,5.4,4.6,4.0
svm_full,signo_zodiacal_libra,305,0.5,0.53,0.5267099567099567,0.5199999999999999,0.5188339833541071,0.54,0.6252712308331503,5.2,4.6,5.4,4.8
svm_full,signo_zodiacal_libra,306,0.5,0.5299999999999999,0.5342857142857143,0.5,0.5125303454715219,0.5439999999999999,0.6433218160408563,5.0,4.4,5.6,5.0
svm_full,signo_zodiacal_libra,307,0.5,0.51,0.4904761904761904,0.34,0.39253393665158376,0.5109999999999999,0.5434925250188408,3.4,3.2,6.8,6.6
svm_full,signo_zodiacal_libra,308,0.5,0.47000000000000003,0.4805050505050505,0.32,0.3705012531328321,0.4840000000000001,0.5485472562353366,3.2,3.8,6.2,6.8
svm_full,signo_zodiacal_libra,309,0.5,0.45999999999999996,0.45186147186147185,0.4,0.41493787945800326,0.40800000000000003,0.4918735843619745,4.0,4.8,5.2,6.0
svm_full,signo_zodiacal_libra,310,0.5,0.51,0.5088888888888888,0.4,0.4375438596491228,0.514,0.5832983384864189,4.0,3.8,6.2,6.0
svm_full,signo_zodiacal_libra,311,0.5,0.38,0.3567016317016317,0.38,0.36185143359056404,0.288,0.41327271240970936,3.8,6.2,3.8,6.2
svm_full,signo_zodiacal_libra,312,0.5,0.48,0.47000000000000003,0.36,0.39722488038277515,0.5040000000000001,0.5645689583893918,3.6,4.0,6.0,6.4
svm_full,signo_zodiacal_libra,313,0.5,0.45999999999999996,0.4523809523809524,0.5399999999999999,0.48484848484848486,0.466,0.5506205277350787,5.4,6.2,3.8,4.6
svm_full,signo_zodiacal_libra,314,0.5,0.55,0.5622044622044622,0.6000000000000001,0.5461140308966396,0.62,0.6442163736676122,6.0,5.0,5.0,4.0
svm_full,signo_zodiacal_libra,315,0.5,0.57,0.6357142857142857,0.4,0.4820961718020541,0.5780000000000001,0.6237543361351411,4.0,2.6,7.4,6.0
svm_full,signo_zodiacal_libra,316,0.5,0.52,0.5285714285714286,0.45999999999999996,0.4882352941176471,0.512,0.5578165435355837,4.6,4.2,5.8,5.4
svm_full,signo_zodiacal_libra,317,0.5,0.34,0.32300653594771245,0.36000000000000004,0.3295711500974659,0.32199999999999995,0.47359100728992376,3.6,6.8,3.2,6.4
svm_full,signo_zodiacal_libra,318,0.5,0.5,0.5266666666666666,0.39999999999999997,0.4263162393162393,0.4119999999999999,0.4974040779481956,4.0,4.0,6.0,6.0
svm_full,signo_zodiacal_libra,319,0.5,0.55,0.5785714285714285,0.42000000000000004,0.46316526610644254,0.5980000000000001,0.6136683747109444,4.2,3.2,6.8,5.8
svm_full,signo_zodiacal_libra,320,0.5,0.51,0.5118614718614719,0.48,0.4925136370337609,0.5359999999999999,0.5857640692640691,4.8,4.6,5.4,5.2
svm_full,signo_zodiacal_libra,321,0.5,0.56,0.5428138528138529,0.7200000000000001,0.6171774891774892,0.5599999999999999,0.623269731300691,7.2,6.0,4.0,2.8
svm_full,signo_zodiacal_libra,322,0.5,0.35000000000000003,0.35192307692307695,0.32,0.32862318840579713,0.27799999999999997,0.4408344443654041,3.2,6.2,3.8,6.8
svm_full,signo_zodiacal_libra,323,0.5,0.37,0.3923809523809524,0.48,0.4246751918158568,0.384,0.4827173296259983,4.8,7.4,2.6,5.2
svm_full,signo_zodiacal_libra,324,0.5,0.54,0.547063492063492,0.5,0.5177646433373988,0.5660000000000001,0.6289437849731968,5.0,4.2,5.8,5.0
svm_full,signo_zodiacal_libra,325,0.5,0.53,0.5126262626262625,0.54,0.5237335763651553,0.54,0.5697929015429015,5.4,4.8,5.2,4.6
svm_full,signo_zodiacal_libra,326,0.5,0.55,0.5431623931623932,0.6,0.5649030349259182,0.54,0.5536981809040633,6.0,5.0,5.0,4.0
svm_full,signo_zodiacal_libra,327,0.5,0.56,0.575,0.42000000000000004,0.47171717171717165,0.6420000000000001,0.6648997350258959,4.2,3.0,7.0,5.8
svm_full,signo_zodiacal_libra,328,0.5,0.55,0.5444289044289045,0.66,0.593819687558818,0.49800000000000005,0.5745893108439548,6.6,5.6,4.4,3.4
svm_full,signo_zodiacal_libra,329,0.5,0.47000000000000003,0.4607142857142857,0.28,0.3344771241830065,0.49000000000000005,0.5753459846826721,2.8,3.4,6.6,7.2
svm_full,signo_zodiacal_libra,330,0.5,0.48,0.4797979797979798,0.4,0.4254803675856307,0.466,0.5575761107657392,4.0,4.4,5.6,6.0
svm_full,signo_zodiacal_libra,331,0.5,0.45,0.45215813598166543,0.48,0.4552443199502023,0.524,0.6088206297486483,4.8,5.8,4.2,5.2
svm_full,signo_zodiacal_libra,332,0.5,0.5599999999999999,0.55995670995671,0.52,0.5294626941685766,0.588,0.6257321279511681,5.2,4.0,6.0,4.8
svm_full,signo_zodiacal_libra,333,0.5,0.6,0.6186147186147186,0.6,0.6016297428062133,0.5800000000000001,0.5904800630226326,6.0,4.0,6.0,4.0
svm_full,signo_zodiacal_libra,334,0.5,0.5700000000000001,0.5526190476190477,0.76,0.6358461538461538,0.564,0.5974229277774169,7.6,6.2,3.8,2.4
svm_full,signo_zodiacal_libra,335,0.5,0.53,0.5235786435786436,0.5800000000000001,0.5471679197994986,0.5519999999999999,0.5861280267719896,5.8,5.2,4.8,4.2
svm_full,signo_zodiacal_libra,336,0.5,0.47000000000000003,0.48,0.5799999999999998,0.5137536231884059,0.42799999999999994,0.5094622224181047,5.8,6.4,3.6,4.2
svm_full,signo_zodiacal_libra,337,0.5,0.45,0.3852020202020202,0.32,0.341453634085213,0.534,0.6028406011772885,3.2,4.2,5.8,6.8
svm_full,signo_zodiacal_libra,338,0.5,0.5,0.49571678321678325,0.6,0.5360272577663883,0.542,0.623801132046488,6.0,6.0,4.0,4.0
svm_full,signo_zodiacal_libra,339,0.5,0.55,0.5454545454545454,0.6199999999999999,0.58008658008658,0.5279999999999999,0.5750720755852334,6.2,5.2,4.8,3.8
svm_full,signo_zodiacal_libra,340,0.5,0.5000000000000001,0.5013986013986014,0.52,0.5081072245831971,0.534,0.5912718643585517,5.2,5.2,4.8,4.8
svm_full,signo_zodiacal_libra,341,0.5,0.45999999999999996,0.4876123876123876,0.5,0.4867981975398855,0.44399999999999995,0.5305864125554527,5.0,5.8,4.2,5.0
svm_full,signo_zodiacal_libra,342,0.5,0.52,0.5154248366013072,0.45999999999999996,0.45371205792258423,0.5519999999999999,0.5818579361814655,4.6,4.2,5.8,5.4
svm_full,signo_zodiacal_libra,343,0.5,0.41,0.34444444444444444,0.26,0.28872180451127816,0.4640000000000001,0.5413598144201859,2.6,4.4,5.6,7.4
svm_full,signo_zodiacal_libra,344,0.5,0.54,0.564047619047619,0.36000000000000004,0.4366993464052288,0.49000000000000005,0.5761709958428225,3.6,2.8,7.2,6.4
svm_full,signo_zodiacal_libra,345,0.5,0.51,0.4916666666666667,0.4,0.4207777777777778,0.5199999999999999,0.622560115924667,4.0,3.8,6.2,6.0
svm_full,signo_zodiacal_libra,346,0.5,0.43999999999999995,0.4455555555555556,0.5,0.4671196172248804,0.39399999999999996,0.48961820798740296,5.0,6.2,3.8,5.0
svm_full,signo_zodiacal_libra,347,0.5,0.51,0.5095104895104895,0.54,0.5211042097998619,0.539,0.5858464831522106,5.4,5.2,4.8,4.6
svm_full,signo_zodiacal_libra,348,0.5,0.5700000000000001,0.5909956709956711,0.48,0.5225210084033614,0.55,0.5967240239121043,4.8,3.4,6.6,5.2
svm_full,signo_zodiacal_libra,349,0.5,0.38,0.30999999999999994,0.26,0.2777777777777778,0.332,0.4532461274535578,2.6,5.0,5.0,7.4
svm_full,signo_zodiacal_libra,350,0.5,0.4800000000000001,0.4486013986013986,0.48,0.4546395633352155,0.48599999999999993,0.49828497216577716,4.8,5.2,4.8,5.2
svm_full,signo_zodiacal_libra,351,0.5,0.54,0.5363636363636364,0.54,0.5344877344877345,0.602,0.635195146356911,5.4,4.6,5.4,4.6
svm_full,signo_zodiacal_libra,352,0.5,0.36,0.335,0.28,0.29939393939393943,0.306,0.4349583688585237,2.8,5.6,4.4,7.2
svm_full,signo_zodiacal_libra,353,0.5,0.53,0.5287301587301587,0.56,0.53839447102605,0.583,0.6061816049447628,5.6,5.0,5.0,4.4
svm_full,signo_zodiacal_libra,354,0.5,0.53,0.5561904761904761,0.32,0.39722473604826547,0.54,0.6193979266347688,3.2,2.6,7.4,6.8
svm_full,signo_zodiacal_libra,355,0.5,0.51,0.5222222222222223,0.47999999999999987,0.49389248522375456,0.532,0.5903470130660533,4.8,4.6,5.4,5.2
svm_full,signo_zodiacal_libra,356,0.5,0.52,0.5365079365079365,0.4,0.453328173374613,0.52,0.6226518312269086,4.0,3.6,6.4,6.0
svm_full,signo_zodiacal_libra,357,0.5,0.54,0.5444444444444445,0.48,0.5099415204678361,0.5479999999999999,0.5703349207551993,4.8,4.0,6.0,5.2
svm_full,signo_zodiacal_libra,358,0.5,0.5700000000000001,0.5640559440559441,0.5799999999999998,0.5643581780538303,0.632,0.6382134995207751,5.8,4.4,5.6,4.2
svm_full,signo_zodiacal_libra,359,0.5,0.4800000000000001,0.45634920634920634,0.34,0.3852277753206546,0.47300000000000003,0.5087598985981339,3.4,3.8,6.2,6.6
svm_full,signo_zodiacal_libra,360,0.5,0.49000000000000005,0.44405594405594406,0.45999999999999996,0.44435817805383027,0.534,0.603646712162966,4.6,4.8,5.2,5.4
svm_full,signo_zodiacal_libra,361,0.5,0.5,0.49428571428571433,0.38,0.41916815210932856,0.5,0.5912747714102202,3.8,3.8,6.2,6.2
svm_full,signo_zodiacal_libra,362,0.5,0.48,0.4841991341991342,0.6,0.5344155844155845,0.4109999999999999,0.492265651015651,6.0,6.4,3.6,4.0
svm_full,signo_zodiacal_libra,363,0.5,0.51,0.5205627705627704,0.58,0.5457963089542036,0.506,0.5700370838312014,5.8,5.6,4.4,4.2
svm_full,signo_zodiacal_libra,364,0.5,0.47000000000000003,0.4366666666666667,0.36,0.3895071010860484,0.394,0.5010094921418451,3.6,4.2,5.8,6.4
svm_full,signo_zodiacal_libra,365,0.5,0.54,0.5742857142857143,0.4600000000000001,0.5007843137254901,0.5880000000000001,0.5919168490608119,4.6,3.8,6.2,5.4
svm_full,signo_zodiacal_libra,366,0.5,0.42000000000000004,0.3984126984126984,0.3,0.34001547987616104,0.40599999999999997,0.5000328658269834,3.0,4.6,5.4,7.0
svm_full,signo_zodiacal_libra,367,0.5,0.51,0.5349999999999999,0.45999999999999996,0.4828571428571428,0.46799999999999997,0.5588980633229859,4.6,4.4,5.6,5.4
svm_full,signo_zodiacal_libra,368,0.5,0.41,0.41358974358974365,0.5599999999999999,0.47206763285024156,0.398,0.4641631065013418,5.6,7.4,2.6,4.4
svm_full,signo_zodiacal_libra,369,0.5,0.63,0.6459235209235209,0.6,0.6152859868030146,0.62,0.6518133157691981,6.0,3.4,6.6,4.0
svm_full,signo_zodiacal_libra,370,0.5,0.4800000000000001,0.47777777777777775,0.38,0.4211988304093567,0.49399999999999994,0.5273202049068922,3.8,4.2,5.8,6.2
svm_full,signo_zodiacal_libra,371,0.5,0.6399999999999999,0.6134199134199134,0.74,0.6694805194805195,0.6319999999999999,0.6631025804261098,7.4,4.6,5.4,2.6
svm_full,signo_zodiacal_libra,372,0.5,0.47000000000000003,0.4669108669108669,0.4,0.4230354765857525,0.458,0.5491695336826916,4.0,4.6,5.4,6.0
svm_full,signo_zodiacal_libra,373,0.5,0.51,0.5170995670995671,0.32,0.37799504417151475,0.5119999999999999,0.601135133442409,3.2,3.0,7.0,6.8
svm_full,signo_zodiacal_libra,374,0.5,0.49000000000000005,0.47818181818181815,0.56,0.5125714285714286,0.49000000000000005,0.5617242767552364,5.6,5.8,4.2,4.4
svm_full,signo_zodiacal_libra,375,0.5,0.45999999999999996,0.44793650793650797,0.38,0.3792899896800826,0.496,0.5735532963768257,3.8,4.6,5.4,6.2
svm_full,signo_zodiacal_libra,376,0.5,0.5,0.49337662337662336,0.4600000000000001,0.47284780578898217,0.458,0.5344003974181992,4.6,4.6,5.4,5.4
svm_full,signo_zodiacal_libra,377,0.5,0.51,0.508095238095238,0.45999999999999996,0.46511586452762926,0.6120000000000001,0.6517797751783819,4.6,4.4,5.6,5.4
svm_full,signo_zodiacal_libra,378,0.5,0.45999999999999996,0.4390909090909091,0.39999999999999997,0.412063492063492,0.42200000000000004,0.512478511254827,4.0,4.8,5.2,6.0
svm_full,signo_zodiacal_libra,379,0.5,0.49000000000000005,0.3846825396825396,0.34,0.3599036807705539,0.516,0.5647354379366762,3.4,3.6,6.4,6.6
svm_full,signo_zodiacal_libra,380,0.5,0.56,0.5516666666666666,0.48,0.51,0.61,0.6219311048428695,4.8,3.6,6.4,5.2
svm_full,signo_zodiacal_libra,381,0.5,0.53,0.5205627705627707,0.5599999999999999,0.5355233002291826,0.544,0.5965318102949683,5.6,5.0,5.0,4.4
svm_full,signo_zodiacal_libra,382,0.5,0.51,0.5175757575757576,0.48,0.48101587301587295,0.532,0.572101453671887,4.8,4.6,5.4,5.2
svm_full,signo_zodiacal_libra,383,0.5,0.53,0.5280230880230881,0.56,0.5348996019460415,0.534,0.6024075542620435,5.6,5.0,5.0,4.4
svm_full,signo_zodiacal_libra,384,0.5,0.49000000000000005,0.49230769230769234,0.7,0.5726628444019749,0.51,0.5918502506265664,7.0,7.2,2.8,3.0
svm_full,signo_zodiacal_libra,385,0.5,0.43,0.42272727272727273,0.45999999999999996,0.43561076604554866,0.42400000000000004,0.49481838526110977,4.6,6.0,4.0,5.4
svm_full,signo_zodiacal_libra,386,0.5,0.47000000000000003,0.48577174459527406,0.62,0.5390722634429729,0.378,0.45885142068114204,6.2,6.8,3.2,3.8
svm_full,signo_zodiacal_libra,387,0.5,0.52,0.5393315018315018,0.6199999999999999,0.56605082896643,0.5239999999999999,0.6075012374965935,6.2,5.8,4.2,3.8
svm_full,signo_zodiacal_libra,388,0.5,0.54,0.55,0.48,0.4885531135531135,0.5559999999999999,0.5981105561105561,4.8,4.0,6.0,5.2
svm_full,signo_zodiacal_libra,389,0.5,0.52,0.5051948051948052,0.5,0.4907936507936507,0.5800000000000001,0.6204543701912122,5.0,4.6,5.4,5.0
svm_full,signo_zodiacal_libra,390,0.5,0.6100000000000001,0.6628571428571428,0.43999999999999995,0.5118170993093594,0.6239999999999999,0.6952531716649364,4.4,2.2,7.8,5.6
svm_full,signo_zodiacal_libra,391,0.5,0.47000000000000003,0.4734920634920635,0.5199999999999999,0.49253588516746405,0.5,0.582749888999889,5.2,5.8,4.2,4.8
svm_full,signo_zodiacal_libra,392,0.5,0.4600000000000001,0.44749999999999995,0.5599999999999999,0.4912151616499442,0.472,0.5567298338915986,5.6,6.4,3.6,4.4
svm_full,signo_zodiacal_libra,393,0.5,0.55,0.5722527472527472,0.6,0.5776460254721124,0.556,0.6490493122288787,6.0,5.0,5.0,4.0
svm_full,signo_zodiacal_libra,394,0.5,0.56,0.5612787212787212,0.64,0.57927950310559,0.5439999999999999,0.6026825396825396,6.4,5.2,4.8,3.6
svm_full,signo_zodiacal_libra,395,0.5,0.5,0.5057142857142857,0.36000000000000004,0.41506191950464394,0.484,0.5757278081395729,3.6,3.6,6.4,6.4
svm_full,signo_zodiacal_libra,396,0.5,0.47000000000000003,0.48,0.52,0.4972248803827751,0.42800000000000005,0.5164038404835619,5.2,5.8,4.2,4.8
svm_full,signo_zodiacal_libra,397,0.5,0.44000000000000006,0.4674603174603174,0.41999999999999993,0.4364981080151359,0.47400000000000003,0.5846019627946872,4.2,5.4,4.6,5.8
svm_full,signo_zodiacal_libra,398,0.5,0.4699999999999999,0.4761266511266511,0.5199999999999999,0.490870291671207,0.484,0.5666764357073955,5.2,5.8,4.2,4.8
svm_full,signo_zodiacal_libra,399,0.5,0.45,0.43896103896103894,0.5,0.46362197052734133,0.536,0.602672170364895,5.0,6.0,4.0,5.0
svm_full,signo_zodiacal_libra,400,0.5,0.48999999999999994,0.4924242424242424,0.4,0.43650793650793657,0.49400000000000005,0.5398035842726244,4.0,4.2,5.8,6.0
svm_full,signo_zodiacal_libra,401,0.5,0.51,0.5442307692307692,0.5,0.5046376811594202,0.44800000000000006,0.5519046376739876,5.0,4.8,5.2,5.0
svm_full,signo_zodiacal_libra,402,0.5,0.54,0.5415584415584416,0.6799999999999999,0.5902714932126697,0.53,0.5853674180996162,6.8,6.0,4.0,3.2
svm_full,signo_zodiacal_libra,403,0.5,0.54,0.5342002442002441,0.6,0.5553400310821229,0.5640000000000001,0.621070133083291,6.0,5.2,4.8,4.0
svm_full,signo_zodiacal_libra,404,0.5,0.36000000000000004,0.3094505494505495,0.28,0.2864066496163683,0.282,0.4102618072501973,2.8,5.6,4.4,7.2
svm_full,signo_zodiacal_libra,405,0.5,0.41000000000000003,0.39389499389499394,0.36,0.35974567900802923,0.45999999999999996,0.5672920047788469,3.6,5.4,4.6,6.4
svm_full,signo_zodiacal_libra,406,0.5,0.49000000000000005,0.48344988344988343,0.48,0.47418273945733896,0.4959999999999999,0.5568264765849904,4.8,5.0,5.0,5.2
svm_full,signo_zodiacal_libra,407,0.5,0.5900000000000001,0.5751404151404151,0.72,0.6351814714652242,0.54,0.5609964567596146,7.2,5.4,4.6,2.8
svm_full,signo_zodiacal_libra,408,0.5,0.45,0.44935064935064933,0.4,0.4197945845004668,0.476,0.5680582832200479,4.0,5.0,5.0,6.0
svm_full,signo_zodiacal_libra,409,0.5,0.5399999999999999,0.5666666666666667,0.38,0.4406320287899235,0.522,0.6288211875843455,3.8,3.0,7.0,6.2
svm_full,signo_zodiacal_libra,410,0.5,0.53,0.5188095238095238,0.5199999999999999,0.5145335710041592,0.4960000000000001,0.5761668058463724,5.2,4.6,5.4,4.8
svm_full,signo_zodiacal_libra,411,0.5,0.43,0.4319230769230769,0.52,0.46695652173913044,0.398,0.5110772955115059,5.2,6.6,3.4,4.8
svm_full,signo_zodiacal_libra,412,0.5,0.45999999999999996,0.4338528138528138,0.32,0.3604621848739496,0.40599999999999997,0.5193743309494083,3.2,4.0,6.0,6.8
svm_full,signo_zodiacal_libra,413,0.5,0.5,0.48235098235098234,0.44000000000000006,0.4435204182007251,0.49000000000000005,0.5496976824345245,4.4,4.4,5.6,5.6
svm_full,signo_zodiacal_libra,414,0.5,0.49000000000000005,0.48431568431568434,0.44000000000000006,0.4447083181098527,0.44000000000000006,0.5108791990603136,4.4,4.6,5.4,5.6
svm_full,signo_zodiacal_libra,415,0.5,0.43000000000000005,0.44711288711288705,0.5599999999999999,0.4946335403726708,0.39,0.46387382938698735,5.6,7.0,3.0,4.4
svm_full,signo_zodiacal_libra,416,0.5,0.4600000000000001,0.43000000000000005,0.38,0.39008874166768903,0.44800000000000006,0.5136804671936251,3.8,4.6,5.4,6.2
svm_full,signo_zodiacal_libra,417,0.5,0.43,0.4278787878787879,0.38000000000000006,0.39679197994987464,0.396,0.515895181014376,3.8,5.2,4.8,6.2
svm_full,signo_zodiacal_libra,418,0.5,0.45,0.4257142857142857,0.36,0.38026143790849676,0.489,0.56017292734785,3.6,4.6,5.4,6.4
svm_full,signo_zodiacal_libra,419,0.5,0.55,0.5426623376623375,0.5,0.5061811391223155,0.5680000000000001,0.6016692720763928,5.0,4.0,6.0,5.0
svm_full,signo_zodiacal_libra,420,0.5,0.45,0.4623376623376624,0.5599999999999999,0.5043290043290044,0.438,0.5300555392320099,5.6,6.6,3.4,4.4
svm_full,signo_zodiacal_libra,421,0.5,0.43000000000000005,0.4362193362193363,0.48,0.4537024379129642,0.41,0.5089685514863532,4.8,6.2,3.8,5.2
svm_full,signo_zodiacal_libra,422,0.5,0.5800000000000001,0.6787301587301587,0.38,0.47168849726125267,0.5860000000000001,0.636109094122252,3.8,2.2,7.8,6.2
svm_full,signo_zodiacal_libra,423,0.5,0.48,0.47610389610389614,0.5399999999999999,0.5038095238095238,0.45600000000000007,0.531169765047474,5.4,5.8,4.2,4.6
svm_full,signo_zodiacal_libra,424,0.5,0.4999999999999999,0.511013986013986,0.48,0.4901311249137336,0.528,0.5686279733338557,4.8,4.8,5.2,5.2
svm_full,signo_zodiacal_libra,425,0.5,0.41000000000000003,0.39924242424242423,0.4,0.3972582972582972,0.42400000000000004,0.5198048711694223,4.0,5.8,4.2,6.0
svm_full,signo_zodiacal_libra,426,0.5,0.44000000000000006,0.4375757575757576,0.38,0.4031018723278786,0.42400000000000004,0.5220011130939923,3.8,5.0,5.0,6.2
svm_full,signo_zodiacal_libra,427,0.5,0.37,0.36317460317460315,0.4,0.370328173374613,0.388,0.5006371226812403,4.0,6.6,3.4,6.0
svm_full,signo_zodiacal_libra,428,0.5,0.54,0.5484848484848485,0.5399999999999999,0.5431077694235589,0.524,0.5537462172330593,5.4,4.6,5.4,4.6
svm_full,signo_zodiacal_libra,429,0.5,0.39999999999999997,0.39419913419913416,0.38,0.3842223205071503,0.422,0.5593936439377616,3.8,5.8,4.2,6.2
svm_full,signo_zodiacal_libra,430,0.5,0.4,0.39904761904761904,0.4,0.3908306595365419,0.4,0.46782819038546586,4.0,6.0,4.0,6.0
svm_full,signo_zodiacal_libra,431,0.5,0.53,0.5243589743589744,0.74,0.6118323705280228,0.512,0.562088907824202,7.4,6.8,3.2,2.6
svm_full,signo_zodiacal_libra,432,0.5,0.45,0.466969696969697,0.44000000000000006,0.44233766233766236,0.4659999999999999,0.5219731559290383,4.4,5.4,4.6,5.6
svm_full,signo_zodiacal_libra,433,0.5,0.42000000000000004,0.3944537815126051,0.44000000000000006,0.4057516339869281,0.37799999999999995,0.47459380385696176,4.4,6.0,4.0,5.6
svm_full,signo_zodiacal_libra,434,0.5,0.5800000000000001,0.5772727272727274,0.6799999999999999,0.6202551834130781,0.6199999999999999,0.6961868686868685,6.8,5.2,4.8,3.2
svm_full,signo_zodiacal_libra,435,0.5,0.5199999999999999,0.5186868686868686,0.56,0.5372977899293689,0.502,0.5315892708083111,5.6,5.2,4.8,4.4
svm_full,signo_zodiacal_libra,436,0.5,0.54,0.5611111111111111,0.4,0.45194147957305847,0.588,0.6665347810084652,4.0,3.2,6.8,6.0
svm_full,signo_zodiacal_libra,437,0.5,0.48,0.49833333333333335,0.4,0.42666666666666664,0.48,0.5929628878173769,4.0,4.4,5.6,6.0
svm_full,signo_zodiacal_libra,438,0.5,0.61,0.6353968253968254,0.6000000000000001,0.5988516746411483,0.65,0.7191388405196454,6.0,3.8,6.2,4.0
svm_full,signo_zodiacal_libra,439,0.5,0.56,0.5619047619047619,0.45999999999999996,0.4975787284610814,0.5559999999999999,0.5997728643905115,4.6,3.4,6.6,5.4
svm_full,signo_zodiacal_libra,440,0.5,0.5200000000000001,0.5502874902874904,0.54,0.5261774000217937,0.5519999999999999,0.6013957976148377,5.4,5.0,5.0,4.6
svm_full,signo_zodiacal_libra,441,0.5,0.5,0.5368253968253969,0.36,0.42251805985552116,0.48200000000000004,0.5617988025046848,3.6,3.6,6.4,6.4
svm_full,signo_zodiacal_libra,442,0.5,0.52,0.4833333333333333,0.34,0.3856564488143436,0.43999999999999995,0.5218288388597985,3.4,3.0,7.0,6.6
svm_full,signo_zodiacal_libra,443,0.5,0.5,0.5050000000000001,0.4,0.4447058823529412,0.46699999999999997,0.5220250576736645,4.0,4.0,6.0,6.0
svm_full,signo_zodiacal_libra,444,0.5,0.44000000000000006,0.43793650793650796,0.4,0.4145967414078869,0.372,0.4737223254901274,4.0,5.2,4.8,6.0
svm_full,signo_zodiacal_libra,445,0.5,0.5900000000000001,0.5824023199023199,0.62,0.5867766997663348,0.592,0.5895489467532811,6.2,4.4,5.6,3.8
svm_full,signo_zodiacal_libra,446,0.5,0.44000000000000006,0.4161904761904762,0.29999999999999993,0.34486928104575165,0.438,0.5003209121459895,3.0,4.2,5.8,7.0
svm_full,signo_zodiacal_libra,447,0.5,0.49000000000000005,0.5027777777777778,0.45999999999999996,0.47364981080151364,0.45999999999999996,0.5599228753702438,4.6,4.8,5.2,5.4
svm_full,signo_zodiacal_libra,448,0.5,0.45999999999999996,0.4457142857142856,0.42000000000000004,0.41667914438502673,0.477,0.5121044196601472,4.2,5.0,5.0,5.8
svm_full,signo_zodiacal_libra,449,0.5,0.4,0.36948051948051946,0.42000000000000004,0.3889695272048213,0.392,0.4906158198526619,4.2,6.2,3.8,5.8
svm_full,signo_zodiacal_libra,450,0.5,0.47000000000000003,0.49510822510822505,0.38,0.4156508919357217,0.438,0.5515456498266096,3.8,4.4,5.6,6.2
svm_full,signo_zodiacal_libra,451,0.5,0.43,0.4478632478632479,0.52,0.47764926149365505,0.41600000000000004,0.541707889375846,5.2,6.6,3.4,4.8
svm_full,signo_zodiacal_libra,452,0.5,0.51,0.5283333333333333,0.36,0.42444444444444446,0.508,0.5614397638824883,3.6,3.4,6.6,6.4
svm_full,signo_zodiacal_libra,453,0.5,0.43000000000000005,0.38225108225108223,0.34,0.3496816908581614,0.442,0.5122807280438859,3.4,4.8,5.2,6.6
svm_full,signo_zodiacal_libra,454,0.5,0.39999999999999997,0.4271062271062271,0.48,0.4451057893513137,0.39499999999999996,0.5101502243886145,4.8,6.8,3.2,5.2
svm_full,signo_zodiacal_libra,455,0.5,0.43000000000000005,0.4492307692307692,0.6,0.5133913043478261,0.41600000000000004,0.510767022021666,6.0,7.4,2.6,4.0
svm_full,signo_zodiacal_libra,456,0.5,0.6,0.5835120435120434,0.6799999999999999,0.623118230358505,0.625,0.599604550248513,6.8,4.8,5.2,3.2
svm_full,signo_zodiacal_libra,457,0.5,0.33999999999999997,0.3352780552780553,0.34,0.33431609714824145,0.32199999999999995,0.46751793777258166,3.4,6.6,3.4,6.6
svm_full,signo_zodiacal_libra,458,0.5,0.52,0.533968253968254,0.5,0.5120011258091753,0.532,0.6134245944114365,5.0,4.6,5.4,5.0
svm_full,signo_zodiacal_libra,459,0.5,0.38,0.3764069264069264,0.33999999999999997,0.3541009386210624,0.45,0.5580547026073341,3.4,5.8,4.2,6.6
svm_full,signo_zodiacal_libra,460,0.5,0.5700000000000001,0.5605394605394605,0.66,0.6041407867494824,0.5770000000000001,0.589486962985415,6.6,5.2,4.8,3.4
svm_full,signo_zodiacal_libra,461,0.5,0.49000000000000005,0.5058119658119657,0.48,0.47416704805491994,0.45200000000000007,0.5257345058622148,4.8,5.0,5.0,5.2
svm_full,signo_zodiacal_libra,462,0.5,0.47000000000000003,0.4793156843156843,0.54,0.4998731532746879,0.476,0.5773507250403533,5.4,6.0,4.0,4.6
svm_full,signo_zodiacal_libra,463,0.5,0.45,0.4601398601398602,0.5399999999999999,0.49606625258799164,0.41,0.5117319898024232,5.4,6.4,3.6,4.6
svm_full,signo_zodiacal_libra,464,0.5,0.45999999999999996,0.45777777777777773,0.5,0.4741786283891547,0.526,0.603823925644359,5.0,5.8,4.2,5.0
svm_full,signo_zodiacal_libra,465,0.5,0.6300000000000001,0.6186418157006393,0.78,0.6817939116566119,0.66,0.69402610031867,7.8,5.2,4.8,2.2
svm_full,signo_zodiacal_libra,466,0.5,0.45,0.4190196078431372,0.38,0.36811928811928807,0.36,0.5013227816215432,3.8,4.8,5.2,6.2
svm_full,signo_zodiacal_libra,467,0.5,0.45,0.4066666666666666,0.32,0.3363333333333333,0.42000000000000004,0.5110857484448814,3.2,4.2,5.8,6.8
svm_full,signo_zodiacal_libra,468,0.5,0.53,0.5489177489177489,0.5800000000000001,0.552321156655522,0.495,0.5608426193689351,5.8,5.2,4.8,4.2
svm_full,signo_zodiacal_libra,469,0.5,0.43000000000000005,0.43867243867243866,0.36000000000000004,0.3927465723131358,0.406,0.4810071235953589,3.6,5.0,5.0,6.4
svm_full,signo_zodiacal_libra,470,0.5,0.57,0.5497125097125097,0.7,0.6102403835676147,0.5439999999999999,0.5984402525578997,7.0,5.6,4.4,3.0
svm_full,signo_zodiacal_libra,471,0.5,0.56,0.5552680652680653,0.5999999999999999,0.573138841834494,0.616,0.6919927084439468,6.0,4.8,5.2,4.0
svm_full,signo_zodiacal_libra,472,0.5,0.51,0.5109008638420403,0.7000000000000001,0.5878766965723488,0.554,0.5818746788127592,7.0,6.8,3.2,3.0
svm_full,signo_zodiacal_libra,473,0.5,0.44000000000000006,0.42173669467787106,0.44000000000000006,0.41763616557734207,0.404,0.5043436041083099,4.4,5.6,4.4,5.6
svm_full,signo_zodiacal_libra,474,0.5,0.39,0.3587240537240537,0.36,0.35523070250220606,0.44000000000000006,0.48303633904794896,3.6,5.8,4.2,6.4
svm_full,signo_zodiacal_libra,475,0.5,0.4,0.4011965811965812,0.45999999999999996,0.4237162471395881,0.4120000000000001,0.5326523301260143,4.6,6.6,3.4,5.4
svm_full,signo_zodiacal_libra,476,0.5,0.56,0.5467243867243867,0.58,0.5551797139908595,0.57,0.6876480268097914,5.8,4.6,5.4,4.2
svm_full,signo_zodiacal_libra,477,0.5,0.51,0.5021489621489621,0.58,0.5248916857360794,0.556,0.6158252205311029,5.8,5.6,4.4,4.2
svm_full,signo_zodiacal_libra,478,0.5,0.4,0.41853923853923847,0.5399999999999999,0.46652362130622993,0.45200000000000007,0.5567013268808935,5.4,7.4,2.6,4.6
svm_full,signo_zodiacal_libra,479,0.5,0.45999999999999996,0.43238095238095237,0.44000000000000006,0.41392156862745094,0.46799999999999997,0.5401185268979386,4.4,5.2,4.8,5.6
svm_full,signo_zodiacal_libra,480,0.5,0.5,0.5031385281385281,0.38,0.4265406162464986,0.514,0.5609187366640928,3.8,3.8,6.2,6.2
svm_full,signo_zodiacal_libra,481,0.5,0.44000000000000006,0.4595959595959596,0.36,0.3830088040614356,0.43800000000000006,0.5298884422251294,3.6,4.8,5.2,6.4
svm_full,signo_zodiacal_libra,482,0.5,0.5,0.49302197802197795,0.5199999999999999,0.49826939471440745,0.49799999999999994,0.5674582608653816,5.2,5.2,4.8,4.8
svm_full,signo_zodiacal_libra,483,0.5,0.4,0.4064685314685315,0.36,0.37465493443754305,0.382,0.506202477089474,3.6,5.6,4.4,6.4
svm_full,signo_zodiacal_libra,484,0.5,0.5,0.5050000000000001,0.43999999999999995,0.4694736842105264,0.49799999999999994,0.5983762532617022,4.4,4.4,5.6,5.6
svm_full,signo_zodiacal_libra,485,0.5,0.45,0.4351648351648351,0.54,0.4672329801485812,0.42400000000000004,0.5168771604212781,5.4,6.4,3.6,4.6
svm_full,signo_zodiacal_libra,486,0.5,0.6000000000000001,0.6317099567099567,0.5,0.5218559218559219,0.604,0.6313212871579744,5.0,3.0,7.0,5.0
svm_full,signo_zodiacal_libra,487,0.5,0.53,0.5289661319073085,0.66,0.5834535834535834,0.569,0.6387273820950291,6.6,6.0,4.0,3.4
svm_full,signo_zodiacal_libra,488,0.5,0.53,0.5442890442890442,0.43999999999999995,0.45592241473248335,0.5800000000000001,0.6229575995899526,4.4,3.8,6.2,5.6
svm_full,signo_zodiacal_libra,489,0.5,0.51,0.5017460317460317,0.38000000000000006,0.4195199228016565,0.496,0.5423870410635117,3.8,3.6,6.4,6.2
svm_full,signo_zodiacal_libra,490,0.5,0.43,0.4401398601398602,0.45999999999999996,0.4415424430641822,0.4619999999999999,0.5536391745509393,4.6,6.0,4.0,5.4
svm_full,signo_zodiacal_libra,491,0.5,0.4800000000000001,0.48952991452991446,0.44000000000000006,0.4552250190694126,0.504,0.5677545130308288,4.4,4.8,5.2,5.6
svm_full,signo_zodiacal_libra,492,0.5,0.6,0.5887179487179487,0.7,0.6380237154150198,0.6839999999999999,0.7158429289149103,7.0,5.0,5.0,3.0
svm_full,signo_zodiacal_libra,493,0.5,0.5399999999999999,0.5534632034632034,0.43999999999999995,0.48431372549019613,0.5640000000000001,0.6240128749819152,4.4,3.6,6.4,5.6
svm_full,signo_zodiacal_libra,494,0.5,0.44000000000000006,0.43701298701298696,0.34,0.37864145658263304,0.40499999999999997,0.5136075689016866,3.4,4.6,5.4,6.6
svm_full,signo_zodiacal_libra,495,0.5,0.61,0.5819047619047619,0.7,0.6283434343434344,0.616,0.6581987626236852,7.0,4.8,5.2,3.0
svm_full,signo_zodiacal_libra,496,0.5,0.41000000000000003,0.4337484737484738,0.44000000000000006,0.42967066002602416,0.44399999999999995,0.5420938701821055,4.4,6.2,3.8,5.6
svm_full,signo_zodiacal_libra,497,0.5,0.44000000000000006,0.43606060606060615,0.52,0.4714632034632035,0.41600000000000004,0.49620069782298887,5.2,6.4,3.6,4.8
svm_full,signo_zodiacal_libra,498,0.5,0.5,0.5060139860139861,0.52,0.510715920235371,0.492,0.5508993692066448,5.2,5.2,4.8,4.8
svm_full,signo_zodiacal_libra,499,0.5,0.48999999999999994,0.4967832167832168,0.5399999999999999,0.5101424917793204,0.42400000000000004,0.5160554466173661,5.4,5.6,4.4,4.6
svm_full,signo_zodiacal_libra,500,0.5,0.45,0.4547785547785548,0.5,0.46739600978731416,0.472,0.5511442991133393,5.0,6.0,4.0,5.0
svm_full,signo_zodiacal_piscis,1,0.5,0.53,0.5002380952380953,0.5,0.4809712509712509,0.518,0.5550091640385758,5.0,4.4,5.6,5.0
svm_full,signo_zodiacal_piscis,2,0.5,0.5700000000000001,0.6250793650793651,0.4,0.48352425180598557,0.608,0.676630896279503,4.0,2.6,7.4,6.0
svm_full,signo_zodiacal_piscis,3,0.5,0.5199999999999999,0.5177704648292883,0.6599999999999999,0.5753623188405796,0.49400000000000005,0.5345384070693668,6.6,6.2,3.8,3.4
svm_full,signo_zodiacal_piscis,4,0.5,0.48999999999999994,0.4915909090909091,0.5199999999999999,0.4975335775335775,0.558,0.6270935437111907,5.2,5.4,4.6,4.8
svm_full,signo_zodiacal_piscis,5,0.5,0.42000000000000004,0.4151709401709402,0.43999999999999995,0.4227307398932113,0.47000000000000003,0.5629820004556846,4.4,6.0,4.0,5.6
svm_full,signo_zodiacal_piscis,6,0.5,0.53,0.5228138528138528,0.64,0.5728138528138528,0.528,0.5286665099606276,6.4,5.8,4.2,3.6
svm_full,signo_zodiacal_piscis,7,0.5,0.43,0.45,0.62,0.52,0.384,0.5033694124932515,6.2,7.6,2.4,3.8
svm_full,signo_zodiacal_piscis,8,0.5,0.56,0.551111111111111,0.5599999999999999,0.5491847265221879,0.5159999999999999,0.563597492376904,5.6,4.4,5.6,4.4
svm_full,signo_zodiacal_piscis,9,0.5,0.5,0.5077344877344878,0.6,0.5435781762097551,0.469,0.5289970497338918,6.0,6.0,4.0,4.0
svm_full,signo_zodiacal_piscis,10,0.5,0.54,0.5523676323676324,0.5599999999999999,0.5498623797345025,0.48599999999999993,0.5275621055930654,5.6,4.8,5.2,4.4
svm_full,signo_zodiacal_piscis,11,0.5,0.5000000000000001,0.47545787545787555,0.5,0.46989966555183943,0.462,0.5142376600008178,5.0,5.0,5.0,5.0
svm_full,signo_zodiacal_piscis,12,0.5,0.58,0.5675213675213675,0.6599999999999999,0.608029956313709,0.6100000000000001,0.6326034935137101,6.6,5.0,5.0,3.4
svm_full,signo_zodiacal_piscis,13,0.5,0.44000000000000006,0.43821678321678326,0.5,0.4629192546583852,0.462,0.5498669586347604,5.0,6.2,3.8,5.0
svm_full,signo_zodiacal_piscis,14,0.5,0.49000000000000005,0.4910922410922411,0.62,0.5471485036702428,0.5,0.5657810979869804,6.2,6.4,3.6,3.8
svm_full,signo_zodiacal_piscis,15,0.5,0.4,0.397983682983683,0.45999999999999996,0.4209715593331154,0.388,0.47405990517910024,4.6,6.6,3.4,5.4
svm_full,signo_zodiacal_piscis,16,0.5,0.5,0.5097222222222222,0.54,0.5182186234817814,0.516,0.5842504433990501,5.4,5.4,4.6,4.6
svm_full,signo_zodiacal_piscis,17,0.5,0.53,0.5264224664224664,0.72,0.5937908434276722,0.55,0.6098748551070532,7.2,6.6,3.4,2.8
svm_full,signo_zodiacal_piscis,18,0.5,0.55,0.5587179487179488,0.6599999999999999,0.5979025032938077,0.5660000000000001,0.6380847208347209,6.6,5.6,4.4,3.4
svm_full,signo_zodiacal_piscis,19,0.5,0.48,0.46571428571428564,0.32,0.37392156862745096,0.48200000000000004,0.5669911118293471,3.2,3.6,6.4,6.8
svm_full,signo_zodiacal_piscis,20,0.5,0.5700000000000001,0.5926190476190476,0.45999999999999996,0.5141176470588235,0.592,0.6236356666209606,4.6,3.2,6.8,5.4
svm_full,signo_zodiacal_piscis,21,0.5,0.45,0.42738095238095236,0.32,0.3534886681945505,0.44000000000000006,0.49370592273223857,3.2,4.2,5.8,6.8
svm_full,signo_zodiacal_piscis,22,0.5,0.45,0.4138888888888889,0.38,0.38500417710944024,0.48200000000000004,0.5429760229450632,3.8,4.8,5.2,6.2
svm_full,signo_zodiacal_piscis,23,0.5,0.45999999999999996,0.4584848484848485,0.5599999999999999,0.5008258408258408,0.41200000000000003,0.49108590575231437,5.6,6.4,3.6,4.4
svm_full,signo_zodiacal_piscis,24,0.5,0.45,0.42638888888888893,0.44000000000000006,0.4204742625795257,0.484,0.543824390092192,4.4,5.4,4.6,5.6
svm_full,signo_zodiacal_piscis,25,0.5,0.55,0.5384615384615384,0.64,0.5826086956521739,0.532,0.5556219505468731,6.4,5.4,4.6,3.6
svm_full,signo_zodiacal_piscis,26,0.5,0.49000000000000005,0.48666666666666664,0.5599999999999999,0.5175238095238095,0.5640000000000001,0.6529085816144639,5.6,5.8,4.2,4.4
svm_full,signo_zodiacal_piscis,27,0.5,0.45999999999999996,0.47172827172827175,0.62,0.5345755693581781,0.472,0.5184153536521957,6.2,7.0,3.0,3.8
svm_full,signo_zodiacal_piscis,28,0.5,0.4,0.410064935064935,0.4800000000000001,0.43809523809523804,0.36,0.46990487436540074,4.8,6.8,3.2,5.2
svm_full,signo_zodiacal_piscis,29,0.5,0.44000000000000006,0.45005439005439,0.5199999999999999,0.4784051432930151,0.45,0.5362265347311788,5.2,6.4,3.6,4.8
svm_full,signo_zodiacal_piscis,30,0.5,0.44000000000000006,0.43242424242424243,0.5,0.4595105946684894,0.446,0.524138636303497,5.0,6.2,3.8,5.0
svm_full,signo_zodiacal_piscis,31,0.5,0.48,0.49020979020979016,0.6,0.5381987577639752,0.462,0.5319624350537663,6.0,6.4,3.6,4.0
svm_full,signo_zodiacal_piscis,32,0.5,0.55,0.5626984126984127,0.42000000000000004,0.47930856553147577,0.516,0.5572787563313879,4.2,3.2,6.8,5.8
svm_full,signo_zodiacal_piscis,33,0.5,0.45,0.46733766233766233,0.48,0.4696825396825397,0.38999999999999996,0.5105964150228857,4.8,5.8,4.2,5.2
svm_full,signo_zodiacal_piscis,34,0.5,0.55,0.5300432900432901,0.6,0.5542857142857143,0.556,0.5894154532258247,6.0,5.0,5.0,4.0
svm_full,signo_zodiacal_piscis,35,0.5,0.6,0.6021678321678322,0.6000000000000001,0.5956383712905452,0.6079999999999999,0.651382374161786,6.0,4.0,6.0,4.0
svm_full,signo_zodiacal_piscis,36,0.5,0.47000000000000003,0.45807692307692316,0.45999999999999996,0.45468599033816426,0.46799999999999997,0.5456191867987533,4.6,5.2,4.8,5.4
svm_full,signo_zodiacal_piscis,37,0.5,0.4699999999999999,0.4700854700854701,0.5599999999999999,0.506338256708966,0.434,0.5055172173028211,5.6,6.2,3.8,4.4
svm_full,signo_zodiacal_piscis,38,0.5,0.48999999999999994,0.4942857142857142,0.36000000000000004,0.41300653594771236,0.41600000000000004,0.5331491060539048,3.6,3.8,6.2,6.4
svm_full,signo_zodiacal_piscis,39,0.5,0.4,0.38,0.32,0.3392185007974482,0.358,0.46039819760562795,3.2,5.2,4.8,6.8
svm_full,signo_zodiacal_piscis,40,0.5,0.53,0.5402564102564102,0.62,0.5721814021219055,0.49799999999999994,0.5769820638597729,6.2,5.6,4.4,3.8
svm_full,signo_zodiacal_piscis,41,0.5,0.49000000000000005,0.49340659340659343,0.58,0.5272946859903381,0.538,0.5818870096192077,5.8,6.0,4.0,4.2
svm_full,signo_zodiacal_piscis,42,0.5,0.48999999999999994,0.5056410256410256,0.42000000000000004,0.44823671497584544,0.556,0.6136273824215,4.2,4.4,5.6,5.8
svm_full,signo_zodiacal_piscis,43,0.5,0.45,0.4441330891330891,0.44000000000000006,0.4296109839816933,0.43,0.5173064188992982,4.4,5.4,4.6,5.6
svm_full,signo_zodiacal_piscis,44,0.5,0.52,0.5197435897435898,0.38,0.4170669427191166,0.466,0.5684554813951098,3.8,3.4,6.6,6.2
svm_full,signo_zodiacal_piscis,45,0.5,0.52,0.5354700854700855,0.52,0.5179113792386103,0.5360000000000001,0.609826080352396,5.2,4.8,5.2,4.8
svm_full,signo_zodiacal_piscis,46,0.5,0.42000000000000004,0.3932539682539683,0.36,0.3725240016261688,0.44399999999999995,0.49424875777816946,3.6,5.2,4.8,6.4
svm_full,signo_zodiacal_piscis,47,0.5,0.57,0.5957575757575758,0.5,0.537063492063492,0.57,0.6031683398301044,5.0,3.6,6.4,5.0
svm_full,signo_zodiacal_piscis,48,0.5,0.62,0.6486363636363637,0.58,0.5987301587301588,0.652,0.65543540506621,5.8,3.4,6.6,4.2
svm_full,signo_zodiacal_piscis,49,0.5,0.49000000000000005,0.5254329004329004,0.4,0.4319993731758438,0.45600000000000007,0.5202091874413857,4.0,4.2,5.8,6.0
svm_full,signo_zodiacal_piscis,50,0.5,0.44000000000000006,0.4357142857142858,0.48,0.4515151515151515,0.38799999999999996,0.4931112868040112,4.8,6.0,4.0,5.2
svm_full,signo_zodiacal_piscis,51,0.5,0.54,0.5374242424242424,0.5399999999999999,0.5363590795169743,0.577,0.6294860755859208,5.4,4.6,5.4,4.6
svm_full,signo_zodiacal_piscis,52,0.5,0.52,0.5119780219780219,0.6599999999999999,0.5739815546772069,0.55,0.6358799441872197,6.6,6.2,3.8,3.4
svm_full,signo_zodiacal_piscis,53,0.5,0.47000000000000003,0.4622222222222222,0.5,0.4733482190324295,0.42400000000000004,0.47629937382878557,5.0,5.6,4.4,5.0
svm_full,signo_zodiacal_piscis,54,0.5,0.6,0.5911324786324786,0.7,0.6340513033876879,0.562,0.6149302174433753,7.0,5.0,5.0,3.0
svm_full,signo_zodiacal_piscis,55,0.5,0.5599999999999999,0.5869841269841269,0.48,0.5235448916408669,0.514,0.5925922198716316,4.8,3.6,6.4,5.2
svm_full,signo_zodiacal_piscis,56,0.5,0.49000000000000005,0.5065686274509804,0.6399999999999999,0.5490370370370371,0.45600000000000007,0.5388800278668701,6.4,6.6,3.4,3.6
svm_full,signo_zodiacal_piscis,57,0.5,0.55,0.573968253968254,0.41999999999999993,0.480687994496044,0.526,0.5919135668253315,4.2,3.2,6.8,5.8
svm_full,signo_zodiacal_piscis,58,0.5,0.42000000000000004,0.41939393939393943,0.45999999999999996,0.4313141828931303,0.44800000000000006,0.5300079432091815,4.6,6.2,3.8,5.4
svm_full,signo_zodiacal_piscis,59,0.5,0.5700000000000001,0.5569264069264068,0.6,0.5736185383244206,0.6040000000000001,0.5983916345092816,6.0,4.6,5.4,4.0
svm_full,signo_zodiacal_piscis,60,0.5,0.5599999999999999,0.5813131313131313,0.54,0.5560719981772613,0.554,0.6337163228927934,5.4,4.2,5.8,4.6
svm_full,signo_zodiacal_piscis,61,0.5,0.51,0.5242424242424242,0.5399999999999999,0.5214285714285715,0.53,0.5646490268417513,5.4,5.2,4.8,4.6
svm_full,signo_zodiacal_piscis,62,0.5,0.5900000000000001,0.5815268065268066,0.6599999999999999,0.6135391178869439,0.578,0.6125233998028115,6.6,4.8,5.2,3.4
svm_full,signo_zodiacal_piscis,63,0.5,0.38999999999999996,0.3866666666666666,0.33999999999999997,0.35815789473684206,0.368,0.4798403263403263,3.4,5.6,4.4,6.6
svm_full,signo_zodiacal_piscis,64,0.5,0.48,0.48424242424242425,0.5199999999999999,0.49671177944862155,0.48599999999999993,0.584741942268258,5.2,5.6,4.4,4.8
svm_full,signo_zodiacal_piscis,65,0.5,0.35,0.32645021645021643,0.34,0.32600560224089636,0.286,0.4240816822496389,3.4,6.4,3.6,6.6
svm_full,signo_zodiacal_piscis,66,0.5,0.59,0.6622222222222222,0.48,0.5317228969860549,0.584,0.6264637558004431,4.8,3.0,7.0,5.2
svm_full,signo_zodiacal_piscis,67,0.5,0.54,0.5412698412698413,0.44000000000000006,0.4846233230134159,0.5359999999999999,0.6753314569847078,4.4,3.6,6.4,5.6
svm_full,signo_zodiacal_piscis,68,0.5,0.42000000000000004,0.43396603396603395,0.54,0.4801242236024844,0.41400000000000003,0.5128467115100241,5.4,7.0,3.0,4.6
svm_full,signo_zodiacal_piscis,69,0.5,0.5,0.47714285714285715,0.52,0.48903862150920974,0.42799999999999994,0.48468475109341985,5.2,5.2,4.8,4.8
svm_full,signo_zodiacal_piscis,70,0.5,0.5599999999999999,0.5665584415584416,0.44000000000000006,0.48459383753501395,0.534,0.6090744631185807,4.4,3.2,6.8,5.6
svm_full,signo_zodiacal_piscis,71,0.5,0.48999999999999994,0.5166666666666667,0.5199999999999999,0.5065151515151516,0.51,0.6083205056897006,5.2,5.4,4.6,4.8
svm_full,signo_zodiacal_piscis,72,0.5,0.4699999999999999,0.4756410256410256,0.52,0.49323671497584537,0.44399999999999995,0.4862866104483752,5.2,5.8,4.2,4.8
svm_full,signo_zodiacal_piscis,73,0.5,0.5599999999999999,0.5233333333333333,0.4800000000000001,0.4802597402597403,0.512,0.5657394174452998,4.8,3.6,6.4,5.2
svm_full,signo_zodiacal_piscis,74,0.5,0.49000000000000005,0.4909090909090909,0.42000000000000004,0.44801587301587303,0.45999999999999996,0.5861683620816747,4.2,4.4,5.6,5.8
svm_full,signo_zodiacal_piscis,75,0.5,0.44000000000000006,0.4267068878833585,0.56,0.4789490634799559,0.47400000000000003,0.5985508521406354,5.6,6.8,3.2,4.4
svm_full,signo_zodiacal_piscis,76,0.5,0.52,0.5251082251082251,0.48,0.4994102904319623,0.52,0.6100247720116141,4.8,4.4,5.6,5.2
svm_full,signo_zodiacal_piscis,77,0.5,0.5800000000000001,0.5764102564102564,0.5599999999999999,0.5534738691260431,0.64,0.6559241642430497,5.6,4.0,6.0,4.4
svm_full,signo_zodiacal_piscis,78,0.5,0.62,0.628933288933289,0.6199999999999999,0.6179826804863822,0.6100000000000001,0.6341620509693265,6.2,3.8,6.2,3.8
svm_full,signo_zodiacal_piscis,79,0.5,0.5800000000000001,0.5674603174603176,0.6399999999999999,0.5968899521531099,0.5740000000000001,0.6105729805110609,6.4,4.8,5.2,3.6
svm_full,signo_zodiacal_piscis,80,0.5,0.56,0.5647186147186147,0.5599999999999999,0.5484912146676852,0.522,0.5962663360031781,5.6,4.4,5.6,4.4
svm_full,signo_zodiacal_piscis,81,0.5,0.49000000000000005,0.47829004329004327,0.44000000000000006,0.4556508919357216,0.5199999999999999,0.6025378598010176,4.4,4.6,5.4,5.6
svm_full,signo_zodiacal_piscis,82,0.5,0.51,0.5179292929292929,0.52,0.5159413685729475,0.524,0.5914901383446275,5.2,5.0,5.0,4.8
svm_full,signo_zodiacal_piscis,83,0.5,0.53,0.5479137529137529,0.47999999999999987,0.4858862876254181,0.5559999999999999,0.6150355830959546,4.8,4.2,5.8,5.2
svm_full,signo_zodiacal_piscis,84,0.5,0.45999999999999996,0.42853535353535344,0.36,0.38621553884711773,0.44400000000000006,0.5137093939771958,3.6,4.4,5.6,6.4
svm_full,signo_zodiacal_piscis,85,0.5,0.43,0.40095238095238095,0.36,0.3730331175532414,0.392,0.48503491262779186,3.6,5.0,5.0,6.4
svm_full,signo_zodiacal_piscis,86,0.5,0.4,0.3751082251082251,0.38,0.3670995670995671,0.35,0.47244034113461353,3.8,5.8,4.2,6.2
svm_full,signo_zodiacal_piscis,87,0.5,0.54,0.5485714285714286,0.32,0.3990045248868778,0.53,0.6004562016930437,3.2,2.4,7.6,6.8
svm_full,signo_zodiacal_piscis,88,0.5,0.55,0.5476923076923077,0.6,0.5678794813119755,0.546,0.6011003328456889,6.0,5.0,5.0,4.0
svm_full,signo_zodiacal_piscis,89,0.5,0.53,0.5278943278943279,0.62,0.5670455783728096,0.5199999999999999,0.532364874289797,6.2,5.6,4.4,3.8
svm_full,signo_zodiacal_piscis,90,0.5,0.49000000000000005,0.4909090909090909,0.62,0.5384559884559884,0.4699999999999999,0.5220641313450911,6.2,6.4,3.6,3.8
svm_full,signo_zodiacal_piscis,91,0.5,0.51,0.5131313131313131,0.5599999999999999,0.5318513675493082,0.44399999999999995,0.5489442979620999,5.6,5.4,4.6,4.4
svm_full,signo_zodiacal_piscis,92,0.5,0.47000000000000003,0.5077777777777778,0.3,0.36496240601503754,0.41400000000000003,0.5774609490097106,3.0,3.6,6.4,7.0
svm_full,signo_zodiacal_piscis,93,0.5,0.43000000000000005,0.43232323232323233,0.4,0.40965481886534516,0.418,0.5163822674573448,4.0,5.4,4.6,6.0
svm_full,signo_zodiacal_piscis,94,0.5,0.5800000000000001,0.593030303030303,0.6,0.5644302364302365,0.602,0.5966195346621044,6.0,4.4,5.6,4.0
svm_full,signo_zodiacal_piscis,95,0.5,0.5,0.49141025641025643,0.5800000000000001,0.5233526570048308,0.4600000000000001,0.515978948983593,5.8,5.8,4.2,4.2
svm_full,signo_zodiacal_piscis,96,0.5,0.45999999999999996,0.4758241758241758,0.43999999999999995,0.4477737735410369,0.45199999999999996,0.5076104632381722,4.4,5.2,4.8,5.6
svm_full,signo_zodiacal_piscis,97,0.5,0.49000000000000005,0.5047619047619046,0.42000000000000004,0.44935500515995874,0.5199999999999999,0.5830568537070084,4.2,4.4,5.6,5.8
svm_full,signo_zodiacal_piscis,98,0.5,0.45999999999999996,0.475,0.4,0.43036244800950685,0.47800000000000004,0.5964315863874687,4.0,4.8,5.2,6.0
svm_full,signo_zodiacal_piscis,99,0.5,0.54,0.521978021978022,0.7,0.5884812118827465,0.5519999999999999,0.608610043121653,7.0,6.2,3.8,3.0
svm_full,signo_zodiacal_piscis,100,0.5,0.61,0.6283730158730159,0.58,0.5862169564181947,0.682,0.6764290676643618,5.8,3.6,6.4,4.2
svm_full,signo_zodiacal_piscis,101,0.5,0.54,0.5431746031746032,0.5,0.518328173374613,0.5599999999999999,0.5995137152149537,5.0,4.2,5.8,5.0
svm_full,signo_zodiacal_piscis,102,0.5,0.5,0.49975579975579976,0.5,0.4933687392160942,0.454,0.5089906749597152,5.0,5.0,5.0,5.0
svm_full,signo_zodiacal_piscis,103,0.5,0.33,0.26166666666666666,0.22000000000000003,0.23666666666666666,0.246,0.3970336942898863,2.2,5.6,4.4,7.8
svm_full,signo_zodiacal_piscis,104,0.5,0.5199999999999999,0.5020512820512819,0.5399999999999999,0.5134782608695653,0.578,0.6337140236784199,5.4,5.0,5.0,4.6
svm_full,signo_zodiacal_piscis,105,0.5,0.54,0.524055944055944,0.5399999999999999,0.5226915113871635,0.518,0.5538720631793387,5.4,4.6,5.4,4.6
svm_full,signo_zodiacal_piscis,106,0.5,0.54,0.5366122766122766,0.5800000000000001,0.5456793069630598,0.589,0.6241440107879737,5.8,5.0,5.0,4.2
svm_full,signo_zodiacal_piscis,107,0.5,0.51,0.501825396825397,0.36,0.41529583763329897,0.442,0.5458400056256093,3.6,3.4,6.6,6.4
svm_full,signo_zodiacal_piscis,108,0.5,0.51,0.5054945054945055,0.58,0.5349363197189284,0.552,0.633389554288161,5.8,5.6,4.4,4.2
svm_full,signo_zodiacal_piscis,109,0.5,0.45999999999999996,0.4517171717171717,0.45999999999999996,0.45341839447102605,0.4640000000000001,0.5489306465808014,4.6,5.4,4.6,5.4
svm_full,signo_zodiacal_piscis,110,0.5,0.4700000000000001,0.4488034188034188,0.41999999999999993,0.4212447125719437,0.442,0.5128799333621316,4.2,4.8,5.2,5.8
svm_full,signo_zodiacal_piscis,111,0.5,0.55,0.5451923076923078,0.62,0.5713117800074322,0.6079999999999999,0.6185641433729668,6.2,5.2,4.8,3.8
svm_full,signo_zodiacal_piscis,112,0.5,0.41,0.41607503607503604,0.43999999999999995,0.4249874686716792,0.41600000000000004,0.5342358120036138,4.4,6.2,3.8,5.6
svm_full,signo_zodiacal_piscis,113,0.5,0.36,0.31642857142857145,0.26,0.27444444444444444,0.32999999999999996,0.46107298583769174,2.6,5.4,4.6,7.4
svm_full,signo_zodiacal_piscis,114,0.5,0.4600000000000001,0.44945054945054946,0.45999999999999996,0.45140664961636834,0.5279999999999999,0.6224330375506846,4.6,5.4,4.6,5.4
svm_full,signo_zodiacal_piscis,115,0.5,0.61,0.5862554112554113,0.6399999999999999,0.6057720057720057,0.6,0.5878421829288702,6.4,4.2,5.8,3.6
svm_full,signo_zodiacal_piscis,116,0.5,0.58,0.593939393939394,0.4999999999999999,0.5374269005847954,0.586,0.6475861893524433,5.0,3.4,6.6,5.0
svm_full,signo_zodiacal_piscis,117,0.5,0.5700000000000001,0.5517094017094017,0.62,0.5786330120426231,0.588,0.6439938933615403,6.2,4.8,5.2,3.8
svm_full,signo_zodiacal_piscis,118,0.5,0.5900000000000001,0.5645238095238094,0.7,0.6156491228070176,0.656,0.6966210908974066,7.0,5.2,4.8,3.0
svm_full,signo_zodiacal_piscis,119,0.5,0.47000000000000003,0.469047619047619,0.31999999999999995,0.3551120448179272,0.4779999999999999,0.5935336899942162,3.2,3.8,6.2,6.8
svm_full,signo_zodiacal_piscis,120,0.5,0.44000000000000006,0.43766233766233764,0.38,0.3946778711484594,0.48,0.5816409450542577,3.8,5.0,5.0,6.2
svm_full,signo_zodiacal_piscis,121,0.5,0.55,0.6222222222222221,0.4,0.4675398904501072,0.5860000000000001,0.6584884351974134,4.0,3.0,7.0,6.0
svm_full,signo_zodiacal_piscis,122,0.5,0.5700000000000001,0.5433333333333333,0.48,0.4991919191919192,0.6,0.6545096831273302,4.8,3.4,6.6,5.2
svm_full,signo_zodiacal_piscis,123,0.5,0.48,0.4703968253968254,0.44000000000000006,0.4501623041561122,0.438,0.5597770055022376,4.4,4.8,5.2,5.6
svm_full,signo_zodiacal_piscis,124,0.5,0.4699999999999999,0.4698752228163993,0.62,0.5292954608744083,0.44000000000000006,0.5355880791894723,6.2,6.8,3.2,3.8
svm_full,signo_zodiacal_piscis,125,0.5,0.49000000000000005,0.4934920634920634,0.38,0.4200938174312787,0.446,0.5167307708631238,3.8,4.0,6.0,6.2
svm_full,signo_zodiacal_piscis,126,0.5,0.5200000000000001,0.5125732600732601,0.6799999999999999,0.57708955778521,0.558,0.611051825195788,6.8,6.4,3.6,3.2
svm_full,signo_zodiacal_piscis,127,0.5,0.42000000000000004,0.4171428571428571,0.5,0.4488163992869875,0.376,0.4946118558943636,5.0,6.6,3.4,5.0
svm_full,signo_zodiacal_piscis,128,0.5,0.45999999999999996,0.4683600713012478,0.5599999999999999,0.4963323713323713,0.469,0.5485023510201529,5.6,6.4,3.6,4.4
svm_full,signo_zodiacal_piscis,129,0.5,0.48999999999999994,0.5180219780219779,0.48,0.47826939471440755,0.46799999999999997,0.5537395284454109,4.8,5.0,5.0,5.2
svm_full,signo_zodiacal_piscis,130,0.5,0.5599999999999999,0.5407792207792208,0.5599999999999999,0.5480112044817927,0.558,0.6109354611676593,5.6,4.4,5.6,4.4
svm_full,signo_zodiacal_piscis,131,0.5,0.55,0.5638888888888889,0.5399999999999999,0.5468367889420521,0.558,0.6256507920184391,5.4,4.4,5.6,4.6
svm_full,signo_zodiacal_piscis,132,0.5,0.47000000000000003,0.4755244755244755,0.6,0.5296913231695841,0.418,0.46763780663780663,6.0,6.6,3.4,4.0
svm_full,signo_zodiacal_piscis,133,0.5,0.39,0.3802059052059052,0.36,0.36402419091206273,0.372,0.4580893165142392,3.6,5.8,4.2,6.4
svm_full,signo_zodiacal_piscis,134,0.5,0.48,0.46603174603174596,0.48,0.46793601651186795,0.4779999999999999,0.5436920563097033,4.8,5.2,4.8,5.2
svm_full,signo_zodiacal_piscis,135,0.5,0.5,0.5082167832167832,0.5800000000000001,0.5364546081937387,0.49000000000000005,0.5279940235203393,5.8,5.8,4.2,4.2
svm_full,signo_zodiacal_piscis,136,0.5,0.55,0.5385714285714285,0.52,0.5166666666666667,0.514,0.5243851683232488,5.2,4.2,5.8,4.8
svm_full,signo_zodiacal_piscis,137,0.5,0.47000000000000003,0.4756410256410256,0.45999999999999996,0.4599627993489886,0.47000000000000003,0.6140873989271822,4.6,5.2,4.8,5.4
svm_full,signo_zodiacal_piscis,138,0.5,0.52,0.49404761904761896,0.42000000000000004,0.44567747354125065,0.5840000000000001,0.6042950105450104,4.2,3.8,6.2,5.8
svm_full,signo_zodiacal_piscis,139,0.5,0.44000000000000006,0.41753246753246753,0.44000000000000006,0.41904761904761906,0.46399999999999997,0.5368567986021546,4.4,5.6,4.4,5.6
svm_full,signo_zodiacal_piscis,140,0.5,0.64,0.6382478632478632,0.6799999999999999,0.652945935325798,0.6679999999999999,0.6322377965172084,6.8,4.0,6.0,3.2
svm_full,signo_zodiacal_piscis,141,0.5,0.49000000000000005,0.4909090909090909,0.54,0.5102139406487233,0.48599999999999993,0.5620260376878023,5.4,5.6,4.4,4.6
svm_full,signo_zodiacal_piscis,142,0.5,0.52,0.496037296037296,0.54,0.5123658949745906,0.47400000000000003,0.5396940108395217,5.4,5.0,5.0,4.6
svm_full,signo_zodiacal_piscis,143,0.5,0.43,0.43636363636363634,0.52,0.4733766233766234,0.37,0.4810448667259813,5.2,6.6,3.4,4.8
svm_full,signo_zodiacal_piscis,144,0.5,0.49000000000000005,0.477475024975025,0.5599999999999999,0.5077149789681759,0.488,0.5824675885689817,5.6,5.8,4.2,4.4
svm_full,signo_zodiacal_piscis,145,0.5,0.56,0.547972027972028,0.64,0.5887370600414079,0.565,0.6277897853780205,6.4,5.2,4.8,3.6
svm_full,signo_zodiacal_piscis,146,0.5,0.41000000000000003,0.4138888888888889,0.4,0.4034024455077086,0.34,0.4595046210239708,4.0,5.8,4.2,6.0
svm_full,signo_zodiacal_piscis,147,0.5,0.47000000000000003,0.4724675324675324,0.43999999999999995,0.451577964519141,0.43999999999999995,0.49672406042529876,4.4,5.0,5.0,5.6
svm_full,signo_zodiacal_piscis,148,0.5,0.5199999999999999,0.5329365079365079,0.42000000000000004,0.4659098727210182,0.5700000000000001,0.5883273378668117,4.2,3.8,6.2,5.8
svm_full,signo_zodiacal_piscis,149,0.5,0.5599999999999999,0.5695804195804196,0.48,0.5031573498964803,0.595,0.5805784940034165,4.8,3.6,6.4,5.2
svm_full,signo_zodiacal_piscis,150,0.5,0.41,0.4027272727272727,0.36,0.3784126984126984,0.35,0.45681256978315804,3.6,5.4,4.6,6.4
svm_full,signo_zodiacal_piscis,151,0.5,0.52,0.5369047619047619,0.36000000000000004,0.4299019607843137,0.524,0.5953962365463913,3.6,3.2,6.8,6.4
svm_full,signo_zodiacal_piscis,152,0.5,0.55,0.541025641025641,0.7,0.6096179183135705,0.516,0.5401365193114419,7.0,6.0,4.0,3.0
svm_full,signo_zodiacal_piscis,153,0.5,0.51,0.5342857142857143,0.27999999999999997,0.3606561085972851,0.558,0.5991387223887223,2.8,2.6,7.4,7.2
svm_full,signo_zodiacal_piscis,154,0.5,0.44000000000000006,0.4496031746031746,0.4,0.41721706226350186,0.458,0.5613421331850124,4.0,5.2,4.8,6.0
svm_full,signo_zodiacal_piscis,155,0.5,0.38,0.3657808857808858,0.4,0.3788942217203086,0.388,0.48012315625550916,4.0,6.4,3.6,6.0
svm_full,signo_zodiacal_piscis,156,0.5,0.5599999999999999,0.5830952380952381,0.54,0.5521121431028553,0.566,0.604399792158306,5.4,4.2,5.8,4.6
svm_full,signo_zodiacal_piscis,157,0.5,0.49000000000000005,0.48269230769230764,0.52,0.49547650417215633,0.538,0.6378480959185293,5.2,5.4,4.6,4.8
svm_full,signo_zodiacal_piscis,158,0.5,0.45,0.43598124098124097,0.39999999999999997,0.4151791242812915,0.44400000000000006,0.5431957199147602,4.0,5.0,5.0,6.0
svm_full,signo_zodiacal_piscis,159,0.5,0.5,0.5058766233766233,0.56,0.5214103543515307,0.484,0.5777670391184323,5.6,5.6,4.4,4.4
svm_full,signo_zodiacal_piscis,160,0.5,0.54,0.5514285714285714,0.45999999999999996,0.4916310160427808,0.5279999999999999,0.6181918184155026,4.6,3.8,6.2,5.4
svm_full,signo_zodiacal_piscis,161,0.5,0.48,0.48952991452991457,0.45999999999999996,0.4655785544229481,0.522,0.6067800326608376,4.6,5.0,5.0,5.4
svm_full,signo_zodiacal_piscis,162,0.5,0.5700000000000001,0.5677777777777778,0.5800000000000001,0.570515683147262,0.54,0.609603889402651,5.8,4.4,5.6,4.2
svm_full,signo_zodiacal_piscis,163,0.5,0.56,0.5742857142857143,0.38,0.4515779645191409,0.5920000000000001,0.6809448694580273,3.8,2.6,7.4,6.2
svm_full,signo_zodiacal_piscis,164,0.5,0.49000000000000005,0.49675213675213675,0.54,0.5110846681922196,0.476,0.5437820815235676,5.4,5.6,4.4,4.6
svm_full,signo_zodiacal_piscis,165,0.5,0.5,0.502020202020202,0.64,0.5569115095430884,0.496,0.5648385580707561,6.4,6.4,3.6,3.6
svm_full,signo_zodiacal_piscis,166,0.5,0.6,0.5953962703962704,0.64,0.610925865388108,0.572,0.6037058931780294,6.4,4.4,5.6,3.6
svm_full,signo_zodiacal_piscis,167,0.5,0.5199999999999999,0.5173193473193474,0.6,0.554368530020704,0.492,0.5540597262214908,6.0,5.6,4.4,4.0
svm_full,signo_zodiacal_piscis,168,0.5,0.49000000000000005,0.478021978021978,0.6,0.5186703972206732,0.45199999999999996,0.5260710678210678,6.0,6.2,3.8,4.0
svm_full,signo_zodiacal_piscis,169,0.5,0.44000000000000006,0.44535353535353533,0.48,0.460501253132832,0.45999999999999996,0.5582103009649448,4.8,6.0,4.0,5.2
svm_full,signo_zodiacal_piscis,170,0.5,0.39999999999999997,0.3438888888888889,0.24,0.2772263993316625,0.402,0.4943849775955039,2.4,4.4,5.6,7.6
svm_full,signo_zodiacal_piscis,171,0.5,0.5,0.5212172141583906,0.5599999999999999,0.5184036725801432,0.526,0.5930800021272158,5.6,5.6,4.4,4.4
svm_full,signo_zodiacal_piscis,172,0.5,0.45,0.46263736263736266,0.56,0.4989223337049424,0.48200000000000004,0.5379509640686111,5.6,6.6,3.4,4.4
svm_full,signo_zodiacal_piscis,173,0.5,0.49000000000000005,0.4890909090909091,0.58,0.5291341991341991,0.5359999999999999,0.5894552387756722,5.8,6.0,4.0,4.2
svm_full,signo_zodiacal_piscis,174,0.5,0.5599999999999999,0.5322161172161172,0.6599999999999999,0.5830724637681161,0.5820000000000001,0.6110180554739377,6.6,5.4,4.6,3.4
svm_full,signo_zodiacal_piscis,175,0.5,0.43,0.4341991341991342,0.45999999999999996,0.44288260758849,0.398,0.5208756723153007,4.6,6.0,4.0,5.4
svm_full,signo_zodiacal_piscis,176,0.5,0.48,0.4877777777777778,0.4,0.4367543859649123,0.54,0.6015458897827319,4.0,4.4,5.6,6.0
svm_full,signo_zodiacal_piscis,177,0.5,0.43,0.43823953823953826,0.52,0.46539343009931244,0.384,0.48453428356988726,5.2,6.6,3.4,4.8
svm_full,signo_zodiacal_piscis,178,0.5,0.5900000000000001,0.686868686868687,0.4800000000000001,0.5368565644881433,0.6100000000000001,0.699257038712921,4.8,3.0,7.0,5.2
svm_full,signo_zodiacal_piscis,179,0.5,0.48,0.48383838383838385,0.5800000000000001,0.5227123753439542,0.45200000000000007,0.5423936710863956,5.8,6.2,3.8,4.2
svm_full,signo_zodiacal_piscis,180,0.5,0.48,0.4875757575757576,0.45999999999999996,0.47172932330827066,0.476,0.5581548806370787,4.6,5.0,5.0,5.4
svm_full,signo_zodiacal_piscis,181,0.5,0.5599999999999999,0.5488467088467088,0.68,0.602621335948567,0.51,0.540621729148045,6.8,5.6,4.4,3.2
svm_full,signo_zodiacal_piscis,182,0.5,0.6300000000000001,0.6333333333333333,0.6,0.6054545454545455,0.6519999999999999,0.6789765034587016,6.0,3.4,6.6,4.0
svm_full,signo_zodiacal_piscis,183,0.5,0.48,0.45164835164835165,0.42000000000000004,0.4265487354362034,0.518,0.5643640330257977,4.2,4.6,5.4,5.8
svm_full,signo_zodiacal_piscis,184,0.5,0.41000000000000003,0.3982239982239982,0.43999999999999995,0.4107388035305656,0.3909999999999999,0.46381059626647864,4.4,6.2,3.8,5.6
svm_full,signo_zodiacal_piscis,185,0.5,0.54,0.5611111111111111,0.45999999999999996,0.48296323559481447,0.532,0.5830054471672119,4.6,3.8,6.2,5.4
svm_full,signo_zodiacal_piscis,186,0.5,0.48,0.4877777777777778,0.54,0.5085358851674641,0.508,0.6215930925799347,5.4,5.8,4.2,4.6
svm_full,signo_zodiacal_piscis,187,0.5,0.5700000000000001,0.5922222222222222,0.5,0.5242682463735095,0.578,0.6071335490275118,5.0,3.6,6.4,5.0
svm_full,signo_zodiacal_piscis,188,0.5,0.44000000000000006,0.4311965811965813,0.42000000000000004,0.41835633220072577,0.4,0.4705964215523039,4.2,5.4,4.6,5.8
svm_full,signo_zodiacal_piscis,189,0.5,0.49000000000000005,0.5099567099567099,0.36,0.4051425698484522,0.4779999999999999,0.548927007203323,3.6,3.8,6.2,6.4
svm_full,signo_zodiacal_piscis,190,0.5,0.43,0.4411111111111111,0.45999999999999996,0.44889952153110046,0.358,0.46493584502872426,4.6,6.0,4.0,5.4
svm_full,signo_zodiacal_piscis,191,0.5,0.6199999999999999,0.637979797979798,0.62,0.6258965595807701,0.652,0.7154887700019279,6.2,3.8,6.2,3.8
svm_full,signo_zodiacal_piscis,192,0.5,0.38,0.39614163614163617,0.42000000000000004,0.40266463259598273,0.406,0.532853777543406,4.2,6.6,3.4,5.8
svm_full,signo_zodiacal_piscis,193,0.5,0.38,0.38486402486402493,0.48,0.4247621425104263,0.362,0.4967329188699157,4.8,7.2,2.8,5.2
svm_full,signo_zodiacal_piscis,194,0.5,0.51,0.5127687998276234,0.52,0.48934715304886256,0.5359999999999999,0.5929017202267975,5.2,5.0,5.0,4.8
svm_full,signo_zodiacal_piscis,195,0.5,0.5,0.5327272727272728,0.48,0.4923809523809523,0.554,0.656849249391819,4.8,4.8,5.2,5.2
svm_full,signo_zodiacal_piscis,196,0.5,0.44000000000000006,0.4416243886832122,0.6,0.5021114659558595,0.466,0.522695349370272,6.0,7.2,2.8,4.0
svm_full,signo_zodiacal_piscis,197,0.5,0.41,0.4022222222222222,0.34,0.36231791600212654,0.366,0.4522961282783264,3.4,5.2,4.8,6.6
svm_full,signo_zodiacal_piscis,198,0.5,0.54,0.5688888888888889,0.45999999999999996,0.5044152046783626,0.53,0.6100262684511911,4.6,3.8,6.2,5.4
svm_full,signo_zodiacal_piscis,199,0.5,0.49000000000000005,0.49000000000000005,0.36,0.4015873015873016,0.537,0.613316653934301,3.6,3.8,6.2,6.4
svm_full,signo_zodiacal_piscis,200,0.5,0.4800000000000001,0.48353535353535354,0.52,0.49954887218045113,0.454,0.5382752462535744,5.2,5.6,4.4,4.8
svm_full,signo_zodiacal_piscis,201,0.5,0.4,0.38356060606060605,0.43999999999999995,0.40145854145854143,0.34199999999999997,0.4346328506374946,4.4,6.4,3.6,5.6
svm_full,signo_zodiacal_piscis,202,0.5,0.4,0.3894505494505494,0.4600000000000001,0.41448357269329134,0.331,0.4545875015936935,4.6,6.6,3.4,5.4
svm_full,signo_zodiacal_piscis,203,0.5,0.51,0.49943473193473187,0.5799999999999998,0.5234574121530644,0.5599999999999999,0.6219545150412025,5.8,5.6,4.4,4.2
svm_full,signo_zodiacal_piscis,204,0.5,0.49000000000000005,0.4766666666666667,0.64,0.5427336523125997,0.526,0.5581696877254153,6.4,6.6,3.4,3.6
svm_full,signo_zodiacal_piscis,205,0.5,0.51,0.5015909090909091,0.6599999999999999,0.564915084915085,0.462,0.5229424278851524,6.6,6.4,3.6,3.4
svm_full,signo_zodiacal_piscis,206,0.5,0.5399999999999999,0.5634920634920635,0.4,0.4647402820777433,0.5959999999999999,0.6359798977252538,4.0,3.2,6.8,6.0
svm_full,signo_zodiacal_piscis,207,0.5,0.51,0.5036940836940837,0.5,0.49817538498653047,0.504,0.5362523936331985,5.0,4.8,5.2,5.0
svm_full,signo_zodiacal_piscis,208,0.5,0.35000000000000003,0.3025974025974026,0.25999999999999995,0.27443977591036417,0.318,0.44252078030328806,2.6,5.6,4.4,7.4
svm_full,signo_zodiacal_piscis,209,0.5,0.6,0.5810714285714286,0.7,0.6264413364413365,0.5959999999999999,0.6135580165448585,7.0,5.0,5.0,3.0
svm_full,signo_zodiacal_piscis,210,0.5,0.54,0.5440981240981241,0.6,0.5676874003189792,0.562,0.6002937617937618,6.0,5.2,4.8,4.0
svm_full,signo_zodiacal_piscis,211,0.5,0.5,0.5026190476190476,0.32,0.38911764705882346,0.524,0.582020718445641,3.2,3.2,6.8,6.8
svm_full,signo_zodiacal_piscis,212,0.5,0.55,0.5490079365079366,0.5599999999999999,0.5431055013098357,0.55,0.5968104205735785,5.6,4.6,5.4,4.4
svm_full,signo_zodiacal_piscis,213,0.5,0.53,0.5348051948051948,0.62,0.5686015037593984,0.524,0.5934192555810203,6.2,5.6,4.4,3.8
svm_full,signo_zodiacal_piscis,214,0.5,0.45999999999999996,0.4445609945609945,0.45999999999999996,0.44889034179652026,0.47000000000000003,0.5692383280634055,4.6,5.4,4.6,5.4
svm_full,signo_zodiacal_piscis,215,0.5,0.55,0.5455555555555556,0.6199999999999999,0.57488995215311,0.5900000000000001,0.5956183891787606,6.2,5.2,4.8,3.8
svm_full,signo_zodiacal_piscis,216,0.5,0.53,0.5342857142857144,0.48,0.5035913312693499,0.526,0.560747833865481,4.8,4.2,5.8,5.2
svm_full,signo_zodiacal_piscis,217,0.5,0.52,0.5046703296703298,0.58,0.5323671497584541,0.572,0.6273898319602654,5.8,5.4,4.6,4.2
svm_full,signo_zodiacal_piscis,218,0.5,0.47000000000000003,0.4815384615384616,0.48,0.4740890269151139,0.516,0.5788121235489656,4.8,5.4,4.6,5.2
svm_full,signo_zodiacal_piscis,219,0.5,0.55,0.5415584415584415,0.64,0.5852813852813853,0.534,0.567073417380693,6.4,5.4,4.6,3.6
svm_full,signo_zodiacal_piscis,220,0.5,0.5,0.5151648351648352,0.4,0.4341377420533431,0.5479999999999999,0.5949936180950112,4.0,4.0,6.0,6.0
svm_full,signo_zodiacal_piscis,221,0.5,0.4600000000000001,0.4893040293040293,0.5399999999999999,0.49895652173913047,0.378,0.467089061093705,5.4,6.2,3.8,4.6
svm_full,signo_zodiacal_piscis,222,0.5,0.42000000000000004,0.42540792540792544,0.44000000000000006,0.42947949584105194,0.43600000000000005,0.5377961940020762,4.4,6.0,4.0,5.6
svm_full,signo_zodiacal_piscis,223,0.5,0.5,0.4998809523809524,0.72,0.5887832167832168,0.542,0.5941427939105958,7.2,7.2,2.8,2.8
svm_full,signo_zodiacal_piscis,224,0.5,0.53,0.5290909090909091,0.6599999999999999,0.5778345864661654,0.5559999999999998,0.5599170349774065,6.6,6.0,4.0,3.4
svm_full,signo_zodiacal_piscis,225,0.5,0.54,0.568986568986569,0.48,0.5126531161663751,0.511,0.5660720607222155,4.8,4.0,6.0,5.2
svm_full,signo_zodiacal_piscis,226,0.5,0.39,0.4031313131313131,0.4,0.4003098655730234,0.426,0.5483210843164403,4.0,6.2,3.8,6.0
svm_full,signo_zodiacal_piscis,227,0.5,0.4600000000000001,0.4177777777777778,0.3,0.3466357069143447,0.41200000000000003,0.516554023204178,3.0,3.8,6.2,7.0
svm_full,signo_zodiacal_piscis,228,0.5,0.55,0.5401923076923077,0.62,0.5696743531068473,0.552,0.6109496865363738,6.2,5.2,4.8,3.8
svm_full,signo_zodiacal_piscis,229,0.5,0.43999999999999995,0.44878454878454876,0.52,0.4771441119267206,0.398,0.47920956941235576,5.2,6.4,3.6,4.8
svm_full,signo_zodiacal_piscis,230,0.5,0.44000000000000006,0.42738095238095236,0.44000000000000006,0.42525490196078436,0.41200000000000003,0.5036461408388653,4.4,5.6,4.4,5.6
svm_full,signo_zodiacal_piscis,231,0.5,0.54,0.5288888888888889,0.64,0.5499298245614035,0.506,0.5326444721429242,6.4,5.6,4.4,3.6
svm_full,signo_zodiacal_piscis,232,0.5,0.53,0.5552564102564103,0.5,0.5134743314148349,0.5499999999999999,0.6356964224286206,5.0,4.4,5.6,5.0
svm_full,signo_zodiacal_piscis,233,0.5,0.49000000000000005,0.4849242424242425,0.6599999999999999,0.5522277722277723,0.46799999999999997,0.5467285857417437,6.6,6.8,3.2,3.4
svm_full,signo_zodiacal_piscis,234,0.5,0.5200000000000001,0.5331746031746031,0.43999999999999995,0.4805503955968352,0.6040000000000001,0.6235752380574362,4.4,4.0,6.0,5.6
svm_full,signo_zodiacal_piscis,235,0.5,0.53,0.5333333333333334,0.52,0.5170528817587641,0.5860000000000001,0.6130706033732348,5.2,4.6,5.4,4.8
svm_full,signo_zodiacal_piscis,236,0.5,0.51,0.507070707070707,0.54,0.5108588779641411,0.5640000000000001,0.5933762866820143,5.4,5.2,4.8,4.6
svm_full,signo_zodiacal_piscis,237,0.5,0.52,0.512051282051282,0.6399999999999999,0.5674176548089591,0.48199999999999993,0.5334330755244068,6.4,6.0,4.0,3.6
svm_full,signo_zodiacal_piscis,238,0.5,0.39,0.37802197802197796,0.43999999999999995,0.39846547314578007,0.4119999999999999,0.5202082629273032,4.4,6.6,3.4,5.6
svm_full,signo_zodiacal_piscis,239,0.5,0.57,0.5611421911421911,0.66,0.6050367024280068,0.5780000000000001,0.6088715728715728,6.6,5.2,4.8,3.4
svm_full,signo_zodiacal_piscis,240,0.5,0.51,0.5134920634920634,0.5199999999999999,0.5103136629452418,0.51,0.5324411481191668,5.2,5.0,5.0,4.8
svm_full,signo_zodiacal_piscis,241,0.5,0.5599999999999999,0.5442191142191142,0.6199999999999999,0.5780801806888763,0.5459999999999999,0.5864334366184212,6.2,5.0,5.0,3.8
svm_full,signo_zodiacal_piscis,242,0.5,0.5,0.5033333333333333,0.36,0.40138528138528135,0.49800000000000005,0.5432493254079941,3.6,3.6,6.4,6.4
svm_full,signo_zodiacal_piscis,243,0.5,0.55,0.5553571428571429,0.68,0.5988622204734737,0.576,0.6309259804522962,6.8,5.8,4.2,3.2
svm_full,signo_zodiacal_piscis,244,0.5,0.44000000000000006,0.4292485292485293,0.42000000000000004,0.4197441600591419,0.41800000000000004,0.5359787085979036,4.2,5.4,4.6,5.8
svm_full,signo_zodiacal_piscis,245,0.5,0.44000000000000006,0.4439504939504939,0.45999999999999996,0.44695008854384277,0.376,0.46265837147029093,4.6,5.8,4.2,5.4
svm_full,signo_zodiacal_piscis,246,0.5,0.5900000000000001,0.5932067932067933,0.6199999999999999,0.5881877500163946,0.5740000000000001,0.6189986659367464,6.2,4.4,5.6,3.8
svm_full,signo_zodiacal_piscis,247,0.5,0.52,0.5219444444444444,0.5999999999999999,0.5468358074673864,0.558,0.5975230592420994,6.0,5.6,4.4,4.0
svm_full,signo_zodiacal_piscis,248,0.5,0.44000000000000006,0.43995670995671,0.5,0.4598123445182269,0.4779999999999999,0.560349659112817,5.0,6.2,3.8,5.0
svm_full,signo_zodiacal_piscis,249,0.5,0.54,0.5477777777777779,0.58,0.5591547049441786,0.55,0.5942064134695714,5.8,5.0,5.0,4.2
svm_full,signo_zodiacal_piscis,250,0.5,0.53,0.5301587301587303,0.56,0.5396065922381712,0.484,0.5891955381220086,5.6,5.0,5.0,4.4
svm_full,signo_zodiacal_piscis,251,0.5,0.47000000000000003,0.44333333333333336,0.41999999999999993,0.41804195804195804,0.46399999999999997,0.5097914673046252,4.2,4.8,5.2,5.8
svm_full,signo_zodiacal_piscis,252,0.5,0.49000000000000005,0.4862087912087912,0.4800000000000001,0.4640993788819875,0.496,0.5581743621875201,4.8,5.0,5.0,5.2
svm_full,signo_zodiacal_piscis,253,0.5,0.4699999999999999,0.3861111111111111,0.33999999999999997,0.36081871345029237,0.44399999999999995,0.5213349901732254,3.4,4.0,6.0,6.6
svm_full,signo_zodiacal_piscis,254,0.5,0.49000000000000005,0.5009523809523809,0.44000000000000006,0.464622697563874,0.5160000000000001,0.5482330714521118,4.4,4.6,5.4,5.6
svm_full,signo_zodiacal_piscis,255,0.5,0.53,0.5099450386215092,0.6799999999999999,0.5751492172544804,0.53,0.576123994856193,6.8,6.2,3.8,3.2
svm_full,signo_zodiacal_piscis,256,0.5,0.45,0.4568278943278944,0.5199999999999999,0.4792080535787629,0.433,0.4952378291642997,5.2,6.2,3.8,4.8
svm_full,signo_zodiacal_piscis,257,0.5,0.5,0.5,0.64,0.5586147186147186,0.5660000000000001,0.6272175585852058,6.4,6.4,3.6,3.6
svm_full,signo_zodiacal_piscis,258,0.5,0.61,0.6783838383838384,0.54,0.5709041835357624,0.6160000000000001,0.6174810728487199,5.4,3.2,6.8,4.6
svm_full,signo_zodiacal_piscis,259,0.5,0.49000000000000005,0.49682539682539684,0.5,0.49415204678362573,0.42600000000000005,0.5146887448636674,5.0,5.2,4.8,5.0
svm_full,signo_zodiacal_piscis,260,0.5,0.62,0.6319658119658119,0.5599999999999999,0.5814988558352403,0.616,0.6405758946935418,5.6,3.2,6.8,4.4
svm_full,signo_zodiacal_piscis,261,0.5,0.42000000000000004,0.3763492063492063,0.24000000000000005,0.28400624487311793,0.38,0.4906769444006286,2.4,4.0,6.0,7.6
svm_full,signo_zodiacal_piscis,262,0.5,0.62,0.6212121212121212,0.6599999999999999,0.6359649122807018,0.6140000000000001,0.6163117966484839,6.6,4.2,5.8,3.4
svm_full,signo_zodiacal_piscis,263,0.5,0.48,0.48484848484848475,0.5,0.4901875901875902,0.458,0.5528945217149552,5.0,5.4,4.6,5.0
svm_full,signo_zodiacal_piscis,264,0.5,0.4600000000000001,0.46909090909090906,0.5,0.4824196855775803,0.5,0.5491077517253987,5.0,5.8,4.2,5.0
svm_full,signo_zodiacal_piscis,265,0.5,0.51,0.5190476190476191,0.58,0.5444976076555024,0.5359999999999999,0.6144591786782189,5.8,5.6,4.4,4.2
svm_full,signo_zodiacal_piscis,266,0.5,0.44000000000000006,0.43821067821067816,0.5,0.45956007666224385,0.41600000000000004,0.5100371495549514,5.0,6.2,3.8,5.0
svm_full,signo_zodiacal_piscis,267,0.5,0.48999999999999994,0.48730769230769233,0.44000000000000006,0.4549033816425121,0.532,0.5662066801447606,4.4,4.6,5.4,5.6
svm_full,signo_zodiacal_piscis,268,0.5,0.5599999999999999,0.5555555555555556,0.5,0.5206867435969602,0.615,0.6657129147082708,5.0,3.8,6.2,5.0
svm_full,signo_zodiacal_piscis,269,0.5,0.5,0.49476301476301476,0.54,0.5145210853220006,0.4919999999999999,0.5634621022252602,5.4,5.4,4.6,4.6
svm_full,signo_zodiacal_piscis,270,0.5,0.52,0.5154761904761905,0.36,0.4168029424995369,0.53,0.6208210302769126,3.6,3.2,6.8,6.4
svm_full,signo_zodiacal_piscis,271,0.5,0.42000000000000004,0.41454545454545455,0.33999999999999997,0.3579271708683473,0.384,0.4938831919714273,3.4,5.0,5.0,6.6
svm_full,signo_zodiacal_piscis,272,0.5,0.44000000000000006,0.4147186147186147,0.4,0.40290297937356756,0.389,0.47906741504109923,4.0,5.2,4.8,6.0
svm_full,signo_zodiacal_piscis,273,0.5,0.5199999999999999,0.519090909090909,0.6,0.5531948051948052,0.5,0.5561855717382033,6.0,5.6,4.4,4.0
svm_full,signo_zodiacal_piscis,274,0.5,0.5,0.5007881007881008,0.52,0.5051568703204186,0.496,0.5891346072228425,5.2,5.2,4.8,4.8
svm_full,signo_zodiacal_piscis,275,0.5,0.54,0.5257600732600733,0.76,0.6208093645484951,0.618,0.6683411300601703,7.6,6.8,3.2,2.4
svm_full,signo_zodiacal_piscis,276,0.5,0.58,0.596948051948052,0.5,0.5380438842203549,0.634,0.6304451251363016,5.0,3.4,6.6,5.0
svm_full,signo_zodiacal_piscis,277,0.5,0.51,0.5071212121212121,0.64,0.5597142857142857,0.5359999999999999,0.6056863497699411,6.4,6.2,3.8,3.6
svm_full,signo_zodiacal_piscis,278,0.5,0.51,0.507987012987013,0.58,0.5366666666666667,0.4879999999999999,0.5441494771138734,5.8,5.6,4.4,4.2
svm_full,signo_zodiacal_piscis,279,0.5,0.48999999999999994,0.4309523809523809,0.32,0.3535332314744079,0.414,0.48532386181070397,3.2,3.4,6.6,6.8
svm_full,signo_zodiacal_piscis,280,0.5,0.53,0.5238827838827838,0.4600000000000001,0.479386189258312,0.532,0.5950613718067277,4.6,4.0,6.0,5.4
svm_full,signo_zodiacal_piscis,281,0.5,0.55,0.5655011655011655,0.4800000000000001,0.4811883768405508,0.526,0.5884300123680928,4.8,3.8,6.2,5.2
svm_full,signo_zodiacal_piscis,282,0.5,0.48,0.48752913752913757,0.64,0.5509425357251444,0.5039999999999999,0.6086186046495643,6.4,6.8,3.2,3.6
svm_full,signo_zodiacal_piscis,283,0.5,0.45999999999999996,0.38888888888888884,0.38,0.38262322472848787,0.45,0.5346009660274367,3.8,4.6,5.4,6.2
svm_full,signo_zodiacal_piscis,284,0.5,0.42000000000000004,0.43262515262515266,0.48,0.4518916857360794,0.394,0.4962472445854799,4.8,6.4,3.6,5.2
svm_full,signo_zodiacal_piscis,285,0.5,0.49000000000000005,0.4836868686868686,0.45999999999999996,0.4703258145363408,0.426,0.48964259046766784,4.6,4.8,5.2,5.4
svm_full,signo_zodiacal_piscis,286,0.5,0.47000000000000003,0.4707070707070707,0.45999999999999996,0.4635756056808688,0.526,0.6059161459455578,4.6,5.2,4.8,5.4
svm_full,signo_zodiacal_piscis,287,0.5,0.5800000000000001,0.5615082956259426,0.8200000000000001,0.6632516469038208,0.54,0.5813462997271046,8.2,6.6,3.4,1.8
svm_full,signo_zodiacal_piscis,288,0.5,0.6599999999999999,0.6397435897435897,0.74,0.6854507811029549,0.6599999999999999,0.6621136532885759,7.4,4.2,5.8,2.6
svm_full,signo_zodiacal_piscis,289,0.5,0.54,0.5325,0.58,0.5479352226720647,0.5519999999999999,0.590306238481161,5.8,5.0,5.0,4.2
svm_full,signo_zodiacal_piscis,290,0.5,0.4600000000000001,0.4229437229437229,0.38,0.3947478991596639,0.484,0.5910506252433497,3.8,4.6,5.4,6.2
svm_full,signo_zodiacal_piscis,291,0.5,0.4,0.40555555555555556,0.27999999999999997,0.31650922177237967,0.426,0.5337102254470676,2.8,4.8,5.2,7.2
svm_full,signo_zodiacal_piscis,292,0.5,0.5199999999999999,0.5142857142857142,0.45999999999999996,0.476541889483066,0.5369999999999999,0.6195314303859195,4.6,4.2,5.8,5.4
svm_full,signo_zodiacal_piscis,293,0.5,0.43,0.41087912087912093,0.56,0.46986325183767647,0.394,0.49950604950604943,5.6,7.0,3.0,4.4
svm_full,signo_zodiacal_piscis,294,0.5,0.5,0.4917882117882117,0.6200000000000001,0.5462525879917184,0.425,0.506575656369774,6.2,6.2,3.8,3.8
svm_full,signo_zodiacal_piscis,295,0.5,0.55,0.5365783236371472,0.72,0.6066859903381642,0.5269999999999999,0.5602060412927287,7.2,6.2,3.8,2.8
svm_full,signo_zodiacal_piscis,296,0.5,0.47000000000000003,0.4845940170940171,0.6,0.5294680513994016,0.47000000000000003,0.5370046522105346,6.0,6.6,3.4,4.0
svm_full,signo_zodiacal_piscis,297,0.5,0.45,0.45777777777777773,0.42000000000000004,0.42156390977443603,0.42799999999999994,0.5572868438750791,4.2,5.2,4.8,5.8
svm_full,signo_zodiacal_piscis,298,0.5,0.45000000000000007,0.45427350427350427,0.54,0.49132515082171835,0.4699999999999999,0.5341676270925497,5.4,6.4,3.6,4.6
svm_full,signo_zodiacal_piscis,299,0.5,0.47000000000000003,0.4611111111111111,0.5,0.47192982456140353,0.45999999999999996,0.5132429412692571,5.0,5.6,4.4,5.0
svm_full,signo_zodiacal_piscis,300,0.5,0.56,0.5650000000000001,0.54,0.5427777777777778,0.59,0.6034677240544113,5.4,4.2,5.8,4.6
svm_full,signo_zodiacal_piscis,301,0.5,0.5,0.5048051948051948,0.6599999999999999,0.5702251082251083,0.42799999999999994,0.48053418657366026,6.6,6.6,3.4,3.4
svm_full,signo_zodiacal_piscis,302,0.5,0.52,0.5219780219780219,0.5599999999999999,0.5340385956754243,0.508,0.5503300561667434,5.6,5.2,4.8,4.4
svm_full,signo_zodiacal_piscis,303,0.5,0.53,0.46464646464646464,0.44000000000000006,0.4511278195488721,0.534,0.5838654405450071,4.4,3.8,6.2,5.6
svm_full,signo_zodiacal_piscis,304,0.5,0.4800000000000001,0.47757575757575754,0.52,0.4950626566416041,0.414,0.4960654551846503,5.2,5.6,4.4,4.8
svm_full,signo_zodiacal_piscis,305,0.5,0.52,0.5073926073926074,0.5599999999999999,0.5266958957496042,0.484,0.5319685967627144,5.6,5.2,4.8,4.4
svm_full,signo_zodiacal_piscis,306,0.5,0.51,0.5142857142857142,0.42000000000000004,0.45364145658263305,0.434,0.5627406313157086,4.2,4.0,6.0,5.8
svm_full,signo_zodiacal_piscis,307,0.5,0.44000000000000006,0.43,0.5,0.4566654398233346,0.43800000000000006,0.5302610634979056,5.0,6.2,3.8,5.0
svm_full,signo_zodiacal_piscis,308,0.5,0.43,0.4154851684263449,0.44000000000000006,0.40466532365845864,0.32399999999999995,0.4329270662258279,4.4,5.8,4.2,5.6
svm_full,signo_zodiacal_piscis,309,0.5,0.51,0.509090909090909,0.5,0.4988095238095238,0.514,0.5352979048814962,5.0,4.8,5.2,5.0
svm_full,signo_zodiacal_piscis,310,0.5,0.5,0.5335775335775336,0.52,0.5015453653897589,0.484,0.5738521298962476,5.2,5.2,4.8,4.8
svm_full,signo_zodiacal_piscis,311,0.5,0.5399999999999999,0.5319047619047619,0.4600000000000001,0.48550802139037436,0.6140000000000001,0.6645334285597443,4.6,3.8,6.2,5.4
svm_full,signo_zodiacal_piscis,312,0.5,0.42000000000000004,0.4248717948717949,0.5,0.45666250606754033,0.38199999999999995,0.4869744073436024,5.0,6.6,3.4,5.0
svm_full,signo_zodiacal_piscis,313,0.5,0.45999999999999996,0.46543900543900546,0.5399999999999999,0.4957964476408413,0.4720000000000001,0.5481316451006852,5.4,6.2,3.8,4.6
svm_full,signo_zodiacal_piscis,314,0.5,0.5399999999999999,0.5706060606060606,0.5,0.5197979797979798,0.5660000000000001,0.6180687176600489,5.0,4.2,5.8,5.0
svm_full,signo_zodiacal_piscis,315,0.5,0.53,0.5241305916305916,0.6799999999999999,0.5853437439753228,0.53,0.5538004848608564,6.8,6.2,3.8,3.2
svm_full,signo_zodiacal_piscis,316,0.5,0.4600000000000001,0.46461538461538454,0.45999999999999996,0.45340153452685417,0.48600000000000004,0.5504931149002357,4.6,5.4,4.6,5.4
svm_full,signo_zodiacal_piscis,317,0.5,0.4,0.4171212121212121,0.5,0.45196137196137204,0.404,0.49319149477973,5.0,7.0,3.0,5.0
svm_full,signo_zodiacal_piscis,318,0.5,0.45,0.44324786324786325,0.48,0.45819846057832325,0.496,0.563151998328469,4.8,5.8,4.2,5.2
svm_full,signo_zodiacal_piscis,319,0.5,0.5,0.4805555555555555,0.32,0.37212261422787735,0.48600000000000004,0.5565373243887175,3.2,3.2,6.8,6.8
svm_full,signo_zodiacal_piscis,320,0.5,0.51,0.5163059163059163,0.52,0.5128007183734737,0.462,0.5371196205755029,5.2,5.0,5.0,4.8
svm_full,signo_zodiacal_piscis,321,0.5,0.39,0.40366300366300367,0.5,0.44458081963802787,0.367,0.4968627695833578,5.0,7.2,2.8,5.0
svm_full,signo_zodiacal_piscis,322,0.5,0.4600000000000001,0.4534415584415584,0.39999999999999997,0.4223342670401494,0.4640000000000001,0.552975411843059,4.0,4.8,5.2,6.0
svm_full,signo_zodiacal_piscis,323,0.5,0.5900000000000001,0.6333333333333334,0.54,0.5633333333333332,0.524,0.6210877939569889,5.4,3.6,6.4,4.6
svm_full,signo_zodiacal_piscis,324,0.5,0.5,0.5251623376623377,0.6,0.5487159898924605,0.476,0.545936017199175,6.0,6.0,4.0,4.0
svm_full,signo_zodiacal_piscis,325,0.5,0.5,0.4723076923076923,0.45999999999999996,0.43784310274012783,0.538,0.5723628402041714,4.6,4.6,5.4,5.4
svm_full,signo_zodiacal_piscis,326,0.5,0.48999999999999994,0.49473137973137976,0.66,0.5610399577539166,0.45599999999999996,0.5148426420500725,6.6,6.8,3.2,3.4
svm_full,signo_zodiacal_piscis,327,0.5,0.44000000000000006,0.4512820512820513,0.5,0.45523244871070967,0.466,0.5350106951871657,5.0,6.2,3.8,5.0
svm_full,signo_zodiacal_piscis,328,0.5,0.49000000000000005,0.495,0.4,0.43871345029239767,0.5,0.5961552173316879,4.0,4.2,5.8,6.0
svm_full,signo_zodiacal_piscis,329,0.5,0.45,0.4471428571428572,0.27999999999999997,0.34039215686274515,0.426,0.4962804232231477,2.8,3.8,6.2,7.2
svm_full,signo_zodiacal_piscis,330,0.5,0.51,0.49910866910866913,0.48,0.4837331179611432,0.534,0.5787122887432484,4.8,4.6,5.4,5.2
svm_full,signo_zodiacal_piscis,331,0.5,0.5399999999999999,0.5324675324675324,0.6799999999999999,0.5952380952380952,0.516,0.5752790803967274,6.8,6.0,4.0,3.2
svm_full,signo_zodiacal_piscis,332,0.5,0.58,0.5839682539682539,0.5800000000000001,0.5756374894455389,0.592,0.6230073978309272,5.8,4.2,5.8,4.2
svm_full,signo_zodiacal_piscis,333,0.5,0.5000000000000001,0.5,0.42000000000000004,0.45614035087719296,0.508,0.5603864278995857,4.2,4.2,5.8,5.8
svm_full,signo_zodiacal_piscis,334,0.5,0.5,0.5133333333333334,0.64,0.5646666666666668,0.515,0.5981095760964181,6.4,6.4,3.6,3.6
svm_full,signo_zodiacal_piscis,335,0.5,0.43000000000000005,0.41526806526806526,0.45999999999999996,0.43367047394507346,0.4640000000000001,0.5594124588861431,4.6,6.0,4.0,5.4
svm_full,signo_zodiacal_piscis,336,0.5,0.39,0.41349206349206347,0.48,0.44162679425837326,0.352,0.4762699912746352,4.8,7.0,3.0,5.2
svm_full,signo_zodiacal_piscis,337,0.5,0.51,0.5180652680652681,0.5,0.5040136573317351,0.472,0.5636742891611312,5.0,4.8,5.2,5.0
svm_full,signo_zodiacal_piscis,338,0.5,0.5599999999999999,0.5769119769119769,0.5,0.5279522335249889,0.592,0.6283630515511319,5.0,3.8,6.2,5.0
svm_full,signo_zodiacal_piscis,339,0.5,0.43999999999999995,0.4429137529137529,0.4999999999999999,0.46859025032938073,0.40800000000000003,0.5054802691288759,5.0,6.2,3.8,5.0
svm_full,signo_zodiacal_piscis,340,0.5,0.53,0.5433333333333333,0.6000000000000001,0.5555757575757576,0.596,0.6381347514714387,6.0,5.4,4.6,4.0
svm_full,signo_zodiacal_piscis,341,0.5,0.43,0.39261294261294266,0.36,0.36850555630337567,0.45199999999999996,0.5075943208837945,3.6,5.0,5.0,6.4
svm_full,signo_zodiacal_piscis,342,0.5,0.5900000000000001,0.6006060606060606,0.5599999999999999,0.5733333333333334,0.627,0.6260717425849005,5.6,3.8,6.2,4.4
svm_full,signo_zodiacal_piscis,343,0.5,0.5200000000000001,0.513968253968254,0.31999999999999995,0.38671974052779,0.4840000000000001,0.577035834048992,3.2,2.8,7.2,6.8
svm_full,signo_zodiacal_piscis,344,0.5,0.58,0.5738344988344989,0.6399999999999999,0.6008908965430704,0.641,0.6933713781918117,6.4,4.8,5.2,3.6
svm_full,signo_zodiacal_piscis,345,0.5,0.42000000000000004,0.42563492063492064,0.4,0.4042903336773306,0.366,0.4826374383270668,4.0,5.6,4.4,6.0
svm_full,signo_zodiacal_piscis,346,0.5,0.5700000000000001,0.5473007384772091,0.68,0.5960091107149931,0.614,0.627496053568035,6.8,5.4,4.6,3.2
svm_full,signo_zodiacal_piscis,347,0.5,0.47000000000000003,0.4686868686868687,0.44000000000000006,0.4525480367585629,0.462,0.5709995566009497,4.4,5.0,5.0,5.6
svm_full,signo_zodiacal_piscis,348,0.5,0.51,0.5113273001508296,0.7,0.5884151661542966,0.55,0.5916228014331729,7.0,6.8,3.2,3.0
svm_full,signo_zodiacal_piscis,349,0.5,0.5700000000000001,0.68,0.34,0.42547619047619045,0.5559999999999999,0.5962264190058307,3.4,2.0,8.0,6.6
svm_full,signo_zodiacal_piscis,350,0.5,0.49000000000000005,0.4996753246753247,0.4,0.4319327731092438,0.49800000000000005,0.5823573175190823,4.0,4.2,5.8,6.0
svm_full,signo_zodiacal_piscis,351,0.5,0.51,0.5037587412587412,0.6,0.5420608377130116,0.45,0.5250001397810996,6.0,5.8,4.2,4.0
svm_full,signo_zodiacal_piscis,352,0.5,0.58,0.6153968253968254,0.48,0.525095090667846,0.562,0.621701067508343,4.8,3.2,6.8,5.2
svm_full,signo_zodiacal_piscis,353,0.5,0.44000000000000006,0.4238095238095238,0.5599999999999999,0.47212148017101574,0.438,0.48491092833894694,5.6,6.8,3.2,4.4
svm_full,signo_zodiacal_piscis,354,0.5,0.55,0.5674242424242424,0.48,0.5142857142857142,0.556,0.5805160194982177,4.8,3.8,6.2,5.2
svm_full,signo_zodiacal_piscis,355,0.5,0.56,0.5592857142857143,0.52,0.5343728304719016,0.5740000000000001,0.6439653946844349,5.2,4.0,6.0,4.8
svm_full,signo_zodiacal_piscis,356,0.5,0.42000000000000004,0.427012987012987,0.56,0.4806817042606516,0.284,0.41374412842059904,5.6,7.2,2.8,4.4
svm_full,signo_zodiacal_piscis,357,0.5,0.51,0.5080652680652681,0.72,0.5918716356107662,0.594,0.6467720129028178,7.2,7.0,3.0,2.8
svm_full,signo_zodiacal_piscis,358,0.5,0.45999999999999996,0.4432539682539682,0.42000000000000004,0.42851245761462475,0.466,0.5290023956951202,4.2,5.0,5.0,5.8
svm_full,signo_zodiacal_piscis,359,0.5,0.54,0.54,0.58,0.5581818181818182,0.5820000000000001,0.6564207628456854,5.8,5.0,5.0,4.2
svm_full,signo_zodiacal_piscis,360,0.5,0.6199999999999999,0.621904761904762,0.58,0.5936898395721925,0.6539999999999999,0.6688065165828323,5.8,3.4,6.6,4.2
svm_full,signo_zodiacal_piscis,361,0.5,0.51,0.4932478632478632,0.45999999999999996,0.46155571735663264,0.48600000000000004,0.5598369228810405,4.6,4.4,5.6,5.4
svm_full,signo_zodiacal_piscis,362,0.5,0.53,0.5253968253968254,0.6,0.5532429558745349,0.544,0.58657680065033,6.0,5.4,4.6,4.0
svm_full,signo_zodiacal_piscis,363,0.5,0.4600000000000001,0.44805194805194803,0.31999999999999995,0.35658263305322124,0.43200000000000005,0.5161493222979291,3.2,4.0,6.0,6.8
svm_full,signo_zodiacal_piscis,364,0.5,0.49000000000000005,0.48052780552780555,0.54,0.5039446442192437,0.434,0.5333452950558213,5.4,5.6,4.4,4.6
svm_full,signo_zodiacal_piscis,365,0.5,0.5,0.5342424242424242,0.5800000000000001,0.5398138528138529,0.51,0.6058904610181699,5.8,5.8,4.2,4.2
svm_full,signo_zodiacal_piscis,366,0.5,0.54,0.5429725829725829,0.5599999999999999,0.5426189001916556,0.528,0.5824022278890699,5.6,4.8,5.2,4.4
svm_full,signo_zodiacal_piscis,367,0.5,0.62,0.6351282051282052,0.62,0.6104611330698286,0.64,0.6637364200127358,6.2,3.8,6.2,3.8
svm_full,signo_zodiacal_piscis,368,0.5,0.5,0.5066273595685361,0.64,0.5590818834525928,0.5360000000000001,0.6205224306137619,6.4,6.4,3.6,3.6
svm_full,signo_zodiacal_piscis,369,0.5,0.6,0.5969696969696969,0.6,0.596157059314954,0.6180000000000001,0.677060104927752,6.0,4.0,6.0,4.0
svm_full,signo_zodiacal_piscis,370,0.5,0.48,0.4790909090909091,0.36,0.4026190476190476,0.4459999999999999,0.5416715074571112,3.6,4.0,6.0,6.4
svm_full,signo_zodiacal_piscis,371,0.5,0.53,0.5096536796536797,0.5199999999999999,0.5011942959001783,0.522,0.5796616634998987,5.2,4.6,5.4,4.8
svm_full,signo_zodiacal_piscis,372,0.5,0.54,0.5619047619047619,0.38,0.45212418300653595,0.554,0.5747103435779907,3.8,3.0,7.0,6.2
svm_full,signo_zodiacal_piscis,373,0.5,0.61,0.5878113553113553,0.74,0.6437728614096899,0.7020000000000001,0.720962274653451,7.4,5.2,4.8,2.6
svm_full,signo_zodiacal_piscis,374,0.5,0.56,0.5495970695970696,0.6799999999999999,0.6037391304347827,0.549,0.5885907117478324,6.8,5.6,4.4,3.2
svm_full,signo_zodiacal_piscis,375,0.5,0.44000000000000006,0.4405555555555555,0.5,0.4628771929824561,0.484,0.5425470624147095,5.0,6.2,3.8,5.0
svm_full,signo_zodiacal_piscis,376,0.5,0.5800000000000001,0.5883766233766233,0.5800000000000001,0.5738302619293332,0.554,0.5645945900504724,5.8,4.2,5.8,4.2
svm_full,signo_zodiacal_piscis,377,0.5,0.47000000000000003,0.47642135642135636,0.52,0.49468671679198,0.5,0.5797075973562043,5.2,5.8,4.2,4.8
svm_full,signo_zodiacal_piscis,378,0.5,0.52,0.527020202020202,0.54,0.5297941824257613,0.56,0.6007677948985998,5.4,5.0,5.0,4.6
svm_full,signo_zodiacal_piscis,379,0.5,0.39,0.30623376623376625,0.24,0.2630112044817927,0.40800000000000003,0.5057833816510287,2.4,4.6,5.4,7.6
svm_full,signo_zodiacal_piscis,380,0.5,0.44000000000000006,0.3828571428571429,0.26000000000000006,0.30621848739495794,0.44200000000000006,0.538253414284374,2.6,3.8,6.2,7.4
svm_full,signo_zodiacal_piscis,381,0.5,0.53,0.539018759018759,0.48,0.504079807361541,0.625,0.6734396436896436,4.8,4.2,5.8,5.2
svm_full,signo_zodiacal_piscis,382,0.5,0.39,0.36383838383838385,0.34,0.3496115288220551,0.32999999999999996,0.46732685022236103,3.4,5.6,4.4,6.6
svm_full,signo_zodiacal_piscis,383,0.5,0.53,0.5252380952380953,0.42000000000000004,0.4577302436125966,0.5740000000000001,0.6041317293817293,4.2,3.6,6.4,5.8
svm_full,signo_zodiacal_piscis,384,0.5,0.4000000000000001,0.4143740573152338,0.52,0.45638413116673987,0.45199999999999996,0.5653946249828602,5.2,7.2,2.8,4.8
svm_full,signo_zodiacal_piscis,385,0.5,0.39,0.3708513708513709,0.33999999999999997,0.35176175733451276,0.308,0.47007961139307886,3.4,5.6,4.4,6.6
svm_full,signo_zodiacal_piscis,386,0.5,0.59,0.596076146076146,0.5599999999999999,0.5686689549961861,0.608,0.6573368565558967,5.6,3.8,6.2,4.4
svm_full,signo_zodiacal_piscis,387,0.5,0.5399999999999999,0.5333333333333334,0.6599999999999999,0.578998491704374,0.506,0.554956246368011,6.6,5.8,4.2,3.4
svm_full,signo_zodiacal_piscis,388,0.5,0.45,0.44430846930846923,0.45999999999999996,0.44880679960771486,0.442,0.5098072201276536,4.6,5.6,4.4,5.4
svm_full,signo_zodiacal_piscis,389,0.5,0.5900000000000001,0.5742313242313243,0.6799999999999999,0.6192853675691203,0.554,0.6324290703276771,6.8,5.0,5.0,3.2
svm_full,signo_zodiacal_piscis,390,0.5,0.6100000000000001,0.6321212121212121,0.5,0.5473809523809524,0.648,0.7053940205821011,5.0,2.8,7.2,5.0
svm_full,signo_zodiacal_piscis,391,0.5,0.43,0.40555555555555556,0.36,0.3690467427309533,0.43999999999999995,0.5209307810352701,3.6,5.0,5.0,6.4
svm_full,signo_zodiacal_piscis,392,0.5,0.5,0.4688888888888889,0.42000000000000004,0.439766081871345,0.516,0.5779698999830579,4.2,4.2,5.8,5.8
svm_full,signo_zodiacal_piscis,393,0.5,0.45999999999999996,0.44603174603174606,0.44000000000000006,0.4403602589361103,0.426,0.4944456658752324,4.4,5.2,4.8,5.6
svm_full,signo_zodiacal_piscis,394,0.5,0.37,0.28723776223776226,0.3,0.28999309868875084,0.26,0.4190165612681092,3.0,5.6,4.4,7.0
svm_full,signo_zodiacal_piscis,395,0.5,0.43,0.42444444444444446,0.3,0.3349595141700405,0.45599999999999996,0.510976984831474,3.0,4.4,5.6,7.0
svm_full,signo_zodiacal_piscis,396,0.5,0.49000000000000005,0.4698412698412698,0.54,0.49062078272604587,0.592,0.6448188447259654,5.4,5.6,4.4,4.6
svm_full,signo_zodiacal_piscis,397,0.5,0.5,0.49142857142857144,0.4,0.41117647058823537,0.518,0.6038092262914244,4.0,4.0,6.0,6.0
svm_full,signo_zodiacal_piscis,398,0.5,0.4600000000000001,0.4333333333333334,0.38,0.39327731092436974,0.48,0.5577888412756833,3.8,4.6,5.4,6.2
svm_full,signo_zodiacal_piscis,399,0.5,0.42000000000000004,0.40757575757575754,0.41999999999999993,0.4123642439431913,0.418,0.4978901290487978,4.2,5.8,4.2,5.8
svm_full,signo_zodiacal_piscis,400,0.5,0.53,0.5206526806526807,0.6200000000000001,0.5603483280005019,0.532,0.5851240301665998,6.2,5.6,4.4,3.8
svm_full,signo_zodiacal_piscis,401,0.5,0.51,0.509090909090909,0.4600000000000001,0.480952380952381,0.56,0.6328264323395902,4.6,4.4,5.6,5.4
svm_full,signo_zodiacal_piscis,402,0.5,0.5499999999999999,0.5657575757575757,0.52,0.5315105946684893,0.5860000000000001,0.6257651319268966,5.2,4.2,5.8,4.8
svm_full,signo_zodiacal_piscis,403,0.5,0.45999999999999996,0.46564833858951504,0.5599999999999999,0.5017112830385141,0.5599999999999999,0.5913910986674145,5.6,6.4,3.6,4.4
svm_full,signo_zodiacal_piscis,404,0.5,0.52,0.4944011544011543,0.5800000000000001,0.5255600766622439,0.476,0.5731404804345981,5.8,5.4,4.6,4.2
svm_full,signo_zodiacal_piscis,405,0.5,0.52,0.5234188034188034,0.5199999999999999,0.5137018930726025,0.6279999999999999,0.6390163502648022,5.2,4.8,5.2,4.8
svm_full,signo_zodiacal_piscis,406,0.5,0.33999999999999997,0.32920634920634917,0.3,0.30149920255183416,0.29799999999999993,0.4610342729166258,3.0,6.2,3.8,7.0
svm_full,signo_zodiacal_piscis,407,0.5,0.49000000000000005,0.4979895104895105,0.62,0.5497024714416018,0.41400000000000003,0.4874069166127989,6.2,6.4,3.6,3.8
svm_full,signo_zodiacal_piscis,408,0.5,0.56,0.5494444444444445,0.5,0.51839447102605,0.568,0.6550697641711573,5.0,3.8,6.2,5.0
svm_full,signo_zodiacal_piscis,409,0.5,0.49000000000000005,0.4864646464646464,0.6,0.5335355780756239,0.475,0.49849744433413157,6.0,6.2,3.8,4.0
svm_full,signo_zodiacal_piscis,410,0.5,0.6,0.6126695526695526,0.5199999999999999,0.5527141382868936,0.5959999999999999,0.6025288394096443,5.2,3.2,6.8,4.8
svm_full,signo_zodiacal_piscis,411,0.5,0.5,0.5047979797979798,0.44000000000000006,0.46833751044277355,0.496,0.5326433007137341,4.4,4.4,5.6,5.6
svm_full,signo_zodiacal_piscis,412,0.5,0.4,0.3740476190476191,0.38,0.37166666666666665,0.434,0.5061272246845001,3.8,5.8,4.2,6.2
svm_full,signo_zodiacal_piscis,413,0.5,0.6,0.5859090909090909,0.6799999999999999,0.6226727658306606,0.6060000000000001,0.6298495899525312,6.8,4.8,5.2,3.2
svm_full,signo_zodiacal_piscis,414,0.5,0.4699999999999999,0.4616666666666667,0.4,0.42760233918128654,0.476,0.5801577332196527,4.0,4.6,5.4,6.0
svm_full,signo_zodiacal_piscis,415,0.5,0.45,0.45811965811965816,0.48,0.46498855835240277,0.48200000000000004,0.5524903213401664,4.8,5.8,4.2,5.2
svm_full,signo_zodiacal_piscis,416,0.5,0.47000000000000003,0.5523809523809523,0.3,0.3560139207198031,0.45999999999999996,0.5739702160584513,3.0,3.6,6.4,7.0
svm_full,signo_zodiacal_piscis,417,0.5,0.38,0.35,0.32,0.32962254120148854,0.364,0.46911394221533537,3.2,5.6,4.4,6.8
svm_full,signo_zodiacal_piscis,418,0.5,0.56,0.566025641025641,0.58,0.5682569401104871,0.562,0.6155734641175817,5.8,4.6,5.4,4.2
svm_full,signo_zodiacal_piscis,419,0.5,0.55,0.5453113553113553,0.6799999999999999,0.5942064278432565,0.47800000000000004,0.5110296739723985,6.8,5.8,4.2,3.2
svm_full,signo_zodiacal_piscis,420,0.5,0.4,0.40888888888888886,0.32,0.3486044657097288,0.492,0.5899886845180962,3.2,5.2,4.8,6.8
svm_full,signo_zodiacal_piscis,421,0.5,0.5700000000000001,0.5616783216783217,0.6799999999999999,0.6104234499291707,0.5860000000000001,0.6011887269077671,6.8,5.4,4.6,3.2
svm_full,signo_zodiacal_piscis,422,0.5,0.48,0.48710466004583647,0.58,0.5207407407407406,0.45199999999999996,0.5215121102667541,5.8,6.2,3.8,4.2
svm_full,signo_zodiacal_piscis,423,0.5,0.4600000000000001,0.44757575757575757,0.54,0.48434920634920636,0.414,0.5182104843900508,5.4,6.2,3.8,4.6
svm_full,signo_zodiacal_piscis,424,0.5,0.52,0.5275000000000001,0.6,0.5572161172161173,0.524,0.6022393592819288,6.0,5.6,4.4,4.0
svm_full,signo_zodiacal_piscis,425,0.5,0.43999999999999995,0.41090909090909095,0.38,0.3907936507936508,0.43599999999999994,0.5052906352333597,3.8,5.0,5.0,6.2
svm_full,signo_zodiacal_piscis,426,0.5,0.42000000000000004,0.42230769230769233,0.44000000000000006,0.42257004830917877,0.454,0.5726925857939789,4.4,6.0,4.0,5.6
svm_full,signo_zodiacal_piscis,427,0.5,0.45,0.45161616161616164,0.52,0.4793100934153566,0.45,0.5621821311643292,5.2,6.2,3.8,4.8
svm_full,signo_zodiacal_piscis,428,0.5,0.6199999999999999,0.6256410256410255,0.64,0.6306636155606407,0.6540000000000001,0.6797853988117146,6.4,4.0,6.0,3.6
svm_full,signo_zodiacal_piscis,429,0.5,0.45999999999999996,0.44833333333333336,0.42000000000000004,0.4217134502923977,0.42400000000000004,0.5008737559310315,4.2,5.0,5.0,5.8
svm_full,signo_zodiacal_piscis,430,0.5,0.6499999999999999,0.6517460317460317,0.7000000000000001,0.6635609344216155,0.7040000000000001,0.7165585874393923,7.0,4.0,6.0,3.0
svm_full,signo_zodiacal_piscis,431,0.5,0.39,0.3924342324342325,0.48,0.4265536475459749,0.38,0.4691484473558777,4.8,7.0,3.0,5.2
svm_full,signo_zodiacal_piscis,432,0.5,0.4699999999999999,0.4673076923076923,0.5599999999999999,0.5061923583662714,0.48600000000000004,0.5702413676794482,5.6,6.2,3.8,4.4
svm_full,signo_zodiacal_piscis,433,0.5,0.59,0.6043650793650794,0.45999999999999996,0.5202442380460957,0.5720000000000001,0.6352029991851974,4.6,2.8,7.2,5.4
svm_full,signo_zodiacal_piscis,434,0.5,0.48,0.56,0.4600000000000001,0.4446666666666667,0.39399999999999996,0.5293485234236008,4.6,5.0,5.0,5.4
svm_full,signo_zodiacal_piscis,435,0.5,0.49000000000000005,0.48991452991452994,0.5999999999999999,0.5346163234172387,0.5,0.568926942338707,6.0,6.2,3.8,4.0
svm_full,signo_zodiacal_piscis,436,0.5,0.52,0.5287301587301587,0.56,0.5333668189395744,0.531,0.6065880124347617,5.6,5.2,4.8,4.4
svm_full,signo_zodiacal_piscis,437,0.5,0.53,0.5319047619047618,0.56,0.5383600713012477,0.596,0.633135141002788,5.6,5.0,5.0,4.4
svm_full,signo_zodiacal_piscis,438,0.5,0.41999999999999993,0.4143589743589743,0.5,0.44797394824854775,0.344,0.44081447207763,5.0,6.6,3.4,5.0
svm_full,signo_zodiacal_piscis,439,0.5,0.55,0.5557142857142857,0.52,0.5334453781512605,0.592,0.6072712424314591,5.2,4.2,5.8,4.8
svm_full,signo_zodiacal_piscis,440,0.5,0.56,0.5801190476190475,0.5599999999999999,0.5592368553359265,0.593,0.6612537903273197,5.6,4.4,5.6,4.4
svm_full,signo_zodiacal_piscis,441,0.5,0.56,0.5583333333333333,0.5800000000000001,0.5656565656565656,0.5980000000000001,0.6303978043800025,5.8,4.6,5.4,4.2
svm_full,signo_zodiacal_piscis,442,0.5,0.54,0.545,0.43999999999999995,0.4847058823529412,0.536,0.5754809536868362,4.4,3.6,6.4,5.6
svm_full,signo_zodiacal_piscis,443,0.5,0.41999999999999993,0.4166666666666667,0.4,0.404040404040404,0.48,0.5759376087448842,4.0,5.6,4.4,6.0
svm_full,signo_zodiacal_piscis,444,0.5,0.4600000000000001,0.4426262626262627,0.4800000000000001,0.45483458646616537,0.5279999999999999,0.5947871181106474,4.8,5.6,4.4,5.2
svm_full,signo_zodiacal_piscis,445,0.5,0.5,0.5047619047619047,0.4,0.44117647058823534,0.524,0.5693948741317163,4.0,4.0,6.0,6.0
svm_full,signo_zodiacal_piscis,446,0.5,0.4600000000000001,0.45702020202020205,0.5,0.4702448428764218,0.466,0.5074192622822654,5.0,5.8,4.2,5.0
svm_full,signo_zodiacal_piscis,447,0.5,0.49000000000000005,0.48852813852813853,0.54,0.5035714285714286,0.472,0.5540993010257715,5.4,5.6,4.4,4.6
svm_full,signo_zodiacal_piscis,448,0.5,0.6100000000000001,0.5928904428904429,0.6599999999999999,0.6155232448710709,0.666,0.6747178268927494,6.6,4.4,5.6,3.4
svm_full,signo_zodiacal_piscis,449,0.5,0.43,0.4022222222222222,0.48,0.42687286397812707,0.41400000000000003,0.4865008859389664,4.8,6.2,3.8,5.2
svm_full,signo_zodiacal_piscis,450,0.5,0.44000000000000006,0.4193473193473193,0.33999999999999997,0.35838509316770184,0.40599999999999997,0.4964722150914101,3.4,4.6,5.4,6.6
svm_full,signo_zodiacal_piscis,451,0.5,0.56,0.588095238095238,0.4,0.4745098039215686,0.536,0.6078071091275425,4.0,2.8,7.2,6.0
svm_full,signo_zodiacal_piscis,452,0.5,0.4699999999999999,0.4656410256410256,0.6199999999999999,0.528839054157132,0.42800000000000005,0.4970203124189192,6.2,6.8,3.2,3.8
svm_full,signo_zodiacal_piscis,453,0.5,0.48,0.4834090909090909,0.6799999999999999,0.563032967032967,0.502,0.5630728215712735,6.8,7.2,2.8,3.2
svm_full,signo_zodiacal_piscis,454,0.5,0.49000000000000005,0.4992857142857142,0.42000000000000004,0.44345098039215686,0.46799999999999997,0.5195270938212115,4.2,4.4,5.6,5.8
svm_full,signo_zodiacal_piscis,455,0.5,0.5200000000000001,0.5200000000000001,0.45999999999999996,0.48725146198830405,0.5399999999999999,0.570781827048081,4.6,4.2,5.8,5.4
svm_full,signo_zodiacal_piscis,456,0.5,0.38,0.3476767676767677,0.3,0.31492481203007516,0.388,0.48142289796546756,3.0,5.4,4.6,7.0
svm_full,signo_zodiacal_piscis,457,0.5,0.39,0.3666666666666666,0.3,0.3283625730994152,0.41200000000000003,0.47555096657728235,3.0,5.2,4.8,7.0
svm_full,signo_zodiacal_piscis,458,0.5,0.44000000000000006,0.43170163170163167,0.4600000000000001,0.4396292113683418,0.441,0.5263505856888209,4.6,5.8,4.2,5.4
svm_full,signo_zodiacal_piscis,459,0.5,0.48999999999999994,0.5120879120879122,0.5800000000000001,0.5320283297265395,0.546,0.6124879723819353,5.8,6.0,4.0,4.2
svm_full,signo_zodiacal_piscis,460,0.5,0.32,0.3286402486402486,0.36,0.3423951182303585,0.346,0.4784771351799216,3.6,7.2,2.8,6.4
svm_full,signo_zodiacal_piscis,461,0.5,0.5700000000000001,0.5728571428571428,0.38,0.446218487394958,0.5279999999999999,0.595436859923702,3.8,2.4,7.6,6.2
svm_full,signo_zodiacal_piscis,462,0.5,0.5399999999999999,0.5286013986013987,0.7,0.6002499529456051,0.53,0.5764816778508729,7.0,6.2,3.8,3.0
svm_full,signo_zodiacal_piscis,463,0.5,0.48,0.47675213675213673,0.32,0.35495896932967874,0.462,0.5517432469491294,3.2,3.6,6.4,6.8
svm_full,signo_zodiacal_piscis,464,0.5,0.4699999999999999,0.505,0.34,0.3923809523809524,0.45099999999999996,0.5331361000540566,3.4,4.0,6.0,6.6
svm_full,signo_zodiacal_piscis,465,0.5,0.48999999999999994,0.43193473193473186,0.5,0.4599596818132287,0.496,0.5709568462153601,5.0,5.2,4.8,5.0
svm_full,signo_zodiacal_piscis,466,0.5,0.5199999999999999,0.5103535353535353,0.52,0.5126224652540442,0.48599999999999993,0.5526021303258145,5.2,4.8,5.2,4.8
svm_full,signo_zodiacal_piscis,467,0.5,0.32,0.30708180708180705,0.31999999999999995,0.30651276528918203,0.27199999999999996,0.4346293665914409,3.2,6.8,3.2,6.8
svm_full,signo_zodiacal_piscis,468,0.5,0.5900000000000001,0.6366666666666666,0.44000000000000006,0.5070300751879699,0.5860000000000001,0.6386637796328198,4.4,2.6,7.4,5.6
svm_full,signo_zodiacal_piscis,469,0.5,0.41,0.3657142857142857,0.4600000000000001,0.40608695652173915,0.31300000000000006,0.440995445558913,4.6,6.4,3.6,5.4
svm_full,signo_zodiacal_piscis,470,0.5,0.45999999999999996,0.46470418470418473,0.52,0.4878605604921395,0.44000000000000006,0.5015815367123417,5.2,6.0,4.0,4.8
svm_full,signo_zodiacal_piscis,471,0.5,0.47000000000000003,0.4815873015873017,0.33999999999999997,0.382749331851499,0.49000000000000005,0.5789126896495318,3.4,4.0,6.0,6.6
svm_full,signo_zodiacal_piscis,472,0.5,0.37,0.39206349206349206,0.42000000000000004,0.39804109203490007,0.3,0.43630256491015,4.2,6.8,3.2,5.8
svm_full,signo_zodiacal_piscis,473,0.5,0.45000000000000007,0.405050505050505,0.36000000000000004,0.37675438596491223,0.5,0.5117099736348962,3.6,4.6,5.4,6.4
svm_full,signo_zodiacal_piscis,474,0.5,0.65,0.7305555555555555,0.48,0.5691938178780284,0.6880000000000001,0.7091420225801031,4.8,1.8,8.2,5.2
svm_full,signo_zodiacal_piscis,475,0.5,0.52,0.525,0.36000000000000004,0.41285425101214573,0.536,0.5831244213303035,3.6,3.2,6.8,6.4
svm_full,signo_zodiacal_piscis,476,0.5,0.49000000000000005,0.49158119658119653,0.4,0.42761632341723865,0.49399999999999994,0.5705815573315572,4.0,4.2,5.8,6.0
svm_full,signo_zodiacal_piscis,477,0.5,0.49000000000000005,0.486969696969697,0.58,0.5267012987012987,0.43999999999999995,0.4933769647105561,5.8,6.0,4.0,4.2
svm_full,signo_zodiacal_piscis,478,0.5,0.45,0.4357864357864358,0.4,0.41338640719445674,0.42400000000000004,0.5202227684596105,4.0,5.0,5.0,6.0
svm_full,signo_zodiacal_piscis,479,0.5,0.5900000000000001,0.611111111111111,0.56,0.5810207336523125,0.5960000000000001,0.6161674061232885,5.6,3.8,6.2,4.4
svm_full,signo_zodiacal_piscis,480,0.5,0.53,0.5352380952380953,0.48,0.4912352941176471,0.4880000000000001,0.5254720989364952,4.8,4.2,5.8,5.2
svm_full,signo_zodiacal_piscis,481,0.5,0.48,0.4714285714285714,0.34,0.38720821661998134,0.49399999999999994,0.5513144257703081,3.4,3.8,6.2,6.6
svm_full,signo_zodiacal_piscis,482,0.5,0.45,0.43944444444444447,0.36,0.39266081871345027,0.476,0.5547359774728196,3.6,4.6,5.4,6.4
svm_full,signo_zodiacal_piscis,483,0.5,0.52,0.54,0.36,0.42666666666666664,0.558,0.6326671292244048,3.6,3.2,6.8,6.4
svm_full,signo_zodiacal_piscis,484,0.5,0.39,0.3897979797979798,0.4,0.3935156071998177,0.352,0.47469484376992116,4.0,6.2,3.8,6.0
svm_full,signo_zodiacal_piscis,485,0.5,0.53,0.4666666666666666,0.5599999999999999,0.5075757575757576,0.492,0.517216171685212,5.6,5.0,5.0,4.4
svm_full,signo_zodiacal_piscis,486,0.5,0.51,0.5611111111111111,0.4,0.45288220551378444,0.442,0.5297477814583078,4.0,3.8,6.2,6.0
svm_full,signo_zodiacal_piscis,487,0.5,0.5700000000000001,0.5685714285714286,0.54,0.5424509803921569,0.5800000000000001,0.6636848321097547,5.4,4.0,6.0,4.6
svm_full,signo_zodiacal_piscis,488,0.5,0.4600000000000001,0.4685281385281385,0.45999999999999996,0.4602648332060097,0.554,0.6036753040561089,4.6,5.4,4.6,5.4
svm_full,signo_zodiacal_piscis,489,0.5,0.45,0.43321678321678314,0.45999999999999996,0.44001654333462115,0.429,0.5200931743694902,4.6,5.6,4.4,5.4
svm_full,signo_zodiacal_piscis,490,0.5,0.54,0.561025641025641,0.54,0.5358567774936062,0.5519999999999999,0.5967430049310855,5.4,4.6,5.4,4.6
svm_full,signo_zodiacal_piscis,491,0.5,0.54,0.5311111111111111,0.7200000000000001,0.6056734143049932,0.558,0.5867644475407634,7.2,6.4,3.6,2.8
svm_full,signo_zodiacal_piscis,492,0.5,0.6,0.6065656565656565,0.58,0.5909774436090225,0.6619999999999999,0.7021498474865349,5.8,3.8,6.2,4.2
svm_full,signo_zodiacal_piscis,493,0.5,0.53,0.5279602750190986,0.68,0.59004329004329,0.47000000000000003,0.5552744410732027,6.8,6.2,3.8,3.2
svm_full,signo_zodiacal_piscis,494,0.5,0.51,0.5052947052947053,0.41999999999999993,0.4404122518572646,0.472,0.522311325928973,4.2,4.0,6.0,5.8
svm_full,signo_zodiacal_piscis,495,0.5,0.45,0.45883838383838393,0.44000000000000006,0.4466317308422571,0.4779999999999999,0.559517205017205,4.4,5.4,4.6,5.6
svm_full,signo_zodiacal_piscis,496,0.5,0.5,0.519047619047619,0.5,0.4985645933014354,0.502,0.5800451411333765,5.0,5.0,5.0,5.0
svm_full,signo_zodiacal_piscis,497,0.5,0.44000000000000006,0.42480519480519474,0.38,0.39820728291316526,0.43600000000000005,0.5277076179754199,3.8,5.0,5.0,6.2
svm_full,signo_zodiacal_piscis,498,0.5,0.39,0.40727272727272723,0.5599999999999998,0.4693333333333333,0.39599999999999996,0.5165860642625348,5.6,7.8,2.2,4.4
svm_full,signo_zodiacal_piscis,499,0.5,0.5800000000000001,0.5868686868686869,0.52,0.5471804511278195,0.626,0.6712635044693867,5.2,3.6,6.4,4.8
svm_full,signo_zodiacal_piscis,500,0.5,0.5,0.5014224664224664,0.52,0.4997866020550097,0.556,0.6067899851266725,5.2,5.2,4.8,4.8
svm_full,signo_zodiacal_sagitario,1,0.5,0.51,0.5126923076923077,0.4800000000000001,0.49062801932367145,0.5660000000000001,0.624818559493482,4.8,4.6,5.4,5.2
svm_full,signo_zodiacal_sagitario,2,0.5,0.64,0.6952380952380952,0.5,0.5792569659442725,0.6279999999999999,0.6662003078620724,5.0,2.2,7.8,5.0
svm_full,signo_zodiacal_sagitario,3,0.5,0.57,0.564098124098124,0.6799999999999999,0.6120510366826156,0.5900000000000001,0.6331667776667776,6.8,5.4,4.6,3.2
svm_full,signo_zodiacal_sagitario,4,0.5,0.5599999999999999,0.5417832167832167,0.6599999999999999,0.5898709985666507,0.5980000000000001,0.6469218281718282,6.6,5.4,4.6,3.4
svm_full,signo_zodiacal_sagitario,5,0.5,0.43000000000000005,0.42940115440115434,0.34,0.3745982603567743,0.348,0.4933181767492913,3.4,4.8,5.2,6.6
svm_full,signo_zodiacal_sagitario,6,0.5,0.51,0.5161111111111111,0.4,0.442406015037594,0.48199999999999993,0.5647140930964459,4.0,3.8,6.2,6.0
svm_full,signo_zodiacal_sagitario,7,0.5,0.48999999999999994,0.4980952380952381,0.5800000000000001,0.5313333333333333,0.54,0.6302017422721757,5.8,6.0,4.0,4.2
svm_full,signo_zodiacal_sagitario,8,0.5,0.47000000000000003,0.44757575757575757,0.5,0.454007326007326,0.538,0.5755557655279018,5.0,5.6,4.4,5.0
svm_full,signo_zodiacal_sagitario,9,0.5,0.45,0.44299034299034296,0.5,0.4629399585921325,0.434,0.5257222783236715,5.0,6.0,4.0,5.0
svm_full,signo_zodiacal_sagitario,10,0.5,0.45,0.4566233766233766,0.48,0.46412698412698405,0.472,0.568673715775109,4.8,5.8,4.2,5.2
svm_full,signo_zodiacal_sagitario,11,0.5,0.47000000000000003,0.45,0.36,0.3927777777777778,0.446,0.4870262396702024,3.6,4.2,5.8,6.4
svm_full,signo_zodiacal_sagitario,12,0.5,0.5900000000000001,0.6087301587301587,0.5,0.5479188166494667,0.5349999999999999,0.5789269331459733,5.0,3.2,6.8,5.0
svm_full,signo_zodiacal_sagitario,13,0.5,0.4800000000000001,0.49001221001221007,0.5,0.48807645712747344,0.445,0.5208001628574384,5.0,5.4,4.6,5.0
svm_full,signo_zodiacal_sagitario,14,0.5,0.51,0.5287087912087912,0.5799999999999998,0.5423549932366731,0.5279999999999999,0.587794186205951,5.8,5.6,4.4,4.2
svm_full,signo_zodiacal_sagitario,15,0.5,0.45999999999999996,0.4460606060606061,0.32000000000000006,0.3667460317460317,0.457,0.4983526271629987,3.2,4.0,6.0,6.8
svm_full,signo_zodiacal_sagitario,16,0.5,0.53,0.5365079365079366,0.42000000000000004,0.4693498452012384,0.6260000000000001,0.6397346417772114,4.2,3.6,6.4,5.8
svm_full,signo_zodiacal_sagitario,17,0.5,0.47000000000000003,0.46439393939393936,0.44000000000000006,0.4428571428571429,0.454,0.5065208571957799,4.4,5.0,5.0,5.6
svm_full,signo_zodiacal_sagitario,18,0.5,0.5599999999999999,0.5011111111111111,0.44000000000000006,0.4500583626899416,0.512,0.575493098404863,4.4,3.2,6.8,5.6
svm_full,signo_zodiacal_sagitario,19,0.5,0.5,0.5057575757575757,0.48,0.4865105946684894,0.446,0.5058893791966548,4.8,4.8,5.2,5.2
svm_full,signo_zodiacal_sagitario,20,0.5,0.57,0.5540909090909091,0.6,0.5659096459096459,0.542,0.603392831454751,6.0,4.6,5.4,4.0
svm_full,signo_zodiacal_sagitario,21,0.5,0.48999999999999994,0.4993506493506493,0.43999999999999995,0.4642390289449113,0.48599999999999993,0.5451552885538954,4.4,4.6,5.4,5.6
svm_full,signo_zodiacal_sagitario,22,0.5,0.58,0.5642857142857143,0.7,0.6242424242424243,0.584,0.6060747542790886,7.0,5.4,4.6,3.0
svm_full,signo_zodiacal_sagitario,23,0.5,0.43999999999999995,0.4434920634920635,0.45999999999999996,0.4452453325827939,0.446,0.5311951747083327,4.6,5.8,4.2,5.4
svm_full,signo_zodiacal_sagitario,24,0.5,0.33,0.2971778221778222,0.34,0.31387163561076603,0.286,0.41364785584212826,3.4,6.8,3.2,6.6
svm_full,signo_zodiacal_sagitario,25,0.5,0.51,0.5055555555555555,0.5,0.500956937799043,0.5,0.5281063082943888,5.0,4.8,5.2,5.0
svm_full,signo_zodiacal_sagitario,26,0.5,0.43,0.40161616161616165,0.4,0.372781954887218,0.418,0.5240195078399412,4.0,5.4,4.6,6.0
svm_full,signo_zodiacal_sagitario,27,0.5,0.53,0.5944444444444444,0.36,0.4374686716791979,0.5440000000000002,0.6338554958113782,3.6,3.0,7.0,6.4
svm_full,signo_zodiacal_sagitario,28,0.5,0.51,0.52995670995671,0.44000000000000006,0.4624929971988795,0.526,0.6439482168158637,4.4,4.2,5.8,5.6
svm_full,signo_zodiacal_sagitario,29,0.5,0.5,0.49848484848484853,0.6,0.5435064935064935,0.5319999999999999,0.6189417690152984,6.0,6.0,4.0,4.0
svm_full,signo_zodiacal_sagitario,30,0.5,0.4600000000000001,0.4572222222222223,0.4,0.41956406166932486,0.404,0.509785140899692,4.0,4.8,5.2,6.0
svm_full,signo_zodiacal_sagitario,31,0.5,0.5900000000000001,0.58,0.7,0.6274066985645933,0.5959999999999999,0.6368306585055811,7.0,5.2,4.8,3.0
svm_full,signo_zodiacal_sagitario,32,0.5,0.48,0.47040346907993963,0.6599999999999999,0.5444752992579078,0.44800000000000006,0.53774502028759,6.6,7.0,3.0,3.4
svm_full,signo_zodiacal_sagitario,33,0.5,0.48,0.4832167832167832,0.48,0.477948494424467,0.44600000000000006,0.5162731168040766,4.8,5.2,4.8,5.2
svm_full,signo_zodiacal_sagitario,34,0.5,0.49000000000000005,0.49268065268065264,0.6,0.5383331451157538,0.514,0.600734237984238,6.0,6.2,3.8,4.0
svm_full,signo_zodiacal_sagitario,35,0.5,0.61,0.5905827505827506,0.76,0.662660267268963,0.5519999999999999,0.5857278930220107,7.6,5.4,4.6,2.4
svm_full,signo_zodiacal_sagitario,36,0.5,0.51,0.5106060606060606,0.6,0.55,0.518,0.5999351281673263,6.0,5.8,4.2,4.0
svm_full,signo_zodiacal_sagitario,37,0.5,0.5900000000000001,0.5715151515151515,0.64,0.5974603174603175,0.5959999999999999,0.6466123510991932,6.4,4.6,5.4,3.6
svm_full,signo_zodiacal_sagitario,38,0.5,0.57,0.5496825396825396,0.64,0.5879904306220095,0.586,0.6266941006190232,6.4,5.0,5.0,3.6
svm_full,signo_zodiacal_sagitario,39,0.5,0.51,0.5198412698412698,0.4600000000000001,0.48391031053569755,0.522,0.5942030644793801,4.6,4.4,5.6,5.4
svm_full,signo_zodiacal_sagitario,40,0.5,0.5900000000000001,0.6472727272727272,0.48,0.5307575757575758,0.584,0.6165562580694159,4.8,3.0,7.0,5.2
svm_full,signo_zodiacal_sagitario,41,0.5,0.42000000000000004,0.4210606060606061,0.4600000000000001,0.4348571428571429,0.44000000000000006,0.508295230053744,4.6,6.2,3.8,5.4
svm_full,signo_zodiacal_sagitario,42,0.5,0.49000000000000005,0.48611111111111105,0.38,0.4185463659147869,0.496,0.5379359621286866,3.8,4.0,6.0,6.2
svm_full,signo_zodiacal_sagitario,43,0.5,0.43,0.4362193362193362,0.4600000000000001,0.4446115288220551,0.39999999999999997,0.49379904263263397,4.6,6.0,4.0,5.4
svm_full,signo_zodiacal_sagitario,44,0.5,0.51,0.4875,0.5599999999999999,0.5090497737556562,0.495,0.5512107069916667,5.6,5.4,4.6,4.4
svm_full,signo_zodiacal_sagitario,45,0.5,0.5700000000000001,0.655,0.45999999999999996,0.5106915306915306,0.582,0.6645242839375965,4.6,3.2,6.8,5.4
svm_full,signo_zodiacal_sagitario,46,0.5,0.5200000000000001,0.5313131313131312,0.48,0.49849624060150377,0.49800000000000005,0.5527633955311974,4.8,4.4,5.6,5.2
svm_full,signo_zodiacal_sagitario,47,0.5,0.52,0.5167832167832167,0.62,0.563297571993224,0.48600000000000004,0.5635093893035069,6.2,5.8,4.2,3.8
svm_full,signo_zodiacal_sagitario,48,0.5,0.54,0.5332478632478633,0.6,0.5623132931142084,0.59,0.6027194276311925,6.0,5.2,4.8,4.0
svm_full,signo_zodiacal_sagitario,49,0.5,0.49000000000000005,0.4622727272727273,0.38,0.4066666666666666,0.5279999999999999,0.5597018439077263,3.8,4.0,6.0,6.2
svm_full,signo_zodiacal_sagitario,50,0.5,0.5200000000000001,0.5128871128871129,0.5800000000000001,0.5391994478951001,0.548,0.5968488743798341,5.8,5.4,4.6,4.2
svm_full,signo_zodiacal_sagitario,51,0.5,0.54,0.5269658119658119,0.5800000000000001,0.544323417238749,0.616,0.6418080771138046,5.8,5.0,5.0,4.2
svm_full,signo_zodiacal_sagitario,52,0.5,0.5,0.5076190476190476,0.5999999999999999,0.5346890756302521,0.5519999999999999,0.6197151257754973,6.0,6.0,4.0,4.0
svm_full,signo_zodiacal_sagitario,53,0.5,0.52,0.5026923076923077,0.4800000000000001,0.48173913043478256,0.546,0.5668953236306178,4.8,4.4,5.6,5.2
svm_full,signo_zodiacal_sagitario,54,0.5,0.42000000000000004,0.4258119658119658,0.48,0.4493488662367381,0.388,0.5067162590591383,4.8,6.4,3.6,5.2
svm_full,signo_zodiacal_sagitario,55,0.5,0.54,0.551060606060606,0.5,0.5225062656641604,0.5519999999999999,0.6420323538690411,5.0,4.2,5.8,5.0
svm_full,signo_zodiacal_sagitario,56,0.5,0.42000000000000004,0.4182828282828283,0.41999999999999993,0.4165626186678818,0.33399999999999996,0.47330880909596085,4.2,5.8,4.2,5.8
svm_full,signo_zodiacal_sagitario,57,0.5,0.51,0.5312354312354312,0.56,0.5338509316770186,0.5319999999999999,0.5982830215020617,5.6,5.4,4.6,4.4
svm_full,signo_zodiacal_sagitario,58,0.5,0.47000000000000003,0.4744939271255061,0.72,0.5668977199711833,0.32199999999999995,0.434683430346743,7.2,7.8,2.2,2.8
svm_full,signo_zodiacal_sagitario,59,0.5,0.43,0.4107142857142857,0.38,0.38815789473684215,0.404,0.5105396368337545,3.8,5.2,4.8,6.2
svm_full,signo_zodiacal_sagitario,60,0.5,0.36,0.34501831501831504,0.31999999999999995,0.31806763285024153,0.35,0.475404589906138,3.2,6.0,4.0,6.8
svm_full,signo_zodiacal_sagitario,61,0.5,0.43999999999999995,0.4633333333333334,0.44000000000000006,0.4424777183600713,0.39,0.5264602086939549,4.4,5.6,4.4,5.6
svm_full,signo_zodiacal_sagitario,62,0.5,0.37,0.3446226975638741,0.4,0.3618142578668894,0.358,0.46286817920641443,4.0,6.6,3.4,6.0
svm_full,signo_zodiacal_sagitario,63,0.5,0.41999999999999993,0.42696969696969694,0.45999999999999996,0.44233766233766236,0.41200000000000003,0.5280846484097258,4.6,6.2,3.8,5.4
svm_full,signo_zodiacal_sagitario,64,0.5,0.5599999999999999,0.6033333333333333,0.47999999999999987,0.5112698412698412,0.5399999999999999,0.5877226276475502,4.8,3.6,6.4,5.2
svm_full,signo_zodiacal_sagitario,65,0.5,0.5900000000000001,0.6742857142857143,0.34,0.4458392587804353,0.534,0.6370367869144958,3.4,1.6,8.4,6.6
svm_full,signo_zodiacal_sagitario,66,0.5,0.54,0.5443278943278943,0.5800000000000001,0.5584375959662001,0.6100000000000001,0.6458256427095436,5.8,5.0,5.0,4.2
svm_full,signo_zodiacal_sagitario,67,0.5,0.55,0.5942857142857143,0.38,0.4503081232492997,0.5660000000000001,0.6082708859767683,3.8,2.8,7.2,6.2
svm_full,signo_zodiacal_sagitario,68,0.5,0.30999999999999994,0.21944444444444441,0.18,0.19543859649122805,0.199,0.39283106521961014,1.8,5.6,4.4,8.2
svm_full,signo_zodiacal_sagitario,69,0.5,0.48999999999999994,0.49333333333333335,0.5199999999999999,0.4965238095238095,0.4720000000000001,0.5370497470365891,5.2,5.4,4.6,4.8
svm_full,signo_zodiacal_sagitario,70,0.5,0.49000000000000005,0.498974358974359,0.6200000000000001,0.5492429309820615,0.5010000000000001,0.5813451460819881,6.2,6.4,3.6,3.8
svm_full,signo_zodiacal_sagitario,71,0.5,0.6199999999999999,0.6398268398268399,0.58,0.5985994397759103,0.642,0.6537162636984618,5.8,3.4,6.6,4.2
svm_full,signo_zodiacal_sagitario,72,0.5,0.41,0.42425352425352425,0.4600000000000001,0.43624641313428497,0.45200000000000007,0.5623952828217533,4.6,6.4,3.6,5.4
svm_full,signo_zodiacal_sagitario,73,0.5,0.47000000000000003,0.46333333333333326,0.42000000000000004,0.4337161084529505,0.47400000000000003,0.5580599131690462,4.2,4.8,5.2,5.8
svm_full,signo_zodiacal_sagitario,74,0.5,0.55,0.541978021978022,0.64,0.584163372859025,0.57,0.5911004257180729,6.4,5.4,4.6,3.6
svm_full,signo_zodiacal_sagitario,75,0.5,0.4600000000000001,0.49292374292374286,0.45999999999999996,0.4674771094208435,0.42400000000000004,0.48793999567683777,4.6,5.4,4.6,5.4
svm_full,signo_zodiacal_sagitario,76,0.5,0.5399999999999999,0.596111111111111,0.36,0.43931077694235593,0.56,0.631240434402199,3.6,2.8,7.2,6.4
svm_full,signo_zodiacal_sagitario,77,0.5,0.5700000000000001,0.565128205128205,0.62,0.5837264174930079,0.5289999999999999,0.599002525853919,6.2,4.8,5.2,3.8
svm_full,signo_zodiacal_sagitario,78,0.5,0.5199999999999999,0.5342424242424243,0.5599999999999999,0.5405714285714286,0.514,0.5753537475596298,5.6,5.2,4.8,4.4
svm_full,signo_zodiacal_sagitario,79,0.5,0.54,0.5653679653679654,0.5199999999999999,0.516908581614464,0.502,0.5430151865678182,5.2,4.4,5.6,4.8
svm_full,signo_zodiacal_sagitario,80,0.5,0.61,0.5983333333333334,0.5599999999999999,0.5728814460393407,0.6609999999999999,0.7018440519748569,5.6,3.4,6.6,4.4
svm_full,signo_zodiacal_sagitario,81,0.5,0.5599999999999999,0.5517099567099567,0.62,0.5731586060997825,0.5720000000000001,0.5745618172676996,6.2,5.0,5.0,3.8
svm_full,signo_zodiacal_sagitario,82,0.5,0.5,0.5,0.4,0.424593837535014,0.47400000000000003,0.5869231626646487,4.0,4.0,6.0,6.0
svm_full,signo_zodiacal_sagitario,83,0.5,0.61,0.6242673992673993,0.6000000000000001,0.6032953032818426,0.582,0.6202256609919148,6.0,3.8,6.2,4.0
svm_full,signo_zodiacal_sagitario,84,0.5,0.5599999999999999,0.5757575757575758,0.5,0.5269172932330827,0.57,0.6094793550103148,5.0,3.8,6.2,5.0
svm_full,signo_zodiacal_sagitario,85,0.5,0.4,0.40189810189810193,0.4,0.3912099622457679,0.308,0.4458164578799254,4.0,6.0,4.0,6.0
svm_full,signo_zodiacal_sagitario,86,0.5,0.6000000000000001,0.6177655677655678,0.6199999999999999,0.6060451057893513,0.6960000000000001,0.7167610151286622,6.2,4.2,5.8,3.8
svm_full,signo_zodiacal_sagitario,87,0.5,0.45999999999999996,0.4704545454545455,0.45999999999999996,0.4614718614718615,0.42600000000000005,0.531724351242153,4.6,5.4,4.6,5.4
svm_full,signo_zodiacal_sagitario,88,0.5,0.51,0.5023809523809524,0.45999999999999996,0.47622353566626013,0.5359999999999999,0.6153851580995544,4.6,4.4,5.6,5.4
svm_full,signo_zodiacal_sagitario,89,0.5,0.35,0.34095238095238095,0.42000000000000004,0.37141457922882076,0.298,0.44670921012252285,4.2,7.2,2.8,5.8
svm_full,signo_zodiacal_sagitario,90,0.5,0.47000000000000003,0.4722222222222222,0.58,0.5101623522676155,0.43200000000000005,0.4909096638655462,5.8,6.4,3.6,4.2
svm_full,signo_zodiacal_sagitario,91,0.5,0.41000000000000003,0.408051948051948,0.39999999999999997,0.401339980968464,0.384,0.514478829821709,4.0,5.8,4.2,6.0
svm_full,signo_zodiacal_sagitario,92,0.5,0.44000000000000006,0.41826330532212885,0.45999999999999996,0.41299145299145296,0.41600000000000004,0.49238284694321843,4.6,5.8,4.2,5.4
svm_full,signo_zodiacal_sagitario,93,0.5,0.49000000000000005,0.48571428571428577,0.42000000000000004,0.4435680332739157,0.49000000000000005,0.5575111175374333,4.2,4.4,5.6,5.8
svm_full,signo_zodiacal_sagitario,94,0.5,0.43,0.4006060606060606,0.38,0.3872222222222222,0.392,0.4749495602436779,3.8,5.2,4.8,6.2
svm_full,signo_zodiacal_sagitario,95,0.5,0.52,0.5301587301587302,0.4,0.45362917096663224,0.5,0.5701465191155594,4.0,3.6,6.4,6.0
svm_full,signo_zodiacal_sagitario,96,0.5,0.35,0.3427777777777778,0.33999999999999997,0.3396810207336523,0.3,0.44998319697158706,3.4,6.4,3.6,6.6
svm_full,signo_zodiacal_sagitario,97,0.5,0.55,0.5837662337662338,0.45999999999999996,0.5093763821318001,0.557,0.5992800985564143,4.6,3.6,6.4,5.4
svm_full,signo_zodiacal_sagitario,98,0.5,0.45999999999999996,0.4746606334841629,0.62,0.533809105548236,0.5,0.594401508020703,6.2,7.0,3.0,3.8
svm_full,signo_zodiacal_sagitario,99,0.5,0.53,0.5317460317460319,0.42000000000000004,0.4640798073615411,0.5519999999999999,0.5982021193460823,4.2,3.6,6.4,5.8
svm_full,signo_zodiacal_sagitario,100,0.5,0.43,0.428021978021978,0.4999999999999999,0.45434782608695656,0.362,0.4578534902490011,5.0,6.4,3.6,5.0
svm_full,signo_zodiacal_sagitario,101,0.5,0.49000000000000005,0.49764901764901764,0.6199999999999999,0.5489772256728779,0.45999999999999996,0.5590887025770926,6.2,6.4,3.6,3.8
svm_full,signo_zodiacal_sagitario,102,0.5,0.49000000000000005,0.495,0.32,0.3788095238095238,0.512,0.5386907999980755,3.2,3.4,6.6,6.8
svm_full,signo_zodiacal_sagitario,103,0.5,0.4600000000000001,0.45681818181818185,0.45999999999999996,0.4488095238095237,0.47400000000000003,0.5305308384426032,4.6,5.4,4.6,5.4
svm_full,signo_zodiacal_sagitario,104,0.5,0.41,0.3744444444444444,0.27999999999999997,0.3161988304093567,0.476,0.5480028386646034,2.8,4.6,5.4,7.2
svm_full,signo_zodiacal_sagitario,105,0.5,0.36,0.3406926406926407,0.4,0.3639103641456583,0.32999999999999996,0.45378665881761854,4.0,6.8,3.2,6.0
svm_full,signo_zodiacal_sagitario,106,0.5,0.44000000000000006,0.4392496392496392,0.4800000000000001,0.44652808491817775,0.45599999999999996,0.6022700463451237,4.8,6.0,4.0,5.2
svm_full,signo_zodiacal_sagitario,107,0.5,0.41000000000000003,0.39340659340659345,0.36,0.3563329679697967,0.418,0.5210011466861312,3.6,5.4,4.6,6.4
svm_full,signo_zodiacal_sagitario,108,0.5,0.47000000000000003,0.4802597402597403,0.38,0.41661998132586364,0.48200000000000004,0.5918278121087719,3.8,4.4,5.6,6.2
svm_full,signo_zodiacal_sagitario,109,0.5,0.5,0.4957875457875458,0.6,0.5362667596682942,0.48600000000000004,0.5419772065739558,6.0,6.0,4.0,4.0
svm_full,signo_zodiacal_sagitario,110,0.5,0.4,0.40166666666666667,0.38,0.3808245614035088,0.372,0.47148461892424737,3.8,5.8,4.2,6.2
svm_full,signo_zodiacal_sagitario,111,0.5,0.51,0.5048484848484848,0.58,0.5365714285714286,0.542,0.5983370518370518,5.8,5.6,4.4,4.2
svm_full,signo_zodiacal_sagitario,112,0.5,0.5800000000000001,0.5982085561497327,0.64,0.6083597883597883,0.546,0.5919852631029101,6.4,4.8,5.2,3.6
svm_full,signo_zodiacal_sagitario,113,0.5,0.4699999999999999,0.4583333333333333,0.33999999999999997,0.38742690058479534,0.476,0.561970760233918,3.4,4.0,6.0,6.6
svm_full,signo_zodiacal_sagitario,114,0.5,0.5199999999999999,0.5393990323402088,0.58,0.5374512916277622,0.586,0.6369992419860842,5.8,5.4,4.6,4.2
svm_full,signo_zodiacal_sagitario,115,0.5,0.48,0.485,0.48,0.48063492063492064,0.422,0.49500181311636426,4.8,5.2,4.8,5.2
svm_full,signo_zodiacal_sagitario,116,0.5,0.45,0.44230769230769235,0.4600000000000001,0.44525691699604747,0.49000000000000005,0.5958688070615314,4.6,5.6,4.4,5.4
svm_full,signo_zodiacal_sagitario,117,0.5,0.4,0.4040093240093241,0.45999999999999996,0.42804402310123135,0.386,0.4792988708917501,4.6,6.6,3.4,5.4
svm_full,signo_zodiacal_sagitario,118,0.5,0.53,0.5274902874902875,0.6,0.557854418655334,0.572,0.6141261136524294,6.0,5.4,4.6,4.0
svm_full,signo_zodiacal_sagitario,119,0.5,0.5700000000000001,0.5606959706959707,0.7,0.6200395256916996,0.554,0.5836375995006027,7.0,5.6,4.4,3.0
svm_full,signo_zodiacal_sagitario,120,0.5,0.49000000000000005,0.5049603174603174,0.45999999999999996,0.46902701701463306,0.47000000000000003,0.5322886188458943,4.6,4.8,5.2,5.4
svm_full,signo_zodiacal_sagitario,121,0.5,0.54,0.5271464646464646,0.6,0.5531193952246584,0.592,0.6578402985902987,6.0,5.2,4.8,4.0
svm_full,signo_zodiacal_sagitario,122,0.5,0.53,0.5196825396825397,0.78,0.6221904761904762,0.513,0.5672088248868434,7.8,7.2,2.8,2.2
svm_full,signo_zodiacal_sagitario,123,0.5,0.5800000000000001,0.5822222222222223,0.5800000000000001,0.5796172248803828,0.5940000000000001,0.6161374230344819,5.8,4.2,5.8,4.2
svm_full,signo_zodiacal_sagitario,124,0.5,0.5700000000000001,0.5562320032908268,0.8,0.6519509476031214,0.536,0.57644416221893,8.0,6.6,3.4,2.0
svm_full,signo_zodiacal_sagitario,125,0.5,0.43,0.42662337662337657,0.38,0.38968253968253974,0.398,0.4910109833407047,3.8,5.2,4.8,6.2
svm_full,signo_zodiacal_sagitario,126,0.5,0.55,0.5512154512154512,0.52,0.5240043843624406,0.514,0.5334257007182703,5.2,4.2,5.8,4.8
svm_full,signo_zodiacal_sagitario,127,0.5,0.4,0.3813852813852813,0.3,0.3311858076563959,0.414,0.4790701977760802,3.0,5.0,5.0,7.0
svm_full,signo_zodiacal_sagitario,128,0.5,0.48999999999999994,0.4958333333333333,0.5399999999999999,0.5097656729235677,0.53,0.6084092111019356,5.4,5.6,4.4,4.6
svm_full,signo_zodiacal_sagitario,129,0.5,0.45999999999999996,0.46998834498834496,0.5,0.4798590679597544,0.398,0.4856656666347069,5.0,5.8,4.2,5.0
svm_full,signo_zodiacal_sagitario,130,0.5,0.49000000000000005,0.4875097125097125,0.48,0.4794522538229632,0.43999999999999995,0.5127925681130016,4.8,5.0,5.0,5.2
svm_full,signo_zodiacal_sagitario,131,0.5,0.51,0.5094780219780219,0.6599999999999999,0.5718556805513326,0.546,0.6444281727044885,6.6,6.4,3.6,3.4
svm_full,signo_zodiacal_sagitario,132,0.5,0.5900000000000001,0.6022727272727273,0.45999999999999996,0.5111111111111111,0.5960000000000001,0.6268076902457708,4.6,2.8,7.2,5.4
svm_full,signo_zodiacal_sagitario,133,0.5,0.55,0.5942857142857143,0.4,0.47025799793601647,0.5900000000000001,0.6328042598955912,4.0,3.0,7.0,6.0
svm_full,signo_zodiacal_sagitario,134,0.5,0.51,0.5060606060606061,0.64,0.5640692640692642,0.45199999999999996,0.5095136350577527,6.4,6.2,3.8,3.6
svm_full,signo_zodiacal_sagitario,135,0.5,0.54,0.5381410256410256,0.72,0.6091251540221793,0.55,0.5607112207537904,7.2,6.4,3.6,2.8
svm_full,signo_zodiacal_sagitario,136,0.5,0.6199999999999999,0.6998917748917749,0.54,0.5700854700854701,0.6060000000000001,0.635637571578748,5.4,3.0,7.0,4.6
svm_full,signo_zodiacal_sagitario,137,0.5,0.58,0.5686111111111111,0.6599999999999999,0.5988358074673863,0.55,0.6034611858729505,6.6,5.0,5.0,3.4
svm_full,signo_zodiacal_sagitario,138,0.5,0.48,0.5003968253968254,0.4,0.4387747443474998,0.534,0.5955456487956488,4.0,4.4,5.6,6.0
svm_full,signo_zodiacal_sagitario,139,0.5,0.5200000000000001,0.519005439005439,0.54,0.5265511605099705,0.55,0.624503930709813,5.4,5.0,5.0,4.6
svm_full,signo_zodiacal_sagitario,140,0.5,0.5,0.4928571428571429,0.44000000000000006,0.4549019607843137,0.5559999999999999,0.6399069362010539,4.4,4.4,5.6,5.6
svm_full,signo_zodiacal_sagitario,141,0.5,0.55,0.5583333333333333,0.45999999999999996,0.5019005847953217,0.612,0.6391284169047327,4.6,3.6,6.4,5.4
svm_full,signo_zodiacal_sagitario,142,0.5,0.52,0.5274170274170273,0.4600000000000001,0.4887709469752813,0.542,0.5796025434833484,4.6,4.2,5.8,5.4
svm_full,signo_zodiacal_sagitario,143,0.5,0.4800000000000001,0.45054945054945056,0.45999999999999996,0.44330775788576304,0.48200000000000004,0.519617668279433,4.6,5.0,5.0,5.4
svm_full,signo_zodiacal_sagitario,144,0.5,0.45999999999999996,0.42813852813852815,0.42000000000000004,0.4134453781512605,0.43,0.5426153697523667,4.2,5.0,5.0,5.8
svm_full,signo_zodiacal_sagitario,145,0.5,0.4,0.3821428571428571,0.28,0.3011258091753448,0.4680000000000001,0.5177654536725743,2.8,4.8,5.2,7.2
svm_full,signo_zodiacal_sagitario,146,0.5,0.49000000000000005,0.4843156843156843,0.44000000000000006,0.4522713433199367,0.496,0.556757149713032,4.4,4.6,5.4,5.6
svm_full,signo_zodiacal_sagitario,147,0.5,0.44000000000000006,0.4257142857142857,0.4600000000000001,0.4244242424242424,0.352,0.45595510268884887,4.6,5.8,4.2,5.4
svm_full,signo_zodiacal_sagitario,148,0.5,0.4,0.4224025974025974,0.38,0.3943977591036415,0.354,0.5038791147792696,3.8,5.8,4.2,6.2
svm_full,signo_zodiacal_sagitario,149,0.5,0.5,0.49880341880341883,0.64,0.5557295610567923,0.47400000000000003,0.5219150659282238,6.4,6.4,3.6,3.6
svm_full,signo_zodiacal_sagitario,150,0.5,0.5599999999999999,0.5442124542124542,0.74,0.6262872200263504,0.584,0.6101433201301623,7.4,6.2,3.8,2.6
svm_full,signo_zodiacal_sagitario,151,0.5,0.42000000000000004,0.40499999999999997,0.38,0.3827777777777778,0.40199999999999997,0.49256966236377997,3.8,5.4,4.6,6.2
svm_full,signo_zodiacal_sagitario,152,0.5,0.4800000000000001,0.4594877344877345,0.4,0.42477763035038574,0.48600000000000004,0.5473722660208729,4.0,4.4,5.6,6.0
svm_full,signo_zodiacal_sagitario,153,0.5,0.39,0.39314685314685316,0.44000000000000006,0.41412008281573504,0.316,0.4330401110757148,4.4,6.6,3.4,5.6
svm_full,signo_zodiacal_sagitario,154,0.5,0.53,0.5516305916305916,0.42000000000000004,0.4673920094353531,0.5660000000000001,0.6289213384654561,4.2,3.6,6.4,5.8
svm_full,signo_zodiacal_sagitario,155,0.5,0.51,0.48571428571428577,0.42000000000000004,0.4415839062897886,0.5660000000000001,0.622656323037128,4.2,4.0,6.0,5.8
svm_full,signo_zodiacal_sagitario,156,0.5,0.5199999999999999,0.5188034188034187,0.5800000000000001,0.5451841065113376,0.508,0.5543774722010015,5.8,5.4,4.6,4.2
svm_full,signo_zodiacal_sagitario,157,0.5,0.5200000000000001,0.5153846153846153,0.52,0.5079519450800916,0.502,0.5779015059587815,5.2,4.8,5.2,4.8
svm_full,signo_zodiacal_sagitario,158,0.5,0.5199999999999999,0.5344444444444445,0.5599999999999999,0.5332631578947369,0.584,0.6362278516117524,5.6,5.2,4.8,4.4
svm_full,signo_zodiacal_sagitario,159,0.5,0.44000000000000006,0.42444444444444446,0.39999999999999997,0.4045295055821372,0.45199999999999996,0.5082189450556324,4.0,5.2,4.8,6.0
svm_full,signo_zodiacal_sagitario,160,0.5,0.44000000000000006,0.4126984126984127,0.34,0.36536025893611035,0.442,0.5016482781923959,3.4,4.6,5.4,6.6
svm_full,signo_zodiacal_sagitario,161,0.5,0.41000000000000003,0.3951648351648352,0.4,0.38473998294970163,0.364,0.4866952894027198,4.0,5.8,4.2,6.0
svm_full,signo_zodiacal_sagitario,162,0.5,0.51,0.5065934065934066,0.64,0.564953886693017,0.502,0.5323693518383921,6.4,6.2,3.8,3.6
svm_full,signo_zodiacal_sagitario,163,0.5,0.57,0.5635714285714286,0.6399999999999999,0.5892727272727273,0.5900000000000001,0.6367987471764561,6.4,5.0,5.0,3.6
svm_full,signo_zodiacal_sagitario,164,0.5,0.53,0.5377777777777777,0.6200000000000001,0.5696659038901603,0.608,0.6460629621496494,6.2,5.6,4.4,3.8
svm_full,signo_zodiacal_sagitario,165,0.5,0.6,0.6167460317460318,0.54,0.57296869625043,0.5880000000000001,0.6265191083426377,5.4,3.4,6.6,4.6
svm_full,signo_zodiacal_sagitario,166,0.5,0.42000000000000004,0.4229195804195804,0.5,0.45228858098423314,0.38,0.4685868390295635,5.0,6.6,3.4,5.0
svm_full,signo_zodiacal_sagitario,167,0.5,0.5,0.5016783216783216,0.6399999999999999,0.5611985695463957,0.49400000000000005,0.5738790217350588,6.4,6.4,3.6,3.6
svm_full,signo_zodiacal_sagitario,168,0.5,0.38,0.3588888888888889,0.3,0.32198830409356727,0.40199999999999997,0.49349309230501176,3.0,5.4,4.6,7.0
svm_full,signo_zodiacal_sagitario,169,0.5,0.53,0.5226007326007326,0.5599999999999999,0.5256865845152291,0.5599999999999999,0.6012609884095952,5.6,5.0,5.0,4.4
svm_full,signo_zodiacal_sagitario,170,0.5,0.48,0.48778998778998783,0.5,0.487023825548526,0.46399999999999997,0.5692529245780019,5.0,5.4,4.6,5.0
svm_full,signo_zodiacal_sagitario,171,0.5,0.53,0.5433333333333333,0.43999999999999995,0.46718207282913166,0.532,0.6014699909653469,4.4,3.8,6.2,5.6
svm_full,signo_zodiacal_sagitario,172,0.5,0.45,0.45,0.52,0.4802574618364092,0.4,0.4842070048114939,5.2,6.2,3.8,4.8
svm_full,signo_zodiacal_sagitario,173,0.5,0.55,0.5638827838827838,0.6199999999999999,0.5804770983492211,0.541,0.5799639794330197,6.2,5.2,4.8,3.8
svm_full,signo_zodiacal_sagitario,174,0.5,0.4600000000000001,0.44857466063348417,0.6199999999999999,0.5103105590062113,0.46799999999999997,0.5204096797595249,6.2,7.0,3.0,3.8
svm_full,signo_zodiacal_sagitario,175,0.5,0.63,0.6670163170163169,0.6599999999999999,0.6421607378129117,0.6970000000000001,0.6991806875614925,6.6,4.0,6.0,3.4
svm_full,signo_zodiacal_sagitario,176,0.5,0.57,0.5674242424242424,0.56,0.5597402597402596,0.508,0.5620018890638085,5.6,4.2,5.8,4.4
svm_full,signo_zodiacal_sagitario,177,0.5,0.43999999999999995,0.4371367521367522,0.47999999999999987,0.4501133994406306,0.4699999999999999,0.5546752954647691,4.8,6.0,4.0,5.2
svm_full,signo_zodiacal_sagitario,178,0.5,0.48,0.4909188034188034,0.56,0.517303291674001,0.518,0.5920688308939083,5.6,6.0,4.0,4.4
svm_full,signo_zodiacal_sagitario,179,0.5,0.61,0.6828571428571429,0.44000000000000006,0.5276470588235294,0.626,0.6614698793638422,4.4,2.2,7.8,5.6
svm_full,signo_zodiacal_sagitario,180,0.5,0.6100000000000001,0.6036363636363636,0.6199999999999999,0.6098412698412699,0.6359999999999999,0.6619175916103159,6.2,4.0,6.0,3.8
svm_full,signo_zodiacal_sagitario,181,0.5,0.39,0.38,0.38,0.3757516339869281,0.382,0.49547594948910734,3.8,6.0,4.0,6.2
svm_full,signo_zodiacal_sagitario,182,0.5,0.55,0.5411965811965813,0.6599999999999999,0.591467443311837,0.5479999999999999,0.5999957346574993,6.6,5.6,4.4,3.4
svm_full,signo_zodiacal_sagitario,183,0.5,0.44000000000000006,0.4427838827838828,0.5599999999999999,0.4829555217968194,0.43200000000000005,0.5083885971269873,5.6,6.8,3.2,4.4
svm_full,signo_zodiacal_sagitario,184,0.5,0.42000000000000004,0.42858974358974355,0.48,0.43987027465288336,0.352,0.45164291839911036,4.8,6.4,3.6,5.2
svm_full,signo_zodiacal_sagitario,185,0.5,0.43,0.41440115440115444,0.36,0.3810894884269497,0.426,0.4950441578545293,3.6,5.0,5.0,6.4
svm_full,signo_zodiacal_sagitario,186,0.5,0.61,0.6058441558441559,0.52,0.530952380952381,0.674,0.7386338438822959,5.2,3.0,7.0,4.8
svm_full,signo_zodiacal_sagitario,187,0.5,0.4699999999999999,0.4675324675324675,0.44000000000000006,0.4451553348612173,0.508,0.538145889026694,4.4,5.0,5.0,5.6
svm_full,signo_zodiacal_sagitario,188,0.5,0.49000000000000005,0.47480519480519484,0.38,0.41320728291316533,0.442,0.5337999341559713,3.8,4.0,6.0,6.2
svm_full,signo_zodiacal_sagitario,189,0.5,0.57,0.5973015873015873,0.5599999999999999,0.5621829439909936,0.532,0.5909543054984232,5.6,4.2,5.8,4.4
svm_full,signo_zodiacal_sagitario,190,0.5,0.39,0.34454545454545454,0.33999999999999997,0.32215451215451213,0.378,0.4777692574882977,3.4,5.6,4.4,6.6
svm_full,signo_zodiacal_sagitario,191,0.5,0.58,0.6587301587301586,0.4600000000000001,0.5059041835357625,0.626,0.6952709492090297,4.6,3.0,7.0,5.4
svm_full,signo_zodiacal_sagitario,192,0.5,0.45,0.4395104895104895,0.48,0.45312441182006397,0.47800000000000004,0.5546387376813072,4.8,5.8,4.2,5.2
svm_full,signo_zodiacal_sagitario,193,0.5,0.47000000000000003,0.4675324675324675,0.45999999999999996,0.4527310924369748,0.5720000000000001,0.6288775832011126,4.6,5.2,4.8,5.4
svm_full,signo_zodiacal_sagitario,194,0.5,0.47000000000000003,0.45897435897435895,0.43999999999999995,0.43887163561076603,0.47400000000000003,0.5593727748859327,4.4,5.0,5.0,5.6
svm_full,signo_zodiacal_sagitario,195,0.5,0.44000000000000006,0.45,0.5599999999999999,0.4988142292490119,0.46699999999999997,0.5651426633222298,5.6,6.8,3.2,4.4
svm_full,signo_zodiacal_sagitario,196,0.5,0.5700000000000001,0.5654870129870131,0.68,0.6117948717948718,0.6020000000000001,0.65754289948098,6.8,5.4,4.6,3.2
svm_full,signo_zodiacal_sagitario,197,0.5,0.5900000000000001,0.6192857142857143,0.44000000000000006,0.5052287581699346,0.53,0.6377783342388605,4.4,2.6,7.4,5.6
svm_full,signo_zodiacal_sagitario,198,0.5,0.61,0.5891774891774891,0.66,0.6176767676767676,0.6159999999999999,0.6329311229705967,6.6,4.4,5.6,3.4
svm_full,signo_zodiacal_sagitario,199,0.5,0.52,0.5476190476190476,0.48,0.5022516183506895,0.51,0.605241119561553,4.8,4.4,5.6,5.2
svm_full,signo_zodiacal_sagitario,200,0.5,0.51,0.5340659340659341,0.5599999999999999,0.5369799760969501,0.502,0.5631565393670657,5.6,5.4,4.6,4.4
svm_full,signo_zodiacal_sagitario,201,0.5,0.43,0.41601731601731595,0.36000000000000004,0.38090569561157794,0.41800000000000004,0.5190193690898026,3.6,5.0,5.0,6.4
svm_full,signo_zodiacal_sagitario,202,0.5,0.47000000000000003,0.5007936507936508,0.48,0.48271882915845765,0.43200000000000005,0.5304526323349852,4.8,5.4,4.6,5.2
svm_full,signo_zodiacal_sagitario,203,0.5,0.6,0.5837606837606838,0.6399999999999999,0.6061784897025172,0.5980000000000001,0.634337828236435,6.4,4.4,5.6,3.6
svm_full,signo_zodiacal_sagitario,204,0.5,0.5399999999999999,0.558968253968254,0.48,0.5140213278293774,0.4839999999999999,0.5452491489418734,4.8,4.0,6.0,5.2
svm_full,signo_zodiacal_sagitario,205,0.5,0.4800000000000001,0.4766233766233766,0.45999999999999996,0.46027077497665736,0.476,0.5341010366482501,4.6,5.0,5.0,5.4
svm_full,signo_zodiacal_sagitario,206,0.5,0.45,0.44547619047619047,0.38,0.4040790255496137,0.374,0.47711687495511024,3.8,4.8,5.2,6.2
svm_full,signo_zodiacal_sagitario,207,0.5,0.35,0.365018315018315,0.42000000000000004,0.38392621870882737,0.4,0.509257475152986,4.2,7.2,2.8,5.8
svm_full,signo_zodiacal_sagitario,208,0.5,0.56,0.5549242424242424,0.6,0.5685367264314632,0.548,0.5737581280948154,6.0,4.8,5.2,4.0
svm_full,signo_zodiacal_sagitario,209,0.5,0.48,0.5026973026973027,0.54,0.5124710753866764,0.388,0.5105457841092516,5.4,5.8,4.2,4.6
svm_full,signo_zodiacal_sagitario,210,0.5,0.45,0.41666666666666663,0.43999999999999995,0.41418759018759027,0.39999999999999997,0.5156190323264627,4.4,5.4,4.6,5.6
svm_full,signo_zodiacal_sagitario,211,0.5,0.48,0.48409090909090907,0.4,0.4298412698412698,0.49799999999999994,0.5600435475257457,4.0,4.4,5.6,6.0
svm_full,signo_zodiacal_sagitario,212,0.5,0.54,0.5331890331890332,0.5599999999999999,0.5401371074745688,0.56,0.5912301956729201,5.6,4.8,5.2,4.4
svm_full,signo_zodiacal_sagitario,213,0.5,0.39,0.4109324009324009,0.5399999999999999,0.4653314511575381,0.35,0.452557589641181,5.4,7.6,2.4,4.6
svm_full,signo_zodiacal_sagitario,214,0.5,0.48,0.47768009768009767,0.58,0.5200076277650648,0.506,0.5693826049251746,5.8,6.2,3.8,4.2
svm_full,signo_zodiacal_sagitario,215,0.5,0.5900000000000001,0.5902020202020202,0.52,0.5462155388471178,0.624,0.642615065275282,5.2,3.4,6.6,4.8
svm_full,signo_zodiacal_sagitario,216,0.5,0.43,0.43793650793650796,0.5,0.46421052631578946,0.40099999999999997,0.4903262760631182,5.0,6.4,3.6,5.0
svm_full,signo_zodiacal_sagitario,217,0.5,0.56,0.5706782106782107,0.6199999999999999,0.5825292643373138,0.564,0.617248595573673,6.2,5.0,5.0,3.8
svm_full,signo_zodiacal_sagitario,218,0.5,0.49000000000000005,0.4883560883560884,0.48,0.4790441577088501,0.554,0.5631443731706891,4.8,5.0,5.0,5.2
svm_full,signo_zodiacal_sagitario,219,0.5,0.41,0.39755799755799753,0.36,0.3730246331942388,0.39599999999999996,0.4988905471893088,3.6,5.4,4.6,6.4
svm_full,signo_zodiacal_sagitario,220,0.5,0.48,0.45272727272727264,0.48,0.4550793650793651,0.41,0.4799178029572766,4.8,5.2,4.8,5.2
svm_full,signo_zodiacal_sagitario,221,0.5,0.5,0.49326007326007326,0.56,0.5208390541571319,0.43200000000000005,0.5244573965765916,5.6,5.6,4.4,4.4
svm_full,signo_zodiacal_sagitario,222,0.5,0.39,0.39116883116883117,0.38,0.38296918767507004,0.32399999999999995,0.4561292731176632,3.8,6.0,4.0,6.2
svm_full,signo_zodiacal_sagitario,223,0.5,0.5,0.4911616161616161,0.52,0.4961763382816014,0.504,0.5474774741082791,5.2,5.2,4.8,4.8
svm_full,signo_zodiacal_sagitario,224,0.5,0.4800000000000001,0.48082362082362085,0.58,0.5222786610795764,0.5269999999999999,0.5589205859499977,5.8,6.2,3.8,4.2
svm_full,signo_zodiacal_sagitario,225,0.5,0.5200000000000001,0.5113131313131313,0.66,0.5711629072681704,0.476,0.5247573890677606,6.6,6.2,3.8,3.4
svm_full,signo_zodiacal_sagitario,226,0.5,0.5,0.5004329004329005,0.33999999999999997,0.396218487394958,0.488,0.5853121707154214,3.4,3.4,6.6,6.6
svm_full,signo_zodiacal_sagitario,227,0.5,0.55,0.5940476190476189,0.31999999999999995,0.4007469654528478,0.534,0.5965526691231026,3.2,2.2,7.8,6.8
svm_full,signo_zodiacal_sagitario,228,0.5,0.54,0.5315909090909091,0.7,0.6011108891108891,0.4680000000000001,0.5172431081989906,7.0,6.2,3.8,3.0
svm_full,signo_zodiacal_sagitario,229,0.5,0.51,0.5111111111111111,0.41999999999999993,0.4518796992481202,0.526,0.5864494039672058,4.2,4.0,6.0,5.8
svm_full,signo_zodiacal_sagitario,230,0.5,0.53,0.5290909090909091,0.44000000000000006,0.4565079365079365,0.586,0.6143146863456461,4.4,3.8,6.2,5.6
svm_full,signo_zodiacal_sagitario,231,0.5,0.44000000000000006,0.4129870129870129,0.36,0.38023735810113524,0.47800000000000004,0.5591404494198612,3.6,4.8,5.2,6.4
svm_full,signo_zodiacal_sagitario,232,0.5,0.4,0.3996503496503497,0.44000000000000006,0.4166823514649602,0.329,0.45755264283360264,4.4,6.4,3.6,5.6
svm_full,signo_zodiacal_sagitario,233,0.5,0.5800000000000001,0.5642424242424242,0.6,0.5702380952380952,0.62,0.6254731738849386,6.0,4.4,5.6,4.0
svm_full,signo_zodiacal_sagitario,234,0.5,0.5,0.5,0.48,0.4828877005347594,0.49000000000000005,0.5516257345166014,4.8,4.8,5.2,5.2
svm_full,signo_zodiacal_sagitario,235,0.5,0.53,0.527992007992008,0.64,0.5763146997929607,0.516,0.5669436664127067,6.4,5.8,4.2,3.6
svm_full,signo_zodiacal_sagitario,236,0.5,0.5599999999999999,0.5903296703296703,0.5599999999999999,0.5639897698209719,0.6239999999999999,0.687203620510896,5.6,4.4,5.6,4.4
svm_full,signo_zodiacal_sagitario,237,0.5,0.47000000000000003,0.4757142857142857,0.54,0.49668686868686873,0.528,0.6068288276051435,5.4,6.0,4.0,4.6
svm_full,signo_zodiacal_sagitario,238,0.5,0.45,0.4542857142857143,0.45999999999999996,0.4507843137254902,0.46099999999999997,0.5849135586635587,4.6,5.6,4.4,5.4
svm_full,signo_zodiacal_sagitario,239,0.5,0.52,0.5141880341880343,0.58,0.5410602593440121,0.5479999999999999,0.6243431280621683,5.8,5.4,4.6,4.2
svm_full,signo_zodiacal_sagitario,240,0.5,0.51,0.5111111111111111,0.4,0.444969040247678,0.558,0.5979127714390872,4.0,3.8,6.2,6.0
svm_full,signo_zodiacal_sagitario,241,0.5,0.5700000000000001,0.559047619047619,0.44000000000000006,0.47032849503437735,0.53,0.5863659312823399,4.4,3.0,7.0,5.6
svm_full,signo_zodiacal_sagitario,242,0.5,0.53,0.5225000000000001,0.6,0.5416231546231546,0.5429999999999999,0.5559009123831105,6.0,5.4,4.6,4.0
svm_full,signo_zodiacal_sagitario,243,0.5,0.54,0.5306526806526807,0.6599999999999999,0.5847181803703543,0.527,0.5905575180753199,6.6,5.8,4.2,3.4
svm_full,signo_zodiacal_sagitario,244,0.5,0.35,0.32661616161616164,0.3,0.3082797903850535,0.33999999999999997,0.4611823383015333,3.0,6.0,4.0,7.0
svm_full,signo_zodiacal_sagitario,245,0.5,0.37,0.35414862914862916,0.30000000000000004,0.32305272986387534,0.38000000000000006,0.4794748246249794,3.0,5.6,4.4,7.0
svm_full,signo_zodiacal_sagitario,246,0.5,0.4,0.40995670995670996,0.48,0.4402141717931192,0.41200000000000003,0.5047200401937244,4.8,6.8,3.2,5.2
svm_full,signo_zodiacal_sagitario,247,0.5,0.5700000000000001,0.5656565656565656,0.6,0.5814536340852129,0.562,0.6058582959008656,6.0,4.6,5.4,4.0
svm_full,signo_zodiacal_sagitario,248,0.5,0.51,0.5106060606060605,0.6,0.5504329004329004,0.544,0.6274134466324869,6.0,5.8,4.2,4.0
svm_full,signo_zodiacal_sagitario,249,0.5,0.47000000000000003,0.4416666666666666,0.45999999999999996,0.43725490196078437,0.45,0.5317435989363235,4.6,5.2,4.8,5.4
svm_full,signo_zodiacal_sagitario,250,0.5,0.55,0.5757575757575758,0.5,0.5206582633053222,0.484,0.5789482071935632,5.0,4.0,6.0,5.0
svm_full,signo_zodiacal_sagitario,251,0.5,0.41,0.4012698412698413,0.42000000000000004,0.4010335794236723,0.422,0.5489021869083789,4.2,6.0,4.0,5.8
svm_full,signo_zodiacal_sagitario,252,0.5,0.42000000000000004,0.3348051948051948,0.38,0.35004329004329005,0.354,0.44135930985079586,3.8,5.4,4.6,6.2
svm_full,signo_zodiacal_sagitario,253,0.5,0.41,0.3694444444444444,0.27999999999999997,0.316374269005848,0.42400000000000004,0.5039745630186806,2.8,4.6,5.4,7.2
svm_full,signo_zodiacal_sagitario,254,0.5,0.55,0.55011655011655,0.5599999999999999,0.5464315432850902,0.528,0.5636462883521707,5.6,4.6,5.4,4.4
svm_full,signo_zodiacal_sagitario,255,0.5,0.36,0.35093795093795094,0.38,0.36059265811587793,0.35200000000000004,0.48958038616010746,3.8,6.6,3.4,6.2
svm_full,signo_zodiacal_sagitario,256,0.5,0.5199999999999999,0.5088888888888888,0.64,0.560811258916522,0.55,0.582750045705928,6.4,6.0,4.0,3.6
svm_full,signo_zodiacal_sagitario,257,0.5,0.51,0.4909090909090909,0.42000000000000004,0.4417967996915365,0.496,0.570386661154463,4.2,4.0,6.0,5.8
svm_full,signo_zodiacal_sagitario,258,0.5,0.47000000000000003,0.45499999999999996,0.36000000000000004,0.39499999999999996,0.4640000000000001,0.5253833480760725,3.6,4.2,5.8,6.4
svm_full,signo_zodiacal_sagitario,259,0.5,0.43,0.43888888888888894,0.5,0.45981270191796514,0.43599999999999994,0.5433412086709299,5.0,6.4,3.6,5.0
svm_full,signo_zodiacal_sagitario,260,0.5,0.57,0.5842857142857143,0.5399999999999999,0.5530065359477124,0.493,0.5285350683028701,5.4,4.0,6.0,4.6
svm_full,signo_zodiacal_sagitario,261,0.5,0.44000000000000006,0.4407843137254902,0.5399999999999999,0.4768343079922028,0.39,0.4719657042304101,5.4,6.6,3.4,4.6
svm_full,signo_zodiacal_sagitario,262,0.5,0.52,0.5346320346320346,0.48,0.49253034547152197,0.5,0.5908815182065956,4.8,4.4,5.6,5.2
svm_full,signo_zodiacal_sagitario,263,0.5,0.55,0.5724675324675326,0.43999999999999995,0.4826890756302521,0.582,0.6051580619243159,4.4,3.4,6.6,5.6
svm_full,signo_zodiacal_sagitario,264,0.5,0.45,0.5414718614718614,0.43999999999999995,0.43367965367965366,0.4640000000000001,0.5412892107892108,4.4,5.4,4.6,5.6
svm_full,signo_zodiacal_sagitario,265,0.5,0.39,0.3473809523809524,0.27999999999999997,0.2966666666666667,0.366,0.46026913523353147,2.8,5.0,5.0,7.2
svm_full,signo_zodiacal_sagitario,266,0.5,0.54,0.5296703296703297,0.74,0.6168115942028985,0.5860000000000001,0.6245188771496821,7.4,6.6,3.4,2.6
svm_full,signo_zodiacal_sagitario,267,0.5,0.41,0.41192307692307695,0.43999999999999995,0.4227140974967062,0.402,0.4870160401174332,4.4,6.2,3.8,5.6
svm_full,signo_zodiacal_sagitario,268,0.5,0.43999999999999995,0.442948717948718,0.4800000000000001,0.45516029863855945,0.44000000000000006,0.5025296451914099,4.8,6.0,4.0,5.2
svm_full,signo_zodiacal_sagitario,269,0.5,0.4,0.41819291819291815,0.5199999999999999,0.4605609874488593,0.38599999999999995,0.4632751148060745,5.2,7.2,2.8,4.8
svm_full,signo_zodiacal_sagitario,270,0.5,0.53,0.5390151515151516,0.5800000000000001,0.5514684146263094,0.518,0.5558663074971124,5.8,5.2,4.8,4.2
svm_full,signo_zodiacal_sagitario,271,0.5,0.51,0.525,0.41999999999999993,0.4583599149388623,0.522,0.5680078799769201,4.2,4.0,6.0,5.8
svm_full,signo_zodiacal_sagitario,272,0.5,0.5700000000000001,0.5658008658008657,0.66,0.6048872180451127,0.608,0.63681398950207,6.6,5.2,4.8,3.4
svm_full,signo_zodiacal_sagitario,273,0.5,0.4800000000000001,0.4901587301587302,0.6,0.5339298245614035,0.45599999999999996,0.5461991784445345,6.0,6.4,3.6,4.0
svm_full,signo_zodiacal_sagitario,274,0.5,0.5199999999999999,0.5351923076923076,0.64,0.5665223472179994,0.52,0.5480401712150937,6.4,6.0,4.0,3.6
svm_full,signo_zodiacal_sagitario,275,0.5,0.5199999999999999,0.4890909090909091,0.38,0.41309523809523807,0.5120000000000001,0.5455571095571096,3.8,3.4,6.6,6.2
svm_full,signo_zodiacal_sagitario,276,0.5,0.47000000000000003,0.47623626373626377,0.6399999999999999,0.5443245160636465,0.43800000000000006,0.49388346620699564,6.4,7.0,3.0,3.6
svm_full,signo_zodiacal_sagitario,277,0.5,0.55,0.5576623376623376,0.45999999999999996,0.49752100840336133,0.568,0.6025837932277561,4.6,3.6,6.4,5.4
svm_full,signo_zodiacal_sagitario,278,0.5,0.51,0.509502262443439,0.62,0.5508856682769727,0.59,0.6181231498979176,6.2,6.0,4.0,3.8
svm_full,signo_zodiacal_sagitario,279,0.5,0.41000000000000003,0.4251515151515151,0.52,0.4661125541125541,0.41600000000000004,0.5116099645968066,5.2,7.0,3.0,4.8
svm_full,signo_zodiacal_sagitario,280,0.5,0.48999999999999994,0.4888888888888888,0.5599999999999999,0.5190590111642743,0.508,0.5903616840675664,5.6,5.8,4.2,4.4
svm_full,signo_zodiacal_sagitario,281,0.5,0.43,0.4448884448884449,0.5,0.46332525104903616,0.45599999999999996,0.549775752025752,5.0,6.4,3.6,5.0
svm_full,signo_zodiacal_sagitario,282,0.5,0.56,0.5652020202020203,0.5,0.5256599832915623,0.5900000000000001,0.6472401111959935,5.0,3.8,6.2,5.0
svm_full,signo_zodiacal_sagitario,283,0.5,0.38,0.39116161616161615,0.43999999999999995,0.4031746031746032,0.30599999999999994,0.4629199475275326,4.4,6.8,3.2,5.6
svm_full,signo_zodiacal_sagitario,284,0.5,0.43000000000000005,0.43090909090909085,0.5,0.46132505175983435,0.48600000000000004,0.5947561990812764,5.0,6.4,3.6,5.0
svm_full,signo_zodiacal_sagitario,285,0.5,0.58,0.5837878787878787,0.54,0.5586967418546365,0.582,0.6105948202124672,5.4,3.8,6.2,4.6
svm_full,signo_zodiacal_sagitario,286,0.5,0.4699999999999999,0.47095238095238096,0.5199999999999999,0.4852755417956657,0.44800000000000006,0.528697811390536,5.2,5.8,4.2,4.8
svm_full,signo_zodiacal_sagitario,287,0.5,0.38,0.323051948051948,0.26,0.28396358543417366,0.336,0.4325305168687521,2.6,5.0,5.0,7.4
svm_full,signo_zodiacal_sagitario,288,0.5,0.45,0.48021312021312024,0.4,0.42260741367485205,0.488,0.5441829991473954,4.0,5.0,5.0,6.0
svm_full,signo_zodiacal_sagitario,289,0.5,0.52,0.5087912087912088,0.48,0.48471867007672637,0.548,0.5945156053097229,4.8,4.4,5.6,5.2
svm_full,signo_zodiacal_sagitario,290,0.5,0.62,0.608989898989899,0.7,0.6475661881977672,0.6,0.5910050680313839,7.0,4.6,5.4,3.0
svm_full,signo_zodiacal_sagitario,291,0.5,0.43,0.4237529137529138,0.47999999999999987,0.44836022863482816,0.44799999999999995,0.5281733210030424,4.8,6.2,3.8,5.2
svm_full,signo_zodiacal_sagitario,292,0.5,0.47000000000000003,0.43357142857142855,0.4,0.39178932178932174,0.44600000000000006,0.5239510114068937,4.0,4.6,5.4,6.0
svm_full,signo_zodiacal_sagitario,293,0.5,0.5800000000000001,0.5952020202020203,0.54,0.5579327105642895,0.6020000000000001,0.6052286363447353,5.4,3.8,6.2,4.6
svm_full,signo_zodiacal_sagitario,294,0.5,0.4700000000000001,0.46861471861471865,0.4,0.4284240011794191,0.534,0.5495000718236012,4.0,4.6,5.4,6.0
svm_full,signo_zodiacal_sagitario,295,0.5,0.47000000000000003,0.4557142857142857,0.42000000000000004,0.4211616161616162,0.516,0.553255324311052,4.2,4.8,5.2,5.8
svm_full,signo_zodiacal_sagitario,296,0.5,0.6500000000000001,0.6922222222222222,0.52,0.5870175438596491,0.626,0.6572448276697502,5.2,2.2,7.8,4.8
svm_full,signo_zodiacal_sagitario,297,0.5,0.5,0.5066666666666666,0.43999999999999995,0.4663157894736842,0.528,0.5491198872506923,4.4,4.4,5.6,5.6
svm_full,signo_zodiacal_sagitario,298,0.5,0.51,0.5168253968253969,0.4,0.4447402820777434,0.52,0.5732436719627122,4.0,3.8,6.2,6.0
svm_full,signo_zodiacal_sagitario,299,0.5,0.45,0.3976190476190476,0.22000000000000003,0.2737590582791821,0.43200000000000005,0.4873364774200688,2.2,3.2,6.8,7.8
svm_full,signo_zodiacal_sagitario,300,0.5,0.43,0.43166666666666664,0.48,0.44957575757575763,0.43,0.5569383049870666,4.8,6.2,3.8,5.2
svm_full,signo_zodiacal_sagitario,301,0.5,0.44000000000000006,0.42662337662337657,0.44000000000000006,0.41792717086834735,0.446,0.5536915702976074,4.4,5.6,4.4,5.6
svm_full,signo_zodiacal_sagitario,302,0.5,0.5000000000000001,0.4831501831501831,0.5399999999999999,0.5037066043392602,0.4880000000000001,0.554760071026325,5.4,5.4,4.6,4.6
svm_full,signo_zodiacal_sagitario,303,0.5,0.52,0.49769480519480525,0.5999999999999999,0.5342878689937514,0.53,0.6074669862301441,6.0,5.6,4.4,4.0
svm_full,signo_zodiacal_sagitario,304,0.5,0.5799999999999998,0.5992857142857142,0.5399999999999999,0.5532287581699347,0.604,0.6490088947000712,5.4,3.8,6.2,4.6
svm_full,signo_zodiacal_sagitario,305,0.5,0.54,0.5342929292929293,0.48,0.4982790309106099,0.594,0.6114193100501151,4.8,4.0,6.0,5.2
svm_full,signo_zodiacal_sagitario,306,0.5,0.5599999999999999,0.5472727272727272,0.5799999999999998,0.5503131313131313,0.522,0.5790650156517028,5.8,4.6,5.4,4.2
svm_full,signo_zodiacal_sagitario,307,0.5,0.56,0.5645804195804196,0.58,0.5687922705314009,0.564,0.6149040861099684,5.8,4.6,5.4,4.2
svm_full,signo_zodiacal_sagitario,308,0.5,0.53,0.5381818181818182,0.48,0.4974603174603175,0.522,0.5687177189855208,4.8,4.2,5.8,5.2
svm_full,signo_zodiacal_sagitario,309,0.5,0.4800000000000001,0.4852680652680653,0.5599999999999999,0.5187954074910597,0.446,0.49636209988841573,5.6,6.0,4.0,4.4
svm_full,signo_zodiacal_sagitario,310,0.5,0.4600000000000001,0.46333333333333326,0.54,0.4970995670995671,0.516,0.6118011112554456,5.4,6.2,3.8,4.6
svm_full,signo_zodiacal_sagitario,311,0.5,0.52,0.5717171717171717,0.4,0.4468671679197995,0.54,0.6405860071301247,4.0,3.6,6.4,6.0
svm_full,signo_zodiacal_sagitario,312,0.5,0.5,0.4886446886446886,0.5,0.47537321564781515,0.48200000000000004,0.539316489066489,5.0,5.0,5.0,5.0
svm_full,signo_zodiacal_sagitario,313,0.5,0.52,0.530909090909091,0.38,0.42738095238095236,0.46099999999999997,0.5167669459023948,3.8,3.4,6.6,6.2
svm_full,signo_zodiacal_sagitario,314,0.5,0.49000000000000005,0.48666666666666664,0.42000000000000004,0.44030075187969925,0.502,0.574197236372159,4.2,4.4,5.6,5.8
svm_full,signo_zodiacal_sagitario,315,0.5,0.52,0.5342424242424243,0.44000000000000006,0.4612210012210012,0.462,0.5292552478481272,4.4,4.0,6.0,5.6
svm_full,signo_zodiacal_sagitario,316,0.5,0.4,0.40366300366300367,0.5,0.4440491875274484,0.366,0.4745493766639277,5.0,7.0,3.0,5.0
svm_full,signo_zodiacal_sagitario,317,0.5,0.55,0.5472368421052631,0.8,0.6399921820466286,0.54,0.6078608401402519,8.0,7.0,3.0,2.0
svm_full,signo_zodiacal_sagitario,318,0.5,0.6,0.5714285714285714,0.74,0.6424242424242425,0.51,0.5357623497933096,7.4,5.4,4.6,2.6
svm_full,signo_zodiacal_sagitario,319,0.5,0.5,0.4075757575757576,0.4,0.3975108225108225,0.4720000000000001,0.5545006017374439,4.0,4.0,6.0,6.0
svm_full,signo_zodiacal_sagitario,320,0.5,0.4,0.39666666666666667,0.45999999999999996,0.422929292929293,0.354,0.4447856424621131,4.6,6.6,3.4,5.4
svm_full,signo_zodiacal_sagitario,321,0.5,0.44000000000000006,0.44905982905982905,0.4,0.40580091533180773,0.422,0.528754340430811,4.0,5.2,4.8,6.0
svm_full,signo_zodiacal_sagitario,322,0.5,0.58,0.5646062271062272,0.76,0.6465592378635856,0.632,0.6601686799612495,7.6,6.0,4.0,2.4
svm_full,signo_zodiacal_sagitario,323,0.5,0.43,0.41,0.3,0.33573365231259966,0.40199999999999997,0.49291201608848656,3.0,4.4,5.6,7.0
svm_full,signo_zodiacal_sagitario,324,0.5,0.51,0.5167171717171717,0.43999999999999995,0.46654970760233916,0.492,0.5383879382571334,4.4,4.2,5.8,5.6
svm_full,signo_zodiacal_sagitario,325,0.5,0.49000000000000005,0.4919080919080919,0.52,0.49991474850809886,0.465,0.532779212617448,5.2,5.4,4.6,4.8
svm_full,signo_zodiacal_sagitario,326,0.5,0.47000000000000003,0.47590909090909095,0.45999999999999996,0.4663492063492063,0.502,0.5872933244945628,4.6,5.2,4.8,5.4
svm_full,signo_zodiacal_sagitario,327,0.5,0.51,0.48555555555555563,0.48,0.47784688995215313,0.4640000000000001,0.5229302478567185,4.8,4.6,5.4,5.2
svm_full,signo_zodiacal_sagitario,328,0.5,0.55,0.5470634920634921,0.45999999999999996,0.4910979766707321,0.5519999999999999,0.5765745083949418,4.6,3.6,6.4,5.4
svm_full,signo_zodiacal_sagitario,329,0.5,0.47000000000000003,0.4616666666666666,0.30000000000000004,0.3613725490196079,0.48600000000000004,0.5860912888281309,3.0,3.6,6.4,7.0
svm_full,signo_zodiacal_sagitario,330,0.5,0.54,0.5484033613445378,0.62,0.5708179837591603,0.5579999999999999,0.5755297194205863,6.2,5.4,4.6,3.8
svm_full,signo_zodiacal_sagitario,331,0.5,0.55,0.5419047619047619,0.5599999999999999,0.532,0.526,0.5519747617363715,5.6,4.6,5.4,4.4
svm_full,signo_zodiacal_sagitario,332,0.5,0.54,0.5612276612276611,0.52,0.5119173732446043,0.532,0.5989287271036497,5.2,4.4,5.6,4.8
svm_full,signo_zodiacal_sagitario,333,0.5,0.45,0.4401648351648352,0.4,0.41310599602159714,0.458,0.5139775861393507,4.0,5.0,5.0,6.0
svm_full,signo_zodiacal_sagitario,334,0.5,0.37,0.2625,0.27999999999999997,0.26324786324786326,0.32999999999999996,0.4745400557474861,2.8,5.4,4.6,7.2
svm_full,signo_zodiacal_sagitario,335,0.5,0.45999999999999996,0.4238095238095238,0.5,0.434238310708899,0.37999999999999995,0.4929735727808483,5.0,5.8,4.2,5.0
svm_full,signo_zodiacal_sagitario,336,0.5,0.39,0.38495670995670994,0.42000000000000004,0.39725829725829725,0.394,0.46498724151665327,4.2,6.4,3.6,5.8
svm_full,signo_zodiacal_sagitario,337,0.5,0.48,0.45515873015873015,0.38,0.4119625042999656,0.48600000000000004,0.5564551255418128,3.8,4.2,5.8,6.2
svm_full,signo_zodiacal_sagitario,338,0.5,0.5700000000000001,0.5711965811965812,0.64,0.5953462311906248,0.546,0.5877840035781212,6.4,5.0,5.0,3.6
svm_full,signo_zodiacal_sagitario,339,0.5,0.58,0.5874902874902875,0.6,0.5906614361991936,0.5980000000000001,0.6478138630375472,6.0,4.4,5.6,4.0
svm_full,signo_zodiacal_sagitario,340,0.5,0.5,0.4911616161616162,0.45999999999999996,0.47368421052631576,0.477,0.5514719257350837,4.6,4.6,5.4,5.4
svm_full,signo_zodiacal_sagitario,341,0.5,0.55,0.5309523809523811,0.7,0.6009090909090908,0.528,0.5565385735695333,7.0,6.0,4.0,3.0
svm_full,signo_zodiacal_sagitario,342,0.5,0.64,0.6582251082251082,0.6,0.6213903743315508,0.632,0.6270796601059758,6.0,3.2,6.8,4.0
svm_full,signo_zodiacal_sagitario,343,0.5,0.41999999999999993,0.3985281385281385,0.41999999999999993,0.4013557422969187,0.454,0.5124064525945331,4.2,5.8,4.2,5.8
svm_full,signo_zodiacal_sagitario,344,0.5,0.6,0.6357575757575757,0.5399999999999999,0.5704473304473304,0.5980000000000001,0.6196565264800559,5.4,3.4,6.6,4.6
svm_full,signo_zodiacal_sagitario,345,0.5,0.5599999999999999,0.644090909090909,0.44000000000000006,0.5019047619047619,0.5599999999999999,0.6293371313928591,4.4,3.2,6.8,5.6
svm_full,signo_zodiacal_sagitario,346,0.5,0.55,0.5314102564102565,0.64,0.5770092226613965,0.5730000000000001,0.5987114617408735,6.4,5.4,4.6,3.6
svm_full,signo_zodiacal_sagitario,347,0.5,0.42000000000000004,0.4398809523809524,0.62,0.5125874125874126,0.438,0.5536325835327384,6.2,7.8,2.2,3.8
svm_full,signo_zodiacal_sagitario,348,0.5,0.47000000000000003,0.4753846153846154,0.6,0.5285691699604743,0.552,0.5901592449518145,6.0,6.6,3.4,4.0
svm_full,signo_zodiacal_sagitario,349,0.5,0.5200000000000001,0.44812409812409815,0.38,0.40890461447736987,0.598,0.6755579675742214,3.8,3.4,6.6,6.2
svm_full,signo_zodiacal_sagitario,350,0.5,0.5399999999999999,0.5541880341880342,0.54,0.5371208654046182,0.604,0.6854715545892016,5.4,4.6,5.4,4.6
svm_full,signo_zodiacal_sagitario,351,0.5,0.53,0.5219298245614035,0.6799999999999999,0.5798502264019506,0.548,0.5621510603259828,6.8,6.2,3.8,3.2
svm_full,signo_zodiacal_sagitario,352,0.5,0.43,0.428021978021978,0.5,0.45434782608695656,0.462,0.5840334665334665,5.0,6.4,3.6,5.0
svm_full,signo_zodiacal_sagitario,353,0.5,0.58,0.5805194805194805,0.58,0.5708216619981326,0.574,0.6589987620738395,5.8,4.2,5.8,4.2
svm_full,signo_zodiacal_sagitario,354,0.5,0.6199999999999999,0.6386147186147186,0.56,0.5837031080374733,0.592,0.604613431288354,5.6,3.2,6.8,4.4
svm_full,signo_zodiacal_sagitario,355,0.5,0.45,0.47056526806526805,0.66,0.5466335403726709,0.472,0.5460684907627631,6.6,7.6,2.4,3.4
svm_full,signo_zodiacal_sagitario,356,0.5,0.45999999999999996,0.463014763014763,0.48,0.46792343176782536,0.4640000000000001,0.5659020717844246,4.8,5.6,4.4,5.2
svm_full,signo_zodiacal_sagitario,357,0.5,0.41000000000000003,0.408021978021978,0.44000000000000006,0.4117481450662229,0.388,0.5113170914053267,4.4,6.2,3.8,5.6
svm_full,signo_zodiacal_sagitario,358,0.5,0.58,0.5832478632478633,0.5599999999999999,0.566885329265192,0.594,0.6493913580399647,5.6,4.0,6.0,4.4
svm_full,signo_zodiacal_sagitario,359,0.5,0.49000000000000005,0.4920634920634921,0.6,0.537410720477082,0.48599999999999993,0.5614207454911788,6.0,6.2,3.8,4.0
svm_full,signo_zodiacal_sagitario,360,0.5,0.59,0.6186147186147186,0.48,0.533248562582928,0.576,0.6009647199206023,4.8,3.0,7.0,5.2
svm_full,signo_zodiacal_sagitario,361,0.5,0.52,0.523021978021978,0.6399999999999999,0.5685498462889766,0.522,0.5970465912656315,6.4,6.0,4.0,3.6
svm_full,signo_zodiacal_sagitario,362,0.5,0.48999999999999994,0.5036616161616161,0.5,0.4883940620782726,0.506,0.5629232999542596,5.0,5.2,4.8,5.0
svm_full,signo_zodiacal_sagitario,363,0.5,0.51,0.513968253968254,0.48,0.48683178534571725,0.5319999999999999,0.5897601734350959,4.8,4.6,5.4,5.2
svm_full,signo_zodiacal_sagitario,364,0.5,0.37999999999999995,0.38084693084693083,0.42000000000000004,0.396149794776797,0.356,0.49359043330250757,4.2,6.6,3.4,5.8
svm_full,signo_zodiacal_sagitario,365,0.5,0.44000000000000006,0.45597069597069595,0.4,0.4175447570332481,0.434,0.5185750126206783,4.0,5.2,4.8,6.0
svm_full,signo_zodiacal_sagitario,366,0.5,0.38,0.3928787878787879,0.38,0.3841391357180831,0.36400000000000005,0.47502821258548805,3.8,6.2,3.8,6.2
svm_full,signo_zodiacal_sagitario,367,0.5,0.5900000000000001,0.6209956709956709,0.48,0.5358543417366947,0.5780000000000001,0.626643195040254,4.8,3.0,7.0,5.2
svm_full,signo_zodiacal_sagitario,368,0.5,0.57,0.5892156862745097,0.6199999999999999,0.5848484848484847,0.642,0.6954939196510403,6.2,4.8,5.2,3.8
svm_full,signo_zodiacal_sagitario,369,0.5,0.49000000000000005,0.48571428571428577,0.42000000000000004,0.44003267973856214,0.488,0.5422652625152626,4.2,4.4,5.6,5.8
svm_full,signo_zodiacal_sagitario,370,0.5,0.47000000000000003,0.4709090909090909,0.5599999999999999,0.5038095238095238,0.45200000000000007,0.5733326687931951,5.6,6.2,3.8,4.4
svm_full,signo_zodiacal_sagitario,371,0.5,0.41999999999999993,0.4301864801864802,0.5,0.4614906832298137,0.368,0.4662991279446388,5.0,6.6,3.4,5.0
svm_full,signo_zodiacal_sagitario,372,0.5,0.53,0.5323898323898323,0.6200000000000001,0.5696335700912359,0.53,0.6163246943115364,6.2,5.6,4.4,3.8
svm_full,signo_zodiacal_sagitario,373,0.5,0.45999999999999996,0.4473809523809524,0.31999999999999995,0.3672549019607843,0.426,0.483982756407679,3.2,4.0,6.0,6.8
svm_full,signo_zodiacal_sagitario,374,0.5,0.43,0.4050349650349651,0.42000000000000004,0.4072049689440994,0.41500000000000004,0.483255484711367,4.2,5.6,4.4,5.8
svm_full,signo_zodiacal_sagitario,375,0.5,0.45999999999999996,0.4695526695526695,0.48,0.47034252297410195,0.4640000000000001,0.554958810797046,4.8,5.6,4.4,5.2
svm_full,signo_zodiacal_sagitario,376,0.5,0.5199999999999999,0.5249267399267399,0.64,0.56988317962231,0.49000000000000005,0.5470834541275718,6.4,6.0,4.0,3.6
svm_full,signo_zodiacal_sagitario,377,0.5,0.42000000000000004,0.39844155844155843,0.33999999999999997,0.35285714285714287,0.42800000000000005,0.5281870927490122,3.4,5.0,5.0,6.6
svm_full,signo_zodiacal_sagitario,378,0.5,0.5,0.4979797979797979,0.5,0.49647603858130174,0.48600000000000004,0.5314408636599038,5.0,5.0,5.0,5.0
svm_full,signo_zodiacal_sagitario,379,0.5,0.49000000000000005,0.4909523809523809,0.4,0.4374509803921568,0.472,0.5976102714794664,4.0,4.2,5.8,6.0
svm_full,signo_zodiacal_sagitario,380,0.5,0.43,0.43692307692307697,0.45999999999999996,0.4279565217391304,0.518,0.5930532800532802,4.6,6.0,4.0,5.4
svm_full,signo_zodiacal_sagitario,381,0.5,0.49000000000000005,0.5210256410256411,0.4800000000000001,0.4783625070581593,0.5399999999999999,0.6178664472782119,4.8,5.0,5.0,5.2
svm_full,signo_zodiacal_sagitario,382,0.5,0.54,0.537948717948718,0.7000000000000001,0.6020883647245203,0.546,0.569987667561197,7.0,6.2,3.8,3.0
svm_full,signo_zodiacal_sagitario,383,0.5,0.5199999999999999,0.5244444444444445,0.64,0.5658345864661654,0.542,0.6345779857397504,6.4,6.0,4.0,3.6
svm_full,signo_zodiacal_sagitario,384,0.5,0.49000000000000005,0.5051948051948052,0.5399999999999999,0.5144466513878279,0.544,0.5857489542621122,5.4,5.6,4.4,4.6
svm_full,signo_zodiacal_sagitario,385,0.5,0.44000000000000006,0.4222222222222222,0.32,0.36125730994152044,0.42000000000000004,0.5035445963565157,3.2,4.4,5.6,6.8
svm_full,signo_zodiacal_sagitario,386,0.5,0.63,0.6131468531468531,0.76,0.6747867494824018,0.676,0.7406462318211544,7.6,5.0,5.0,2.4
svm_full,signo_zodiacal_sagitario,387,0.5,0.49000000000000005,0.4461904761904762,0.31999999999999995,0.366218487394958,0.508,0.575362130129932,3.2,3.4,6.6,6.8
svm_full,signo_zodiacal_sagitario,388,0.5,0.45,0.43921568627450974,0.5800000000000001,0.4873333333333333,0.35600000000000004,0.4619170398744702,5.8,6.8,3.2,4.2
svm_full,signo_zodiacal_sagitario,389,0.5,0.48,0.4909090909090909,0.6,0.536995670995671,0.4640000000000001,0.5337956314411423,6.0,6.4,3.6,4.0
svm_full,signo_zodiacal_sagitario,390,0.5,0.5,0.5614718614718613,0.5399999999999999,0.5165714285714286,0.5599999999999999,0.641909683453801,5.4,5.4,4.6,4.6
svm_full,signo_zodiacal_sagitario,391,0.5,0.43000000000000005,0.42146464646464643,0.4,0.40927318295739346,0.4640000000000001,0.5078237579414051,4.0,5.4,4.6,6.0
svm_full,signo_zodiacal_sagitario,392,0.5,0.43,0.3588888888888889,0.36,0.3582775119617225,0.44000000000000006,0.5152207061943905,3.6,5.0,5.0,6.4
svm_full,signo_zodiacal_sagitario,393,0.5,0.44000000000000006,0.4337179487179488,0.5,0.4610540184453228,0.45600000000000007,0.5468196346137522,5.0,6.2,3.8,5.0
svm_full,signo_zodiacal_sagitario,394,0.5,0.42000000000000004,0.4190909090909091,0.45999999999999996,0.4374436090225564,0.44799999999999995,0.5486179011047432,4.6,6.2,3.8,5.4
svm_full,signo_zodiacal_sagitario,395,0.5,0.52,0.5133333333333334,0.48,0.4833157894736842,0.5479999999999999,0.5947804221921869,4.8,4.4,5.6,5.2
svm_full,signo_zodiacal_sagitario,396,0.5,0.54,0.5490909090909091,0.52,0.5233766233766234,0.5640000000000001,0.5915280711720341,5.2,4.4,5.6,4.8
svm_full,signo_zodiacal_sagitario,397,0.5,0.45,0.4536402486402486,0.45999999999999996,0.4535062293414696,0.41999999999999993,0.5114617729192033,4.6,5.6,4.4,5.4
svm_full,signo_zodiacal_sagitario,398,0.5,0.51,0.5413131313131313,0.5199999999999999,0.512738664843928,0.546,0.626065562920052,5.2,5.0,5.0,4.8
svm_full,signo_zodiacal_sagitario,399,0.5,0.57,0.5813431013431014,0.5,0.5267752501458249,0.6020000000000001,0.6465378771555241,5.0,3.6,6.4,5.0
svm_full,signo_zodiacal_sagitario,400,0.5,0.5900000000000001,0.5765317035905271,0.72,0.6342857142857142,0.61,0.6401192669559542,7.2,5.4,4.6,2.8
svm_full,signo_zodiacal_sagitario,401,0.5,0.48,0.4682142857142857,0.52,0.48311675940158916,0.574,0.6190251749454536,5.2,5.6,4.4,4.8
svm_full,signo_zodiacal_sagitario,402,0.5,0.53,0.5285714285714286,0.36000000000000004,0.41871148459383756,0.51,0.5811858784490362,3.6,3.0,7.0,6.4
svm_full,signo_zodiacal_sagitario,403,0.5,0.52,0.5315934065934066,0.54,0.5262432509235578,0.45999999999999996,0.5663260077555743,5.4,5.0,5.0,4.6
svm_full,signo_zodiacal_sagitario,404,0.5,0.5800000000000001,0.5832972582972583,0.4600000000000001,0.5026056846490283,0.53,0.569436821778153,4.6,3.0,7.0,5.4
svm_full,signo_zodiacal_sagitario,405,0.5,0.49000000000000005,0.4847222222222222,0.7,0.5654330075382707,0.49400000000000005,0.5992739482739482,7.0,7.2,2.8,3.0
svm_full,signo_zodiacal_sagitario,406,0.5,0.44000000000000006,0.44025974025974024,0.47999999999999987,0.45500381970970205,0.466,0.5411965513846319,4.8,6.0,4.0,5.2
svm_full,signo_zodiacal_sagitario,407,0.5,0.37,0.38449883449883454,0.44000000000000006,0.40898887535043144,0.39399999999999996,0.5289321425908112,4.4,7.0,3.0,5.6
svm_full,signo_zodiacal_sagitario,408,0.5,0.58,0.5733766233766233,0.6199999999999999,0.590096453254348,0.562,0.5900421888053466,6.2,4.6,5.4,3.8
svm_full,signo_zodiacal_sagitario,409,0.5,0.45999999999999996,0.4579365079365079,0.42000000000000004,0.4351815367295243,0.44800000000000006,0.5054612156848999,4.2,5.0,5.0,5.8
svm_full,signo_zodiacal_sagitario,410,0.5,0.42000000000000004,0.34757575757575754,0.3,0.31281385281385277,0.42000000000000004,0.5024477483301012,3.0,4.6,5.4,7.0
svm_full,signo_zodiacal_sagitario,411,0.5,0.56,0.5793650793650794,0.45999999999999996,0.5111799105607154,0.5680000000000001,0.6597083559715138,4.6,3.4,6.6,5.4
svm_full,signo_zodiacal_sagitario,412,0.5,0.53,0.538065268065268,0.6,0.5535426312817616,0.562,0.6134487687235364,6.0,5.4,4.6,4.0
svm_full,signo_zodiacal_sagitario,413,0.5,0.5,0.5552564102564103,0.38,0.42087593565854436,0.466,0.5467274306360993,3.8,3.8,6.2,6.2
svm_full,signo_zodiacal_sagitario,414,0.5,0.47000000000000003,0.45852813852813845,0.4,0.4225136370337609,0.45600000000000007,0.5412138961829365,4.0,4.6,5.4,6.0
svm_full,signo_zodiacal_sagitario,415,0.5,0.5599999999999999,0.5933333333333334,0.45999999999999996,0.5107602339181287,0.558,0.6113747537292429,4.6,3.4,6.6,5.4
svm_full,signo_zodiacal_sagitario,416,0.5,0.5,0.488095238095238,0.4,0.4331550802139038,0.538,0.6083593124281979,4.0,4.0,6.0,6.0
svm_full,signo_zodiacal_sagitario,417,0.5,0.6,0.5885714285714286,0.68,0.6266666666666667,0.576,0.6071123876123876,6.8,4.8,5.2,3.2
svm_full,signo_zodiacal_sagitario,418,0.5,0.43999999999999995,0.4508333333333333,0.42000000000000004,0.42102564102564105,0.44799999999999995,0.5193912019353195,4.2,5.4,4.6,5.8
svm_full,signo_zodiacal_sagitario,419,0.5,0.5800000000000001,0.5634199134199134,0.6399999999999999,0.5947330447330448,0.614,0.6516599105229136,6.4,4.8,5.2,3.6
svm_full,signo_zodiacal_sagitario,420,0.5,0.52,0.521025641025641,0.5399999999999999,0.5280549199084669,0.6020000000000001,0.6718323241086399,5.4,5.0,5.0,4.6
svm_full,signo_zodiacal_sagitario,421,0.5,0.5,0.5031746031746032,0.45999999999999996,0.47832817337461303,0.4680000000000001,0.5476062913694493,4.6,4.6,5.4,5.4
svm_full,signo_zodiacal_sagitario,422,0.5,0.5,0.5011965811965812,0.4999999999999999,0.49803203661327233,0.45599999999999996,0.5756164874856825,5.0,5.0,5.0,5.0
svm_full,signo_zodiacal_sagitario,423,0.5,0.44000000000000006,0.39956709956709957,0.45999999999999996,0.4166778711484594,0.47800000000000004,0.6068480629277844,4.6,5.8,4.2,5.4
svm_full,signo_zodiacal_sagitario,424,0.5,0.5299999999999999,0.49111111111111116,0.34,0.3681536007851798,0.6020000000000001,0.6324573531044118,3.4,2.8,7.2,6.6
svm_full,signo_zodiacal_sagitario,425,0.5,0.51,0.5145609945609946,0.5,0.4981301078783916,0.56,0.6215394117406501,5.0,4.8,5.2,5.0
svm_full,signo_zodiacal_sagitario,426,0.5,0.52,0.5030769230769231,0.45999999999999996,0.4702415458937198,0.46799999999999997,0.5411168482360432,4.6,4.2,5.8,5.4
svm_full,signo_zodiacal_sagitario,427,0.5,0.52,0.506016206016206,0.54,0.5181416689829665,0.45200000000000007,0.5203136569313039,5.4,5.0,5.0,4.6
svm_full,signo_zodiacal_sagitario,428,0.5,0.4,0.3659090909090909,0.32,0.3389515455304929,0.46399999999999997,0.5099492429654968,3.2,5.2,4.8,6.8
svm_full,signo_zodiacal_sagitario,429,0.5,0.53,0.5270357420357421,0.54,0.5294417202426356,0.546,0.6240674680496662,5.4,4.8,5.2,4.6
svm_full,signo_zodiacal_sagitario,430,0.5,0.45,0.43888888888888894,0.34,0.3814327485380117,0.4840000000000001,0.540937312085919,3.4,4.4,5.6,6.6
svm_full,signo_zodiacal_sagitario,431,0.5,0.53,0.5286446886446886,0.58,0.5418365754734042,0.445,0.5203991388728231,5.8,5.2,4.8,4.2
svm_full,signo_zodiacal_sagitario,432,0.5,0.55,0.5318192918192918,0.6599999999999999,0.5839496567505721,0.536,0.5602674906792554,6.6,5.6,4.4,3.4
svm_full,signo_zodiacal_sagitario,433,0.5,0.49000000000000005,0.49530840676351506,0.72,0.5753396805870569,0.4040000000000001,0.4643358869372801,7.2,7.4,2.6,2.8
svm_full,signo_zodiacal_sagitario,434,0.5,0.5,0.5,0.6399999999999999,0.5606060606060607,0.49399999999999994,0.5516778340338713,6.4,6.4,3.6,3.6
svm_full,signo_zodiacal_sagitario,435,0.5,0.4699999999999999,0.4790306915306915,0.6,0.52755173887897,0.4800000000000001,0.5636620807812759,6.0,6.6,3.4,4.0
svm_full,signo_zodiacal_sagitario,436,0.5,0.5700000000000001,0.5764646464646465,0.5800000000000001,0.5761950330371383,0.5479999999999999,0.6361262432098346,5.8,4.4,5.6,4.2
svm_full,signo_zodiacal_sagitario,437,0.5,0.55,0.5392385392385393,0.5800000000000001,0.5566742944317314,0.6459999999999999,0.6714656215817205,5.8,4.8,5.2,4.2
svm_full,signo_zodiacal_sagitario,438,0.5,0.6,0.6102020202020203,0.64,0.6159591285907074,0.5900000000000001,0.6449199211521193,6.4,4.4,5.6,3.6
svm_full,signo_zodiacal_sagitario,439,0.5,0.4,0.3242424242424243,0.34,0.32932900432900436,0.374,0.45845855125266893,3.4,5.4,4.6,6.6
svm_full,signo_zodiacal_sagitario,440,0.5,0.4800000000000001,0.49424242424242426,0.48,0.4717027417027417,0.546,0.6424276350584399,4.8,5.2,4.8,5.2
svm_full,signo_zodiacal_sagitario,441,0.5,0.5,0.5016233766233766,0.42000000000000004,0.45471521942110177,0.526,0.6106560927033063,4.2,4.2,5.8,5.8
svm_full,signo_zodiacal_sagitario,442,0.5,0.56,0.5657575757575757,0.56,0.5603994835573782,0.5860000000000001,0.5994272824698521,5.6,4.4,5.6,4.4
svm_full,signo_zodiacal_sagitario,443,0.5,0.4,0.39365079365079364,0.41999999999999993,0.3973684210526316,0.426,0.534618134703274,4.2,6.2,3.8,5.8
svm_full,signo_zodiacal_sagitario,444,0.5,0.42000000000000004,0.4173076923076923,0.44000000000000006,0.4250814783995562,0.382,0.49632107761519517,4.4,6.0,4.0,5.6
svm_full,signo_zodiacal_sagitario,445,0.5,0.51,0.5232167832167832,0.6,0.5442525879917184,0.504,0.5380349481100255,6.0,5.8,4.2,4.0
svm_full,signo_zodiacal_sagitario,446,0.5,0.53,0.5314102564102564,0.4600000000000001,0.48357487922705306,0.612,0.6151960508531716,4.6,4.0,6.0,5.4
svm_full,signo_zodiacal_sagitario,447,0.5,0.4800000000000001,0.4818181818181818,0.42000000000000004,0.4440709617180206,0.4880000000000001,0.5431952681821103,4.2,4.6,5.4,5.8
svm_full,signo_zodiacal_sagitario,448,0.5,0.56,0.5642857142857143,0.5,0.5066378066378066,0.546,0.5648837720586947,5.0,3.8,6.2,5.0
svm_full,signo_zodiacal_sagitario,449,0.5,0.58,0.5695454545454546,0.5799999999999998,0.5733333333333334,0.5579999999999999,0.6354301341932921,5.8,4.2,5.8,4.2
svm_full,signo_zodiacal_sagitario,450,0.5,0.5,0.49757575757575756,0.7,0.5796483516483517,0.46799999999999997,0.5269075542620433,7.0,7.0,3.0,3.0
svm_full,signo_zodiacal_sagitario,451,0.5,0.58,0.5852813852813854,0.6399999999999999,0.603144894321365,0.5980000000000001,0.648440151351916,6.4,4.8,5.2,3.6
svm_full,signo_zodiacal_sagitario,452,0.5,0.59,0.6216666666666667,0.45999999999999996,0.4983838383838384,0.5780000000000001,0.6547159342205782,4.6,2.8,7.2,5.4
svm_full,signo_zodiacal_sagitario,453,0.5,0.5199999999999999,0.516161616161616,0.5599999999999999,0.5357256778309409,0.4800000000000001,0.5275506792828774,5.6,5.2,4.8,4.4
svm_full,signo_zodiacal_sagitario,454,0.5,0.65,0.7213186813186814,0.5800000000000001,0.6064764902616565,0.672,0.7349795477999812,5.8,2.8,7.2,4.2
svm_full,signo_zodiacal_sagitario,455,0.5,0.5,0.5015151515151516,0.56,0.5285714285714286,0.501,0.5943146971707343,5.6,5.6,4.4,4.4
svm_full,signo_zodiacal_sagitario,456,0.5,0.35,0.3306410256410256,0.31999999999999995,0.3099033816425121,0.316,0.5058504063875581,3.2,6.2,3.8,6.8
svm_full,signo_zodiacal_sagitario,457,0.5,0.5000000000000001,0.48454878454878453,0.48,0.47605116798817154,0.47400000000000003,0.5105338446383338,4.8,4.8,5.2,5.2
svm_full,signo_zodiacal_sagitario,458,0.5,0.51,0.5088888888888888,0.5,0.5042105263157894,0.47800000000000004,0.5069487081545905,5.0,4.8,5.2,5.0
svm_full,signo_zodiacal_sagitario,459,0.5,0.47000000000000003,0.4707575757575757,0.6199999999999999,0.528029304029304,0.45,0.5545703930572351,6.2,6.8,3.2,3.8
svm_full,signo_zodiacal_sagitario,460,0.5,0.52,0.5156060606060606,0.5,0.49777777777777776,0.45999999999999996,0.5289549354154618,5.0,4.6,5.4,5.0
svm_full,signo_zodiacal_sagitario,461,0.5,0.57,0.6221212121212121,0.58,0.5706060606060606,0.546,0.5805948757125228,5.8,4.4,5.6,4.2
svm_full,signo_zodiacal_sagitario,462,0.5,0.38999999999999996,0.37023809523809526,0.3,0.3276292335115864,0.422,0.49864286693698456,3.0,5.2,4.8,7.0
svm_full,signo_zodiacal_sagitario,463,0.5,0.4800000000000001,0.47301587301587295,0.52,0.4877380617318698,0.44799999999999995,0.5390730555993714,5.2,5.6,4.4,4.8
svm_full,signo_zodiacal_sagitario,464,0.5,0.51,0.5315151515151515,0.42000000000000004,0.4451098901098901,0.499,0.6179569580746052,4.2,4.0,6.0,5.8
svm_full,signo_zodiacal_sagitario,465,0.5,0.47000000000000003,0.46428571428571425,0.42000000000000004,0.4330065359477124,0.508,0.5803888138005785,4.2,4.8,5.2,5.8
svm_full,signo_zodiacal_sagitario,466,0.5,0.4800000000000001,0.48015873015873023,0.54,0.5000938174312787,0.45,0.5395566851449204,5.4,5.8,4.2,4.6
svm_full,signo_zodiacal_sagitario,467,0.5,0.4600000000000001,0.4482600732600733,0.42000000000000004,0.42422304890335577,0.476,0.5604003670048561,4.2,5.0,5.0,5.8
svm_full,signo_zodiacal_sagitario,468,0.5,0.5,0.49142857142857144,0.4800000000000001,0.477843137254902,0.4699999999999999,0.532597151816192,4.8,4.8,5.2,5.2
svm_full,signo_zodiacal_sagitario,469,0.5,0.41000000000000003,0.35883838383838385,0.3,0.3231203007518797,0.394,0.48724532210135924,3.0,4.8,5.2,7.0
svm_full,signo_zodiacal_sagitario,470,0.5,0.5,0.5021489621489621,0.58,0.5273426661282363,0.582,0.6320300510463049,5.8,5.8,4.2,4.2
svm_full,signo_zodiacal_sagitario,471,0.5,0.6199999999999999,0.6543650793650794,0.5,0.5638716890264878,0.662,0.7423276074630564,5.0,2.6,7.4,5.0
svm_full,signo_zodiacal_sagitario,472,0.5,0.52,0.5161616161616162,0.5,0.5064327485380116,0.5120000000000001,0.5241632697367992,5.0,4.6,5.4,5.0
svm_full,signo_zodiacal_sagitario,473,0.5,0.49000000000000005,0.5019230769230769,0.54,0.5162494510320597,0.458,0.5695837973515993,5.4,5.6,4.4,4.6
svm_full,signo_zodiacal_sagitario,474,0.5,0.53,0.5257575757575758,0.5800000000000001,0.5486291486291486,0.574,0.5987046809399751,5.8,5.2,4.8,4.2
svm_full,signo_zodiacal_sagitario,475,0.5,0.61,0.610934065934066,0.64,0.6118886047172492,0.6369999999999999,0.6670120887884046,6.4,4.2,5.8,3.6
svm_full,signo_zodiacal_sagitario,476,0.5,0.5700000000000001,0.6084126984126985,0.4800000000000001,0.5246858679676017,0.5780000000000001,0.6630807701070858,4.8,3.4,6.6,5.2
svm_full,signo_zodiacal_sagitario,477,0.5,0.45,0.41737373737373734,0.45999999999999996,0.4293533834586466,0.42400000000000004,0.515392670453042,4.6,5.6,4.4,5.4
svm_full,signo_zodiacal_sagitario,478,0.5,0.5,0.5023809523809524,0.5800000000000001,0.5280303030303031,0.54,0.6003716561216561,5.8,5.8,4.2,4.2
svm_full,signo_zodiacal_sagitario,479,0.5,0.56,0.5622161172161173,0.58,0.5576551951062653,0.616,0.6886106726091246,5.8,4.6,5.4,4.2
svm_full,signo_zodiacal_sagitario,480,0.5,0.5199999999999999,0.5119047619047619,0.48,0.4833333333333333,0.5700000000000001,0.6210616687234335,4.8,4.4,5.6,5.2
svm_full,signo_zodiacal_sagitario,481,0.5,0.37,0.3143589743589743,0.30000000000000004,0.30045258072718023,0.378,0.4654739139429542,3.0,5.6,4.4,7.0
svm_full,signo_zodiacal_sagitario,482,0.5,0.6,0.5741605616605617,0.6799999999999999,0.6071304934577246,0.6859999999999999,0.6881321337760966,6.8,4.8,5.2,3.2
svm_full,signo_zodiacal_sagitario,483,0.5,0.53,0.5116483516483517,0.6599999999999999,0.5748880105401845,0.49800000000000005,0.5261260134774066,6.6,6.0,4.0,3.4
svm_full,signo_zodiacal_sagitario,484,0.5,0.5599999999999999,0.5532323232323233,0.6,0.5740077466393255,0.6060000000000001,0.6422949534126003,6.0,4.8,5.2,4.0
svm_full,signo_zodiacal_sagitario,485,0.5,0.43,0.38888888888888884,0.26,0.30524227234753554,0.33999999999999997,0.4675366610513668,2.6,4.0,6.0,7.4
svm_full,signo_zodiacal_sagitario,486,0.5,0.53,0.5301948051948052,0.6199999999999999,0.5657694962042787,0.5200000000000001,0.5508072913498611,6.2,5.6,4.4,3.8
svm_full,signo_zodiacal_sagitario,487,0.5,0.4600000000000001,0.4595959595959596,0.44000000000000006,0.4477861319966583,0.496,0.5333816271447851,4.4,5.2,4.8,5.6
svm_full,signo_zodiacal_sagitario,488,0.5,0.6,0.6042424242424242,0.64,0.6158696741854637,0.6299999999999999,0.6771162807780454,6.4,4.4,5.6,3.6
svm_full,signo_zodiacal_sagitario,489,0.5,0.55,0.5607142857142857,0.45999999999999996,0.4991235888294712,0.502,0.5419682664256967,4.6,3.6,6.4,5.4
svm_full,signo_zodiacal_sagitario,490,0.5,0.38,0.3845021645021645,0.42000000000000004,0.39496918767507005,0.38,0.4864289050302982,4.2,6.6,3.4,5.8
svm_full,signo_zodiacal_sagitario,491,0.5,0.43,0.4239156268568033,0.48,0.43887623098149414,0.442,0.5185177491926718,4.8,6.2,3.8,5.2
svm_full,signo_zodiacal_sagitario,492,0.5,0.51,0.510515873015873,0.48,0.4799132068481914,0.5549999999999999,0.6111560563619387,4.8,4.6,5.4,5.2
svm_full,signo_zodiacal_sagitario,493,0.5,0.5800000000000001,0.5923520923520924,0.56,0.5705976170372455,0.522,0.5851520346698365,5.6,4.0,6.0,4.4
svm_full,signo_zodiacal_sagitario,494,0.5,0.6,0.5963888888888889,0.74,0.651727395411606,0.5799999999999998,0.6364124225447755,7.4,5.4,4.6,2.6
svm_full,signo_zodiacal_sagitario,495,0.5,0.55,0.5477777777777778,0.54,0.5420095693779904,0.5860000000000001,0.5956190814689266,5.4,4.4,5.6,4.6
svm_full,signo_zodiacal_sagitario,496,0.5,0.5199999999999999,0.517979797979798,0.5,0.5079699248120301,0.492,0.5560038007228411,5.0,4.6,5.4,5.0
svm_full,signo_zodiacal_sagitario,497,0.5,0.5,0.48880952380952375,0.52,0.495260843731432,0.5269999999999999,0.629355025693261,5.2,5.2,4.8,4.8
svm_full,signo_zodiacal_sagitario,498,0.5,0.54,0.571031746031746,0.4,0.4673804609563124,0.514,0.6003479565669967,4.0,3.2,6.8,6.0
svm_full,signo_zodiacal_sagitario,499,0.5,0.54,0.5264957264957264,0.7,0.5954263128176172,0.508,0.5620556095950832,7.0,6.2,3.8,3.0
svm_full,signo_zodiacal_sagitario,500,0.5,0.52,0.531547619047619,0.62,0.5504273504273505,0.552,0.6141183255169322,6.2,5.8,4.2,3.8
svm_full,signo_zodiacal_tauro,1,0.5,0.6100000000000001,0.5952447552447553,0.6599999999999999,0.6214354727398205,0.5740000000000001,0.6481863224494804,6.6,4.4,5.6,3.4
svm_full,signo_zodiacal_tauro,2,0.5,0.56,0.5462393162393162,0.6,0.5690576242978989,0.582,0.6312232750909221,6.0,4.8,5.2,4.0
svm_full,signo_zodiacal_tauro,3,0.5,0.63,0.6882717282717283,0.5599999999999999,0.5998587260991354,0.6719999999999999,0.7034775681834505,5.6,3.0,7.0,4.4
svm_full,signo_zodiacal_tauro,4,0.5,0.4,0.4002597402597402,0.32,0.35161998132586364,0.4,0.47214328095365243,3.2,5.2,4.8,6.8
svm_full,signo_zodiacal_tauro,5,0.5,0.47000000000000003,0.44848484848484843,0.4,0.41679197994987466,0.46399999999999997,0.5783304397700683,4.0,4.6,5.4,6.0
svm_full,signo_zodiacal_tauro,6,0.5,0.48,0.47510822510822515,0.5,0.4835752482811307,0.48599999999999993,0.6138679674298869,5.0,5.4,4.6,5.0
svm_full,signo_zodiacal_tauro,7,0.5,0.52,0.5087912087912088,0.5200000000000001,0.5081313684894248,0.5309999999999999,0.61494992709389,5.2,4.8,5.2,4.8
svm_full,signo_zodiacal_tauro,8,0.5,0.43999999999999995,0.45008547008547006,0.4,0.41534197813374013,0.44000000000000006,0.48929618274742104,4.0,5.2,4.8,6.0
svm_full,signo_zodiacal_tauro,9,0.5,0.5900000000000001,0.5748917748917749,0.7200000000000001,0.6378787878787879,0.6359999999999999,0.6889283675560766,7.2,5.4,4.6,2.8
svm_full,signo_zodiacal_tauro,10,0.5,0.52,0.5224975024975025,0.62,0.565115753811406,0.5619999999999999,0.6103694818253642,6.2,5.8,4.2,3.8
svm_full,signo_zodiacal_tauro,11,0.5,0.45,0.44935064935064933,0.4,0.4170168067226891,0.484,0.5124235633647398,4.0,5.0,5.0,6.0
svm_full,signo_zodiacal_tauro,12,0.5,0.55,0.5523809523809523,0.48,0.5023585702223474,0.5820000000000001,0.6147390834140061,4.8,3.8,6.2,5.2
svm_full,signo_zodiacal_tauro,13,0.5,0.4699999999999999,0.4278388278388278,0.4,0.405306905370844,0.48599999999999993,0.5388195660548603,4.0,4.6,5.4,6.0
svm_full,signo_zodiacal_tauro,14,0.5,0.52,0.5209523809523808,0.52,0.5110065359477124,0.48,0.5232406390479146,5.2,4.8,5.2,4.8
svm_full,signo_zodiacal_tauro,15,0.5,0.44000000000000006,0.4126984126984127,0.38,0.3793462729221243,0.40800000000000003,0.4966655772847724,3.8,5.0,5.0,6.2
svm_full,signo_zodiacal_tauro,16,0.5,0.5,0.4777438248026483,0.64,0.534981684981685,0.554,0.602480149537425,6.4,6.4,3.6,3.6
svm_full,signo_zodiacal_tauro,17,0.5,0.5599999999999998,0.5857142857142856,0.5599999999999999,0.5666666666666667,0.616,0.6904962347593926,5.6,4.4,5.6,4.4
svm_full,signo_zodiacal_tauro,18,0.5,0.55,0.5166666666666667,0.64,0.5667557932263814,0.47800000000000004,0.5210815779507729,6.4,5.4,4.6,3.6
svm_full,signo_zodiacal_tauro,19,0.5,0.44000000000000006,0.4415151515151515,0.5,0.4685714285714285,0.46799999999999997,0.5113348857025327,5.0,6.2,3.8,5.0
svm_full,signo_zodiacal_tauro,20,0.5,0.47000000000000003,0.4842424242424242,0.58,0.5180224089635855,0.362,0.4684677158926386,5.8,6.4,3.6,4.2
svm_full,signo_zodiacal_tauro,21,0.5,0.42000000000000004,0.41463092463092466,0.48,0.439198285568995,0.386,0.5165684450568351,4.8,6.4,3.6,5.2
svm_full,signo_zodiacal_tauro,22,0.5,0.6,0.5738039738039739,0.7,0.6274817478478806,0.638,0.6645178591618219,7.0,5.0,5.0,3.0
svm_full,signo_zodiacal_tauro,23,0.5,0.54,0.5363636363636364,0.56,0.546183640920483,0.558,0.6487440598617068,5.6,4.8,5.2,4.4
svm_full,signo_zodiacal_tauro,24,0.5,0.55,0.5652020202020202,0.54,0.5337369063684853,0.626,0.6345163725163725,5.4,4.4,5.6,4.6
svm_full,signo_zodiacal_tauro,25,0.5,0.4600000000000001,0.4492857142857143,0.36,0.3941176470588235,0.404,0.47597960476056445,3.6,4.4,5.6,6.4
svm_full,signo_zodiacal_tauro,26,0.5,0.5900000000000001,0.5872727272727273,0.6399999999999999,0.6076491228070175,0.6739999999999999,0.6674063583475348,6.4,4.6,5.4,3.6
svm_full,signo_zodiacal_tauro,27,0.5,0.4699999999999999,0.4883333333333334,0.44000000000000006,0.4603296119085593,0.4699999999999999,0.5520319767951347,4.4,5.0,5.0,5.6
svm_full,signo_zodiacal_tauro,28,0.5,0.55,0.5375457875457876,0.6799999999999999,0.599802371541502,0.5660000000000001,0.6567404350035929,6.8,5.8,4.2,3.2
svm_full,signo_zodiacal_tauro,29,0.5,0.4600000000000001,0.4567099567099566,0.4,0.423608039707111,0.429,0.47503360588499904,4.0,4.8,5.2,6.0
svm_full,signo_zodiacal_tauro,30,0.5,0.5,0.517979797979798,0.4,0.4416541353383458,0.5239999999999999,0.5757729749610554,4.0,4.0,6.0,6.0
svm_full,signo_zodiacal_tauro,31,0.5,0.5900000000000001,0.5886147186147186,0.6799999999999999,0.6198721670486377,0.586,0.6087646428219183,6.8,5.0,5.0,3.2
svm_full,signo_zodiacal_tauro,32,0.5,0.58,0.5804473304473303,0.6399999999999999,0.6008771929824561,0.616,0.6594873563828672,6.4,4.8,5.2,3.6
svm_full,signo_zodiacal_tauro,33,0.5,0.43,0.4325757575757576,0.45999999999999996,0.4437229437229438,0.394,0.48363140514456304,4.6,6.0,4.0,5.4
svm_full,signo_zodiacal_tauro,34,0.5,0.53,0.4950505050505051,0.5,0.49253588516746405,0.614,0.6355346028240765,5.0,4.4,5.6,5.0
svm_full,signo_zodiacal_tauro,35,0.5,0.5800000000000001,0.5774675324675325,0.62,0.593015873015873,0.5800000000000001,0.5942408131084601,6.2,4.6,5.4,3.8
svm_full,signo_zodiacal_tauro,36,0.5,0.43,0.4035464535464536,0.38,0.38135428084277184,0.42400000000000004,0.5004629433174326,3.8,5.2,4.8,6.2
svm_full,signo_zodiacal_tauro,37,0.5,0.49000000000000005,0.48598734598734594,0.6600000000000001,0.5585383022774327,0.47000000000000003,0.5377888124946948,6.6,6.8,3.2,3.4
svm_full,signo_zodiacal_tauro,38,0.5,0.41,0.4066666666666666,0.38,0.3872488038277512,0.40199999999999997,0.5029750347691524,3.8,5.6,4.4,6.2
svm_full,signo_zodiacal_tauro,39,0.5,0.52,0.5349999999999999,0.54,0.5191111111111112,0.504,0.5500592832520077,5.4,5.0,5.0,4.6
svm_full,signo_zodiacal_tauro,40,0.5,0.42000000000000004,0.41,0.36,0.38280701754385965,0.4,0.49835238840966395,3.6,5.2,4.8,6.4
svm_full,signo_zodiacal_tauro,41,0.5,0.43,0.37939393939393934,0.34,0.35417293233082703,0.392,0.49441824068604256,3.4,4.8,5.2,6.6
svm_full,signo_zodiacal_tauro,42,0.5,0.47000000000000003,0.49230769230769234,0.6,0.5200914158305463,0.508,0.5479671315097012,6.0,6.6,3.4,4.0
svm_full,signo_zodiacal_tauro,43,0.5,0.54,0.5127594627594627,0.6,0.547928946212699,0.5039999999999999,0.5506496677557048,6.0,5.2,4.8,4.0
svm_full,signo_zodiacal_tauro,44,0.5,0.51,0.5142857142857142,0.5999999999999999,0.5393557422969188,0.554,0.5843858620739426,6.0,5.8,4.2,4.0
svm_full,signo_zodiacal_tauro,45,0.5,0.47000000000000003,0.47523809523809524,0.36000000000000004,0.4063931888544891,0.42400000000000004,0.5809169238054687,3.6,4.2,5.8,6.4
svm_full,signo_zodiacal_tauro,46,0.5,0.43,0.4325757575757575,0.45999999999999996,0.4437229437229437,0.394,0.4902621545121545,4.6,6.0,4.0,5.4
svm_full,signo_zodiacal_tauro,47,0.5,0.49000000000000005,0.5241873915558126,0.62,0.5496622277096745,0.48599999999999993,0.5679477003904249,6.2,6.4,3.6,3.8
svm_full,signo_zodiacal_tauro,48,0.5,0.43999999999999995,0.4533333333333333,0.6799999999999999,0.5428811188811189,0.44399999999999995,0.5003282565387829,6.8,8.0,2.0,3.2
svm_full,signo_zodiacal_tauro,49,0.5,0.42000000000000004,0.456071706071706,0.36,0.3846124262061804,0.387,0.47207796735428315,3.6,5.2,4.8,6.4
svm_full,signo_zodiacal_tauro,50,0.5,0.43,0.40476190476190477,0.33999999999999997,0.3634252744159865,0.4600000000000001,0.5254444352517107,3.4,4.8,5.2,6.6
svm_full,signo_zodiacal_tauro,51,0.5,0.5,0.5002997002997003,0.6399999999999999,0.5606625258799173,0.524,0.5992500663251438,6.4,6.4,3.6,3.6
svm_full,signo_zodiacal_tauro,52,0.5,0.4,0.2907142857142857,0.22000000000000003,0.24582633053221287,0.43999999999999995,0.4989599191658015,2.2,4.2,5.8,7.8
svm_full,signo_zodiacal_tauro,53,0.5,0.45,0.46009768009768004,0.44000000000000006,0.44528469511374347,0.4119999999999999,0.5250890719187933,4.4,5.4,4.6,5.6
svm_full,signo_zodiacal_tauro,54,0.5,0.6199999999999999,0.6177738927738927,0.6399999999999999,0.6241763829864515,0.6699999999999999,0.6786091381958255,6.4,4.0,6.0,3.6
svm_full,signo_zodiacal_tauro,55,0.5,0.4600000000000001,0.45891885891885886,0.5,0.471775987282785,0.41600000000000004,0.5371824693194662,5.0,5.8,4.2,5.0
svm_full,signo_zodiacal_tauro,56,0.5,0.44000000000000006,0.43202020202020197,0.44000000000000006,0.4340366066681856,0.46799999999999997,0.5638985295750001,4.4,5.6,4.4,5.6
svm_full,signo_zodiacal_tauro,57,0.5,0.5800000000000001,0.6148051948051948,0.48,0.5295798319327731,0.6079999999999999,0.6216510068878489,4.8,3.2,6.8,5.2
svm_full,signo_zodiacal_tauro,58,0.5,0.35,0.37075757575757573,0.43999999999999995,0.39932067932067933,0.33599999999999997,0.47787507616222785,4.4,7.4,2.6,5.6
svm_full,signo_zodiacal_tauro,59,0.5,0.48,0.4166666666666667,0.34,0.3621933621933622,0.48999999999999994,0.5649086571323414,3.4,3.8,6.2,6.6
svm_full,signo_zodiacal_tauro,60,0.5,0.51,0.47777777777777786,0.45999999999999996,0.45980861244019133,0.546,0.595522525290327,4.6,4.4,5.6,5.4
svm_full,signo_zodiacal_tauro,61,0.5,0.37000000000000005,0.2763888888888889,0.28,0.26491870702397013,0.368,0.4620472130208972,2.8,5.4,4.6,7.2
svm_full,signo_zodiacal_tauro,62,0.5,0.52,0.5062937062937063,0.6,0.5426379247351114,0.538,0.5576177700868102,6.0,5.6,4.4,4.0
svm_full,signo_zodiacal_tauro,63,0.5,0.45,0.4321428571428571,0.4,0.4121381886087768,0.414,0.4853591959296294,4.0,5.0,5.0,6.0
svm_full,signo_zodiacal_tauro,64,0.5,0.43999999999999995,0.4654761904761905,0.5,0.47424242424242424,0.398,0.5263893812585763,5.0,6.2,3.8,5.0
svm_full,signo_zodiacal_tauro,65,0.5,0.53,0.5219780219780219,0.76,0.6181493868450391,0.496,0.5656863491685472,7.6,7.0,3.0,2.4
svm_full,signo_zodiacal_tauro,66,0.5,0.53,0.5305916305916305,0.56,0.537043142615898,0.527,0.5716225071797828,5.6,5.0,5.0,4.4
svm_full,signo_zodiacal_tauro,67,0.5,0.53,0.5292857142857142,0.45999999999999996,0.48967320261437913,0.506,0.5378090238794574,4.6,4.0,6.0,5.4
svm_full,signo_zodiacal_tauro,68,0.5,0.48,0.47333333333333333,0.4800000000000001,0.4753535353535354,0.492,0.5871230605479831,4.8,5.2,4.8,5.2
svm_full,signo_zodiacal_tauro,69,0.5,0.52,0.52,0.6399999999999999,0.5667532467532468,0.518,0.5936812996944576,6.4,6.0,4.0,3.6
svm_full,signo_zodiacal_tauro,70,0.5,0.49000000000000005,0.49912587412587417,0.54,0.5150260367651672,0.516,0.6205600520910118,5.4,5.6,4.4,4.6
svm_full,signo_zodiacal_tauro,71,0.5,0.43,0.42272727272727273,0.4600000000000001,0.43528138528138527,0.39,0.4953357949240302,4.6,6.0,4.0,5.4
svm_full,signo_zodiacal_tauro,72,0.5,0.52,0.4638888888888889,0.43999999999999995,0.44891015417331204,0.5539999999999999,0.6354263977336732,4.4,4.0,6.0,5.6
svm_full,signo_zodiacal_tauro,73,0.5,0.4,0.4092424242424243,0.43999999999999995,0.4117882117882118,0.42400000000000004,0.5229435797260875,4.4,6.4,3.6,5.6
svm_full,signo_zodiacal_tauro,74,0.5,0.45999999999999996,0.49777777777777776,0.42000000000000004,0.4299595141700404,0.406,0.4937045942533559,4.2,5.0,5.0,5.8
svm_full,signo_zodiacal_tauro,75,0.5,0.5800000000000001,0.5823076923076924,0.6799999999999999,0.621013265910291,0.6380000000000001,0.7083010573877447,6.8,5.2,4.8,3.2
svm_full,signo_zodiacal_tauro,76,0.5,0.5900000000000001,0.619047619047619,0.45999999999999996,0.5263157894736842,0.6359999999999999,0.6559824048500518,4.6,2.8,7.2,5.4
svm_full,signo_zodiacal_tauro,77,0.5,0.4800000000000001,0.49253968253968256,0.64,0.5509461415777205,0.55,0.5919282939282938,6.4,6.8,3.2,3.6
svm_full,signo_zodiacal_tauro,78,0.5,0.47000000000000003,0.47000000000000003,0.5199999999999999,0.4836491228070175,0.44399999999999995,0.5302508526904811,5.2,5.8,4.2,4.8
svm_full,signo_zodiacal_tauro,79,0.5,0.45999999999999996,0.5078321678321678,0.48,0.4737501725327812,0.41400000000000003,0.49833623875264743,4.8,5.6,4.4,5.2
svm_full,signo_zodiacal_tauro,80,0.5,0.49000000000000005,0.5034216763628528,0.68,0.573475040257649,0.47400000000000003,0.5266887675448046,6.8,7.0,3.0,3.2
svm_full,signo_zodiacal_tauro,81,0.5,0.45999999999999996,0.4604778554778555,0.5,0.4768379446640315,0.488,0.5727341157294717,5.0,5.8,4.2,5.0
svm_full,signo_zodiacal_tauro,82,0.5,0.45999999999999996,0.46238095238095234,0.54,0.4901639928698753,0.422,0.49589617941398123,5.4,6.2,3.8,4.6
svm_full,signo_zodiacal_tauro,83,0.5,0.52,0.533968253968254,0.44000000000000006,0.480687994496044,0.596,0.6230683989213401,4.4,4.0,6.0,5.6
svm_full,signo_zodiacal_tauro,84,0.5,0.47000000000000003,0.46034632034632034,0.54,0.4839480519480519,0.43000000000000005,0.5045647201955251,5.4,6.0,4.0,4.6
svm_full,signo_zodiacal_tauro,85,0.5,0.52,0.55008547008547,0.54,0.52427765064836,0.512,0.5640636662958645,5.4,5.0,5.0,4.6
svm_full,signo_zodiacal_tauro,86,0.5,0.48999999999999994,0.48315684315684315,0.52,0.4973919686451655,0.508,0.5868454436000875,5.2,5.4,4.6,4.8
svm_full,signo_zodiacal_tauro,87,0.5,0.4,0.4154761904761905,0.45999999999999996,0.42979797979797973,0.376,0.5010590284328675,4.6,6.6,3.4,5.4
svm_full,signo_zodiacal_tauro,88,0.5,0.5700000000000001,0.5724242424242424,0.6000000000000001,0.5851948051948053,0.588,0.5965155867524288,6.0,4.6,5.4,4.0
svm_full,signo_zodiacal_tauro,89,0.5,0.42000000000000004,0.40987012987012983,0.42000000000000004,0.40880485527544347,0.44800000000000006,0.5086359559772872,4.2,5.8,4.2,5.8
svm_full,signo_zodiacal_tauro,90,0.5,0.62,0.6305805305805305,0.6399999999999999,0.6275225380353932,0.64,0.662763025588103,6.4,4.0,6.0,3.6
svm_full,signo_zodiacal_tauro,91,0.5,0.52,0.519047619047619,0.5199999999999999,0.5120619195046439,0.53,0.6259169168464834,5.2,4.8,5.2,4.8
svm_full,signo_zodiacal_tauro,92,0.5,0.45,0.44935064935064933,0.42000000000000004,0.4314904909332153,0.41200000000000003,0.5316544705724272,4.2,5.2,4.8,5.8
svm_full,signo_zodiacal_tauro,93,0.5,0.51,0.519047619047619,0.38,0.43725490196078426,0.48999999999999994,0.5122778871455342,3.8,3.6,6.4,6.2
svm_full,signo_zodiacal_tauro,94,0.5,0.42000000000000004,0.4036796536796537,0.34,0.3604957134368899,0.394,0.517970661089856,3.4,5.0,5.0,6.6
svm_full,signo_zodiacal_tauro,95,0.5,0.53,0.5422222222222222,0.38,0.4363533834586466,0.49799999999999994,0.579629889718125,3.8,3.2,6.8,6.2
svm_full,signo_zodiacal_tauro,96,0.5,0.39,0.40326627620745265,0.5,0.4398719019771651,0.368,0.47474969784257703,5.0,7.2,2.8,5.0
svm_full,signo_zodiacal_tauro,97,0.5,0.51,0.5075757575757576,0.54,0.5210754158122579,0.585,0.6432165138782786,5.4,5.2,4.8,4.6
svm_full,signo_zodiacal_tauro,98,0.5,0.48,0.49539682539682534,0.5,0.4822328548644338,0.48999999999999994,0.6065652321534675,5.0,5.4,4.6,5.0
svm_full,signo_zodiacal_tauro,99,0.5,0.43,0.4333333333333333,0.36,0.38740031897926636,0.4680000000000001,0.5259328689885965,3.6,5.0,5.0,6.4
svm_full,signo_zodiacal_tauro,100,0.5,0.52,0.5232600732600733,0.64,0.5715727064697316,0.568,0.6056953668966053,6.4,6.0,4.0,3.6
svm_full,signo_zodiacal_tauro,101,0.5,0.5900000000000001,0.5709956709956711,0.72,0.6354978354978355,0.6000000000000001,0.6209840055884948,7.2,5.4,4.6,2.8
svm_full,signo_zodiacal_tauro,102,0.5,0.5199999999999999,0.4904761904761905,0.32,0.386764705882353,0.45600000000000007,0.5199798261593928,3.2,2.8,7.2,6.8
svm_full,signo_zodiacal_tauro,103,0.5,0.4600000000000001,0.46535353535353535,0.5,0.48050125313283204,0.4800000000000001,0.5367957587647989,5.0,5.8,4.2,5.0
svm_full,signo_zodiacal_tauro,104,0.5,0.43,0.43424242424242426,0.5199999999999999,0.46922410922410923,0.484,0.5878452026130045,5.2,6.6,3.4,4.8
svm_full,signo_zodiacal_tauro,105,0.5,0.61,0.5926695526695527,0.7000000000000001,0.6359298245614035,0.6439999999999999,0.6560828768754465,7.0,4.8,5.2,3.0
svm_full,signo_zodiacal_tauro,106,0.5,0.5900000000000001,0.5854195804195804,0.6199999999999999,0.5985645272601794,0.538,0.5617874331550803,6.2,4.4,5.6,3.8
svm_full,signo_zodiacal_tauro,107,0.5,0.34,0.3178787878787878,0.32,0.31620984278879016,0.346,0.4628483024543396,3.2,6.4,3.6,6.8
svm_full,signo_zodiacal_tauro,108,0.5,0.58,0.5542435342435342,0.7,0.6142353710362863,0.546,0.5544653222594399,7.0,5.4,4.6,3.0
svm_full,signo_zodiacal_tauro,109,0.5,0.56,0.5713203463203462,0.45999999999999996,0.503921568627451,0.546,0.56817853448581,4.6,3.4,6.6,5.4
svm_full,signo_zodiacal_tauro,110,0.5,0.42000000000000004,0.43435314685314685,0.54,0.47870680044593084,0.352,0.44767136784783845,5.4,7.0,3.0,4.6
svm_full,signo_zodiacal_tauro,111,0.5,0.5900000000000001,0.567032967032967,0.76,0.6492753623188405,0.65,0.6673755743740264,7.6,5.8,4.2,2.4
svm_full,signo_zodiacal_tauro,112,0.5,0.48,0.48,0.4,0.43336257309941517,0.4960000000000001,0.58513418727815,4.0,4.4,5.6,6.0
svm_full,signo_zodiacal_tauro,113,0.5,0.43999999999999995,0.43,0.43999999999999995,0.43000000000000005,0.398,0.4900466025202867,4.4,5.6,4.4,5.6
svm_full,signo_zodiacal_tauro,114,0.5,0.45999999999999996,0.4627705627705628,0.45999999999999996,0.4568426413627652,0.46399999999999997,0.549059875367151,4.6,5.4,4.6,5.4
svm_full,signo_zodiacal_tauro,115,0.5,0.5,0.49646464646464644,0.52,0.5047011468064099,0.526,0.5861020543783702,5.2,5.2,4.8,4.8
svm_full,signo_zodiacal_tauro,116,0.5,0.48,0.47424242424242424,0.52,0.4900687547746371,0.4680000000000001,0.5623792220851044,5.2,5.6,4.4,4.8
svm_full,signo_zodiacal_tauro,117,0.5,0.5800000000000001,0.5698086124401914,0.76,0.6438704284221526,0.536,0.5713254415003641,7.6,6.0,4.0,2.4
svm_full,signo_zodiacal_tauro,118,0.5,0.5,0.4926923076923077,0.6199999999999999,0.5443451910408432,0.4760000000000001,0.5223852603364987,6.2,6.2,3.8,3.8
svm_full,signo_zodiacal_tauro,119,0.5,0.49000000000000005,0.46590909090909094,0.5199999999999999,0.474920634920635,0.46799999999999997,0.5615167240739996,5.2,5.4,4.6,4.8
svm_full,signo_zodiacal_tauro,120,0.5,0.47000000000000003,0.46904761904761905,0.45999999999999996,0.4600619195046439,0.49000000000000005,0.5673505654991723,4.6,5.2,4.8,5.4
svm_full,signo_zodiacal_tauro,121,0.5,0.49000000000000005,0.4915884115884116,0.56,0.5168987943003288,0.544,0.571675100613181,5.6,5.8,4.2,4.4
svm_full,signo_zodiacal_tauro,122,0.5,0.5499999999999999,0.5290909090909091,0.6799999999999999,0.5913766233766233,0.524,0.5587312234549076,6.8,5.8,4.2,3.2
svm_full,signo_zodiacal_tauro,123,0.5,0.51,0.5133333333333333,0.34,0.4069281045751634,0.47000000000000003,0.5262216405026002,3.4,3.2,6.8,6.6
svm_full,signo_zodiacal_tauro,124,0.5,0.37,0.36454545454545456,0.38,0.37111111111111106,0.352,0.4724511632158691,3.8,6.4,3.6,6.2
svm_full,signo_zodiacal_tauro,125,0.5,0.5,0.49520202020202025,0.48,0.4862155388471178,0.514,0.5582672409290056,4.8,4.8,5.2,5.2
svm_full,signo_zodiacal_tauro,126,0.5,0.6100000000000001,0.6076767676767677,0.6,0.6029072681704261,0.686,0.7144110595287065,6.0,3.8,6.2,4.0
svm_full,signo_zodiacal_tauro,127,0.5,0.63,0.6116666666666667,0.7200000000000001,0.655111111111111,0.61,0.581250137719178,7.2,4.6,5.4,2.8
svm_full,signo_zodiacal_tauro,128,0.5,0.49000000000000005,0.4892857142857142,0.52,0.4929521458933223,0.492,0.5408054733364331,5.2,5.4,4.6,4.8
svm_full,signo_zodiacal_tauro,129,0.5,0.4,0.41060606060606064,0.4,0.402020202020202,0.40800000000000003,0.5197850482850483,4.0,6.0,4.0,6.0
svm_full,signo_zodiacal_tauro,130,0.5,0.5,0.4967171717171717,0.52,0.5052631578947369,0.43800000000000006,0.5356249420514125,5.2,5.2,4.8,4.8
svm_full,signo_zodiacal_tauro,131,0.5,0.51,0.4790909090909091,0.48,0.46841269841269834,0.576,0.6368215003950297,4.8,4.6,5.4,5.2
svm_full,signo_zodiacal_tauro,132,0.5,0.4800000000000001,0.43499999999999994,0.38,0.40166666666666667,0.53,0.5843613314789786,3.8,4.2,5.8,6.2
svm_full,signo_zodiacal_tauro,133,0.5,0.45,0.4428571428571429,0.42000000000000004,0.41372549019607846,0.406,0.5101660037588831,4.2,5.2,4.8,5.8
svm_full,signo_zodiacal_tauro,134,0.5,0.5700000000000001,0.605,0.42000000000000004,0.4894444444444444,0.5900000000000001,0.6169682617004598,4.2,2.8,7.2,5.8
svm_full,signo_zodiacal_tauro,135,0.5,0.6000000000000001,0.6175213675213675,0.54,0.5666158148995677,0.65,0.6683061834106725,5.4,3.4,6.6,4.6
svm_full,signo_zodiacal_tauro,136,0.5,0.48,0.3988455988455989,0.32,0.3500368568480024,0.488,0.539389730152888,3.2,3.6,6.4,6.8
svm_full,signo_zodiacal_tauro,137,0.5,0.48,0.4807142857142857,0.34,0.3950326797385621,0.4840000000000001,0.5273600833291237,3.4,3.8,6.2,6.6
svm_full,signo_zodiacal_tauro,138,0.5,0.52,0.5143181818181819,0.6599999999999999,0.5720146520146521,0.536,0.5670420784066295,6.6,6.2,3.8,3.4
svm_full,signo_zodiacal_tauro,139,0.5,0.52,0.5194444444444445,0.5,0.5077694235588972,0.5439999999999999,0.638655936169094,5.0,4.6,5.4,5.0
svm_full,signo_zodiacal_tauro,140,0.5,0.42000000000000004,0.3512265512265512,0.36,0.35167084377610697,0.414,0.4946089574340348,3.6,5.2,4.8,6.4
svm_full,signo_zodiacal_tauro,141,0.5,0.5599999999999999,0.5409523809523809,0.7200000000000001,0.6147878787878789,0.538,0.5674314388741633,7.2,6.0,4.0,2.8
svm_full,signo_zodiacal_tauro,142,0.5,0.42000000000000004,0.4057142857142857,0.34,0.363921568627451,0.4079999999999999,0.5067188742629919,3.4,5.0,5.0,6.6
svm_full,signo_zodiacal_tauro,143,0.5,0.5,0.5528571428571428,0.42000000000000004,0.45747899159663863,0.44000000000000006,0.5589717341482047,4.2,4.2,5.8,5.8
svm_full,signo_zodiacal_tauro,144,0.5,0.48999999999999994,0.4892857142857142,0.38,0.4246732026143791,0.4699999999999999,0.5494445097386274,3.8,4.0,6.0,6.2
svm_full,signo_zodiacal_tauro,145,0.5,0.47000000000000003,0.47363636363636363,0.5599999999999999,0.5107012987012987,0.4720000000000001,0.5832471684662087,5.6,6.2,3.8,4.4
svm_full,signo_zodiacal_tauro,146,0.5,0.6300000000000001,0.6066724941724941,0.78,0.6797752971666015,0.624,0.6543527567204037,7.8,5.2,4.8,2.2
svm_full,signo_zodiacal_tauro,147,0.5,0.5199999999999999,0.52008547008547,0.58,0.5464075207782301,0.5740000000000001,0.6426282410400057,5.8,5.4,4.6,4.2
svm_full,signo_zodiacal_tauro,148,0.5,0.47000000000000003,0.4707492507492508,0.6,0.5245383022774327,0.488,0.5550242317022503,6.0,6.6,3.4,4.0
svm_full,signo_zodiacal_tauro,149,0.5,0.5700000000000001,0.6214718614718615,0.44000000000000006,0.5054295051353875,0.62,0.7039674194054999,4.4,3.0,7.0,5.6
svm_full,signo_zodiacal_tauro,150,0.5,0.43,0.43666666666666665,0.45999999999999996,0.44679425837320574,0.45599999999999996,0.5648179902313029,4.6,6.0,4.0,5.4
svm_full,signo_zodiacal_tauro,151,0.5,0.53,0.5108094519859225,0.64,0.5600474616492923,0.5,0.5612751394632199,6.4,5.8,4.2,3.6
svm_full,signo_zodiacal_tauro,152,0.5,0.62,0.6188344988344988,0.64,0.6260477280156913,0.596,0.5962636252636253,6.4,4.0,6.0,3.6
svm_full,signo_zodiacal_tauro,153,0.5,0.6,0.6495238095238095,0.44000000000000006,0.5176470588235295,0.622,0.6608640683362046,4.4,2.4,7.6,5.6
svm_full,signo_zodiacal_tauro,154,0.5,0.45,0.4371128871128871,0.48,0.4503328867778996,0.45199999999999996,0.5342528408983517,4.8,5.8,4.2,5.2
svm_full,signo_zodiacal_tauro,155,0.5,0.5,0.5161111111111112,0.52,0.5123742690058479,0.556,0.6357624973066149,5.2,5.2,4.8,4.8
svm_full,signo_zodiacal_tauro,156,0.5,0.5,0.47523809523809524,0.44000000000000006,0.43987522281639924,0.5840000000000001,0.6288127428127427,4.4,4.4,5.6,5.6
svm_full,signo_zodiacal_tauro,157,0.5,0.51,0.49610389610389605,0.5800000000000001,0.5324219640009114,0.49799999999999994,0.5454368284793982,5.8,5.6,4.4,4.2
svm_full,signo_zodiacal_tauro,158,0.5,0.6,0.5953968253968254,0.58,0.583017168589924,0.604,0.5949112168361395,5.8,3.8,6.2,4.2
svm_full,signo_zodiacal_tauro,159,0.5,0.53,0.5515151515151515,0.52,0.522689075630252,0.54,0.6118973326295307,5.2,4.6,5.4,4.8
svm_full,signo_zodiacal_tauro,160,0.5,0.62,0.6443589743589743,0.6,0.5992237510772981,0.646,0.6610615844423893,6.0,3.6,6.4,4.0
svm_full,signo_zodiacal_tauro,161,0.5,0.61,0.67,0.54,0.5806060606060606,0.584,0.6903433233433233,5.4,3.2,6.8,4.6
svm_full,signo_zodiacal_tauro,162,0.5,0.5,0.49564102564102563,0.62,0.5483478260869565,0.524,0.5727460605270203,6.2,6.2,3.8,3.8
svm_full,signo_zodiacal_tauro,163,0.5,0.44000000000000006,0.441923076923077,0.4800000000000001,0.44753227931488804,0.43400000000000005,0.5086016961194979,4.8,6.0,4.0,5.2
svm_full,signo_zodiacal_tauro,164,0.5,0.39,0.39181929181929187,0.44000000000000006,0.4090690863405899,0.356,0.47821615476027246,4.4,6.6,3.4,5.6
svm_full,signo_zodiacal_tauro,165,0.5,0.41,0.4066666666666666,0.4,0.40113769271664007,0.43,0.5552459789092915,4.0,5.8,4.2,6.0
svm_full,signo_zodiacal_tauro,166,0.5,0.54,0.5444444444444445,0.45999999999999996,0.4954678362573099,0.538,0.6038052868184447,4.6,3.8,6.2,5.4
svm_full,signo_zodiacal_tauro,167,0.5,0.48,0.47904761904761906,0.66,0.5526666666666668,0.49800000000000005,0.5617224976605781,6.6,7.0,3.0,3.4
svm_full,signo_zodiacal_tauro,168,0.5,0.44000000000000006,0.42444444444444435,0.42000000000000004,0.4150877192982456,0.45600000000000007,0.5850038784744667,4.2,5.4,4.6,5.8
svm_full,signo_zodiacal_tauro,169,0.5,0.49000000000000005,0.47333333333333333,0.42000000000000004,0.43656565656565655,0.48200000000000004,0.5746180245622969,4.2,4.4,5.6,5.8
svm_full,signo_zodiacal_tauro,170,0.5,0.47000000000000003,0.47466200466200464,0.54,0.504076792772445,0.446,0.5478659143574004,5.4,6.0,4.0,4.6
svm_full,signo_zodiacal_tauro,171,0.5,0.53,0.5283105783105781,0.6199999999999999,0.5671867415574509,0.5119999999999999,0.604314425770308,6.2,5.6,4.4,3.8
svm_full,signo_zodiacal_tauro,172,0.5,0.5,0.5009523809523809,0.45999999999999996,0.4660065359477124,0.502,0.572063492493059,4.6,4.6,5.4,5.4
svm_full,signo_zodiacal_tauro,173,0.5,0.42000000000000004,0.4134920634920635,0.38,0.36586921850079746,0.42799999999999994,0.5104151783888626,3.8,5.4,4.6,6.2
svm_full,signo_zodiacal_tauro,174,0.5,0.5,0.5076190476190476,0.52,0.5040974450386215,0.4960000000000001,0.583980788819024,5.2,5.2,4.8,4.8
svm_full,signo_zodiacal_tauro,175,0.5,0.45,0.4469230769230769,0.43999999999999995,0.44028985507246376,0.4,0.47990039492671077,4.4,5.4,4.6,5.6
svm_full,signo_zodiacal_tauro,176,0.5,0.49000000000000005,0.49574102368220013,0.4800000000000001,0.4704559601618425,0.484,0.5289767536385184,4.8,5.0,5.0,5.2
svm_full,signo_zodiacal_tauro,177,0.5,0.5700000000000001,0.6009523809523809,0.45999999999999996,0.5019718980709692,0.538,0.6154255727932199,4.6,3.2,6.8,5.4
svm_full,signo_zodiacal_tauro,178,0.5,0.51,0.5128871128871129,0.5599999999999999,0.5230606846975133,0.44800000000000006,0.5142514650811865,5.6,5.4,4.6,4.4
svm_full,signo_zodiacal_tauro,179,0.5,0.51,0.4874375624375625,0.54,0.5056550156294402,0.558,0.6517302882875639,5.4,5.2,4.8,4.6
svm_full,signo_zodiacal_tauro,180,0.5,0.45,0.4503267973856209,0.62,0.5078149920255183,0.446,0.5166345594549928,6.2,7.2,2.8,3.8
svm_full,signo_zodiacal_tauro,181,0.5,0.5,0.49675213675213675,0.56,0.5207688787185355,0.5640000000000001,0.6193505438489959,5.6,5.6,4.4,4.4
svm_full,signo_zodiacal_tauro,182,0.5,0.49000000000000005,0.4888888888888888,0.5599999999999999,0.5198212923613381,0.55,0.5910917579152873,5.6,5.8,4.2,4.4
svm_full,signo_zodiacal_tauro,183,0.5,0.5200000000000001,0.5155011655011654,0.64,0.570412196499153,0.502,0.5530041594112801,6.4,6.0,4.0,3.6
svm_full,signo_zodiacal_tauro,184,0.5,0.5199999999999999,0.537979797979798,0.4,0.44738512949039266,0.566,0.6102646966896194,4.0,3.6,6.4,6.0
svm_full,signo_zodiacal_tauro,185,0.5,0.5700000000000001,0.5883449883449884,0.6,0.5690946734424995,0.5950000000000001,0.6317702734142362,6.0,4.6,5.4,4.0
svm_full,signo_zodiacal_tauro,186,0.5,0.48999999999999994,0.49416666666666664,0.6200000000000001,0.5452161172161172,0.45600000000000007,0.5755818673070994,6.2,6.4,3.6,3.8
svm_full,signo_zodiacal_tauro,187,0.5,0.49000000000000005,0.51,0.5199999999999999,0.5008888888888888,0.454,0.5563551356624112,5.2,5.4,4.6,4.8
svm_full,signo_zodiacal_tauro,188,0.5,0.54,0.5325874125874126,0.62,0.5713457556935818,0.608,0.6555079638283973,6.2,5.4,4.6,3.8
svm_full,signo_zodiacal_tauro,189,0.5,0.58,0.5810689310689311,0.6799999999999999,0.6193581780538302,0.544,0.577781125737008,6.8,5.2,4.8,3.2
svm_full,signo_zodiacal_tauro,190,0.5,0.52,0.513986013986014,0.7,0.5886975343497083,0.584,0.5973956305132775,7.0,6.6,3.4,3.0
svm_full,signo_zodiacal_tauro,191,0.5,0.52,0.5236208236208236,0.5800000000000001,0.5458265228288111,0.54,0.6230314962814962,5.8,5.4,4.6,4.2
svm_full,signo_zodiacal_tauro,192,0.5,0.58,0.58,0.48,0.5149206349206349,0.5700000000000001,0.6645753402943806,4.8,3.2,6.8,5.2
svm_full,signo_zodiacal_tauro,193,0.5,0.45999999999999996,0.42333333333333334,0.2,0.27071428571428574,0.43,0.5404205243500909,2.0,2.8,7.2,8.0
svm_full,signo_zodiacal_tauro,194,0.5,0.5,0.5064646464646464,0.36,0.40577340787867106,0.4,0.5372603364987266,3.6,3.6,6.4,6.4
svm_full,signo_zodiacal_tauro,195,0.5,0.61,0.625,0.58,0.5919723551302498,0.6900000000000001,0.6463086896763368,5.8,3.6,6.4,4.2
svm_full,signo_zodiacal_tauro,196,0.5,0.47000000000000003,0.4725024975024975,0.4600000000000001,0.460370235050542,0.5,0.6146862690113464,4.6,5.2,4.8,5.4
svm_full,signo_zodiacal_tauro,197,0.5,0.32999999999999996,0.29999999999999993,0.27999999999999997,0.287200956937799,0.294,0.41981530930369937,2.8,6.2,3.8,7.2
svm_full,signo_zodiacal_tauro,198,0.5,0.55,0.5340170940170941,0.6799999999999999,0.5944898412038,0.514,0.5266049299857349,6.8,5.8,4.2,3.2
svm_full,signo_zodiacal_tauro,199,0.5,0.45,0.44441336441336443,0.4600000000000001,0.44147760706113115,0.384,0.5037786211036985,4.6,5.6,4.4,5.4
svm_full,signo_zodiacal_tauro,200,0.5,0.45,0.44603174603174606,0.4999999999999999,0.45975723622782444,0.404,0.5029929176430724,5.0,6.0,4.0,5.0
svm_full,signo_zodiacal_tauro,201,0.5,0.41000000000000003,0.39404761904761904,0.32,0.3524595803233574,0.4039999999999999,0.48782130528570156,3.2,5.0,5.0,6.8
svm_full,signo_zodiacal_tauro,202,0.5,0.64,0.7154761904761905,0.45999999999999996,0.5530345471521942,0.6379999999999999,0.6924368311427135,4.6,1.8,8.2,5.4
svm_full,signo_zodiacal_tauro,203,0.5,0.42000000000000004,0.3993589743589744,0.4,0.3960081362827358,0.37,0.45073582222730824,4.0,5.6,4.4,6.0
svm_full,signo_zodiacal_tauro,204,0.5,0.54,0.5282717282717283,0.6,0.5571755475645636,0.534,0.5798107807225454,6.0,5.2,4.8,4.0
svm_full,signo_zodiacal_tauro,205,0.5,0.45,0.4636752136752137,0.52,0.4874765966299147,0.52,0.6238517218076042,5.2,6.2,3.8,4.8
svm_full,signo_zodiacal_tauro,206,0.5,0.53,0.5351923076923077,0.6599999999999999,0.586098104793757,0.562,0.6279634722003143,6.6,6.0,4.0,3.4
svm_full,signo_zodiacal_tauro,207,0.5,0.53,0.5366666666666666,0.48,0.4886452762923351,0.6079999999999999,0.642104087690775,4.8,4.2,5.8,5.2
svm_full,signo_zodiacal_tauro,208,0.5,0.43,0.4285606060606061,0.5399999999999999,0.47465201465201456,0.44000000000000006,0.5249441685765215,5.4,6.8,3.2,4.6
svm_full,signo_zodiacal_tauro,209,0.5,0.55,0.5413903743315508,0.6400000000000001,0.5620856180856181,0.619,0.6801641681332083,6.4,5.4,4.6,3.6
svm_full,signo_zodiacal_tauro,210,0.5,0.4600000000000001,0.4428571428571429,0.27999999999999997,0.33986928104575165,0.38,0.5411084138599619,2.8,3.6,6.4,7.2
svm_full,signo_zodiacal_tauro,211,0.5,0.5799999999999998,0.5735353535353536,0.6,0.5850034176349965,0.616,0.6421490798503182,6.0,4.4,5.6,4.0
svm_full,signo_zodiacal_tauro,212,0.5,0.53,0.5320879120879121,0.6199999999999999,0.5546376811594202,0.608,0.6641224700651944,6.2,5.6,4.4,3.8
svm_full,signo_zodiacal_tauro,213,0.5,0.59,0.5897435897435898,0.76,0.6513848470370209,0.5780000000000001,0.6153526648789805,7.6,5.8,4.2,2.4
svm_full,signo_zodiacal_tauro,214,0.5,0.5,0.5016666666666667,0.54,0.5145062656641604,0.538,0.6115320408865299,5.4,5.4,4.6,4.6
svm_full,signo_zodiacal_tauro,215,0.5,0.44000000000000006,0.425,0.36,0.38257575757575757,0.43800000000000006,0.491724653829143,3.6,4.8,5.2,6.4
svm_full,signo_zodiacal_tauro,216,0.5,0.42000000000000004,0.3891330891330892,0.36,0.36835711401265303,0.354,0.4432879538761892,3.6,5.2,4.8,6.4
svm_full,signo_zodiacal_tauro,217,0.5,0.35,0.3468253968253968,0.34,0.33948775682521815,0.41400000000000003,0.5100140586108078,3.4,6.4,3.6,6.6
svm_full,signo_zodiacal_tauro,218,0.5,0.56,0.5528554778554778,0.6199999999999999,0.5801869627956584,0.622,0.6333405091640385,6.2,5.0,5.0,3.8
svm_full,signo_zodiacal_tauro,219,0.5,0.5,0.49208041958041954,0.62,0.5452336069727373,0.49399999999999994,0.5665916681357858,6.2,6.2,3.8,3.8
svm_full,signo_zodiacal_tauro,220,0.5,0.59,0.6002197802197802,0.54,0.5597840295538505,0.5790000000000001,0.5976662785958451,5.4,3.6,6.4,4.6
svm_full,signo_zodiacal_tauro,221,0.5,0.47000000000000003,0.4338888888888889,0.38,0.39944862155388466,0.47800000000000004,0.5094157884599062,3.8,4.4,5.6,6.2
svm_full,signo_zodiacal_tauro,222,0.5,0.52,0.53,0.48,0.5028070175438597,0.518,0.5818097556038733,4.8,4.4,5.6,5.2
svm_full,signo_zodiacal_tauro,223,0.5,0.38,0.35023809523809524,0.32,0.3333539731682146,0.376,0.49275436594709043,3.2,5.6,4.4,6.8
svm_full,signo_zodiacal_tauro,224,0.5,0.45,0.42655122655122657,0.42000000000000004,0.4200054503460076,0.41,0.5064378019641177,4.2,5.2,4.8,5.8
svm_full,signo_zodiacal_tauro,225,0.5,0.41,0.38,0.38,0.37724880382775117,0.41,0.5115158817790396,3.8,5.6,4.4,6.2
svm_full,signo_zodiacal_tauro,226,0.5,0.54,0.5561688311688312,0.38,0.4324929971988795,0.564,0.6052948856269291,3.8,3.0,7.0,6.2
svm_full,signo_zodiacal_tauro,227,0.5,0.4800000000000001,0.4527777777777778,0.32,0.3665879442195232,0.536,0.6102154697727452,3.2,3.6,6.4,6.8
svm_full,signo_zodiacal_tauro,228,0.5,0.49000000000000005,0.4915584415584416,0.44000000000000006,0.4565179660380899,0.4910000000000001,0.5375129778202533,4.4,4.6,5.4,5.6
svm_full,signo_zodiacal_tauro,229,0.5,0.49000000000000005,0.5033333333333333,0.44000000000000006,0.4514646464646465,0.532,0.623249589849435,4.4,4.6,5.4,5.6
svm_full,signo_zodiacal_tauro,230,0.5,0.6300000000000001,0.6365079365079366,0.58,0.6016136598179942,0.668,0.7209622654607173,5.8,3.2,6.8,4.2
svm_full,signo_zodiacal_tauro,231,0.5,0.43,0.4176623376623376,0.44000000000000006,0.41467787114845944,0.37699999999999995,0.47199787510391217,4.4,5.8,4.2,5.6
svm_full,signo_zodiacal_tauro,232,0.5,0.42000000000000004,0.4111111111111111,0.4,0.40367585630743524,0.42799999999999994,0.5063044353307511,4.0,5.6,4.4,6.0
svm_full,signo_zodiacal_tauro,233,0.5,0.6199999999999999,0.6628571428571428,0.45999999999999996,0.5303454715219421,0.6500000000000001,0.7211637631374473,4.6,2.2,7.8,5.4
svm_full,signo_zodiacal_tauro,234,0.5,0.51,0.5055555555555555,0.58,0.5375702101102559,0.54,0.6213975093533917,5.8,5.6,4.4,4.2
svm_full,signo_zodiacal_tauro,235,0.5,0.45,0.41742424242424236,0.4600000000000001,0.4320393374741201,0.4579999999999999,0.5639503654240496,4.6,5.6,4.4,5.4
svm_full,signo_zodiacal_tauro,236,0.5,0.51,0.5063986013986014,0.48,0.4830779848171153,0.514,0.5570544004499112,4.8,4.6,5.4,5.2
svm_full,signo_zodiacal_tauro,237,0.5,0.43,0.42952380952380953,0.34,0.3741382868937048,0.418,0.5061829467402224,3.4,4.8,5.2,6.6
svm_full,signo_zodiacal_tauro,238,0.5,0.53,0.529527417027417,0.62,0.5632735685367264,0.556,0.6367955306647256,6.2,5.6,4.4,3.8
svm_full,signo_zodiacal_tauro,239,0.5,0.5700000000000001,0.5590909090909091,0.58,0.5673957621326042,0.5980000000000001,0.6224509446521831,5.8,4.4,5.6,4.2
svm_full,signo_zodiacal_tauro,240,0.5,0.6100000000000001,0.7533333333333333,0.4,0.495,0.5900000000000001,0.6558929322311675,4.0,1.8,8.2,6.0
svm_full,signo_zodiacal_tauro,241,0.5,0.5700000000000001,0.6,0.4,0.47333333333333333,0.5519999999999999,0.5911527459468635,4.0,2.6,7.4,6.0
svm_full,signo_zodiacal_tauro,242,0.5,0.39999999999999997,0.364975024975025,0.38,0.3650110162642132,0.374,0.45409884516927856,3.8,5.8,4.2,6.2
svm_full,signo_zodiacal_tauro,243,0.5,0.36,0.36947496947496944,0.36000000000000004,0.3602491464653263,0.36,0.4482647152469134,3.6,6.4,3.6,6.4
svm_full,signo_zodiacal_tauro,244,0.5,0.47000000000000003,0.45995670995671,0.41999999999999993,0.4312569525417823,0.44800000000000006,0.5038441085058732,4.2,4.8,5.2,5.8
svm_full,signo_zodiacal_tauro,245,0.5,0.55,0.5440476190476191,0.5799999999999998,0.55291146761735,0.506,0.530902648606983,5.8,4.8,5.2,4.2
svm_full,signo_zodiacal_tauro,246,0.5,0.53,0.5210567210567211,0.54,0.5217175844750216,0.4779999999999999,0.5461969707279304,5.4,4.8,5.2,4.6
svm_full,signo_zodiacal_tauro,247,0.5,0.51,0.5169275169275169,0.5,0.502573569473556,0.538,0.604560717060717,5.0,4.8,5.2,5.0
svm_full,signo_zodiacal_tauro,248,0.5,0.5599999999999999,0.5544877344877345,0.64,0.5895488721804512,0.536,0.558527007306419,6.4,5.2,4.8,3.6
svm_full,signo_zodiacal_tauro,249,0.5,0.49000000000000005,0.48710317460317454,0.6,0.5321958743011375,0.48,0.5156856917592212,6.0,6.2,3.8,4.0
svm_full,signo_zodiacal_tauro,250,0.5,0.55,0.5590909090909091,0.44000000000000006,0.48650793650793656,0.514,0.5262518484267711,4.4,3.4,6.6,5.6
svm_full,signo_zodiacal_tauro,251,0.5,0.53,0.5059163059163059,0.4800000000000001,0.4855916529291143,0.5660000000000001,0.6305289785893501,4.8,4.2,5.8,5.2
svm_full,signo_zodiacal_tauro,252,0.5,0.43,0.4008638420403126,0.5000000000000001,0.4366229583620888,0.44000000000000006,0.5240380834335943,5.0,6.4,3.6,5.0
svm_full,signo_zodiacal_tauro,253,0.5,0.47000000000000003,0.4814574314574315,0.38,0.39981370538646077,0.438,0.5193643762498251,3.8,4.4,5.6,6.2
svm_full,signo_zodiacal_tauro,254,0.5,0.55,0.5417366946778711,0.74,0.6230639730639731,0.518,0.5720507645948822,7.4,6.4,3.6,2.6
svm_full,signo_zodiacal_tauro,255,0.5,0.41,0.3932900432900433,0.38,0.38251957880440857,0.39,0.48576050806778365,3.8,5.6,4.4,6.2
svm_full,signo_zodiacal_tauro,256,0.5,0.6,0.6104700854700855,0.5800000000000001,0.590744978387999,0.604,0.6365996313627893,5.8,3.8,6.2,4.2
svm_full,signo_zodiacal_tauro,257,0.5,0.61,0.6592857142857144,0.48,0.5499346405228759,0.628,0.6801093524638416,4.8,2.6,7.4,5.2
svm_full,signo_zodiacal_tauro,258,0.5,0.49000000000000005,0.49861111111111106,0.6,0.5387130413446203,0.453,0.5317534430653625,6.0,6.2,3.8,4.0
svm_full,signo_zodiacal_tauro,259,0.5,0.51,0.5041991341991341,0.52,0.5083371530430354,0.53,0.5874142966596526,5.2,5.0,5.0,4.8
svm_full,signo_zodiacal_tauro,260,0.5,0.53,0.5345299145299145,0.58,0.5515408085430968,0.5660000000000001,0.6065774297082346,5.8,5.2,4.8,4.2
svm_full,signo_zodiacal_tauro,261,0.5,0.5700000000000001,0.552930402930403,0.72,0.6250988142292491,0.574,0.6211782939282939,7.2,5.8,4.2,2.8
svm_full,signo_zodiacal_tauro,262,0.5,0.42000000000000004,0.4232167832167832,0.45999999999999996,0.43958592132505175,0.4619999999999999,0.5594211415519466,4.6,6.2,3.8,5.4
svm_full,signo_zodiacal_tauro,263,0.5,0.52,0.49833333333333335,0.42000000000000004,0.4529824561403508,0.5039999999999999,0.5933396968528546,4.2,3.8,6.2,5.8
svm_full,signo_zodiacal_tauro,264,0.5,0.41999999999999993,0.4256410256410256,0.45999999999999996,0.4402329935510713,0.42400000000000004,0.47813148512993714,4.6,6.2,3.8,5.4
svm_full,signo_zodiacal_tauro,265,0.5,0.47000000000000003,0.47242424242424236,0.52,0.4947186147186147,0.47000000000000003,0.5291217381689518,5.2,5.8,4.2,4.8
svm_full,signo_zodiacal_tauro,266,0.5,0.5,0.48636363636363633,0.48,0.4809523809523809,0.496,0.5594183100181553,4.8,4.8,5.2,5.2
svm_full,signo_zodiacal_tauro,267,0.5,0.5,0.49995337995337985,0.6199999999999999,0.5513028420854508,0.49400000000000005,0.6130392324393872,6.2,6.2,3.8,3.8
svm_full,signo_zodiacal_tauro,268,0.5,0.43,0.4197619047619048,0.42000000000000004,0.4085704099821747,0.472,0.5538178945237769,4.2,5.6,4.4,5.8
svm_full,signo_zodiacal_tauro,269,0.5,0.43,0.43731092436974783,0.5799999999999998,0.4933333333333333,0.382,0.47191190302645414,5.8,7.2,2.8,4.2
svm_full,signo_zodiacal_tauro,270,0.5,0.52,0.5301165501165501,0.6,0.5446915113871637,0.542,0.6118497329983398,6.0,5.6,4.4,4.0
svm_full,signo_zodiacal_tauro,271,0.5,0.5700000000000001,0.5511446886446887,0.74,0.6298976385932907,0.5280000000000001,0.5510285804666609,7.4,6.0,4.0,2.6
svm_full,signo_zodiacal_tauro,272,0.5,0.4600000000000001,0.46717171717171724,0.48,0.47236272499430393,0.496,0.5689976118652589,4.8,5.6,4.4,5.2
svm_full,signo_zodiacal_tauro,273,0.5,0.5399999999999999,0.5334065934065934,0.7,0.6024057971014493,0.5599999999999999,0.6049741436753822,7.0,6.2,3.8,3.0
svm_full,signo_zodiacal_tauro,274,0.5,0.48,0.4833333333333333,0.48,0.4803827751196172,0.542,0.6356894765880834,4.8,5.2,4.8,5.2
svm_full,signo_zodiacal_tauro,275,0.5,0.51,0.4958741258741258,0.54,0.5147550034506556,0.54,0.6051042193101017,5.4,5.2,4.8,4.6
svm_full,signo_zodiacal_tauro,276,0.5,0.53,0.5527777777777778,0.5,0.5163742690058479,0.48199999999999993,0.5686173101923876,5.0,4.4,5.6,5.0
svm_full,signo_zodiacal_tauro,277,0.5,0.45999999999999996,0.45781995781995777,0.4800000000000001,0.463475592025868,0.41200000000000003,0.519297630903668,4.8,5.6,4.4,5.2
svm_full,signo_zodiacal_tauro,278,0.5,0.61,0.6044022644022643,0.68,0.6356739675275145,0.631,0.6767451345524101,6.8,4.6,5.4,3.2
svm_full,signo_zodiacal_tauro,279,0.5,0.4600000000000001,0.4536435786435787,0.42000000000000004,0.43299425033171157,0.41,0.49320711495247094,4.2,5.0,5.0,5.8
svm_full,signo_zodiacal_tauro,280,0.5,0.44000000000000006,0.43211788211788205,0.54,0.4766390614216701,0.418,0.4966080329199524,5.4,6.6,3.4,4.6
svm_full,signo_zodiacal_tauro,281,0.5,0.6,0.5798135198135197,0.74,0.646120082815735,0.598,0.6105165738973788,7.4,5.4,4.6,2.6
svm_full,signo_zodiacal_tauro,282,0.5,0.5199999999999999,0.539448051948052,0.58,0.5487159898924604,0.546,0.5938820613511016,5.8,5.4,4.6,4.2
svm_full,signo_zodiacal_tauro,283,0.5,0.48,0.4988131313131313,0.5,0.4861885482938114,0.49000000000000005,0.5390925899865529,5.0,5.4,4.6,5.0
svm_full,signo_zodiacal_tauro,284,0.5,0.48,0.509090909090909,0.41999999999999993,0.4429558745348219,0.48,0.5797616354234002,4.2,4.6,5.4,5.8
svm_full,signo_zodiacal_tauro,285,0.5,0.32999999999999996,0.31835497835497834,0.3,0.30735957540911096,0.26399999999999996,0.4083245967998289,3.0,6.4,3.6,7.0
svm_full,signo_zodiacal_tauro,286,0.5,0.4600000000000001,0.42095238095238097,0.30000000000000004,0.348562091503268,0.5,0.535429430218904,3.0,3.8,6.2,7.0
svm_full,signo_zodiacal_tauro,287,0.5,0.54,0.5476190476190476,0.64,0.5847400318979266,0.5,0.598646827458747,6.4,5.6,4.4,3.6
svm_full,signo_zodiacal_tauro,288,0.5,0.4600000000000001,0.46833333333333327,0.5199999999999999,0.48564912280701755,0.48200000000000004,0.5363119190750769,5.2,6.0,4.0,4.8
svm_full,signo_zodiacal_tauro,289,0.5,0.5,0.5525396825396826,0.44000000000000006,0.4634016860332649,0.45600000000000007,0.5675871838859455,4.4,4.4,5.6,5.6
svm_full,signo_zodiacal_tauro,290,0.5,0.45999999999999996,0.4444444444444445,0.4,0.4184210526315789,0.47000000000000003,0.533124810861653,4.0,4.8,5.2,6.0
svm_full,signo_zodiacal_tauro,291,0.5,0.53,0.5311172161172161,0.6,0.5499948849104859,0.47000000000000003,0.5280093611239123,6.0,5.4,4.6,4.0
svm_full,signo_zodiacal_tauro,292,0.5,0.51,0.5102453102453103,0.48,0.49111012826183104,0.538,0.6050897331942223,4.8,4.6,5.4,5.2
svm_full,signo_zodiacal_tauro,293,0.5,0.5,0.4997002997002998,0.45999999999999996,0.4486542443064182,0.538,0.5837675221235592,4.6,4.6,5.4,5.4
svm_full,signo_zodiacal_tauro,294,0.5,0.48,0.49000000000000005,0.47999999999999987,0.46673137388926855,0.41500000000000004,0.4849345197286373,4.8,5.2,4.8,5.2
svm_full,signo_zodiacal_tauro,295,0.5,0.53,0.5783333333333334,0.38,0.43391941391941397,0.5559999999999999,0.5634254330121203,3.8,3.2,6.8,6.2
svm_full,signo_zodiacal_tauro,296,0.5,0.5,0.48987522281639934,0.56,0.5118951418951418,0.55,0.6311804394435973,5.6,5.6,4.4,4.4
svm_full,signo_zodiacal_tauro,297,0.5,0.5200000000000001,0.5186868686868686,0.6,0.5538609369272984,0.5740000000000001,0.6184835121878465,6.0,5.6,4.4,4.0
svm_full,signo_zodiacal_tauro,298,0.5,0.43,0.39206349206349206,0.27999999999999997,0.3169921409859491,0.44399999999999995,0.5405140533700905,2.8,4.2,5.8,7.2
svm_full,signo_zodiacal_tauro,299,0.5,0.44000000000000006,0.4366233766233766,0.52,0.46632900432900437,0.434,0.49229841383246953,5.2,6.4,3.6,4.8
svm_full,signo_zodiacal_tauro,300,0.5,0.36,0.3169805194805195,0.34,0.31503124326653736,0.312,0.4430823108779765,3.4,6.2,3.8,6.6
svm_full,signo_zodiacal_tauro,301,0.5,0.49000000000000005,0.49646464646464644,0.43999999999999995,0.4538163590795169,0.49399999999999994,0.5781477303226529,4.4,4.6,5.4,5.6
svm_full,signo_zodiacal_tauro,302,0.5,0.65,0.6434232434232434,0.66,0.6452781570294022,0.6519999999999999,0.6668112406169682,6.6,3.6,6.4,3.4
svm_full,signo_zodiacal_tauro,303,0.5,0.5200000000000001,0.611111111111111,0.34,0.4069298245614035,0.55,0.6017182513049385,3.4,3.0,7.0,6.6
svm_full,signo_zodiacal_tauro,304,0.5,0.61,0.6580952380952381,0.42000000000000004,0.5046351172047766,0.5960000000000001,0.6321579911316753,4.2,2.0,8.0,5.8
svm_full,signo_zodiacal_tauro,305,0.5,0.5700000000000001,0.5748484848484849,0.66,0.6118441558441559,0.556,0.6252586759645584,6.6,5.2,4.8,3.4
svm_full,signo_zodiacal_tauro,306,0.5,0.36,0.32555555555555554,0.26,0.2794242015294647,0.348,0.48259104010884196,2.6,5.4,4.6,7.4
svm_full,signo_zodiacal_tauro,307,0.5,0.32999999999999996,0.2969747899159664,0.38000000000000006,0.3255773420479303,0.25200000000000006,0.4080525338954131,3.8,7.2,2.8,6.2
svm_full,signo_zodiacal_tauro,308,0.5,0.55,0.536037296037296,0.7,0.6055174101261058,0.55,0.5901815857860749,7.0,6.0,4.0,3.0
svm_full,signo_zodiacal_tauro,309,0.5,0.54,0.545952380952381,0.5599999999999999,0.5423196672608437,0.6399999999999999,0.6997343469224273,5.6,4.8,5.2,4.4
svm_full,signo_zodiacal_tauro,310,0.5,0.5900000000000001,0.5675524475524475,0.64,0.5994198936075366,0.642,0.7002486098352971,6.4,4.6,5.4,3.6
svm_full,signo_zodiacal_tauro,311,0.5,0.57,0.5708333333333333,0.64,0.5981229297018771,0.6340000000000001,0.6931726329226329,6.4,5.0,5.0,3.6
svm_full,signo_zodiacal_tauro,312,0.5,0.5599999999999999,0.5810658622423329,0.6599999999999999,0.5947591321298414,0.568,0.6311280570135059,6.6,5.4,4.6,3.4
svm_full,signo_zodiacal_tauro,313,0.5,0.44000000000000006,0.4097619047619048,0.32000000000000006,0.3572875816993465,0.508,0.553997729996182,3.2,4.4,5.6,6.8
svm_full,signo_zodiacal_tauro,314,0.5,0.47000000000000003,0.4936507936507937,0.5,0.4879772961816305,0.458,0.5281877130437502,5.0,5.6,4.4,5.0
svm_full,signo_zodiacal_tauro,315,0.5,0.5900000000000001,0.6078787878787879,0.5599999999999999,0.5572960372960373,0.5700000000000001,0.6080016249660212,5.6,3.8,6.2,4.4
svm_full,signo_zodiacal_tauro,316,0.5,0.37000000000000005,0.33404761904761904,0.27999999999999997,0.29980673609156583,0.31400000000000006,0.4478773773526095,2.8,5.4,4.6,7.2
svm_full,signo_zodiacal_tauro,317,0.5,0.47000000000000003,0.4774242424242424,0.48,0.4763059163059163,0.454,0.5720774154466104,4.8,5.4,4.6,5.2
svm_full,signo_zodiacal_tauro,318,0.5,0.41999999999999993,0.41939393939393943,0.5399999999999999,0.46958441558441566,0.42000000000000004,0.5121925096747078,5.4,7.0,3.0,4.6
svm_full,signo_zodiacal_tauro,319,0.5,0.55,0.5430769230769231,0.6599999999999999,0.594308300395257,0.5780000000000001,0.6533555147982393,6.6,5.6,4.4,3.4
svm_full,signo_zodiacal_tauro,320,0.5,0.5000000000000001,0.49291375291375294,0.58,0.528839054157132,0.532,0.5893333404641453,5.8,5.8,4.2,4.2
svm_full,signo_zodiacal_tauro,321,0.5,0.4600000000000001,0.4561111111111111,0.43999999999999995,0.4459968102073365,0.42400000000000004,0.49781557391696707,4.4,5.2,4.8,5.6
svm_full,signo_zodiacal_tauro,322,0.5,0.55,0.5361111111111111,0.5,0.501355953987533,0.5740000000000001,0.5910805475054701,5.0,4.0,6.0,5.0
svm_full,signo_zodiacal_tauro,323,0.5,0.48,0.4619047619047619,0.3,0.35400560224089633,0.49400000000000005,0.5271697981241326,3.0,3.4,6.6,7.0
svm_full,signo_zodiacal_tauro,324,0.5,0.5599999999999999,0.5585746606334842,0.6599999999999999,0.595274483970136,0.5,0.5505220057720057,6.6,5.4,4.6,3.4
svm_full,signo_zodiacal_tauro,325,0.5,0.5900000000000001,0.5888795518207284,0.74,0.6414383046147752,0.5660000000000001,0.6107003417119515,7.4,5.6,4.4,2.6
svm_full,signo_zodiacal_tauro,326,0.5,0.5800000000000001,0.5693362193362195,0.66,0.6082934609250399,0.572,0.5837297043341935,6.6,5.0,5.0,3.4
svm_full,signo_zodiacal_tauro,327,0.5,0.44000000000000006,0.44137196137196133,0.42000000000000004,0.41810785974468845,0.42800000000000005,0.5526167845742149,4.2,5.4,4.6,5.8
svm_full,signo_zodiacal_tauro,328,0.5,0.55,0.5577045177045176,0.62,0.5709443173150267,0.6120000000000001,0.6828149242398468,6.2,5.2,4.8,3.8
svm_full,signo_zodiacal_tauro,329,0.5,0.49000000000000005,0.4864912864912864,0.5199999999999999,0.4968277471171535,0.495,0.5650445851018606,5.2,5.4,4.6,4.8
svm_full,signo_zodiacal_tauro,330,0.5,0.5,0.5024708624708625,0.6,0.5374385580319083,0.568,0.610586014260937,6.0,6.0,4.0,4.0
svm_full,signo_zodiacal_tauro,331,0.5,0.58,0.6245238095238095,0.4999999999999999,0.5426975638740344,0.6,0.6183516636442332,5.0,3.4,6.6,5.0
svm_full,signo_zodiacal_tauro,332,0.5,0.48,0.4974567099567099,0.58,0.5292461924040872,0.514,0.5766591078340305,5.8,6.2,3.8,4.2
svm_full,signo_zodiacal_tauro,333,0.5,0.5,0.5108766233766234,0.56,0.525619478560655,0.442,0.5364693029708509,5.6,5.6,4.4,4.4
svm_full,signo_zodiacal_tauro,334,0.5,0.33,0.33692307692307694,0.36,0.3469565217391305,0.238,0.409777506033698,3.6,7.0,3.0,6.4
svm_full,signo_zodiacal_tauro,335,0.5,0.54,0.5333333333333333,0.54,0.5254066985645933,0.5700000000000001,0.6170954123276104,5.4,4.6,5.4,4.6
svm_full,signo_zodiacal_tauro,336,0.5,0.43000000000000005,0.4128571428571428,0.3,0.3420915032679739,0.442,0.5357807388689741,3.0,4.4,5.6,7.0
svm_full,signo_zodiacal_tauro,337,0.5,0.36,0.3566666666666667,0.34,0.34606060606060607,0.308,0.43566434099096635,3.4,6.2,3.8,6.6
svm_full,signo_zodiacal_tauro,338,0.5,0.5700000000000001,0.5674325674325674,0.5800000000000001,0.5682377298745586,0.568,0.6159118289691045,5.8,4.4,5.6,4.2
svm_full,signo_zodiacal_tauro,339,0.5,0.47000000000000003,0.4538095238095238,0.28,0.3259665824371707,0.44400000000000006,0.5404229788099757,2.8,3.4,6.6,7.2
svm_full,signo_zodiacal_tauro,340,0.5,0.5,0.5003463203463203,0.5,0.4957626687038452,0.438,0.5626727086123371,5.0,5.0,5.0,5.0
svm_full,signo_zodiacal_tauro,341,0.5,0.51,0.5045177045177045,0.5800000000000001,0.5309238569569705,0.522,0.6020687918892252,5.8,5.6,4.4,4.2
svm_full,signo_zodiacal_tauro,342,0.5,0.57,0.5790909090909091,0.5999999999999999,0.5709511541090488,0.554,0.6216545943736346,6.0,4.6,5.4,4.0
svm_full,signo_zodiacal_tauro,343,0.5,0.54,0.5376623376623376,0.5,0.5064425770308123,0.54,0.5890663786677719,5.0,4.2,5.8,5.0
svm_full,signo_zodiacal_tauro,344,0.5,0.5,0.5240476190476191,0.45999999999999996,0.48,0.508,0.5934319640627691,4.6,4.6,5.4,5.4
svm_full,signo_zodiacal_tauro,345,0.5,0.55,0.5682539682539682,0.4,0.46305960980883587,0.5700000000000001,0.6152696525181045,4.0,3.0,7.0,6.0
svm_full,signo_zodiacal_tauro,346,0.5,0.5900000000000001,0.6090909090909091,0.5599999999999999,0.5760082023239917,0.6639999999999999,0.6824824478926645,5.6,3.8,6.2,4.4
svm_full,signo_zodiacal_tauro,347,0.5,0.45999999999999996,0.47722277722277723,0.52,0.49140731391370773,0.45599999999999996,0.5623173513792709,5.2,6.0,4.0,4.8
svm_full,signo_zodiacal_tauro,348,0.5,0.54,0.5568181818181819,0.52,0.5288600288600289,0.5900000000000001,0.612687135362058,5.2,4.4,5.6,4.8
svm_full,signo_zodiacal_tauro,349,0.5,0.47000000000000003,0.4619047619047619,0.32,0.37639318885448914,0.43600000000000005,0.5542968620646639,3.2,3.8,6.2,6.8
svm_full,signo_zodiacal_tauro,350,0.5,0.44000000000000006,0.42272727272727273,0.38,0.3785714285714286,0.441,0.5366753611885191,3.8,5.0,5.0,6.2
svm_full,signo_zodiacal_tauro,351,0.5,0.4600000000000001,0.46581196581196577,0.5599999999999999,0.5037677806556525,0.43,0.5110233114838378,5.6,6.4,3.6,4.4
svm_full,signo_zodiacal_tauro,352,0.5,0.55,0.5290293040293041,0.6200000000000001,0.5664031620553358,0.516,0.5534183039183039,6.2,5.2,4.8,3.8
svm_full,signo_zodiacal_tauro,353,0.5,0.39,0.3989360639360639,0.38,0.38393131165509675,0.40099999999999997,0.5043657720848124,3.8,6.0,4.0,6.2
svm_full,signo_zodiacal_tauro,354,0.5,0.5800000000000001,0.5793206793206793,0.5599999999999999,0.5591797588600658,0.5900000000000001,0.638534899311215,5.6,4.0,6.0,4.4
svm_full,signo_zodiacal_tauro,355,0.5,0.54,0.5462662337662338,0.62,0.5633125044889751,0.556,0.6199191641691641,6.2,5.4,4.6,3.8
svm_full,signo_zodiacal_tauro,356,0.5,0.5000000000000001,0.4674242424242424,0.64,0.5365079365079366,0.524,0.5759007087683558,6.4,6.4,3.6,3.6
svm_full,signo_zodiacal_tauro,357,0.5,0.47000000000000003,0.46230519480519483,0.4800000000000001,0.45499049969638206,0.522,0.5764193122838634,4.8,5.4,4.6,5.2
svm_full,signo_zodiacal_tauro,358,0.5,0.47000000000000003,0.46944444444444444,0.44000000000000006,0.4456671982987772,0.413,0.5041703019203019,4.4,5.0,5.0,5.6
svm_full,signo_zodiacal_tauro,359,0.5,0.45999999999999996,0.46840336134453775,0.48,0.46152505446623093,0.466,0.5565118498632431,4.8,5.6,4.4,5.2
svm_full,signo_zodiacal_tauro,360,0.5,0.55,0.5427272727272727,0.6399999999999999,0.585913796348579,0.6180000000000001,0.6857961854107365,6.4,5.4,4.6,3.6
svm_full,signo_zodiacal_tauro,361,0.5,0.52,0.5326190476190475,0.6,0.5493965903377669,0.524,0.5853895353013,6.0,5.6,4.4,4.0
svm_full,signo_zodiacal_tauro,362,0.5,0.6,0.6049350649350649,0.5599999999999999,0.5758543417366947,0.6020000000000001,0.6475839987326056,5.6,3.6,6.4,4.4
svm_full,signo_zodiacal_tauro,363,0.5,0.35000000000000003,0.3764285714285714,0.45999999999999996,0.4096363636363637,0.258,0.4047327421460548,4.6,7.6,2.4,5.4
svm_full,signo_zodiacal_tauro,364,0.5,0.49000000000000005,0.4935897435897436,0.5800000000000001,0.5328439676265763,0.48100000000000004,0.5291183995742819,5.8,6.0,4.0,4.2
svm_full,signo_zodiacal_tauro,365,0.5,0.49000000000000005,0.5023232323232324,0.42000000000000004,0.44467874231032123,0.484,0.5458189947307595,4.2,4.4,5.6,5.8
svm_full,signo_zodiacal_tauro,366,0.5,0.54,0.5514438502673796,0.66,0.5923052074631021,0.4950000000000001,0.5580251507178752,6.6,5.8,4.2,3.4
svm_full,signo_zodiacal_tauro,367,0.5,0.53,0.5326190476190475,0.54,0.5263728304719016,0.5980000000000001,0.6945103040234619,5.4,4.8,5.2,4.6
svm_full,signo_zodiacal_tauro,368,0.5,0.39,0.3902564102564102,0.38,0.37857268335529204,0.32199999999999995,0.4418207656636449,3.8,6.0,4.0,6.2
svm_full,signo_zodiacal_tauro,369,0.5,0.4800000000000001,0.4938680926916221,0.6599999999999999,0.560941798941799,0.44699999999999995,0.49778704895036163,6.6,7.0,3.0,3.4
svm_full,signo_zodiacal_tauro,370,0.5,0.36,0.36439560439560437,0.43999999999999995,0.39178193565755826,0.354,0.48026811406687564,4.4,7.2,2.8,5.6
svm_full,signo_zodiacal_tauro,371,0.5,0.42000000000000004,0.4182817182817183,0.36,0.377667153818049,0.418,0.5421835776882216,3.6,5.2,4.8,6.4
svm_full,signo_zodiacal_tauro,372,0.5,0.53,0.4934046345811051,0.62,0.5265364265364265,0.5519999999999999,0.5803969620850425,6.2,5.6,4.4,3.8
svm_full,signo_zodiacal_tauro,373,0.5,0.41,0.4143589743589743,0.5,0.44962429789889746,0.414,0.5471084008011252,5.0,6.8,3.2,5.0
svm_full,signo_zodiacal_tauro,374,0.5,0.52,0.5611111111111111,0.36,0.40698643461801354,0.566,0.6716890048376116,3.6,3.2,6.8,6.4
svm_full,signo_zodiacal_tauro,375,0.5,0.55,0.5345439691027926,0.7,0.5984296405349036,0.516,0.56382721750214,7.0,6.0,4.0,3.0
svm_full,signo_zodiacal_tauro,376,0.5,0.5,0.5092857142857142,0.42000000000000004,0.44633986928104574,0.45,0.5585466031216805,4.2,4.2,5.8,5.8
svm_full,signo_zodiacal_tauro,377,0.5,0.53,0.5333333333333334,0.48,0.49988038277511954,0.558,0.6274653212284791,4.8,4.2,5.8,5.2
svm_full,signo_zodiacal_tauro,378,0.5,0.55,0.556954156954157,0.6000000000000001,0.5715575169808579,0.5660000000000001,0.6166887171136397,6.0,5.0,5.0,4.0
svm_full,signo_zodiacal_tauro,379,0.5,0.5,0.47916666666666663,0.52,0.4870261317629739,0.4620000000000001,0.4985974919473371,5.2,5.2,4.8,4.8
svm_full,signo_zodiacal_tauro,380,0.5,0.54,0.5311111111111112,0.6599999999999999,0.5825964912280701,0.524,0.6261742538507244,6.6,5.8,4.2,3.4
svm_full,signo_zodiacal_tauro,381,0.5,0.52,0.5522222222222222,0.32,0.39825814536340853,0.558,0.567442287073092,3.2,2.8,7.2,6.8
svm_full,signo_zodiacal_tauro,382,0.5,0.47000000000000003,0.4648809523809524,0.5800000000000001,0.5078640030046679,0.46399999999999997,0.5470111165064726,5.8,6.4,3.6,4.2
svm_full,signo_zodiacal_tauro,383,0.5,0.5900000000000001,0.5761072261072261,0.6399999999999999,0.6029110985632725,0.628,0.6561118793487214,6.4,4.6,5.4,3.6
svm_full,signo_zodiacal_tauro,384,0.5,0.54,0.5526340326340327,0.6,0.5726097853328975,0.476,0.5529608565668938,6.0,5.2,4.8,4.0
svm_full,signo_zodiacal_tauro,385,0.5,0.58,0.5703962703962703,0.6799999999999999,0.6164814209436635,0.696,0.7480175898233173,6.8,5.2,4.8,3.2
svm_full,signo_zodiacal_tauro,386,0.5,0.5700000000000001,0.5609328579916816,0.6799999999999999,0.6082934609250398,0.6300000000000001,0.6552626354553599,6.8,5.4,4.6,3.2
svm_full,signo_zodiacal_tauro,387,0.5,0.47000000000000003,0.4965079365079365,0.38,0.40895754400398365,0.46799999999999997,0.5777102531970952,3.8,4.4,5.6,6.2
svm_full,signo_zodiacal_tauro,388,0.5,0.52,0.5107142857142858,0.66,0.5724608724608724,0.4919999999999999,0.5626758525272457,6.6,6.2,3.8,3.4
svm_full,signo_zodiacal_tauro,389,0.5,0.41000000000000003,0.3983682983682984,0.36,0.3686961970142748,0.43,0.5352136670519023,3.6,5.4,4.6,6.4
svm_full,signo_zodiacal_tauro,390,0.5,0.41,0.4126984126984127,0.38,0.38736842105263153,0.46399999999999997,0.5417052104242506,3.8,5.6,4.4,6.2
svm_full,signo_zodiacal_tauro,391,0.5,0.53,0.5133823529411765,0.68,0.5751282051282052,0.514,0.592034168445933,6.8,6.2,3.8,3.2
svm_full,signo_zodiacal_tauro,392,0.5,0.5800000000000001,0.6248412698412699,0.45999999999999996,0.518311464936852,0.6039999999999999,0.6470371485239906,4.6,3.0,7.0,5.4
svm_full,signo_zodiacal_tauro,393,0.5,0.41,0.4025641025641026,0.44000000000000006,0.4135531516538381,0.49800000000000005,0.5901995396244623,4.4,6.2,3.8,5.6
svm_full,signo_zodiacal_tauro,394,0.5,0.45,0.4727272727272728,0.41999999999999993,0.433008658008658,0.522,0.5727663421030295,4.2,5.2,4.8,5.8
svm_full,signo_zodiacal_tauro,395,0.5,0.49000000000000005,0.5081385281385281,0.48,0.48317460317460326,0.442,0.5422708500649678,4.8,5.0,5.0,5.2
svm_full,signo_zodiacal_tauro,396,0.5,0.4,0.42406593406593396,0.32,0.34861851987171677,0.31399999999999995,0.4637113581293148,3.2,5.2,4.8,6.8
svm_full,signo_zodiacal_tauro,397,0.5,0.44000000000000006,0.40575757575757576,0.38,0.386015037593985,0.458,0.5081497654392392,3.8,5.0,5.0,6.2
svm_full,signo_zodiacal_tauro,398,0.5,0.59,0.5801923076923077,0.72,0.6368673355629879,0.5619999999999999,0.5950593742342968,7.2,5.4,4.6,2.8
svm_full,signo_zodiacal_tauro,399,0.5,0.6599999999999999,0.6413034188034188,0.76,0.6891001904274215,0.672,0.6717564343121618,7.6,4.4,5.6,2.4
svm_full,signo_zodiacal_tauro,400,0.5,0.42000000000000004,0.4246153846153846,0.5399999999999999,0.4717725752508361,0.394,0.4971252210122179,5.4,7.0,3.0,4.6
svm_full,signo_zodiacal_tauro,401,0.5,0.47000000000000003,0.4686868686868687,0.45999999999999996,0.4636591478696742,0.4699999999999999,0.5502116402689158,4.6,5.2,4.8,5.4
svm_full,signo_zodiacal_tauro,402,0.5,0.44000000000000006,0.4458333333333333,0.5599999999999999,0.48947163947163946,0.40599999999999997,0.5311268849829222,5.6,6.8,3.2,4.4
svm_full,signo_zodiacal_tauro,403,0.5,0.5700000000000001,0.5688583638583639,0.6599999999999999,0.6022293414696159,0.6,0.6463225744843392,6.6,5.2,4.8,3.4
svm_full,signo_zodiacal_tauro,404,0.5,0.51,0.5301587301587302,0.42000000000000004,0.4429454102828716,0.521,0.5791332252199125,4.2,4.0,6.0,5.8
svm_full,signo_zodiacal_tauro,405,0.5,0.51,0.5129870129870129,0.6,0.547979797979798,0.538,0.5794162473233679,6.0,5.8,4.2,4.0
svm_full,signo_zodiacal_tauro,406,0.5,0.51,0.5280519480519481,0.42000000000000004,0.4620028011204482,0.47400000000000003,0.5092223430164606,4.2,4.0,6.0,5.8
svm_full,signo_zodiacal_tauro,407,0.5,0.5599999999999999,0.5828282828282829,0.45999999999999996,0.4942869995501574,0.5319999999999999,0.5981513294926607,4.6,3.4,6.6,5.4
svm_full,signo_zodiacal_tauro,408,0.5,0.41000000000000003,0.3095238095238095,0.22000000000000003,0.25653594771241833,0.38400000000000006,0.4625855374415746,2.2,4.0,6.0,7.8
svm_full,signo_zodiacal_tauro,409,0.5,0.4,0.3986568986568987,0.42000000000000004,0.4031610355812806,0.33599999999999997,0.46254725056505236,4.2,6.2,3.8,5.8
svm_full,signo_zodiacal_tauro,410,0.5,0.42000000000000004,0.41135531135531134,0.42000000000000004,0.4063946097126875,0.40800000000000003,0.47391759118074905,4.2,5.8,4.2,5.8
svm_full,signo_zodiacal_tauro,411,0.5,0.45999999999999996,0.47480519480519484,0.6399999999999999,0.5436190476190477,0.42800000000000005,0.4987322318204671,6.4,7.2,2.8,3.6
svm_full,signo_zodiacal_tauro,412,0.5,0.44000000000000006,0.4476301476301476,0.48,0.46164323853111033,0.47000000000000003,0.5375942011205168,4.8,6.0,4.0,5.2
svm_full,signo_zodiacal_tauro,413,0.5,0.58,0.575676088617265,0.7,0.6251851851851852,0.6380000000000001,0.6700436497626899,7.0,5.4,4.6,3.0
svm_full,signo_zodiacal_tauro,414,0.5,0.44000000000000006,0.41611721611721614,0.36,0.3791844273941461,0.40199999999999997,0.4958035036858567,3.6,4.8,5.2,6.4
svm_full,signo_zodiacal_tauro,415,0.5,0.4,0.402020202020202,0.44000000000000006,0.4191615402141718,0.388,0.5171635895064687,4.4,6.4,3.6,5.6
svm_full,signo_zodiacal_tauro,416,0.5,0.5,0.5021245421245422,0.64,0.5602213438735177,0.516,0.545192436648319,6.4,6.4,3.6,3.6
svm_full,signo_zodiacal_tauro,417,0.5,0.49000000000000005,0.47285714285714286,0.42000000000000004,0.43574229691876754,0.502,0.5402009173317222,4.2,4.4,5.6,5.8
svm_full,signo_zodiacal_tauro,418,0.5,0.53,0.5322727272727272,0.5599999999999999,0.5426262626262626,0.5359999999999999,0.6081897818383887,5.6,5.0,5.0,4.4
svm_full,signo_zodiacal_tauro,419,0.5,0.61,0.6378968253968254,0.58,0.5891581328887829,0.572,0.6269253344694521,5.8,3.6,6.4,4.2
svm_full,signo_zodiacal_tauro,420,0.5,0.5,0.5034188034188034,0.6199999999999999,0.5523646071700992,0.484,0.543633265427383,6.2,6.2,3.8,3.8
svm_full,signo_zodiacal_tauro,421,0.5,0.39,0.3696969696969697,0.3,0.32091125249019986,0.294,0.4443437094381367,3.0,5.2,4.8,7.0
svm_full,signo_zodiacal_tauro,422,0.5,0.43,0.42870389414507065,0.5599999999999999,0.474140432836085,0.46699999999999997,0.562738168264484,5.6,7.0,3.0,4.4
svm_full,signo_zodiacal_tauro,423,0.5,0.43,0.39666666666666667,0.32,0.34950710108604843,0.36000000000000004,0.48917326507341985,3.2,4.6,5.4,6.8
svm_full,signo_zodiacal_tauro,424,0.5,0.43999999999999995,0.4405555555555555,0.45999999999999996,0.44267517278043594,0.42400000000000004,0.5364357509535529,4.6,5.8,4.2,5.4
svm_full,signo_zodiacal_tauro,425,0.5,0.51,0.5057575757575757,0.4,0.43911027568922306,0.514,0.5364836792894069,4.0,3.8,6.2,6.0
svm_full,signo_zodiacal_tauro,426,0.5,0.53,0.5283716283716283,0.6799999999999999,0.5934782608695652,0.516,0.583890044595927,6.8,6.2,3.8,3.2
svm_full,signo_zodiacal_tauro,427,0.5,0.48999999999999994,0.4946464646464646,0.5799999999999998,0.5308598769651401,0.546,0.6206376201198183,5.8,6.0,4.0,4.2
svm_full,signo_zodiacal_tauro,428,0.5,0.42000000000000004,0.4,0.42000000000000004,0.4035353535353535,0.4,0.49147906977783135,4.2,5.8,4.2,5.8
svm_full,signo_zodiacal_tauro,429,0.5,0.5,0.49860139860139857,0.54,0.5169772256728778,0.516,0.5993177835236658,5.4,5.4,4.6,4.6
svm_full,signo_zodiacal_tauro,430,0.5,0.5,0.4990836940836941,0.58,0.5234124224588621,0.46799999999999997,0.5218793869529164,5.8,5.8,4.2,4.2
svm_full,signo_zodiacal_tauro,431,0.5,0.6,0.6461904761904762,0.52,0.5587680431024084,0.5640000000000001,0.6045363448041466,5.2,3.2,6.8,4.8
svm_full,signo_zodiacal_tauro,432,0.5,0.53,0.5188034188034187,0.6,0.5510022883295195,0.516,0.5537283555797486,6.0,5.4,4.6,4.0
svm_full,signo_zodiacal_tauro,433,0.5,0.56,0.5703546453546453,0.5199999999999999,0.5353712499492551,0.55,0.6093691020881422,5.2,4.0,6.0,4.8
svm_full,signo_zodiacal_tauro,434,0.5,0.57,0.5566666666666666,0.6199999999999999,0.5802852049910874,0.546,0.5656838417000956,6.2,4.8,5.2,3.8
svm_full,signo_zodiacal_tauro,435,0.5,0.56,0.5492589763177997,0.6799999999999999,0.6009523809523809,0.536,0.5700043828720299,6.8,5.6,4.4,3.2
svm_full,signo_zodiacal_tauro,436,0.5,0.45,0.4673076923076923,0.68,0.5533221850613155,0.384,0.4764496647143705,6.8,7.8,2.2,3.2
svm_full,signo_zodiacal_tauro,437,0.5,0.43,0.4144230769230769,0.5399999999999999,0.45538809017069887,0.40199999999999997,0.4795875425743847,5.4,6.8,3.2,4.6
svm_full,signo_zodiacal_tauro,438,0.5,0.5,0.5024242424242424,0.7,0.582952380952381,0.45600000000000007,0.5043047687606512,7.0,7.0,3.0,3.0
svm_full,signo_zodiacal_tauro,439,0.5,0.51,0.5126984126984128,0.38,0.4325851393188854,0.528,0.5883472236397932,3.8,3.6,6.4,6.2
svm_full,signo_zodiacal_tauro,440,0.5,0.6199999999999999,0.6051526251526251,0.68,0.635949656750572,0.582,0.6374505308932553,6.8,4.4,5.6,3.2
svm_full,signo_zodiacal_tauro,441,0.5,0.48,0.46298701298701295,0.31999999999999995,0.3626517273576097,0.4959999999999999,0.5900599884291835,3.2,3.6,6.4,6.8
svm_full,signo_zodiacal_tauro,442,0.5,0.4600000000000001,0.4512820512820513,0.45999999999999996,0.44816933638443934,0.504,0.566118613842298,4.6,5.4,4.6,5.4
svm_full,signo_zodiacal_tauro,443,0.5,0.62,0.6025641025641025,0.72,0.6527980029124194,0.61,0.6514649500825972,7.2,4.8,5.2,2.8
svm_full,signo_zodiacal_tauro,444,0.5,0.5,0.5257142857142857,0.34,0.4072549019607843,0.4499999999999999,0.5525436338687113,3.4,3.4,6.6,6.6
svm_full,signo_zodiacal_tauro,445,0.5,0.51,0.5052680652680652,0.6199999999999999,0.554068134763787,0.5780000000000001,0.654607697256304,6.2,6.0,4.0,3.8
svm_full,signo_zodiacal_tauro,446,0.5,0.49000000000000005,0.4762626262626262,0.4,0.42431077694235586,0.46799999999999997,0.5220724944989651,4.0,4.2,5.8,6.0
svm_full,signo_zodiacal_tauro,447,0.5,0.55,0.5492424242424242,0.5599999999999999,0.5518037518037519,0.5960000000000001,0.588192547218863,5.6,4.6,5.4,4.4
svm_full,signo_zodiacal_tauro,448,0.5,0.62,0.5896969696969697,0.76,0.6607099567099567,0.66,0.6718372913636073,7.6,5.2,4.8,2.4
svm_full,signo_zodiacal_tauro,449,0.5,0.58,0.5766317016317016,0.6199999999999999,0.5934563021519542,0.616,0.6576743144196704,6.2,4.6,5.4,3.8
svm_full,signo_zodiacal_tauro,450,0.5,0.5800000000000001,0.5966666666666666,0.45999999999999996,0.5129824561403509,0.5599999999999999,0.6476845833904658,4.6,3.0,7.0,5.4
svm_full,signo_zodiacal_tauro,451,0.5,0.44000000000000006,0.4264901764901764,0.45999999999999996,0.43873168156382586,0.41600000000000004,0.503781394474119,4.6,5.8,4.2,5.4
svm_full,signo_zodiacal_tauro,452,0.5,0.4600000000000001,0.46992673992673994,0.43999999999999995,0.44437456405487097,0.42400000000000004,0.5064604941841784,4.4,5.2,4.8,5.6
svm_full,signo_zodiacal_tauro,453,0.5,0.56,0.5644444444444444,0.56,0.5606698564593302,0.58,0.6363875368697349,5.6,4.4,5.6,4.4
svm_full,signo_zodiacal_tauro,454,0.5,0.58,0.5653846153846154,0.68,0.6126701800614844,0.5660000000000001,0.5961745276567257,6.8,5.2,4.8,3.2
svm_full,signo_zodiacal_tauro,455,0.5,0.56,0.5547474747474748,0.58,0.5662155388471178,0.562,0.6133287355918935,5.8,4.6,5.4,4.2
svm_full,signo_zodiacal_tauro,456,0.5,0.4,0.37987012987012986,0.36,0.36769374416433237,0.396,0.46813302237837834,3.6,5.6,4.4,6.4
svm_full,signo_zodiacal_tauro,457,0.5,0.45,0.4327777777777778,0.36,0.3908187134502924,0.45999999999999996,0.5229464510377824,3.6,4.6,5.4,6.4
svm_full,signo_zodiacal_tauro,458,0.5,0.51,0.51069884364002,0.6799999999999999,0.5730396038405192,0.5940000000000001,0.6642707920734235,6.8,6.6,3.4,3.2
svm_full,signo_zodiacal_tauro,459,0.5,0.5900000000000001,0.5932789432789433,0.58,0.5809015291852819,0.5240000000000001,0.5766371329049347,5.8,4.0,6.0,4.2
svm_full,signo_zodiacal_tauro,460,0.5,0.45,0.4323809523809524,0.42000000000000004,0.4223054070112894,0.4739999999999999,0.5758917210240739,4.2,5.2,4.8,5.8
svm_full,signo_zodiacal_tauro,461,0.5,0.51,0.5101551226551226,0.5199999999999999,0.5022238855056191,0.536,0.5686430885076396,5.2,5.0,5.0,4.8
svm_full,signo_zodiacal_tauro,462,0.5,0.4800000000000001,0.4800000000000001,0.5799999999999998,0.5212587412587413,0.532,0.5853850104144221,5.8,6.2,3.8,4.2
svm_full,signo_zodiacal_tauro,463,0.5,0.54,0.5688888888888889,0.48,0.5108771929824562,0.51,0.5837704517704517,4.8,4.0,6.0,5.2
svm_full,signo_zodiacal_tauro,464,0.5,0.4800000000000001,0.48955266955266963,0.44000000000000006,0.44870853604599736,0.366,0.528254065422022,4.4,4.8,5.2,5.6
svm_full,signo_zodiacal_tauro,465,0.5,0.49000000000000005,0.47555555555555556,0.45999999999999996,0.4550175438596492,0.546,0.5626323008776568,4.6,4.8,5.2,5.4
svm_full,signo_zodiacal_tauro,466,0.5,0.6300000000000001,0.65,0.64,0.6331339712918661,0.63,0.6633498772469361,6.4,3.8,6.2,3.6
svm_full,signo_zodiacal_tauro,467,0.5,0.53,0.5416666666666666,0.48,0.489644342585519,0.546,0.6356882453631679,4.8,4.2,5.8,5.2
svm_full,signo_zodiacal_tauro,468,0.5,0.47000000000000003,0.4662087912087912,0.4800000000000001,0.46473429951690826,0.516,0.5558633480382706,4.8,5.4,4.6,5.2
svm_full,signo_zodiacal_tauro,469,0.5,0.4600000000000001,0.46769230769230763,0.5199999999999999,0.4849476865845153,0.374,0.46276071580638145,5.2,6.0,4.0,4.8
svm_full,signo_zodiacal_tauro,470,0.5,0.44000000000000006,0.4537795537795538,0.58,0.5080274797666102,0.41600000000000004,0.5104908065790419,5.8,7.0,3.0,4.2
svm_full,signo_zodiacal_tauro,471,0.5,0.36,0.3688888888888889,0.42000000000000004,0.3882913343965975,0.33399999999999996,0.4563306097926841,4.2,7.0,3.0,5.8
svm_full,signo_zodiacal_tauro,472,0.5,0.41,0.3555555555555555,0.26,0.29202654071075124,0.41600000000000004,0.5224977234667636,2.6,4.4,5.6,7.4
svm_full,signo_zodiacal_tauro,473,0.5,0.4800000000000001,0.486013986013986,0.62,0.5436664784490871,0.4,0.4697433503888613,6.2,6.6,3.4,3.8
svm_full,signo_zodiacal_tauro,474,0.5,0.47000000000000003,0.4632900432900433,0.54,0.4904929971988796,0.445,0.5022973137973137,5.4,6.0,4.0,4.6
svm_full,signo_zodiacal_tauro,475,0.5,0.43999999999999995,0.4007142857142857,0.38,0.37588738059326293,0.41200000000000003,0.5125071431836137,3.8,5.0,5.0,6.2
svm_full,signo_zodiacal_tauro,476,0.5,0.5,0.5207142857142857,0.42000000000000004,0.441998491704374,0.546,0.6567262096348783,4.2,4.2,5.8,5.8
svm_full,signo_zodiacal_tauro,477,0.5,0.47000000000000003,0.4526984126984127,0.5,0.4687931593690108,0.514,0.5826464009846363,5.0,5.6,4.4,5.0
svm_full,signo_zodiacal_tauro,478,0.5,0.56,0.5674242424242424,0.58,0.5683792815371763,0.5439999999999999,0.5912940568203726,5.8,4.6,5.4,4.2
svm_full,signo_zodiacal_tauro,479,0.5,0.5,0.5147401617989853,0.6,0.5372670807453417,0.526,0.5866833325772954,6.0,6.0,4.0,4.0
svm_full,signo_zodiacal_tauro,480,0.5,0.51,0.5265623265623265,0.5399999999999999,0.5207911082052958,0.5569999999999999,0.6143417395298199,5.4,5.2,4.8,4.6
svm_full,signo_zodiacal_tauro,481,0.5,0.54,0.5176623376623376,0.58,0.5342857142857143,0.549,0.5906110360228006,5.8,5.0,5.0,4.2
svm_full,signo_zodiacal_tauro,482,0.5,0.52,0.5533766233766234,0.45999999999999996,0.4832085561497325,0.51,0.5725722261914211,4.6,4.2,5.8,5.4
svm_full,signo_zodiacal_tauro,483,0.5,0.5,0.5123076923076922,0.42000000000000004,0.4490537084398977,0.4800000000000001,0.5471589352340125,4.2,4.2,5.8,5.8
svm_full,signo_zodiacal_tauro,484,0.5,0.45999999999999996,0.4568253968253968,0.38,0.41085139318885455,0.46399999999999997,0.5567440806527494,3.8,4.6,5.4,6.2
svm_full,signo_zodiacal_tauro,485,0.5,0.44000000000000006,0.44462269756387407,0.5599999999999999,0.4862069704174967,0.38,0.46978233960741705,5.6,6.8,3.2,4.4
svm_full,signo_zodiacal_tauro,486,0.5,0.45,0.4556410256410257,0.54,0.49343873517786563,0.37399999999999994,0.4491433032052227,5.4,6.4,3.6,4.6
svm_full,signo_zodiacal_tauro,487,0.5,0.45999999999999996,0.46333333333333326,0.44000000000000006,0.4486868686868687,0.48,0.5587130543175434,4.4,5.2,4.8,5.6
svm_full,signo_zodiacal_tauro,488,0.5,0.53,0.5428571428571428,0.54,0.5338086749851455,0.522,0.5460133385706142,5.4,4.8,5.2,4.6
svm_full,signo_zodiacal_tauro,489,0.5,0.45,0.43571428571428567,0.5,0.44743589743589746,0.404,0.5341483265616392,5.0,6.0,4.0,5.0
svm_full,signo_zodiacal_tauro,490,0.5,0.54,0.5318614718614718,0.68,0.5932380952380952,0.4760000000000001,0.5257189732352272,6.8,6.0,4.0,3.2
svm_full,signo_zodiacal_tauro,491,0.5,0.48,0.4766233766233766,0.44000000000000006,0.4526950174008998,0.43600000000000005,0.5156387686960442,4.4,4.8,5.2,5.6
svm_full,signo_zodiacal_tauro,492,0.5,0.5599999999999999,0.5358974358974359,0.64,0.5805491990846682,0.5599999999999999,0.5713298260047486,6.4,5.2,4.8,3.6
svm_full,signo_zodiacal_tauro,493,0.5,0.52,0.5132478632478633,0.6200000000000001,0.5562993071002225,0.534,0.5547223479135244,6.2,5.8,4.2,3.8
svm_full,signo_zodiacal_tauro,494,0.5,0.5999999999999999,0.5916666666666667,0.7,0.632161943319838,0.589,0.6049310232251408,7.0,5.0,5.0,3.0
svm_full,signo_zodiacal_tauro,495,0.5,0.36999999999999994,0.2883516483516483,0.33999999999999997,0.30734867860187554,0.31599999999999995,0.46061989953630816,3.4,6.0,4.0,6.6
svm_full,signo_zodiacal_tauro,496,0.5,0.54,0.5357575757575759,0.45999999999999996,0.4767965367965368,0.526,0.5759026898454142,4.6,3.8,6.2,5.4
svm_full,signo_zodiacal_tauro,497,0.5,0.57,0.5540293040293041,0.56,0.5446859903381643,0.654,0.6499979187479188,5.6,4.2,5.8,4.4
svm_full,signo_zodiacal_tauro,498,0.5,0.5,0.5086136086136086,0.5,0.49896672627861216,0.546,0.6089531383649031,5.0,5.0,5.0,5.0
svm_full,signo_zodiacal_tauro,499,0.5,0.4800000000000001,0.48555555555555563,0.52,0.4981020733652312,0.518,0.5926020521446217,5.2,5.6,4.4,4.8
svm_full,signo_zodiacal_tauro,500,0.5,0.58,0.568288084464555,0.6599999999999999,0.5979505196896502,0.6130000000000001,0.6244869074853594,6.6,5.0,5.0,3.4
svm_full,signo_zodiacal_virgo,1,0.5,0.47000000000000003,0.4859584859584859,0.56,0.5148741418764302,0.466,0.5542024272597028,5.6,6.2,3.8,4.4
svm_full,signo_zodiacal_virgo,2,0.5,0.49000000000000005,0.45999999999999996,0.32,0.35952091767881245,0.462,0.5549261022774955,3.2,3.4,6.6,6.8
svm_full,signo_zodiacal_virgo,3,0.5,0.55,0.5412587412587413,0.6,0.5677018633540373,0.594,0.6497626437889595,6.0,5.0,5.0,4.0
svm_full,signo_zodiacal_virgo,4,0.5,0.56,0.618974358974359,0.42000000000000004,0.48006211180124214,0.53,0.6232602850366009,4.2,3.0,7.0,5.8
svm_full,signo_zodiacal_virgo,5,0.5,0.52,0.5511111111111111,0.43999999999999995,0.48081871345029237,0.53,0.5793990819122398,4.4,4.0,6.0,5.6
svm_full,signo_zodiacal_virgo,6,0.5,0.45999999999999996,0.4460606060606061,0.5,0.4632813852813853,0.42400000000000004,0.48544923703747234,5.0,5.8,4.2,5.0
svm_full,signo_zodiacal_virgo,7,0.5,0.41000000000000003,0.41373626373626377,0.5,0.448792270531401,0.42400000000000004,0.5476928914738511,5.0,6.8,3.2,5.0
svm_full,signo_zodiacal_virgo,8,0.5,0.43,0.43272727272727274,0.5,0.45926739926739923,0.418,0.505393730882121,5.0,6.4,3.6,5.0
svm_full,signo_zodiacal_virgo,9,0.5,0.38,0.4007492507492508,0.48,0.43508375682288725,0.40599999999999997,0.5219123125756253,4.8,7.2,2.8,5.2
svm_full,signo_zodiacal_virgo,10,0.5,0.47000000000000003,0.46352813852813857,0.44000000000000006,0.4464530309731548,0.524,0.5447189003806651,4.4,5.0,5.0,5.6
svm_full,signo_zodiacal_virgo,11,0.5,0.43999999999999995,0.38351648351648354,0.34,0.3425648520277676,0.4640000000000001,0.542708484497958,3.4,4.6,5.4,6.6
svm_full,signo_zodiacal_virgo,12,0.5,0.6300000000000001,0.6475213675213676,0.7200000000000001,0.6650994750302868,0.638,0.6802081296756218,7.2,4.6,5.4,2.8
svm_full,signo_zodiacal_virgo,13,0.5,0.6,0.5883533133533134,0.6799999999999999,0.6252086078173036,0.612,0.6809762643617132,6.8,4.8,5.2,3.2
svm_full,signo_zodiacal_virgo,14,0.5,0.5,0.5,0.58,0.5348484848484849,0.422,0.5082888341448712,5.8,5.8,4.2,4.2
svm_full,signo_zodiacal_virgo,15,0.5,0.48999999999999994,0.4855988455988455,0.5799999999999998,0.5238295739348371,0.5,0.5974759803320173,5.8,6.0,4.0,4.2
svm_full,signo_zodiacal_virgo,16,0.5,0.44000000000000006,0.44031746031746033,0.36,0.38476608187134503,0.39,0.4818136236828187,3.6,4.8,5.2,6.4
svm_full,signo_zodiacal_virgo,17,0.5,0.57,0.5621212121212121,0.6599999999999999,0.6058441558441559,0.586,0.6075682868902683,6.6,5.2,4.8,3.4
svm_full,signo_zodiacal_virgo,18,0.5,0.55,0.53992673992674,0.6200000000000001,0.5672266139657444,0.6200000000000001,0.6571585152893202,6.2,5.2,4.8,3.8
svm_full,signo_zodiacal_virgo,19,0.5,0.5,0.5049494949494949,0.5599999999999999,0.5259895192526771,0.5680000000000001,0.5948487715414961,5.6,5.6,4.4,4.4
svm_full,signo_zodiacal_virgo,20,0.5,0.53,0.5533333333333333,0.38,0.42757020757020764,0.4720000000000001,0.5237124183006536,3.8,3.2,6.8,6.2
svm_full,signo_zodiacal_virgo,21,0.5,0.52,0.5154267954267955,0.52,0.5128286188617324,0.48200000000000004,0.5382272347535505,5.2,4.8,5.2,4.8
svm_full,signo_zodiacal_virgo,22,0.5,0.43000000000000005,0.3922477522477522,0.4,0.3892534405066374,0.45199999999999996,0.5579553990041607,4.0,5.4,4.6,6.0
svm_full,signo_zodiacal_virgo,23,0.5,0.49000000000000005,0.5,0.4,0.4377777777777778,0.546,0.5684899349016996,4.0,4.2,5.8,6.0
svm_full,signo_zodiacal_virgo,24,0.5,0.5599999999999999,0.5726190476190476,0.56,0.5576315041653579,0.584,0.6691204977513028,5.6,4.4,5.6,4.4
svm_full,signo_zodiacal_virgo,25,0.5,0.5700000000000001,0.5672727272727273,0.6200000000000001,0.5900000000000001,0.571,0.5770618358249937,6.2,4.8,5.2,3.8
svm_full,signo_zodiacal_virgo,26,0.5,0.53,0.5429365079365079,0.5,0.5112432060543516,0.526,0.614369884845117,5.0,4.4,5.6,5.0
svm_full,signo_zodiacal_virgo,27,0.5,0.39,0.3655555555555555,0.30000000000000004,0.3205092276144908,0.396,0.5107988143607339,3.0,5.2,4.8,7.0
svm_full,signo_zodiacal_virgo,28,0.5,0.43,0.37478991596638656,0.45999999999999996,0.4000315330810687,0.36000000000000004,0.4541237085927488,4.6,6.0,4.0,5.4
svm_full,signo_zodiacal_virgo,29,0.5,0.5,0.5196886446886448,0.54,0.5201826448629517,0.506,0.5693493924376278,5.4,5.4,4.6,4.6
svm_full,signo_zodiacal_virgo,30,0.5,0.48,0.4792424242424242,0.34,0.3902380952380952,0.404,0.5324567681200808,3.4,3.8,6.2,6.6
svm_full,signo_zodiacal_virgo,31,0.5,0.42000000000000004,0.4225324675324675,0.45999999999999996,0.43714285714285717,0.4,0.5214662215149831,4.6,6.2,3.8,5.4
svm_full,signo_zodiacal_virgo,32,0.5,0.51,0.5048351648351648,0.4,0.4259408111070515,0.4879999999999999,0.5948245453377032,4.0,3.8,6.2,6.0
svm_full,signo_zodiacal_virgo,33,0.5,0.5700000000000001,0.5773809523809523,0.5,0.5343309253525972,0.567,0.6037599622599623,5.0,3.6,6.4,5.0
svm_full,signo_zodiacal_virgo,34,0.5,0.53,0.5278943278943278,0.5800000000000001,0.5508118121390433,0.5820000000000001,0.648131738144896,5.8,5.2,4.8,4.2
svm_full,signo_zodiacal_virgo,35,0.5,0.52,0.5134920634920634,0.6,0.5428677102051715,0.562,0.6644000279046718,6.0,5.6,4.4,4.0
svm_full,signo_zodiacal_virgo,36,0.5,0.58,0.62,0.44000000000000006,0.4961904761904761,0.558,0.575280544017386,4.4,2.8,7.2,5.6
svm_full,signo_zodiacal_virgo,37,0.5,0.4800000000000001,0.48430402930402927,0.5,0.4786736934563022,0.546,0.6240666824575494,5.0,5.4,4.6,5.0
svm_full,signo_zodiacal_virgo,38,0.5,0.5,0.49686147186147184,0.5,0.49238604532722186,0.4619999999999999,0.5413724429165606,5.0,5.0,5.0,5.0
svm_full,signo_zodiacal_virgo,39,0.5,0.4800000000000001,0.4805555555555555,0.42000000000000004,0.44795321637426905,0.518,0.5735337152527555,4.2,4.6,5.4,5.8
svm_full,signo_zodiacal_virgo,40,0.5,0.44000000000000006,0.4367521367521367,0.52,0.47264356543532743,0.39,0.45434877214288977,5.2,6.4,3.6,4.8
svm_full,signo_zodiacal_virgo,41,0.5,0.43,0.4232478632478632,0.45999999999999996,0.43819846057832323,0.39799999999999996,0.5015300651361023,4.6,6.0,4.0,5.4
svm_full,signo_zodiacal_virgo,42,0.5,0.5,0.4997979797979798,0.54,0.5176304397357029,0.488,0.5532984613425789,5.4,5.4,4.6,4.6
svm_full,signo_zodiacal_virgo,43,0.5,0.5200000000000001,0.5124786324786325,0.6399999999999999,0.5631670480549199,0.54,0.5747919488492245,6.4,6.0,4.0,3.6
svm_full,signo_zodiacal_virgo,44,0.5,0.45,0.43888888888888894,0.36,0.3953216374269006,0.43,0.5058844493140158,3.6,4.6,5.4,6.4
svm_full,signo_zodiacal_virgo,45,0.5,0.45,0.4436813186813186,0.38,0.4040509415055114,0.4680000000000001,0.5246063746195325,3.8,4.8,5.2,6.2
svm_full,signo_zodiacal_virgo,46,0.5,0.57,0.5722727272727273,0.54,0.5533333333333333,0.532,0.566426597911892,5.4,4.0,6.0,4.6
svm_full,signo_zodiacal_virgo,47,0.5,0.5,0.5,0.6,0.5443722943722944,0.46799999999999997,0.5879881517691115,6.0,6.0,4.0,4.0
svm_full,signo_zodiacal_virgo,48,0.5,0.63,0.6623015873015874,0.54,0.593670450636395,0.658,0.7185835079952726,5.4,2.8,7.2,4.6
svm_full,signo_zodiacal_virgo,49,0.5,0.51,0.5111111111111111,0.6599999999999999,0.5680836707152497,0.552,0.6101988258559465,6.6,6.4,3.6,3.4
svm_full,signo_zodiacal_virgo,50,0.5,0.41999999999999993,0.4133333333333333,0.42000000000000004,0.41187134502923967,0.41200000000000003,0.49557894925851587,4.2,5.8,4.2,5.8
svm_full,signo_zodiacal_virgo,51,0.5,0.49000000000000005,0.4809523809523809,0.42000000000000004,0.4198717948717949,0.48200000000000004,0.539065867912617,4.2,4.4,5.6,5.8
svm_full,signo_zodiacal_virgo,52,0.5,0.4800000000000001,0.4792424242424243,0.48,0.46725829725829726,0.454,0.5169563842590158,4.8,5.2,4.8,5.2
svm_full,signo_zodiacal_virgo,53,0.5,0.42000000000000004,0.4263286713286713,0.5,0.4558343685300207,0.45999999999999996,0.5349431310004066,5.0,6.6,3.4,5.0
svm_full,signo_zodiacal_virgo,54,0.5,0.4800000000000001,0.4677777777777778,0.43999999999999995,0.446347687400319,0.5119999999999999,0.6121407650656876,4.4,4.8,5.2,5.6
svm_full,signo_zodiacal_virgo,55,0.5,0.37,0.38597402597402597,0.45999999999999996,0.41714285714285715,0.33199999999999996,0.44136309691340647,4.6,7.2,2.8,5.4
svm_full,signo_zodiacal_virgo,56,0.5,0.58,0.563939393939394,0.72,0.6303636363636362,0.568,0.6327870446546916,7.2,5.6,4.4,2.8
svm_full,signo_zodiacal_virgo,57,0.5,0.64,0.633939393939394,0.7,0.6617703349282298,0.716,0.7343611290670115,7.0,4.2,5.8,3.0
svm_full,signo_zodiacal_virgo,58,0.5,0.54,0.5348484848484849,0.62,0.5725108225108224,0.5660000000000001,0.5826440960999785,6.2,5.4,4.6,3.8
svm_full,signo_zodiacal_virgo,59,0.5,0.38,0.32404761904761903,0.32,0.3109090909090909,0.336,0.4797924551368823,3.2,5.6,4.4,6.8
svm_full,signo_zodiacal_virgo,60,0.5,0.58,0.61004329004329,0.48,0.5284033613445378,0.594,0.6228787292858501,4.8,3.2,6.8,5.2
svm_full,signo_zodiacal_virgo,61,0.5,0.5,0.5016161616161616,0.5,0.5004010025062657,0.46799999999999997,0.5119135427695799,5.0,5.0,5.0,5.0
svm_full,signo_zodiacal_virgo,62,0.5,0.45,0.4614285714285714,0.6199999999999999,0.528,0.434,0.5223970278087925,6.2,7.2,2.8,3.8
svm_full,signo_zodiacal_virgo,63,0.5,0.53,0.5292929292929294,0.5,0.5116123642439432,0.5399999999999999,0.5735774770465174,5.0,4.4,5.6,5.0
svm_full,signo_zodiacal_virgo,64,0.5,0.4600000000000001,0.4651587301587302,0.5199999999999999,0.48392982456140354,0.47400000000000003,0.5384552196169843,5.2,6.0,4.0,4.8
svm_full,signo_zodiacal_virgo,65,0.5,0.51,0.498051948051948,0.42000000000000004,0.4489635854341737,0.48200000000000004,0.5737729576065489,4.2,4.0,6.0,5.8
svm_full,signo_zodiacal_virgo,66,0.5,0.51,0.5088888888888888,0.4,0.4430994152046783,0.548,0.615084172964978,4.0,3.8,6.2,6.0
svm_full,signo_zodiacal_virgo,67,0.5,0.4600000000000001,0.4630952380952381,0.41999999999999993,0.4337461300309598,0.40599999999999997,0.5202309202665238,4.2,5.0,5.0,5.8
svm_full,signo_zodiacal_virgo,68,0.5,0.56,0.5567366946778712,0.72,0.6182356902356901,0.588,0.6419124906741006,7.2,6.0,4.0,2.8
svm_full,signo_zodiacal_virgo,69,0.5,0.54,0.5487734487734487,0.42000000000000004,0.46492702344095527,0.492,0.5385897246028826,4.2,3.4,6.6,5.8
svm_full,signo_zodiacal_virgo,70,0.5,0.48,0.46535353535353535,0.44000000000000006,0.44426520847573475,0.564,0.6506250960941362,4.4,4.8,5.2,5.6
svm_full,signo_zodiacal_virgo,71,0.5,0.4699999999999999,0.49772727272727274,0.41999999999999993,0.43809523809523815,0.45200000000000007,0.5306823078881902,4.2,4.8,5.2,5.8
svm_full,signo_zodiacal_virgo,72,0.5,0.5,0.5023809523809524,0.36,0.4131112093960391,0.45200000000000007,0.5254681840347475,3.6,3.6,6.4,6.4
svm_full,signo_zodiacal_virgo,73,0.5,0.5399999999999999,0.5349650349650349,0.6799999999999999,0.5931677018633541,0.544,0.5876461404092983,6.8,6.0,4.0,3.2
svm_full,signo_zodiacal_virgo,74,0.5,0.55,0.5893217893217894,0.44000000000000006,0.49709568037741414,0.5379999999999999,0.5691168500402246,4.4,3.4,6.6,5.6
svm_full,signo_zodiacal_virgo,75,0.5,0.6,0.6512987012987013,0.5,0.5624649859943978,0.624,0.6772246801186429,5.0,3.0,7.0,5.0
svm_full,signo_zodiacal_virgo,76,0.5,0.49000000000000005,0.5066666666666666,0.6799999999999999,0.5719781271360219,0.51,0.6223206146278901,6.8,7.0,3.0,3.2
svm_full,signo_zodiacal_virgo,77,0.5,0.42000000000000004,0.427012987012987,0.4,0.41030812324929966,0.404,0.500615493553574,4.0,5.6,4.4,6.0
svm_full,signo_zodiacal_virgo,78,0.5,0.65,0.7171428571428571,0.5599999999999999,0.604313725490196,0.6299999999999999,0.666462516241928,5.6,2.6,7.4,4.4
svm_full,signo_zodiacal_virgo,79,0.5,0.47000000000000003,0.4845421245421246,0.58,0.5191611253196932,0.49000000000000005,0.5620993626256784,5.8,6.4,3.6,4.2
svm_full,signo_zodiacal_virgo,80,0.5,0.5800000000000001,0.5915584415584416,0.5399999999999999,0.5607843137254902,0.602,0.6695386274372342,5.4,3.8,6.2,4.6
svm_full,signo_zodiacal_virgo,81,0.5,0.5700000000000001,0.5765079365079366,0.45999999999999996,0.5017868199911544,0.5640000000000001,0.6088533590592414,4.6,3.2,6.8,5.4
svm_full,signo_zodiacal_virgo,82,0.5,0.4,0.37333333333333335,0.32,0.3427777777777778,0.35,0.43999189802285776,3.2,5.2,4.8,6.8
svm_full,signo_zodiacal_virgo,83,0.5,0.56,0.5554700854700855,0.5599999999999999,0.5492750156022467,0.648,0.6862639001005874,5.6,4.4,5.6,4.4
svm_full,signo_zodiacal_virgo,84,0.5,0.43,0.4366233766233766,0.4,0.40523809523809523,0.398,0.48405725767180874,4.0,5.4,4.6,6.0
svm_full,signo_zodiacal_virgo,85,0.5,0.43000000000000005,0.43321678321678314,0.54,0.4784950122341426,0.43,0.5271136008814027,5.4,6.8,3.2,4.6
svm_full,signo_zodiacal_virgo,86,0.5,0.58,0.5888888888888888,0.45999999999999996,0.5013533834586467,0.602,0.6607399724458548,4.6,3.0,7.0,5.4
svm_full,signo_zodiacal_virgo,87,0.5,0.45999999999999996,0.4634498834498834,0.5799999999999998,0.5118494061240056,0.5559999999999999,0.5951577378589763,5.8,6.6,3.4,4.2
svm_full,signo_zodiacal_virgo,88,0.5,0.5599999999999999,0.5746031746031746,0.44000000000000006,0.4958204334365325,0.5519999999999999,0.5613281897840721,4.4,3.2,6.8,5.6
svm_full,signo_zodiacal_virgo,89,0.5,0.47000000000000003,0.4756410256410256,0.36000000000000004,0.394824016563147,0.49000000000000005,0.5347353079497041,3.6,4.2,5.8,6.4
svm_full,signo_zodiacal_virgo,90,0.5,0.45,0.44230769230769235,0.42000000000000004,0.4217720685111989,0.45999999999999996,0.5390337425732162,4.2,5.2,4.8,5.8
svm_full,signo_zodiacal_virgo,91,0.5,0.4,0.3872438672438673,0.27999999999999997,0.31841220698805833,0.41,0.5392515026253416,2.8,4.8,5.2,7.2
svm_full,signo_zodiacal_virgo,92,0.5,0.47000000000000003,0.4679365079365079,0.47999999999999987,0.46679876160990713,0.52,0.6151585530053021,4.8,5.4,4.6,5.2
svm_full,signo_zodiacal_virgo,93,0.5,0.49000000000000005,0.47532467532467526,0.44000000000000006,0.45063025210084034,0.45,0.5106976089785688,4.4,4.6,5.4,5.6
svm_full,signo_zodiacal_virgo,94,0.5,0.35000000000000003,0.2477777777777778,0.2,0.2197076023391813,0.348,0.44126795693126963,2.0,5.0,5.0,8.0
svm_full,signo_zodiacal_virgo,95,0.5,0.43000000000000005,0.3888888888888889,0.32,0.34421052631578947,0.472,0.5248771963330786,3.2,4.6,5.4,6.8
svm_full,signo_zodiacal_virgo,96,0.5,0.44000000000000006,0.4569230769230769,0.38,0.38758589236850105,0.462,0.5337607396903062,3.8,5.0,5.0,6.2
svm_full,signo_zodiacal_virgo,97,0.5,0.49000000000000005,0.4805555555555555,0.45999999999999996,0.4676236044657097,0.5119999999999999,0.5510642684628754,4.6,4.8,5.2,5.4
svm_full,signo_zodiacal_virgo,98,0.5,0.5800000000000001,0.6273076923076923,0.58,0.5857922705314009,0.598,0.6967970342351146,5.8,4.2,5.8,4.2
svm_full,signo_zodiacal_virgo,99,0.5,0.47000000000000003,0.4769230769230769,0.58,0.5222379070205158,0.5039999999999999,0.5709121866265828,5.8,6.4,3.6,4.2
svm_full,signo_zodiacal_virgo,100,0.5,0.54,0.5285714285714286,0.6399999999999999,0.5674603174603174,0.58,0.6135972715794697,6.4,5.6,4.4,3.6
svm_full,signo_zodiacal_virgo,101,0.5,0.56,0.5521212121212121,0.7,0.6155588179936007,0.5740000000000001,0.6046711138019187,7.0,5.8,4.2,3.0
svm_full,signo_zodiacal_virgo,102,0.5,0.55,0.5439102564102565,0.7,0.6104591061112801,0.5720000000000001,0.6036442723942724,7.0,6.0,4.0,3.0
svm_full,signo_zodiacal_virgo,103,0.5,0.51,0.5005794205794206,0.62,0.5520496894409938,0.51,0.5760828317709121,6.2,6.0,4.0,3.8
svm_full,signo_zodiacal_virgo,104,0.5,0.37,0.34444444444444444,0.3,0.309313055365687,0.316,0.4530591106519899,3.0,5.6,4.4,7.0
svm_full,signo_zodiacal_virgo,105,0.5,0.5599999999999999,0.6155555555555555,0.4,0.48058307533539735,0.576,0.6184782819519662,4.0,2.8,7.2,6.0
svm_full,signo_zodiacal_virgo,106,0.5,0.56,0.5455322455322456,0.58,0.5581925829065417,0.5800000000000001,0.6032862949743755,5.8,4.6,5.4,4.2
svm_full,signo_zodiacal_virgo,107,0.5,0.55,0.609090909090909,0.5,0.5285714285714286,0.54,0.6115340127708548,5.0,4.0,6.0,5.0
svm_full,signo_zodiacal_virgo,108,0.5,0.48999999999999994,0.4856410256410256,0.62,0.5403478260869565,0.5,0.5654380592747466,6.2,6.4,3.6,3.8
svm_full,signo_zodiacal_virgo,109,0.5,0.6,0.645,0.4800000000000001,0.5458169934640523,0.634,0.7040773393273392,4.8,2.8,7.2,5.2
svm_full,signo_zodiacal_virgo,110,0.5,0.6199999999999999,0.6028205128205129,0.6799999999999999,0.6344224857268335,0.5960000000000001,0.5901523639758934,6.8,4.4,5.6,3.2
svm_full,signo_zodiacal_virgo,111,0.5,0.5599999999999999,0.5685714285714285,0.48,0.517124183006536,0.6100000000000001,0.6278527295717697,4.8,3.6,6.4,5.2
svm_full,signo_zodiacal_virgo,112,0.5,0.52,0.5267460317460317,0.48,0.4976151608968946,0.5279999999999999,0.5825296633191369,4.8,4.4,5.6,5.2
svm_full,signo_zodiacal_virgo,113,0.5,0.5199999999999999,0.4857575757575757,0.45999999999999996,0.46322510822510826,0.4699999999999999,0.5923675430176978,4.6,4.2,5.8,5.4
svm_full,signo_zodiacal_virgo,114,0.5,0.47000000000000003,0.4722222222222222,0.4,0.42789739500265817,0.5700000000000001,0.649764326145131,4.0,4.6,5.4,6.0
svm_full,signo_zodiacal_virgo,115,0.5,0.4800000000000001,0.47944444444444445,0.44000000000000006,0.44781871345029234,0.508,0.5649430467193625,4.4,4.8,5.2,5.6
svm_full,signo_zodiacal_virgo,116,0.5,0.5,0.5,0.58,0.5351778656126482,0.49000000000000005,0.5828651436283016,5.8,5.8,4.2,4.2
svm_full,signo_zodiacal_virgo,117,0.5,0.55,0.5503968253968254,0.6,0.566374269005848,0.5860000000000001,0.6606489131783249,6.0,5.0,5.0,4.0
svm_full,signo_zodiacal_virgo,118,0.5,0.31000000000000005,0.3283916083916084,0.38,0.351055900621118,0.32599999999999996,0.5023083719685887,3.8,7.6,2.4,6.2
svm_full,signo_zodiacal_virgo,119,0.5,0.45,0.41222222222222216,0.42000000000000004,0.4103987240829346,0.475,0.5503600833291237,4.2,5.2,4.8,5.8
svm_full,signo_zodiacal_virgo,120,0.5,0.43000000000000005,0.43590187590187596,0.38000000000000006,0.4034075384539781,0.42400000000000004,0.4851264650382297,3.8,5.2,4.8,6.2
svm_full,signo_zodiacal_virgo,121,0.5,0.43,0.43,0.44000000000000006,0.43406698564593305,0.43,0.5012170705111881,4.4,5.8,4.2,5.6
svm_full,signo_zodiacal_virgo,122,0.5,0.53,0.5319658119658119,0.5,0.5013207590781962,0.5479999999999999,0.619999019985862,5.0,4.4,5.6,5.0
svm_full,signo_zodiacal_virgo,123,0.5,0.5900000000000001,0.579478021978022,0.7,0.6246451133407656,0.5700000000000001,0.596528886747927,7.0,5.2,4.8,3.0
svm_full,signo_zodiacal_virgo,124,0.5,0.47000000000000003,0.47333333333333333,0.36,0.40131578947368424,0.5020000000000001,0.5877402442758479,3.6,4.2,5.8,6.4
svm_full,signo_zodiacal_virgo,125,0.5,0.54,0.5290909090909091,0.6799999999999999,0.5931341991341992,0.5200000000000001,0.566168265343188,6.8,6.0,4.0,3.2
svm_full,signo_zodiacal_virgo,126,0.5,0.53,0.5311111111111111,0.6199999999999999,0.5650067476383266,0.55,0.6362998476411788,6.2,5.6,4.4,3.8
svm_full,signo_zodiacal_virgo,127,0.5,0.51,0.5141666666666665,0.6799999999999999,0.5787692307692308,0.5559999999999999,0.5638432754036469,6.8,6.6,3.4,3.2
svm_full,signo_zodiacal_virgo,128,0.5,0.45999999999999996,0.46099456099456104,0.52,0.4846736406232973,0.458,0.554486373705414,5.2,6.0,4.0,4.8
svm_full,signo_zodiacal_virgo,129,0.5,0.61,0.5999999999999999,0.6,0.5876315789473685,0.614,0.5891829373756619,6.0,3.8,6.2,4.0
svm_full,signo_zodiacal_virgo,130,0.5,0.5,0.49444444444444446,0.32,0.3717466743782533,0.5109999999999999,0.5733508076890429,3.2,3.2,6.8,6.8
svm_full,signo_zodiacal_virgo,131,0.5,0.5,0.5146031746031745,0.6199999999999999,0.5436015037593984,0.534,0.5861116110411776,6.2,6.2,3.8,3.8
svm_full,signo_zodiacal_virgo,132,0.5,0.52,0.52,0.62,0.5627536231884058,0.45599999999999996,0.5127231842804598,6.2,5.8,4.2,3.8
svm_full,signo_zodiacal_virgo,133,0.5,0.44000000000000006,0.44696969696969696,0.52,0.4805194805194805,0.391,0.5002430390387047,5.2,6.4,3.6,4.8
svm_full,signo_zodiacal_virgo,134,0.5,0.5000000000000001,0.5025108225108225,0.44000000000000006,0.4647265221878225,0.514,0.5469453477379174,4.4,4.4,5.6,5.6
svm_full,signo_zodiacal_virgo,135,0.5,0.51,0.5047619047619046,0.43999999999999995,0.46749226006191946,0.514,0.5830694599518129,4.4,4.2,5.8,5.6
svm_full,signo_zodiacal_virgo,136,0.5,0.48,0.3942857142857143,0.4,0.3907843137254902,0.442,0.4959298566930146,4.0,4.4,5.6,6.0
svm_full,signo_zodiacal_virgo,137,0.5,0.53,0.5444444444444445,0.4800000000000001,0.4922289698605488,0.618,0.694859239831376,4.8,4.2,5.8,5.2
svm_full,signo_zodiacal_virgo,138,0.5,0.45,0.46238095238095234,0.62,0.5289960474308301,0.404,0.4820598593013454,6.2,7.2,2.8,3.8
svm_full,signo_zodiacal_virgo,139,0.5,0.5,0.4925,0.58,0.5117388493859083,0.49400000000000005,0.584114127702363,5.8,5.8,4.2,4.2
svm_full,signo_zodiacal_virgo,140,0.5,0.49000000000000005,0.4757900432900432,0.64,0.5408575284364758,0.49400000000000005,0.5461028873087697,6.4,6.6,3.4,3.6
svm_full,signo_zodiacal_virgo,141,0.5,0.54,0.5784126984126985,0.45999999999999996,0.5068575851393189,0.532,0.5977619319105386,4.6,3.8,6.2,5.4
svm_full,signo_zodiacal_virgo,142,0.5,0.5,0.4915584415584416,0.41999999999999993,0.4496732026143791,0.53,0.5525910462086931,4.2,4.2,5.8,5.8
svm_full,signo_zodiacal_virgo,143,0.5,0.52,0.5192857142857144,0.38,0.43356209150326797,0.5700000000000001,0.6018991439417136,3.8,3.4,6.6,6.2
svm_full,signo_zodiacal_virgo,144,0.5,0.4800000000000001,0.4823076923076924,0.5399999999999999,0.5075057208237986,0.484,0.5304435493127444,5.4,5.8,4.2,4.6
svm_full,signo_zodiacal_virgo,145,0.5,0.5,0.46269841269841266,0.31999999999999995,0.36903041918521795,0.48,0.5570906038406038,3.2,3.2,6.8,6.8
svm_full,signo_zodiacal_virgo,146,0.5,0.52,0.5127705627705628,0.6,0.5510822510822511,0.538,0.5745779210469613,6.0,5.6,4.4,4.0
svm_full,signo_zodiacal_virgo,147,0.5,0.51,0.5096536796536797,0.6,0.5496969696969697,0.536,0.589661003599084,6.0,5.8,4.2,4.0
svm_full,signo_zodiacal_virgo,148,0.5,0.58,0.582051282051282,0.6599999999999999,0.6131752305665349,0.558,0.6199894723439615,6.6,5.0,5.0,3.4
svm_full,signo_zodiacal_virgo,149,0.5,0.43000000000000005,0.4196825396825396,0.39999999999999997,0.4029102167182662,0.45,0.5082749837881417,4.0,5.4,4.6,6.0
svm_full,signo_zodiacal_virgo,150,0.5,0.45,0.4523494049809839,0.6199999999999999,0.5176788229261993,0.45,0.5132987645309626,6.2,7.2,2.8,3.8
svm_full,signo_zodiacal_virgo,151,0.5,0.53,0.5476923076923077,0.44000000000000006,0.47121281464530884,0.542,0.5929595584154408,4.4,3.8,6.2,5.6
svm_full,signo_zodiacal_virgo,152,0.5,0.39,0.35272727272727267,0.28,0.3065705931495405,0.39,0.48773662345566365,2.8,5.0,5.0,7.2
svm_full,signo_zodiacal_virgo,153,0.5,0.39,0.4113852813852814,0.52,0.45589077589077587,0.34600000000000003,0.4612664116928823,5.2,7.4,2.6,4.8
svm_full,signo_zodiacal_virgo,154,0.5,0.53,0.5183838383838384,0.41999999999999993,0.45581871345029246,0.534,0.5688442101414237,4.2,3.6,6.4,5.8
svm_full,signo_zodiacal_virgo,155,0.5,0.48,0.4,0.36000000000000004,0.37099567099567093,0.488,0.5506980966230193,3.6,4.0,6.0,6.4
svm_full,signo_zodiacal_virgo,156,0.5,0.5,0.5900000000000001,0.36,0.4288888888888889,0.41999999999999993,0.5387941905016207,3.6,3.6,6.4,6.4
svm_full,signo_zodiacal_virgo,157,0.5,0.57,0.5666666666666667,0.54,0.5495481127060075,0.532,0.5855742678374256,5.4,4.0,6.0,4.6
svm_full,signo_zodiacal_virgo,158,0.5,0.54,0.5333333333333334,0.6399999999999999,0.5803030303030303,0.584,0.632718651231809,6.4,5.6,4.4,3.6
svm_full,signo_zodiacal_virgo,159,0.5,0.43,0.4238095238095238,0.36000000000000004,0.3842597804672108,0.477,0.5490437046613517,3.6,5.0,5.0,6.4
svm_full,signo_zodiacal_virgo,160,0.5,0.45,0.44571428571428573,0.36,0.39725490196078433,0.44399999999999995,0.5193890635508283,3.6,4.6,5.4,6.4
svm_full,signo_zodiacal_virgo,161,0.5,0.44000000000000006,0.3824242424242424,0.28,0.31595238095238093,0.41600000000000004,0.49876342036016963,2.8,4.0,6.0,7.2
svm_full,signo_zodiacal_virgo,162,0.5,0.53,0.5345104895104894,0.5599999999999999,0.5433264320220841,0.614,0.6897728449740834,5.6,5.0,5.0,4.4
svm_full,signo_zodiacal_virgo,163,0.5,0.45,0.4461111111111111,0.38,0.4069298245614035,0.46799999999999997,0.49875067519339966,3.8,4.8,5.2,6.2
svm_full,signo_zodiacal_virgo,164,0.5,0.52,0.5171945701357467,0.68,0.5834065290587029,0.612,0.6429510828009279,6.8,6.4,3.6,3.2
svm_full,signo_zodiacal_virgo,165,0.5,0.53,0.5076923076923077,0.56,0.5220065101139271,0.5439999999999999,0.5821176117484167,5.6,5.0,5.0,4.4
svm_full,signo_zodiacal_virgo,166,0.5,0.51,0.5169230769230768,0.48,0.4916624040920716,0.542,0.5940519398901752,4.8,4.6,5.4,5.2
svm_full,signo_zodiacal_virgo,167,0.5,0.5800000000000001,0.5675213675213676,0.64,0.5989390472228,0.5680000000000001,0.5953637179813651,6.4,4.8,5.2,3.6
svm_full,signo_zodiacal_virgo,168,0.5,0.44000000000000006,0.41222222222222216,0.3,0.3351196172248804,0.33899999999999997,0.44869047945518536,3.0,4.2,5.8,7.0
svm_full,signo_zodiacal_virgo,169,0.5,0.54,0.551948051948052,0.54,0.5414565826330532,0.5940000000000001,0.6265464798359535,5.4,4.6,5.4,4.6
svm_full,signo_zodiacal_virgo,170,0.5,0.5199999999999999,0.5276923076923077,0.45999999999999996,0.4795169082125604,0.53,0.5892688694174761,4.6,4.2,5.8,5.4
svm_full,signo_zodiacal_virgo,171,0.5,0.56,0.5761904761904763,0.39999999999999997,0.4689628482972136,0.5619999999999999,0.5826616683969625,4.0,2.8,7.2,6.0
svm_full,signo_zodiacal_virgo,172,0.5,0.58,0.6092857142857142,0.42000000000000004,0.4842763772175537,0.6779999999999999,0.7044808688043982,4.2,2.6,7.4,5.8
svm_full,signo_zodiacal_virgo,173,0.5,0.53,0.555,0.45999999999999996,0.49333333333333335,0.5559999999999999,0.6340129494688318,4.6,4.0,6.0,5.4
svm_full,signo_zodiacal_virgo,174,0.5,0.4800000000000001,0.48111111111111116,0.45999999999999996,0.4682190324295588,0.44799999999999995,0.5267357560739913,4.6,5.0,5.0,5.4
svm_full,signo_zodiacal_virgo,175,0.5,0.41,0.4302161890397184,0.52,0.46498932883372246,0.422,0.511163013886698,5.2,7.0,3.0,4.8
svm_full,signo_zodiacal_virgo,176,0.5,0.49000000000000005,0.5136752136752137,0.4600000000000001,0.47156750572082384,0.492,0.6263383385620227,4.6,4.8,5.2,5.4
svm_full,signo_zodiacal_virgo,177,0.5,0.5599999999999999,0.5587301587301587,0.62,0.5830940988835724,0.5780000000000001,0.6252230787788063,6.2,5.0,5.0,3.8
svm_full,signo_zodiacal_virgo,178,0.5,0.4,0.3759090909090909,0.42000000000000004,0.3898138528138528,0.386,0.4963139011830962,4.2,6.2,3.8,5.8
svm_full,signo_zodiacal_virgo,179,0.5,0.44000000000000006,0.44793650793650797,0.36,0.3947987616099071,0.394,0.48131750662478207,3.6,4.8,5.2,6.4
svm_full,signo_zodiacal_virgo,180,0.5,0.51,0.5246753246753247,0.5599999999999999,0.5342102058214591,0.4919999999999999,0.5805511700202103,5.6,5.4,4.6,4.4
svm_full,signo_zodiacal_virgo,181,0.5,0.49000000000000005,0.4833333333333334,0.43999999999999995,0.4475734791524265,0.496,0.5736092883724462,4.4,4.6,5.4,5.6
svm_full,signo_zodiacal_virgo,182,0.5,0.43,0.43802197802197795,0.5399999999999999,0.4810144927536232,0.39599999999999996,0.480343260111062,5.4,6.8,3.2,4.6
svm_full,signo_zodiacal_virgo,183,0.5,0.58,0.6083333333333333,0.4800000000000001,0.5099044746103569,0.62,0.6447062561621385,4.8,3.2,6.8,5.2
svm_full,signo_zodiacal_virgo,184,0.5,0.55,0.5461471861471862,0.7,0.6092380952380952,0.536,0.5597924210292631,7.0,6.0,4.0,3.0
svm_full,signo_zodiacal_virgo,185,0.5,0.55,0.5398601398601398,0.64,0.5842461885940147,0.584,0.6717807753821685,6.4,5.4,4.6,3.6
svm_full,signo_zodiacal_virgo,186,0.5,0.44000000000000006,0.4468531468531468,0.48,0.4599033816425121,0.418,0.5009184894053316,4.8,6.0,4.0,5.2
svm_full,signo_zodiacal_virgo,187,0.5,0.43999999999999995,0.4270862470862471,0.48,0.44459627329192547,0.40599999999999997,0.5090788688435748,4.8,6.0,4.0,5.2
svm_full,signo_zodiacal_virgo,188,0.5,0.45999999999999996,0.4551515151515152,0.48,0.45580952380952383,0.4879999999999999,0.5662819484437132,4.8,5.6,4.4,5.2
svm_full,signo_zodiacal_virgo,189,0.5,0.6100000000000001,0.6167832167832167,0.62,0.6149722131415496,0.62,0.6412587206395255,6.2,4.0,6.0,3.8
svm_full,signo_zodiacal_virgo,190,0.5,0.44000000000000006,0.41123876123876124,0.42000000000000004,0.4030934112775545,0.44400000000000006,0.5169465899597478,4.2,5.4,4.6,5.8
svm_full,signo_zodiacal_virgo,191,0.5,0.51,0.5088888888888888,0.43999999999999995,0.4680994152046784,0.484,0.5343424374043569,4.4,4.2,5.8,5.6
svm_full,signo_zodiacal_virgo,192,0.5,0.5700000000000001,0.622857142857143,0.43999999999999995,0.5074716202270382,0.524,0.6238196274829402,4.4,3.0,7.0,5.6
svm_full,signo_zodiacal_virgo,193,0.5,0.5199999999999999,0.5281385281385281,0.44000000000000006,0.468964858670741,0.65,0.6438604538736117,4.4,4.0,6.0,5.6
svm_full,signo_zodiacal_virgo,194,0.5,0.4800000000000001,0.47051948051948056,0.5,0.4743712757830405,0.488,0.5481910075648465,5.0,5.4,4.6,5.0
svm_full,signo_zodiacal_virgo,195,0.5,0.45,0.4488888888888889,0.42000000000000004,0.4330994152046784,0.446,0.5185021263566155,4.2,5.2,4.8,5.8
svm_full,signo_zodiacal_virgo,196,0.5,0.51,0.5209090909090909,0.4,0.42627150627150634,0.556,0.5698222590103394,4.0,3.8,6.2,6.0
svm_full,signo_zodiacal_virgo,197,0.5,0.48999999999999994,0.4572727272727272,0.4,0.4196825396825397,0.522,0.6483833142261934,4.0,4.2,5.8,6.0
svm_full,signo_zodiacal_virgo,198,0.5,0.4800000000000001,0.4803968253968254,0.42000000000000004,0.44604747162022695,0.508,0.5745384229633455,4.2,4.6,5.4,5.8
svm_full,signo_zodiacal_virgo,199,0.5,0.43,0.4535897435897436,0.54,0.48398325970704487,0.418,0.5096835766572609,5.4,6.8,3.2,4.6
svm_full,signo_zodiacal_virgo,200,0.5,0.4800000000000001,0.4718253968253968,0.32,0.37585139318885447,0.466,0.5612240927287366,3.2,3.6,6.4,6.8
svm_full,signo_zodiacal_virgo,201,0.5,0.44000000000000006,0.4355555555555556,0.38,0.39916002126528444,0.48200000000000004,0.564737031973874,3.8,5.0,5.0,6.2
svm_full,signo_zodiacal_virgo,202,0.5,0.37999999999999995,0.3781818181818181,0.36,0.36190476190476184,0.348,0.5122702606131397,3.6,6.0,4.0,6.4
svm_full,signo_zodiacal_virgo,203,0.5,0.51,0.5194444444444444,0.5,0.5072833599149388,0.522,0.5684672800539674,5.0,4.8,5.2,5.0
svm_full,signo_zodiacal_virgo,204,0.5,0.51,0.5076923076923077,0.6199999999999999,0.5569169960474308,0.508,0.5777719590351169,6.2,6.0,4.0,3.8
svm_full,signo_zodiacal_virgo,205,0.5,0.6100000000000001,0.5984615384615385,0.7,0.6426086956521739,0.6300000000000001,0.6522142928450978,7.0,4.8,5.2,3.0
svm_full,signo_zodiacal_virgo,206,0.5,0.4,0.36564102564102563,0.36,0.35733028222730734,0.40800000000000003,0.4870041984159631,3.6,5.6,4.4,6.4
svm_full,signo_zodiacal_virgo,207,0.5,0.5,0.4920995670995671,0.38,0.42399626517273586,0.502,0.5667201779129024,3.8,3.8,6.2,6.2
svm_full,signo_zodiacal_virgo,208,0.5,0.44000000000000006,0.44761904761904764,0.48,0.45492572786690433,0.45600000000000007,0.5749489719946376,4.8,6.0,4.0,5.2
svm_full,signo_zodiacal_virgo,209,0.5,0.58,0.5933766233766233,0.56,0.5708276037687802,0.6100000000000001,0.6477882650545188,5.6,4.0,6.0,4.4
svm_full,signo_zodiacal_virgo,210,0.5,0.52,0.5195804195804196,0.5799999999999998,0.5447518664909969,0.576,0.6098922639967531,5.8,5.4,4.6,4.2
svm_full,signo_zodiacal_virgo,211,0.5,0.43,0.4371428571428571,0.54,0.47366515837104073,0.45,0.519469826527102,5.4,6.8,3.2,4.6
svm_full,signo_zodiacal_virgo,212,0.5,0.62,0.6231468531468531,0.64,0.6274534161490684,0.6679999999999999,0.6940948834447287,6.4,4.0,6.0,3.6
svm_full,signo_zodiacal_virgo,213,0.5,0.6300000000000001,0.6476190476190476,0.6,0.612280701754386,0.6620000000000001,0.7446831291343674,6.0,3.4,6.6,4.0
svm_full,signo_zodiacal_virgo,214,0.5,0.49000000000000005,0.43015873015873013,0.33999999999999997,0.362464779802241,0.466,0.5562197981756805,3.4,3.6,6.4,6.6
svm_full,signo_zodiacal_virgo,215,0.5,0.47000000000000003,0.4800000000000001,0.64,0.5463496503496503,0.502,0.5753836168131834,6.4,7.0,3.0,3.6
svm_full,signo_zodiacal_virgo,216,0.5,0.6200000000000001,0.7027777777777777,0.5199999999999999,0.5548112706007442,0.6809999999999999,0.6702808759867585,5.2,2.8,7.2,4.8
svm_full,signo_zodiacal_virgo,217,0.5,0.51,0.5007575757575757,0.5399999999999999,0.5137806637806637,0.556,0.6341981260054015,5.4,5.2,4.8,4.6
svm_full,signo_zodiacal_virgo,218,0.5,0.5599999999999999,0.5660689310689311,0.62,0.5849137336093857,0.5840000000000001,0.6430689763452921,6.2,5.0,5.0,3.8
svm_full,signo_zodiacal_virgo,219,0.5,0.53,0.5326923076923077,0.5,0.5078502415458936,0.572,0.6655135979431644,5.0,4.4,5.6,5.0
svm_full,signo_zodiacal_virgo,220,0.5,0.54,0.5544877344877345,0.44000000000000006,0.4825554081281636,0.546,0.6037360966347035,4.4,3.6,6.4,5.6
svm_full,signo_zodiacal_virgo,221,0.5,0.49000000000000005,0.4828282828282829,0.4,0.4307017543859649,0.528,0.5547046068826255,4.0,4.2,5.8,6.0
svm_full,signo_zodiacal_virgo,222,0.5,0.53,0.5344444444444445,0.5599999999999999,0.5452631578947369,0.556,0.5900309757322141,5.6,5.0,5.0,4.4
svm_full,signo_zodiacal_virgo,223,0.5,0.47000000000000003,0.4533510933510933,0.52,0.4776378798659052,0.45199999999999996,0.5484141157260352,5.2,5.8,4.2,4.8
svm_full,signo_zodiacal_virgo,224,0.5,0.53,0.5590909090909091,0.44000000000000006,0.47777777777777775,0.524,0.5860642865906024,4.4,3.8,6.2,5.6
svm_full,signo_zodiacal_virgo,225,0.5,0.54,0.5431818181818182,0.6,0.5657694962042787,0.4999999999999999,0.584744005994006,6.0,5.2,4.8,4.0
svm_full,signo_zodiacal_virgo,226,0.5,0.54,0.5366666666666666,0.45999999999999996,0.4922222222222222,0.602,0.6178698219565092,4.6,3.8,6.2,5.4
svm_full,signo_zodiacal_virgo,227,0.5,0.51,0.4975335775335775,0.5,0.48140063714272896,0.5900000000000001,0.6100974483033307,5.0,4.8,5.2,5.0
svm_full,signo_zodiacal_virgo,228,0.5,0.53,0.5278943278943279,0.5599999999999999,0.5412880026152338,0.5820000000000001,0.6251404200374788,5.6,5.0,5.0,4.4
svm_full,signo_zodiacal_virgo,229,0.5,0.42000000000000004,0.4259358288770053,0.52,0.46306169464064206,0.438,0.5111826249945445,5.2,6.8,3.2,4.8
svm_full,signo_zodiacal_virgo,230,0.5,0.5,0.5259090909090909,0.33999999999999997,0.4007142857142857,0.502,0.6181353374867307,3.4,3.4,6.6,6.6
svm_full,signo_zodiacal_virgo,231,0.5,0.45,0.4636330336330336,0.48,0.46626897399275913,0.43599999999999994,0.5359899745077763,4.8,5.8,4.2,5.2
svm_full,signo_zodiacal_virgo,232,0.5,0.42000000000000004,0.4116161616161616,0.38,0.39019898230424543,0.45000000000000007,0.5564132175014528,3.8,5.4,4.6,6.2
svm_full,signo_zodiacal_virgo,233,0.5,0.5700000000000001,0.6050000000000001,0.36,0.42825396825396816,0.5120000000000001,0.5957572264336969,3.6,2.2,7.8,6.4
svm_full,signo_zodiacal_virgo,234,0.5,0.45,0.42308802308802307,0.36,0.37604418285532837,0.438,0.5044618149308552,3.6,4.6,5.4,6.4
svm_full,signo_zodiacal_virgo,235,0.5,0.49000000000000005,0.5070478541066776,0.58,0.5246188594014681,0.46799999999999997,0.5767527647790806,5.8,6.0,4.0,4.2
svm_full,signo_zodiacal_virgo,236,0.5,0.5,0.5434920634920636,0.26,0.3266206239580852,0.418,0.5233007568626764,2.6,2.6,7.4,7.4
svm_full,signo_zodiacal_virgo,237,0.5,0.44000000000000006,0.4652347652347653,0.52,0.4800614560205353,0.442,0.5469931945419562,5.2,6.4,3.6,4.8
svm_full,signo_zodiacal_virgo,238,0.5,0.56,0.5940981240981241,0.42000000000000004,0.47489901223647346,0.622,0.6474949011257061,4.2,3.0,7.0,5.8
svm_full,signo_zodiacal_virgo,239,0.5,0.5,0.4682539682539682,0.4,0.429953560371517,0.46799999999999997,0.5182312050694403,4.0,4.0,6.0,6.0
svm_full,signo_zodiacal_virgo,240,0.5,0.51,0.5134126984126984,0.52,0.5056151608968946,0.516,0.5697101574895693,5.2,5.0,5.0,4.8
svm_full,signo_zodiacal_virgo,241,0.5,0.55,0.5674242424242424,0.44000000000000006,0.4901027077497666,0.52,0.5819230430731979,4.4,3.4,6.6,5.6
svm_full,signo_zodiacal_virgo,242,0.5,0.4,0.38492063492063494,0.45999999999999996,0.41224100976422956,0.344,0.474827842092548,4.6,6.6,3.4,5.4
svm_full,signo_zodiacal_virgo,243,0.5,0.43,0.39655122655122654,0.38,0.3864700968106541,0.434,0.5116241150490376,3.8,5.2,4.8,6.2
svm_full,signo_zodiacal_virgo,244,0.5,0.41999999999999993,0.40897435897435896,0.4,0.40083905415713195,0.37,0.4665341464521031,4.0,5.6,4.4,6.0
svm_full,signo_zodiacal_virgo,245,0.5,0.38999999999999996,0.37186147186147184,0.33999999999999997,0.3509719039130804,0.35600000000000004,0.45417843474035424,3.4,5.6,4.4,6.6
svm_full,signo_zodiacal_virgo,246,0.5,0.43,0.41983516483516486,0.45999999999999996,0.4314646206308611,0.43599999999999994,0.5259280268235376,4.6,6.0,4.0,5.4
svm_full,signo_zodiacal_virgo,247,0.5,0.58,0.6537662337662338,0.44000000000000006,0.5043137254901959,0.554,0.6160338421468452,4.4,2.8,7.2,5.6
svm_full,signo_zodiacal_virgo,248,0.5,0.49000000000000005,0.5168253968253969,0.36,0.39680161943319836,0.5119999999999999,0.5737769652947671,3.6,3.8,6.2,6.4
svm_full,signo_zodiacal_virgo,249,0.5,0.39,0.3817932067932068,0.4,0.3859633972165941,0.4459999999999999,0.511231554565146,4.0,6.2,3.8,6.0
svm_full,signo_zodiacal_virgo,250,0.5,0.6599999999999999,0.6415384615384616,0.68,0.6506521739130434,0.686,0.6784202725379196,6.8,3.6,6.4,3.2
svm_full,signo_zodiacal_virgo,251,0.5,0.47000000000000003,0.441978021978022,0.36,0.37966630130312995,0.44800000000000006,0.5277155046535851,3.6,4.2,5.8,6.4
svm_full,signo_zodiacal_virgo,252,0.5,0.5399999999999999,0.5490909090909091,0.4,0.4476190476190475,0.536,0.6191029407469035,4.0,3.2,6.8,6.0
svm_full,signo_zodiacal_virgo,253,0.5,0.53,0.5316666666666666,0.44000000000000006,0.47815789473684206,0.538,0.5808751526251525,4.4,3.8,6.2,5.6
svm_full,signo_zodiacal_virgo,254,0.5,0.48,0.4856410256410256,0.58,0.5254387351778657,0.488,0.5320484135747294,5.8,6.2,3.8,4.2
svm_full,signo_zodiacal_virgo,255,0.5,0.4600000000000001,0.4699999999999999,0.4,0.42354066985645933,0.43600000000000005,0.5015689761734653,4.0,4.8,5.2,6.0
svm_full,signo_zodiacal_virgo,256,0.5,0.51,0.5224242424242423,0.4600000000000001,0.4783766233766233,0.484,0.6159190994763749,4.6,4.4,5.6,5.4
svm_full,signo_zodiacal_virgo,257,0.5,0.6199999999999999,0.680952380952381,0.5,0.5657843137254902,0.652,0.7021592590416119,5.0,2.6,7.4,5.0
svm_full,signo_zodiacal_virgo,258,0.5,0.44000000000000006,0.44565656565656564,0.44000000000000006,0.4424060150375939,0.42400000000000004,0.5321673265674813,4.4,5.6,4.4,5.6
svm_full,signo_zodiacal_virgo,259,0.5,0.6000000000000001,0.616025641025641,0.5799999999999998,0.5864387582923053,0.6239999999999999,0.6429906923142216,5.8,3.8,6.2,4.2
svm_full,signo_zodiacal_virgo,260,0.5,0.41000000000000003,0.40555555555555556,0.4,0.40143540669856465,0.462,0.5665468240909417,4.0,5.8,4.2,6.0
svm_full,signo_zodiacal_virgo,261,0.5,0.53,0.5258741258741259,0.6399999999999999,0.5760681347637868,0.554,0.6073406758360318,6.4,5.8,4.2,3.6
svm_full,signo_zodiacal_virgo,262,0.5,0.53,0.5620202020202021,0.38,0.440501253132832,0.49399999999999994,0.583626455845496,3.8,3.2,6.8,6.2
svm_full,signo_zodiacal_virgo,263,0.5,0.44000000000000006,0.35777777777777775,0.27999999999999997,0.29845663108821,0.454,0.5510475578772792,2.8,4.0,6.0,7.2
svm_full,signo_zodiacal_virgo,264,0.5,0.42000000000000004,0.43995670995671,0.5,0.4571471861471862,0.392,0.46520332651524604,5.0,6.6,3.4,5.0
svm_full,signo_zodiacal_virgo,265,0.5,0.5,0.48761904761904756,0.42000000000000004,0.44727554179566564,0.4840000000000001,0.5393194130430972,4.2,4.2,5.8,5.8
svm_full,signo_zodiacal_virgo,266,0.5,0.5700000000000001,0.5632395382395383,0.48,0.5123384441495896,0.6039999999999999,0.6605250735676431,4.8,3.4,6.6,5.2
svm_full,signo_zodiacal_virgo,267,0.5,0.42000000000000004,0.41515151515151516,0.42000000000000004,0.41679197994987466,0.366,0.48942676973868926,4.2,5.8,4.2,5.8
svm_full,signo_zodiacal_virgo,268,0.5,0.51,0.4977489177489177,0.5,0.4873921568627451,0.49000000000000005,0.5454990575300173,5.0,4.8,5.2,5.0
svm_full,signo_zodiacal_virgo,269,0.5,0.5599999999999999,0.5741702741702742,0.48,0.5174590888987173,0.5599999999999999,0.6349615461937443,4.8,3.6,6.4,5.2
svm_full,signo_zodiacal_virgo,270,0.5,0.48,0.48897435897435904,0.45999999999999996,0.4697279430460208,0.466,0.5377580748285082,4.6,5.0,5.0,5.4
svm_full,signo_zodiacal_virgo,271,0.5,0.55,0.541025641025641,0.68,0.5997944084900607,0.5880000000000001,0.6167303150066308,6.8,5.8,4.2,3.2
svm_full,signo_zodiacal_virgo,272,0.5,0.41,0.3407142857142857,0.38,0.3557575757575758,0.38899999999999996,0.5029546491520176,3.8,5.6,4.4,6.2
svm_full,signo_zodiacal_virgo,273,0.5,0.45,0.45836829836829834,0.5599999999999999,0.49809385783298826,0.4699999999999999,0.558396194878393,5.6,6.6,3.4,4.4
svm_full,signo_zodiacal_virgo,274,0.5,0.5599999999999999,0.5487179487179488,0.6799999999999999,0.6071146245059288,0.5660000000000001,0.6069258225434696,6.8,5.6,4.4,3.2
svm_full,signo_zodiacal_virgo,275,0.5,0.55,0.5797979797979799,0.5,0.5187514240145819,0.5820000000000001,0.6531709103589909,5.0,4.0,6.0,5.0
svm_full,signo_zodiacal_virgo,276,0.5,0.5,0.5146153846153847,0.54,0.5159683794466403,0.516,0.6165792063114044,5.4,5.4,4.6,4.6
svm_full,signo_zodiacal_virgo,277,0.5,0.51,0.5048917748917748,0.5999999999999999,0.5466666666666666,0.46399999999999997,0.5437980532539356,6.0,5.8,4.2,4.0
svm_full,signo_zodiacal_virgo,278,0.5,0.4600000000000001,0.4486868686868687,0.43999999999999995,0.43959216222374115,0.508,0.5592395737217719,4.4,5.2,4.8,5.6
svm_full,signo_zodiacal_virgo,279,0.5,0.45000000000000007,0.43714285714285717,0.42000000000000004,0.42562341683084715,0.47800000000000004,0.5209670117464235,4.2,5.2,4.8,5.8
svm_full,signo_zodiacal_virgo,280,0.5,0.47000000000000003,0.4814718614718615,0.52,0.49590187590187595,0.4459999999999999,0.49369346296977873,5.2,5.8,4.2,4.8
svm_full,signo_zodiacal_virgo,281,0.5,0.4800000000000001,0.4845177045177045,0.4800000000000001,0.46859052362363707,0.538,0.6044662641280288,4.8,5.2,4.8,5.2
svm_full,signo_zodiacal_virgo,282,0.5,0.51,0.5161038961038961,0.44000000000000006,0.4617366946778712,0.45999999999999996,0.5339441120455051,4.4,4.2,5.8,5.6
svm_full,signo_zodiacal_virgo,283,0.5,0.67,0.65,0.76,0.6903743315508021,0.6900000000000001,0.711655426874467,7.6,4.2,5.8,2.4
svm_full,signo_zodiacal_virgo,284,0.5,0.53,0.5232600732600733,0.5,0.5020539898921916,0.5720000000000001,0.6249008556802673,5.0,4.4,5.6,5.0
svm_full,signo_zodiacal_virgo,285,0.5,0.48,0.48211788211788215,0.5800000000000001,0.5250517598343685,0.4779999999999999,0.5472073308528417,5.8,6.2,3.8,4.2
svm_full,signo_zodiacal_virgo,286,0.5,0.56,0.553968253968254,0.42000000000000004,0.47370386751191706,0.5519999999999999,0.6392043877175455,4.2,3.0,7.0,5.8
svm_full,signo_zodiacal_virgo,287,0.5,0.5900000000000001,0.5831959706959707,0.7,0.6200162156683896,0.634,0.6770213829857792,7.0,5.2,4.8,3.0
svm_full,signo_zodiacal_virgo,288,0.5,0.45999999999999996,0.4614718614718615,0.52,0.48653451811346543,0.492,0.5735278061291992,5.2,6.0,4.0,4.8
svm_full,signo_zodiacal_virgo,289,0.5,0.4600000000000001,0.4583333333333333,0.43999999999999995,0.4465178096757044,0.45,0.5420176412854432,4.4,5.2,4.8,5.6
svm_full,signo_zodiacal_virgo,290,0.5,0.52,0.530952380952381,0.43999999999999995,0.47523141633048754,0.538,0.6272488263370616,4.4,4.0,6.0,5.6
svm_full,signo_zodiacal_virgo,291,0.5,0.45,0.45666666666666667,0.5599999999999998,0.5014545454545455,0.458,0.5643941471325372,5.6,6.6,3.4,4.4
svm_full,signo_zodiacal_virgo,292,0.5,0.54,0.6311111111111111,0.44000000000000006,0.5029102167182662,0.472,0.6369855577858673,4.4,3.6,6.4,5.6
svm_full,signo_zodiacal_virgo,293,0.5,0.54,0.5290909090909091,0.6,0.5595648211437686,0.522,0.5303645772012644,6.0,5.2,4.8,4.0
svm_full,signo_zodiacal_virgo,294,0.5,0.41999999999999993,0.4321794871794872,0.4800000000000001,0.4514888010540184,0.43000000000000005,0.545071293945133,4.8,6.4,3.6,5.2
svm_full,signo_zodiacal_virgo,295,0.5,0.41,0.40820512820512816,0.33999999999999997,0.3567080745341615,0.34,0.4684043954841169,3.4,5.2,4.8,6.6
svm_full,signo_zodiacal_virgo,296,0.5,0.49000000000000005,0.5071428571428571,0.36000000000000004,0.41296791443850267,0.476,0.529186220212536,3.6,3.8,6.2,6.4
svm_full,signo_zodiacal_virgo,297,0.5,0.43,0.41666666666666663,0.33999999999999997,0.3714912280701754,0.471,0.5782322281261909,3.4,4.8,5.2,6.6
svm_full,signo_zodiacal_virgo,298,0.5,0.53,0.5148809523809523,0.6,0.5458463105521928,0.532,0.5375486812808795,6.0,5.4,4.6,4.0
svm_full,signo_zodiacal_virgo,299,0.5,0.4800000000000001,0.48610139860139856,0.6,0.5337604424560947,0.48599999999999993,0.5757202797202797,6.0,6.4,3.6,4.0
svm_full,signo_zodiacal_virgo,300,0.5,0.53,0.5276923076923077,0.6199999999999999,0.5674967061923584,0.56,0.5827569913746384,6.2,5.6,4.4,3.8
svm_full,signo_zodiacal_virgo,301,0.5,0.5900000000000001,0.6421428571428571,0.48,0.5386333927510398,0.628,0.6505790592276661,4.8,3.0,7.0,5.2
svm_full,signo_zodiacal_virgo,302,0.5,0.51,0.5355555555555556,0.44000000000000006,0.47809941520467836,0.48200000000000004,0.5427731631113983,4.4,4.2,5.8,5.6
svm_full,signo_zodiacal_virgo,303,0.5,0.45999999999999996,0.4305555555555555,0.27999999999999997,0.31497975708502024,0.44800000000000006,0.5474289723864028,2.8,3.6,6.4,7.2
svm_full,signo_zodiacal_virgo,304,0.5,0.29,0.22264957264957266,0.2,0.20611492499364353,0.25,0.3986377091260992,2.0,6.2,3.8,8.0
svm_full,signo_zodiacal_virgo,305,0.5,0.5399999999999999,0.553968253968254,0.5,0.5214748100197016,0.492,0.5746611542052718,5.0,4.2,5.8,5.0
svm_full,signo_zodiacal_virgo,306,0.5,0.45999999999999996,0.46009768009768004,0.42000000000000004,0.4277089375379858,0.45999999999999996,0.531695054945055,4.2,5.0,5.0,5.8
svm_full,signo_zodiacal_virgo,307,0.5,0.5700000000000001,0.5785353535353535,0.54,0.5569757727652465,0.6,0.6267183916874319,5.4,4.0,6.0,4.6
svm_full,signo_zodiacal_virgo,308,0.5,0.54,0.5363636363636364,0.48,0.5012138188608777,0.47000000000000003,0.5270014054572878,4.8,4.0,6.0,5.2
svm_full,signo_zodiacal_virgo,309,0.5,0.51,0.5031746031746032,0.54,0.5107256778309409,0.516,0.5773016956383829,5.4,5.2,4.8,4.6
svm_full,signo_zodiacal_virgo,310,0.5,0.5,0.5053113553113553,0.54,0.5162896779265066,0.512,0.5838251099605589,5.4,5.4,4.6,4.6
svm_full,signo_zodiacal_virgo,311,0.5,0.45,0.4513553113553114,0.5599999999999999,0.4955057208237987,0.442,0.4997931631492003,5.6,6.6,3.4,4.4
svm_full,signo_zodiacal_virgo,312,0.5,0.49000000000000005,0.48792929292929293,0.48,0.48240601503759406,0.49799999999999994,0.5745333565643163,4.8,5.0,5.0,5.2
svm_full,signo_zodiacal_virgo,313,0.5,0.5599999999999999,0.5487637362637361,0.66,0.587651649288478,0.5200000000000001,0.5739615929306332,6.6,5.4,4.6,3.4
svm_full,signo_zodiacal_virgo,314,0.5,0.38999999999999996,0.401923076923077,0.45999999999999996,0.42635046113306985,0.39,0.5259121248548493,4.6,6.8,3.2,5.4
svm_full,signo_zodiacal_virgo,315,0.5,0.5,0.5223716153127917,0.5,0.49554638229560827,0.532,0.5948252190705751,5.0,5.0,5.0,5.0
svm_full,signo_zodiacal_virgo,316,0.5,0.42000000000000004,0.41621933621933616,0.38,0.39519976411617275,0.38199999999999995,0.48952000003780194,3.8,5.4,4.6,6.2
svm_full,signo_zodiacal_virgo,317,0.5,0.5700000000000001,0.5575213675213675,0.7,0.6163329866167395,0.634,0.6714572171894153,7.0,5.6,4.4,3.0
svm_full,signo_zodiacal_virgo,318,0.5,0.49000000000000005,0.49519230769230765,0.6,0.5302861389817911,0.39,0.5011146013429295,6.0,6.2,3.8,4.0
svm_full,signo_zodiacal_virgo,319,0.5,0.4499999999999999,0.48878787878787877,0.5,0.4802900432900433,0.42400000000000004,0.540644163456083,5.0,6.0,4.0,5.0
svm_full,signo_zodiacal_virgo,320,0.5,0.55,0.5397435897435898,0.7000000000000001,0.6091567852437418,0.48600000000000004,0.5306102329043505,7.0,6.0,4.0,3.0
svm_full,signo_zodiacal_virgo,321,0.5,0.5800000000000001,0.5974170274170273,0.5199999999999999,0.5439968906222776,0.6479999999999999,0.7171223635325801,5.2,3.6,6.4,4.8
svm_full,signo_zodiacal_virgo,322,0.5,0.6000000000000001,0.6101010101010101,0.5599999999999999,0.5771929824561404,0.644,0.6521965991524814,5.6,3.6,6.4,4.4
svm_full,signo_zodiacal_virgo,323,0.5,0.38,0.3643939393939394,0.27999999999999997,0.30317182817182814,0.42800000000000005,0.5699564736948637,2.8,5.2,4.8,7.2
svm_full,signo_zodiacal_virgo,324,0.5,0.5900000000000001,0.5813186813186813,0.45999999999999996,0.4938269176120838,0.5740000000000001,0.6572840955913711,4.6,2.8,7.2,5.4
svm_full,signo_zodiacal_virgo,325,0.5,0.6,0.598096348096348,0.6599999999999999,0.6249517073315699,0.6559999999999999,0.6978262272643077,6.6,4.6,5.4,3.4
svm_full,signo_zodiacal_virgo,326,0.5,0.52,0.5274592074592075,0.56,0.5411398060368312,0.5040000000000001,0.585071105365223,5.6,5.2,4.8,4.4
svm_full,signo_zodiacal_virgo,327,0.5,0.51,0.5273809523809524,0.48,0.48927510398098634,0.506,0.6062181270741642,4.8,4.6,5.4,5.2
svm_full,signo_zodiacal_virgo,328,0.5,0.63,0.6401298701298701,0.62,0.6245689089032742,0.66,0.7422395104895104,6.2,3.6,6.4,3.8
svm_full,signo_zodiacal_virgo,329,0.5,0.45999999999999996,0.45897435897435895,0.5800000000000001,0.5087644620825399,0.492,0.5398003754931,5.8,6.6,3.4,4.2
svm_full,signo_zodiacal_virgo,330,0.5,0.49000000000000005,0.5218181818181817,0.4600000000000001,0.47714285714285715,0.532,0.6218173564481613,4.6,4.8,5.2,5.4
svm_full,signo_zodiacal_virgo,331,0.5,0.45999999999999996,0.47822177822177825,0.38,0.40852514919011085,0.46799999999999997,0.5379198089492208,3.8,4.6,5.4,6.2
svm_full,signo_zodiacal_virgo,332,0.5,0.58,0.5828282828282828,0.54,0.5557017543859649,0.578,0.632537001612079,5.4,3.8,6.2,4.6
svm_full,signo_zodiacal_virgo,333,0.5,0.48,0.4867399267399267,0.5399999999999999,0.5080549199084669,0.528,0.607766278441201,5.4,5.8,4.2,4.6
svm_full,signo_zodiacal_virgo,334,0.5,0.45,0.4521056721056721,0.5,0.4728873567317503,0.453,0.5088491237005168,5.0,6.0,4.0,5.0
svm_full,signo_zodiacal_virgo,335,0.5,0.42000000000000004,0.3728571428571429,0.32,0.33530939648586705,0.42800000000000005,0.5365016280589036,3.2,4.8,5.2,6.8
svm_full,signo_zodiacal_virgo,336,0.5,0.47000000000000003,0.4651948051948052,0.4,0.4226890756302521,0.458,0.5199427865735916,4.0,4.6,5.4,6.0
svm_full,signo_zodiacal_virgo,337,0.5,0.6,0.5891774891774892,0.5999999999999999,0.5874269005847953,0.6220000000000001,0.6693137662990605,6.0,4.0,6.0,4.0
svm_full,signo_zodiacal_virgo,338,0.5,0.54,0.5296703296703296,0.74,0.6168115942028985,0.5860000000000001,0.6220367573602867,7.4,6.6,3.4,2.6
svm_full,signo_zodiacal_virgo,339,0.5,0.44000000000000006,0.45015873015873015,0.5,0.4638513931888545,0.4119999999999999,0.5298063707018815,5.0,6.2,3.8,5.0
svm_full,signo_zodiacal_virgo,340,0.5,0.53,0.5433333333333333,0.5599999999999999,0.5437460317460318,0.568,0.617059335057787,5.6,5.0,5.0,4.4
svm_full,signo_zodiacal_virgo,341,0.5,0.53,0.5468253968253969,0.6199999999999999,0.5719298245614035,0.568,0.626887601562524,6.2,5.6,4.4,3.8
svm_full,signo_zodiacal_virgo,342,0.5,0.44000000000000006,0.40995670995670996,0.32,0.355532212885154,0.413,0.5325259124260672,3.2,4.4,5.6,6.8
svm_full,signo_zodiacal_virgo,343,0.5,0.6,0.5916666666666666,0.62,0.6,0.6119999999999999,0.6420948398007221,6.2,4.2,5.8,3.8
svm_full,signo_zodiacal_virgo,344,0.5,0.5,0.4972222222222221,0.45999999999999996,0.46885964912280703,0.5040000000000001,0.5446757959962294,4.6,4.6,5.4,5.4
svm_full,signo_zodiacal_virgo,345,0.5,0.48,0.45375291375291377,0.44000000000000006,0.43792960662525876,0.514,0.5810251703061301,4.4,4.8,5.2,5.6
svm_full,signo_zodiacal_virgo,346,0.5,0.44000000000000006,0.42900432900432894,0.48,0.4350982350982351,0.47800000000000004,0.5681817239348199,4.8,6.0,4.0,5.2
svm_full,signo_zodiacal_virgo,347,0.5,0.5200000000000001,0.5053113553113553,0.5599999999999999,0.5205030857776853,0.49800000000000005,0.5555340025471605,5.6,5.2,4.8,4.4
svm_full,signo_zodiacal_virgo,348,0.5,0.43,0.4103030303030303,0.38,0.38385281385281383,0.41600000000000004,0.502796463770148,3.8,5.2,4.8,6.2
svm_full,signo_zodiacal_virgo,349,0.5,0.41000000000000003,0.41818181818181815,0.42000000000000004,0.41804511278195483,0.388,0.4794086093644917,4.2,6.0,4.0,5.8
svm_full,signo_zodiacal_virgo,350,0.5,0.53,0.5166666666666666,0.45999999999999996,0.46452762923351154,0.562,0.5805166287960406,4.6,4.0,6.0,5.4
svm_full,signo_zodiacal_virgo,351,0.5,0.51,0.5056721056721056,0.4999999999999999,0.49801314881406417,0.5690000000000001,0.6156881164071566,5.0,4.8,5.2,5.0
svm_full,signo_zodiacal_virgo,352,0.5,0.43000000000000005,0.42570707070707065,0.42000000000000004,0.4213533834586466,0.41,0.5138715945217492,4.2,5.6,4.4,5.8
svm_full,signo_zodiacal_virgo,353,0.5,0.61,0.6699999999999999,0.54,0.5666967418546366,0.5980000000000001,0.6513169618479215,5.4,3.2,6.8,4.6
svm_full,signo_zodiacal_virgo,354,0.5,0.47000000000000003,0.47044733044733045,0.44000000000000006,0.45166150670794636,0.4680000000000001,0.5516834658289766,4.4,5.0,5.0,5.6
svm_full,signo_zodiacal_virgo,355,0.5,0.5199999999999999,0.5271732026143792,0.6599999999999999,0.577694079799343,0.54,0.5799570968247438,6.6,6.2,3.8,3.4
svm_full,signo_zodiacal_virgo,356,0.5,0.36,0.3516666666666667,0.4,0.3612222222222222,0.315,0.43348252074722654,4.0,6.8,3.2,6.0
svm_full,signo_zodiacal_virgo,357,0.5,0.4800000000000001,0.48281718281718283,0.44000000000000006,0.44277189136524175,0.512,0.5691844425784054,4.4,4.8,5.2,5.6
svm_full,signo_zodiacal_virgo,358,0.5,0.4800000000000001,0.45071428571428573,0.44000000000000006,0.4346993464052288,0.466,0.520031968031968,4.4,4.8,5.2,5.6
svm_full,signo_zodiacal_virgo,359,0.5,0.49000000000000005,0.48939393939393944,0.58,0.5265401265401265,0.5,0.6004728809202493,5.8,6.0,4.0,4.2
svm_full,signo_zodiacal_virgo,360,0.5,0.47000000000000003,0.47424242424242424,0.5800000000000001,0.520995670995671,0.368,0.4730394087336812,5.8,6.4,3.6,4.2
svm_full,signo_zodiacal_virgo,361,0.5,0.51,0.5115151515151515,0.6199999999999999,0.5572380952380953,0.5459999999999999,0.5897064510137265,6.2,6.0,4.0,3.8
svm_full,signo_zodiacal_virgo,362,0.5,0.5200000000000001,0.5152020202020202,0.5399999999999999,0.5228822055137845,0.55,0.6229303818816202,5.4,5.0,5.0,4.6
svm_full,signo_zodiacal_virgo,363,0.5,0.5599999999999999,0.5565079365079365,0.5399999999999999,0.5437827188291584,0.4600000000000001,0.5039776422408001,5.4,4.2,5.8,4.6
svm_full,signo_zodiacal_virgo,364,0.5,0.54,0.5266955266955267,0.6,0.5536758563074352,0.54,0.6214934350994723,6.0,5.2,4.8,4.0
svm_full,signo_zodiacal_virgo,365,0.5,0.52,0.5171678321678321,0.5599999999999999,0.5336181692703432,0.5720000000000001,0.6400254822576803,5.6,5.2,4.8,4.4
svm_full,signo_zodiacal_virgo,366,0.5,0.45999999999999996,0.4446886446886447,0.43999999999999995,0.43554212198713477,0.43,0.4841289621111603,4.4,5.2,4.8,5.6
svm_full,signo_zodiacal_virgo,367,0.5,0.47000000000000003,0.4669108669108669,0.4600000000000001,0.4591465876968637,0.446,0.5477511579407863,4.6,5.2,4.8,5.4
svm_full,signo_zodiacal_virgo,368,0.5,0.43000000000000005,0.44438228438228433,0.5599999999999999,0.4937805383022774,0.372,0.4864101105293055,5.6,7.0,3.0,4.4
svm_full,signo_zodiacal_virgo,369,0.5,0.45,0.4701298701298701,0.6,0.5257575757575758,0.426,0.5311622385182757,6.0,7.0,3.0,4.0
svm_full,signo_zodiacal_virgo,370,0.5,0.52,0.5164102564102564,0.56,0.5289082125603866,0.54,0.5833202714038627,5.6,5.2,4.8,4.4
svm_full,signo_zodiacal_virgo,371,0.5,0.47000000000000003,0.48405011655011654,0.48,0.4606115623506928,0.41400000000000003,0.5103935417008172,4.8,5.4,4.6,5.2
svm_full,signo_zodiacal_virgo,372,0.5,0.53,0.5797802197802199,0.44000000000000006,0.4890480250071043,0.572,0.6619895480336656,4.4,3.8,6.2,5.6
svm_full,signo_zodiacal_virgo,373,0.5,0.48,0.4666666666666667,0.4600000000000001,0.4595238095238095,0.45999999999999996,0.5109354066985646,4.6,5.0,5.0,5.4
svm_full,signo_zodiacal_virgo,374,0.5,0.5199999999999999,0.5442857142857143,0.4,0.4387208216619981,0.528,0.6074356564488144,4.0,3.6,6.4,6.0
svm_full,signo_zodiacal_virgo,375,0.5,0.5399999999999999,0.5552380952380951,0.5,0.5154399724802202,0.602,0.6695669042859445,5.0,4.2,5.8,5.0
svm_full,signo_zodiacal_virgo,376,0.5,0.52,0.5116666666666666,0.36,0.4132539682539683,0.492,0.5707031028826695,3.6,3.2,6.8,6.4
svm_full,signo_zodiacal_virgo,377,0.5,0.53,0.5344949494949496,0.54,0.5295438596491228,0.571,0.6272405362095765,5.4,4.8,5.2,4.6
svm_full,signo_zodiacal_virgo,378,0.5,0.47000000000000003,0.4904761904761904,0.26,0.32013574660633487,0.42200000000000004,0.5375620959707647,2.6,3.2,6.8,7.4
svm_full,signo_zodiacal_virgo,379,0.5,0.6199999999999999,0.6726190476190477,0.48,0.5565445476436188,0.6300000000000001,0.6726551771242174,4.8,2.4,7.6,5.2
svm_full,signo_zodiacal_virgo,380,0.5,0.5599999999999999,0.5550865800865801,0.56,0.5452380952380953,0.5820000000000001,0.6232144332275912,5.6,4.4,5.6,4.4
svm_full,signo_zodiacal_virgo,381,0.5,0.62,0.6406349206349206,0.56,0.5883647621728116,0.592,0.6464126141316543,5.6,3.2,6.8,4.4
svm_full,signo_zodiacal_virgo,382,0.5,0.6,0.58761655011655,0.7000000000000001,0.631052039747692,0.5780000000000001,0.6433152680652681,7.0,5.0,5.0,3.0
svm_full,signo_zodiacal_virgo,383,0.5,0.39999999999999997,0.4027838827838828,0.36,0.3672918170804831,0.384,0.49574962438662123,3.6,5.6,4.4,6.4
svm_full,signo_zodiacal_virgo,384,0.5,0.36,0.32727272727272727,0.3,0.3063492063492063,0.33899999999999997,0.46987119725819415,3.0,5.8,4.2,7.0
svm_full,signo_zodiacal_virgo,385,0.5,0.51,0.5352564102564102,0.45999999999999996,0.4875413170607679,0.45599999999999996,0.5068262103393681,4.6,4.4,5.6,5.4
svm_full,signo_zodiacal_virgo,386,0.5,0.53,0.5363131313131313,0.5,0.515923141186299,0.528,0.5397390274843834,5.0,4.4,5.6,5.0
svm_full,signo_zodiacal_virgo,387,0.5,0.45,0.4549299719887955,0.54,0.4792424242424242,0.43199999999999994,0.5253822196894953,5.4,6.4,3.6,4.6
svm_full,signo_zodiacal_virgo,388,0.5,0.45,0.4584415584415584,0.5599999999999999,0.5022774327122154,0.45599999999999996,0.5352174400247156,5.6,6.6,3.4,4.4
svm_full,signo_zodiacal_virgo,389,0.5,0.54,0.545,0.48,0.5094736842105263,0.53,0.5633310327443455,4.8,4.0,6.0,5.2
svm_full,signo_zodiacal_virgo,390,0.5,0.53,0.5227272727272727,0.6,0.5584415584415584,0.525,0.5662084314893913,6.0,5.4,4.6,4.0
svm_full,signo_zodiacal_virgo,391,0.5,0.52,0.5166666666666667,0.45999999999999996,0.48145229383619476,0.542,0.6140275090406669,4.6,4.2,5.8,5.4
svm_full,signo_zodiacal_virgo,392,0.5,0.43000000000000005,0.43817848817848815,0.54,0.48262751741012605,0.45,0.5430862542170591,5.4,6.8,3.2,4.6
svm_full,signo_zodiacal_virgo,393,0.5,0.39,0.3913368983957219,0.48,0.4257142857142857,0.36400000000000005,0.45106474124430773,4.8,7.0,3.0,5.2
svm_full,signo_zodiacal_virgo,394,0.5,0.5,0.48229548229548225,0.44000000000000006,0.4498712253780231,0.502,0.5743715989892461,4.4,4.4,5.6,5.6
svm_full,signo_zodiacal_virgo,395,0.5,0.6,0.5921367521367521,0.64,0.6124568337840649,0.568,0.6065691606295321,6.4,4.4,5.6,3.6
svm_full,signo_zodiacal_virgo,396,0.5,0.51,0.505050505050505,0.54,0.5199362041467304,0.5619999999999999,0.652219539232697,5.4,5.2,4.8,4.6
svm_full,signo_zodiacal_virgo,397,0.5,0.53,0.5248076923076923,0.6599999999999999,0.5809911827303132,0.554,0.5686523815022267,6.6,6.0,4.0,3.4
svm_full,signo_zodiacal_virgo,398,0.5,0.44000000000000006,0.4011965811965812,0.38,0.38355835240274605,0.36,0.47376542944499606,3.8,5.0,5.0,6.2
svm_full,signo_zodiacal_virgo,399,0.5,0.48,0.46492063492063496,0.4999999999999999,0.4762613753635425,0.526,0.5928320086346401,5.0,5.4,4.6,5.0
svm_full,signo_zodiacal_virgo,400,0.5,0.55,0.5775757575757575,0.45999999999999996,0.5015538847117795,0.5,0.5487347733965381,4.6,3.6,6.4,5.4
svm_full,signo_zodiacal_virgo,401,0.5,0.5,0.5430555555555555,0.42000000000000004,0.4423301844354476,0.4779999999999999,0.5175679032869436,4.2,4.2,5.8,5.8
svm_full,signo_zodiacal_virgo,402,0.5,0.41000000000000003,0.40888888888888886,0.4999999999999999,0.4435640616693249,0.4880000000000001,0.5927770279256348,5.0,6.8,3.2,5.0
svm_full,signo_zodiacal_virgo,403,0.5,0.57,0.6405555555555555,0.38,0.46352676563202877,0.5559999999999999,0.6479870690884623,3.8,2.4,7.6,6.2
svm_full,signo_zodiacal_virgo,404,0.5,0.5,0.49568431568431565,0.58,0.5319668737060042,0.49800000000000005,0.5550913241385377,5.8,5.8,4.2,4.2
svm_full,signo_zodiacal_virgo,405,0.5,0.5,0.475,0.54,0.4955516705516706,0.544,0.6241154292903518,5.4,5.4,4.6,4.6
svm_full,signo_zodiacal_virgo,406,0.5,0.5700000000000001,0.6057875457875458,0.6199999999999999,0.5991580252654422,0.554,0.6182339029219834,6.2,4.8,5.2,3.8
svm_full,signo_zodiacal_virgo,407,0.5,0.39,0.3732167832167833,0.36,0.35736369910282956,0.363,0.4476168816563553,3.6,5.8,4.2,6.4
svm_full,signo_zodiacal_virgo,408,0.5,0.5299999999999999,0.5581807081807082,0.54,0.5416965454790195,0.548,0.6085950689317562,5.4,4.8,5.2,4.6
svm_full,signo_zodiacal_virgo,409,0.5,0.44000000000000006,0.41,0.36,0.35933044733044733,0.406,0.5163187753938527,3.6,4.8,5.2,6.4
svm_full,signo_zodiacal_virgo,410,0.5,0.45999999999999996,0.4636630036630036,0.5599999999999999,0.5003747965589398,0.47400000000000003,0.5001171806349823,5.6,6.4,3.6,4.4
svm_full,signo_zodiacal_virgo,411,0.5,0.41000000000000003,0.3904761904761905,0.3,0.3380804953560371,0.332,0.4407646557089282,3.0,4.8,5.2,7.0
svm_full,signo_zodiacal_virgo,412,0.5,0.54,0.5476190476190477,0.38,0.4424509803921569,0.616,0.6667120640797111,3.8,3.0,7.0,6.2
svm_full,signo_zodiacal_virgo,413,0.5,0.45999999999999996,0.48725718725718725,0.44000000000000006,0.4353781992225928,0.44000000000000006,0.4924895731203781,4.4,5.2,4.8,5.6
svm_full,signo_zodiacal_virgo,414,0.5,0.56,0.5700000000000001,0.44000000000000006,0.4922222222222222,0.5119999999999999,0.5881951304629323,4.4,3.2,6.8,5.6
svm_full,signo_zodiacal_virgo,415,0.5,0.39,0.3733838383838384,0.36,0.36526315789473685,0.372,0.4844677091913933,3.6,5.8,4.2,6.4
svm_full,signo_zodiacal_virgo,416,0.5,0.52,0.5123509823509823,0.62,0.5592396009787313,0.562,0.6284619983559612,6.2,5.8,4.2,3.8
svm_full,signo_zodiacal_virgo,417,0.5,0.5,0.5044444444444445,0.62,0.5498638904954694,0.49000000000000005,0.5465885964740453,6.2,6.2,3.8,3.8
svm_full,signo_zodiacal_virgo,418,0.5,0.41000000000000003,0.38472222222222224,0.41999999999999993,0.3926604097656729,0.41600000000000004,0.4901268519062637,4.2,6.0,4.0,5.8
svm_full,signo_zodiacal_virgo,419,0.5,0.5,0.5047619047619047,0.34,0.4058823529411765,0.51,0.5838139421637873,3.4,3.4,6.6,6.6
svm_full,signo_zodiacal_virgo,420,0.5,0.47000000000000003,0.4722222222222222,0.48,0.4735323156375788,0.434,0.49227512296784737,4.8,5.4,4.6,5.2
svm_full,signo_zodiacal_virgo,421,0.5,0.54,0.5333333333333333,0.6599999999999999,0.5855238095238096,0.6059999999999999,0.6842723675533272,6.6,5.8,4.2,3.4
svm_full,signo_zodiacal_virgo,422,0.5,0.5599999999999999,0.5467681338269573,0.74,0.6252316958403915,0.5800000000000001,0.6405793732411379,7.4,6.2,3.8,2.6
svm_full,signo_zodiacal_virgo,423,0.5,0.42000000000000004,0.41558441558441556,0.37999999999999995,0.38713818860877686,0.41500000000000004,0.49778298395790654,3.8,5.4,4.6,6.2
svm_full,signo_zodiacal_virgo,424,0.5,0.5700000000000001,0.5988888888888889,0.4999999999999999,0.5333545986177565,0.5740000000000001,0.6226713821094625,5.0,3.6,6.4,5.0
svm_full,signo_zodiacal_virgo,425,0.5,0.45,0.44480519480519476,0.5,0.46782106782106786,0.438,0.5296022855713257,5.0,6.0,4.0,5.0
svm_full,signo_zodiacal_virgo,426,0.5,0.5700000000000001,0.5733766233766233,0.6,0.578658544757616,0.53,0.5705472752221978,6.0,4.6,5.4,4.0
svm_full,signo_zodiacal_virgo,427,0.5,0.58,0.6066233766233766,0.45999999999999996,0.5171988795518208,0.5900000000000001,0.6402664835164835,4.6,3.0,7.0,5.4
svm_full,signo_zodiacal_virgo,428,0.5,0.42000000000000004,0.4432167832167832,0.52,0.4665859213250517,0.45199999999999996,0.5287926132175358,5.2,6.8,3.2,4.8
svm_full,signo_zodiacal_virgo,429,0.5,0.55,0.542142857142857,0.5,0.5181699346405229,0.564,0.610668663637704,5.0,4.0,6.0,5.0
svm_full,signo_zodiacal_virgo,430,0.5,0.61,0.667142857142857,0.48,0.5457040998217468,0.6040000000000001,0.6763694191944966,4.8,2.6,7.4,5.2
svm_full,signo_zodiacal_virgo,431,0.5,0.5399999999999999,0.5531746031746032,0.43999999999999995,0.48943928448572416,0.5680000000000001,0.6485824714501185,4.4,3.6,6.4,5.6
svm_full,signo_zodiacal_virgo,432,0.5,0.5599999999999999,0.6285714285714284,0.42000000000000004,0.49199469261388773,0.618,0.7098804806304806,4.2,3.0,7.0,5.8
svm_full,signo_zodiacal_virgo,433,0.5,0.47000000000000003,0.44071428571428567,0.32,0.36392156862745095,0.45600000000000007,0.5648539352804057,3.2,3.8,6.2,6.8
svm_full,signo_zodiacal_virgo,434,0.5,0.47000000000000003,0.4646886446886446,0.36,0.393824950269963,0.40800000000000003,0.4909707741518887,3.6,4.2,5.8,6.4
svm_full,signo_zodiacal_virgo,435,0.5,0.5200000000000001,0.515959595959596,0.52,0.5169924812030076,0.522,0.5771159473481455,5.2,4.8,5.2,4.8
svm_full,signo_zodiacal_virgo,436,0.5,0.43,0.4450757575757575,0.54,0.48474858474858473,0.39399999999999996,0.4793693075929918,5.4,6.8,3.2,4.6
svm_full,signo_zodiacal_virgo,437,0.5,0.52,0.5181900452488688,0.74,0.603835005574136,0.514,0.5294660894660895,7.4,7.0,3.0,2.6
svm_full,signo_zodiacal_virgo,438,0.5,0.56,0.5872727272727272,0.4,0.4618487394957983,0.536,0.6051568796700375,4.0,2.8,7.2,6.0
svm_full,signo_zodiacal_virgo,439,0.5,0.45999999999999996,0.44772727272727275,0.38,0.40507936507936504,0.466,0.5407878310200291,3.8,4.6,5.4,6.2
svm_full,signo_zodiacal_virgo,440,0.5,0.52,0.5311111111111112,0.5,0.5034449760765549,0.542,0.5909345931845932,5.0,4.6,5.4,5.0
svm_full,signo_zodiacal_virgo,441,0.5,0.4,0.34944444444444445,0.24,0.2795655806182122,0.39399999999999996,0.5064486938929663,2.4,4.4,5.6,7.6
svm_full,signo_zodiacal_virgo,442,0.5,0.61,0.6233333333333333,0.5199999999999999,0.5567919799498746,0.639,0.6747083661952084,5.2,3.0,7.0,4.8
svm_full,signo_zodiacal_virgo,443,0.5,0.6100000000000001,0.5989044289044289,0.6799999999999999,0.6356785243741766,0.6059999999999999,0.6377482388612419,6.8,4.6,5.4,3.2
svm_full,signo_zodiacal_virgo,444,0.5,0.5000000000000001,0.49610389610389605,0.62,0.5498964803312629,0.558,0.6023864813377198,6.2,6.2,3.8,3.8
svm_full,signo_zodiacal_virgo,445,0.5,0.48,0.475,0.43999999999999995,0.45396825396825397,0.502,0.5723735986235986,4.4,4.8,5.2,5.6
svm_full,signo_zodiacal_virgo,446,0.5,0.47000000000000003,0.46171328671328665,0.5199999999999999,0.4863165819687558,0.45999999999999996,0.5013285870476273,5.2,5.8,4.2,4.8
svm_full,signo_zodiacal_virgo,447,0.5,0.51,0.514047619047619,0.4,0.4461437908496732,0.54,0.5888416838579378,4.0,3.8,6.2,6.0
svm_full,signo_zodiacal_virgo,448,0.5,0.54,0.5667832167832167,0.38,0.4122153209109731,0.6180000000000001,0.6331344853976433,3.8,3.0,7.0,6.2
svm_full,signo_zodiacal_virgo,449,0.5,0.45,0.4223809523809523,0.32,0.3514084676932974,0.42800000000000005,0.5218438897703603,3.2,4.2,5.8,6.8
svm_full,signo_zodiacal_virgo,450,0.5,0.5900000000000001,0.5838539238539239,0.62,0.5992829900839054,0.5880000000000001,0.6220446765137166,6.2,4.4,5.6,3.8
svm_full,signo_zodiacal_virgo,451,0.5,0.51,0.4985592185592186,0.6000000000000001,0.541022120518688,0.47800000000000004,0.5625446718743933,6.0,5.8,4.2,4.0
svm_full,signo_zodiacal_virgo,452,0.5,0.48,0.4856410256410256,0.7,0.5730144927536233,0.43200000000000005,0.5075297012928592,7.0,7.4,2.6,3.0
svm_full,signo_zodiacal_virgo,453,0.5,0.51,0.5209090909090909,0.48,0.4974603174603175,0.41800000000000004,0.5488091753447791,4.8,4.6,5.4,5.2
svm_full,signo_zodiacal_virgo,454,0.5,0.5,0.512012987012987,0.52,0.5071768101179865,0.45299999999999996,0.5117209210638003,5.2,5.2,4.8,4.8
svm_full,signo_zodiacal_virgo,455,0.5,0.5700000000000001,0.5869047619047618,0.44000000000000006,0.5006621947024424,0.544,0.5821487303546127,4.4,3.0,7.0,5.6
svm_full,signo_zodiacal_virgo,456,0.5,0.5199999999999999,0.497420634920635,0.58,0.5271471562493234,0.502,0.5567533197796355,5.8,5.4,4.6,4.2
svm_full,signo_zodiacal_virgo,457,0.5,0.41,0.37415584415584413,0.3,0.32593837535014003,0.4039999999999999,0.4778127922129469,3.0,4.8,5.2,7.0
svm_full,signo_zodiacal_virgo,458,0.5,0.45,0.4471056721056721,0.48,0.45955402339841694,0.43,0.5181841404209825,4.8,5.8,4.2,5.2
svm_full,signo_zodiacal_virgo,459,0.5,0.4600000000000001,0.4566233766233766,0.48,0.4624929971988796,0.442,0.5309551492539109,4.8,5.6,4.4,5.2
svm_full,signo_zodiacal_virgo,460,0.5,0.45999999999999996,0.4367099567099567,0.34,0.3705462184873949,0.438,0.5107865490202952,3.4,4.2,5.8,6.6
svm_full,signo_zodiacal_virgo,461,0.5,0.5599999999999999,0.5521969696969696,0.6599999999999999,0.596989676989677,0.5700000000000001,0.6037891999641225,6.6,5.4,4.6,3.4
svm_full,signo_zodiacal_virgo,462,0.5,0.39,0.38230769230769235,0.38,0.3776811594202899,0.404,0.5153105701488054,3.8,6.0,4.0,6.2
svm_full,signo_zodiacal_virgo,463,0.5,0.3,0.29555555555555557,0.3,0.2969377990430622,0.246,0.4517967749484777,3.0,7.0,3.0,7.0
svm_full,signo_zodiacal_virgo,464,0.5,0.45,0.45282717282717283,0.48,0.4558100109609061,0.484,0.573353544116702,4.8,5.8,4.2,5.2
svm_full,signo_zodiacal_virgo,465,0.5,0.44000000000000006,0.42714285714285716,0.48,0.4463315508021391,0.402,0.5198879582749552,4.8,6.0,4.0,5.2
svm_full,signo_zodiacal_virgo,466,0.5,0.49000000000000005,0.48777056277056285,0.48,0.4785332314744079,0.4699999999999999,0.548454240805634,4.8,5.0,5.0,5.2
svm_full,signo_zodiacal_virgo,467,0.5,0.53,0.5257142857142857,0.5199999999999999,0.5201120448179272,0.496,0.5494232069100489,5.2,4.6,5.4,4.8
svm_full,signo_zodiacal_virgo,468,0.5,0.6,0.5753393665158371,0.8,0.6656914743871265,0.6199999999999999,0.6328945749812622,8.0,6.0,4.0,2.0
svm_full,signo_zodiacal_virgo,469,0.5,0.41000000000000003,0.4147619047619048,0.39999999999999997,0.3897777777777778,0.40800000000000003,0.5149327694149676,4.0,5.8,4.2,6.0
svm_full,signo_zodiacal_virgo,470,0.5,0.49000000000000005,0.47575757575757577,0.42000000000000004,0.4426482873851295,0.4800000000000001,0.49665787746824896,4.2,4.4,5.6,5.8
svm_full,signo_zodiacal_virgo,471,0.5,0.43,0.42286324786324786,0.45999999999999996,0.4350495804729214,0.40099999999999997,0.4940369259223748,4.6,6.0,4.0,5.4
svm_full,signo_zodiacal_virgo,472,0.5,0.45,0.4424963924963925,0.36,0.37180250090466804,0.438,0.5585686180864199,3.6,4.6,5.4,6.4
svm_full,signo_zodiacal_virgo,473,0.5,0.38999999999999996,0.3821428571428572,0.38,0.37736185383244203,0.372,0.48213433788433785,3.8,6.0,4.0,6.2
svm_full,signo_zodiacal_virgo,474,0.5,0.6100000000000001,0.6134615384615385,0.5,0.5331090407177363,0.6659999999999999,0.6797662141779788,5.0,2.8,7.2,5.0
svm_full,signo_zodiacal_virgo,475,0.5,0.36,0.30999999999999994,0.26,0.26102164502164504,0.336,0.45899040055232004,2.6,5.4,4.6,7.4
svm_full,signo_zodiacal_virgo,476,0.5,0.43,0.4224242424242425,0.42000000000000004,0.4185281385281385,0.383,0.46263201624656725,4.2,5.6,4.4,5.8
svm_full,signo_zodiacal_virgo,477,0.5,0.51,0.5207264957264958,0.52,0.5139588100686499,0.5579999999999999,0.623321771795456,5.2,5.0,5.0,4.8
svm_full,signo_zodiacal_virgo,478,0.5,0.5599999999999999,0.5466666666666666,0.6599999999999999,0.5855454545454546,0.534,0.5609480776361582,6.6,5.4,4.6,3.4
svm_full,signo_zodiacal_virgo,479,0.5,0.5599999999999999,0.5476190476190477,0.64,0.5849282296650717,0.53,0.5886359941228362,6.4,5.2,4.8,3.6
svm_full,signo_zodiacal_virgo,480,0.5,0.5,0.514090909090909,0.52,0.5102857142857143,0.508,0.586943768220084,5.2,5.2,4.8,4.8
svm_full,signo_zodiacal_virgo,481,0.5,0.45999999999999996,0.4714646464646465,0.41999999999999993,0.43828700539226856,0.49800000000000005,0.5706560943356608,4.2,5.0,5.0,5.8
svm_full,signo_zodiacal_virgo,482,0.5,0.53,0.5213986013986014,0.6599999999999999,0.580815358554489,0.526,0.5878000316676787,6.6,6.0,4.0,3.4
svm_full,signo_zodiacal_virgo,483,0.5,0.4699999999999999,0.48410256410256414,0.58,0.5263241106719369,0.44200000000000006,0.5526515820780527,5.8,6.4,3.6,4.2
svm_full,signo_zodiacal_virgo,484,0.5,0.44000000000000006,0.440994560994561,0.4600000000000001,0.4480069739566307,0.434,0.5185883719823348,4.6,5.8,4.2,5.4
svm_full,signo_zodiacal_virgo,485,0.5,0.49000000000000005,0.48571428571428577,0.48,0.47429558745348216,0.41200000000000003,0.5076083669512462,4.8,5.0,5.0,5.2
svm_full,signo_zodiacal_virgo,486,0.5,0.35,0.3314879564879565,0.32,0.32163288656423666,0.29600000000000004,0.436331773231928,3.2,6.2,3.8,6.8
svm_full,signo_zodiacal_virgo,487,0.5,0.5199999999999999,0.5190438216754005,0.6,0.5405016320997958,0.534,0.6587808123249299,6.0,5.6,4.4,4.0
svm_full,signo_zodiacal_virgo,488,0.5,0.57,0.5657575757575757,0.62,0.5906493506493506,0.586,0.5823346349213222,6.2,4.8,5.2,3.8
svm_full,signo_zodiacal_virgo,489,0.5,0.5199999999999999,0.5157575757575757,0.62,0.5604675324675326,0.53,0.5861535409035409,6.2,5.8,4.2,3.8
svm_full,signo_zodiacal_virgo,490,0.5,0.43999999999999995,0.4325757575757576,0.44000000000000006,0.43415356573251307,0.358,0.491390324158126,4.4,5.6,4.4,5.6
svm_full,signo_zodiacal_virgo,491,0.5,0.5200000000000001,0.5243589743589744,0.39999999999999997,0.4176931763888286,0.586,0.6071523443876385,4.0,3.6,6.4,6.0
svm_full,signo_zodiacal_virgo,492,0.5,0.47000000000000003,0.4959090909090909,0.38,0.41650793650793655,0.44799999999999995,0.5281764361369625,3.8,4.4,5.6,6.2
svm_full,signo_zodiacal_virgo,493,0.5,0.41,0.39785714285714285,0.34,0.3553137254901961,0.36000000000000004,0.46209432543720463,3.4,5.2,4.8,6.6
svm_full,signo_zodiacal_virgo,494,0.5,0.49000000000000005,0.4966666666666667,0.6799999999999999,0.5724366068713895,0.42800000000000005,0.4837486488399801,6.8,7.0,3.0,3.2
svm_full,signo_zodiacal_virgo,495,0.5,0.43000000000000005,0.43575757575757573,0.44000000000000006,0.42082251082251076,0.364,0.45574144543107387,4.4,5.8,4.2,5.6
svm_full,signo_zodiacal_virgo,496,0.5,0.5700000000000001,0.5439160839160839,0.48,0.47556935817805385,0.542,0.6394392933348041,4.8,3.4,6.6,5.2
svm_full,signo_zodiacal_virgo,497,0.5,0.49000000000000005,0.4572954822954823,0.4,0.41622043172722945,0.42600000000000005,0.4863853462498973,4.0,4.2,5.8,6.0
svm_full,signo_zodiacal_virgo,498,0.5,0.55,0.5422222222222223,0.6199999999999999,0.5754226475279107,0.5279999999999999,0.5970774044496954,6.2,5.2,4.8,3.8
svm_full,signo_zodiacal_virgo,499,0.5,0.37,0.3683333333333333,0.38,0.37164274322169055,0.31399999999999995,0.4399540296305002,3.8,6.4,3.6,6.2
svm_full,signo_zodiacal_virgo,500,0.5,0.53,0.5290909090909091,0.58,0.5524675324675324,0.534,0.583335271539606,5.8,5.2,4.8,4.2
