modelo,signo,iter,pos_rate_bootstrap,cv_accuracy,cv_precision,cv_recall,cv_f1,cv_roc_auc,cv_pr_auc,cv_tp_mean,cv_fp_mean,cv_tn_mean,cv_fn_mean
rf_full,signo_zodiacal_acuario,1,0.5,0.43,0.4163852813852814,0.4800000000000001,0.43763025210084033,0.393,0.48674495422018643,4.8,6.2,3.8,5.2
rf_full,signo_zodiacal_acuario,2,0.5,0.5800000000000001,0.5786324786324787,0.5800000000000001,0.5759725400457666,0.577,0.633814039503668,5.8,4.2,5.8,4.2
rf_full,signo_zodiacal_acuario,3,0.5,0.44000000000000006,0.45136752136752134,0.48,0.4631287705429582,0.41400000000000003,0.5017549766195277,4.8,6.0,4.0,5.2
rf_full,signo_zodiacal_acuario,4,0.5,0.5,0.5016233766233766,0.38,0.426937441643324,0.525,0.627180049482681,3.8,3.8,6.2,6.2
rf_full,signo_zodiacal_acuario,5,0.5,0.49000000000000005,0.47738095238095235,0.52,0.48998811645870466,0.523,0.5858503614548507,5.2,5.4,4.6,4.8
rf_full,signo_zodiacal_acuario,6,0.5,0.4800000000000001,0.4914529914529915,0.52,0.5018306636155606,0.43800000000000006,0.5498393916025495,5.2,5.6,4.4,4.8
rf_full,signo_zodiacal_acuario,7,0.5,0.62,0.6583333333333333,0.54,0.584093567251462,0.643,0.6565998892748119,5.4,3.0,7.0,4.6
rf_full,signo_zodiacal_acuario,8,0.5,0.5599999999999999,0.5566666666666666,0.43999999999999995,0.48047619047619045,0.526,0.6379631141132689,4.4,3.2,6.8,5.6
rf_full,signo_zodiacal_acuario,9,0.5,0.4600000000000001,0.4948717948717948,0.5,0.48034953111679457,0.531,0.5679627465757496,5.0,5.8,4.2,5.0
rf_full,signo_zodiacal_acuario,10,0.5,0.4800000000000001,0.472069597069597,0.41999999999999993,0.43850675281554263,0.442,0.4992803764862589,4.2,4.6,5.4,5.8
rf_full,signo_zodiacal_acuario,11,0.5,0.51,0.5111111111111111,0.42000000000000004,0.45944272445820433,0.4789999999999999,0.5179281449544607,4.2,4.0,6.0,5.8
rf_full,signo_zodiacal_acuario,12,0.5,0.53,0.5150793650793651,0.45999999999999996,0.48044610188573034,0.574,0.6153971475720701,4.6,4.0,6.0,5.4
rf_full,signo_zodiacal_acuario,13,0.5,0.45,0.45353535353535346,0.5,0.47210070631123263,0.4640000000000001,0.5422957891781421,5.0,6.0,4.0,5.0
rf_full,signo_zodiacal_acuario,14,0.5,0.5,0.5381652661064427,0.52,0.5070806100217865,0.47400000000000003,0.5537635163254357,5.2,5.2,4.8,4.8
rf_full,signo_zodiacal_acuario,15,0.5,0.51,0.5245421245421246,0.5,0.5073899582716381,0.441,0.4959891230200828,5.0,4.8,5.2,5.0
rf_full,signo_zodiacal_acuario,16,0.5,0.4800000000000001,0.47480519480519484,0.5,0.4731746031746032,0.45199999999999996,0.5320215525788281,5.0,5.4,4.6,5.0
rf_full,signo_zodiacal_acuario,17,0.5,0.53,0.517020202020202,0.42000000000000004,0.45772347535505437,0.522,0.5665674162438868,4.2,3.6,6.4,5.8
rf_full,signo_zodiacal_acuario,18,0.5,0.53,0.5323076923076923,0.58,0.553871635610766,0.589,0.6436319134082293,5.8,5.2,4.8,4.2
rf_full,signo_zodiacal_acuario,19,0.5,0.41,0.40059523809523806,0.38,0.3786933396840517,0.38,0.47053305801525613,3.8,5.6,4.4,6.2
rf_full,signo_zodiacal_acuario,20,0.5,0.51,0.5092074592074592,0.54,0.5162196499153021,0.5309999999999999,0.643492581979424,5.4,5.2,4.8,4.6
rf_full,signo_zodiacal_acuario,21,0.5,0.5700000000000001,0.5781995781995782,0.5399999999999999,0.5493913812664655,0.542,0.5569865663232536,5.4,4.0,6.0,4.6
rf_full,signo_zodiacal_acuario,22,0.5,0.5599999999999999,0.5718253968253968,0.4800000000000001,0.5208806329549363,0.5389999999999999,0.5836785246916826,4.8,3.6,6.4,5.2
rf_full,signo_zodiacal_acuario,23,0.5,0.5,0.4836940836940837,0.42000000000000004,0.4454002653693056,0.51,0.5552184861921704,4.2,4.2,5.8,5.8
rf_full,signo_zodiacal_acuario,24,0.5,0.4600000000000001,0.45,0.45999999999999996,0.44687744316227285,0.46399999999999997,0.5276034282195272,4.6,5.4,4.6,5.4
rf_full,signo_zodiacal_acuario,25,0.5,0.41,0.40079254079254073,0.41999999999999993,0.4048240165631469,0.40099999999999997,0.5038119582515868,4.2,6.0,4.0,5.8
rf_full,signo_zodiacal_acuario,26,0.5,0.49000000000000005,0.477979797979798,0.45999999999999996,0.4609204830257461,0.441,0.5172874831566782,4.6,4.8,5.2,5.4
rf_full,signo_zodiacal_acuario,27,0.5,0.6200000000000001,0.6456565656565656,0.58,0.5985964912280701,0.599,0.6472773604964006,5.8,3.4,6.6,4.2
rf_full,signo_zodiacal_acuario,28,0.5,0.4600000000000001,0.467020202020202,0.44000000000000006,0.4516123642439432,0.4630000000000001,0.5663647396635012,4.4,5.2,4.8,5.6
rf_full,signo_zodiacal_acuario,29,0.5,0.45,0.4505050505050505,0.43999999999999995,0.4446115288220551,0.42200000000000004,0.49077637232049,4.4,5.4,4.6,5.6
rf_full,signo_zodiacal_acuario,30,0.5,0.45999999999999996,0.4614718614718615,0.48,0.46633249791144527,0.475,0.5481177443987042,4.8,5.6,4.4,5.2
rf_full,signo_zodiacal_acuario,31,0.5,0.47000000000000003,0.4618181818181818,0.5,0.46989648033126297,0.49400000000000005,0.5430813532872356,5.0,5.6,4.4,5.0
rf_full,signo_zodiacal_acuario,32,0.5,0.41,0.3977272727272727,0.38,0.38376623376623376,0.4710000000000001,0.5328682667521677,3.8,5.6,4.4,6.2
rf_full,signo_zodiacal_acuario,33,0.5,0.49000000000000005,0.5068181818181817,0.5,0.49570494864612513,0.433,0.4838797313797313,5.0,5.2,4.8,5.0
rf_full,signo_zodiacal_acuario,34,0.5,0.47000000000000003,0.47844155844155845,0.48,0.473968253968254,0.433,0.5209162610695117,4.8,5.4,4.6,5.2
rf_full,signo_zodiacal_acuario,35,0.5,0.5700000000000001,0.5599456099456099,0.6199999999999999,0.5859520342357871,0.597,0.6431374899610194,6.2,4.8,5.2,3.8
rf_full,signo_zodiacal_acuario,36,0.5,0.39,0.3782900432900433,0.38,0.3719047619047619,0.375,0.499755855857249,3.8,6.0,4.0,6.2
rf_full,signo_zodiacal_acuario,37,0.5,0.41999999999999993,0.40344155844155843,0.4,0.39396825396825397,0.39299999999999996,0.5131230344303099,4.0,5.6,4.4,6.0
rf_full,signo_zodiacal_acuario,38,0.5,0.5,0.5023809523809524,0.54,0.5161616161616162,0.45999999999999996,0.551932818643345,5.4,5.4,4.6,4.6
rf_full,signo_zodiacal_acuario,39,0.5,0.58,0.5837229437229436,0.5999999999999999,0.5804761904761905,0.641,0.718840909090909,6.0,4.4,5.6,4.0
rf_full,signo_zodiacal_acuario,40,0.5,0.53,0.5195609945609945,0.5599999999999999,0.5352273965546276,0.516,0.564132376996928,5.6,5.0,5.0,4.4
rf_full,signo_zodiacal_acuario,41,0.5,0.41000000000000003,0.40444444444444444,0.4,0.4006698564593301,0.36499999999999994,0.4994340886152032,4.0,5.8,4.2,6.0
rf_full,signo_zodiacal_acuario,42,0.5,0.5,0.4833333333333333,0.4600000000000001,0.4667464114832535,0.41400000000000003,0.5084152724640341,4.6,4.6,5.4,5.4
rf_full,signo_zodiacal_acuario,43,0.5,0.45,0.4333333333333333,0.48,0.4470909090909091,0.418,0.5204479692993625,4.8,5.8,4.2,5.2
rf_full,signo_zodiacal_acuario,44,0.5,0.6,0.5818070818070817,0.62,0.5912976174451474,0.522,0.5454423452364628,6.2,4.2,5.8,3.8
rf_full,signo_zodiacal_acuario,45,0.5,0.45999999999999996,0.4693473193473194,0.44000000000000006,0.4421513269339356,0.45999999999999996,0.5636160244983774,4.4,5.2,4.8,5.6
rf_full,signo_zodiacal_acuario,46,0.5,0.42000000000000004,0.41515151515151516,0.36,0.37034632034632037,0.429,0.5025877441272179,3.6,5.2,4.8,6.4
rf_full,signo_zodiacal_acuario,47,0.5,0.58,0.6,0.52,0.5348612172141584,0.6839999999999999,0.7322544389734791,5.2,3.6,6.4,4.8
rf_full,signo_zodiacal_acuario,48,0.5,0.48,0.49682539682539684,0.43999999999999995,0.46049191606467155,0.556,0.6064663663649731,4.4,4.8,5.2,5.6
rf_full,signo_zodiacal_acuario,49,0.5,0.55,0.5472727272727272,0.6599999999999999,0.5960869565217392,0.546,0.6072297224619205,6.6,5.6,4.4,3.4
rf_full,signo_zodiacal_acuario,50,0.5,0.43,0.42055555555555557,0.42000000000000004,0.41814992025518344,0.462,0.5900352609207099,4.2,5.6,4.4,5.8
rf_full,signo_zodiacal_acuario,51,0.5,0.43,0.4515873015873016,0.4,0.41637426900584795,0.39299999999999996,0.4862472270591465,4.0,5.4,4.6,6.0
rf_full,signo_zodiacal_acuario,52,0.5,0.54,0.5600732600732601,0.48,0.49420326760480215,0.528,0.6138746264055862,4.8,4.0,6.0,5.2
rf_full,signo_zodiacal_acuario,53,0.5,0.54,0.5311111111111111,0.56,0.5361318447634237,0.502,0.5233233227041276,5.6,4.8,5.2,4.4
rf_full,signo_zodiacal_acuario,54,0.5,0.53,0.5222727272727272,0.54,0.5295238095238096,0.5780000000000001,0.630107520532443,5.4,4.8,5.2,4.6
rf_full,signo_zodiacal_acuario,55,0.5,0.4800000000000001,0.48863636363636365,0.43999999999999995,0.4603174603174603,0.45,0.5322569836424325,4.4,4.8,5.2,5.6
rf_full,signo_zodiacal_acuario,56,0.5,0.51,0.5066666666666666,0.5199999999999999,0.510228601807549,0.539,0.5866506914138493,5.2,5.0,5.0,4.8
rf_full,signo_zodiacal_acuario,57,0.5,0.4600000000000001,0.4603535353535354,0.44000000000000006,0.448454469507101,0.417,0.5115762854276786,4.4,5.2,4.8,5.6
rf_full,signo_zodiacal_acuario,58,0.5,0.5,0.5175,0.5199999999999999,0.50991452991453,0.5119999999999999,0.5506028518265361,5.2,5.2,4.8,4.8
rf_full,signo_zodiacal_acuario,59,0.5,0.5,0.5087301587301587,0.42000000000000004,0.45902992776057794,0.48100000000000004,0.5399415678061189,4.2,4.2,5.8,5.8
rf_full,signo_zodiacal_acuario,60,0.5,0.49000000000000005,0.5127838827838828,0.48,0.48702162287840045,0.496,0.5928749655057703,4.8,5.0,5.0,5.2
rf_full,signo_zodiacal_acuario,61,0.5,0.4800000000000001,0.4743589743589743,0.5199999999999999,0.49442083469543424,0.513,0.5962521008403361,5.2,5.6,4.4,4.8
rf_full,signo_zodiacal_acuario,62,0.5,0.43999999999999995,0.43150183150183147,0.43999999999999995,0.43041411558035597,0.425,0.52671777508697,4.4,5.6,4.4,5.6
rf_full,signo_zodiacal_acuario,63,0.5,0.53,0.5365079365079365,0.43999999999999995,0.48242174062607496,0.5309999999999999,0.5556416077902145,4.4,3.8,6.2,5.6
rf_full,signo_zodiacal_acuario,64,0.5,0.4600000000000001,0.4863553113553114,0.45999999999999996,0.4591723874904653,0.493,0.5730248625643364,4.6,5.4,4.6,5.4
rf_full,signo_zodiacal_acuario,65,0.5,0.4800000000000001,0.48857142857142855,0.4,0.43770897832817335,0.421,0.5135678704680252,4.0,4.4,5.6,6.0
rf_full,signo_zodiacal_acuario,66,0.5,0.6100000000000001,0.5949961149961149,0.6,0.5874512367876211,0.655,0.6887573994632817,6.0,3.8,6.2,4.0
rf_full,signo_zodiacal_acuario,67,0.5,0.56,0.566978021978022,0.52,0.535856777493606,0.585,0.6355699480258303,5.2,4.0,6.0,4.8
rf_full,signo_zodiacal_acuario,68,0.5,0.56,0.5498917748917749,0.48,0.5093223254213967,0.47400000000000003,0.5629161974076834,4.8,3.6,6.4,5.2
rf_full,signo_zodiacal_acuario,69,0.5,0.6100000000000001,0.5997435897435898,0.64,0.6152920509442248,0.655,0.6615058440012,6.4,4.2,5.8,3.6
rf_full,signo_zodiacal_acuario,70,0.5,0.37,0.3801282051282051,0.4,0.3863463005339436,0.33799999999999997,0.45180289524716766,4.0,6.6,3.4,6.0
rf_full,signo_zodiacal_acuario,71,0.5,0.53,0.5159090909090909,0.52,0.5108946608946608,0.465,0.51183727323588,5.2,4.6,5.4,4.8
rf_full,signo_zodiacal_acuario,72,0.5,0.6,0.6203968253968254,0.52,0.5638252493980048,0.583,0.6515781157267225,5.2,3.2,6.8,4.8
rf_full,signo_zodiacal_acuario,73,0.5,0.51,0.548034188034188,0.54,0.5246439220581097,0.571,0.5909436839390401,5.4,5.2,4.8,4.6
rf_full,signo_zodiacal_acuario,74,0.5,0.5,0.5107575757575757,0.5399999999999999,0.5171948051948052,0.485,0.5379509102009102,5.4,5.4,4.6,4.6
rf_full,signo_zodiacal_acuario,75,0.5,0.53,0.5501587301587301,0.52,0.5290299277605779,0.48200000000000004,0.527026895876741,5.2,4.6,5.4,4.8
rf_full,signo_zodiacal_acuario,76,0.5,0.45,0.4375757575757575,0.41999999999999993,0.42321789321789327,0.473,0.5529100064881798,4.2,5.2,4.8,5.8
rf_full,signo_zodiacal_acuario,77,0.5,0.6000000000000001,0.6097435897435898,0.5800000000000001,0.5736758893280631,0.668,0.6730434463197621,5.8,3.8,6.2,4.2
rf_full,signo_zodiacal_acuario,78,0.5,0.45999999999999996,0.4632167832167832,0.52,0.4886768304159609,0.44099999999999995,0.5288529428088251,5.2,6.0,4.0,4.8
rf_full,signo_zodiacal_acuario,79,0.5,0.49000000000000005,0.4875757575757576,0.5599999999999999,0.5191774891774892,0.42200000000000004,0.4980093538212733,5.6,5.8,4.2,4.4
rf_full,signo_zodiacal_acuario,80,0.5,0.5900000000000001,0.5983766233766235,0.6,0.5920634920634921,0.533,0.5361773853081901,6.0,4.2,5.8,4.0
rf_full,signo_zodiacal_acuario,81,0.5,0.55,0.5446789321789322,0.58,0.551656290046383,0.547,0.6305825738588895,5.8,4.8,5.2,4.2
rf_full,signo_zodiacal_acuario,82,0.5,0.47000000000000003,0.47474747474747475,0.52,0.4948735475051264,0.491,0.5524567740481053,5.2,5.8,4.2,4.8
rf_full,signo_zodiacal_acuario,83,0.5,0.6200000000000001,0.6238827838827838,0.64,0.6248407347128575,0.6399999999999999,0.6630689294365765,6.4,4.0,6.0,3.6
rf_full,signo_zodiacal_acuario,84,0.5,0.47000000000000003,0.44000000000000006,0.54,0.4755011655011655,0.45600000000000007,0.5211398960516608,5.4,6.0,4.0,4.6
rf_full,signo_zodiacal_acuario,85,0.5,0.45,0.43888888888888894,0.42000000000000004,0.42706766917293226,0.418,0.4842299655109252,4.2,5.2,4.8,5.8
rf_full,signo_zodiacal_acuario,86,0.5,0.61,0.6192640692640692,0.5199999999999999,0.5590888987173817,0.624,0.6458665582783231,5.2,3.0,7.0,4.8
rf_full,signo_zodiacal_acuario,87,0.5,0.55,0.5478943278943279,0.58,0.5612880026152338,0.553,0.6113987570736796,5.8,4.8,5.2,4.2
rf_full,signo_zodiacal_acuario,88,0.5,0.55,0.5438131313131314,0.58,0.5521624574256153,0.631,0.6773017778575054,5.8,4.8,5.2,4.2
rf_full,signo_zodiacal_acuario,89,0.5,0.5399999999999999,0.5321212121212121,0.5599999999999999,0.5381587301587303,0.534,0.6004614366541611,5.6,4.8,5.2,4.4
rf_full,signo_zodiacal_acuario,90,0.5,0.53,0.49833333333333335,0.4800000000000001,0.48323232323232324,0.5109999999999999,0.5519688346569153,4.8,4.2,5.8,5.2
rf_full,signo_zodiacal_acuario,91,0.5,0.4600000000000001,0.4660606060606061,0.58,0.5143809523809524,0.422,0.5198718605955448,5.8,6.6,3.4,4.2
rf_full,signo_zodiacal_acuario,92,0.5,0.44000000000000006,0.4011965811965812,0.38,0.3776492614936551,0.47800000000000004,0.5496056145436949,3.8,5.0,5.0,6.2
rf_full,signo_zodiacal_acuario,93,0.5,0.41,0.4016955266955267,0.4,0.3951791242812914,0.396,0.5017359121786366,4.0,5.8,4.2,6.0
rf_full,signo_zodiacal_acuario,94,0.5,0.45,0.4307575757575758,0.38,0.39984126984126983,0.42799999999999994,0.5424827215268392,3.8,4.8,5.2,6.2
rf_full,signo_zodiacal_acuario,95,0.5,0.44000000000000006,0.438974358974359,0.4600000000000001,0.44750572082379864,0.369,0.475463258963259,4.6,5.8,4.2,5.4
rf_full,signo_zodiacal_acuario,96,0.5,0.47000000000000003,0.45446220446220453,0.5,0.47233644445920664,0.43199999999999994,0.5048920534230132,5.0,5.6,4.4,5.0
rf_full,signo_zodiacal_acuario,97,0.5,0.47000000000000003,0.46571428571428575,0.42000000000000004,0.43947712418300655,0.511,0.5381947933387561,4.2,4.8,5.2,5.8
rf_full,signo_zodiacal_acuario,98,0.5,0.48999999999999994,0.4854895104895105,0.54,0.5086768304159609,0.509,0.5988050744405233,5.4,5.6,4.4,4.6
rf_full,signo_zodiacal_acuario,99,0.5,0.53,0.5253968253968253,0.5,0.4976874003189792,0.5269999999999999,0.5802924183659478,5.0,4.4,5.6,5.0
rf_full,signo_zodiacal_acuario,100,0.5,0.6,0.5967171717171718,0.6,0.5951621477937268,0.639,0.6876569253759657,6.0,4.0,6.0,4.0
rf_full,signo_zodiacal_acuario,101,0.5,0.44000000000000006,0.42666666666666664,0.4,0.41,0.38100000000000006,0.5126649715093987,4.0,5.2,4.8,6.0
rf_full,signo_zodiacal_acuario,102,0.5,0.53,0.5278943278943279,0.5799999999999998,0.5468435581707893,0.573,0.6174583261595645,5.8,5.2,4.8,4.2
rf_full,signo_zodiacal_acuario,103,0.5,0.39,0.3921717171717171,0.38,0.3781203007518797,0.377,0.4995884795459099,3.8,6.0,4.0,6.2
rf_full,signo_zodiacal_acuario,104,0.5,0.4600000000000001,0.4483682983682984,0.5199999999999999,0.47447769621682667,0.46799999999999997,0.5358877146245566,5.2,6.0,4.0,4.8
rf_full,signo_zodiacal_acuario,105,0.5,0.61,0.5997868797868798,0.6400000000000001,0.612988341581692,0.6799999999999999,0.7277709851208303,6.4,4.2,5.8,3.6
rf_full,signo_zodiacal_acuario,106,0.5,0.45,0.4216666666666667,0.36,0.3795238095238095,0.438,0.5067137486696309,3.6,4.6,5.4,6.4
rf_full,signo_zodiacal_acuario,107,0.5,0.5,0.48777777777777775,0.44000000000000006,0.4547581073896863,0.522,0.6011470871749509,4.4,4.4,5.6,5.6
rf_full,signo_zodiacal_acuario,108,0.5,0.5,0.4886324786324786,0.5399999999999999,0.5106136883711254,0.5640000000000001,0.6074595949286351,5.4,5.4,4.6,4.6
rf_full,signo_zodiacal_acuario,109,0.5,0.42000000000000004,0.42614607614607614,0.45999999999999996,0.4398684458181026,0.41100000000000003,0.5023679108988707,4.6,6.2,3.8,5.4
rf_full,signo_zodiacal_acuario,110,0.5,0.4,0.3568181818181818,0.34,0.3412698412698413,0.4,0.4656749637531371,3.4,5.4,4.6,6.6
rf_full,signo_zodiacal_acuario,111,0.5,0.4800000000000001,0.4792424242424242,0.44000000000000006,0.457109440267335,0.441,0.5217412973163748,4.4,4.8,5.2,5.6
rf_full,signo_zodiacal_acuario,112,0.5,0.5800000000000001,0.5949938949938949,0.5599999999999999,0.570965136626733,0.6,0.6442948348521105,5.6,4.0,6.0,4.4
rf_full,signo_zodiacal_acuario,113,0.5,0.5700000000000001,0.5733065953654188,0.6599999999999999,0.6017126148705096,0.579,0.6203776295084344,6.6,5.2,4.8,3.4
rf_full,signo_zodiacal_acuario,114,0.5,0.53,0.5428571428571428,0.5,0.5166445525578652,0.472,0.535392837296862,5.0,4.4,5.6,5.0
rf_full,signo_zodiacal_acuario,115,0.5,0.5,0.46571428571428575,0.42000000000000004,0.43725490196078426,0.515,0.5501439389643724,4.2,4.2,5.8,5.8
rf_full,signo_zodiacal_acuario,116,0.5,0.55,0.5611111111111111,0.54,0.5481203007518797,0.5890000000000001,0.6494759319627741,5.4,4.4,5.6,4.6
rf_full,signo_zodiacal_acuario,117,0.5,0.53,0.5267399267399266,0.5599999999999999,0.5368249733844026,0.466,0.5350271226022,5.6,5.0,5.0,4.4
rf_full,signo_zodiacal_acuario,118,0.5,0.44000000000000006,0.4226190476190476,0.36000000000000004,0.3830331175532414,0.42400000000000004,0.5138467823026647,3.6,4.8,5.2,6.4
rf_full,signo_zodiacal_acuario,119,0.5,0.55,0.5376623376623376,0.66,0.5865079365079365,0.579,0.6273435520447903,6.6,5.6,4.4,3.4
rf_full,signo_zodiacal_acuario,120,0.5,0.44000000000000006,0.4320202020202021,0.42000000000000004,0.4249456975772765,0.39,0.4835082609169296,4.2,5.4,4.6,5.8
rf_full,signo_zodiacal_acuario,121,0.5,0.51,0.5198412698412698,0.42000000000000004,0.4526959109002452,0.5269999999999999,0.5620379964892348,4.2,4.0,6.0,5.8
rf_full,signo_zodiacal_acuario,122,0.5,0.55,0.5341880341880343,0.5599999999999999,0.5373760488176964,0.5730000000000001,0.6142649649971631,5.6,4.6,5.4,4.4
rf_full,signo_zodiacal_acuario,123,0.5,0.38,0.3217748917748918,0.32,0.31768780239368477,0.396,0.4989813432181854,3.2,5.6,4.4,6.8
rf_full,signo_zodiacal_acuario,124,0.5,0.55,0.5542589763177999,0.58,0.5528478057889822,0.593,0.6255423932792354,5.8,4.8,5.2,4.2
rf_full,signo_zodiacal_acuario,125,0.5,0.37,0.3606060606060606,0.33999999999999997,0.3464912280701754,0.326,0.4894189446604306,3.4,6.0,4.0,6.6
rf_full,signo_zodiacal_acuario,126,0.5,0.51,0.5251923076923076,0.5800000000000001,0.5367041653998175,0.5010000000000001,0.5540876127656313,5.8,5.6,4.4,4.2
rf_full,signo_zodiacal_acuario,127,0.5,0.51,0.5096703296703297,0.52,0.5064847968172776,0.526,0.538117824985472,5.2,5.0,5.0,4.8
rf_full,signo_zodiacal_acuario,128,0.5,0.53,0.5276923076923077,0.52,0.5195169082125604,0.517,0.5477661561864348,5.2,4.6,5.4,4.8
rf_full,signo_zodiacal_acuario,129,0.5,0.39,0.3483682983682984,0.38,0.36033628207541246,0.325,0.4343969029766243,3.8,6.0,4.0,6.2
rf_full,signo_zodiacal_acuario,130,0.5,0.43999999999999995,0.45025252525252524,0.44000000000000006,0.4429406850459482,0.41100000000000003,0.5150779241398437,4.4,5.6,4.4,5.6
rf_full,signo_zodiacal_acuario,131,0.5,0.44000000000000006,0.4309523809523809,0.48,0.4449197860962567,0.42699999999999994,0.4846060447120819,4.8,6.0,4.0,5.2
rf_full,signo_zodiacal_acuario,132,0.5,0.41,0.3871428571428571,0.44000000000000006,0.39949732620320855,0.41100000000000003,0.5027871387298631,4.4,6.2,3.8,5.6
rf_full,signo_zodiacal_acuario,133,0.5,0.64,0.662995337995338,0.6599999999999999,0.6459454796411318,0.659,0.6776483871305852,6.6,3.8,6.2,3.4
rf_full,signo_zodiacal_acuario,134,0.5,0.53,0.5136507936507936,0.4800000000000001,0.49084154235857025,0.538,0.5846577670695317,4.8,4.2,5.8,5.2
rf_full,signo_zodiacal_acuario,135,0.5,0.47000000000000003,0.44000000000000006,0.36,0.3939181286549708,0.45199999999999996,0.5356661486088731,3.6,4.2,5.8,6.4
rf_full,signo_zodiacal_acuario,136,0.5,0.47000000000000003,0.4723076923076923,0.48,0.4712165129556434,0.466,0.5463613166159604,4.8,5.4,4.6,5.2
rf_full,signo_zodiacal_acuario,137,0.5,0.5,0.4979797979797979,0.54,0.5171109592162224,0.533,0.5797828800886076,5.4,5.4,4.6,4.6
rf_full,signo_zodiacal_acuario,138,0.5,0.63,0.6061938061938061,0.7200000000000001,0.6557971014492753,0.656,0.7009865118541588,7.2,4.6,5.4,2.8
rf_full,signo_zodiacal_acuario,139,0.5,0.4699999999999999,0.4726948051948052,0.6,0.5253546453546453,0.472,0.5546648727089903,6.0,6.6,3.4,4.0
rf_full,signo_zodiacal_acuario,140,0.5,0.39999999999999997,0.39794871794871794,0.4600000000000001,0.42404918752744847,0.354,0.4637092115830506,4.6,6.6,3.4,5.4
rf_full,signo_zodiacal_acuario,141,0.5,0.54,0.5422222222222223,0.5,0.5194152046783626,0.567,0.5882603938029634,5.0,4.2,5.8,5.0
rf_full,signo_zodiacal_acuario,142,0.5,0.54,0.538888888888889,0.58,0.5559808612440191,0.54,0.6084626006947988,5.8,5.0,5.0,4.2
rf_full,signo_zodiacal_acuario,143,0.5,0.48,0.4714285714285714,0.44000000000000006,0.4507002801120448,0.483,0.5353703333130577,4.4,4.8,5.2,5.6
rf_full,signo_zodiacal_acuario,144,0.5,0.53,0.5277777777777778,0.54,0.5325358851674641,0.4959999999999999,0.5608283018151439,5.4,4.8,5.2,4.6
rf_full,signo_zodiacal_acuario,145,0.5,0.5800000000000001,0.5933766233766233,0.5199999999999999,0.5506255835667601,0.5589999999999999,0.6158233145423548,5.2,3.6,6.4,4.8
rf_full,signo_zodiacal_acuario,146,0.5,0.53,0.5303607503607503,0.47999999999999987,0.5011312595213524,0.512,0.5668896007673097,4.8,4.2,5.8,5.2
rf_full,signo_zodiacal_acuario,147,0.5,0.49000000000000005,0.482051282051282,0.6,0.5297130786833304,0.446,0.5216329303651286,6.0,6.2,3.8,4.0
rf_full,signo_zodiacal_acuario,148,0.5,0.47000000000000003,0.47494949494949495,0.45999999999999996,0.46671679197994986,0.518,0.6227763825441843,4.6,5.2,4.8,5.4
rf_full,signo_zodiacal_acuario,149,0.5,0.45,0.46501831501831503,0.5,0.4747696374160232,0.43499999999999994,0.5285129233511586,5.0,6.0,4.0,5.0
rf_full,signo_zodiacal_acuario,150,0.5,0.51,0.4952797202797202,0.5599999999999999,0.522755505364201,0.479,0.528460058517334,5.6,5.4,4.6,4.4
rf_full,signo_zodiacal_acuario,151,0.5,0.49000000000000005,0.48571428571428577,0.45999999999999996,0.46856803327391566,0.538,0.5845471550293532,4.6,4.8,5.2,5.4
rf_full,signo_zodiacal_acuario,152,0.5,0.55,0.5561111111111111,0.44000000000000006,0.486374269005848,0.55,0.6070731409113762,4.4,3.4,6.6,5.6
rf_full,signo_zodiacal_acuario,153,0.5,0.54,0.5135822510822511,0.58,0.5350153114858998,0.5740000000000001,0.5968586409290743,5.8,5.0,5.0,4.2
rf_full,signo_zodiacal_acuario,154,0.5,0.5700000000000001,0.5557936507936508,0.54,0.5384795321637427,0.584,0.6191148383779963,5.4,4.0,6.0,4.6
rf_full,signo_zodiacal_acuario,155,0.5,0.5399999999999999,0.563034188034188,0.48,0.5116641240783117,0.536,0.5652262320582754,4.8,4.0,6.0,5.2
rf_full,signo_zodiacal_acuario,156,0.5,0.39,0.3838383838383838,0.38,0.379433432065011,0.409,0.5127688155497754,3.8,6.0,4.0,6.2
rf_full,signo_zodiacal_acuario,157,0.5,0.54,0.5409090909090909,0.54,0.5377155008733956,0.5479999999999999,0.5963228880682441,5.4,4.6,5.4,4.6
rf_full,signo_zodiacal_acuario,158,0.5,0.38000000000000006,0.38064102564102564,0.4,0.38689966021773803,0.309,0.43925191578287553,4.0,6.4,3.6,6.0
rf_full,signo_zodiacal_acuario,159,0.5,0.47000000000000003,0.4802564102564103,0.52,0.49584541062801935,0.558,0.5926986048866854,5.2,5.8,4.2,4.8
rf_full,signo_zodiacal_acuario,160,0.5,0.47000000000000003,0.47008991008991013,0.43999999999999995,0.4444385580319084,0.38499999999999995,0.5013934331921948,4.4,5.0,5.0,5.6
rf_full,signo_zodiacal_acuario,161,0.5,0.43,0.4188888888888889,0.36,0.38011961722488036,0.43199999999999994,0.5101832709773887,3.6,5.0,5.0,6.4
rf_full,signo_zodiacal_acuario,162,0.5,0.47000000000000003,0.475,0.42000000000000004,0.4401780967570441,0.466,0.5539092300887966,4.2,4.8,5.2,5.8
rf_full,signo_zodiacal_acuario,163,0.5,0.41000000000000003,0.408923853923854,0.41999999999999993,0.41141549525988885,0.348,0.45841005709117155,4.2,6.0,4.0,5.8
rf_full,signo_zodiacal_acuario,164,0.5,0.54,0.5278354978354979,0.54,0.5302419149477973,0.493,0.569079063952903,5.4,4.6,5.4,4.6
rf_full,signo_zodiacal_acuario,165,0.5,0.5,0.4866666666666667,0.54,0.5003397129186602,0.45999999999999996,0.5300692538455696,5.4,5.4,4.6,4.6
rf_full,signo_zodiacal_acuario,166,0.5,0.5399999999999999,0.5253246753246753,0.5399999999999999,0.5292187688472518,0.52,0.5623271183580781,5.4,4.6,5.4,4.6
rf_full,signo_zodiacal_acuario,167,0.5,0.4600000000000001,0.4515151515151515,0.48,0.4639781271360219,0.518,0.5840851093351093,4.8,5.6,4.4,5.2
rf_full,signo_zodiacal_acuario,168,0.5,0.55,0.5742424242424242,0.52,0.5417027417027416,0.513,0.585420986478262,5.2,4.2,5.8,4.8
rf_full,signo_zodiacal_acuario,169,0.5,0.47000000000000003,0.4759018759018758,0.43999999999999995,0.4524984475448871,0.4919999999999999,0.5886727824978599,4.4,5.0,5.0,5.6
rf_full,signo_zodiacal_acuario,170,0.5,0.45,0.4588578088578088,0.54,0.49484283832109927,0.41600000000000004,0.5166563179682375,5.4,6.4,3.6,4.6
rf_full,signo_zodiacal_acuario,171,0.5,0.51,0.5256410256410255,0.4999999999999999,0.5043478260869565,0.507,0.5815678569796217,5.0,4.8,5.2,5.0
rf_full,signo_zodiacal_acuario,172,0.5,0.5200000000000001,0.5189957264957266,0.68,0.5832029572258406,0.4700000000000001,0.5336356964329101,6.8,6.4,3.6,3.2
rf_full,signo_zodiacal_acuario,173,0.5,0.5599999999999999,0.5680952380952381,0.58,0.5539503633621281,0.542,0.6338514382074754,5.8,4.6,5.4,4.2
rf_full,signo_zodiacal_acuario,174,0.5,0.49000000000000005,0.4909090909090909,0.45999999999999996,0.473015873015873,0.49399999999999994,0.5977059331277597,4.6,4.8,5.2,5.4
rf_full,signo_zodiacal_acuario,175,0.5,0.5,0.49111111111111105,0.48,0.47357233663869813,0.5109999999999999,0.551939125202283,4.8,4.8,5.2,5.2
rf_full,signo_zodiacal_acuario,176,0.5,0.44000000000000006,0.4317460317460317,0.4,0.40626934984520124,0.369,0.48167895322771487,4.0,5.2,4.8,6.0
rf_full,signo_zodiacal_acuario,177,0.5,0.5700000000000001,0.5590476190476191,0.5800000000000001,0.5651336898395722,0.614,0.661466562247522,5.8,4.4,5.6,4.2
rf_full,signo_zodiacal_acuario,178,0.5,0.4699999999999999,0.49786324786324787,0.38,0.4124305328538738,0.4789999999999999,0.5415280371503282,3.8,4.4,5.6,6.2
rf_full,signo_zodiacal_acuario,179,0.5,0.43,0.4047186147186147,0.38,0.3829029793735676,0.387,0.5360065378378072,3.8,5.2,4.8,6.2
rf_full,signo_zodiacal_acuario,180,0.5,0.48999999999999994,0.4841991341991342,0.5,0.4883371530430353,0.488,0.5563838177646228,5.0,5.2,4.8,5.0
rf_full,signo_zodiacal_acuario,181,0.5,0.5,0.502020202020202,0.48,0.4873699400015189,0.477,0.5141706261574683,4.8,4.8,5.2,5.2
rf_full,signo_zodiacal_acuario,182,0.5,0.52,0.5168253968253967,0.48,0.49383119116865243,0.465,0.5150024703538636,4.8,4.4,5.6,5.2
rf_full,signo_zodiacal_acuario,183,0.5,0.45999999999999996,0.46333333333333326,0.44000000000000006,0.44388888888888883,0.48200000000000004,0.5577859193609968,4.4,5.2,4.8,5.6
rf_full,signo_zodiacal_acuario,184,0.5,0.5,0.4979797979797979,0.54,0.5171109592162223,0.523,0.5998913939517655,5.4,5.4,4.6,4.6
rf_full,signo_zodiacal_acuario,185,0.5,0.54,0.5414102564102564,0.5199999999999999,0.5122415458937197,0.5189999999999999,0.5760256230697408,5.2,4.4,5.6,4.8
rf_full,signo_zodiacal_acuario,186,0.5,0.55,0.5624242424242424,0.44000000000000006,0.4844903926482873,0.583,0.6071680031354953,4.4,3.4,6.6,5.6
rf_full,signo_zodiacal_acuario,187,0.5,0.42000000000000004,0.41484848484848486,0.44000000000000006,0.42574314574314576,0.41000000000000003,0.4775152424974406,4.4,6.0,4.0,5.6
rf_full,signo_zodiacal_acuario,188,0.5,0.39999999999999997,0.3805905205905206,0.43999999999999995,0.4017488285932222,0.41200000000000003,0.5167770589403716,4.4,6.4,3.6,5.6
rf_full,signo_zodiacal_acuario,189,0.5,0.5700000000000001,0.5952380952380951,0.42000000000000004,0.48955108359133126,0.5589999999999999,0.5877030181720585,4.2,2.8,7.2,5.8
rf_full,signo_zodiacal_acuario,190,0.5,0.44000000000000006,0.40928571428571425,0.34,0.3696732026143791,0.471,0.5210189707952866,3.4,4.6,5.4,6.6
rf_full,signo_zodiacal_acuario,191,0.5,0.6,0.6584498834498834,0.5800000000000001,0.5886943973900496,0.649,0.6750893991629285,5.8,3.8,6.2,4.2
rf_full,signo_zodiacal_acuario,192,0.5,0.53,0.5746886446886447,0.54,0.5426811594202898,0.5509999999999999,0.6260356936664986,5.4,4.8,5.2,4.6
rf_full,signo_zodiacal_acuario,193,0.5,0.44000000000000006,0.4350505050505051,0.43999999999999995,0.4357682083997873,0.453,0.5177355875119033,4.4,5.6,4.4,5.6
rf_full,signo_zodiacal_acuario,194,0.5,0.45999999999999996,0.41521367521367514,0.45999999999999996,0.42964149504195265,0.42400000000000004,0.49828887005667194,4.6,5.4,4.6,5.4
rf_full,signo_zodiacal_acuario,195,0.5,0.54,0.5173626373626374,0.58,0.5397186700767264,0.55,0.6098337763028165,5.8,5.0,5.0,4.2
rf_full,signo_zodiacal_acuario,196,0.5,0.48,0.4737373737373737,0.4600000000000001,0.4648287385129491,0.533,0.5765150215281795,4.6,5.0,5.0,5.4
rf_full,signo_zodiacal_acuario,197,0.5,0.66,0.6857875457875457,0.6399999999999999,0.6555471799703863,0.676,0.7004228228771573,6.4,3.2,6.8,3.6
rf_full,signo_zodiacal_acuario,198,0.5,0.41000000000000003,0.3978632478632479,0.38,0.38504958047292137,0.414,0.5000737540753021,3.8,5.6,4.4,6.2
rf_full,signo_zodiacal_acuario,199,0.5,0.45,0.43575757575757573,0.36,0.38899159663865546,0.42300000000000004,0.48289762911666945,3.6,4.6,5.4,6.4
rf_full,signo_zodiacal_acuario,200,0.5,0.52,0.5197002997002997,0.5,0.49404767440573066,0.538,0.5924286732359487,5.0,4.6,5.4,5.0
rf_full,signo_zodiacal_acuario,201,0.5,0.47000000000000003,0.4763986013986014,0.5,0.483811637129715,0.465,0.5279497800101515,5.0,5.6,4.4,5.0
rf_full,signo_zodiacal_acuario,202,0.5,0.47000000000000003,0.47594627594627587,0.5199999999999999,0.49001476604787947,0.42300000000000004,0.5341098572909718,5.2,5.8,4.2,4.8
rf_full,signo_zodiacal_acuario,203,0.5,0.5,0.5072727272727272,0.5,0.48999999999999994,0.46299999999999997,0.5335080475080474,5.0,5.0,5.0,5.0
rf_full,signo_zodiacal_acuario,204,0.5,0.4,0.40939393939393937,0.41999999999999993,0.4134153565732513,0.4,0.5122734481720549,4.2,6.2,3.8,5.8
rf_full,signo_zodiacal_acuario,205,0.5,0.56,0.5564102564102563,0.7000000000000001,0.6146101038549551,0.545,0.5483776403335228,7.0,5.8,4.2,3.0
rf_full,signo_zodiacal_acuario,206,0.5,0.4,0.42174688057041,0.48,0.4367123617123617,0.378,0.5046075148621588,4.8,6.8,3.2,5.2
rf_full,signo_zodiacal_acuario,207,0.5,0.42000000000000004,0.35757575757575755,0.27999999999999997,0.29548784548784546,0.409,0.4944836840146437,2.8,4.4,5.6,7.2
rf_full,signo_zodiacal_acuario,208,0.5,0.53,0.5428571428571429,0.5,0.5156268568033273,0.6100000000000001,0.6391993513022924,5.0,4.4,5.6,5.0
rf_full,signo_zodiacal_acuario,209,0.5,0.51,0.5037795537795537,0.5399999999999999,0.5164945029395158,0.5399999999999998,0.564613587994393,5.4,5.2,4.8,4.6
rf_full,signo_zodiacal_acuario,210,0.5,0.4800000000000001,0.48321678321678324,0.54,0.5086768304159609,0.5269999999999999,0.5920029527575967,5.4,5.8,4.2,4.6
rf_full,signo_zodiacal_acuario,211,0.5,0.5900000000000001,0.5813131313131313,0.62,0.5975393028024607,0.628,0.6290944976076556,6.2,4.4,5.6,3.8
rf_full,signo_zodiacal_acuario,212,0.5,0.5599999999999999,0.5754545454545454,0.6000000000000001,0.5796940836940837,0.5740000000000001,0.6407761503202679,6.0,4.8,5.2,4.0
rf_full,signo_zodiacal_acuario,213,0.5,0.61,0.6427777777777778,0.54,0.5813742690058479,0.604,0.6580527213584488,5.4,3.2,6.8,4.6
rf_full,signo_zodiacal_acuario,214,0.5,0.6,0.5986324786324786,0.6,0.5953877447241291,0.613,0.6422860260654379,6.0,4.0,6.0,4.0
rf_full,signo_zodiacal_acuario,215,0.5,0.4800000000000001,0.5031746031746032,0.38,0.41211543874082573,0.514,0.5994841357472936,3.8,4.2,5.8,6.2
rf_full,signo_zodiacal_acuario,216,0.5,0.5,0.4955710955710956,0.6,0.5425183512140034,0.483,0.5399420297624633,6.0,6.0,4.0,4.0
rf_full,signo_zodiacal_acuario,217,0.5,0.4,0.4093506493506493,0.45999999999999996,0.4314285714285714,0.39699999999999996,0.4795201759025288,4.6,6.6,3.4,5.4
rf_full,signo_zodiacal_acuario,218,0.5,0.47000000000000003,0.4523809523809524,0.4800000000000001,0.4493839493839493,0.43200000000000005,0.49393294820075007,4.8,5.4,4.6,5.2
rf_full,signo_zodiacal_acuario,219,0.5,0.52,0.5167832167832167,0.64,0.5686255773212294,0.563,0.5983612194479067,6.4,6.0,4.0,3.6
rf_full,signo_zodiacal_acuario,220,0.5,0.54,0.54004329004329,0.54,0.5356760886172651,0.5690000000000001,0.6671860818919642,5.4,4.6,5.4,4.6
rf_full,signo_zodiacal_acuario,221,0.5,0.6,0.5915306915306915,0.6599999999999999,0.6218074831347142,0.631,0.6750907399274272,6.6,4.6,5.4,3.4
rf_full,signo_zodiacal_acuario,222,0.5,0.55,0.5565934065934066,0.4800000000000001,0.5051321398124468,0.5700000000000001,0.609654298316063,4.8,3.8,6.2,5.2
rf_full,signo_zodiacal_acuario,223,0.5,0.62,0.6310023310023309,0.6599999999999999,0.631832298136646,0.582,0.6071613751745331,6.6,4.2,5.8,3.4
rf_full,signo_zodiacal_acuario,224,0.5,0.5000000000000001,0.49483516483516476,0.44000000000000006,0.45713128729752767,0.54,0.5780037703094978,4.4,4.4,5.6,5.6
rf_full,signo_zodiacal_acuario,225,0.5,0.5700000000000001,0.5898773448773449,0.52,0.5492594230674726,0.5519999999999999,0.596240231990232,5.2,3.8,6.2,4.8
rf_full,signo_zodiacal_acuario,226,0.5,0.48,0.49161616161616156,0.44000000000000006,0.4626232247284879,0.512,0.5550135754338541,4.4,4.8,5.2,5.6
rf_full,signo_zodiacal_acuario,227,0.5,0.6,0.6290909090909091,0.52,0.5636974789915967,0.546,0.6334907694644537,5.2,3.2,6.8,4.8
rf_full,signo_zodiacal_acuario,228,0.5,0.4800000000000001,0.4718253968253968,0.4,0.43140694874441,0.44000000000000006,0.5316409075101026,4.0,4.4,5.6,6.0
rf_full,signo_zodiacal_acuario,229,0.5,0.55,0.5731135531135532,0.5,0.525919370036344,0.592,0.6707189544201928,5.0,4.0,6.0,5.0
rf_full,signo_zodiacal_acuario,230,0.5,0.42000000000000004,0.4326806526806527,0.4600000000000001,0.4428583976410064,0.40199999999999997,0.4906464391301853,4.6,6.2,3.8,5.4
rf_full,signo_zodiacal_acuario,231,0.5,0.54,0.533986013986014,0.58,0.5523483280005019,0.58,0.6113990988371792,5.8,5.0,5.0,4.2
rf_full,signo_zodiacal_acuario,232,0.5,0.5,0.5333333333333333,0.42000000000000004,0.4504201680672269,0.43900000000000006,0.5229400344237806,4.2,4.2,5.8,5.8
rf_full,signo_zodiacal_acuario,233,0.5,0.53,0.5226923076923077,0.54,0.5284057971014493,0.5820000000000001,0.6165874011609306,5.4,4.8,5.2,4.6
rf_full,signo_zodiacal_acuario,234,0.5,0.53,0.538888888888889,0.54,0.5366902103744209,0.516,0.576123348271955,5.4,4.8,5.2,4.6
rf_full,signo_zodiacal_acuario,235,0.5,0.53,0.5361111111111111,0.52,0.5254651780967571,0.52,0.5239172489876824,5.2,4.6,5.4,4.8
rf_full,signo_zodiacal_acuario,236,0.5,0.54,0.54,0.48,0.5066666666666666,0.476,0.5478497079116275,4.8,4.0,6.0,5.2
rf_full,signo_zodiacal_acuario,237,0.5,0.54,0.5352869352869354,0.5,0.4840071192473938,0.5630000000000001,0.5819907037407037,5.0,4.2,5.8,5.0
rf_full,signo_zodiacal_acuario,238,0.5,0.42000000000000004,0.4116161616161616,0.34,0.36873433583959897,0.47300000000000003,0.5278199100521082,3.4,5.0,5.0,6.6
rf_full,signo_zodiacal_acuario,239,0.5,0.5,0.49662337662337663,0.42000000000000004,0.45053221288515405,0.554,0.5740884470706452,4.2,4.2,5.8,5.8
rf_full,signo_zodiacal_acuario,240,0.5,0.48,0.47777777777777775,0.43999999999999995,0.4552897395002658,0.46699999999999997,0.4997602376983181,4.4,4.8,5.2,5.6
rf_full,signo_zodiacal_acuario,241,0.5,0.4,0.37662337662337664,0.32,0.3436041083099906,0.40800000000000003,0.5288233624820312,3.2,5.2,4.8,6.8
rf_full,signo_zodiacal_acuario,242,0.5,0.5799999999999998,0.5795804195804196,0.6200000000000001,0.5976811594202898,0.542,0.577774936449859,6.2,4.6,5.4,3.8
rf_full,signo_zodiacal_acuario,243,0.5,0.5199999999999999,0.5083694083694084,0.5199999999999999,0.5044486215538847,0.525,0.5930841477064387,5.2,4.8,5.2,4.8
rf_full,signo_zodiacal_acuario,244,0.5,0.43,0.4177272727272728,0.43999999999999995,0.4275036075036075,0.41999999999999993,0.5206514133441378,4.4,5.8,4.2,5.6
rf_full,signo_zodiacal_acuario,245,0.5,0.47000000000000003,0.46763736263736266,0.4600000000000001,0.4450661245546156,0.44800000000000006,0.5254228359359938,4.6,5.2,4.8,5.4
rf_full,signo_zodiacal_acuario,246,0.5,0.49000000000000005,0.4814718614718615,0.54,0.501964858670741,0.45999999999999996,0.5470908644159419,5.4,5.6,4.4,4.6
rf_full,signo_zodiacal_acuario,247,0.5,0.51,0.5076923076923077,0.6,0.5458058849363198,0.507,0.5781842514210935,6.0,5.8,4.2,4.0
rf_full,signo_zodiacal_acuario,248,0.5,0.6,0.6098412698412699,0.5599999999999999,0.5789342339806736,0.586,0.6107973219590866,5.6,3.6,6.4,4.4
rf_full,signo_zodiacal_acuario,249,0.5,0.62,0.6406349206349207,0.58,0.5932260061919504,0.658,0.7238091820460242,5.8,3.4,6.6,4.2
rf_full,signo_zodiacal_acuario,250,0.5,0.39,0.37090909090909097,0.36,0.36059163059163063,0.42800000000000005,0.5065633826957356,3.6,5.8,4.2,6.4
rf_full,signo_zodiacal_acuario,251,0.5,0.57,0.5743589743589743,0.54,0.5521484871599288,0.5740000000000001,0.6371520146520147,5.4,4.0,6.0,4.6
rf_full,signo_zodiacal_acuario,252,0.5,0.49000000000000005,0.5068614718614718,0.52,0.5033759443171208,0.45600000000000007,0.5302197132932427,5.2,5.4,4.6,4.8
rf_full,signo_zodiacal_acuario,253,0.5,0.51,0.5142857142857142,0.5,0.4979823813583405,0.5549999999999999,0.6288309360058586,5.0,4.8,5.2,5.0
rf_full,signo_zodiacal_acuario,254,0.5,0.45,0.44071428571428567,0.41999999999999993,0.42634581105169345,0.454,0.5243650418209241,4.2,5.2,4.8,5.8
rf_full,signo_zodiacal_acuario,255,0.5,0.52,0.5333333333333333,0.48,0.49595959595959593,0.563,0.6087639278506151,4.8,4.4,5.6,5.2
rf_full,signo_zodiacal_acuario,256,0.5,0.51,0.5399145299145299,0.48,0.49241430321521856,0.515,0.5454674388219279,4.8,4.6,5.4,5.2
rf_full,signo_zodiacal_acuario,257,0.5,0.47000000000000003,0.46602564102564104,0.44000000000000006,0.44805491990846685,0.499,0.5528375584683635,4.4,5.0,5.0,5.6
rf_full,signo_zodiacal_acuario,258,0.5,0.5199999999999999,0.5314108114108114,0.52,0.520623040978405,0.571,0.6638556151450887,5.2,4.8,5.2,4.8
rf_full,signo_zodiacal_acuario,259,0.5,0.47000000000000003,0.469047619047619,0.4800000000000001,0.4710211357270181,0.49000000000000005,0.5836842518506605,4.8,5.4,4.6,5.2
rf_full,signo_zodiacal_acuario,260,0.5,0.44000000000000006,0.42603174603174593,0.36,0.3862693498452012,0.445,0.5236561222575155,3.6,4.8,5.2,6.4
rf_full,signo_zodiacal_acuario,261,0.5,0.51,0.49616161616161614,0.48,0.4804010025062656,0.5349999999999999,0.5815411043205161,4.8,4.6,5.4,5.2
rf_full,signo_zodiacal_acuario,262,0.5,0.53,0.5167735042735042,0.6399999999999999,0.5661503256468932,0.503,0.540592444535169,6.4,5.8,4.2,3.6
rf_full,signo_zodiacal_acuario,263,0.5,0.41,0.4207142857142857,0.52,0.45933333333333337,0.378,0.47665045815897206,5.2,7.0,3.0,4.8
rf_full,signo_zodiacal_acuario,264,0.5,0.43,0.4395804195804196,0.48,0.45768115942028986,0.441,0.5042451894510718,4.8,6.2,3.8,5.2
rf_full,signo_zodiacal_acuario,265,0.5,0.47000000000000003,0.4815656565656566,0.45999999999999996,0.46875522138680037,0.462,0.5418927262967511,4.6,5.2,4.8,5.4
rf_full,signo_zodiacal_acuario,266,0.5,0.45999999999999996,0.46783216783216786,0.52,0.4832815734989648,0.374,0.48751783759755896,5.2,6.0,4.0,4.8
rf_full,signo_zodiacal_acuario,267,0.5,0.6399999999999999,0.6196536796536796,0.6599999999999999,0.6348306595365418,0.64,0.661482618688501,6.6,3.8,6.2,3.4
rf_full,signo_zodiacal_acuario,268,0.5,0.5700000000000001,0.5858008658008658,0.5199999999999999,0.5426890756302521,0.53,0.5841772639125581,5.2,3.8,6.2,4.8
rf_full,signo_zodiacal_acuario,269,0.5,0.5900000000000001,0.5998001998001998,0.5999999999999999,0.5885763000852515,0.571,0.6049436382331119,6.0,4.2,5.8,4.0
rf_full,signo_zodiacal_acuario,270,0.5,0.48,0.4836940836940837,0.48,0.47627401837928146,0.491,0.5879484410498341,4.8,5.2,4.8,5.2
rf_full,signo_zodiacal_acuario,271,0.5,0.43000000000000005,0.4087734487734488,0.38,0.39196717283404586,0.409,0.5290792830320694,3.8,5.2,4.8,6.2
rf_full,signo_zodiacal_acuario,272,0.5,0.48,0.487012987012987,0.38,0.4169246646026831,0.45999999999999996,0.573320688083846,3.8,4.2,5.8,6.2
rf_full,signo_zodiacal_acuario,273,0.5,0.54,0.5428571428571429,0.43999999999999995,0.47507130124777175,0.483,0.567255496567416,4.4,3.6,6.4,5.6
rf_full,signo_zodiacal_acuario,274,0.5,0.51,0.49552669552669554,0.45999999999999996,0.47454420364637084,0.5149999999999999,0.581934529350938,4.6,4.4,5.6,5.4
rf_full,signo_zodiacal_acuario,275,0.5,0.45999999999999996,0.45999999999999996,0.36,0.3988888888888889,0.4920000000000001,0.5532458637853375,3.6,4.4,5.6,6.4
rf_full,signo_zodiacal_acuario,276,0.5,0.5599999999999999,0.5485714285714285,0.62,0.5795238095238096,0.579,0.64867718332579,6.2,5.0,5.0,3.8
rf_full,signo_zodiacal_acuario,277,0.5,0.6199999999999999,0.6522727272727272,0.5800000000000001,0.6048511430090378,0.666,0.6964019195458824,5.8,3.4,6.6,4.2
rf_full,signo_zodiacal_acuario,278,0.5,0.43,0.42333333333333334,0.42000000000000004,0.41985114300903775,0.422,0.49768663422920395,4.2,5.6,4.4,5.8
rf_full,signo_zodiacal_acuario,279,0.5,0.38999999999999996,0.37499999999999994,0.32,0.3414407230196704,0.353,0.4643110347684652,3.2,5.4,4.6,6.8
rf_full,signo_zodiacal_acuario,280,0.5,0.48,0.475,0.4800000000000001,0.47575757575757577,0.5289999999999999,0.5931289529184266,4.8,5.2,4.8,5.2
rf_full,signo_zodiacal_acuario,281,0.5,0.5,0.5115440115440115,0.45999999999999996,0.48130620669320356,0.503,0.5765998147878952,4.6,4.6,5.4,5.4
rf_full,signo_zodiacal_acuario,282,0.5,0.45,0.4491258741258742,0.4999999999999999,0.4705815923207227,0.475,0.5667201687201687,5.0,6.0,4.0,5.0
rf_full,signo_zodiacal_acuario,283,0.5,0.58,0.5809523809523809,0.64,0.5994949494949495,0.581,0.5943705336631033,6.4,4.8,5.2,3.6
rf_full,signo_zodiacal_acuario,284,0.5,0.54,0.5577777777777777,0.5,0.51246783625731,0.6000000000000001,0.6655735910116716,5.0,4.2,5.8,5.0
rf_full,signo_zodiacal_acuario,285,0.5,0.37,0.36727272727272725,0.38,0.36182456140350877,0.382,0.4730010648965758,3.8,6.4,3.6,6.2
rf_full,signo_zodiacal_acuario,286,0.5,0.5199999999999999,0.5165079365079365,0.42000000000000004,0.4579772961816306,0.588,0.5972428296677522,4.2,3.8,6.2,5.8
rf_full,signo_zodiacal_acuario,287,0.5,0.48,0.4913675213675213,0.52,0.5031287705429582,0.42400000000000004,0.49721788548568735,5.2,5.6,4.4,4.8
rf_full,signo_zodiacal_acuario,288,0.5,0.49000000000000005,0.48730769230769233,0.52,0.4965700483091788,0.523,0.5943041391013526,5.2,5.4,4.6,4.8
rf_full,signo_zodiacal_acuario,289,0.5,0.53,0.5311111111111111,0.48,0.5036257309941521,0.5660000000000001,0.6151921134421134,4.8,4.2,5.8,5.2
rf_full,signo_zodiacal_acuario,290,0.5,0.6,0.6269480519480519,0.56,0.5854681266445972,0.623,0.6693077631003327,5.6,3.6,6.4,4.4
rf_full,signo_zodiacal_acuario,291,0.5,0.43000000000000005,0.42900432900432894,0.4,0.4035714285714286,0.44000000000000006,0.4849068427272762,4.0,5.4,4.6,6.0
rf_full,signo_zodiacal_acuario,292,0.5,0.4,0.4238028638028638,0.5599999999999999,0.4811511387163561,0.378,0.48910639523874816,5.6,7.6,2.4,4.4
rf_full,signo_zodiacal_acuario,293,0.5,0.5599999999999999,0.5545454545454545,0.58,0.5646464646464646,0.551,0.577260154448235,5.8,4.6,5.4,4.2
rf_full,signo_zodiacal_acuario,294,0.5,0.54,0.5293706293706293,0.6599999999999999,0.5850931677018634,0.5290000000000001,0.5841302935110985,6.6,5.8,4.2,3.4
rf_full,signo_zodiacal_acuario,295,0.5,0.52,0.5166666666666667,0.52,0.5167464114832536,0.5309999999999999,0.6236164489105664,5.2,4.8,5.2,4.8
rf_full,signo_zodiacal_acuario,296,0.5,0.47000000000000003,0.4910606060606061,0.42000000000000004,0.4473015873015873,0.45899999999999996,0.509771228169835,4.2,4.8,5.2,5.8
rf_full,signo_zodiacal_acuario,297,0.5,0.53,0.5025974025974026,0.54,0.5124522536287242,0.522,0.5671246361997136,5.4,4.8,5.2,4.6
rf_full,signo_zodiacal_acuario,298,0.5,0.49000000000000005,0.49333333333333335,0.48,0.4767058823529412,0.5209999999999999,0.6528698986771742,4.8,5.0,5.0,5.2
rf_full,signo_zodiacal_acuario,299,0.5,0.53,0.5285714285714286,0.45999999999999996,0.4734827264239029,0.602,0.6377415356401425,4.6,4.0,6.0,5.4
rf_full,signo_zodiacal_acuario,300,0.5,0.54,0.5328282828282829,0.58,0.5543403964456596,0.5269999999999999,0.5791443617442069,5.8,5.0,5.0,4.2
rf_full,signo_zodiacal_acuario,301,0.5,0.6199999999999999,0.643956043956044,0.72,0.6601449275362319,0.71,0.763938761788607,7.2,4.8,5.2,2.8
rf_full,signo_zodiacal_acuario,302,0.5,0.5199999999999999,0.5207575757575758,0.48,0.48822510822510823,0.476,0.54516395532572,4.8,4.4,5.6,5.2
rf_full,signo_zodiacal_acuario,303,0.5,0.43,0.4207410236822001,0.45999999999999996,0.4287892934951758,0.372,0.4615446242783704,4.6,6.0,4.0,5.4
rf_full,signo_zodiacal_acuario,304,0.5,0.53,0.5277777777777778,0.58,0.5464880382775119,0.588,0.6636108325798729,5.8,5.2,4.8,4.2
rf_full,signo_zodiacal_acuario,305,0.5,0.48,0.46571428571428564,0.38,0.4080124777183601,0.45499999999999996,0.5011668882373217,3.8,4.2,5.8,6.2
rf_full,signo_zodiacal_acuario,306,0.5,0.61,0.6161111111111112,0.5399999999999999,0.571374269005848,0.592,0.6066934711315517,5.4,3.2,6.8,4.6
rf_full,signo_zodiacal_acuario,307,0.5,0.47000000000000003,0.4835775335775335,0.5,0.48504958047292146,0.437,0.5094562382062382,5.0,5.6,4.4,5.0
rf_full,signo_zodiacal_acuario,308,0.5,0.41999999999999993,0.4020923520923521,0.36,0.37822005995380603,0.425,0.5141023719142914,3.6,5.2,4.8,6.4
rf_full,signo_zodiacal_acuario,309,0.5,0.51,0.4901298701298701,0.43999999999999995,0.4598692810457516,0.5050000000000001,0.5365811293969188,4.4,4.2,5.8,5.6
rf_full,signo_zodiacal_acuario,310,0.5,0.44000000000000006,0.43499999999999994,0.4,0.41555555555555557,0.45600000000000007,0.5556806182293798,4.0,5.2,4.8,6.0
rf_full,signo_zodiacal_acuario,311,0.5,0.4,0.3871794871794872,0.42000000000000004,0.3968928414580588,0.364,0.4775973616167114,4.2,6.2,3.8,5.8
rf_full,signo_zodiacal_acuario,312,0.5,0.56,0.5931746031746032,0.5,0.5183582485625828,0.5730000000000001,0.6266854142589438,5.0,3.8,6.2,5.0
rf_full,signo_zodiacal_acuario,313,0.5,0.49000000000000005,0.5426406926406926,0.44000000000000006,0.45985778926955395,0.47400000000000003,0.564602961967513,4.4,4.6,5.4,5.6
rf_full,signo_zodiacal_acuario,314,0.5,0.5599999999999999,0.5832202111613876,0.6,0.5520376563854825,0.525,0.5524464420168754,6.0,4.8,5.2,4.0
rf_full,signo_zodiacal_acuario,315,0.5,0.38,0.39531746031746035,0.43999999999999995,0.41021052631578947,0.37,0.4896181539478753,4.4,6.8,3.2,5.6
rf_full,signo_zodiacal_acuario,316,0.5,0.44000000000000006,0.43344988344988344,0.48,0.453249725103272,0.38,0.4654771160212336,4.8,6.0,4.0,5.2
rf_full,signo_zodiacal_acuario,317,0.5,0.55,0.5152597402597403,0.4600000000000001,0.47693744164332397,0.593,0.6585068419712382,4.6,3.6,6.4,5.4
rf_full,signo_zodiacal_acuario,318,0.5,0.44000000000000006,0.4650349650349651,0.48,0.4565383022774327,0.46399999999999997,0.557721809236515,4.8,6.0,4.0,5.2
rf_full,signo_zodiacal_acuario,319,0.5,0.47000000000000003,0.47757575757575754,0.41999999999999993,0.43796536796536795,0.42000000000000004,0.519255385567305,4.2,4.8,5.2,5.8
rf_full,signo_zodiacal_acuario,320,0.5,0.49000000000000005,0.4182983682983683,0.5,0.45507246376811594,0.48900000000000005,0.5463324894060188,5.0,5.2,4.8,5.0
rf_full,signo_zodiacal_acuario,321,0.5,0.52,0.5183333333333333,0.5,0.5006565656565656,0.476,0.5346513039763814,5.0,4.6,5.4,5.0
rf_full,signo_zodiacal_acuario,322,0.5,0.48,0.49217171717171715,0.48,0.483473836105415,0.533,0.6049614635450548,4.8,5.2,4.8,5.2
rf_full,signo_zodiacal_acuario,323,0.5,0.53,0.5308225108225109,0.62,0.5658395989974937,0.538,0.5860075490385087,6.2,5.6,4.4,3.8
rf_full,signo_zodiacal_acuario,324,0.5,0.5,0.4640981240981241,0.45999999999999996,0.4525180598555211,0.501,0.6038735514571427,4.6,4.6,5.4,5.4
rf_full,signo_zodiacal_acuario,325,0.5,0.5900000000000001,0.5928210678210678,0.56,0.5702321758049311,0.58,0.6432023721892142,5.6,3.8,6.2,4.4
rf_full,signo_zodiacal_acuario,326,0.5,0.47000000000000003,0.47666666666666657,0.44000000000000006,0.44591812865497077,0.509,0.5958132798573975,4.4,5.0,5.0,5.6
rf_full,signo_zodiacal_acuario,327,0.5,0.41000000000000003,0.39476190476190476,0.36,0.37160709259780467,0.367,0.48644596296376486,3.6,5.4,4.6,6.4
rf_full,signo_zodiacal_acuario,328,0.5,0.5599999999999999,0.5536796536796537,0.5399999999999999,0.5429898275099514,0.5830000000000001,0.6251742332315088,5.4,4.2,5.8,4.6
rf_full,signo_zodiacal_acuario,329,0.5,0.5200000000000001,0.5202380952380953,0.42000000000000004,0.46308909528723763,0.551,0.6219486240453732,4.2,3.8,6.2,5.8
rf_full,signo_zodiacal_acuario,330,0.5,0.43000000000000005,0.42102564102564105,0.43999999999999995,0.42598155467720683,0.44000000000000006,0.5410648969193861,4.4,5.8,4.2,5.6
rf_full,signo_zodiacal_acuario,331,0.5,0.5,0.49393939393939396,0.5,0.4896730462519936,0.5439999999999999,0.5620082195066715,5.0,5.0,5.0,5.0
rf_full,signo_zodiacal_acuario,332,0.5,0.43999999999999995,0.43661616161616157,0.38,0.40206766917293235,0.44399999999999995,0.5375169279464945,3.8,5.0,5.0,6.2
rf_full,signo_zodiacal_acuario,333,0.5,0.44000000000000006,0.45226495726495725,0.4,0.41910373760488173,0.43900000000000006,0.5565092673064809,4.0,5.2,4.8,6.0
rf_full,signo_zodiacal_acuario,334,0.5,0.41,0.4093506493506494,0.4,0.4020168067226891,0.433,0.5058470604043359,4.0,5.8,4.2,6.0
rf_full,signo_zodiacal_acuario,335,0.5,0.44000000000000006,0.44848484848484843,0.45999999999999996,0.44729437229437224,0.41400000000000003,0.49178886816657713,4.6,5.8,4.2,5.4
rf_full,signo_zodiacal_acuario,336,0.5,0.42000000000000004,0.40313020313020315,0.36,0.37171477286566806,0.42699999999999994,0.5291468249672583,3.6,5.2,4.8,6.4
rf_full,signo_zodiacal_acuario,337,0.5,0.51,0.5,0.52,0.5065922381711856,0.48900000000000005,0.5342396841204891,5.2,5.0,5.0,4.8
rf_full,signo_zodiacal_acuario,338,0.5,0.5,0.5051948051948052,0.48,0.4873355402767167,0.515,0.5753847994111151,4.8,4.8,5.2,5.2
rf_full,signo_zodiacal_acuario,339,0.5,0.61,0.6409235209235209,0.5199999999999999,0.5650361197110423,0.569,0.6101550137169333,5.2,3.0,7.0,4.8
rf_full,signo_zodiacal_acuario,340,0.5,0.44000000000000006,0.427979797979798,0.4,0.4118295739348371,0.437,0.5062614617924215,4.0,5.2,4.8,6.0
rf_full,signo_zodiacal_acuario,341,0.5,0.48,0.5035897435897436,0.54,0.5080474308300396,0.4709999999999999,0.5387655210286789,5.4,5.8,4.2,4.6
rf_full,signo_zodiacal_acuario,342,0.5,0.49000000000000005,0.48888888888888893,0.48,0.4826232247284878,0.45600000000000007,0.5160878657805903,4.8,5.0,5.0,5.2
rf_full,signo_zodiacal_acuario,343,0.5,0.4699999999999999,0.45714285714285713,0.42000000000000004,0.4284313725490196,0.441,0.5215439744294235,4.2,4.8,5.2,5.8
rf_full,signo_zodiacal_acuario,344,0.5,0.63,0.635930735930736,0.64,0.6296771340114993,0.6639999999999999,0.719300780918428,6.4,3.8,6.2,3.6
rf_full,signo_zodiacal_acuario,345,0.5,0.48999999999999994,0.487012987012987,0.52,0.4989974937343358,0.446,0.5058054827009936,5.2,5.4,4.6,4.8
rf_full,signo_zodiacal_acuario,346,0.5,0.4800000000000001,0.4805555555555555,0.4,0.4334795321637427,0.51,0.5815928293412813,4.0,4.4,5.6,6.0
rf_full,signo_zodiacal_acuario,347,0.5,0.51,0.5256410256410257,0.5199999999999999,0.5114185331576636,0.433,0.5039680536182085,5.2,5.0,5.0,4.8
rf_full,signo_zodiacal_acuario,348,0.5,0.5800000000000001,0.5788034188034189,0.6,0.5870022883295194,0.578,0.6114630696101283,6.0,4.4,5.6,4.0
rf_full,signo_zodiacal_acuario,349,0.5,0.45999999999999996,0.4627380952380952,0.41999999999999993,0.42592760180995476,0.5,0.527535952179915,4.2,5.0,5.0,5.8
rf_full,signo_zodiacal_acuario,350,0.5,0.54,0.5376623376623376,0.48,0.4917366946778712,0.5279999999999999,0.6007335899394722,4.8,4.0,6.0,5.2
rf_full,signo_zodiacal_acuario,351,0.5,0.5700000000000001,0.5731313131313132,0.6599999999999999,0.6072731829573935,0.539,0.5937859548432304,6.6,5.2,4.8,3.4
rf_full,signo_zodiacal_acuario,352,0.5,0.6100000000000001,0.6026923076923076,0.6599999999999999,0.6255775142731664,0.633,0.689480517418598,6.6,4.4,5.6,3.4
rf_full,signo_zodiacal_acuario,353,0.5,0.52,0.49984126984126986,0.5,0.48703880914407216,0.46799999999999997,0.5165969143515583,5.0,4.6,5.4,5.0
rf_full,signo_zodiacal_acuario,354,0.5,0.44000000000000006,0.41503496503496506,0.48,0.4419019386410691,0.42800000000000005,0.5298864587424958,4.8,6.0,4.0,5.2
rf_full,signo_zodiacal_acuario,355,0.5,0.67,0.6811111111111111,0.6599999999999999,0.6683253588516747,0.6900000000000002,0.6939330915902124,6.6,3.2,6.8,3.4
rf_full,signo_zodiacal_acuario,356,0.5,0.5700000000000001,0.5692507492507493,0.54,0.5441901108269395,0.559,0.5802723732236117,5.4,4.0,6.0,4.6
rf_full,signo_zodiacal_acuario,357,0.5,0.5299999999999999,0.5089743589743589,0.5,0.49352531526444565,0.581,0.5954784469916048,5.0,4.4,5.6,5.0
rf_full,signo_zodiacal_acuario,358,0.5,0.49000000000000005,0.5006709956709956,0.42000000000000004,0.4473236567354214,0.5050000000000001,0.5656804835171708,4.2,4.4,5.6,5.8
rf_full,signo_zodiacal_acuario,359,0.5,0.5,0.5031385281385281,0.43999999999999995,0.4606315253374077,0.544,0.5818814512800581,4.4,4.4,5.6,5.6
rf_full,signo_zodiacal_acuario,360,0.5,0.6100000000000001,0.6005050505050505,0.6,0.5932501708817498,0.624,0.6494425917220035,6.0,3.8,6.2,4.0
rf_full,signo_zodiacal_acuario,361,0.5,0.5299999999999999,0.5375890775890776,0.56,0.5417351446507457,0.5650000000000001,0.6211203128656689,5.6,5.0,5.0,4.4
rf_full,signo_zodiacal_acuario,362,0.5,0.5800000000000001,0.5549999999999999,0.62,0.5830303030303031,0.658,0.7180784956357711,6.2,4.6,5.4,3.8
rf_full,signo_zodiacal_acuario,363,0.5,0.58,0.6033333333333333,0.54,0.5624242424242424,0.617,0.6401570357746829,5.4,3.8,6.2,4.6
rf_full,signo_zodiacal_acuario,364,0.5,0.51,0.5122655122655122,0.52,0.5092805543269939,0.503,0.5421281876018718,5.2,5.0,5.0,4.8
rf_full,signo_zodiacal_acuario,365,0.5,0.5800000000000001,0.6040909090909091,0.58,0.5642020202020201,0.6020000000000001,0.6286780982175719,5.8,4.2,5.8,4.2
rf_full,signo_zodiacal_acuario,366,0.5,0.43999999999999995,0.4334415584415584,0.38,0.4029190623617868,0.44700000000000006,0.5119056041997218,3.8,5.0,5.0,6.2
rf_full,signo_zodiacal_acuario,367,0.5,0.62,0.6071794871794871,0.5599999999999999,0.5702288329519452,0.63,0.6231382098293862,5.6,3.2,6.8,4.4
rf_full,signo_zodiacal_acuario,368,0.5,0.49000000000000005,0.4733044733044733,0.45999999999999996,0.46258248115833245,0.485,0.5217219261646505,4.6,4.8,5.2,5.4
rf_full,signo_zodiacal_acuario,369,0.5,0.4,0.40786713286713283,0.4600000000000001,0.42939958592132504,0.389,0.5063527583527583,4.6,6.6,3.4,5.4
rf_full,signo_zodiacal_acuario,370,0.5,0.56,0.5761904761904763,0.5,0.5334365325077399,0.5559999999999999,0.6103957031100995,5.0,3.8,6.2,5.0
rf_full,signo_zodiacal_acuario,371,0.5,0.54,0.5392496392496392,0.5599999999999999,0.539529820025176,0.545,0.5872249125143861,5.6,4.8,5.2,4.4
rf_full,signo_zodiacal_acuario,372,0.5,0.5599999999999999,0.5621245421245421,0.6599999999999999,0.6021128909229596,0.608,0.607277634731969,6.6,5.4,4.6,3.4
rf_full,signo_zodiacal_acuario,373,0.5,0.48,0.49230769230769234,0.43999999999999995,0.4488910022090799,0.466,0.5885623492434637,4.4,4.8,5.2,5.6
rf_full,signo_zodiacal_acuario,374,0.5,0.5000000000000001,0.5047979797979798,0.48,0.4905597326649958,0.515,0.5881230323683884,4.8,4.8,5.2,5.2
rf_full,signo_zodiacal_acuario,375,0.5,0.52,0.5182539682539683,0.45999999999999996,0.4795947086968758,0.49099999999999994,0.5796638747389522,4.6,4.2,5.8,5.4
rf_full,signo_zodiacal_acuario,376,0.5,0.4,0.3575147075147075,0.34,0.339558615208097,0.383,0.5012027037290194,3.4,5.4,4.6,6.6
rf_full,signo_zodiacal_acuario,377,0.5,0.42000000000000004,0.43157287157287155,0.52,0.4676390977443609,0.349,0.4393899264650038,5.2,6.8,3.2,4.8
rf_full,signo_zodiacal_acuario,378,0.5,0.45,0.46471306471306467,0.4,0.4141271569996835,0.49000000000000005,0.5351289621111602,4.0,5.0,5.0,6.0
rf_full,signo_zodiacal_acuario,379,0.5,0.55,0.5429545454545455,0.6,0.5619536019536019,0.5870000000000001,0.6201472220589868,6.0,5.0,5.0,4.0
rf_full,signo_zodiacal_acuario,380,0.5,0.58,0.6283333333333333,0.58,0.5679348370927318,0.5970000000000001,0.6488735029160726,5.8,4.2,5.8,4.2
rf_full,signo_zodiacal_acuario,381,0.5,0.43,0.43694083694083685,0.44000000000000006,0.4333701901813357,0.42400000000000004,0.5269667473049826,4.4,5.8,4.2,5.6
rf_full,signo_zodiacal_acuario,382,0.5,0.44000000000000006,0.4405194805194805,0.48,0.44761904761904764,0.441,0.5204563677636432,4.8,6.0,4.0,5.2
rf_full,signo_zodiacal_acuario,383,0.5,0.51,0.4965256965256965,0.4800000000000001,0.4808081585036761,0.458,0.5257153694258957,4.8,4.6,5.4,5.2
rf_full,signo_zodiacal_acuario,384,0.5,0.5,0.5,0.45999999999999996,0.4742296918767507,0.495,0.558446615218287,4.6,4.6,5.4,5.4
rf_full,signo_zodiacal_acuario,385,0.5,0.53,0.5360062160062161,0.52,0.514869783153536,0.5379999999999999,0.6117674624996606,5.2,4.6,5.4,4.8
rf_full,signo_zodiacal_acuario,386,0.5,0.58,0.5754112554112554,0.5599999999999999,0.5645230723868495,0.605,0.6499025741200664,5.6,4.0,6.0,4.4
rf_full,signo_zodiacal_acuario,387,0.5,0.55,0.5425505050505051,0.58,0.5513270355375619,0.5529999999999999,0.5691199890580695,5.8,4.8,5.2,4.2
rf_full,signo_zodiacal_acuario,388,0.5,0.5,0.4911616161616162,0.5399999999999998,0.5099681020733653,0.54,0.5869093483915465,5.4,5.4,4.6,4.6
rf_full,signo_zodiacal_acuario,389,0.5,0.41999999999999993,0.385,0.33999999999999997,0.3532178932178932,0.335,0.44656920186796345,3.4,5.0,5.0,6.6
rf_full,signo_zodiacal_acuario,390,0.5,0.47000000000000003,0.44666666666666666,0.38,0.4018979266347687,0.426,0.524714705658978,3.8,4.4,5.6,6.2
rf_full,signo_zodiacal_acuario,391,0.5,0.58,0.5706959706959707,0.6599999999999999,0.6078704666805353,0.571,0.5872666659106287,6.6,5.0,5.0,3.4
rf_full,signo_zodiacal_acuario,392,0.5,0.52,0.5068686868686869,0.5,0.49863978127136016,0.53,0.579987939992584,5.0,4.6,5.4,5.0
rf_full,signo_zodiacal_acuario,393,0.5,0.62,0.6302874902874903,0.64,0.6323177508989867,0.617,0.6450578663682378,6.4,4.0,6.0,3.6
rf_full,signo_zodiacal_acuario,394,0.5,0.43,0.40519480519480516,0.4,0.3988795518207283,0.453,0.5322680185311764,4.0,5.4,4.6,6.0
rf_full,signo_zodiacal_acuario,395,0.5,0.5199999999999999,0.5202020202020201,0.52,0.5139933166248956,0.507,0.5787860756374689,5.2,4.8,5.2,4.8
rf_full,signo_zodiacal_acuario,396,0.5,0.4699999999999999,0.4647125097125097,0.4800000000000001,0.46890705023428136,0.506,0.5786602564102564,4.8,5.4,4.6,5.2
rf_full,signo_zodiacal_acuario,397,0.5,0.44000000000000006,0.436013986013986,0.45999999999999996,0.4436664784490871,0.42799999999999994,0.5224691964382366,4.6,5.8,4.2,5.4
rf_full,signo_zodiacal_acuario,398,0.5,0.65,0.6555555555555556,0.6799999999999999,0.6625199362041467,0.673,0.7155710380091185,6.8,3.8,6.2,3.2
rf_full,signo_zodiacal_acuario,399,0.5,0.54,0.5501948051948051,0.5,0.5204668534080298,0.584,0.6787163371544176,5.0,4.2,5.8,5.0
rf_full,signo_zodiacal_acuario,400,0.5,0.43000000000000005,0.41805194805194806,0.32,0.3556302521008403,0.391,0.47999695789246866,3.2,4.6,5.4,6.8
rf_full,signo_zodiacal_acuario,401,0.5,0.45999999999999996,0.46461538461538465,0.5,0.47278656126482216,0.495,0.5330919256182414,5.0,5.8,4.2,5.0
rf_full,signo_zodiacal_acuario,402,0.5,0.51,0.5143939393939394,0.52,0.5145743145743146,0.45499999999999996,0.5145787541491875,5.2,5.0,5.0,4.8
rf_full,signo_zodiacal_acuario,403,0.5,0.49000000000000005,0.4542424242424242,0.5,0.4548095238095239,0.502,0.5496881251703233,5.0,5.2,4.8,5.0
rf_full,signo_zodiacal_acuario,404,0.5,0.45,0.4496031746031746,0.39999999999999997,0.414766081871345,0.43600000000000005,0.47715132150271466,4.0,5.0,5.0,6.0
rf_full,signo_zodiacal_acuario,405,0.5,0.5,0.48888888888888893,0.5,0.48813209494324045,0.49399999999999994,0.5415401075532654,5.0,5.0,5.0,5.0
rf_full,signo_zodiacal_acuario,406,0.5,0.47000000000000003,0.46806526806526805,0.45999999999999996,0.4595692128872907,0.481,0.5663414255163481,4.6,5.2,4.8,5.4
rf_full,signo_zodiacal_acuario,407,0.5,0.48,0.4726190476190476,0.48,0.4686868686868687,0.43099999999999994,0.5293349789185703,4.8,5.2,4.8,5.2
rf_full,signo_zodiacal_acuario,408,0.5,0.5700000000000001,0.5888888888888888,0.48,0.5257309941520468,0.593,0.6855396994646221,4.8,3.4,6.6,5.2
rf_full,signo_zodiacal_acuario,409,0.5,0.45,0.4485042735042735,0.43999999999999995,0.4345728451563692,0.434,0.4862216313098666,4.4,5.4,4.6,5.6
rf_full,signo_zodiacal_acuario,410,0.5,0.6,0.6194444444444445,0.52,0.5649122807017545,0.6660000000000001,0.7116622794989669,5.2,3.2,6.8,4.8
rf_full,signo_zodiacal_acuario,411,0.5,0.53,0.5357142857142857,0.48,0.5030177940394658,0.537,0.6339006461374883,4.8,4.2,5.8,5.2
rf_full,signo_zodiacal_acuario,412,0.5,0.5,0.502020202020202,0.5,0.49848105111262997,0.48599999999999993,0.574543982763023,5.0,5.0,5.0,5.0
rf_full,signo_zodiacal_acuario,413,0.5,0.51,0.5056381526969763,0.5599999999999999,0.5176111634585184,0.513,0.5753416279283152,5.6,5.4,4.6,4.4
rf_full,signo_zodiacal_acuario,414,0.5,0.5800000000000001,0.6051948051948053,0.52,0.5560224089635855,0.579,0.6101938354043617,5.2,3.6,6.4,4.8
rf_full,signo_zodiacal_acuario,415,0.5,0.55,0.5535353535353535,0.52,0.5347535505430242,0.5790000000000001,0.6359826525383802,5.2,4.2,5.8,4.8
rf_full,signo_zodiacal_acuario,416,0.5,0.47000000000000003,0.47004329004329,0.44000000000000006,0.45156125608138,0.499,0.566119872989068,4.4,5.0,5.0,5.6
rf_full,signo_zodiacal_acuario,417,0.5,0.62,0.6222222222222221,0.6,0.6032581453634085,0.636,0.673169765906608,6.0,3.6,6.4,4.0
rf_full,signo_zodiacal_acuario,418,0.5,0.57,0.5676573426573426,0.64,0.5970136144049187,0.612,0.6886492570037461,6.4,5.0,5.0,3.6
rf_full,signo_zodiacal_acuario,419,0.5,0.5700000000000001,0.5837662337662338,0.5800000000000001,0.5755645798989453,0.541,0.5971336712822781,5.8,4.4,5.6,4.2
rf_full,signo_zodiacal_acuario,420,0.5,0.55,0.5576923076923077,0.5399999999999999,0.5445461479786422,0.5730000000000001,0.5742108420475294,5.4,4.4,5.6,4.6
rf_full,signo_zodiacal_acuario,421,0.5,0.53,0.5395670995670996,0.48,0.49138375350140057,0.518,0.5451124410505215,4.8,4.2,5.8,5.2
rf_full,signo_zodiacal_acuario,422,0.5,0.48999999999999994,0.4845299145299145,0.58,0.5238310796754733,0.477,0.5539311297577552,5.8,6.0,4.0,4.2
rf_full,signo_zodiacal_acuario,423,0.5,0.5,0.48666666666666664,0.4,0.4347058823529412,0.522,0.5966719865102219,4.0,4.0,6.0,6.0
rf_full,signo_zodiacal_acuario,424,0.5,0.45,0.45999999999999996,0.41999999999999993,0.43224880382775116,0.48200000000000004,0.5590721094351125,4.2,5.2,4.8,5.8
rf_full,signo_zodiacal_acuario,425,0.5,0.53,0.5295238095238095,0.5199999999999999,0.5142786377708979,0.528,0.6441505259446435,5.2,4.6,5.4,4.8
rf_full,signo_zodiacal_acuario,426,0.5,0.45,0.4475324675324675,0.4,0.41606442577030817,0.38899999999999996,0.46504215272171934,4.0,5.0,5.0,6.0
rf_full,signo_zodiacal_acuario,427,0.5,0.52,0.5433943833943834,0.5,0.5005958630591825,0.5950000000000001,0.6557383809001456,5.0,4.6,5.4,5.0
rf_full,signo_zodiacal_acuario,428,0.5,0.55,0.4444444444444445,0.5,0.4688995215311005,0.5289999999999999,0.5667793297174103,5.0,4.0,6.0,5.0
rf_full,signo_zodiacal_acuario,429,0.5,0.4699999999999999,0.4723076923076923,0.48,0.468871635610766,0.5,0.5498279867707112,4.8,5.4,4.6,5.2
rf_full,signo_zodiacal_acuario,430,0.5,0.53,0.5244755244755244,0.58,0.5466528640441684,0.5469999999999999,0.5956837878323946,5.8,5.2,4.8,4.2
rf_full,signo_zodiacal_acuario,431,0.5,0.5800000000000001,0.5845804195804195,0.5199999999999999,0.5221256038647344,0.6709999999999999,0.7184783908901556,5.2,3.6,6.4,4.8
rf_full,signo_zodiacal_acuario,432,0.5,0.4,0.41147186147186143,0.4600000000000001,0.4276190476190476,0.32999999999999996,0.4443548345359491,4.6,6.6,3.4,5.4
rf_full,signo_zodiacal_acuario,433,0.5,0.54,0.5239285714285714,0.58,0.5363046757164405,0.534,0.6016305377628907,5.8,5.0,5.0,4.2
rf_full,signo_zodiacal_acuario,434,0.5,0.48,0.5245421245421246,0.4,0.43269754542133054,0.5029999999999999,0.5419881707559726,4.0,4.4,5.6,6.0
rf_full,signo_zodiacal_acuario,435,0.5,0.5,0.510909090909091,0.5,0.49190476190476196,0.45,0.5109480325316238,5.0,5.0,5.0,5.0
rf_full,signo_zodiacal_acuario,436,0.5,0.49000000000000005,0.4864379084967321,0.5,0.4807017543859649,0.42400000000000004,0.5088971306471307,5.0,5.2,4.8,5.0
rf_full,signo_zodiacal_acuario,437,0.5,0.55,0.5617521367521368,0.56,0.5561287936573978,0.525,0.5830699762054252,5.6,4.6,5.4,4.4
rf_full,signo_zodiacal_acuario,438,0.5,0.47000000000000003,0.46428571428571425,0.38,0.41002673796791445,0.495,0.53852943461767,3.8,4.4,5.6,6.2
rf_full,signo_zodiacal_acuario,439,0.5,0.5,0.49772727272727274,0.54,0.5125806941596416,0.46099999999999997,0.5343454970382215,5.4,5.4,4.6,4.6
rf_full,signo_zodiacal_acuario,440,0.5,0.4800000000000001,0.4195804195804196,0.48,0.44720496894409933,0.4779999999999999,0.5529449161949163,4.8,5.2,4.8,5.2
rf_full,signo_zodiacal_acuario,441,0.5,0.4800000000000001,0.47480519480519473,0.41999999999999993,0.43987394957983195,0.48,0.5541316164915236,4.2,4.6,5.4,5.8
rf_full,signo_zodiacal_acuario,442,0.5,0.6100000000000001,0.6145743145743146,0.5800000000000001,0.5905869843950339,0.6279999999999999,0.6505900663663822,5.8,3.6,6.4,4.2
rf_full,signo_zodiacal_acuario,443,0.5,0.53,0.5466666666666666,0.5,0.5154066985645932,0.4880000000000001,0.5516245888614308,5.0,4.4,5.6,5.0
rf_full,signo_zodiacal_acuario,444,0.5,0.5900000000000001,0.5835364635364635,0.6399999999999999,0.6025234441602728,0.583,0.6236014793599933,6.4,4.6,5.4,3.6
rf_full,signo_zodiacal_acuario,445,0.5,0.5,0.4916666666666667,0.6,0.5351981351981352,0.47400000000000003,0.5320199332830912,6.0,6.0,4.0,4.0
rf_full,signo_zodiacal_acuario,446,0.5,0.48,0.4766233766233766,0.4,0.42971521942110175,0.425,0.4934312005503956,4.0,4.4,5.6,6.0
rf_full,signo_zodiacal_acuario,447,0.5,0.4600000000000001,0.45931568431568426,0.5,0.4725327812284334,0.516,0.5906325977943625,5.0,5.8,4.2,5.0
rf_full,signo_zodiacal_acuario,448,0.5,0.45999999999999996,0.4539238539238539,0.5,0.4733612687846097,0.42400000000000004,0.49770706297486483,5.0,5.8,4.2,5.0
rf_full,signo_zodiacal_acuario,449,0.5,0.48999999999999994,0.4916666666666666,0.45999999999999996,0.47278043593833063,0.453,0.5140978464260197,4.6,4.8,5.2,5.4
rf_full,signo_zodiacal_acuario,450,0.5,0.47000000000000003,0.47143790849673206,0.54,0.4947687400318979,0.48200000000000004,0.5516144123334525,5.4,6.0,4.0,4.6
rf_full,signo_zodiacal_acuario,451,0.5,0.47000000000000003,0.49523809523809514,0.44000000000000006,0.4555258467023172,0.44000000000000006,0.5424769130078728,4.4,5.0,5.0,5.6
rf_full,signo_zodiacal_acuario,452,0.5,0.48,0.46263736263736266,0.54,0.48957090082409777,0.49000000000000005,0.5938925535249064,5.4,5.8,4.2,4.6
rf_full,signo_zodiacal_acuario,453,0.5,0.53,0.5265873015873016,0.45999999999999996,0.4897488820089439,0.506,0.5654642137188577,4.6,4.0,6.0,5.4
rf_full,signo_zodiacal_acuario,454,0.5,0.5,0.5199999999999999,0.52,0.510909090909091,0.541,0.5791767443942366,5.2,5.2,4.8,4.8
rf_full,signo_zodiacal_acuario,455,0.5,0.45,0.42694805194805185,0.36000000000000004,0.3874883286647992,0.4109999999999999,0.5419449831214538,3.6,4.6,5.4,6.4
rf_full,signo_zodiacal_acuario,456,0.5,0.52,0.5383838383838383,0.5,0.503485380116959,0.5050000000000001,0.5403685262965449,5.0,4.6,5.4,5.0
rf_full,signo_zodiacal_acuario,457,0.5,0.57,0.586111111111111,0.52,0.5497076023391813,0.517,0.5831156527511017,5.2,3.8,6.2,4.8
rf_full,signo_zodiacal_acuario,458,0.5,0.4,0.36444444444444446,0.32,0.3382456140350877,0.38900000000000007,0.44966441015125225,3.2,5.2,4.8,6.8
rf_full,signo_zodiacal_acuario,459,0.5,0.42000000000000004,0.43701298701298696,0.42000000000000004,0.42283337577455227,0.39799999999999996,0.5175705889397839,4.2,5.8,4.2,5.8
rf_full,signo_zodiacal_acuario,460,0.5,0.49000000000000005,0.4825396825396825,0.36000000000000004,0.41032851737186105,0.54,0.5788028884600093,3.6,3.8,6.2,6.4
rf_full,signo_zodiacal_acuario,461,0.5,0.4,0.38662337662337665,0.36,0.37027077497665734,0.42700000000000005,0.5174749494571476,3.6,5.6,4.4,6.4
rf_full,signo_zodiacal_acuario,462,0.5,0.4800000000000001,0.48706349206349203,0.36,0.40920536635706917,0.43500000000000005,0.5216219711660888,3.6,4.0,6.0,6.4
rf_full,signo_zodiacal_acuario,463,0.5,0.5599999999999999,0.5671717171717171,0.5800000000000001,0.5693324219640008,0.558,0.5892411759207425,5.8,4.6,5.4,4.2
rf_full,signo_zodiacal_acuario,464,0.5,0.52,0.525,0.5,0.510108604845447,0.506,0.5865327456341388,5.0,4.6,5.4,5.0
rf_full,signo_zodiacal_acuario,465,0.5,0.5399999999999999,0.5452380952380953,0.45999999999999996,0.4932857991681522,0.571,0.6294480241980243,4.6,3.8,6.2,5.4
rf_full,signo_zodiacal_acuario,466,0.5,0.49000000000000005,0.4834920634920635,0.43999999999999995,0.4590092879256966,0.48,0.5401233858161103,4.4,4.6,5.4,5.6
rf_full,signo_zodiacal_acuario,467,0.5,0.58,0.5723809523809523,0.5399999999999999,0.5512474591112362,0.6279999999999999,0.6632441420808293,5.4,3.8,6.2,4.6
rf_full,signo_zodiacal_acuario,468,0.5,0.58,0.5834920634920635,0.54,0.5564574537949151,0.633,0.6448095858389975,5.4,3.8,6.2,4.6
rf_full,signo_zodiacal_acuario,469,0.5,0.55,0.5846153846153846,0.5800000000000001,0.5691023507385065,0.601,0.6450257030551148,5.8,4.8,5.2,4.2
rf_full,signo_zodiacal_acuario,470,0.5,0.5,0.5023809523809524,0.58,0.5367965367965367,0.531,0.5949745968685597,5.8,5.8,4.2,4.2
rf_full,signo_zodiacal_acuario,471,0.5,0.55,0.5834065934065934,0.5,0.515072463768116,0.533,0.5676484879070018,5.0,4.0,6.0,5.0
rf_full,signo_zodiacal_acuario,472,0.5,0.5700000000000001,0.5584615384615385,0.5199999999999999,0.5292995169082125,0.558,0.6074605537221636,5.2,3.8,6.2,4.8
rf_full,signo_zodiacal_acuario,473,0.5,0.5,0.4932900432900433,0.45999999999999996,0.47087683558271803,0.5820000000000001,0.6108049434225904,4.6,4.6,5.4,5.4
rf_full,signo_zodiacal_acuario,474,0.5,0.53,0.5278943278943279,0.5599999999999999,0.5412880026152338,0.502,0.5334270318604684,5.6,5.0,5.0,4.4
rf_full,signo_zodiacal_acuario,475,0.5,0.53,0.5348692810457516,0.54,0.5143788764841397,0.562,0.6164360068036538,5.4,4.8,5.2,4.6
rf_full,signo_zodiacal_acuario,476,0.5,0.39999999999999997,0.3816666666666667,0.36000000000000004,0.36280701754385963,0.46099999999999997,0.5405816787271895,3.6,5.6,4.4,6.4
rf_full,signo_zodiacal_acuario,477,0.5,0.4600000000000001,0.45272727272727276,0.42000000000000004,0.42808840282524485,0.489,0.5401103324779795,4.2,5.0,5.0,5.8
rf_full,signo_zodiacal_acuario,478,0.5,0.5599999999999999,0.5697258297258297,0.44000000000000006,0.48886259767064716,0.5900000000000001,0.6361639841067085,4.4,3.2,6.8,5.6
rf_full,signo_zodiacal_acuario,479,0.5,0.43,0.4305194805194805,0.44000000000000006,0.42867965367965366,0.46699999999999997,0.5587506229580532,4.4,5.8,4.2,5.6
rf_full,signo_zodiacal_acuario,480,0.5,0.5199999999999999,0.5219780219780219,0.5,0.5053304617041324,0.5039999999999999,0.5850670995670996,5.0,4.6,5.4,5.0
rf_full,signo_zodiacal_acuario,481,0.5,0.42000000000000004,0.44000000000000006,0.3,0.3451587301587301,0.46900000000000003,0.5611126024817976,3.0,4.6,5.4,7.0
rf_full,signo_zodiacal_acuario,482,0.5,0.4,0.3988278388278389,0.4,0.38960358056265987,0.356,0.45155254059665817,4.0,6.0,4.0,6.0
rf_full,signo_zodiacal_acuario,483,0.5,0.54,0.55,0.5,0.5154040404040404,0.476,0.5136738910384421,5.0,4.2,5.8,5.0
rf_full,signo_zodiacal_acuario,484,0.5,0.45999999999999996,0.4576923076923077,0.5599999999999999,0.5010118577075099,0.461,0.5725653148021569,5.6,6.4,3.6,4.4
rf_full,signo_zodiacal_acuario,485,0.5,0.47000000000000003,0.46979797979797977,0.5,0.47335771246297564,0.5,0.5871619750218822,5.0,5.6,4.4,5.0
rf_full,signo_zodiacal_acuario,486,0.5,0.6599999999999999,0.6496969696969697,0.7,0.673073593073593,0.688,0.7142769524077573,7.0,3.8,6.2,3.0
rf_full,signo_zodiacal_acuario,487,0.5,0.5599999999999999,0.5617521367521368,0.6199999999999999,0.5828433072140167,0.48500000000000004,0.5173813119285255,6.2,5.0,5.0,3.8
rf_full,signo_zodiacal_acuario,488,0.5,0.48,0.47111111111111115,0.45999999999999996,0.4627644869750133,0.418,0.5362464347657846,4.6,5.0,5.0,5.4
rf_full,signo_zodiacal_acuario,489,0.5,0.4,0.39082251082251085,0.34,0.36052484151555364,0.426,0.509911134617017,3.4,5.4,4.6,6.6
rf_full,signo_zodiacal_acuario,490,0.5,0.54,0.5313636363636364,0.5,0.5092857142857142,0.567,0.6066750018986862,5.0,4.2,5.8,5.0
rf_full,signo_zodiacal_acuario,491,0.5,0.49000000000000005,0.48590909090909096,0.48,0.4798845598845599,0.497,0.5696099276540452,4.8,5.0,5.0,5.2
rf_full,signo_zodiacal_acuario,492,0.5,0.56,0.5628149628149627,0.6,0.571215763193149,0.523,0.5650185011067363,6.0,4.8,5.2,4.0
rf_full,signo_zodiacal_acuario,493,0.5,0.4600000000000001,0.45802197802197797,0.4,0.4196419437340154,0.41,0.4719673413102206,4.0,4.8,5.2,6.0
rf_full,signo_zodiacal_acuario,494,0.5,0.43000000000000005,0.43269230769230765,0.45999999999999996,0.4409310496267018,0.426,0.5199942490430105,4.6,6.0,4.0,5.4
rf_full,signo_zodiacal_acuario,495,0.5,0.55,0.5522809543397779,0.6399999999999999,0.5830779848171151,0.59,0.6370250011426482,6.4,5.4,4.6,3.6
rf_full,signo_zodiacal_acuario,496,0.5,0.4600000000000001,0.46650793650793654,0.44000000000000006,0.4492372642837039,0.42700000000000005,0.49606216006216003,4.4,5.2,4.8,5.6
rf_full,signo_zodiacal_acuario,497,0.5,0.48,0.4788636363636363,0.54,0.501978021978022,0.457,0.49456632170718856,5.4,5.8,4.2,4.6
rf_full,signo_zodiacal_acuario,498,0.5,0.5800000000000001,0.5773626373626375,0.6,0.5823389909323413,0.5569999999999999,0.5923793871247431,6.0,4.4,5.6,4.0
rf_full,signo_zodiacal_acuario,499,0.5,0.41,0.3954761904761905,0.38,0.38463458110516935,0.442,0.5126346225154275,3.8,5.6,4.4,6.2
rf_full,signo_zodiacal_acuario,500,0.5,0.5800000000000001,0.595952380952381,0.5,0.532501485442662,0.643,0.6814340551089777,5.0,3.4,6.6,5.0
rf_full,signo_zodiacal_aries,1,0.5,0.47000000000000003,0.4756410256410256,0.54,0.5043478260869565,0.41899999999999993,0.47888645771153504,5.4,6.0,4.0,4.6
rf_full,signo_zodiacal_aries,2,0.5,0.44000000000000006,0.43272727272727274,0.45999999999999996,0.4381904761904762,0.475,0.5386617240688448,4.6,5.8,4.2,5.4
rf_full,signo_zodiacal_aries,3,0.5,0.49000000000000005,0.4924242424242424,0.58,0.530952380952381,0.506,0.5760176869913711,5.8,6.0,4.0,4.2
rf_full,signo_zodiacal_aries,4,0.5,0.5099999999999999,0.48999999999999994,0.4,0.4342424242424242,0.535,0.6017433575196732,4.0,3.8,6.2,6.0
rf_full,signo_zodiacal_aries,5,0.5,0.52,0.5317099567099567,0.48,0.4993124522536287,0.538,0.6150095917154741,4.8,4.4,5.6,5.2
rf_full,signo_zodiacal_aries,6,0.5,0.4,0.40482850482850485,0.44000000000000006,0.41480331262939957,0.4119999999999999,0.4890375370243791,4.4,6.4,3.6,5.6
rf_full,signo_zodiacal_aries,7,0.5,0.45,0.44293650793650796,0.38,0.40778121775025794,0.45999999999999996,0.5729386550841659,3.8,4.8,5.2,6.2
rf_full,signo_zodiacal_aries,8,0.5,0.49000000000000005,0.4886446886446887,0.52,0.49719649041226643,0.477,0.5268787764523059,5.2,5.4,4.6,4.8
rf_full,signo_zodiacal_aries,9,0.5,0.47000000000000003,0.4503968253968254,0.38,0.41049191606467145,0.45200000000000007,0.5465593424463393,3.8,4.4,5.6,6.2
rf_full,signo_zodiacal_aries,10,0.5,0.45999999999999996,0.45897435897435895,0.44000000000000006,0.4458682939232138,0.449,0.5454061612621984,4.4,5.2,4.8,5.6
rf_full,signo_zodiacal_aries,11,0.5,0.5499999999999999,0.538888888888889,0.5399999999999999,0.53471557682084,0.5800000000000001,0.6362088462792798,5.4,4.4,5.6,4.6
rf_full,signo_zodiacal_aries,12,0.5,0.52,0.5181818181818182,0.5399999999999999,0.5269841269841269,0.5209999999999999,0.5861088804556297,5.4,5.0,5.0,4.6
rf_full,signo_zodiacal_aries,13,0.5,0.49000000000000005,0.4958552558552558,0.54,0.5075704093994577,0.499,0.5430032348971977,5.4,5.6,4.4,4.6
rf_full,signo_zodiacal_aries,14,0.5,0.51,0.5171717171717172,0.4999999999999999,0.5077694235588972,0.5209999999999999,0.5800462037962039,5.0,4.8,5.2,5.0
rf_full,signo_zodiacal_aries,15,0.5,0.48,0.48040293040293036,0.42000000000000004,0.4420155247453672,0.46699999999999997,0.5735445110445111,4.2,4.6,5.4,5.8
rf_full,signo_zodiacal_aries,16,0.5,0.48,0.4881385281385281,0.42000000000000004,0.44487394957983195,0.476,0.5544969115851469,4.2,4.6,5.4,5.8
rf_full,signo_zodiacal_aries,17,0.5,0.52,0.5066955266955266,0.58,0.5372112098427888,0.549,0.6032065614124438,5.8,5.4,4.6,4.2
rf_full,signo_zodiacal_aries,18,0.5,0.45000000000000007,0.43507326007326,0.38,0.397151927132409,0.426,0.5218809262632792,3.8,4.8,5.2,6.2
rf_full,signo_zodiacal_aries,19,0.5,0.48,0.4819347319347319,0.58,0.526068134763787,0.48,0.553123053417171,5.8,6.2,3.8,4.2
rf_full,signo_zodiacal_aries,20,0.5,0.49000000000000005,0.4924242424242424,0.5,0.4892857142857142,0.48,0.528201982657865,5.0,5.2,4.8,5.0
rf_full,signo_zodiacal_aries,21,0.5,0.41,0.4066666666666666,0.45999999999999996,0.42891547049441786,0.31900000000000006,0.4391966599791678,4.6,6.4,3.6,5.4
rf_full,signo_zodiacal_aries,22,0.5,0.41,0.37785714285714284,0.27999999999999997,0.31764705882352945,0.343,0.4641911519852696,2.8,4.6,5.4,7.2
rf_full,signo_zodiacal_aries,23,0.5,0.5,0.49340659340659343,0.48,0.4728829212844558,0.495,0.5311924917188076,4.8,4.8,5.2,5.2
rf_full,signo_zodiacal_aries,24,0.5,0.48,0.4832362082362082,0.48,0.478435218480985,0.48599999999999993,0.5543939106129508,4.8,5.2,4.8,5.2
rf_full,signo_zodiacal_aries,25,0.5,0.47000000000000003,0.4757492507492508,0.44000000000000006,0.4511265375715503,0.442,0.5371676122295318,4.4,5.0,5.0,5.6
rf_full,signo_zodiacal_aries,26,0.5,0.44000000000000006,0.4523809523809524,0.45999999999999996,0.44652406417112306,0.469,0.5457144860643313,4.6,5.8,4.2,5.4
rf_full,signo_zodiacal_aries,27,0.5,0.51,0.5217857142857143,0.4999999999999999,0.499587732528909,0.506,0.574043003779846,5.0,4.8,5.2,5.0
rf_full,signo_zodiacal_aries,28,0.5,0.5199999999999999,0.5420634920634921,0.45999999999999996,0.49433029990305527,0.409,0.5150117321618869,4.6,4.2,5.8,5.4
rf_full,signo_zodiacal_aries,29,0.5,0.52,0.512972582972583,0.45999999999999996,0.4752249607977162,0.48200000000000004,0.5382238480473774,4.6,4.2,5.8,5.4
rf_full,signo_zodiacal_aries,30,0.5,0.34,0.3171717171717171,0.34,0.3209624060150376,0.305,0.449482872562594,3.4,6.6,3.4,6.6
rf_full,signo_zodiacal_aries,31,0.5,0.51,0.5236208236208236,0.5,0.5028440666884603,0.5389999999999999,0.5927187879200263,5.0,4.8,5.2,5.0
rf_full,signo_zodiacal_aries,32,0.5,0.51,0.5070707070707071,0.5,0.5016708437761069,0.48200000000000004,0.5706210754329949,5.0,4.8,5.2,5.0
rf_full,signo_zodiacal_aries,33,0.5,0.5900000000000001,0.6046464646464645,0.6,0.6006971975393027,0.5879999999999999,0.60221084307849,6.0,4.2,5.8,4.0
rf_full,signo_zodiacal_aries,34,0.5,0.5800000000000001,0.5709712509712509,0.6399999999999999,0.6004184373978424,0.557,0.5852266597351736,6.4,4.8,5.2,3.6
rf_full,signo_zodiacal_aries,35,0.5,0.44000000000000006,0.4450349650349651,0.43999999999999995,0.4383160800552105,0.44299999999999995,0.5197893881144655,4.4,5.6,4.4,5.6
rf_full,signo_zodiacal_aries,36,0.5,0.58,0.6857142857142857,0.5,0.5316104947683894,0.5050000000000001,0.5957744488054085,5.0,3.4,6.6,5.0
rf_full,signo_zodiacal_aries,37,0.5,0.37,0.290995670995671,0.26000000000000006,0.26948179271708683,0.342,0.45227264359307695,2.6,5.2,4.8,7.4
rf_full,signo_zodiacal_aries,38,0.5,0.47000000000000003,0.4673076923076923,0.43999999999999995,0.43724825898738945,0.43599999999999994,0.536724619549697,4.4,5.0,5.0,5.6
rf_full,signo_zodiacal_aries,39,0.5,0.48,0.5022222222222221,0.38,0.4098398969451601,0.46799999999999997,0.5776032599151794,3.8,4.2,5.8,6.2
rf_full,signo_zodiacal_aries,40,0.5,0.44000000000000006,0.43797979797979797,0.42000000000000004,0.42738512949039265,0.48200000000000004,0.5555426132175358,4.2,5.4,4.6,5.8
rf_full,signo_zodiacal_aries,41,0.5,0.42000000000000004,0.4175757575757576,0.4,0.40728487886382625,0.367,0.4863154370569231,4.0,5.6,4.4,6.0
rf_full,signo_zodiacal_aries,42,0.5,0.45,0.44079254079254077,0.48,0.45391492565405606,0.42400000000000004,0.4950612920790939,4.8,5.8,4.2,5.2
rf_full,signo_zodiacal_aries,43,0.5,0.43000000000000005,0.4327777777777778,0.4600000000000001,0.4366617592933382,0.41500000000000004,0.48982405726368566,4.6,6.0,4.0,5.4
rf_full,signo_zodiacal_aries,44,0.5,0.43,0.40995670995670996,0.36,0.37898422526905495,0.44800000000000006,0.48646137239093895,3.6,5.0,5.0,6.4
rf_full,signo_zodiacal_aries,45,0.5,0.43,0.44518648018648016,0.4999999999999999,0.4646017943409248,0.438,0.5194401980888049,5.0,6.4,3.6,5.0
rf_full,signo_zodiacal_aries,46,0.5,0.56,0.5886446886446886,0.44000000000000006,0.4787110285057519,0.54,0.591030035324153,4.4,3.2,6.8,5.6
rf_full,signo_zodiacal_aries,47,0.5,0.48,0.48119658119658115,0.38,0.40959009843449207,0.541,0.5816953385451837,3.8,4.2,5.8,6.2
rf_full,signo_zodiacal_aries,48,0.5,0.49000000000000005,0.48888888888888893,0.4600000000000001,0.47368421052631576,0.517,0.573818513787554,4.6,4.8,5.2,5.4
rf_full,signo_zodiacal_aries,49,0.5,0.56,0.5564102564102564,0.6599999999999999,0.6002947091047777,0.519,0.5448887125945949,6.6,5.4,4.6,3.4
rf_full,signo_zodiacal_aries,50,0.5,0.3,0.28232323232323225,0.26,0.27000835421888053,0.285,0.4336950751347036,2.6,6.6,3.4,7.4
rf_full,signo_zodiacal_aries,51,0.5,0.39999999999999997,0.40126623376623377,0.48,0.4299892264598147,0.346,0.4540039893027509,4.8,6.8,3.2,5.2
rf_full,signo_zodiacal_aries,52,0.5,0.5000000000000001,0.49444444444444446,0.5199999999999999,0.5047846889952152,0.5119999999999999,0.5810091862901461,5.2,5.2,4.8,4.8
rf_full,signo_zodiacal_aries,53,0.5,0.41000000000000003,0.41222222222222216,0.38,0.3901196172248804,0.382,0.4820377969983233,3.8,5.6,4.4,6.2
rf_full,signo_zodiacal_aries,54,0.5,0.49000000000000005,0.4888888888888888,0.48,0.48320802005012525,0.5439999999999999,0.6251214614418948,4.8,5.0,5.0,5.2
rf_full,signo_zodiacal_aries,55,0.5,0.42000000000000004,0.4184415584415585,0.38,0.39086962057550295,0.375,0.473515773871811,3.8,5.4,4.6,6.2
rf_full,signo_zodiacal_aries,56,0.5,0.65,0.6643589743589744,0.64,0.6384855419180362,0.701,0.7279399956768378,6.4,3.4,6.6,3.6
rf_full,signo_zodiacal_aries,57,0.5,0.52,0.5015018315018315,0.5199999999999999,0.5049595701258105,0.507,0.5555706038028019,5.2,4.8,5.2,4.8
rf_full,signo_zodiacal_aries,58,0.5,0.55,0.5522222222222222,0.6,0.5697990430622009,0.5529999999999999,0.6028222518795274,6.0,5.0,5.0,4.0
rf_full,signo_zodiacal_aries,59,0.5,0.57,0.5884559884559885,0.5,0.5365767359575409,0.576,0.6272529878102633,5.0,3.6,6.4,5.0
rf_full,signo_zodiacal_aries,60,0.5,0.54,0.5327777777777778,0.45999999999999996,0.48586921850079745,0.5890000000000001,0.6434892951905337,4.6,3.8,6.2,5.4
rf_full,signo_zodiacal_aries,61,0.5,0.55,0.568065268065268,0.54,0.544949329846355,0.544,0.5987970346646817,5.4,4.4,5.6,4.6
rf_full,signo_zodiacal_aries,62,0.5,0.54,0.530909090909091,0.54,0.5163809523809524,0.5650000000000001,0.5975137778458212,5.4,4.6,5.4,4.6
rf_full,signo_zodiacal_aries,63,0.5,0.45,0.43939393939393945,0.4,0.41507936507936505,0.45200000000000007,0.49703120855752425,4.0,5.0,5.0,6.0
rf_full,signo_zodiacal_aries,64,0.5,0.6300000000000001,0.6197940947940948,0.6599999999999999,0.6342925825763354,0.637,0.6777011326306992,6.6,4.0,6.0,3.4
rf_full,signo_zodiacal_aries,65,0.5,0.57,0.5797258297258299,0.6,0.5811353249433745,0.6280000000000001,0.6881747213055263,6.0,4.6,5.4,4.0
rf_full,signo_zodiacal_aries,66,0.5,0.5199999999999999,0.5166666666666667,0.54,0.5256854256854255,0.5880000000000001,0.6376698840375311,5.4,5.0,5.0,4.6
rf_full,signo_zodiacal_aries,67,0.5,0.41,0.395,0.4,0.38866666666666666,0.4050000000000001,0.5154617984354826,4.0,5.8,4.2,6.0
rf_full,signo_zodiacal_aries,68,0.5,0.4800000000000001,0.4746031746031746,0.44000000000000006,0.4533633549113425,0.497,0.5474265004001847,4.4,4.8,5.2,5.6
rf_full,signo_zodiacal_aries,69,0.5,0.45999999999999996,0.4329004329004329,0.5,0.4510881275587158,0.43800000000000006,0.48488229907347546,5.0,5.8,4.2,5.0
rf_full,signo_zodiacal_aries,70,0.5,0.5900000000000001,0.6095238095238095,0.5799999999999998,0.5747379679144384,0.6759999999999999,0.7404086356539917,5.8,4.0,6.0,4.2
rf_full,signo_zodiacal_aries,71,0.5,0.5599999999999999,0.5545454545454545,0.5399999999999999,0.5416666666666666,0.579,0.6265590243090242,5.4,4.2,5.8,4.6
rf_full,signo_zodiacal_aries,72,0.5,0.43,0.4157575757575757,0.4,0.40428571428571425,0.38799999999999996,0.454129740572465,4.0,5.4,4.6,6.0
rf_full,signo_zodiacal_aries,73,0.5,0.43000000000000005,0.392063492063492,0.33999999999999997,0.3584717140444694,0.421,0.5242052593948878,3.4,4.8,5.2,6.6
rf_full,signo_zodiacal_aries,74,0.5,0.43,0.4405594405594406,0.5,0.46394064872325746,0.425,0.519397167160325,5.0,6.4,3.6,5.0
rf_full,signo_zodiacal_aries,75,0.5,0.49000000000000005,0.4877777777777778,0.5,0.4925358851674641,0.47400000000000003,0.5559848735715609,5.0,5.2,4.8,5.0
rf_full,signo_zodiacal_aries,76,0.5,0.5,0.5085281385281386,0.5,0.5002648332060097,0.5750000000000001,0.6427958299870065,5.0,5.0,5.0,5.0
rf_full,signo_zodiacal_aries,77,0.5,0.58,0.5852813852813853,0.5800000000000001,0.5773873185637892,0.6049999999999999,0.6210046136354187,5.8,4.2,5.8,4.2
rf_full,signo_zodiacal_aries,78,0.5,0.45,0.43797979797979797,0.41999999999999993,0.42092048302574614,0.45199999999999996,0.5505088526884192,4.2,5.2,4.8,5.8
rf_full,signo_zodiacal_aries,79,0.5,0.5200000000000001,0.5243589743589745,0.5,0.5077040427154843,0.562,0.6410262521276453,5.0,4.6,5.4,5.0
rf_full,signo_zodiacal_aries,80,0.5,0.61,0.6227777777777778,0.5599999999999999,0.5890058479532164,0.6319999999999999,0.6670266775707951,5.6,3.4,6.6,4.4
rf_full,signo_zodiacal_aries,81,0.5,0.42000000000000004,0.42515151515151517,0.45999999999999996,0.4413852813852814,0.43,0.5493416871226469,4.6,6.2,3.8,5.4
rf_full,signo_zodiacal_aries,82,0.5,0.53,0.5438228438228438,0.5599999999999999,0.5420101637492942,0.496,0.5539133535882762,5.6,5.0,5.0,4.4
rf_full,signo_zodiacal_aries,83,0.5,0.5599999999999999,0.5581818181818182,0.5599999999999999,0.5574603174603174,0.577,0.6153380296174413,5.6,4.4,5.6,4.4
rf_full,signo_zodiacal_aries,84,0.5,0.47000000000000003,0.4781313131313131,0.5,0.4825597326649958,0.449,0.5188849365288993,5.0,5.6,4.4,5.0
rf_full,signo_zodiacal_aries,85,0.5,0.6,0.5973026973026972,0.6599999999999999,0.6179576178297406,0.635,0.6746693280060153,6.6,4.6,5.4,3.4
rf_full,signo_zodiacal_aries,86,0.5,0.42000000000000004,0.4329545454545455,0.5,0.45805305805305796,0.42700000000000005,0.5007426647999405,5.0,6.6,3.4,5.0
rf_full,signo_zodiacal_aries,87,0.5,0.5199999999999999,0.5317460317460317,0.42000000000000004,0.460948494230228,0.519,0.571139358577439,4.2,3.8,6.2,5.8
rf_full,signo_zodiacal_aries,88,0.5,0.4699999999999999,0.45757575757575764,0.43999999999999995,0.4432178932178932,0.518,0.5521836645466676,4.4,5.0,5.0,5.6
rf_full,signo_zodiacal_aries,89,0.5,0.51,0.5355555555555556,0.36,0.4213533834586466,0.506,0.5700537868564184,3.6,3.4,6.6,6.4
rf_full,signo_zodiacal_aries,90,0.5,0.49000000000000005,0.5002020202020201,0.5,0.49366651923927457,0.517,0.5643900517267391,5.0,5.2,4.8,5.0
rf_full,signo_zodiacal_aries,91,0.5,0.54,0.545,0.4800000000000001,0.5040909090909091,0.46799999999999997,0.5765236183664977,4.8,4.0,6.0,5.2
rf_full,signo_zodiacal_aries,92,0.5,0.53,0.5275757575757576,0.5599999999999999,0.5404906204906205,0.5309999999999999,0.5598207523470681,5.6,5.0,5.0,4.4
rf_full,signo_zodiacal_aries,93,0.5,0.63,0.6355988455988456,0.6199999999999999,0.6230445096698966,0.641,0.681032699326817,6.2,3.6,6.4,3.8
rf_full,signo_zodiacal_aries,94,0.5,0.38,0.3538095238095238,0.31999999999999995,0.3311258091753448,0.384,0.48805970276713306,3.2,5.6,4.4,6.8
rf_full,signo_zodiacal_aries,95,0.5,0.47000000000000003,0.45995670995671,0.42000000000000004,0.4312569525417823,0.535,0.5634840682193624,4.2,4.8,5.2,5.8
rf_full,signo_zodiacal_aries,96,0.5,0.5599999999999999,0.5469308469308469,0.6199999999999999,0.578413424866514,0.572,0.6344385691707674,6.2,5.0,5.0,3.8
rf_full,signo_zodiacal_aries,97,0.5,0.42000000000000004,0.4081252081252081,0.41999999999999993,0.40735155722368005,0.394,0.5001504159754934,4.2,5.8,4.2,5.8
rf_full,signo_zodiacal_aries,98,0.5,0.5900000000000001,0.598989898989899,0.54,0.5608187134502923,0.605,0.6187230332447051,5.4,3.6,6.4,4.6
rf_full,signo_zodiacal_aries,99,0.5,0.45,0.4200432900432901,0.42000000000000004,0.40855472013366756,0.42400000000000004,0.5351317510319058,4.2,5.2,4.8,5.8
rf_full,signo_zodiacal_aries,100,0.5,0.44000000000000006,0.42662337662337657,0.42000000000000004,0.4158263305322129,0.429,0.4745021332296874,4.2,5.4,4.6,5.8
rf_full,signo_zodiacal_aries,101,0.5,0.45,0.4470789341377577,0.54,0.48189168573607927,0.46900000000000003,0.5507309244762805,5.4,6.4,3.6,4.6
rf_full,signo_zodiacal_aries,102,0.5,0.49000000000000005,0.4916666666666667,0.48,0.464111327269222,0.57,0.6148498708893445,4.8,5.0,5.0,5.2
rf_full,signo_zodiacal_aries,103,0.5,0.5599999999999999,0.5522533022533023,0.6399999999999999,0.5902998603227436,0.66,0.7119889826375895,6.4,5.2,4.8,3.6
rf_full,signo_zodiacal_aries,104,0.5,0.35,0.31212121212121213,0.27999999999999997,0.28855472013366745,0.317,0.4662701849234357,2.8,5.8,4.2,7.2
rf_full,signo_zodiacal_aries,105,0.5,0.5000000000000001,0.5165501165501165,0.44000000000000006,0.45672877846790894,0.522,0.620844422519345,4.4,4.4,5.6,5.6
rf_full,signo_zodiacal_aries,106,0.5,0.49000000000000005,0.4901709401709402,0.56,0.5201789057624298,0.44299999999999995,0.5024679219988817,5.6,5.8,4.2,4.4
rf_full,signo_zodiacal_aries,107,0.5,0.53,0.5261111111111111,0.45999999999999996,0.48692982456140355,0.57,0.6384560288352857,4.6,4.0,6.0,5.4
rf_full,signo_zodiacal_aries,108,0.5,0.42000000000000004,0.42655011655011654,0.48,0.4504950122341427,0.45499999999999996,0.5048763828191073,4.8,6.4,3.6,5.2
rf_full,signo_zodiacal_aries,109,0.5,0.39,0.3745454545454545,0.4,0.37830075187969925,0.388,0.5059162700045053,4.0,6.2,3.8,6.0
rf_full,signo_zodiacal_aries,110,0.5,0.52,0.517016317016317,0.58,0.5431708388230128,0.5900000000000001,0.6280210312563254,5.8,5.4,4.6,4.2
rf_full,signo_zodiacal_aries,111,0.5,0.45999999999999996,0.4572960372960373,0.5199999999999999,0.47989771530274955,0.45400000000000007,0.5175161048102224,5.2,6.0,4.0,4.8
rf_full,signo_zodiacal_aries,112,0.5,0.54,0.5533333333333333,0.5599999999999999,0.5461904761904762,0.539,0.5983422482230532,5.6,4.8,5.2,4.4
rf_full,signo_zodiacal_aries,113,0.5,0.4800000000000001,0.47756512493354597,0.58,0.5139305945113567,0.493,0.5289958005530762,5.8,6.2,3.8,4.2
rf_full,signo_zodiacal_aries,114,0.5,0.53,0.5972222222222222,0.36,0.4346378767431398,0.567,0.6725742015122821,3.6,3.0,7.0,6.4
rf_full,signo_zodiacal_aries,115,0.5,0.6,0.5903496503496504,0.68,0.6306455862977602,0.589,0.5972242724595667,6.8,4.8,5.2,3.2
rf_full,signo_zodiacal_aries,116,0.5,0.51,0.5279365079365079,0.6,0.556762360446571,0.523,0.6275999468367889,6.0,5.8,4.2,4.0
rf_full,signo_zodiacal_aries,117,0.5,0.42000000000000004,0.43,0.38,0.39722488038277515,0.384,0.48975417272785693,3.8,5.4,4.6,6.2
rf_full,signo_zodiacal_aries,118,0.5,0.48,0.48619658119658116,0.5199999999999999,0.49633613018052375,0.442,0.5243251095309919,5.2,5.6,4.4,4.8
rf_full,signo_zodiacal_aries,119,0.5,0.45999999999999996,0.44995670995670994,0.4800000000000001,0.45698422526905497,0.457,0.5212188907583645,4.8,5.6,4.4,5.2
rf_full,signo_zodiacal_aries,120,0.5,0.47000000000000003,0.39603174603174607,0.3,0.32607454465039604,0.4549999999999999,0.5207542551188062,3.0,3.6,6.4,7.0
rf_full,signo_zodiacal_aries,121,0.5,0.6,0.611948051948052,0.5599999999999999,0.5808216619981327,0.5770000000000001,0.6274011990761217,5.6,3.6,6.4,4.4
rf_full,signo_zodiacal_aries,122,0.5,0.58,0.5581274281274282,0.5800000000000001,0.5583329866167395,0.632,0.6851737804678981,5.8,4.2,5.8,4.2
rf_full,signo_zodiacal_aries,123,0.5,0.49000000000000005,0.4783394383394384,0.48,0.4596171759321578,0.569,0.6222546952531472,4.8,5.0,5.0,5.2
rf_full,signo_zodiacal_aries,124,0.5,0.47000000000000003,0.477979797979798,0.38,0.41349624060150375,0.46699999999999997,0.5227996447996448,3.8,4.4,5.6,6.2
rf_full,signo_zodiacal_aries,125,0.5,0.5599999999999999,0.5587301587301587,0.52,0.5337242392969948,0.5440000000000002,0.6070702712320359,5.2,4.0,6.0,4.8
rf_full,signo_zodiacal_aries,126,0.5,0.5,0.5067210567210567,0.54,0.5199936600394266,0.507,0.5741029699574591,5.4,5.4,4.6,4.6
rf_full,signo_zodiacal_aries,127,0.5,0.4600000000000001,0.45999999999999996,0.4,0.42470588235294116,0.43599999999999994,0.5040499053749827,4.0,4.8,5.2,6.0
rf_full,signo_zodiacal_aries,128,0.5,0.49000000000000005,0.47054945054945047,0.44000000000000006,0.448275078147201,0.522,0.5806174750601996,4.4,4.6,5.4,5.6
rf_full,signo_zodiacal_aries,129,0.5,0.52,0.5286691086691088,0.52,0.5078141068784493,0.515,0.5764741390360585,5.2,4.8,5.2,4.8
rf_full,signo_zodiacal_aries,130,0.5,0.41000000000000003,0.42475524475524473,0.48,0.4491511387163561,0.434,0.5242102064602064,4.8,6.6,3.4,5.2
rf_full,signo_zodiacal_aries,131,0.5,0.55,0.5542857142857143,0.45999999999999996,0.5007843137254901,0.5469999999999999,0.6277804587053814,4.6,3.6,6.4,5.4
rf_full,signo_zodiacal_aries,132,0.5,0.49000000000000005,0.4808823529411764,0.6,0.5261904761904763,0.5319999999999999,0.61499379172599,6.0,6.2,3.8,4.0
rf_full,signo_zodiacal_aries,133,0.5,0.53,0.5920634920634921,0.52,0.5256094782410572,0.5890000000000001,0.6571904288521935,5.2,4.6,5.4,4.8
rf_full,signo_zodiacal_aries,134,0.5,0.5,0.5051948051948052,0.45999999999999996,0.4782446311858076,0.476,0.520156178187138,4.6,4.6,5.4,5.4
rf_full,signo_zodiacal_aries,135,0.5,0.5800000000000001,0.5737262737262737,0.6000000000000001,0.5808671294604798,0.615,0.6850492454741681,6.0,4.4,5.6,4.0
rf_full,signo_zodiacal_aries,136,0.5,0.5,0.5088888888888888,0.48,0.4791863717264174,0.465,0.5236227839068397,4.8,4.8,5.2,5.2
rf_full,signo_zodiacal_aries,137,0.5,0.5900000000000001,0.5972727272727273,0.52,0.5505555555555556,0.601,0.6542145596921138,5.2,3.4,6.6,4.8
rf_full,signo_zodiacal_aries,138,0.5,0.5199999999999999,0.5301948051948051,0.5,0.5099906629318394,0.515,0.5978127258878032,5.0,4.6,5.4,5.0
rf_full,signo_zodiacal_aries,139,0.5,0.52,0.5284693084693085,0.48,0.4907805746249682,0.536,0.5901647337870248,4.8,4.4,5.6,5.2
rf_full,signo_zodiacal_aries,140,0.5,0.52,0.5059523809523809,0.54,0.516161616161616,0.5399999999999999,0.6022719498423833,5.4,5.0,5.0,4.6
rf_full,signo_zodiacal_aries,141,0.5,0.5200000000000001,0.5341630591630592,0.44000000000000006,0.4789326256818517,0.5210000000000001,0.6190652162594887,4.4,4.0,6.0,5.6
rf_full,signo_zodiacal_aries,142,0.5,0.49000000000000005,0.46880952380952384,0.41999999999999993,0.43599821746880574,0.485,0.5779466824025647,4.2,4.4,5.6,5.8
rf_full,signo_zodiacal_aries,143,0.5,0.51,0.5166666666666666,0.52,0.5102792632204397,0.525,0.5949757356506582,5.2,5.0,5.0,4.8
rf_full,signo_zodiacal_aries,144,0.5,0.49000000000000005,0.4958430458430459,0.54,0.5148057891764986,0.5309999999999999,0.6080221922899941,5.4,5.6,4.4,4.6
rf_full,signo_zodiacal_aries,145,0.5,0.51,0.509090909090909,0.54,0.5213564213564214,0.5269999999999999,0.5709689287320867,5.4,5.2,4.8,4.6
rf_full,signo_zodiacal_aries,146,0.5,0.44000000000000006,0.4405483405483405,0.4,0.41558798958179766,0.42700000000000005,0.4965932417255946,4.0,5.2,4.8,6.0
rf_full,signo_zodiacal_aries,147,0.5,0.36,0.335,0.32,0.3243939393939394,0.28500000000000003,0.4145398629578196,3.2,6.0,4.0,6.8
rf_full,signo_zodiacal_aries,148,0.5,0.5199999999999999,0.5076923076923077,0.5,0.4903665814151748,0.496,0.5633798958179763,5.0,4.6,5.4,5.0
rf_full,signo_zodiacal_aries,149,0.5,0.49000000000000005,0.48769230769230776,0.5199999999999999,0.4934057971014493,0.45499999999999996,0.5459858176738981,5.2,5.4,4.6,4.8
rf_full,signo_zodiacal_aries,150,0.5,0.37,0.3672766122766123,0.38,0.3709665468017871,0.296,0.42418945476608017,3.8,6.4,3.6,6.2
rf_full,signo_zodiacal_aries,151,0.5,0.4800000000000001,0.46646464646464647,0.4600000000000001,0.4585395306447938,0.538,0.6019061673620497,4.6,5.0,5.0,5.4
rf_full,signo_zodiacal_aries,152,0.5,0.49000000000000005,0.49824175824175826,0.5199999999999999,0.5011253196930947,0.51,0.5652497563496015,5.2,5.4,4.6,4.8
rf_full,signo_zodiacal_aries,153,0.5,0.38,0.37643689643689643,0.38,0.37358049856098047,0.4,0.4962541984159631,3.8,6.2,3.8,6.2
rf_full,signo_zodiacal_aries,154,0.5,0.4800000000000001,0.475,0.44000000000000006,0.4541201488569909,0.462,0.5595136736328687,4.4,4.8,5.2,5.6
rf_full,signo_zodiacal_aries,155,0.5,0.5,0.5097319347319347,0.45999999999999996,0.4741890959282264,0.5900000000000001,0.6361713749786505,4.6,4.6,5.4,5.4
rf_full,signo_zodiacal_aries,156,0.5,0.5,0.5153357753357752,0.54,0.5168141068784493,0.526,0.551661012190424,5.4,5.4,4.6,4.6
rf_full,signo_zodiacal_aries,157,0.5,0.49000000000000005,0.4612698412698412,0.4,0.4261145510835913,0.522,0.599601630825315,4.0,4.2,5.8,6.0
rf_full,signo_zodiacal_aries,158,0.5,0.41,0.4031746031746032,0.32,0.35332817337461303,0.392,0.5011397872852982,3.2,5.0,5.0,6.8
rf_full,signo_zodiacal_aries,159,0.5,0.58,0.5836829836829837,0.6,0.5819875776397516,0.584,0.6243277443231003,6.0,4.4,5.6,4.0
rf_full,signo_zodiacal_aries,160,0.5,0.42000000000000004,0.4067016317016317,0.4,0.39720496894409935,0.38599999999999995,0.5148735996545595,4.0,5.6,4.4,6.0
rf_full,signo_zodiacal_aries,161,0.5,0.47000000000000003,0.4533333333333333,0.48,0.45891547049441783,0.49800000000000005,0.5395586706894756,4.8,5.4,4.6,5.2
rf_full,signo_zodiacal_aries,162,0.5,0.5799999999999998,0.5866317016317015,0.6,0.574183574879227,0.597,0.6349205316527298,6.0,4.4,5.6,4.0
rf_full,signo_zodiacal_aries,163,0.5,0.5399999999999999,0.5616666666666666,0.4,0.4557142857142857,0.5369999999999999,0.6190334490071333,4.0,3.2,6.8,6.0
rf_full,signo_zodiacal_aries,164,0.5,0.5,0.49444444444444446,0.5599999999999999,0.5214513556618819,0.45899999999999996,0.534961972667855,5.6,5.6,4.4,4.4
rf_full,signo_zodiacal_aries,165,0.5,0.42000000000000004,0.4142857142857143,0.31999999999999995,0.34701213818860877,0.328,0.46455935344325433,3.2,4.8,5.2,6.8
rf_full,signo_zodiacal_aries,166,0.5,0.47000000000000003,0.4722222222222222,0.45999999999999996,0.45964342674868985,0.42000000000000004,0.4913505573373994,4.6,5.2,4.8,5.4
rf_full,signo_zodiacal_aries,167,0.5,0.43999999999999995,0.42987012987012985,0.4800000000000001,0.4493362562416271,0.406,0.4714305043082133,4.8,6.0,4.0,5.2
rf_full,signo_zodiacal_aries,168,0.5,0.48,0.45324786324786326,0.41999999999999993,0.4291075514874142,0.48100000000000004,0.5453471050793033,4.2,4.6,5.4,5.8
rf_full,signo_zodiacal_aries,169,0.5,0.53,0.5316666666666666,0.48,0.48911111111111116,0.556,0.5754018036487076,4.8,4.2,5.8,5.2
rf_full,signo_zodiacal_aries,170,0.5,0.44000000000000006,0.4355555555555556,0.41999999999999993,0.4253482190324295,0.377,0.4889048021122324,4.2,5.4,4.6,5.8
rf_full,signo_zodiacal_aries,171,0.5,0.53,0.5272727272727272,0.5,0.507563025210084,0.533,0.5775321516289008,5.0,4.4,5.6,5.0
rf_full,signo_zodiacal_aries,172,0.5,0.45999999999999996,0.4411111111111111,0.45999999999999996,0.4363742690058479,0.45000000000000007,0.532132848146006,4.6,5.4,4.6,5.4
rf_full,signo_zodiacal_aries,173,0.5,0.43,0.4422766122766123,0.48,0.45836686578105346,0.425,0.5223030672457917,4.8,6.2,3.8,5.2
rf_full,signo_zodiacal_aries,174,0.5,0.5799999999999998,0.5867832167832168,0.6,0.5893581780538302,0.6120000000000001,0.6508070628202207,6.0,4.4,5.6,4.0
rf_full,signo_zodiacal_aries,175,0.5,0.45999999999999996,0.4568253968253968,0.4,0.4247402820777434,0.44399999999999995,0.5167994952244179,4.0,4.8,5.2,6.0
rf_full,signo_zodiacal_aries,176,0.5,0.5200000000000001,0.49523809523809526,0.4,0.43296833885069186,0.557,0.5709406775714825,4.0,3.6,6.4,6.0
rf_full,signo_zodiacal_aries,177,0.5,0.53,0.5174358974358974,0.6599999999999999,0.5779604743083004,0.538,0.5390675976070713,6.6,6.0,4.0,3.4
rf_full,signo_zodiacal_aries,178,0.5,0.49000000000000005,0.4895104895104895,0.6,0.5379728966685489,0.5299999999999999,0.597371487989135,6.0,6.2,3.8,4.0
rf_full,signo_zodiacal_aries,179,0.5,0.45,0.4688888888888889,0.44000000000000006,0.4460287081339713,0.437,0.5448715087801774,4.4,5.4,4.6,5.6
rf_full,signo_zodiacal_aries,180,0.5,0.41999999999999993,0.4171911421911422,0.45999999999999996,0.4337583088155171,0.383,0.48112290427151105,4.6,6.2,3.8,5.4
rf_full,signo_zodiacal_aries,181,0.5,0.49000000000000005,0.49572649572649574,0.52,0.5034324942791761,0.5549999999999999,0.6351330983258229,5.2,5.4,4.6,4.8
rf_full,signo_zodiacal_aries,182,0.5,0.5599999999999999,0.5783333333333334,0.54,0.5435138571065344,0.5599999999999999,0.6214008583435828,5.4,4.2,5.8,4.6
rf_full,signo_zodiacal_aries,183,0.5,0.48,0.45396825396825397,0.38,0.41179910560715516,0.45299999999999996,0.6059973941607069,3.8,4.2,5.8,6.2
rf_full,signo_zodiacal_aries,184,0.5,0.39,0.37883838383838386,0.32,0.34145363408521295,0.392,0.469813101930749,3.2,5.4,4.6,6.8
rf_full,signo_zodiacal_aries,185,0.5,0.53,0.5225829725829726,0.47999999999999987,0.49240983474729605,0.5529999999999999,0.5819619346941328,4.8,4.2,5.8,5.2
rf_full,signo_zodiacal_aries,186,0.5,0.47000000000000003,0.46428571428571425,0.44000000000000006,0.447653000594177,0.442,0.5118158714350665,4.4,5.0,5.0,5.6
rf_full,signo_zodiacal_aries,187,0.5,0.57,0.5965079365079365,0.5599999999999999,0.5596172248803827,0.583,0.6062139125064822,5.6,4.2,5.8,4.4
rf_full,signo_zodiacal_aries,188,0.5,0.5700000000000001,0.5737373737373737,0.5599999999999999,0.564828738512949,0.5810000000000001,0.5701678974620151,5.6,4.2,5.8,4.4
rf_full,signo_zodiacal_aries,189,0.5,0.44000000000000006,0.43459383753501396,0.5199999999999999,0.46601024248083067,0.40599999999999997,0.4927098550744061,5.2,6.4,3.6,4.8
rf_full,signo_zodiacal_aries,190,0.5,0.48,0.49111111111111105,0.5,0.4933971291866029,0.46799999999999997,0.5217840758312894,5.0,5.4,4.6,5.0
rf_full,signo_zodiacal_aries,191,0.5,0.51,0.49885392385392385,0.5599999999999999,0.5226163234172387,0.5319999999999999,0.552313285355855,5.6,5.4,4.6,4.4
rf_full,signo_zodiacal_aries,192,0.5,0.5599999999999999,0.558053058053058,0.5599999999999999,0.5539815010672461,0.557,0.5791580733507978,5.6,4.4,5.6,4.4
rf_full,signo_zodiacal_aries,193,0.5,0.58,0.5748917748917749,0.6399999999999999,0.598663101604278,0.5830000000000001,0.6186138183282146,6.4,4.8,5.2,3.6
rf_full,signo_zodiacal_aries,194,0.5,0.5700000000000001,0.5897435897435896,0.52,0.5269846857947544,0.6329999999999999,0.668583016226979,5.2,3.8,6.2,4.8
rf_full,signo_zodiacal_aries,195,0.5,0.4800000000000001,0.47333333333333333,0.54,0.504069264069264,0.43200000000000005,0.5311901370902918,5.4,5.8,4.2,4.6
rf_full,signo_zodiacal_aries,196,0.5,0.5200000000000001,0.5153846153846154,0.58,0.5418909592822636,0.48500000000000004,0.5599126074304093,5.8,5.4,4.6,4.2
rf_full,signo_zodiacal_aries,197,0.5,0.51,0.4904761904761905,0.5399999999999999,0.5111280875986758,0.514,0.5897450980392156,5.4,5.2,4.8,4.6
rf_full,signo_zodiacal_aries,198,0.5,0.6,0.5814607614607615,0.6799999999999999,0.6217269260106788,0.5609999999999999,0.601538145463068,6.8,4.8,5.2,3.2
rf_full,signo_zodiacal_aries,199,0.5,0.4600000000000001,0.46590909090909094,0.48,0.46950710108604843,0.4739999999999999,0.544920347196663,4.8,5.6,4.4,5.2
rf_full,signo_zodiacal_aries,200,0.5,0.49000000000000005,0.48686868686868684,0.4600000000000001,0.4667976760082023,0.5109999999999999,0.5514096238299024,4.6,4.8,5.2,5.4
rf_full,signo_zodiacal_aries,201,0.5,0.37,0.3488888888888889,0.36,0.3510287081339713,0.413,0.5034587085601018,3.6,6.2,3.8,6.4
rf_full,signo_zodiacal_aries,202,0.5,0.53,0.5311111111111112,0.52,0.5252631578947369,0.5069999999999999,0.5371493588111236,5.2,4.6,5.4,4.8
rf_full,signo_zodiacal_aries,203,0.5,0.5,0.515034965034965,0.5199999999999999,0.50781102955016,0.513,0.614837912087912,5.2,5.2,4.8,4.8
rf_full,signo_zodiacal_aries,204,0.5,0.54,0.5465934065934066,0.42000000000000004,0.46483802216538794,0.55,0.595806150334014,4.2,3.4,6.6,5.8
rf_full,signo_zodiacal_aries,205,0.5,0.51,0.5308333333333334,0.5,0.4932983682983683,0.47400000000000003,0.5570531010956707,5.0,4.8,5.2,5.0
rf_full,signo_zodiacal_aries,206,0.5,0.43,0.43008103008103016,0.42000000000000004,0.42085520707138696,0.47300000000000003,0.5496342176914932,4.2,5.6,4.4,5.8
rf_full,signo_zodiacal_aries,207,0.5,0.49000000000000005,0.47714285714285715,0.45999999999999996,0.46024064171122997,0.44899999999999995,0.5304918039476864,4.6,4.8,5.2,5.4
rf_full,signo_zodiacal_aries,208,0.5,0.52,0.5107226107226107,0.5599999999999999,0.5325160727906723,0.5479999999999999,0.585802575477498,5.6,5.2,4.8,4.4
rf_full,signo_zodiacal_aries,209,0.5,0.4600000000000001,0.4709090909090909,0.5,0.4784466513878279,0.472,0.5810182615801811,5.0,5.8,4.2,5.0
rf_full,signo_zodiacal_aries,210,0.5,0.53,0.5444949494949495,0.42000000000000004,0.46421052631578946,0.5269999999999999,0.5857198279876298,4.2,3.6,6.4,5.8
rf_full,signo_zodiacal_aries,211,0.5,0.51,0.5196825396825396,0.44000000000000006,0.4734984520123839,0.5519999999999999,0.6422381595013174,4.4,4.2,5.8,5.6
rf_full,signo_zodiacal_aries,212,0.5,0.42000000000000004,0.42333333333333334,0.4600000000000001,0.44043290043290045,0.384,0.5205771579641548,4.6,6.2,3.8,5.4
rf_full,signo_zodiacal_aries,213,0.5,0.5599999999999999,0.5984848484848485,0.5,0.5376984126984127,0.583,0.6286072250762653,5.0,3.8,6.2,5.0
rf_full,signo_zodiacal_aries,214,0.5,0.49000000000000005,0.4954822954822955,0.45999999999999996,0.47214968367209587,0.469,0.5570361192814752,4.6,4.8,5.2,5.4
rf_full,signo_zodiacal_aries,215,0.5,0.55,0.5375757575757576,0.45999999999999996,0.48655388471177946,0.5120000000000001,0.5600908181086199,4.6,3.6,6.4,5.4
rf_full,signo_zodiacal_aries,216,0.5,0.5599999999999999,0.5477777777777778,0.5800000000000001,0.5564574537949151,0.558,0.5903204362716746,5.8,4.6,5.4,4.2
rf_full,signo_zodiacal_aries,217,0.5,0.5900000000000001,0.6295238095238096,0.5599999999999999,0.5808288770053476,0.632,0.727349881113039,5.6,3.8,6.2,4.4
rf_full,signo_zodiacal_aries,218,0.5,0.44000000000000006,0.43170163170163167,0.48,0.44720496894409945,0.35100000000000003,0.44525180581372525,4.8,6.0,4.0,5.2
rf_full,signo_zodiacal_aries,219,0.5,0.36,0.37666666666666665,0.36,0.365050505050505,0.362,0.47971821745505955,3.6,6.4,3.6,6.4
rf_full,signo_zodiacal_aries,220,0.5,0.49000000000000005,0.4954822954822955,0.43999999999999995,0.4604537772393472,0.49700000000000005,0.6094419381787803,4.4,4.6,5.4,5.6
rf_full,signo_zodiacal_aries,221,0.5,0.43,0.41558441558441556,0.36,0.3827264239028945,0.42000000000000004,0.5208368422942726,3.6,5.0,5.0,6.4
rf_full,signo_zodiacal_aries,222,0.5,0.5599999999999999,0.5581818181818182,0.5800000000000001,0.5685714285714285,0.5970000000000001,0.6386197783125027,5.8,4.6,5.4,4.2
rf_full,signo_zodiacal_aries,223,0.5,0.53,0.5311111111111111,0.48,0.5036257309941521,0.5109999999999999,0.5428886936077338,4.8,4.2,5.8,5.2
rf_full,signo_zodiacal_aries,224,0.5,0.47000000000000003,0.4609523809523809,0.4600000000000001,0.4498752228163993,0.441,0.517890480005031,4.6,5.2,4.8,5.4
rf_full,signo_zodiacal_aries,225,0.5,0.51,0.5033766233766233,0.62,0.5506959706959706,0.47400000000000003,0.5042443651120122,6.2,6.0,4.0,3.8
rf_full,signo_zodiacal_aries,226,0.5,0.5199999999999999,0.5202020202020202,0.58,0.5468215994531784,0.534,0.557971055690096,5.8,5.4,4.6,4.2
rf_full,signo_zodiacal_aries,227,0.5,0.44000000000000006,0.4257575757575758,0.4800000000000001,0.4467301587301587,0.425,0.5077887918754792,4.8,6.0,4.0,5.2
rf_full,signo_zodiacal_aries,228,0.5,0.45,0.487050727050727,0.4,0.42626874090597333,0.512,0.5945106260268799,4.0,5.0,5.0,6.0
rf_full,signo_zodiacal_aries,229,0.5,0.5,0.5015151515151516,0.5599999999999999,0.5285714285714286,0.49800000000000005,0.576062480776877,5.6,5.6,4.4,4.4
rf_full,signo_zodiacal_aries,230,0.5,0.45,0.4526190476190476,0.4,0.42058229352347,0.465,0.5531380496868115,4.0,5.0,5.0,6.0
rf_full,signo_zodiacal_aries,231,0.5,0.55,0.558974358974359,0.6200000000000001,0.5831357048748352,0.5229999999999999,0.5470421394051426,6.2,5.2,4.8,3.8
rf_full,signo_zodiacal_aries,232,0.5,0.42000000000000004,0.3893939393939394,0.4,0.3845864661654136,0.404,0.4604331681390505,4.0,5.6,4.4,6.0
rf_full,signo_zodiacal_aries,233,0.5,0.45,0.44147186147186146,0.44000000000000006,0.43317460317460316,0.48699999999999993,0.5603963540759207,4.4,5.4,4.6,5.6
rf_full,signo_zodiacal_aries,234,0.5,0.55,0.5466666666666666,0.5800000000000001,0.5574736842105263,0.556,0.5843319827747072,5.8,4.8,5.2,4.2
rf_full,signo_zodiacal_aries,235,0.5,0.5200000000000001,0.5098484848484849,0.5,0.4975108225108224,0.421,0.5085806536085175,5.0,4.6,5.4,5.0
rf_full,signo_zodiacal_aries,236,0.5,0.57,0.5810256410256409,0.6,0.5760549199084669,0.6140000000000001,0.6285356473591768,6.0,4.6,5.4,4.0
rf_full,signo_zodiacal_aries,237,0.5,0.49000000000000005,0.4723809523809523,0.4,0.43006191950464395,0.454,0.5493304554922201,4.0,4.2,5.8,6.0
rf_full,signo_zodiacal_aries,238,0.5,0.4800000000000001,0.4837662337662338,0.4,0.4351073762838468,0.484,0.5819239828798651,4.0,4.4,5.6,6.0
rf_full,signo_zodiacal_aries,239,0.5,0.51,0.5833333333333333,0.45999999999999996,0.4763986013986014,0.528,0.5881636337518691,4.6,4.4,5.6,5.4
rf_full,signo_zodiacal_aries,240,0.5,0.49000000000000005,0.4949494949494949,0.5,0.49624060150375937,0.485,0.5590035914378019,5.0,5.2,4.8,5.0
rf_full,signo_zodiacal_aries,241,0.5,0.5599999999999999,0.53,0.4800000000000001,0.4980451127819549,0.603,0.6684147498528303,4.8,3.6,6.4,5.2
rf_full,signo_zodiacal_aries,242,0.5,0.58,0.5777777777777777,0.54,0.5520334928229665,0.567,0.591295260896654,5.4,3.8,6.2,4.6
rf_full,signo_zodiacal_aries,243,0.5,0.48999999999999994,0.5208333333333334,0.44000000000000006,0.4382744448533923,0.5619999999999999,0.5982103719294122,4.4,4.6,5.4,5.6
rf_full,signo_zodiacal_aries,244,0.5,0.39,0.3743145743145743,0.34,0.3542434517666716,0.381,0.5419598053305484,3.4,5.6,4.4,6.6
rf_full,signo_zodiacal_aries,245,0.5,0.52,0.49417748917748916,0.52,0.49424242424242426,0.538,0.577957349238309,5.2,4.8,5.2,4.8
rf_full,signo_zodiacal_aries,246,0.5,0.47000000000000003,0.46869408369408366,0.42000000000000004,0.44019558700673256,0.4720000000000001,0.5529570582496278,4.2,4.8,5.2,5.8
rf_full,signo_zodiacal_aries,247,0.5,0.45999999999999996,0.4440836940836941,0.48,0.4572263993316625,0.426,0.5178311590370414,4.8,5.6,4.4,5.2
rf_full,signo_zodiacal_aries,248,0.5,0.35,0.3366666666666666,0.32,0.3276023391812865,0.324,0.4723989495196926,3.2,6.2,3.8,6.8
rf_full,signo_zodiacal_aries,249,0.5,0.45999999999999996,0.4594444444444445,0.4,0.42061669324827217,0.46699999999999997,0.5220595515595516,4.0,4.8,5.2,6.0
rf_full,signo_zodiacal_aries,250,0.5,0.58,0.5965811965811965,0.5800000000000001,0.5781984605783232,0.631,0.6812788116596167,5.8,4.2,5.8,4.2
rf_full,signo_zodiacal_aries,251,0.5,0.37,0.3722766122766123,0.4,0.3842998801351204,0.348,0.45429067337890866,4.0,6.6,3.4,6.0
rf_full,signo_zodiacal_aries,252,0.5,0.55,0.5491774891774892,0.64,0.5818752228163993,0.6020000000000001,0.6580417719535366,6.4,5.4,4.6,3.6
rf_full,signo_zodiacal_aries,253,0.5,0.62,0.6106060606060606,0.6599999999999999,0.6323763955342903,0.617,0.6635677451203768,6.6,4.2,5.8,3.4
rf_full,signo_zodiacal_aries,254,0.5,0.43,0.42435064935064937,0.4,0.40868347338935573,0.3949999999999999,0.5464207789974043,4.0,5.4,4.6,6.0
rf_full,signo_zodiacal_aries,255,0.5,0.49000000000000005,0.4892496392496392,0.5,0.49030910609857975,0.44399999999999995,0.5243360630597472,5.0,5.2,4.8,5.0
rf_full,signo_zodiacal_aries,256,0.5,0.58,0.585050505050505,0.58,0.5792025518341307,0.603,0.6369892580759453,5.8,4.2,5.8,4.2
rf_full,signo_zodiacal_aries,257,0.5,0.43,0.39452380952380955,0.30000000000000004,0.33875816993464053,0.41400000000000003,0.5227828232139378,3.0,4.4,5.6,7.0
rf_full,signo_zodiacal_aries,258,0.5,0.45999999999999996,0.45370629370629373,0.48,0.45631469979296063,0.493,0.5608887943841504,4.8,5.6,4.4,5.2
rf_full,signo_zodiacal_aries,259,0.5,0.54,0.5329181929181928,0.62,0.5621252748238884,0.5399999999999999,0.6062630045393204,6.2,5.4,4.6,3.8
rf_full,signo_zodiacal_aries,260,0.5,0.5599999999999999,0.5545454545454546,0.6,0.5761904761904761,0.5609999999999999,0.5698252555837696,6.0,4.8,5.2,4.0
rf_full,signo_zodiacal_aries,261,0.5,0.44000000000000006,0.40888888888888886,0.38,0.3908771929824561,0.43,0.5661277262469213,3.8,5.0,5.0,6.2
rf_full,signo_zodiacal_aries,262,0.5,0.5800000000000001,0.5828282828282829,0.5,0.5273182957393483,0.572,0.5991498789308387,5.0,3.4,6.6,5.0
rf_full,signo_zodiacal_aries,263,0.5,0.54,0.5293434343434343,0.5199999999999999,0.5232581453634084,0.5369999999999999,0.5912592484914466,5.2,4.4,5.6,4.8
rf_full,signo_zodiacal_aries,264,0.5,0.55,0.5673076923076923,0.5199999999999999,0.534903381642512,0.5720000000000001,0.5895012189392995,5.2,4.2,5.8,4.8
rf_full,signo_zodiacal_aries,265,0.5,0.54,0.5499278499278499,0.5199999999999999,0.5304290137107475,0.5790000000000001,0.6147156342109902,5.2,4.4,5.6,4.8
rf_full,signo_zodiacal_aries,266,0.5,0.5299999999999999,0.5002020202020201,0.45999999999999996,0.4751044277360067,0.503,0.5153916171547751,4.6,4.0,6.0,5.4
rf_full,signo_zodiacal_aries,267,0.5,0.54,0.5444444444444445,0.5199999999999999,0.5232456140350876,0.541,0.5951337181909937,5.2,4.4,5.6,4.8
rf_full,signo_zodiacal_aries,268,0.5,0.55,0.5406060606060606,0.6,0.5636491228070175,0.537,0.5746603006556568,6.0,5.0,5.0,4.0
rf_full,signo_zodiacal_aries,269,0.5,0.45,0.39575757575757575,0.42000000000000004,0.39495238095238094,0.446,0.5130649828327847,4.2,5.2,4.8,5.8
rf_full,signo_zodiacal_aries,270,0.5,0.55,0.5664779664779666,0.54,0.5468069149856738,0.5710000000000001,0.6206443360561009,5.4,4.4,5.6,4.6
rf_full,signo_zodiacal_aries,271,0.5,0.48,0.4857109557109557,0.56,0.5193374741200828,0.527,0.6249476181713025,5.6,6.0,4.0,4.4
rf_full,signo_zodiacal_aries,272,0.5,0.5700000000000001,0.5876190476190476,0.5,0.5234334365325077,0.54,0.591235558988655,5.0,3.6,6.4,5.0
rf_full,signo_zodiacal_aries,273,0.5,0.5200000000000001,0.5236208236208236,0.52,0.5180487450510334,0.532,0.5770669020521961,5.2,4.8,5.2,4.8
rf_full,signo_zodiacal_aries,274,0.5,0.6100000000000001,0.6037878787878788,0.6200000000000001,0.606926406926407,0.667,0.6527494711171182,6.2,4.0,6.0,3.8
rf_full,signo_zodiacal_aries,275,0.5,0.41,0.3509090909090909,0.27999999999999997,0.30357142857142855,0.32999999999999996,0.43105960095975576,2.8,4.6,5.4,7.2
rf_full,signo_zodiacal_aries,276,0.5,0.49000000000000005,0.48888888888888893,0.36,0.41198830409356724,0.52,0.5997557226055678,3.6,3.8,6.2,6.4
rf_full,signo_zodiacal_aries,277,0.5,0.6,0.6097435897435898,0.68,0.6263122529644269,0.639,0.6632294537248098,6.8,4.8,5.2,3.2
rf_full,signo_zodiacal_aries,278,0.5,0.5900000000000001,0.59004329004329,0.62,0.5971139971139972,0.6209999999999999,0.6764277378967781,6.2,4.4,5.6,3.8
rf_full,signo_zodiacal_aries,279,0.5,0.5399999999999999,0.5288095238095237,0.5,0.5099402695687525,0.5519999999999999,0.6242082376687639,5.0,4.2,5.8,5.0
rf_full,signo_zodiacal_aries,280,0.5,0.54,0.5424242424242424,0.5199999999999999,0.5300751879699248,0.509,0.5807552658040274,5.2,4.4,5.6,4.8
rf_full,signo_zodiacal_aries,281,0.5,0.53,0.5335775335775336,0.5199999999999999,0.5223044824337058,0.576,0.6544746440350155,5.2,4.6,5.4,4.8
rf_full,signo_zodiacal_aries,282,0.5,0.49000000000000005,0.46571428571428575,0.36000000000000004,0.3777677224736048,0.538,0.5689440222660036,3.6,3.8,6.2,6.4
rf_full,signo_zodiacal_aries,283,0.5,0.61,0.6222727272727273,0.54,0.5727777777777778,0.5519999999999999,0.6292880838631613,5.4,3.2,6.8,4.6
rf_full,signo_zodiacal_aries,284,0.5,0.55,0.5487878787878787,0.5199999999999999,0.5228115743905217,0.619,0.6699689368938595,5.2,4.2,5.8,4.8
rf_full,signo_zodiacal_aries,285,0.5,0.45,0.457964257964258,0.48,0.4647336391043485,0.469,0.559313385359051,4.8,5.8,4.2,5.2
rf_full,signo_zodiacal_aries,286,0.5,0.55,0.5542929292929293,0.5,0.5199456975772765,0.55,0.6251198354449128,5.0,4.0,6.0,5.0
rf_full,signo_zodiacal_aries,287,0.5,0.4800000000000001,0.48535353535353537,0.48,0.4802992329308119,0.495,0.5950313857109523,4.8,5.2,4.8,5.2
rf_full,signo_zodiacal_aries,288,0.5,0.65,0.6830952380952381,0.5800000000000001,0.6249191606467148,0.654,0.7382091164769184,5.8,2.8,7.2,4.2
rf_full,signo_zodiacal_aries,289,0.5,0.51,0.5348351648351648,0.42000000000000004,0.4436031487693892,0.508,0.5883411304897372,4.2,4.0,6.0,5.8
rf_full,signo_zodiacal_aries,290,0.5,0.49000000000000005,0.4820707070707071,0.44000000000000006,0.45444862155388466,0.496,0.5310881977499624,4.4,4.6,5.4,5.6
rf_full,signo_zodiacal_aries,291,0.5,0.55,0.6090909090909091,0.54,0.5467532467532468,0.5630000000000001,0.63349249769838,5.4,4.4,5.6,4.6
rf_full,signo_zodiacal_aries,292,0.5,0.6,0.6014718614718614,0.56,0.5775055285272004,0.571,0.5918799594798048,5.6,3.6,6.4,4.4
rf_full,signo_zodiacal_aries,293,0.5,0.41999999999999993,0.41321678321678323,0.4800000000000001,0.44069703243616287,0.384,0.4839685227053647,4.8,6.4,3.6,5.2
rf_full,signo_zodiacal_aries,294,0.5,0.5000000000000001,0.4946031746031746,0.5199999999999999,0.500556337367483,0.454,0.5143221690590111,5.2,5.2,4.8,4.8
rf_full,signo_zodiacal_aries,295,0.5,0.47000000000000003,0.46507936507936504,0.48,0.4666760484097946,0.538,0.6383105844104296,4.8,5.4,4.6,5.2
rf_full,signo_zodiacal_aries,296,0.5,0.5,0.4828282828282829,0.4600000000000001,0.4655236576289207,0.44600000000000006,0.5193798794944305,4.6,4.6,5.4,5.4
rf_full,signo_zodiacal_aries,297,0.5,0.63,0.6227039627039627,0.6599999999999999,0.6380756238422142,0.6319999999999999,0.6933677162191094,6.6,4.0,6.0,3.4
rf_full,signo_zodiacal_aries,298,0.5,0.51,0.5147907647907648,0.5,0.5028440084167638,0.561,0.6024184497992546,5.0,4.8,5.2,5.0
rf_full,signo_zodiacal_aries,299,0.5,0.5700000000000001,0.5724747474747475,0.5800000000000001,0.5730842257158046,0.556,0.5750823435250679,5.8,4.4,5.6,4.2
rf_full,signo_zodiacal_aries,300,0.5,0.47000000000000003,0.4534065934065934,0.43999999999999995,0.4347516081531427,0.40499999999999997,0.48733880069019386,4.4,5.0,5.0,5.6
rf_full,signo_zodiacal_aries,301,0.5,0.37,0.3624375624375625,0.36,0.35532821824381927,0.413,0.5102887935078337,3.6,6.2,3.8,6.4
rf_full,signo_zodiacal_aries,302,0.5,0.6399999999999999,0.6533333333333334,0.66,0.645,0.609,0.6103215919787127,6.6,3.8,6.2,3.4
rf_full,signo_zodiacal_aries,303,0.5,0.45,0.4242424242424242,0.42000000000000004,0.4188026885395306,0.46299999999999997,0.5376287242169595,4.2,5.2,4.8,5.8
rf_full,signo_zodiacal_aries,304,0.5,0.54,0.5507575757575758,0.54,0.5426217057796006,0.5860000000000001,0.5978134051191326,5.4,4.6,5.4,4.6
rf_full,signo_zodiacal_aries,305,0.5,0.49000000000000005,0.5688888888888888,0.38,0.40468671679198,0.48599999999999993,0.5634589314194577,3.8,4.0,6.0,6.2
rf_full,signo_zodiacal_aries,306,0.5,0.5700000000000001,0.6167099567099567,0.5,0.544719150818222,0.5660000000000001,0.6033952442466374,5.0,3.6,6.4,5.0
rf_full,signo_zodiacal_aries,307,0.5,0.5,0.5062160062160063,0.54,0.5207911082052958,0.491,0.5338572538572539,5.4,5.4,4.6,4.6
rf_full,signo_zodiacal_aries,308,0.5,0.4800000000000001,0.4909090909090909,0.5,0.4873355402767167,0.4640000000000001,0.5301643285335236,5.0,5.4,4.6,5.0
rf_full,signo_zodiacal_aries,309,0.5,0.45,0.4390909090909091,0.42000000000000004,0.4276190476190476,0.396,0.47650277500277494,4.2,5.2,4.8,5.8
rf_full,signo_zodiacal_aries,310,0.5,0.35,0.36668997668997666,0.42000000000000004,0.3909504987765857,0.372,0.5003223100428983,4.2,7.2,2.8,5.8
rf_full,signo_zodiacal_aries,311,0.5,0.53,0.5413059163059163,0.48,0.5057300113027667,0.5609999999999999,0.6187621904239551,4.8,4.2,5.8,5.2
rf_full,signo_zodiacal_aries,312,0.5,0.5,0.49282051282051276,0.6,0.5400790513833992,0.501,0.5628629768923886,6.0,6.0,4.0,4.0
rf_full,signo_zodiacal_aries,313,0.5,0.5700000000000001,0.5725757575757575,0.56,0.5625108225108224,0.592,0.6370871916181514,5.6,4.2,5.8,4.4
rf_full,signo_zodiacal_aries,314,0.5,0.5199999999999999,0.5337301587301587,0.44000000000000006,0.4764010069737624,0.514,0.5711674718470384,4.4,4.0,6.0,5.6
rf_full,signo_zodiacal_aries,315,0.5,0.44000000000000006,0.4367676767676768,0.43999999999999995,0.42966917293233087,0.492,0.5710486698543974,4.4,5.6,4.4,5.6
rf_full,signo_zodiacal_aries,316,0.5,0.45,0.4477777777777778,0.45999999999999996,0.45301435406698565,0.44300000000000006,0.5462824114310182,4.6,5.6,4.4,5.4
rf_full,signo_zodiacal_aries,317,0.5,0.51,0.4988455988455988,0.48,0.4843802911914367,0.497,0.5727049888535957,4.8,4.6,5.4,5.2
rf_full,signo_zodiacal_aries,318,0.5,0.4999999999999999,0.505,0.52,0.5036617183985606,0.5449999999999999,0.6064823956573182,5.2,5.2,4.8,4.8
rf_full,signo_zodiacal_aries,319,0.5,0.48999999999999994,0.5199999999999999,0.42000000000000004,0.45555555555555555,0.48299999999999993,0.5239027061689601,4.2,4.4,5.6,5.8
rf_full,signo_zodiacal_aries,320,0.5,0.5199999999999999,0.5222222222222223,0.44000000000000006,0.475,0.511,0.6019772353549443,4.4,4.0,6.0,5.6
rf_full,signo_zodiacal_aries,321,0.5,0.53,0.5316666666666666,0.6,0.5426825396825398,0.4800000000000001,0.5385364712686694,6.0,5.4,4.6,4.0
rf_full,signo_zodiacal_aries,322,0.5,0.54,0.5357142857142857,0.45999999999999996,0.48888263439347035,0.531,0.5955437122217307,4.6,3.8,6.2,5.4
rf_full,signo_zodiacal_aries,323,0.5,0.51,0.5079365079365079,0.4800000000000001,0.4906383606074008,0.4579999999999999,0.5109038733024801,4.8,4.6,5.4,5.2
rf_full,signo_zodiacal_aries,324,0.5,0.39999999999999997,0.3784188034188034,0.38,0.372210665002427,0.3489999999999999,0.452784521034521,3.8,5.8,4.2,6.2
rf_full,signo_zodiacal_aries,325,0.5,0.48,0.4818181818181818,0.43999999999999995,0.45714285714285713,0.4879999999999999,0.520383364141878,4.4,4.8,5.2,5.6
rf_full,signo_zodiacal_aries,326,0.5,0.48,0.4746031746031746,0.4600000000000001,0.4638896707008162,0.5640000000000001,0.6624756179493021,4.6,5.0,5.0,5.4
rf_full,signo_zodiacal_aries,327,0.5,0.37,0.37653457653457656,0.42000000000000004,0.3941593113217827,0.356,0.4737726024405591,4.2,6.8,3.2,5.8
rf_full,signo_zodiacal_aries,328,0.5,0.45999999999999996,0.45590659340659345,0.5599999999999999,0.49442526782680235,0.41200000000000003,0.5209793478795026,5.6,6.4,3.6,4.4
rf_full,signo_zodiacal_aries,329,0.5,0.59,0.586002886002886,0.5599999999999999,0.567057572630328,0.5970000000000001,0.6543951701892878,5.6,3.8,6.2,4.4
rf_full,signo_zodiacal_aries,330,0.5,0.45,0.4438888888888889,0.34,0.37690893901420214,0.485,0.5601807616188421,3.4,4.4,5.6,6.6
rf_full,signo_zodiacal_aries,331,0.5,0.54,0.5654040404040404,0.45999999999999996,0.4854315275367907,0.546,0.602429651617732,4.6,3.8,6.2,5.4
rf_full,signo_zodiacal_aries,332,0.5,0.45999999999999996,0.4565934065934066,0.4999999999999999,0.4689968741119636,0.429,0.5343999452559824,5.0,5.8,4.2,5.0
rf_full,signo_zodiacal_aries,333,0.5,0.41,0.41515151515151516,0.4,0.4013613579403053,0.43699999999999994,0.5081790703276772,4.0,5.8,4.2,6.0
rf_full,signo_zodiacal_aries,334,0.5,0.55,0.5499999999999999,0.5,0.5180622009569378,0.592,0.676599555243518,5.0,4.0,6.0,5.0
rf_full,signo_zodiacal_aries,335,0.5,0.47000000000000003,0.47575757575757577,0.45999999999999996,0.4653755601124022,0.514,0.595599823551062,4.6,5.2,4.8,5.4
rf_full,signo_zodiacal_aries,336,0.5,0.5700000000000001,0.5516666666666666,0.52,0.525032679738562,0.555,0.5855205083014681,5.2,3.8,6.2,4.8
rf_full,signo_zodiacal_aries,337,0.5,0.57,0.5792857142857143,0.5800000000000001,0.568635456734528,0.584,0.6152973768577483,5.8,4.4,5.6,4.2
rf_full,signo_zodiacal_aries,338,0.5,0.5,0.5031746031746032,0.45999999999999996,0.47832817337461303,0.489,0.5387483988319902,4.6,4.6,5.4,5.4
rf_full,signo_zodiacal_aries,339,0.5,0.6100000000000001,0.5997086247086247,0.6799999999999999,0.6325867369345631,0.579,0.5774705088513138,6.8,4.6,5.4,3.2
rf_full,signo_zodiacal_aries,340,0.5,0.4,0.4023809523809524,0.45999999999999996,0.42631578947368426,0.368,0.47201505176969577,4.6,6.6,3.4,5.4
rf_full,signo_zodiacal_aries,341,0.5,0.5,0.5031746031746032,0.5,0.49650999155643116,0.45999999999999996,0.5385461025902203,5.0,5.0,5.0,5.0
rf_full,signo_zodiacal_aries,342,0.5,0.47000000000000003,0.44603174603174606,0.4000000000000001,0.4136935922694437,0.45599999999999996,0.5295000826486895,4.0,4.6,5.4,6.0
rf_full,signo_zodiacal_aries,343,0.5,0.49000000000000005,0.47023199023199014,0.52,0.4873944451922646,0.45899999999999996,0.5278216695585116,5.2,5.4,4.6,4.8
rf_full,signo_zodiacal_aries,344,0.5,0.43999999999999995,0.3961904761904762,0.36000000000000004,0.37173796791443847,0.47000000000000003,0.5070926373248354,3.6,4.8,5.2,6.4
rf_full,signo_zodiacal_aries,345,0.5,0.5800000000000001,0.5920634920634921,0.5199999999999999,0.5399122807017543,0.538,0.5844274332478667,5.2,3.6,6.4,4.8
rf_full,signo_zodiacal_aries,346,0.5,0.55,0.5527777777777778,0.45999999999999996,0.4769803296119085,0.505,0.5823244608848324,4.6,3.6,6.4,5.4
rf_full,signo_zodiacal_aries,347,0.5,0.5700000000000001,0.5874242424242424,0.5,0.5342857142857143,0.585,0.6146600976422958,5.0,3.6,6.4,5.0
rf_full,signo_zodiacal_aries,348,0.5,0.52,0.5132600732600733,0.48,0.48846547314578004,0.533,0.5917655379536184,4.8,4.4,5.6,5.2
rf_full,signo_zodiacal_aries,349,0.5,0.5800000000000001,0.5896392496392495,0.54,0.5609346896653399,0.61,0.635464597665836,5.4,3.8,6.2,4.6
rf_full,signo_zodiacal_aries,350,0.5,0.5,0.5055555555555555,0.5,0.5014354066985647,0.43200000000000005,0.5005896075029203,5.0,5.0,5.0,5.0
rf_full,signo_zodiacal_aries,351,0.5,0.45,0.44666666666666666,0.42000000000000004,0.42371345029239765,0.492,0.5261490247798297,4.2,5.2,4.8,5.8
rf_full,signo_zodiacal_aries,352,0.5,0.56,0.5711111111111111,0.52,0.5347869674185464,0.583,0.6273462740389986,5.2,4.0,6.0,4.8
rf_full,signo_zodiacal_aries,353,0.5,0.48,0.48611111111111105,0.45999999999999996,0.4660474716202271,0.44699999999999995,0.5003615448878607,4.6,5.0,5.0,5.4
rf_full,signo_zodiacal_aries,354,0.5,0.5,0.5198412698412699,0.38,0.43666150670794635,0.492,0.5959277650454121,3.8,3.8,6.2,6.2
rf_full,signo_zodiacal_aries,355,0.5,0.44000000000000006,0.43575757575757573,0.45999999999999996,0.4379018759018759,0.375,0.4685397858075877,4.6,5.8,4.2,5.4
rf_full,signo_zodiacal_aries,356,0.5,0.6,0.6090909090909091,0.58,0.590096453254348,0.615,0.6012548917370898,5.8,3.8,6.2,4.2
rf_full,signo_zodiacal_aries,357,0.5,0.48,0.4964646464646464,0.48,0.4855092276144908,0.487,0.5727491630316708,4.8,5.2,4.8,5.2
rf_full,signo_zodiacal_aries,358,0.5,0.48,0.509047619047619,0.42000000000000004,0.4481639928698752,0.44399999999999995,0.49040741671469223,4.2,4.6,5.4,5.8
rf_full,signo_zodiacal_aries,359,0.5,0.45,0.43531746031746027,0.36000000000000004,0.3920536635706914,0.515,0.6059661274398117,3.6,4.6,5.4,6.4
rf_full,signo_zodiacal_aries,360,0.5,0.5800000000000001,0.579005439005439,0.6,0.5865511605099705,0.5730000000000001,0.6262323046750292,6.0,4.4,5.6,4.0
rf_full,signo_zodiacal_aries,361,0.5,0.45,0.4325396825396826,0.45999999999999996,0.43534973798131693,0.513,0.6133203751013349,4.6,5.6,4.4,5.4
rf_full,signo_zodiacal_aries,362,0.5,0.55,0.5490909090909091,0.56,0.5522655122655122,0.535,0.5625092760696476,5.6,4.6,5.4,4.4
rf_full,signo_zodiacal_aries,363,0.5,0.48,0.45,0.5,0.46893939393939393,0.43,0.5155848497907322,5.0,5.4,4.6,5.0
rf_full,signo_zodiacal_aries,364,0.5,0.56,0.5709401709401709,0.5599999999999999,0.5540045766590389,0.6360000000000001,0.6674168957977007,5.6,4.4,5.6,4.4
rf_full,signo_zodiacal_aries,365,0.5,0.45,0.4569230769230769,0.44000000000000006,0.44195652173913047,0.46699999999999997,0.5762690299896182,4.4,5.4,4.6,5.6
rf_full,signo_zodiacal_aries,366,0.5,0.55,0.5535353535353534,0.6,0.5719516181758744,0.557,0.6386191210750034,6.0,5.0,5.0,4.0
rf_full,signo_zodiacal_aries,367,0.5,0.44000000000000006,0.4465811965811966,0.42000000000000004,0.4243840001849155,0.44099999999999995,0.5482366799866799,4.2,5.4,4.6,5.8
rf_full,signo_zodiacal_aries,368,0.5,0.35,0.3463203463203463,0.32,0.3302373581011352,0.273,0.4170700870337093,3.2,6.2,3.8,6.8
rf_full,signo_zodiacal_aries,369,0.5,0.5499999999999999,0.5428571428571429,0.5,0.5107843137254903,0.554,0.563569114494037,5.0,4.0,6.0,5.0
rf_full,signo_zodiacal_aries,370,0.5,0.55,0.5445887445887446,0.5399999999999999,0.5382279227480465,0.5349999999999999,0.6262861429935732,5.4,4.4,5.6,4.6
rf_full,signo_zodiacal_aries,371,0.5,0.4699999999999999,0.4787878787878787,0.5199999999999999,0.49326984126984125,0.45999999999999996,0.5602795362532205,5.2,5.8,4.2,4.8
rf_full,signo_zodiacal_aries,372,0.5,0.55,0.5477777777777778,0.52,0.5303136629452417,0.584,0.6740997227746452,5.2,4.2,5.8,4.8
rf_full,signo_zodiacal_aries,373,0.5,0.58,0.6030303030303029,0.5,0.5365079365079366,0.612,0.6142473535236692,5.0,3.4,6.6,5.0
rf_full,signo_zodiacal_aries,374,0.5,0.52,0.5062337662337663,0.54,0.5180112044817927,0.511,0.5345980967776633,5.4,5.0,5.0,4.6
rf_full,signo_zodiacal_aries,375,0.5,0.48,0.4909090909090909,0.41999999999999993,0.4249583749583749,0.49000000000000005,0.5237722353326068,4.2,4.6,5.4,5.8
rf_full,signo_zodiacal_aries,376,0.5,0.49000000000000005,0.49682539682539684,0.58,0.531350114416476,0.441,0.5199300242241419,5.8,6.0,4.0,4.2
rf_full,signo_zodiacal_aries,377,0.5,0.6300000000000001,0.6584981684981684,0.6,0.6216440077175035,0.6759999999999999,0.7493993316624895,6.0,3.4,6.6,4.0
rf_full,signo_zodiacal_aries,378,0.5,0.5700000000000001,0.5932539682539681,0.48,0.5281389748882009,0.617,0.6624967430230588,4.8,3.4,6.6,5.2
rf_full,signo_zodiacal_aries,379,0.5,0.53,0.5340909090909091,0.43999999999999995,0.4753968253968254,0.5599999999999999,0.5793004491208824,4.4,3.8,6.2,5.6
rf_full,signo_zodiacal_aries,380,0.5,0.51,0.5073704073704073,0.6,0.5469246238124956,0.44699999999999995,0.5026322843822844,6.0,5.8,4.2,4.0
rf_full,signo_zodiacal_aries,381,0.5,0.51,0.5302197802197802,0.5800000000000001,0.5446859903381643,0.558,0.6159695033208965,5.8,5.6,4.4,4.2
rf_full,signo_zodiacal_aries,382,0.5,0.5900000000000001,0.5817216117216117,0.6399999999999999,0.6022599395489421,0.552,0.5750798449916097,6.4,4.6,5.4,3.6
rf_full,signo_zodiacal_aries,383,0.5,0.45,0.44646464646464645,0.54,0.4826065162907269,0.42400000000000004,0.5019592439724019,5.4,6.4,3.6,4.6
rf_full,signo_zodiacal_aries,384,0.5,0.48999999999999994,0.4671078921078921,0.4999999999999999,0.4778888630551035,0.4640000000000001,0.5487179764679764,5.0,5.2,4.8,5.0
rf_full,signo_zodiacal_aries,385,0.5,0.5,0.4828571428571428,0.39999999999999997,0.43542483660130715,0.489,0.5498567625185272,4.0,4.0,6.0,6.0
rf_full,signo_zodiacal_aries,386,0.5,0.45,0.45272727272727276,0.44000000000000006,0.44071428571428567,0.426,0.5380108900387539,4.4,5.4,4.6,5.6
rf_full,signo_zodiacal_aries,387,0.5,0.3,0.3217948717948718,0.38,0.3474308300395257,0.27199999999999996,0.42376505297248335,3.8,7.8,2.2,6.2
rf_full,signo_zodiacal_aries,388,0.5,0.5,0.5171717171717172,0.45999999999999996,0.4731203007518797,0.5289999999999999,0.5356308217925865,4.6,4.6,5.4,5.4
rf_full,signo_zodiacal_aries,389,0.5,0.45,0.4453102453102454,0.42000000000000004,0.4294854784018871,0.42400000000000004,0.5072224287580325,4.2,5.2,4.8,5.8
rf_full,signo_zodiacal_aries,390,0.5,0.5,0.47873015873015873,0.4600000000000001,0.4580474716202271,0.5599999999999999,0.5793046642899584,4.6,4.6,5.4,5.4
rf_full,signo_zodiacal_aries,391,0.5,0.45,0.4372727272727273,0.44000000000000006,0.4342424242424242,0.485,0.5833055463628218,4.4,5.4,4.6,5.6
rf_full,signo_zodiacal_aries,392,0.5,0.5,0.496978021978022,0.41999999999999993,0.447229326513214,0.49700000000000005,0.5187664884135472,4.2,4.2,5.8,5.8
rf_full,signo_zodiacal_aries,393,0.5,0.38,0.3388888888888889,0.32,0.32511961722488036,0.33199999999999996,0.45848592833035556,3.2,5.6,4.4,6.8
rf_full,signo_zodiacal_aries,394,0.5,0.5800000000000001,0.5813131313131312,0.58,0.5473074294126926,0.579,0.6129585322658078,5.8,4.2,5.8,4.2
rf_full,signo_zodiacal_aries,395,0.5,0.35,0.3402020202020202,0.34,0.3395488721804511,0.36,0.48748963171331583,3.4,6.4,3.6,6.6
rf_full,signo_zodiacal_aries,396,0.5,0.49000000000000005,0.48666666666666664,0.44000000000000006,0.45695468618069235,0.495,0.565280762752899,4.4,4.6,5.4,5.6
rf_full,signo_zodiacal_aries,397,0.5,0.55,0.5372294372294373,0.58,0.5537051184110007,0.5820000000000001,0.6272419786096257,5.8,4.8,5.2,4.2
rf_full,signo_zodiacal_aries,398,0.5,0.54,0.5416666666666666,0.5,0.5121806298276886,0.545,0.6373270839068053,5.0,4.2,5.8,5.0
rf_full,signo_zodiacal_aries,399,0.5,0.51,0.5191452991452993,0.54,0.5265737466195132,0.517,0.5567240788107661,5.4,5.2,4.8,4.6
rf_full,signo_zodiacal_aries,400,0.5,0.39,0.31694083694083697,0.26,0.2798407784166298,0.386,0.45625186414892294,2.6,4.8,5.2,7.4
rf_full,signo_zodiacal_aries,401,0.5,0.53,0.5290909090909091,0.5800000000000001,0.5529004329004329,0.5269999999999999,0.5880679865370266,5.8,5.2,4.8,4.2
rf_full,signo_zodiacal_aries,402,0.5,0.37,0.36684704184704187,0.3,0.3280062902353924,0.33999999999999997,0.45584616406984824,3.0,5.6,4.4,7.0
rf_full,signo_zodiacal_aries,403,0.5,0.45999999999999996,0.45904761904761904,0.52,0.4807700534759358,0.489,0.5568806650865474,5.2,6.0,4.0,4.8
rf_full,signo_zodiacal_aries,404,0.5,0.5599999999999999,0.583030303030303,0.54,0.5406060606060605,0.5249999999999999,0.5636661584030006,5.4,4.2,5.8,4.6
rf_full,signo_zodiacal_aries,405,0.5,0.53,0.5290909090909091,0.4800000000000001,0.49899159663865544,0.49499999999999994,0.5628671683493665,4.8,4.2,5.8,5.2
rf_full,signo_zodiacal_aries,406,0.5,0.47000000000000003,0.4634920634920635,0.5,0.46722896986054885,0.438,0.531976525538445,5.0,5.6,4.4,5.0
rf_full,signo_zodiacal_aries,407,0.5,0.5299999999999999,0.5423199023199023,0.52,0.5263373266926907,0.5210000000000001,0.5424408354803092,5.2,4.6,5.4,4.8
rf_full,signo_zodiacal_aries,408,0.5,0.45999999999999996,0.42951048951048953,0.45999999999999996,0.4388819875776397,0.4960000000000001,0.5508174227733051,4.6,5.4,4.6,5.4
rf_full,signo_zodiacal_aries,409,0.5,0.43999999999999995,0.428051948051948,0.4,0.41118580765639584,0.38599999999999995,0.4716426161557741,4.0,5.2,4.8,6.0
rf_full,signo_zodiacal_aries,410,0.5,0.54,0.5433766233766233,0.5,0.5178770455550641,0.595,0.614071759939407,5.0,4.2,5.8,5.0
rf_full,signo_zodiacal_aries,411,0.5,0.52,0.5064102564102564,0.56,0.5275408547719761,0.484,0.5170313364825748,5.6,5.2,4.8,4.4
rf_full,signo_zodiacal_aries,412,0.5,0.6000000000000001,0.604892884892885,0.6000000000000001,0.5959776679550539,0.626,0.6715831292890116,6.0,4.0,6.0,4.0
rf_full,signo_zodiacal_aries,413,0.5,0.54,0.5450854700854701,0.48,0.5040554284261378,0.51,0.6286048314430667,4.8,4.0,6.0,5.2
rf_full,signo_zodiacal_aries,414,0.5,0.44000000000000006,0.4397979797979798,0.38,0.4041545039068259,0.38699999999999996,0.5213026524559032,3.8,5.0,5.0,6.2
rf_full,signo_zodiacal_aries,415,0.5,0.55,0.5455555555555555,0.48,0.5014832535885168,0.644,0.648208768957221,4.8,3.8,6.2,5.2
rf_full,signo_zodiacal_aries,416,0.5,0.65,0.6626190476190477,0.64,0.6440935672514619,0.6950000000000001,0.7013587692836919,6.4,3.4,6.6,3.6
rf_full,signo_zodiacal_aries,417,0.5,0.45,0.4621489621489621,0.48,0.4644941812797513,0.491,0.5610256030519188,4.8,5.8,4.2,5.2
rf_full,signo_zodiacal_aries,418,0.5,0.61,0.6476190476190478,0.5399999999999999,0.5797237076648841,0.6289999999999999,0.6843473287118798,5.4,3.2,6.8,4.6
rf_full,signo_zodiacal_aries,419,0.5,0.63,0.6158041958041958,0.6599999999999999,0.6337336093857833,0.6620000000000001,0.6862686557508539,6.6,4.0,6.0,3.4
rf_full,signo_zodiacal_aries,420,0.5,0.47000000000000003,0.47424242424242424,0.5,0.48614718614718616,0.466,0.534485772998931,5.0,5.6,4.4,5.0
rf_full,signo_zodiacal_aries,421,0.5,0.47000000000000003,0.4503246753246753,0.43999999999999995,0.44229691876750704,0.4149999999999999,0.45996857717445944,4.4,5.0,5.0,5.6
rf_full,signo_zodiacal_aries,422,0.5,0.54,0.533580586080586,0.6199999999999999,0.5637862393361115,0.521,0.5876359849301025,6.2,5.4,4.6,3.8
rf_full,signo_zodiacal_aries,423,0.5,0.49000000000000005,0.47971861471861477,0.54,0.4980746965452848,0.516,0.5620846349213222,5.4,5.6,4.4,4.6
rf_full,signo_zodiacal_aries,424,0.5,0.41,0.4332767232767233,0.43999999999999995,0.4301221199942427,0.44299999999999995,0.5175202024497689,4.4,6.2,3.8,5.6
rf_full,signo_zodiacal_aries,425,0.5,0.4,0.36746031746031743,0.33999999999999997,0.3486490289895863,0.35900000000000004,0.4485148848399623,3.4,5.4,4.6,6.6
rf_full,signo_zodiacal_aries,426,0.5,0.55,0.5443589743589744,0.6,0.5690118577075098,0.531,0.589419738757974,6.0,5.0,5.0,4.0
rf_full,signo_zodiacal_aries,427,0.5,0.53,0.515,0.5800000000000001,0.533050505050505,0.5770000000000001,0.6127802932361757,5.8,5.2,4.8,4.2
rf_full,signo_zodiacal_aries,428,0.5,0.4800000000000001,0.48321678321678324,0.6,0.5347637869377,0.484,0.5414312456549298,6.0,6.4,3.6,4.0
rf_full,signo_zodiacal_aries,429,0.5,0.2899999999999999,0.2777777777777778,0.26,0.26842105263157895,0.253,0.40567172456026945,2.6,6.8,3.2,7.4
rf_full,signo_zodiacal_aries,430,0.5,0.35,0.33095238095238094,0.32,0.32091190543202924,0.337,0.4564996659687062,3.2,6.2,3.8,6.8
rf_full,signo_zodiacal_aries,431,0.5,0.5399999999999999,0.5147940947940948,0.48,0.4827269260106789,0.633,0.6554844034534437,4.8,4.0,6.0,5.2
rf_full,signo_zodiacal_aries,432,0.5,0.59,0.5922727272727273,0.5599999999999999,0.5733333333333334,0.591,0.6237203776615543,5.6,3.8,6.2,4.4
rf_full,signo_zodiacal_aries,433,0.5,0.51,0.5210389610389611,0.5,0.506218487394958,0.524,0.5782120250750282,5.0,4.8,5.2,5.0
rf_full,signo_zodiacal_aries,434,0.5,0.5199999999999999,0.5034498834498835,0.5599999999999999,0.5277420164376686,0.47000000000000003,0.5374215429393449,5.6,5.2,4.8,4.4
rf_full,signo_zodiacal_aries,435,0.5,0.51,0.5072727272727272,0.45999999999999996,0.4800000000000001,0.5119999999999999,0.6245567390126213,4.6,4.4,5.6,5.4
rf_full,signo_zodiacal_aries,436,0.5,0.5599999999999999,0.5861616161616161,0.5,0.5232581453634084,0.545,0.6104729796347443,5.0,3.8,6.2,5.0
rf_full,signo_zodiacal_aries,437,0.5,0.54,0.5431818181818182,0.5,0.5174603174603174,0.51,0.5239394112939004,5.0,4.2,5.8,5.0
rf_full,signo_zodiacal_aries,438,0.5,0.53,0.5178210678210677,0.4800000000000001,0.49093924651200194,0.515,0.5619073748748671,4.8,4.2,5.8,5.2
rf_full,signo_zodiacal_aries,439,0.5,0.51,0.508974358974359,0.4800000000000001,0.4816205533596838,0.49800000000000005,0.5607015117665274,4.8,4.6,5.4,5.2
rf_full,signo_zodiacal_aries,440,0.5,0.52,0.5333333333333334,0.5,0.4991683754841649,0.484,0.5444587638883304,5.0,4.6,5.4,5.0
rf_full,signo_zodiacal_aries,441,0.5,0.37,0.34484126984126984,0.38,0.3569377990430622,0.279,0.42358023778766807,3.8,6.4,3.6,6.2
rf_full,signo_zodiacal_aries,442,0.5,0.5,0.5052991452991453,0.5,0.4924318701893073,0.47300000000000003,0.5078400740985881,5.0,5.0,5.0,5.0
rf_full,signo_zodiacal_aries,443,0.5,0.6200000000000001,0.6286147186147186,0.64,0.62829640947288,0.6799999999999999,0.7165118014939996,6.4,4.0,6.0,3.6
rf_full,signo_zodiacal_aries,444,0.5,0.5800000000000001,0.5916666666666667,0.58,0.5819245082402977,0.601,0.6374075348456153,5.8,4.2,5.8,4.2
rf_full,signo_zodiacal_aries,445,0.5,0.5800000000000001,0.6034632034632035,0.5,0.5404540763673891,0.592,0.6667373839610681,5.0,3.4,6.6,5.0
rf_full,signo_zodiacal_aries,446,0.5,0.45999999999999996,0.43206349206349215,0.38,0.4025386996904025,0.40199999999999997,0.4748769419435054,3.8,4.6,5.4,6.2
rf_full,signo_zodiacal_aries,447,0.5,0.48999999999999994,0.49627705627705626,0.54,0.5150626566416039,0.5,0.5531280839043997,5.4,5.6,4.4,4.6
rf_full,signo_zodiacal_aries,448,0.5,0.5,0.5048701298701299,0.5,0.4938375350140056,0.5029999999999999,0.5825792263292263,5.0,5.0,5.0,5.0
rf_full,signo_zodiacal_aries,449,0.5,0.5,0.5002020202020201,0.44000000000000006,0.4642547545333923,0.499,0.5536105006105007,4.4,4.4,5.6,5.6
rf_full,signo_zodiacal_aries,450,0.5,0.47000000000000003,0.4843434343434344,0.45999999999999996,0.4656584643426749,0.493,0.5550564347932768,4.6,5.2,4.8,5.4
rf_full,signo_zodiacal_aries,451,0.5,0.5,0.5063034188034188,0.5599999999999999,0.523583484910716,0.5159999999999999,0.5841187215776998,5.6,5.6,4.4,4.4
rf_full,signo_zodiacal_aries,452,0.5,0.54,0.5329870129870129,0.43999999999999995,0.473921568627451,0.533,0.5986549108785951,4.4,3.6,6.4,5.6
rf_full,signo_zodiacal_aries,453,0.5,0.54,0.5474242424242424,0.52,0.5317126148705096,0.572,0.6072336682924917,5.2,4.4,5.6,4.8
rf_full,signo_zodiacal_aries,454,0.5,0.6399999999999999,0.6406060606060605,0.6399999999999999,0.6313157894736843,0.681,0.73010380039637,6.4,3.6,6.4,3.6
rf_full,signo_zodiacal_aries,455,0.5,0.4,0.3601648351648351,0.36000000000000004,0.3466447448544635,0.421,0.5023699480773784,3.6,5.6,4.4,6.4
rf_full,signo_zodiacal_aries,456,0.5,0.58,0.5839826839826839,0.5199999999999999,0.5430524841515553,0.61,0.637852323545048,5.2,3.6,6.4,4.8
rf_full,signo_zodiacal_aries,457,0.5,0.4800000000000001,0.49181929181929174,0.45999999999999996,0.46691222359549184,0.469,0.5629212258329905,4.6,5.0,5.0,5.4
rf_full,signo_zodiacal_aries,458,0.5,0.5399999999999999,0.5852564102564102,0.52,0.5402925132330167,0.5660000000000001,0.680751461988304,5.2,4.4,5.6,4.8
rf_full,signo_zodiacal_aries,459,0.5,0.31999999999999995,0.3033549783549784,0.26,0.2754138018843901,0.29899999999999993,0.42734770905049535,2.6,6.2,3.8,7.4
rf_full,signo_zodiacal_aries,460,0.5,0.41,0.41666666666666663,0.36000000000000004,0.3728260044049518,0.41000000000000003,0.5238306493128475,3.6,5.4,4.6,6.4
rf_full,signo_zodiacal_aries,461,0.5,0.5599999999999999,0.611111111111111,0.52,0.5456671982987772,0.604,0.6679995451744678,5.2,4.0,6.0,4.8
rf_full,signo_zodiacal_aries,462,0.5,0.47000000000000003,0.4666666666666666,0.42000000000000004,0.44152046783625726,0.485,0.5201114614659506,4.2,4.8,5.2,5.8
rf_full,signo_zodiacal_aries,463,0.5,0.52,0.4998168498168498,0.5599999999999999,0.5218884225210784,0.4800000000000001,0.5433165058196018,5.6,5.2,4.8,4.4
rf_full,signo_zodiacal_aries,464,0.5,0.51,0.5124242424242424,0.6,0.5482717282717282,0.46699999999999997,0.5013176170234994,6.0,5.8,4.2,4.0
rf_full,signo_zodiacal_aries,465,0.5,0.53,0.5463059163059162,0.48,0.5079522335249889,0.525,0.6096831764726501,4.8,4.2,5.8,5.2
rf_full,signo_zodiacal_aries,466,0.5,0.42000000000000004,0.3921717171717172,0.34,0.36200918964076856,0.384,0.4734654814569675,3.4,5.0,5.0,6.6
rf_full,signo_zodiacal_aries,467,0.5,0.45,0.4441919191919192,0.4,0.416750208855472,0.434,0.5061497577070331,4.0,5.0,5.0,6.0
rf_full,signo_zodiacal_aries,468,0.5,0.44000000000000006,0.42662337662337657,0.42000000000000004,0.41941484727862444,0.441,0.48282079745160233,4.2,5.4,4.6,5.8
rf_full,signo_zodiacal_aries,469,0.5,0.56,0.5893939393939394,0.5199999999999999,0.5449305080884028,0.5700000000000001,0.638141188876483,5.2,4.0,6.0,4.8
rf_full,signo_zodiacal_aries,470,0.5,0.5,0.5010378510378509,0.5599999999999999,0.5072317069120139,0.526,0.5906221643853222,5.6,5.6,4.4,4.4
rf_full,signo_zodiacal_aries,471,0.5,0.53,0.532004662004662,0.6,0.5628759646150951,0.507,0.5436842966974547,6.0,5.4,4.6,4.0
rf_full,signo_zodiacal_aries,472,0.5,0.52,0.5253968253968254,0.44000000000000006,0.47317759639741064,0.5790000000000001,0.6073653084961135,4.4,4.0,6.0,5.6
rf_full,signo_zodiacal_aries,473,0.5,0.49000000000000005,0.48484848484848475,0.52,0.5008202323991797,0.47800000000000004,0.5042894568451844,5.2,5.4,4.6,4.8
rf_full,signo_zodiacal_aries,474,0.5,0.35,0.34606060606060607,0.36,0.3453483709273183,0.362,0.49584174408323023,3.6,6.6,3.4,6.4
rf_full,signo_zodiacal_aries,475,0.5,0.59,0.6093253968253969,0.5599999999999999,0.567907702892223,0.663,0.6900512326510778,5.6,3.8,6.2,4.4
rf_full,signo_zodiacal_aries,476,0.5,0.43,0.41924242424242425,0.4,0.4046320346320346,0.42799999999999994,0.5449166497417272,4.0,5.4,4.6,6.0
rf_full,signo_zodiacal_aries,477,0.5,0.58,0.5752525252525252,0.5999999999999999,0.5854180906812485,0.546,0.5828118988854283,6.0,4.4,5.6,4.0
rf_full,signo_zodiacal_aries,478,0.5,0.49000000000000005,0.5269230769230769,0.42000000000000004,0.4504485852311939,0.45899999999999996,0.5543168447479594,4.2,4.4,5.6,5.8
rf_full,signo_zodiacal_aries,479,0.5,0.43,0.41944444444444445,0.4,0.40374800637958524,0.42400000000000004,0.504574753505868,4.0,5.4,4.6,6.0
rf_full,signo_zodiacal_aries,480,0.5,0.42000000000000004,0.41531801531801527,0.41999999999999993,0.40878699305809285,0.44699999999999995,0.5040773464581514,4.2,5.8,4.2,5.8
rf_full,signo_zodiacal_aries,481,0.5,0.51,0.5117327117327116,0.54,0.5227416367004467,0.592,0.649154879606118,5.4,5.2,4.8,4.6
rf_full,signo_zodiacal_aries,482,0.5,0.41000000000000003,0.4034848484848485,0.4,0.4003007518796992,0.366,0.4750011506381475,4.0,5.8,4.2,6.0
rf_full,signo_zodiacal_aries,483,0.5,0.48999999999999994,0.4988888888888889,0.48,0.4870676691729322,0.458,0.5350410141114474,4.8,5.0,5.0,5.2
rf_full,signo_zodiacal_aries,484,0.5,0.5,0.540952380952381,0.5,0.4995985429745021,0.44399999999999995,0.5620263939706664,5.0,5.0,5.0,5.0
rf_full,signo_zodiacal_aries,485,0.5,0.5700000000000001,0.5724242424242425,0.6,0.5851948051948052,0.5700000000000001,0.5996395010218539,6.0,4.6,5.4,4.0
rf_full,signo_zodiacal_aries,486,0.5,0.5199999999999999,0.513986013986014,0.5599999999999999,0.5323483280005019,0.52,0.5801479451920628,5.6,5.2,4.8,4.4
rf_full,signo_zodiacal_aries,487,0.5,0.48,0.46974358974358976,0.45999999999999996,0.4572883295194508,0.48,0.5361427090281579,4.6,5.0,5.0,5.4
rf_full,signo_zodiacal_aries,488,0.5,0.47000000000000003,0.46590909090909094,0.43999999999999995,0.4513784461152882,0.47000000000000003,0.5203924309264867,4.4,5.0,5.0,5.6
rf_full,signo_zodiacal_aries,489,0.5,0.43999999999999995,0.44621212121212117,0.4,0.42030075187969923,0.43,0.515591208241363,4.0,5.2,4.8,6.0
rf_full,signo_zodiacal_aries,490,0.5,0.52,0.5222222222222223,0.5,0.508939014202172,0.5189999999999999,0.569862887112887,5.0,4.6,5.4,5.0
rf_full,signo_zodiacal_aries,491,0.5,0.45,0.45008547008547006,0.45999999999999996,0.45276887871853544,0.5279999999999999,0.6680602824248335,4.6,5.6,4.4,5.4
rf_full,signo_zodiacal_aries,492,0.5,0.53,0.5281385281385281,0.48,0.5006634232640426,0.56,0.6227220073528124,4.8,4.2,5.8,5.2
rf_full,signo_zodiacal_aries,493,0.5,0.53,0.5404329004329005,0.5599999999999999,0.5408851540616246,0.509,0.5787827244135294,5.6,5.0,5.0,4.4
rf_full,signo_zodiacal_aries,494,0.5,0.49000000000000005,0.480952380952381,0.5,0.4859649122807017,0.51,0.5424749145763077,5.0,5.2,4.8,5.0
rf_full,signo_zodiacal_aries,495,0.5,0.5,0.491031746031746,0.41999999999999993,0.4512693498452013,0.41900000000000004,0.5112243610362806,4.2,4.2,5.8,5.8
rf_full,signo_zodiacal_aries,496,0.5,0.55,0.5506202131202131,0.64,0.5824988310921815,0.5320000000000001,0.5952047505298278,6.4,5.4,4.6,3.6
rf_full,signo_zodiacal_aries,497,0.5,0.51,0.4882575757575758,0.5599999999999999,0.5118381618381618,0.51,0.5677242294169538,5.6,5.4,4.6,4.4
rf_full,signo_zodiacal_aries,498,0.5,0.45999999999999996,0.4604617604617605,0.4,0.4222799646174259,0.5370000000000001,0.6064329914151895,4.0,4.8,5.2,6.0
rf_full,signo_zodiacal_aries,499,0.5,0.56,0.5817460317460318,0.5199999999999999,0.5382212215029553,0.47300000000000003,0.5346200480805744,5.2,4.0,6.0,4.8
rf_full,signo_zodiacal_aries,500,0.5,0.5900000000000001,0.6093156843156844,0.6200000000000001,0.6025981407055576,0.615,0.6607384113134886,6.2,4.4,5.6,3.8
rf_full,signo_zodiacal_capricornio,1,0.5,0.42000000000000004,0.4178354978354978,0.4,0.4061270824119122,0.389,0.5111374458874458,4.0,5.6,4.4,6.0
rf_full,signo_zodiacal_capricornio,2,0.5,0.56,0.5554700854700856,0.62,0.5833659246931557,0.568,0.6189159086527507,6.2,5.0,5.0,3.8
rf_full,signo_zodiacal_capricornio,3,0.5,0.49000000000000005,0.46861471861471865,0.48,0.4682964094728801,0.45299999999999996,0.5474298865049638,4.8,5.0,5.0,5.2
rf_full,signo_zodiacal_capricornio,4,0.5,0.4,0.38686868686868686,0.38,0.3806334016860332,0.383,0.4952527231969957,3.8,5.8,4.2,6.2
rf_full,signo_zodiacal_capricornio,5,0.5,0.52,0.5231746031746032,0.52,0.5149948400412796,0.567,0.5874471047528323,5.2,4.8,5.2,4.8
rf_full,signo_zodiacal_capricornio,6,0.5,0.48,0.4666666666666667,0.5399999999999999,0.4928370391218689,0.454,0.5068403824417758,5.4,5.8,4.2,4.6
rf_full,signo_zodiacal_capricornio,7,0.5,0.48,0.49786324786324787,0.48,0.47946744331183694,0.4880000000000001,0.5705353195136477,4.8,5.2,4.8,5.2
rf_full,signo_zodiacal_capricornio,8,0.5,0.5700000000000001,0.5851948051948052,0.5599999999999999,0.5573557422969188,0.541,0.6129909977363537,5.6,4.2,5.8,4.4
rf_full,signo_zodiacal_capricornio,9,0.5,0.45,0.4519230769230769,0.4,0.41832907075873826,0.44699999999999995,0.5722533314638577,4.0,5.0,5.0,6.0
rf_full,signo_zodiacal_capricornio,10,0.5,0.47000000000000003,0.466025641025641,0.48,0.4687885722210665,0.418,0.47692407798599745,4.8,5.4,4.6,5.2
rf_full,signo_zodiacal_capricornio,11,0.5,0.52,0.5231746031746032,0.4600000000000001,0.4824190824655221,0.4870000000000001,0.5794872186636891,4.6,4.2,5.8,5.4
rf_full,signo_zodiacal_capricornio,12,0.5,0.53,0.5282983682983683,0.6,0.5559613526570049,0.518,0.5454035306798464,6.0,5.4,4.6,4.0
rf_full,signo_zodiacal_capricornio,13,0.5,0.5800000000000001,0.5921800421800422,0.56,0.5687389830073906,0.549,0.6095720678530276,5.6,4.0,6.0,4.4
rf_full,signo_zodiacal_capricornio,14,0.5,0.56,0.5656854256854257,0.6,0.5722818275635613,0.5770000000000001,0.6374486054880791,6.0,4.8,5.2,4.0
rf_full,signo_zodiacal_capricornio,15,0.5,0.44000000000000006,0.44005439005439007,0.44000000000000006,0.43716537721114374,0.469,0.585914606033801,4.4,5.6,4.4,5.6
rf_full,signo_zodiacal_capricornio,16,0.5,0.61,0.6399999999999999,0.5399999999999999,0.5754066985645933,0.6050000000000001,0.6393913298603702,5.4,3.2,6.8,4.6
rf_full,signo_zodiacal_capricornio,17,0.5,0.57,0.5636363636363636,0.62,0.59004329004329,0.608,0.6338145416674827,6.2,4.8,5.2,3.8
rf_full,signo_zodiacal_capricornio,18,0.5,0.5900000000000001,0.5992857142857142,0.5599999999999999,0.5707843137254901,0.648,0.6478558642939448,5.6,3.8,6.2,4.4
rf_full,signo_zodiacal_capricornio,19,0.5,0.44000000000000006,0.44700854700854703,0.5,0.46881630954857495,0.45200000000000007,0.5474097208261295,5.0,6.2,3.8,5.0
rf_full,signo_zodiacal_capricornio,20,0.5,0.53,0.5086691086691087,0.5399999999999999,0.5141495041952708,0.522,0.5401717263644509,5.4,4.8,5.2,4.6
rf_full,signo_zodiacal_capricornio,21,0.5,0.5,0.4890909090909091,0.44000000000000006,0.45709273182957394,0.46699999999999997,0.5496153111594289,4.4,4.4,5.6,5.6
rf_full,signo_zodiacal_capricornio,22,0.5,0.4600000000000001,0.4369696969696969,0.39999999999999997,0.41142857142857137,0.43899999999999995,0.520615643558368,4.0,4.8,5.2,6.0
rf_full,signo_zodiacal_capricornio,23,0.5,0.48,0.47757575757575754,0.54,0.5014729130518604,0.462,0.5203632549940599,5.4,5.8,4.2,4.6
rf_full,signo_zodiacal_capricornio,24,0.5,0.55,0.5480769230769231,0.5,0.514947428246661,0.5599999999999999,0.6216624949697704,5.0,4.0,6.0,5.0
rf_full,signo_zodiacal_capricornio,25,0.5,0.38,0.35,0.32,0.3236363636363636,0.313,0.4479107477489831,3.2,5.6,4.4,6.8
rf_full,signo_zodiacal_capricornio,26,0.5,0.43999999999999995,0.4438383838383838,0.42000000000000004,0.4303425229741019,0.48200000000000004,0.5450387363754237,4.2,5.4,4.6,5.8
rf_full,signo_zodiacal_capricornio,27,0.5,0.63,0.6439393939393938,0.58,0.608187134502924,0.6490000000000001,0.7383745770053819,5.8,3.2,6.8,4.2
rf_full,signo_zodiacal_capricornio,28,0.5,0.5900000000000001,0.6090909090909091,0.5599999999999999,0.580952380952381,0.593,0.5896301417021231,5.6,3.8,6.2,4.4
rf_full,signo_zodiacal_capricornio,29,0.5,0.5599999999999999,0.5607392607392606,0.58,0.5583181098526367,0.54,0.5997157362761077,5.8,4.6,5.4,4.2
rf_full,signo_zodiacal_capricornio,30,0.5,0.5900000000000001,0.6059523809523809,0.5,0.5467492260061919,0.618,0.6350805087585274,5.0,3.2,6.8,5.0
rf_full,signo_zodiacal_capricornio,31,0.5,0.53,0.5537662337662338,0.48,0.5024089635854341,0.525,0.594418766476042,4.8,4.2,5.8,5.2
rf_full,signo_zodiacal_capricornio,32,0.5,0.55,0.5490909090909091,0.58,0.5478095238095237,0.588,0.5791688486951644,5.8,4.8,5.2,4.2
rf_full,signo_zodiacal_capricornio,33,0.5,0.41,0.3904761904761904,0.33999999999999997,0.3538770053475936,0.38100000000000006,0.46661119805547047,3.4,5.2,4.8,6.6
rf_full,signo_zodiacal_capricornio,34,0.5,0.53,0.545,0.44000000000000006,0.48,0.5559999999999999,0.6131243909169606,4.4,3.8,6.2,5.6
rf_full,signo_zodiacal_capricornio,35,0.5,0.47000000000000003,0.4718253968253968,0.36,0.4056759545923633,0.45599999999999996,0.5359003596163039,3.6,4.2,5.8,6.4
rf_full,signo_zodiacal_capricornio,36,0.5,0.44000000000000006,0.4357142857142858,0.43999999999999995,0.4333333333333334,0.4050000000000001,0.5163475032019924,4.4,5.6,4.4,5.6
rf_full,signo_zodiacal_capricornio,37,0.5,0.58,0.5906959706959707,0.6,0.5691304347826087,0.584,0.6060618984558612,6.0,4.4,5.6,4.0
rf_full,signo_zodiacal_capricornio,38,0.5,0.55,0.566105006105006,0.5399999999999999,0.5467546103109436,0.5160000000000001,0.6078217636336831,5.4,4.4,5.6,4.6
rf_full,signo_zodiacal_capricornio,39,0.5,0.51,0.5145104895104895,0.5,0.4983264320220842,0.502,0.5469127055435105,5.0,4.8,5.2,5.0
rf_full,signo_zodiacal_capricornio,40,0.5,0.54,0.5537662337662338,0.48,0.5106629318394025,0.572,0.5927610418477292,4.8,4.0,6.0,5.2
rf_full,signo_zodiacal_capricornio,41,0.5,0.45,0.44306526806526814,0.44000000000000006,0.43734699066506844,0.5119999999999999,0.5852275367391465,4.4,5.4,4.6,5.6
rf_full,signo_zodiacal_capricornio,42,0.5,0.58,0.5928571428571429,0.58,0.5767911311254965,0.5780000000000001,0.6238161621660073,5.8,4.2,5.8,4.2
rf_full,signo_zodiacal_capricornio,43,0.5,0.53,0.5286446886446886,0.5599999999999999,0.5327456663824951,0.584,0.6520268347064012,5.6,5.0,5.0,4.4
rf_full,signo_zodiacal_capricornio,44,0.5,0.4,0.40040792540792547,0.42000000000000004,0.40725727361882963,0.409,0.5033117262854104,4.2,6.2,3.8,5.8
rf_full,signo_zodiacal_capricornio,45,0.5,0.5599999999999999,0.5733766233766234,0.5,0.5306255835667599,0.472,0.5095957565825987,5.0,3.8,6.2,5.0
rf_full,signo_zodiacal_capricornio,46,0.5,0.47000000000000003,0.4850349650349651,0.4,0.42442719116632155,0.44400000000000006,0.5046519387045703,4.0,4.6,5.4,6.0
rf_full,signo_zodiacal_capricornio,47,0.5,0.53,0.5290909090909091,0.58,0.5492615596963423,0.599,0.5922797284414931,5.8,5.2,4.8,4.2
rf_full,signo_zodiacal_capricornio,48,0.5,0.54,0.5533333333333333,0.52,0.5295238095238096,0.519,0.5944551657492834,5.2,4.4,5.6,4.8
rf_full,signo_zodiacal_capricornio,49,0.5,0.55,0.5646031746031746,0.44000000000000006,0.48813209494324045,0.5449999999999999,0.5734780399339223,4.4,3.4,6.6,5.6
rf_full,signo_zodiacal_capricornio,50,0.5,0.45999999999999996,0.5009090909090909,0.42000000000000004,0.4319523809523809,0.433,0.5078831734141331,4.2,5.0,5.0,5.8
rf_full,signo_zodiacal_capricornio,51,0.5,0.6399999999999999,0.627016317016317,0.7000000000000001,0.6597364953886692,0.692,0.7498841056604213,7.0,4.2,5.8,3.0
rf_full,signo_zodiacal_capricornio,52,0.5,0.45,0.45385281385281384,0.52,0.476873949579832,0.413,0.47686067690479456,5.2,6.2,3.8,4.8
rf_full,signo_zodiacal_capricornio,53,0.5,0.41999999999999993,0.41508547008547014,0.44000000000000006,0.42456047893118826,0.40700000000000003,0.49321056781196104,4.4,6.0,4.0,5.6
rf_full,signo_zodiacal_capricornio,54,0.5,0.5199999999999999,0.5301247771836006,0.52,0.5035714285714286,0.501,0.5633735512853161,5.2,4.8,5.2,4.8
rf_full,signo_zodiacal_capricornio,55,0.5,0.4699999999999999,0.4333333333333333,0.45999999999999996,0.44313624971519705,0.42600000000000005,0.5263426496104515,4.6,5.2,4.8,5.4
rf_full,signo_zodiacal_capricornio,56,0.5,0.41,0.41,0.42000000000000004,0.412046783625731,0.351,0.4633698287436677,4.2,6.0,4.0,5.8
rf_full,signo_zodiacal_capricornio,57,0.5,0.5599999999999999,0.5608080808080808,0.5599999999999999,0.5591979949874687,0.576,0.6016129724248919,5.6,4.4,5.6,4.4
rf_full,signo_zodiacal_capricornio,58,0.5,0.5000000000000001,0.48904761904761906,0.5399999999999998,0.5040957803806101,0.46799999999999997,0.5499126443731707,5.4,5.4,4.6,4.6
rf_full,signo_zodiacal_capricornio,59,0.5,0.5,0.4918253968253968,0.44000000000000006,0.4625180598555211,0.47300000000000003,0.5573516675103363,4.4,4.4,5.6,5.6
rf_full,signo_zodiacal_capricornio,60,0.5,0.4600000000000001,0.4536796536796537,0.41999999999999993,0.42586367880485526,0.45599999999999996,0.5653027352764195,4.2,5.0,5.0,5.8
rf_full,signo_zodiacal_capricornio,61,0.5,0.53,0.5033333333333333,0.45999999999999996,0.4748872180451128,0.619,0.6304449308861073,4.6,4.0,6.0,5.4
rf_full,signo_zodiacal_capricornio,62,0.5,0.48,0.46785714285714286,0.42000000000000004,0.4268350930115636,0.4960000000000001,0.5786445015253066,4.2,4.6,5.4,5.8
rf_full,signo_zodiacal_capricornio,63,0.5,0.55,0.5644444444444444,0.48,0.511578947368421,0.521,0.6002870467166133,4.8,3.8,6.2,5.2
rf_full,signo_zodiacal_capricornio,64,0.5,0.51,0.49269230769230765,0.5,0.49285024154589374,0.506,0.5736180836707152,5.0,4.8,5.2,5.0
rf_full,signo_zodiacal_capricornio,65,0.5,0.53,0.5238961038961039,0.5,0.5080485527544351,0.5509999999999999,0.6278422318995073,5.0,4.4,5.6,5.0
rf_full,signo_zodiacal_capricornio,66,0.5,0.38,0.3451082251082251,0.34,0.33285714285714285,0.344,0.4582522041082412,3.4,5.8,4.2,6.6
rf_full,signo_zodiacal_capricornio,67,0.5,0.5800000000000001,0.5815811965811966,0.5800000000000001,0.5770607678616833,0.576,0.6001732048481274,5.8,4.2,5.8,4.2
rf_full,signo_zodiacal_capricornio,68,0.5,0.5000000000000001,0.49111111111111116,0.42000000000000004,0.44748538011695904,0.5479999999999999,0.6121013431013431,4.2,4.2,5.8,5.8
rf_full,signo_zodiacal_capricornio,69,0.5,0.53,0.5287301587301587,0.4999999999999999,0.5098114269631298,0.555,0.5840888451933343,5.0,4.4,5.6,5.0
rf_full,signo_zodiacal_capricornio,70,0.5,0.55,0.5775757575757576,0.52,0.5402380952380953,0.5780000000000001,0.643546034632722,5.2,4.2,5.8,4.8
rf_full,signo_zodiacal_capricornio,71,0.5,0.37,0.3229304029304029,0.33999999999999997,0.3246624815934279,0.388,0.5092951156170971,3.4,6.0,4.0,6.6
rf_full,signo_zodiacal_capricornio,72,0.5,0.45,0.45593073593073596,0.4,0.4194397759103642,0.44699999999999995,0.5053543564278858,4.0,5.0,5.0,6.0
rf_full,signo_zodiacal_capricornio,73,0.5,0.5599999999999999,0.5872727272727272,0.54,0.5461403508771929,0.623,0.6853974250723476,5.4,4.2,5.8,4.6
rf_full,signo_zodiacal_capricornio,74,0.5,0.6,0.5983333333333334,0.5999999999999999,0.5945454545454545,0.5559999999999999,0.5959787979478384,6.0,4.0,6.0,4.0
rf_full,signo_zodiacal_capricornio,75,0.5,0.4800000000000001,0.4807142857142857,0.33999999999999997,0.3950326797385621,0.4800000000000001,0.5330960772973157,3.4,3.8,6.2,6.6
rf_full,signo_zodiacal_capricornio,76,0.5,0.4,0.4202131202131202,0.48,0.4438107785933873,0.36,0.48910992481890314,4.8,6.8,3.2,5.2
rf_full,signo_zodiacal_capricornio,77,0.5,0.54,0.5504329004329005,0.54,0.5401578813343519,0.54,0.5778630890952872,5.4,4.6,5.4,4.6
rf_full,signo_zodiacal_capricornio,78,0.5,0.5,0.5034415584415585,0.48,0.48698073168661404,0.46900000000000003,0.5374067615391145,4.8,4.8,5.2,5.2
rf_full,signo_zodiacal_capricornio,79,0.5,0.55,0.5476190476190477,0.58,0.554093567251462,0.479,0.5368157679953345,5.8,4.8,5.2,4.2
rf_full,signo_zodiacal_capricornio,80,0.5,0.5700000000000001,0.5776923076923077,0.58,0.5667391304347826,0.5399999999999999,0.6334300798960243,5.8,4.4,5.6,4.2
rf_full,signo_zodiacal_capricornio,81,0.5,0.5199999999999999,0.5125,0.5799999999999998,0.5292543773362188,0.5379999999999999,0.5568881555321183,5.8,5.4,4.6,4.2
rf_full,signo_zodiacal_capricornio,82,0.5,0.55,0.5412587412587413,0.54,0.5315907522429262,0.5770000000000001,0.6181749128924052,5.4,4.4,5.6,4.6
rf_full,signo_zodiacal_capricornio,83,0.5,0.5599999999999999,0.5686147186147187,0.5399999999999999,0.5486791845924973,0.5850000000000001,0.6077674157627718,5.4,4.2,5.8,4.6
rf_full,signo_zodiacal_capricornio,84,0.5,0.4800000000000001,0.48479797979797984,0.44000000000000006,0.4594486215538847,0.51,0.5950508468140047,4.4,4.8,5.2,5.6
rf_full,signo_zodiacal_capricornio,85,0.5,0.51,0.5107142857142857,0.44000000000000006,0.4711730306157551,0.5,0.5232373406607154,4.4,4.2,5.8,5.6
rf_full,signo_zodiacal_capricornio,86,0.5,0.47000000000000003,0.49055944055944056,0.5,0.4917184265010352,0.46499999999999997,0.5846252091561689,5.0,5.6,4.4,5.0
rf_full,signo_zodiacal_capricornio,87,0.5,0.58,0.6018759018759019,0.48,0.5278379772961816,0.605,0.6561814472077631,4.8,3.2,6.8,5.2
rf_full,signo_zodiacal_capricornio,88,0.5,0.5,0.5135353535353535,0.5,0.49470676691729326,0.5660000000000001,0.5913103966896537,5.0,5.0,5.0,5.0
rf_full,signo_zodiacal_capricornio,89,0.5,0.49000000000000005,0.4801587301587301,0.4,0.43550051599587203,0.497,0.5547099734630694,4.0,4.2,5.8,6.0
rf_full,signo_zodiacal_capricornio,90,0.5,0.5,0.4760750360750361,0.5599999999999999,0.5068883974642489,0.524,0.5819625641816044,5.6,5.6,4.4,4.4
rf_full,signo_zodiacal_capricornio,91,0.5,0.54,0.5438034188034188,0.56,0.5476372089644401,0.51,0.5551982004923183,5.6,4.8,5.2,4.4
rf_full,signo_zodiacal_capricornio,92,0.5,0.4800000000000001,0.48353535353535354,0.48,0.47934685197843085,0.518,0.5637983188981641,4.8,5.2,4.8,5.2
rf_full,signo_zodiacal_capricornio,93,0.5,0.5900000000000001,0.5852991452991454,0.6200000000000001,0.5987476596629915,0.625,0.6651377300889685,6.2,4.4,5.6,3.8
rf_full,signo_zodiacal_capricornio,94,0.5,0.45,0.4437529137529138,0.5,0.4683602286348282,0.449,0.49553656577340793,5.0,6.0,4.0,5.0
rf_full,signo_zodiacal_capricornio,95,0.5,0.5199999999999999,0.5239982239982239,0.48,0.49135803062643824,0.516,0.5837180138403049,4.8,4.4,5.6,5.2
rf_full,signo_zodiacal_capricornio,96,0.5,0.6,0.6048484848484849,0.62,0.6091774891774892,0.607,0.6759473684210525,6.2,4.2,5.8,3.8
rf_full,signo_zodiacal_capricornio,97,0.5,0.5,0.49670995670995666,0.4800000000000001,0.4737366946778712,0.511,0.5611496003996004,4.8,4.8,5.2,5.2
rf_full,signo_zodiacal_capricornio,98,0.5,0.5900000000000001,0.6194444444444445,0.52,0.557535885167464,0.648,0.6935210981828629,5.2,3.4,6.6,4.8
rf_full,signo_zodiacal_capricornio,99,0.5,0.53,0.519047619047619,0.5,0.5029114676173501,0.538,0.6094707792207792,5.0,4.4,5.6,5.0
rf_full,signo_zodiacal_capricornio,100,0.5,0.4,0.3416666666666667,0.27999999999999997,0.300036075036075,0.39299999999999996,0.47487144228320693,2.8,4.8,5.2,7.2
rf_full,signo_zodiacal_capricornio,101,0.5,0.53,0.5516955266955267,0.5,0.5193027131107627,0.571,0.6334221544709161,5.0,4.4,5.6,5.0
rf_full,signo_zodiacal_capricornio,102,0.5,0.58,0.6030303030303031,0.5599999999999999,0.5606060606060606,0.5519999999999999,0.6063354033307593,5.6,4.0,6.0,4.4
rf_full,signo_zodiacal_capricornio,103,0.5,0.6100000000000001,0.630909090909091,0.62,0.605904761904762,0.586,0.651970558251518,6.2,4.0,6.0,3.8
rf_full,signo_zodiacal_capricornio,104,0.5,0.49000000000000005,0.4858669108669108,0.42000000000000004,0.4417339704760622,0.437,0.4902429241724907,4.2,4.4,5.6,5.8
rf_full,signo_zodiacal_capricornio,105,0.5,0.53,0.5266244866244866,0.58,0.5423530180951099,0.495,0.5410444051132905,5.8,5.2,4.8,4.2
rf_full,signo_zodiacal_capricornio,106,0.5,0.45,0.45008547008547006,0.44000000000000006,0.44165776760742437,0.425,0.5004533605369519,4.4,5.4,4.6,5.6
rf_full,signo_zodiacal_capricornio,107,0.5,0.55,0.5533333333333333,0.5399999999999999,0.5334736842105263,0.567,0.5969199662566534,5.4,4.4,5.6,4.6
rf_full,signo_zodiacal_capricornio,108,0.5,0.51,0.48879120879120874,0.41999999999999993,0.44082978118783744,0.537,0.5774520648769874,4.2,4.0,6.0,5.8
rf_full,signo_zodiacal_capricornio,109,0.5,0.56,0.5853968253968254,0.5800000000000001,0.563444976076555,0.6010000000000001,0.6492776151437142,5.8,4.6,5.4,4.2
rf_full,signo_zodiacal_capricornio,110,0.5,0.48999999999999994,0.5,0.4600000000000001,0.4707602339181286,0.508,0.5587134444502866,4.6,4.8,5.2,5.4
rf_full,signo_zodiacal_capricornio,111,0.5,0.55,0.5626262626262626,0.5399999999999999,0.5429254955570745,0.584,0.5945584113169252,5.4,4.4,5.6,4.6
rf_full,signo_zodiacal_capricornio,112,0.5,0.55,0.5452991452991454,0.5800000000000001,0.555212306127638,0.541,0.5905265757634178,5.8,4.8,5.2,4.2
rf_full,signo_zodiacal_capricornio,113,0.5,0.5199999999999999,0.5333333333333333,0.5599999999999999,0.5392182696530522,0.536,0.5662835122393947,5.6,5.2,4.8,4.4
rf_full,signo_zodiacal_capricornio,114,0.5,0.5900000000000001,0.5840909090909091,0.6599999999999999,0.6147907647907648,0.627,0.6583234712483939,6.6,4.8,5.2,3.4
rf_full,signo_zodiacal_capricornio,115,0.5,0.47000000000000003,0.44632034632034634,0.4800000000000001,0.4583333333333333,0.4779999999999999,0.5593690811252732,4.8,5.4,4.6,5.2
rf_full,signo_zodiacal_capricornio,116,0.5,0.59,0.5902020202020203,0.6,0.5931373889268625,0.567,0.6096894108643334,6.0,4.2,5.8,4.0
rf_full,signo_zodiacal_capricornio,117,0.5,0.4600000000000001,0.4597979797979798,0.42000000000000004,0.4344486215538847,0.376,0.48424049522888524,4.2,5.0,5.0,5.8
rf_full,signo_zodiacal_capricornio,118,0.5,0.55,0.5337301587301587,0.5599999999999999,0.5390749601275917,0.507,0.5525958763458764,5.6,4.6,5.4,4.4
rf_full,signo_zodiacal_capricornio,119,0.5,0.39,0.38242424242424244,0.42000000000000004,0.3987301587301587,0.42300000000000004,0.5247088554720134,4.2,6.4,3.6,5.8
rf_full,signo_zodiacal_capricornio,120,0.5,0.47000000000000003,0.4573737373737374,0.44000000000000006,0.4446867167919799,0.44699999999999995,0.5540642129628198,4.4,5.0,5.0,5.6
rf_full,signo_zodiacal_capricornio,121,0.5,0.6399999999999999,0.6806060606060604,0.56,0.6,0.6860000000000002,0.7558297894915542,5.6,2.8,7.2,4.4
rf_full,signo_zodiacal_capricornio,122,0.5,0.56,0.5761904761904763,0.4600000000000001,0.50843653250774,0.535,0.5704386703767509,4.6,3.4,6.6,5.4
rf_full,signo_zodiacal_capricornio,123,0.5,0.5,0.5096153846153846,0.56,0.5288976723759332,0.5159999999999999,0.5766604583926564,5.6,5.6,4.4,4.4
rf_full,signo_zodiacal_capricornio,124,0.5,0.45999999999999996,0.451984126984127,0.45999999999999996,0.4487381555493011,0.501,0.572258382570302,4.6,5.4,4.6,5.4
rf_full,signo_zodiacal_capricornio,125,0.5,0.54,0.5341880341880343,0.5800000000000001,0.5505339435545384,0.5279999999999999,0.5851266409029566,5.8,5.0,5.0,4.2
rf_full,signo_zodiacal_capricornio,126,0.5,0.48,0.47158119658119657,0.54,0.49837389917481456,0.433,0.5206580303081851,5.4,5.8,4.2,4.6
rf_full,signo_zodiacal_capricornio,127,0.5,0.47000000000000003,0.4608191808191807,0.43999999999999995,0.43944951893800993,0.43899999999999995,0.5039016451384872,4.4,5.0,5.0,5.6
rf_full,signo_zodiacal_capricornio,128,0.5,0.5599999999999999,0.5923076923076923,0.48,0.5195525044495296,0.49700000000000005,0.5899877463437836,4.8,3.6,6.4,5.2
rf_full,signo_zodiacal_capricornio,129,0.5,0.5200000000000001,0.5253968253968254,0.52,0.5143566503641884,0.46699999999999997,0.5347632559219246,5.2,4.8,5.2,4.8
rf_full,signo_zodiacal_capricornio,130,0.5,0.5,0.502020202020202,0.42000000000000004,0.4540960243746621,0.5479999999999999,0.5962766079809423,4.2,4.2,5.8,5.8
rf_full,signo_zodiacal_capricornio,131,0.5,0.5,0.49616161616161614,0.52,0.5070676691729323,0.545,0.5816777183085232,5.2,5.2,4.8,4.8
rf_full,signo_zodiacal_capricornio,132,0.5,0.47000000000000003,0.46428571428571425,0.38,0.4163398692810457,0.483,0.5704187771293034,3.8,4.4,5.6,6.2
rf_full,signo_zodiacal_capricornio,133,0.5,0.5900000000000001,0.5817182817182817,0.64,0.6015710632078919,0.6280000000000001,0.6631700684935979,6.4,4.6,5.4,3.6
rf_full,signo_zodiacal_capricornio,134,0.5,0.61,0.6363636363636364,0.5399999999999999,0.5770308123249299,0.592,0.6130292823791276,5.4,3.2,6.8,4.6
rf_full,signo_zodiacal_capricornio,135,0.5,0.47000000000000003,0.4679365079365079,0.41999999999999993,0.4411145510835913,0.507,0.5555666165619726,4.2,4.8,5.2,5.8
rf_full,signo_zodiacal_capricornio,136,0.5,0.5800000000000001,0.5713020313020313,0.6599999999999999,0.6036723242656746,0.5559999999999999,0.5940820731556025,6.6,5.0,5.0,3.4
rf_full,signo_zodiacal_capricornio,137,0.5,0.47000000000000003,0.46571428571428575,0.38,0.41529411764705887,0.49799999999999994,0.5508626943232205,3.8,4.4,5.6,6.2
rf_full,signo_zodiacal_capricornio,138,0.5,0.45999999999999996,0.4595959595959596,0.5,0.47556390977443613,0.499,0.5705432808505564,5.0,5.8,4.2,5.0
rf_full,signo_zodiacal_capricornio,139,0.5,0.5,0.5057142857142858,0.52,0.4930769230769231,0.502,0.5695373890815068,5.2,5.2,4.8,4.8
rf_full,signo_zodiacal_capricornio,140,0.5,0.49000000000000005,0.5023199023199023,0.45999999999999996,0.47581101090321704,0.525,0.572272904168415,4.6,4.8,5.2,5.4
rf_full,signo_zodiacal_capricornio,141,0.5,0.5900000000000001,0.6031746031746031,0.5599999999999999,0.5773256671089488,0.6,0.6221033857783083,5.6,3.8,6.2,4.4
rf_full,signo_zodiacal_capricornio,142,0.5,0.49000000000000005,0.47306166056166055,0.56,0.5042222550635527,0.529,0.619015049879601,5.6,5.8,4.2,4.4
rf_full,signo_zodiacal_capricornio,143,0.5,0.65,0.6319347319347319,0.7,0.6608444695401217,0.705,0.7276095366621682,7.0,4.0,6.0,3.0
rf_full,signo_zodiacal_capricornio,144,0.5,0.52,0.5317460317460317,0.5,0.5074131406948744,0.522,0.5879999385719199,5.0,4.6,5.4,5.0
rf_full,signo_zodiacal_capricornio,145,0.5,0.45,0.4686868686868687,0.54,0.49716791979949876,0.488,0.5902946698124716,5.4,6.4,3.6,4.6
rf_full,signo_zodiacal_capricornio,146,0.5,0.53,0.5401948051948052,0.5599999999999999,0.5397395806807571,0.516,0.5767207128956355,5.6,5.0,5.0,4.4
rf_full,signo_zodiacal_capricornio,147,0.5,0.5700000000000001,0.5814102564102563,0.54,0.5502415458937199,0.607,0.6246401894459169,5.4,4.0,6.0,4.6
rf_full,signo_zodiacal_capricornio,148,0.5,0.5199999999999999,0.5324242424242425,0.52,0.4942547978337452,0.5120000000000001,0.5556690433749256,5.2,4.8,5.2,4.8
rf_full,signo_zodiacal_capricornio,149,0.5,0.53,0.5422222222222223,0.5,0.5133014354066985,0.539,0.595173592918949,5.0,4.4,5.6,5.0
rf_full,signo_zodiacal_capricornio,150,0.5,0.45,0.4523076923076923,0.5,0.4714185331576636,0.442,0.5326189109308304,5.0,6.0,4.0,5.0
rf_full,signo_zodiacal_capricornio,151,0.5,0.41,0.39679653679653676,0.38,0.3837076648841355,0.382,0.4826427851474291,3.8,5.6,4.4,6.2
rf_full,signo_zodiacal_capricornio,152,0.5,0.5700000000000001,0.5434065934065934,0.6399999999999999,0.5796000930016276,0.622,0.6920894758835935,6.4,5.0,5.0,3.6
rf_full,signo_zodiacal_capricornio,153,0.5,0.4600000000000001,0.4382478632478632,0.42000000000000004,0.42261632341723876,0.45999999999999996,0.5266042476615231,4.2,5.0,5.0,5.8
rf_full,signo_zodiacal_capricornio,154,0.5,0.6,0.6015151515151514,0.62,0.6073593073593073,0.6769999999999999,0.6959077572754043,6.2,4.2,5.8,3.8
rf_full,signo_zodiacal_capricornio,155,0.5,0.58,0.606111111111111,0.5,0.5387985114300904,0.563,0.6163542568542568,5.0,3.4,6.6,5.0
rf_full,signo_zodiacal_capricornio,156,0.5,0.48,0.48893106893106897,0.58,0.5286768304159609,0.43500000000000005,0.4955150101016974,5.8,6.2,3.8,4.2
rf_full,signo_zodiacal_capricornio,157,0.5,0.39,0.3416666666666667,0.26000000000000006,0.2937134502923976,0.33099999999999996,0.4388692043250867,2.6,4.8,5.2,7.4
rf_full,signo_zodiacal_capricornio,158,0.5,0.48999999999999994,0.4961111111111111,0.45999999999999996,0.47637426900584795,0.504,0.6067811900002302,4.6,4.8,5.2,5.4
rf_full,signo_zodiacal_capricornio,159,0.5,0.4600000000000001,0.4763888888888889,0.5,0.479834785097943,0.44299999999999995,0.5262563630899544,5.0,5.8,4.2,5.0
rf_full,signo_zodiacal_capricornio,160,0.5,0.5900000000000001,0.596111111111111,0.5399999999999999,0.5652631578947368,0.611,0.6330857290284535,5.4,3.6,6.4,4.6
rf_full,signo_zodiacal_capricornio,161,0.5,0.4,0.41321678321678323,0.48,0.44322228496141547,0.41,0.49641249496977047,4.8,6.8,3.2,5.2
rf_full,signo_zodiacal_capricornio,162,0.5,0.52,0.5188949938949938,0.4800000000000001,0.49409670809590045,0.5069999999999999,0.5694750145795038,4.8,4.4,5.6,5.2
rf_full,signo_zodiacal_capricornio,163,0.5,0.45,0.43611111111111106,0.42000000000000004,0.42589807852965744,0.45999999999999996,0.542614996114996,4.2,5.2,4.8,5.8
rf_full,signo_zodiacal_capricornio,164,0.5,0.48999999999999994,0.49444444444444435,0.44000000000000006,0.46006113769271667,0.496,0.5534046982429335,4.4,4.6,5.4,5.6
rf_full,signo_zodiacal_capricornio,165,0.5,0.51,0.5325757575757575,0.42000000000000004,0.4619047619047619,0.5109999999999999,0.5914297642501977,4.2,4.0,6.0,5.8
rf_full,signo_zodiacal_capricornio,166,0.5,0.48,0.48344155844155845,0.4,0.4356676003734828,0.487,0.5183985422042697,4.0,4.4,5.6,6.0
rf_full,signo_zodiacal_capricornio,167,0.5,0.42000000000000004,0.41035353535353536,0.4,0.40252145515303417,0.48100000000000004,0.5591355044164642,4.0,5.6,4.4,6.0
rf_full,signo_zodiacal_capricornio,168,0.5,0.51,0.4885714285714286,0.36000000000000004,0.3953087435440376,0.48599999999999993,0.5873690033736473,3.6,3.4,6.6,6.4
rf_full,signo_zodiacal_capricornio,169,0.5,0.5399999999999999,0.5363131313131313,0.5399999999999998,0.5355935292777398,0.48200000000000004,0.5523141476686368,5.4,4.6,5.4,4.6
rf_full,signo_zodiacal_capricornio,170,0.5,0.44000000000000006,0.4450349650349651,0.5,0.4696292113683418,0.47300000000000003,0.565204469507101,5.0,6.2,3.8,5.0
rf_full,signo_zodiacal_capricornio,171,0.5,0.45999999999999996,0.46173271173271174,0.5199999999999999,0.4873349381358535,0.45499999999999996,0.5397725689343337,5.2,6.0,4.0,4.8
rf_full,signo_zodiacal_capricornio,172,0.5,0.52,0.5285714285714286,0.44000000000000006,0.4777089783281734,0.495,0.5830198696212628,4.4,4.0,6.0,5.6
rf_full,signo_zodiacal_capricornio,173,0.5,0.5,0.4825396825396826,0.5800000000000001,0.5178231469253141,0.558,0.6335790300171105,5.8,5.8,4.2,4.2
rf_full,signo_zodiacal_capricornio,174,0.5,0.62,0.6104700854700855,0.6599999999999999,0.6290224903497215,0.5700000000000001,0.6325103322030567,6.6,4.2,5.8,3.4
rf_full,signo_zodiacal_capricornio,175,0.5,0.6100000000000001,0.6242929292929293,0.6,0.609390142021721,0.6130000000000001,0.6341717057452352,6.0,3.8,6.2,4.0
rf_full,signo_zodiacal_capricornio,176,0.5,0.51,0.5193589743589744,0.5599999999999999,0.5346684233640755,0.47000000000000003,0.5487009730036045,5.6,5.4,4.6,4.4
rf_full,signo_zodiacal_capricornio,177,0.5,0.42000000000000004,0.42423076923076924,0.45999999999999996,0.43797101449275366,0.358,0.46559433523133215,4.6,6.2,3.8,5.4
rf_full,signo_zodiacal_capricornio,178,0.5,0.5000000000000001,0.4997979797979798,0.54,0.5137644110275689,0.5389999999999999,0.6147684525656661,5.4,5.4,4.6,4.6
rf_full,signo_zodiacal_capricornio,179,0.5,0.61,0.6076190476190476,0.6599999999999999,0.6226491155902921,0.6300000000000001,0.5848132015043781,6.6,4.4,5.6,3.4
rf_full,signo_zodiacal_capricornio,180,0.5,0.45,0.425,0.36,0.3887426900584795,0.46900000000000003,0.5537588503687575,3.6,4.6,5.4,6.4
rf_full,signo_zodiacal_capricornio,181,0.5,0.52,0.4833333333333333,0.45999999999999996,0.46349965823650036,0.5449999999999999,0.5433919103772047,4.6,4.2,5.8,5.4
rf_full,signo_zodiacal_capricornio,182,0.5,0.55,0.5662337662337663,0.52,0.5355742296918768,0.5970000000000001,0.6067880513878966,5.2,4.2,5.8,4.8
rf_full,signo_zodiacal_capricornio,183,0.5,0.6100000000000001,0.6553113553113553,0.6599999999999999,0.6239036325992847,0.641,0.6909932716062748,6.6,4.4,5.6,3.4
rf_full,signo_zodiacal_capricornio,184,0.5,0.4800000000000001,0.47967032967032963,0.52,0.49166289357432175,0.47000000000000003,0.5324111896875056,5.2,5.6,4.4,4.8
rf_full,signo_zodiacal_capricornio,185,0.5,0.54,0.55011655011655,0.5800000000000001,0.554206662902315,0.475,0.5083828667033001,5.8,5.0,5.0,4.2
rf_full,signo_zodiacal_capricornio,186,0.5,0.43,0.42976190476190473,0.4,0.4076023391812866,0.43200000000000005,0.5050343181929869,4.0,5.4,4.6,6.0
rf_full,signo_zodiacal_capricornio,187,0.5,0.56,0.5646464646464646,0.5199999999999999,0.5400167084377611,0.583,0.6276801980269472,5.2,4.0,6.0,4.8
rf_full,signo_zodiacal_capricornio,188,0.5,0.4699999999999999,0.46769230769230763,0.4999999999999999,0.480151828847481,0.49499999999999994,0.5705420525466964,5.0,5.6,4.4,5.0
rf_full,signo_zodiacal_capricornio,189,0.5,0.5,0.5112698412698412,0.54,0.5214354066985646,0.5700000000000001,0.5923010122832103,5.4,5.4,4.6,4.6
rf_full,signo_zodiacal_capricornio,190,0.5,0.42000000000000004,0.38661616161616164,0.34,0.35563909774436087,0.377,0.4876729690158482,3.4,5.0,5.0,6.6
rf_full,signo_zodiacal_capricornio,191,0.5,0.49000000000000005,0.4590909090909091,0.44000000000000006,0.4428571428571429,0.492,0.5825997062792729,4.4,4.6,5.4,5.6
rf_full,signo_zodiacal_capricornio,192,0.5,0.52,0.5247979797979798,0.5,0.5105597326649958,0.49399999999999994,0.5555474323578038,5.0,4.6,5.4,5.0
rf_full,signo_zodiacal_capricornio,193,0.5,0.5800000000000001,0.5973581973581974,0.5599999999999999,0.5692601067887109,0.55,0.5524923322291743,5.6,4.0,6.0,4.4
rf_full,signo_zodiacal_capricornio,194,0.5,0.39,0.3902564102564102,0.33999999999999997,0.3468266516092603,0.417,0.5084983915293513,3.4,5.6,4.4,6.6
rf_full,signo_zodiacal_capricornio,195,0.5,0.51,0.5433333333333333,0.44000000000000006,0.47203007518796997,0.519,0.6188353580543983,4.4,4.2,5.8,5.6
rf_full,signo_zodiacal_capricornio,196,0.5,0.51,0.5173076923076924,0.45999999999999996,0.4799326214085939,0.495,0.5428089133089132,4.6,4.4,5.6,5.4
rf_full,signo_zodiacal_capricornio,197,0.5,0.57,0.5785353535353536,0.54,0.5569757727652463,0.584,0.6650614854701542,5.4,4.0,6.0,4.6
rf_full,signo_zodiacal_capricornio,198,0.5,0.49000000000000005,0.4725274725274725,0.5399999999999999,0.49962799348988607,0.514,0.5891909577350753,5.4,5.6,4.4,4.6
rf_full,signo_zodiacal_capricornio,199,0.5,0.41999999999999993,0.4175757575757576,0.44000000000000006,0.4164729130518604,0.3690000000000001,0.48997966026062,4.4,6.0,4.0,5.6
rf_full,signo_zodiacal_capricornio,200,0.5,0.54,0.5503968253968254,0.5,0.520015725588481,0.487,0.5845886619400551,5.0,4.2,5.8,5.0
rf_full,signo_zodiacal_capricornio,201,0.5,0.5900000000000001,0.6047619047619047,0.5599999999999999,0.5676470588235294,0.605,0.6552075497601814,5.6,3.8,6.2,4.4
rf_full,signo_zodiacal_capricornio,202,0.5,0.5700000000000001,0.5841609371021135,0.64,0.5924533556112503,0.599,0.6449790754481157,6.4,5.0,5.0,3.6
rf_full,signo_zodiacal_capricornio,203,0.5,0.43,0.40581196581196577,0.36000000000000004,0.3756114924993643,0.45899999999999996,0.5419468931481315,3.6,5.0,5.0,6.4
rf_full,signo_zodiacal_capricornio,204,0.5,0.53,0.5665934065934066,0.52,0.5233139579942649,0.491,0.5249611222111222,5.2,4.6,5.4,4.8
rf_full,signo_zodiacal_capricornio,205,0.5,0.38999999999999996,0.40010822510822514,0.28,0.3178731141579439,0.406,0.5155606523679278,2.8,5.0,5.0,7.2
rf_full,signo_zodiacal_capricornio,206,0.5,0.53,0.5367965367965368,0.5399999999999999,0.5323201050755231,0.425,0.49137752014067804,5.4,4.8,5.2,4.6
rf_full,signo_zodiacal_capricornio,207,0.5,0.42000000000000004,0.41068181818181815,0.48,0.43848595848595845,0.417,0.4794353805808914,4.8,6.4,3.6,5.2
rf_full,signo_zodiacal_capricornio,208,0.5,0.5,0.502020202020202,0.48,0.48997493734335834,0.492,0.5977561919504644,4.8,4.8,5.2,5.2
rf_full,signo_zodiacal_capricornio,209,0.5,0.53,0.5409090909090909,0.52,0.5204906204906206,0.4760000000000001,0.5215315724007674,5.2,4.6,5.4,4.8
rf_full,signo_zodiacal_capricornio,210,0.5,0.47000000000000003,0.4698412698412698,0.45999999999999996,0.45815273477812185,0.44400000000000006,0.5005291273054432,4.6,5.2,4.8,5.4
rf_full,signo_zodiacal_capricornio,211,0.5,0.48999999999999994,0.5131135531135531,0.45999999999999996,0.47980825892523293,0.525,0.5862384745457501,4.6,4.8,5.2,5.4
rf_full,signo_zodiacal_capricornio,212,0.5,0.4999999999999999,0.5013986013986014,0.5399999999999999,0.5186335403726707,0.484,0.5594953734775717,5.4,5.4,4.6,4.6
rf_full,signo_zodiacal_capricornio,213,0.5,0.48,0.48773448773448774,0.52,0.49848105111262997,0.45099999999999996,0.5008537475596299,5.2,5.6,4.4,4.8
rf_full,signo_zodiacal_capricornio,214,0.5,0.41,0.37914529914529915,0.34,0.34950038138825323,0.371,0.476821606498077,3.4,5.2,4.8,6.6
rf_full,signo_zodiacal_capricornio,215,0.5,0.45,0.4450793650793651,0.36,0.39501547987616104,0.449,0.5109829594210399,3.6,4.6,5.4,6.4
rf_full,signo_zodiacal_capricornio,216,0.5,0.44000000000000006,0.44222222222222224,0.5,0.4653014354066986,0.429,0.5066989003428631,5.0,6.2,3.8,5.0
rf_full,signo_zodiacal_capricornio,217,0.5,0.4,0.4302697302697303,0.48,0.444665692363902,0.328,0.4809195835124628,4.8,6.8,3.2,5.2
rf_full,signo_zodiacal_capricornio,218,0.5,0.47000000000000003,0.4825757575757576,0.42000000000000004,0.4417027417027416,0.45899999999999996,0.5293326848590005,4.2,4.8,5.2,5.8
rf_full,signo_zodiacal_capricornio,219,0.5,0.59,0.5897435897435898,0.6200000000000001,0.5997364953886692,0.6289999999999999,0.6631670159905455,6.2,4.4,5.6,3.8
rf_full,signo_zodiacal_capricornio,220,0.5,0.53,0.5619047619047619,0.5399999999999999,0.5343137254901962,0.524,0.5954159425026297,5.4,4.8,5.2,4.6
rf_full,signo_zodiacal_capricornio,221,0.5,0.4,0.3683333333333333,0.3,0.3259983291562239,0.389,0.46487543055499714,3.0,5.0,5.0,7.0
rf_full,signo_zodiacal_capricornio,222,0.5,0.43999999999999995,0.4385714285714286,0.36,0.39267973856209154,0.41899999999999993,0.5231313978419241,3.6,4.8,5.2,6.4
rf_full,signo_zodiacal_capricornio,223,0.5,0.43999999999999995,0.45452991452991454,0.44000000000000006,0.43764926149365513,0.44000000000000006,0.5424886035017614,4.4,5.6,4.4,5.6
rf_full,signo_zodiacal_capricornio,224,0.5,0.5700000000000001,0.5609090909090909,0.6799999999999999,0.6032722832722833,0.5569999999999999,0.5898840501603659,6.8,5.4,4.6,3.2
rf_full,signo_zodiacal_capricornio,225,0.5,0.43000000000000005,0.40777777777777785,0.32,0.35508771929824556,0.49400000000000005,0.5564097542464416,3.2,4.6,5.4,6.8
rf_full,signo_zodiacal_capricornio,226,0.5,0.5900000000000001,0.5942857142857142,0.52,0.539298245614035,0.623,0.7085101467160291,5.2,3.4,6.6,4.8
rf_full,signo_zodiacal_capricornio,227,0.5,0.41000000000000003,0.39924242424242423,0.36,0.37710944026733506,0.388,0.4976309519513854,3.6,5.4,4.6,6.4
rf_full,signo_zodiacal_capricornio,228,0.5,0.53,0.5355555555555556,0.5,0.5118922305764411,0.5519999999999999,0.6124200417745309,5.0,4.4,5.6,5.0
rf_full,signo_zodiacal_capricornio,229,0.5,0.36,0.3331168831168831,0.32,0.3215813598166539,0.34299999999999997,0.45243318102606017,3.2,6.0,4.0,6.8
rf_full,signo_zodiacal_capricornio,230,0.5,0.53,0.545,0.48,0.5033599149388623,0.489,0.5725800414755524,4.8,4.2,5.8,5.2
rf_full,signo_zodiacal_capricornio,231,0.5,0.55,0.5483333333333333,0.5999999999999999,0.5663838383838383,0.5940000000000001,0.6708172552421778,6.0,5.0,5.0,4.0
rf_full,signo_zodiacal_capricornio,232,0.5,0.61,0.6138827838827838,0.5599999999999999,0.5715074013795242,0.621,0.6848283464901113,5.6,3.4,6.6,4.4
rf_full,signo_zodiacal_capricornio,233,0.5,0.57,0.5957142857142856,0.54,0.5557602339181287,0.5959999999999999,0.666548416066218,5.4,4.0,6.0,4.6
rf_full,signo_zodiacal_capricornio,234,0.5,0.45,0.43278388278388275,0.48,0.45092818071684676,0.382,0.4502425364453228,4.8,5.8,4.2,5.2
rf_full,signo_zodiacal_capricornio,235,0.5,0.51,0.5,0.48,0.48245614035087714,0.526,0.540086273805314,4.8,4.6,5.4,5.2
rf_full,signo_zodiacal_capricornio,236,0.5,0.49000000000000005,0.48686868686868684,0.54,0.5075488721804511,0.47300000000000003,0.4985468944540152,5.4,5.6,4.4,4.6
rf_full,signo_zodiacal_capricornio,237,0.5,0.43,0.43636363636363634,0.45999999999999996,0.44761904761904764,0.40800000000000003,0.4841101204437117,4.6,6.0,4.0,5.4
rf_full,signo_zodiacal_capricornio,238,0.5,0.52,0.47525807525807523,0.45999999999999996,0.4575021312872975,0.5189999999999999,0.5822773229522455,4.6,4.2,5.8,5.4
rf_full,signo_zodiacal_capricornio,239,0.5,0.38,0.38987012987012987,0.44000000000000006,0.4067787114845938,0.35200000000000004,0.4828833076967752,4.4,6.8,3.2,5.6
rf_full,signo_zodiacal_capricornio,240,0.5,0.4600000000000001,0.4584415584415584,0.43999999999999995,0.44677871148459386,0.4379999999999999,0.5188466346175324,4.4,5.2,4.8,5.6
rf_full,signo_zodiacal_capricornio,241,0.5,0.53,0.5342857142857144,0.48,0.5035913312693497,0.573,0.5891997709892447,4.8,4.2,5.8,5.2
rf_full,signo_zodiacal_capricornio,242,0.5,0.4,0.39333333333333337,0.38,0.3842424242424242,0.43099999999999994,0.49391358228974325,3.8,5.8,4.2,6.2
rf_full,signo_zodiacal_capricornio,243,0.5,0.4800000000000001,0.48424242424242425,0.52,0.49671177944862155,0.49399999999999994,0.5618956043956043,5.2,5.6,4.4,4.8
rf_full,signo_zodiacal_capricornio,244,0.5,0.52,0.5182900432900432,0.5,0.5042101689160512,0.495,0.5546787934287934,5.0,4.6,5.4,5.0
rf_full,signo_zodiacal_capricornio,245,0.5,0.5700000000000001,0.6057575757575758,0.52,0.5373160173160173,0.582,0.5657947924108915,5.2,3.8,6.2,4.8
rf_full,signo_zodiacal_capricornio,246,0.5,0.5,0.5079365079365079,0.5,0.48813209494324045,0.502,0.5613967313216539,5.0,5.0,5.0,5.0
rf_full,signo_zodiacal_capricornio,247,0.5,0.53,0.5382417582417582,0.54,0.5300142085819836,0.541,0.6119567383081315,5.4,4.8,5.2,4.6
rf_full,signo_zodiacal_capricornio,248,0.5,0.54,0.5466666666666666,0.5599999999999999,0.5508133971291865,0.5279999999999999,0.6023392816333992,5.6,4.8,5.2,4.4
rf_full,signo_zodiacal_capricornio,249,0.5,0.49000000000000005,0.4871128871128871,0.4800000000000001,0.4786954598773147,0.398,0.5177360145874077,4.8,5.0,5.0,5.2
rf_full,signo_zodiacal_capricornio,250,0.5,0.45,0.4699999999999999,0.28,0.34203007518796996,0.5050000000000001,0.5590175282234104,2.8,3.8,6.2,7.2
rf_full,signo_zodiacal_capricornio,251,0.5,0.51,0.5055555555555555,0.58,0.5337054758107389,0.508,0.5549123541577101,5.8,5.6,4.4,4.2
rf_full,signo_zodiacal_capricornio,252,0.5,0.62,0.6439743589743591,0.6199999999999999,0.6229931023792916,0.6519999999999999,0.7110911731027829,6.2,3.8,6.2,3.8
rf_full,signo_zodiacal_capricornio,253,0.5,0.51,0.510909090909091,0.54,0.5223088023088023,0.5249999999999999,0.5611254372562422,5.4,5.2,4.8,4.6
rf_full,signo_zodiacal_capricornio,254,0.5,0.48,0.49756410256410255,0.54,0.5133245498462891,0.481,0.5884618364092048,5.4,5.8,4.2,4.6
rf_full,signo_zodiacal_capricornio,255,0.5,0.39,0.40404761904761904,0.42000000000000004,0.406996278575226,0.33099999999999996,0.46061674539770514,4.2,6.4,3.6,5.8
rf_full,signo_zodiacal_capricornio,256,0.5,0.47000000000000003,0.46551226551226554,0.38,0.4139257457368912,0.484,0.499408228596309,3.8,4.4,5.6,6.2
rf_full,signo_zodiacal_capricornio,257,0.5,0.43000000000000005,0.4253968253968254,0.42000000000000004,0.4175626231353785,0.391,0.5269577599902677,4.2,5.6,4.4,5.8
rf_full,signo_zodiacal_capricornio,258,0.5,0.48,0.48,0.45999999999999996,0.4668686868686868,0.49300000000000005,0.5450678653132214,4.6,5.0,5.0,5.4
rf_full,signo_zodiacal_capricornio,259,0.5,0.55,0.5321678321678321,0.5599999999999999,0.5358403914925653,0.599,0.6864023937878427,5.6,4.6,5.4,4.4
rf_full,signo_zodiacal_capricornio,260,0.5,0.45,0.45939393939393935,0.45999999999999996,0.453008658008658,0.479,0.5536117946381104,4.6,5.6,4.4,5.4
rf_full,signo_zodiacal_capricornio,261,0.5,0.58,0.5848484848484848,0.5999999999999999,0.583116883116883,0.5970000000000001,0.6129922479481303,6.0,4.4,5.6,4.0
rf_full,signo_zodiacal_capricornio,262,0.5,0.4800000000000001,0.48659340659340666,0.48,0.4784654731457801,0.466,0.5191314241314242,4.8,5.2,4.8,5.2
rf_full,signo_zodiacal_capricornio,263,0.5,0.48,0.4955844155844156,0.45999999999999996,0.4738375350140056,0.514,0.6016286480976882,4.6,5.0,5.0,5.4
rf_full,signo_zodiacal_capricornio,264,0.5,0.45,0.4520202020202021,0.44000000000000006,0.44345712766765394,0.402,0.4869383214824391,4.4,5.4,4.6,5.6
rf_full,signo_zodiacal_capricornio,265,0.5,0.42000000000000004,0.3793939393939394,0.32,0.34233082706766915,0.40199999999999997,0.4937521969774291,3.2,4.8,5.2,6.8
rf_full,signo_zodiacal_capricornio,266,0.5,0.47000000000000003,0.4319047619047619,0.45999999999999996,0.42557142857142854,0.41500000000000004,0.5209418718536365,4.6,5.2,4.8,5.4
rf_full,signo_zodiacal_capricornio,267,0.5,0.55,0.5616161616161617,0.5599999999999999,0.5593984962406016,0.5690000000000001,0.6105838240706661,5.6,4.6,5.4,4.4
rf_full,signo_zodiacal_capricornio,268,0.5,0.47000000000000003,0.45714285714285713,0.38,0.4089275103980986,0.426,0.5168441203619223,3.8,4.4,5.6,6.2
rf_full,signo_zodiacal_capricornio,269,0.5,0.51,0.5111111111111112,0.54,0.5203425229741019,0.49400000000000005,0.521000386868034,5.4,5.2,4.8,4.6
rf_full,signo_zodiacal_capricornio,270,0.5,0.47000000000000003,0.46571428571428564,0.45999999999999996,0.45765894236482474,0.36499999999999994,0.4770912729341522,4.6,5.2,4.8,5.4
rf_full,signo_zodiacal_capricornio,271,0.5,0.38,0.36813131313131314,0.38,0.37257993468519784,0.37,0.4831084481394079,3.8,6.2,3.8,6.2
rf_full,signo_zodiacal_capricornio,272,0.5,0.61,0.6225,0.7,0.6472478632478632,0.5980000000000001,0.6095023207786365,7.0,4.8,5.2,3.0
rf_full,signo_zodiacal_capricornio,273,0.5,0.51,0.5070707070707071,0.54,0.5223057644110275,0.47000000000000003,0.5435592246590699,5.4,5.2,4.8,4.6
rf_full,signo_zodiacal_capricornio,274,0.5,0.49000000000000005,0.47727272727272724,0.44000000000000006,0.4507575757575758,0.471,0.5536024979492471,4.4,4.6,5.4,5.6
rf_full,signo_zodiacal_capricornio,275,0.5,0.5599999999999999,0.5633333333333332,0.52,0.5365656565656566,0.599,0.6285578442884945,5.2,4.0,6.0,4.8
rf_full,signo_zodiacal_capricornio,276,0.5,0.5700000000000001,0.5529059829059829,0.52,0.5190576242978989,0.615,0.6075827191384466,5.2,3.8,6.2,4.8
rf_full,signo_zodiacal_capricornio,277,0.5,0.52,0.5238961038961039,0.52,0.5057142857142857,0.5189999999999999,0.5377280317721495,5.2,4.8,5.2,4.8
rf_full,signo_zodiacal_capricornio,278,0.5,0.47000000000000003,0.4766233766233766,0.48,0.47360066833751036,0.48900000000000005,0.5291244311244311,4.8,5.4,4.6,5.2
rf_full,signo_zodiacal_capricornio,279,0.5,0.41,0.4022222222222222,0.42000000000000004,0.40719298245614033,0.36100000000000004,0.4664666285726657,4.2,6.0,4.0,5.8
rf_full,signo_zodiacal_capricornio,280,0.5,0.42000000000000004,0.4265262515262515,0.4600000000000001,0.43783371472158655,0.42000000000000004,0.4745541054233005,4.6,6.2,3.8,5.4
rf_full,signo_zodiacal_capricornio,281,0.5,0.47000000000000003,0.45757575757575764,0.48,0.46493506493506487,0.45099999999999996,0.5760946574065768,4.8,5.4,4.6,5.2
rf_full,signo_zodiacal_capricornio,282,0.5,0.53,0.5293939393939394,0.52,0.5212409812409813,0.527,0.5434162114115676,5.2,4.6,5.4,4.8
rf_full,signo_zodiacal_capricornio,283,0.5,0.4600000000000001,0.4133333333333334,0.28,0.322991452991453,0.449,0.48441220767536564,2.8,3.6,6.4,7.2
rf_full,signo_zodiacal_capricornio,284,0.5,0.37,0.3119047619047619,0.26,0.2784166298098186,0.329,0.4652658865042766,2.6,5.2,4.8,7.4
rf_full,signo_zodiacal_capricornio,285,0.5,0.55,0.5408547008547008,0.6,0.5642181540808543,0.5409999999999999,0.611638602024051,6.0,5.0,5.0,4.0
rf_full,signo_zodiacal_capricornio,286,0.5,0.5700000000000001,0.5685714285714285,0.5599999999999999,0.5563398692810457,0.583,0.6080491665197547,5.6,4.2,5.8,4.4
rf_full,signo_zodiacal_capricornio,287,0.5,0.49000000000000005,0.5181929181929181,0.45999999999999996,0.4776404508131524,0.5189999999999999,0.5672513484967044,4.6,4.8,5.2,5.4
rf_full,signo_zodiacal_capricornio,288,0.5,0.39,0.3708152958152958,0.3,0.32860828541943093,0.355,0.46663964020155974,3.0,5.2,4.8,7.0
rf_full,signo_zodiacal_capricornio,289,0.5,0.39,0.40674603174603174,0.45999999999999996,0.42663476874003187,0.351,0.47508673928410766,4.6,6.8,3.2,5.4
rf_full,signo_zodiacal_capricornio,290,0.5,0.52,0.5264069264069263,0.54,0.5287496816908581,0.522,0.5985650733855067,5.4,5.0,5.0,4.6
rf_full,signo_zodiacal_capricornio,291,0.5,0.45000000000000007,0.4543589743589743,0.42000000000000004,0.4280549199084668,0.45400000000000007,0.548361804260411,4.2,5.2,4.8,5.8
rf_full,signo_zodiacal_capricornio,292,0.5,0.5,0.4755494505494505,0.4,0.42351317338529615,0.527,0.5845514126396479,4.0,4.0,6.0,6.0
rf_full,signo_zodiacal_capricornio,293,0.5,0.53,0.5376923076923077,0.54,0.5290118577075098,0.523,0.5755859134845204,5.4,4.8,5.2,4.6
rf_full,signo_zodiacal_capricornio,294,0.5,0.51,0.5178632478632479,0.54,0.51249774634214,0.515,0.5588456527132998,5.4,5.2,4.8,4.6
rf_full,signo_zodiacal_capricornio,295,0.5,0.4,0.395021645021645,0.42000000000000004,0.40066632713691536,0.45899999999999996,0.5456192855132483,4.2,6.2,3.8,5.8
rf_full,signo_zodiacal_capricornio,296,0.5,0.53,0.5449999999999999,0.45999999999999996,0.4896757044125465,0.538,0.6183597693156516,4.6,4.0,6.0,5.4
rf_full,signo_zodiacal_capricornio,297,0.5,0.45999999999999996,0.4531746031746032,0.43999999999999995,0.44095443600087564,0.518,0.6004697330533244,4.4,5.2,4.8,5.6
rf_full,signo_zodiacal_capricornio,298,0.5,0.49000000000000005,0.49404761904761896,0.34,0.4011437908496732,0.4739999999999999,0.5339564130400044,3.4,3.6,6.4,6.6
rf_full,signo_zodiacal_capricornio,299,0.5,0.42000000000000004,0.40738095238095245,0.44000000000000006,0.4133333333333333,0.472,0.5509856085606859,4.4,6.0,4.0,5.6
rf_full,signo_zodiacal_capricornio,300,0.5,0.51,0.5027777777777778,0.4800000000000001,0.48329346092503983,0.495,0.5644027392456186,4.8,4.6,5.4,5.2
rf_full,signo_zodiacal_capricornio,301,0.5,0.5499999999999999,0.5472727272727271,0.5800000000000001,0.5624242424242424,0.509,0.5532178458796106,5.8,4.8,5.2,4.2
rf_full,signo_zodiacal_capricornio,302,0.5,0.5,0.5000000000000001,0.5199999999999999,0.5070707070707071,0.458,0.525398094595463,5.2,5.2,4.8,4.8
rf_full,signo_zodiacal_capricornio,303,0.5,0.57,0.6,0.48,0.5129004329004327,0.568,0.6191102955352181,4.8,3.4,6.6,5.2
rf_full,signo_zodiacal_capricornio,304,0.5,0.35,0.3435897435897436,0.34,0.3359995839400874,0.301,0.4584966773852222,3.4,6.4,3.6,6.6
rf_full,signo_zodiacal_capricornio,305,0.5,0.51,0.5142857142857142,0.42000000000000004,0.46078431372549017,0.48999999999999994,0.5892538907600827,4.2,4.0,6.0,5.8
rf_full,signo_zodiacal_capricornio,306,0.5,0.48,0.46047619047619043,0.43999999999999995,0.4463783344278701,0.5130000000000001,0.555277849171812,4.4,4.8,5.2,5.6
rf_full,signo_zodiacal_capricornio,307,0.5,0.62,0.6036796536796537,0.72,0.6554112554112553,0.681,0.7176792041807522,7.2,4.8,5.2,2.8
rf_full,signo_zodiacal_capricornio,308,0.5,0.47000000000000003,0.4424242424242424,0.5,0.46150793650793653,0.508,0.5625700400390803,5.0,5.6,4.4,5.0
rf_full,signo_zodiacal_capricornio,309,0.5,0.43,0.4187590187590187,0.36,0.3852376038134552,0.47000000000000003,0.5198285519949606,3.6,5.0,5.0,6.4
rf_full,signo_zodiacal_capricornio,310,0.5,0.49000000000000005,0.48269230769230764,0.45999999999999996,0.4626482213438735,0.458,0.5399570286954187,4.6,4.8,5.2,5.4
rf_full,signo_zodiacal_capricornio,311,0.5,0.55,0.5562637362637363,0.5,0.5188633134413185,0.579,0.634433575196733,5.0,4.0,6.0,5.0
rf_full,signo_zodiacal_capricornio,312,0.5,0.48999999999999994,0.4611111111111111,0.4600000000000001,0.45244930508088393,0.516,0.6148810346000747,4.6,4.8,5.2,5.4
rf_full,signo_zodiacal_capricornio,313,0.5,0.4600000000000001,0.45555555555555555,0.44000000000000006,0.44578111946532994,0.449,0.5257746397908936,4.4,5.2,4.8,5.6
rf_full,signo_zodiacal_capricornio,314,0.5,0.45,0.4180769230769231,0.36000000000000004,0.37395499618611744,0.41200000000000003,0.4985395813336989,3.6,4.6,5.4,6.4
rf_full,signo_zodiacal_capricornio,315,0.5,0.4600000000000001,0.43,0.44000000000000006,0.4271861471861472,0.41600000000000004,0.5077725812199496,4.4,5.2,4.8,5.6
rf_full,signo_zodiacal_capricornio,316,0.5,0.54,0.5333333333333333,0.56,0.5362473843292258,0.523,0.6079546960607333,5.6,4.8,5.2,4.4
rf_full,signo_zodiacal_capricornio,317,0.5,0.52,0.48672161172161166,0.5599999999999999,0.5108695652173914,0.49800000000000005,0.5601633546192369,5.6,5.2,4.8,4.4
rf_full,signo_zodiacal_capricornio,318,0.5,0.51,0.5186013986013986,0.5,0.49495702365267585,0.5459999999999999,0.6280101961162333,5.0,4.8,5.2,5.0
rf_full,signo_zodiacal_capricornio,319,0.5,0.6,0.6081562881562881,0.58,0.5873038093956118,0.5800000000000001,0.6151711801270625,5.8,3.8,6.2,4.2
rf_full,signo_zodiacal_capricornio,320,0.5,0.38,0.3666666666666667,0.36,0.35909090909090907,0.348,0.48828779717015003,3.6,6.0,4.0,6.4
rf_full,signo_zodiacal_capricornio,321,0.5,0.47000000000000003,0.47930402930402927,0.44000000000000006,0.4497696374160232,0.44499999999999995,0.5471916623108573,4.4,5.0,5.0,5.6
rf_full,signo_zodiacal_capricornio,322,0.5,0.47000000000000003,0.4416666666666666,0.36,0.39,0.4720000000000001,0.5602340704531106,3.6,4.2,5.8,6.4
rf_full,signo_zodiacal_capricornio,323,0.5,0.48999999999999994,0.4892857142857142,0.43999999999999995,0.4587641117052882,0.54,0.6214275985452457,4.4,4.6,5.4,5.6
rf_full,signo_zodiacal_capricornio,324,0.5,0.4800000000000001,0.467250233426704,0.5399999999999999,0.4879142300194931,0.45999999999999996,0.5231581735258206,5.4,5.8,4.2,4.6
rf_full,signo_zodiacal_capricornio,325,0.5,0.48,0.45473193473193474,0.54,0.4867104634495939,0.45299999999999996,0.5179523995096751,5.4,5.8,4.2,4.6
rf_full,signo_zodiacal_capricornio,326,0.5,0.5,0.49388888888888893,0.44000000000000006,0.45774587985114296,0.515,0.5928136852827255,4.4,4.4,5.6,5.6
rf_full,signo_zodiacal_capricornio,327,0.5,0.48999999999999994,0.529047619047619,0.48,0.4864646464646465,0.527,0.6035593685640126,4.8,5.0,5.0,5.2
rf_full,signo_zodiacal_capricornio,328,0.5,0.57,0.6017099567099568,0.5,0.5348680078091842,0.569,0.6313492069506002,5.0,3.6,6.4,5.0
rf_full,signo_zodiacal_capricornio,329,0.5,0.51,0.5274242424242425,0.5,0.5096392496392497,0.485,0.5389292476529318,5.0,4.8,5.2,5.0
rf_full,signo_zodiacal_capricornio,330,0.5,0.51,0.5159090909090909,0.45999999999999996,0.4813492063492063,0.5189999999999999,0.566756724699449,4.6,4.4,5.6,5.4
rf_full,signo_zodiacal_capricornio,331,0.5,0.54,0.5386086136086136,0.5199999999999999,0.5229873490204625,0.557,0.6092035809048193,5.2,4.4,5.6,4.8
rf_full,signo_zodiacal_capricornio,332,0.5,0.32,0.310970695970696,0.32,0.31067607016456117,0.242,0.4019388879094762,3.2,6.8,3.2,6.8
rf_full,signo_zodiacal_capricornio,333,0.5,0.53,0.5371428571428571,0.45999999999999996,0.4864022578728461,0.5529999999999999,0.6406859323167372,4.6,4.0,6.0,5.4
rf_full,signo_zodiacal_capricornio,334,0.5,0.47000000000000003,0.462463549522373,0.5599999999999999,0.4992829900839054,0.558,0.6203811423354767,5.6,6.2,3.8,4.4
rf_full,signo_zodiacal_capricornio,335,0.5,0.4800000000000001,0.4924242424242424,0.43999999999999995,0.436935286935287,0.55,0.6045233475674652,4.4,4.8,5.2,5.6
rf_full,signo_zodiacal_capricornio,336,0.5,0.37,0.3308333333333333,0.4,0.3581229297018771,0.388,0.4850796815843255,4.0,6.6,3.4,6.0
rf_full,signo_zodiacal_capricornio,337,0.5,0.44000000000000006,0.4212698412698413,0.37999999999999995,0.3938896707008162,0.504,0.5531514325028256,3.8,5.0,5.0,6.2
rf_full,signo_zodiacal_capricornio,338,0.5,0.52,0.516161616161616,0.4999999999999999,0.49891640866873066,0.512,0.6209216255880342,5.0,4.6,5.4,5.0
rf_full,signo_zodiacal_capricornio,339,0.5,0.4800000000000001,0.4933766233766234,0.41999999999999993,0.44247034699047083,0.49300000000000005,0.5740010610304729,4.2,4.6,5.4,5.8
rf_full,signo_zodiacal_capricornio,340,0.5,0.6,0.6034632034632035,0.5800000000000001,0.5853238265002971,0.544,0.5993243623421642,5.8,3.8,6.2,4.2
rf_full,signo_zodiacal_capricornio,341,0.5,0.62,0.6833333333333333,0.62,0.6038228438228439,0.6260000000000001,0.7017828925460504,6.2,3.8,6.2,3.8
rf_full,signo_zodiacal_capricornio,342,0.5,0.5200000000000001,0.536147186147186,0.4800000000000001,0.5006982697385174,0.499,0.5642766318648671,4.8,4.4,5.6,5.2
rf_full,signo_zodiacal_capricornio,343,0.5,0.45,0.4452874902874903,0.45999999999999996,0.4495107333551269,0.46799999999999997,0.5964486461251167,4.6,5.6,4.4,5.4
rf_full,signo_zodiacal_capricornio,344,0.5,0.45999999999999996,0.4288888888888889,0.4,0.4094417862838915,0.36400000000000005,0.4650109921038713,4.0,4.8,5.2,6.0
rf_full,signo_zodiacal_capricornio,345,0.5,0.45999999999999996,0.4402380952380952,0.33999999999999997,0.3737314319667261,0.45600000000000007,0.6020366120807298,3.4,4.2,5.8,6.6
rf_full,signo_zodiacal_capricornio,346,0.5,0.53,0.5245177045177045,0.5399999999999999,0.5266814327145461,0.555,0.6104210125959352,5.4,4.8,5.2,4.6
rf_full,signo_zodiacal_capricornio,347,0.5,0.41,0.3923809523809524,0.38,0.37242424242424244,0.378,0.48608957812053777,3.8,5.6,4.4,6.2
rf_full,signo_zodiacal_capricornio,348,0.5,0.4800000000000001,0.5068376068376068,0.45999999999999996,0.45444464002816404,0.5740000000000001,0.6384789352374491,4.6,5.0,5.0,5.4
rf_full,signo_zodiacal_capricornio,349,0.5,0.41000000000000003,0.4071212121212121,0.32,0.34904761904761905,0.414,0.4906486507988056,3.2,5.0,5.0,6.8
rf_full,signo_zodiacal_capricornio,350,0.5,0.4699999999999999,0.45400432900432897,0.4600000000000001,0.44989925794879354,0.484,0.5486658890644958,4.6,5.2,4.8,5.4
rf_full,signo_zodiacal_capricornio,351,0.5,0.4,0.3898701298701298,0.42000000000000004,0.39991596638655463,0.362,0.47587566604362264,4.2,6.2,3.8,5.8
rf_full,signo_zodiacal_capricornio,352,0.5,0.51,0.5013131313131314,0.4800000000000001,0.48925647451963244,0.497,0.5677404823418756,4.8,4.6,5.4,5.2
rf_full,signo_zodiacal_capricornio,353,0.5,0.47000000000000003,0.4555555555555556,0.4000000000000001,0.4230994152046784,0.42800000000000005,0.5124177232296427,4.0,4.6,5.4,6.0
rf_full,signo_zodiacal_capricornio,354,0.5,0.5800000000000001,0.596948051948052,0.54,0.5630438842203549,0.578,0.6291572033058102,5.4,3.8,6.2,4.6
rf_full,signo_zodiacal_capricornio,355,0.5,0.41,0.428971028971029,0.45999999999999996,0.43780294726586283,0.38899999999999996,0.48758857198872674,4.6,6.4,3.6,5.4
rf_full,signo_zodiacal_capricornio,356,0.5,0.5199999999999999,0.5333333333333333,0.5799999999999998,0.5427536231884058,0.5720000000000001,0.6519915895078434,5.8,5.4,4.6,4.2
rf_full,signo_zodiacal_capricornio,357,0.5,0.4,0.3854700854700855,0.4,0.38657166631995005,0.44000000000000006,0.547482174688057,4.0,6.0,4.0,6.0
rf_full,signo_zodiacal_capricornio,358,0.5,0.5,0.5,0.52,0.5010869565217392,0.4980000000000001,0.557644706600589,5.2,5.2,4.8,4.8
rf_full,signo_zodiacal_capricornio,359,0.5,0.49000000000000005,0.507936507936508,0.45999999999999996,0.47368421052631576,0.5509999999999999,0.61036484757073,4.6,4.8,5.2,5.4
rf_full,signo_zodiacal_capricornio,360,0.5,0.54,0.5431818181818182,0.5599999999999999,0.5492063492063493,0.547,0.5595079442401423,5.6,4.8,5.2,4.4
rf_full,signo_zodiacal_capricornio,361,0.5,0.45,0.45,0.43999999999999995,0.44354066985645935,0.48200000000000004,0.5671511707247001,4.4,5.4,4.6,5.6
rf_full,signo_zodiacal_capricornio,362,0.5,0.42000000000000004,0.4175757575757576,0.42000000000000004,0.41637578795473534,0.4109999999999999,0.4793273954287886,4.2,5.8,4.2,5.8
rf_full,signo_zodiacal_capricornio,363,0.5,0.5000000000000001,0.47928571428571426,0.38,0.42136910904712754,0.503,0.5862242583697692,3.8,3.8,6.2,6.2
rf_full,signo_zodiacal_capricornio,364,0.5,0.38,0.36530303030303035,0.33999999999999997,0.3480952380952381,0.363,0.5228660537089329,3.4,5.8,4.2,6.6
rf_full,signo_zodiacal_capricornio,365,0.5,0.45999999999999996,0.42737484737484743,0.4,0.40386503342755864,0.488,0.5502439700822053,4.0,4.8,5.2,6.0
rf_full,signo_zodiacal_capricornio,366,0.5,0.5,0.5033766233766233,0.4800000000000001,0.48840336134453777,0.516,0.5873933005419073,4.8,4.8,5.2,5.2
rf_full,signo_zodiacal_capricornio,367,0.5,0.42000000000000004,0.3946503496503497,0.38,0.37838509316770186,0.392,0.4808083681024858,3.8,5.4,4.6,6.2
rf_full,signo_zodiacal_capricornio,368,0.5,0.52,0.4976923076923077,0.4800000000000001,0.48173913043478256,0.4880000000000001,0.532341823810864,4.8,4.4,5.6,5.2
rf_full,signo_zodiacal_capricornio,369,0.5,0.36,0.36432539682539683,0.4,0.37311307887159284,0.352,0.4744947279242945,4.0,6.8,3.2,6.0
rf_full,signo_zodiacal_capricornio,370,0.5,0.55,0.5511111111111111,0.5199999999999999,0.5293540669856459,0.5810000000000001,0.6355175728983778,5.2,4.2,5.8,4.8
rf_full,signo_zodiacal_capricornio,371,0.5,0.55,0.543939393939394,0.5599999999999999,0.5500797448165868,0.572,0.6271894669657827,5.6,4.6,5.4,4.4
rf_full,signo_zodiacal_capricornio,372,0.5,0.35,0.31802197802197807,0.32,0.31493606138107416,0.30300000000000005,0.4352975590800668,3.2,6.2,3.8,6.8
rf_full,signo_zodiacal_capricornio,373,0.5,0.45,0.4416666666666666,0.5199999999999999,0.47108330266225007,0.42300000000000004,0.5061739223109192,5.2,6.2,3.8,4.8
rf_full,signo_zodiacal_capricornio,374,0.5,0.6300000000000001,0.6167832167832168,0.7,0.6532497251032721,0.592,0.6673701843392246,7.0,4.4,5.6,3.0
rf_full,signo_zodiacal_capricornio,375,0.5,0.41,0.41772727272727267,0.38,0.39619047619047615,0.4,0.5133113651054827,3.8,5.6,4.4,6.2
rf_full,signo_zodiacal_capricornio,376,0.5,0.51,0.4938095238095238,0.54,0.5125133689839572,0.48,0.5666213796523394,5.4,5.2,4.8,4.6
rf_full,signo_zodiacal_capricornio,377,0.5,0.56,0.5635098235098235,0.6599999999999999,0.5966822555109,0.583,0.5724835334084559,6.6,5.4,4.6,3.4
rf_full,signo_zodiacal_capricornio,378,0.5,0.5599999999999999,0.5599999999999999,0.48,0.506031746031746,0.5860000000000001,0.6639705643513694,4.8,3.6,6.4,5.2
rf_full,signo_zodiacal_capricornio,379,0.5,0.44000000000000006,0.4003663003663004,0.42000000000000004,0.4063669403688249,0.44400000000000006,0.5507183743329255,4.2,5.4,4.6,5.8
rf_full,signo_zodiacal_capricornio,380,0.5,0.48999999999999994,0.4723809523809524,0.42000000000000004,0.44058823529411767,0.45600000000000007,0.4890144381762028,4.2,4.4,5.6,5.8
rf_full,signo_zodiacal_capricornio,381,0.5,0.64,0.6854545454545455,0.54,0.5904201680672269,0.5890000000000001,0.6555005915137494,5.4,2.6,7.4,4.6
rf_full,signo_zodiacal_capricornio,382,0.5,0.54,0.5478943278943279,0.5399999999999999,0.5303789117061427,0.5609999999999999,0.6016141599198874,5.4,4.6,5.4,4.6
rf_full,signo_zodiacal_capricornio,383,0.5,0.42000000000000004,0.4154545454545454,0.42000000000000004,0.4168253968253969,0.409,0.48555098556414344,4.2,5.8,4.2,5.8
rf_full,signo_zodiacal_capricornio,384,0.5,0.5900000000000001,0.5906060606060606,0.5799999999999998,0.581010101010101,0.616,0.6430208094279302,5.8,4.0,6.0,4.2
rf_full,signo_zodiacal_capricornio,385,0.5,0.4700000000000001,0.46951048951048946,0.5199999999999999,0.4922153209109731,0.46399999999999997,0.5475115907484328,5.2,5.8,4.2,4.8
rf_full,signo_zodiacal_capricornio,386,0.5,0.5000000000000001,0.4908669108669108,0.44000000000000006,0.45340063714272894,0.46399999999999997,0.5360994844508775,4.4,4.4,5.6,5.6
rf_full,signo_zodiacal_capricornio,387,0.5,0.47000000000000003,0.4722222222222222,0.34,0.38579782790309103,0.409,0.4853799990858814,3.4,4.0,6.0,6.6
rf_full,signo_zodiacal_capricornio,388,0.5,0.55,0.5549999999999999,0.45999999999999996,0.49575757575757573,0.5940000000000001,0.6155980855230081,4.6,3.6,6.4,5.4
rf_full,signo_zodiacal_capricornio,389,0.5,0.41000000000000003,0.3923809523809524,0.36,0.36967914438502675,0.445,0.5292289899642841,3.6,5.4,4.6,6.4
rf_full,signo_zodiacal_capricornio,390,0.5,0.54,0.5521367521367522,0.5399999999999999,0.5365260978533289,0.593,0.6107481288920917,5.4,4.6,5.4,4.6
rf_full,signo_zodiacal_capricornio,391,0.5,0.5,0.49408369408369407,0.56,0.5218728639781272,0.538,0.5592219708396179,5.6,5.6,4.4,4.4
rf_full,signo_zodiacal_capricornio,392,0.5,0.66,0.6421212121212121,0.6200000000000001,0.6219822282980177,0.6719999999999999,0.7344840633222985,6.2,3.0,7.0,3.8
rf_full,signo_zodiacal_capricornio,393,0.5,0.52,0.5283333333333333,0.45999999999999996,0.48672608437314324,0.41100000000000003,0.5242565896435865,4.6,4.2,5.8,5.4
rf_full,signo_zodiacal_capricornio,394,0.5,0.6000000000000001,0.6397402597402597,0.54,0.5764985994397759,0.643,0.709202556215714,5.4,3.4,6.6,4.6
rf_full,signo_zodiacal_capricornio,395,0.5,0.38,0.3938383838383838,0.41999999999999993,0.4050899977215766,0.402,0.5022505184873605,4.2,6.6,3.4,5.8
rf_full,signo_zodiacal_capricornio,396,0.5,0.51,0.5045177045177045,0.52,0.5031460791791926,0.579,0.6467640953817424,5.2,5.0,5.0,4.8
rf_full,signo_zodiacal_capricornio,397,0.5,0.59,0.5983333333333333,0.6199999999999999,0.6005038236617184,0.599,0.6214090702898751,6.2,4.4,5.6,3.8
rf_full,signo_zodiacal_capricornio,398,0.5,0.55,0.5467954267954268,0.62,0.577230031600741,0.549,0.6144508730863218,6.2,5.2,4.8,3.8
rf_full,signo_zodiacal_capricornio,399,0.5,0.51,0.5317460317460317,0.45999999999999996,0.4848641210870313,0.534,0.6106217166906021,4.6,4.4,5.6,5.4
rf_full,signo_zodiacal_capricornio,400,0.5,0.5900000000000001,0.612063492063492,0.5,0.5456965944272445,0.643,0.6578941946426466,5.0,3.2,6.8,5.0
rf_full,signo_zodiacal_capricornio,401,0.5,0.53,0.5134615384615385,0.5800000000000001,0.5381642512077295,0.513,0.5668317356877728,5.8,5.2,4.8,4.2
rf_full,signo_zodiacal_capricornio,402,0.5,0.56,0.5805194805194805,0.6,0.5815491413956887,0.585,0.6399888848681418,6.0,4.8,5.2,4.0
rf_full,signo_zodiacal_capricornio,403,0.5,0.4,0.39269841269841266,0.36,0.36813209494324045,0.36000000000000004,0.4717625991139923,3.6,5.6,4.4,6.4
rf_full,signo_zodiacal_capricornio,404,0.5,0.52,0.5115151515151515,0.5800000000000001,0.543116883116883,0.546,0.5959430836621238,5.8,5.4,4.6,4.2
rf_full,signo_zodiacal_capricornio,405,0.5,0.6,0.6007503607503607,0.6200000000000001,0.604828738512949,0.634,0.673894817171133,6.2,4.2,5.8,3.8
rf_full,signo_zodiacal_capricornio,406,0.5,0.41000000000000003,0.40484126984126984,0.34,0.3681527347781217,0.37,0.49003139567690646,3.4,5.2,4.8,6.6
rf_full,signo_zodiacal_capricornio,407,0.5,0.4800000000000001,0.5001587301587301,0.5,0.4852631578947368,0.4789999999999999,0.5845208978328174,5.0,5.4,4.6,5.0
rf_full,signo_zodiacal_capricornio,408,0.5,0.47000000000000003,0.4916683316683317,0.48,0.46987894288150045,0.45999999999999996,0.534471713958556,4.8,5.4,4.6,5.2
rf_full,signo_zodiacal_capricornio,409,0.5,0.55,0.5464535464535464,0.5599999999999999,0.5475337961271466,0.611,0.6334798720371475,5.6,4.6,5.4,4.4
rf_full,signo_zodiacal_capricornio,410,0.5,0.5700000000000001,0.563076923076923,0.68,0.6139789196310935,0.574,0.6119256566446969,6.8,5.4,4.6,3.2
rf_full,signo_zodiacal_capricornio,411,0.5,0.5,0.5055555555555555,0.5799999999999998,0.5362105263157895,0.45,0.5074185738582023,5.8,5.8,4.2,4.2
rf_full,signo_zodiacal_capricornio,412,0.5,0.58,0.5890909090909091,0.4600000000000001,0.5028571428571428,0.603,0.6435220973556887,4.6,3.0,7.0,5.4
rf_full,signo_zodiacal_capricornio,413,0.5,0.5,0.4934065934065933,0.5599999999999999,0.5185178419193764,0.499,0.5367746208040327,5.6,5.6,4.4,4.4
rf_full,signo_zodiacal_capricornio,414,0.5,0.42000000000000004,0.42786324786324786,0.4800000000000001,0.44771624713958813,0.43900000000000006,0.523600585688821,4.8,6.4,3.6,5.2
rf_full,signo_zodiacal_capricornio,415,0.5,0.5,0.502020202020202,0.4,0.4076441102756892,0.55,0.6110033387664966,4.0,4.0,6.0,6.0
rf_full,signo_zodiacal_capricornio,416,0.5,0.5,0.4851282051282051,0.54,0.500764163372859,0.534,0.5935269262900842,5.4,5.4,4.6,4.6
rf_full,signo_zodiacal_capricornio,417,0.5,0.52,0.5309090909090909,0.52,0.5127117794486216,0.517,0.5803612270082859,5.2,4.8,5.2,4.8
rf_full,signo_zodiacal_capricornio,418,0.5,0.5800000000000001,0.5792207792207792,0.52,0.5385994397759103,0.6260000000000001,0.6443781649207346,5.2,3.6,6.4,4.8
rf_full,signo_zodiacal_capricornio,419,0.5,0.53,0.5174603174603175,0.62,0.5604010025062657,0.567,0.5893887572695624,6.2,5.6,4.4,3.8
rf_full,signo_zodiacal_capricornio,420,0.5,0.47000000000000003,0.47192307692307695,0.5199999999999999,0.49180500658761533,0.396,0.46302002512451423,5.2,5.8,4.2,4.8
rf_full,signo_zodiacal_capricornio,421,0.5,0.6,0.5925091575091574,0.54,0.553776641091219,0.6699999999999999,0.6951086125776528,5.4,3.4,6.6,4.6
rf_full,signo_zodiacal_capricornio,422,0.5,0.53,0.5278510378510379,0.54,0.5284996145327281,0.5609999999999998,0.6268393000188666,5.4,4.8,5.2,4.6
rf_full,signo_zodiacal_capricornio,423,0.5,0.5199999999999999,0.49780885780885775,0.5,0.48443064182194623,0.552,0.5683772220211848,5.0,4.6,5.4,5.0
rf_full,signo_zodiacal_capricornio,424,0.5,0.6199999999999999,0.6342857142857141,0.5599999999999999,0.5930650154798761,0.6469999999999999,0.6867650388826859,5.6,3.2,6.8,4.4
rf_full,signo_zodiacal_capricornio,425,0.5,0.6399999999999999,0.6972727272727273,0.58,0.62,0.653,0.7029797702297702,5.8,3.0,7.0,4.2
rf_full,signo_zodiacal_capricornio,426,0.5,0.5200000000000001,0.5234188034188035,0.6000000000000001,0.5526879070586165,0.546,0.6012789401860609,6.0,5.6,4.4,4.0
rf_full,signo_zodiacal_capricornio,427,0.5,0.55,0.5542929292929293,0.52,0.5338345864661653,0.49399999999999994,0.5099823495218232,5.2,4.2,5.8,4.8
rf_full,signo_zodiacal_capricornio,428,0.5,0.57,0.578076923076923,0.56,0.5635748792270532,0.542,0.559506576155183,5.6,4.2,5.8,4.4
rf_full,signo_zodiacal_capricornio,429,0.5,0.45,0.4663636363636364,0.45999999999999996,0.4609523809523809,0.40499999999999997,0.5420301783699616,4.6,5.6,4.4,5.4
rf_full,signo_zodiacal_capricornio,430,0.5,0.42000000000000004,0.3879365079365079,0.36000000000000004,0.3688896707008162,0.46499999999999997,0.5725820568320568,3.6,5.2,4.8,6.4
rf_full,signo_zodiacal_capricornio,431,0.5,0.56,0.5834920634920635,0.45999999999999996,0.5097402820777435,0.484,0.5540650721827192,4.6,3.4,6.6,5.4
rf_full,signo_zodiacal_capricornio,432,0.5,0.43,0.3240909090909091,0.31999999999999995,0.31670995670995666,0.4090000000000001,0.4866662320307831,3.2,4.6,5.4,6.8
rf_full,signo_zodiacal_capricornio,433,0.5,0.43000000000000005,0.43793650793650796,0.45999999999999996,0.4440085061137693,0.395,0.47087314706277555,4.6,6.0,4.0,5.4
rf_full,signo_zodiacal_capricornio,434,0.5,0.48,0.49878454878454875,0.54,0.5064370412196499,0.501,0.5465967931277529,5.4,5.8,4.2,4.6
rf_full,signo_zodiacal_capricornio,435,0.5,0.44000000000000006,0.43939393939393945,0.5199999999999999,0.47419685577580317,0.4700000000000001,0.5291976699770817,5.2,6.4,3.6,4.8
rf_full,signo_zodiacal_capricornio,436,0.5,0.44000000000000006,0.44695304695304694,0.52,0.4745219827061259,0.38100000000000006,0.4563741542255474,5.2,6.4,3.6,4.8
rf_full,signo_zodiacal_capricornio,437,0.5,0.42000000000000004,0.41994949494949496,0.42000000000000004,0.4179767600820233,0.39699999999999996,0.49320600950477117,4.2,5.8,4.2,5.8
rf_full,signo_zodiacal_capricornio,438,0.5,0.41000000000000003,0.3502564102564102,0.43999999999999995,0.3872053255668816,0.388,0.5145062562136865,4.4,6.2,3.8,5.6
rf_full,signo_zodiacal_capricornio,439,0.5,0.48,0.4917016317016317,0.6,0.5355207584177836,0.532,0.5986722423603229,6.0,6.4,3.6,4.0
rf_full,signo_zodiacal_capricornio,440,0.5,0.48999999999999994,0.48409090909090907,0.5399999999999999,0.5067099567099567,0.46799999999999997,0.5122607943312277,5.4,5.6,4.4,4.6
rf_full,signo_zodiacal_capricornio,441,0.5,0.55,0.5466666666666666,0.44000000000000006,0.4837426900584795,0.572,0.5892053738315349,4.4,3.4,6.6,5.6
rf_full,signo_zodiacal_capricornio,442,0.5,0.54,0.5343589743589743,0.54,0.534370709382151,0.5349999999999999,0.5752637527591087,5.4,4.6,5.4,4.6
rf_full,signo_zodiacal_capricornio,443,0.5,0.48,0.4716666666666667,0.42000000000000004,0.4411111111111111,0.47400000000000003,0.5323247128688305,4.2,4.6,5.4,5.8
rf_full,signo_zodiacal_capricornio,444,0.5,0.54,0.5484848484848485,0.5599999999999999,0.552198678514468,0.577,0.6279617773866999,5.6,4.8,5.2,4.4
rf_full,signo_zodiacal_capricornio,445,0.5,0.44000000000000006,0.4499999999999999,0.42000000000000004,0.42631578947368426,0.493,0.5854010876464437,4.2,5.4,4.6,5.8
rf_full,signo_zodiacal_capricornio,446,0.5,0.49000000000000005,0.5166666666666666,0.44000000000000006,0.4559428875218348,0.4879999999999999,0.5584816849816849,4.4,4.6,5.4,5.6
rf_full,signo_zodiacal_capricornio,447,0.5,0.47000000000000003,0.48031746031746037,0.52,0.48562078272604586,0.5029999999999999,0.5390326144443792,5.2,5.8,4.2,4.8
rf_full,signo_zodiacal_capricornio,448,0.5,0.44000000000000006,0.4079292929292929,0.38,0.3890726817042607,0.40499999999999997,0.4650279448793381,3.8,5.0,5.0,6.2
rf_full,signo_zodiacal_capricornio,449,0.5,0.45,0.44873015873015876,0.48,0.4551320011258092,0.386,0.46395717148348725,4.8,5.8,4.2,5.2
rf_full,signo_zodiacal_capricornio,450,0.5,0.53,0.5222222222222221,0.44000000000000006,0.46855396065922383,0.526,0.5564852255587549,4.4,3.8,6.2,5.6
rf_full,signo_zodiacal_capricornio,451,0.5,0.51,0.5227272727272727,0.44000000000000006,0.47619047619047616,0.513,0.5695106658047834,4.4,4.2,5.8,5.6
rf_full,signo_zodiacal_capricornio,452,0.5,0.51,0.5256410256410257,0.52,0.5174791392182696,0.503,0.5541319595437242,5.2,5.0,5.0,4.8
rf_full,signo_zodiacal_capricornio,453,0.5,0.39,0.3747186147186147,0.36,0.3654548135043491,0.40599999999999997,0.5042725392942111,3.6,5.8,4.2,6.4
rf_full,signo_zodiacal_capricornio,454,0.5,0.5900000000000001,0.6114285714285714,0.58,0.5907002801120449,0.567,0.6447309465560239,5.8,4.0,6.0,4.2
rf_full,signo_zodiacal_capricornio,455,0.5,0.54,0.5444444444444445,0.48,0.5099415204678361,0.542,0.5660525405966583,4.8,4.0,6.0,5.2
rf_full,signo_zodiacal_capricornio,456,0.5,0.5,0.495,0.54,0.5124242424242424,0.41899999999999993,0.518897589166939,5.4,5.4,4.6,4.6
rf_full,signo_zodiacal_capricornio,457,0.5,0.44000000000000006,0.4366666666666667,0.38,0.37331662489557227,0.38300000000000006,0.48445405798192176,3.8,5.0,5.0,6.2
rf_full,signo_zodiacal_capricornio,458,0.5,0.51,0.5156060606060605,0.4999999999999999,0.4966666666666666,0.5,0.5996990709668728,5.0,4.8,5.2,5.0
rf_full,signo_zodiacal_capricornio,459,0.5,0.65,0.638139638139638,0.74,0.6812287636086263,0.661,0.6645880661306357,7.4,4.4,5.6,2.6
rf_full,signo_zodiacal_capricornio,460,0.5,0.43,0.4203463203463203,0.43999999999999995,0.42603567742886633,0.387,0.48624962275426664,4.4,5.8,4.2,5.6
rf_full,signo_zodiacal_capricornio,461,0.5,0.5199999999999999,0.5377777777777778,0.48,0.4950409356725146,0.5250000000000001,0.5744365797601091,4.8,4.4,5.6,5.2
rf_full,signo_zodiacal_capricornio,462,0.5,0.6,0.6377777777777778,0.5599999999999999,0.5782631578947368,0.6799999999999999,0.7208265874132747,5.6,3.6,6.4,4.4
rf_full,signo_zodiacal_capricornio,463,0.5,0.45999999999999996,0.4622222222222222,0.48,0.4650994152046783,0.417,0.5070353994131084,4.8,5.6,4.4,5.2
rf_full,signo_zodiacal_capricornio,464,0.5,0.52,0.5152020202020202,0.48,0.4951044277360066,0.5359999999999999,0.5605945053398613,4.8,4.4,5.6,5.2
rf_full,signo_zodiacal_capricornio,465,0.5,0.52,0.5327405927405928,0.5599999999999999,0.53412186903747,0.465,0.5407874810947566,5.6,5.2,4.8,4.4
rf_full,signo_zodiacal_capricornio,466,0.5,0.5499999999999999,0.5064102564102564,0.5,0.49093418658636045,0.6209999999999999,0.6545479510169911,5.0,4.0,6.0,5.0
rf_full,signo_zodiacal_capricornio,467,0.5,0.51,0.5075757575757576,0.52,0.5119845067213488,0.5309999999999999,0.5721691266250091,5.2,5.0,5.0,4.8
rf_full,signo_zodiacal_capricornio,468,0.5,0.57,0.5646464646464647,0.5800000000000001,0.5702665755297334,0.545,0.5923502069825599,5.8,4.4,5.6,4.2
rf_full,signo_zodiacal_capricornio,469,0.5,0.45999999999999996,0.441923076923077,0.44000000000000006,0.43425810904071777,0.499,0.5582223120017238,4.4,5.2,4.8,5.6
rf_full,signo_zodiacal_capricornio,470,0.5,0.4800000000000001,0.4824242424242424,0.5199999999999999,0.4903766233766234,0.46299999999999997,0.5386238853166099,5.2,5.6,4.4,4.8
rf_full,signo_zodiacal_capricornio,471,0.5,0.37,0.35357142857142854,0.38,0.36292335115864527,0.388,0.5204217198350325,3.8,6.4,3.6,6.2
rf_full,signo_zodiacal_capricornio,472,0.5,0.45999999999999996,0.5216666666666667,0.32,0.36333333333333334,0.41800000000000004,0.49575923362842855,3.2,4.0,6.0,6.8
rf_full,signo_zodiacal_capricornio,473,0.5,0.45,0.4409090909090909,0.4,0.4174603174603174,0.492,0.5531777111777112,4.0,5.0,5.0,6.0
rf_full,signo_zodiacal_capricornio,474,0.5,0.4600000000000001,0.4523809523809524,0.43999999999999995,0.4398864809081527,0.483,0.5723203463203462,4.4,5.2,4.8,5.6
rf_full,signo_zodiacal_capricornio,475,0.5,0.58,0.587987012987013,0.5199999999999999,0.5483660130718955,0.617,0.6686978844169246,5.2,3.6,6.4,4.8
rf_full,signo_zodiacal_capricornio,476,0.5,0.45999999999999996,0.46515151515151515,0.52,0.48694083694083695,0.5170000000000001,0.5820454165717324,5.2,6.0,4.0,4.8
rf_full,signo_zodiacal_capricornio,477,0.5,0.54,0.5410256410256411,0.5199999999999999,0.526417493007882,0.5119999999999999,0.5404513527408265,5.2,4.4,5.6,4.8
rf_full,signo_zodiacal_capricornio,478,0.5,0.49000000000000005,0.49822399822399827,0.58,0.5329876073583167,0.44399999999999995,0.5094575440898971,5.8,6.0,4.0,4.2
rf_full,signo_zodiacal_capricornio,479,0.5,0.5700000000000001,0.5613636363636363,0.52,0.5320634920634921,0.543,0.5797462357903533,5.2,3.8,6.2,4.8
rf_full,signo_zodiacal_capricornio,480,0.5,0.55,0.5616666666666666,0.54,0.5483359914938861,0.584,0.6822062643239113,5.4,4.4,5.6,4.6
rf_full,signo_zodiacal_capricornio,481,0.5,0.45999999999999996,0.4309523809523809,0.44000000000000006,0.4304812834224599,0.454,0.49864274347943083,4.4,5.2,4.8,5.6
rf_full,signo_zodiacal_capricornio,482,0.5,0.57,0.5776923076923077,0.5599999999999999,0.5553276471811941,0.623,0.6519551733096625,5.6,4.2,5.8,4.4
rf_full,signo_zodiacal_capricornio,483,0.5,0.52,0.525,0.5,0.510108604845447,0.5250000000000001,0.6151276496980831,5.0,4.6,5.4,5.0
rf_full,signo_zodiacal_capricornio,484,0.5,0.56,0.5585858585858586,0.5999999999999999,0.574812030075188,0.5399999999999999,0.5936718918336565,6.0,4.8,5.2,4.0
rf_full,signo_zodiacal_capricornio,485,0.5,0.4600000000000001,0.4573870573870574,0.4,0.41936330596311755,0.541,0.5851259655377302,4.0,4.8,5.2,6.0
rf_full,signo_zodiacal_capricornio,486,0.5,0.48,0.47678571428571426,0.5399999999999999,0.4965811965811966,0.5,0.5588238972929375,5.4,5.8,4.2,4.6
rf_full,signo_zodiacal_capricornio,487,0.5,0.5,0.5034126984126984,0.4600000000000001,0.4757969790787128,0.5189999999999999,0.6023010231082987,4.6,4.6,5.4,5.4
rf_full,signo_zodiacal_capricornio,488,0.5,0.51,0.46805555555555556,0.5199999999999999,0.4785162206214838,0.5209999999999999,0.5802211855052413,5.2,5.0,5.0,4.8
rf_full,signo_zodiacal_capricornio,489,0.5,0.42000000000000004,0.4265068265068265,0.45999999999999996,0.43813952458453737,0.426,0.527626058581941,4.6,6.2,3.8,5.4
rf_full,signo_zodiacal_capricornio,490,0.5,0.44000000000000006,0.43894634776987723,0.58,0.4949202166593471,0.39099999999999996,0.5149022747977856,5.8,7.0,3.0,4.2
rf_full,signo_zodiacal_capricornio,491,0.5,0.51,0.5007575757575757,0.4600000000000001,0.4753968253968254,0.497,0.5621001565513949,4.6,4.4,5.6,5.4
rf_full,signo_zodiacal_capricornio,492,0.5,0.45,0.4523809523809524,0.4,0.4216780811208056,0.396,0.5247539821719388,4.0,5.0,5.0,6.0
rf_full,signo_zodiacal_capricornio,493,0.5,0.44000000000000006,0.45266955266955267,0.42000000000000004,0.43271413828689365,0.45599999999999996,0.5425229747892286,4.2,5.4,4.6,5.8
rf_full,signo_zodiacal_capricornio,494,0.5,0.38,0.3567676767676768,0.36,0.3554442925495557,0.341,0.4815212063478317,3.6,6.0,4.0,6.4
rf_full,signo_zodiacal_capricornio,495,0.5,0.43999999999999995,0.43888888888888894,0.36,0.3843092579934685,0.471,0.5073202061096798,3.6,4.8,5.2,6.4
rf_full,signo_zodiacal_capricornio,496,0.5,0.5900000000000001,0.5772727272727273,0.6399999999999999,0.5977272727272727,0.5459999999999999,0.5981821152703505,6.4,4.6,5.4,3.6
rf_full,signo_zodiacal_capricornio,497,0.5,0.51,0.5043589743589744,0.48,0.4750436037392559,0.528,0.6072139912890686,4.8,4.6,5.4,5.2
rf_full,signo_zodiacal_capricornio,498,0.5,0.45,0.47590187590187594,0.44000000000000006,0.4502702835520173,0.46299999999999997,0.5315588023088023,4.4,5.4,4.6,5.6
rf_full,signo_zodiacal_capricornio,499,0.5,0.41000000000000003,0.39451659451659454,0.38,0.38490343505823377,0.388,0.49928880699623734,3.8,5.6,4.4,6.2
rf_full,signo_zodiacal_capricornio,500,0.5,0.53,0.5366666666666667,0.5,0.5072727272727272,0.5450000000000002,0.5581444182752232,5.0,4.4,5.6,5.0
rf_full,signo_zodiacal_cancer,1,0.5,0.43,0.42510822510822505,0.38,0.39941029043196224,0.44299999999999995,0.5280805109922756,3.8,5.2,4.8,6.2
rf_full,signo_zodiacal_cancer,2,0.5,0.55,0.58,0.4999999999999999,0.5341795665634674,0.58,0.6548240740167983,5.0,4.0,6.0,5.0
rf_full,signo_zodiacal_cancer,3,0.5,0.5999999999999999,0.6144444444444445,0.56,0.5849122807017544,0.63,0.6600374788610084,5.6,3.6,6.4,4.4
rf_full,signo_zodiacal_cancer,4,0.5,0.55,0.5643278943278943,0.5599999999999999,0.558182412553122,0.576,0.6215127982612503,5.6,4.6,5.4,4.4
rf_full,signo_zodiacal_cancer,5,0.5,0.48,0.4692857142857143,0.44000000000000006,0.44388888888888883,0.43400000000000005,0.5452393585087084,4.4,4.8,5.2,5.6
rf_full,signo_zodiacal_cancer,6,0.5,0.4,0.38492063492063494,0.36,0.3659583450605123,0.453,0.539331252081252,3.6,5.6,4.4,6.4
rf_full,signo_zodiacal_cancer,7,0.5,0.47000000000000003,0.46333333333333326,0.38,0.4073015873015873,0.5050000000000001,0.5797633838469751,3.8,4.4,5.6,6.2
rf_full,signo_zodiacal_cancer,8,0.5,0.4600000000000001,0.46923076923076923,0.58,0.5174948240165632,0.4600000000000001,0.541252663573097,5.8,6.6,3.4,4.2
rf_full,signo_zodiacal_cancer,9,0.5,0.5,0.5196886446886447,0.42000000000000004,0.45549161693662976,0.501,0.5961104820532064,4.2,4.2,5.8,5.8
rf_full,signo_zodiacal_cancer,10,0.5,0.55,0.558974358974359,0.5199999999999999,0.5296597690459584,0.53,0.6242692395323973,5.2,4.2,5.8,4.8
rf_full,signo_zodiacal_cancer,11,0.5,0.43999999999999995,0.41983516483516486,0.43999999999999995,0.42455552972177013,0.358,0.445537583331701,4.4,5.6,4.4,5.6
rf_full,signo_zodiacal_cancer,12,0.5,0.51,0.5655122655122655,0.44000000000000006,0.4734134802246258,0.5589999999999999,0.6546391926786663,4.4,4.2,5.8,5.6
rf_full,signo_zodiacal_cancer,13,0.5,0.49000000000000005,0.48686868686868684,0.48,0.4827067669172932,0.43499999999999994,0.5562159827616484,4.8,5.0,5.0,5.2
rf_full,signo_zodiacal_cancer,14,0.5,0.49000000000000005,0.503943278943279,0.48,0.48745777487196246,0.508,0.5920275655716831,4.8,5.0,5.0,5.2
rf_full,signo_zodiacal_cancer,15,0.5,0.55,0.5396969696969698,0.58,0.558049669628617,0.542,0.5776593951284353,5.8,4.8,5.2,4.2
rf_full,signo_zodiacal_cancer,16,0.5,0.41,0.4158119658119658,0.45999999999999996,0.434324942791762,0.43,0.5219399211899212,4.6,6.4,3.6,5.4
rf_full,signo_zodiacal_cancer,17,0.5,0.51,0.5024975024975025,0.5,0.49608676422514086,0.48,0.5274475332888645,5.0,4.8,5.2,5.0
rf_full,signo_zodiacal_cancer,18,0.5,0.41000000000000003,0.4147619047619047,0.42000000000000004,0.4103862150920975,0.361,0.5034541345307598,4.2,6.0,4.0,5.8
rf_full,signo_zodiacal_cancer,19,0.5,0.48,0.47897435897435897,0.48,0.47697940503432495,0.48,0.574443186930029,4.8,5.2,4.8,5.2
rf_full,signo_zodiacal_cancer,20,0.5,0.5,0.4809523809523809,0.36,0.3986836692719046,0.5299999999999999,0.5740193960666097,3.6,3.6,6.4,6.4
rf_full,signo_zodiacal_cancer,21,0.5,0.48,0.4799145299145299,0.6,0.5301920809929963,0.5120000000000001,0.575774753024753,6.0,6.4,3.6,4.0
rf_full,signo_zodiacal_cancer,22,0.5,0.47000000000000003,0.4709090909090909,0.5199999999999999,0.4934199134199134,0.441,0.508408267600992,5.2,5.8,4.2,4.8
rf_full,signo_zodiacal_cancer,23,0.5,0.4,0.3936363636363637,0.38,0.38476190476190475,0.4119999999999999,0.48112351331159375,3.8,5.8,4.2,6.2
rf_full,signo_zodiacal_cancer,24,0.5,0.4000000000000001,0.39181818181818184,0.4,0.3913852813852814,0.362,0.5141397924401021,4.0,6.0,4.0,6.0
rf_full,signo_zodiacal_cancer,25,0.5,0.41,0.4072261072261072,0.42000000000000004,0.40838509316770183,0.37,0.443439171509605,4.2,6.0,4.0,5.8
rf_full,signo_zodiacal_cancer,26,0.5,0.5700000000000001,0.5776190476190476,0.6000000000000001,0.58207336523126,0.5450000000000002,0.5690604150751211,6.0,4.6,5.4,4.0
rf_full,signo_zodiacal_cancer,27,0.5,0.4800000000000001,0.48119658119658115,0.48,0.4730821619265555,0.4379999999999999,0.5371031015767858,4.8,5.2,4.8,5.2
rf_full,signo_zodiacal_cancer,28,0.5,0.54,0.5348484848484849,0.58,0.5558441558441558,0.567,0.6207763702585684,5.8,5.0,5.0,4.2
rf_full,signo_zodiacal_cancer,29,0.5,0.51,0.5166233766233767,0.43999999999999995,0.4658263305322129,0.532,0.5785655271800783,4.4,4.2,5.8,5.6
rf_full,signo_zodiacal_cancer,30,0.5,0.41999999999999993,0.41158730158730156,0.42000000000000004,0.41232198142414855,0.366,0.46001461300996904,4.2,5.8,4.2,5.8
rf_full,signo_zodiacal_cancer,31,0.5,0.53,0.5116666666666666,0.6,0.5474632034632035,0.568,0.6031011729069004,6.0,5.4,4.6,4.0
rf_full,signo_zodiacal_cancer,32,0.5,0.5700000000000001,0.5783333333333334,0.56,0.5665178096757044,0.584,0.6531792374292374,5.6,4.2,5.8,4.4
rf_full,signo_zodiacal_cancer,33,0.5,0.51,0.5066666666666666,0.54,0.5174736842105262,0.43,0.5172060182679377,5.4,5.2,4.8,4.6
rf_full,signo_zodiacal_cancer,34,0.5,0.56,0.5583838383838384,0.6,0.5767783094098883,0.5900000000000001,0.613060165926265,6.0,4.8,5.2,4.0
rf_full,signo_zodiacal_cancer,35,0.5,0.47000000000000003,0.46686868686868693,0.4600000000000001,0.45470038733196627,0.43499999999999994,0.5059675987926762,4.6,5.2,4.8,5.4
rf_full,signo_zodiacal_cancer,36,0.5,0.47000000000000003,0.4550324675324675,0.5,0.4661926308985132,0.5109999999999999,0.5594287648196317,5.0,5.6,4.4,5.0
rf_full,signo_zodiacal_cancer,37,0.5,0.53,0.5540909090909091,0.48,0.49575757575757573,0.6050000000000001,0.6462030263338312,4.8,4.2,5.8,5.2
rf_full,signo_zodiacal_cancer,38,0.5,0.47000000000000003,0.46806526806526805,0.45999999999999996,0.4595692128872907,0.479,0.5578570651055171,4.6,5.2,4.8,5.4
rf_full,signo_zodiacal_cancer,39,0.5,0.5900000000000001,0.5986471861471861,0.6399999999999999,0.5975885225885227,0.629,0.6196440189497465,6.4,4.6,5.4,3.6
rf_full,signo_zodiacal_cancer,40,0.5,0.41,0.41230769230769226,0.43999999999999995,0.4243478260869565,0.345,0.44798998370051,4.4,6.2,3.8,5.6
rf_full,signo_zodiacal_cancer,41,0.5,0.51,0.5261038961038962,0.48,0.49792717086834737,0.544,0.6040387851742339,4.8,4.6,5.4,5.2
rf_full,signo_zodiacal_cancer,42,0.5,0.6100000000000001,0.6171428571428571,0.6,0.595764705882353,0.652,0.6957049708976953,6.0,3.8,6.2,4.0
rf_full,signo_zodiacal_cancer,43,0.5,0.62,0.6175335775335775,0.6799999999999999,0.6424408848207476,0.6549999999999999,0.7003595272976078,6.8,4.4,5.6,3.2
rf_full,signo_zodiacal_cancer,44,0.5,0.45999999999999996,0.4614718614718615,0.45999999999999996,0.45558102028690267,0.48999999999999994,0.5721692268000317,4.6,5.4,4.6,5.4
rf_full,signo_zodiacal_cancer,45,0.5,0.4600000000000001,0.4927272727272728,0.30000000000000004,0.36134920634920636,0.429,0.5233462087448155,3.0,3.8,6.2,7.0
rf_full,signo_zodiacal_cancer,46,0.5,0.43,0.42741702741702736,0.44000000000000006,0.42707504054253276,0.40599999999999997,0.5085767961828334,4.4,5.8,4.2,5.6
rf_full,signo_zodiacal_cancer,47,0.5,0.55,0.5620046620046619,0.54,0.540855762594893,0.484,0.5197882585251007,5.4,4.4,5.6,4.6
rf_full,signo_zodiacal_cancer,48,0.5,0.45,0.4481684981684981,0.42000000000000004,0.41970704487328525,0.43600000000000005,0.501645246308559,4.2,5.2,4.8,5.8
rf_full,signo_zodiacal_cancer,49,0.5,0.5399999999999999,0.5552380952380953,0.4800000000000001,0.4962352941176471,0.593,0.6650250947882526,4.8,4.0,6.0,5.2
rf_full,signo_zodiacal_cancer,50,0.5,0.53,0.5568614718614718,0.45999999999999996,0.4899618029029794,0.5209999999999999,0.5700131169999592,4.6,4.0,6.0,5.4
rf_full,signo_zodiacal_cancer,51,0.5,0.43,0.4365476190476191,0.5,0.4582805429864253,0.44400000000000006,0.5109842092032494,5.0,6.4,3.6,5.0
rf_full,signo_zodiacal_cancer,52,0.5,0.63,0.6583333333333333,0.5599999999999999,0.5980329611908559,0.611,0.6258856488368872,5.6,3.0,7.0,4.4
rf_full,signo_zodiacal_cancer,53,0.5,0.45,0.45029970029970023,0.4600000000000001,0.4488952366190217,0.5640000000000001,0.6235242867727389,4.6,5.6,4.4,5.4
rf_full,signo_zodiacal_cancer,54,0.5,0.47000000000000003,0.4526007326007326,0.38,0.39993538834298026,0.44699999999999995,0.5017297604356428,3.8,4.4,5.6,6.2
rf_full,signo_zodiacal_cancer,55,0.5,0.5599999999999999,0.5499650349650349,0.5799999999999998,0.5617391304347825,0.6020000000000001,0.6650804430347772,5.8,4.6,5.4,4.2
rf_full,signo_zodiacal_cancer,56,0.5,0.53,0.5226695526695526,0.4800000000000001,0.49715858273133806,0.57,0.5711291443334787,4.8,4.2,5.8,5.2
rf_full,signo_zodiacal_cancer,57,0.5,0.5599999999999999,0.5591880341880342,0.5,0.5193935926773454,0.567,0.6028205005348968,5.0,3.8,6.2,5.0
rf_full,signo_zodiacal_cancer,58,0.5,0.38,0.3728138528138528,0.32,0.33876750700280117,0.333,0.4443093877227004,3.2,5.6,4.4,6.8
rf_full,signo_zodiacal_cancer,59,0.5,0.47000000000000003,0.4662087912087912,0.56,0.5051383399209486,0.47000000000000003,0.512593593111395,5.6,6.2,3.8,4.4
rf_full,signo_zodiacal_cancer,60,0.5,0.42000000000000004,0.4175757575757576,0.4,0.40728487886382625,0.39,0.5084961280549515,4.0,5.6,4.4,6.0
rf_full,signo_zodiacal_cancer,61,0.5,0.49000000000000005,0.48464646464646466,0.4,0.42849624060150376,0.4699999999999999,0.5148540728277571,4.0,4.2,5.8,6.0
rf_full,signo_zodiacal_cancer,62,0.5,0.55,0.5477777777777778,0.6,0.5707177033492823,0.5319999999999999,0.5785256204064254,6.0,5.0,5.0,4.0
rf_full,signo_zodiacal_cancer,63,0.5,0.36,0.36742424242424243,0.36000000000000004,0.3607503607503607,0.36,0.5067761329657615,3.6,6.4,3.6,6.4
rf_full,signo_zodiacal_cancer,64,0.5,0.45,0.4475324675324675,0.42000000000000004,0.429953314659197,0.434,0.5316243762257693,4.2,5.2,4.8,5.8
rf_full,signo_zodiacal_cancer,65,0.5,0.45,0.4023809523809524,0.27999999999999997,0.32415966386554623,0.46699999999999997,0.49101295823199836,2.8,3.8,6.2,7.2
rf_full,signo_zodiacal_cancer,66,0.5,0.5,0.5057575757575756,0.52,0.5115105946684894,0.5479999999999999,0.5984726635593509,5.2,5.2,4.8,4.8
rf_full,signo_zodiacal_cancer,67,0.5,0.51,0.505050505050505,0.5199999999999999,0.5112781954887218,0.5130000000000001,0.6063271477404605,5.2,5.0,5.0,4.8
rf_full,signo_zodiacal_cancer,68,0.5,0.5900000000000001,0.5871245421245421,0.54,0.5462843266423828,0.571,0.5646163156588854,5.4,3.6,6.4,4.6
rf_full,signo_zodiacal_cancer,69,0.5,0.51,0.5040909090909091,0.43999999999999995,0.4648412698412698,0.567,0.600422834905033,4.4,4.2,5.8,5.6
rf_full,signo_zodiacal_cancer,70,0.5,0.57,0.6035714285714285,0.58,0.5681818181818181,0.557,0.5980199594007644,5.8,4.4,5.6,4.2
rf_full,signo_zodiacal_cancer,71,0.5,0.45999999999999996,0.46223776223776225,0.5599999999999999,0.505072463768116,0.41000000000000003,0.5017554585936939,5.6,6.4,3.6,4.4
rf_full,signo_zodiacal_cancer,72,0.5,0.37,0.37131701631701636,0.38000000000000006,0.37297155933311543,0.3489999999999999,0.4906674832735204,3.8,6.4,3.6,6.2
rf_full,signo_zodiacal_cancer,73,0.5,0.47999999999999987,0.425,0.38,0.3956349206349207,0.504,0.5418561797679445,3.8,4.2,5.8,6.2
rf_full,signo_zodiacal_cancer,74,0.5,0.44000000000000006,0.45809523809523806,0.42000000000000004,0.42447102604997344,0.45600000000000007,0.49353583241663734,4.2,5.4,4.6,5.8
rf_full,signo_zodiacal_cancer,75,0.5,0.5,0.49111111111111105,0.38,0.42330237358101136,0.5349999999999999,0.5832233850600723,3.8,3.8,6.2,6.2
rf_full,signo_zodiacal_cancer,76,0.5,0.48,0.4966666666666666,0.48,0.4804329004329004,0.433,0.5276442010002381,4.8,5.2,4.8,5.2
rf_full,signo_zodiacal_cancer,77,0.5,0.41000000000000003,0.41434343434343435,0.42000000000000004,0.41659147869674185,0.38499999999999995,0.48816087979787676,4.2,6.0,4.0,5.8
rf_full,signo_zodiacal_cancer,78,0.5,0.55,0.5322494172494172,0.6200000000000001,0.5675693581780539,0.614,0.6462553624566009,6.2,5.2,4.8,3.8
rf_full,signo_zodiacal_cancer,79,0.5,0.54,0.5422222222222223,0.5,0.5199999999999999,0.575,0.6142588648881218,5.0,4.2,5.8,5.0
rf_full,signo_zodiacal_cancer,80,0.5,0.59,0.6061904761904762,0.6,0.5976470588235294,0.5790000000000001,0.644317533773416,6.0,4.2,5.8,4.0
rf_full,signo_zodiacal_cancer,81,0.5,0.55,0.5611111111111111,0.52,0.5365762892078682,0.558,0.5981972837104416,5.2,4.2,5.8,4.8
rf_full,signo_zodiacal_cancer,82,0.5,0.36,0.31272727272727274,0.26,0.2806349206349206,0.32799999999999996,0.45859959751291013,2.6,5.4,4.6,7.4
rf_full,signo_zodiacal_cancer,83,0.5,0.4800000000000001,0.4890909090909091,0.58,0.5252615596963424,0.497,0.5514689950572305,5.8,6.2,3.8,4.2
rf_full,signo_zodiacal_cancer,84,0.5,0.63,0.6291486291486291,0.6,0.6109391124871,0.631,0.6392630039379265,6.0,3.4,6.6,4.0
rf_full,signo_zodiacal_cancer,85,0.5,0.54,0.5525,0.58,0.5588034188034189,0.595,0.6457550037681618,5.8,5.0,5.0,4.2
rf_full,signo_zodiacal_cancer,86,0.5,0.44000000000000006,0.44841269841269843,0.42000000000000004,0.4281202114019451,0.41500000000000004,0.529594610669688,4.2,5.4,4.6,5.8
rf_full,signo_zodiacal_cancer,87,0.5,0.43,0.40680846930846926,0.45999999999999996,0.4184038692047845,0.362,0.4565573964219475,4.6,6.0,4.0,5.4
rf_full,signo_zodiacal_cancer,88,0.5,0.5,0.5031746031746032,0.43999999999999995,0.46519686024329987,0.518,0.5693766115205744,4.4,4.4,5.6,5.6
rf_full,signo_zodiacal_cancer,89,0.5,0.43,0.41717171717171714,0.41999999999999993,0.4112781954887218,0.46099999999999997,0.5299389009683126,4.2,5.6,4.4,5.8
rf_full,signo_zodiacal_cancer,90,0.5,0.57,0.5713369963369963,0.54,0.5431514634839443,0.6,0.6086076217384268,5.4,4.0,6.0,4.6
rf_full,signo_zodiacal_cancer,91,0.5,0.54,0.5507575757575757,0.4999999999999999,0.5163590795169742,0.5820000000000001,0.6294523989082812,5.0,4.2,5.8,5.0
rf_full,signo_zodiacal_cancer,92,0.5,0.59,0.6564835164835163,0.62,0.5931772575250835,0.5660000000000001,0.6072817913081071,6.2,4.4,5.6,3.8
rf_full,signo_zodiacal_cancer,93,0.5,0.51,0.5104895104895105,0.6,0.5511010728402033,0.497,0.5582927144235195,6.0,5.8,4.2,4.0
rf_full,signo_zodiacal_cancer,94,0.5,0.36,0.3176806526806527,0.32,0.3132890196505757,0.38499999999999995,0.46507507095587586,3.2,6.0,4.0,6.8
rf_full,signo_zodiacal_cancer,95,0.5,0.53,0.5235714285714286,0.52,0.5141176470588236,0.5650000000000001,0.5787906219167829,5.2,4.6,5.4,4.8
rf_full,signo_zodiacal_cancer,96,0.5,0.5200000000000001,0.5325396825396825,0.43999999999999995,0.4663275836650449,0.503,0.5630080285211864,4.4,4.0,6.0,5.6
rf_full,signo_zodiacal_cancer,97,0.5,0.5,0.4898051948051948,0.42000000000000004,0.4465406162464986,0.514,0.5655804381377136,4.2,4.2,5.8,5.8
rf_full,signo_zodiacal_cancer,98,0.5,0.55,0.5472727272727272,0.52,0.5283333333333333,0.543,0.6204436870319222,5.2,4.2,5.8,4.8
rf_full,signo_zodiacal_cancer,99,0.5,0.54,0.5650793650793651,0.42000000000000004,0.4768575851393189,0.593,0.6316005187622835,4.2,3.4,6.6,5.8
rf_full,signo_zodiacal_cancer,100,0.5,0.48,0.46071428571428574,0.45999999999999996,0.454958251243081,0.461,0.5007224623501714,4.6,5.0,5.0,5.4
rf_full,signo_zodiacal_cancer,101,0.5,0.5,0.4994949494949495,0.42000000000000004,0.45087719298245615,0.5199999999999999,0.5802124650375424,4.2,4.2,5.8,5.8
rf_full,signo_zodiacal_cancer,102,0.5,0.51,0.5550616050616051,0.5,0.5127395622280533,0.535,0.5958898791267212,5.0,4.8,5.2,5.0
rf_full,signo_zodiacal_cancer,103,0.5,0.53,0.5326262626262627,0.56,0.5447436773752563,0.521,0.5508932811254793,5.6,5.0,5.0,4.4
rf_full,signo_zodiacal_cancer,104,0.5,0.51,0.5144877344877345,0.48,0.4936665192392747,0.46799999999999997,0.5556233574646887,4.8,4.6,5.4,5.2
rf_full,signo_zodiacal_cancer,105,0.5,0.47000000000000003,0.4614718614718615,0.42000000000000004,0.43692073320556285,0.462,0.4923315181550475,4.2,4.8,5.2,5.8
rf_full,signo_zodiacal_cancer,106,0.5,0.47000000000000003,0.45757575757575764,0.45999999999999996,0.4523088023088023,0.518,0.5749889560903492,4.6,5.2,4.8,5.4
rf_full,signo_zodiacal_cancer,107,0.5,0.54,0.5529761904761905,0.54,0.5300242241418711,0.569,0.6365018380312498,5.4,4.6,5.4,4.6
rf_full,signo_zodiacal_cancer,108,0.5,0.55,0.5592171717171717,0.5800000000000001,0.5614934772829508,0.562,0.6249946519768501,5.8,4.8,5.2,4.2
rf_full,signo_zodiacal_cancer,109,0.5,0.5,0.4850829725829726,0.52,0.4917565406729493,0.5199999999999999,0.559723508088059,5.2,5.2,4.8,4.8
rf_full,signo_zodiacal_cancer,110,0.5,0.6199999999999999,0.6157342657342657,0.54,0.5553312629399585,0.655,0.6901549061533582,5.4,3.0,7.0,4.6
rf_full,signo_zodiacal_cancer,111,0.5,0.4800000000000001,0.4813986013986014,0.54,0.50772444946358,0.495,0.5634852159364543,5.4,5.8,4.2,4.6
rf_full,signo_zodiacal_cancer,112,0.5,0.45,0.4404761904761904,0.4,0.41574569221628044,0.453,0.5283338958942674,4.0,5.0,5.0,6.0
rf_full,signo_zodiacal_cancer,113,0.5,0.6199999999999999,0.619949494949495,0.6,0.6073517126148704,0.5930000000000001,0.6124134629560326,6.0,3.6,6.4,4.0
rf_full,signo_zodiacal_cancer,114,0.5,0.41,0.38662337662337665,0.4,0.38380952380952377,0.354,0.4612934047376772,4.0,5.8,4.2,6.0
rf_full,signo_zodiacal_cancer,115,0.5,0.53,0.5257575757575758,0.4999999999999999,0.5071428571428571,0.5090000000000001,0.5739347062466258,5.0,4.4,5.6,5.0
rf_full,signo_zodiacal_cancer,116,0.5,0.42000000000000004,0.41670163170163177,0.4,0.4016494133885439,0.389,0.48493637348203916,4.0,5.6,4.4,6.0
rf_full,signo_zodiacal_cancer,117,0.5,0.37,0.3769230769230769,0.44000000000000006,0.40362318840579714,0.331,0.45768476131711433,4.4,7.0,3.0,5.6
rf_full,signo_zodiacal_cancer,118,0.5,0.45,0.45555555555555555,0.52,0.4779945200997833,0.476,0.5371005454813504,5.2,6.2,3.8,4.8
rf_full,signo_zodiacal_cancer,119,0.5,0.5,0.5017399267399267,0.45999999999999996,0.46808494148647595,0.51,0.5399419905859534,4.6,4.6,5.4,5.4
rf_full,signo_zodiacal_cancer,120,0.5,0.52,0.5123076923076924,0.52,0.5097545246515498,0.511,0.569894212598547,5.2,4.8,5.2,4.8
rf_full,signo_zodiacal_cancer,121,0.5,0.48,0.4648051948051948,0.41999999999999993,0.4382072829131653,0.54,0.5873543580602403,4.2,4.6,5.4,5.8
rf_full,signo_zodiacal_cancer,122,0.5,0.5200000000000001,0.5072727272727272,0.43999999999999995,0.46502923976608185,0.526,0.5574897955501671,4.4,4.0,6.0,5.6
rf_full,signo_zodiacal_cancer,123,0.5,0.5900000000000001,0.5961904761904762,0.5599999999999999,0.5657406260749914,0.616,0.6641948688566336,5.6,3.8,6.2,4.4
rf_full,signo_zodiacal_cancer,124,0.5,0.49000000000000005,0.4787878787878788,0.5199999999999999,0.49725829725829723,0.49000000000000005,0.5647314342004746,5.2,5.4,4.6,4.8
rf_full,signo_zodiacal_cancer,125,0.5,0.5,0.4983766233766234,0.48,0.48416093710211366,0.45499999999999996,0.5101974595751686,4.8,4.8,5.2,5.2
rf_full,signo_zodiacal_cancer,126,0.5,0.47000000000000003,0.46159340659340664,0.36,0.39346547314578,0.481,0.5196143582939248,3.6,4.2,5.8,6.4
rf_full,signo_zodiacal_cancer,127,0.5,0.45,0.4387301587301587,0.36,0.39253869969040245,0.4040000000000001,0.5515293609898873,3.6,4.6,5.4,6.4
rf_full,signo_zodiacal_cancer,128,0.5,0.61,0.6117171717171717,0.6,0.6049122807017543,0.607,0.6140445638812512,6.0,3.8,6.2,4.0
rf_full,signo_zodiacal_cancer,129,0.5,0.5,0.49340659340659343,0.42000000000000004,0.4423273657289003,0.4779999999999999,0.5836248469452804,4.2,4.2,5.8,5.8
rf_full,signo_zodiacal_cancer,130,0.5,0.51,0.5186868686868686,0.5,0.5066150224044961,0.577,0.634646532603963,5.0,4.8,5.2,5.0
rf_full,signo_zodiacal_cancer,131,0.5,0.55,0.5567832167832167,0.62,0.573115753811406,0.5740000000000001,0.6587641143686034,6.2,5.2,4.8,3.8
rf_full,signo_zodiacal_cancer,132,0.5,0.39,0.3964718614718615,0.43999999999999995,0.41367965367965365,0.35300000000000004,0.4907586153956123,4.4,6.6,3.4,5.6
rf_full,signo_zodiacal_cancer,133,0.5,0.48,0.48119658119658115,0.45999999999999996,0.46633613018052367,0.515,0.5718920419965311,4.6,5.0,5.0,5.4
rf_full,signo_zodiacal_cancer,134,0.5,0.4699999999999999,0.4627272727272727,0.5599999999999999,0.4990211357270181,0.4630000000000001,0.5368631260380486,5.6,6.2,3.8,4.4
rf_full,signo_zodiacal_cancer,135,0.5,0.5,0.5053968253968254,0.48,0.48847171404446943,0.52,0.6172507976199927,4.8,4.8,5.2,5.2
rf_full,signo_zodiacal_cancer,136,0.5,0.45,0.4464718614718615,0.5,0.4682251082251082,0.413,0.4745437330127733,5.0,6.0,4.0,5.0
rf_full,signo_zodiacal_cancer,137,0.5,0.58,0.5826007326007326,0.6,0.5820300188586633,0.5519999999999999,0.5855874082917426,6.0,4.4,5.6,4.0
rf_full,signo_zodiacal_cancer,138,0.5,0.55,0.5587723387723388,0.52,0.5240971995205405,0.601,0.6226285142446133,5.2,4.2,5.8,4.8
rf_full,signo_zodiacal_cancer,139,0.5,0.4600000000000001,0.44848484848484854,0.45999999999999996,0.45,0.442,0.48217503411621054,4.6,5.4,4.6,5.4
rf_full,signo_zodiacal_cancer,140,0.5,0.51,0.5059163059163059,0.44000000000000006,0.4563708737083349,0.49799999999999994,0.573195935213737,4.4,4.2,5.8,5.6
rf_full,signo_zodiacal_cancer,141,0.5,0.45999999999999996,0.45256965256965254,0.5,0.46929920709702644,0.43600000000000005,0.541501434410103,5.0,5.8,4.2,5.0
rf_full,signo_zodiacal_cancer,142,0.5,0.6599999999999999,0.6478787878787878,0.6599999999999999,0.6471212121212121,0.662,0.6783810372633903,6.6,3.4,6.6,3.4
rf_full,signo_zodiacal_cancer,143,0.5,0.5800000000000001,0.5931818181818181,0.5800000000000001,0.5821067821067821,0.6479999999999999,0.6485783464901111,5.8,4.2,5.8,4.2
rf_full,signo_zodiacal_cancer,144,0.5,0.6,0.6183150183150182,0.6,0.5915814151747656,0.6380000000000001,0.6906537237272532,6.0,4.0,6.0,4.0
rf_full,signo_zodiacal_cancer,145,0.5,0.57,0.5572066822066823,0.6,0.5741131484838579,0.583,0.6027105557840852,6.0,4.6,5.4,4.0
rf_full,signo_zodiacal_cancer,146,0.5,0.5,0.518888888888889,0.45999999999999996,0.4814354066985646,0.477,0.5617752802752802,4.6,4.6,5.4,5.4
rf_full,signo_zodiacal_cancer,147,0.5,0.4600000000000001,0.4616117216117216,0.5199999999999999,0.47878147200909354,0.493,0.5431632434472992,5.2,6.0,4.0,4.8
rf_full,signo_zodiacal_cancer,148,0.5,0.51,0.5002020202020201,0.52,0.4986397812713602,0.5349999999999999,0.581044010341224,5.2,5.0,5.0,4.8
rf_full,signo_zodiacal_cancer,149,0.5,0.48,0.478021978021978,0.48,0.4729158593608721,0.44699999999999995,0.529328959654037,4.8,5.2,4.8,5.2
rf_full,signo_zodiacal_cancer,150,0.5,0.49000000000000005,0.5190476190476191,0.4600000000000001,0.47083065953654185,0.493,0.5902920435257896,4.6,4.8,5.2,5.4
rf_full,signo_zodiacal_cancer,151,0.5,0.35,0.3478787878787879,0.32,0.32749639249639256,0.27999999999999997,0.42595403066146104,3.2,6.2,3.8,6.8
rf_full,signo_zodiacal_cancer,152,0.5,0.53,0.539005439005439,0.5,0.5091242599251753,0.546,0.6211895143040653,5.0,4.4,5.6,5.0
rf_full,signo_zodiacal_cancer,153,0.5,0.55,0.5757575757575758,0.5,0.5287593984962407,0.557,0.6045912575556539,5.0,4.0,6.0,5.0
rf_full,signo_zodiacal_cancer,154,0.5,0.51,0.5079025549613785,0.48,0.4671679197994988,0.42300000000000004,0.5377079119710698,4.8,4.6,5.4,5.2
rf_full,signo_zodiacal_cancer,155,0.5,0.55,0.5419191919191919,0.6199999999999999,0.575768967874231,0.575,0.5827401342207843,6.2,5.2,4.8,3.8
rf_full,signo_zodiacal_cancer,156,0.5,0.5199999999999999,0.5213986013986014,0.54,0.5275224292615597,0.537,0.6247420994038642,5.4,5.0,5.0,4.6
rf_full,signo_zodiacal_cancer,157,0.5,0.5,0.4969230769230769,0.5199999999999999,0.4999389778794813,0.4630000000000001,0.526991506859154,5.2,5.2,4.8,4.8
rf_full,signo_zodiacal_cancer,158,0.5,0.5199999999999999,0.5187301587301587,0.45999999999999996,0.48511179910560714,0.497,0.5204715721155349,4.6,4.2,5.8,5.4
rf_full,signo_zodiacal_cancer,159,0.5,0.62,0.6401298701298701,0.5800000000000001,0.59825311942959,0.62,0.6328602035219681,5.8,3.4,6.6,4.2
rf_full,signo_zodiacal_cancer,160,0.5,0.47000000000000003,0.4709090909090909,0.45999999999999996,0.4647117794486215,0.525,0.603506694715673,4.6,5.2,4.8,5.4
rf_full,signo_zodiacal_cancer,161,0.5,0.52,0.5279220779220779,0.54,0.5269841269841269,0.5189999999999999,0.5420564774063227,5.4,5.0,5.0,4.6
rf_full,signo_zodiacal_cancer,162,0.5,0.44000000000000006,0.43015873015873013,0.4,0.4112580917534478,0.514,0.5887215900714352,4.0,5.2,4.8,6.0
rf_full,signo_zodiacal_cancer,163,0.5,0.53,0.5388888888888889,0.41999999999999993,0.4614832535885167,0.521,0.5580686068317647,4.2,3.6,6.4,5.8
rf_full,signo_zodiacal_cancer,164,0.5,0.5,0.48590909090909096,0.5199999999999999,0.49479365079365073,0.502,0.5605753058431077,5.2,5.2,4.8,4.8
rf_full,signo_zodiacal_cancer,165,0.5,0.5599999999999999,0.58,0.56,0.5633333333333332,0.53,0.5638076563958917,5.6,4.4,5.6,4.4
rf_full,signo_zodiacal_cancer,166,0.5,0.4,0.4099567099567099,0.43999999999999995,0.42001215159109895,0.316,0.4500640534216386,4.4,6.4,3.6,5.6
rf_full,signo_zodiacal_cancer,167,0.5,0.37,0.31214285714285717,0.22000000000000003,0.2552167182662538,0.33599999999999997,0.4799241318536985,2.2,4.8,5.2,7.8
rf_full,signo_zodiacal_cancer,168,0.5,0.54,0.5368686868686868,0.5199999999999999,0.5245993772309563,0.546,0.579351729969377,5.2,4.4,5.6,4.8
rf_full,signo_zodiacal_cancer,169,0.5,0.5200000000000001,0.5188455988455988,0.48,0.4963526463216866,0.5069999999999999,0.561818165494636,4.8,4.4,5.6,5.2
rf_full,signo_zodiacal_cancer,170,0.5,0.51,0.5088888888888888,0.54,0.5223923444976076,0.471,0.548208791810185,5.4,5.2,4.8,4.6
rf_full,signo_zodiacal_cancer,171,0.5,0.5399999999999999,0.5307692307692308,0.5800000000000001,0.5477382520860782,0.4959999999999999,0.544312917216942,5.8,5.0,5.0,4.2
rf_full,signo_zodiacal_cancer,172,0.5,0.5799999999999998,0.6025641025641026,0.6399999999999999,0.607213438735178,0.623,0.6743029547851529,6.4,4.8,5.2,3.6
rf_full,signo_zodiacal_cancer,173,0.5,0.35,0.3346320346320346,0.28,0.29274791256215404,0.338,0.44580510442429944,2.8,5.8,4.2,7.2
rf_full,signo_zodiacal_cancer,174,0.5,0.49000000000000005,0.4875757575757576,0.44000000000000006,0.4525108225108225,0.4629999999999999,0.5451096199122516,4.4,4.6,5.4,5.6
rf_full,signo_zodiacal_cancer,175,0.5,0.5199999999999999,0.5533333333333333,0.54,0.5343939393939394,0.575,0.6363130764144695,5.4,5.0,5.0,4.6
rf_full,signo_zodiacal_cancer,176,0.5,0.4600000000000001,0.45397435897435895,0.45999999999999996,0.4541723874904653,0.445,0.5143929979549174,4.6,5.4,4.6,5.4
rf_full,signo_zodiacal_cancer,177,0.5,0.54,0.5483766233766234,0.48,0.5089881566661753,0.5189999999999999,0.5796898277161435,4.8,4.0,6.0,5.2
rf_full,signo_zodiacal_cancer,178,0.5,0.48,0.4797979797979798,0.52,0.49763043973570287,0.458,0.5321741053064583,5.2,5.6,4.4,4.8
rf_full,signo_zodiacal_cancer,179,0.5,0.43000000000000005,0.38380341880341884,0.4,0.374548075875307,0.422,0.5232788626921753,4.0,5.4,4.6,6.0
rf_full,signo_zodiacal_cancer,180,0.5,0.47000000000000003,0.44079254079254077,0.48,0.45066817240730284,0.5449999999999999,0.6195580977330203,4.8,5.4,4.6,5.2
rf_full,signo_zodiacal_cancer,181,0.5,0.4600000000000001,0.45619658119658124,0.4600000000000001,0.4468916857360793,0.442,0.4820325303351619,4.6,5.4,4.6,5.4
rf_full,signo_zodiacal_cancer,182,0.5,0.5,0.5071128871128872,0.62,0.5553002070393376,0.475,0.5110817511521846,6.2,6.2,3.8,3.8
rf_full,signo_zodiacal_cancer,183,0.5,0.4800000000000001,0.46571428571428564,0.45999999999999996,0.45011204481792716,0.514,0.6015098800408397,4.6,5.0,5.0,5.4
rf_full,signo_zodiacal_cancer,184,0.5,0.51,0.510909090909091,0.5,0.5047117794486216,0.516,0.6107127698582807,5.0,4.8,5.2,5.0
rf_full,signo_zodiacal_cancer,185,0.5,0.49000000000000005,0.4793650793650793,0.41999999999999993,0.4470588235294117,0.47700000000000004,0.5356921946302751,4.2,4.4,5.6,5.8
rf_full,signo_zodiacal_cancer,186,0.5,0.47000000000000003,0.43392857142857144,0.45999999999999996,0.42651009121597355,0.475,0.49436895397344316,4.6,5.2,4.8,5.4
rf_full,signo_zodiacal_cancer,187,0.5,0.48,0.475,0.44000000000000006,0.45,0.4779999999999999,0.540733342251144,4.4,4.8,5.2,5.6
rf_full,signo_zodiacal_cancer,188,0.5,0.51,0.5300854700854701,0.5800000000000001,0.5382776506483601,0.434,0.5193961599975532,5.8,5.6,4.4,4.2
rf_full,signo_zodiacal_cancer,189,0.5,0.4,0.4015873015873016,0.42000000000000004,0.4017543859649123,0.33499999999999996,0.45936083670371597,4.2,6.2,3.8,5.8
rf_full,signo_zodiacal_cancer,190,0.5,0.5900000000000001,0.5776623376623377,0.62,0.5931746031746032,0.524,0.5482138237579413,6.2,4.4,5.6,3.8
rf_full,signo_zodiacal_cancer,191,0.5,0.44000000000000006,0.4454365079365079,0.45999999999999996,0.44228904910019456,0.46900000000000003,0.5834298299739475,4.6,5.8,4.2,5.4
rf_full,signo_zodiacal_cancer,192,0.5,0.53,0.5376623376623376,0.45999999999999996,0.49140989729225026,0.512,0.5346439675735342,4.6,4.0,6.0,5.4
rf_full,signo_zodiacal_cancer,193,0.5,0.54,0.5411616161616161,0.5,0.5181286549707602,0.558,0.6111676358557163,5.0,4.2,5.8,5.0
rf_full,signo_zodiacal_cancer,194,0.5,0.54,0.5300116550116549,0.58,0.5490901165958374,0.508,0.5439319461068687,5.8,5.0,5.0,4.2
rf_full,signo_zodiacal_cancer,195,0.5,0.51,0.5228571428571429,0.52,0.5126229042341575,0.508,0.5887414154472977,5.2,5.0,5.0,4.8
rf_full,signo_zodiacal_cancer,196,0.5,0.45,0.4372161172161172,0.54,0.4767979539641944,0.461,0.4876761643069692,5.4,6.4,3.6,4.6
rf_full,signo_zodiacal_cancer,197,0.5,0.61,0.5994094794094793,0.6599999999999999,0.6257901671173982,0.595,0.6441107954652846,6.6,4.4,5.6,3.4
rf_full,signo_zodiacal_cancer,198,0.5,0.53,0.5066666666666667,0.5800000000000001,0.5259658119658119,0.49800000000000005,0.5802177277486875,5.8,5.2,4.8,4.2
rf_full,signo_zodiacal_cancer,199,0.5,0.45999999999999996,0.45662337662337665,0.4600000000000001,0.45491723962312197,0.418,0.5124703652041114,4.6,5.4,4.6,5.4
rf_full,signo_zodiacal_cancer,200,0.5,0.5,0.5,0.48,0.4878863826232247,0.515,0.6093762630558295,4.8,4.8,5.2,5.2
rf_full,signo_zodiacal_cancer,201,0.5,0.45,0.4638583638583639,0.5399999999999999,0.4951182303585049,0.41899999999999993,0.5041045953530474,5.4,6.4,3.6,4.6
rf_full,signo_zodiacal_cancer,202,0.5,0.45999999999999996,0.4432539682539683,0.34,0.38287753697970417,0.413,0.49008481430849854,3.4,4.2,5.8,6.6
rf_full,signo_zodiacal_cancer,203,0.5,0.37,0.35016483516483515,0.31999999999999995,0.3286615515771526,0.377,0.45873166436246937,3.2,5.8,4.2,6.8
rf_full,signo_zodiacal_cancer,204,0.5,0.5900000000000001,0.5850000000000001,0.5599999999999999,0.569144072301967,0.55,0.5805323359131409,5.6,3.8,6.2,4.4
rf_full,signo_zodiacal_cancer,205,0.5,0.49000000000000005,0.48508547008547004,0.5,0.47927765064836,0.46099999999999997,0.49854390097346746,5.0,5.2,4.8,5.0
rf_full,signo_zodiacal_cancer,206,0.5,0.5900000000000001,0.6013986013986015,0.58,0.5786335403726708,0.6220000000000001,0.6617094737048298,5.8,4.0,6.0,4.2
rf_full,signo_zodiacal_cancer,207,0.5,0.54,0.5472222222222222,0.5599999999999999,0.547724383422324,0.532,0.5661680917122094,5.6,4.8,5.2,4.4
rf_full,signo_zodiacal_cancer,208,0.5,0.48,0.48,0.36000000000000004,0.40859477124183013,0.45,0.5318341827591053,3.6,4.0,6.0,6.4
rf_full,signo_zodiacal_cancer,209,0.5,0.5700000000000001,0.5717171717171717,0.58,0.5740031897926634,0.576,0.6450962258415818,5.8,4.4,5.6,4.2
rf_full,signo_zodiacal_cancer,210,0.5,0.49000000000000005,0.4938888888888888,0.44000000000000006,0.4647953216374269,0.5,0.593290032464955,4.4,4.6,5.4,5.6
rf_full,signo_zodiacal_cancer,211,0.5,0.48,0.4822222222222222,0.5,0.47993779904306216,0.49800000000000005,0.5671452148642551,5.0,5.4,4.6,5.0
rf_full,signo_zodiacal_cancer,212,0.5,0.54,0.5366666666666666,0.5800000000000001,0.5543434343434344,0.532,0.5744513974157937,5.8,5.0,5.0,4.2
rf_full,signo_zodiacal_cancer,213,0.5,0.54,0.5318614718614719,0.5,0.49857142857142855,0.5139999999999999,0.5681152556593733,5.0,4.2,5.8,5.0
rf_full,signo_zodiacal_cancer,214,0.5,0.6,0.6094444444444445,0.54,0.5715789473684211,0.605,0.6124119922045619,5.4,3.4,6.6,4.6
rf_full,signo_zodiacal_cancer,215,0.5,0.5900000000000001,0.5876923076923077,0.6200000000000001,0.6017391304347827,0.635,0.6377095737080257,6.2,4.4,5.6,3.8
rf_full,signo_zodiacal_cancer,216,0.5,0.5,0.5062160062160063,0.5800000000000001,0.5374577748719626,0.526,0.5810407458039037,5.8,5.8,4.2,4.2
rf_full,signo_zodiacal_cancer,217,0.5,0.5399999999999999,0.5527777777777778,0.48,0.5073365231259968,0.5,0.5876260308319132,4.8,4.0,6.0,5.2
rf_full,signo_zodiacal_cancer,218,0.5,0.52,0.5375,0.5800000000000001,0.5421125975473802,0.46799999999999997,0.5343412143412143,5.8,5.4,4.6,4.2
rf_full,signo_zodiacal_cancer,219,0.5,0.5,0.5060606060606061,0.42000000000000004,0.45610103690599046,0.54,0.6101750471750471,4.2,4.2,5.8,5.8
rf_full,signo_zodiacal_cancer,220,0.5,0.5,0.5006410256410256,0.52,0.505889559207637,0.488,0.505966411813161,5.2,5.2,4.8,4.8
rf_full,signo_zodiacal_cancer,221,0.5,0.5,0.4963636363636363,0.47999999999999987,0.4826190476190476,0.529,0.5508667329402623,4.8,4.8,5.2,5.2
rf_full,signo_zodiacal_cancer,222,0.5,0.5900000000000001,0.6074242424242424,0.54,0.5653968253968253,0.641,0.6766904294535874,5.4,3.6,6.4,4.6
rf_full,signo_zodiacal_cancer,223,0.5,0.4,0.4015695415695416,0.42000000000000004,0.40861065707747624,0.406,0.5169968864984344,4.2,6.2,3.8,5.8
rf_full,signo_zodiacal_cancer,224,0.5,0.54,0.5546464646464646,0.45999999999999996,0.485768967874231,0.592,0.6232501889235635,4.6,3.8,6.2,5.4
rf_full,signo_zodiacal_cancer,225,0.5,0.57,0.5521367521367522,0.6199999999999999,0.5763784024115158,0.552,0.55327529720022,6.2,4.8,5.2,3.8
rf_full,signo_zodiacal_cancer,226,0.5,0.53,0.5316233766233767,0.44000000000000006,0.4724929971988795,0.514,0.5920542894498003,4.4,3.8,6.2,5.6
rf_full,signo_zodiacal_cancer,227,0.5,0.49000000000000005,0.5145299145299146,0.4,0.4250968139412075,0.538,0.6076086033849192,4.0,4.2,5.8,6.0
rf_full,signo_zodiacal_cancer,228,0.5,0.45,0.4561038961038961,0.43999999999999995,0.444593837535014,0.4680000000000001,0.511852300262517,4.4,5.4,4.6,5.6
rf_full,signo_zodiacal_cancer,229,0.5,0.43999999999999995,0.43999999999999995,0.42000000000000004,0.424090909090909,0.421,0.5077535521753788,4.2,5.4,4.6,5.8
rf_full,signo_zodiacal_cancer,230,0.5,0.54,0.5371678321678321,0.52,0.5195272601794342,0.542,0.5600899455721438,5.2,4.4,5.6,4.8
rf_full,signo_zodiacal_cancer,231,0.5,0.39,0.37936507936507935,0.31999999999999995,0.34215451730931606,0.3510000000000001,0.4505089832767851,3.2,5.4,4.6,6.8
rf_full,signo_zodiacal_cancer,232,0.5,0.55,0.5585353535353534,0.52,0.5369757727652463,0.508,0.5922473637473639,5.2,4.2,5.8,4.8
rf_full,signo_zodiacal_cancer,233,0.5,0.49000000000000005,0.4909090909090909,0.48,0.48471177944862154,0.471,0.5532510154963715,4.8,5.0,5.0,5.2
rf_full,signo_zodiacal_cancer,234,0.5,0.49000000000000005,0.47532467532467526,0.48,0.4756302521008403,0.48100000000000004,0.5711692480206412,4.8,5.0,5.0,5.2
rf_full,signo_zodiacal_cancer,235,0.5,0.5900000000000001,0.6009523809523809,0.56,0.5747237076648841,0.625,0.6954718337218336,5.6,3.8,6.2,4.4
rf_full,signo_zodiacal_cancer,236,0.5,0.5,0.4865512265512265,0.48,0.46563909774436085,0.4630000000000001,0.5364281372222549,4.8,4.8,5.2,5.2
rf_full,signo_zodiacal_cancer,237,0.5,0.41000000000000003,0.4071178821178821,0.38,0.38742337514716035,0.38999999999999996,0.4860175559734383,3.8,5.6,4.4,6.2
rf_full,signo_zodiacal_cancer,238,0.5,0.43000000000000005,0.4056410256410256,0.36,0.37323671497584543,0.429,0.5283613504658395,3.6,5.0,5.0,6.4
rf_full,signo_zodiacal_cancer,239,0.5,0.51,0.5093011563599799,0.54,0.5068332062039156,0.542,0.6511776817953289,5.4,5.2,4.8,4.6
rf_full,signo_zodiacal_cancer,240,0.5,0.62,0.6174242424242424,0.66,0.6277809909388857,0.672,0.6721639651198476,6.6,4.2,5.8,3.4
rf_full,signo_zodiacal_cancer,241,0.5,0.54,0.5452380952380953,0.54,0.5297979797979797,0.522,0.5892211487343065,5.4,4.6,5.4,4.6
rf_full,signo_zodiacal_cancer,242,0.5,0.42000000000000004,0.41729603729603726,0.44000000000000006,0.4229418407679277,0.39699999999999996,0.46016196668828246,4.4,6.0,4.0,5.6
rf_full,signo_zodiacal_cancer,243,0.5,0.55,0.5641269841269841,0.43999999999999995,0.4906037151702787,0.525,0.565761766011766,4.4,3.4,6.6,5.6
rf_full,signo_zodiacal_cancer,244,0.5,0.43,0.431590909090909,0.48,0.44864468864468854,0.42400000000000004,0.49601270994227653,4.8,6.2,3.8,5.2
rf_full,signo_zodiacal_cancer,245,0.5,0.51,0.506915306915307,0.54,0.5185638668476197,0.48,0.5512783131900779,5.4,5.2,4.8,4.6
rf_full,signo_zodiacal_cancer,246,0.5,0.5200000000000001,0.5222222222222223,0.5,0.5089390142021721,0.555,0.5655515840368782,5.0,4.6,5.4,5.0
rf_full,signo_zodiacal_cancer,247,0.5,0.52,0.5267399267399268,0.5199999999999999,0.5105091839107184,0.552,0.5994424921483745,5.2,4.8,5.2,4.8
rf_full,signo_zodiacal_cancer,248,0.5,0.51,0.53,0.5,0.5076959064327485,0.5319999999999999,0.5461409048467871,5.0,4.8,5.2,5.0
rf_full,signo_zodiacal_cancer,249,0.5,0.41000000000000003,0.3878321678321678,0.4,0.38886128364389233,0.41100000000000003,0.4930085659954081,4.0,5.8,4.2,6.0
rf_full,signo_zodiacal_cancer,250,0.5,0.53,0.5210567210567211,0.5800000000000001,0.5467175844750215,0.5439999999999999,0.5855187492246315,5.8,5.2,4.8,4.2
rf_full,signo_zodiacal_cancer,251,0.5,0.55,0.5678571428571428,0.36,0.4319327731092438,0.5680000000000001,0.6010347152847152,3.6,2.6,7.4,6.4
rf_full,signo_zodiacal_cancer,252,0.5,0.53,0.5246886446886446,0.54,0.5267063963093038,0.539,0.6059424182628517,5.4,4.8,5.2,4.6
rf_full,signo_zodiacal_cancer,253,0.5,0.43000000000000005,0.4338383838383839,0.4600000000000001,0.4446115288220551,0.414,0.5543617622487591,4.6,6.0,4.0,5.4
rf_full,signo_zodiacal_cancer,254,0.5,0.55,0.5588827838827839,0.54,0.541459554489572,0.581,0.621850157410529,5.4,4.4,5.6,4.6
rf_full,signo_zodiacal_cancer,255,0.5,0.5,0.4883333333333333,0.48,0.4774747474747475,0.5269999999999999,0.5950704099821746,4.8,4.8,5.2,5.2
rf_full,signo_zodiacal_cancer,256,0.5,0.47000000000000003,0.46333333333333326,0.4800000000000001,0.4674269005847953,0.446,0.5337326485004503,4.8,5.4,4.6,5.2
rf_full,signo_zodiacal_cancer,257,0.5,0.5599999999999999,0.561025641025641,0.62,0.586236738090285,0.5499999999999999,0.5901394987881056,6.2,5.0,5.0,3.8
rf_full,signo_zodiacal_cancer,258,0.5,0.48,0.48717171717171726,0.44000000000000006,0.4605179615705932,0.526,0.6349889467257889,4.4,4.8,5.2,5.6
rf_full,signo_zodiacal_cancer,259,0.5,0.35,0.36283716283716283,0.4,0.37614785044452564,0.29500000000000004,0.4454267620064834,4.0,7.0,3.0,6.0
rf_full,signo_zodiacal_cancer,260,0.5,0.5199999999999999,0.5281746031746032,0.45999999999999996,0.48943928448572416,0.514,0.5700114658303512,4.6,4.2,5.8,5.4
rf_full,signo_zodiacal_cancer,261,0.5,0.48,0.47474747474747475,0.5,0.48061329795075924,0.484,0.565164739457309,5.0,5.4,4.6,5.0
rf_full,signo_zodiacal_cancer,262,0.5,0.45,0.4590909090909091,0.42000000000000004,0.4315105946684893,0.441,0.5391080508758528,4.2,5.2,4.8,5.8
rf_full,signo_zodiacal_cancer,263,0.5,0.51,0.515576923076923,0.56,0.5268227424749163,0.472,0.5596501760193711,5.6,5.4,4.6,4.4
rf_full,signo_zodiacal_cancer,264,0.5,0.63,0.6378221778221778,0.64,0.6327195225916453,0.689,0.6750424526453938,6.4,3.8,6.2,3.6
rf_full,signo_zodiacal_cancer,265,0.5,0.52,0.509090909090909,0.42000000000000004,0.4477443609022556,0.496,0.5168221011015129,4.2,3.8,6.2,5.8
rf_full,signo_zodiacal_cancer,266,0.5,0.62,0.611996891996892,0.64,0.6223864007845701,0.619,0.6075487567987568,6.4,4.0,6.0,3.6
rf_full,signo_zodiacal_cancer,267,0.5,0.48,0.48678571428571427,0.54,0.5010256410256411,0.501,0.5999710187473346,5.4,5.8,4.2,4.6
rf_full,signo_zodiacal_cancer,268,0.5,0.5,0.48623376623376624,0.4,0.43134453781512605,0.46299999999999997,0.5557067952687147,4.0,4.0,6.0,6.0
rf_full,signo_zodiacal_cancer,269,0.5,0.45,0.43091880341880345,0.54,0.46704688141759076,0.524,0.5636634107206863,5.4,6.4,3.6,4.6
rf_full,signo_zodiacal_cancer,270,0.5,0.47000000000000003,0.4781240981240981,0.44000000000000006,0.45557128114403656,0.42400000000000004,0.4766110001110001,4.4,5.0,5.0,5.6
rf_full,signo_zodiacal_cancer,271,0.5,0.4800000000000001,0.4779220779220779,0.52,0.49365079365079356,0.5609999999999999,0.6669417063844307,5.2,5.6,4.4,4.8
rf_full,signo_zodiacal_cancer,272,0.5,0.4699999999999999,0.4697207367795603,0.5599999999999999,0.5038778765094554,0.5359999999999999,0.6074986039072725,5.6,6.2,3.8,4.4
rf_full,signo_zodiacal_cancer,273,0.5,0.5,0.49111111111111116,0.44000000000000006,0.46157894736842103,0.438,0.52399187027283,4.4,4.4,5.6,5.6
rf_full,signo_zodiacal_cancer,274,0.5,0.5199999999999999,0.5131313131313131,0.52,0.513792055897319,0.51,0.5333822653954232,5.2,4.8,5.2,4.8
rf_full,signo_zodiacal_cancer,275,0.5,0.55,0.5649267399267399,0.5399999999999999,0.5449832828214844,0.5730000000000001,0.6245766510751031,5.4,4.4,5.6,4.6
rf_full,signo_zodiacal_cancer,276,0.5,0.53,0.5333333333333333,0.5199999999999999,0.5186666666666666,0.48600000000000004,0.5481322453776014,5.2,4.6,5.4,4.8
rf_full,signo_zodiacal_cancer,277,0.5,0.52,0.4967948717948718,0.5199999999999999,0.5025079166955597,0.497,0.5528679278238101,5.2,4.8,5.2,4.8
rf_full,signo_zodiacal_cancer,278,0.5,0.45999999999999996,0.4615384615384615,0.48,0.4676513417932182,0.43899999999999995,0.5524077784960137,4.8,5.6,4.4,5.2
rf_full,signo_zodiacal_cancer,279,0.5,0.44000000000000006,0.42833333333333334,0.48,0.44691547049441793,0.49099999999999994,0.56452060744553,4.8,6.0,4.0,5.2
rf_full,signo_zodiacal_cancer,280,0.5,0.58,0.5842857142857143,0.5199999999999999,0.5366666666666666,0.5469999999999999,0.5947982372804353,5.2,3.6,6.4,4.8
rf_full,signo_zodiacal_cancer,281,0.5,0.5,0.48888888888888893,0.45999999999999996,0.4700501253132831,0.49399999999999994,0.6200348164906988,4.6,4.6,5.4,5.4
rf_full,signo_zodiacal_cancer,282,0.5,0.39,0.35924242424242425,0.36,0.355995670995671,0.392,0.49394974512931167,3.6,5.8,4.2,6.4
rf_full,signo_zodiacal_cancer,283,0.5,0.45,0.4325757575757576,0.41999999999999993,0.4209956709956709,0.483,0.5522777871423382,4.2,5.2,4.8,5.8
rf_full,signo_zodiacal_cancer,284,0.5,0.44000000000000006,0.43321678321678325,0.4600000000000001,0.4440303657694963,0.42400000000000004,0.5399553702231721,4.6,5.8,4.2,5.4
rf_full,signo_zodiacal_cancer,285,0.5,0.45999999999999996,0.4578282828282828,0.44000000000000006,0.4452950558213716,0.42699999999999994,0.5170499906869874,4.4,5.2,4.8,5.6
rf_full,signo_zodiacal_cancer,286,0.5,0.48,0.475,0.52,0.4904040404040404,0.4600000000000001,0.5458695759005356,5.2,5.6,4.4,4.8
rf_full,signo_zodiacal_cancer,287,0.5,0.51,0.5088888888888888,0.5199999999999999,0.5052974828375286,0.5369999999999999,0.5941679519311098,5.2,5.0,5.0,4.8
rf_full,signo_zodiacal_cancer,288,0.5,0.48,0.48769230769230776,0.5599999999999999,0.5177391304347826,0.49700000000000005,0.624820562650284,5.6,6.0,4.0,4.4
rf_full,signo_zodiacal_cancer,289,0.5,0.4699999999999999,0.4746031746031746,0.43999999999999995,0.45087719298245615,0.44699999999999995,0.5121110660065769,4.4,5.0,5.0,5.6
rf_full,signo_zodiacal_cancer,290,0.5,0.57,0.5996031746031746,0.5,0.540238296275448,0.582,0.6176306161159102,5.0,3.6,6.4,5.0
rf_full,signo_zodiacal_cancer,291,0.5,0.5499999999999999,0.5323232323232323,0.5199999999999999,0.5219298245614035,0.593,0.6326049793859391,5.2,4.2,5.8,4.8
rf_full,signo_zodiacal_cancer,292,0.5,0.38999999999999996,0.35531135531135527,0.33999999999999997,0.3421725669672903,0.45,0.5313581583535144,3.4,5.6,4.4,6.6
rf_full,signo_zodiacal_cancer,293,0.5,0.48,0.5033333333333333,0.45999999999999996,0.4699521531100478,0.40499999999999997,0.4876581382154138,4.6,5.0,5.0,5.4
rf_full,signo_zodiacal_cancer,294,0.5,0.45999999999999996,0.45949494949494946,0.4800000000000001,0.46845295055821373,0.517,0.5537366479409822,4.8,5.6,4.4,5.2
rf_full,signo_zodiacal_cancer,295,0.5,0.41000000000000003,0.39499999999999996,0.36,0.376140350877193,0.4039999999999999,0.5187384370015949,3.6,5.4,4.6,6.4
rf_full,signo_zodiacal_cancer,296,0.5,0.47000000000000003,0.4703296703296703,0.52,0.48837479655893984,0.433,0.5350485335957472,5.2,5.8,4.2,4.8
rf_full,signo_zodiacal_cancer,297,0.5,0.53,0.5434848484848485,0.5,0.5088600288600289,0.5609999999999999,0.6052278799631741,5.0,4.4,5.6,5.0
rf_full,signo_zodiacal_cancer,298,0.5,0.6,0.6117171717171718,0.56,0.5785964912280701,0.6129999999999999,0.6795231070099491,5.6,3.6,6.4,4.4
rf_full,signo_zodiacal_cancer,299,0.5,0.39,0.4,0.4600000000000001,0.4221033868092691,0.38499999999999995,0.5094223025856153,4.6,6.8,3.2,5.4
rf_full,signo_zodiacal_cancer,300,0.5,0.45999999999999996,0.45499999999999996,0.38,0.40575757575757576,0.453,0.5259536754095577,3.8,4.6,5.4,6.2
rf_full,signo_zodiacal_cancer,301,0.5,0.52,0.5257575757575758,0.54,0.5294903926482873,0.534,0.6205193793134969,5.4,5.0,5.0,4.6
rf_full,signo_zodiacal_cancer,302,0.5,0.5599999999999999,0.5694949494949494,0.48,0.5127485380116958,0.5730000000000001,0.6230968275790257,4.8,3.6,6.4,5.2
rf_full,signo_zodiacal_cancer,303,0.5,0.45,0.4331196581196581,0.42000000000000004,0.4151974138244161,0.528,0.5795908237789043,4.2,5.2,4.8,5.8
rf_full,signo_zodiacal_cancer,304,0.5,0.47000000000000003,0.4709090909090909,0.5,0.4847619047619047,0.4619999999999999,0.5267831867994406,5.0,5.6,4.4,5.0
rf_full,signo_zodiacal_cancer,305,0.5,0.47000000000000003,0.4261904761904762,0.42000000000000004,0.4180799592564298,0.49700000000000005,0.5694953651439719,4.2,4.8,5.2,5.8
rf_full,signo_zodiacal_cancer,306,0.5,0.49000000000000005,0.502020202020202,0.42000000000000004,0.45254803675856303,0.45,0.5224881066645773,4.2,4.4,5.6,5.8
rf_full,signo_zodiacal_cancer,307,0.5,0.45999999999999996,0.4343589743589743,0.45999999999999996,0.43566069906223354,0.48199999999999993,0.5272598604525849,4.6,5.4,4.6,5.4
rf_full,signo_zodiacal_cancer,308,0.5,0.52,0.5222222222222223,0.5,0.5105263157894736,0.505,0.535560288782425,5.0,4.6,5.4,5.0
rf_full,signo_zodiacal_cancer,309,0.5,0.42000000000000004,0.4256099456099456,0.44000000000000006,0.43061566960880454,0.43499999999999994,0.5257861311375244,4.4,6.0,4.0,5.6
rf_full,signo_zodiacal_cancer,310,0.5,0.45,0.4556410256410257,0.54,0.48722272896185936,0.48,0.5466491525330535,5.4,6.4,3.6,4.6
rf_full,signo_zodiacal_cancer,311,0.5,0.52,0.525,0.41999999999999993,0.4599079025549614,0.591,0.6328142870201693,4.2,3.8,6.2,5.8
rf_full,signo_zodiacal_cancer,312,0.5,0.54,0.537979797979798,0.58,0.552812030075188,0.531,0.5776381734880187,5.8,5.0,5.0,4.2
rf_full,signo_zodiacal_cancer,313,0.5,0.63,0.6477777777777778,0.62,0.6308452950558213,0.711,0.7543395374835002,6.2,3.6,6.4,3.8
rf_full,signo_zodiacal_cancer,314,0.5,0.5,0.49860139860139857,0.54,0.5153899240855763,0.546,0.5985465343050482,5.4,5.4,4.6,4.6
rf_full,signo_zodiacal_cancer,315,0.5,0.58,0.573030303030303,0.58,0.5698917748917749,0.615,0.6368860479905372,5.8,4.2,5.8,4.2
rf_full,signo_zodiacal_cancer,316,0.5,0.45999999999999996,0.4496031746031746,0.42000000000000004,0.4270209838321294,0.43899999999999995,0.5099261973836278,4.2,5.0,5.0,5.8
rf_full,signo_zodiacal_cancer,317,0.5,0.38,0.35216117216117215,0.34,0.3360680706649208,0.404,0.49023230424546205,3.4,5.8,4.2,6.6
rf_full,signo_zodiacal_cancer,318,0.5,0.5200000000000001,0.5200854700854702,0.52,0.5031174774881868,0.534,0.5582008156961717,5.2,4.8,5.2,4.8
rf_full,signo_zodiacal_cancer,319,0.5,0.49000000000000005,0.4851948051948051,0.5,0.47602240896358544,0.511,0.5579946966518173,5.0,5.2,4.8,5.0
rf_full,signo_zodiacal_cancer,320,0.5,0.4,0.40727272727272723,0.4,0.40280701754385967,0.37300000000000005,0.486624795569068,4.0,6.0,4.0,6.0
rf_full,signo_zodiacal_cancer,321,0.5,0.39,0.37987012987012986,0.4,0.38640719445673005,0.38099999999999995,0.45136146206734445,4.0,6.2,3.8,6.0
rf_full,signo_zodiacal_cancer,322,0.5,0.47000000000000003,0.4444444444444445,0.34,0.3726874003189793,0.557,0.599585458658988,3.4,4.0,6.0,6.6
rf_full,signo_zodiacal_cancer,323,0.5,0.53,0.5491208791208791,0.58,0.5523451910408432,0.571,0.629099346559873,5.8,5.2,4.8,4.2
rf_full,signo_zodiacal_cancer,324,0.5,0.5599999999999999,0.5497655122655123,0.6399999999999999,0.5814022235074867,0.5429999999999999,0.5766458802635273,6.4,5.2,4.8,3.6
rf_full,signo_zodiacal_cancer,325,0.5,0.31999999999999995,0.26106060606060605,0.24000000000000005,0.24785714285714286,0.27799999999999997,0.45206753952961376,2.4,6.0,4.0,7.6
rf_full,signo_zodiacal_cancer,326,0.5,0.43,0.42934731934731934,0.48,0.446575569358178,0.43,0.5336581196581196,4.8,6.2,3.8,5.2
rf_full,signo_zodiacal_cancer,327,0.5,0.53,0.5276923076923077,0.5,0.5056280193236715,0.568,0.5995977047548255,5.0,4.4,5.6,5.0
rf_full,signo_zodiacal_cancer,328,0.5,0.5900000000000001,0.5807142857142857,0.6,0.5792878631516402,0.587,0.631849965394083,6.0,4.2,5.8,4.0
rf_full,signo_zodiacal_cancer,329,0.5,0.45,0.44439393939393945,0.44000000000000006,0.439018759018759,0.4590000000000001,0.5391533564474741,4.4,5.4,4.6,5.6
rf_full,signo_zodiacal_cancer,330,0.5,0.58,0.5801864801864801,0.64,0.6064211913182164,0.59,0.5880821739320191,6.4,4.8,5.2,3.6
rf_full,signo_zodiacal_cancer,331,0.5,0.47000000000000003,0.4704761904761904,0.38,0.41653250773993805,0.45200000000000007,0.48933462736094313,3.8,4.4,5.6,6.2
rf_full,signo_zodiacal_cancer,332,0.5,0.47000000000000003,0.4564102564102564,0.4800000000000001,0.46544622425629295,0.5049999999999999,0.544974411381532,4.8,5.4,4.6,5.2
rf_full,signo_zodiacal_cancer,333,0.5,0.45,0.4635586635586636,0.52,0.4882482887059546,0.44499999999999995,0.5399054130424099,5.2,6.2,3.8,4.8
rf_full,signo_zodiacal_cancer,334,0.5,0.42000000000000004,0.40166666666666667,0.4,0.3948484848484849,0.44799999999999995,0.5303833286596445,4.0,5.6,4.4,6.0
rf_full,signo_zodiacal_cancer,335,0.5,0.48,0.48383838383838385,0.5,0.4909774436090225,0.49700000000000005,0.5901563914241933,5.0,5.4,4.6,5.0
rf_full,signo_zodiacal_cancer,336,0.5,0.4800000000000001,0.4682539682539682,0.42000000000000004,0.4412108703130375,0.484,0.5484943553178848,4.2,4.6,5.4,5.8
rf_full,signo_zodiacal_cancer,337,0.5,0.52,0.5265079365079365,0.5,0.509237264283704,0.558,0.561264510601198,5.0,4.6,5.4,5.0
rf_full,signo_zodiacal_cancer,338,0.5,0.49000000000000005,0.4954822954822955,0.45999999999999996,0.47214968367209587,0.4629999999999999,0.5586077456255474,4.6,4.8,5.2,5.4
rf_full,signo_zodiacal_cancer,339,0.5,0.5299999999999999,0.5243589743589745,0.5800000000000001,0.5475764510089454,0.5050000000000001,0.5731733344055325,5.8,5.2,4.8,4.2
rf_full,signo_zodiacal_cancer,340,0.5,0.48,0.4833333333333333,0.5,0.48409090909090907,0.483,0.5476068551331709,5.0,5.4,4.6,5.0
rf_full,signo_zodiacal_cancer,341,0.5,0.54,0.5458333333333333,0.5399999999999999,0.5273504273504274,0.5329999999999999,0.5783375323506902,5.4,4.6,5.4,4.6
rf_full,signo_zodiacal_cancer,342,0.5,0.4,0.3971717171717172,0.4,0.39061152882205513,0.404,0.48872610559375274,4.0,6.0,4.0,6.0
rf_full,signo_zodiacal_cancer,343,0.5,0.41,0.3965811965811966,0.41999999999999993,0.4044610868409496,0.38199999999999995,0.5024419834551413,4.2,6.0,4.0,5.8
rf_full,signo_zodiacal_cancer,344,0.5,0.5900000000000001,0.6039585414585414,0.64,0.6064191562912791,0.635,0.7128739126370706,6.4,4.6,5.4,3.6
rf_full,signo_zodiacal_cancer,345,0.5,0.4800000000000001,0.44670995670995667,0.42000000000000004,0.4255006500207738,0.506,0.5915508935508935,4.2,4.6,5.4,5.8
rf_full,signo_zodiacal_cancer,346,0.5,0.5900000000000001,0.6233766233766234,0.5399999999999999,0.5641609371021136,0.5880000000000001,0.6226554719790014,5.4,3.6,6.4,4.6
rf_full,signo_zodiacal_cancer,347,0.5,0.55,0.5551948051948052,0.6,0.5674603174603174,0.5469999999999999,0.5843315932433579,6.0,5.0,5.0,4.0
rf_full,signo_zodiacal_cancer,348,0.5,0.57,0.5976623376623377,0.52,0.5372922502334267,0.541,0.5942259319627741,5.2,3.8,6.2,4.8
rf_full,signo_zodiacal_cancer,349,0.5,0.53,0.5283333333333333,0.41999999999999993,0.45901420217209693,0.434,0.5259010809451986,4.2,3.6,6.4,5.8
rf_full,signo_zodiacal_cancer,350,0.5,0.43000000000000005,0.4382395382395382,0.48,0.4556390977443609,0.441,0.5424111372803322,4.8,6.2,3.8,5.2
rf_full,signo_zodiacal_cancer,351,0.5,0.53,0.519047619047619,0.48,0.49493698595865776,0.572,0.6505097767729346,4.8,4.2,5.8,5.2
rf_full,signo_zodiacal_cancer,352,0.5,0.5,0.5051298701298702,0.43999999999999995,0.46653594771241835,0.44299999999999995,0.5486617951192254,4.4,4.4,5.6,5.6
rf_full,signo_zodiacal_cancer,353,0.5,0.34,0.33712121212121215,0.38,0.3564213564213564,0.325,0.45249115186499084,3.8,7.0,3.0,6.2
rf_full,signo_zodiacal_cancer,354,0.5,0.43,0.40897435897435896,0.45999999999999996,0.4296003513394818,0.44000000000000006,0.5259623452742648,4.6,6.0,4.0,5.4
rf_full,signo_zodiacal_cancer,355,0.5,0.6300000000000001,0.63989898989899,0.58,0.6061821219715957,0.628,0.6428374839814468,5.8,3.2,6.8,4.2
rf_full,signo_zodiacal_cancer,356,0.5,0.5,0.45827894327894325,0.4600000000000001,0.4520126402963932,0.514,0.5402117312512049,4.6,4.6,5.4,5.4
rf_full,signo_zodiacal_cancer,357,0.5,0.5,0.4988455988455989,0.45999999999999996,0.47635264632168656,0.514,0.5751780714985049,4.6,4.6,5.4,5.4
rf_full,signo_zodiacal_cancer,358,0.5,0.5,0.5166666666666667,0.41999999999999993,0.43605999263893996,0.458,0.5016756793258341,4.2,4.2,5.8,5.8
rf_full,signo_zodiacal_cancer,359,0.5,0.6300000000000001,0.6745299145299145,0.6,0.6189889744123154,0.667,0.7117353632779329,6.0,3.4,6.6,4.0
rf_full,signo_zodiacal_cancer,360,0.5,0.49000000000000005,0.4898412698412698,0.36,0.408328173374613,0.48200000000000004,0.5495871144679194,3.6,3.8,6.2,6.4
rf_full,signo_zodiacal_cancer,361,0.5,0.6399999999999999,0.6521645021645022,0.6,0.6204334365325076,0.667,0.6892307327175747,6.0,3.2,6.8,4.0
rf_full,signo_zodiacal_cancer,362,0.5,0.45,0.46571428571428575,0.45999999999999996,0.4491176470588235,0.45200000000000007,0.5473316497743743,4.6,5.6,4.4,5.4
rf_full,signo_zodiacal_cancer,363,0.5,0.4600000000000001,0.45499999999999996,0.44000000000000006,0.44523125996810203,0.471,0.5567198738653847,4.4,5.2,4.8,5.6
rf_full,signo_zodiacal_cancer,364,0.5,0.45,0.445,0.48,0.45740031897926636,0.48699999999999993,0.5412767591885239,4.8,5.8,4.2,5.2
rf_full,signo_zodiacal_cancer,365,0.5,0.45999999999999996,0.44653679653679657,0.5399999999999999,0.4838553603259486,0.48600000000000004,0.5740064484019591,5.4,6.2,3.8,4.6
rf_full,signo_zodiacal_cancer,366,0.5,0.43000000000000005,0.41512265512265517,0.4000000000000001,0.4055550641309155,0.41600000000000004,0.5106335871730608,4.0,5.4,4.6,6.0
rf_full,signo_zodiacal_cancer,367,0.5,0.53,0.5405372405372406,0.54,0.5298769088108165,0.5519999999999999,0.6115181905298004,5.4,4.8,5.2,4.6
rf_full,signo_zodiacal_cancer,368,0.5,0.56,0.5652380952380952,0.5199999999999999,0.5355080213903743,0.5569999999999999,0.571268414591944,5.2,4.0,6.0,4.8
rf_full,signo_zodiacal_cancer,369,0.5,0.53,0.5382600732600732,0.56,0.5375765842568911,0.51,0.5728781018603,5.6,5.0,5.0,4.4
rf_full,signo_zodiacal_cancer,370,0.5,0.51,0.5003607503607503,0.45999999999999996,0.4713572031683487,0.48100000000000004,0.5677335915718269,4.6,4.4,5.6,5.4
rf_full,signo_zodiacal_cancer,371,0.5,0.52,0.52,0.45999999999999996,0.48388888888888887,0.43999999999999995,0.5098281292151261,4.6,4.2,5.8,5.4
rf_full,signo_zodiacal_cancer,372,0.5,0.5900000000000001,0.623962148962149,0.5,0.5365211836069287,0.593,0.6136158085980068,5.0,3.2,6.8,5.0
rf_full,signo_zodiacal_cancer,373,0.5,0.51,0.5225024975024974,0.44000000000000006,0.46195753663784356,0.506,0.5576288537743646,4.4,4.2,5.8,5.6
rf_full,signo_zodiacal_cancer,374,0.5,0.42000000000000004,0.4249639249639249,0.5199999999999999,0.4658112672986815,0.421,0.5704624605700458,5.2,6.8,3.2,4.8
rf_full,signo_zodiacal_cancer,375,0.5,0.54,0.5476190476190477,0.4999999999999999,0.5204334365325077,0.516,0.5749176456498437,5.0,4.2,5.8,5.0
rf_full,signo_zodiacal_cancer,376,0.5,0.6,0.624098124098124,0.5599999999999999,0.582981517966038,0.6529999999999999,0.6944533428387917,5.6,3.6,6.4,4.4
rf_full,signo_zodiacal_cancer,377,0.5,0.38,0.3683333333333333,0.36,0.36207336523125994,0.356,0.4459474675651146,3.6,6.0,4.0,6.4
rf_full,signo_zodiacal_cancer,378,0.5,0.37,0.3716971916971917,0.33999999999999997,0.35114760473220563,0.41500000000000004,0.4803912553734536,3.4,6.0,4.0,6.6
rf_full,signo_zodiacal_cancer,379,0.5,0.44000000000000006,0.4496031746031746,0.4,0.4108771929824561,0.45999999999999996,0.5299447201405406,4.0,5.2,4.8,6.0
rf_full,signo_zodiacal_cancer,380,0.5,0.51,0.525,0.42000000000000004,0.45999999999999996,0.49800000000000005,0.5927800635037477,4.2,4.0,6.0,5.8
rf_full,signo_zodiacal_cancer,381,0.5,0.42000000000000004,0.43939393939393934,0.4800000000000001,0.45705172020961493,0.369,0.47529431696614355,4.8,6.4,3.6,5.2
rf_full,signo_zodiacal_cancer,382,0.5,0.51,0.49393939393939396,0.4,0.43611111111111106,0.536,0.5508299833121815,4.0,3.8,6.2,6.0
rf_full,signo_zodiacal_cancer,383,0.5,0.44000000000000006,0.3801948051948052,0.28,0.3131652661064426,0.37300000000000005,0.4564133742074919,2.8,4.0,6.0,7.2
rf_full,signo_zodiacal_cancer,384,0.5,0.41,0.4028321678321678,0.38,0.3821946169772256,0.425,0.536761765152632,3.8,5.6,4.4,6.2
rf_full,signo_zodiacal_cancer,385,0.5,0.5199999999999999,0.5211111111111111,0.5800000000000001,0.5441722488038276,0.524,0.615207023798355,5.8,5.4,4.6,4.2
rf_full,signo_zodiacal_cancer,386,0.5,0.5900000000000001,0.6385281385281385,0.54,0.5707282913165267,0.5960000000000001,0.6211236530926934,5.4,3.6,6.4,4.6
rf_full,signo_zodiacal_cancer,387,0.5,0.6,0.5924131424131425,0.6200000000000001,0.5991173003422297,0.6809999999999999,0.699582997669685,6.2,4.2,5.8,3.8
rf_full,signo_zodiacal_cancer,388,0.5,0.5800000000000001,0.5983766233766235,0.5599999999999999,0.5730498259910024,0.5730000000000001,0.6574097079391198,5.6,4.0,6.0,4.4
rf_full,signo_zodiacal_cancer,389,0.5,0.41,0.3702020202020202,0.36,0.34827131932395095,0.40499999999999997,0.49078088474992504,3.6,5.4,4.6,6.4
rf_full,signo_zodiacal_cancer,390,0.5,0.45999999999999996,0.4457142857142856,0.41999999999999993,0.42357069143446846,0.487,0.5428113275613276,4.2,5.0,5.0,5.8
rf_full,signo_zodiacal_cancer,391,0.5,0.48,0.4878787878787879,0.5,0.49298245614035086,0.47800000000000004,0.5888537235038783,5.0,5.4,4.6,5.0
rf_full,signo_zodiacal_cancer,392,0.5,0.49000000000000005,0.5040537240537241,0.48,0.4862054112262754,0.504,0.5577440700854013,4.8,5.0,5.0,5.2
rf_full,signo_zodiacal_cancer,393,0.5,0.5399999999999999,0.5516666666666666,0.52,0.5327272727272728,0.526,0.5503590302885969,5.2,4.4,5.6,4.8
rf_full,signo_zodiacal_cancer,394,0.5,0.54,0.5416666666666666,0.5,0.517278043593833,0.569,0.5955927832057862,5.0,4.2,5.8,5.0
rf_full,signo_zodiacal_cancer,395,0.5,0.49000000000000005,0.4764718614718614,0.5,0.47954061624649863,0.487,0.5366681482432256,5.0,5.2,4.8,5.0
rf_full,signo_zodiacal_cancer,396,0.5,0.47000000000000003,0.46439393939393947,0.45999999999999996,0.459018759018759,0.45099999999999996,0.516246364144971,4.6,5.2,4.8,5.4
rf_full,signo_zodiacal_cancer,397,0.5,0.4800000000000001,0.475,0.45999999999999996,0.46507936507936504,0.49799999999999994,0.5654542483660131,4.6,5.0,5.0,5.4
rf_full,signo_zodiacal_cancer,398,0.5,0.53,0.5125457875457876,0.48,0.47367914835945524,0.593,0.6494532781460026,4.8,4.2,5.8,5.2
rf_full,signo_zodiacal_cancer,399,0.5,0.41000000000000003,0.4206099456099456,0.44000000000000006,0.42632008215532247,0.45199999999999996,0.5292065511887494,4.4,6.2,3.8,5.6
rf_full,signo_zodiacal_cancer,400,0.5,0.35,0.29007936507936505,0.19999999999999998,0.233937785640572,0.366,0.4688206782897185,2.0,5.0,5.0,8.0
rf_full,signo_zodiacal_cancer,401,0.5,0.49000000000000005,0.4997979797979798,0.44000000000000006,0.4594486215538847,0.5129999999999999,0.5412369568855636,4.4,4.6,5.4,5.6
rf_full,signo_zodiacal_cancer,402,0.5,0.51,0.5123076923076924,0.5,0.49814461753080674,0.5199999999999999,0.6175490522549346,5.0,4.8,5.2,5.0
rf_full,signo_zodiacal_cancer,403,0.5,0.55,0.5627045177045177,0.52,0.534839742151628,0.607,0.637648763603098,5.2,4.2,5.8,4.8
rf_full,signo_zodiacal_cancer,404,0.5,0.48999999999999994,0.496984126984127,0.5199999999999999,0.503705475810739,0.502,0.5822621545121545,5.2,5.4,4.6,4.8
rf_full,signo_zodiacal_cancer,405,0.5,0.43,0.4207142857142857,0.38,0.39725490196078433,0.461,0.5558251017987861,3.8,5.2,4.8,6.2
rf_full,signo_zodiacal_cancer,406,0.5,0.47000000000000003,0.4719347319347319,0.5399999999999999,0.4978661145617667,0.5389999999999999,0.5969725366652611,5.4,6.0,4.0,4.6
rf_full,signo_zodiacal_cancer,407,0.5,0.5800000000000001,0.5761050061050061,0.64,0.5948694428468287,0.5719999999999998,0.5866963646948167,6.4,4.8,5.2,3.6
rf_full,signo_zodiacal_cancer,408,0.5,0.47000000000000003,0.45,0.5,0.4682727272727273,0.47400000000000003,0.5733826102518053,5.0,5.6,4.4,5.0
rf_full,signo_zodiacal_cancer,409,0.5,0.49000000000000005,0.49428571428571433,0.45999999999999996,0.4726822403602589,0.4600000000000001,0.5188754651780967,4.6,4.8,5.2,5.4
rf_full,signo_zodiacal_cancer,410,0.5,0.51,0.49393939393939396,0.5,0.4924242424242424,0.531,0.5738300686241862,5.0,4.8,5.2,5.0
rf_full,signo_zodiacal_cancer,411,0.5,0.53,0.5545454545454545,0.45999999999999996,0.5015873015873016,0.573,0.5964718314880855,4.6,4.0,6.0,5.4
rf_full,signo_zodiacal_cancer,412,0.5,0.41,0.37142857142857144,0.29999999999999993,0.3205882352941177,0.387,0.4783347692039642,3.0,4.8,5.2,7.0
rf_full,signo_zodiacal_cancer,413,0.5,0.45999999999999996,0.4361172161172161,0.42000000000000004,0.4214066496163683,0.466,0.5546105540486346,4.2,5.0,5.0,5.8
rf_full,signo_zodiacal_cancer,414,0.5,0.53,0.5368686868686868,0.6,0.5598506756401493,0.542,0.5910118924762887,6.0,5.4,4.6,4.0
rf_full,signo_zodiacal_cancer,415,0.5,0.5900000000000001,0.5747052947052946,0.5599999999999999,0.5549043965412251,0.5960000000000001,0.6207345491625678,5.6,3.8,6.2,4.4
rf_full,signo_zodiacal_cancer,416,0.5,0.45,0.44238095238095243,0.5,0.45586096256684494,0.43100000000000005,0.5117090017825312,5.0,6.0,4.0,5.0
rf_full,signo_zodiacal_cancer,417,0.5,0.52,0.5020562770562771,0.5800000000000001,0.5344155844155843,0.5680000000000001,0.644258554568926,5.8,5.4,4.6,4.2
rf_full,signo_zodiacal_cancer,418,0.5,0.52,0.5056526806526807,0.54,0.5171968128489868,0.5820000000000001,0.6224116063674888,5.4,5.0,5.0,4.6
rf_full,signo_zodiacal_cancer,419,0.5,0.44000000000000006,0.42666666666666664,0.32,0.35392712550607286,0.4049999999999999,0.5165261448218105,3.2,4.4,5.6,6.8
rf_full,signo_zodiacal_cancer,420,0.5,0.4600000000000001,0.4508658008658009,0.45999999999999996,0.45149504777987753,0.422,0.5422204570455345,4.6,5.4,4.6,5.4
rf_full,signo_zodiacal_cancer,421,0.5,0.51,0.5121367521367521,0.5599999999999999,0.5278911772184083,0.481,0.5580111354933336,5.6,5.4,4.6,4.4
rf_full,signo_zodiacal_cancer,422,0.5,0.47000000000000003,0.45054945054945056,0.41999999999999993,0.42885987346883836,0.44499999999999995,0.5232385156123546,4.2,4.8,5.2,5.8
rf_full,signo_zodiacal_cancer,423,0.5,0.51,0.505,0.45999999999999996,0.473968253968254,0.43600000000000005,0.49620301937484596,4.6,4.4,5.6,5.4
rf_full,signo_zodiacal_cancer,424,0.5,0.42000000000000004,0.4212698412698413,0.4,0.4028455452356381,0.465,0.5101459204709979,4.0,5.6,4.4,6.0
rf_full,signo_zodiacal_cancer,425,0.5,0.48,0.4822222222222222,0.42000000000000004,0.4483040935672514,0.43200000000000005,0.5218736006855201,4.2,4.6,5.4,5.8
rf_full,signo_zodiacal_cancer,426,0.5,0.48,0.47864357864357865,0.42000000000000004,0.441327583665045,0.503,0.5979031893459138,4.2,4.6,5.4,5.8
rf_full,signo_zodiacal_cancer,427,0.5,0.52,0.5444444444444445,0.45999999999999996,0.4934210526315789,0.5349999999999999,0.5888332115081341,4.6,4.2,5.8,5.4
rf_full,signo_zodiacal_cancer,428,0.5,0.49000000000000005,0.47734487734487735,0.4800000000000001,0.4761315052336724,0.45,0.5314124953993374,4.8,5.0,5.0,5.2
rf_full,signo_zodiacal_cancer,429,0.5,0.4,0.4088494838494839,0.47999999999999987,0.43803877282138143,0.34900000000000003,0.454478060553138,4.8,6.8,3.2,5.2
rf_full,signo_zodiacal_cancer,430,0.5,0.45999999999999996,0.4636363636363637,0.45999999999999996,0.45551948051948055,0.43499999999999994,0.5274797959178763,4.6,5.4,4.6,5.4
rf_full,signo_zodiacal_cancer,431,0.5,0.55,0.5922727272727273,0.54,0.547111111111111,0.571,0.6306978581274247,5.4,4.4,5.6,4.6
rf_full,signo_zodiacal_cancer,432,0.5,0.5599999999999999,0.5626262626262626,0.5599999999999999,0.5601503759398496,0.592,0.6434854754808315,5.6,4.4,5.6,4.4
rf_full,signo_zodiacal_cancer,433,0.5,0.49000000000000005,0.492020202020202,0.54,0.5082992329308118,0.5000000000000001,0.5876470668134754,5.4,5.6,4.4,4.6
rf_full,signo_zodiacal_cancer,434,0.5,0.41999999999999993,0.4229797979797979,0.44000000000000006,0.42879927090453407,0.33999999999999997,0.4415045814178941,4.4,6.0,4.0,5.6
rf_full,signo_zodiacal_cancer,435,0.5,0.48,0.46290043290043287,0.47999999999999987,0.46861726508785334,0.417,0.5094144293099401,4.8,5.2,4.8,5.2
rf_full,signo_zodiacal_cancer,436,0.5,0.48,0.49307359307359305,0.52,0.49480519480519475,0.48599999999999993,0.5796751098059147,5.2,5.6,4.4,4.8
rf_full,signo_zodiacal_cancer,437,0.5,0.48,0.4424242424242424,0.42000000000000004,0.424446142093201,0.471,0.5083848265597493,4.2,4.6,5.4,5.8
rf_full,signo_zodiacal_cancer,438,0.5,0.45,0.4251948051948052,0.38,0.3982446311858076,0.525,0.5596751365249817,3.8,4.8,5.2,6.2
rf_full,signo_zodiacal_cancer,439,0.5,0.41000000000000003,0.4168506493506493,0.45999999999999996,0.42970911441499676,0.37700000000000006,0.49975934565950036,4.6,6.4,3.6,5.4
rf_full,signo_zodiacal_cancer,440,0.5,0.49000000000000005,0.45266233766233765,0.44000000000000006,0.4350700280112044,0.508,0.5799416035460927,4.4,4.6,5.4,5.6
rf_full,signo_zodiacal_cancer,441,0.5,0.56,0.5472727272727272,0.5599999999999999,0.5420392156862744,0.523,0.58189625244037,5.6,4.4,5.6,4.4
rf_full,signo_zodiacal_cancer,442,0.5,0.51,0.5002525252525253,0.45999999999999996,0.4734962406015038,0.507,0.5953528611910964,4.6,4.4,5.6,5.4
rf_full,signo_zodiacal_cancer,443,0.5,0.4699999999999999,0.47111111111111115,0.45999999999999996,0.45970760233918123,0.492,0.5828990814826728,4.6,5.2,4.8,5.4
rf_full,signo_zodiacal_cancer,444,0.5,0.45,0.4541330891330892,0.42000000000000004,0.4313103303869221,0.4,0.5160309247855687,4.2,5.2,4.8,5.8
rf_full,signo_zodiacal_cancer,445,0.5,0.52,0.5332167832167832,0.52,0.521808143547274,0.512,0.6026404433200099,5.2,4.8,5.2,4.8
rf_full,signo_zodiacal_cancer,446,0.5,0.4,0.3918181818181818,0.4,0.39492063492063495,0.38899999999999996,0.47344803193023016,4.0,6.0,4.0,6.0
rf_full,signo_zodiacal_cancer,447,0.5,0.47000000000000003,0.47757575757575754,0.4,0.42248689906584647,0.43000000000000005,0.5061407020052531,4.0,4.6,5.4,6.0
rf_full,signo_zodiacal_cancer,448,0.5,0.5299999999999999,0.5565811965811965,0.44000000000000006,0.4765052123061276,0.543,0.5910136427899586,4.4,3.8,6.2,5.6
rf_full,signo_zodiacal_cancer,449,0.5,0.51,0.5277777777777779,0.45999999999999996,0.4856459330143541,0.484,0.5335071419808262,4.6,4.4,5.6,5.4
rf_full,signo_zodiacal_cancer,450,0.5,0.6,0.6133838383838384,0.5599999999999999,0.5830409356725146,0.651,0.7179619351236998,5.6,3.6,6.4,4.4
rf_full,signo_zodiacal_cancer,451,0.5,0.47000000000000003,0.4806410256410256,0.5,0.4863680281071585,0.475,0.5426660114910888,5.0,5.6,4.4,5.0
rf_full,signo_zodiacal_cancer,452,0.5,0.52,0.5288888888888889,0.52,0.5232080200501252,0.49000000000000005,0.5964964510893302,5.2,4.8,5.2,4.8
rf_full,signo_zodiacal_cancer,453,0.5,0.51,0.5055555555555555,0.4999999999999999,0.48529277739804055,0.48600000000000004,0.5120474182680066,5.0,4.8,5.2,5.0
rf_full,signo_zodiacal_cancer,454,0.5,0.5599999999999999,0.5619780219780219,0.6,0.5740385956754244,0.508,0.5972958728577924,6.0,4.8,5.2,4.0
rf_full,signo_zodiacal_cancer,455,0.5,0.53,0.5174242424242425,0.5599999999999999,0.5354978354978355,0.51,0.5785587102955523,5.6,5.0,5.0,4.4
rf_full,signo_zodiacal_cancer,456,0.5,0.4,0.4025641025641026,0.44000000000000006,0.4140316205533597,0.347,0.4840709801034878,4.4,6.4,3.6,5.6
rf_full,signo_zodiacal_cancer,457,0.5,0.53,0.5651948051948052,0.5199999999999999,0.5263557422969188,0.5,0.5652416276533924,5.2,4.6,5.4,4.8
rf_full,signo_zodiacal_cancer,458,0.5,0.53,0.5265512265512265,0.5199999999999999,0.5148361098825495,0.5700000000000001,0.6645413187603589,5.2,4.6,5.4,4.8
rf_full,signo_zodiacal_cancer,459,0.5,0.39,0.40013986013986014,0.45999999999999996,0.4265424430641822,0.382,0.47919738740791373,4.6,6.8,3.2,5.4
rf_full,signo_zodiacal_cancer,460,0.5,0.5700000000000001,0.5974708624708626,0.56,0.56037141602359,0.615,0.6541075683002928,5.6,4.2,5.8,4.4
rf_full,signo_zodiacal_cancer,461,0.5,0.52,0.5,0.45999999999999996,0.46333333333333326,0.515,0.5951966659071922,4.6,4.2,5.8,5.4
rf_full,signo_zodiacal_cancer,462,0.5,0.48,0.4614718614718615,0.42000000000000004,0.434873949579832,0.40800000000000003,0.49011088911088907,4.2,4.6,5.4,5.8
rf_full,signo_zodiacal_cancer,463,0.5,0.4700000000000001,0.47437839937839943,0.58,0.513871635610766,0.43200000000000005,0.5062065348652036,5.8,6.4,3.6,4.2
rf_full,signo_zodiacal_cancer,464,0.5,0.43,0.4025252525252525,0.33999999999999997,0.3592105263157895,0.45599999999999996,0.5491598242658614,3.4,4.8,5.2,6.6
rf_full,signo_zodiacal_cancer,465,0.5,0.5599999999999999,0.5644444444444444,0.5800000000000001,0.5658947368421052,0.541,0.5973673070995053,5.8,4.6,5.4,4.2
rf_full,signo_zodiacal_cancer,466,0.5,0.5700000000000001,0.5674603174603174,0.5399999999999999,0.5451730931607093,0.611,0.6558773340522567,5.4,4.0,6.0,4.6
rf_full,signo_zodiacal_cancer,467,0.5,0.6,0.596068376068376,0.58,0.5735302683586436,0.603,0.6570132079822482,5.8,3.8,6.2,4.2
rf_full,signo_zodiacal_cancer,468,0.5,0.39,0.3877344877344877,0.36,0.37108948842694967,0.33199999999999996,0.4853430489359282,3.6,5.8,4.2,6.4
rf_full,signo_zodiacal_cancer,469,0.5,0.45,0.43277777777777776,0.36,0.3884210526315789,0.43899999999999995,0.5400979853479854,3.6,4.6,5.4,6.4
rf_full,signo_zodiacal_cancer,470,0.5,0.38,0.39,0.44000000000000006,0.4127272727272727,0.362,0.5095564280920317,4.4,6.8,3.2,5.6
rf_full,signo_zodiacal_cancer,471,0.5,0.41,0.411013986013986,0.44000000000000006,0.42197588833744437,0.38100000000000006,0.4596724380710449,4.4,6.2,3.8,5.6
rf_full,signo_zodiacal_cancer,472,0.5,0.5199999999999999,0.5242313242313242,0.64,0.5720126402963931,0.53,0.5985024146819813,6.4,6.0,4.0,3.6
rf_full,signo_zodiacal_cancer,473,0.5,0.54,0.5533333333333333,0.5800000000000001,0.5533333333333335,0.5359999999999999,0.6031590539663295,5.8,5.0,5.0,4.2
rf_full,signo_zodiacal_cancer,474,0.5,0.5299999999999999,0.5372222222222222,0.44000000000000006,0.47976608187134495,0.531,0.5818521914961543,4.4,3.8,6.2,5.6
rf_full,signo_zodiacal_cancer,475,0.5,0.52,0.5121678321678321,0.5800000000000001,0.5425070581592321,0.507,0.5150000179559002,5.8,5.4,4.6,4.2
rf_full,signo_zodiacal_cancer,476,0.5,0.54,0.5376190476190477,0.52,0.5132792632204397,0.5840000000000001,0.62850714258222,5.2,4.4,5.6,4.8
rf_full,signo_zodiacal_cancer,477,0.5,0.5,0.5057142857142857,0.45999999999999996,0.4687700534759358,0.47000000000000003,0.5532100015567508,4.6,4.6,5.4,5.4
rf_full,signo_zodiacal_cancer,478,0.5,0.49000000000000005,0.4813986013986014,0.52,0.48393268567181613,0.475,0.5574958385267982,5.2,5.4,4.6,4.8
rf_full,signo_zodiacal_cancer,479,0.5,0.49000000000000005,0.5547979797979797,0.42000000000000004,0.4475138896191527,0.441,0.5603816481935676,4.2,4.4,5.6,5.8
rf_full,signo_zodiacal_cancer,480,0.5,0.5,0.515988455988456,0.45999999999999996,0.4834114698510983,0.43999999999999995,0.5244030532590904,4.6,4.6,5.4,5.4
rf_full,signo_zodiacal_cancer,481,0.5,0.42000000000000004,0.4138888888888889,0.42000000000000004,0.4140350877192982,0.449,0.5322476775890088,4.2,5.8,4.2,5.8
rf_full,signo_zodiacal_cancer,482,0.5,0.5,0.5076190476190476,0.5399999999999999,0.515641456582633,0.48100000000000004,0.5518902102369594,5.4,5.4,4.6,4.6
rf_full,signo_zodiacal_cancer,483,0.5,0.49000000000000005,0.4722222222222223,0.5,0.4832535885167464,0.4619999999999999,0.5365761558702735,5.0,5.2,4.8,5.0
rf_full,signo_zodiacal_cancer,484,0.5,0.4699999999999999,0.49111111111111116,0.4,0.4319298245614035,0.433,0.5152990451241225,4.0,4.6,5.4,6.0
rf_full,signo_zodiacal_cancer,485,0.5,0.53,0.5309090909090909,0.4600000000000001,0.48883286647992535,0.531,0.5409765512265513,4.6,4.0,6.0,5.4
rf_full,signo_zodiacal_cancer,486,0.5,0.5,0.49662337662337663,0.42000000000000004,0.44971521942110176,0.496,0.5256594245108177,4.2,4.2,5.8,5.8
rf_full,signo_zodiacal_cancer,487,0.5,0.5700000000000001,0.6178571428571429,0.48,0.5235633647398353,0.535,0.6386333034011052,4.8,3.4,6.6,5.2
rf_full,signo_zodiacal_cancer,488,0.5,0.5700000000000001,0.578974358974359,0.5599999999999999,0.5599538866930172,0.64,0.7114990487668507,5.6,4.2,5.8,4.4
rf_full,signo_zodiacal_cancer,489,0.5,0.5599999999999999,0.5872727272727273,0.5599999999999999,0.5581818181818181,0.6,0.6743439707866953,5.6,4.4,5.6,4.4
rf_full,signo_zodiacal_cancer,490,0.5,0.4699999999999999,0.46815684315684314,0.45999999999999996,0.45941217066536755,0.4779999999999999,0.5617544112234515,4.6,5.2,4.8,5.4
rf_full,signo_zodiacal_cancer,491,0.5,0.42000000000000004,0.42646464646464644,0.45999999999999996,0.44126680337206653,0.45899999999999996,0.5309009787082541,4.6,6.2,3.8,5.4
rf_full,signo_zodiacal_cancer,492,0.5,0.44000000000000006,0.43919191919191913,0.44000000000000006,0.4387969924812031,0.409,0.4928420009642919,4.4,5.6,4.4,5.6
rf_full,signo_zodiacal_cancer,493,0.5,0.44000000000000006,0.425,0.34,0.3722816399286988,0.377,0.4680479078025518,3.4,4.6,5.4,6.6
rf_full,signo_zodiacal_cancer,494,0.5,0.5200000000000001,0.5261965811965812,0.54,0.5287603726047663,0.563,0.6238814585826968,5.4,5.0,5.0,4.6
rf_full,signo_zodiacal_cancer,495,0.5,0.54,0.5267099567099567,0.6000000000000001,0.558049669628617,0.569,0.6277254483562533,6.0,5.2,4.8,4.0
rf_full,signo_zodiacal_cancer,496,0.5,0.49000000000000005,0.4909090909090909,0.56,0.5151596638655462,0.5369999999999999,0.6154325500780609,5.6,5.8,4.2,4.4
rf_full,signo_zodiacal_cancer,497,0.5,0.43000000000000005,0.43888888888888894,0.38000000000000006,0.38921663132189444,0.437,0.5215243496613466,3.8,5.2,4.8,6.2
rf_full,signo_zodiacal_cancer,498,0.5,0.45999999999999996,0.45272727272727276,0.4600000000000001,0.44813852813852806,0.4130000000000001,0.5265632660253403,4.6,5.4,4.6,5.4
rf_full,signo_zodiacal_cancer,499,0.5,0.6799999999999999,0.6857692307692307,0.72,0.6964251207729468,0.6940000000000001,0.7248018170340151,7.2,3.6,6.4,2.8
rf_full,signo_zodiacal_cancer,500,0.5,0.51,0.5087362637362637,0.45999999999999996,0.476635407786303,0.475,0.5457670852539274,4.6,4.4,5.6,5.4
rf_full,signo_zodiacal_escorpio,1,0.5,0.45999999999999996,0.4209090909090909,0.36,0.3771428571428571,0.5,0.5526343235368003,3.6,4.4,5.6,6.4
rf_full,signo_zodiacal_escorpio,2,0.5,0.5,0.5141691641691641,0.48,0.4901947964540507,0.45199999999999996,0.5396938710584221,4.8,4.8,5.2,5.2
rf_full,signo_zodiacal_escorpio,3,0.5,0.4,0.3638383838383838,0.4,0.37296240601503755,0.398,0.4945478950873688,4.0,6.0,4.0,6.0
rf_full,signo_zodiacal_escorpio,4,0.5,0.5999999999999999,0.6282251082251082,0.54,0.5724509803921569,0.6409999999999999,0.6536358353548757,5.4,3.4,6.6,4.6
rf_full,signo_zodiacal_escorpio,5,0.5,0.45,0.44102564102564096,0.44000000000000006,0.43394008737258166,0.434,0.5119727346097316,4.4,5.4,4.6,5.6
rf_full,signo_zodiacal_escorpio,6,0.5,0.55,0.5501587301587301,0.48,0.5110560715514276,0.545,0.6016305303743384,4.8,3.8,6.2,5.2
rf_full,signo_zodiacal_escorpio,7,0.5,0.5199999999999999,0.5183838383838383,0.52,0.5185964912280701,0.47800000000000004,0.5631791089027931,5.2,4.8,5.2,4.8
rf_full,signo_zodiacal_escorpio,8,0.5,0.51,0.5221367521367521,0.52,0.5070022883295194,0.517,0.5840181670754425,5.2,5.0,5.0,4.8
rf_full,signo_zodiacal_escorpio,9,0.5,0.47000000000000003,0.46691086691086686,0.5,0.4758132543635304,0.518,0.6144388218420725,5.0,5.6,4.4,5.0
rf_full,signo_zodiacal_escorpio,10,0.5,0.43,0.4023376623376623,0.42000000000000004,0.4015839062897887,0.42699999999999994,0.50450479972384,4.2,5.6,4.4,5.8
rf_full,signo_zodiacal_escorpio,11,0.5,0.44000000000000006,0.438974358974359,0.38,0.39750572082379865,0.41500000000000004,0.4999684753670822,3.8,5.0,5.0,6.2
rf_full,signo_zodiacal_escorpio,12,0.5,0.5200000000000001,0.517918192918193,0.48,0.4917276140051749,0.45099999999999996,0.5140943146121165,4.8,4.4,5.6,5.2
rf_full,signo_zodiacal_escorpio,13,0.5,0.44000000000000006,0.4353535353535354,0.45999999999999996,0.4434837092731829,0.472,0.540736680416247,4.6,5.8,4.2,5.4
rf_full,signo_zodiacal_escorpio,14,0.5,0.5,0.5087301587301587,0.45999999999999996,0.47917878475154013,0.43899999999999995,0.5528242703289143,4.6,4.6,5.4,5.4
rf_full,signo_zodiacal_escorpio,15,0.5,0.49000000000000005,0.49444444444444446,0.4,0.43109288372446264,0.45500000000000007,0.5478090069545177,4.0,4.2,5.8,6.0
rf_full,signo_zodiacal_escorpio,16,0.5,0.42000000000000004,0.41717171717171714,0.44000000000000006,0.42443609022556394,0.41900000000000004,0.5306420709493465,4.4,6.0,4.0,5.6
rf_full,signo_zodiacal_escorpio,17,0.5,0.53,0.5373737373737373,0.52,0.5273182957393484,0.521,0.5750638060769638,5.2,4.6,5.4,4.8
rf_full,signo_zodiacal_escorpio,18,0.5,0.48,0.4764646464646464,0.5,0.48672134882661194,0.542,0.6328174978616156,5.0,5.4,4.6,5.0
rf_full,signo_zodiacal_escorpio,19,0.5,0.5800000000000001,0.5866666666666667,0.54,0.5583838383838383,0.5650000000000001,0.5657539476347526,5.4,3.8,6.2,4.6
rf_full,signo_zodiacal_escorpio,20,0.5,0.49000000000000005,0.4833333333333333,0.52,0.4995215311004785,0.47800000000000004,0.5385682460814041,5.2,5.4,4.6,4.8
rf_full,signo_zodiacal_escorpio,21,0.5,0.39,0.3790476190476191,0.36,0.365941770647653,0.34800000000000003,0.45774855906047857,3.6,5.8,4.2,6.4
rf_full,signo_zodiacal_escorpio,22,0.5,0.43999999999999995,0.42833333333333334,0.5,0.4556427432216906,0.43800000000000006,0.5175214188975799,5.0,6.2,3.8,5.0
rf_full,signo_zodiacal_escorpio,23,0.5,0.56,0.5616666666666666,0.58,0.5674747474747475,0.599,0.606765324716563,5.8,4.6,5.4,4.2
rf_full,signo_zodiacal_escorpio,24,0.5,0.5900000000000001,0.583939393939394,0.64,0.6096969696969696,0.58,0.588662910618793,6.4,4.6,5.4,3.6
rf_full,signo_zodiacal_escorpio,25,0.5,0.44000000000000006,0.44113386613386607,0.4999999999999999,0.4645962732919255,0.44099999999999995,0.5109983915293512,5.0,6.2,3.8,5.0
rf_full,signo_zodiacal_escorpio,26,0.5,0.51,0.4988095238095238,0.5,0.4945335710041593,0.5519999999999999,0.5927576732692832,5.0,4.8,5.2,5.0
rf_full,signo_zodiacal_escorpio,27,0.5,0.4,0.3682539682539683,0.44000000000000006,0.3976874003189793,0.356,0.47565080550684263,4.4,6.4,3.6,5.6
rf_full,signo_zodiacal_escorpio,28,0.5,0.4800000000000001,0.46898601398601397,0.5,0.4810351966873706,0.48,0.5646907096171802,5.0,5.4,4.6,5.0
rf_full,signo_zodiacal_escorpio,29,0.5,0.44000000000000006,0.4334415584415584,0.38,0.3975362872421696,0.4779999999999999,0.520239500695383,3.8,5.0,5.0,6.2
rf_full,signo_zodiacal_escorpio,30,0.5,0.5399999999999999,0.5365523365523365,0.5,0.5073944451922645,0.567,0.6268010502569326,5.0,4.2,5.8,5.0
rf_full,signo_zodiacal_escorpio,31,0.5,0.47000000000000003,0.4660606060606061,0.5599999999999999,0.5074025974025974,0.46499999999999997,0.546432002208318,5.6,6.2,3.8,4.4
rf_full,signo_zodiacal_escorpio,32,0.5,0.51,0.5226190476190476,0.48,0.49613784907902553,0.4790000000000001,0.5946219995175104,4.8,4.6,5.4,5.2
rf_full,signo_zodiacal_escorpio,33,0.5,0.54,0.55,0.52,0.5272727272727272,0.476,0.5228870024883957,5.2,4.4,5.6,4.8
rf_full,signo_zodiacal_escorpio,34,0.5,0.48999999999999994,0.47575757575757577,0.5,0.48600288600288605,0.43200000000000005,0.5529248745750294,5.0,5.2,4.8,5.0
rf_full,signo_zodiacal_escorpio,35,0.5,0.41,0.40897435897435896,0.4600000000000001,0.43061045234958273,0.372,0.4813172485409328,4.6,6.4,3.6,5.4
rf_full,signo_zodiacal_escorpio,36,0.5,0.5999999999999999,0.6412409812409813,0.5599999999999999,0.5795768833849329,0.643,0.6378718666953961,5.6,3.6,6.4,4.4
rf_full,signo_zodiacal_escorpio,37,0.5,0.47000000000000003,0.4709090909090909,0.48,0.47365079365079354,0.46900000000000003,0.5256227940446206,4.8,5.4,4.6,5.2
rf_full,signo_zodiacal_escorpio,38,0.5,0.55,0.5722344322344323,0.54,0.5428132992327366,0.58,0.6573634415120482,5.4,4.4,5.6,4.6
rf_full,signo_zodiacal_escorpio,39,0.5,0.48,0.4642135642135642,0.44000000000000006,0.4487296673055187,0.41999999999999993,0.5111334966203387,4.4,4.8,5.2,5.6
rf_full,signo_zodiacal_escorpio,40,0.5,0.6300000000000001,0.6672222222222223,0.5599999999999999,0.5914665451507557,0.662,0.6728107627666451,5.6,3.0,7.0,4.4
rf_full,signo_zodiacal_escorpio,41,0.5,0.56,0.5783056812468578,0.6,0.5517233000070528,0.596,0.6116334857952505,6.0,4.8,5.2,4.0
rf_full,signo_zodiacal_escorpio,42,0.5,0.43,0.4212698412698413,0.32000000000000006,0.3558593676705132,0.4149999999999999,0.5375223875711491,3.2,4.6,5.4,6.8
rf_full,signo_zodiacal_escorpio,43,0.5,0.5799999999999998,0.5953968253968254,0.5599999999999999,0.5610207336523125,0.6299999999999999,0.6811172869098565,5.6,4.0,6.0,4.4
rf_full,signo_zodiacal_escorpio,44,0.5,0.45999999999999996,0.45186147186147185,0.42000000000000004,0.4225136370337609,0.429,0.5247031775414128,4.2,5.0,5.0,5.8
rf_full,signo_zodiacal_escorpio,45,0.5,0.51,0.5462759462759463,0.52,0.5230096767921509,0.5090000000000001,0.6064936479069606,5.2,5.0,5.0,4.8
rf_full,signo_zodiacal_escorpio,46,0.5,0.45999999999999996,0.47693972693972697,0.4600000000000001,0.45968268730417067,0.44799999999999995,0.5137830611081384,4.6,5.4,4.6,5.4
rf_full,signo_zodiacal_escorpio,47,0.5,0.5,0.5003968253968254,0.45999999999999996,0.4751383807111361,0.519,0.6031241901373481,4.6,4.6,5.4,5.4
rf_full,signo_zodiacal_escorpio,48,0.5,0.47000000000000003,0.4666666666666667,0.48,0.4702286018075491,0.49099999999999994,0.5939581339712918,4.8,5.4,4.6,5.2
rf_full,signo_zodiacal_escorpio,49,0.5,0.52,0.5337662337662338,0.54,0.5314998726763432,0.4739999999999999,0.5339146511383354,5.4,5.0,5.0,4.6
rf_full,signo_zodiacal_escorpio,50,0.5,0.5599999999999999,0.5483333333333333,0.5,0.5172727272727273,0.568,0.6292346607640724,5.0,3.8,6.2,5.0
rf_full,signo_zodiacal_escorpio,51,0.5,0.5800000000000001,0.5886868686868686,0.5599999999999999,0.5731328320802005,0.65,0.6714285595725225,5.6,4.0,6.0,4.4
rf_full,signo_zodiacal_escorpio,52,0.5,0.44000000000000006,0.455982905982906,0.5,0.4748283752860411,0.449,0.5389199601568022,5.0,6.2,3.8,5.0
rf_full,signo_zodiacal_escorpio,53,0.5,0.42000000000000004,0.3784090909090909,0.54,0.442930402930403,0.383,0.5004703823867912,5.4,7.0,3.0,4.6
rf_full,signo_zodiacal_escorpio,54,0.5,0.58,0.5987012987012987,0.5199999999999999,0.5483065953654189,0.6210000000000001,0.6458587035599419,5.2,3.6,6.4,4.8
rf_full,signo_zodiacal_escorpio,55,0.5,0.64,0.6886446886446886,0.6,0.6264628380996667,0.672,0.7060595109225141,6.0,3.2,6.8,4.0
rf_full,signo_zodiacal_escorpio,56,0.5,0.45999999999999996,0.47042735042735045,0.5199999999999999,0.49044241037376046,0.477,0.5458204552585358,5.2,6.0,4.0,4.8
rf_full,signo_zodiacal_escorpio,57,0.5,0.43,0.4261111111111111,0.41999999999999993,0.4210207336523125,0.465,0.5308262360274745,4.2,5.6,4.4,5.8
rf_full,signo_zodiacal_escorpio,58,0.5,0.44000000000000006,0.40166666666666667,0.38,0.38558213716108447,0.425,0.4739835611584837,3.8,5.0,5.0,6.2
rf_full,signo_zodiacal_escorpio,59,0.5,0.5200000000000001,0.5281746031746032,0.45999999999999996,0.4894392844857241,0.476,0.5484124111182934,4.6,4.2,5.8,5.4
rf_full,signo_zodiacal_escorpio,60,0.5,0.47000000000000003,0.4688888888888888,0.4600000000000001,0.4627751196172249,0.4840000000000001,0.5633959908340713,4.6,5.2,4.8,5.4
rf_full,signo_zodiacal_escorpio,61,0.5,0.5599999999999999,0.5509523809523809,0.5,0.517706163805235,0.585,0.5970349335906612,5.0,3.8,6.2,5.0
rf_full,signo_zodiacal_escorpio,62,0.5,0.37,0.36888888888888893,0.34,0.35208931419457734,0.359,0.4753563793447694,3.4,6.0,4.0,6.6
rf_full,signo_zodiacal_escorpio,63,0.5,0.36999999999999994,0.31845487845487847,0.31999999999999995,0.31293989449326637,0.406,0.4967408131084602,3.2,5.8,4.2,6.8
rf_full,signo_zodiacal_escorpio,64,0.5,0.5,0.48813852813852804,0.5,0.49032849503437737,0.483,0.5622607413226609,5.0,5.0,5.0,5.0
rf_full,signo_zodiacal_escorpio,65,0.5,0.37,0.36454545454545456,0.32,0.33936507936507937,0.32499999999999996,0.4679992903553275,3.2,5.8,4.2,6.8
rf_full,signo_zodiacal_escorpio,66,0.5,0.55,0.5595848595848596,0.58,0.5624346847122457,0.5660000000000001,0.6284404402786755,5.8,4.8,5.2,4.2
rf_full,signo_zodiacal_escorpio,67,0.5,0.43,0.4322222222222223,0.4,0.4128973950026582,0.43499999999999994,0.5523012194204144,4.0,5.4,4.6,6.0
rf_full,signo_zodiacal_escorpio,68,0.5,0.45999999999999996,0.40539682539682537,0.34,0.3682696938424493,0.492,0.5645246938304214,3.4,4.2,5.8,6.6
rf_full,signo_zodiacal_escorpio,69,0.5,0.48,0.486013986013986,0.5,0.49013112491373356,0.458,0.5245273800846556,5.0,5.4,4.6,5.0
rf_full,signo_zodiacal_escorpio,70,0.5,0.45999999999999996,0.46424242424242423,0.5,0.47822055137844605,0.4760000000000001,0.5338165625224448,5.0,5.8,4.2,5.0
rf_full,signo_zodiacal_escorpio,71,0.5,0.55,0.5594877344877345,0.5,0.5247776303503857,0.5559999999999999,0.613723903547433,5.0,4.0,6.0,5.0
rf_full,signo_zodiacal_escorpio,72,0.5,0.47000000000000003,0.46369408369408366,0.43999999999999995,0.44908447589562145,0.484,0.5521654548581794,4.4,5.0,5.0,5.6
rf_full,signo_zodiacal_escorpio,73,0.5,0.47000000000000003,0.45714285714285713,0.4,0.4204715219421102,0.465,0.542831022950218,4.0,4.6,5.4,6.0
rf_full,signo_zodiacal_escorpio,74,0.5,0.49000000000000005,0.48611111111111105,0.52,0.4929865456181245,0.49700000000000005,0.5817470384792365,5.2,5.4,4.6,4.8
rf_full,signo_zodiacal_escorpio,75,0.5,0.42000000000000004,0.41904761904761906,0.32,0.35647340275823247,0.364,0.4701117783145647,3.2,4.8,5.2,6.8
rf_full,signo_zodiacal_escorpio,76,0.5,0.56,0.531068931068931,0.5599999999999999,0.5312629399585921,0.54,0.5721624939388097,5.6,4.4,5.6,4.4
rf_full,signo_zodiacal_escorpio,77,0.5,0.51,0.5138888888888888,0.4,0.4352927773980405,0.583,0.6045823936984928,4.0,3.8,6.2,6.0
rf_full,signo_zodiacal_escorpio,78,0.5,0.5,0.510909090909091,0.48,0.48432900432900433,0.472,0.527562037206,4.8,4.8,5.2,5.2
rf_full,signo_zodiacal_escorpio,79,0.5,0.43,0.4238095238095238,0.33999999999999997,0.37338086749851457,0.368,0.5095243088524822,3.4,4.8,5.2,6.6
rf_full,signo_zodiacal_escorpio,80,0.5,0.52,0.5301587301587302,0.42000000000000004,0.4653250773993808,0.5389999999999999,0.5637597206714855,4.2,3.8,6.2,5.8
rf_full,signo_zodiacal_escorpio,81,0.5,0.36,0.33158730158730154,0.32,0.32269944022266006,0.3510000000000001,0.46764928887761703,3.2,6.0,4.0,6.8
rf_full,signo_zodiacal_escorpio,82,0.5,0.5,0.4990836940836941,0.52,0.5038930659983292,0.516,0.5594073477262332,5.2,5.2,4.8,4.8
rf_full,signo_zodiacal_escorpio,83,0.5,0.54,0.5446886446886448,0.56,0.5442343069951093,0.5449999999999999,0.6370098230802566,5.6,4.8,5.2,4.4
rf_full,signo_zodiacal_escorpio,84,0.5,0.45999999999999996,0.4543589743589743,0.4999999999999999,0.4739879342625338,0.44299999999999995,0.5006809300091034,5.0,5.8,4.2,5.0
rf_full,signo_zodiacal_escorpio,85,0.5,0.55,0.5673437673437673,0.52,0.5351896364953304,0.609,0.6420015792600932,5.2,4.2,5.8,4.8
rf_full,signo_zodiacal_escorpio,86,0.5,0.55,0.5577777777777777,0.54,0.5469856459330144,0.589,0.6379009221772378,5.4,4.4,5.6,4.6
rf_full,signo_zodiacal_escorpio,87,0.5,0.57,0.563030303030303,0.64,0.5956190476190476,0.558,0.5878450520068167,6.4,5.0,5.0,3.6
rf_full,signo_zodiacal_escorpio,88,0.5,0.51,0.5356410256410257,0.45999999999999996,0.47644511476319257,0.48100000000000004,0.5586303130993533,4.6,4.4,5.6,5.4
rf_full,signo_zodiacal_escorpio,89,0.5,0.55,0.5768253968253968,0.45999999999999996,0.5025180598555211,0.546,0.5679226873917276,4.6,3.6,6.4,5.4
rf_full,signo_zodiacal_escorpio,90,0.5,0.45999999999999996,0.45910200910200905,0.48,0.46426610585986,0.41500000000000004,0.5267560140238159,4.8,5.6,4.4,5.2
rf_full,signo_zodiacal_escorpio,91,0.5,0.52,0.5108669108669108,0.4600000000000001,0.47340063714272895,0.5429999999999999,0.555212803536333,4.6,4.2,5.8,5.4
rf_full,signo_zodiacal_escorpio,92,0.5,0.45999999999999996,0.43733766233766236,0.44000000000000006,0.4311858076563958,0.422,0.5184300252551026,4.4,5.2,4.8,5.6
rf_full,signo_zodiacal_escorpio,93,0.5,0.4800000000000001,0.4722655122655123,0.52,0.49182957393483706,0.458,0.5332402947929263,5.2,5.6,4.4,4.8
rf_full,signo_zodiacal_escorpio,94,0.5,0.5199999999999999,0.5236013986013985,0.5800000000000001,0.540054148749801,0.484,0.5311552885538954,5.8,5.4,4.6,4.2
rf_full,signo_zodiacal_escorpio,95,0.5,0.57,0.5843711843711843,0.56,0.5643346916465775,0.534,0.5732168495419269,5.6,4.2,5.8,4.4
rf_full,signo_zodiacal_escorpio,96,0.5,0.45,0.45,0.58,0.5029014844804319,0.48999999999999994,0.5623422976232574,5.8,6.8,3.2,4.2
rf_full,signo_zodiacal_escorpio,97,0.5,0.56,0.5507692307692308,0.56,0.5447584541062802,0.606,0.6535240478475772,5.6,4.4,5.6,4.4
rf_full,signo_zodiacal_escorpio,98,0.5,0.45,0.4284920634920635,0.42000000000000004,0.41496250429996556,0.382,0.48051952991968483,4.2,5.2,4.8,5.8
rf_full,signo_zodiacal_escorpio,99,0.5,0.55,0.54,0.5199999999999999,0.5269218500797448,0.512,0.5987913632634994,5.2,4.2,5.8,4.8
rf_full,signo_zodiacal_escorpio,100,0.5,0.4,0.35638528138528136,0.32,0.3339635854341737,0.38199999999999995,0.48033487857172064,3.2,5.2,4.8,6.8
rf_full,signo_zodiacal_escorpio,101,0.5,0.4800000000000001,0.4801587301587301,0.44000000000000006,0.4508513931888545,0.446,0.5321182726801922,4.4,4.8,5.2,5.6
rf_full,signo_zodiacal_escorpio,102,0.5,0.51,0.5022727272727272,0.42000000000000004,0.44603174603174606,0.542,0.6107958132338938,4.2,4.0,6.0,5.8
rf_full,signo_zodiacal_escorpio,103,0.5,0.57,0.5726767676767677,0.54,0.5540183792815372,0.5790000000000001,0.646547018341136,5.4,4.0,6.0,4.6
rf_full,signo_zodiacal_escorpio,104,0.5,0.43,0.4218614718614718,0.38,0.39342272794285177,0.386,0.47574095288955964,3.8,5.2,4.8,6.2
rf_full,signo_zodiacal_escorpio,105,0.5,0.48,0.480050505050505,0.5,0.48708133971291867,0.497,0.5605612971479845,5.0,5.4,4.6,5.0
rf_full,signo_zodiacal_escorpio,106,0.5,0.6,0.5915656565656565,0.5800000000000001,0.5843107769423558,0.631,0.6784013547512,5.8,3.8,6.2,4.2
rf_full,signo_zodiacal_escorpio,107,0.5,0.49000000000000005,0.4953069153069153,0.52,0.5055530129672007,0.508,0.5448239887047936,5.2,5.4,4.6,4.8
rf_full,signo_zodiacal_escorpio,108,0.5,0.5599999999999999,0.5866666666666667,0.5399999999999999,0.5505555555555557,0.554,0.6307580293803203,5.4,4.2,5.8,4.6
rf_full,signo_zodiacal_escorpio,109,0.5,0.49000000000000005,0.4820707070707071,0.45999999999999996,0.46833751044277355,0.48600000000000004,0.5234395783954607,4.6,4.8,5.2,5.4
rf_full,signo_zodiacal_escorpio,110,0.5,0.4699999999999999,0.4860317460317461,0.48,0.47976608187134495,0.426,0.5119844622182084,4.8,5.4,4.6,5.2
rf_full,signo_zodiacal_escorpio,111,0.5,0.57,0.6224664224664225,0.4600000000000001,0.5064435631672136,0.6030000000000001,0.6467429488296361,4.6,3.2,6.8,5.4
rf_full,signo_zodiacal_escorpio,112,0.5,0.56,0.5571678321678322,0.6,0.5740510697032436,0.644,0.6558332451861862,6.0,4.8,5.2,4.0
rf_full,signo_zodiacal_escorpio,113,0.5,0.55,0.5401598401598401,0.6,0.5586438923395445,0.5720000000000001,0.6192456313895942,6.0,5.0,5.0,4.0
rf_full,signo_zodiacal_escorpio,114,0.5,0.51,0.5009523809523809,0.44000000000000006,0.45578431372549016,0.567,0.6274336666085891,4.4,4.2,5.8,5.6
rf_full,signo_zodiacal_escorpio,115,0.5,0.5,0.5063913863913864,0.5,0.49791409469966474,0.49000000000000005,0.5511807832690185,5.0,5.0,5.0,5.0
rf_full,signo_zodiacal_escorpio,116,0.5,0.6300000000000001,0.6226923076923077,0.6799999999999999,0.6455775142731665,0.651,0.6661149950840353,6.8,4.2,5.8,3.2
rf_full,signo_zodiacal_escorpio,117,0.5,0.4800000000000001,0.4892496392496392,0.4800000000000001,0.4676008202323992,0.502,0.5731782215032989,4.8,5.2,4.8,5.2
rf_full,signo_zodiacal_escorpio,118,0.5,0.52,0.5157142857142857,0.44000000000000006,0.4613196091833863,0.504,0.5526460221065485,4.4,4.0,6.0,5.6
rf_full,signo_zodiacal_escorpio,119,0.5,0.48,0.4768842268842269,0.5399999999999999,0.5046509554518708,0.48200000000000004,0.5275088532898131,5.4,5.8,4.2,4.6
rf_full,signo_zodiacal_escorpio,120,0.5,0.51,0.515,0.43999999999999995,0.4646464646464647,0.4720000000000001,0.5445918807714474,4.4,4.2,5.8,5.6
rf_full,signo_zodiacal_escorpio,121,0.5,0.54,0.574945054945055,0.54,0.5465984654731458,0.5519999999999999,0.6331806147069305,5.4,4.6,5.4,4.6
rf_full,signo_zodiacal_escorpio,122,0.5,0.5900000000000001,0.6019347319347319,0.6,0.5966263484798955,0.5599999999999999,0.5902746866996094,6.0,4.2,5.8,4.0
rf_full,signo_zodiacal_escorpio,123,0.5,0.53,0.557936507936508,0.48,0.5064327485380117,0.532,0.6270707164352676,4.8,4.2,5.8,5.2
rf_full,signo_zodiacal_escorpio,124,0.5,0.53,0.5374902874902875,0.64,0.5783316607115234,0.5,0.6147178932178933,6.4,5.8,4.2,3.6
rf_full,signo_zodiacal_escorpio,125,0.5,0.45999999999999996,0.4440476190476191,0.4,0.41657441285924257,0.462,0.5526169667965334,4.0,4.8,5.2,6.0
rf_full,signo_zodiacal_escorpio,126,0.5,0.62,0.6041272453037159,0.72,0.6485840204375674,0.6900000000000001,0.6806843156843156,7.2,4.8,5.2,2.8
rf_full,signo_zodiacal_escorpio,127,0.5,0.5,0.5018181818181817,0.5599999999999999,0.5247919799498747,0.5290000000000001,0.5859274238833062,5.6,5.6,4.4,4.4
rf_full,signo_zodiacal_escorpio,128,0.5,0.48,0.5333333333333334,0.38,0.42793916609706084,0.458,0.5421107499311834,3.8,4.2,5.8,6.2
rf_full,signo_zodiacal_escorpio,129,0.5,0.51,0.531073926073926,0.5,0.5083440912596922,0.5139999999999999,0.6001872290076624,5.0,4.8,5.2,5.0
rf_full,signo_zodiacal_escorpio,130,0.5,0.45,0.4406060606060606,0.4600000000000001,0.44874003189792655,0.404,0.4909716686821949,4.6,5.6,4.4,5.4
rf_full,signo_zodiacal_escorpio,131,0.5,0.53,0.5333333333333332,0.5,0.5157894736842105,0.525,0.5946376456360977,5.0,4.4,5.6,5.0
rf_full,signo_zodiacal_escorpio,132,0.5,0.45999999999999996,0.4543939393939394,0.42000000000000004,0.4279076479076479,0.43800000000000006,0.5111135084385858,4.2,5.0,5.0,5.8
rf_full,signo_zodiacal_escorpio,133,0.5,0.5,0.5053535353535354,0.54,0.5205012531328321,0.49700000000000005,0.5431612723361949,5.4,5.4,4.6,4.6
rf_full,signo_zodiacal_escorpio,134,0.5,0.5199999999999999,0.5167832167832167,0.58,0.5415804002760524,0.492,0.5593941038321842,5.8,5.4,4.6,4.2
rf_full,signo_zodiacal_escorpio,135,0.5,0.58,0.6001165501165502,0.6199999999999999,0.5973884810841332,0.618,0.6638675115733939,6.2,4.6,5.4,3.8
rf_full,signo_zodiacal_escorpio,136,0.5,0.5,0.4951515151515151,0.5199999999999999,0.4958095238095238,0.44299999999999995,0.5183124761375535,5.2,5.2,4.8,4.8
rf_full,signo_zodiacal_escorpio,137,0.5,0.5,0.5111111111111111,0.36,0.41445279866332496,0.5509999999999999,0.5762786272035496,3.6,3.6,6.4,6.4
rf_full,signo_zodiacal_escorpio,138,0.5,0.42000000000000004,0.4290287490287491,0.48,0.4507529693799717,0.41000000000000003,0.5254434389140272,4.8,6.4,3.6,5.2
rf_full,signo_zodiacal_escorpio,139,0.5,0.45999999999999996,0.4438034188034187,0.45999999999999996,0.4472043085315397,0.5029999999999999,0.5857162835444569,4.6,5.4,4.6,5.4
rf_full,signo_zodiacal_escorpio,140,0.5,0.56,0.5674747474747475,0.48,0.5078822055137844,0.613,0.6253812631297151,4.8,3.6,6.4,5.2
rf_full,signo_zodiacal_escorpio,141,0.5,0.51,0.5067099567099567,0.6199999999999999,0.5551948051948051,0.533,0.6188340168603327,6.2,6.0,4.0,3.8
rf_full,signo_zodiacal_escorpio,142,0.5,0.56,0.5572655122655122,0.58,0.5629406850459482,0.552,0.603016037883685,5.8,4.6,5.4,4.2
rf_full,signo_zodiacal_escorpio,143,0.5,0.51,0.48206349206349214,0.42000000000000004,0.4422090877818432,0.5289999999999999,0.5651803376362199,4.2,4.0,6.0,5.8
rf_full,signo_zodiacal_escorpio,144,0.5,0.5,0.4966666666666667,0.48,0.48563530037214236,0.506,0.5725240402871982,4.8,4.8,5.2,5.2
rf_full,signo_zodiacal_escorpio,145,0.5,0.55,0.5826373626373627,0.5599999999999999,0.5589173060528559,0.5149999999999999,0.5895444098385274,5.6,4.6,5.4,4.4
rf_full,signo_zodiacal_escorpio,146,0.5,0.44000000000000006,0.4321886446886447,0.47999999999999987,0.44171927816429096,0.38,0.47680371632151813,4.8,6.0,4.0,5.2
rf_full,signo_zodiacal_escorpio,147,0.5,0.53,0.5127428127428126,0.45999999999999996,0.46747847880570986,0.553,0.5890590965621926,4.6,4.0,6.0,5.4
rf_full,signo_zodiacal_escorpio,148,0.5,0.54,0.5303113553113553,0.54,0.5279779896148182,0.533,0.6073390872113782,5.4,4.6,5.4,4.6
rf_full,signo_zodiacal_escorpio,149,0.5,0.5199999999999999,0.5305916305916305,0.42000000000000004,0.4637365472504791,0.5159999999999999,0.5651066150052217,4.2,3.8,6.2,5.8
rf_full,signo_zodiacal_escorpio,150,0.5,0.48,0.4896464646464646,0.36,0.40087719298245617,0.4619999999999999,0.5353073762322988,3.6,4.0,6.0,6.4
rf_full,signo_zodiacal_escorpio,151,0.5,0.54,0.5472222222222223,0.5,0.4965914786967419,0.557,0.5990828805697227,5.0,4.2,5.8,5.0
rf_full,signo_zodiacal_escorpio,152,0.5,0.5399999999999999,0.52511655011655,0.5399999999999999,0.523146056841709,0.544,0.617623191136349,5.4,4.6,5.4,4.6
rf_full,signo_zodiacal_escorpio,153,0.5,0.51,0.5055122655122656,0.44000000000000006,0.46503685684800233,0.475,0.5368609558655999,4.4,4.2,5.8,5.6
rf_full,signo_zodiacal_escorpio,154,0.5,0.5599999999999999,0.5567099567099566,0.5,0.5177467956879722,0.5489999999999999,0.6244906594953032,5.0,3.8,6.2,5.0
rf_full,signo_zodiacal_escorpio,155,0.5,0.53,0.5442002442002443,0.5,0.5091582129003047,0.549,0.5963257112684357,5.0,4.4,5.6,5.0
rf_full,signo_zodiacal_escorpio,156,0.5,0.55,0.5488888888888889,0.54,0.5421903242955874,0.5800000000000001,0.6193859355298983,5.4,4.4,5.6,4.6
rf_full,signo_zodiacal_escorpio,157,0.5,0.49000000000000005,0.4533333333333333,0.5399999999999999,0.4875454545454545,0.47800000000000004,0.5070498308880662,5.4,5.6,4.4,4.6
rf_full,signo_zodiacal_escorpio,158,0.5,0.52,0.5128282828282829,0.5599999999999999,0.5339074960127591,0.517,0.583066875504956,5.6,5.2,4.8,4.4
rf_full,signo_zodiacal_escorpio,159,0.5,0.45999999999999996,0.4261904761904762,0.39999999999999997,0.40401069518716576,0.462,0.5177975912975914,4.0,4.8,5.2,6.0
rf_full,signo_zodiacal_escorpio,160,0.5,0.5,0.5055555555555555,0.54,0.5196172248803828,0.46699999999999997,0.49874599420187654,5.4,5.4,4.6,4.6
rf_full,signo_zodiacal_escorpio,161,0.5,0.43,0.4232167832167832,0.42000000000000004,0.4129192546583851,0.395,0.5070046754930655,4.2,5.6,4.4,5.8
rf_full,signo_zodiacal_escorpio,162,0.5,0.5000000000000001,0.4965811965811965,0.5599999999999999,0.5245643753652907,0.48,0.5538990639563395,5.6,5.6,4.4,4.4
rf_full,signo_zodiacal_escorpio,163,0.5,0.5900000000000001,0.5983766233766233,0.56,0.567063492063492,0.558,0.5908854562190475,5.6,3.8,6.2,4.4
rf_full,signo_zodiacal_escorpio,164,0.5,0.63,0.6289044289044289,0.6599999999999999,0.6410373760488176,0.643,0.670013706881354,6.6,4.0,6.0,3.4
rf_full,signo_zodiacal_escorpio,165,0.5,0.53,0.5353535353535352,0.54,0.5359079516974253,0.575,0.6250912508544086,5.4,4.8,5.2,4.6
rf_full,signo_zodiacal_escorpio,166,0.5,0.5199999999999999,0.5136086136086135,0.52,0.5118762379093514,0.49000000000000005,0.5493660793970391,5.2,4.8,5.2,4.8
rf_full,signo_zodiacal_escorpio,167,0.5,0.52,0.5166666666666667,0.44000000000000006,0.47222222222222215,0.49400000000000005,0.5127680903547777,4.4,4.0,6.0,5.6
rf_full,signo_zodiacal_escorpio,168,0.5,0.51,0.5191919191919192,0.5,0.5082706766917292,0.502,0.5330473780605359,5.0,4.8,5.2,5.0
rf_full,signo_zodiacal_escorpio,169,0.5,0.53,0.5289743589743591,0.58,0.5516205533596839,0.5459999999999999,0.6029829510874402,5.8,5.2,4.8,4.2
rf_full,signo_zodiacal_escorpio,170,0.5,0.5900000000000001,0.5979437229437229,0.5800000000000001,0.581869111280876,0.595,0.6063609233903351,5.8,4.0,6.0,4.2
rf_full,signo_zodiacal_escorpio,171,0.5,0.55,0.5527777777777778,0.5399999999999999,0.5416267942583732,0.5509999999999999,0.6449781521368209,5.4,4.4,5.6,4.6
rf_full,signo_zodiacal_escorpio,172,0.5,0.47000000000000003,0.47132867132867134,0.54,0.5026915113871636,0.48100000000000004,0.5655058264748668,5.4,6.0,4.0,4.6
rf_full,signo_zodiacal_escorpio,173,0.5,0.47000000000000003,0.49714452214452215,0.41999999999999993,0.43110367892976587,0.5,0.5647878412437236,4.2,4.8,5.2,5.8
rf_full,signo_zodiacal_escorpio,174,0.5,0.55,0.5724509803921569,0.56,0.5496296296296296,0.574,0.6301106368691507,5.6,4.6,5.4,4.4
rf_full,signo_zodiacal_escorpio,175,0.5,0.48,0.4738095238095238,0.38,0.42132782937736496,0.466,0.5140933310755292,3.8,4.2,5.8,6.2
rf_full,signo_zodiacal_escorpio,176,0.5,0.42000000000000004,0.40172827172827175,0.36,0.36960824909674017,0.367,0.4637694629931472,3.6,5.2,4.8,6.4
rf_full,signo_zodiacal_escorpio,177,0.5,0.6199999999999999,0.6320202020202019,0.6,0.6138345864661654,0.6090000000000001,0.6211713374344953,6.0,3.6,6.4,4.0
rf_full,signo_zodiacal_escorpio,178,0.5,0.5399999999999999,0.5342857142857143,0.5599999999999999,0.5381176470588235,0.5559999999999999,0.596605492546669,5.6,4.8,5.2,4.4
rf_full,signo_zodiacal_escorpio,179,0.5,0.57,0.5993589743589742,0.48,0.5095933814469283,0.493,0.527055565349683,4.8,3.4,6.6,5.2
rf_full,signo_zodiacal_escorpio,180,0.5,0.44000000000000006,0.4487290487290488,0.52,0.47903454287893643,0.41600000000000004,0.4933059511867562,5.2,6.4,3.6,4.8
rf_full,signo_zodiacal_escorpio,181,0.5,0.58,0.5696969696969697,0.6599999999999999,0.6112554112554112,0.578,0.6146053178847297,6.6,5.0,5.0,3.4
rf_full,signo_zodiacal_escorpio,182,0.5,0.5,0.4901165501165501,0.52,0.5023406341941812,0.526,0.5955839083517103,5.2,5.2,4.8,4.8
rf_full,signo_zodiacal_escorpio,183,0.5,0.59,0.5706293706293706,0.6000000000000001,0.5746437705516989,0.534,0.5358322021116139,6.0,4.2,5.8,4.0
rf_full,signo_zodiacal_escorpio,184,0.5,0.43,0.4203174603174603,0.34,0.3742758857929137,0.389,0.4773277951838323,3.4,4.8,5.2,6.6
rf_full,signo_zodiacal_escorpio,185,0.5,0.5,0.5197802197802198,0.52,0.5136944896535689,0.483,0.5252461302886999,5.2,5.2,4.8,4.8
rf_full,signo_zodiacal_escorpio,186,0.5,0.51,0.5153463203463203,0.45999999999999996,0.48329057938965053,0.4789999999999999,0.5402975998889311,4.6,4.4,5.6,5.4
rf_full,signo_zodiacal_escorpio,187,0.5,0.61,0.6050505050505051,0.6599999999999999,0.6265964912280702,0.6460000000000001,0.6213800437608488,6.6,4.4,5.6,3.4
rf_full,signo_zodiacal_escorpio,188,0.5,0.4600000000000001,0.4634415584415585,0.4,0.4267787114845939,0.46799999999999997,0.5714725213726762,4.0,4.8,5.2,6.0
rf_full,signo_zodiacal_escorpio,189,0.5,0.5,0.4907692307692308,0.54,0.5097584541062802,0.496,0.5835291863279479,5.4,5.4,4.6,4.6
rf_full,signo_zodiacal_escorpio,190,0.5,0.52,0.5541958041958042,0.5199999999999999,0.5150950498776585,0.52,0.6047443955253553,5.2,4.8,5.2,4.8
rf_full,signo_zodiacal_escorpio,191,0.5,0.5800000000000001,0.5775490196078431,0.5599999999999999,0.5504093567251462,0.611,0.6150964956096534,5.6,4.0,6.0,4.4
rf_full,signo_zodiacal_escorpio,192,0.5,0.5,0.5,0.6,0.5427536231884058,0.457,0.5401897269397269,6.0,6.0,4.0,4.0
rf_full,signo_zodiacal_escorpio,193,0.5,0.47000000000000003,0.4820707070707071,0.56,0.5141805562858194,0.5120000000000001,0.5970094643918173,5.6,6.2,3.8,4.4
rf_full,signo_zodiacal_escorpio,194,0.5,0.5,0.5016233766233766,0.44000000000000006,0.4658263305322129,0.533,0.6023767066267066,4.4,4.4,5.6,5.6
rf_full,signo_zodiacal_escorpio,195,0.5,0.52,0.55,0.38,0.42694805194805185,0.5860000000000001,0.6149296232663106,3.8,3.4,6.6,6.2
rf_full,signo_zodiacal_escorpio,196,0.5,0.48,0.4666666666666667,0.44000000000000006,0.45,0.461,0.5425122871624419,4.4,4.8,5.2,5.6
rf_full,signo_zodiacal_escorpio,197,0.5,0.48,0.4745609945609946,0.5,0.48444589735207577,0.499,0.5469763182294143,5.0,5.4,4.6,5.0
rf_full,signo_zodiacal_escorpio,198,0.5,0.36,0.3553535353535353,0.36,0.35734335839598996,0.31799999999999995,0.45429987968687663,3.6,6.4,3.6,6.4
rf_full,signo_zodiacal_escorpio,199,0.5,0.48999999999999994,0.4790909090909091,0.42000000000000004,0.4426190476190476,0.49399999999999994,0.5535340219635885,4.2,4.4,5.6,5.8
rf_full,signo_zodiacal_escorpio,200,0.5,0.43,0.39983516483516485,0.42000000000000004,0.3974646206308611,0.42899999999999994,0.5097766318648672,4.2,5.6,4.4,5.8
rf_full,signo_zodiacal_escorpio,201,0.5,0.54,0.5519480519480519,0.43999999999999995,0.4855275443510737,0.575,0.5957478960667815,4.4,3.6,6.4,5.6
rf_full,signo_zodiacal_escorpio,202,0.5,0.44000000000000006,0.41904761904761906,0.4,0.4033625730994152,0.42399999999999993,0.49476453998358016,4.0,5.2,4.8,6.0
rf_full,signo_zodiacal_escorpio,203,0.5,0.54,0.5486013986013986,0.5,0.5141994478951,0.511,0.6061139785567029,5.0,4.2,5.8,5.0
rf_full,signo_zodiacal_escorpio,204,0.5,0.5,0.501025641025641,0.4600000000000001,0.45873913043478265,0.508,0.5806139215961197,4.6,4.6,5.4,5.4
rf_full,signo_zodiacal_escorpio,205,0.5,0.48999999999999994,0.47727272727272724,0.52,0.4897435897435898,0.511,0.5450007184078391,5.2,5.4,4.6,4.8
rf_full,signo_zodiacal_escorpio,206,0.5,0.51,0.47424242424242424,0.48,0.4692640692640692,0.533,0.5888766398719959,4.8,4.6,5.4,5.2
rf_full,signo_zodiacal_escorpio,207,0.5,0.48,0.47142857142857136,0.4600000000000001,0.4561523159988633,0.477,0.5496453828249493,4.6,5.0,5.0,5.4
rf_full,signo_zodiacal_escorpio,208,0.5,0.56,0.5806166056166056,0.5800000000000001,0.5721713704551232,0.608,0.6264807943174816,5.8,4.6,5.4,4.2
rf_full,signo_zodiacal_escorpio,209,0.5,0.6,0.5974358974358973,0.6199999999999999,0.6023900330536486,0.66,0.6937904758640052,6.2,4.2,5.8,3.8
rf_full,signo_zodiacal_escorpio,210,0.5,0.5199999999999999,0.5383116883116884,0.56,0.5427552839317545,0.588,0.6472157635965685,5.6,5.2,4.8,4.4
rf_full,signo_zodiacal_escorpio,211,0.5,0.45,0.4256410256410256,0.5,0.4525383022774327,0.46699999999999997,0.5669575985589917,5.0,6.0,4.0,5.0
rf_full,signo_zodiacal_escorpio,212,0.5,0.6100000000000001,0.6464285714285715,0.52,0.5745098039215687,0.605,0.6509523721892143,5.2,3.0,7.0,4.8
rf_full,signo_zodiacal_escorpio,213,0.5,0.43,0.4411111111111111,0.5199999999999999,0.4719968102073365,0.457,0.5154274603965006,5.2,6.6,3.4,4.8
rf_full,signo_zodiacal_escorpio,214,0.5,0.63,0.6476190476190475,0.62,0.6102388591800356,0.6900000000000001,0.6651942491632894,6.2,3.6,6.4,3.8
rf_full,signo_zodiacal_escorpio,215,0.5,0.47000000000000003,0.46045066045066047,0.5,0.47697504631143073,0.441,0.5011891354259774,5.0,5.6,4.4,5.0
rf_full,signo_zodiacal_escorpio,216,0.5,0.5399999999999999,0.5650793650793651,0.38,0.4478893311710649,0.5469999999999999,0.616715952949699,3.8,3.0,7.0,6.2
rf_full,signo_zodiacal_escorpio,217,0.5,0.5200000000000001,0.5166666666666668,0.48,0.49174641148325354,0.469,0.508413824909181,4.8,4.4,5.6,5.2
rf_full,signo_zodiacal_escorpio,218,0.5,0.43,0.43415584415584424,0.5399999999999999,0.4779544315333789,0.4739999999999999,0.5817577171710298,5.4,6.8,3.2,4.6
rf_full,signo_zodiacal_escorpio,219,0.5,0.44000000000000006,0.4483682983682984,0.48,0.4603362820754125,0.43499999999999994,0.5325152831344782,4.8,6.0,4.0,5.2
rf_full,signo_zodiacal_escorpio,220,0.5,0.5,0.5246886446886447,0.52,0.5106636155606407,0.45199999999999996,0.5251868266752168,5.2,5.2,4.8,4.8
rf_full,signo_zodiacal_escorpio,221,0.5,0.43,0.4354978354978355,0.42000000000000004,0.42394220846233227,0.354,0.4427183223553193,4.2,5.6,4.4,5.8
rf_full,signo_zodiacal_escorpio,222,0.5,0.5799999999999998,0.6113636363636363,0.5,0.5392857142857144,0.6130000000000001,0.6916069404451758,5.0,3.4,6.6,5.0
rf_full,signo_zodiacal_escorpio,223,0.5,0.47000000000000003,0.44222222222222224,0.4600000000000001,0.4458771929824562,0.4720000000000001,0.526766684725663,4.6,5.2,4.8,5.4
rf_full,signo_zodiacal_escorpio,224,0.5,0.45,0.4459090909090909,0.45999999999999996,0.450995670995671,0.362,0.5150081293835163,4.6,5.6,4.4,5.4
rf_full,signo_zodiacal_escorpio,225,0.5,0.56,0.5694949494949494,0.5,0.523859649122807,0.546,0.578039986759027,5.0,3.8,6.2,5.0
rf_full,signo_zodiacal_escorpio,226,0.5,0.55,0.5403535353535354,0.5,0.5104002430318221,0.533,0.5717098189907788,5.0,4.0,6.0,5.0
rf_full,signo_zodiacal_escorpio,227,0.5,0.51,0.48379120879120874,0.54,0.500385336743393,0.589,0.6218581287993052,5.4,5.2,4.8,4.6
rf_full,signo_zodiacal_escorpio,228,0.5,0.4800000000000001,0.4643589743589744,0.4800000000000001,0.46234519104084326,0.46299999999999997,0.5159301988860813,4.8,5.2,4.8,5.2
rf_full,signo_zodiacal_escorpio,229,0.5,0.49000000000000005,0.4977564102564102,0.52,0.49208472686733556,0.505,0.551847439540164,5.2,5.4,4.6,4.8
rf_full,signo_zodiacal_escorpio,230,0.5,0.43000000000000005,0.44120879120879125,0.44000000000000006,0.43514115444388696,0.46799999999999997,0.5297713664904068,4.4,5.8,4.2,5.6
rf_full,signo_zodiacal_escorpio,231,0.5,0.63,0.6350432900432901,0.6599999999999999,0.6352316441728207,0.647,0.6660644431248146,6.6,4.0,6.0,3.4
rf_full,signo_zodiacal_escorpio,232,0.5,0.52,0.506541889483066,0.5800000000000001,0.53007696007696,0.515,0.5588047991739942,5.8,5.4,4.6,4.2
rf_full,signo_zodiacal_escorpio,233,0.5,0.44000000000000006,0.4082900432900433,0.43999999999999995,0.41584415584415585,0.441,0.5201128418365261,4.4,5.6,4.4,5.6
rf_full,signo_zodiacal_escorpio,234,0.5,0.42000000000000004,0.40873376623376617,0.43999999999999995,0.41570351217410045,0.42200000000000004,0.5397886213373828,4.4,6.0,4.0,5.6
rf_full,signo_zodiacal_escorpio,235,0.5,0.49000000000000005,0.4851948051948051,0.48,0.4779681824883063,0.491,0.6082941139527825,4.8,5.0,5.0,5.2
rf_full,signo_zodiacal_escorpio,236,0.5,0.51,0.5079365079365079,0.43999999999999995,0.47000343997248023,0.48999999999999994,0.5606279749662102,4.4,4.2,5.8,5.6
rf_full,signo_zodiacal_escorpio,237,0.5,0.43,0.40064102564102566,0.4,0.39601449275362316,0.426,0.4996074372823599,4.0,5.4,4.6,6.0
rf_full,signo_zodiacal_escorpio,238,0.5,0.37,0.36155511155511155,0.4,0.3775855006034034,0.328,0.46219999608234896,4.0,6.6,3.4,6.0
rf_full,signo_zodiacal_escorpio,239,0.5,0.55,0.5578221778221778,0.54,0.5416084114805343,0.507,0.5703903894523089,5.4,4.4,5.6,4.6
rf_full,signo_zodiacal_escorpio,240,0.5,0.5200000000000001,0.5228438228438228,0.5599999999999999,0.5385311103846572,0.5289999999999999,0.5629489662384399,5.6,5.2,4.8,4.4
rf_full,signo_zodiacal_escorpio,241,0.5,0.49000000000000005,0.48124708624708623,0.5,0.4875057208237986,0.46900000000000003,0.5602054512395069,5.0,5.2,4.8,5.0
rf_full,signo_zodiacal_escorpio,242,0.5,0.5599999999999999,0.5676190476190477,0.5399999999999999,0.5396491228070175,0.595,0.6356803551625533,5.4,4.2,5.8,4.6
rf_full,signo_zodiacal_escorpio,243,0.5,0.43000000000000005,0.4121428571428572,0.36,0.3831991744066047,0.41,0.4876371873740295,3.6,5.0,5.0,6.4
rf_full,signo_zodiacal_escorpio,244,0.5,0.43,0.4211965811965812,0.4,0.4018916857360793,0.449,0.5317844265297825,4.0,5.4,4.6,6.0
rf_full,signo_zodiacal_escorpio,245,0.5,0.36,0.366474358974359,0.43999999999999995,0.3951980285161063,0.40499999999999997,0.4995819752143282,4.4,7.2,2.8,5.6
rf_full,signo_zodiacal_escorpio,246,0.5,0.32999999999999996,0.309047619047619,0.39999999999999997,0.34654545454545455,0.32799999999999996,0.5109682793127066,4.0,7.4,2.6,6.0
rf_full,signo_zodiacal_escorpio,247,0.5,0.51,0.5023809523809524,0.4,0.43801247771836005,0.548,0.593694173645412,4.0,3.8,6.2,6.0
rf_full,signo_zodiacal_escorpio,248,0.5,0.44000000000000006,0.43852813852813854,0.4,0.413598166539343,0.418,0.5065939014545826,4.0,5.2,4.8,6.0
rf_full,signo_zodiacal_escorpio,249,0.5,0.57,0.5657575757575758,0.5800000000000001,0.5710321257689678,0.5890000000000001,0.6496347810256479,5.8,4.4,5.6,4.2
rf_full,signo_zodiacal_escorpio,250,0.5,0.43,0.4256410256410256,0.42000000000000004,0.4147545246515499,0.396,0.5010959710224416,4.2,5.6,4.4,5.8
rf_full,signo_zodiacal_escorpio,251,0.5,0.49000000000000005,0.48888888888888893,0.48,0.48320802005012525,0.46299999999999997,0.5511494924923718,4.8,5.0,5.0,5.2
rf_full,signo_zodiacal_escorpio,252,0.5,0.54,0.5365079365079366,0.5199999999999999,0.5216374269005848,0.538,0.5658793865233493,5.2,4.4,5.6,4.8
rf_full,signo_zodiacal_escorpio,253,0.5,0.51,0.5272727272727272,0.39999999999999997,0.4412698412698412,0.55,0.6038743462419932,4.0,3.8,6.2,6.0
rf_full,signo_zodiacal_escorpio,254,0.5,0.42000000000000004,0.3761904761904762,0.30000000000000004,0.3260164671929378,0.35699999999999993,0.46675943767275035,3.0,4.6,5.4,7.0
rf_full,signo_zodiacal_escorpio,255,0.5,0.45,0.4325757575757575,0.45999999999999996,0.43766233766233764,0.517,0.5540844510666492,4.6,5.6,4.4,5.4
rf_full,signo_zodiacal_escorpio,256,0.5,0.56,0.6093939393939395,0.52,0.5425541125541125,0.641,0.7256205096073517,5.2,4.0,6.0,4.8
rf_full,signo_zodiacal_escorpio,257,0.5,0.53,0.5318181818181819,0.5,0.5012075643654591,0.473,0.5590981708350128,5.0,4.4,5.6,5.0
rf_full,signo_zodiacal_escorpio,258,0.5,0.6700000000000002,0.6669841269841269,0.74,0.6884700253307064,0.667,0.6829515278323328,7.4,4.0,6.0,2.6
rf_full,signo_zodiacal_escorpio,259,0.5,0.47000000000000003,0.4651948051948052,0.5399999999999999,0.4976623376623376,0.514,0.5801400919342095,5.4,6.0,4.0,4.6
rf_full,signo_zodiacal_escorpio,260,0.5,0.43000000000000005,0.4150793650793651,0.42000000000000004,0.40943334271507653,0.41999999999999993,0.48815550196277746,4.2,5.6,4.4,5.8
rf_full,signo_zodiacal_escorpio,261,0.5,0.47000000000000003,0.45458541458541457,0.4,0.4161441968091585,0.4029999999999999,0.4925559440559441,4.0,4.6,5.4,6.0
rf_full,signo_zodiacal_escorpio,262,0.5,0.36000000000000004,0.3138888888888889,0.32,0.3145135566188198,0.33499999999999996,0.4696241001860197,3.2,6.0,4.0,6.8
rf_full,signo_zodiacal_escorpio,263,0.5,0.5,0.517074592074592,0.52,0.5148596128001162,0.4920000000000001,0.5382712189771013,5.2,5.2,4.8,4.8
rf_full,signo_zodiacal_escorpio,264,0.5,0.55,0.5394216894216894,0.64,0.5824977463421399,0.6049999999999999,0.645358305694993,6.4,5.4,4.6,3.6
rf_full,signo_zodiacal_escorpio,265,0.5,0.44000000000000006,0.4476301476301476,0.48,0.46164323853111033,0.44800000000000006,0.5456242085228153,4.8,6.0,4.0,5.2
rf_full,signo_zodiacal_escorpio,266,0.5,0.4800000000000001,0.4709090909090909,0.5599999999999999,0.5083290043290043,0.49399999999999994,0.5440265206929293,5.6,6.0,4.0,4.4
rf_full,signo_zodiacal_escorpio,267,0.5,0.57,0.5915501165501166,0.6,0.5905481754452007,0.5680000000000001,0.6377825970898726,6.0,4.6,5.4,4.0
rf_full,signo_zodiacal_escorpio,268,0.5,0.53,0.5342857142857143,0.45999999999999996,0.4891176470588235,0.525,0.6035493030361451,4.6,4.0,6.0,5.4
rf_full,signo_zodiacal_escorpio,269,0.5,0.4800000000000001,0.4746031746031745,0.36,0.4083935328517372,0.513,0.5824486895972963,3.6,4.0,6.0,6.4
rf_full,signo_zodiacal_escorpio,270,0.5,0.45,0.4519230769230769,0.45999999999999996,0.45218778170723245,0.42699999999999994,0.506992555861751,4.6,5.6,4.4,5.4
rf_full,signo_zodiacal_escorpio,271,0.5,0.45000000000000007,0.46225718725718734,0.48,0.4667690306134242,0.46399999999999997,0.5518263664440134,4.8,5.8,4.2,5.2
rf_full,signo_zodiacal_escorpio,272,0.5,0.58,0.5772727272727273,0.64,0.6051036682615629,0.575,0.6137963692654095,6.4,4.8,5.2,3.6
rf_full,signo_zodiacal_escorpio,273,0.5,0.47000000000000003,0.459005439005439,0.54,0.4937441429661109,0.47400000000000003,0.5441620813826695,5.4,6.0,4.0,4.6
rf_full,signo_zodiacal_escorpio,274,0.5,0.65,0.6466666666666667,0.64,0.6406592238171186,0.651,0.6762408784026431,6.4,3.4,6.6,3.6
rf_full,signo_zodiacal_escorpio,275,0.5,0.45999999999999996,0.4288888888888889,0.34,0.37558307533539737,0.5269999999999999,0.5686081757080208,3.4,4.2,5.8,6.6
rf_full,signo_zodiacal_escorpio,276,0.5,0.61,0.6161904761904762,0.5800000000000001,0.5925752884886013,0.649,0.67945391536568,5.8,3.6,6.4,4.2
rf_full,signo_zodiacal_escorpio,277,0.5,0.49000000000000005,0.49230769230769234,0.52,0.4975296442687747,0.5130000000000001,0.577036943019141,5.2,5.4,4.6,4.8
rf_full,signo_zodiacal_escorpio,278,0.5,0.49000000000000005,0.4874902874902875,0.54,0.5107115615124769,0.487,0.5264492235490688,5.4,5.6,4.4,4.6
rf_full,signo_zodiacal_escorpio,279,0.5,0.5900000000000001,0.6015762015762015,0.6000000000000001,0.593088860258062,0.632,0.6817324417928132,6.0,4.2,5.8,4.0
rf_full,signo_zodiacal_escorpio,280,0.5,0.52,0.5166666666666667,0.56,0.5363636363636364,0.5439999999999999,0.6012185233067586,5.6,5.2,4.8,4.4
rf_full,signo_zodiacal_escorpio,281,0.5,0.63,0.6613997113997113,0.58,0.5938670204924075,0.623,0.6695404311890379,5.8,3.2,6.8,4.2
rf_full,signo_zodiacal_escorpio,282,0.5,0.38,0.385,0.38,0.3791919191919192,0.39299999999999996,0.48872625413801885,3.8,6.2,3.8,6.2
rf_full,signo_zodiacal_escorpio,283,0.5,0.6100000000000001,0.6188344988344988,0.6,0.5997319385420072,0.6460000000000001,0.6773535506461202,6.0,3.8,6.2,4.0
rf_full,signo_zodiacal_escorpio,284,0.5,0.48,0.4738034188034188,0.45999999999999996,0.46255784388507504,0.49800000000000005,0.5711379612819242,4.6,5.0,5.0,5.4
rf_full,signo_zodiacal_escorpio,285,0.5,0.48999999999999994,0.4893217893217893,0.36,0.4042385375202713,0.47800000000000004,0.5706355686796863,3.6,3.8,6.2,6.4
rf_full,signo_zodiacal_escorpio,286,0.5,0.36999999999999994,0.3233333333333333,0.26,0.2827272727272727,0.34199999999999997,0.45548138402704963,2.6,5.2,4.8,7.4
rf_full,signo_zodiacal_escorpio,287,0.5,0.42000000000000004,0.40555555555555556,0.41999999999999993,0.40847953216374266,0.49800000000000005,0.5453119082499887,4.2,5.8,4.2,5.8
rf_full,signo_zodiacal_escorpio,288,0.5,0.55,0.5409090909090909,0.56,0.5457431457431458,0.55,0.5980864772482419,5.6,4.6,5.4,4.4
rf_full,signo_zodiacal_escorpio,289,0.5,0.35,0.2844444444444445,0.33999999999999997,0.30819221967963384,0.31,0.46560166957225785,3.4,6.4,3.6,6.6
rf_full,signo_zodiacal_escorpio,290,0.5,0.48999999999999994,0.48007326007326007,0.45999999999999996,0.46437414935463134,0.454,0.5328666725431431,4.6,4.8,5.2,5.4
rf_full,signo_zodiacal_escorpio,291,0.5,0.48,0.4746031746031746,0.42000000000000004,0.43932257113371664,0.4879999999999999,0.5727009673333203,4.2,4.6,5.4,5.8
rf_full,signo_zodiacal_escorpio,292,0.5,0.44000000000000006,0.43247863247863244,0.36,0.3858729304078611,0.43200000000000005,0.5283730440526107,3.6,4.8,5.2,6.4
rf_full,signo_zodiacal_escorpio,293,0.5,0.53,0.5396825396825398,0.5,0.511680270194202,0.5039999999999999,0.5464369258192787,5.0,4.4,5.6,5.0
rf_full,signo_zodiacal_escorpio,294,0.5,0.4800000000000001,0.4851948051948051,0.44000000000000006,0.45882942650744507,0.485,0.5780311294312843,4.4,4.8,5.2,5.6
rf_full,signo_zodiacal_escorpio,295,0.5,0.45,0.44098124098124103,0.43999999999999995,0.43760336670553385,0.42300000000000004,0.5374186589983804,4.4,5.4,4.6,5.6
rf_full,signo_zodiacal_escorpio,296,0.5,0.45,0.421991341991342,0.4,0.4056302521008403,0.48,0.5722174218969884,4.0,5.0,5.0,6.0
rf_full,signo_zodiacal_escorpio,297,0.5,0.5,0.47632034632034637,0.44000000000000006,0.44768552397035366,0.5469999999999999,0.5984968154480539,4.4,4.4,5.6,5.6
rf_full,signo_zodiacal_escorpio,298,0.5,0.39,0.3625757575757576,0.32,0.33634920634920634,0.362,0.4544011086952263,3.2,5.4,4.6,6.8
rf_full,signo_zodiacal_escorpio,299,0.5,0.44000000000000006,0.4367521367521368,0.48,0.447210665002427,0.41500000000000004,0.50010383098154,4.8,6.0,4.0,5.2
rf_full,signo_zodiacal_escorpio,300,0.5,0.5,0.5034188034188034,0.58,0.5326879070586165,0.4870000000000001,0.5228335357453006,5.8,5.8,4.2,4.2
rf_full,signo_zodiacal_escorpio,301,0.5,0.53,0.519047619047619,0.5399999999999999,0.520904024767802,0.509,0.5391117291721007,5.4,4.8,5.2,4.6
rf_full,signo_zodiacal_escorpio,302,0.5,0.45,0.4522222222222222,0.4600000000000001,0.4530994152046784,0.425,0.5233008749935995,4.6,5.6,4.4,5.4
rf_full,signo_zodiacal_escorpio,303,0.5,0.38999999999999996,0.39963813963813966,0.45999999999999996,0.42474882859322216,0.28400000000000003,0.42634675824691304,4.6,6.8,3.2,5.4
rf_full,signo_zodiacal_escorpio,304,0.5,0.41,0.4023809523809524,0.4,0.3970760233918128,0.37200000000000005,0.4883915576167898,4.0,5.8,4.2,6.0
rf_full,signo_zodiacal_escorpio,305,0.5,0.53,0.5318459318459319,0.5399999999999999,0.5302950470806171,0.573,0.6142058753939559,5.4,4.8,5.2,4.6
rf_full,signo_zodiacal_escorpio,306,0.5,0.51,0.508021978021978,0.5,0.48467965112466393,0.48600000000000004,0.5876492298551123,5.0,4.8,5.2,5.0
rf_full,signo_zodiacal_escorpio,307,0.5,0.43,0.43897435897435894,0.52,0.47525691699604744,0.335,0.43603262793278275,5.2,6.6,3.4,4.8
rf_full,signo_zodiacal_escorpio,308,0.5,0.47000000000000003,0.47170995670995675,0.47999999999999987,0.46707002801120445,0.48699999999999993,0.5485739064856712,4.8,5.4,4.6,5.2
rf_full,signo_zodiacal_escorpio,309,0.5,0.5599999999999999,0.5599999999999999,0.5399999999999999,0.5488888888888889,0.5489999999999999,0.5797828354136404,5.4,4.2,5.8,4.6
rf_full,signo_zodiacal_escorpio,310,0.5,0.53,0.5309523809523811,0.5399999999999999,0.5222450751862516,0.5229999999999999,0.5556692910632539,5.4,4.8,5.2,4.6
rf_full,signo_zodiacal_escorpio,311,0.5,0.43,0.43785714285714283,0.45999999999999996,0.43288515406162464,0.362,0.49294285006359306,4.6,6.0,4.0,5.4
rf_full,signo_zodiacal_escorpio,312,0.5,0.4,0.38717171717171717,0.42000000000000004,0.39053816359079513,0.34400000000000003,0.4589089433957855,4.2,6.2,3.8,5.8
rf_full,signo_zodiacal_escorpio,313,0.5,0.44000000000000006,0.4112470862470863,0.39999999999999997,0.398792270531401,0.441,0.5597192940358575,4.0,5.2,4.8,6.0
rf_full,signo_zodiacal_escorpio,314,0.5,0.68,0.6935897435897436,0.6799999999999999,0.6593638245812159,0.68,0.6893764438176202,6.8,3.2,6.8,3.2
rf_full,signo_zodiacal_escorpio,315,0.5,0.51,0.5174242424242423,0.5,0.4901154401154401,0.45899999999999996,0.5390342168151765,5.0,4.8,5.2,5.0
rf_full,signo_zodiacal_escorpio,316,0.5,0.48,0.44247086247086254,0.52,0.4699875776397516,0.471,0.5372464459345265,5.2,5.6,4.4,4.8
rf_full,signo_zodiacal_escorpio,317,0.5,0.5200000000000001,0.5333333333333334,0.44000000000000006,0.462,0.5509999999999999,0.5834329934771111,4.4,4.0,6.0,5.6
rf_full,signo_zodiacal_escorpio,318,0.5,0.53,0.5285714285714286,0.5,0.49368474662592304,0.517,0.56572734369174,5.0,4.4,5.6,5.0
rf_full,signo_zodiacal_escorpio,319,0.5,0.5399999999999999,0.5661172161172161,0.48,0.5126037600394849,0.513,0.6048008303186321,4.8,4.0,6.0,5.2
rf_full,signo_zodiacal_escorpio,320,0.5,0.5700000000000001,0.5838888888888889,0.5199999999999999,0.5425943646996279,0.5760000000000001,0.5685369707691689,5.2,3.8,6.2,4.8
rf_full,signo_zodiacal_escorpio,321,0.5,0.36,0.3465367965367966,0.27999999999999997,0.2975638740344623,0.421,0.49058065824784086,2.8,5.6,4.4,7.2
rf_full,signo_zodiacal_escorpio,322,0.5,0.45,0.4505050505050505,0.48,0.4581024754399367,0.47300000000000003,0.5053424624910693,4.8,5.8,4.2,5.2
rf_full,signo_zodiacal_escorpio,323,0.5,0.4,0.4045787545787546,0.48,0.4352011160195303,0.41500000000000004,0.5397101452898666,4.8,6.8,3.2,5.2
rf_full,signo_zodiacal_escorpio,324,0.5,0.5200000000000001,0.5208236208236208,0.54,0.5275035414623515,0.5519999999999999,0.6005987160414406,5.4,5.0,5.0,4.6
rf_full,signo_zodiacal_escorpio,325,0.5,0.5,0.49388278388278384,0.48,0.47665891653103926,0.461,0.5192227792846988,4.8,4.8,5.2,5.2
rf_full,signo_zodiacal_escorpio,326,0.5,0.61,0.6059523809523809,0.62,0.600635456734528,0.649,0.6507240510607384,6.2,4.0,6.0,3.8
rf_full,signo_zodiacal_escorpio,327,0.5,0.53,0.5253607503607503,0.47999999999999987,0.49890903729913016,0.538,0.5950521417007485,4.8,4.2,5.8,5.2
rf_full,signo_zodiacal_escorpio,328,0.5,0.5,0.49757575757575756,0.52,0.4899047619047619,0.583,0.6420260670701847,5.2,5.2,4.8,4.8
rf_full,signo_zodiacal_escorpio,329,0.5,0.5599999999999999,0.5873015873015873,0.45999999999999996,0.5123839009287925,0.5650000000000001,0.6176789486743047,4.6,3.4,6.6,5.4
rf_full,signo_zodiacal_escorpio,330,0.5,0.4,0.38626262626262625,0.42000000000000004,0.3945814536340852,0.4600000000000001,0.5573298105403368,4.2,6.2,3.8,5.8
rf_full,signo_zodiacal_escorpio,331,0.5,0.4600000000000001,0.4616666666666667,0.42000000000000004,0.4256277056277056,0.46099999999999997,0.5626449600451149,4.2,5.0,5.0,5.8
rf_full,signo_zodiacal_escorpio,332,0.5,0.48,0.46984126984126984,0.33999999999999997,0.39221706226350184,0.499,0.5574607587974462,3.4,3.8,6.2,6.6
rf_full,signo_zodiacal_escorpio,333,0.5,0.54,0.533015873015873,0.64,0.5728187134502923,0.49399999999999994,0.523695008637733,6.4,5.6,4.4,3.6
rf_full,signo_zodiacal_escorpio,334,0.5,0.52,0.5119658119658119,0.58,0.5400076277650648,0.48,0.5462203896894299,5.8,5.4,4.6,4.2
rf_full,signo_zodiacal_escorpio,335,0.5,0.66,0.6728787878787879,0.6200000000000001,0.6377777777777778,0.696,0.6974045835485464,6.2,3.0,7.0,3.8
rf_full,signo_zodiacal_escorpio,336,0.5,0.42000000000000004,0.3638095238095238,0.32,0.329281045751634,0.445,0.5220765051941523,3.2,4.8,5.2,6.8
rf_full,signo_zodiacal_escorpio,337,0.5,0.45999999999999996,0.465034965034965,0.4800000000000001,0.46506211180124224,0.43499999999999994,0.5085775541967491,4.8,5.6,4.4,5.2
rf_full,signo_zodiacal_escorpio,338,0.5,0.5599999999999999,0.57,0.4800000000000001,0.5170760233918129,0.55,0.66432569494489,4.8,3.6,6.4,5.2
rf_full,signo_zodiacal_escorpio,339,0.5,0.35,0.3552380952380952,0.38,0.36311942959001786,0.33999999999999997,0.47533046855105676,3.8,6.8,3.2,6.2
rf_full,signo_zodiacal_escorpio,340,0.5,0.49000000000000005,0.4833333333333333,0.4800000000000001,0.47452153110047846,0.458,0.5323603633208897,4.8,5.0,5.0,5.2
rf_full,signo_zodiacal_escorpio,341,0.5,0.51,0.5142857142857142,0.48,0.49253034547152197,0.602,0.6305237507590449,4.8,4.6,5.4,5.2
rf_full,signo_zodiacal_escorpio,342,0.5,0.55,0.5301282051282051,0.56,0.535814668423364,0.5349999999999999,0.591856108975304,5.6,4.6,5.4,4.4
rf_full,signo_zodiacal_escorpio,343,0.5,0.4800000000000001,0.457936507936508,0.45999999999999996,0.44753241392250676,0.5029999999999999,0.5794590415604348,4.6,5.0,5.0,5.4
rf_full,signo_zodiacal_escorpio,344,0.5,0.49000000000000005,0.48769230769230765,0.52,0.500151828847481,0.516,0.6015907821968194,5.2,5.4,4.6,4.8
rf_full,signo_zodiacal_escorpio,345,0.5,0.5200000000000001,0.5229437229437229,0.44000000000000006,0.46974789915966386,0.5049999999999999,0.5634658017421176,4.4,4.0,6.0,5.6
rf_full,signo_zodiacal_escorpio,346,0.5,0.53,0.5651515151515152,0.5,0.5115971747550695,0.5559999999999999,0.6072026378334427,5.0,4.4,5.6,5.0
rf_full,signo_zodiacal_escorpio,347,0.5,0.45,0.46380629174746824,0.52,0.4772929637379765,0.48999999999999994,0.6119121727945258,5.2,6.2,3.8,4.8
rf_full,signo_zodiacal_escorpio,348,0.5,0.56,0.5508838383838384,0.6,0.5659469185784974,0.615,0.6626040235993796,6.0,4.8,5.2,4.0
rf_full,signo_zodiacal_escorpio,349,0.5,0.39,0.37,0.4,0.37716161616161614,0.32299999999999995,0.4376948996995436,4.0,6.2,3.8,6.0
rf_full,signo_zodiacal_escorpio,350,0.5,0.52,0.522020202020202,0.54,0.5295921622237412,0.538,0.5898307258616857,5.4,5.0,5.0,4.6
rf_full,signo_zodiacal_escorpio,351,0.5,0.4800000000000001,0.46821178821178816,0.45999999999999996,0.45720131530873215,0.41899999999999993,0.5065383062929503,4.6,5.0,5.0,5.4
rf_full,signo_zodiacal_escorpio,352,0.5,0.41000000000000003,0.40286324786324784,0.4,0.3983829138062548,0.45,0.5243967680066751,4.0,5.8,4.2,6.0
rf_full,signo_zodiacal_escorpio,353,0.5,0.53,0.5223809523809524,0.5599999999999999,0.5345276292335116,0.527,0.5424993494637457,5.6,5.0,5.0,4.4
rf_full,signo_zodiacal_escorpio,354,0.5,0.5900000000000001,0.5658974358974358,0.7,0.6246640316205533,0.647,0.6955528247981807,7.0,5.2,4.8,3.0
rf_full,signo_zodiacal_escorpio,355,0.5,0.55,0.5685425685425685,0.48,0.5159958720330238,0.556,0.6088027115643214,4.8,3.8,6.2,5.2
rf_full,signo_zodiacal_escorpio,356,0.5,0.45999999999999996,0.4246031746031746,0.44000000000000006,0.41194161875276425,0.43299999999999994,0.5156324416897172,4.4,5.2,4.8,5.6
rf_full,signo_zodiacal_escorpio,357,0.5,0.61,0.6106060606060606,0.6,0.602126528442318,0.631,0.6633647916411074,6.0,3.8,6.2,4.0
rf_full,signo_zodiacal_escorpio,358,0.5,0.58,0.5896464646464646,0.5599999999999999,0.5702134123186754,0.579,0.6219931877547976,5.6,4.0,6.0,4.4
rf_full,signo_zodiacal_escorpio,359,0.5,0.5199999999999999,0.5206060606060606,0.62,0.563948051948052,0.524,0.5803420745920745,6.2,5.8,4.2,3.8
rf_full,signo_zodiacal_escorpio,360,0.5,0.51,0.5006410256410256,0.5599999999999999,0.5255599472990777,0.5090000000000001,0.5633191155249978,5.6,5.4,4.6,4.4
rf_full,signo_zodiacal_escorpio,361,0.5,0.53,0.5263636363636363,0.54,0.5200634920634921,0.5549999999999999,0.5960101925937838,5.4,4.8,5.2,4.6
rf_full,signo_zodiacal_escorpio,362,0.5,0.39,0.39391941391941393,0.44000000000000006,0.4086561264822134,0.388,0.5532462491069302,4.4,6.6,3.4,5.6
rf_full,signo_zodiacal_escorpio,363,0.5,0.5,0.4934065934065933,0.5199999999999999,0.5018511752527097,0.5209999999999999,0.6204538712921066,5.2,5.2,4.8,4.8
rf_full,signo_zodiacal_escorpio,364,0.5,0.49000000000000005,0.48217893217893215,0.45999999999999996,0.4661984730096185,0.48999999999999994,0.5923251182941585,4.6,4.8,5.2,5.4
rf_full,signo_zodiacal_escorpio,365,0.5,0.5499999999999999,0.5555555555555556,0.54,0.5427963849016482,0.591,0.64088551214867,5.4,4.4,5.6,4.6
rf_full,signo_zodiacal_escorpio,366,0.5,0.44000000000000006,0.4178321678321678,0.44000000000000006,0.41985695463956335,0.481,0.5552002827753602,4.4,5.6,4.4,5.6
rf_full,signo_zodiacal_escorpio,367,0.5,0.55,0.5509523809523811,0.5599999999999999,0.5509141838553603,0.571,0.6339382535249408,5.6,4.6,5.4,4.4
rf_full,signo_zodiacal_escorpio,368,0.5,0.4699999999999999,0.4746031746031746,0.41999999999999993,0.43780529755761954,0.485,0.5315674335983933,4.2,4.8,5.2,5.8
rf_full,signo_zodiacal_escorpio,369,0.5,0.45999999999999996,0.46515151515151515,0.52,0.4909090909090909,0.391,0.4743220386424721,5.2,6.0,4.0,4.8
rf_full,signo_zodiacal_escorpio,370,0.5,0.6100000000000001,0.6366666666666666,0.5399999999999999,0.5796491228070175,0.613,0.6190798635489038,5.4,3.2,6.8,4.6
rf_full,signo_zodiacal_escorpio,371,0.5,0.5800000000000001,0.5888034188034188,0.62,0.5970022883295194,0.492,0.5668117926105543,6.2,4.6,5.4,3.8
rf_full,signo_zodiacal_escorpio,372,0.5,0.47000000000000003,0.4432600732600733,0.44000000000000006,0.432404867085174,0.418,0.5020601532969955,4.4,5.0,5.0,5.6
rf_full,signo_zodiacal_escorpio,373,0.5,0.43999999999999995,0.4256410256410256,0.45999999999999996,0.43568753900561685,0.394,0.5003530303545783,4.6,5.8,4.2,5.4
rf_full,signo_zodiacal_escorpio,374,0.5,0.5299999999999999,0.5170177045177045,0.5800000000000001,0.5360520620851755,0.506,0.5827386990374606,5.8,5.2,4.8,4.2
rf_full,signo_zodiacal_escorpio,375,0.5,0.47000000000000003,0.46650793650793654,0.42000000000000004,0.43166150670794634,0.5109999999999999,0.5666777487218664,4.2,4.8,5.2,5.8
rf_full,signo_zodiacal_escorpio,376,0.5,0.61,0.6132478632478632,0.62,0.611053325012135,0.655,0.6652763980085961,6.2,4.0,6.0,3.8
rf_full,signo_zodiacal_escorpio,377,0.5,0.6499999999999999,0.6366666666666666,0.7000000000000001,0.6644976076555025,0.703,0.7524600097185237,7.0,4.0,6.0,3.0
rf_full,signo_zodiacal_escorpio,378,0.5,0.5599999999999999,0.5694444444444444,0.5,0.525518341307815,0.585,0.6295770597651403,5.0,3.8,6.2,5.0
rf_full,signo_zodiacal_escorpio,379,0.5,0.4600000000000001,0.4533333333333333,0.44000000000000006,0.4442424242424242,0.476,0.5765382867046953,4.4,5.2,4.8,5.6
rf_full,signo_zodiacal_escorpio,380,0.5,0.5599999999999999,0.5596464646464646,0.4999999999999999,0.5233208020050124,0.622,0.662294100893946,5.0,3.8,6.2,5.0
rf_full,signo_zodiacal_escorpio,381,0.5,0.45,0.47619047619047616,0.38000000000000006,0.41503267973856206,0.4,0.4757042787793561,3.8,4.8,5.2,6.2
rf_full,signo_zodiacal_escorpio,382,0.5,0.55,0.5592857142857143,0.4800000000000001,0.5141176470588235,0.643,0.6802057529673629,4.8,3.8,6.2,5.2
rf_full,signo_zodiacal_escorpio,383,0.5,0.59,0.5906915306915306,0.6200000000000001,0.6029443173150267,0.5820000000000001,0.5921401714900167,6.2,4.4,5.6,3.8
rf_full,signo_zodiacal_escorpio,384,0.5,0.4699999999999999,0.4756410256410256,0.39999999999999997,0.423792270531401,0.518,0.5593682020593784,4.0,4.6,5.4,6.0
rf_full,signo_zodiacal_escorpio,385,0.5,0.48,0.48227124183006537,0.5799999999999998,0.5147098515519567,0.44899999999999995,0.5036237069603942,5.8,6.2,3.8,4.2
rf_full,signo_zodiacal_escorpio,386,0.5,0.44000000000000006,0.436969696969697,0.52,0.4716773752563227,0.38,0.4805925196234794,5.2,6.4,3.6,4.8
rf_full,signo_zodiacal_escorpio,387,0.5,0.56,0.5926434676434675,0.5599999999999999,0.567430938813359,0.55,0.6073078849255319,5.6,4.4,5.6,4.4
rf_full,signo_zodiacal_escorpio,388,0.5,0.5900000000000001,0.6042857142857143,0.5599999999999999,0.5769747899159665,0.592,0.620808500495033,5.6,3.8,6.2,4.4
rf_full,signo_zodiacal_escorpio,389,0.5,0.48,0.49581196581196585,0.5,0.4935912904791623,0.5130000000000001,0.5903902296533875,5.0,5.4,4.6,5.0
rf_full,signo_zodiacal_escorpio,390,0.5,0.41,0.3773809523809524,0.32,0.33339598997493736,0.392,0.46879332758744524,3.2,5.0,5.0,6.8
rf_full,signo_zodiacal_escorpio,391,0.5,0.5599999999999999,0.5633838383838383,0.5599999999999999,0.5587985114300904,0.48599999999999993,0.5043386519741009,5.6,4.4,5.6,4.4
rf_full,signo_zodiacal_escorpio,392,0.5,0.6300000000000001,0.6189210789210788,0.6799999999999999,0.6399147485080989,0.675,0.7306100180349405,6.8,4.2,5.8,3.2
rf_full,signo_zodiacal_escorpio,393,0.5,0.54,0.5365656565656567,0.6000000000000001,0.5637310667974283,0.557,0.6233345357772603,6.0,5.2,4.8,4.0
rf_full,signo_zodiacal_escorpio,394,0.5,0.51,0.5022222222222222,0.43999999999999995,0.46684210526315795,0.465,0.5562659372790952,4.4,4.2,5.8,5.6
rf_full,signo_zodiacal_escorpio,395,0.5,0.52,0.5362421891833656,0.6000000000000001,0.546537842190016,0.537,0.5987744345437844,6.0,5.6,4.4,4.0
rf_full,signo_zodiacal_escorpio,396,0.5,0.45,0.44646464646464645,0.36,0.39260651629072685,0.47000000000000003,0.5664226606726606,3.6,4.6,5.4,6.4
rf_full,signo_zodiacal_escorpio,397,0.5,0.53,0.5461904761904762,0.52,0.5285561497326203,0.5640000000000001,0.6313790910671715,5.2,4.6,5.4,4.8
rf_full,signo_zodiacal_escorpio,398,0.5,0.37,0.3733333333333333,0.4,0.3814407230196704,0.339,0.4456575381103244,4.0,6.6,3.4,6.0
rf_full,signo_zodiacal_escorpio,399,0.5,0.39,0.35714285714285715,0.36,0.3490790255496138,0.339,0.48711488984012197,3.6,5.8,4.2,6.4
rf_full,signo_zodiacal_escorpio,400,0.5,0.41,0.38225108225108223,0.3,0.33272642390289453,0.4,0.4810870708239129,3.0,4.8,5.2,7.0
rf_full,signo_zodiacal_escorpio,401,0.5,0.47000000000000003,0.4709090909090909,0.42000000000000004,0.43994397759103643,0.4640000000000001,0.5202933722624125,4.2,4.8,5.2,5.8
rf_full,signo_zodiacal_escorpio,402,0.5,0.53,0.5294949494949495,0.5,0.5127485380116958,0.524,0.6033697501329081,5.0,4.4,5.6,5.0
rf_full,signo_zodiacal_escorpio,403,0.5,0.55,0.5592496392496392,0.48,0.5101371074745688,0.5469999999999999,0.6122492601138111,4.8,3.8,6.2,5.2
rf_full,signo_zodiacal_escorpio,404,0.5,0.5399999999999999,0.5304700854700855,0.5599999999999999,0.5409416822689134,0.579,0.6573786748167553,5.6,4.8,5.2,4.4
rf_full,signo_zodiacal_escorpio,405,0.5,0.53,0.5371250971250972,0.56,0.5465053939195816,0.5519999999999999,0.6080539932204019,5.6,5.0,5.0,4.4
rf_full,signo_zodiacal_escorpio,406,0.5,0.45,0.458974358974359,0.5,0.47563969211566465,0.481,0.563997010127815,5.0,6.0,4.0,5.0
rf_full,signo_zodiacal_escorpio,407,0.5,0.33999999999999997,0.29333333333333333,0.3,0.29535353535353537,0.3590000000000001,0.4766375275051746,3.0,6.2,3.8,7.0
rf_full,signo_zodiacal_escorpio,408,0.5,0.43999999999999995,0.44927738927738925,0.5,0.462776397515528,0.475,0.5656749921045586,5.0,6.2,3.8,5.0
rf_full,signo_zodiacal_escorpio,409,0.5,0.5199999999999999,0.5262626262626263,0.54,0.5311460469355206,0.52,0.6045272586890234,5.4,5.0,5.0,4.6
rf_full,signo_zodiacal_escorpio,410,0.5,0.5700000000000001,0.5714535464535464,0.58,0.5677358163291667,0.54,0.6161663810046163,5.8,4.4,5.6,4.2
rf_full,signo_zodiacal_escorpio,411,0.5,0.4,0.39964646464646464,0.4,0.3978901799954431,0.329,0.44994484093477893,4.0,6.0,4.0,6.0
rf_full,signo_zodiacal_escorpio,412,0.5,0.43,0.4338578088578089,0.5,0.4615095049877659,0.373,0.460401561888404,5.0,6.4,3.6,5.0
rf_full,signo_zodiacal_escorpio,413,0.5,0.55,0.5436868686868687,0.54,0.5389382547277284,0.583,0.6153287921229097,5.4,4.4,5.6,4.6
rf_full,signo_zodiacal_escorpio,414,0.5,0.48,0.4803030303030303,0.52,0.4966810966810966,0.525,0.5828138615770195,5.2,5.6,4.4,4.8
rf_full,signo_zodiacal_escorpio,415,0.5,0.43999999999999995,0.4488888888888889,0.5,0.4669175970228602,0.441,0.47989107950872656,5.0,6.2,3.8,5.0
rf_full,signo_zodiacal_escorpio,416,0.5,0.5199999999999999,0.5323076923076923,0.58,0.541871635610766,0.584,0.6633943443897004,5.8,5.4,4.6,4.2
rf_full,signo_zodiacal_escorpio,417,0.5,0.47000000000000003,0.45512265512265504,0.4600000000000001,0.4511106196864711,0.466,0.5205457228529984,4.6,5.2,4.8,5.4
rf_full,signo_zodiacal_escorpio,418,0.5,0.58,0.5714718614718615,0.5599999999999999,0.5610355657414481,0.591,0.6787269756387403,5.6,4.0,6.0,4.4
rf_full,signo_zodiacal_escorpio,419,0.5,0.5,0.492987012987013,0.42000000000000004,0.44781045751633985,0.53,0.5900299141003476,4.2,4.2,5.8,5.8
rf_full,signo_zodiacal_escorpio,420,0.5,0.51,0.49725829725829723,0.58,0.5303258145363409,0.489,0.5288622739489612,5.8,5.6,4.4,4.2
rf_full,signo_zodiacal_escorpio,421,0.5,0.38,0.3753246753246754,0.38,0.37563025210084033,0.379,0.5015702492382059,3.8,6.2,3.8,6.2
rf_full,signo_zodiacal_escorpio,422,0.5,0.4,0.3643939393939394,0.36,0.36008202323991795,0.442,0.5488737286105707,3.6,5.6,4.4,6.4
rf_full,signo_zodiacal_escorpio,423,0.5,0.55,0.5631746031746031,0.45999999999999996,0.49832817337461305,0.538,0.6066661861530283,4.6,3.6,6.4,5.4
rf_full,signo_zodiacal_escorpio,424,0.5,0.52,0.5349567099567099,0.44000000000000006,0.47693744164332397,0.501,0.5667657338361674,4.4,4.0,6.0,5.6
rf_full,signo_zodiacal_escorpio,425,0.5,0.5199999999999999,0.55,0.44000000000000006,0.46041558441558433,0.589,0.6584523809523809,4.4,4.0,6.0,5.6
rf_full,signo_zodiacal_escorpio,426,0.5,0.53,0.5543650793650793,0.45999999999999996,0.4979954342183445,0.512,0.5558935698804119,4.6,4.0,6.0,5.4
rf_full,signo_zodiacal_escorpio,427,0.5,0.54,0.5143434343434343,0.54,0.5214160401002507,0.531,0.5959528598336649,5.4,4.6,5.4,4.6
rf_full,signo_zodiacal_escorpio,428,0.5,0.52,0.517948717948718,0.62,0.563674007152268,0.601,0.6705579959256429,6.2,5.8,4.2,3.8
rf_full,signo_zodiacal_escorpio,429,0.5,0.48,0.48519480519480523,0.45999999999999996,0.4673355402767167,0.5449999999999999,0.5961718140820308,4.6,5.0,5.0,5.4
rf_full,signo_zodiacal_escorpio,430,0.5,0.44000000000000006,0.42702020202020197,0.5,0.454359675412307,0.387,0.4802990920328381,5.0,6.2,3.8,5.0
rf_full,signo_zodiacal_escorpio,431,0.5,0.5,0.49464646464646467,0.5,0.49465785676311996,0.521,0.5196356215164265,5.0,5.0,5.0,5.0
rf_full,signo_zodiacal_escorpio,432,0.5,0.55,0.5457575757575758,0.5,0.5115584415584415,0.569,0.6036764783204412,5.0,4.0,6.0,5.0
rf_full,signo_zodiacal_escorpio,433,0.5,0.55,0.5565079365079366,0.48,0.513532851737186,0.55,0.5745876623376623,4.8,3.8,6.2,5.2
rf_full,signo_zodiacal_escorpio,434,0.5,0.56,0.5650793650793651,0.52,0.532094943240454,0.643,0.6777743824802649,5.2,4.0,6.0,4.8
rf_full,signo_zodiacal_escorpio,435,0.5,0.36,0.38111888111888115,0.48,0.42391304347826086,0.302,0.4409295251532093,4.8,7.6,2.4,5.2
rf_full,signo_zodiacal_escorpio,436,0.5,0.6199999999999999,0.6132756132756132,0.62,0.6115020170747725,0.609,0.6028591365634709,6.2,3.8,6.2,3.8
rf_full,signo_zodiacal_escorpio,437,0.5,0.5,0.4916666666666667,0.42000000000000004,0.44563492063492055,0.5780000000000001,0.5879052952551406,4.2,4.2,5.8,5.8
rf_full,signo_zodiacal_escorpio,438,0.5,0.4800000000000001,0.47864357864357865,0.41999999999999993,0.441327583665045,0.506,0.5619964567596146,4.2,4.6,5.4,5.8
rf_full,signo_zodiacal_escorpio,439,0.5,0.43,0.41793650793650794,0.36,0.3790411858523314,0.41,0.48112735630382686,3.6,5.0,5.0,6.4
rf_full,signo_zodiacal_escorpio,440,0.5,0.48999999999999994,0.4882478632478633,0.47999999999999987,0.48021866259852536,0.516,0.5864415933223983,4.8,5.0,5.0,5.2
rf_full,signo_zodiacal_escorpio,441,0.5,0.51,0.5059163059163059,0.5,0.4996609169983782,0.48,0.5470913453591473,5.0,4.8,5.2,5.0
rf_full,signo_zodiacal_escorpio,442,0.5,0.5700000000000001,0.5965079365079365,0.45999999999999996,0.4998666349130745,0.6,0.6516214787964014,4.6,3.2,6.8,5.4
rf_full,signo_zodiacal_escorpio,443,0.5,0.55,0.5564574314574315,0.52,0.5321369377096932,0.526,0.5616632807337142,5.2,4.2,5.8,4.8
rf_full,signo_zodiacal_escorpio,444,0.5,0.5,0.495,0.41999999999999993,0.4438095238095238,0.442,0.5232099999243962,4.2,4.2,5.8,5.8
rf_full,signo_zodiacal_escorpio,445,0.5,0.33999999999999997,0.3516705516705517,0.4,0.37321762905286937,0.28700000000000003,0.4297510886086737,4.0,7.2,2.8,6.0
rf_full,signo_zodiacal_escorpio,446,0.5,0.54,0.53,0.5599999999999999,0.5420490620490621,0.505,0.5810783964917092,5.6,4.8,5.2,4.4
rf_full,signo_zodiacal_escorpio,447,0.5,0.54,0.5494094794094794,0.5399999999999999,0.5312447125719436,0.5379999999999999,0.6017726995226995,5.4,4.6,5.4,4.6
rf_full,signo_zodiacal_escorpio,448,0.5,0.6,0.5893939393939392,0.62,0.6024606971975393,0.64,0.6577514342382764,6.2,4.2,5.8,3.8
rf_full,signo_zodiacal_escorpio,449,0.5,0.4,0.3724603174603175,0.33999999999999997,0.354406604747162,0.42699999999999994,0.5064390239962996,3.4,5.4,4.6,6.6
rf_full,signo_zodiacal_escorpio,450,0.5,0.51,0.5297979797979797,0.5,0.5118250170881751,0.5029999999999999,0.5658031947412752,5.0,4.8,5.2,5.0
rf_full,signo_zodiacal_escorpio,451,0.5,0.53,0.5261111111111111,0.45999999999999996,0.48692982456140343,0.558,0.5854018569150148,4.6,4.0,6.0,5.4
rf_full,signo_zodiacal_escorpio,452,0.5,0.51,0.5057142857142857,0.44000000000000006,0.46895080839353287,0.509,0.5814255085299976,4.4,4.2,5.8,5.6
rf_full,signo_zodiacal_escorpio,453,0.5,0.49000000000000005,0.48138528138528136,0.44000000000000006,0.4575015971300801,0.5219999999999999,0.5546866636115861,4.4,4.6,5.4,5.6
rf_full,signo_zodiacal_escorpio,454,0.5,0.51,0.5046536796536796,0.5399999999999999,0.516161616161616,0.506,0.5549689193675261,5.4,5.2,4.8,4.6
rf_full,signo_zodiacal_escorpio,455,0.5,0.52,0.5304834054834056,0.48,0.49943486166396384,0.438,0.5604821178133872,4.8,4.4,5.6,5.2
rf_full,signo_zodiacal_escorpio,456,0.5,0.5,0.5117521367521368,0.54,0.5207220950928045,0.46299999999999997,0.5085949684989932,5.4,5.4,4.6,4.6
rf_full,signo_zodiacal_escorpio,457,0.5,0.48,0.4764285714285714,0.42000000000000004,0.4413784907902555,0.485,0.5463718952186444,4.2,4.6,5.4,5.8
rf_full,signo_zodiacal_escorpio,458,0.5,0.5,0.5166666666666666,0.43999999999999995,0.45432900432900425,0.457,0.5347209914268738,4.4,4.4,5.6,5.6
rf_full,signo_zodiacal_escorpio,459,0.5,0.47000000000000003,0.4652680652680653,0.52,0.4892260295006291,0.529,0.5949654197711474,5.2,5.8,4.2,4.8
rf_full,signo_zodiacal_escorpio,460,0.5,0.47000000000000003,0.47265512265512266,0.42000000000000004,0.438004771286505,0.45600000000000007,0.521267648588082,4.2,4.8,5.2,5.8
rf_full,signo_zodiacal_escorpio,461,0.5,0.48,0.47777777777777775,0.42000000000000004,0.4461988304093567,0.466,0.5487136588901295,4.2,4.6,5.4,5.8
rf_full,signo_zodiacal_escorpio,462,0.5,0.47000000000000003,0.4666666666666667,0.47999999999999987,0.4611971104231166,0.501,0.562777731040889,4.8,5.4,4.6,5.2
rf_full,signo_zodiacal_escorpio,463,0.5,0.61,0.6304761904761904,0.58,0.5909803921568628,0.621,0.6525109030975904,5.8,3.6,6.4,4.2
rf_full,signo_zodiacal_escorpio,464,0.5,0.45999999999999996,0.48409090909090907,0.39999999999999997,0.4152181152181152,0.529,0.5789123829386987,4.0,4.8,5.2,6.0
rf_full,signo_zodiacal_escorpio,465,0.5,0.42000000000000004,0.3936507936507936,0.3,0.33854489164086693,0.33899999999999997,0.44101504214739506,3.0,4.6,5.4,7.0
rf_full,signo_zodiacal_escorpio,466,0.5,0.4600000000000001,0.4473076923076923,0.38000000000000006,0.4021256038647342,0.5279999999999999,0.5623415055017222,3.8,4.6,5.4,6.2
rf_full,signo_zodiacal_escorpio,467,0.5,0.53,0.5307142857142858,0.44000000000000006,0.47947712418300653,0.5349999999999999,0.6096257700847484,4.4,3.8,6.2,5.6
rf_full,signo_zodiacal_escorpio,468,0.5,0.57,0.5966666666666667,0.5599999999999999,0.563030303030303,0.585,0.6366720219924554,5.6,4.2,5.8,4.4
rf_full,signo_zodiacal_escorpio,469,0.5,0.49000000000000005,0.5109523809523809,0.45999999999999996,0.47411764705882353,0.49700000000000005,0.5558197702710087,4.6,4.8,5.2,5.4
rf_full,signo_zodiacal_escorpio,470,0.5,0.48,0.4833333333333333,0.39999999999999997,0.4303827751196172,0.514,0.5890067503875553,4.0,4.4,5.6,6.0
rf_full,signo_zodiacal_escorpio,471,0.5,0.51,0.5186147186147186,0.5,0.5041815769369948,0.5000000000000001,0.5315373390799087,5.0,4.8,5.2,5.0
rf_full,signo_zodiacal_escorpio,472,0.5,0.54,0.5324675324675324,0.5599999999999999,0.5396825396825397,0.5680000000000001,0.6265207004897407,5.6,4.8,5.2,4.4
rf_full,signo_zodiacal_escorpio,473,0.5,0.51,0.5037795537795537,0.5799999999999998,0.5331611696061823,0.53,0.5677521979224764,5.8,5.6,4.4,4.2
rf_full,signo_zodiacal_escorpio,474,0.5,0.47000000000000003,0.486013986013986,0.42000000000000004,0.4362422360248447,0.5,0.5361816665446696,4.2,4.8,5.2,5.8
rf_full,signo_zodiacal_escorpio,475,0.5,0.4800000000000001,0.4884415584415584,0.4600000000000001,0.4692029539088362,0.4699999999999999,0.5355075849503094,4.6,5.0,5.0,5.4
rf_full,signo_zodiacal_escorpio,476,0.5,0.41000000000000003,0.42878787878787883,0.45999999999999996,0.43740769034886684,0.42400000000000004,0.5221777322264938,4.6,6.4,3.6,5.4
rf_full,signo_zodiacal_escorpio,477,0.5,0.51,0.5277272727272727,0.43999999999999995,0.47563492063492063,0.4779999999999999,0.5567810337237582,4.4,4.2,5.8,5.6
rf_full,signo_zodiacal_escorpio,478,0.5,0.47000000000000003,0.46571428571428575,0.48,0.46523469994058225,0.4119999999999999,0.47581688736100497,4.8,5.4,4.6,5.2
rf_full,signo_zodiacal_escorpio,479,0.5,0.61,0.6157575757575757,0.62,0.6160082023239918,0.598,0.642379674848715,6.2,4.0,6.0,3.8
rf_full,signo_zodiacal_escorpio,480,0.5,0.54,0.55,0.52,0.5313131313131313,0.54,0.5998185872435099,5.2,4.4,5.6,4.8
rf_full,signo_zodiacal_escorpio,481,0.5,0.4700000000000001,0.44520812520812514,0.44000000000000006,0.43569236390208255,0.47000000000000003,0.5370219959778784,4.4,5.0,5.0,5.6
rf_full,signo_zodiacal_escorpio,482,0.5,0.47000000000000003,0.4673076923076923,0.5199999999999999,0.48599033816425125,0.44499999999999995,0.5442981842718685,5.2,5.8,4.2,4.8
rf_full,signo_zodiacal_escorpio,483,0.5,0.44000000000000006,0.42777777777777776,0.4,0.41084529505582135,0.449,0.5091715114950409,4.0,5.2,4.8,6.0
rf_full,signo_zodiacal_escorpio,484,0.5,0.47000000000000003,0.48257575757575755,0.5,0.48463203463203464,0.44399999999999995,0.5489058658060205,5.0,5.6,4.4,5.0
rf_full,signo_zodiacal_escorpio,485,0.5,0.48999999999999994,0.4836868686868687,0.5199999999999999,0.4951679197994988,0.44799999999999995,0.5535969786147805,5.2,5.4,4.6,4.8
rf_full,signo_zodiacal_escorpio,486,0.5,0.51,0.510909090909091,0.48,0.4882178932178933,0.5269999999999999,0.5620897333660491,4.8,4.6,5.4,5.2
rf_full,signo_zodiacal_escorpio,487,0.5,0.43,0.42230769230769233,0.45999999999999996,0.43434782608695655,0.41,0.5265900243547302,4.6,6.0,4.0,5.4
rf_full,signo_zodiacal_escorpio,488,0.5,0.5599999999999999,0.5770634920634921,0.54,0.5488077055383558,0.6380000000000001,0.6530552025374006,5.4,4.2,5.8,4.6
rf_full,signo_zodiacal_escorpio,489,0.5,0.49000000000000005,0.4890909090909091,0.45999999999999996,0.47206349206349196,0.5229999999999999,0.560353467396037,4.6,4.8,5.2,5.4
rf_full,signo_zodiacal_escorpio,490,0.5,0.56,0.581056721056721,0.5799999999999998,0.5609600087174458,0.623,0.6663769353281737,5.8,4.6,5.4,4.2
rf_full,signo_zodiacal_escorpio,491,0.5,0.59,0.5796825396825396,0.64,0.6008187134502923,0.6740000000000002,0.6870084866114278,6.4,4.6,5.4,3.6
rf_full,signo_zodiacal_escorpio,492,0.5,0.6300000000000001,0.6678282828282829,0.5800000000000001,0.6070388091440723,0.635,0.6657750001116873,5.8,3.2,6.8,4.2
rf_full,signo_zodiacal_escorpio,493,0.5,0.45,0.47510822510822515,0.44000000000000006,0.4420995670995671,0.375,0.4695187894321021,4.4,5.4,4.6,5.6
rf_full,signo_zodiacal_escorpio,494,0.5,0.5,0.4956060606060606,0.4999999999999999,0.48977777777777787,0.524,0.6258083777247864,5.0,5.0,5.0,5.0
rf_full,signo_zodiacal_escorpio,495,0.5,0.55,0.5492507492507491,0.54,0.5386637950374658,0.583,0.6435644633144634,5.4,4.4,5.6,4.6
rf_full,signo_zodiacal_escorpio,496,0.5,0.45,0.45,0.36,0.38898762056656794,0.4750000000000001,0.5294592329754868,3.6,4.6,5.4,6.4
rf_full,signo_zodiacal_escorpio,497,0.5,0.45,0.4242857142857142,0.44000000000000006,0.41501165501165493,0.5029999999999999,0.5771564421990119,4.4,5.4,4.6,5.6
rf_full,signo_zodiacal_escorpio,498,0.5,0.5599999999999999,0.5748917748917748,0.56,0.553537936913896,0.574,0.6293817097934745,5.6,4.4,5.6,4.4
rf_full,signo_zodiacal_escorpio,499,0.5,0.55,0.5511904761904762,0.38,0.44423436041083103,0.582,0.610474959680842,3.8,2.8,7.2,6.2
rf_full,signo_zodiacal_escorpio,500,0.5,0.53,0.5333333333333333,0.52,0.5248803827751196,0.5369999999999999,0.5917863222948363,5.2,4.6,5.4,4.8
rf_full,signo_zodiacal_geminis,1,0.5,0.57,0.5892207792207792,0.5399999999999999,0.5585994397759103,0.596,0.6821531774898648,5.4,4.0,6.0,4.6
rf_full,signo_zodiacal_geminis,2,0.5,0.39,0.3111111111111111,0.27999999999999997,0.2906166932482722,0.44299999999999995,0.5145354824913648,2.8,5.0,5.0,7.2
rf_full,signo_zodiacal_geminis,3,0.5,0.48,0.48611111111111105,0.4,0.43508771929824563,0.495,0.6290003068826598,4.0,4.4,5.6,6.0
rf_full,signo_zodiacal_geminis,4,0.5,0.48,0.48269230769230764,0.43999999999999995,0.4484057971014493,0.48,0.550661896325209,4.4,4.8,5.2,5.6
rf_full,signo_zodiacal_geminis,5,0.5,0.43,0.4227777777777778,0.38,0.3959436469962786,0.41899999999999993,0.5164033019783794,3.8,5.2,4.8,6.2
rf_full,signo_zodiacal_geminis,6,0.5,0.53,0.5476190476190477,0.45999999999999996,0.49209744503862146,0.606,0.6668765221706399,4.6,4.0,6.0,5.4
rf_full,signo_zodiacal_geminis,7,0.5,0.44000000000000006,0.40595238095238095,0.4800000000000001,0.4313131313131313,0.40099999999999997,0.5422738219812523,4.8,6.0,4.0,5.2
rf_full,signo_zodiacal_geminis,8,0.5,0.5,0.5103968253968254,0.48,0.4856498108015136,0.48599999999999993,0.5395121524502329,4.8,4.8,5.2,5.2
rf_full,signo_zodiacal_geminis,9,0.5,0.5900000000000001,0.6126923076923076,0.58,0.5845674132630655,0.64,0.6723773432449903,5.8,4.0,6.0,4.2
rf_full,signo_zodiacal_geminis,10,0.5,0.4600000000000001,0.4513347763347763,0.42000000000000004,0.43252248267728144,0.4630000000000001,0.5862135179062423,4.2,5.0,5.0,5.8
rf_full,signo_zodiacal_geminis,11,0.5,0.55,0.554068154068154,0.5599999999999999,0.5513476786595646,0.5189999999999999,0.5412283590162847,5.6,4.6,5.4,4.4
rf_full,signo_zodiacal_geminis,12,0.5,0.6100000000000001,0.6256060606060606,0.52,0.5594444444444444,0.6719999999999999,0.6937053660993289,5.2,3.0,7.0,4.8
rf_full,signo_zodiacal_geminis,13,0.5,0.5999999999999999,0.65,0.5599999999999999,0.5743506493506494,0.6399999999999999,0.6831522307242122,5.6,3.6,6.4,4.4
rf_full,signo_zodiacal_geminis,14,0.5,0.49000000000000005,0.47545787545787543,0.5,0.478432120369124,0.514,0.6221766911279294,5.0,5.2,4.8,5.0
rf_full,signo_zodiacal_geminis,15,0.5,0.41,0.3954545454545455,0.4,0.3946058327637275,0.433,0.5107088342514039,4.0,5.8,4.2,6.0
rf_full,signo_zodiacal_geminis,16,0.5,0.52,0.5233766233766233,0.5,0.5084033613445378,0.5690000000000002,0.6109569929554449,5.0,4.6,5.4,5.0
rf_full,signo_zodiacal_geminis,17,0.5,0.48999999999999994,0.4627272727272727,0.45999999999999996,0.4573520923520923,0.5269999999999999,0.5732309973308426,4.6,4.8,5.2,5.4
rf_full,signo_zodiacal_geminis,18,0.5,0.6,0.6131313131313132,0.5599999999999999,0.5782125768967874,0.585,0.6428317983186403,5.6,3.6,6.4,4.4
rf_full,signo_zodiacal_geminis,19,0.5,0.53,0.5572447160682454,0.54,0.5311546840958605,0.583,0.6290741468713604,5.4,4.8,5.2,4.6
rf_full,signo_zodiacal_geminis,20,0.5,0.47000000000000003,0.46803418803418806,0.48,0.46373483114901876,0.501,0.5410651472710296,4.8,5.4,4.6,5.2
rf_full,signo_zodiacal_geminis,21,0.5,0.5199999999999999,0.5413170163170162,0.5199999999999999,0.5197126544952632,0.49799999999999994,0.5755524475524476,5.2,4.8,5.2,4.8
rf_full,signo_zodiacal_geminis,22,0.5,0.48999999999999994,0.48277777777777775,0.5199999999999999,0.49586921850079746,0.503,0.5799177558767342,5.2,5.4,4.6,4.8
rf_full,signo_zodiacal_geminis,23,0.5,0.5000000000000001,0.507012987012987,0.5,0.4998319327731092,0.5069999999999999,0.6183043933190993,5.0,5.0,5.0,5.0
rf_full,signo_zodiacal_geminis,24,0.5,0.45,0.4678754578754578,0.5599999999999999,0.5006499263737115,0.41500000000000004,0.4964317165462676,5.6,6.6,3.4,4.4
rf_full,signo_zodiacal_geminis,25,0.5,0.51,0.5122655122655123,0.52,0.509280554326994,0.555,0.6587249313294204,5.2,5.0,5.0,4.8
rf_full,signo_zodiacal_geminis,26,0.5,0.51,0.5033613445378151,0.62,0.5461279461279461,0.5229999999999999,0.5415169532050338,6.2,6.0,4.0,3.8
rf_full,signo_zodiacal_geminis,27,0.5,0.55,0.5476923076923077,0.54,0.5367391304347826,0.607,0.6433867962103255,5.4,4.4,5.6,4.6
rf_full,signo_zodiacal_geminis,28,0.5,0.48,0.4903535353535354,0.48,0.482521455153034,0.45299999999999996,0.5319803709362533,4.8,5.2,4.8,5.2
rf_full,signo_zodiacal_geminis,29,0.5,0.59,0.6433333333333333,0.5199999999999999,0.5532698412698411,0.622,0.6333762342748411,5.2,3.4,6.6,4.8
rf_full,signo_zodiacal_geminis,30,0.5,0.42000000000000004,0.4418181818181818,0.42000000000000004,0.42320346320346325,0.40700000000000003,0.4906043150176277,4.2,5.8,4.2,5.8
rf_full,signo_zodiacal_geminis,31,0.5,0.56,0.5716305916305916,0.5000000000000001,0.5231495851929288,0.571,0.6664593466389132,5.0,3.8,6.2,5.0
rf_full,signo_zodiacal_geminis,32,0.5,0.54,0.5496031746031746,0.45999999999999996,0.4992432060543516,0.522,0.5426366462055316,4.6,3.8,6.2,5.4
rf_full,signo_zodiacal_geminis,33,0.5,0.52,0.5376623376623376,0.5800000000000001,0.5501145912910619,0.55,0.6108308156411872,5.8,5.4,4.6,4.2
rf_full,signo_zodiacal_geminis,34,0.5,0.61,0.6075213675213675,0.62,0.6107093821510297,0.615,0.6256025271598027,6.2,4.0,6.0,3.8
rf_full,signo_zodiacal_geminis,35,0.5,0.4,0.3947979797979798,0.38,0.3861152882205513,0.33999999999999997,0.47004513383073754,3.8,5.8,4.2,6.2
rf_full,signo_zodiacal_geminis,36,0.5,0.39,0.3817016317016317,0.4,0.3846052879233658,0.38100000000000006,0.4841836876573719,4.0,6.2,3.8,6.0
rf_full,signo_zodiacal_geminis,37,0.5,0.5199999999999999,0.5490909090909091,0.54,0.5267099567099567,0.524,0.5780938316069895,5.4,5.0,5.0,4.6
rf_full,signo_zodiacal_geminis,38,0.5,0.5800000000000001,0.6054834054834055,0.52,0.5514816452896948,0.592,0.636432805928162,5.2,3.6,6.4,4.8
rf_full,signo_zodiacal_geminis,39,0.5,0.5599999999999999,0.5619047619047619,0.52,0.5336898395721925,0.5359999999999999,0.569720428694113,5.2,4.0,6.0,4.8
rf_full,signo_zodiacal_geminis,40,0.5,0.41000000000000003,0.3890775890775891,0.4,0.3903518386759738,0.369,0.5284012348160955,4.0,5.8,4.2,6.0
rf_full,signo_zodiacal_geminis,41,0.5,0.5299999999999999,0.5111111111111111,0.44000000000000006,0.4671679197994987,0.516,0.5653307536117133,4.4,3.8,6.2,5.6
rf_full,signo_zodiacal_geminis,42,0.5,0.45999999999999996,0.45258297258297253,0.42000000000000004,0.4332950022114108,0.48100000000000004,0.5626711632021228,4.2,5.0,5.0,5.8
rf_full,signo_zodiacal_geminis,43,0.5,0.45999999999999996,0.4507503607503608,0.4600000000000001,0.4460107130571527,0.4880000000000001,0.5245717425849005,4.6,5.4,4.6,5.4
rf_full,signo_zodiacal_geminis,44,0.5,0.53,0.5220779220779221,0.5,0.5022981920040743,0.517,0.5980747389865038,5.0,4.4,5.6,5.0
rf_full,signo_zodiacal_geminis,45,0.5,0.47000000000000003,0.4783216783216783,0.52,0.4950637463223275,0.48,0.5692170027255166,5.2,5.8,4.2,4.8
rf_full,signo_zodiacal_geminis,46,0.5,0.48,0.48661616161616167,0.5,0.48969393179919496,0.49800000000000005,0.5627932427050074,5.0,5.4,4.6,5.0
rf_full,signo_zodiacal_geminis,47,0.5,0.5700000000000001,0.6011616161616161,0.5599999999999999,0.5583985605038236,0.5219999999999999,0.585356652549377,5.6,4.2,5.8,4.4
rf_full,signo_zodiacal_geminis,48,0.5,0.5,0.5166666666666667,0.45999999999999996,0.47896825396825393,0.5,0.5760967000835422,4.6,4.6,5.4,5.4
rf_full,signo_zodiacal_geminis,49,0.5,0.54,0.5452020202020201,0.54,0.5362155388471178,0.5050000000000001,0.5370279309613675,5.4,4.6,5.4,4.6
rf_full,signo_zodiacal_geminis,50,0.5,0.55,0.5399999999999999,0.5399999999999999,0.5328104575163399,0.525,0.5738444747546915,5.4,4.4,5.6,4.6
rf_full,signo_zodiacal_geminis,51,0.5,0.5700000000000001,0.5765079365079365,0.45999999999999996,0.5017868199911544,0.607,0.6341100529157805,4.6,3.2,6.8,5.4
rf_full,signo_zodiacal_geminis,52,0.5,0.52,0.5215811965811966,0.54,0.5265845773854927,0.497,0.5280989925107573,5.4,5.0,5.0,4.6
rf_full,signo_zodiacal_geminis,53,0.5,0.52,0.4459340659340659,0.44000000000000006,0.4367774936061381,0.549,0.6340304052672474,4.4,4.0,6.0,5.6
rf_full,signo_zodiacal_geminis,54,0.5,0.43,0.4080341880341881,0.42000000000000004,0.407977255391443,0.41800000000000004,0.5136211603154328,4.2,5.6,4.4,5.8
rf_full,signo_zodiacal_geminis,55,0.5,0.49000000000000005,0.49777777777777776,0.42000000000000004,0.44842105263157894,0.5159999999999999,0.5393833166317686,4.2,4.4,5.6,5.8
rf_full,signo_zodiacal_geminis,56,0.5,0.43,0.4155555555555555,0.41999999999999993,0.4093684210526316,0.46799999999999997,0.5837489536607186,4.2,5.6,4.4,5.8
rf_full,signo_zodiacal_geminis,57,0.5,0.55,0.544024864024864,0.5199999999999999,0.5225934401220442,0.502,0.5769438971760954,5.2,4.2,5.8,4.8
rf_full,signo_zodiacal_geminis,58,0.5,0.4499999999999999,0.4353246753246752,0.43999999999999995,0.4356302521008403,0.42600000000000005,0.48234953831857846,4.4,5.4,4.6,5.6
rf_full,signo_zodiacal_geminis,59,0.5,0.5599999999999999,0.5460317460317461,0.54,0.5398817900365888,0.526,0.5458000132822114,5.4,4.2,5.8,4.6
rf_full,signo_zodiacal_geminis,60,0.5,0.45,0.45242424242424245,0.45999999999999996,0.45408369408369403,0.409,0.4820202781394731,4.6,5.6,4.4,5.4
rf_full,signo_zodiacal_geminis,61,0.5,0.45999999999999996,0.46565656565656566,0.48,0.47192982456140353,0.44700000000000006,0.5340447232506056,4.8,5.6,4.4,5.2
rf_full,signo_zodiacal_geminis,62,0.5,0.41,0.41454545454545455,0.36000000000000004,0.38103174603174605,0.358,0.4932938775191097,3.6,5.4,4.6,6.4
rf_full,signo_zodiacal_geminis,63,0.5,0.45,0.44682539682539685,0.4,0.4188072677236764,0.5469999999999999,0.6089070363760766,4.0,5.0,5.0,6.0
rf_full,signo_zodiacal_geminis,64,0.5,0.49000000000000005,0.49424242424242426,0.52,0.5061471861471861,0.477,0.5020697080697081,5.2,5.4,4.6,4.8
rf_full,signo_zodiacal_geminis,65,0.5,0.4800000000000001,0.47397435897435897,0.48,0.4741723874904653,0.47700000000000004,0.5525398023029602,4.8,5.2,4.8,5.2
rf_full,signo_zodiacal_geminis,66,0.5,0.5199999999999999,0.5124675324675325,0.44000000000000006,0.46491129785247426,0.544,0.5988239348370927,4.4,4.0,6.0,5.6
rf_full,signo_zodiacal_geminis,67,0.5,0.51,0.509090909090909,0.5399999999999999,0.5217893217893217,0.5389999999999999,0.6210077689768092,5.4,5.2,4.8,4.6
rf_full,signo_zodiacal_geminis,68,0.5,0.4800000000000001,0.4799567099567099,0.44000000000000006,0.45173542144130374,0.527,0.602119574268181,4.4,4.8,5.2,5.6
rf_full,signo_zodiacal_geminis,69,0.5,0.45,0.44230769230769235,0.4600000000000001,0.44525691699604747,0.5269999999999999,0.6026891894655052,4.6,5.6,4.4,5.4
rf_full,signo_zodiacal_geminis,70,0.5,0.54,0.5528138528138528,0.45999999999999996,0.49867806771831535,0.5279999999999999,0.5779939951689178,4.6,3.8,6.2,5.4
rf_full,signo_zodiacal_geminis,71,0.5,0.5200000000000001,0.55,0.44000000000000006,0.4806149732620321,0.515,0.5710696623637801,4.4,4.0,6.0,5.6
rf_full,signo_zodiacal_geminis,72,0.5,0.6,0.6020634920634921,0.5800000000000001,0.5866535322262877,0.5439999999999999,0.6036321646190067,5.8,3.8,6.2,4.2
rf_full,signo_zodiacal_geminis,73,0.5,0.5,0.4909090909090909,0.54,0.5037217168796115,0.471,0.5397363008508519,5.4,5.4,4.6,4.6
rf_full,signo_zodiacal_geminis,74,0.5,0.5,0.5037989787989788,0.48,0.486199727793482,0.493,0.551461462943661,4.8,4.8,5.2,5.2
rf_full,signo_zodiacal_geminis,75,0.5,0.42000000000000004,0.45227661227661226,0.4,0.4109665468017871,0.44699999999999995,0.5591062448043872,4.0,5.6,4.4,6.0
rf_full,signo_zodiacal_geminis,76,0.5,0.54,0.5472222222222223,0.58,0.5538052590684169,0.5469999999999999,0.6036284461152882,5.8,5.0,5.0,4.2
rf_full,signo_zodiacal_geminis,77,0.5,0.55,0.5616605616605617,0.5199999999999999,0.5335382360419377,0.5640000000000001,0.581532576900224,5.2,4.2,5.8,4.8
rf_full,signo_zodiacal_geminis,78,0.5,0.52,0.516161616161616,0.58,0.5397660818713449,0.514,0.5532050869666969,5.8,5.4,4.6,4.2
rf_full,signo_zodiacal_geminis,79,0.5,0.48,0.49404761904761907,0.5,0.4758297258297258,0.45899999999999996,0.5533288933288933,5.0,5.4,4.6,5.0
rf_full,signo_zodiacal_geminis,80,0.5,0.45,0.43397435897435893,0.45999999999999996,0.43809395611791624,0.387,0.4732382817560836,4.6,5.6,4.4,5.4
rf_full,signo_zodiacal_geminis,81,0.5,0.44000000000000006,0.4032478632478632,0.39999999999999997,0.3957742181540808,0.462,0.5681133866133866,4.0,5.2,4.8,6.0
rf_full,signo_zodiacal_geminis,82,0.5,0.6000000000000001,0.6126190476190476,0.6199999999999999,0.6049459298871064,0.608,0.6257557503555955,6.2,4.2,5.8,3.8
rf_full,signo_zodiacal_geminis,83,0.5,0.51,0.531060606060606,0.48,0.49639249639249644,0.462,0.5486003641181659,4.8,4.6,5.4,5.2
rf_full,signo_zodiacal_geminis,84,0.5,0.52,0.5276190476190477,0.44000000000000006,0.46411764705882347,0.525,0.6031131270690093,4.4,4.0,6.0,5.6
rf_full,signo_zodiacal_geminis,85,0.5,0.52,0.5224242424242423,0.52,0.5206015037593985,0.539,0.5575649868707144,5.2,4.8,5.2,4.8
rf_full,signo_zodiacal_geminis,86,0.5,0.5000000000000001,0.4812409812409812,0.45999999999999996,0.46533445914250865,0.5069999999999999,0.5368075216836826,4.6,4.6,5.4,5.4
rf_full,signo_zodiacal_geminis,87,0.5,0.5,0.53,0.5,0.49180124223602484,0.541,0.5936782373972778,5.0,5.0,5.0,5.0
rf_full,signo_zodiacal_geminis,88,0.5,0.5900000000000001,0.6136147186147187,0.5199999999999999,0.5503166114930821,0.61,0.6497443836693062,5.2,3.4,6.6,4.8
rf_full,signo_zodiacal_geminis,89,0.5,0.56,0.5765501165501165,0.56,0.5595859213250517,0.5860000000000001,0.625749731262889,5.6,4.4,5.6,4.4
rf_full,signo_zodiacal_geminis,90,0.5,0.5,0.5035353535353535,0.5,0.499346851978431,0.516,0.5731323953823954,5.0,5.0,5.0,5.0
rf_full,signo_zodiacal_geminis,91,0.5,0.43,0.42666666666666664,0.43999999999999995,0.43268170426065167,0.38599999999999995,0.4916606094284113,4.4,5.8,4.2,5.6
rf_full,signo_zodiacal_geminis,92,0.5,0.58,0.5726190476190476,0.6,0.5799043062200957,0.5700000000000001,0.6329033358282584,6.0,4.4,5.6,4.0
rf_full,signo_zodiacal_geminis,93,0.5,0.49000000000000005,0.4965811965811966,0.42000000000000004,0.4409496567505721,0.49000000000000005,0.5654779850352606,4.2,4.4,5.6,5.8
rf_full,signo_zodiacal_geminis,94,0.5,0.41000000000000003,0.40619047619047616,0.38,0.37955614973262036,0.42800000000000005,0.49397798606622134,3.8,5.6,4.4,6.2
rf_full,signo_zodiacal_geminis,95,0.5,0.54,0.5447752247752248,0.56,0.5470369017172085,0.5660000000000001,0.5710433412476756,5.6,4.8,5.2,4.4
rf_full,signo_zodiacal_geminis,96,0.5,0.5599999999999999,0.578888888888889,0.48,0.5175438596491228,0.542,0.5944528612941925,4.8,3.6,6.4,5.2
rf_full,signo_zodiacal_geminis,97,0.5,0.5599999999999999,0.5587301587301587,0.6399999999999999,0.59066985645933,0.625,0.6539126033065661,6.4,5.2,4.8,3.6
rf_full,signo_zodiacal_geminis,98,0.5,0.54,0.5677777777777778,0.5199999999999999,0.5189774436090225,0.529,0.5512053006333192,5.2,4.4,5.6,4.8
rf_full,signo_zodiacal_geminis,99,0.5,0.49000000000000005,0.4893217893217893,0.42000000000000004,0.44709568037741415,0.55,0.5897736301366333,4.2,4.4,5.6,5.8
rf_full,signo_zodiacal_geminis,100,0.5,0.52,0.5222222222222221,0.41999999999999993,0.46412108703130367,0.585,0.6190493646360519,4.2,3.8,6.2,5.8
rf_full,signo_zodiacal_geminis,101,0.5,0.6,0.5812587412587412,0.72,0.6411564088085828,0.654,0.657280658454033,7.2,5.2,4.8,2.8
rf_full,signo_zodiacal_geminis,102,0.5,0.52,0.5343323343323343,0.5,0.5046766532700037,0.541,0.5967562243398156,5.0,4.6,5.4,5.0
rf_full,signo_zodiacal_geminis,103,0.5,0.48999999999999994,0.49626262626262624,0.52,0.5066484392800181,0.492,0.5692303550422746,5.2,5.4,4.6,4.8
rf_full,signo_zodiacal_geminis,104,0.5,0.5399999999999999,0.5295454545454545,0.5,0.5083333333333333,0.644,0.6788160728160728,5.0,4.2,5.8,5.0
rf_full,signo_zodiacal_geminis,105,0.5,0.5,0.5064646464646465,0.5199999999999999,0.5066532999164577,0.45099999999999996,0.5012030289971466,5.2,5.2,4.8,4.8
rf_full,signo_zodiacal_geminis,106,0.5,0.47000000000000003,0.4674242424242424,0.48,0.4698412698412698,0.41900000000000004,0.5106909614293516,4.8,5.4,4.6,5.2
rf_full,signo_zodiacal_geminis,107,0.5,0.5,0.5126984126984127,0.38,0.43413312693498457,0.493,0.5469715388670497,3.8,3.8,6.2,6.2
rf_full,signo_zodiacal_geminis,108,0.5,0.51,0.5377344877344877,0.4,0.44569266303012434,0.4710000000000001,0.5329618900191655,4.0,3.8,6.2,6.0
rf_full,signo_zodiacal_geminis,109,0.5,0.53,0.530909090909091,0.6,0.5613250517598344,0.514,0.5902909300881436,6.0,5.4,4.6,4.0
rf_full,signo_zodiacal_geminis,110,0.5,0.52,0.5272727272727272,0.5599999999999999,0.5365418894830659,0.515,0.5767365890043907,5.6,5.2,4.8,4.4
rf_full,signo_zodiacal_geminis,111,0.5,0.42000000000000004,0.4133333333333333,0.36,0.38005941770647655,0.368,0.48037188121476043,3.6,5.2,4.8,6.4
rf_full,signo_zodiacal_geminis,112,0.5,0.54,0.5422222222222222,0.5599999999999999,0.5487081339712919,0.5730000000000001,0.585093856264135,5.6,4.8,5.2,4.4
rf_full,signo_zodiacal_geminis,113,0.5,0.56,0.5585858585858586,0.54,0.5470342522974102,0.624,0.6317342173650223,5.4,4.2,5.8,4.6
rf_full,signo_zodiacal_geminis,114,0.5,0.51,0.5014957264957265,0.52,0.5042969743198575,0.48999999999999994,0.5741939188262718,5.2,5.0,5.0,4.8
rf_full,signo_zodiacal_geminis,115,0.5,0.52,0.5165079365079366,0.6000000000000001,0.5495438596491228,0.5319999999999999,0.5987113062376219,6.0,5.6,4.4,4.0
rf_full,signo_zodiacal_geminis,116,0.5,0.4800000000000001,0.4849567099567099,0.44000000000000006,0.44915966386554623,0.492,0.5497175210410504,4.4,4.8,5.2,5.6
rf_full,signo_zodiacal_geminis,117,0.5,0.47000000000000003,0.47678571428571426,0.44000000000000006,0.4462543991955757,0.421,0.49690727959690806,4.4,5.0,5.0,5.6
rf_full,signo_zodiacal_geminis,118,0.5,0.5,0.5022222222222222,0.5,0.49608187134502923,0.469,0.51166848734341,5.0,5.0,5.0,5.0
rf_full,signo_zodiacal_geminis,119,0.5,0.55,0.5477777777777778,0.5199999999999999,0.5303136629452418,0.52,0.5943717116217118,5.2,4.2,5.8,4.8
rf_full,signo_zodiacal_geminis,120,0.5,0.48,0.47111111111111115,0.4800000000000001,0.46468344774980935,0.422,0.4928868184618958,4.8,5.2,4.8,5.2
rf_full,signo_zodiacal_geminis,121,0.5,0.48999999999999994,0.4992424242424242,0.5399999999999999,0.5016483516483518,0.516,0.5945644735381578,5.4,5.6,4.4,4.6
rf_full,signo_zodiacal_geminis,122,0.5,0.48999999999999994,0.5678754578754579,0.5,0.49826897399275916,0.536,0.57966446419078,5.0,5.2,4.8,5.0
rf_full,signo_zodiacal_geminis,123,0.5,0.55,0.5141569541569542,0.45999999999999996,0.4710123133921761,0.521,0.598356789838988,4.6,3.6,6.4,5.4
rf_full,signo_zodiacal_geminis,124,0.5,0.48,0.4837362637362637,0.52,0.4949360613810742,0.49899999999999994,0.5870556589952874,5.2,5.6,4.4,4.8
rf_full,signo_zodiacal_geminis,125,0.5,0.39999999999999997,0.4034765234765234,0.41999999999999993,0.40731701376202656,0.426,0.5275216183025779,4.2,6.2,3.8,5.8
rf_full,signo_zodiacal_geminis,126,0.5,0.5700000000000001,0.5961904761904762,0.48,0.5239628482972136,0.581,0.6139667173212064,4.8,3.4,6.6,5.2
rf_full,signo_zodiacal_geminis,127,0.5,0.51,0.5008547008547009,0.48,0.4853292651919654,0.49800000000000005,0.5725239841857489,4.8,4.6,5.4,5.2
rf_full,signo_zodiacal_geminis,128,0.5,0.43000000000000005,0.4325252525252525,0.44000000000000006,0.4356390977443609,0.465,0.5369346831359215,4.4,5.8,4.2,5.6
rf_full,signo_zodiacal_geminis,129,0.5,0.37,0.38571428571428573,0.42000000000000004,0.3978609625668449,0.35300000000000004,0.4644491542169561,4.2,6.8,3.2,5.8
rf_full,signo_zodiacal_geminis,130,0.5,0.49000000000000005,0.48021024726907086,0.54,0.49151574588645525,0.49400000000000005,0.5566629717891328,5.4,5.6,4.4,4.6
rf_full,signo_zodiacal_geminis,131,0.5,0.52,0.5224242424242425,0.5,0.5094903926482873,0.49800000000000005,0.5640445022813443,5.0,4.6,5.4,5.0
rf_full,signo_zodiacal_geminis,132,0.5,0.5,0.5051948051948052,0.42000000000000004,0.4560224089635854,0.52,0.5726119795237442,4.2,4.2,5.8,5.8
rf_full,signo_zodiacal_geminis,133,0.5,0.48,0.4797979797979798,0.5,0.48500417710944027,0.48599999999999993,0.5810413867178573,5.0,5.4,4.6,5.0
rf_full,signo_zodiacal_geminis,134,0.5,0.45999999999999996,0.4475901875901876,0.4,0.41872033023735805,0.4670000000000001,0.5446309235999639,4.0,4.8,5.2,6.0
rf_full,signo_zodiacal_geminis,135,0.5,0.42000000000000004,0.4022222222222222,0.36,0.3773684210526316,0.40700000000000003,0.5053623346038206,3.6,5.2,4.8,6.4
rf_full,signo_zodiacal_geminis,136,0.5,0.55,0.5576007326007326,0.5,0.5199353883429803,0.5569999999999999,0.5868525537070428,5.0,4.0,6.0,5.0
rf_full,signo_zodiacal_geminis,137,0.5,0.45999999999999996,0.49449883449883447,0.4800000000000001,0.4557330785156871,0.45899999999999996,0.5661917002845795,4.8,5.6,4.4,5.2
rf_full,signo_zodiacal_geminis,138,0.5,0.54,0.5299145299145299,0.6,0.5569597577606732,0.541,0.6117535340476518,6.0,5.2,4.8,4.0
rf_full,signo_zodiacal_geminis,139,0.5,0.5599999999999999,0.5619047619047619,0.62,0.5798537263875803,0.5840000000000001,0.6403438603879781,6.2,5.0,5.0,3.8
rf_full,signo_zodiacal_geminis,140,0.5,0.63,0.6448412698412699,0.6,0.6140350877192982,0.6120000000000001,0.6360139488993979,6.0,3.4,6.6,4.0
rf_full,signo_zodiacal_geminis,141,0.5,0.42000000000000004,0.403051948051948,0.38,0.38896358543417364,0.36900000000000005,0.4823863949088407,3.8,5.4,4.6,6.2
rf_full,signo_zodiacal_geminis,142,0.5,0.53,0.538888888888889,0.52,0.5205741626794258,0.5549999999999999,0.5881497642364515,5.2,4.6,5.4,4.8
rf_full,signo_zodiacal_geminis,143,0.5,0.39,0.3738888888888888,0.34,0.3553216374269006,0.332,0.48831882479405697,3.4,5.6,4.4,6.6
rf_full,signo_zodiacal_geminis,144,0.5,0.55,0.551111111111111,0.56,0.5490526315789473,0.512,0.5674371092443847,5.6,4.6,5.4,4.4
rf_full,signo_zodiacal_geminis,145,0.5,0.55,0.551973026973027,0.62,0.5788129744651483,0.611,0.6685373109003139,6.2,5.2,4.8,3.8
rf_full,signo_zodiacal_geminis,146,0.5,0.55,0.5406060606060605,0.5800000000000001,0.5587878787878788,0.574,0.6373548390034458,5.8,4.8,5.2,4.2
rf_full,signo_zodiacal_geminis,147,0.5,0.45,0.4523809523809524,0.36000000000000004,0.3969102792632204,0.48599999999999993,0.5367076895412808,3.6,4.6,5.4,6.4
rf_full,signo_zodiacal_geminis,148,0.5,0.57,0.5630769230769231,0.44000000000000006,0.4742557480658167,0.6180000000000001,0.6173847253537657,4.4,3.0,7.0,5.6
rf_full,signo_zodiacal_geminis,149,0.5,0.48,0.5011655011655012,0.43999999999999995,0.45719461697722574,0.507,0.5745221537148781,4.4,4.8,5.2,5.6
rf_full,signo_zodiacal_geminis,150,0.5,0.36000000000000004,0.3180952380952381,0.33999999999999997,0.3233155080213904,0.36,0.47314123174726885,3.4,6.2,3.8,6.6
rf_full,signo_zodiacal_geminis,151,0.5,0.54,0.5573809523809523,0.52,0.5303309253525972,0.514,0.6069249849737466,5.2,4.4,5.6,4.8
rf_full,signo_zodiacal_geminis,152,0.5,0.49000000000000005,0.48484848484848475,0.48,0.48120300751879697,0.5199999999999999,0.5739421138716805,4.8,5.0,5.0,5.2
rf_full,signo_zodiacal_geminis,153,0.5,0.54,0.5542857142857143,0.5200000000000001,0.5331607092597805,0.5440000000000002,0.6194366489203951,5.2,4.4,5.6,4.8
rf_full,signo_zodiacal_geminis,154,0.5,0.55,0.5677045177045177,0.5599999999999999,0.553728631040517,0.593,0.6150220608424942,5.6,4.6,5.4,4.4
rf_full,signo_zodiacal_geminis,155,0.5,0.45,0.4523809523809524,0.54,0.4892448512585813,0.44000000000000006,0.5001255215372863,5.4,6.4,3.6,4.6
rf_full,signo_zodiacal_geminis,156,0.5,0.5,0.5048412698412699,0.43999999999999995,0.4681527347781218,0.48599999999999993,0.5537409745397361,4.4,4.4,5.6,5.6
rf_full,signo_zodiacal_geminis,157,0.5,0.48,0.4797979797979798,0.48,0.47944862155388474,0.425,0.5129992713684663,4.8,5.2,4.8,5.2
rf_full,signo_zodiacal_geminis,158,0.5,0.64,0.6642857142857143,0.56,0.6063983488132095,0.619,0.6691100365922347,5.6,2.8,7.2,4.4
rf_full,signo_zodiacal_geminis,159,0.5,0.45999999999999996,0.4162337662337662,0.38,0.3899159663865547,0.409,0.5098703003223127,3.8,4.6,5.4,6.2
rf_full,signo_zodiacal_geminis,160,0.5,0.5,0.4764835164835164,0.47999999999999987,0.4647911338448423,0.505,0.5486924813232863,4.8,4.8,5.2,5.2
rf_full,signo_zodiacal_geminis,161,0.5,0.4600000000000001,0.46571428571428564,0.5,0.4761120448179271,0.479,0.5816360055493183,5.0,5.8,4.2,5.0
rf_full,signo_zodiacal_geminis,162,0.5,0.39999999999999997,0.38515873015873014,0.38,0.37602683178534574,0.37799999999999995,0.47349310313010007,3.8,5.8,4.2,6.2
rf_full,signo_zodiacal_geminis,163,0.5,0.6,0.628030303030303,0.58,0.5928210678210679,0.553,0.5774404751595154,5.8,3.8,6.2,4.2
rf_full,signo_zodiacal_geminis,164,0.5,0.54,0.5449999999999999,0.5199999999999999,0.5091111111111111,0.4760000000000001,0.5537825975194396,5.2,4.4,5.6,4.8
rf_full,signo_zodiacal_geminis,165,0.5,0.4600000000000001,0.47516483516483515,0.5,0.4786615515771526,0.44399999999999995,0.5358393006202603,5.0,5.8,4.2,5.0
rf_full,signo_zodiacal_geminis,166,0.5,0.6599999999999999,0.7170163170163171,0.5800000000000001,0.616511387163561,0.732,0.7609231209966504,5.8,2.6,7.4,4.2
rf_full,signo_zodiacal_geminis,167,0.5,0.6,0.5997557997557997,0.6599999999999999,0.6209416822689133,0.65,0.6725655532977515,6.6,4.6,5.4,3.4
rf_full,signo_zodiacal_geminis,168,0.5,0.5,0.4949494949494949,0.54,0.5153793574846206,0.528,0.5798169577240785,5.4,5.4,4.6,4.6
rf_full,signo_zodiacal_geminis,169,0.5,0.47000000000000003,0.4707070707070707,0.5,0.4802422723475355,0.46799999999999997,0.5338970010897255,5.0,5.6,4.4,5.0
rf_full,signo_zodiacal_geminis,170,0.5,0.51,0.5122727272727273,0.54,0.5211111111111111,0.49700000000000005,0.54196051823993,5.4,5.2,4.8,4.6
rf_full,signo_zodiacal_geminis,171,0.5,0.5599999999999999,0.5430769230769231,0.6799999999999999,0.5950962467484207,0.562,0.6169008481198883,6.8,5.6,4.4,3.2
rf_full,signo_zodiacal_geminis,172,0.5,0.51,0.4811111111111111,0.41999999999999993,0.4427234753550543,0.446,0.5359491933934658,4.2,4.0,6.0,5.8
rf_full,signo_zodiacal_geminis,173,0.5,0.52,0.516161616161616,0.54,0.5183985605038236,0.542,0.6185513632394437,5.4,5.0,5.0,4.6
rf_full,signo_zodiacal_geminis,174,0.5,0.5200000000000001,0.5166666666666666,0.32,0.3932773109243698,0.49099999999999994,0.5419147139410297,3.2,2.8,7.2,6.8
rf_full,signo_zodiacal_geminis,175,0.5,0.55,0.5611111111111111,0.45999999999999996,0.5033023735810114,0.5539999999999999,0.6468352974854522,4.6,3.6,6.4,5.4
rf_full,signo_zodiacal_geminis,176,0.5,0.34,0.29444444444444445,0.36,0.32240829346092503,0.34099999999999997,0.46127732664652166,3.6,6.8,3.2,6.4
rf_full,signo_zodiacal_geminis,177,0.5,0.6399999999999999,0.6844155844155844,0.54,0.5964138286893704,0.7050000000000001,0.7074571072202651,5.4,2.6,7.4,4.6
rf_full,signo_zodiacal_geminis,178,0.5,0.5599999999999999,0.5615151515151514,0.6,0.5794805194805195,0.546,0.5794729420905892,6.0,4.8,5.2,4.0
rf_full,signo_zodiacal_geminis,179,0.5,0.6199999999999999,0.6309340659340659,0.6,0.6078886047172493,0.569,0.6238752740207849,6.0,3.6,6.4,4.0
rf_full,signo_zodiacal_geminis,180,0.5,0.5,0.5084188034188035,0.44000000000000006,0.4578649522356616,0.46099999999999997,0.5338587241791576,4.4,4.4,5.6,5.6
rf_full,signo_zodiacal_geminis,181,0.5,0.35,0.3761655011655011,0.44000000000000006,0.4015885563711651,0.34099999999999997,0.4580033522549002,4.4,7.4,2.6,5.6
rf_full,signo_zodiacal_geminis,182,0.5,0.53,0.5363553113553113,0.45999999999999996,0.48736296196586953,0.4919999999999999,0.57777412602877,4.6,4.0,6.0,5.4
rf_full,signo_zodiacal_geminis,183,0.5,0.45,0.4444444444444445,0.4,0.4198830409356725,0.44499999999999995,0.5336008091495708,4.0,5.0,5.0,6.0
rf_full,signo_zodiacal_geminis,184,0.5,0.57,0.5627428127428127,0.6,0.5764972378244689,0.553,0.580156380169538,6.0,4.6,5.4,4.0
rf_full,signo_zodiacal_geminis,185,0.5,0.41,0.3883333333333333,0.33999999999999997,0.3518181818181818,0.37300000000000005,0.49143642468642473,3.4,5.2,4.8,6.6
rf_full,signo_zodiacal_geminis,186,0.5,0.4,0.3655122655122655,0.28,0.3071797139908595,0.403,0.4891879133937957,2.8,4.8,5.2,7.2
rf_full,signo_zodiacal_geminis,187,0.5,0.5,0.5050061050061051,0.42000000000000004,0.450323058285099,0.45999999999999996,0.5269053185376714,4.2,4.2,5.8,5.8
rf_full,signo_zodiacal_geminis,188,0.5,0.55,0.56008547008547,0.5399999999999999,0.5280871744578838,0.5690000000000001,0.6022790789361996,5.4,4.4,5.6,4.6
rf_full,signo_zodiacal_geminis,189,0.5,0.47000000000000003,0.475,0.5,0.4833599149388624,0.458,0.5293145933014355,5.0,5.6,4.4,5.0
rf_full,signo_zodiacal_geminis,190,0.5,0.45999999999999996,0.4688888888888889,0.48,0.4723444976076555,0.4659999999999999,0.5385733243364823,4.8,5.6,4.4,5.2
rf_full,signo_zodiacal_geminis,191,0.5,0.49000000000000005,0.470959595959596,0.44000000000000006,0.45050125313283207,0.49799999999999994,0.5520740833813589,4.4,4.6,5.4,5.6
rf_full,signo_zodiacal_geminis,192,0.5,0.36,0.35015151515151516,0.38,0.3636075036075036,0.32999999999999996,0.47485045776377033,3.8,6.6,3.4,6.2
rf_full,signo_zodiacal_geminis,193,0.5,0.52,0.5164285714285713,0.42000000000000004,0.46117647058823535,0.484,0.531082924815123,4.2,3.8,6.2,5.8
rf_full,signo_zodiacal_geminis,194,0.5,0.32999999999999996,0.33181818181818185,0.34,0.3349206349206349,0.317,0.4499309862823795,3.4,6.8,3.2,6.6
rf_full,signo_zodiacal_geminis,195,0.5,0.52,0.5234188034188034,0.48,0.49431686633463456,0.47400000000000003,0.5224600389290792,4.8,4.4,5.6,5.2
rf_full,signo_zodiacal_geminis,196,0.5,0.49000000000000005,0.48888888888888893,0.45999999999999996,0.4730994152046783,0.43599999999999994,0.5290612355480777,4.6,4.8,5.2,5.4
rf_full,signo_zodiacal_geminis,197,0.5,0.45,0.4336940836940837,0.39999999999999997,0.4099935668047124,0.438,0.5201059685928107,4.0,5.0,5.0,6.0
rf_full,signo_zodiacal_geminis,198,0.5,0.54,0.5785281385281384,0.45999999999999996,0.5023381984372696,0.5740000000000001,0.6456185593732033,4.6,3.8,6.2,5.4
rf_full,signo_zodiacal_geminis,199,0.5,0.5700000000000001,0.5839860139860139,0.5,0.5134161490683229,0.593,0.5868567455935877,5.0,3.6,6.4,5.0
rf_full,signo_zodiacal_geminis,200,0.5,0.53,0.5206793206793207,0.58,0.5423273657289003,0.46699999999999997,0.533392628011823,5.8,5.2,4.8,4.2
rf_full,signo_zodiacal_geminis,201,0.5,0.5499999999999999,0.5516666666666666,0.5399999999999999,0.5438915470494419,0.511,0.5680449360580939,5.4,4.4,5.6,4.6
rf_full,signo_zodiacal_geminis,202,0.5,0.38,0.37550505050505045,0.36,0.36529201792359683,0.38300000000000006,0.4981647348179856,3.6,6.0,4.0,6.4
rf_full,signo_zodiacal_geminis,203,0.5,0.51,0.5088888888888888,0.5599999999999999,0.5276172248803828,0.519,0.5440182705151745,5.6,5.4,4.6,4.4
rf_full,signo_zodiacal_geminis,204,0.5,0.55,0.5621489621489622,0.52,0.5353075784089378,0.5589999999999999,0.649411597174755,5.2,4.2,5.8,4.8
rf_full,signo_zodiacal_geminis,205,0.5,0.41,0.4133333333333333,0.44000000000000006,0.42497607655502395,0.35700000000000004,0.46558368944437056,4.4,6.2,3.8,5.6
rf_full,signo_zodiacal_geminis,206,0.5,0.45999999999999996,0.4626373626373626,0.44000000000000006,0.44643364592213697,0.48599999999999993,0.563694330781018,4.4,5.2,4.8,5.6
rf_full,signo_zodiacal_geminis,207,0.5,0.45999999999999996,0.45666666666666667,0.52,0.4824306220095694,0.39699999999999996,0.5025828169078943,5.2,6.0,4.0,4.8
rf_full,signo_zodiacal_geminis,208,0.5,0.47000000000000003,0.4759018759018758,0.45999999999999996,0.4636095586559983,0.536,0.5625820721246418,4.6,5.2,4.8,5.4
rf_full,signo_zodiacal_geminis,209,0.5,0.47000000000000003,0.4825396825396826,0.54,0.5032429558745348,0.5619999999999999,0.6138903869608203,5.4,6.0,4.0,4.6
rf_full,signo_zodiacal_geminis,210,0.5,0.55,0.5515151515151515,0.6,0.5715538847117794,0.541,0.5890334087996626,6.0,5.0,5.0,4.0
rf_full,signo_zodiacal_geminis,211,0.5,0.43,0.39722222222222225,0.36,0.3675438596491228,0.426,0.485762600144953,3.6,5.0,5.0,6.4
rf_full,signo_zodiacal_geminis,212,0.5,0.4699999999999999,0.446978021978022,0.5,0.46618357487922707,0.47400000000000003,0.5617938913511669,5.0,5.6,4.4,5.0
rf_full,signo_zodiacal_geminis,213,0.5,0.55,0.5542857142857143,0.5399999999999999,0.5436414565826331,0.5589999999999999,0.6167836607836608,5.4,4.4,5.6,4.6
rf_full,signo_zodiacal_geminis,214,0.5,0.41,0.43082251082251083,0.4,0.4026817042606517,0.35,0.464099625262938,4.0,5.8,4.2,6.0
rf_full,signo_zodiacal_geminis,215,0.5,0.53,0.5288888888888889,0.4800000000000001,0.5025730994152047,0.521,0.5477488616474686,4.8,4.2,5.8,5.2
rf_full,signo_zodiacal_geminis,216,0.5,0.5,0.5032167832167832,0.5399999999999999,0.5112525879917185,0.534,0.591949827348434,5.4,5.4,4.6,4.6
rf_full,signo_zodiacal_geminis,217,0.5,0.55,0.5511904761904762,0.58,0.5555258467023173,0.531,0.5488957153957155,5.8,4.8,5.2,4.2
rf_full,signo_zodiacal_geminis,218,0.5,0.49000000000000005,0.481940836940837,0.43999999999999995,0.4576185561944076,0.48200000000000004,0.5376450761141164,4.4,4.6,5.4,5.6
rf_full,signo_zodiacal_geminis,219,0.5,0.5,0.4923809523809523,0.52,0.4985882352941176,0.48900000000000005,0.5248030749779975,5.2,5.2,4.8,4.8
rf_full,signo_zodiacal_geminis,220,0.5,0.54,0.5444444444444445,0.52,0.5299916457811195,0.514,0.5703324453324453,5.2,4.4,5.6,4.8
rf_full,signo_zodiacal_geminis,221,0.5,0.48999999999999994,0.4754545454545454,0.42000000000000004,0.4347812713602187,0.45899999999999996,0.5727605491343881,4.2,4.4,5.6,5.8
rf_full,signo_zodiacal_geminis,222,0.5,0.45,0.4366666666666667,0.42000000000000004,0.41409090909090907,0.413,0.5205707569004783,4.2,5.2,4.8,5.8
rf_full,signo_zodiacal_geminis,223,0.5,0.51,0.5118614718614719,0.48,0.4925136370337609,0.484,0.5516963756917317,4.8,4.6,5.4,5.2
rf_full,signo_zodiacal_geminis,224,0.5,0.4800000000000001,0.4850349650349651,0.52,0.5005383022774328,0.48100000000000004,0.5617801826656317,5.2,5.6,4.4,4.8
rf_full,signo_zodiacal_geminis,225,0.5,0.54,0.5346464646464647,0.58,0.5548598769651402,0.526,0.5759154081212905,5.8,5.0,5.0,4.2
rf_full,signo_zodiacal_geminis,226,0.5,0.48,0.4823121323121324,0.5,0.4845581752567888,0.44400000000000006,0.5391076172709299,5.0,5.4,4.6,5.0
rf_full,signo_zodiacal_geminis,227,0.5,0.53,0.5422222222222223,0.5199999999999999,0.5223923444976076,0.551,0.617247519422442,5.2,4.6,5.4,4.8
rf_full,signo_zodiacal_geminis,228,0.5,0.43000000000000005,0.4083333333333333,0.33999999999999997,0.369298245614035,0.422,0.4810073439632263,3.4,4.8,5.2,6.6
rf_full,signo_zodiacal_geminis,229,0.5,0.52,0.5157575757575757,0.5800000000000001,0.5406984126984127,0.44799999999999995,0.5113392065450888,5.8,5.4,4.6,4.2
rf_full,signo_zodiacal_geminis,230,0.5,0.5,0.484520202020202,0.54,0.503407236038815,0.5109999999999999,0.5659887487813184,5.4,5.4,4.6,4.6
rf_full,signo_zodiacal_geminis,231,0.5,0.49000000000000005,0.4978438228438228,0.54,0.5142355229311751,0.461,0.5140344578022595,5.4,5.6,4.4,4.6
rf_full,signo_zodiacal_geminis,232,0.5,0.54,0.5551226551226551,0.45999999999999996,0.4991498353727456,0.571,0.6448429511664806,4.6,3.8,6.2,5.4
rf_full,signo_zodiacal_geminis,233,0.5,0.53,0.5468253968253968,0.5399999999999999,0.5385964912280702,0.592,0.6781244757993983,5.4,4.8,5.2,4.6
rf_full,signo_zodiacal_geminis,234,0.5,0.51,0.5715811965811965,0.42000000000000004,0.45381290461381996,0.525,0.6005351582541986,4.2,4.0,6.0,5.8
rf_full,signo_zodiacal_geminis,235,0.5,0.5700000000000001,0.6123809523809524,0.44000000000000006,0.5035706914344684,0.5890000000000001,0.6121899723943067,4.4,3.0,7.0,5.6
rf_full,signo_zodiacal_geminis,236,0.5,0.52,0.5126923076923077,0.45999999999999996,0.47565725908975337,0.5309999999999999,0.6121214167669276,4.6,4.2,5.8,5.4
rf_full,signo_zodiacal_geminis,237,0.5,0.4600000000000001,0.45460317460317456,0.44000000000000006,0.44035431716546275,0.441,0.5020245381553432,4.4,5.2,4.8,5.6
rf_full,signo_zodiacal_geminis,238,0.5,0.58,0.5671245421245421,0.5599999999999999,0.5551732155312717,0.615,0.6271007472919237,5.6,4.0,6.0,4.4
rf_full,signo_zodiacal_geminis,239,0.5,0.49000000000000005,0.4716666666666667,0.42000000000000004,0.43621477937267417,0.48999999999999994,0.5484732195908666,4.2,4.4,5.6,5.8
rf_full,signo_zodiacal_geminis,240,0.5,0.49000000000000005,0.49772727272727274,0.45999999999999996,0.47677527151211363,0.44000000000000006,0.5122443569502393,4.6,4.8,5.2,5.4
rf_full,signo_zodiacal_geminis,241,0.5,0.41,0.43272727272727274,0.33999999999999997,0.36088683246577985,0.38099999999999995,0.46914664094075864,3.4,5.2,4.8,6.6
rf_full,signo_zodiacal_geminis,242,0.5,0.52,0.509047619047619,0.4999999999999999,0.5010188573036871,0.5589999999999999,0.5698204438320538,5.0,4.6,5.4,5.0
rf_full,signo_zodiacal_geminis,243,0.5,0.4699999999999999,0.4305555555555555,0.4,0.41022062732589043,0.5369999999999999,0.5812510442773601,4.0,4.6,5.4,6.0
rf_full,signo_zodiacal_geminis,244,0.5,0.41,0.39555555555555555,0.38,0.38330143540669853,0.42400000000000004,0.5051900244578263,3.8,5.6,4.4,6.2
rf_full,signo_zodiacal_geminis,245,0.5,0.4800000000000001,0.4802020202020202,0.42000000000000004,0.44343776106933996,0.496,0.535710185669164,4.2,4.6,5.4,5.8
rf_full,signo_zodiacal_geminis,246,0.5,0.53,0.519047619047619,0.39999999999999997,0.4452373581011352,0.525,0.5780875841564697,4.0,3.4,6.6,6.0
rf_full,signo_zodiacal_geminis,247,0.5,0.47000000000000003,0.48353535353535354,0.4,0.42563340168603325,0.465,0.5768865599484794,4.0,4.6,5.4,6.0
rf_full,signo_zodiacal_geminis,248,0.5,0.47000000000000003,0.4432900432900433,0.36,0.38606924551196997,0.39699999999999996,0.49461709781446617,3.6,4.2,5.8,6.4
rf_full,signo_zodiacal_geminis,249,0.5,0.51,0.5095959595959596,0.54,0.5230120756436546,0.5159999999999999,0.5912759174949576,5.4,5.2,4.8,4.6
rf_full,signo_zodiacal_geminis,250,0.5,0.5700000000000001,0.5958874458874459,0.5399999999999999,0.556175197351668,0.618,0.6396189818952976,5.4,4.0,6.0,4.6
rf_full,signo_zodiacal_geminis,251,0.5,0.48,0.46571428571428575,0.42000000000000004,0.43301247771836004,0.359,0.488494729986216,4.2,4.6,5.4,5.8
rf_full,signo_zodiacal_geminis,252,0.5,0.44000000000000006,0.4340909090909091,0.4,0.41001936659831395,0.453,0.5315636477385703,4.0,5.2,4.8,6.0
rf_full,signo_zodiacal_geminis,253,0.5,0.57,0.5690909090909091,0.5800000000000001,0.5742857142857142,0.613,0.6695594944271415,5.8,4.4,5.6,4.2
rf_full,signo_zodiacal_geminis,254,0.5,0.5599999999999999,0.553138528138528,0.54,0.5414396061454886,0.5370000000000001,0.5801541399776694,5.4,4.2,5.8,4.6
rf_full,signo_zodiacal_geminis,255,0.5,0.49000000000000005,0.4884920634920634,0.44000000000000006,0.45921130812771677,0.5410000000000001,0.5791424023173248,4.4,4.6,5.4,5.6
rf_full,signo_zodiacal_geminis,256,0.5,0.48,0.5081135531135531,0.48,0.4866237825828619,0.466,0.5853116740500641,4.8,5.2,4.8,5.2
rf_full,signo_zodiacal_geminis,257,0.5,0.42000000000000004,0.4305050505050506,0.43999999999999995,0.4341809068124857,0.40599999999999997,0.49438482045989784,4.4,6.0,4.0,5.6
rf_full,signo_zodiacal_geminis,258,0.5,0.56,0.5686147186147187,0.5599999999999999,0.5508721670486376,0.587,0.6556151173388015,5.6,4.4,5.6,4.4
rf_full,signo_zodiacal_geminis,259,0.5,0.4800000000000001,0.4813131313131313,0.48,0.47829422039948355,0.45,0.48867760060716725,4.8,5.2,4.8,5.2
rf_full,signo_zodiacal_geminis,260,0.5,0.5900000000000001,0.5974747474747475,0.6,0.5953064479380268,0.5660000000000001,0.6077987774179724,6.0,4.2,5.8,4.0
rf_full,signo_zodiacal_geminis,261,0.5,0.38,0.3398834498834499,0.34,0.33385492717300497,0.355,0.435145939028292,3.4,5.8,4.2,6.6
rf_full,signo_zodiacal_geminis,262,0.5,0.41,0.41741591741591744,0.5,0.4527871061051839,0.437,0.5309607691929673,5.0,6.8,3.2,5.0
rf_full,signo_zodiacal_geminis,263,0.5,0.53,0.526978021978022,0.58,0.546183574879227,0.5690000000000001,0.6385113579231226,5.8,5.2,4.8,4.2
rf_full,signo_zodiacal_geminis,264,0.5,0.44000000000000006,0.40115440115440115,0.33999999999999997,0.3636665192392747,0.44399999999999995,0.5365498966118161,3.4,4.6,5.4,6.6
rf_full,signo_zodiacal_geminis,265,0.5,0.52,0.5277777777777778,0.43999999999999995,0.47953216374269003,0.5569999999999999,0.6058861785789029,4.4,4.0,6.0,5.6
rf_full,signo_zodiacal_geminis,266,0.5,0.38,0.3625457875457875,0.36,0.35140664961636825,0.346,0.4532902145154467,3.6,6.0,4.0,6.4
rf_full,signo_zodiacal_geminis,267,0.5,0.53,0.5586330336330336,0.54,0.5418245295483147,0.54,0.596019509300469,5.4,4.8,5.2,4.6
rf_full,signo_zodiacal_geminis,268,0.5,0.54,0.5357142857142858,0.45999999999999996,0.48888263439347035,0.5090000000000001,0.5622176518012433,4.6,3.8,6.2,5.4
rf_full,signo_zodiacal_geminis,269,0.5,0.58,0.5627272727272727,0.6799999999999999,0.6132813852813853,0.532,0.5266475093533917,6.8,5.2,4.8,3.2
rf_full,signo_zodiacal_geminis,270,0.5,0.45,0.45,0.36000000000000004,0.39333333333333337,0.404,0.4943354058222479,3.6,4.6,5.4,6.4
rf_full,signo_zodiacal_geminis,271,0.5,0.47000000000000003,0.44475108225108223,0.5,0.45957180074827136,0.4,0.48058640808795605,5.0,5.6,4.4,5.0
rf_full,signo_zodiacal_geminis,272,0.5,0.55,0.5575757575757575,0.52,0.5319605832763727,0.495,0.5684644983499473,5.2,4.2,5.8,4.8
rf_full,signo_zodiacal_geminis,273,0.5,0.38,0.37238095238095237,0.4,0.3790909090909091,0.372,0.4887808219472306,4.0,6.4,3.6,6.0
rf_full,signo_zodiacal_geminis,274,0.5,0.4999999999999999,0.4924242424242424,0.48,0.48504594820384284,0.5,0.572430643917486,4.8,4.8,5.2,5.2
rf_full,signo_zodiacal_geminis,275,0.5,0.43000000000000005,0.42329004329004327,0.38,0.39787311415794396,0.364,0.5126992701141307,3.8,5.2,4.8,6.2
rf_full,signo_zodiacal_geminis,276,0.5,0.51,0.5158119658119658,0.5199999999999999,0.5136444536902203,0.492,0.5564019966961143,5.2,5.0,5.0,4.8
rf_full,signo_zodiacal_geminis,277,0.5,0.4800000000000001,0.4861460761460762,0.58,0.5250741874448968,0.473,0.5088684813638374,5.8,6.2,3.8,4.2
rf_full,signo_zodiacal_geminis,278,0.5,0.44000000000000006,0.4456293706293707,0.48,0.4600414078674948,0.45,0.54635956527133,4.8,6.0,4.0,5.2
rf_full,signo_zodiacal_geminis,279,0.5,0.38999999999999996,0.3827272727272727,0.39999999999999997,0.3861904761904762,0.37300000000000005,0.4827430265812619,4.0,6.2,3.8,6.0
rf_full,signo_zodiacal_geminis,280,0.5,0.48,0.4723076923076923,0.5,0.4723276240667545,0.515,0.5635952099156434,5.0,5.4,4.6,5.0
rf_full,signo_zodiacal_geminis,281,0.5,0.45,0.45152625152625153,0.4600000000000001,0.45127909287284707,0.441,0.5039098879276898,4.6,5.6,4.4,5.4
rf_full,signo_zodiacal_geminis,282,0.5,0.48,0.48,0.42000000000000004,0.44186868686868686,0.521,0.5942340447650045,4.2,4.6,5.4,5.8
rf_full,signo_zodiacal_geminis,283,0.5,0.4999999999999999,0.5044444444444444,0.5,0.5006698564593302,0.503,0.5591285544520839,5.0,5.0,5.0,5.0
rf_full,signo_zodiacal_geminis,284,0.5,0.55,0.5505555555555556,0.5199999999999999,0.5320148856990963,0.56,0.6210197970244411,5.2,4.2,5.8,4.8
rf_full,signo_zodiacal_geminis,285,0.5,0.4,0.3935897435897436,0.38,0.38403254513094326,0.40800000000000003,0.5041762577807469,3.8,5.8,4.2,6.2
rf_full,signo_zodiacal_geminis,286,0.5,0.56,0.5771428571428572,0.48,0.5206535947712417,0.567,0.622456422662305,4.8,3.6,6.4,5.2
rf_full,signo_zodiacal_geminis,287,0.5,0.5599999999999999,0.5702020202020203,0.5599999999999999,0.5559125085440875,0.6,0.6773413432972256,5.6,4.4,5.6,4.4
rf_full,signo_zodiacal_geminis,288,0.5,0.5599999999999999,0.5565656565656566,0.5599999999999999,0.5508259284575073,0.524,0.5819306728703013,5.6,4.4,5.6,4.4
rf_full,signo_zodiacal_geminis,289,0.5,0.52,0.510909090909091,0.6,0.5483290043290043,0.5850000000000001,0.6270361256390669,6.0,5.6,4.4,4.0
rf_full,signo_zodiacal_geminis,290,0.5,0.56,0.5802564102564103,0.56,0.5605450384855419,0.594,0.6498252401193578,5.6,4.4,5.6,4.4
rf_full,signo_zodiacal_geminis,291,0.5,0.41,0.41162337662337667,0.45999999999999996,0.43099567099567093,0.357,0.47548622842585686,4.6,6.4,3.6,5.4
rf_full,signo_zodiacal_geminis,292,0.5,0.53,0.5282356532356532,0.45999999999999996,0.48164849463812986,0.541,0.598489500695383,4.6,4.0,6.0,5.4
rf_full,signo_zodiacal_geminis,293,0.5,0.4800000000000001,0.5060606060606061,0.42000000000000004,0.43629353103037316,0.5029999999999999,0.5394781621886885,4.2,4.6,5.4,5.8
rf_full,signo_zodiacal_geminis,294,0.5,0.55,0.5514102564102564,0.5,0.5121128909229595,0.602,0.6113181791548664,5.0,4.0,6.0,5.0
rf_full,signo_zodiacal_geminis,295,0.5,0.51,0.49727272727272726,0.48,0.4866666666666667,0.4800000000000001,0.5477357283239637,4.8,4.6,5.4,5.2
rf_full,signo_zodiacal_geminis,296,0.5,0.51,0.516060606060606,0.54,0.525079365079365,0.499,0.5801711339915674,5.4,5.2,4.8,4.6
rf_full,signo_zodiacal_geminis,297,0.5,0.47000000000000003,0.45137917637917635,0.43999999999999995,0.4389070502342814,0.45,0.5185789129171482,4.4,5.0,5.0,5.6
rf_full,signo_zodiacal_geminis,298,0.5,0.5599999999999999,0.5900432900432901,0.52,0.5453580475252302,0.5269999999999999,0.5881663422576734,5.2,4.0,6.0,4.8
rf_full,signo_zodiacal_geminis,299,0.5,0.45999999999999996,0.44945054945054946,0.52,0.47867937688909556,0.46099999999999997,0.562804697366617,5.2,6.0,4.0,4.8
rf_full,signo_zodiacal_geminis,300,0.5,0.51,0.5055555555555555,0.52,0.5094630515683147,0.504,0.5640556290115114,5.2,5.0,5.0,4.8
rf_full,signo_zodiacal_geminis,301,0.5,0.6,0.6096969696969696,0.5599999999999999,0.5765079365079365,0.6210000000000001,0.6654638035682928,5.6,3.6,6.4,4.4
rf_full,signo_zodiacal_geminis,302,0.5,0.45,0.4666666666666666,0.43999999999999995,0.4472514619883041,0.42299999999999993,0.5129940821132772,4.4,5.4,4.6,5.6
rf_full,signo_zodiacal_geminis,303,0.5,0.32999999999999996,0.2861111111111111,0.26,0.2719298245614035,0.26799999999999996,0.44288027254822915,2.6,6.0,4.0,7.4
rf_full,signo_zodiacal_geminis,304,0.5,0.5399999999999999,0.5324242424242425,0.5599999999999999,0.5447163362952836,0.5599999999999999,0.5857732061540111,5.6,4.8,5.2,4.4
rf_full,signo_zodiacal_geminis,305,0.5,0.5,0.5022222222222222,0.5,0.4996172248803827,0.499,0.5668955309396485,5.0,5.0,5.0,5.0
rf_full,signo_zodiacal_geminis,306,0.5,0.55,0.5741702741702741,0.5199999999999999,0.5409173557780369,0.505,0.5407450131567779,5.2,4.2,5.8,4.8
rf_full,signo_zodiacal_geminis,307,0.5,0.5,0.5,0.5599999999999999,0.5272727272727272,0.48200000000000004,0.5582458477195319,5.6,5.6,4.4,4.4
rf_full,signo_zodiacal_geminis,308,0.5,0.5599999999999999,0.5944444444444444,0.42000000000000004,0.48199911543564794,0.564,0.6140621937402123,4.2,3.0,7.0,5.8
rf_full,signo_zodiacal_geminis,309,0.5,0.51,0.48,0.44000000000000006,0.45614035087719296,0.545,0.5909609640445553,4.4,4.2,5.8,5.6
rf_full,signo_zodiacal_geminis,310,0.5,0.5800000000000001,0.6091630591630592,0.5,0.5455992923485183,0.565,0.6715921398862575,5.0,3.4,6.6,5.0
rf_full,signo_zodiacal_geminis,311,0.5,0.45999999999999996,0.42051948051948057,0.38,0.3912197606315253,0.47000000000000003,0.520266401297361,3.8,4.6,5.4,6.2
rf_full,signo_zodiacal_geminis,312,0.5,0.5900000000000001,0.5900000000000001,0.6599999999999999,0.6169952153110048,0.617,0.6710849793481373,6.6,4.8,5.2,3.4
rf_full,signo_zodiacal_geminis,313,0.5,0.51,0.5734065934065933,0.5,0.5049137336093859,0.46799999999999997,0.5410816971126569,5.0,4.8,5.2,5.0
rf_full,signo_zodiacal_geminis,314,0.5,0.62,0.6389393939393939,0.5599999999999999,0.5907602339181286,0.643,0.6612641802641802,5.6,3.2,6.8,4.4
rf_full,signo_zodiacal_geminis,315,0.5,0.49000000000000005,0.49646464646464655,0.5,0.4966735019366598,0.48200000000000004,0.5513439138261119,5.0,5.2,4.8,5.0
rf_full,signo_zodiacal_geminis,316,0.5,0.39,0.3794444444444444,0.34,0.3582456140350877,0.398,0.468141349878192,3.4,5.6,4.4,6.6
rf_full,signo_zodiacal_geminis,317,0.5,0.41,0.3971717171717172,0.38,0.37718462823725984,0.42400000000000004,0.5416243946112367,3.8,5.6,4.4,6.2
rf_full,signo_zodiacal_geminis,318,0.5,0.53,0.5140415140415141,0.54,0.5151601830663616,0.5599999999999999,0.6061781078398726,5.4,4.8,5.2,4.6
rf_full,signo_zodiacal_geminis,319,0.5,0.55,0.5528943278943279,0.54,0.5412880026152337,0.554,0.581262198156161,5.4,4.4,5.6,4.6
rf_full,signo_zodiacal_geminis,320,0.5,0.63,0.6266666666666667,0.6599999999999999,0.6366315789473683,0.6359999999999999,0.6696244833597774,6.6,4.0,6.0,3.4
rf_full,signo_zodiacal_geminis,321,0.5,0.61,0.6097435897435897,0.62,0.6117620137299771,0.645,0.7081427439089978,6.2,4.0,6.0,3.8
rf_full,signo_zodiacal_geminis,322,0.5,0.47000000000000003,0.4690909090909091,0.44000000000000006,0.4492857142857143,0.479,0.5155384142001789,4.4,5.0,5.0,5.6
rf_full,signo_zodiacal_geminis,323,0.5,0.38,0.34803418803418806,0.36,0.34106178489702516,0.36,0.5183830655069044,3.6,6.0,4.0,6.4
rf_full,signo_zodiacal_geminis,324,0.5,0.57,0.6019347319347319,0.5,0.5303105590062112,0.5609999999999999,0.6262808739248368,5.0,3.6,6.4,5.0
rf_full,signo_zodiacal_geminis,325,0.5,0.43000000000000005,0.4332972582972583,0.44000000000000006,0.43270676691729315,0.4720000000000001,0.5746282502327394,4.4,5.8,4.2,5.6
rf_full,signo_zodiacal_geminis,326,0.5,0.5199999999999999,0.5319347319347318,0.5,0.5064509098834041,0.489,0.5535591183841957,5.0,4.6,5.4,5.0
rf_full,signo_zodiacal_geminis,327,0.5,0.55,0.5644383394383394,0.5,0.5235967155741015,0.576,0.6417180426212934,5.0,4.0,6.0,5.0
rf_full,signo_zodiacal_geminis,328,0.5,0.51,0.5048951048951049,0.4999999999999999,0.49431250761174034,0.528,0.558926043942298,5.0,4.8,5.2,5.0
rf_full,signo_zodiacal_geminis,329,0.5,0.38,0.3558791208791209,0.39999999999999997,0.37121057118499573,0.352,0.5060391512512256,4.0,6.4,3.6,6.0
rf_full,signo_zodiacal_geminis,330,0.5,0.57,0.5809090909090909,0.52,0.5463492063492064,0.5760000000000001,0.6390299206297658,5.2,3.8,6.2,4.8
rf_full,signo_zodiacal_geminis,331,0.5,0.55,0.5814407814407815,0.54,0.5492529277157088,0.577,0.6138025493598249,5.4,4.4,5.6,4.6
rf_full,signo_zodiacal_geminis,332,0.5,0.56,0.5817460317460317,0.48,0.518019201300935,0.6049999999999999,0.6634824917944113,4.8,3.6,6.4,5.2
rf_full,signo_zodiacal_geminis,333,0.5,0.47000000000000003,0.4143589743589743,0.45999999999999996,0.4247391304347826,0.469,0.5034591786782189,4.6,5.2,4.8,5.4
rf_full,signo_zodiacal_geminis,334,0.5,0.49000000000000005,0.4909090909090909,0.52,0.5013784461152883,0.446,0.5150513853191871,5.2,5.4,4.6,4.8
rf_full,signo_zodiacal_geminis,335,0.5,0.43,0.41409090909090907,0.38,0.3915079365079365,0.382,0.4753972590017481,3.8,5.2,4.8,6.2
rf_full,signo_zodiacal_geminis,336,0.5,0.54,0.5417832167832167,0.56,0.545115753811406,0.516,0.5501731770980997,5.6,4.8,5.2,4.4
rf_full,signo_zodiacal_geminis,337,0.5,0.44000000000000006,0.43740769034886684,0.4800000000000001,0.4475027437875735,0.42000000000000004,0.49132775703828335,4.8,6.0,4.0,5.2
rf_full,signo_zodiacal_geminis,338,0.5,0.49000000000000005,0.4825757575757576,0.48,0.47453102453102447,0.5109999999999999,0.5584047716988894,4.8,5.0,5.0,5.2
rf_full,signo_zodiacal_geminis,339,0.5,0.42000000000000004,0.3934188034188034,0.38,0.3781824125531219,0.44099999999999995,0.5088882588000235,3.8,5.4,4.6,6.2
rf_full,signo_zodiacal_geminis,340,0.5,0.5900000000000001,0.5942929292929293,0.5800000000000001,0.5849456975772765,0.599,0.6352884337884339,5.8,4.0,6.0,4.2
rf_full,signo_zodiacal_geminis,341,0.5,0.44000000000000006,0.4395959595959596,0.44000000000000006,0.43889724310776945,0.45499999999999996,0.541652840451602,4.4,5.6,4.4,5.6
rf_full,signo_zodiacal_geminis,342,0.5,0.48,0.47424242424242424,0.56,0.5114262930052405,0.5199999999999999,0.5863677227485276,5.6,6.0,4.0,4.4
rf_full,signo_zodiacal_geminis,343,0.5,0.51,0.5077344877344878,0.45999999999999996,0.4799783773158385,0.5439999999999999,0.5970356093854545,4.6,4.4,5.6,5.4
rf_full,signo_zodiacal_geminis,344,0.5,0.45,0.44952991452991453,0.5399999999999999,0.4838916857360793,0.45599999999999996,0.5117271556273104,5.4,6.4,3.6,4.6
rf_full,signo_zodiacal_geminis,345,0.5,0.42000000000000004,0.41535353535353536,0.38,0.39234335839599,0.454,0.5413343611153207,3.8,5.4,4.6,6.2
rf_full,signo_zodiacal_geminis,346,0.5,0.39,0.4023809523809524,0.42000000000000004,0.406951871657754,0.395,0.4760170487407329,4.2,6.4,3.6,5.8
rf_full,signo_zodiacal_geminis,347,0.5,0.45,0.44642857142857145,0.42000000000000004,0.42672858617131065,0.4459999999999999,0.5117840461911669,4.2,5.2,4.8,5.8
rf_full,signo_zodiacal_geminis,348,0.5,0.54,0.5226190476190476,0.54,0.5217171717171717,0.5730000000000001,0.6280811547413714,5.4,4.6,5.4,4.6
rf_full,signo_zodiacal_geminis,349,0.5,0.44000000000000006,0.4757142857142857,0.42000000000000004,0.4257142857142857,0.42400000000000004,0.5205674119482169,4.2,5.4,4.6,5.8
rf_full,signo_zodiacal_geminis,350,0.5,0.43,0.44647435897435894,0.5399999999999999,0.47643407317320363,0.43000000000000005,0.5056549381990558,5.4,6.8,3.2,4.6
rf_full,signo_zodiacal_geminis,351,0.5,0.48,0.5220346320346321,0.54,0.5031082251082251,0.47300000000000003,0.5315618111678484,5.4,5.8,4.2,4.6
rf_full,signo_zodiacal_geminis,352,0.5,0.47000000000000003,0.4309523809523809,0.38,0.3963903743315508,0.499,0.5321501425131455,3.8,4.4,5.6,6.2
rf_full,signo_zodiacal_geminis,353,0.5,0.52,0.5085714285714286,0.54,0.5094509803921569,0.533,0.5905233367423769,5.4,5.0,5.0,4.6
rf_full,signo_zodiacal_geminis,354,0.5,0.39,0.37575757575757573,0.38,0.3759550391129339,0.321,0.44554279363567295,3.8,6.0,4.0,6.2
rf_full,signo_zodiacal_geminis,355,0.5,0.49000000000000005,0.4979797979797979,0.5,0.4975393028024607,0.481,0.5746412605282575,5.0,5.2,4.8,5.0
rf_full,signo_zodiacal_geminis,356,0.5,0.42000000000000004,0.41174242424242424,0.41999999999999993,0.4049771865561339,0.42300000000000004,0.5543431131991503,4.2,5.8,4.2,5.8
rf_full,signo_zodiacal_geminis,357,0.5,0.5700000000000001,0.5768686868686869,0.5599999999999999,0.5558822055137844,0.553,0.6043746994319749,5.6,4.2,5.8,4.4
rf_full,signo_zodiacal_geminis,358,0.5,0.45,0.4621489621489621,0.4600000000000001,0.45540327218884225,0.477,0.57582008780693,4.6,5.6,4.4,5.4
rf_full,signo_zodiacal_geminis,359,0.5,0.53,0.5306915306915307,0.6,0.5611261354968449,0.515,0.5779541280013416,6.0,5.4,4.6,4.0
rf_full,signo_zodiacal_geminis,360,0.5,0.58,0.5904545454545455,0.54,0.5525829725829726,0.6449999999999999,0.7128490084047361,5.4,3.8,6.2,4.6
rf_full,signo_zodiacal_geminis,361,0.5,0.5900000000000001,0.5740259740259741,0.6599999999999999,0.6004578754578754,0.5969999999999999,0.6025804811803264,6.6,4.8,5.2,3.4
rf_full,signo_zodiacal_geminis,362,0.5,0.4,0.38388888888888884,0.36,0.37087719298245614,0.38499999999999995,0.511486006855202,3.6,5.6,4.4,6.4
rf_full,signo_zodiacal_geminis,363,0.5,0.48,0.47147075147075146,0.48,0.4719079027492004,0.5049999999999999,0.5656043776484952,4.8,5.2,4.8,5.2
rf_full,signo_zodiacal_geminis,364,0.5,0.43,0.4122727272727273,0.4600000000000001,0.43373737373737364,0.4800000000000001,0.516018931017383,4.6,6.0,4.0,5.4
rf_full,signo_zodiacal_geminis,365,0.5,0.45,0.4424242424242424,0.4,0.4135281385281385,0.462,0.545506132154739,4.0,5.0,5.0,6.0
rf_full,signo_zodiacal_geminis,366,0.5,0.48999999999999994,0.4888888888888888,0.5,0.49128123338649654,0.4790000000000001,0.5302873407122634,5.0,5.2,4.8,5.0
rf_full,signo_zodiacal_geminis,367,0.5,0.47000000000000003,0.4803174603174603,0.44000000000000006,0.452249742002064,0.446,0.5372551800624557,4.4,5.0,5.0,5.6
rf_full,signo_zodiacal_geminis,368,0.5,0.5,0.5055555555555556,0.45999999999999996,0.47868155236576293,0.505,0.5983219664752173,4.6,4.6,5.4,5.4
rf_full,signo_zodiacal_geminis,369,0.5,0.49000000000000005,0.48939393939393944,0.45999999999999996,0.4667486899065846,0.48599999999999993,0.5648443794767324,4.6,4.8,5.2,5.4
rf_full,signo_zodiacal_geminis,370,0.5,0.53,0.5046703296703297,0.58,0.5307331628303495,0.47800000000000004,0.5298179300060104,5.8,5.2,4.8,4.2
rf_full,signo_zodiacal_geminis,371,0.5,0.53,0.5366666666666666,0.4800000000000001,0.5011137692716641,0.537,0.606504279432298,4.8,4.2,5.8,5.2
rf_full,signo_zodiacal_geminis,372,0.5,0.54,0.53494560994561,0.54,0.5329483128110131,0.518,0.5606150885578131,5.4,4.6,5.4,4.6
rf_full,signo_zodiacal_geminis,373,0.5,0.42000000000000004,0.39111111111111113,0.36000000000000004,0.37342105263157893,0.442,0.5416519155079527,3.6,5.2,4.8,6.4
rf_full,signo_zodiacal_geminis,374,0.5,0.54,0.5279365079365079,0.5199999999999999,0.5202533070644526,0.5529999999999999,0.649214361232163,5.2,4.4,5.6,4.8
rf_full,signo_zodiacal_geminis,375,0.5,0.53,0.5461904761904762,0.54,0.5376470588235294,0.5840000000000001,0.6308853636044038,5.4,4.8,5.2,4.6
rf_full,signo_zodiacal_geminis,376,0.5,0.52,0.5378968253968254,0.54,0.5272751328478882,0.47800000000000004,0.5697569646555715,5.4,5.0,5.0,4.6
rf_full,signo_zodiacal_geminis,377,0.5,0.6,0.6269480519480519,0.52,0.565266106442577,0.593,0.6638921905407974,5.2,3.2,6.8,4.8
rf_full,signo_zodiacal_geminis,378,0.5,0.5900000000000001,0.6083583083583084,0.6,0.5953056321342766,0.622,0.6821954901823323,6.0,4.2,5.8,4.0
rf_full,signo_zodiacal_geminis,379,0.5,0.45,0.41943833943833936,0.36,0.37693004890743487,0.43999999999999995,0.5209155278845681,3.6,4.6,5.4,6.4
rf_full,signo_zodiacal_geminis,380,0.5,0.5900000000000001,0.6085714285714285,0.52,0.5413725490196079,0.6540000000000001,0.6799628394481335,5.2,3.4,6.6,4.8
rf_full,signo_zodiacal_geminis,381,0.5,0.47000000000000003,0.4726190476190476,0.44000000000000006,0.44336007130124777,0.47400000000000003,0.568962852077403,4.4,5.0,5.0,5.6
rf_full,signo_zodiacal_geminis,382,0.5,0.5000000000000001,0.5331313131313131,0.4999999999999999,0.4981152882205514,0.5309999999999999,0.586997489009099,5.0,5.0,5.0,5.0
rf_full,signo_zodiacal_geminis,383,0.5,0.4,0.4288811188811189,0.41999999999999993,0.42169772256728777,0.41600000000000004,0.5399425198984023,4.2,6.2,3.8,5.8
rf_full,signo_zodiacal_geminis,384,0.5,0.48,0.4862470862470863,0.5199999999999999,0.49449934123847167,0.37,0.48371893285592976,5.2,5.6,4.4,4.8
rf_full,signo_zodiacal_geminis,385,0.5,0.45,0.43662337662337664,0.45999999999999996,0.436917239623122,0.43099999999999994,0.5435312291767399,4.6,5.6,4.4,5.4
rf_full,signo_zodiacal_geminis,386,0.5,0.41000000000000003,0.41830835830835833,0.38,0.3892534405066374,0.40800000000000003,0.5018603253471674,3.8,5.6,4.4,6.2
rf_full,signo_zodiacal_geminis,387,0.5,0.53,0.5219613719613719,0.5,0.4926849791299919,0.514,0.533117909266516,5.0,4.4,5.6,5.0
rf_full,signo_zodiacal_geminis,388,0.5,0.5,0.4761988011988011,0.5,0.4830836682499086,0.45600000000000007,0.5033569563391544,5.0,5.0,5.0,5.0
rf_full,signo_zodiacal_geminis,389,0.5,0.5000000000000001,0.52,0.43999999999999995,0.4551578947368421,0.511,0.6023345645582487,4.4,4.4,5.6,5.6
rf_full,signo_zodiacal_geminis,390,0.5,0.42000000000000004,0.40166666666666667,0.4,0.39484848484848484,0.40700000000000003,0.46908631177903626,4.0,5.6,4.4,6.0
rf_full,signo_zodiacal_geminis,391,0.5,0.51,0.5094877344877344,0.45999999999999996,0.4803331859059413,0.524,0.5497514342382763,4.6,4.4,5.6,5.4
rf_full,signo_zodiacal_geminis,392,0.5,0.57,0.6092156862745097,0.54,0.5365656565656566,0.5609999999999999,0.662579047801184,5.4,4.0,6.0,4.6
rf_full,signo_zodiacal_geminis,393,0.5,0.5599999999999999,0.562857142857143,0.45999999999999996,0.4866470588235294,0.555,0.5835801508433087,4.6,3.4,6.6,5.4
rf_full,signo_zodiacal_geminis,394,0.5,0.54,0.5311965811965813,0.6,0.5612856251300188,0.533,0.5599064160813386,6.0,5.2,4.8,4.0
rf_full,signo_zodiacal_geminis,395,0.5,0.51,0.5217521367521367,0.54,0.5216109839816934,0.6,0.6213959641150044,5.4,5.2,4.8,4.6
rf_full,signo_zodiacal_geminis,396,0.5,0.51,0.49523809523809514,0.4,0.42809543397778693,0.487,0.5537562786370837,4.0,3.8,6.2,6.0
rf_full,signo_zodiacal_geminis,397,0.5,0.5,0.49662337662337663,0.44000000000000006,0.4636041083099907,0.5199999999999999,0.5851780435766504,4.4,4.4,5.6,5.6
rf_full,signo_zodiacal_geminis,398,0.5,0.36000000000000004,0.3703030303030303,0.4,0.38415584415584414,0.32199999999999995,0.4607736718046316,4.0,6.8,3.2,6.0
rf_full,signo_zodiacal_geminis,399,0.5,0.51,0.519047619047619,0.38,0.4352941176470588,0.5449999999999999,0.5807364091876476,3.8,3.6,6.4,6.2
rf_full,signo_zodiacal_geminis,400,0.5,0.43000000000000005,0.43066378066378064,0.38,0.3968983287094742,0.47000000000000003,0.5381150664780695,3.8,5.2,4.8,6.2
rf_full,signo_zodiacal_geminis,401,0.5,0.52,0.5306349206349207,0.48,0.4990718328798824,0.489,0.5872027126640129,4.8,4.4,5.6,5.2
rf_full,signo_zodiacal_geminis,402,0.5,0.52,0.5221778221778222,0.5799999999999998,0.5439836804286932,0.522,0.6071249675676921,5.8,5.4,4.6,4.2
rf_full,signo_zodiacal_geminis,403,0.5,0.56,0.56504329004329,0.5,0.5217871997283762,0.5650000000000001,0.6167092541960962,5.0,3.8,6.2,5.0
rf_full,signo_zodiacal_geminis,404,0.5,0.51,0.5261460761460761,0.52,0.5191347935055028,0.511,0.5609709348958575,5.2,5.0,5.0,4.8
rf_full,signo_zodiacal_geminis,405,0.5,0.53,0.5185425685425685,0.5199999999999999,0.5154048222159677,0.5479999999999999,0.5959765844750364,5.2,4.6,5.4,4.8
rf_full,signo_zodiacal_geminis,406,0.5,0.5700000000000001,0.5853968253968255,0.5,0.5284717140444695,0.5850000000000001,0.6005412822471646,5.0,3.6,6.4,5.0
rf_full,signo_zodiacal_geminis,407,0.5,0.45999999999999996,0.46343434343434337,0.44000000000000006,0.4454442925495557,0.358,0.4324692277107138,4.4,5.2,4.8,5.6
rf_full,signo_zodiacal_geminis,408,0.5,0.51,0.5159090909090909,0.48,0.49523809523809526,0.505,0.5481353189294367,4.8,4.6,5.4,5.2
rf_full,signo_zodiacal_geminis,409,0.5,0.47000000000000003,0.4688311688311688,0.4800000000000001,0.4682539682539682,0.5030000000000001,0.5509921055037154,4.8,5.4,4.6,5.2
rf_full,signo_zodiacal_geminis,410,0.5,0.49000000000000005,0.4927272727272728,0.52,0.5052813852813853,0.502,0.548199705523235,5.2,5.4,4.6,4.8
rf_full,signo_zodiacal_geminis,411,0.5,0.53,0.5233333333333333,0.5599999999999999,0.5395215311004784,0.595,0.6344000819441995,5.6,5.0,5.0,4.4
rf_full,signo_zodiacal_geminis,412,0.5,0.4600000000000001,0.4615501165501166,0.5,0.47716167890080924,0.384,0.47195515801707755,5.0,5.8,4.2,5.0
rf_full,signo_zodiacal_geminis,413,0.5,0.5400000000000001,0.5327428127428127,0.5599999999999999,0.5434935163996949,0.5619999999999999,0.6163125875672315,5.6,4.8,5.2,4.4
rf_full,signo_zodiacal_geminis,414,0.5,0.4600000000000001,0.46923076923076923,0.5,0.4781730346947738,0.4370000000000001,0.5223874905624132,5.0,5.8,4.2,5.0
rf_full,signo_zodiacal_geminis,415,0.5,0.53,0.5408008658008658,0.45999999999999996,0.4893557422969188,0.557,0.5894373290108584,4.6,4.0,6.0,5.4
rf_full,signo_zodiacal_geminis,416,0.5,0.5199999999999999,0.519090909090909,0.52,0.49959018759018753,0.5239999999999999,0.5760651293151293,5.2,4.8,5.2,4.8
rf_full,signo_zodiacal_geminis,417,0.5,0.38,0.39486291486291486,0.4,0.3935756056808689,0.335,0.46137134580246036,4.0,6.4,3.6,6.0
rf_full,signo_zodiacal_geminis,418,0.5,0.51,0.5190836940836941,0.45999999999999996,0.48467737972381936,0.532,0.5894122385182756,4.6,4.4,5.6,5.4
rf_full,signo_zodiacal_geminis,419,0.5,0.5900000000000001,0.6265909090909092,0.6,0.5876923076923077,0.582,0.6143023353495489,6.0,4.2,5.8,4.0
rf_full,signo_zodiacal_geminis,420,0.5,0.55,0.5658791208791208,0.5,0.5236942313157147,0.548,0.5945295352222596,5.0,4.0,6.0,5.0
rf_full,signo_zodiacal_geminis,421,0.5,0.61,0.6117171717171717,0.6599999999999999,0.6279892037786775,0.617,0.6429747688671836,6.6,4.4,5.6,3.4
rf_full,signo_zodiacal_geminis,422,0.5,0.49000000000000005,0.4880652680652681,0.5199999999999999,0.501791435109513,0.506,0.5484465138404768,5.2,5.4,4.6,4.8
rf_full,signo_zodiacal_geminis,423,0.5,0.5599999999999999,0.5877777777777778,0.5199999999999999,0.539485380116959,0.573,0.6356619746782284,5.2,4.0,6.0,4.8
rf_full,signo_zodiacal_geminis,424,0.5,0.45,0.44038461538461543,0.5,0.464211913182165,0.475,0.5291776829981164,5.0,6.0,4.0,5.0
rf_full,signo_zodiacal_geminis,425,0.5,0.45,0.4063131313131313,0.4,0.40051644262170577,0.48599999999999993,0.5603573988790707,4.0,5.0,5.0,6.0
rf_full,signo_zodiacal_geminis,426,0.5,0.4800000000000001,0.49333333333333335,0.48,0.48424242424242425,0.44699999999999995,0.542953130804524,4.8,5.2,4.8,5.2
rf_full,signo_zodiacal_geminis,427,0.5,0.51,0.5088888888888888,0.42000000000000004,0.45780529755761956,0.561,0.597083525521606,4.2,4.0,6.0,5.8
rf_full,signo_zodiacal_geminis,428,0.5,0.48,0.47757575757575754,0.52,0.49657780815675556,0.49000000000000005,0.5875555674116046,5.2,5.6,4.4,4.8
rf_full,signo_zodiacal_geminis,429,0.5,0.41000000000000003,0.39935064935064934,0.36,0.37535014005602235,0.339,0.47391588519839295,3.6,5.4,4.6,6.4
rf_full,signo_zodiacal_geminis,430,0.5,0.52,0.5119658119658119,0.58,0.5415227792802163,0.44299999999999995,0.49983877646261554,5.8,5.4,4.6,4.2
rf_full,signo_zodiacal_geminis,431,0.5,0.43000000000000005,0.4424686424686424,0.42000000000000004,0.4248498484061817,0.43100000000000005,0.5596555399364997,4.2,5.6,4.4,5.8
rf_full,signo_zodiacal_geminis,432,0.5,0.52,0.5274786324786325,0.54,0.5295508864387584,0.5170000000000001,0.6288271363139785,5.4,5.0,5.0,4.6
rf_full,signo_zodiacal_geminis,433,0.5,0.49000000000000005,0.47567099567099563,0.42000000000000004,0.4289635854341737,0.499,0.5583071640262043,4.2,4.4,5.6,5.8
rf_full,signo_zodiacal_geminis,434,0.5,0.43000000000000005,0.4325252525252525,0.4600000000000001,0.44473000683527,0.441,0.5246431232166526,4.6,6.0,4.0,5.4
rf_full,signo_zodiacal_geminis,435,0.5,0.5800000000000001,0.5824242424242424,0.5399999999999999,0.5556015037593985,0.5900000000000001,0.622350183528202,5.4,3.8,6.2,4.6
rf_full,signo_zodiacal_geminis,436,0.5,0.5599999999999999,0.5822222222222221,0.41999999999999993,0.4792105263157895,0.567,0.6069256360254812,4.2,3.0,7.0,5.8
rf_full,signo_zodiacal_geminis,437,0.5,0.5900000000000001,0.6141414141414142,0.54,0.5667710944026733,0.624,0.6794737931487156,5.4,3.6,6.4,4.6
rf_full,signo_zodiacal_geminis,438,0.5,0.55,0.5431013431013432,0.6,0.5648741418764301,0.532,0.576445174106939,6.0,5.0,5.0,4.0
rf_full,signo_zodiacal_geminis,439,0.5,0.55,0.5405205905205905,0.6,0.5665557173566327,0.5860000000000001,0.636045452483533,6.0,5.0,5.0,4.0
rf_full,signo_zodiacal_geminis,440,0.5,0.41999999999999993,0.4225,0.48,0.4438827838827838,0.35900000000000004,0.4834637415388189,4.8,6.4,3.6,5.2
rf_full,signo_zodiacal_geminis,441,0.5,0.6300000000000001,0.6428571428571429,0.52,0.5606485018249724,0.642,0.6584190974144535,5.2,2.6,7.4,4.8
rf_full,signo_zodiacal_geminis,442,0.5,0.43,0.4038095238095238,0.38,0.3876648841354723,0.426,0.499883031571112,3.8,5.2,4.8,6.2
rf_full,signo_zodiacal_geminis,443,0.5,0.43,0.3704761904761905,0.3,0.31939420744374303,0.41100000000000003,0.5332569509953411,3.0,4.4,5.6,7.0
rf_full,signo_zodiacal_geminis,444,0.5,0.45,0.52,0.42000000000000004,0.42897435897435904,0.43099999999999994,0.5559291474779091,4.2,5.2,4.8,5.8
rf_full,signo_zodiacal_geminis,445,0.5,0.41,0.40555555555555556,0.33999999999999997,0.3652711323763955,0.43200000000000005,0.5288550693372674,3.4,5.2,4.8,6.6
rf_full,signo_zodiacal_geminis,446,0.5,0.45999999999999996,0.4730519480519481,0.42000000000000004,0.4352707749766574,0.437,0.5161176601176601,4.2,5.0,5.0,5.8
rf_full,signo_zodiacal_geminis,447,0.5,0.5,0.49136363636363634,0.45999999999999996,0.4692857142857143,0.496,0.5589483490365843,4.6,4.6,5.4,5.4
rf_full,signo_zodiacal_geminis,448,0.5,0.51,0.5111111111111111,0.4,0.4226874003189792,0.5309999999999999,0.5739196338577144,4.0,3.8,6.2,6.0
rf_full,signo_zodiacal_geminis,449,0.5,0.45,0.4523199023199023,0.4800000000000001,0.4538586942140584,0.48199999999999993,0.6141239718314022,4.8,5.8,4.2,5.2
rf_full,signo_zodiacal_geminis,450,0.5,0.43,0.4311688311688312,0.4,0.4124428718855963,0.404,0.5002548742107565,4.0,5.4,4.6,6.0
rf_full,signo_zodiacal_geminis,451,0.5,0.45,0.46567599067599075,0.45999999999999996,0.4515527950310559,0.47000000000000003,0.554935665641548,4.6,5.6,4.4,5.4
rf_full,signo_zodiacal_geminis,452,0.5,0.5,0.5007142857142857,0.54,0.5161904761904761,0.534,0.570407700314821,5.4,5.4,4.6,4.6
rf_full,signo_zodiacal_geminis,453,0.5,0.5,0.49722222222222223,0.44000000000000006,0.4595640616693248,0.5189999999999999,0.5986914566341811,4.4,4.4,5.6,5.6
rf_full,signo_zodiacal_geminis,454,0.5,0.44000000000000006,0.4219047619047619,0.4,0.4000030959752322,0.44000000000000006,0.5238700096772851,4.0,5.2,4.8,6.0
rf_full,signo_zodiacal_geminis,455,0.5,0.5,0.4825396825396826,0.48,0.47512899896800825,0.43600000000000005,0.5467453057778136,4.8,4.8,5.2,5.2
rf_full,signo_zodiacal_geminis,456,0.5,0.5999999999999999,0.6063636363636363,0.6,0.6009523809523809,0.608,0.6373109113109112,6.0,4.0,6.0,4.0
rf_full,signo_zodiacal_geminis,457,0.5,0.48999999999999994,0.46420024420024414,0.43999999999999995,0.44506730380939563,0.45500000000000007,0.5198739531022812,4.4,4.6,5.4,5.6
rf_full,signo_zodiacal_geminis,458,0.5,0.45999999999999996,0.4057900432900433,0.54,0.46097236097236094,0.469,0.5461833623892447,5.4,6.2,3.8,4.6
rf_full,signo_zodiacal_geminis,459,0.5,0.54,0.5445177045177044,0.5399999999999999,0.5255905236236371,0.561,0.5657043307569622,5.4,4.6,5.4,4.6
rf_full,signo_zodiacal_geminis,460,0.5,0.54,0.5476190476190477,0.52,0.5265737874097007,0.518,0.5822133122295661,5.2,4.4,5.6,4.8
rf_full,signo_zodiacal_geminis,461,0.5,0.5199999999999999,0.5088888888888888,0.45999999999999996,0.48052631578947363,0.492,0.5453565288340829,4.6,4.2,5.8,5.4
rf_full,signo_zodiacal_geminis,462,0.5,0.45,0.4513131313131312,0.43999999999999995,0.444812030075188,0.44000000000000006,0.4964839121147171,4.4,5.4,4.6,5.6
rf_full,signo_zodiacal_geminis,463,0.5,0.43000000000000005,0.4365384615384615,0.44000000000000006,0.434211682037769,0.42400000000000004,0.4920106019711283,4.4,5.8,4.2,5.6
rf_full,signo_zodiacal_geminis,464,0.5,0.49000000000000005,0.4542424242424243,0.54,0.4862683982683983,0.446,0.5375249770868966,5.4,5.6,4.4,4.6
rf_full,signo_zodiacal_geminis,465,0.5,0.52,0.5316666666666666,0.54,0.5189356725146199,0.513,0.5714606314737892,5.4,5.0,5.0,4.6
rf_full,signo_zodiacal_geminis,466,0.5,0.54,0.53497002997003,0.6,0.5597446514837819,0.562,0.5680439364557012,6.0,5.2,4.8,4.0
rf_full,signo_zodiacal_geminis,467,0.5,0.48,0.4766666666666667,0.42000000000000004,0.4372727272727273,0.46099999999999997,0.5493169318641455,4.2,4.6,5.4,5.8
rf_full,signo_zodiacal_geminis,468,0.5,0.47000000000000003,0.45555555555555555,0.42000000000000004,0.43219032429558746,0.47000000000000003,0.5396521164593919,4.2,4.8,5.2,5.8
rf_full,signo_zodiacal_geminis,469,0.5,0.59,0.5748917748917749,0.68,0.6216450216450216,0.6290000000000001,0.6605870938487037,6.8,5.0,5.0,3.2
rf_full,signo_zodiacal_geminis,470,0.5,0.4600000000000001,0.46989898989898987,0.45999999999999996,0.4639598997493735,0.41999999999999993,0.5149463042976975,4.6,5.4,4.6,5.4
rf_full,signo_zodiacal_geminis,471,0.5,0.55,0.573015873015873,0.43999999999999995,0.4934984520123839,0.5239999999999999,0.5832671582803162,4.4,3.4,6.6,5.6
rf_full,signo_zodiacal_geminis,472,0.5,0.45,0.42246642246642246,0.42000000000000004,0.4142901283667201,0.45299999999999996,0.5199626756112824,4.2,5.2,4.8,5.8
rf_full,signo_zodiacal_geminis,473,0.5,0.48,0.4658297258297258,0.44000000000000006,0.450717971399086,0.476,0.5484017659327257,4.4,4.8,5.2,5.6
rf_full,signo_zodiacal_geminis,474,0.5,0.51,0.5142857142857143,0.44000000000000006,0.46911764705882353,0.5650000000000001,0.6309516768061659,4.4,4.2,5.8,5.6
rf_full,signo_zodiacal_geminis,475,0.5,0.61,0.6128787878787878,0.6,0.6040935672514619,0.665,0.6615824524632574,6.0,3.8,6.2,4.0
rf_full,signo_zodiacal_geminis,476,0.5,0.4699999999999999,0.48,0.38,0.4177777777777778,0.49300000000000005,0.5361337906159888,3.8,4.4,5.6,6.2
rf_full,signo_zodiacal_geminis,477,0.5,0.43999999999999995,0.43,0.36,0.38833333333333336,0.41200000000000003,0.5008414014605965,3.6,4.8,5.2,6.4
rf_full,signo_zodiacal_geminis,478,0.5,0.37,0.36653846153846154,0.3,0.3178191856452726,0.339,0.4617443637373978,3.0,5.6,4.4,7.0
rf_full,signo_zodiacal_geminis,479,0.5,0.51,0.510909090909091,0.54,0.5243290043290043,0.5519999999999999,0.6137944904252954,5.4,5.2,4.8,4.6
rf_full,signo_zodiacal_geminis,480,0.5,0.43,0.3976623376623376,0.36000000000000004,0.3711484593837535,0.421,0.5228713529332725,3.6,5.0,5.0,6.4
rf_full,signo_zodiacal_geminis,481,0.5,0.4,0.36666666666666664,0.34,0.3513157894736842,0.367,0.4574728980170157,3.4,5.4,4.6,6.6
rf_full,signo_zodiacal_geminis,482,0.5,0.41000000000000003,0.40392385392385394,0.4,0.3980821619265555,0.36,0.44396828214784867,4.0,5.8,4.2,6.0
rf_full,signo_zodiacal_geminis,483,0.5,0.58,0.6,0.5,0.5290909090909091,0.6479999999999999,0.6811145335572579,5.0,3.4,6.6,5.0
rf_full,signo_zodiacal_geminis,484,0.5,0.47000000000000003,0.4673076923076923,0.5,0.4805383022774327,0.43499999999999994,0.5228494020599284,5.0,5.6,4.4,5.0
rf_full,signo_zodiacal_geminis,485,0.5,0.52,0.5218181818181817,0.54,0.5304761904761904,0.5800000000000001,0.6593181699621327,5.4,5.0,5.0,4.6
rf_full,signo_zodiacal_geminis,486,0.5,0.48,0.4666666666666666,0.36,0.397979797979798,0.40800000000000003,0.4944200738202286,3.6,4.0,6.0,6.4
rf_full,signo_zodiacal_geminis,487,0.5,0.5599999999999999,0.6215584415584415,0.58,0.5556410256410256,0.522,0.5931448072051786,5.8,4.6,5.4,4.2
rf_full,signo_zodiacal_geminis,488,0.5,0.48999999999999994,0.49071428571428577,0.42000000000000004,0.4505882352941176,0.516,0.6058998577102293,4.2,4.4,5.6,5.8
rf_full,signo_zodiacal_geminis,489,0.5,0.45999999999999996,0.45628205128205124,0.5199999999999999,0.482635046113307,0.41,0.5048867358132064,5.2,6.0,4.0,4.8
rf_full,signo_zodiacal_geminis,490,0.5,0.49000000000000005,0.4993939393939394,0.58,0.5311729323308271,0.485,0.517656858449428,5.8,6.0,4.0,4.2
rf_full,signo_zodiacal_geminis,491,0.5,0.55,0.5576201576201576,0.56,0.5521681441455301,0.615,0.6859042264924617,5.6,4.6,5.4,4.4
rf_full,signo_zodiacal_geminis,492,0.5,0.49000000000000005,0.4776923076923077,0.4600000000000001,0.4611835748792271,0.49899999999999994,0.5634193449309548,4.6,4.8,5.2,5.4
rf_full,signo_zodiacal_geminis,493,0.5,0.43000000000000005,0.4111111111111111,0.36,0.3815789473684211,0.41200000000000003,0.4910321890012293,3.6,5.0,5.0,6.4
rf_full,signo_zodiacal_geminis,494,0.5,0.49000000000000005,0.5075000000000001,0.45999999999999996,0.4658502024291498,0.4680000000000001,0.521773577901287,4.6,4.8,5.2,5.4
rf_full,signo_zodiacal_geminis,495,0.5,0.49000000000000005,0.5076923076923077,0.38,0.4167391304347826,0.475,0.5407251288443239,3.8,4.0,6.0,6.2
rf_full,signo_zodiacal_geminis,496,0.5,0.41000000000000003,0.34363636363636363,0.38,0.3605194805194805,0.40700000000000003,0.4985253739208847,3.8,5.6,4.4,6.2
rf_full,signo_zodiacal_geminis,497,0.5,0.4600000000000001,0.4598809523809524,0.48,0.4614384377232675,0.45899999999999996,0.537199219081572,4.8,5.6,4.4,5.2
rf_full,signo_zodiacal_geminis,498,0.5,0.5599999999999999,0.561880341880342,0.54,0.535021612001017,0.5900000000000001,0.6267022367037847,5.4,4.2,5.8,4.6
rf_full,signo_zodiacal_geminis,499,0.5,0.55,0.5472727272727272,0.5599999999999999,0.5517460317460318,0.5800000000000001,0.6103764111705289,5.6,4.6,5.4,4.4
rf_full,signo_zodiacal_geminis,500,0.5,0.52,0.5305916305916306,0.44000000000000006,0.4776254361393681,0.46699999999999997,0.5420811590370415,4.4,4.0,6.0,5.6
rf_full,signo_zodiacal_leo,1,0.5,0.4699999999999999,0.4597979797979798,0.36,0.3966708437761069,0.483,0.5793486615723458,3.6,4.2,5.8,6.4
rf_full,signo_zodiacal_leo,2,0.5,0.48,0.4702020202020202,0.4800000000000001,0.4731373889268625,0.525,0.6014115220864447,4.8,5.2,4.8,5.2
rf_full,signo_zodiacal_leo,3,0.5,0.45,0.48288600288600286,0.42000000000000004,0.42299209562367457,0.433,0.5468373560563962,4.2,5.2,4.8,5.8
rf_full,signo_zodiacal_leo,4,0.5,0.6199999999999999,0.6238344988344988,0.62,0.6171588391268024,0.589,0.6269449825200599,6.2,3.8,6.2,3.8
rf_full,signo_zodiacal_leo,5,0.5,0.51,0.5064224664224664,0.5,0.4979620406515009,0.4549999999999999,0.539758167443152,5.0,4.8,5.2,5.0
rf_full,signo_zodiacal_leo,6,0.5,0.42000000000000004,0.42414529914529914,0.45999999999999996,0.43783371472158655,0.4029999999999999,0.4937331193917881,4.6,6.2,3.8,5.4
rf_full,signo_zodiacal_leo,7,0.5,0.5,0.49777777777777776,0.5199999999999999,0.5050877192982457,0.5599999999999999,0.5882147260204535,5.2,5.2,4.8,4.8
rf_full,signo_zodiacal_leo,8,0.5,0.47000000000000003,0.48769841269841274,0.33999999999999997,0.3912526414074402,0.48200000000000004,0.5745550478932832,3.4,4.0,6.0,6.6
rf_full,signo_zodiacal_leo,9,0.5,0.45000000000000007,0.46733193277310925,0.5,0.45679906150494387,0.47400000000000003,0.5733401619020814,5.0,6.0,4.0,5.0
rf_full,signo_zodiacal_leo,10,0.5,0.42000000000000004,0.39666666666666667,0.38,0.38,0.39,0.4704533707606463,3.8,5.4,4.6,6.2
rf_full,signo_zodiacal_leo,11,0.5,0.51,0.4852020202020203,0.42000000000000004,0.4462155388471178,0.466,0.549716183970828,4.2,4.0,6.0,5.8
rf_full,signo_zodiacal_leo,12,0.5,0.54,0.5438095238095237,0.6199999999999999,0.5680713012477718,0.534,0.5769393917056455,6.2,5.4,4.6,3.8
rf_full,signo_zodiacal_leo,13,0.5,0.5900000000000001,0.61004329004329,0.52,0.5547191508182221,0.605,0.5968483640542463,5.2,3.4,6.6,4.8
rf_full,signo_zodiacal_leo,14,0.5,0.61,0.6194444444444445,0.58,0.5951621477937268,0.5720000000000001,0.6036309425868248,5.8,3.6,6.4,4.2
rf_full,signo_zodiacal_leo,15,0.5,0.5800000000000001,0.5529004329004328,0.6200000000000001,0.5771148727433557,0.5519999999999999,0.5816020994829044,6.2,4.6,5.4,3.8
rf_full,signo_zodiacal_leo,16,0.5,0.4,0.3873809523809524,0.33999999999999997,0.36041279669762644,0.38699999999999996,0.4858022918773693,3.4,5.4,4.6,6.6
rf_full,signo_zodiacal_leo,17,0.5,0.41,0.4028860028860029,0.32000000000000006,0.3527728635313775,0.433,0.5316188348115592,3.2,5.0,5.0,6.8
rf_full,signo_zodiacal_leo,18,0.5,0.37,0.317987012987013,0.30000000000000004,0.30614379084967325,0.36900000000000005,0.45650226777006964,3.0,5.6,4.4,7.0
rf_full,signo_zodiacal_leo,19,0.5,0.6300000000000001,0.623939393939394,0.6599999999999999,0.6406060606060606,0.693,0.725043703630391,6.6,4.0,6.0,3.4
rf_full,signo_zodiacal_leo,20,0.5,0.43,0.4351082251082251,0.48,0.45005143875732107,0.42000000000000004,0.5139638370745182,4.8,6.2,3.8,5.2
rf_full,signo_zodiacal_leo,21,0.5,0.55,0.5654040404040404,0.5,0.5238930659983291,0.563,0.5832093180297514,5.0,4.0,6.0,5.0
rf_full,signo_zodiacal_leo,22,0.5,0.55,0.5430769230769231,0.52,0.5142530899052639,0.5710000000000001,0.6082499798103514,5.2,4.2,5.8,4.8
rf_full,signo_zodiacal_leo,23,0.5,0.47000000000000003,0.4690909090909091,0.5,0.47984126984126985,0.4699999999999999,0.531895436864477,5.0,5.6,4.4,5.0
rf_full,signo_zodiacal_leo,24,0.5,0.44000000000000006,0.4374242424242424,0.47999999999999987,0.452952380952381,0.346,0.4636465228098355,4.8,6.0,4.0,5.2
rf_full,signo_zodiacal_leo,25,0.5,0.48,0.46313131313131317,0.48,0.46581225791752107,0.522,0.5601256592564642,4.8,5.2,4.8,5.2
rf_full,signo_zodiacal_leo,26,0.5,0.5,0.4917904317904318,0.5,0.49092385695697044,0.49000000000000005,0.5358117237939218,5.0,5.0,5.0,5.0
rf_full,signo_zodiacal_leo,27,0.5,0.5,0.5044011544011544,0.5599999999999999,0.5277739804055593,0.521,0.5749901020032598,5.6,5.6,4.4,4.4
rf_full,signo_zodiacal_leo,28,0.5,0.5599999999999999,0.5999999999999999,0.5,0.5387161084529505,0.531,0.6011540947013083,5.0,3.8,6.2,5.0
rf_full,signo_zodiacal_leo,29,0.5,0.45999999999999996,0.46333333333333326,0.41999999999999993,0.43479797979797985,0.484,0.5229144625584254,4.2,5.0,5.0,5.8
rf_full,signo_zodiacal_leo,30,0.5,0.4,0.36,0.32000000000000006,0.32909090909090905,0.34900000000000003,0.4596171898277161,3.2,5.2,4.8,6.8
rf_full,signo_zodiacal_leo,31,0.5,0.55,0.5590187590187591,0.54,0.5442818275635612,0.554,0.5921268445177114,5.4,4.4,5.6,4.6
rf_full,signo_zodiacal_leo,32,0.5,0.51,0.509090909090909,0.44000000000000006,0.4684652808491817,0.49000000000000005,0.545791062480691,4.4,4.2,5.8,5.6
rf_full,signo_zodiacal_leo,33,0.5,0.54,0.5583333333333333,0.45999999999999996,0.5,0.5599999999999999,0.636355320548045,4.6,3.8,6.2,5.4
rf_full,signo_zodiacal_leo,34,0.5,0.53,0.530952380952381,0.56,0.5360368389780155,0.518,0.5588740513872092,5.6,5.0,5.0,4.4
rf_full,signo_zodiacal_leo,35,0.5,0.53,0.53,0.6,0.5593460925039873,0.5509999999999999,0.593488287855935,6.0,5.4,4.6,4.0
rf_full,signo_zodiacal_leo,36,0.5,0.43,0.43906926406926405,0.38,0.4046144773698953,0.418,0.4816143749611242,3.8,5.2,4.8,6.2
rf_full,signo_zodiacal_leo,37,0.5,0.54,0.5398989898989899,0.52,0.5263309789625579,0.4880000000000001,0.5516615082543874,5.2,4.4,5.6,4.8
rf_full,signo_zodiacal_leo,38,0.5,0.38,0.4062937062937063,0.48,0.43871635610766047,0.39299999999999996,0.48367328912917157,4.8,7.2,2.8,5.2
rf_full,signo_zodiacal_leo,39,0.5,0.51,0.5061616161616161,0.43999999999999995,0.46421052631578946,0.48699999999999993,0.5938998979176998,4.4,4.2,5.8,5.6
rf_full,signo_zodiacal_leo,40,0.5,0.44000000000000006,0.42696969696969694,0.41999999999999993,0.4151925267714741,0.44699999999999995,0.5280780798149218,4.2,5.4,4.6,5.8
rf_full,signo_zodiacal_leo,41,0.5,0.43,0.42388888888888887,0.38,0.4003508771929825,0.43100000000000005,0.4937544836484465,3.8,5.2,4.8,6.2
rf_full,signo_zodiacal_leo,42,0.5,0.5800000000000001,0.5811111111111111,0.5,0.5349122807017543,0.6380000000000001,0.6357342004400829,5.0,3.4,6.6,5.0
rf_full,signo_zodiacal_leo,43,0.5,0.53,0.5608058608058608,0.52,0.5263427109974426,0.522,0.580365765984961,5.2,4.6,5.4,4.8
rf_full,signo_zodiacal_leo,44,0.5,0.51,0.5083333333333333,0.5599999999999999,0.5218713450292398,0.475,0.5169969187159589,5.6,5.4,4.6,4.4
rf_full,signo_zodiacal_leo,45,0.5,0.4800000000000001,0.4766233766233766,0.48,0.4728970376029199,0.488,0.541054638344112,4.8,5.2,4.8,5.2
rf_full,signo_zodiacal_leo,46,0.5,0.54,0.5324675324675324,0.5399999999999999,0.5257936507936508,0.546,0.5878988038105686,5.4,4.6,5.4,4.6
rf_full,signo_zodiacal_leo,47,0.5,0.45,0.4434920634920635,0.4,0.4106432748538012,0.43600000000000005,0.5251110001110002,4.0,5.0,5.0,6.0
rf_full,signo_zodiacal_leo,48,0.5,0.47000000000000003,0.4666666666666667,0.4800000000000001,0.4622994652406417,0.47300000000000003,0.5516502211239053,4.8,5.4,4.6,5.2
rf_full,signo_zodiacal_leo,49,0.5,0.5,0.49444444444444446,0.43999999999999995,0.4649122807017544,0.48599999999999993,0.5461607791932869,4.4,4.4,5.6,5.6
rf_full,signo_zodiacal_leo,50,0.5,0.51,0.49616161616161614,0.41999999999999993,0.44865497076023386,0.5940000000000001,0.6438215381110118,4.2,4.0,6.0,5.8
rf_full,signo_zodiacal_leo,51,0.5,0.39,0.4108225108225108,0.44000000000000006,0.4211399711399711,0.32199999999999995,0.44376983516998997,4.4,6.6,3.4,5.6
rf_full,signo_zodiacal_leo,52,0.5,0.52,0.5478571428571428,0.42000000000000004,0.4687581699346405,0.5710000000000001,0.6199068980555048,4.2,3.8,6.2,5.8
rf_full,signo_zodiacal_leo,53,0.5,0.43,0.42333333333333334,0.4,0.3900519480519481,0.496,0.5600438917807338,4.0,5.4,4.6,6.0
rf_full,signo_zodiacal_leo,54,0.5,0.55,0.5486324786324787,0.52,0.5195025772600143,0.5349999999999999,0.6148863913863913,5.2,4.2,5.8,4.8
rf_full,signo_zodiacal_leo,55,0.5,0.5199999999999999,0.4862637362637362,0.6,0.5346624815934279,0.525,0.5953598170835013,6.0,5.6,4.4,4.0
rf_full,signo_zodiacal_leo,56,0.5,0.45999999999999996,0.45999999999999996,0.48,0.4670707070707071,0.41800000000000004,0.49158888333888334,4.8,5.6,4.4,5.2
rf_full,signo_zodiacal_leo,57,0.5,0.45999999999999996,0.4588383838383838,0.38,0.4128261831048209,0.43100000000000005,0.5431850957779749,3.8,4.6,5.4,6.2
rf_full,signo_zodiacal_leo,58,0.5,0.53,0.5399999999999999,0.45999999999999996,0.4730124777183601,0.48999999999999994,0.5424759052437071,4.6,4.0,6.0,5.4
rf_full,signo_zodiacal_leo,59,0.5,0.55,0.524965034965035,0.47999999999999987,0.48364389233954447,0.624,0.6392863041671092,4.8,3.8,6.2,5.2
rf_full,signo_zodiacal_leo,60,0.5,0.51,0.5079365079365079,0.4,0.4382574082264485,0.48200000000000004,0.5441224053724054,4.0,3.8,6.2,6.0
rf_full,signo_zodiacal_leo,61,0.5,0.47000000000000003,0.46551226551226554,0.36000000000000004,0.4000368568480024,0.521,0.5571800574726271,3.6,4.2,5.8,6.4
rf_full,signo_zodiacal_leo,62,0.5,0.5200000000000001,0.5311111111111111,0.54,0.5141520467836258,0.505,0.5730872106050124,5.4,5.0,5.0,4.6
rf_full,signo_zodiacal_leo,63,0.5,0.45999999999999996,0.4432539682539682,0.42000000000000004,0.4245442036463708,0.42000000000000004,0.4720087385954258,4.2,5.0,5.0,5.8
rf_full,signo_zodiacal_leo,64,0.5,0.5599999999999999,0.5526307026307027,0.62,0.5774980347870373,0.5950000000000001,0.6666297107605157,6.2,5.0,5.0,3.8
rf_full,signo_zodiacal_leo,65,0.5,0.45,0.4533333333333333,0.4800000000000001,0.4608888888888889,0.48199999999999993,0.5504131701631702,4.8,5.8,4.2,5.2
rf_full,signo_zodiacal_leo,66,0.5,0.5700000000000001,0.5786879786879787,0.5399999999999999,0.5505759283118282,0.653,0.6803524710583534,5.4,4.0,6.0,4.6
rf_full,signo_zodiacal_leo,67,0.5,0.54,0.5423076923076924,0.52,0.5218252317222569,0.587,0.6474148020881767,5.2,4.4,5.6,4.8
rf_full,signo_zodiacal_leo,68,0.5,0.55,0.5444837515425751,0.6599999999999999,0.5903105590062112,0.586,0.6078501857619505,6.6,5.6,4.4,3.4
rf_full,signo_zodiacal_leo,69,0.5,0.5900000000000001,0.621948051948052,0.52,0.5543570155334862,0.619,0.6681673132509045,5.2,3.4,6.6,4.8
rf_full,signo_zodiacal_leo,70,0.5,0.49000000000000005,0.49333333333333335,0.54,0.5051818181818182,0.43499999999999994,0.5319669682742438,5.4,5.6,4.4,4.6
rf_full,signo_zodiacal_leo,71,0.5,0.41000000000000003,0.3928571428571429,0.42000000000000004,0.3965561497326203,0.43,0.5268505948815546,4.2,6.0,4.0,5.8
rf_full,signo_zodiacal_leo,72,0.5,0.52,0.5084304584304584,0.5599999999999999,0.5300623099250101,0.528,0.5953637406625022,5.6,5.2,4.8,4.4
rf_full,signo_zodiacal_leo,73,0.5,0.30999999999999994,0.2583333333333333,0.18,0.2056808688387636,0.292,0.42331028491632205,1.8,5.6,4.4,8.2
rf_full,signo_zodiacal_leo,74,0.5,0.5599999999999999,0.5563636363636364,0.5800000000000001,0.5655988455988457,0.5750000000000001,0.600140292885649,5.8,4.6,5.4,4.2
rf_full,signo_zodiacal_leo,75,0.5,0.5,0.5254273504273504,0.5199999999999999,0.5189538404641378,0.483,0.5212898772194439,5.2,5.2,4.8,4.8
rf_full,signo_zodiacal_leo,76,0.5,0.5800000000000001,0.6542857142857142,0.5,0.535516248457425,0.514,0.5930904754859864,5.0,3.4,6.6,5.0
rf_full,signo_zodiacal_leo,77,0.5,0.52,0.5233766233766234,0.5399999999999999,0.5233792067551658,0.507,0.5432349502922259,5.4,5.0,5.0,4.6
rf_full,signo_zodiacal_leo,78,0.5,0.43,0.44131701631701636,0.4,0.4124160037775598,0.368,0.4932381728178942,4.0,5.4,4.6,6.0
rf_full,signo_zodiacal_leo,79,0.5,0.51,0.5181240981240982,0.5,0.5046621902349456,0.5429999999999999,0.5760301261346154,5.0,4.8,5.2,5.0
rf_full,signo_zodiacal_leo,80,0.5,0.5900000000000001,0.6089743589743589,0.5399999999999999,0.5576900720762613,0.601,0.6495527586448638,5.4,3.6,6.4,4.6
rf_full,signo_zodiacal_leo,81,0.5,0.4600000000000001,0.4523809523809524,0.38,0.41152390780873754,0.434,0.5351464318275463,3.8,4.6,5.4,6.2
rf_full,signo_zodiacal_leo,82,0.5,0.54,0.5402020202020202,0.6,0.5656358287021902,0.5660000000000001,0.6046752142766074,6.0,5.2,4.8,4.0
rf_full,signo_zodiacal_leo,83,0.5,0.53,0.5540909090909091,0.44000000000000006,0.47555555555555545,0.611,0.658293271056429,4.4,3.8,6.2,5.6
rf_full,signo_zodiacal_leo,84,0.5,0.51,0.4966666666666667,0.45999999999999996,0.4694949494949495,0.476,0.5542741702741703,4.6,4.4,5.6,5.4
rf_full,signo_zodiacal_leo,85,0.5,0.43000000000000005,0.41820346320346313,0.38,0.39623175586023884,0.38299999999999995,0.48294763423710785,3.8,5.2,4.8,6.2
rf_full,signo_zodiacal_leo,86,0.5,0.61,0.6461538461538462,0.6,0.6004830917874396,0.551,0.6314911122589141,6.0,3.8,6.2,4.0
rf_full,signo_zodiacal_leo,87,0.5,0.48,0.4883333333333333,0.48,0.48202020202020207,0.485,0.5305301975286495,4.8,5.2,4.8,5.2
rf_full,signo_zodiacal_leo,88,0.5,0.51,0.5111111111111111,0.45999999999999996,0.471496924128503,0.5900000000000001,0.62147419797265,4.6,4.4,5.6,5.4
rf_full,signo_zodiacal_leo,89,0.5,0.51,0.5075757575757576,0.6,0.5487012987012987,0.496,0.5549177935927162,6.0,5.8,4.2,4.0
rf_full,signo_zodiacal_leo,90,0.5,0.52,0.5406060606060606,0.62,0.5702424242424242,0.469,0.5445791620660041,6.2,5.8,4.2,3.8
rf_full,signo_zodiacal_leo,91,0.5,0.43,0.44237762237762246,0.48,0.45933747412008274,0.45500000000000007,0.578514487576407,4.8,6.2,3.8,5.2
rf_full,signo_zodiacal_leo,92,0.5,0.5,0.5059163059163059,0.5800000000000001,0.531514684146263,0.569,0.597512060007416,5.8,5.8,4.2,4.2
rf_full,signo_zodiacal_leo,93,0.5,0.51,0.5083694083694084,0.54,0.5159905110369507,0.48100000000000004,0.5961682423183972,5.4,5.2,4.8,4.6
rf_full,signo_zodiacal_leo,94,0.5,0.52,0.5080570409982175,0.54,0.5107407407407407,0.5810000000000001,0.6275428635691794,5.4,5.0,5.0,4.6
rf_full,signo_zodiacal_leo,95,0.5,0.47000000000000003,0.4966666666666667,0.42000000000000004,0.4383959899749373,0.513,0.5823239774501384,4.2,4.8,5.2,5.8
rf_full,signo_zodiacal_leo,96,0.5,0.45,0.45404040404040397,0.54,0.4886727307779939,0.43499999999999994,0.5268149628149629,5.4,6.4,3.6,4.6
rf_full,signo_zodiacal_leo,97,0.5,0.61,0.5973443223443223,0.64,0.608029140509959,0.619,0.6478303891670765,6.4,4.2,5.8,3.6
rf_full,signo_zodiacal_leo,98,0.5,0.5,0.5069347319347319,0.52,0.5078863165819688,0.526,0.5611067702507331,5.2,5.2,4.8,4.8
rf_full,signo_zodiacal_leo,99,0.5,0.55,0.5785714285714285,0.48,0.5081232492997199,0.6020000000000001,0.6844168604872939,4.8,3.8,6.2,5.2
rf_full,signo_zodiacal_leo,100,0.5,0.5399999999999999,0.5416666666666667,0.5799999999999998,0.5503496503496503,0.499,0.5668737747460658,5.8,5.0,5.0,4.2
rf_full,signo_zodiacal_leo,101,0.5,0.6,0.6511111111111111,0.6,0.6016734143049932,0.599,0.6481864230540701,6.0,4.0,6.0,4.0
rf_full,signo_zodiacal_leo,102,0.5,0.51,0.5133766233766234,0.5200000000000001,0.5023124522536287,0.503,0.5439790574922154,5.2,5.0,5.0,4.8
rf_full,signo_zodiacal_leo,103,0.5,0.5200000000000001,0.5308358308358309,0.52,0.5200193578575595,0.509,0.5594512513630161,5.2,4.8,5.2,4.8
rf_full,signo_zodiacal_leo,104,0.5,0.4600000000000001,0.44420024420024423,0.42000000000000004,0.4263830932830798,0.48599999999999993,0.5780863184802814,4.2,5.0,5.0,5.8
rf_full,signo_zodiacal_leo,105,0.5,0.45,0.44444444444444436,0.31999999999999995,0.36491228070175435,0.42699999999999994,0.5610618487120034,3.2,4.2,5.8,6.8
rf_full,signo_zodiacal_leo,106,0.5,0.43,0.4278571428571428,0.38,0.39986928104575165,0.43500000000000005,0.5168486344237119,3.8,5.2,4.8,6.2
rf_full,signo_zodiacal_leo,107,0.5,0.45000000000000007,0.4466666666666666,0.45999999999999996,0.4526817042606517,0.458,0.5148450736569932,4.6,5.6,4.4,5.4
rf_full,signo_zodiacal_leo,108,0.5,0.52,0.5166233766233765,0.45999999999999996,0.48082633053221285,0.5120000000000001,0.5517453169465554,4.6,4.2,5.8,5.4
rf_full,signo_zodiacal_leo,109,0.5,0.52,0.5236940836940838,0.44000000000000006,0.46908447589562136,0.5680000000000001,0.6035831827271455,4.4,4.0,6.0,5.6
rf_full,signo_zodiacal_leo,110,0.5,0.5599999999999999,0.553030303030303,0.5,0.5198412698412699,0.5840000000000001,0.6293173095394458,5.0,3.8,6.2,5.0
rf_full,signo_zodiacal_leo,111,0.5,0.5800000000000001,0.6131313131313132,0.6,0.5936934728124659,0.5319999999999999,0.5952582760376879,6.0,4.4,5.6,4.0
rf_full,signo_zodiacal_leo,112,0.5,0.48999999999999994,0.49435897435897436,0.4999999999999999,0.48946640316205536,0.45999999999999996,0.549818147366909,5.0,5.2,4.8,5.0
rf_full,signo_zodiacal_leo,113,0.5,0.48,0.4583333333333333,0.44000000000000006,0.44520202020202027,0.47800000000000004,0.5373838520440688,4.4,4.8,5.2,5.6
rf_full,signo_zodiacal_leo,114,0.5,0.49000000000000005,0.4733044733044733,0.44000000000000006,0.45349157206742347,0.506,0.5668877876509455,4.4,4.6,5.4,5.6
rf_full,signo_zodiacal_leo,115,0.5,0.5900000000000001,0.62,0.4999999999999999,0.5406060606060606,0.67,0.7257932165873343,5.0,3.2,6.8,5.0
rf_full,signo_zodiacal_leo,116,0.5,0.48,0.45999999999999996,0.38,0.4059739091318038,0.508,0.6207522677700696,3.8,4.2,5.8,6.2
rf_full,signo_zodiacal_leo,117,0.5,0.45,0.4494444444444444,0.48,0.4595055821371611,0.402,0.4953669016741772,4.8,5.8,4.2,5.2
rf_full,signo_zodiacal_leo,118,0.5,0.6,0.5912878787878787,0.62,0.5921582803161751,0.6100000000000001,0.6517740761989987,6.2,4.2,5.8,3.8
rf_full,signo_zodiacal_leo,119,0.5,0.39,0.3938383838383838,0.4,0.39552061973114605,0.347,0.4502831253713607,4.0,6.2,3.8,6.0
rf_full,signo_zodiacal_leo,120,0.5,0.51,0.5010606060606061,0.5199999999999999,0.5083116883116883,0.542,0.5560669767109395,5.2,5.0,5.0,4.8
rf_full,signo_zodiacal_leo,121,0.5,0.44000000000000006,0.4557442557442557,0.4,0.3983017834680239,0.47800000000000004,0.5553575678707258,4.0,5.2,4.8,6.0
rf_full,signo_zodiacal_leo,122,0.5,0.55,0.5773737373737373,0.5199999999999999,0.5396867167919799,0.592,0.6368161473029894,5.2,4.2,5.8,4.8
rf_full,signo_zodiacal_leo,123,0.5,0.45,0.457964257964258,0.5,0.4758447502154596,0.39999999999999997,0.49039375657022716,5.0,6.0,4.0,5.0
rf_full,signo_zodiacal_leo,124,0.5,0.51,0.5103535353535353,0.52,0.5101503759398496,0.491,0.5925084555966909,5.2,5.0,5.0,4.8
rf_full,signo_zodiacal_leo,125,0.5,0.5799999999999998,0.5857575757575757,0.62,0.5956190476190477,0.6210000000000001,0.639931481916776,6.2,4.6,5.4,3.8
rf_full,signo_zodiacal_leo,126,0.5,0.53,0.5332867132867133,0.6,0.5636664784490871,0.566,0.6102009548758774,6.0,5.4,4.6,4.0
rf_full,signo_zodiacal_leo,127,0.5,0.53,0.5033333333333333,0.45999999999999996,0.4675156422524843,0.4959999999999999,0.5479381061834623,4.6,4.0,6.0,5.4
rf_full,signo_zodiacal_leo,128,0.5,0.5599999999999999,0.5636147186147186,0.48,0.5130438842203547,0.607,0.6735342855458955,4.8,3.6,6.4,5.2
rf_full,signo_zodiacal_leo,129,0.5,0.43999999999999995,0.42435897435897435,0.41999999999999993,0.4146950049696045,0.39299999999999996,0.48885104764516524,4.2,5.4,4.6,5.8
rf_full,signo_zodiacal_leo,130,0.5,0.5299999999999999,0.5271428571428571,0.5,0.5099159663865546,0.546,0.6074294490339381,5.0,4.4,5.6,5.0
rf_full,signo_zodiacal_leo,131,0.5,0.33999999999999997,0.3419047619047619,0.36000000000000004,0.3462773243268599,0.30500000000000005,0.4382229017112918,3.6,6.8,3.2,6.4
rf_full,signo_zodiacal_leo,132,0.5,0.48,0.47897435897435897,0.4999999999999999,0.4762367149758454,0.47400000000000003,0.5410005159958721,5.0,5.4,4.6,5.0
rf_full,signo_zodiacal_leo,133,0.5,0.5199999999999999,0.5166666666666666,0.43999999999999995,0.46697860962566845,0.476,0.5401607579726775,4.4,4.0,6.0,5.6
rf_full,signo_zodiacal_leo,134,0.5,0.47000000000000003,0.4651082251082251,0.4600000000000001,0.44977871148459386,0.5109999999999999,0.6067659017968616,4.6,5.2,4.8,5.4
rf_full,signo_zodiacal_leo,135,0.5,0.42000000000000004,0.4131313131313131,0.42000000000000004,0.41126680337206656,0.465,0.5487402570769444,4.2,5.8,4.2,5.8
rf_full,signo_zodiacal_leo,136,0.5,0.44000000000000006,0.42333333333333334,0.38,0.39265284423179153,0.34500000000000003,0.48505546826754253,3.8,5.0,5.0,6.2
rf_full,signo_zodiacal_leo,137,0.5,0.49000000000000005,0.4956410256410256,0.5599999999999999,0.524780726519857,0.5399999999999999,0.5926445647575679,5.6,5.8,4.2,4.4
rf_full,signo_zodiacal_leo,138,0.5,0.5599999999999999,0.5746031746031746,0.45999999999999996,0.5074303405572755,0.583,0.6575774590906169,4.6,3.4,6.6,5.4
rf_full,signo_zodiacal_leo,139,0.5,0.55,0.5644444444444445,0.5,0.5171345029239766,0.6060000000000001,0.6483582718451139,5.0,4.0,6.0,5.0
rf_full,signo_zodiacal_leo,140,0.5,0.47000000000000003,0.4512626262626263,0.42000000000000004,0.4318504594820385,0.484,0.5444041965086857,4.2,4.8,5.2,5.8
rf_full,signo_zodiacal_leo,141,0.5,0.52,0.5186013986013986,0.5199999999999999,0.5119772256728778,0.564,0.6335746367495594,5.2,4.8,5.2,4.8
rf_full,signo_zodiacal_leo,142,0.5,0.4600000000000001,0.4589360639360639,0.52,0.4831469979296066,0.4720000000000001,0.5191805139305139,5.2,6.0,4.0,4.8
rf_full,signo_zodiacal_leo,143,0.5,0.43,0.4439360639360639,0.44000000000000006,0.4372646449884302,0.39699999999999996,0.5428216748851423,4.4,5.8,4.2,5.6
rf_full,signo_zodiacal_leo,144,0.5,0.47000000000000003,0.4413986013986014,0.43999999999999995,0.4293911161302466,0.45499999999999996,0.5595871104299897,4.4,5.0,5.0,5.6
rf_full,signo_zodiacal_leo,145,0.5,0.45,0.4622644022644022,0.6,0.5206768304159608,0.442,0.5148993479860353,6.0,7.0,3.0,4.0
rf_full,signo_zodiacal_leo,146,0.5,0.5599999999999999,0.5366666666666666,0.52,0.5134486566065514,0.5980000000000001,0.6001005650696053,5.2,4.0,6.0,4.8
rf_full,signo_zodiacal_leo,147,0.5,0.4600000000000001,0.46590909090909094,0.42000000000000004,0.430995670995671,0.45599999999999996,0.5380968225101351,4.2,5.0,5.0,5.8
rf_full,signo_zodiacal_leo,148,0.5,0.54,0.55,0.48,0.5111111111111111,0.579,0.6760988174192508,4.8,4.0,6.0,5.2
rf_full,signo_zodiacal_leo,149,0.5,0.55,0.5333333333333333,0.45999999999999996,0.47593073593073587,0.555,0.5992567787389769,4.6,3.6,6.4,5.4
rf_full,signo_zodiacal_leo,150,0.5,0.5,0.49178321678321674,0.52,0.5006713093669616,0.491,0.525535898312214,5.2,5.2,4.8,4.8
rf_full,signo_zodiacal_leo,151,0.5,0.43999999999999995,0.44283216783216783,0.5,0.46552795031055905,0.45999999999999996,0.5128855758104984,5.0,6.2,3.8,5.0
rf_full,signo_zodiacal_leo,152,0.5,0.4800000000000001,0.47883838383838384,0.45999999999999996,0.4681203007518797,0.46699999999999997,0.5415743778065759,4.6,5.0,5.0,5.4
rf_full,signo_zodiacal_leo,153,0.5,0.43999999999999995,0.4390909090909091,0.43999999999999995,0.4372415888205362,0.42799999999999994,0.49040829432005906,4.4,5.6,4.4,5.6
rf_full,signo_zodiacal_leo,154,0.5,0.29,0.2682051282051282,0.26,0.25956521739130434,0.25999999999999995,0.4268311247575953,2.6,6.8,3.2,7.4
rf_full,signo_zodiacal_leo,155,0.5,0.55,0.5465934065934066,0.58,0.5526811594202898,0.619,0.6665768665459069,5.8,4.8,5.2,4.2
rf_full,signo_zodiacal_leo,156,0.5,0.44000000000000006,0.4445299145299145,0.48,0.4594674433118369,0.41600000000000004,0.49856662824619474,4.8,6.0,4.0,5.2
rf_full,signo_zodiacal_leo,157,0.5,0.39,0.400912975912976,0.42000000000000004,0.406938294352482,0.39699999999999996,0.5200970351457966,4.2,6.4,3.6,5.8
rf_full,signo_zodiacal_leo,158,0.5,0.5000000000000001,0.5002020202020202,0.54,0.5147067669172932,0.5399999999999999,0.5859932191991015,5.4,5.4,4.6,4.6
rf_full,signo_zodiacal_leo,159,0.5,0.51,0.51,0.48,0.4756060606060606,0.5489999999999999,0.6343942462765991,4.8,4.6,5.4,5.2
rf_full,signo_zodiacal_leo,160,0.5,0.48,0.4779797979797979,0.45999999999999996,0.46796992481203004,0.445,0.5223599554040731,4.6,5.0,5.0,5.4
rf_full,signo_zodiacal_leo,161,0.5,0.54,0.5549145299145299,0.52,0.5261516769525922,0.522,0.5735416044224093,5.2,4.4,5.6,4.8
rf_full,signo_zodiacal_leo,162,0.5,0.49000000000000005,0.4916666666666667,0.52,0.50207336523126,0.539,0.5973274040201285,5.2,5.4,4.6,4.8
rf_full,signo_zodiacal_leo,163,0.5,0.4600000000000001,0.45,0.48,0.4590909090909091,0.44899999999999995,0.555229699265303,4.8,5.6,4.4,5.2
rf_full,signo_zodiacal_leo,164,0.5,0.56,0.553030303030303,0.6199999999999999,0.5844155844155844,0.55,0.598669256182414,6.2,5.0,5.0,3.8
rf_full,signo_zodiacal_leo,165,0.5,0.55,0.584090909090909,0.48,0.5163059163059163,0.549,0.5805507650244492,4.8,3.8,6.2,5.2
rf_full,signo_zodiacal_leo,166,0.5,0.49000000000000005,0.4992424242424242,0.5,0.49523809523809526,0.485,0.5331501570325099,5.0,5.2,4.8,5.0
rf_full,signo_zodiacal_leo,167,0.5,0.53,0.5313131313131313,0.52,0.524812030075188,0.5410000000000001,0.5560695503327082,5.2,4.6,5.4,4.8
rf_full,signo_zodiacal_leo,168,0.5,0.44000000000000006,0.4436868686868687,0.36,0.3928989139515455,0.45199999999999996,0.5769944134812557,3.6,4.8,5.2,6.4
rf_full,signo_zodiacal_leo,169,0.5,0.43,0.3882539682539682,0.36,0.3680795571817243,0.42800000000000005,0.5149087671014916,3.6,5.0,5.0,6.4
rf_full,signo_zodiacal_leo,170,0.5,0.36,0.3182484182484183,0.30000000000000004,0.30296857873584215,0.32999999999999996,0.4517824920177861,3.0,5.8,4.2,7.0
rf_full,signo_zodiacal_leo,171,0.5,0.45,0.4617210567210567,0.45999999999999996,0.45751625440412624,0.417,0.5244375265257617,4.6,5.6,4.4,5.4
rf_full,signo_zodiacal_leo,172,0.5,0.32,0.3048701298701299,0.32,0.3091078855784738,0.3,0.43068149600657335,3.2,6.8,3.2,6.8
rf_full,signo_zodiacal_leo,173,0.5,0.55,0.5611111111111111,0.52,0.5365762892078682,0.5530000000000002,0.5845794416282032,5.2,4.2,5.8,4.8
rf_full,signo_zodiacal_leo,174,0.5,0.44000000000000006,0.45662337662337665,0.43999999999999995,0.441577964519141,0.40099999999999997,0.4826419609801963,4.4,5.6,4.4,5.6
rf_full,signo_zodiacal_leo,175,0.5,0.54,0.5351426351426352,0.62,0.5716846463986052,0.577,0.6333273736067853,6.2,5.4,4.6,3.8
rf_full,signo_zodiacal_leo,176,0.5,0.53,0.5490176490176489,0.48,0.5016400763203832,0.5130000000000001,0.5516251901693079,4.8,4.2,5.8,5.2
rf_full,signo_zodiacal_leo,177,0.5,0.5,0.5040404040404041,0.48,0.489891395154553,0.504,0.5838840852130325,4.8,4.8,5.2,5.2
rf_full,signo_zodiacal_leo,178,0.5,0.4699999999999999,0.4765262515262515,0.42000000000000004,0.4417552833490376,0.44800000000000006,0.49654193862553,4.2,4.8,5.2,5.8
rf_full,signo_zodiacal_leo,179,0.5,0.4699999999999999,0.4638888888888889,0.48,0.46949191159717474,0.44399999999999995,0.5001004540694944,4.8,5.4,4.6,5.2
rf_full,signo_zodiacal_leo,180,0.5,0.55,0.5623376623376624,0.4600000000000001,0.49863678804855277,0.5770000000000002,0.6050866910866911,4.6,3.6,6.4,5.4
rf_full,signo_zodiacal_leo,181,0.5,0.49000000000000005,0.5043290043290043,0.48,0.48433919022154315,0.517,0.6373363770732191,4.8,5.0,5.0,5.2
rf_full,signo_zodiacal_leo,182,0.5,0.53,0.5273809523809525,0.5,0.508972073677956,0.548,0.5906235757706346,5.0,4.4,5.6,5.0
rf_full,signo_zodiacal_leo,183,0.5,0.49000000000000005,0.4984126984126983,0.44000000000000006,0.46501547987616093,0.45400000000000007,0.5423928212310566,4.4,4.6,5.4,5.6
rf_full,signo_zodiacal_leo,184,0.5,0.55,0.5506493506493506,0.5199999999999999,0.53062558356676,0.514,0.5945005211506759,5.2,4.2,5.8,4.8
rf_full,signo_zodiacal_leo,185,0.5,0.47000000000000003,0.45714285714285713,0.36,0.40123839009287926,0.4720000000000001,0.5234743638714227,3.6,4.2,5.8,6.4
rf_full,signo_zodiacal_leo,186,0.5,0.4800000000000001,0.47305194805194806,0.5,0.47916560563619387,0.46799999999999997,0.5470426666556698,5.0,5.4,4.6,5.0
rf_full,signo_zodiacal_leo,187,0.5,0.5,0.48150183150183146,0.5199999999999999,0.49405047921671963,0.46299999999999997,0.5151217410040939,5.2,5.2,4.8,4.8
rf_full,signo_zodiacal_leo,188,0.5,0.45,0.4455555555555556,0.5399999999999999,0.4829441786283891,0.437,0.5241895208334837,5.4,6.4,3.6,4.6
rf_full,signo_zodiacal_leo,189,0.5,0.6300000000000001,0.6642579642579642,0.5800000000000001,0.6043832407104718,0.704,0.6971070200009828,5.8,3.2,6.8,4.2
rf_full,signo_zodiacal_leo,190,0.5,0.37,0.3258741258741259,0.38,0.35031055900621116,0.3529999999999999,0.47162954915741284,3.8,6.4,3.6,6.2
rf_full,signo_zodiacal_leo,191,0.5,0.54,0.5432900432900433,0.45999999999999996,0.49345790947958135,0.539,0.6000840903162884,4.6,3.8,6.2,5.4
rf_full,signo_zodiacal_leo,192,0.5,0.63,0.6388888888888888,0.6,0.6161616161616161,0.63,0.6994640631126698,6.0,3.4,6.6,4.0
rf_full,signo_zodiacal_leo,193,0.5,0.51,0.5365079365079366,0.44000000000000006,0.47737123557556993,0.53,0.640805730217495,4.4,4.2,5.8,5.6
rf_full,signo_zodiacal_leo,194,0.5,0.52,0.5166666666666667,0.54,0.5232323232323233,0.568,0.6017901993946886,5.4,5.0,5.0,4.6
rf_full,signo_zodiacal_leo,195,0.5,0.4600000000000001,0.47071428571428575,0.48,0.4690909090909091,0.437,0.537056610486177,4.8,5.6,4.4,5.2
rf_full,signo_zodiacal_leo,196,0.5,0.48,0.4575757575757575,0.42000000000000004,0.426007326007326,0.41200000000000003,0.514462623375936,4.2,4.6,5.4,5.8
rf_full,signo_zodiacal_leo,197,0.5,0.43,0.42733044733044734,0.4,0.4109892378003833,0.378,0.4847174877925652,4.0,5.4,4.6,6.0
rf_full,signo_zodiacal_leo,198,0.5,0.45,0.47820512820512817,0.44000000000000006,0.44936319718928414,0.391,0.5021449487904597,4.4,5.4,4.6,5.6
rf_full,signo_zodiacal_leo,199,0.5,0.5,0.49880341880341883,0.47999999999999987,0.4820022883295195,0.518,0.588897684015331,4.8,4.8,5.2,5.2
rf_full,signo_zodiacal_leo,200,0.5,0.54,0.5427777777777778,0.52,0.5221520467836257,0.536,0.5792034827917181,5.2,4.4,5.6,4.8
rf_full,signo_zodiacal_leo,201,0.5,0.5,0.5060606060606061,0.5800000000000001,0.5372813852813854,0.499,0.563081861379075,5.8,5.8,4.2,4.2
rf_full,signo_zodiacal_leo,202,0.5,0.45,0.4644444444444445,0.42000000000000004,0.43023923444976075,0.477,0.5819248815340147,4.2,5.2,4.8,5.8
rf_full,signo_zodiacal_leo,203,0.5,0.48,0.477979797979798,0.45999999999999996,0.46796992481203004,0.45200000000000007,0.5367180576561381,4.6,5.0,5.0,5.4
rf_full,signo_zodiacal_leo,204,0.5,0.6599999999999999,0.6867965367965368,0.6199999999999999,0.6276037687802394,0.657,0.7220167599858002,6.2,3.0,7.0,3.8
rf_full,signo_zodiacal_leo,205,0.5,0.38,0.36380952380952375,0.26000000000000006,0.2835500515995871,0.32,0.4638105471240146,2.6,5.0,5.0,7.4
rf_full,signo_zodiacal_leo,206,0.5,0.47000000000000003,0.48409090909090907,0.48,0.4779220779220779,0.479,0.5131079198579199,4.8,5.4,4.6,5.2
rf_full,signo_zodiacal_leo,207,0.5,0.47000000000000003,0.3711111111111111,0.34,0.3541520467836258,0.387,0.4777042155470948,3.4,4.0,6.0,6.6
rf_full,signo_zodiacal_leo,208,0.5,0.44000000000000006,0.42666666666666675,0.44000000000000006,0.4281818181818182,0.41899999999999993,0.5392041863365392,4.4,5.6,4.4,5.6
rf_full,signo_zodiacal_leo,209,0.5,0.35,0.332020202020202,0.3,0.3078484089010405,0.325,0.5060056903880433,3.0,6.0,4.0,7.0
rf_full,signo_zodiacal_leo,210,0.5,0.5000000000000001,0.49325396825396817,0.4600000000000001,0.4725240016261688,0.53,0.6267332471450118,4.6,4.6,5.4,5.4
rf_full,signo_zodiacal_leo,211,0.5,0.57,0.5606060606060606,0.54,0.5426767676767676,0.5860000000000001,0.627253088414853,5.4,4.0,6.0,4.6
rf_full,signo_zodiacal_leo,212,0.5,0.5199999999999999,0.5351190476190476,0.4999999999999999,0.5059035220025933,0.506,0.605011655441222,5.0,4.6,5.4,5.0
rf_full,signo_zodiacal_leo,213,0.5,0.55,0.5305555555555556,0.56,0.5304809225861857,0.484,0.5314979399685281,5.6,4.6,5.4,4.4
rf_full,signo_zodiacal_leo,214,0.5,0.5399999999999999,0.5349650349650349,0.6199999999999999,0.5732542819499341,0.5069999999999999,0.593327497665733,6.2,5.4,4.6,3.8
rf_full,signo_zodiacal_leo,215,0.5,0.5700000000000001,0.5886446886446886,0.56,0.5578502415458937,0.634,0.6505237240399778,5.6,4.2,5.8,4.4
rf_full,signo_zodiacal_leo,216,0.5,0.49000000000000005,0.4756410256410256,0.4800000000000001,0.4705094422485726,0.5289999999999999,0.5876336996336997,4.8,5.0,5.0,5.2
rf_full,signo_zodiacal_leo,217,0.5,0.5400000000000001,0.5225974025974025,0.5399999999999999,0.5289635854341737,0.49399999999999994,0.5256011286615002,5.4,4.6,5.4,4.6
rf_full,signo_zodiacal_leo,218,0.5,0.54,0.5269658119658119,0.5199999999999999,0.5188965166539538,0.5700000000000001,0.6483650418209242,5.2,4.4,5.6,4.8
rf_full,signo_zodiacal_leo,219,0.5,0.5599999999999999,0.571948051948052,0.48,0.5166386554621849,0.546,0.621498170989657,4.8,3.6,6.4,5.2
rf_full,signo_zodiacal_leo,220,0.5,0.48,0.48647186147186144,0.4600000000000001,0.4687123334182157,0.477,0.5463037524051455,4.6,5.0,5.0,5.4
rf_full,signo_zodiacal_leo,221,0.5,0.45,0.45595238095238094,0.38,0.4112893642305407,0.47400000000000003,0.5539986423105618,3.8,4.8,5.2,6.2
rf_full,signo_zodiacal_leo,222,0.5,0.51,0.5246464646464646,0.4,0.44405179615705936,0.556,0.6548616208353051,4.0,3.8,6.2,6.0
rf_full,signo_zodiacal_leo,223,0.5,0.62,0.6198917748917749,0.6,0.6040166369578134,0.645,0.6784300036049261,6.0,3.6,6.4,4.0
rf_full,signo_zodiacal_leo,224,0.5,0.51,0.4980769230769231,0.5,0.49468599033816424,0.46699999999999997,0.5375991796301395,5.0,4.8,5.2,5.0
rf_full,signo_zodiacal_leo,225,0.5,0.51,0.5088383838383839,0.44000000000000006,0.4658980785296575,0.517,0.5635555935292778,4.4,4.2,5.8,5.6
rf_full,signo_zodiacal_leo,226,0.5,0.49000000000000005,0.5060606060606061,0.48,0.48326118326118317,0.499,0.5202639866153798,4.8,5.0,5.0,5.2
rf_full,signo_zodiacal_leo,227,0.5,0.5900000000000001,0.6045021645021645,0.58,0.5788329647648534,0.63,0.6653343374032229,5.8,4.0,6.0,4.2
rf_full,signo_zodiacal_leo,228,0.5,0.6,0.5982683982683983,0.58,0.5813088871912401,0.583,0.5966203949129646,5.8,3.8,6.2,4.2
rf_full,signo_zodiacal_leo,229,0.5,0.43,0.43090909090909096,0.48,0.45385281385281384,0.40599999999999997,0.5287711008461782,4.8,6.2,3.8,5.2
rf_full,signo_zodiacal_leo,230,0.5,0.54,0.543939393939394,0.5199999999999999,0.5206060606060606,0.5450000000000002,0.5716309980868803,5.2,4.4,5.6,4.8
rf_full,signo_zodiacal_leo,231,0.5,0.5700000000000001,0.5674747474747475,0.6199999999999999,0.589548872180451,0.563,0.5864281068089118,6.2,4.8,5.2,3.8
rf_full,signo_zodiacal_leo,232,0.5,0.5700000000000001,0.5933333333333334,0.4,0.47000000000000003,0.5609999999999999,0.6109734703720772,4.0,2.6,7.4,6.0
rf_full,signo_zodiacal_leo,233,0.5,0.43,0.42494949494949497,0.4,0.4046434267486899,0.421,0.4785055124613947,4.0,5.4,4.6,6.0
rf_full,signo_zodiacal_leo,234,0.5,0.41000000000000003,0.4041666666666667,0.42000000000000004,0.4006481822271296,0.39699999999999996,0.49894491516395545,4.2,6.0,4.0,5.8
rf_full,signo_zodiacal_leo,235,0.5,0.4600000000000001,0.45246642246642244,0.42000000000000004,0.42444164351823527,0.44000000000000006,0.5016452899525655,4.2,5.0,5.0,5.8
rf_full,signo_zodiacal_leo,236,0.5,0.4600000000000001,0.4492063492063492,0.38,0.40959752321981424,0.4640000000000001,0.5593387347946172,3.8,4.6,5.4,6.2
rf_full,signo_zodiacal_leo,237,0.5,0.57,0.5781385281385281,0.5,0.5334119612757384,0.5419999999999999,0.621872839578722,5.0,3.6,6.4,5.0
rf_full,signo_zodiacal_leo,238,0.5,0.6,0.6133766233766234,0.5199999999999999,0.5567366946778711,0.6719999999999999,0.6758187994496043,5.2,3.2,6.8,4.8
rf_full,signo_zodiacal_leo,239,0.5,0.5,0.47523809523809524,0.4600000000000001,0.45777777777777773,0.49899999999999994,0.5512493148406461,4.6,4.6,5.4,5.4
rf_full,signo_zodiacal_leo,240,0.5,0.48999999999999994,0.49444444444444435,0.45999999999999996,0.4739500265816055,0.48599999999999993,0.5116204253263076,4.6,4.8,5.2,5.4
rf_full,signo_zodiacal_leo,241,0.5,0.5399999999999999,0.5591330891330891,0.5800000000000001,0.5629443173150267,0.554,0.6315845259831327,5.8,5.0,5.0,4.2
rf_full,signo_zodiacal_leo,242,0.5,0.51,0.484920634920635,0.5,0.48820714888826344,0.546,0.5611814721226487,5.0,4.8,5.2,5.0
rf_full,signo_zodiacal_leo,243,0.5,0.53,0.5377777777777777,0.5,0.5082848297213622,0.52,0.5743349493643611,5.0,4.4,5.6,5.0
rf_full,signo_zodiacal_leo,244,0.5,0.51,0.513888888888889,0.48,0.493734335839599,0.554,0.6228617575235222,4.8,4.6,5.4,5.2
rf_full,signo_zodiacal_leo,245,0.5,0.5200000000000001,0.5328871128871129,0.48,0.4910948727317014,0.515,0.6085559989546058,4.8,4.4,5.6,5.2
rf_full,signo_zodiacal_leo,246,0.5,0.55,0.5729870129870129,0.48,0.5085680332739156,0.5389999999999999,0.6077286685622598,4.8,3.8,6.2,5.2
rf_full,signo_zodiacal_leo,247,0.5,0.5,0.5,0.54,0.5186147186147185,0.5469999999999999,0.6160913265441129,5.4,5.4,4.6,4.6
rf_full,signo_zodiacal_leo,248,0.5,0.47000000000000003,0.4652680652680653,0.5,0.4801351204097199,0.42099999999999993,0.497857701122407,5.0,5.6,4.4,5.0
rf_full,signo_zodiacal_leo,249,0.5,0.5399999999999999,0.5364102564102564,0.58,0.554537133347202,0.5640000000000001,0.5943324540956121,5.8,5.0,5.0,4.2
rf_full,signo_zodiacal_leo,250,0.5,0.51,0.5059163059163059,0.52,0.5083189256563869,0.46699999999999997,0.5268183189359659,5.2,5.0,5.0,4.8
rf_full,signo_zodiacal_leo,251,0.5,0.5599999999999999,0.5633838383838384,0.54,0.5497076023391813,0.5609999999999999,0.614648139871824,5.4,4.2,5.8,4.6
rf_full,signo_zodiacal_leo,252,0.5,0.44000000000000006,0.438974358974359,0.41999999999999993,0.42250572082379867,0.471,0.5540244965732581,4.2,5.4,4.6,5.8
rf_full,signo_zodiacal_leo,253,0.5,0.5,0.4764502164502164,0.54,0.4842857142857143,0.44699999999999995,0.5136245262305634,5.4,5.4,4.6,4.6
rf_full,signo_zodiacal_leo,254,0.5,0.57,0.582070707070707,0.54,0.5572263993316625,0.627,0.6783018827577652,5.4,4.0,6.0,4.6
rf_full,signo_zodiacal_leo,255,0.5,0.37,0.3513708513708514,0.31999999999999995,0.32892726468577865,0.352,0.47185749647669145,3.2,5.8,4.2,6.8
rf_full,signo_zodiacal_leo,256,0.5,0.5800000000000001,0.5761616161616162,0.58,0.5775438596491228,0.5730000000000001,0.6304052808216895,5.8,4.2,5.8,4.2
rf_full,signo_zodiacal_leo,257,0.5,0.5399999999999999,0.5638528138528138,0.52,0.5358449599935668,0.582,0.6115576537325763,5.2,4.4,5.6,4.8
rf_full,signo_zodiacal_leo,258,0.5,0.5800000000000001,0.591978021978022,0.5999999999999999,0.5858567774936061,0.616,0.6975062453885983,6.0,4.4,5.6,4.0
rf_full,signo_zodiacal_leo,259,0.5,0.43,0.44233766233766236,0.54,0.48432900432900433,0.41,0.4783927369500125,5.4,6.8,3.2,4.6
rf_full,signo_zodiacal_leo,260,0.5,0.43000000000000005,0.43351981351981356,0.54,0.4785815923207227,0.398,0.4917511224585528,5.4,6.8,3.2,4.6
rf_full,signo_zodiacal_leo,261,0.5,0.51,0.5217893217893218,0.4800000000000001,0.4872217307975822,0.522,0.5917565314802158,4.8,4.6,5.4,5.2
rf_full,signo_zodiacal_leo,262,0.5,0.5,0.50004329004329,0.64,0.5596190476190476,0.4969999999999999,0.5409818047449626,6.4,6.4,3.6,3.6
rf_full,signo_zodiacal_leo,263,0.5,0.45999999999999996,0.44305916305916304,0.4,0.41719593100398056,0.511,0.57234069525246,4.0,4.8,5.2,6.0
rf_full,signo_zodiacal_leo,264,0.5,0.5599999999999999,0.5633838383838383,0.5199999999999999,0.5325358851674642,0.6309999999999999,0.6899269968078018,5.2,4.0,6.0,4.8
rf_full,signo_zodiacal_leo,265,0.5,0.42000000000000004,0.40919913419913423,0.38,0.39088898717381687,0.376,0.4515129486096979,3.8,5.4,4.6,6.2
rf_full,signo_zodiacal_leo,266,0.5,0.55,0.5476923076923077,0.5599999999999999,0.5512128146453089,0.506,0.5645879125174791,5.6,4.6,5.4,4.4
rf_full,signo_zodiacal_leo,267,0.5,0.43000000000000005,0.42936507936507934,0.36,0.38217844075429214,0.426,0.496371774853973,3.6,5.0,5.0,6.4
rf_full,signo_zodiacal_leo,268,0.5,0.39,0.3769230769230769,0.41999999999999993,0.38897672375933245,0.335,0.460563875065423,4.2,6.4,3.6,5.8
rf_full,signo_zodiacal_leo,269,0.5,0.5700000000000001,0.5777777777777777,0.58,0.5688995215311005,0.5890000000000001,0.6222358366607593,5.8,4.4,5.6,4.2
rf_full,signo_zodiacal_leo,270,0.5,0.41,0.38976800976800974,0.38,0.38097665305634076,0.418,0.5177313817933014,3.8,5.6,4.4,6.2
rf_full,signo_zodiacal_leo,271,0.5,0.45,0.4359090909090909,0.44000000000000006,0.4374603174603175,0.446,0.5135278435015277,4.4,5.4,4.6,5.6
rf_full,signo_zodiacal_leo,272,0.5,0.4800000000000001,0.46409090909090905,0.34,0.38428571428571423,0.49000000000000005,0.551364560276325,3.4,3.8,6.2,6.6
rf_full,signo_zodiacal_leo,273,0.5,0.51,0.5201048951048951,0.54,0.5266390614216702,0.5239999999999999,0.6194953663467595,5.4,5.2,4.8,4.6
rf_full,signo_zodiacal_leo,274,0.5,0.55,0.541081141081141,0.6,0.5627855871562966,0.533,0.5580860958786655,6.0,5.0,5.0,4.0
rf_full,signo_zodiacal_leo,275,0.5,0.5199999999999999,0.5144444444444445,0.44000000000000006,0.47175438596491226,0.546,0.6182525138260433,4.4,4.0,6.0,5.6
rf_full,signo_zodiacal_leo,276,0.5,0.4800000000000001,0.48749028749028744,0.52,0.5002308141896242,0.5109999999999999,0.60341638160601,5.2,5.6,4.4,4.8
rf_full,signo_zodiacal_leo,277,0.5,0.41000000000000003,0.4305555555555555,0.43999999999999995,0.43168527379053695,0.413,0.5118528812089184,4.4,6.2,3.8,5.6
rf_full,signo_zodiacal_leo,278,0.5,0.5700000000000001,0.5821428571428571,0.54,0.5515651874785001,0.6020000000000001,0.651475357975358,5.4,4.0,6.0,4.6
rf_full,signo_zodiacal_leo,279,0.5,0.49000000000000005,0.4872727272727273,0.5599999999999999,0.519090909090909,0.495,0.5938214028833223,5.6,5.8,4.2,4.4
rf_full,signo_zodiacal_leo,280,0.5,0.44000000000000006,0.44155011655011656,0.48,0.45716167890080933,0.40800000000000003,0.5110745129483518,4.8,6.0,4.0,5.2
rf_full,signo_zodiacal_leo,281,0.5,0.5,0.497027417027417,0.52,0.5010844758956214,0.537,0.5883855599165198,5.2,5.2,4.8,4.8
rf_full,signo_zodiacal_leo,282,0.5,0.45999999999999996,0.4842424242424242,0.42000000000000004,0.4258674658674659,0.509,0.5766029432383921,4.2,5.0,5.0,5.8
rf_full,signo_zodiacal_leo,283,0.5,0.45,0.450909090909091,0.44000000000000006,0.44210678210678206,0.4640000000000001,0.536917656904499,4.4,5.4,4.6,5.6
rf_full,signo_zodiacal_leo,284,0.5,0.48,0.46269841269841266,0.41999999999999993,0.43631985489570624,0.48,0.5265688941261697,4.2,4.6,5.4,5.8
rf_full,signo_zodiacal_leo,285,0.5,0.43999999999999995,0.4598701298701299,0.44000000000000006,0.44344537815126045,0.442,0.5680429978518213,4.4,5.6,4.4,5.6
rf_full,signo_zodiacal_leo,286,0.5,0.55,0.5375457875457875,0.52,0.5126811594202898,0.4920000000000001,0.5739940592603132,5.2,4.2,5.8,4.8
rf_full,signo_zodiacal_leo,287,0.5,0.51,0.5101165501165501,0.6399999999999999,0.566206662902315,0.46299999999999997,0.5107484439365244,6.4,6.2,3.8,3.6
rf_full,signo_zodiacal_leo,288,0.5,0.44000000000000006,0.43571428571428567,0.44000000000000006,0.4341790304638602,0.364,0.44737118600353887,4.4,5.6,4.4,5.6
rf_full,signo_zodiacal_leo,289,0.5,0.6000000000000001,0.5874358974358974,0.68,0.6281422924901185,0.618,0.6484118181440163,6.8,4.8,5.2,3.2
rf_full,signo_zodiacal_leo,290,0.5,0.49000000000000005,0.4596536796536797,0.42000000000000004,0.4352373581011352,0.48599999999999993,0.5901300103405367,4.2,4.4,5.6,5.8
rf_full,signo_zodiacal_leo,291,0.5,0.42000000000000004,0.4346453546453547,0.5,0.46291925465838507,0.347,0.47026084313003824,5.0,6.6,3.4,5.0
rf_full,signo_zodiacal_leo,292,0.5,0.55,0.5383333333333333,0.5199999999999999,0.518989898989899,0.523,0.5533747059613933,5.2,4.2,5.8,4.8
rf_full,signo_zodiacal_leo,293,0.5,0.54,0.5419780219780219,0.5800000000000001,0.5540385956754244,0.637,0.729592887676479,5.8,5.0,5.0,4.2
rf_full,signo_zodiacal_leo,294,0.5,0.5499999999999999,0.5397435897435898,0.54,0.5330698287220026,0.5429999999999999,0.6278464764509655,5.4,4.4,5.6,4.6
rf_full,signo_zodiacal_leo,295,0.5,0.44000000000000006,0.4488888888888889,0.48,0.45187719298245616,0.458,0.5369574792252811,4.8,6.0,4.0,5.2
rf_full,signo_zodiacal_leo,296,0.5,0.45999999999999996,0.45353535353535357,0.45999999999999996,0.45437077542340704,0.45100000000000007,0.5020750258513417,4.6,5.4,4.6,5.4
rf_full,signo_zodiacal_leo,297,0.5,0.47000000000000003,0.4809523809523809,0.43999999999999995,0.4513687293099057,0.4069999999999999,0.5016343180383427,4.4,5.0,5.0,5.6
rf_full,signo_zodiacal_leo,298,0.5,0.51,0.5053968253968254,0.52,0.5080701754385963,0.512,0.5862962033666368,5.2,5.0,5.0,4.8
rf_full,signo_zodiacal_leo,299,0.5,0.5700000000000001,0.593939393939394,0.5199999999999999,0.5428571428571429,0.573,0.5920366171496202,5.2,3.8,6.2,4.8
rf_full,signo_zodiacal_leo,300,0.5,0.5599999999999999,0.5467399267399268,0.6,0.5668728202743548,0.5770000000000001,0.6151077323089706,6.0,4.8,5.2,4.0
rf_full,signo_zodiacal_leo,301,0.5,0.49000000000000005,0.4582972582972583,0.36000000000000004,0.3914945735379172,0.522,0.5527357925871857,3.6,3.8,6.2,6.4
rf_full,signo_zodiacal_leo,302,0.5,0.49000000000000005,0.4855555555555555,0.56,0.5175702101102558,0.49400000000000005,0.5823561269312043,5.6,5.8,4.2,4.4
rf_full,signo_zodiacal_leo,303,0.5,0.43000000000000005,0.40555555555555556,0.34,0.36754385964912284,0.48599999999999993,0.598560234485157,3.4,4.8,5.2,6.6
rf_full,signo_zodiacal_leo,304,0.5,0.55,0.5394405594405595,0.58,0.5556383712905453,0.5039999999999999,0.5643394660894661,5.8,4.8,5.2,4.2
rf_full,signo_zodiacal_leo,305,0.5,0.47000000000000003,0.4515873015873016,0.44000000000000006,0.442752603433718,0.41600000000000004,0.4989311815635345,4.4,5.0,5.0,5.6
rf_full,signo_zodiacal_leo,306,0.5,0.44000000000000006,0.44000000000000006,0.45999999999999996,0.4455555555555556,0.414,0.4880825557311625,4.6,5.8,4.2,5.4
rf_full,signo_zodiacal_leo,307,0.5,0.5700000000000001,0.5671994671994672,0.6199999999999999,0.5863442610245679,0.5900000000000001,0.6367568244449049,6.2,4.8,5.2,3.8
rf_full,signo_zodiacal_leo,308,0.5,0.49000000000000005,0.4912698412698413,0.45999999999999996,0.4720236419926822,0.491,0.5425273604964007,4.6,4.8,5.2,5.4
rf_full,signo_zodiacal_leo,309,0.5,0.47000000000000003,0.46269230769230774,0.42000000000000004,0.4331116794543905,0.46699999999999997,0.5322167277167278,4.2,4.8,5.2,5.8
rf_full,signo_zodiacal_leo,310,0.5,0.48,0.46991452991452987,0.5,0.4712829900839054,0.537,0.5832961364400993,5.0,5.4,4.6,5.0
rf_full,signo_zodiacal_leo,311,0.5,0.49000000000000005,0.4859163059163059,0.4,0.4272799646174259,0.507,0.5609214196536177,4.0,4.2,5.8,6.0
rf_full,signo_zodiacal_leo,312,0.5,0.39,0.4011849261849262,0.42000000000000004,0.4074553973867475,0.354,0.46857146551419004,4.2,6.4,3.6,5.8
rf_full,signo_zodiacal_leo,313,0.5,0.5700000000000001,0.5795299145299145,0.58,0.5658273582506992,0.587,0.6122610259537503,5.8,4.4,5.6,4.2
rf_full,signo_zodiacal_leo,314,0.5,0.47000000000000003,0.46816239316239316,0.52,0.4881353581582415,0.47800000000000004,0.5623824898871338,5.2,5.8,4.2,4.8
rf_full,signo_zodiacal_leo,315,0.5,0.5399999999999999,0.5422727272727272,0.48,0.5,0.518,0.5947960481211255,4.8,4.0,6.0,5.2
rf_full,signo_zodiacal_leo,316,0.5,0.52,0.5157575757575757,0.5,0.5063324979114453,0.5349999999999999,0.6180180736016649,5.0,4.6,5.4,5.0
rf_full,signo_zodiacal_leo,317,0.5,0.48,0.48,0.4,0.427979797979798,0.52,0.5508028160350142,4.0,4.4,5.6,6.0
rf_full,signo_zodiacal_leo,318,0.5,0.47000000000000003,0.47242424242424247,0.41999999999999993,0.43519480519480525,0.44299999999999995,0.5381414608783028,4.2,4.8,5.2,5.8
rf_full,signo_zodiacal_leo,319,0.5,0.5200000000000001,0.5202020202020202,0.52,0.5127306903622693,0.5349999999999999,0.5811225071797826,5.2,4.8,5.2,4.8
rf_full,signo_zodiacal_leo,320,0.5,0.48,0.4618181818181818,0.4,0.41714285714285715,0.421,0.5482041492219512,4.0,4.4,5.6,6.0
rf_full,signo_zodiacal_leo,321,0.5,0.49000000000000005,0.4859163059163059,0.4600000000000001,0.4701371074745687,0.46299999999999997,0.5387655785906559,4.6,4.8,5.2,5.4
rf_full,signo_zodiacal_leo,322,0.5,0.45999999999999996,0.46585858585858586,0.45999999999999996,0.4619548872180451,0.49399999999999994,0.5858595827976634,4.6,5.4,4.6,5.4
rf_full,signo_zodiacal_leo,323,0.5,0.44000000000000006,0.40853535353535353,0.38,0.3912155388471178,0.388,0.47732457661018035,3.8,5.0,5.0,6.2
rf_full,signo_zodiacal_leo,324,0.5,0.58,0.5627489177489177,0.56,0.5569578134284017,0.6529999999999999,0.6361703939335518,5.6,4.0,6.0,4.4
rf_full,signo_zodiacal_leo,325,0.5,0.39999999999999997,0.40555555555555556,0.42000000000000004,0.41100478468899515,0.373,0.49660158735313537,4.2,6.2,3.8,5.8
rf_full,signo_zodiacal_leo,326,0.5,0.42000000000000004,0.42663059163059164,0.44000000000000006,0.4295488721804511,0.387,0.5019966300469396,4.4,6.0,4.0,5.6
rf_full,signo_zodiacal_leo,327,0.5,0.55,0.551111111111111,0.5199999999999999,0.5232280701754386,0.534,0.6045923053554632,5.2,4.2,5.8,4.8
rf_full,signo_zodiacal_leo,328,0.5,0.42000000000000004,0.4112554112554113,0.36,0.378704113224237,0.417,0.49866148617464406,3.6,5.2,4.8,6.4
rf_full,signo_zodiacal_leo,329,0.5,0.43999999999999995,0.43000000000000005,0.28,0.33277777777777773,0.484,0.5764887438842546,2.8,4.0,6.0,7.2
rf_full,signo_zodiacal_leo,330,0.5,0.5700000000000001,0.5881313131313132,0.52,0.5502088554720134,0.599,0.6570100897554457,5.2,3.8,6.2,4.8
rf_full,signo_zodiacal_leo,331,0.5,0.49000000000000005,0.4834188034188034,0.45999999999999996,0.46294431731502667,0.516,0.5439631920367214,4.6,4.8,5.2,5.4
rf_full,signo_zodiacal_leo,332,0.5,0.5900000000000001,0.5878943278943278,0.6199999999999999,0.6012880026152337,0.661,0.7156468794363531,6.2,4.4,5.6,3.8
rf_full,signo_zodiacal_leo,333,0.5,0.5599999999999999,0.5755555555555556,0.5,0.5248165869218501,0.612,0.639539068774363,5.0,3.8,6.2,5.0
rf_full,signo_zodiacal_leo,334,0.5,0.53,0.5721056721056721,0.52,0.5235777190010599,0.5730000000000001,0.6432118165632097,5.2,4.6,5.4,4.8
rf_full,signo_zodiacal_leo,335,0.5,0.54,0.5452380952380953,0.5199999999999999,0.52106357694593,0.599,0.633303295345865,5.2,4.4,5.6,4.8
rf_full,signo_zodiacal_leo,336,0.5,0.5900000000000001,0.6148051948051949,0.56,0.5786707410236822,0.5589999999999999,0.5995257551186344,5.6,3.8,6.2,4.4
rf_full,signo_zodiacal_leo,337,0.5,0.4800000000000001,0.4753846153846154,0.5199999999999999,0.49295194508009155,0.4219999999999999,0.5159122646359489,5.2,5.6,4.4,4.8
rf_full,signo_zodiacal_leo,338,0.5,0.37,0.3261904761904762,0.24,0.27524939800481596,0.352,0.48660566437346625,2.4,5.0,5.0,7.6
rf_full,signo_zodiacal_leo,339,0.5,0.4,0.3893040293040293,0.36,0.36754475703324807,0.346,0.45454125922237376,3.6,5.6,4.4,6.4
rf_full,signo_zodiacal_leo,340,0.5,0.52,0.5626190476190477,0.44000000000000006,0.48280451574569216,0.4950000000000001,0.5707394323942311,4.4,4.0,6.0,5.6
rf_full,signo_zodiacal_leo,341,0.5,0.55,0.5422954822954822,0.5,0.5115378920446898,0.5509999999999999,0.6022248584748585,5.0,4.0,6.0,5.0
rf_full,signo_zodiacal_leo,342,0.5,0.5199999999999999,0.5416666666666667,0.54,0.5268445322793149,0.4959999999999999,0.5824566273080205,5.4,5.0,5.0,4.6
rf_full,signo_zodiacal_leo,343,0.5,0.4,0.3897979797979798,0.36000000000000004,0.37278195488721805,0.404,0.4822488057178459,3.6,5.6,4.4,6.4
rf_full,signo_zodiacal_leo,344,0.5,0.39,0.38717171717171717,0.4,0.3923627249943039,0.28700000000000003,0.4205138680548897,4.0,6.2,3.8,6.0
rf_full,signo_zodiacal_leo,345,0.5,0.51,0.49552669552669554,0.5399999999999999,0.5114128905150577,0.551,0.5662975837372122,5.4,5.2,4.8,4.6
rf_full,signo_zodiacal_leo,346,0.5,0.41,0.3425324675324675,0.32,0.3277310924369748,0.40599999999999997,0.5029572659882258,3.2,5.0,5.0,6.8
rf_full,signo_zodiacal_leo,347,0.5,0.5800000000000001,0.5737012987012987,0.5999999999999999,0.5786690433749258,0.609,0.6247159317290896,6.0,4.4,5.6,4.0
rf_full,signo_zodiacal_leo,348,0.5,0.38,0.38298368298368296,0.42000000000000004,0.3949651797477884,0.366,0.4732631355572532,4.2,6.6,3.4,5.8
rf_full,signo_zodiacal_leo,349,0.5,0.49000000000000005,0.5153535353535353,0.44000000000000006,0.4640100250626566,0.43599999999999994,0.5355636222222909,4.4,4.6,5.4,5.6
rf_full,signo_zodiacal_leo,350,0.5,0.45,0.4409090909090909,0.44000000000000006,0.43766233766233764,0.4040000000000001,0.4788036875405296,4.4,5.4,4.6,5.6
rf_full,signo_zodiacal_leo,351,0.5,0.49000000000000005,0.5242424242424243,0.45999999999999996,0.47705627705627707,0.5490000000000002,0.5987704213571087,4.6,4.8,5.2,5.4
rf_full,signo_zodiacal_leo,352,0.5,0.49000000000000005,0.463998223998224,0.44000000000000006,0.4430246972931049,0.48599999999999993,0.5316620056929654,4.4,4.6,5.4,5.6
rf_full,signo_zodiacal_leo,353,0.5,0.53,0.5248484848484848,0.62,0.5656623376623376,0.55,0.5890902600151826,6.2,5.6,4.4,3.8
rf_full,signo_zodiacal_leo,354,0.5,0.5,0.4900432900432901,0.42000000000000004,0.44787704555506413,0.477,0.5442029467780242,4.2,4.2,5.8,5.8
rf_full,signo_zodiacal_leo,355,0.5,0.45999999999999996,0.4428571428571428,0.4,0.41605975723622785,0.37900000000000006,0.4734039053481777,4.0,4.8,5.2,6.0
rf_full,signo_zodiacal_leo,356,0.5,0.45999999999999996,0.4583333333333333,0.45999999999999996,0.45614035087719296,0.449,0.5546237975990298,4.6,5.4,4.6,5.4
rf_full,signo_zodiacal_leo,357,0.5,0.48,0.4716666666666667,0.4600000000000001,0.4592929292929293,0.5130000000000001,0.606656315304922,4.6,5.0,5.0,5.4
rf_full,signo_zodiacal_leo,358,0.5,0.41,0.38212121212121214,0.42000000000000004,0.38895238095238094,0.491,0.5808688066319645,4.2,6.0,4.0,5.8
rf_full,signo_zodiacal_leo,359,0.5,0.4800000000000001,0.4941452991452991,0.5,0.49318725007512193,0.523,0.5908556335305561,5.0,5.4,4.6,5.0
rf_full,signo_zodiacal_leo,360,0.5,0.49000000000000005,0.4937373737373737,0.44000000000000006,0.45593984962406015,0.46099999999999997,0.5336903313404862,4.4,4.6,5.4,5.6
rf_full,signo_zodiacal_leo,361,0.5,0.58,0.5868686868686869,0.58,0.5801549327865118,0.628,0.6981540850790076,5.8,4.2,5.8,4.2
rf_full,signo_zodiacal_leo,362,0.5,0.53,0.5343589743589743,0.6399999999999999,0.5782367380902851,0.471,0.5010414015808753,6.4,5.8,4.2,3.6
rf_full,signo_zodiacal_leo,363,0.5,0.48,0.475,0.42000000000000004,0.44502923976608183,0.493,0.5504564145005321,4.2,4.6,5.4,5.8
rf_full,signo_zodiacal_leo,364,0.5,0.54,0.5411616161616161,0.5999999999999999,0.5619883040935674,0.549,0.5952442639060286,6.0,5.2,4.8,4.0
rf_full,signo_zodiacal_leo,365,0.5,0.47000000000000003,0.46571428571428575,0.34,0.38550887021475255,0.512,0.5720059723558176,3.4,4.0,6.0,6.6
rf_full,signo_zodiacal_leo,366,0.5,0.45,0.455944055944056,0.54,0.49395821569734605,0.42799999999999994,0.5443543164781556,5.4,6.4,3.6,4.6
rf_full,signo_zodiacal_leo,367,0.5,0.47000000000000003,0.45777777777777773,0.4,0.41935406698564587,0.45099999999999996,0.5233812776490795,4.0,4.6,5.4,6.0
rf_full,signo_zodiacal_leo,368,0.5,0.53,0.48940170940170946,0.48,0.4705478122182927,0.549,0.625729679247481,4.8,4.2,5.8,5.2
rf_full,signo_zodiacal_leo,369,0.5,0.48,0.4878321678321679,0.54,0.5112855260681348,0.5129999999999999,0.5700452972380217,5.4,5.8,4.2,4.6
rf_full,signo_zodiacal_leo,370,0.5,0.44000000000000006,0.4480672268907563,0.5,0.4638157485216309,0.476,0.5432564465977778,5.0,6.2,3.8,5.0
rf_full,signo_zodiacal_leo,371,0.5,0.49000000000000005,0.49333333333333335,0.54,0.5135885167464115,0.529,0.5927373531181581,5.4,5.6,4.4,4.6
rf_full,signo_zodiacal_leo,372,0.5,0.51,0.5075757575757576,0.6,0.5482683982683982,0.47400000000000003,0.5111499811677829,6.0,5.8,4.2,4.0
rf_full,signo_zodiacal_leo,373,0.5,0.47000000000000003,0.49240981240981246,0.45999999999999996,0.4656889282028601,0.479,0.5197814217945796,4.6,5.2,4.8,5.4
rf_full,signo_zodiacal_leo,374,0.5,0.5900000000000001,0.6244444444444445,0.52,0.5582456140350877,0.583,0.6487400289768711,5.2,3.4,6.6,4.8
rf_full,signo_zodiacal_leo,375,0.5,0.55,0.5452991452991454,0.5,0.5135456394609712,0.557,0.6082802923770416,5.0,4.0,6.0,5.0
rf_full,signo_zodiacal_leo,376,0.5,0.55,0.5444444444444445,0.52,0.529611908559277,0.5650000000000001,0.5714108364975238,5.2,4.2,5.8,4.8
rf_full,signo_zodiacal_leo,377,0.5,0.4,0.3521367521367521,0.36,0.3497295610567922,0.395,0.4679414588679294,3.6,5.6,4.4,6.4
rf_full,signo_zodiacal_leo,378,0.5,0.39,0.3659090909090909,0.32,0.33968253968253964,0.374,0.45323015830059177,3.2,5.4,4.6,6.8
rf_full,signo_zodiacal_leo,379,0.5,0.41,0.4191142191142191,0.38,0.3926670897191829,0.39799999999999996,0.47567995789899814,3.8,5.6,4.4,6.2
rf_full,signo_zodiacal_leo,380,0.5,0.45,0.45449883449883455,0.5,0.47444342080497687,0.48,0.5421477662344536,5.0,6.0,4.0,5.0
rf_full,signo_zodiacal_leo,381,0.5,0.5,0.5104761904761904,0.41999999999999993,0.4381210945916828,0.517,0.5455217419319587,4.2,4.2,5.8,5.8
rf_full,signo_zodiacal_leo,382,0.5,0.5700000000000001,0.5656565656565656,0.6,0.581453634085213,0.615,0.6578566390609735,6.0,4.6,5.4,4.0
rf_full,signo_zodiacal_leo,383,0.5,0.38,0.37626984126984125,0.34,0.3541927010038465,0.366,0.4952401077594576,3.4,5.8,4.2,6.6
rf_full,signo_zodiacal_leo,384,0.5,0.45,0.45166666666666666,0.38,0.40926900584795317,0.417,0.5207912473663246,3.8,4.8,5.2,6.2
rf_full,signo_zodiacal_leo,385,0.5,0.4800000000000001,0.48659340659340666,0.4600000000000001,0.4673543620346689,0.458,0.5339589376911358,4.6,5.0,5.0,5.4
rf_full,signo_zodiacal_leo,386,0.5,0.44000000000000006,0.43737373737373736,0.5,0.46268671679198,0.40499999999999997,0.47890447461035696,5.0,6.2,3.8,5.0
rf_full,signo_zodiacal_leo,387,0.5,0.54,0.534029304029304,0.54,0.5294096980030483,0.5269999999999999,0.588986614692497,5.4,4.6,5.4,4.6
rf_full,signo_zodiacal_leo,388,0.5,0.51,0.5076923076923077,0.5199999999999999,0.5062629399585921,0.5199999999999999,0.5628939661130063,5.2,5.0,5.0,4.8
rf_full,signo_zodiacal_leo,389,0.5,0.52,0.5142857142857142,0.54,0.5147058823529411,0.488,0.5672475759534582,5.4,5.0,5.0,4.6
rf_full,signo_zodiacal_leo,390,0.5,0.53,0.525050505050505,0.5599999999999999,0.5384210526315789,0.502,0.5463442478574058,5.6,5.0,5.0,4.4
rf_full,signo_zodiacal_leo,391,0.5,0.53,0.531060606060606,0.5399999999999999,0.5307359307359307,0.496,0.5441629112201868,5.4,4.8,5.2,4.6
rf_full,signo_zodiacal_leo,392,0.5,0.55,0.5157342657342657,0.5,0.48653339414208974,0.553,0.5782028965186861,5.0,4.0,6.0,5.0
rf_full,signo_zodiacal_leo,393,0.5,0.37,0.33868686868686865,0.34,0.3349191159717475,0.34500000000000003,0.42759670575382647,3.4,6.0,4.0,6.6
rf_full,signo_zodiacal_leo,394,0.5,0.39,0.39010101010101006,0.36,0.3734001670843776,0.422,0.519393596169912,3.6,5.8,4.2,6.4
rf_full,signo_zodiacal_leo,395,0.5,0.44000000000000006,0.44341880341880346,0.45999999999999996,0.4496109839816933,0.433,0.5160290090026932,4.6,5.8,4.2,5.4
rf_full,signo_zodiacal_leo,396,0.5,0.52,0.527020202020202,0.54,0.5297941824257614,0.504,0.5656396673501936,5.4,5.0,5.0,4.6
rf_full,signo_zodiacal_leo,397,0.5,0.52,0.5087445887445887,0.5599999999999999,0.5262072829131653,0.48600000000000004,0.5237944549430618,5.6,5.2,4.8,4.4
rf_full,signo_zodiacal_leo,398,0.5,0.5,0.49848484848484853,0.48,0.4816378066378066,0.575,0.6661062869019526,4.8,4.8,5.2,5.2
rf_full,signo_zodiacal_leo,399,0.5,0.47000000000000003,0.47756410256410253,0.4600000000000001,0.4592868039664378,0.458,0.5052203141715526,4.6,5.2,4.8,5.4
rf_full,signo_zodiacal_leo,400,0.5,0.45,0.4378510378510378,0.45999999999999996,0.44395643841060456,0.40499999999999997,0.4886948186832087,4.6,5.6,4.4,5.4
rf_full,signo_zodiacal_leo,401,0.5,0.53,0.5334920634920635,0.5599999999999999,0.541424774056353,0.574,0.6053056300424722,5.6,5.0,5.0,4.4
rf_full,signo_zodiacal_leo,402,0.5,0.55,0.5146250808015513,0.6399999999999999,0.5571421805437151,0.525,0.5617579048918058,6.4,5.4,4.6,3.6
rf_full,signo_zodiacal_leo,403,0.5,0.5599999999999999,0.5911688311688312,0.5599999999999999,0.559047619047619,0.552,0.6085107659798062,5.6,4.4,5.6,4.4
rf_full,signo_zodiacal_leo,404,0.5,0.48,0.4825757575757576,0.44000000000000006,0.45839598997493736,0.476,0.5224281280295211,4.4,4.8,5.2,5.6
rf_full,signo_zodiacal_leo,405,0.5,0.44000000000000006,0.4396153846153846,0.45999999999999996,0.4442512077294686,0.441,0.5214061488047556,4.6,5.8,4.2,5.4
rf_full,signo_zodiacal_leo,406,0.5,0.47000000000000003,0.47424242424242424,0.5,0.4793290043290043,0.433,0.4830392838155996,5.0,5.6,4.4,5.0
rf_full,signo_zodiacal_leo,407,0.5,0.51,0.5122727272727272,0.45999999999999996,0.47944444444444445,0.476,0.5301850998159047,4.6,4.4,5.6,5.4
rf_full,signo_zodiacal_leo,408,0.5,0.51,0.5129292929292928,0.5599999999999999,0.532406015037594,0.5120000000000001,0.5642143181036369,5.6,5.4,4.6,4.4
rf_full,signo_zodiacal_leo,409,0.5,0.4600000000000001,0.43666666666666665,0.42000000000000004,0.42000000000000004,0.47700000000000004,0.5655587669983955,4.2,5.0,5.0,5.8
rf_full,signo_zodiacal_leo,410,0.5,0.48,0.46818181818181814,0.5,0.4825396825396825,0.48100000000000004,0.5627333773038107,5.0,5.4,4.6,5.0
rf_full,signo_zodiacal_leo,411,0.5,0.48,0.44714285714285706,0.4,0.41726616005253775,0.51,0.5967848999126089,4.0,4.4,5.6,6.0
rf_full,signo_zodiacal_leo,412,0.5,0.41000000000000003,0.3979353979353979,0.42000000000000004,0.40504073482940084,0.329,0.4593079037405663,4.2,6.0,4.0,5.8
rf_full,signo_zodiacal_leo,413,0.5,0.49000000000000005,0.4958430458430458,0.54,0.5148057891764986,0.512,0.5846194655018184,5.4,5.6,4.4,4.6
rf_full,signo_zodiacal_leo,414,0.5,0.44000000000000006,0.43650793650793657,0.38,0.40257059761703723,0.472,0.5422449331714038,3.8,5.0,5.0,6.2
rf_full,signo_zodiacal_leo,415,0.5,0.45,0.4441558441558441,0.42000000000000004,0.4230945009582781,0.4549999999999999,0.5450985378570518,4.2,5.2,4.8,5.8
rf_full,signo_zodiacal_leo,416,0.5,0.54,0.5291486291486291,0.5199999999999999,0.5214654282765737,0.525,0.5589379374495473,5.2,4.4,5.6,4.8
rf_full,signo_zodiacal_leo,417,0.5,0.45,0.44102564102564096,0.44000000000000006,0.4369438087973557,0.47199999999999986,0.523322242514967,4.4,5.4,4.6,5.6
rf_full,signo_zodiacal_leo,418,0.5,0.6199999999999999,0.6062393162393163,0.7,0.6433734137715831,0.644,0.6747489515987968,7.0,4.6,5.4,3.0
rf_full,signo_zodiacal_leo,419,0.5,0.49000000000000005,0.4965811965811966,0.54,0.5140836280424381,0.46299999999999997,0.5299536829699368,5.4,5.6,4.4,4.6
rf_full,signo_zodiacal_leo,420,0.5,0.4600000000000001,0.45692640692640696,0.36,0.38714667685255916,0.466,0.5268058218011779,3.6,4.4,5.6,6.4
rf_full,signo_zodiacal_leo,421,0.5,0.4600000000000001,0.4382997394762101,0.5599999999999999,0.4856745729056942,0.45,0.5540722641651434,5.6,6.4,3.6,4.4
rf_full,signo_zodiacal_leo,422,0.5,0.47000000000000003,0.4723076923076923,0.5,0.48276052449965495,0.503,0.5799657472730229,5.0,5.6,4.4,5.0
rf_full,signo_zodiacal_leo,423,0.5,0.54,0.5306526806526806,0.6,0.5616412572934312,0.5529999999999999,0.5757535776916584,6.0,5.2,4.8,4.0
rf_full,signo_zodiacal_leo,424,0.5,0.6100000000000001,0.601025641025641,0.6399999999999999,0.6166673600998543,0.593,0.6340327254444902,6.4,4.2,5.8,3.6
rf_full,signo_zodiacal_leo,425,0.5,0.5599999999999999,0.5805194805194805,0.52,0.5449358690844759,0.6210000000000001,0.6599085075571144,5.2,4.0,6.0,4.8
rf_full,signo_zodiacal_leo,426,0.5,0.43000000000000005,0.3661111111111111,0.27999999999999997,0.3141520467836257,0.42000000000000004,0.512036577629457,2.8,4.2,5.8,7.2
rf_full,signo_zodiacal_leo,427,0.5,0.51,0.4723809523809524,0.4,0.42143239113827347,0.504,0.5350445208386384,4.0,3.8,6.2,6.0
rf_full,signo_zodiacal_leo,428,0.5,0.36,0.3712665112665113,0.4,0.38354800043587234,0.335,0.4522674856103649,4.0,6.8,3.2,6.0
rf_full,signo_zodiacal_leo,429,0.5,0.45,0.45642135642135634,0.48,0.4635756056808688,0.497,0.6018967344145363,4.8,5.8,4.2,5.2
rf_full,signo_zodiacal_leo,430,0.5,0.4800000000000001,0.48404040404040405,0.48,0.4810025062656641,0.497,0.5972852619516706,4.8,5.2,4.8,5.2
rf_full,signo_zodiacal_leo,431,0.5,0.53,0.5333333333333334,0.6,0.5570972886762361,0.5149999999999999,0.5799391817332993,6.0,5.4,4.6,4.0
rf_full,signo_zodiacal_leo,432,0.5,0.52,0.5145202020202021,0.6,0.5480537006852796,0.5229999999999999,0.557110296136612,6.0,5.6,4.4,4.0
rf_full,signo_zodiacal_leo,433,0.5,0.5200000000000001,0.5257142857142856,0.48,0.48747712418300654,0.524,0.5793821717498189,4.8,4.4,5.6,5.2
rf_full,signo_zodiacal_leo,434,0.5,0.45000000000000007,0.4592424242424243,0.5,0.4739249639249639,0.45199999999999996,0.536791663616741,5.0,6.0,4.0,5.0
rf_full,signo_zodiacal_leo,435,0.5,0.59,0.5872727272727272,0.6,0.5913131313131312,0.647,0.7166664805782451,6.0,4.2,5.8,4.0
rf_full,signo_zodiacal_leo,436,0.5,0.52,0.5583134512546277,0.58,0.5454750402576489,0.518,0.584373581698659,5.8,5.4,4.6,4.2
rf_full,signo_zodiacal_leo,437,0.5,0.54,0.5402020202020201,0.5800000000000001,0.5538646616541353,0.552,0.5788347910259675,5.8,5.0,5.0,4.2
rf_full,signo_zodiacal_leo,438,0.5,0.52,0.5190476190476191,0.52,0.51508584294962,0.497,0.5624850129230935,5.2,4.8,5.2,4.8
rf_full,signo_zodiacal_leo,439,0.5,0.55,0.5666666666666667,0.48,0.5144471026049974,0.585,0.5885062867988565,4.8,3.8,6.2,5.2
rf_full,signo_zodiacal_leo,440,0.5,0.54,0.5347979797979798,0.5200000000000001,0.5261152882205513,0.546,0.6152308124452086,5.2,4.4,5.6,4.8
rf_full,signo_zodiacal_leo,441,0.5,0.57,0.5531746031746032,0.4999999999999999,0.5130399528232346,0.537,0.6079763010467344,5.0,3.6,6.4,5.0
rf_full,signo_zodiacal_leo,442,0.5,0.49000000000000005,0.5040825840825841,0.45999999999999996,0.4711265375715503,0.505,0.5554914362383402,4.6,4.8,5.2,5.4
rf_full,signo_zodiacal_leo,443,0.5,0.53,0.5418315018315019,0.56,0.5388837737993748,0.5900000000000001,0.5866192767500817,5.6,5.0,5.0,4.4
rf_full,signo_zodiacal_leo,444,0.5,0.5900000000000001,0.5822799422799423,0.54,0.5571212344586958,0.5609999999999999,0.5957722179781003,5.4,3.6,6.4,4.6
rf_full,signo_zodiacal_leo,445,0.5,0.6,0.6016666666666667,0.6599999999999999,0.6164444444444444,0.599,0.618078193650175,6.6,4.6,5.4,3.4
rf_full,signo_zodiacal_leo,446,0.5,0.44000000000000006,0.4133333333333334,0.38,0.38555555555555554,0.43099999999999994,0.5096974614652633,3.8,5.0,5.0,6.2
rf_full,signo_zodiacal_leo,447,0.5,0.49000000000000005,0.4834090909090909,0.48,0.46369963369963374,0.4789999999999999,0.5735504130372551,4.8,5.0,5.0,5.2
rf_full,signo_zodiacal_leo,448,0.5,0.49000000000000005,0.49102564102564095,0.52,0.5021219055543998,0.484,0.5499092651414632,5.2,5.4,4.6,4.8
rf_full,signo_zodiacal_leo,449,0.5,0.47000000000000003,0.4884415584415584,0.48,0.4784126984126985,0.44399999999999995,0.5342770773258388,4.8,5.4,4.6,5.2
rf_full,signo_zodiacal_leo,450,0.5,0.52,0.5065512265512265,0.5399999999999999,0.5173851294903926,0.513,0.5563837371778548,5.4,5.0,5.0,4.6
rf_full,signo_zodiacal_leo,451,0.5,0.51,0.5293650793650794,0.5,0.5035509897739001,0.523,0.5786906155420087,5.0,4.8,5.2,5.0
rf_full,signo_zodiacal_leo,452,0.5,0.45,0.4444444444444445,0.52,0.47846889952153104,0.454,0.5503100998588615,5.2,6.2,3.8,4.8
rf_full,signo_zodiacal_leo,453,0.5,0.42000000000000004,0.3822222222222222,0.32,0.34254385964912276,0.37,0.4593087870162173,3.2,4.8,5.2,6.8
rf_full,signo_zodiacal_leo,454,0.5,0.48,0.48119658119658126,0.43999999999999995,0.4552250190694126,0.517,0.5786000937487006,4.4,4.8,5.2,5.6
rf_full,signo_zodiacal_leo,455,0.5,0.51,0.5061904761904762,0.5,0.49663695781342837,0.519,0.6049500705692656,5.0,4.8,5.2,5.0
rf_full,signo_zodiacal_leo,456,0.5,0.42000000000000004,0.38290043290043296,0.4,0.38634453781512607,0.39199999999999996,0.46912049268241224,4.0,5.6,4.4,6.0
rf_full,signo_zodiacal_leo,457,0.5,0.51,0.5335281385281385,0.44000000000000006,0.47137594431712077,0.579,0.613635623148781,4.4,4.2,5.8,5.6
rf_full,signo_zodiacal_leo,458,0.5,0.6100000000000001,0.5805250305250305,0.6599999999999999,0.6096458595920164,0.637,0.6620535456975085,6.6,4.4,5.6,3.4
rf_full,signo_zodiacal_leo,459,0.5,0.39999999999999997,0.40854645354645347,0.44000000000000006,0.41544951893800997,0.396,0.5005825143209044,4.4,6.4,3.6,5.6
rf_full,signo_zodiacal_leo,460,0.5,0.58,0.5790909090909091,0.64,0.6045408976987925,0.558,0.6078340995090221,6.4,4.8,5.2,3.6
rf_full,signo_zodiacal_leo,461,0.5,0.5,0.5103535353535353,0.5,0.5025214551530341,0.526,0.5639537947432685,5.0,5.0,5.0,5.0
rf_full,signo_zodiacal_leo,462,0.5,0.54,0.5293217893217894,0.44000000000000006,0.4758091306698118,0.5449999999999999,0.5828330456093613,4.4,3.6,6.4,5.6
rf_full,signo_zodiacal_leo,463,0.5,0.48,0.47278499278499275,0.45999999999999996,0.4633701901813357,0.503,0.5830166706358657,4.6,5.0,5.0,5.4
rf_full,signo_zodiacal_leo,464,0.5,0.41000000000000003,0.38333333333333336,0.34,0.3568447634237108,0.44700000000000006,0.513845035683271,3.4,5.2,4.8,6.6
rf_full,signo_zodiacal_leo,465,0.5,0.48999999999999994,0.49495670995670993,0.48,0.4778263305322129,0.51,0.5379426735115589,4.8,5.0,5.0,5.2
rf_full,signo_zodiacal_leo,466,0.5,0.43999999999999995,0.4057142857142857,0.42000000000000004,0.40210678210678213,0.517,0.5790516395369336,4.2,5.4,4.6,5.8
rf_full,signo_zodiacal_leo,467,0.5,0.68,0.7416305916305916,0.5799999999999998,0.6359133126934984,0.6819999999999999,0.7279993682787801,5.8,2.2,7.8,4.2
rf_full,signo_zodiacal_leo,468,0.5,0.54,0.5289510489510489,0.6199999999999999,0.5694409937888198,0.502,0.5256924649997405,6.2,5.4,4.6,3.8
rf_full,signo_zodiacal_leo,469,0.5,0.5599999999999999,0.5644022644022644,0.56,0.5564582812530047,0.568,0.6379733691660936,5.6,4.4,5.6,4.4
rf_full,signo_zodiacal_leo,470,0.5,0.35,0.31757575757575757,0.32,0.31839598997493734,0.29900000000000004,0.4212857795798973,3.2,6.2,3.8,6.8
rf_full,signo_zodiacal_leo,471,0.5,0.45,0.4712820512820513,0.52,0.4780895915678525,0.45600000000000007,0.5334704178690247,5.2,6.2,3.8,4.8
rf_full,signo_zodiacal_leo,472,0.5,0.53,0.519047619047619,0.4800000000000001,0.4938205585264409,0.526,0.6013770663461065,4.8,4.2,5.8,5.2
rf_full,signo_zodiacal_leo,473,0.5,0.39,0.38470418470418466,0.4,0.38801817377668774,0.38299999999999995,0.46979262464401783,4.0,6.2,3.8,6.0
rf_full,signo_zodiacal_leo,474,0.5,0.53,0.5423076923076924,0.52,0.5271548436308161,0.48100000000000004,0.5398009321260095,5.2,4.6,5.4,4.8
rf_full,signo_zodiacal_leo,475,0.5,0.51,0.5111111111111111,0.42000000000000004,0.46081871345029235,0.501,0.5585660546883456,4.2,4.0,6.0,5.8
rf_full,signo_zodiacal_leo,476,0.5,0.5700000000000001,0.5806349206349206,0.6199999999999999,0.587576883384933,0.628,0.6816471202516095,6.2,4.8,5.2,3.8
rf_full,signo_zodiacal_leo,477,0.5,0.51,0.5409090909090909,0.5,0.4995670995670995,0.48,0.5479019607843136,5.0,4.8,5.2,5.0
rf_full,signo_zodiacal_leo,478,0.5,0.5,0.5010256410256411,0.5199999999999999,0.5080549199084669,0.54,0.582460640236956,5.2,5.2,4.8,4.8
rf_full,signo_zodiacal_leo,479,0.5,0.54,0.5517171717171717,0.5199999999999999,0.5276874003189792,0.546,0.5892767854780239,5.2,4.4,5.6,4.8
rf_full,signo_zodiacal_leo,480,0.5,0.45,0.4526806526806527,0.48,0.46440013076168685,0.501,0.5425451107200333,4.8,5.8,4.2,5.2
rf_full,signo_zodiacal_leo,481,0.5,0.45000000000000007,0.44794871794871793,0.39999999999999997,0.4064734299516909,0.44400000000000006,0.5343933195287685,4.0,5.0,5.0,6.0
rf_full,signo_zodiacal_leo,482,0.5,0.54,0.5402020202020201,0.5800000000000001,0.5562155388471177,0.528,0.5874060351413293,5.8,5.0,5.0,4.2
rf_full,signo_zodiacal_leo,483,0.5,0.59,0.5734265734265734,0.5599999999999999,0.5338164251207729,0.53,0.5804178584573321,5.6,3.8,6.2,4.4
rf_full,signo_zodiacal_leo,484,0.5,0.39,0.3804245754245755,0.38,0.37613120610563067,0.34500000000000003,0.5066621276899914,3.8,6.0,4.0,6.2
rf_full,signo_zodiacal_leo,485,0.5,0.55,0.5454545454545455,0.52,0.5307435254803676,0.499,0.5656248479762412,5.2,4.2,5.8,4.8
rf_full,signo_zodiacal_leo,486,0.5,0.49000000000000005,0.42646464646464644,0.4,0.40503075871496924,0.508,0.5526520332093087,4.0,4.2,5.8,6.0
rf_full,signo_zodiacal_leo,487,0.5,0.47000000000000003,0.49250971250971254,0.4600000000000001,0.4657388035305655,0.44600000000000006,0.5426168831168832,4.6,5.2,4.8,5.4
rf_full,signo_zodiacal_leo,488,0.5,0.51,0.49499999999999994,0.54,0.5072549019607843,0.48200000000000004,0.5521243647992874,5.4,5.2,4.8,4.6
rf_full,signo_zodiacal_leo,489,0.5,0.5700000000000001,0.5573809523809523,0.54,0.5445276292335116,0.5559999999999999,0.6417714960478118,5.4,4.0,6.0,4.6
rf_full,signo_zodiacal_leo,490,0.5,0.52,0.5286796536796536,0.54,0.5253586282998048,0.5279999999999999,0.6072390293744782,5.4,5.0,5.0,4.6
rf_full,signo_zodiacal_leo,491,0.5,0.62,0.6355494505494506,0.6,0.6104973003694231,0.611,0.6239604294913893,6.0,3.6,6.4,4.0
rf_full,signo_zodiacal_leo,492,0.5,0.49000000000000005,0.49532689532689533,0.5199999999999999,0.5000019229659827,0.43,0.5181192696192697,5.2,5.4,4.6,4.8
rf_full,signo_zodiacal_leo,493,0.5,0.49000000000000005,0.493974358974359,0.5,0.49162055335968374,0.5599999999999999,0.6096261681215241,5.0,5.2,4.8,5.0
rf_full,signo_zodiacal_leo,494,0.5,0.4600000000000001,0.4344444444444445,0.44000000000000006,0.42583458646616534,0.40099999999999997,0.4952352549411373,4.4,5.2,4.8,5.6
rf_full,signo_zodiacal_leo,495,0.5,0.51,0.513888888888889,0.44000000000000006,0.46830143540669855,0.471,0.5542607419240546,4.4,4.2,5.8,5.6
rf_full,signo_zodiacal_leo,496,0.5,0.42000000000000004,0.4284848484848485,0.48,0.45229437229437225,0.418,0.4957465404392649,4.8,6.4,3.6,5.2
rf_full,signo_zodiacal_leo,497,0.5,0.44000000000000006,0.4421717171717172,0.4,0.41829573934837094,0.454,0.5322639011315482,4.0,5.2,4.8,6.0
rf_full,signo_zodiacal_leo,498,0.5,0.52,0.49465367965367957,0.43999999999999995,0.46058823529411763,0.484,0.532627030863873,4.4,4.0,6.0,5.6
rf_full,signo_zodiacal_leo,499,0.5,0.55,0.573986013986014,0.5599999999999999,0.55055900621118,0.5349999999999999,0.530509151581133,5.6,4.6,5.4,4.4
rf_full,signo_zodiacal_leo,500,0.5,0.55,0.5672222222222223,0.48,0.5153216374269005,0.6259999999999999,0.6412455491704717,4.8,3.8,6.2,5.2
rf_full,signo_zodiacal_libra,1,0.5,0.43,0.42753246753246754,0.42000000000000004,0.4210644257703081,0.40599999999999997,0.4839203235704783,4.2,5.6,4.4,5.8
rf_full,signo_zodiacal_libra,2,0.5,0.42000000000000004,0.4333333333333333,0.45999999999999996,0.4454545454545455,0.45,0.568579893360853,4.6,6.2,3.8,5.4
rf_full,signo_zodiacal_libra,3,0.5,0.47000000000000003,0.4666666666666666,0.38,0.41871345029239765,0.492,0.5529316953256582,3.8,4.4,5.6,6.2
rf_full,signo_zodiacal_libra,4,0.5,0.45,0.4697802197802198,0.44000000000000006,0.44316567206592783,0.43499999999999994,0.5160260870880066,4.4,5.4,4.6,5.6
rf_full,signo_zodiacal_libra,5,0.5,0.5399999999999999,0.5444949494949494,0.54,0.5395640616693249,0.5319999999999999,0.5832594715226294,5.4,4.6,5.4,4.6
rf_full,signo_zodiacal_libra,6,0.5,0.45,0.38952020202020204,0.44000000000000006,0.4056294582610372,0.426,0.4967642086156019,4.4,5.4,4.6,5.6
rf_full,signo_zodiacal_libra,7,0.5,0.39,0.38118437118437115,0.4,0.3853417197958859,0.37299999999999994,0.4901366346072228,4.0,6.2,3.8,6.0
rf_full,signo_zodiacal_libra,8,0.5,0.48,0.4761616161616161,0.5199999999999999,0.49421052631578943,0.502,0.569017247028857,5.2,5.6,4.4,4.8
rf_full,signo_zodiacal_libra,9,0.5,0.43,0.43272727272727274,0.4600000000000001,0.4452813852813852,0.46499999999999997,0.5771391941391941,4.6,6.0,4.0,5.4
rf_full,signo_zodiacal_libra,10,0.5,0.5700000000000001,0.5602597402597402,0.5599999999999999,0.5572549019607843,0.574,0.5828189345054671,5.6,4.2,5.8,4.4
rf_full,signo_zodiacal_libra,11,0.5,0.48999999999999994,0.49539682539682534,0.52,0.49828989586265127,0.41800000000000004,0.49557270653323277,5.2,5.4,4.6,4.8
rf_full,signo_zodiacal_libra,12,0.5,0.52,0.5113636363636364,0.5399999999999999,0.5233766233766233,0.57,0.6313864911318471,5.4,5.0,5.0,4.6
rf_full,signo_zodiacal_libra,13,0.5,0.48,0.48409090909090907,0.42000000000000004,0.44411027568922307,0.429,0.5376486312105507,4.2,4.6,5.4,5.8
rf_full,signo_zodiacal_libra,14,0.5,0.6199999999999999,0.6274242424242423,0.62,0.5952530802530802,0.7060000000000001,0.7074787887551045,6.2,3.8,6.2,3.8
rf_full,signo_zodiacal_libra,15,0.5,0.54,0.535011655011655,0.6,0.5624234499291708,0.536,0.5810521788153367,6.0,5.2,4.8,4.0
rf_full,signo_zodiacal_libra,16,0.5,0.56,0.5688034188034188,0.54,0.5492245105517416,0.5810000000000001,0.6234193378001427,5.4,4.2,5.8,4.6
rf_full,signo_zodiacal_libra,17,0.5,0.55,0.550897990897991,0.6,0.5647969540218833,0.5489999999999999,0.6109945040339777,6.0,5.0,5.0,4.0
rf_full,signo_zodiacal_libra,18,0.5,0.5599999999999999,0.566025641025641,0.54,0.543256940110487,0.5559999999999998,0.6199839984576827,5.4,4.2,5.8,4.6
rf_full,signo_zodiacal_libra,19,0.5,0.5900000000000001,0.5857142857142856,0.54,0.560061919504644,0.6180000000000001,0.6274062969194547,5.4,3.6,6.4,4.6
rf_full,signo_zodiacal_libra,20,0.5,0.43999999999999995,0.4095238095238095,0.27999999999999997,0.3100713012477718,0.382,0.4713851283735185,2.8,4.0,6.0,7.2
rf_full,signo_zodiacal_libra,21,0.5,0.41999999999999993,0.4200976800976801,0.36,0.37861802844707676,0.37300000000000005,0.4688286544037318,3.6,5.2,4.8,6.4
rf_full,signo_zodiacal_libra,22,0.5,0.62,0.6227272727272727,0.5599999999999999,0.5837535014005601,0.6289999999999999,0.6228781131149551,5.6,3.2,6.8,4.4
rf_full,signo_zodiacal_libra,23,0.5,0.47000000000000003,0.47424242424242424,0.48,0.47562087035771244,0.518,0.590091719941565,4.8,5.4,4.6,5.2
rf_full,signo_zodiacal_libra,24,0.5,0.5700000000000001,0.5933333333333333,0.5,0.5418713450292397,0.5439999999999999,0.6026800899478918,5.0,3.6,6.4,5.0
rf_full,signo_zodiacal_libra,25,0.5,0.48,0.47853535353535354,0.4600000000000001,0.4660135186450976,0.40199999999999997,0.48594445836241507,4.6,5.0,5.0,5.4
rf_full,signo_zodiacal_libra,26,0.5,0.51,0.5123076923076924,0.48,0.49101449275362324,0.575,0.5905120865546563,4.8,4.6,5.4,5.2
rf_full,signo_zodiacal_libra,27,0.5,0.52,0.5224242424242423,0.52,0.5185813017391964,0.516,0.5590458224266273,5.2,4.8,5.2,4.8
rf_full,signo_zodiacal_libra,28,0.5,0.5599999999999999,0.5789682539682539,0.48,0.5229102167182662,0.602,0.6372558972675072,4.8,3.6,6.4,5.2
rf_full,signo_zodiacal_libra,29,0.5,0.5,0.5108333333333334,0.5999999999999999,0.5316923076923077,0.513,0.5917947612243278,6.0,6.0,4.0,4.0
rf_full,signo_zodiacal_libra,30,0.5,0.49000000000000005,0.4871128871128871,0.48,0.4786954598773147,0.45600000000000007,0.49025002835142156,4.8,5.0,5.0,5.2
rf_full,signo_zodiacal_libra,31,0.5,0.42000000000000004,0.4103119103119103,0.4,0.40153239022535026,0.37,0.5077841357988416,4.0,5.6,4.4,6.0
rf_full,signo_zodiacal_libra,32,0.5,0.54,0.5368686868686868,0.54,0.5357104883420674,0.516,0.5550290922527764,5.4,4.6,5.4,4.6
rf_full,signo_zodiacal_libra,33,0.5,0.51,0.51011655011655,0.6,0.5454175572711042,0.45499999999999996,0.4927713660608397,6.0,5.8,4.2,4.0
rf_full,signo_zodiacal_libra,34,0.5,0.5,0.5111904761904762,0.45999999999999996,0.4797204240547893,0.507,0.558803483066641,4.6,4.6,5.4,5.4
rf_full,signo_zodiacal_libra,35,0.5,0.5200000000000001,0.5284188034188034,0.5,0.5101957793033307,0.5430000000000001,0.5880972432280482,5.0,4.6,5.4,5.0
rf_full,signo_zodiacal_libra,36,0.5,0.5,0.4970818070818071,0.5599999999999999,0.5180806422007123,0.46799999999999997,0.5580014254751098,5.6,5.6,4.4,4.4
rf_full,signo_zodiacal_libra,37,0.5,0.54,0.5416666666666666,0.5,0.5192982456140351,0.585,0.6525690600249424,5.0,4.2,5.8,5.0
rf_full,signo_zodiacal_libra,38,0.5,0.45999999999999996,0.44666666666666666,0.42000000000000004,0.427979797979798,0.5289999999999999,0.5467908529379117,4.2,5.0,5.0,5.8
rf_full,signo_zodiacal_libra,39,0.5,0.55,0.5535353535353535,0.52,0.5347535505430242,0.5810000000000001,0.6340133740528476,5.2,4.2,5.8,4.8
rf_full,signo_zodiacal_libra,40,0.5,0.57,0.5515928515928515,0.6,0.5703137950277538,0.572,0.6321703198762023,6.0,4.6,5.4,4.0
rf_full,signo_zodiacal_libra,41,0.5,0.54,0.5416666666666667,0.5599999999999999,0.5391414141414141,0.5599999999999999,0.5901105473473894,5.6,4.8,5.2,4.4
rf_full,signo_zodiacal_libra,42,0.5,0.58,0.58992784992785,0.5599999999999999,0.5704290137107474,0.6380000000000001,0.6683254496621369,5.6,4.0,6.0,4.4
rf_full,signo_zodiacal_libra,43,0.5,0.5199999999999999,0.5280303030303031,0.56,0.5405483405483406,0.45099999999999996,0.4957410748865857,5.6,5.2,4.8,4.4
rf_full,signo_zodiacal_libra,44,0.5,0.51,0.5097125097125097,0.5,0.5000181613453925,0.509,0.5357381307203288,5.0,4.8,5.2,5.0
rf_full,signo_zodiacal_libra,45,0.5,0.35,0.376025641025641,0.45999999999999996,0.40840579710144925,0.311,0.43789843919410487,4.6,7.6,2.4,5.4
rf_full,signo_zodiacal_libra,46,0.5,0.53,0.5359090909090909,0.48,0.5041269841269841,0.5439999999999999,0.5929559955868006,4.8,4.2,5.8,5.2
rf_full,signo_zodiacal_libra,47,0.5,0.37,0.3661111111111111,0.42000000000000004,0.3845761256287572,0.32799999999999996,0.45864389695272045,4.2,6.8,3.2,5.8
rf_full,signo_zodiacal_libra,48,0.5,0.53,0.5238539238539238,0.58,0.5488067996077148,0.5650000000000001,0.5957203031746376,5.8,5.2,4.8,4.2
rf_full,signo_zodiacal_libra,49,0.5,0.5000000000000001,0.5185281385281385,0.45999999999999996,0.4702446311858076,0.505,0.5636440251355113,4.6,4.6,5.4,5.4
rf_full,signo_zodiacal_libra,50,0.5,0.53,0.5255555555555557,0.5999999999999999,0.5575702101102559,0.5130000000000001,0.5577496957806556,6.0,5.4,4.6,4.0
rf_full,signo_zodiacal_libra,51,0.5,0.4600000000000001,0.45860139860139854,0.45999999999999996,0.45197722567287785,0.421,0.5420738830313134,4.6,5.4,4.6,5.4
rf_full,signo_zodiacal_libra,52,0.5,0.53,0.5292929292929293,0.54,0.5318143844459634,0.522,0.5737241153239605,5.4,4.8,5.2,4.6
rf_full,signo_zodiacal_libra,53,0.5,0.52,0.4993506493506493,0.5,0.49598506069094306,0.516,0.6109641867420506,5.0,4.6,5.4,5.0
rf_full,signo_zodiacal_libra,54,0.5,0.42000000000000004,0.42333333333333334,0.4600000000000001,0.44043290043290045,0.426,0.5138950612510984,4.6,6.2,3.8,5.4
rf_full,signo_zodiacal_libra,55,0.5,0.51,0.5,0.5,0.4980861244019139,0.506,0.575192520070229,5.0,4.8,5.2,5.0
rf_full,signo_zodiacal_libra,56,0.5,0.39,0.3878632478632479,0.42000000000000004,0.394558352402746,0.316,0.44652813242828726,4.2,6.4,3.6,5.8
rf_full,signo_zodiacal_libra,57,0.5,0.4600000000000001,0.4889743589743589,0.45999999999999996,0.449886673204751,0.487,0.5820309006439037,4.6,5.4,4.6,5.4
rf_full,signo_zodiacal_libra,58,0.5,0.43,0.4307070707070707,0.38,0.3918295739348371,0.42699999999999994,0.5065980218611797,3.8,5.2,4.8,6.2
rf_full,signo_zodiacal_libra,59,0.5,0.51,0.5211399711399711,0.4800000000000001,0.4942096774914112,0.564,0.6037093431164638,4.8,4.6,5.4,5.2
rf_full,signo_zodiacal_libra,60,0.5,0.47000000000000003,0.469004329004329,0.5199999999999999,0.4827152194211018,0.46699999999999997,0.5364537417347014,5.2,5.8,4.2,4.8
rf_full,signo_zodiacal_libra,61,0.5,0.57,0.5967521367521368,0.5599999999999999,0.5617321961029054,0.563,0.6326378806951563,5.6,4.2,5.8,4.4
rf_full,signo_zodiacal_libra,62,0.5,0.4800000000000001,0.44857142857142857,0.34,0.37732620320855614,0.4880000000000001,0.5489401333960158,3.4,3.8,6.2,6.6
rf_full,signo_zodiacal_libra,63,0.5,0.58,0.5814102564102563,0.58,0.5745371333472019,0.602,0.6601699499331077,5.8,4.2,5.8,4.2
rf_full,signo_zodiacal_libra,64,0.5,0.55,0.5596825396825397,0.48,0.513498452012384,0.528,0.5539997502497502,4.8,3.8,6.2,5.2
rf_full,signo_zodiacal_libra,65,0.5,0.67,0.7354545454545455,0.62,0.6226839826839827,0.681,0.7550411265720863,6.2,2.8,7.2,3.8
rf_full,signo_zodiacal_libra,66,0.5,0.45999999999999996,0.45,0.44000000000000006,0.43805916305916304,0.483,0.5352956195850933,4.4,5.2,4.8,5.6
rf_full,signo_zodiacal_libra,67,0.5,0.5599999999999999,0.5653968253968253,0.5199999999999999,0.5393808049535604,0.5529999999999999,0.6303131780500202,5.2,4.0,6.0,4.8
rf_full,signo_zodiacal_libra,68,0.5,0.53,0.5423076923076924,0.54,0.5316205533596838,0.526,0.5520243618610492,5.4,4.8,5.2,4.6
rf_full,signo_zodiacal_libra,69,0.5,0.5700000000000001,0.58,0.5199999999999999,0.537979797979798,0.585,0.6250663031498945,5.2,3.8,6.2,4.8
rf_full,signo_zodiacal_libra,70,0.5,0.5599999999999999,0.5688156288156289,0.6200000000000001,0.5829248032893207,0.569,0.607606510706356,6.2,5.0,5.0,3.8
rf_full,signo_zodiacal_libra,71,0.5,0.41,0.4023809523809524,0.4,0.39707602339181286,0.382,0.4718360795551198,4.0,5.8,4.2,6.0
rf_full,signo_zodiacal_libra,72,0.5,0.58,0.5787878787878789,0.6,0.5857674489253436,0.605,0.6291536867844918,6.0,4.4,5.6,4.0
rf_full,signo_zodiacal_libra,73,0.5,0.47000000000000003,0.48722222222222217,0.5,0.47832163742690065,0.45499999999999996,0.5386038155171282,5.0,5.6,4.4,5.0
rf_full,signo_zodiacal_libra,74,0.5,0.45,0.43357753357753354,0.42000000000000004,0.4182374967877728,0.39299999999999996,0.4621892758084708,4.2,5.2,4.8,5.8
rf_full,signo_zodiacal_libra,75,0.5,0.6,0.6034632034632035,0.5800000000000001,0.5853238265002971,0.579,0.6146234957852604,5.8,3.8,6.2,4.2
rf_full,signo_zodiacal_libra,76,0.5,0.45999999999999996,0.457979797979798,0.5199999999999999,0.4827450444292549,0.458,0.5253654878832897,5.2,6.0,4.0,4.8
rf_full,signo_zodiacal_libra,77,0.5,0.5900000000000001,0.611111111111111,0.6599999999999999,0.6084612930928721,0.619,0.6484170720919948,6.6,4.8,5.2,3.4
rf_full,signo_zodiacal_libra,78,0.5,0.51,0.5111111111111111,0.38,0.427485380116959,0.48,0.5369584596689859,3.8,3.6,6.4,6.2
rf_full,signo_zodiacal_libra,79,0.5,0.54,0.5347222222222222,0.52,0.5136937366039532,0.532,0.5777712865050326,5.2,4.4,5.6,4.8
rf_full,signo_zodiacal_libra,80,0.5,0.36,0.3532323232323233,0.33999999999999997,0.3387286397812713,0.316,0.44002016859988996,3.4,6.2,3.8,6.6
rf_full,signo_zodiacal_libra,81,0.5,0.57,0.5585470085470086,0.62,0.5822943392737443,0.572,0.6046156223377586,6.2,4.8,5.2,3.8
rf_full,signo_zodiacal_libra,82,0.5,0.6,0.6204822954822954,0.5599999999999999,0.5832607947832069,0.568,0.6445486288737062,5.6,3.6,6.4,4.4
rf_full,signo_zodiacal_libra,83,0.5,0.44000000000000006,0.44499999999999995,0.4,0.4205847953216374,0.38100000000000006,0.535350785265646,4.0,5.2,4.8,6.0
rf_full,signo_zodiacal_libra,84,0.5,0.5900000000000001,0.5892156862745097,0.7,0.6303030303030303,0.632,0.6586474148486532,7.0,5.2,4.8,3.0
rf_full,signo_zodiacal_libra,85,0.5,0.5,0.5007575757575757,0.48,0.4885547201336675,0.506,0.591469057258531,4.8,4.8,5.2,5.2
rf_full,signo_zodiacal_libra,86,0.5,0.6399999999999999,0.6321212121212121,0.6799999999999999,0.6532421964000912,0.6479999999999999,0.677323952792993,6.8,4.0,6.0,3.2
rf_full,signo_zodiacal_libra,87,0.5,0.42000000000000004,0.40166666666666667,0.34,0.3655555555555555,0.45199999999999996,0.5078784456857212,3.4,5.0,5.0,6.6
rf_full,signo_zodiacal_libra,88,0.5,0.51,0.5145104895104895,0.5599999999999999,0.5324173411129933,0.525,0.5860563976786887,5.6,5.4,4.6,4.4
rf_full,signo_zodiacal_libra,89,0.5,0.52,0.5194805194805194,0.5599999999999999,0.5219047619047619,0.5389999999999999,0.5525555600230523,5.6,5.2,4.8,4.4
rf_full,signo_zodiacal_libra,90,0.5,0.4600000000000001,0.4722077922077922,0.42000000000000004,0.4396638655462185,0.441,0.49217195712783945,4.2,5.0,5.0,5.8
rf_full,signo_zodiacal_libra,91,0.5,0.49000000000000005,0.4976190476190476,0.4800000000000001,0.48359133126934983,0.404,0.49549672309115034,4.8,5.0,5.0,5.2
rf_full,signo_zodiacal_libra,92,0.5,0.51,0.5076923076923077,0.5199999999999999,0.5028794813119756,0.519,0.6168521511168571,5.2,5.0,5.0,4.8
rf_full,signo_zodiacal_libra,93,0.5,0.5,0.4740981240981242,0.52,0.49086921850079746,0.492,0.5245871356885289,5.2,5.2,4.8,4.8
rf_full,signo_zodiacal_libra,94,0.5,0.49000000000000005,0.498021978021978,0.36,0.4049360613810742,0.446,0.5401130258630259,3.6,3.8,6.2,6.4
rf_full,signo_zodiacal_libra,95,0.5,0.41,0.39666666666666667,0.38,0.3876023391812865,0.402,0.5171577044386642,3.8,5.6,4.4,6.2
rf_full,signo_zodiacal_libra,96,0.5,0.5800000000000001,0.6120634920634921,0.5,0.5443808049535603,0.601,0.6294946622005446,5.0,3.4,6.6,5.0
rf_full,signo_zodiacal_libra,97,0.5,0.63,0.6384126984126984,0.6,0.6136279200675486,0.6860000000000002,0.7040033202092026,6.0,3.4,6.6,4.0
rf_full,signo_zodiacal_libra,98,0.5,0.56,0.5944877344877344,0.43999999999999995,0.4953331859059412,0.538,0.5629140216508637,4.4,3.2,6.8,5.6
rf_full,signo_zodiacal_libra,99,0.5,0.43000000000000005,0.440932400932401,0.5,0.4632293777923069,0.4109999999999999,0.502016695722578,5.0,6.4,3.6,5.0
rf_full,signo_zodiacal_libra,100,0.5,0.48,0.48,0.5399999999999999,0.5061904761904762,0.45,0.5169335768290877,5.4,5.8,4.2,4.6
rf_full,signo_zodiacal_libra,101,0.5,0.51,0.510909090909091,0.52,0.5136507936507936,0.526,0.5965231527158772,5.2,5.0,5.0,4.8
rf_full,signo_zodiacal_libra,102,0.5,0.53,0.5174242424242423,0.52,0.5152958152958153,0.507,0.5861777208000117,5.2,4.6,5.4,4.8
rf_full,signo_zodiacal_libra,103,0.5,0.63,0.6828571428571428,0.5599999999999999,0.5993137254901961,0.6439999999999999,0.701036996886842,5.6,3.0,7.0,4.4
rf_full,signo_zodiacal_libra,104,0.5,0.45999999999999996,0.4633333333333334,0.54,0.4966666666666667,0.399,0.4782389369316614,5.4,6.2,3.8,4.6
rf_full,signo_zodiacal_libra,105,0.5,0.43,0.44401709401709405,0.42000000000000004,0.4240655987795575,0.48200000000000004,0.5523902476092879,4.2,5.6,4.4,5.8
rf_full,signo_zodiacal_libra,106,0.5,0.53,0.5583333333333333,0.48,0.5048245614035087,0.506,0.586364885114885,4.8,4.2,5.8,5.2
rf_full,signo_zodiacal_libra,107,0.5,0.4800000000000001,0.4479797979797979,0.4,0.4159565580618212,0.44699999999999995,0.551005385567305,4.0,4.4,5.6,6.0
rf_full,signo_zodiacal_libra,108,0.5,0.48,0.4809523809523809,0.4,0.4322755417956656,0.508,0.5532298416238045,4.0,4.4,5.6,6.0
rf_full,signo_zodiacal_libra,109,0.5,0.36,0.3448701298701299,0.33999999999999997,0.33900687547746367,0.294,0.4165708407519553,3.4,6.2,3.8,6.6
rf_full,signo_zodiacal_libra,110,0.5,0.53,0.512063492063492,0.47999999999999987,0.48359649122807014,0.5449999999999999,0.5784592074592074,4.8,4.2,5.8,5.2
rf_full,signo_zodiacal_libra,111,0.5,0.56,0.5632478632478632,0.5199999999999999,0.5338134338403554,0.65,0.6912135527870822,5.2,4.0,6.0,4.8
rf_full,signo_zodiacal_libra,112,0.5,0.4800000000000001,0.478021978021978,0.4600000000000001,0.4502607367057495,0.5189999999999999,0.5801796695736324,4.6,5.0,5.0,5.4
rf_full,signo_zodiacal_libra,113,0.5,0.6,0.6056721056721056,0.5799999999999998,0.5847090552468127,0.6,0.603215512815358,5.8,3.8,6.2,4.2
rf_full,signo_zodiacal_libra,114,0.5,0.5599999999999999,0.5561111111111112,0.4,0.4534592892487629,0.5559999999999998,0.5999167586799166,4.0,2.8,7.2,6.0
rf_full,signo_zodiacal_libra,115,0.5,0.44000000000000006,0.4411111111111111,0.4,0.4143301435406698,0.44799999999999995,0.5121165603402446,4.0,5.2,4.8,6.0
rf_full,signo_zodiacal_libra,116,0.5,0.63,0.6264801864801864,0.66,0.6404358722894192,0.6609999999999999,0.6850731372171002,6.6,4.0,6.0,3.4
rf_full,signo_zodiacal_libra,117,0.5,0.5700000000000001,0.5825757575757575,0.5599999999999999,0.5680716943874838,0.5760000000000001,0.612032771751812,5.6,4.2,5.8,4.4
rf_full,signo_zodiacal_libra,118,0.5,0.39,0.403973803973804,0.42000000000000004,0.40655859597843713,0.356,0.5037469332353233,4.2,6.4,3.6,5.8
rf_full,signo_zodiacal_libra,119,0.5,0.52,0.5416666666666667,0.45999999999999996,0.4796536796536796,0.512,0.6005389424816668,4.6,4.2,5.8,5.4
rf_full,signo_zodiacal_libra,120,0.5,0.44000000000000006,0.442948717948718,0.5,0.46627140974967063,0.409,0.47332401705621513,5.0,6.2,3.8,5.0
rf_full,signo_zodiacal_libra,121,0.5,0.49000000000000005,0.4533333333333333,0.33999999999999997,0.384093567251462,0.49399999999999994,0.57029989291754,3.4,3.6,6.4,6.6
rf_full,signo_zodiacal_libra,122,0.5,0.51,0.5075147075147075,0.52,0.49460063201481963,0.5279999999999999,0.6360341650093971,5.2,5.0,5.0,4.8
rf_full,signo_zodiacal_libra,123,0.5,0.52,0.5218614718614718,0.54,0.5158441558441558,0.509,0.5818563387077318,5.4,5.0,5.0,4.6
rf_full,signo_zodiacal_libra,124,0.5,0.38,0.3611904761904762,0.32,0.335222816399287,0.362,0.4864835909704331,3.2,5.6,4.4,6.8
rf_full,signo_zodiacal_libra,125,0.5,0.5,0.5016233766233766,0.44000000000000006,0.46641112585385025,0.501,0.5802365957056359,4.4,4.4,5.6,5.6
rf_full,signo_zodiacal_libra,126,0.5,0.5599999999999999,0.6084981684981685,0.5,0.5349773410508368,0.6,0.6161125416551113,5.0,3.8,6.2,5.0
rf_full,signo_zodiacal_libra,127,0.5,0.56,0.5610028860028861,0.5,0.5256965944272446,0.581,0.6467467059084706,5.0,3.8,6.2,5.0
rf_full,signo_zodiacal_libra,128,0.5,0.57,0.5912698412698413,0.52,0.537844611528822,0.619,0.6937978361507774,5.2,3.8,6.2,4.8
rf_full,signo_zodiacal_libra,129,0.5,0.43000000000000005,0.4198412698412698,0.38,0.3950214216468086,0.48,0.5590574959955765,3.8,5.2,4.8,6.2
rf_full,signo_zodiacal_libra,130,0.5,0.5900000000000001,0.5896464646464646,0.58,0.5813776866408444,0.575,0.6119466336037543,5.8,4.0,6.0,4.2
rf_full,signo_zodiacal_libra,131,0.5,0.48,0.4666666666666666,0.43999999999999995,0.4333333333333334,0.483,0.5480095608725639,4.4,4.8,5.2,5.6
rf_full,signo_zodiacal_libra,132,0.5,0.59,0.6132900432900433,0.5599999999999999,0.5778049401578814,0.5790000000000001,0.6065530786722737,5.6,3.8,6.2,4.4
rf_full,signo_zodiacal_libra,133,0.5,0.49000000000000005,0.4821367521367521,0.5,0.48033562166285276,0.499,0.5412688781806428,5.0,5.2,4.8,5.0
rf_full,signo_zodiacal_libra,134,0.5,0.53,0.534090909090909,0.5399999999999999,0.5349206349206348,0.489,0.5580251252015958,5.4,4.8,5.2,4.6
rf_full,signo_zodiacal_libra,135,0.5,0.5399999999999999,0.5392857142857143,0.5399999999999999,0.5333333333333332,0.5299999999999999,0.5534963571859857,5.4,4.6,5.4,4.6
rf_full,signo_zodiacal_libra,136,0.5,0.5,0.4686147186147186,0.54,0.4984211866564808,0.505,0.5602727909345556,5.4,5.4,4.6,4.6
rf_full,signo_zodiacal_libra,137,0.5,0.55,0.5315151515151515,0.58,0.5465714285714285,0.597,0.630262228999071,5.8,4.8,5.2,4.2
rf_full,signo_zodiacal_libra,138,0.5,0.47000000000000003,0.4544011544011545,0.42000000000000004,0.4301803975178588,0.44200000000000006,0.48538131313131316,4.2,4.8,5.2,5.8
rf_full,signo_zodiacal_libra,139,0.5,0.4600000000000001,0.4575757575757575,0.42000000000000004,0.43617376775271516,0.396,0.4963429891402028,4.2,5.0,5.0,5.8
rf_full,signo_zodiacal_libra,140,0.5,0.6,0.6186726998491705,0.62,0.5917586236121706,0.568,0.5898182258917553,6.2,4.2,5.8,3.8
rf_full,signo_zodiacal_libra,141,0.5,0.47000000000000003,0.4762626262626262,0.52,0.4957393483709273,0.43099999999999994,0.5071591545709192,5.2,5.8,4.2,4.8
rf_full,signo_zodiacal_libra,142,0.5,0.45,0.4632900432900433,0.5,0.474917239623122,0.489,0.5334868654737075,5.0,6.0,4.0,5.0
rf_full,signo_zodiacal_libra,143,0.5,0.49000000000000005,0.5069230769230769,0.52,0.5033201581027669,0.543,0.6108110202491007,5.2,5.4,4.6,4.8
rf_full,signo_zodiacal_libra,144,0.5,0.6199999999999999,0.625,0.62,0.6062091503267975,0.624,0.6179337390335842,6.2,3.8,6.2,3.8
rf_full,signo_zodiacal_libra,145,0.5,0.51,0.49142857142857144,0.42000000000000004,0.4312082166199813,0.524,0.589164870045675,4.2,4.0,6.0,5.8
rf_full,signo_zodiacal_libra,146,0.5,0.59,0.5976923076923077,0.5599999999999999,0.5700724637681159,0.603,0.6384767538103451,5.6,3.8,6.2,4.4
rf_full,signo_zodiacal_libra,147,0.5,0.49000000000000005,0.4828282828282829,0.42000000000000004,0.4445906432748538,0.5569999999999999,0.6135977333639872,4.2,4.4,5.6,5.8
rf_full,signo_zodiacal_libra,148,0.5,0.63,0.6161538461538462,0.7,0.6518493863116289,0.6279999999999999,0.6634585218702866,7.0,4.4,5.6,3.0
rf_full,signo_zodiacal_libra,149,0.5,0.56,0.5700000000000001,0.5599999999999999,0.5563636363636364,0.596,0.6451816963566188,5.6,4.4,5.6,4.4
rf_full,signo_zodiacal_libra,150,0.5,0.45,0.4321428571428571,0.38,0.40059417706476524,0.42400000000000004,0.4996657986836005,3.8,4.8,5.2,6.2
rf_full,signo_zodiacal_libra,151,0.5,0.49000000000000005,0.49217171717171715,0.5,0.49110275689223054,0.4760000000000001,0.5257745777614199,5.0,5.2,4.8,5.0
rf_full,signo_zodiacal_libra,152,0.5,0.5700000000000001,0.595,0.45999999999999996,0.5083333333333333,0.594,0.6653692108545048,4.6,3.2,6.8,5.4
rf_full,signo_zodiacal_libra,153,0.5,0.55,0.5656410256410256,0.5,0.5221256038647344,0.565,0.66887747443475,5.0,4.0,6.0,5.0
rf_full,signo_zodiacal_libra,154,0.5,0.5,0.5036796536796537,0.5199999999999999,0.4967965367965368,0.5229999999999999,0.5953276249893897,5.2,5.2,4.8,4.8
rf_full,signo_zodiacal_libra,155,0.5,0.54,0.5442424242424242,0.5199999999999999,0.5206926406926407,0.5529999999999999,0.6285054667554667,5.2,4.4,5.6,4.8
rf_full,signo_zodiacal_libra,156,0.5,0.38999999999999996,0.36539682539682533,0.32,0.3393808049535604,0.39799999999999996,0.5039245301482144,3.2,5.4,4.6,6.8
rf_full,signo_zodiacal_libra,157,0.5,0.48,0.47555555555555545,0.48,0.46721052631578947,0.477,0.5487152853166786,4.8,5.2,4.8,5.2
rf_full,signo_zodiacal_libra,158,0.5,0.53,0.5120634920634921,0.54,0.5176874003189792,0.542,0.591347577259342,5.4,4.8,5.2,4.6
rf_full,signo_zodiacal_libra,159,0.5,0.51,0.5076923076923077,0.5599999999999999,0.5312629399585921,0.502,0.5979173055186987,5.6,5.4,4.6,4.4
rf_full,signo_zodiacal_libra,160,0.5,0.51,0.5072727272727272,0.48,0.4916959064327486,0.457,0.546228901817137,4.8,4.6,5.4,5.2
rf_full,signo_zodiacal_libra,161,0.5,0.53,0.521056721056721,0.56,0.5376266753841125,0.523,0.56813941244514,5.6,5.0,5.0,4.4
rf_full,signo_zodiacal_libra,162,0.5,0.51,0.5057575757575757,0.56,0.5196353646353646,0.5050000000000001,0.556231156700197,5.6,5.4,4.6,4.4
rf_full,signo_zodiacal_libra,163,0.5,0.55,0.5422222222222224,0.5800000000000001,0.558755980861244,0.571,0.6337673633555986,5.8,4.8,5.2,4.2
rf_full,signo_zodiacal_libra,164,0.5,0.44000000000000006,0.4505050505050505,0.52,0.4802678633342249,0.40099999999999997,0.5012439264381989,5.2,6.4,3.6,4.8
rf_full,signo_zodiacal_libra,165,0.5,0.47000000000000003,0.4721056721056721,0.48,0.4726853365297301,0.458,0.5182104280308615,4.8,5.4,4.6,5.2
rf_full,signo_zodiacal_libra,166,0.5,0.55,0.5420357420357421,0.5599999999999999,0.5424215182224336,0.561,0.5931705473748817,5.6,4.6,5.4,4.4
rf_full,signo_zodiacal_libra,167,0.5,0.54,0.5444444444444445,0.5399999999999999,0.5406698564593302,0.518,0.5513736357381868,5.4,4.6,5.4,4.6
rf_full,signo_zodiacal_libra,168,0.5,0.54,0.5393828393828394,0.52,0.5226382238631533,0.584,0.6559723687045668,5.2,4.4,5.6,4.8
rf_full,signo_zodiacal_libra,169,0.5,0.49000000000000005,0.4832900432900432,0.4999999999999999,0.4856508919357217,0.41400000000000003,0.505360131698367,5.0,5.2,4.8,5.0
rf_full,signo_zodiacal_libra,170,0.5,0.53,0.5203607503607504,0.5199999999999999,0.5163572031683488,0.5269999999999999,0.5793841338400162,5.2,4.6,5.4,4.8
rf_full,signo_zodiacal_libra,171,0.5,0.48999999999999994,0.4951515151515151,0.52,0.5058828890407837,0.5359999999999999,0.6064697412150972,5.2,5.4,4.6,4.8
rf_full,signo_zodiacal_libra,172,0.5,0.4,0.38606060606060605,0.4,0.39106554264449,0.42800000000000005,0.48630968824776877,4.0,6.0,4.0,6.0
rf_full,signo_zodiacal_libra,173,0.5,0.6,0.6052413273001508,0.6599999999999999,0.6188151538265955,0.6679999999999999,0.7192985423589138,6.6,4.6,5.4,3.4
rf_full,signo_zodiacal_libra,174,0.5,0.63,0.6268648018648019,0.6599999999999999,0.6380291968392655,0.613,0.6326403188314952,6.6,4.0,6.0,3.4
rf_full,signo_zodiacal_libra,175,0.5,0.4600000000000001,0.5005194805194806,0.42000000000000004,0.43928571428571433,0.4,0.5603042539675667,4.2,5.0,5.0,5.8
rf_full,signo_zodiacal_libra,176,0.5,0.5700000000000001,0.5895238095238095,0.52,0.5502786377708979,0.585,0.625423891468009,5.2,3.8,6.2,4.8
rf_full,signo_zodiacal_libra,177,0.5,0.4699999999999999,0.44238095238095243,0.36,0.37857142857142856,0.524,0.5428412504248417,3.6,4.2,5.8,6.4
rf_full,signo_zodiacal_libra,178,0.5,0.56,0.5484737484737485,0.6,0.5672006102212052,0.549,0.5879943096119566,6.0,4.8,5.2,4.0
rf_full,signo_zodiacal_libra,179,0.5,0.48,0.44499999999999995,0.34,0.3752020202020202,0.5049999999999999,0.5407098718275188,3.4,3.8,6.2,6.6
rf_full,signo_zodiacal_libra,180,0.5,0.48,0.4446886446886447,0.4,0.40578021722523,0.4800000000000001,0.5382555412423833,4.0,4.4,5.6,6.0
rf_full,signo_zodiacal_libra,181,0.5,0.47000000000000003,0.47333333333333333,0.5399999999999999,0.501090909090909,0.46699999999999997,0.5284965760933253,5.4,6.0,4.0,4.6
rf_full,signo_zodiacal_libra,182,0.5,0.54,0.5163986013986014,0.5,0.49831608005521044,0.5289999999999999,0.5802091127826422,5.0,4.2,5.8,5.0
rf_full,signo_zodiacal_libra,183,0.5,0.48,0.46893939393939393,0.43999999999999995,0.452046783625731,0.46299999999999997,0.5369883074441899,4.4,4.8,5.2,5.6
rf_full,signo_zodiacal_libra,184,0.5,0.49000000000000005,0.5068686868686869,0.45999999999999996,0.4722761449077238,0.4960000000000001,0.5424972408912037,4.6,4.8,5.2,5.4
rf_full,signo_zodiacal_libra,185,0.5,0.53,0.5235786435786436,0.45999999999999996,0.48128556685832213,0.5469999999999999,0.5924852457484036,4.6,4.0,6.0,5.4
rf_full,signo_zodiacal_libra,186,0.5,0.45999999999999996,0.4757359307359307,0.43999999999999995,0.4523656735421442,0.417,0.4960348828158425,4.4,5.2,4.8,5.6
rf_full,signo_zodiacal_libra,187,0.5,0.4800000000000001,0.47696969696969693,0.5599999999999999,0.5024285714285714,0.49300000000000005,0.5719211241974399,5.6,6.0,4.0,4.4
rf_full,signo_zodiacal_libra,188,0.5,0.5,0.492979797979798,0.5000000000000001,0.4937221842485,0.54,0.6283920507596978,5.0,5.0,5.0,5.0
rf_full,signo_zodiacal_libra,189,0.5,0.45,0.45476190476190476,0.48,0.4614973262032086,0.4779999999999999,0.5767597116505785,4.8,5.8,4.2,5.2
rf_full,signo_zodiacal_libra,190,0.5,0.5399999999999999,0.5441880341880342,0.5199999999999999,0.5266158148995677,0.5459999999999999,0.5518167090047894,5.2,4.4,5.6,4.8
rf_full,signo_zodiacal_libra,191,0.5,0.55,0.5476190476190476,0.52,0.5290458767238952,0.526,0.5436573316604276,5.2,4.2,5.8,4.8
rf_full,signo_zodiacal_libra,192,0.5,0.56,0.5428571428571429,0.5,0.5091503267973856,0.533,0.5901432256254238,5.0,3.8,6.2,5.0
rf_full,signo_zodiacal_libra,193,0.5,0.48999999999999994,0.49300366300366305,0.54,0.5085049988374797,0.5710000000000001,0.6345887896932789,5.4,5.6,4.4,4.6
rf_full,signo_zodiacal_libra,194,0.5,0.6100000000000001,0.6105205905205905,0.64,0.6224408848207476,0.664,0.6974636278753925,6.4,4.2,5.8,3.6
rf_full,signo_zodiacal_libra,195,0.5,0.49000000000000005,0.4581818181818182,0.48,0.4647619047619047,0.519,0.5819266833957236,4.8,5.0,5.0,5.2
rf_full,signo_zodiacal_libra,196,0.5,0.55,0.5585281385281385,0.5199999999999999,0.5239011968423732,0.5740000000000001,0.6112549835785129,5.2,4.2,5.8,4.8
rf_full,signo_zodiacal_libra,197,0.5,0.55,0.5456721056721057,0.5800000000000001,0.5602353710362864,0.5730000000000001,0.6547111144789163,5.8,4.8,5.2,4.2
rf_full,signo_zodiacal_libra,198,0.5,0.4999999999999999,0.5177777777777778,0.48,0.48615204678362567,0.48100000000000004,0.5795273419391067,4.8,4.8,5.2,5.2
rf_full,signo_zodiacal_libra,199,0.5,0.43999999999999995,0.4446464646464646,0.38,0.4016541353383459,0.44899999999999995,0.5295525462669426,3.8,5.0,5.0,6.2
rf_full,signo_zodiacal_libra,200,0.5,0.54,0.5459615384615384,0.58,0.5421938448025404,0.533,0.613425399763635,5.8,5.0,5.0,4.2
rf_full,signo_zodiacal_libra,201,0.5,0.5599999999999999,0.5563636363636364,0.5800000000000001,0.5676190476190476,0.543,0.6217539148158343,5.8,4.6,5.4,4.2
rf_full,signo_zodiacal_libra,202,0.5,0.47000000000000003,0.46179653679653676,0.42000000000000004,0.43481877599524654,0.496,0.5981237106546704,4.2,4.8,5.2,5.8
rf_full,signo_zodiacal_libra,203,0.5,0.64,0.6577777777777778,0.6000000000000001,0.6179448621553885,0.656,0.6935781104000918,6.0,3.2,6.8,4.0
rf_full,signo_zodiacal_libra,204,0.5,0.54,0.5403846153846154,0.6,0.5636802810715855,0.594,0.628997500435581,6.0,5.2,4.8,4.0
rf_full,signo_zodiacal_libra,205,0.5,0.56,0.5620202020202021,0.52,0.5355012531328321,0.597,0.6560203936070809,5.2,4.0,6.0,4.8
rf_full,signo_zodiacal_libra,206,0.5,0.52,0.5209090909090909,0.6,0.5541471861471862,0.534,0.5803398427338056,6.0,5.6,4.4,4.0
rf_full,signo_zodiacal_libra,207,0.5,0.4,0.3996503496503497,0.4,0.39168235146496017,0.44299999999999995,0.5180093099195267,4.0,6.0,4.0,6.0
rf_full,signo_zodiacal_libra,208,0.5,0.56,0.5759462759462759,0.5,0.5276558831007614,0.569,0.6289079398413764,5.0,3.8,6.2,5.0
rf_full,signo_zodiacal_libra,209,0.5,0.6000000000000001,0.606060606060606,0.5999999999999999,0.5952380952380952,0.622,0.6703173307600552,6.0,4.0,6.0,4.0
rf_full,signo_zodiacal_libra,210,0.5,0.54,0.5335664335664336,0.6000000000000001,0.5609385783298827,0.5850000000000001,0.6500134571311043,6.0,5.2,4.8,4.0
rf_full,signo_zodiacal_libra,211,0.5,0.5900000000000001,0.5897435897435898,0.6399999999999999,0.6027667984189723,0.6679999999999999,0.7399421358655105,6.4,4.6,5.4,3.6
rf_full,signo_zodiacal_libra,212,0.5,0.53,0.5553535353535353,0.4800000000000001,0.5086591478696741,0.557,0.6139151300196192,4.8,4.2,5.8,5.2
rf_full,signo_zodiacal_libra,213,0.5,0.47000000000000003,0.4742857142857143,0.38000000000000006,0.4207843137254902,0.44700000000000006,0.5169850602613761,3.8,4.4,5.6,6.2
rf_full,signo_zodiacal_libra,214,0.5,0.45,0.44642857142857145,0.5,0.46288888888888896,0.41600000000000004,0.4810633810633811,5.0,6.0,4.0,5.0
rf_full,signo_zodiacal_libra,215,0.5,0.47000000000000003,0.4488888888888889,0.33999999999999997,0.37629554655870445,0.45600000000000007,0.6082859895522434,3.4,4.0,6.0,6.6
rf_full,signo_zodiacal_libra,216,0.5,0.4,0.3834415584415584,0.33999999999999997,0.3578898225957049,0.378,0.4757951148438764,3.4,5.4,4.6,6.6
rf_full,signo_zodiacal_libra,217,0.5,0.33999999999999997,0.3263170163170163,0.31999999999999995,0.31759144237405107,0.317,0.4197498645145704,3.2,6.4,3.6,6.8
rf_full,signo_zodiacal_libra,218,0.5,0.51,0.5051948051948052,0.6599999999999999,0.5683150183150183,0.514,0.5845279524397171,6.6,6.4,3.6,3.4
rf_full,signo_zodiacal_libra,219,0.5,0.5700000000000001,0.5648051948051948,0.56,0.5510961718020541,0.641,0.681579242652772,5.6,4.2,5.8,4.4
rf_full,signo_zodiacal_libra,220,0.5,0.45,0.42304584304584303,0.44000000000000006,0.4272403835676147,0.476,0.5551573524514701,4.4,5.4,4.6,5.6
rf_full,signo_zodiacal_libra,221,0.5,0.55,0.5334859584859585,0.58,0.5489321128909229,0.6359999999999999,0.6898017619635267,5.8,4.8,5.2,4.2
rf_full,signo_zodiacal_libra,222,0.5,0.45,0.4498412698412698,0.38,0.410374957000344,0.47300000000000003,0.5376924917188075,3.8,4.8,5.2,6.2
rf_full,signo_zodiacal_libra,223,0.5,0.4600000000000001,0.4636363636363637,0.4600000000000001,0.4603174603174603,0.417,0.4995087059483344,4.6,5.4,4.6,5.4
rf_full,signo_zodiacal_libra,224,0.5,0.49000000000000005,0.48913308913308906,0.48,0.480199219275811,0.504,0.5943765056752672,4.8,5.0,5.0,5.2
rf_full,signo_zodiacal_libra,225,0.5,0.52,0.5068686868686869,0.5399999999999999,0.515595655806182,0.49800000000000005,0.5470489988168007,5.4,5.0,5.0,4.6
rf_full,signo_zodiacal_libra,226,0.5,0.42000000000000004,0.4269108669108669,0.5199999999999999,0.46371624713958814,0.40800000000000003,0.48985483144306674,5.2,6.8,3.2,4.8
rf_full,signo_zodiacal_libra,227,0.5,0.42000000000000004,0.41500000000000004,0.33999999999999997,0.36380952380952386,0.386,0.46787340437340436,3.4,5.0,5.0,6.6
rf_full,signo_zodiacal_libra,228,0.5,0.5,0.5176190476190476,0.44000000000000006,0.46502673796791444,0.53,0.6368173601424376,4.4,4.4,5.6,5.6
rf_full,signo_zodiacal_libra,229,0.5,0.63,0.62000777000777,0.64,0.624790236460717,0.6229999999999999,0.6459895829145055,6.4,3.8,6.2,3.6
rf_full,signo_zodiacal_libra,230,0.5,0.63,0.6406926406926408,0.5599999999999999,0.5932478254459679,0.659,0.6987222572748888,5.6,3.0,7.0,4.4
rf_full,signo_zodiacal_libra,231,0.5,0.45999999999999996,0.46333333333333326,0.45999999999999996,0.45777777777777773,0.48599999999999993,0.596788654328128,4.6,5.4,4.6,5.4
rf_full,signo_zodiacal_libra,232,0.5,0.5000000000000001,0.492987012987013,0.54,0.5048484848484848,0.49499999999999994,0.5426916957311694,5.4,5.4,4.6,4.6
rf_full,signo_zodiacal_libra,233,0.5,0.54,0.5287490287490286,0.6199999999999999,0.5684567149098042,0.5409999999999999,0.586016814454895,6.2,5.4,4.6,3.8
rf_full,signo_zodiacal_libra,234,0.5,0.49000000000000005,0.4808823529411764,0.58,0.5186147186147185,0.44300000000000006,0.5120954308849045,5.8,6.0,4.0,4.2
rf_full,signo_zodiacal_libra,235,0.5,0.38,0.3657142857142857,0.36,0.35547712418300653,0.37299999999999994,0.47264003540319327,3.6,6.0,4.0,6.4
rf_full,signo_zodiacal_libra,236,0.5,0.44000000000000006,0.425,0.4,0.40914407230196703,0.362,0.4972155283656832,4.0,5.2,4.8,6.0
rf_full,signo_zodiacal_libra,237,0.5,0.45999999999999996,0.45984015984015986,0.5399999999999999,0.4884891749341878,0.396,0.49709007212257983,5.4,6.2,3.8,4.6
rf_full,signo_zodiacal_libra,238,0.5,0.36,0.3265873015873016,0.27999999999999997,0.300859993120055,0.333,0.4557366061011572,2.8,5.6,4.4,7.2
rf_full,signo_zodiacal_libra,239,0.5,0.4800000000000001,0.4757142857142857,0.48,0.4644973262032085,0.479,0.528283900739783,4.8,5.2,4.8,5.2
rf_full,signo_zodiacal_libra,240,0.5,0.54,0.5399170274170275,0.5599999999999999,0.538343596547931,0.6060000000000001,0.6080856073750811,5.6,4.8,5.2,4.4
rf_full,signo_zodiacal_libra,241,0.5,0.5599999999999999,0.5666666666666667,0.54,0.5510442773600668,0.589,0.6080702153024133,5.4,4.2,5.8,4.6
rf_full,signo_zodiacal_libra,242,0.5,0.4,0.393001443001443,0.4,0.3936070121828636,0.352,0.47995742595897395,4.0,6.0,4.0,6.0
rf_full,signo_zodiacal_libra,243,0.5,0.45999999999999996,0.4305555555555555,0.38,0.4021929824561402,0.45,0.5499518989782147,3.8,4.6,5.4,6.2
rf_full,signo_zodiacal_libra,244,0.5,0.56,0.5785353535353535,0.52,0.5397508923824713,0.55,0.5926852630513622,5.2,4.0,6.0,4.8
rf_full,signo_zodiacal_libra,245,0.5,0.45999999999999996,0.4724747474747475,0.44000000000000006,0.45244930508088393,0.49700000000000005,0.5737236935750868,4.4,5.2,4.8,5.6
rf_full,signo_zodiacal_libra,246,0.5,0.55,0.5488888888888889,0.54,0.5427751196172249,0.593,0.617444553210807,5.4,4.4,5.6,4.6
rf_full,signo_zodiacal_libra,247,0.5,0.5800000000000001,0.5749650349650349,0.5999999999999999,0.579163372859025,0.557,0.6366507207962315,6.0,4.4,5.6,4.0
rf_full,signo_zodiacal_libra,248,0.5,0.54,0.5711111111111111,0.45999999999999996,0.49330237358101137,0.55,0.6205833406359721,4.6,3.8,6.2,5.4
rf_full,signo_zodiacal_libra,249,0.5,0.52,0.5252020202020201,0.5,0.5106599832915621,0.505,0.5461067168125991,5.0,4.6,5.4,5.0
rf_full,signo_zodiacal_libra,250,0.5,0.43,0.3475,0.32,0.31602564102564107,0.4,0.5026344493140159,3.2,4.6,5.4,6.8
rf_full,signo_zodiacal_libra,251,0.5,0.47000000000000003,0.4825396825396826,0.48,0.4780701754385965,0.458,0.5369423272805626,4.8,5.4,4.6,5.2
rf_full,signo_zodiacal_libra,252,0.5,0.41000000000000003,0.4073304473304473,0.38,0.3909892378003833,0.375,0.5009078339960693,3.8,5.6,4.4,6.2
rf_full,signo_zodiacal_libra,253,0.5,0.6300000000000001,0.6391414141414141,0.6,0.6160401002506266,0.6880000000000001,0.7170095396519546,6.0,3.4,6.6,4.0
rf_full,signo_zodiacal_libra,254,0.5,0.55,0.5384615384615385,0.58,0.5550863324318701,0.6140000000000001,0.6445011181628829,5.8,4.8,5.2,4.2
rf_full,signo_zodiacal_libra,255,0.5,0.49000000000000005,0.5148051948051948,0.42000000000000004,0.4515406162464986,0.479,0.5699643663010536,4.2,4.4,5.6,5.8
rf_full,signo_zodiacal_libra,256,0.5,0.47000000000000003,0.4637362637362637,0.44000000000000006,0.4455242966751918,0.553,0.6012581487140312,4.4,5.0,5.0,5.6
rf_full,signo_zodiacal_libra,257,0.5,0.58,0.584848484848485,0.58,0.5780663780663782,0.6140000000000001,0.643562083771062,5.8,4.2,5.8,4.2
rf_full,signo_zodiacal_libra,258,0.5,0.5599999999999999,0.567063492063492,0.52,0.5377646433373988,0.567,0.5793820134114251,5.2,4.0,6.0,4.8
rf_full,signo_zodiacal_libra,259,0.5,0.51,0.43555555555555553,0.4,0.41684210526315796,0.516,0.562707644093093,4.0,3.8,6.2,6.0
rf_full,signo_zodiacal_libra,260,0.5,0.48,0.48119658119658115,0.45999999999999996,0.4663361301805238,0.42299999999999993,0.5050664982592228,4.6,5.0,5.0,5.4
rf_full,signo_zodiacal_libra,261,0.5,0.53,0.532063492063492,0.48,0.5025386996904024,0.51,0.5482514697205099,4.8,4.2,5.8,5.2
rf_full,signo_zodiacal_libra,262,0.5,0.49000000000000005,0.48277777777777775,0.48,0.47920255183413074,0.43499999999999994,0.51639674360727,4.8,5.0,5.0,5.2
rf_full,signo_zodiacal_libra,263,0.5,0.42000000000000004,0.424512987012987,0.4600000000000001,0.43153578447696095,0.46399999999999997,0.5363106056310389,4.6,6.2,3.8,5.4
rf_full,signo_zodiacal_libra,264,0.5,0.52,0.5338827838827839,0.5599999999999999,0.5398190896912125,0.5269999999999999,0.6454689405881355,5.6,5.2,4.8,4.4
rf_full,signo_zodiacal_libra,265,0.5,0.43000000000000005,0.4119408369408369,0.4,0.4022650208408722,0.396,0.5045279447075112,4.0,5.4,4.6,6.0
rf_full,signo_zodiacal_libra,266,0.5,0.47000000000000003,0.4562515262515262,0.43999999999999995,0.4419030526016662,0.479,0.5441816255639785,4.4,5.0,5.0,5.6
rf_full,signo_zodiacal_libra,267,0.5,0.53,0.5322727272727272,0.4600000000000001,0.48915032679738557,0.53,0.5788701941333521,4.6,4.0,6.0,5.4
rf_full,signo_zodiacal_libra,268,0.5,0.57,0.5844444444444445,0.4800000000000001,0.5204678362573099,0.5599999999999999,0.6183768453768453,4.8,3.4,6.6,5.2
rf_full,signo_zodiacal_libra,269,0.5,0.55,0.5474747474747474,0.5199999999999999,0.5306599832915623,0.595,0.6320338452397276,5.2,4.2,5.8,4.8
rf_full,signo_zodiacal_libra,270,0.5,0.42000000000000004,0.42022875816993466,0.45999999999999996,0.43044834307992197,0.422,0.527415598333555,4.6,6.2,3.8,5.4
rf_full,signo_zodiacal_libra,271,0.5,0.48,0.486060606060606,0.4600000000000001,0.4665971747550694,0.44600000000000006,0.506071771365889,4.6,5.0,5.0,5.4
rf_full,signo_zodiacal_libra,272,0.5,0.5399999999999999,0.5376923076923077,0.5599999999999999,0.5436849039595035,0.5080000000000001,0.5440113030244609,5.6,4.8,5.2,4.4
rf_full,signo_zodiacal_libra,273,0.5,0.5599999999999999,0.5718614718614718,0.52,0.5388506917918683,0.58,0.6606608097784568,5.2,4.0,6.0,4.8
rf_full,signo_zodiacal_libra,274,0.5,0.5700000000000001,0.6031060606060605,0.5599999999999999,0.5493706293706293,0.587,0.6287855544867929,5.6,4.2,5.8,4.4
rf_full,signo_zodiacal_libra,275,0.5,0.5700000000000001,0.5966233766233767,0.5,0.539421101774043,0.5910000000000001,0.634121383690269,5.0,3.6,6.4,5.0
rf_full,signo_zodiacal_libra,276,0.5,0.54,0.5587301587301587,0.5,0.516047471620227,0.5549999999999999,0.5687710983546898,5.0,4.2,5.8,5.0
rf_full,signo_zodiacal_libra,277,0.5,0.5700000000000001,0.5994505494505494,0.5,0.5383347541915317,0.651,0.6364108832344126,5.0,3.6,6.4,5.0
rf_full,signo_zodiacal_libra,278,0.5,0.5,0.4797619047619047,0.4,0.42956030897207365,0.53,0.5683887311518891,4.0,4.0,6.0,6.0
rf_full,signo_zodiacal_libra,279,0.5,0.51,0.506025641025641,0.52,0.5082037768994291,0.5379999999999999,0.6009890274843835,5.2,5.0,5.0,4.8
rf_full,signo_zodiacal_libra,280,0.5,0.5199999999999999,0.5138888888888888,0.4,0.4466374269005848,0.5189999999999999,0.5666868894779111,4.0,3.6,6.4,6.0
rf_full,signo_zodiacal_libra,281,0.5,0.45,0.4519230769230769,0.44000000000000006,0.434995737425405,0.42700000000000005,0.5131630051235314,4.4,5.4,4.6,5.6
rf_full,signo_zodiacal_libra,282,0.5,0.52,0.5116666666666666,0.52,0.507157894736842,0.51,0.6111561416739435,5.2,4.8,5.2,4.8
rf_full,signo_zodiacal_libra,283,0.5,0.43999999999999995,0.43873015873015875,0.39999999999999997,0.4147343403070957,0.41200000000000003,0.5098969766044069,4.0,5.2,4.8,6.0
rf_full,signo_zodiacal_libra,284,0.5,0.53,0.5222222222222223,0.42000000000000004,0.4640350877192982,0.509,0.5418706560896964,4.2,3.6,6.4,5.8
rf_full,signo_zodiacal_libra,285,0.5,0.5700000000000001,0.554920634920635,0.54,0.5440923163523783,0.585,0.6576682577828088,5.4,4.0,6.0,4.6
rf_full,signo_zodiacal_libra,286,0.5,0.51,0.5077777777777779,0.38,0.4277234753550543,0.4699999999999999,0.5650516411692882,3.8,3.6,6.4,6.2
rf_full,signo_zodiacal_libra,287,0.5,0.45999999999999996,0.4579797979797979,0.52,0.48274504442925503,0.49399999999999994,0.5762902934698599,5.2,6.0,4.0,4.8
rf_full,signo_zodiacal_libra,288,0.5,0.35000000000000003,0.31767676767676767,0.3,0.30603592314118633,0.341,0.4554444166944166,3.0,6.0,4.0,7.0
rf_full,signo_zodiacal_libra,289,0.5,0.51,0.49288211788211794,0.52,0.4997619601200164,0.5740000000000001,0.6515233167245551,5.2,5.0,5.0,4.8
rf_full,signo_zodiacal_libra,290,0.5,0.53,0.5533333333333332,0.38,0.42046003016591255,0.5570000000000002,0.5682976822798805,3.8,3.2,6.8,6.2
rf_full,signo_zodiacal_libra,291,0.5,0.4800000000000001,0.49435897435897436,0.5399999999999999,0.5085840502208789,0.4720000000000001,0.548215968671851,5.4,5.8,4.2,4.6
rf_full,signo_zodiacal_libra,292,0.5,0.51,0.49428571428571433,0.4600000000000001,0.46502923976608185,0.49400000000000005,0.5502440773880403,4.6,4.4,5.6,5.4
rf_full,signo_zodiacal_libra,293,0.5,0.5000000000000001,0.4977777777777779,0.43999999999999995,0.45465481886534514,0.51,0.5412709784195852,4.4,4.4,5.6,5.6
rf_full,signo_zodiacal_libra,294,0.5,0.48999999999999994,0.48952380952380947,0.42000000000000004,0.44764705882352934,0.492,0.56632215007215,4.2,4.4,5.6,5.8
rf_full,signo_zodiacal_libra,295,0.5,0.5700000000000001,0.5595487845487845,0.5799999999999998,0.562388222746279,0.579,0.6003977389139928,5.8,4.4,5.6,4.2
rf_full,signo_zodiacal_libra,296,0.5,0.5599999999999999,0.5533910533910534,0.54,0.5425864125554527,0.632,0.6862034050400923,5.4,4.2,5.8,4.6
rf_full,signo_zodiacal_libra,297,0.5,0.55,0.5542929292929293,0.56,0.5540366066681855,0.553,0.6072733937029602,5.6,4.6,5.4,4.4
rf_full,signo_zodiacal_libra,298,0.5,0.47000000000000003,0.45714285714285713,0.44000000000000006,0.4430184194890077,0.45,0.5129814085123682,4.4,5.0,5.0,5.6
rf_full,signo_zodiacal_libra,299,0.5,0.43,0.4305555555555555,0.4,0.41249335459861775,0.442,0.5225912790340035,4.0,5.4,4.6,6.0
rf_full,signo_zodiacal_libra,300,0.5,0.54,0.5342857142857143,0.5,0.5061111111111112,0.54,0.5824906209201874,5.0,4.2,5.8,5.0
rf_full,signo_zodiacal_libra,301,0.5,0.49000000000000005,0.4976190476190476,0.48,0.48502673796791446,0.497,0.5543192296179912,4.8,5.0,5.0,5.2
rf_full,signo_zodiacal_libra,302,0.5,0.56,0.585006105006105,0.5199999999999999,0.5434809530219411,0.5640000000000001,0.6224796947118929,5.2,4.0,6.0,4.8
rf_full,signo_zodiacal_libra,303,0.5,0.4600000000000001,0.4434766214177979,0.48,0.44581320450885664,0.4680000000000001,0.522914066325831,4.8,5.6,4.4,5.2
rf_full,signo_zodiacal_libra,304,0.5,0.54,0.54,0.4600000000000001,0.4860317460317461,0.509,0.557807942057942,4.6,3.8,6.2,5.4
rf_full,signo_zodiacal_libra,305,0.5,0.55,0.542957042957043,0.6799999999999999,0.6019668737060042,0.5660000000000001,0.6205935551376727,6.8,5.8,4.2,3.2
rf_full,signo_zodiacal_libra,306,0.5,0.55,0.5488733488733489,0.56,0.5508808252515347,0.563,0.6087866669793914,5.6,4.6,5.4,4.4
rf_full,signo_zodiacal_libra,307,0.5,0.4800000000000001,0.4707070707070707,0.44000000000000006,0.4510025062656641,0.4720000000000001,0.541680735930736,4.4,4.8,5.2,5.6
rf_full,signo_zodiacal_libra,308,0.5,0.55,0.5656410256410257,0.4600000000000001,0.4943478260869565,0.5429999999999999,0.5982129161687986,4.6,3.6,6.4,5.4
rf_full,signo_zodiacal_libra,309,0.5,0.44000000000000006,0.44696969696969696,0.5,0.47186147186147187,0.41,0.49573489728365894,5.0,6.2,3.8,5.0
rf_full,signo_zodiacal_libra,310,0.5,0.41,0.35797979797979795,0.36000000000000004,0.35849624060150376,0.38,0.4687609241463731,3.6,5.4,4.6,6.4
rf_full,signo_zodiacal_libra,311,0.5,0.36,0.3552597402597403,0.32,0.33439775910364145,0.387,0.48106744176016625,3.2,6.0,4.0,6.8
rf_full,signo_zodiacal_libra,312,0.5,0.48,0.4879365079365079,0.5399999999999999,0.5050994152046784,0.45099999999999996,0.5253873981195962,5.4,5.8,4.2,4.6
rf_full,signo_zodiacal_libra,313,0.5,0.45,0.4382478632478632,0.4,0.41077421815408083,0.484,0.5667234340307095,4.0,5.0,5.0,6.0
rf_full,signo_zodiacal_libra,314,0.5,0.58,0.5883116883116883,0.74,0.6385994397759104,0.604,0.6400508170020555,7.4,5.8,4.2,2.6
rf_full,signo_zodiacal_libra,315,0.5,0.5900000000000001,0.5995238095238096,0.5599999999999999,0.5743934703067829,0.58,0.6012288334300718,5.6,3.8,6.2,4.4
rf_full,signo_zodiacal_libra,316,0.5,0.53,0.5340909090909091,0.5,0.5142857142857142,0.5359999999999999,0.5932220997956292,5.0,4.4,5.6,5.0
rf_full,signo_zodiacal_libra,317,0.5,0.4600000000000001,0.45512265512265515,0.45999999999999996,0.44033613445378156,0.41500000000000004,0.5271626557996526,4.6,5.4,4.6,5.4
rf_full,signo_zodiacal_libra,318,0.5,0.4,0.3981351981351981,0.33999999999999997,0.35798826777087644,0.32599999999999996,0.4656965047336564,3.4,5.4,4.6,6.6
rf_full,signo_zodiacal_libra,319,0.5,0.51,0.528888888888889,0.42000000000000004,0.44228744939271253,0.53,0.599357953707799,4.2,4.0,6.0,5.8
rf_full,signo_zodiacal_libra,320,0.5,0.45999999999999996,0.4333333333333333,0.42000000000000004,0.4200292397660819,0.48100000000000004,0.5354571888379938,4.2,5.0,5.0,5.8
rf_full,signo_zodiacal_libra,321,0.5,0.6,0.5772727272727273,0.6799999999999999,0.6206060606060605,0.68,0.7182402462518562,6.8,4.8,5.2,3.2
rf_full,signo_zodiacal_libra,322,0.5,0.42000000000000004,0.35454545454545455,0.26,0.2968487394957983,0.40599999999999997,0.5007624973066149,2.6,4.2,5.8,7.4
rf_full,signo_zodiacal_libra,323,0.5,0.38,0.37888888888888894,0.38,0.3782775119617225,0.34900000000000003,0.43504495298303353,3.8,6.2,3.8,6.2
rf_full,signo_zodiacal_libra,324,0.5,0.61,0.6256854256854256,0.5399999999999999,0.5761265909872721,0.6479999999999999,0.660976762401685,5.4,3.2,6.8,4.6
rf_full,signo_zodiacal_libra,325,0.5,0.51,0.5111111111111111,0.5,0.5042606516290726,0.458,0.5488802684243861,5.0,4.8,5.2,5.0
rf_full,signo_zodiacal_libra,326,0.5,0.52,0.5172222222222222,0.4600000000000001,0.48608187134502917,0.554,0.5923325928457508,4.6,4.2,5.8,5.4
rf_full,signo_zodiacal_libra,327,0.5,0.6,0.6206349206349207,0.56,0.5846327047565437,0.6509999999999999,0.711923233629116,5.6,3.6,6.4,4.4
rf_full,signo_zodiacal_libra,328,0.5,0.49000000000000005,0.48431568431568434,0.52,0.49708927049080504,0.488,0.5352433867302289,5.2,5.4,4.6,4.8
rf_full,signo_zodiacal_libra,329,0.5,0.47000000000000003,0.45935897435897444,0.42000000000000004,0.4293414696160692,0.4800000000000001,0.58380667578036,4.2,4.8,5.2,5.8
rf_full,signo_zodiacal_libra,330,0.5,0.47999999999999987,0.4633333333333334,0.45999999999999996,0.45651515151515154,0.4619999999999999,0.5385122698079354,4.6,5.0,5.0,5.4
rf_full,signo_zodiacal_libra,331,0.5,0.49000000000000005,0.5257142857142857,0.42000000000000004,0.4510326797385621,0.521,0.5876220180748044,4.2,4.4,5.6,5.8
rf_full,signo_zodiacal_libra,332,0.5,0.5199999999999999,0.5101587301587301,0.42000000000000004,0.45550051599587205,0.548,0.5866277017616026,4.2,3.8,6.2,5.8
rf_full,signo_zodiacal_libra,333,0.5,0.52,0.525,0.5,0.509090909090909,0.557,0.5871541487408362,5.0,4.6,5.4,5.0
rf_full,signo_zodiacal_libra,334,0.5,0.49000000000000005,0.4920634920634921,0.45999999999999996,0.472062509214212,0.44400000000000006,0.5254866451058401,4.6,4.8,5.2,5.4
rf_full,signo_zodiacal_libra,335,0.5,0.57,0.566025641025641,0.6,0.5762845849802372,0.541,0.5764710812063754,6.0,4.6,5.4,4.0
rf_full,signo_zodiacal_libra,336,0.5,0.4,0.4344322344322344,0.42000000000000004,0.4140664961636829,0.40099999999999997,0.5079437343702049,4.2,6.2,3.8,5.8
rf_full,signo_zodiacal_libra,337,0.5,0.45999999999999996,0.45999999999999996,0.34,0.3828070175438597,0.524,0.6006702741702742,3.4,4.2,5.8,6.6
rf_full,signo_zodiacal_libra,338,0.5,0.55,0.5478943278943278,0.5599999999999999,0.5501768915041227,0.567,0.6011317991434091,5.6,4.6,5.4,4.4
rf_full,signo_zodiacal_libra,339,0.5,0.49000000000000005,0.49874847374847375,0.44000000000000006,0.46280791492798484,0.487,0.5490136611754259,4.4,4.6,5.4,5.6
rf_full,signo_zodiacal_libra,340,0.5,0.51,0.5269230769230769,0.45999999999999996,0.48417874396135263,0.488,0.5435817783008184,4.6,4.4,5.6,5.4
rf_full,signo_zodiacal_libra,341,0.5,0.49000000000000005,0.4920634920634921,0.42000000000000004,0.45142758857929133,0.524,0.5859478597597791,4.2,4.4,5.6,5.8
rf_full,signo_zodiacal_libra,342,0.5,0.5399999999999999,0.5394444444444445,0.45999999999999996,0.4932456140350877,0.578,0.6121782798384966,4.6,3.8,6.2,5.4
rf_full,signo_zodiacal_libra,343,0.5,0.43,0.41829004329004327,0.36,0.3845397808246105,0.434,0.5118206423779179,3.6,5.0,5.0,6.4
rf_full,signo_zodiacal_libra,344,0.5,0.5,0.4912337662337662,0.45999999999999996,0.47245564892623715,0.5069999999999999,0.5799874653210566,4.6,4.6,5.4,5.4
rf_full,signo_zodiacal_libra,345,0.5,0.4700000000000001,0.4534920634920635,0.45999999999999996,0.44476048409794544,0.4459999999999999,0.5886383620679287,4.6,5.2,4.8,5.4
rf_full,signo_zodiacal_libra,346,0.5,0.42000000000000004,0.4235897435897436,0.45999999999999996,0.43566997203152813,0.359,0.4561823101219386,4.6,6.2,3.8,5.4
rf_full,signo_zodiacal_libra,347,0.5,0.5599999999999999,0.551965811965812,0.6,0.5724318701893073,0.52,0.547763392438315,6.0,4.8,5.2,4.0
rf_full,signo_zodiacal_libra,348,0.5,0.6,0.6106060606060606,0.54,0.5707602339181287,0.623,0.6283013463145043,5.4,3.4,6.6,4.6
rf_full,signo_zodiacal_libra,349,0.5,0.45,0.4625396825396826,0.42000000000000004,0.4333023735810113,0.42699999999999994,0.5322470434622136,4.2,5.2,4.8,5.8
rf_full,signo_zodiacal_libra,350,0.5,0.4800000000000001,0.46230769230769225,0.48,0.4647784480965259,0.47400000000000003,0.5124958452280434,4.8,5.2,4.8,5.2
rf_full,signo_zodiacal_libra,351,0.5,0.5900000000000001,0.5977777777777777,0.54,0.5608692185007975,0.6439999999999999,0.6724968040215719,5.4,3.6,6.4,4.6
rf_full,signo_zodiacal_libra,352,0.5,0.36,0.35190476190476183,0.3,0.31759639741063894,0.309,0.44890320240475035,3.0,5.8,4.2,7.0
rf_full,signo_zodiacal_libra,353,0.5,0.6,0.5996969696969696,0.62,0.6064069264069263,0.615,0.6506485726176129,6.2,4.2,5.8,3.8
rf_full,signo_zodiacal_libra,354,0.5,0.53,0.5416605616605616,0.47999999999999987,0.4996493471530489,0.488,0.574837617662695,4.8,4.2,5.8,5.2
rf_full,signo_zodiacal_libra,355,0.5,0.5700000000000001,0.5811965811965811,0.56,0.5669209255021611,0.6289999999999999,0.6913257006151742,5.6,4.2,5.8,4.4
rf_full,signo_zodiacal_libra,356,0.5,0.4699999999999999,0.4745454545454545,0.48,0.47555555555555545,0.489,0.5984552314730334,4.8,5.4,4.6,5.2
rf_full,signo_zodiacal_libra,357,0.5,0.5199999999999999,0.5265934065934065,0.48,0.4962432509235578,0.5279999999999999,0.5721270920342127,4.8,4.4,5.6,5.2
rf_full,signo_zodiacal_libra,358,0.5,0.5900000000000001,0.6066666666666667,0.5599999999999999,0.5640000000000001,0.609,0.6320617813558991,5.6,3.8,6.2,4.4
rf_full,signo_zodiacal_libra,359,0.5,0.41000000000000003,0.3797979797979798,0.36,0.3620870357712463,0.352,0.4593948849568045,3.6,5.4,4.6,6.4
rf_full,signo_zodiacal_libra,360,0.5,0.52,0.4917171717171717,0.44000000000000006,0.452523616734143,0.5409999999999999,0.5980218470040451,4.4,4.0,6.0,5.6
rf_full,signo_zodiacal_libra,361,0.5,0.5599999999999999,0.568109668109668,0.5800000000000001,0.5661432994250332,0.627,0.6577777006275458,5.8,4.6,5.4,4.2
rf_full,signo_zodiacal_libra,362,0.5,0.48999999999999994,0.49261904761904757,0.4800000000000001,0.4807843137254902,0.43200000000000005,0.48062036106308553,4.8,5.0,5.0,5.2
rf_full,signo_zodiacal_libra,363,0.5,0.5,0.45015873015873015,0.4600000000000001,0.45157894736842097,0.5379999999999999,0.6046452405523614,4.6,4.6,5.4,5.4
rf_full,signo_zodiacal_libra,364,0.5,0.48999999999999994,0.4701431901431901,0.43999999999999995,0.443808241832202,0.461,0.5675011153277407,4.4,4.6,5.4,5.6
rf_full,signo_zodiacal_libra,365,0.5,0.58,0.5888888888888888,0.5999999999999999,0.5903508771929824,0.592,0.6042315641874465,6.0,4.4,5.6,4.0
rf_full,signo_zodiacal_libra,366,0.5,0.4600000000000001,0.46428571428571425,0.45999999999999996,0.4577084422285661,0.41899999999999993,0.5422849944173473,4.6,5.4,4.6,5.4
rf_full,signo_zodiacal_libra,367,0.5,0.43,0.4174159174159174,0.4,0.4011265375715503,0.45899999999999996,0.5416012345927207,4.0,5.4,4.6,6.0
rf_full,signo_zodiacal_libra,368,0.5,0.41000000000000003,0.4093650793650793,0.42000000000000004,0.407067329643181,0.38100000000000006,0.4721230815967658,4.2,6.0,4.0,5.8
rf_full,signo_zodiacal_libra,369,0.5,0.5599999999999999,0.5674242424242424,0.5,0.5179463811042758,0.5780000000000001,0.6077543012543012,5.0,3.8,6.2,5.0
rf_full,signo_zodiacal_libra,370,0.5,0.47000000000000003,0.47191919191919196,0.5,0.48455684666210985,0.446,0.5397502395265552,5.0,5.6,4.4,5.0
rf_full,signo_zodiacal_libra,371,0.5,0.6,0.5761085972850679,0.72,0.633760796369492,0.624,0.6395724438959733,7.2,5.2,4.8,2.8
rf_full,signo_zodiacal_libra,372,0.5,0.47000000000000003,0.4566161616161616,0.5,0.4710676691729323,0.47300000000000003,0.5566856113442801,5.0,5.6,4.4,5.0
rf_full,signo_zodiacal_libra,373,0.5,0.45,0.44666666666666666,0.44000000000000006,0.44172248803827746,0.4119999999999999,0.48933145303269143,4.4,5.4,4.6,5.6
rf_full,signo_zodiacal_libra,374,0.5,0.55,0.5423809523809524,0.54,0.5378609625668449,0.5509999999999999,0.611966505115112,5.4,4.4,5.6,4.6
rf_full,signo_zodiacal_libra,375,0.5,0.57,0.5708090928679164,0.6399999999999999,0.5883644630447699,0.633,0.6596917424680583,6.4,5.0,5.0,3.6
rf_full,signo_zodiacal_libra,376,0.5,0.45999999999999996,0.44646464646464645,0.5,0.4666065162907268,0.43200000000000005,0.49818641489229726,5.0,5.8,4.2,5.0
rf_full,signo_zodiacal_libra,377,0.5,0.48,0.473015873015873,0.45999999999999996,0.4552068674359696,0.543,0.6376992535328447,4.6,5.0,5.0,5.4
rf_full,signo_zodiacal_libra,378,0.5,0.45999999999999996,0.43992673992673986,0.38,0.39239259865185294,0.5149999999999999,0.5580862568803745,3.8,4.6,5.4,6.2
rf_full,signo_zodiacal_libra,379,0.5,0.47000000000000003,0.46313131313131317,0.42000000000000004,0.4390977443609022,0.47800000000000004,0.5363634719253915,4.2,4.8,5.2,5.8
rf_full,signo_zodiacal_libra,380,0.5,0.5900000000000001,0.5932789432789433,0.6,0.5920126402963931,0.649,0.6743283295651717,6.0,4.2,5.8,4.0
rf_full,signo_zodiacal_libra,381,0.5,0.6199999999999999,0.617987012987013,0.5799999999999998,0.5950326797385621,0.6270000000000001,0.6325263778189474,5.8,3.4,6.6,4.2
rf_full,signo_zodiacal_libra,382,0.5,0.5599999999999999,0.5498168498168498,0.5199999999999999,0.5149164471280503,0.506,0.5311386375062845,5.2,4.0,6.0,4.8
rf_full,signo_zodiacal_libra,383,0.5,0.5900000000000001,0.5958441558441557,0.5800000000000001,0.5758844169246646,0.5940000000000001,0.6104704054115818,5.8,4.0,6.0,4.2
rf_full,signo_zodiacal_libra,384,0.5,0.51,0.49191919191919187,0.5199999999999999,0.4984962406015037,0.523,0.5828675666438825,5.2,5.0,5.0,4.8
rf_full,signo_zodiacal_libra,385,0.5,0.45,0.4523076923076923,0.4999999999999999,0.46990338164251205,0.38999999999999996,0.4759548763929569,5.0,6.0,4.0,5.0
rf_full,signo_zodiacal_libra,386,0.5,0.43999999999999995,0.4334065934065934,0.43999999999999995,0.43232736572890024,0.413,0.5202374965935337,4.4,5.6,4.4,5.6
rf_full,signo_zodiacal_libra,387,0.5,0.43000000000000005,0.4341452991452991,0.5,0.45892462381249566,0.44799999999999995,0.5538246398424417,5.0,6.4,3.6,5.0
rf_full,signo_zodiacal_libra,388,0.5,0.47000000000000003,0.45555555555555555,0.48,0.4650717703349282,0.46900000000000003,0.514061597930793,4.8,5.4,4.6,5.2
rf_full,signo_zodiacal_libra,389,0.5,0.53,0.5162587412587413,0.5599999999999999,0.5343685300207038,0.48599999999999993,0.5278722490959333,5.6,5.0,5.0,4.4
rf_full,signo_zodiacal_libra,390,0.5,0.51,0.5025396825396825,0.43999999999999995,0.46643962848297216,0.5780000000000001,0.6788732019614372,4.4,4.2,5.8,5.6
rf_full,signo_zodiacal_libra,391,0.5,0.5,0.4856410256410256,0.4600000000000001,0.45813570487483535,0.518,0.5833591588150411,4.6,4.6,5.4,5.4
rf_full,signo_zodiacal_libra,392,0.5,0.54,0.5398484848484848,0.5,0.5141269841269842,0.505,0.6012750044073574,5.0,4.2,5.8,5.0
rf_full,signo_zodiacal_libra,393,0.5,0.55,0.5866666666666667,0.44000000000000006,0.49447368421052634,0.466,0.6026230560804864,4.4,3.4,6.6,5.6
rf_full,signo_zodiacal_libra,394,0.5,0.5800000000000001,0.556123876123876,0.58,0.5515917671416393,0.5539999999999999,0.6142495647627226,5.8,4.2,5.8,4.2
rf_full,signo_zodiacal_libra,395,0.5,0.45,0.44666666666666666,0.45999999999999996,0.4526817042606517,0.44399999999999995,0.5380845831155429,4.6,5.6,4.4,5.4
rf_full,signo_zodiacal_libra,396,0.5,0.53,0.5395804195804196,0.5,0.5071548436308162,0.5249999999999999,0.5745724618518737,5.0,4.4,5.6,5.0
rf_full,signo_zodiacal_libra,397,0.5,0.41,0.4116666666666666,0.3,0.33965537730243617,0.379,0.5042983703602898,3.0,4.8,5.2,7.0
rf_full,signo_zodiacal_libra,398,0.5,0.52,0.533968253968254,0.52,0.5148760286840782,0.533,0.6277254243005017,5.2,4.8,5.2,4.8
rf_full,signo_zodiacal_libra,399,0.5,0.53,0.5333333333333333,0.52,0.5263157894736842,0.521,0.6072639115270694,5.2,4.6,5.4,4.8
rf_full,signo_zodiacal_libra,400,0.5,0.41,0.4188888888888889,0.42000000000000004,0.41673577884104207,0.417,0.5152398224410607,4.2,6.0,4.0,5.8
rf_full,signo_zodiacal_libra,401,0.5,0.5800000000000001,0.5794444444444444,0.6199999999999999,0.5916469962785752,0.569,0.6084558511663776,6.2,4.6,5.4,3.8
rf_full,signo_zodiacal_libra,402,0.5,0.5,0.500982350982351,0.64,0.5609166196122718,0.496,0.5410839797457444,6.4,6.4,3.6,3.6
rf_full,signo_zodiacal_libra,403,0.5,0.52,0.5271561771561771,0.58,0.5501441350411602,0.538,0.6009860319419144,5.8,5.4,4.6,4.2
rf_full,signo_zodiacal_libra,404,0.5,0.42000000000000004,0.4608080808080809,0.38,0.39998177261335155,0.36500000000000005,0.4878678956062858,3.8,5.4,4.6,6.2
rf_full,signo_zodiacal_libra,405,0.5,0.53,0.6093939393939395,0.42000000000000004,0.44727272727272727,0.4699999999999999,0.5682257585036222,4.2,3.6,6.4,5.8
rf_full,signo_zodiacal_libra,406,0.5,0.42000000000000004,0.4043290043290043,0.42000000000000004,0.4085221967574909,0.45,0.5156067816772151,4.2,5.8,4.2,5.8
rf_full,signo_zodiacal_libra,407,0.5,0.58,0.5651126651126651,0.6199999999999999,0.5863499328030221,0.517,0.540502709708592,6.2,4.6,5.4,3.8
rf_full,signo_zodiacal_libra,408,0.5,0.5,0.5047979797979798,0.45999999999999996,0.4794486215538846,0.49300000000000005,0.5854347510934198,4.6,4.6,5.4,5.4
rf_full,signo_zodiacal_libra,409,0.5,0.44000000000000006,0.4323809523809524,0.4,0.40777777777777774,0.445,0.5395443182548445,4.0,5.2,4.8,6.0
rf_full,signo_zodiacal_libra,410,0.5,0.5200000000000001,0.5181818181818182,0.5,0.5035714285714287,0.485,0.5660362070849686,5.0,4.6,5.4,5.0
rf_full,signo_zodiacal_libra,411,0.5,0.41000000000000003,0.41733766233766234,0.44000000000000006,0.42523809523809525,0.388,0.5000373529978793,4.4,6.2,3.8,5.6
rf_full,signo_zodiacal_libra,412,0.5,0.5,0.48849206349206353,0.45999999999999996,0.4697907871282484,0.538,0.5799076016003261,4.6,4.6,5.4,5.4
rf_full,signo_zodiacal_libra,413,0.5,0.45999999999999996,0.45999999999999996,0.41999999999999993,0.4120317460317461,0.476,0.5166797281665703,4.2,5.0,5.0,5.8
rf_full,signo_zodiacal_libra,414,0.5,0.44000000000000006,0.41909090909090907,0.36,0.38095238095238093,0.433,0.49658238777046826,3.6,4.8,5.2,6.4
rf_full,signo_zodiacal_libra,415,0.5,0.44000000000000006,0.42853535353535355,0.42000000000000004,0.4230576441102757,0.438,0.5042314815387571,4.2,5.4,4.6,5.8
rf_full,signo_zodiacal_libra,416,0.5,0.39,0.39021645021645024,0.4600000000000001,0.4137142857142857,0.421,0.5090689882013412,4.6,6.8,3.2,5.4
rf_full,signo_zodiacal_libra,417,0.5,0.36000000000000004,0.3578282828282828,0.34,0.3473684210526316,0.366,0.45761323970147505,3.4,6.2,3.8,6.6
rf_full,signo_zodiacal_libra,418,0.5,0.49000000000000005,0.5223376623376623,0.44000000000000006,0.4613818860877684,0.44699999999999995,0.5244936550377727,4.4,4.6,5.4,5.6
rf_full,signo_zodiacal_libra,419,0.5,0.5,0.4916666666666667,0.5599999999999999,0.5196969696969698,0.517,0.5698812186265747,5.6,5.6,4.4,4.4
rf_full,signo_zodiacal_libra,420,0.5,0.47000000000000003,0.47111111111111115,0.48,0.46989473684210525,0.41,0.5398534247829913,4.8,5.4,4.6,5.2
rf_full,signo_zodiacal_libra,421,0.5,0.43000000000000005,0.42828282828282827,0.4800000000000001,0.44840100250626574,0.366,0.4758645990232678,4.8,6.2,3.8,5.2
rf_full,signo_zodiacal_libra,422,0.5,0.54,0.5508669108669108,0.4800000000000001,0.5000673038093957,0.592,0.6789373223096133,4.8,4.0,6.0,5.2
rf_full,signo_zodiacal_libra,423,0.5,0.41,0.41767676767676765,0.38,0.3846434267486899,0.4069999999999999,0.5252995795054619,3.8,5.6,4.4,6.2
rf_full,signo_zodiacal_libra,424,0.5,0.49000000000000005,0.4969780219780219,0.42000000000000004,0.44252344416027284,0.49000000000000005,0.544141958316881,4.2,4.4,5.6,5.8
rf_full,signo_zodiacal_libra,425,0.5,0.43,0.4095238095238095,0.3,0.34551083591331266,0.492,0.5923008206963315,3.0,4.4,5.6,7.0
rf_full,signo_zodiacal_libra,426,0.5,0.4800000000000001,0.4874125874125874,0.58,0.5289666854884246,0.4800000000000001,0.5497964447832869,5.8,6.2,3.8,4.2
rf_full,signo_zodiacal_libra,427,0.5,0.52,0.5377777777777778,0.4800000000000001,0.49273790536948436,0.507,0.6179157688716511,4.8,4.4,5.6,5.2
rf_full,signo_zodiacal_libra,428,0.5,0.49000000000000005,0.4702020202020202,0.42000000000000004,0.44030910609857976,0.49399999999999994,0.5357220644852224,4.2,4.4,5.6,5.8
rf_full,signo_zodiacal_libra,429,0.5,0.49000000000000005,0.48590909090909096,0.44000000000000006,0.45690476190476187,0.477,0.5687943739267268,4.4,4.6,5.4,5.6
rf_full,signo_zodiacal_libra,430,0.5,0.49000000000000005,0.4913059163059163,0.4,0.4362855668583222,0.458,0.5466535054213073,4.0,4.2,5.8,6.0
rf_full,signo_zodiacal_libra,431,0.5,0.58,0.5676190476190476,0.6,0.5675380116959063,0.6020000000000001,0.5718629954496827,6.0,4.4,5.6,4.0
rf_full,signo_zodiacal_libra,432,0.5,0.52,0.5260606060606061,0.58,0.5485932221858996,0.5389999999999999,0.6240429745692904,5.8,5.4,4.6,4.2
rf_full,signo_zodiacal_libra,433,0.5,0.45999999999999996,0.4616161616161616,0.4,0.42487468671679196,0.449,0.5277871881300674,4.0,4.8,5.2,6.0
rf_full,signo_zodiacal_libra,434,0.5,0.55,0.5777777777777777,0.6,0.5726874003189792,0.615,0.6791112951376109,6.0,5.0,5.0,4.0
rf_full,signo_zodiacal_libra,435,0.5,0.52,0.5126262626262627,0.5399999999999999,0.5242652084757349,0.466,0.501650432900433,5.4,5.0,5.0,4.6
rf_full,signo_zodiacal_libra,436,0.5,0.51,0.5242424242424242,0.45999999999999996,0.4793290043290043,0.5970000000000001,0.6379899985635279,4.6,4.4,5.6,5.4
rf_full,signo_zodiacal_libra,437,0.5,0.44000000000000006,0.4418181818181818,0.44000000000000006,0.4393650793650793,0.403,0.5157165730726102,4.4,5.6,4.4,5.6
rf_full,signo_zodiacal_libra,438,0.5,0.5800000000000001,0.595,0.54,0.5624242424242424,0.627,0.7005435197757179,5.4,3.8,6.2,4.6
rf_full,signo_zodiacal_libra,439,0.5,0.53,0.5416666666666666,0.39999999999999997,0.44007381507381504,0.5349999999999999,0.5857846489595715,4.0,3.4,6.6,6.0
rf_full,signo_zodiacal_libra,440,0.5,0.5199999999999999,0.5619047619047619,0.5,0.511764705882353,0.5660000000000001,0.6448457834734924,5.0,4.6,5.4,5.0
rf_full,signo_zodiacal_libra,441,0.5,0.5199999999999999,0.5340909090909091,0.45999999999999996,0.4853968253968254,0.493,0.5367994401539293,4.6,4.2,5.8,5.4
rf_full,signo_zodiacal_libra,442,0.5,0.4699999999999999,0.45999999999999996,0.44000000000000006,0.43418803418803414,0.43200000000000005,0.5097203923527454,4.4,5.0,5.0,5.6
rf_full,signo_zodiacal_libra,443,0.5,0.44000000000000006,0.43168498168498165,0.41999999999999993,0.41856361433693506,0.43600000000000005,0.5033647663825682,4.2,5.4,4.6,5.8
rf_full,signo_zodiacal_libra,444,0.5,0.49000000000000005,0.4972222222222221,0.4,0.43719298245614036,0.465,0.5406419517874627,4.0,4.2,5.8,6.0
rf_full,signo_zodiacal_libra,445,0.5,0.52,0.4907647907647908,0.52,0.48566760037348267,0.5660000000000001,0.584348927817968,5.2,4.8,5.2,4.8
rf_full,signo_zodiacal_libra,446,0.5,0.38999999999999996,0.39333333333333337,0.44000000000000006,0.41406698564593303,0.369,0.46171704645543654,4.4,6.6,3.4,5.6
rf_full,signo_zodiacal_libra,447,0.5,0.54,0.5490909090909091,0.54,0.5324675324675324,0.5450000000000002,0.5997100677100677,5.4,4.6,5.4,4.6
rf_full,signo_zodiacal_libra,448,0.5,0.5900000000000001,0.5842857142857143,0.62,0.5917061638052349,0.601,0.582804554492635,6.2,4.4,5.6,3.8
rf_full,signo_zodiacal_libra,449,0.5,0.5,0.48822510822510823,0.5,0.4848245614035087,0.477,0.5477987029310558,5.0,5.0,5.0,5.0
rf_full,signo_zodiacal_libra,450,0.5,0.4600000000000001,0.44463314463314463,0.4800000000000001,0.4573374846089882,0.44000000000000006,0.546005328434895,4.8,5.6,4.4,5.2
rf_full,signo_zodiacal_libra,451,0.5,0.37999999999999995,0.3738639138639138,0.38,0.37346396682242694,0.42200000000000004,0.5602990641109835,3.8,6.2,3.8,6.2
rf_full,signo_zodiacal_libra,452,0.5,0.5700000000000001,0.5948412698412697,0.5,0.5286549707602339,0.572,0.5964452410334763,5.0,3.6,6.4,5.0
rf_full,signo_zodiacal_libra,453,0.5,0.45,0.4348051948051948,0.38,0.39820728291316526,0.4710000000000001,0.5400231898304654,3.8,4.8,5.2,6.2
rf_full,signo_zodiacal_libra,454,0.5,0.37,0.35214285714285715,0.32,0.3337254901960784,0.364,0.4687165791724615,3.2,5.8,4.2,6.8
rf_full,signo_zodiacal_libra,455,0.5,0.41000000000000003,0.4017676767676767,0.4,0.39845067213488267,0.40800000000000003,0.5162638232080956,4.0,5.8,4.2,6.0
rf_full,signo_zodiacal_libra,456,0.5,0.61,0.593006993006993,0.6799999999999999,0.6322793148880106,0.632,0.6194819418627469,6.8,4.6,5.4,3.2
rf_full,signo_zodiacal_libra,457,0.5,0.42000000000000004,0.42803030303030304,0.42000000000000004,0.4218880534670008,0.4000000000000001,0.4837718659909063,4.2,5.8,4.2,5.8
rf_full,signo_zodiacal_libra,458,0.5,0.49000000000000005,0.5353535353535354,0.4600000000000001,0.48638642059694687,0.538,0.63500567286171,4.6,4.8,5.2,5.4
rf_full,signo_zodiacal_libra,459,0.5,0.57,0.5557575757575757,0.5599999999999999,0.5533766233766234,0.556,0.5955281205722383,5.6,4.2,5.8,4.4
rf_full,signo_zodiacal_libra,460,0.5,0.52,0.5245177045177045,0.5599999999999999,0.5358911772184083,0.538,0.6263156000346403,5.6,5.2,4.8,4.4
rf_full,signo_zodiacal_libra,461,0.5,0.51,0.5374170274170273,0.54,0.5104962406015038,0.514,0.5641686446508427,5.4,5.2,4.8,4.6
rf_full,signo_zodiacal_libra,462,0.5,0.4699999999999999,0.4675757575757576,0.54,0.49917748917748916,0.49800000000000005,0.5516489513238738,5.4,6.0,4.0,4.6
rf_full,signo_zodiacal_libra,463,0.5,0.42000000000000004,0.3951923076923077,0.4999999999999999,0.43125599953059907,0.37300000000000005,0.4696134427148359,5.0,6.6,3.4,5.0
rf_full,signo_zodiacal_libra,464,0.5,0.53,0.531068931068931,0.5399999999999999,0.5301424917793205,0.5780000000000001,0.6154239253178881,5.4,4.8,5.2,4.6
rf_full,signo_zodiacal_libra,465,0.5,0.58,0.5963203463203464,0.6599999999999999,0.6154188948306596,0.626,0.6272303682729379,6.6,5.0,5.0,3.4
rf_full,signo_zodiacal_libra,466,0.5,0.4,0.40960317460317464,0.4,0.3959953428064883,0.385,0.4917183321494467,4.0,6.0,4.0,6.0
rf_full,signo_zodiacal_libra,467,0.5,0.45,0.40329004329004325,0.38,0.3738263305322129,0.433,0.5096378799219357,3.8,4.8,5.2,6.2
rf_full,signo_zodiacal_libra,468,0.5,0.44000000000000006,0.4149999999999999,0.42000000000000004,0.40782456140350887,0.483,0.5460557112306338,4.2,5.4,4.6,5.8
rf_full,signo_zodiacal_libra,469,0.5,0.4600000000000001,0.4777272727272727,0.56,0.509059163059163,0.364,0.44740234009196855,5.6,6.4,3.6,4.4
rf_full,signo_zodiacal_libra,470,0.5,0.53,0.5359090909090909,0.5599999999999999,0.5445310245310245,0.47000000000000003,0.5393669966084828,5.6,5.0,5.0,4.4
rf_full,signo_zodiacal_libra,471,0.5,0.6300000000000001,0.6314102564102564,0.6399999999999999,0.6301458521138155,0.6610000000000001,0.6997460682592263,6.4,3.8,6.2,3.6
rf_full,signo_zodiacal_libra,472,0.5,0.42000000000000004,0.43022977022977027,0.44000000000000006,0.4298940445743515,0.45199999999999996,0.5373352378615537,4.4,6.0,4.0,5.6
rf_full,signo_zodiacal_libra,473,0.5,0.41000000000000003,0.365,0.36,0.3509090909090909,0.417,0.4833551993242395,3.6,5.4,4.6,6.4
rf_full,signo_zodiacal_libra,474,0.5,0.43000000000000005,0.3753113553113553,0.36,0.3608567774936062,0.426,0.4925142908347243,3.6,5.0,5.0,6.4
rf_full,signo_zodiacal_libra,475,0.5,0.5,0.48880341880341877,0.48,0.4803356216628528,0.5399999999999999,0.5898646533205356,4.8,4.8,5.2,5.2
rf_full,signo_zodiacal_libra,476,0.5,0.58,0.5695415695415695,0.56,0.5580527405470198,0.579,0.6816875352889283,5.6,4.0,6.0,4.4
rf_full,signo_zodiacal_libra,477,0.5,0.49000000000000005,0.47435897435897434,0.4800000000000001,0.46845630215195433,0.44300000000000006,0.5159960415401592,4.8,5.0,5.0,5.2
rf_full,signo_zodiacal_libra,478,0.5,0.48,0.4818181818181818,0.44000000000000006,0.45518207282913165,0.43400000000000005,0.534543995048639,4.4,4.8,5.2,5.6
rf_full,signo_zodiacal_libra,479,0.5,0.5,0.5178632478632479,0.52,0.514618958463352,0.505,0.5872363834995413,5.2,5.2,4.8,4.8
rf_full,signo_zodiacal_libra,480,0.5,0.49000000000000005,0.5155844155844156,0.48,0.4800723528277707,0.495,0.5186837282084961,4.8,5.0,5.0,5.2
rf_full,signo_zodiacal_libra,481,0.5,0.45,0.44848484848484854,0.48,0.46272499430394165,0.41900000000000004,0.508142180317103,4.8,5.8,4.2,5.2
rf_full,signo_zodiacal_libra,482,0.5,0.4800000000000001,0.5,0.52,0.4946147186147186,0.489,0.558561865636943,5.2,5.6,4.4,4.8
rf_full,signo_zodiacal_libra,483,0.5,0.43000000000000005,0.4355555555555556,0.45999999999999996,0.4460287081339713,0.38499999999999995,0.471007624728213,4.6,6.0,4.0,5.4
rf_full,signo_zodiacal_libra,484,0.5,0.5200000000000001,0.5196031746031746,0.48,0.4950007818119273,0.5369999999999999,0.5837279479206724,4.8,4.4,5.6,5.2
rf_full,signo_zodiacal_libra,485,0.5,0.4600000000000001,0.43047619047619046,0.38,0.3897647058823529,0.487,0.5601510592950222,3.8,4.6,5.4,6.2
rf_full,signo_zodiacal_libra,486,0.5,0.58,0.5922222222222222,0.54,0.5526209463051568,0.6609999999999999,0.6877476663343536,5.4,3.8,6.2,4.6
rf_full,signo_zodiacal_libra,487,0.5,0.5700000000000001,0.5753267973856209,0.62,0.5851143009037746,0.6049999999999999,0.6642484531292581,6.2,4.8,5.2,3.8
rf_full,signo_zodiacal_libra,488,0.5,0.53,0.5407503607503608,0.44000000000000006,0.4738670204924075,0.525,0.5541247014938965,4.4,3.8,6.2,5.6
rf_full,signo_zodiacal_libra,489,0.5,0.55,0.5459174159174158,0.5800000000000001,0.5564628380996667,0.532,0.5790075578016755,5.8,4.8,5.2,4.2
rf_full,signo_zodiacal_libra,490,0.5,0.43999999999999995,0.4075324675324675,0.42000000000000004,0.40439775910364145,0.409,0.5009135499003919,4.2,5.4,4.6,5.8
rf_full,signo_zodiacal_libra,491,0.5,0.45999999999999996,0.45555555555555555,0.5,0.4731259968102074,0.458,0.5245057083439437,5.0,5.8,4.2,5.0
rf_full,signo_zodiacal_libra,492,0.5,0.63,0.6376190476190475,0.6,0.6129055258467023,0.6420000000000001,0.6582799946871154,6.0,3.4,6.6,4.0
rf_full,signo_zodiacal_libra,493,0.5,0.54,0.5551587301587302,0.48,0.5112049285423897,0.527,0.6046032121473297,4.8,4.0,6.0,5.2
rf_full,signo_zodiacal_libra,494,0.5,0.44000000000000006,0.4349145299145299,0.45999999999999996,0.4435254143263297,0.39299999999999996,0.4864509118332648,4.6,5.8,4.2,5.4
rf_full,signo_zodiacal_libra,495,0.5,0.5800000000000001,0.5844444444444444,0.5799999999999998,0.5646698564593302,0.65,0.6632723344766689,5.8,4.2,5.8,4.2
rf_full,signo_zodiacal_libra,496,0.5,0.53,0.5466666666666666,0.5,0.5154066985645933,0.495,0.5485183674254881,5.0,4.4,5.6,5.0
rf_full,signo_zodiacal_libra,497,0.5,0.41000000000000003,0.38531746031746034,0.33999999999999997,0.3567001282171561,0.387,0.4802564106859773,3.4,5.2,4.8,6.6
rf_full,signo_zodiacal_libra,498,0.5,0.54,0.548962148962149,0.58,0.557996440376303,0.5549999999999999,0.6174811499989519,5.8,5.0,5.0,4.2
rf_full,signo_zodiacal_libra,499,0.5,0.48,0.4866161616161616,0.44000000000000006,0.46040100250626564,0.45999999999999996,0.5691611209567866,4.4,4.8,5.2,5.6
rf_full,signo_zodiacal_libra,500,0.5,0.53,0.5277344877344877,0.5,0.5110894884269497,0.43999999999999995,0.5194479158612285,5.0,4.4,5.6,5.0
rf_full,signo_zodiacal_piscis,1,0.5,0.54,0.5449999999999999,0.52,0.5295238095238094,0.519,0.5516123865814269,5.2,4.4,5.6,4.8
rf_full,signo_zodiacal_piscis,2,0.5,0.52,0.515,0.54,0.5233333333333333,0.592,0.6352173808303839,5.4,5.0,5.0,4.6
rf_full,signo_zodiacal_piscis,3,0.5,0.5,0.4903743315508022,0.5599999999999999,0.5138123085491506,0.493,0.5510336509895334,5.6,5.6,4.4,4.4
rf_full,signo_zodiacal_piscis,4,0.5,0.54,0.5228749028749029,0.5200000000000001,0.5119123896698267,0.5349999999999999,0.5986714417333612,5.2,4.4,5.6,4.8
rf_full,signo_zodiacal_piscis,5,0.5,0.45,0.45999999999999996,0.5599999999999999,0.502909090909091,0.497,0.5801439959249556,5.6,6.6,3.4,4.4
rf_full,signo_zodiacal_piscis,6,0.5,0.5700000000000001,0.581038961038961,0.5599999999999999,0.5662184873949581,0.521,0.5796826137398894,5.6,4.2,5.8,4.4
rf_full,signo_zodiacal_piscis,7,0.5,0.45,0.48550505050505055,0.4,0.42751424014581907,0.43499999999999994,0.5140428933811287,4.0,5.0,5.0,6.0
rf_full,signo_zodiacal_piscis,8,0.5,0.48999999999999994,0.4758297258297258,0.4800000000000001,0.47483280393497107,0.5039999999999999,0.5513563554608445,4.8,5.0,5.0,5.2
rf_full,signo_zodiacal_piscis,9,0.5,0.45,0.42333333333333334,0.48,0.44376623376623375,0.484,0.5245512342834324,4.8,5.8,4.2,5.2
rf_full,signo_zodiacal_piscis,10,0.5,0.5,0.4866666666666667,0.42000000000000004,0.44297979797979803,0.44800000000000006,0.5124194769798485,4.2,4.2,5.8,5.8
rf_full,signo_zodiacal_piscis,11,0.5,0.49000000000000005,0.49816017316017314,0.42000000000000004,0.45018674136321196,0.511,0.5449967461159412,4.2,4.4,5.6,5.8
rf_full,signo_zodiacal_piscis,12,0.5,0.5800000000000001,0.572930402930403,0.6199999999999999,0.581247151825157,0.616,0.6339219554954849,6.2,4.6,5.4,3.8
rf_full,signo_zodiacal_piscis,13,0.5,0.53,0.528138528138528,0.6,0.5535406162464986,0.522,0.5895762313881509,6.0,5.4,4.6,4.0
rf_full,signo_zodiacal_piscis,14,0.5,0.57,0.5633333333333332,0.54,0.5507602339181286,0.5279999999999999,0.5702975662108789,5.4,4.0,6.0,4.6
rf_full,signo_zodiacal_piscis,15,0.5,0.47000000000000003,0.45731934731934737,0.4800000000000001,0.45861095426312815,0.446,0.5085096682643122,4.8,5.4,4.6,5.2
rf_full,signo_zodiacal_piscis,16,0.5,0.5900000000000001,0.6184981684981685,0.5599999999999999,0.5755834016568974,0.618,0.6727140979935098,5.6,3.8,6.2,4.4
rf_full,signo_zodiacal_piscis,17,0.5,0.53,0.523525641025641,0.6599999999999999,0.580200668896321,0.561,0.5929591317695033,6.6,6.0,4.0,3.4
rf_full,signo_zodiacal_piscis,18,0.5,0.64,0.6339393939393939,0.6599999999999999,0.645103668261563,0.623,0.6501989770635281,6.6,3.8,6.2,3.4
rf_full,signo_zodiacal_piscis,19,0.5,0.48,0.47777777777777775,0.44000000000000006,0.4573099415204679,0.487,0.5319335751967331,4.4,4.8,5.2,5.6
rf_full,signo_zodiacal_piscis,20,0.5,0.53,0.5371428571428571,0.52,0.5198692810457516,0.5660000000000001,0.6177038696597521,5.2,4.6,5.4,4.8
rf_full,signo_zodiacal_piscis,21,0.5,0.5,0.5,0.42000000000000004,0.4492296918767506,0.542,0.5784037292257107,4.2,4.2,5.8,5.8
rf_full,signo_zodiacal_piscis,22,0.5,0.52,0.5247752247752248,0.58,0.5437035683838753,0.453,0.49993027354482467,5.8,5.4,4.6,4.2
rf_full,signo_zodiacal_piscis,23,0.5,0.45,0.441991341991342,0.4800000000000001,0.4574484339190222,0.437,0.5388278751692065,4.8,5.8,4.2,5.2
rf_full,signo_zodiacal_piscis,24,0.5,0.43,0.4321789321789321,0.48,0.45169742538163593,0.45999999999999996,0.5646649923004412,4.8,6.2,3.8,5.2
rf_full,signo_zodiacal_piscis,25,0.5,0.5199999999999999,0.5188888888888888,0.52,0.5177990430622009,0.501,0.5406934807538523,5.2,4.8,5.2,4.8
rf_full,signo_zodiacal_piscis,26,0.5,0.4800000000000001,0.47424242424242424,0.54,0.4993997113997114,0.5,0.5951059322514431,5.4,5.8,4.2,4.6
rf_full,signo_zodiacal_piscis,27,0.5,0.37,0.3638383838383838,0.36,0.36145363408521297,0.33799999999999997,0.45320108589381036,3.6,6.2,3.8,6.4
rf_full,signo_zodiacal_piscis,28,0.5,0.5,0.5368686868686868,0.4800000000000001,0.4990943267259057,0.518,0.5560415542489845,4.8,4.8,5.2,5.2
rf_full,signo_zodiacal_piscis,29,0.5,0.56,0.5465689865689864,0.54,0.5381397227083053,0.48100000000000004,0.5413992231538671,5.4,4.2,5.8,4.6
rf_full,signo_zodiacal_piscis,30,0.5,0.43000000000000005,0.39844155844155843,0.38,0.38296918767507,0.4790000000000001,0.5530304324158813,3.8,5.2,4.8,6.2
rf_full,signo_zodiacal_piscis,31,0.5,0.53,0.5392857142857144,0.52,0.5238434767846533,0.466,0.52359060753488,5.2,4.6,5.4,4.8
rf_full,signo_zodiacal_piscis,32,0.5,0.43999999999999995,0.43939393939393934,0.4,0.4131451623711686,0.4090000000000001,0.5066017599531532,4.0,5.2,4.8,6.0
rf_full,signo_zodiacal_piscis,33,0.5,0.42000000000000004,0.395981240981241,0.31999999999999995,0.3485124576146248,0.381,0.4897666726977872,3.2,4.8,5.2,6.8
rf_full,signo_zodiacal_piscis,34,0.5,0.53,0.5272161172161173,0.5599999999999999,0.5286589165310394,0.569,0.5612693162530624,5.6,5.0,5.0,4.4
rf_full,signo_zodiacal_piscis,35,0.5,0.55,0.5472727272727274,0.54,0.5428070175438596,0.615,0.6436070187981953,5.4,4.4,5.6,4.6
rf_full,signo_zodiacal_piscis,36,0.5,0.54,0.5502564102564103,0.64,0.5854401433806468,0.446,0.5614031442413795,6.4,5.6,4.4,3.6
rf_full,signo_zodiacal_piscis,37,0.5,0.45,0.4341991341991342,0.4,0.4110644257703081,0.4760000000000001,0.5302618241751369,4.0,5.0,5.0,6.0
rf_full,signo_zodiacal_piscis,38,0.5,0.49000000000000005,0.5046753246753247,0.45999999999999996,0.47701213818860877,0.42700000000000005,0.5444729462144323,4.6,4.8,5.2,5.4
rf_full,signo_zodiacal_piscis,39,0.5,0.41000000000000003,0.42567099567099564,0.4,0.403015873015873,0.385,0.4755452413083992,4.0,5.8,4.2,6.0
rf_full,signo_zodiacal_piscis,40,0.5,0.58,0.592973692973693,0.6,0.5890786021086196,0.569,0.5894653679653679,6.0,4.4,5.6,4.0
rf_full,signo_zodiacal_piscis,41,0.5,0.5199999999999999,0.522972582972583,0.58,0.5392855668583223,0.514,0.5340240833298109,5.8,5.4,4.6,4.2
rf_full,signo_zodiacal_piscis,42,0.5,0.47000000000000003,0.48629148629148633,0.42000000000000004,0.4484741264927023,0.477,0.5651083459024635,4.2,4.8,5.2,5.8
rf_full,signo_zodiacal_piscis,43,0.5,0.42000000000000004,0.41388888888888886,0.38,0.393833067517278,0.4039999999999999,0.5342706590794826,3.8,5.4,4.6,6.2
rf_full,signo_zodiacal_piscis,44,0.5,0.44000000000000006,0.433598166539343,0.44000000000000006,0.41728602552131966,0.47400000000000003,0.5399151459135979,4.4,5.6,4.4,5.6
rf_full,signo_zodiacal_piscis,45,0.5,0.53,0.5328282828282829,0.5599999999999999,0.5438596491228069,0.5279999999999999,0.5581693918396705,5.6,5.0,5.0,4.4
rf_full,signo_zodiacal_piscis,46,0.5,0.45000000000000007,0.45656565656565656,0.43999999999999995,0.4471177944862156,0.4600000000000001,0.5154685930684383,4.4,5.4,4.6,5.6
rf_full,signo_zodiacal_piscis,47,0.5,0.52,0.5186868686868686,0.48,0.49247986275850053,0.5429999999999999,0.5995842207328275,4.8,4.4,5.6,5.2
rf_full,signo_zodiacal_piscis,48,0.5,0.5700000000000001,0.6290909090909091,0.52,0.5465512265512265,0.604,0.6369605439280361,5.2,3.8,6.2,4.8
rf_full,signo_zodiacal_piscis,49,0.5,0.5,0.506954156954157,0.5,0.4993352947586357,0.4720000000000001,0.5529016344852258,5.0,5.0,5.0,5.0
rf_full,signo_zodiacal_piscis,50,0.5,0.37,0.3833333333333333,0.44000000000000006,0.4095238095238095,0.39,0.4715264169954573,4.4,7.0,3.0,5.6
rf_full,signo_zodiacal_piscis,51,0.5,0.61,0.6083333333333333,0.62,0.6024242424242423,0.633,0.6801526220597427,6.2,4.0,6.0,3.8
rf_full,signo_zodiacal_piscis,52,0.5,0.45,0.4481468531468532,0.48,0.4607867494824016,0.489,0.6030548711694224,4.8,5.8,4.2,5.2
rf_full,signo_zodiacal_piscis,53,0.5,0.48,0.4764102564102564,0.4600000000000001,0.454537133347202,0.44700000000000006,0.5281098572909718,4.6,5.0,5.0,5.4
rf_full,signo_zodiacal_piscis,54,0.5,0.58,0.587948717948718,0.6599999999999999,0.6123447749809307,0.5890000000000001,0.6451791280614809,6.6,5.0,5.0,3.4
rf_full,signo_zodiacal_piscis,55,0.5,0.49000000000000005,0.48388888888888887,0.38,0.42087719298245607,0.48999999999999994,0.5710880965439789,3.8,4.0,6.0,6.2
rf_full,signo_zodiacal_piscis,56,0.5,0.44000000000000006,0.467012987012987,0.43999999999999995,0.4350353959765725,0.476,0.5557406625022724,4.4,5.6,4.4,5.6
rf_full,signo_zodiacal_piscis,57,0.5,0.47000000000000003,0.46590909090909094,0.36000000000000004,0.4007936507936508,0.493,0.5799579956507201,3.6,4.2,5.8,6.4
rf_full,signo_zodiacal_piscis,58,0.5,0.5,0.49909090909090903,0.5599999999999999,0.5226684894053315,0.506,0.5755583558168698,5.6,5.6,4.4,4.4
rf_full,signo_zodiacal_piscis,59,0.5,0.55,0.5478943278943278,0.6,0.5703789117061427,0.542,0.536880050290267,6.0,5.0,5.0,4.0
rf_full,signo_zodiacal_piscis,60,0.5,0.5599999999999999,0.595,0.5,0.5366666666666666,0.5900000000000001,0.673756797725838,5.0,3.8,6.2,5.0
rf_full,signo_zodiacal_piscis,61,0.5,0.59,0.6044444444444446,0.58,0.5819298245614035,0.505,0.5481311384693738,5.8,4.0,6.0,4.2
rf_full,signo_zodiacal_piscis,62,0.5,0.54,0.5349999999999999,0.54,0.5357575757575758,0.5690000000000001,0.6211276017584068,5.4,4.6,5.4,4.6
rf_full,signo_zodiacal_piscis,63,0.5,0.39,0.36809523809523803,0.30000000000000004,0.3287788097695218,0.389,0.5187358833976481,3.0,5.2,4.8,7.0
rf_full,signo_zodiacal_piscis,64,0.5,0.42000000000000004,0.41555555555555557,0.42000000000000004,0.41141520467836257,0.441,0.5393176796543668,4.2,5.8,4.2,5.8
rf_full,signo_zodiacal_piscis,65,0.5,0.47000000000000003,0.47272727272727266,0.45999999999999996,0.4458839406207827,0.44000000000000006,0.5139062234634989,4.6,5.2,4.8,5.4
rf_full,signo_zodiacal_piscis,66,0.5,0.54,0.5481746031746032,0.48,0.5094392844857241,0.5720000000000001,0.6463203452893855,4.8,4.0,6.0,5.2
rf_full,signo_zodiacal_piscis,67,0.5,0.5,0.5235714285714286,0.45999999999999996,0.4734046345811052,0.5409999999999999,0.6106601931779949,4.6,4.6,5.4,5.4
rf_full,signo_zodiacal_piscis,68,0.5,0.49000000000000005,0.49230769230769234,0.5199999999999999,0.5033453198212923,0.45899999999999996,0.5444263812383008,5.2,5.4,4.6,4.8
rf_full,signo_zodiacal_piscis,69,0.5,0.49000000000000005,0.44981684981684983,0.4600000000000001,0.4453466894003979,0.458,0.49579131223094064,4.6,4.8,5.2,5.4
rf_full,signo_zodiacal_piscis,70,0.5,0.51,0.5061111111111112,0.43999999999999995,0.4697076023391812,0.5559999999999999,0.599625039992687,4.4,4.2,5.8,5.6
rf_full,signo_zodiacal_piscis,71,0.5,0.49000000000000005,0.497979797979798,0.42000000000000004,0.44738512949039266,0.531,0.5882820035142016,4.2,4.4,5.6,5.8
rf_full,signo_zodiacal_piscis,72,0.5,0.47000000000000003,0.45931568431568426,0.45999999999999996,0.45423212763366216,0.487,0.5667363649422473,4.6,5.2,4.8,5.4
rf_full,signo_zodiacal_piscis,73,0.5,0.43,0.3488888888888889,0.38,0.36239234449760765,0.438,0.5392895083073103,3.8,5.2,4.8,6.2
rf_full,signo_zodiacal_piscis,74,0.5,0.6,0.6292124542124542,0.54,0.5744544652338434,0.579,0.6542964360201202,5.4,3.4,6.6,4.6
rf_full,signo_zodiacal_piscis,75,0.5,0.51,0.5022533022533022,0.5599999999999999,0.5261850277868584,0.475,0.5638311127297195,5.6,5.4,4.6,4.4
rf_full,signo_zodiacal_piscis,76,0.5,0.47000000000000003,0.4666666666666667,0.42000000000000004,0.44210526315789467,0.41200000000000003,0.5330312886288118,4.2,4.8,5.2,5.8
rf_full,signo_zodiacal_piscis,77,0.5,0.5900000000000001,0.590079365079365,0.5599999999999999,0.5657550739594084,0.638,0.6318878588731529,5.6,3.8,6.2,4.4
rf_full,signo_zodiacal_piscis,78,0.5,0.6100000000000001,0.5932067932067933,0.6200000000000001,0.5874441602728047,0.5930000000000001,0.6120588300588301,6.2,4.0,6.0,3.8
rf_full,signo_zodiacal_piscis,79,0.5,0.59,0.5684981684981685,0.7200000000000001,0.6251321398124466,0.55,0.6167553926981171,7.2,5.4,4.6,2.8
rf_full,signo_zodiacal_piscis,80,0.5,0.4800000000000001,0.4805194805194805,0.48,0.47434763379035827,0.4659999999999999,0.5556696014683631,4.8,5.2,4.8,5.2
rf_full,signo_zodiacal_piscis,81,0.5,0.49000000000000005,0.48611111111111105,0.42000000000000004,0.45029239766081874,0.48699999999999993,0.6044045937722408,4.2,4.4,5.6,5.8
rf_full,signo_zodiacal_piscis,82,0.5,0.53,0.5277777777777778,0.5399999999999999,0.5309485835801626,0.539,0.5803500008763166,5.4,4.8,5.2,4.6
rf_full,signo_zodiacal_piscis,83,0.5,0.5,0.49230769230769234,0.5399999999999999,0.5062491926942055,0.508,0.5515476102844523,5.4,5.4,4.6,4.6
rf_full,signo_zodiacal_piscis,84,0.5,0.53,0.5275757575757576,0.5800000000000001,0.5520346320346319,0.571,0.610259786567062,5.8,5.2,4.8,4.2
rf_full,signo_zodiacal_piscis,85,0.5,0.48,0.4709090909090909,0.4,0.4215512265512265,0.495,0.555975771820199,4.0,4.4,5.6,6.0
rf_full,signo_zodiacal_piscis,86,0.5,0.38,0.3608974358974359,0.34,0.3385265700483092,0.39699999999999996,0.5100694511886463,3.4,5.8,4.2,6.6
rf_full,signo_zodiacal_piscis,87,0.5,0.6,0.6066666666666667,0.5,0.5396491228070175,0.5740000000000001,0.6094122205623752,5.0,3.0,7.0,5.0
rf_full,signo_zodiacal_piscis,88,0.5,0.5,0.49944444444444447,0.4800000000000001,0.48680489101541735,0.547,0.5628764260335467,4.8,4.8,5.2,5.2
rf_full,signo_zodiacal_piscis,89,0.5,0.54,0.537979797979798,0.58,0.5566780587833219,0.546,0.592434685197843,5.8,5.0,5.0,4.2
rf_full,signo_zodiacal_piscis,90,0.5,0.39999999999999997,0.3727272727272727,0.38,0.3639732816203405,0.32,0.4811585863397009,3.8,5.8,4.2,6.2
rf_full,signo_zodiacal_piscis,91,0.5,0.45999999999999996,0.4557997557997558,0.4,0.41835711401265313,0.41899999999999993,0.4969151510684018,4.0,4.8,5.2,6.0
rf_full,signo_zodiacal_piscis,92,0.5,0.48999999999999994,0.5085714285714287,0.5,0.48931372549019614,0.48600000000000004,0.6036514606824204,5.0,5.2,4.8,5.0
rf_full,signo_zodiacal_piscis,93,0.5,0.48,0.46761904761904766,0.5,0.4796491228070175,0.49399999999999994,0.5524397814088217,5.0,5.4,4.6,5.0
rf_full,signo_zodiacal_piscis,94,0.5,0.53,0.5604895104895105,0.4999999999999999,0.5075224292615597,0.5359999999999999,0.5705455922646325,5.0,4.4,5.6,5.0
rf_full,signo_zodiacal_piscis,95,0.5,0.52,0.5142857142857142,0.42000000000000004,0.45990712074303397,0.496,0.5991156527511017,4.2,3.8,6.2,5.8
rf_full,signo_zodiacal_piscis,96,0.5,0.53,0.5347319347319347,0.58,0.5540402389372641,0.5309999999999999,0.5794571812776146,5.8,5.2,4.8,4.2
rf_full,signo_zodiacal_piscis,97,0.5,0.5,0.5018181818181818,0.42000000000000004,0.4326984126984127,0.5589999999999999,0.5907141665524018,4.2,4.2,5.8,5.8
rf_full,signo_zodiacal_piscis,98,0.5,0.4700000000000001,0.4675407925407925,0.52,0.4897044984001505,0.41600000000000004,0.5008659775896618,5.2,5.8,4.2,4.8
rf_full,signo_zodiacal_piscis,99,0.5,0.55,0.5725829725829725,0.54,0.5265418791734581,0.601,0.6314319271200076,5.4,4.4,5.6,4.6
rf_full,signo_zodiacal_piscis,100,0.5,0.53,0.5307142857142857,0.45999999999999996,0.4911730306157551,0.587,0.6012991887713249,4.6,4.0,6.0,5.4
rf_full,signo_zodiacal_piscis,101,0.5,0.61,0.611056721056721,0.62,0.6109600087174457,0.606,0.5988515096015096,6.2,4.0,6.0,3.8
rf_full,signo_zodiacal_piscis,102,0.5,0.48,0.47651515151515145,0.48,0.47503607503607503,0.44699999999999995,0.5028918381240363,4.8,5.2,4.8,5.2
rf_full,signo_zodiacal_piscis,103,0.5,0.34,0.3067460317460317,0.24000000000000005,0.2685242518059855,0.28500000000000003,0.4339929778683649,2.4,5.6,4.4,7.6
rf_full,signo_zodiacal_piscis,104,0.5,0.55,0.5522222222222222,0.5399999999999999,0.538732057416268,0.5529999999999999,0.6416457317192611,5.4,4.4,5.6,4.6
rf_full,signo_zodiacal_piscis,105,0.5,0.57,0.5783333333333334,0.5399999999999999,0.5456565656565656,0.49000000000000005,0.5416920558801364,5.4,4.0,6.0,4.6
rf_full,signo_zodiacal_piscis,106,0.5,0.5000000000000001,0.49230769230769234,0.56,0.5177932042382171,0.527,0.5976374269005847,5.6,5.6,4.4,4.4
rf_full,signo_zodiacal_piscis,107,0.5,0.47000000000000003,0.4756410256410256,0.45999999999999996,0.4591458058849363,0.517,0.6159932757301178,4.6,5.2,4.8,5.4
rf_full,signo_zodiacal_piscis,108,0.5,0.47000000000000003,0.48166666666666663,0.5199999999999999,0.4940202020202021,0.5309999999999999,0.6210156842641362,5.2,5.8,4.2,4.8
rf_full,signo_zodiacal_piscis,109,0.5,0.43999999999999995,0.4546969696969697,0.42000000000000004,0.4250952380952381,0.495,0.5569776361409489,4.2,5.4,4.6,5.8
rf_full,signo_zodiacal_piscis,110,0.5,0.51,0.5235209235209235,0.43999999999999995,0.4749520860975969,0.534,0.6037058274542794,4.4,4.2,5.8,5.6
rf_full,signo_zodiacal_piscis,111,0.5,0.6,0.6009090909090908,0.62,0.6088266119845067,0.6370000000000001,0.6457380442055365,6.2,4.2,5.8,3.8
rf_full,signo_zodiacal_piscis,112,0.5,0.4800000000000001,0.48367965367965376,0.45999999999999996,0.4664697394109159,0.502,0.5563174227733051,4.6,5.0,5.0,5.4
rf_full,signo_zodiacal_piscis,113,0.5,0.43999999999999995,0.42626984126984124,0.4,0.40873815554930104,0.37799999999999995,0.510871641860032,4.0,5.2,4.8,6.0
rf_full,signo_zodiacal_piscis,114,0.5,0.5800000000000001,0.5895238095238095,0.5599999999999999,0.5606470588235294,0.5839999999999999,0.6094342399946114,5.6,4.0,6.0,4.4
rf_full,signo_zodiacal_piscis,115,0.5,0.6199999999999999,0.611111111111111,0.62,0.6131996658312447,0.608,0.6091708826089631,6.2,3.8,6.2,3.8
rf_full,signo_zodiacal_piscis,116,0.5,0.49000000000000005,0.4929292929292929,0.5,0.4937191463507252,0.497,0.5756852585838654,5.0,5.2,4.8,5.0
rf_full,signo_zodiacal_piscis,117,0.5,0.6199999999999999,0.6062826062826062,0.6399999999999999,0.6156428038242548,0.612,0.6535559254986499,6.4,4.0,6.0,3.6
rf_full,signo_zodiacal_piscis,118,0.5,0.57,0.5652991452991454,0.6599999999999999,0.6047955065529436,0.6309999999999999,0.6694837652028054,6.6,5.2,4.8,3.4
rf_full,signo_zodiacal_piscis,119,0.5,0.42000000000000004,0.4169108669108669,0.43999999999999995,0.4218916857360793,0.437,0.5405715509980216,4.4,6.0,4.0,5.6
rf_full,signo_zodiacal_piscis,120,0.5,0.5,0.4966269841269842,0.52,0.49031912360085733,0.562,0.634427145781635,5.2,5.2,4.8,4.8
rf_full,signo_zodiacal_piscis,121,0.5,0.51,0.5095238095238096,0.48,0.4858288770053476,0.5319999999999999,0.5661723554223553,4.8,4.6,5.4,5.2
rf_full,signo_zodiacal_piscis,122,0.5,0.55,0.5351731601731602,0.5399999999999999,0.5330617095322978,0.601,0.6382721342984501,5.4,4.4,5.6,4.6
rf_full,signo_zodiacal_piscis,123,0.5,0.48,0.4833333333333334,0.48,0.47777777777777775,0.45999999999999996,0.5836573930885076,4.8,5.2,4.8,5.2
rf_full,signo_zodiacal_piscis,124,0.5,0.55,0.5476923076923077,0.64,0.585145828999376,0.515,0.5488408062525709,6.4,5.4,4.6,3.6
rf_full,signo_zodiacal_piscis,125,0.5,0.4,0.4375824175824176,0.38000000000000006,0.3932850241545894,0.37,0.47244242341765563,3.8,5.8,4.2,6.2
rf_full,signo_zodiacal_piscis,126,0.5,0.54,0.534145854145854,0.58,0.549272926561929,0.5439999999999999,0.625430819610386,5.8,5.0,5.0,4.2
rf_full,signo_zodiacal_piscis,127,0.5,0.43,0.4341258741258741,0.48,0.4548240165631469,0.41,0.4790231255672432,4.8,6.2,3.8,5.2
rf_full,signo_zodiacal_piscis,128,0.5,0.45999999999999996,0.4623376623376624,0.52,0.4824929971988795,0.48599999999999993,0.5552564271813497,5.2,6.0,4.0,4.8
rf_full,signo_zodiacal_piscis,129,0.5,0.56,0.5836940836940837,0.48,0.5226792471374515,0.5279999999999999,0.5812080958257428,4.8,3.6,6.4,5.2
rf_full,signo_zodiacal_piscis,130,0.5,0.47000000000000003,0.46071428571428574,0.45999999999999996,0.4554367201426025,0.509,0.5629723326209394,4.6,5.2,4.8,5.4
rf_full,signo_zodiacal_piscis,131,0.5,0.5599999999999999,0.5630494505494505,0.6199999999999999,0.5758275256996483,0.5409999999999999,0.5801615406437387,6.2,5.0,5.0,3.8
rf_full,signo_zodiacal_piscis,132,0.5,0.43000000000000005,0.4188888888888888,0.42000000000000004,0.417745879851143,0.41200000000000003,0.4769821932453511,4.2,5.6,4.4,5.8
rf_full,signo_zodiacal_piscis,133,0.5,0.35,0.33849206349206346,0.32,0.32528379772961813,0.347,0.4584949984655868,3.2,6.2,3.8,6.8
rf_full,signo_zodiacal_piscis,134,0.5,0.54,0.5848051948051948,0.52,0.5342857142857144,0.5660000000000001,0.6054310215927863,5.2,4.4,5.6,4.8
rf_full,signo_zodiacal_piscis,135,0.5,0.43000000000000005,0.43008547008547005,0.4,0.40776887871853545,0.458,0.5566026765632028,4.0,5.4,4.6,6.0
rf_full,signo_zodiacal_piscis,136,0.5,0.45,0.425,0.33999999999999997,0.37277777777777776,0.46699999999999997,0.50143036392572,3.4,4.4,5.6,6.6
rf_full,signo_zodiacal_piscis,137,0.5,0.56,0.5873015873015873,0.45999999999999996,0.5117991056071551,0.5279999999999999,0.636130759591286,4.6,3.4,6.6,5.4
rf_full,signo_zodiacal_piscis,138,0.5,0.5399999999999999,0.5724675324675325,0.48,0.5093557422969186,0.5159999999999999,0.5659460425195719,4.8,4.0,6.0,5.2
rf_full,signo_zodiacal_piscis,139,0.5,0.54,0.5342857142857143,0.52,0.5180392156862745,0.502,0.5348317493480031,5.2,4.4,5.6,4.8
rf_full,signo_zodiacal_piscis,140,0.5,0.5799999999999998,0.5817099567099567,0.56,0.5649690179101944,0.609,0.6355977433299413,5.6,4.0,6.0,4.4
rf_full,signo_zodiacal_piscis,141,0.5,0.51,0.5242424242424243,0.54,0.5285714285714286,0.5609999999999999,0.5770023087507608,5.4,5.2,4.8,4.6
rf_full,signo_zodiacal_piscis,142,0.5,0.45999999999999996,0.4444444444444445,0.42000000000000004,0.427511961722488,0.458,0.5145175663689596,4.2,5.0,5.0,5.8
rf_full,signo_zodiacal_piscis,143,0.5,0.43,0.39305194805194804,0.34,0.36007469654528473,0.37100000000000005,0.44729451370782647,3.4,4.8,5.2,6.6
rf_full,signo_zodiacal_piscis,144,0.5,0.51,0.5184848484848484,0.42000000000000004,0.4538095238095238,0.506,0.5756649853414559,4.2,4.0,6.0,5.8
rf_full,signo_zodiacal_piscis,145,0.5,0.56,0.5612698412698411,0.5,0.5202533070644526,0.562,0.5915949491684784,5.0,3.8,6.2,5.0
rf_full,signo_zodiacal_piscis,146,0.5,0.45,0.43642135642135643,0.38,0.39860828541943094,0.488,0.5574922289612692,3.8,4.8,5.2,6.2
rf_full,signo_zodiacal_piscis,147,0.5,0.51,0.5092857142857143,0.42000000000000004,0.4557843137254903,0.479,0.513655990466362,4.2,4.0,6.0,5.8
rf_full,signo_zodiacal_piscis,148,0.5,0.51,0.5142857142857142,0.58,0.5368712702472294,0.5269999999999999,0.5664603909162732,5.8,5.6,4.4,4.2
rf_full,signo_zodiacal_piscis,149,0.5,0.5900000000000001,0.5917857142857142,0.5599999999999999,0.5586902966314732,0.6100000000000001,0.5981997446997447,5.6,3.8,6.2,4.4
rf_full,signo_zodiacal_piscis,150,0.5,0.44000000000000006,0.44253968253968257,0.44000000000000006,0.43585139318885446,0.351,0.46098090291201743,4.4,5.6,4.4,5.6
rf_full,signo_zodiacal_piscis,151,0.5,0.44000000000000006,0.4397979797979798,0.4,0.41722639933166245,0.40700000000000003,0.506589015387777,4.0,5.2,4.8,6.0
rf_full,signo_zodiacal_piscis,152,0.5,0.44000000000000006,0.4355555555555556,0.42000000000000004,0.4253482190324296,0.437,0.5306692643441869,4.2,5.4,4.6,5.8
rf_full,signo_zodiacal_piscis,153,0.5,0.53,0.5238961038961039,0.5,0.5080485527544351,0.522,0.578125503151819,5.0,4.4,5.6,5.0
rf_full,signo_zodiacal_piscis,154,0.5,0.45,0.45,0.38,0.4068447634237108,0.4600000000000001,0.5010070109628932,3.8,4.8,5.2,6.2
rf_full,signo_zodiacal_piscis,155,0.5,0.38999999999999996,0.3652564102564103,0.36000000000000004,0.35862318840579704,0.404,0.4676736976473818,3.6,5.8,4.2,6.4
rf_full,signo_zodiacal_piscis,156,0.5,0.53,0.5311544011544012,0.5199999999999999,0.520939246512002,0.5269999999999999,0.5675082947668086,5.2,4.6,5.4,4.8
rf_full,signo_zodiacal_piscis,157,0.5,0.52,0.5362337662337662,0.4,0.45049486461251165,0.499,0.5830961744653694,4.0,3.6,6.4,6.0
rf_full,signo_zodiacal_piscis,158,0.5,0.37,0.34701298701298705,0.36000000000000004,0.3469747899159664,0.328,0.4423801857756965,3.6,6.2,3.8,6.4
rf_full,signo_zodiacal_piscis,159,0.5,0.56,0.5766955266955268,0.54,0.5526892096551539,0.5239999999999999,0.5410273870436411,5.4,4.2,5.8,4.6
rf_full,signo_zodiacal_piscis,160,0.5,0.54,0.550952380952381,0.5,0.5202314163304875,0.569,0.6163986358498743,5.0,4.2,5.8,5.0
rf_full,signo_zodiacal_piscis,161,0.5,0.55,0.5866666666666667,0.45999999999999996,0.492987012987013,0.571,0.6182311491398178,4.6,3.6,6.4,5.4
rf_full,signo_zodiacal_piscis,162,0.5,0.49000000000000005,0.4805194805194805,0.38,0.4193510737628385,0.48200000000000004,0.5618997046984664,3.8,4.0,6.0,6.2
rf_full,signo_zodiacal_piscis,163,0.5,0.54,0.546978021978022,0.45999999999999996,0.48411074574757434,0.5389999999999999,0.5906359190345258,4.6,3.8,6.2,5.4
rf_full,signo_zodiacal_piscis,164,0.5,0.59,0.5992673992673992,0.6,0.5886488386353779,0.577,0.6276273983154789,6.0,4.2,5.8,4.0
rf_full,signo_zodiacal_piscis,165,0.5,0.43,0.43597069597069593,0.48,0.44954475703324814,0.44299999999999995,0.5443933478801899,4.8,6.2,3.8,5.2
rf_full,signo_zodiacal_piscis,166,0.5,0.53,0.5318181818181819,0.5599999999999999,0.5440647072226019,0.5449999999999999,0.6021245857685487,5.6,5.0,5.0,4.4
rf_full,signo_zodiacal_piscis,167,0.5,0.55,0.5416916416916416,0.54,0.5301541169827615,0.532,0.554509729005085,5.4,4.4,5.6,4.6
rf_full,signo_zodiacal_piscis,168,0.5,0.45,0.4562087912087912,0.5,0.4666499263737115,0.4050000000000001,0.5162123817874592,5.0,6.0,4.0,5.0
rf_full,signo_zodiacal_piscis,169,0.5,0.47000000000000003,0.45512265512265515,0.42000000000000004,0.43502874834144184,0.4640000000000001,0.5304867348853417,4.2,4.8,5.2,5.8
rf_full,signo_zodiacal_piscis,170,0.5,0.39,0.35675213675213674,0.38,0.362210665002427,0.343,0.4494209124209124,3.8,6.0,4.0,6.2
rf_full,signo_zodiacal_piscis,171,0.5,0.59,0.5863997113997114,0.5800000000000001,0.5748194014447885,0.5720000000000001,0.6180274627333451,5.8,4.0,6.0,4.2
rf_full,signo_zodiacal_piscis,172,0.5,0.45999999999999996,0.46646464646464647,0.5,0.4812668033720665,0.403,0.47597609846294053,5.0,5.8,4.2,5.0
rf_full,signo_zodiacal_piscis,173,0.5,0.5,0.5096153846153846,0.58,0.5379885814668424,0.472,0.5617124748316699,5.8,5.8,4.2,4.2
rf_full,signo_zodiacal_piscis,174,0.5,0.57,0.5644949494949495,0.6199999999999999,0.5839276980329612,0.599,0.6522010571128217,6.2,4.8,5.2,3.8
rf_full,signo_zodiacal_piscis,175,0.5,0.53,0.5376262626262627,0.54,0.5358547884863675,0.508,0.5254041036363017,5.4,4.8,5.2,4.6
rf_full,signo_zodiacal_piscis,176,0.5,0.4800000000000001,0.48,0.43999999999999995,0.4534126984126984,0.55,0.6185617335880493,4.4,4.8,5.2,5.6
rf_full,signo_zodiacal_piscis,177,0.5,0.4,0.40262515262515264,0.48,0.43300279684719045,0.37700000000000006,0.5032520859773182,4.8,6.8,3.2,5.2
rf_full,signo_zodiacal_piscis,178,0.5,0.53,0.5516233766233766,0.58,0.5563492063492064,0.564,0.6558670233275496,5.8,5.2,4.8,4.2
rf_full,signo_zodiacal_piscis,179,0.5,0.4,0.3884415584415585,0.38,0.38031406501994736,0.391,0.5101367279091737,3.8,5.8,4.2,6.2
rf_full,signo_zodiacal_piscis,180,0.5,0.48,0.4843156843156843,0.52,0.4919772256728779,0.48500000000000004,0.5533668286477884,5.2,5.6,4.4,4.8
rf_full,signo_zodiacal_piscis,181,0.5,0.5,0.5042002442002442,0.5599999999999999,0.5211582129003047,0.521,0.5983652807460856,5.6,5.6,4.4,4.4
rf_full,signo_zodiacal_piscis,182,0.5,0.5700000000000001,0.593939393939394,0.5199999999999999,0.535209235209235,0.635,0.6497508500271658,5.2,3.8,6.2,4.8
rf_full,signo_zodiacal_piscis,183,0.5,0.49000000000000005,0.4890909090909091,0.42000000000000004,0.4367099567099567,0.457,0.5517280127852884,4.2,4.4,5.6,5.8
rf_full,signo_zodiacal_piscis,184,0.5,0.42000000000000004,0.41217171717171713,0.36,0.3799624060150376,0.41600000000000004,0.462688761788607,3.6,5.2,4.8,6.4
rf_full,signo_zodiacal_piscis,185,0.5,0.51,0.5034188034188034,0.42000000000000004,0.4400871744578838,0.55,0.5684585208393258,4.2,4.0,6.0,5.8
rf_full,signo_zodiacal_piscis,186,0.5,0.5599999999999999,0.5676190476190476,0.5,0.5293223254213967,0.5820000000000001,0.6452661768056505,5.0,3.8,6.2,5.0
rf_full,signo_zodiacal_piscis,187,0.5,0.6199999999999999,0.6388344988344988,0.6,0.6073050379572118,0.6690000000000002,0.693475051694092,6.0,3.6,6.4,4.0
rf_full,signo_zodiacal_piscis,188,0.5,0.4800000000000001,0.4718253968253968,0.42000000000000004,0.44251805985552106,0.46699999999999997,0.5351920563097033,4.2,4.6,5.4,5.8
rf_full,signo_zodiacal_piscis,189,0.5,0.45,0.4522222222222222,0.42000000000000004,0.43011961722488035,0.42300000000000004,0.4996807810352702,4.2,5.2,4.8,5.8
rf_full,signo_zodiacal_piscis,190,0.5,0.41999999999999993,0.396969696969697,0.42000000000000004,0.40595238095238095,0.4,0.5009525293248205,4.2,5.8,4.2,5.8
rf_full,signo_zodiacal_piscis,191,0.5,0.5999999999999999,0.6228571428571429,0.5599999999999999,0.5845689089032742,0.6180000000000001,0.6938518121884995,5.6,3.6,6.4,4.4
rf_full,signo_zodiacal_piscis,192,0.5,0.45999999999999996,0.45787545787545786,0.48,0.454151091874877,0.43,0.5101868686868687,4.8,5.6,4.4,5.2
rf_full,signo_zodiacal_piscis,193,0.5,0.38,0.3634598734598734,0.42000000000000004,0.38265026590346285,0.346,0.49002646888715,4.2,6.6,3.4,5.8
rf_full,signo_zodiacal_piscis,194,0.5,0.58,0.5808424908424907,0.5,0.5143827016972796,0.557,0.6020995397791064,5.0,3.4,6.6,5.0
rf_full,signo_zodiacal_piscis,195,0.5,0.51,0.5433333333333333,0.5,0.5070995670995672,0.518,0.5875548972870954,5.0,4.8,5.2,5.0
rf_full,signo_zodiacal_piscis,196,0.5,0.49000000000000005,0.48388888888888887,0.5199999999999999,0.49696414950419526,0.47000000000000003,0.5250874735859256,5.2,5.4,4.6,4.8
rf_full,signo_zodiacal_piscis,197,0.5,0.47000000000000003,0.4722222222222222,0.52,0.49373433583959897,0.44000000000000006,0.49173870264582337,5.2,5.8,4.2,4.8
rf_full,signo_zodiacal_piscis,198,0.5,0.4800000000000001,0.4946031746031746,0.4600000000000001,0.46421052631578946,0.49800000000000005,0.5554958342311282,4.6,5.0,5.0,5.4
rf_full,signo_zodiacal_piscis,199,0.5,0.49000000000000005,0.463030303030303,0.44000000000000006,0.43838827838827843,0.488,0.5732634042943641,4.4,4.6,5.4,5.6
rf_full,signo_zodiacal_piscis,200,0.5,0.5399999999999999,0.5522222222222223,0.52,0.5128935099987731,0.48699999999999993,0.5413291979778048,5.2,4.4,5.6,4.8
rf_full,signo_zodiacal_piscis,201,0.5,0.45,0.4351648351648351,0.45999999999999996,0.4386615515771526,0.449,0.4910058340352458,4.6,5.6,4.4,5.4
rf_full,signo_zodiacal_piscis,202,0.5,0.34,0.33656565656565657,0.34,0.3376441102756892,0.33999999999999997,0.46096740617483645,3.4,6.6,3.4,6.6
rf_full,signo_zodiacal_piscis,203,0.5,0.5999999999999999,0.6193589743589742,0.56,0.5791660310195781,0.5900000000000001,0.6306414973914973,5.6,3.6,6.4,4.4
rf_full,signo_zodiacal_piscis,204,0.5,0.54,0.5404545454545454,0.54,0.5375590491379965,0.5770000000000001,0.6238743952126304,5.4,4.6,5.4,4.6
rf_full,signo_zodiacal_piscis,205,0.5,0.51,0.5227777777777778,0.5,0.5091015417331206,0.433,0.5034879960940333,5.0,4.8,5.2,5.0
rf_full,signo_zodiacal_piscis,206,0.5,0.43,0.42272727272727273,0.4,0.4075036075036075,0.495,0.5624858660431415,4.0,5.4,4.6,6.0
rf_full,signo_zodiacal_piscis,207,0.5,0.55,0.5454545454545454,0.5599999999999999,0.5507936507936508,0.5650000000000001,0.5789802301241929,5.6,4.6,5.4,4.4
rf_full,signo_zodiacal_piscis,208,0.5,0.4699999999999999,0.45004329004328997,0.45999999999999996,0.4465079365079365,0.42800000000000005,0.5025417458358634,4.6,5.2,4.8,5.4
rf_full,signo_zodiacal_piscis,209,0.5,0.5599999999999999,0.5809090909090908,0.5599999999999999,0.5516483516483517,0.5900000000000001,0.6101670155609783,5.6,4.4,5.6,4.4
rf_full,signo_zodiacal_piscis,210,0.5,0.52,0.5257575757575758,0.5,0.5092883724462671,0.5660000000000001,0.6086260950951353,5.0,4.6,5.4,5.0
rf_full,signo_zodiacal_piscis,211,0.5,0.47000000000000003,0.4621428571428572,0.36,0.40287581699346403,0.48599999999999993,0.5606429322311675,3.6,4.2,5.8,6.4
rf_full,signo_zodiacal_piscis,212,0.5,0.55,0.5407575757575758,0.5599999999999999,0.5384737484737485,0.599,0.6525999088630667,5.6,4.6,5.4,4.4
rf_full,signo_zodiacal_piscis,213,0.5,0.63,0.6372222222222222,0.6199999999999999,0.6257522594364698,0.619,0.6567824016368908,6.2,3.6,6.4,3.8
rf_full,signo_zodiacal_piscis,214,0.5,0.4600000000000001,0.45064713064713063,0.48,0.4599650020191143,0.441,0.5385611333111333,4.8,5.6,4.4,5.2
rf_full,signo_zodiacal_piscis,215,0.5,0.53,0.5202797202797202,0.6,0.5560888386975343,0.5279999999999999,0.5636662956926115,6.0,5.4,4.6,4.0
rf_full,signo_zodiacal_piscis,216,0.5,0.54,0.5515934065934066,0.54,0.5386674933478002,0.5599999999999999,0.5827783668859521,5.4,4.6,5.4,4.6
rf_full,signo_zodiacal_piscis,217,0.5,0.53,0.5191666666666667,0.6199999999999999,0.547017094017094,0.611,0.646275713021069,6.2,5.6,4.4,3.8
rf_full,signo_zodiacal_piscis,218,0.5,0.55,0.5559090909090909,0.5199999999999999,0.5352380952380953,0.5960000000000001,0.6281959984459984,5.2,4.2,5.8,4.8
rf_full,signo_zodiacal_piscis,219,0.5,0.49000000000000005,0.4808080808080809,0.48,0.4791979949874687,0.512,0.5828023447141094,4.8,5.0,5.0,5.2
rf_full,signo_zodiacal_piscis,220,0.5,0.5000000000000001,0.5063852813852814,0.38,0.4284080298786181,0.51,0.5738599531703247,3.8,3.8,6.2,6.2
rf_full,signo_zodiacal_piscis,221,0.5,0.47999999999999987,0.4918954248366013,0.54,0.505397838029417,0.46799999999999997,0.5180996678759837,5.4,5.8,4.2,4.6
rf_full,signo_zodiacal_piscis,222,0.5,0.49000000000000005,0.49642246642246635,0.5,0.4920290262974339,0.48200000000000004,0.5596991788741015,5.0,5.2,4.8,5.0
rf_full,signo_zodiacal_piscis,223,0.5,0.51,0.5055555555555556,0.5800000000000001,0.538755980861244,0.4880000000000001,0.5247176342749098,5.8,5.6,4.4,4.2
rf_full,signo_zodiacal_piscis,224,0.5,0.52,0.530952380952381,0.48,0.500816211652125,0.5130000000000001,0.5493033443165023,4.8,4.4,5.6,5.2
rf_full,signo_zodiacal_piscis,225,0.5,0.51,0.5194949494949495,0.44000000000000006,0.46345295055821367,0.47400000000000003,0.5532588559531284,4.4,4.2,5.8,5.6
rf_full,signo_zodiacal_piscis,226,0.5,0.55,0.5576923076923077,0.5800000000000001,0.558102766798419,0.546,0.5935396760102642,5.8,4.8,5.2,4.2
rf_full,signo_zodiacal_piscis,227,0.5,0.52,0.5063131313131313,0.48,0.48741171109592163,0.45999999999999996,0.5373401521079539,4.8,4.4,5.6,5.2
rf_full,signo_zodiacal_piscis,228,0.5,0.5,0.5057142857142857,0.42000000000000004,0.44900093370681604,0.488,0.5612853376413749,4.2,4.2,5.8,5.8
rf_full,signo_zodiacal_piscis,229,0.5,0.49000000000000005,0.49904761904761896,0.45999999999999996,0.47483065953654185,0.483,0.5275129937142321,4.6,4.8,5.2,5.4
rf_full,signo_zodiacal_piscis,230,0.5,0.41000000000000003,0.4375757575757576,0.42000000000000004,0.42069264069264073,0.43499999999999994,0.5461256280699005,4.2,6.0,4.0,5.8
rf_full,signo_zodiacal_piscis,231,0.5,0.53,0.53,0.48,0.4922222222222222,0.573,0.5718697109563983,4.8,4.2,5.8,5.2
rf_full,signo_zodiacal_piscis,232,0.5,0.44000000000000006,0.47658730158730156,0.32,0.3701164676396874,0.446,0.5452210917737234,3.2,4.4,5.6,6.8
rf_full,signo_zodiacal_piscis,233,0.5,0.4600000000000001,0.4549567099567099,0.44000000000000006,0.44340208810797044,0.40099999999999997,0.4851773547230203,4.4,5.2,4.8,5.6
rf_full,signo_zodiacal_piscis,234,0.5,0.55,0.5589321789321788,0.5399999999999999,0.5448626914880785,0.612,0.6501233760219829,5.4,4.4,5.6,4.6
rf_full,signo_zodiacal_piscis,235,0.5,0.5800000000000001,0.5683333333333334,0.5599999999999999,0.5459307359307359,0.5839999999999999,0.6496693567870038,5.6,4.0,6.0,4.4
rf_full,signo_zodiacal_piscis,236,0.5,0.5599999999999999,0.5529137529137529,0.54,0.5331357048748353,0.5770000000000002,0.5930246964937368,5.4,4.2,5.8,4.6
rf_full,signo_zodiacal_piscis,237,0.5,0.47000000000000003,0.48210317460317464,0.54,0.500791722896986,0.446,0.5470970443385303,5.4,6.0,4.0,4.6
rf_full,signo_zodiacal_piscis,238,0.5,0.49000000000000005,0.48913308913308917,0.44000000000000006,0.4579769970535888,0.525,0.555936136361059,4.4,4.6,5.4,5.6
rf_full,signo_zodiacal_piscis,239,0.5,0.58,0.5940836940836941,0.52,0.5519288417121235,0.628,0.6835801406196143,5.2,3.6,6.4,4.8
rf_full,signo_zodiacal_piscis,240,0.5,0.4600000000000001,0.45242424242424245,0.39999999999999997,0.4135281385281385,0.475,0.5297229900302656,4.0,4.8,5.2,6.0
rf_full,signo_zodiacal_piscis,241,0.5,0.52,0.517979797979798,0.52,0.5184962406015037,0.509,0.5657900689781494,5.2,4.8,5.2,4.8
rf_full,signo_zodiacal_piscis,242,0.5,0.4699999999999999,0.467012987012987,0.44000000000000006,0.4418232747644512,0.4880000000000001,0.5352658889098517,4.4,5.0,5.0,5.6
rf_full,signo_zodiacal_piscis,243,0.5,0.5800000000000001,0.6054700854700855,0.5599999999999999,0.5599893013165324,0.5599999999999999,0.6185536418346015,5.6,4.0,6.0,4.4
rf_full,signo_zodiacal_piscis,244,0.5,0.47000000000000003,0.48202630702630705,0.42000000000000004,0.4383114115211302,0.46299999999999997,0.556632970572599,4.2,4.8,5.2,5.8
rf_full,signo_zodiacal_piscis,245,0.5,0.38,0.3942368742368742,0.34,0.3535618399637783,0.286,0.41747051581029904,3.4,5.8,4.2,6.6
rf_full,signo_zodiacal_piscis,246,0.5,0.5900000000000001,0.6253968253968253,0.5599999999999999,0.5691243946971501,0.5959999999999999,0.6294629902261482,5.6,3.8,6.2,4.4
rf_full,signo_zodiacal_piscis,247,0.5,0.5700000000000001,0.5767460317460318,0.5599999999999999,0.5569686962504299,0.5800000000000001,0.5860879382055852,5.6,4.2,5.8,4.4
rf_full,signo_zodiacal_piscis,248,0.5,0.5700000000000001,0.5657575757575757,0.5799999999999998,0.5704473304473304,0.631,0.6718724957533007,5.8,4.4,5.6,4.2
rf_full,signo_zodiacal_piscis,249,0.5,0.5299999999999999,0.5551515151515151,0.48,0.49201465201465205,0.534,0.6085140147949745,4.8,4.2,5.8,5.2
rf_full,signo_zodiacal_piscis,250,0.5,0.5599999999999999,0.5597402597402598,0.5199999999999999,0.5310224089635854,0.538,0.6222020012151591,5.2,4.0,6.0,4.8
rf_full,signo_zodiacal_piscis,251,0.5,0.45,0.44333333333333336,0.5199999999999999,0.4710909090909091,0.43499999999999994,0.49934094663506423,5.2,6.2,3.8,4.8
rf_full,signo_zodiacal_piscis,252,0.5,0.52,0.5073809523809524,0.45999999999999996,0.47139631610219845,0.5050000000000001,0.5491870978179028,4.6,4.2,5.8,5.4
rf_full,signo_zodiacal_piscis,253,0.5,0.4600000000000001,0.41719548425430786,0.44000000000000006,0.4101629072681704,0.47400000000000003,0.57645821052013,4.4,5.2,4.8,5.6
rf_full,signo_zodiacal_piscis,254,0.5,0.5,0.5027777777777778,0.45999999999999996,0.47953216374269003,0.488,0.5630894214144988,4.6,4.6,5.4,5.4
rf_full,signo_zodiacal_piscis,255,0.5,0.43,0.4368253968253968,0.4,0.40769349845201236,0.4050000000000001,0.5225060152266034,4.0,5.4,4.6,6.0
rf_full,signo_zodiacal_piscis,256,0.5,0.56,0.5631746031746032,0.5,0.527217062263502,0.5690000000000001,0.6360219143601495,5.0,3.8,6.2,5.0
rf_full,signo_zodiacal_piscis,257,0.5,0.48999999999999994,0.4888888888888888,0.52,0.5023923444976076,0.5449999999999999,0.6122365134865135,5.2,5.4,4.6,4.8
rf_full,signo_zodiacal_piscis,258,0.5,0.58,0.5783416583416583,0.6,0.5834758251126537,0.624,0.646792945186908,6.0,4.4,5.6,4.0
rf_full,signo_zodiacal_piscis,259,0.5,0.4000000000000001,0.37316017316017314,0.31999999999999995,0.33907563025210086,0.35,0.44167278266968674,3.2,5.2,4.8,6.8
rf_full,signo_zodiacal_piscis,260,0.5,0.56,0.559965034965035,0.5599999999999999,0.5502744839701361,0.61,0.6492611246682455,5.6,4.4,5.6,4.4
rf_full,signo_zodiacal_piscis,261,0.5,0.4800000000000001,0.4801948051948052,0.45999999999999996,0.46157796451914096,0.442,0.5214830539257783,4.6,5.0,5.0,5.4
rf_full,signo_zodiacal_piscis,262,0.5,0.51,0.5092241092241092,0.48,0.48576171887519315,0.554,0.5742408218716267,4.8,4.6,5.4,5.2
rf_full,signo_zodiacal_piscis,263,0.5,0.49000000000000005,0.49480519480519475,0.6,0.5403726708074534,0.43400000000000005,0.4891107220093288,6.0,6.2,3.8,4.0
rf_full,signo_zodiacal_piscis,264,0.5,0.52,0.5181818181818182,0.52,0.5180451127819549,0.523,0.5604132882940933,5.2,4.8,5.2,4.8
rf_full,signo_zodiacal_piscis,265,0.5,0.4600000000000001,0.4522222222222222,0.42000000000000004,0.4264327485380116,0.43200000000000005,0.5336151897637966,4.2,5.0,5.0,5.8
rf_full,signo_zodiacal_piscis,266,0.5,0.45,0.443014763014763,0.44000000000000006,0.43236787621226974,0.45599999999999996,0.5146055611055611,4.4,5.4,4.6,5.6
rf_full,signo_zodiacal_piscis,267,0.5,0.5,0.5088383838383839,0.48,0.49256474519632415,0.5289999999999999,0.6050836489791598,4.8,4.8,5.2,5.2
rf_full,signo_zodiacal_piscis,268,0.5,0.6,0.610934065934066,0.5599999999999999,0.5767774936061382,0.615,0.6829218743073231,5.6,3.6,6.4,4.4
rf_full,signo_zodiacal_piscis,269,0.5,0.45,0.4519230769230769,0.5599999999999999,0.49336677814938684,0.44299999999999995,0.5339699210318406,5.6,6.6,3.4,4.4
rf_full,signo_zodiacal_piscis,270,0.5,0.52,0.525,0.5,0.5096757044125465,0.5369999999999999,0.6202067654567655,5.0,4.6,5.4,5.0
rf_full,signo_zodiacal_piscis,271,0.5,0.45,0.45020202020202016,0.44000000000000006,0.43651856915014803,0.433,0.5395767200635622,4.4,5.4,4.6,5.6
rf_full,signo_zodiacal_piscis,272,0.5,0.39,0.3873809523809523,0.4,0.3898245614035088,0.421,0.5233093018093018,4.0,6.2,3.8,6.0
rf_full,signo_zodiacal_piscis,273,0.5,0.4800000000000001,0.475,0.4,0.43391812865497076,0.513,0.5684201894596631,4.0,4.4,5.6,6.0
rf_full,signo_zodiacal_piscis,274,0.5,0.5000000000000001,0.49632034632034633,0.5199999999999999,0.5043544690603514,0.499,0.5210176404263092,5.2,5.2,4.8,4.8
rf_full,signo_zodiacal_piscis,275,0.5,0.49000000000000005,0.4927272727272728,0.4999999999999999,0.49475506949191156,0.534,0.6039383302456057,5.0,5.2,4.8,5.0
rf_full,signo_zodiacal_piscis,276,0.5,0.6,0.6118686868686869,0.56,0.5761145287461076,0.641,0.6682728911095784,5.6,3.6,6.4,4.4
rf_full,signo_zodiacal_piscis,277,0.5,0.48,0.49343101343101337,0.5,0.48450038138825324,0.4779999999999999,0.5306116769367544,5.0,5.4,4.6,5.0
rf_full,signo_zodiacal_piscis,278,0.5,0.48999999999999994,0.4888888888888888,0.54,0.5070175438596491,0.46799999999999997,0.5367921046961295,5.4,5.6,4.4,4.6
rf_full,signo_zodiacal_piscis,279,0.5,0.42000000000000004,0.42698412698412697,0.42000000000000004,0.414792663476874,0.40099999999999997,0.5077569950689146,4.2,5.8,4.2,5.8
rf_full,signo_zodiacal_piscis,280,0.5,0.54,0.5281518481518482,0.54,0.5184654731457801,0.563,0.5874413696898217,5.4,4.6,5.4,4.6
rf_full,signo_zodiacal_piscis,281,0.5,0.48,0.4038961038961039,0.44000000000000006,0.4158263305322129,0.5239999999999999,0.5533657063610624,4.4,4.8,5.2,5.6
rf_full,signo_zodiacal_piscis,282,0.5,0.49000000000000005,0.487086247086247,0.54,0.51017841045301,0.542,0.5713508719522651,5.4,5.6,4.4,4.6
rf_full,signo_zodiacal_piscis,283,0.5,0.56,0.5530891330891331,0.56,0.53747847880571,0.49399999999999994,0.6055032863593235,5.6,4.4,5.6,4.4
rf_full,signo_zodiacal_piscis,284,0.5,0.4800000000000001,0.48404040404040405,0.48,0.4810025062656641,0.43599999999999994,0.5188281261222437,4.8,5.2,4.8,5.2
rf_full,signo_zodiacal_piscis,285,0.5,0.45999999999999996,0.4628754578754579,0.39999999999999997,0.42218527990906507,0.44300000000000006,0.5253641385274512,4.0,4.8,5.2,6.0
rf_full,signo_zodiacal_piscis,286,0.5,0.53,0.5238539238539237,0.5599999999999999,0.5392829900839053,0.52,0.569902854455486,5.6,5.0,5.0,4.4
rf_full,signo_zodiacal_piscis,287,0.5,0.5399999999999999,0.5361111111111112,0.5,0.514407230196704,0.576,0.613990630284748,5.0,4.2,5.8,5.0
rf_full,signo_zodiacal_piscis,288,0.5,0.6200000000000001,0.6174747474747474,0.6599999999999999,0.6302155388471177,0.675,0.686119497719343,6.6,4.2,5.8,3.4
rf_full,signo_zodiacal_piscis,289,0.5,0.54,0.5256166056166056,0.5,0.5055700632655808,0.5950000000000001,0.5736436047612519,5.0,4.2,5.8,5.0
rf_full,signo_zodiacal_piscis,290,0.5,0.45,0.4441558441558442,0.33999999999999997,0.38125583566760035,0.4699999999999999,0.5795563482784845,3.4,4.4,5.6,6.6
rf_full,signo_zodiacal_piscis,291,0.5,0.4699999999999999,0.4726190476190476,0.36,0.39772515066632713,0.45199999999999996,0.5098088871912401,3.6,4.2,5.8,6.4
rf_full,signo_zodiacal_piscis,292,0.5,0.5399999999999999,0.5633838383838384,0.45999999999999996,0.49097744360902257,0.5229999999999999,0.5694487342722636,4.6,3.8,6.2,5.4
rf_full,signo_zodiacal_piscis,293,0.5,0.4600000000000001,0.4674145299145299,0.5399999999999999,0.4934399442408596,0.409,0.5508202384131177,5.4,6.2,3.8,4.6
rf_full,signo_zodiacal_piscis,294,0.5,0.42000000000000004,0.3895238095238095,0.34,0.3567379679144385,0.36,0.48704625070491936,3.4,5.0,5.0,6.6
rf_full,signo_zodiacal_piscis,295,0.5,0.61,0.6165811965811965,0.58,0.5904233409610985,0.661,0.6684813309325695,5.8,3.6,6.4,4.2
rf_full,signo_zodiacal_piscis,296,0.5,0.52,0.5726495726495726,0.52,0.5339192843769502,0.499,0.5926582035095966,5.2,4.8,5.2,4.8
rf_full,signo_zodiacal_piscis,297,0.5,0.4,0.40646464646464653,0.4,0.40106478317004635,0.41500000000000004,0.5619404086625449,4.0,6.0,4.0,6.0
rf_full,signo_zodiacal_piscis,298,0.5,0.38,0.376984126984127,0.4,0.38423710792131843,0.403,0.5060936004140337,4.0,6.4,3.6,6.0
rf_full,signo_zodiacal_piscis,299,0.5,0.45,0.41904761904761906,0.45999999999999996,0.43043672014260254,0.47400000000000003,0.5078296688691426,4.6,5.6,4.4,5.4
rf_full,signo_zodiacal_piscis,300,0.5,0.61,0.6291666666666667,0.64,0.6170500552079499,0.607,0.599015340868282,6.4,4.2,5.8,3.6
rf_full,signo_zodiacal_piscis,301,0.5,0.44000000000000006,0.428051948051948,0.4800000000000001,0.4480544945250828,0.372,0.4698945313372557,4.8,6.0,4.0,5.2
rf_full,signo_zodiacal_piscis,302,0.5,0.43,0.4416161616161617,0.45999999999999996,0.4458746867167919,0.44000000000000006,0.5293963258963259,4.6,6.0,4.0,5.4
rf_full,signo_zodiacal_piscis,303,0.5,0.55,0.5076190476190476,0.5800000000000001,0.5345454545454544,0.542,0.5918440258571838,5.8,4.8,5.2,4.2
rf_full,signo_zodiacal_piscis,304,0.5,0.43,0.4242424242424242,0.42000000000000004,0.4215538847117794,0.41600000000000004,0.5202023336140983,4.2,5.6,4.4,5.8
rf_full,signo_zodiacal_piscis,305,0.5,0.51,0.5156410256410257,0.6,0.5495727064697317,0.551,0.5960206357969516,6.0,5.8,4.2,4.0
rf_full,signo_zodiacal_piscis,306,0.5,0.43,0.4322222222222223,0.42000000000000004,0.4240085061137693,0.437,0.5366942604179445,4.2,5.6,4.4,5.8
rf_full,signo_zodiacal_piscis,307,0.5,0.5599999999999999,0.5695238095238095,0.5599999999999999,0.5551207430340558,0.544,0.608319558494481,5.6,4.4,5.6,4.4
rf_full,signo_zodiacal_piscis,308,0.5,0.43,0.4333333333333334,0.3,0.3442185007974482,0.38099999999999995,0.4788251585016291,3.0,4.4,5.6,7.0
rf_full,signo_zodiacal_piscis,309,0.5,0.42000000000000004,0.3815873015873016,0.3,0.32624910693022147,0.41500000000000004,0.4967411863162637,3.0,4.6,5.4,7.0
rf_full,signo_zodiacal_piscis,310,0.5,0.47000000000000003,0.4707070707070707,0.52,0.4866525287577919,0.472,0.5572913205645403,5.2,5.8,4.2,4.8
rf_full,signo_zodiacal_piscis,311,0.5,0.5399999999999999,0.5397435897435897,0.54,0.529561056792178,0.5700000000000001,0.5974241864946199,5.4,4.6,5.4,4.6
rf_full,signo_zodiacal_piscis,312,0.5,0.43999999999999995,0.4523809523809524,0.42000000000000004,0.42272727272727273,0.381,0.4746398524076542,4.2,5.4,4.6,5.8
rf_full,signo_zodiacal_piscis,313,0.5,0.45999999999999996,0.46071428571428574,0.4600000000000001,0.45555555555555555,0.465,0.5466078360064428,4.6,5.4,4.6,5.4
rf_full,signo_zodiacal_piscis,314,0.5,0.54,0.5472222222222222,0.44000000000000006,0.48552631578947364,0.575,0.5868528307777534,4.4,3.6,6.4,5.6
rf_full,signo_zodiacal_piscis,315,0.5,0.5199999999999999,0.530050505050505,0.6,0.5581769108084897,0.514,0.5548594748904347,6.0,5.6,4.4,4.0
rf_full,signo_zodiacal_piscis,316,0.5,0.58,0.5817832167832168,0.6,0.5871359558316079,0.594,0.6444499636070843,6.0,4.4,5.6,4.0
rf_full,signo_zodiacal_piscis,317,0.5,0.43000000000000005,0.4364801864801865,0.54,0.4816958403914926,0.40199999999999997,0.5163663312092104,5.4,6.8,3.2,4.6
rf_full,signo_zodiacal_piscis,318,0.5,0.55,0.5563131313131313,0.5599999999999999,0.5525898078529659,0.615,0.6316526284173343,5.6,4.6,5.4,4.4
rf_full,signo_zodiacal_piscis,319,0.5,0.51,0.4990476190476191,0.38,0.4164711243349014,0.466,0.5230828652771378,3.8,3.6,6.4,6.2
rf_full,signo_zodiacal_piscis,320,0.5,0.49000000000000005,0.49102564102564106,0.5599999999999999,0.5182037768994292,0.43499999999999994,0.5167342822296384,5.6,5.8,4.2,4.4
rf_full,signo_zodiacal_piscis,321,0.5,0.36,0.3688888888888889,0.38,0.37282296650717706,0.341,0.46195840107604813,3.8,6.6,3.4,6.2
rf_full,signo_zodiacal_piscis,322,0.5,0.4600000000000001,0.4416666666666666,0.42000000000000004,0.4278575225943647,0.42699999999999994,0.5024727951786775,4.2,5.0,5.0,5.8
rf_full,signo_zodiacal_piscis,323,0.5,0.43999999999999995,0.4385714285714286,0.33999999999999997,0.38156862745098036,0.469,0.5691025445143093,3.4,4.6,5.4,6.6
rf_full,signo_zodiacal_piscis,324,0.5,0.5,0.5146275946275946,0.52,0.5106851527796474,0.53,0.5723869557515069,5.2,5.2,4.8,4.8
rf_full,signo_zodiacal_piscis,325,0.5,0.5700000000000001,0.5542640692640692,0.5799999999999998,0.5585508870214753,0.587,0.5739595377962251,5.8,4.4,5.6,4.2
rf_full,signo_zodiacal_piscis,326,0.5,0.41000000000000003,0.43009768009768007,0.44000000000000006,0.42892105875010705,0.367,0.48956395771411243,4.4,6.2,3.8,5.6
rf_full,signo_zodiacal_piscis,327,0.5,0.48,0.4682828282828283,0.54,0.49232257113371664,0.45499999999999996,0.5092538197097021,5.4,5.8,4.2,4.6
rf_full,signo_zodiacal_piscis,328,0.5,0.5199999999999999,0.519047619047619,0.52,0.5155187433825205,0.49399999999999994,0.5667939462498286,5.2,4.8,5.2,4.8
rf_full,signo_zodiacal_piscis,329,0.5,0.39999999999999997,0.3712698412698413,0.33999999999999997,0.35070785251899805,0.396,0.48216106846369994,3.4,5.4,4.6,6.6
rf_full,signo_zodiacal_piscis,330,0.5,0.54,0.5321212121212121,0.5199999999999999,0.5244277360066834,0.5680000000000001,0.6528149987267635,5.2,4.4,5.6,4.8
rf_full,signo_zodiacal_piscis,331,0.5,0.55,0.543045843045843,0.64,0.5843615956888268,0.5519999999999999,0.5731195813989931,6.4,5.4,4.6,3.6
rf_full,signo_zodiacal_piscis,332,0.5,0.5599999999999999,0.5654700854700854,0.5199999999999999,0.5301601830663616,0.583,0.60313038758627,5.2,4.0,6.0,4.8
rf_full,signo_zodiacal_piscis,333,0.5,0.59,0.6005555555555555,0.54,0.5679532163742691,0.59,0.6216142703186046,5.4,3.6,6.4,4.6
rf_full,signo_zodiacal_piscis,334,0.5,0.5,0.5046153846153846,0.5,0.4925845410628019,0.53,0.5642103062056621,5.0,5.0,5.0,5.0
rf_full,signo_zodiacal_piscis,335,0.5,0.51,0.5133333333333333,0.5,0.5048803827751196,0.48600000000000004,0.5714084269703464,5.0,4.8,5.2,5.0
rf_full,signo_zodiacal_piscis,336,0.5,0.48,0.47548229548229537,0.54,0.5018916857360793,0.465,0.5478434200818102,5.4,5.8,4.2,4.6
rf_full,signo_zodiacal_piscis,337,0.5,0.45999999999999996,0.4584848484848485,0.4999999999999999,0.47774891774891765,0.48900000000000005,0.5911666213903055,5.0,5.8,4.2,5.0
rf_full,signo_zodiacal_piscis,338,0.5,0.6499999999999999,0.6661904761904761,0.6,0.6253238265002972,0.718,0.7121592596430057,6.0,3.0,7.0,4.0
rf_full,signo_zodiacal_piscis,339,0.5,0.5399999999999999,0.5407647907647907,0.52,0.5264096069049629,0.549,0.6001264091086073,5.2,4.4,5.6,4.8
rf_full,signo_zodiacal_piscis,340,0.5,0.54,0.539047619047619,0.5399999999999999,0.5350858429496201,0.512,0.5953396499441391,5.4,4.6,5.4,4.6
rf_full,signo_zodiacal_piscis,341,0.5,0.48999999999999994,0.48769230769230765,0.5599999999999999,0.5203538490495012,0.449,0.48597852878116027,5.6,5.8,4.2,4.4
rf_full,signo_zodiacal_piscis,342,0.5,0.5800000000000001,0.5903318903318903,0.5,0.527672121480171,0.709,0.6915233732555713,5.0,3.4,6.6,5.0
rf_full,signo_zodiacal_piscis,343,0.5,0.38999999999999996,0.3498834498834499,0.33999999999999997,0.33774381606189385,0.368,0.4868872336813513,3.4,5.6,4.4,6.6
rf_full,signo_zodiacal_piscis,344,0.5,0.5299999999999999,0.5272727272727271,0.54,0.5333333333333332,0.576,0.6564943112443112,5.4,4.8,5.2,4.6
rf_full,signo_zodiacal_piscis,345,0.5,0.42000000000000004,0.4303030303030303,0.42000000000000004,0.4219336219336219,0.39,0.5174199809478447,4.2,5.8,4.2,5.8
rf_full,signo_zodiacal_piscis,346,0.5,0.54,0.5439560439560439,0.5599999999999999,0.5408044640781213,0.5529999999999999,0.6167547703414578,5.6,4.8,5.2,4.4
rf_full,signo_zodiacal_piscis,347,0.5,0.45,0.4552059052059052,0.4800000000000001,0.4635191404070123,0.42399999999999993,0.517480065685948,4.8,5.8,4.2,5.2
rf_full,signo_zodiacal_piscis,348,0.5,0.54,0.5395721925133691,0.68,0.5981721981721981,0.539,0.5875188206186658,6.8,6.0,4.0,3.2
rf_full,signo_zodiacal_piscis,349,0.5,0.48,0.4684065934065934,0.45999999999999996,0.4569738303753649,0.509,0.5422642706450755,4.6,5.0,5.0,5.4
rf_full,signo_zodiacal_piscis,350,0.5,0.45999999999999996,0.48737373737373735,0.4,0.4235588972431078,0.391,0.5131882690752658,4.0,4.8,5.2,6.0
rf_full,signo_zodiacal_piscis,351,0.5,0.45,0.4522222222222222,0.48,0.46464342674868986,0.406,0.5122713151141943,4.8,5.8,4.2,5.2
rf_full,signo_zodiacal_piscis,352,0.5,0.51,0.5126984126984128,0.5,0.4983488132094943,0.524,0.6106762404262404,5.0,4.8,5.2,5.0
rf_full,signo_zodiacal_piscis,353,0.5,0.5,0.49060939060939057,0.52,0.5001948605529168,0.45499999999999996,0.5261316106494125,5.2,5.2,4.8,4.8
rf_full,signo_zodiacal_piscis,354,0.5,0.54,0.5329365079365079,0.52,0.5204553272664728,0.545,0.5674166001696961,5.2,4.4,5.6,4.8
rf_full,signo_zodiacal_piscis,355,0.5,0.41000000000000003,0.3963059163059163,0.34,0.36146100545481347,0.454,0.5154981397171798,3.4,5.2,4.8,6.6
rf_full,signo_zodiacal_piscis,356,0.5,0.37,0.3691996891996892,0.38,0.36458973520758414,0.33599999999999997,0.4548694871519949,3.8,6.4,3.6,6.2
rf_full,signo_zodiacal_piscis,357,0.5,0.56,0.5944444444444444,0.48,0.522488038277512,0.621,0.6408210010663571,4.8,3.6,6.4,5.2
rf_full,signo_zodiacal_piscis,358,0.5,0.47000000000000003,0.45714285714285713,0.38,0.4143102855177158,0.44399999999999995,0.5185288431039204,3.8,4.4,5.6,6.2
rf_full,signo_zodiacal_piscis,359,0.5,0.5599999999999999,0.5678210678210678,0.4600000000000001,0.49712516585581595,0.5960000000000001,0.6475144659262306,4.6,3.4,6.6,5.4
rf_full,signo_zodiacal_piscis,360,0.5,0.58,0.5776298701298701,0.6,0.5761085972850679,0.6210000000000001,0.6658817093639076,6.0,4.4,5.6,4.0
rf_full,signo_zodiacal_piscis,361,0.5,0.41000000000000003,0.3921428571428571,0.32,0.34872549019607846,0.368,0.4711571859513036,3.2,5.0,5.0,6.8
rf_full,signo_zodiacal_piscis,362,0.5,0.4600000000000001,0.38813131313131316,0.36,0.37243107769423556,0.43599999999999994,0.5590862393540412,3.6,4.4,5.6,6.4
rf_full,signo_zodiacal_piscis,363,0.5,0.43999999999999995,0.4333333333333333,0.4,0.4095959595959596,0.46900000000000003,0.5355243167565149,4.0,5.2,4.8,6.0
rf_full,signo_zodiacal_piscis,364,0.5,0.44000000000000006,0.4045104895104895,0.41999999999999993,0.4055486542443064,0.363,0.4843962899845253,4.2,5.4,4.6,5.8
rf_full,signo_zodiacal_piscis,365,0.5,0.53,0.5314102564102564,0.44000000000000006,0.4629399585921325,0.499,0.5688283834328727,4.4,3.8,6.2,5.6
rf_full,signo_zodiacal_piscis,366,0.5,0.49000000000000005,0.5077056277056278,0.52,0.5053763821318,0.471,0.5269263736779217,5.2,5.4,4.6,4.8
rf_full,signo_zodiacal_piscis,367,0.5,0.52,0.5040909090909091,0.4600000000000001,0.469033189033189,0.58,0.6427796735428315,4.6,4.2,5.8,5.4
rf_full,signo_zodiacal_piscis,368,0.5,0.53,0.5323121323121323,0.52,0.519964873821382,0.563,0.6076979040051796,5.2,4.6,5.4,4.8
rf_full,signo_zodiacal_piscis,369,0.5,0.5900000000000001,0.5862276612276611,0.62,0.5978536591808903,0.5900000000000001,0.6096685477405291,6.2,4.4,5.6,3.8
rf_full,signo_zodiacal_piscis,370,0.5,0.54,0.5424242424242424,0.48,0.4957241588820535,0.47700000000000004,0.5450832227627893,4.8,4.0,6.0,5.2
rf_full,signo_zodiacal_piscis,371,0.5,0.51,0.5033333333333333,0.5399999999999999,0.519954431533379,0.48299999999999993,0.5414615209352052,5.4,5.2,4.8,4.6
rf_full,signo_zodiacal_piscis,372,0.5,0.57,0.55988455988456,0.6,0.5748120300751879,0.54,0.5521562032738503,6.0,4.6,5.4,4.0
rf_full,signo_zodiacal_piscis,373,0.5,0.5700000000000001,0.5656959706959708,0.64,0.5944839701361441,0.687,0.7326385250456457,6.4,5.0,5.0,3.6
rf_full,signo_zodiacal_piscis,374,0.5,0.47000000000000003,0.45551948051948055,0.38,0.4110177404295051,0.4620000000000001,0.5149285524417103,3.8,4.4,5.6,6.2
rf_full,signo_zodiacal_piscis,375,0.5,0.45999999999999996,0.4794627594627595,0.52,0.4955530129672006,0.523,0.5863673646614822,5.2,6.0,4.0,4.8
rf_full,signo_zodiacal_piscis,376,0.5,0.54,0.5323076923076924,0.6,0.5524387351778657,0.53,0.5882018541314207,6.0,5.2,4.8,4.0
rf_full,signo_zodiacal_piscis,377,0.5,0.48999999999999994,0.5059523809523809,0.52,0.5037136066547832,0.471,0.5427078493402023,5.2,5.4,4.6,4.8
rf_full,signo_zodiacal_piscis,378,0.5,0.55,0.5442002442002443,0.5399999999999999,0.53441073815283,0.567,0.5693900904736818,5.4,4.4,5.6,4.6
rf_full,signo_zodiacal_piscis,379,0.5,0.4,0.40136752136752135,0.44000000000000006,0.4181526939879342,0.417,0.5314841137534636,4.4,6.4,3.6,5.6
rf_full,signo_zodiacal_piscis,380,0.5,0.54,0.5367521367521368,0.54,0.5328433072140166,0.4630000000000001,0.5039264691277074,5.4,4.6,5.4,4.6
rf_full,signo_zodiacal_piscis,381,0.5,0.6599999999999999,0.6571717171717171,0.66,0.6572932330827067,0.675,0.6982304368318301,6.6,3.4,6.6,3.4
rf_full,signo_zodiacal_piscis,382,0.5,0.39,0.38853923853923855,0.38,0.38069085757872945,0.37,0.4799006640933886,3.8,6.0,4.0,6.2
rf_full,signo_zodiacal_piscis,383,0.5,0.5599999999999999,0.5920634920634921,0.44000000000000006,0.49938080495356035,0.595,0.6014807382160323,4.4,3.2,6.8,5.6
rf_full,signo_zodiacal_piscis,384,0.5,0.45,0.4432900432900433,0.44000000000000006,0.43807513435996415,0.449,0.5367596359608744,4.4,5.4,4.6,5.6
rf_full,signo_zodiacal_piscis,385,0.5,0.38,0.38494949494949493,0.4,0.39131009341535655,0.32199999999999995,0.44615047474025804,4.0,6.4,3.6,6.0
rf_full,signo_zodiacal_piscis,386,0.5,0.5800000000000001,0.583003663003663,0.6,0.5839116974020729,0.635,0.6999885279838839,6.0,4.4,5.6,4.0
rf_full,signo_zodiacal_piscis,387,0.5,0.47000000000000003,0.4533333333333333,0.4800000000000001,0.44641025641025645,0.497,0.559229483536759,4.8,5.4,4.6,5.2
rf_full,signo_zodiacal_piscis,388,0.5,0.54,0.5476190476190477,0.44000000000000006,0.4849071207430341,0.537,0.5778545512794737,4.4,3.6,6.4,5.6
rf_full,signo_zodiacal_piscis,389,0.5,0.52,0.5307463778052013,0.58,0.5365260978533289,0.5410000000000001,0.625741127121932,5.8,5.4,4.6,4.2
rf_full,signo_zodiacal_piscis,390,0.5,0.55,0.54,0.45999999999999996,0.4883333333333333,0.591,0.6423734321234321,4.6,3.6,6.4,5.4
rf_full,signo_zodiacal_piscis,391,0.5,0.48,0.48,0.45999999999999996,0.4668686868686868,0.4370000000000001,0.5325296555869312,4.6,5.0,5.0,5.4
rf_full,signo_zodiacal_piscis,392,0.5,0.53,0.5376623376623377,0.5000000000000001,0.5082485625829278,0.497,0.5712644393789905,5.0,4.4,5.6,5.0
rf_full,signo_zodiacal_piscis,393,0.5,0.47000000000000003,0.47070707070707074,0.44000000000000006,0.45246449456975774,0.458,0.5713540379469172,4.4,5.0,5.0,5.6
rf_full,signo_zodiacal_piscis,394,0.5,0.36,0.34805194805194806,0.31999999999999995,0.3301757066462949,0.32999999999999996,0.44993999791058614,3.2,6.0,4.0,6.8
rf_full,signo_zodiacal_piscis,395,0.5,0.43,0.4176373626373627,0.36,0.3775447570332481,0.36900000000000005,0.45734147448698526,3.6,5.0,5.0,6.4
rf_full,signo_zodiacal_piscis,396,0.5,0.54,0.5428571428571429,0.58,0.5490065359477125,0.579,0.630892512887869,5.8,5.0,5.0,4.2
rf_full,signo_zodiacal_piscis,397,0.5,0.48999999999999994,0.4879365079365079,0.45999999999999996,0.47020546017450043,0.521,0.5818768900518126,4.6,4.8,5.2,5.4
rf_full,signo_zodiacal_piscis,398,0.5,0.51,0.5032356532356532,0.54,0.5149818279714632,0.48,0.5509563971460256,5.4,5.2,4.8,4.6
rf_full,signo_zodiacal_piscis,399,0.5,0.45,0.43888888888888894,0.41999999999999993,0.42865497076023396,0.4,0.4913358906315562,4.2,5.2,4.8,5.8
rf_full,signo_zodiacal_piscis,400,0.5,0.5299999999999999,0.5199145299145298,0.5599999999999999,0.5363802787601414,0.558,0.6165798070178875,5.6,5.0,5.0,4.4
rf_full,signo_zodiacal_piscis,401,0.5,0.5599999999999999,0.5702020202020203,0.52,0.5369731146046935,0.532,0.5958076643858377,5.2,4.0,6.0,4.8
rf_full,signo_zodiacal_piscis,402,0.5,0.47000000000000003,0.47249427043544684,0.5,0.47358854652972304,0.43200000000000005,0.48842197877801585,5.0,5.6,4.4,5.0
rf_full,signo_zodiacal_piscis,403,0.5,0.5,0.49722222222222223,0.48,0.48628389154704943,0.558,0.5925718699085571,4.8,4.8,5.2,5.2
rf_full,signo_zodiacal_piscis,404,0.5,0.52,0.5128282828282829,0.52,0.5137054758107389,0.519,0.589642845286808,5.2,4.8,5.2,4.8
rf_full,signo_zodiacal_piscis,405,0.5,0.54,0.5403846153846155,0.56,0.5434782608695652,0.596,0.610264399601087,5.6,4.8,5.2,4.4
rf_full,signo_zodiacal_piscis,406,0.5,0.36000000000000004,0.35404761904761906,0.42000000000000004,0.38222222222222224,0.343,0.4940047409590753,4.2,7.0,3.0,5.8
rf_full,signo_zodiacal_piscis,407,0.5,0.47000000000000003,0.4766233766233766,0.5800000000000001,0.520995670995671,0.409,0.47303147445949306,5.8,6.4,3.6,4.2
rf_full,signo_zodiacal_piscis,408,0.5,0.5800000000000001,0.5722222222222222,0.5,0.5216783216783216,0.5800000000000001,0.6453746939335174,5.0,3.4,6.6,5.0
rf_full,signo_zodiacal_piscis,409,0.5,0.36,0.3388888888888889,0.30000000000000004,0.3175438596491228,0.33599999999999997,0.44799625477721444,3.0,5.8,4.2,7.0
rf_full,signo_zodiacal_piscis,410,0.5,0.5599999999999999,0.5588888888888889,0.5599999999999999,0.5577990430622008,0.541,0.5579145931467913,5.6,4.4,5.6,4.4
rf_full,signo_zodiacal_piscis,411,0.5,0.58,0.563986013986014,0.6,0.5730048936570676,0.5209999999999999,0.5497639659961641,6.0,4.4,5.6,4.0
rf_full,signo_zodiacal_piscis,412,0.5,0.48,0.46918803418803423,0.48,0.4710602593440122,0.507,0.5804769854328677,4.8,5.2,4.8,5.2
rf_full,signo_zodiacal_piscis,413,0.5,0.5599999999999999,0.6024242424242424,0.5399999999999999,0.5512857142857144,0.577,0.6420564398621675,5.4,4.2,5.8,4.6
rf_full,signo_zodiacal_piscis,414,0.5,0.53,0.5363059163059163,0.48,0.5035077890805445,0.5399999999999999,0.5911501199179218,4.8,4.2,5.8,5.2
rf_full,signo_zodiacal_piscis,415,0.5,0.4600000000000001,0.46913308913308915,0.5,0.47849987287058227,0.41500000000000004,0.4941401011269432,5.0,5.8,4.2,5.0
rf_full,signo_zodiacal_piscis,416,0.5,0.45,0.44333333333333336,0.4,0.40247619047619054,0.466,0.514698717519151,4.0,5.0,5.0,6.0
rf_full,signo_zodiacal_piscis,417,0.5,0.37,0.3627272727272727,0.38,0.3661904761904762,0.32599999999999996,0.4692050378242329,3.8,6.4,3.6,6.2
rf_full,signo_zodiacal_piscis,418,0.5,0.55,0.546961371961372,0.5599999999999999,0.5466532330982459,0.562,0.6024861147624305,5.6,4.6,5.4,4.4
rf_full,signo_zodiacal_piscis,419,0.5,0.38,0.35423076923076924,0.36,0.34654244306418214,0.365,0.4568909064791417,3.6,6.0,4.0,6.4
rf_full,signo_zodiacal_piscis,420,0.5,0.47000000000000003,0.4553535353535353,0.42000000000000004,0.41916791979949874,0.488,0.5946774789537947,4.2,4.8,5.2,5.8
rf_full,signo_zodiacal_piscis,421,0.5,0.5399999999999999,0.5316666666666666,0.5199999999999999,0.5228282828282829,0.573,0.5836541410086302,5.2,4.4,5.6,4.8
rf_full,signo_zodiacal_piscis,422,0.5,0.45999999999999996,0.51,0.38,0.4184415584415584,0.42400000000000004,0.5045789221098819,3.8,4.6,5.4,6.2
rf_full,signo_zodiacal_piscis,423,0.5,0.45999999999999996,0.44131313131313127,0.43999999999999995,0.43576896787423103,0.458,0.5539477389655407,4.4,5.2,4.8,5.6
rf_full,signo_zodiacal_piscis,424,0.5,0.51,0.5166666666666667,0.5,0.5055821371610845,0.532,0.606421568627451,5.0,4.8,5.2,5.0
rf_full,signo_zodiacal_piscis,425,0.5,0.5000000000000001,0.5043217893217893,0.5,0.4917623470440808,0.46699999999999997,0.5718989995212904,5.0,5.0,5.0,5.0
rf_full,signo_zodiacal_piscis,426,0.5,0.47000000000000003,0.4492063492063492,0.5,0.46547987616099074,0.497,0.5562524152833751,5.0,5.6,4.4,5.0
rf_full,signo_zodiacal_piscis,427,0.5,0.4600000000000001,0.4432539682539683,0.36,0.39676642586859306,0.466,0.5622969922234627,3.6,4.4,5.6,6.4
rf_full,signo_zodiacal_piscis,428,0.5,0.6599999999999999,0.693076923076923,0.62,0.6437795575896261,0.6679999999999999,0.67362468843506,6.2,3.0,7.0,3.8
rf_full,signo_zodiacal_piscis,429,0.5,0.55,0.5827777777777777,0.48,0.5213742690058479,0.5439999999999999,0.6189170531051336,4.8,3.8,6.2,5.2
rf_full,signo_zodiacal_piscis,430,0.5,0.66,0.6955555555555555,0.62,0.6420350877192982,0.688,0.6947565665328822,6.2,3.0,7.0,3.8
rf_full,signo_zodiacal_piscis,431,0.5,0.39,0.3546453546453546,0.34,0.34076239191328705,0.3449999999999999,0.4776587979444017,3.4,5.6,4.4,6.6
rf_full,signo_zodiacal_piscis,432,0.5,0.49000000000000005,0.4919347319347319,0.6,0.5385010351966873,0.47300000000000003,0.5346721607425942,6.0,6.2,3.8,4.0
rf_full,signo_zodiacal_piscis,433,0.5,0.5599999999999999,0.5566666666666666,0.5599999999999999,0.5567464114832535,0.605,0.6440537948463645,5.6,4.4,5.6,4.4
rf_full,signo_zodiacal_piscis,434,0.5,0.45,0.4492424242424242,0.42000000000000004,0.4305916305916305,0.425,0.516961812095713,4.2,5.2,4.8,5.8
rf_full,signo_zodiacal_piscis,435,0.5,0.55,0.5533333333333333,0.47999999999999987,0.5107894736842105,0.579,0.6242504629873051,4.8,3.8,6.2,5.2
rf_full,signo_zodiacal_piscis,436,0.5,0.47000000000000003,0.44000000000000006,0.32,0.36614035087719293,0.477,0.5393656272348223,3.2,3.8,6.2,6.8
rf_full,signo_zodiacal_piscis,437,0.5,0.6199999999999999,0.6141880341880341,0.64,0.6243935926773455,0.6389999999999999,0.6486233472409942,6.4,4.0,6.0,3.6
rf_full,signo_zodiacal_piscis,438,0.5,0.41000000000000003,0.403030303030303,0.42000000000000004,0.4067099567099567,0.376,0.45824092410857126,4.2,6.0,4.0,5.8
rf_full,signo_zodiacal_piscis,439,0.5,0.5800000000000001,0.5920634920634921,0.54,0.5611032929918378,0.619,0.6487649833826303,5.4,3.8,6.2,4.6
rf_full,signo_zodiacal_piscis,440,0.5,0.55,0.5522727272727272,0.6399999999999999,0.5785714285714285,0.542,0.6189326502530836,6.4,5.4,4.6,3.6
rf_full,signo_zodiacal_piscis,441,0.5,0.5900000000000001,0.5811111111111111,0.54,0.5536054038840417,0.6210000000000001,0.6232278815955287,5.4,3.6,6.4,4.6
rf_full,signo_zodiacal_piscis,442,0.5,0.54,0.5759090909090909,0.45999999999999996,0.5019047619047619,0.47800000000000004,0.5296018872768099,4.6,3.8,6.2,5.4
rf_full,signo_zodiacal_piscis,443,0.5,0.45999999999999996,0.4594516594516594,0.5,0.47593984962406016,0.48600000000000004,0.5560299237226481,5.0,5.8,4.2,5.0
rf_full,signo_zodiacal_piscis,444,0.5,0.4800000000000001,0.4732142857142857,0.43999999999999995,0.4405027652086476,0.48,0.5606452903821324,4.4,4.8,5.2,5.6
rf_full,signo_zodiacal_piscis,445,0.5,0.5,0.49452380952380953,0.36,0.40841628959276016,0.477,0.5259482255790304,3.6,3.6,6.4,6.4
rf_full,signo_zodiacal_piscis,446,0.5,0.52,0.515,0.6000000000000001,0.5467400318979266,0.5109999999999999,0.5486686044433722,6.0,5.6,4.4,4.0
rf_full,signo_zodiacal_piscis,447,0.5,0.56,0.5408424908424909,0.5599999999999999,0.5438563859078059,0.533,0.5894222511234896,5.6,4.4,5.6,4.4
rf_full,signo_zodiacal_piscis,448,0.5,0.6100000000000001,0.6146969696969696,0.5800000000000001,0.5841847041847041,0.6769999999999999,0.682164204045009,5.8,3.6,6.4,4.2
rf_full,signo_zodiacal_piscis,449,0.5,0.4600000000000001,0.44936507936507936,0.44000000000000006,0.4421784407542922,0.49399999999999994,0.553182695357618,4.4,5.2,4.8,5.6
rf_full,signo_zodiacal_piscis,450,0.5,0.4,0.375,0.42000000000000004,0.39275362318840584,0.372,0.5002531939165066,4.2,6.2,3.8,5.8
rf_full,signo_zodiacal_piscis,451,0.5,0.47000000000000003,0.45999999999999996,0.5,0.47301247771836,0.526,0.6147218239277062,5.0,5.6,4.4,5.0
rf_full,signo_zodiacal_piscis,452,0.5,0.5,0.49642857142857144,0.45999999999999996,0.47046939988116454,0.46099999999999997,0.5377952684570331,4.6,4.6,5.4,5.4
rf_full,signo_zodiacal_piscis,453,0.5,0.47000000000000003,0.47630147630147635,0.54,0.504086302713305,0.48200000000000004,0.5330549897299123,5.4,6.0,4.0,4.6
rf_full,signo_zodiacal_piscis,454,0.5,0.48,0.4788156288156288,0.5199999999999999,0.48780077664517024,0.43099999999999994,0.5075383983062002,5.2,5.6,4.4,4.8
rf_full,signo_zodiacal_piscis,455,0.5,0.55,0.5460606060606061,0.6,0.5665062656641604,0.569,0.600162967751203,6.0,5.0,5.0,4.0
rf_full,signo_zodiacal_piscis,456,0.5,0.45,0.425,0.36,0.3833599149388623,0.414,0.48753130409322354,3.6,4.6,5.4,6.4
rf_full,signo_zodiacal_piscis,457,0.5,0.48,0.46571428571428575,0.44000000000000006,0.44210338680926914,0.49800000000000005,0.5362335774820295,4.4,4.8,5.2,5.6
rf_full,signo_zodiacal_piscis,458,0.5,0.48999999999999994,0.4916666666666667,0.48,0.48389154704944176,0.5029999999999999,0.5715092885270904,4.8,5.0,5.0,5.2
rf_full,signo_zodiacal_piscis,459,0.5,0.5199999999999999,0.5015151515151515,0.54,0.5184704184704184,0.5329999999999999,0.610929377210337,5.4,5.0,5.0,4.6
rf_full,signo_zodiacal_piscis,460,0.5,0.43,0.4288888888888889,0.42000000000000004,0.4242105263157895,0.422,0.5314158825350775,4.2,5.6,4.4,5.8
rf_full,signo_zodiacal_piscis,461,0.5,0.43999999999999995,0.3726190476190476,0.32,0.34058229352346997,0.44399999999999995,0.5105172584553389,3.2,4.4,5.6,6.8
rf_full,signo_zodiacal_piscis,462,0.5,0.58,0.6022727272727273,0.5,0.5221445221445221,0.5850000000000001,0.6015313085607203,5.0,3.4,6.6,5.0
rf_full,signo_zodiacal_piscis,463,0.5,0.55,0.5613059163059162,0.52,0.5249456975772766,0.5589999999999999,0.592444590926789,5.2,4.2,5.8,4.8
rf_full,signo_zodiacal_piscis,464,0.5,0.45,0.484065934065934,0.45999999999999996,0.46473429951690814,0.41,0.5547686435511513,4.6,5.6,4.4,5.4
rf_full,signo_zodiacal_piscis,465,0.5,0.5,0.4702020202020202,0.5,0.48091250854408746,0.499,0.559741184254342,5.0,5.0,5.0,5.0
rf_full,signo_zodiacal_piscis,466,0.5,0.51,0.5055555555555556,0.42000000000000004,0.45163476874003183,0.4739999999999999,0.5591175405262092,4.2,4.0,6.0,5.8
rf_full,signo_zodiacal_piscis,467,0.5,0.4000000000000001,0.3952131202131202,0.38,0.3826074136748521,0.371,0.4672863458351074,3.8,5.8,4.2,6.2
rf_full,signo_zodiacal_piscis,468,0.5,0.41,0.4197402597402597,0.4,0.4064985994397759,0.41600000000000004,0.4882507692685712,4.0,5.8,4.2,6.0
rf_full,signo_zodiacal_piscis,469,0.5,0.42000000000000004,0.3979220779220779,0.38,0.38554621848739495,0.38000000000000006,0.4844131955076227,3.8,5.4,4.6,6.2
rf_full,signo_zodiacal_piscis,470,0.5,0.5,0.5072727272727272,0.58,0.5348888888888889,0.506,0.5537855277677259,5.8,5.8,4.2,4.2
rf_full,signo_zodiacal_piscis,471,0.5,0.45,0.5333333333333333,0.34,0.3626794258373206,0.44800000000000006,0.5386260688056353,3.4,4.4,5.6,6.6
rf_full,signo_zodiacal_piscis,472,0.5,0.39,0.3882051282051282,0.39999999999999997,0.3851207729468599,0.302,0.4388044013090453,4.0,6.2,3.8,6.0
rf_full,signo_zodiacal_piscis,473,0.5,0.5199999999999999,0.5257142857142856,0.38,0.4352941176470589,0.5349999999999999,0.5276065576150716,3.8,3.4,6.6,6.2
rf_full,signo_zodiacal_piscis,474,0.5,0.68,0.6811111111111111,0.7,0.687464114832536,0.7500000000000001,0.7907247882836119,7.0,3.4,6.6,3.0
rf_full,signo_zodiacal_piscis,475,0.5,0.53,0.5257142857142857,0.5,0.5022549019607843,0.518,0.541750738425661,5.0,4.4,5.6,5.0
rf_full,signo_zodiacal_piscis,476,0.5,0.44000000000000006,0.4319230769230769,0.38,0.3958454106280193,0.4109999999999999,0.49205125473082134,3.8,5.0,5.0,6.2
rf_full,signo_zodiacal_piscis,477,0.5,0.45,0.41090909090909084,0.42000000000000004,0.4032380952380953,0.378,0.4638237036441371,4.2,5.2,4.8,5.8
rf_full,signo_zodiacal_piscis,478,0.5,0.43,0.4363636363636364,0.45999999999999996,0.44761904761904764,0.368,0.47799434105626054,4.6,6.0,4.0,5.4
rf_full,signo_zodiacal_piscis,479,0.5,0.51,0.5191258741258741,0.54,0.5259351276742581,0.5630000000000001,0.6008274194845402,5.4,5.2,4.8,4.6
rf_full,signo_zodiacal_piscis,480,0.5,0.5399999999999999,0.5280303030303031,0.5999999999999999,0.5582251082251083,0.538,0.5603933719359416,6.0,5.2,4.8,4.0
rf_full,signo_zodiacal_piscis,481,0.5,0.47999999999999987,0.4976190476190476,0.44000000000000006,0.46333614785627175,0.46699999999999997,0.56425234285838,4.4,4.8,5.2,5.6
rf_full,signo_zodiacal_piscis,482,0.5,0.49000000000000005,0.4866666666666667,0.5,0.4922488038277512,0.46799999999999997,0.5515597572362279,5.0,5.2,4.8,5.0
rf_full,signo_zodiacal_piscis,483,0.5,0.55,0.5607142857142857,0.42000000000000004,0.47892156862745094,0.569,0.6155521320784478,4.2,3.2,6.8,5.8
rf_full,signo_zodiacal_piscis,484,0.5,0.48,0.4818181818181818,0.5,0.4904761904761904,0.457,0.5456599799409396,5.0,5.4,4.6,5.0
rf_full,signo_zodiacal_piscis,485,0.5,0.59,0.5897435897435896,0.5399999999999999,0.5564678960829182,0.5800000000000001,0.6056629650878878,5.4,3.6,6.4,4.6
rf_full,signo_zodiacal_piscis,486,0.5,0.48999999999999994,0.48843045843045846,0.54,0.5105407788245316,0.556,0.672432761081368,5.4,5.6,4.4,4.6
rf_full,signo_zodiacal_piscis,487,0.5,0.5999999999999999,0.6238095238095238,0.52,0.5572192513368984,0.612,0.6762662762074527,5.2,3.2,6.8,4.8
rf_full,signo_zodiacal_piscis,488,0.5,0.61,0.6205555555555555,0.5599999999999999,0.587953216374269,0.635,0.6519769723740312,5.6,3.4,6.6,4.4
rf_full,signo_zodiacal_piscis,489,0.5,0.41999999999999993,0.41843434343434344,0.38,0.3969089390142021,0.44899999999999995,0.5817982687247393,3.8,5.4,4.6,6.2
rf_full,signo_zodiacal_piscis,490,0.5,0.53,0.5514574314574314,0.45999999999999996,0.4955712811440366,0.5269999999999999,0.5478315650637633,4.6,4.0,6.0,5.4
rf_full,signo_zodiacal_piscis,491,0.5,0.5,0.49307359307359305,0.5599999999999999,0.5215994531784005,0.5509999999999999,0.5629729067801823,5.6,5.6,4.4,4.4
rf_full,signo_zodiacal_piscis,492,0.5,0.5599999999999999,0.5603496503496503,0.5599999999999999,0.5546859903381642,0.608,0.679107991681521,5.6,4.4,5.6,4.4
rf_full,signo_zodiacal_piscis,493,0.5,0.5,0.5135897435897435,0.5,0.49918140212190554,0.501,0.589570772794457,5.0,5.0,5.0,5.0
rf_full,signo_zodiacal_piscis,494,0.5,0.45,0.41722222222222227,0.4,0.40496810207336525,0.45,0.5263231659980886,4.0,5.0,5.0,6.0
rf_full,signo_zodiacal_piscis,495,0.5,0.54,0.5373737373737374,0.56,0.5464570517202096,0.5200000000000001,0.5836516163574987,5.6,4.8,5.2,4.4
rf_full,signo_zodiacal_piscis,496,0.5,0.5399999999999999,0.5511904761904762,0.48,0.5106295149638803,0.549,0.588085340528065,4.8,4.0,6.0,5.2
rf_full,signo_zodiacal_piscis,497,0.5,0.54,0.54004329004329,0.6000000000000001,0.5648439280018227,0.487,0.5321035457490566,6.0,5.2,4.8,4.0
rf_full,signo_zodiacal_piscis,498,0.5,0.4800000000000001,0.49495670995670993,0.5599999999999999,0.5183492063492063,0.40700000000000003,0.4818413643460083,5.6,6.0,4.0,4.4
rf_full,signo_zodiacal_piscis,499,0.5,0.44000000000000006,0.4451082251082251,0.42000000000000004,0.4201120448179272,0.4129999999999999,0.4948718530351656,4.2,5.4,4.6,5.8
rf_full,signo_zodiacal_piscis,500,0.5,0.5700000000000001,0.5761904761904763,0.5399999999999999,0.5499702911467618,0.5770000000000001,0.612742555260357,5.4,4.0,6.0,4.6
rf_full,signo_zodiacal_sagitario,1,0.5,0.49000000000000005,0.47813852813852814,0.5,0.48439548068031046,0.49700000000000005,0.5957177091913934,5.0,5.2,4.8,5.0
rf_full,signo_zodiacal_sagitario,2,0.5,0.62,0.6272727272727272,0.5799999999999998,0.5952551834130781,0.621,0.6615079277447699,5.8,3.4,6.6,4.2
rf_full,signo_zodiacal_sagitario,3,0.5,0.53,0.5301948051948052,0.58,0.5487734487734488,0.534,0.6098028980823098,5.8,5.2,4.8,4.2
rf_full,signo_zodiacal_sagitario,4,0.5,0.48,0.4718253968253968,0.44000000000000006,0.45160896894643016,0.513,0.6052969981514873,4.4,4.8,5.2,5.6
rf_full,signo_zodiacal_sagitario,5,0.5,0.37,0.355,0.34,0.3451780967570441,0.28700000000000003,0.4505317409628555,3.4,6.0,4.0,6.6
rf_full,signo_zodiacal_sagitario,6,0.5,0.49000000000000005,0.4927272727272728,0.48,0.4715151515151515,0.509,0.5840418939505626,4.8,5.0,5.0,5.2
rf_full,signo_zodiacal_sagitario,7,0.5,0.4699999999999999,0.4841269841269841,0.48,0.47410638896707014,0.4760000000000001,0.547861314124472,4.8,5.4,4.6,5.2
rf_full,signo_zodiacal_sagitario,8,0.5,0.45999999999999996,0.43186147186147184,0.45999999999999996,0.42843156843156843,0.43500000000000005,0.5074820534642516,4.6,5.4,4.6,5.4
rf_full,signo_zodiacal_sagitario,9,0.5,0.44000000000000006,0.42099567099567103,0.45999999999999996,0.43427977251506666,0.402,0.4826636151945749,4.6,5.8,4.2,5.4
rf_full,signo_zodiacal_sagitario,10,0.5,0.4600000000000001,0.4288888888888889,0.41999999999999993,0.41794790005316323,0.433,0.5272011687143265,4.2,5.0,5.0,5.8
rf_full,signo_zodiacal_sagitario,11,0.5,0.5,0.4938034188034187,0.44000000000000006,0.457557843885075,0.46099999999999997,0.5152380860453616,4.4,4.4,5.6,5.6
rf_full,signo_zodiacal_sagitario,12,0.5,0.47000000000000003,0.4787698412698413,0.5,0.47971594968499,0.5,0.5692557534484779,5.0,5.6,4.4,5.0
rf_full,signo_zodiacal_sagitario,13,0.5,0.47000000000000003,0.45532467532467524,0.45999999999999996,0.4556302521008403,0.45299999999999996,0.5378735529176706,4.6,5.2,4.8,5.4
rf_full,signo_zodiacal_sagitario,14,0.5,0.49000000000000005,0.4990628978864273,0.5599999999999999,0.5175616105027869,0.45600000000000007,0.5559465571408296,5.6,5.8,4.2,4.4
rf_full,signo_zodiacal_sagitario,15,0.5,0.5700000000000001,0.5722222222222223,0.5199999999999999,0.5391148325358851,0.5780000000000001,0.599035427592703,5.2,3.8,6.2,4.8
rf_full,signo_zodiacal_sagitario,16,0.5,0.53,0.534090909090909,0.52,0.5239614186982607,0.583,0.6163529221896094,5.2,4.6,5.4,4.8
rf_full,signo_zodiacal_sagitario,17,0.5,0.45,0.44523809523809527,0.41999999999999993,0.4189145563758568,0.421,0.4966235426939761,4.2,5.2,4.8,5.8
rf_full,signo_zodiacal_sagitario,18,0.5,0.5399999999999999,0.5006493506493507,0.5,0.48452380952380947,0.521,0.5285742265989943,5.0,4.2,5.8,5.0
rf_full,signo_zodiacal_sagitario,19,0.5,0.4600000000000001,0.4533333333333333,0.5,0.4693927125506073,0.43,0.5116800258564964,5.0,5.8,4.2,5.0
rf_full,signo_zodiacal_sagitario,20,0.5,0.51,0.49437229437229435,0.48,0.48030939648586707,0.5359999999999999,0.6122795058398773,4.8,4.6,5.4,5.2
rf_full,signo_zodiacal_sagitario,21,0.5,0.45,0.44333333333333336,0.4,0.4196491228070176,0.39899999999999997,0.4906748800734869,4.0,5.0,5.0,6.0
rf_full,signo_zodiacal_sagitario,22,0.5,0.6,0.5855011655011655,0.6599999999999999,0.6188706945228685,0.631,0.6382571949893932,6.6,4.6,5.4,3.4
rf_full,signo_zodiacal_sagitario,23,0.5,0.5,0.49757575757575756,0.48,0.4812987012987013,0.52,0.5541155217331688,4.8,4.8,5.2,5.2
rf_full,signo_zodiacal_sagitario,24,0.5,0.45999999999999996,0.45670995670995673,0.45999999999999996,0.45284780578898226,0.406,0.47616366966366963,4.6,5.4,4.6,5.4
rf_full,signo_zodiacal_sagitario,25,0.5,0.44000000000000006,0.43939393939393945,0.45999999999999996,0.4464190779980253,0.472,0.5355984278879016,4.6,5.8,4.2,5.4
rf_full,signo_zodiacal_sagitario,26,0.5,0.51,0.5199999999999999,0.45999999999999996,0.46755060728744946,0.477,0.5558974287666236,4.6,4.4,5.6,5.4
rf_full,signo_zodiacal_sagitario,27,0.5,0.48999999999999994,0.4961965811965811,0.38,0.4120504158948095,0.533,0.6080487470046293,3.8,4.0,6.0,6.2
rf_full,signo_zodiacal_sagitario,28,0.5,0.54,0.5299650349650349,0.56,0.5417391304347826,0.592,0.6271243950408036,5.6,4.8,5.2,4.4
rf_full,signo_zodiacal_sagitario,29,0.5,0.53,0.5289743589743591,0.58,0.5516205533596839,0.549,0.6063856709166306,5.8,5.2,4.8,4.2
rf_full,signo_zodiacal_sagitario,30,0.5,0.43000000000000005,0.43454545454545457,0.42000000000000004,0.42603174603174604,0.44400000000000006,0.5547627835700591,4.2,5.6,4.4,5.8
rf_full,signo_zodiacal_sagitario,31,0.5,0.5700000000000001,0.5834632034632035,0.58,0.5739628482972137,0.57,0.6433605936547113,5.8,4.4,5.6,4.2
rf_full,signo_zodiacal_sagitario,32,0.5,0.53,0.5202886002886002,0.54,0.5228895768833849,0.549,0.5834383547309244,5.4,4.8,5.2,4.6
rf_full,signo_zodiacal_sagitario,33,0.5,0.5,0.4965811965811966,0.5,0.4928183436192589,0.511,0.5708722749558662,5.0,5.0,5.0,5.0
rf_full,signo_zodiacal_sagitario,34,0.5,0.55,0.5641691641691642,0.54,0.5463351473312437,0.562,0.6326609654535351,5.4,4.4,5.6,4.6
rf_full,signo_zodiacal_sagitario,35,0.5,0.55,0.5555555555555556,0.58,0.5625263157894735,0.595,0.613256720575606,5.8,4.8,5.2,4.2
rf_full,signo_zodiacal_sagitario,36,0.5,0.47000000000000003,0.46238095238095234,0.47999999999999987,0.46738477209065443,0.49000000000000005,0.5858957688338493,4.8,5.4,4.6,5.2
rf_full,signo_zodiacal_sagitario,37,0.5,0.53,0.5216783216783216,0.58,0.5449965493443754,0.566,0.6239329179592337,5.8,5.2,4.8,4.2
rf_full,signo_zodiacal_sagitario,38,0.5,0.5000000000000001,0.45421568627450987,0.54,0.48121212121212115,0.5780000000000001,0.6232423933995141,5.4,5.4,4.6,4.6
rf_full,signo_zodiacal_sagitario,39,0.5,0.42000000000000004,0.4197979797979798,0.36,0.37659147869674187,0.421,0.4954415111032757,3.6,5.2,4.8,6.4
rf_full,signo_zodiacal_sagitario,40,0.5,0.55,0.5522727272727272,0.58,0.5630591630591629,0.5589999999999999,0.6165825181870073,5.8,4.8,5.2,4.2
rf_full,signo_zodiacal_sagitario,41,0.5,0.49000000000000005,0.48571428571428565,0.5199999999999999,0.49634581105169345,0.505,0.5488306292950256,5.2,5.4,4.6,4.8
rf_full,signo_zodiacal_sagitario,42,0.5,0.49000000000000005,0.4905122655122655,0.42000000000000004,0.4500368568480024,0.53,0.5587654273830743,4.2,4.4,5.6,5.8
rf_full,signo_zodiacal_sagitario,43,0.5,0.5700000000000001,0.5713131313131313,0.6,0.5814786967418547,0.5740000000000001,0.611953609513981,6.0,4.6,5.4,4.0
rf_full,signo_zodiacal_sagitario,44,0.5,0.48,0.4609090909090908,0.45999999999999996,0.45566871724766467,0.473,0.5150862809361261,4.6,5.0,5.0,5.4
rf_full,signo_zodiacal_sagitario,45,0.5,0.4800000000000001,0.505909090909091,0.4,0.43746031746031744,0.48200000000000004,0.5669983823366176,4.0,4.4,5.6,6.0
rf_full,signo_zodiacal_sagitario,46,0.5,0.47000000000000003,0.4638888888888889,0.43999999999999995,0.44944178628389153,0.466,0.524908110894953,4.4,5.0,5.0,5.6
rf_full,signo_zodiacal_sagitario,47,0.5,0.55,0.561025641025641,0.52,0.5306280193236714,0.545,0.5831954424144825,5.2,4.2,5.8,4.8
rf_full,signo_zodiacal_sagitario,48,0.5,0.5,0.5038383838383839,0.45999999999999996,0.4792314118629909,0.508,0.5523424912720578,4.6,4.6,5.4,5.4
rf_full,signo_zodiacal_sagitario,49,0.5,0.5599999999999999,0.5606060606060607,0.5599999999999999,0.5580618212197159,0.5980000000000001,0.6152670379156447,5.6,4.4,5.6,4.4
rf_full,signo_zodiacal_sagitario,50,0.5,0.44000000000000006,0.4136363636363637,0.4,0.39870129870129867,0.499,0.5767930809300779,4.0,5.2,4.8,6.0
rf_full,signo_zodiacal_sagitario,51,0.5,0.5799999999999998,0.6160256410256411,0.5599999999999999,0.5750751219286688,0.584,0.6396147975691319,5.6,4.0,6.0,4.4
rf_full,signo_zodiacal_sagitario,52,0.5,0.45,0.3603174603174603,0.4,0.3714654282765738,0.49000000000000005,0.5436449651140054,4.0,5.0,5.0,6.0
rf_full,signo_zodiacal_sagitario,53,0.5,0.51,0.5144877344877343,0.48,0.4936665192392747,0.517,0.5983033186283959,4.8,4.6,5.4,5.2
rf_full,signo_zodiacal_sagitario,54,0.5,0.4800000000000001,0.468095238095238,0.44000000000000006,0.44844919786096255,0.471,0.5415329953843886,4.4,4.8,5.2,5.6
rf_full,signo_zodiacal_sagitario,55,0.5,0.5800000000000001,0.5902020202020202,0.54,0.5617710944026733,0.5650000000000001,0.6336699303448529,5.4,3.8,6.2,4.6
rf_full,signo_zodiacal_sagitario,56,0.5,0.49000000000000005,0.48258297258297256,0.48,0.47740983474729604,0.469,0.5118117236220951,4.8,5.0,5.0,5.2
rf_full,signo_zodiacal_sagitario,57,0.5,0.52,0.5428571428571429,0.52,0.5098148909913616,0.5269999999999999,0.5809231487466782,5.2,4.8,5.2,4.8
rf_full,signo_zodiacal_sagitario,58,0.5,0.47000000000000003,0.4738095238095238,0.48,0.47008318478906713,0.441,0.5243736920973763,4.8,5.4,4.6,5.2
rf_full,signo_zodiacal_sagitario,59,0.5,0.45,0.4249028749028749,0.45999999999999996,0.43772548961336144,0.396,0.47770032951224894,4.6,5.6,4.4,5.4
rf_full,signo_zodiacal_sagitario,60,0.5,0.4,0.40202020202020206,0.43999999999999995,0.4191615402141718,0.40199999999999997,0.5146515176430037,4.4,6.4,3.6,5.6
rf_full,signo_zodiacal_sagitario,61,0.5,0.42000000000000004,0.3834188034188034,0.36,0.36262685699756636,0.42300000000000004,0.5355962207726914,3.6,5.2,4.8,6.4
rf_full,signo_zodiacal_sagitario,62,0.5,0.43,0.43999999999999995,0.4600000000000001,0.43586377708978336,0.40700000000000003,0.5123908607732137,4.6,6.0,4.0,5.4
rf_full,signo_zodiacal_sagitario,63,0.5,0.49000000000000005,0.4836940836940837,0.44000000000000006,0.45855816010614775,0.43499999999999994,0.5395635418932632,4.4,4.6,5.4,5.6
rf_full,signo_zodiacal_sagitario,64,0.5,0.5700000000000001,0.5896969696969697,0.54,0.5442857142857143,0.591,0.6225838117850502,5.4,4.0,6.0,4.6
rf_full,signo_zodiacal_sagitario,65,0.5,0.4800000000000001,0.4541991341991342,0.4,0.41183365653953885,0.519,0.5927573706822933,4.0,4.4,5.6,6.0
rf_full,signo_zodiacal_sagitario,66,0.5,0.6,0.6058430458430458,0.62,0.6102124877410919,0.633,0.6857671648097344,6.2,4.2,5.8,3.8
rf_full,signo_zodiacal_sagitario,67,0.5,0.51,0.5245454545454545,0.48,0.49936507936507935,0.496,0.6019938862307284,4.8,4.6,5.4,5.2
rf_full,signo_zodiacal_sagitario,68,0.5,0.35,0.32987012987012987,0.3,0.3127229839304143,0.29900000000000004,0.44565290961188797,3.0,6.0,4.0,7.0
rf_full,signo_zodiacal_sagitario,69,0.5,0.51,0.5111111111111111,0.5,0.49970760233918127,0.488,0.5274230183301392,5.0,4.8,5.2,5.0
rf_full,signo_zodiacal_sagitario,70,0.5,0.55,0.5354867354867354,0.6399999999999999,0.5796749779587308,0.557,0.6233057563351682,6.4,5.4,4.6,3.6
rf_full,signo_zodiacal_sagitario,71,0.5,0.62,0.6654545454545455,0.6,0.6152380952380951,0.631,0.6690132438940488,6.0,3.6,6.4,4.0
rf_full,signo_zodiacal_sagitario,72,0.5,0.47000000000000003,0.46229548229548223,0.44000000000000006,0.44542678093357857,0.48999999999999994,0.5587710155341734,4.4,5.0,5.0,5.6
rf_full,signo_zodiacal_sagitario,73,0.5,0.49000000000000005,0.4753846153846154,0.44000000000000006,0.43395445134575567,0.535,0.625467534959021,4.4,4.6,5.4,5.6
rf_full,signo_zodiacal_sagitario,74,0.5,0.55,0.5584693084693084,0.5599999999999999,0.5552250190694126,0.548,0.5843641338022142,5.6,4.6,5.4,4.4
rf_full,signo_zodiacal_sagitario,75,0.5,0.45,0.45272727272727276,0.5399999999999999,0.48879120879120885,0.46499999999999997,0.5481989950194285,5.4,6.4,3.6,4.6
rf_full,signo_zodiacal_sagitario,76,0.5,0.5399999999999999,0.5476190476190477,0.45999999999999996,0.4982112143102856,0.532,0.5519088699398297,4.6,3.8,6.2,5.4
rf_full,signo_zodiacal_sagitario,77,0.5,0.53,0.5337529137529137,0.5599999999999999,0.544245396098943,0.5650000000000001,0.651454769087122,5.6,5.0,5.0,4.4
rf_full,signo_zodiacal_sagitario,78,0.5,0.49000000000000005,0.5,0.5,0.4872727272727272,0.503,0.5580365180055582,5.0,5.2,4.8,5.0
rf_full,signo_zodiacal_sagitario,79,0.5,0.52,0.5119047619047619,0.6,0.5423600713012477,0.555,0.6026857098869483,6.0,5.6,4.4,4.0
rf_full,signo_zodiacal_sagitario,80,0.5,0.5700000000000001,0.5754001554001554,0.5599999999999999,0.5596943445570448,0.614,0.6432688952774093,5.6,4.2,5.8,4.4
rf_full,signo_zodiacal_sagitario,81,0.5,0.5000000000000001,0.4258741258741258,0.4800000000000001,0.4503105590062112,0.5660000000000001,0.6159408353084823,4.8,4.8,5.2,5.2
rf_full,signo_zodiacal_sagitario,82,0.5,0.49000000000000005,0.4841569541569542,0.54,0.5084604792613946,0.522,0.5765953366379064,5.4,5.6,4.4,4.6
rf_full,signo_zodiacal_sagitario,83,0.5,0.5599999999999999,0.5867521367521368,0.5,0.5318332062039156,0.563,0.6005407466630377,5.0,3.8,6.2,5.0
rf_full,signo_zodiacal_sagitario,84,0.5,0.56,0.5516483516483517,0.54,0.5312872975277066,0.5660000000000001,0.6057034523783751,5.4,4.2,5.8,4.6
rf_full,signo_zodiacal_sagitario,85,0.5,0.39,0.36611721611721615,0.38,0.368099897888564,0.355,0.4610624940934539,3.8,6.0,4.0,6.2
rf_full,signo_zodiacal_sagitario,86,0.5,0.6,0.5974242424242424,0.6599999999999999,0.6206695526695526,0.679,0.6762743634934039,6.6,4.6,5.4,3.4
rf_full,signo_zodiacal_sagitario,87,0.5,0.5,0.4927272727272728,0.5,0.49422343738133206,0.499,0.5698907563025211,5.0,5.0,5.0,5.0
rf_full,signo_zodiacal_sagitario,88,0.5,0.43999999999999995,0.44363636363636366,0.48,0.4605194805194805,0.479,0.5470576347457152,4.8,6.0,4.0,5.2
rf_full,signo_zodiacal_sagitario,89,0.5,0.45999999999999996,0.4613553113553113,0.48,0.46382495026996307,0.41100000000000003,0.48843577054180765,4.8,5.6,4.4,5.2
rf_full,signo_zodiacal_sagitario,90,0.5,0.39,0.40598845598845595,0.42000000000000004,0.4076126144237599,0.381,0.45125022260161574,4.2,6.4,3.6,5.8
rf_full,signo_zodiacal_sagitario,91,0.5,0.45,0.44440004440004444,0.44000000000000006,0.4381234415963181,0.46900000000000003,0.52050737944546,4.4,5.4,4.6,5.6
rf_full,signo_zodiacal_sagitario,92,0.5,0.4800000000000001,0.46428571428571425,0.45999999999999996,0.44551796603808985,0.45600000000000007,0.5095890512995777,4.6,5.0,5.0,5.4
rf_full,signo_zodiacal_sagitario,93,0.5,0.44000000000000006,0.43479797979797985,0.42000000000000004,0.4261152882205514,0.45499999999999996,0.5145783366959837,4.2,5.4,4.6,5.8
rf_full,signo_zodiacal_sagitario,94,0.5,0.4,0.4068531468531468,0.45999999999999996,0.43101449275362314,0.364,0.4778793085998968,4.6,6.6,3.4,5.4
rf_full,signo_zodiacal_sagitario,95,0.5,0.51,0.5060606060606061,0.52,0.5064278342916114,0.5599999999999999,0.5980969220837642,5.2,5.0,5.0,4.8
rf_full,signo_zodiacal_sagitario,96,0.5,0.41000000000000003,0.41036075036075037,0.43999999999999995,0.4216541353383459,0.33399999999999996,0.4853662659150274,4.4,6.2,3.8,5.6
rf_full,signo_zodiacal_sagitario,97,0.5,0.54,0.5555050505050506,0.54,0.5442819169134958,0.5509999999999999,0.5858363825716767,5.4,4.6,5.4,4.6
rf_full,signo_zodiacal_sagitario,98,0.5,0.4600000000000001,0.45949883449883455,0.5,0.47613401091661955,0.438,0.5223920744717958,5.0,5.8,4.2,5.0
rf_full,signo_zodiacal_sagitario,99,0.5,0.54,0.5577045177045177,0.48,0.5037286310405169,0.5630000000000001,0.6061840734944449,4.8,4.0,6.0,5.2
rf_full,signo_zodiacal_sagitario,100,0.5,0.47000000000000003,0.4551515151515151,0.52,0.47756709956709953,0.442,0.527353464990462,5.2,5.8,4.2,4.8
rf_full,signo_zodiacal_sagitario,101,0.5,0.44000000000000006,0.4454545454545455,0.48,0.4614718614718615,0.45999999999999996,0.5247005445534857,4.8,6.0,4.0,5.2
rf_full,signo_zodiacal_sagitario,102,0.5,0.44000000000000006,0.42813852813852815,0.4,0.41118973905351613,0.48900000000000005,0.5115872805385189,4.0,5.2,4.8,6.0
rf_full,signo_zodiacal_sagitario,103,0.5,0.38,0.36495670995671,0.36,0.35895764366352606,0.39699999999999996,0.49493691585332444,3.6,6.0,4.0,6.4
rf_full,signo_zodiacal_sagitario,104,0.5,0.4600000000000001,0.4514285714285714,0.38,0.4106501547987616,0.481,0.5306915666033312,3.8,4.6,5.4,6.2
rf_full,signo_zodiacal_sagitario,105,0.5,0.43,0.4422766122766123,0.48,0.45836686578105335,0.34,0.4453081291773242,4.8,6.2,3.8,5.2
rf_full,signo_zodiacal_sagitario,106,0.5,0.52,0.5218181818181817,0.56,0.5336808688387636,0.5730000000000001,0.6178565770314997,5.6,5.2,4.8,4.4
rf_full,signo_zodiacal_sagitario,107,0.5,0.44000000000000006,0.4405122655122655,0.45999999999999996,0.44611528822055135,0.43600000000000005,0.5367400942710541,4.6,5.8,4.2,5.4
rf_full,signo_zodiacal_sagitario,108,0.5,0.51,0.5455905205905206,0.48,0.5008599397043333,0.533,0.6116512839585595,4.8,4.6,5.4,5.2
rf_full,signo_zodiacal_sagitario,109,0.5,0.61,0.623030303030303,0.68,0.6332857142857142,0.568,0.5725084786214818,6.8,4.6,5.4,3.2
rf_full,signo_zodiacal_sagitario,110,0.5,0.52,0.525,0.44000000000000006,0.47777777777777775,0.532,0.567121813429089,4.4,4.0,6.0,5.6
rf_full,signo_zodiacal_sagitario,111,0.5,0.55,0.5531746031746032,0.5599999999999999,0.548856990962254,0.5650000000000001,0.618936618936619,5.6,4.6,5.4,4.4
rf_full,signo_zodiacal_sagitario,112,0.5,0.6100000000000001,0.610955710955711,0.5999999999999999,0.5946859903381643,0.635,0.665842708547043,6.0,3.8,6.2,4.0
rf_full,signo_zodiacal_sagitario,113,0.5,0.51,0.507987012987013,0.4,0.43947712418300655,0.46399999999999997,0.5539885131208659,4.0,3.8,6.2,6.0
rf_full,signo_zodiacal_sagitario,114,0.5,0.54,0.55002997002997,0.5,0.5114870295944465,0.5519999999999999,0.6032698865462023,5.0,4.2,5.8,5.0
rf_full,signo_zodiacal_sagitario,115,0.5,0.4600000000000001,0.46119658119658113,0.48,0.466538150382544,0.44699999999999995,0.5357260888406399,4.8,5.6,4.4,5.2
rf_full,signo_zodiacal_sagitario,116,0.5,0.51,0.5219230769230769,0.5,0.5075413170607679,0.48200000000000004,0.5399135407076583,5.0,4.8,5.2,5.0
rf_full,signo_zodiacal_sagitario,117,0.5,0.45999999999999996,0.4231746031746032,0.44000000000000006,0.4257017543859649,0.453,0.540251971282931,4.4,5.2,4.8,5.6
rf_full,signo_zodiacal_sagitario,118,0.5,0.5000000000000001,0.5016666666666667,0.5199999999999999,0.5049824561403509,0.496,0.5947622367312769,5.2,5.2,4.8,4.8
rf_full,signo_zodiacal_sagitario,119,0.5,0.5,0.5,0.58,0.5356107660455487,0.5189999999999999,0.5663858543417366,5.8,5.8,4.2,4.2
rf_full,signo_zodiacal_sagitario,120,0.5,0.53,0.537070707070707,0.5199999999999999,0.5261152882205514,0.539,0.5659110138227785,5.2,4.6,5.4,4.8
rf_full,signo_zodiacal_sagitario,121,0.5,0.4800000000000001,0.4632478632478632,0.43999999999999995,0.44542334096109837,0.515,0.5972611144445509,4.4,4.8,5.2,5.6
rf_full,signo_zodiacal_sagitario,122,0.5,0.45999999999999996,0.4616161616161617,0.42000000000000004,0.43419779395011593,0.492,0.5678121970049215,4.2,5.0,5.0,5.8
rf_full,signo_zodiacal_sagitario,123,0.5,0.56,0.5631313131313131,0.5599999999999999,0.5587681324523429,0.619,0.6602294927294927,5.6,4.4,5.6,4.4
rf_full,signo_zodiacal_sagitario,124,0.5,0.52,0.5112698412698413,0.54,0.5187381555493011,0.5450000000000002,0.5537034452475629,5.4,5.0,5.0,4.6
rf_full,signo_zodiacal_sagitario,125,0.5,0.37,0.3602730602730603,0.43999999999999995,0.393461653436078,0.36400000000000005,0.4796612927835838,4.4,7.0,3.0,5.6
rf_full,signo_zodiacal_sagitario,126,0.5,0.54,0.5431818181818182,0.48,0.5035714285714286,0.536,0.5620715471319186,4.8,4.0,6.0,5.2
rf_full,signo_zodiacal_sagitario,127,0.5,0.43,0.4222222222222222,0.38,0.3973418394471026,0.374,0.4679946191579319,3.8,5.2,4.8,6.2
rf_full,signo_zodiacal_sagitario,128,0.5,0.4600000000000001,0.45999999999999996,0.38,0.4135947712418301,0.402,0.516195189227697,3.8,4.6,5.4,6.2
rf_full,signo_zodiacal_sagitario,129,0.5,0.45,0.45444444444444443,0.54,0.48799681020733654,0.42400000000000004,0.4951150624401398,5.4,6.4,3.6,4.6
rf_full,signo_zodiacal_sagitario,130,0.5,0.49000000000000005,0.5031746031746032,0.43999999999999995,0.4613347093223254,0.4709999999999999,0.5301725306856886,4.4,4.6,5.4,5.6
rf_full,signo_zodiacal_sagitario,131,0.5,0.5599999999999999,0.5567676767676767,0.5599999999999999,0.5571929824561404,0.608,0.6576220995207063,5.6,4.4,5.6,4.4
rf_full,signo_zodiacal_sagitario,132,0.5,0.57,0.5916666666666666,0.5,0.5354066985645933,0.573,0.676732285258601,5.0,3.6,6.4,5.0
rf_full,signo_zodiacal_sagitario,133,0.5,0.49000000000000005,0.49772727272727274,0.48,0.4858661806030227,0.541,0.6084086006013251,4.8,5.0,5.0,5.2
rf_full,signo_zodiacal_sagitario,134,0.5,0.42000000000000004,0.40714285714285714,0.34,0.36059417706476526,0.41500000000000004,0.487514813016361,3.4,5.0,5.0,6.6
rf_full,signo_zodiacal_sagitario,135,0.5,0.45999999999999996,0.4632034632034632,0.44000000000000006,0.43991596638655467,0.48600000000000004,0.5568828732327182,4.4,5.2,4.8,5.6
rf_full,signo_zodiacal_sagitario,136,0.5,0.55,0.5315512265512266,0.5199999999999999,0.5129406850459481,0.625,0.6471910224278645,5.2,4.2,5.8,4.8
rf_full,signo_zodiacal_sagitario,137,0.5,0.5700000000000001,0.565266106442577,0.62,0.5781053942044654,0.6199999999999999,0.6858442080795022,6.2,4.8,5.2,3.8
rf_full,signo_zodiacal_sagitario,138,0.5,0.48999999999999994,0.49192307692307685,0.48,0.4825120772946859,0.5309999999999999,0.5868898689030269,4.8,5.0,5.0,5.2
rf_full,signo_zodiacal_sagitario,139,0.5,0.5,0.5042424242424242,0.54,0.5197357028935976,0.569,0.6478263033835789,5.4,5.4,4.6,4.6
rf_full,signo_zodiacal_sagitario,140,0.5,0.5399999999999999,0.5312698412698412,0.54,0.5311623979735435,0.5609999999999999,0.6283886195503842,5.4,4.6,5.4,4.6
rf_full,signo_zodiacal_sagitario,141,0.5,0.6,0.6097402597402597,0.5599999999999999,0.5737713267125032,0.622,0.6413696201459359,5.6,3.6,6.4,4.4
rf_full,signo_zodiacal_sagitario,142,0.5,0.5900000000000001,0.6090909090909091,0.5,0.5342857142857141,0.576,0.6348039450229853,5.0,3.2,6.8,5.0
rf_full,signo_zodiacal_sagitario,143,0.5,0.55,0.5648351648351648,0.52,0.5335038363171356,0.5349999999999999,0.5582152194211017,5.2,4.2,5.8,4.8
rf_full,signo_zodiacal_sagitario,144,0.5,0.53,0.5262515262515263,0.54,0.5265495172481308,0.534,0.5877668236476286,5.4,4.8,5.2,4.6
rf_full,signo_zodiacal_sagitario,145,0.5,0.5,0.49682539682539684,0.36,0.41555727554179567,0.45600000000000007,0.5343393245041852,3.6,3.6,6.4,6.4
rf_full,signo_zodiacal_sagitario,146,0.5,0.58,0.5767676767676767,0.5800000000000001,0.5771929824561404,0.541,0.5784648576397802,5.8,4.2,5.8,4.2
rf_full,signo_zodiacal_sagitario,147,0.5,0.43000000000000005,0.43152625152625157,0.38,0.3967552833490376,0.36,0.4846018026521122,3.8,5.2,4.8,6.2
rf_full,signo_zodiacal_sagitario,148,0.5,0.4699999999999999,0.4948717948717949,0.5,0.49178743961352656,0.47400000000000003,0.5833717773454616,5.0,5.6,4.4,5.0
rf_full,signo_zodiacal_sagitario,149,0.5,0.4800000000000001,0.47158119658119657,0.45999999999999996,0.4615052123061276,0.42000000000000004,0.5048372748682346,4.6,5.0,5.0,5.4
rf_full,signo_zodiacal_sagitario,150,0.5,0.55,0.5463369963369964,0.6199999999999999,0.5739595442920251,0.497,0.5156623258062887,6.2,5.2,4.8,3.8
rf_full,signo_zodiacal_sagitario,151,0.5,0.4699999999999999,0.48172105672105675,0.48,0.47751625440412626,0.42800000000000005,0.5022320400617614,4.8,5.4,4.6,5.2
rf_full,signo_zodiacal_sagitario,152,0.5,0.5,0.5,0.44000000000000006,0.46327047565437657,0.526,0.5726276229790161,4.4,4.4,5.6,5.6
rf_full,signo_zodiacal_sagitario,153,0.5,0.41000000000000003,0.42378454878454874,0.42000000000000004,0.41570620342998865,0.378,0.4673877177174391,4.2,6.0,4.0,5.8
rf_full,signo_zodiacal_sagitario,154,0.5,0.41,0.397979797979798,0.38,0.3879699248120301,0.41200000000000003,0.49216946898990244,3.8,5.6,4.4,6.2
rf_full,signo_zodiacal_sagitario,155,0.5,0.52,0.5311111111111111,0.5800000000000001,0.5507869674185463,0.555,0.5956506924448101,5.8,5.4,4.6,4.2
rf_full,signo_zodiacal_sagitario,156,0.5,0.4600000000000001,0.4461843711843712,0.42000000000000004,0.4274150850271459,0.506,0.5643562456635213,4.2,5.0,5.0,5.8
rf_full,signo_zodiacal_sagitario,157,0.5,0.55,0.5472727272727272,0.5399999999999999,0.5338888888888889,0.587,0.6651998605969194,5.4,4.4,5.6,4.6
rf_full,signo_zodiacal_sagitario,158,0.5,0.54,0.54004329004329,0.5599999999999999,0.5451998981410746,0.557,0.6233715810333458,5.6,4.8,5.2,4.4
rf_full,signo_zodiacal_sagitario,159,0.5,0.47000000000000003,0.45285714285714285,0.4600000000000001,0.44580867498514554,0.44700000000000006,0.5294679568797215,4.6,5.2,4.8,5.4
rf_full,signo_zodiacal_sagitario,160,0.5,0.4699999999999999,0.4371428571428571,0.34,0.37785247432306257,0.44699999999999995,0.5402907837776258,3.4,4.0,6.0,6.6
rf_full,signo_zodiacal_sagitario,161,0.5,0.4800000000000001,0.48,0.5,0.4895238095238096,0.466,0.5284350084040487,5.0,5.4,4.6,5.0
rf_full,signo_zodiacal_sagitario,162,0.5,0.51,0.5161111111111112,0.5,0.5058980785296574,0.54,0.5880714907727291,5.0,4.8,5.2,5.0
rf_full,signo_zodiacal_sagitario,163,0.5,0.61,0.6218315018315017,0.62,0.6019948849104859,0.609,0.6578634986444584,6.2,4.0,6.0,3.8
rf_full,signo_zodiacal_sagitario,164,0.5,0.5900000000000001,0.6116666666666667,0.56,0.5683838383838384,0.6020000000000001,0.6424607136929119,5.6,3.8,6.2,4.4
rf_full,signo_zodiacal_sagitario,165,0.5,0.5800000000000001,0.57994227994228,0.5599999999999999,0.5660474716202271,0.596,0.6213804948921048,5.6,4.0,6.0,4.4
rf_full,signo_zodiacal_sagitario,166,0.5,0.44000000000000006,0.4302020202020202,0.4,0.4128822055137845,0.414,0.4858594559035736,4.0,5.2,4.8,6.0
rf_full,signo_zodiacal_sagitario,167,0.5,0.41,0.4198717948717949,0.48,0.44532279314888007,0.46099999999999997,0.5678353602881467,4.8,6.6,3.4,5.2
rf_full,signo_zodiacal_sagitario,168,0.5,0.5,0.4726923076923077,0.41999999999999993,0.4372946859903381,0.5449999999999999,0.5939208836399239,4.2,4.2,5.8,5.8
rf_full,signo_zodiacal_sagitario,169,0.5,0.5199999999999999,0.5076923076923077,0.54,0.5132542819499342,0.549,0.5877683119254327,5.4,5.0,5.0,4.6
rf_full,signo_zodiacal_sagitario,170,0.5,0.48,0.48,0.52,0.494975845410628,0.4929999999999999,0.5639218102159279,5.2,5.6,4.4,4.8
rf_full,signo_zodiacal_sagitario,171,0.5,0.49000000000000005,0.4572727272727272,0.45999999999999996,0.4514285714285714,0.45599999999999996,0.5086021678699698,4.6,4.8,5.2,5.4
rf_full,signo_zodiacal_sagitario,172,0.5,0.43,0.4083694083694083,0.4,0.4009578312983885,0.43500000000000005,0.5054363730524721,4.0,5.4,4.6,6.0
rf_full,signo_zodiacal_sagitario,173,0.5,0.52,0.5347319347319347,0.5,0.5081072245831971,0.504,0.5697611457170281,5.0,4.6,5.4,5.0
rf_full,signo_zodiacal_sagitario,174,0.5,0.52,0.5242857142857142,0.6,0.5514471026049973,0.513,0.542580150241915,6.0,5.6,4.4,4.0
rf_full,signo_zodiacal_sagitario,175,0.5,0.62,0.6550505050505051,0.5599999999999999,0.5908692185007973,0.665,0.6812456422146823,5.6,3.2,6.8,4.4
rf_full,signo_zodiacal_sagitario,176,0.5,0.54,0.5349650349650349,0.58,0.5495169082125604,0.502,0.5677540443732394,5.8,5.0,5.0,4.2
rf_full,signo_zodiacal_sagitario,177,0.5,0.43,0.4212698412698413,0.42000000000000004,0.4146233230134159,0.42400000000000004,0.5082059788336879,4.2,5.6,4.4,5.8
rf_full,signo_zodiacal_sagitario,178,0.5,0.5200000000000001,0.5197712418300654,0.62,0.5544125465178097,0.513,0.5649884184443007,6.2,5.8,4.2,3.8
rf_full,signo_zodiacal_sagitario,179,0.5,0.5499999999999999,0.5472222222222223,0.52,0.529665071770335,0.546,0.626360786272551,5.2,4.2,5.8,4.8
rf_full,signo_zodiacal_sagitario,180,0.5,0.62,0.6342857142857142,0.6,0.6059649122807018,0.639,0.6633422672099142,6.0,3.6,6.4,4.0
rf_full,signo_zodiacal_sagitario,181,0.5,0.4600000000000001,0.46690476190476193,0.4,0.4258110516934046,0.458,0.5462603409662232,4.0,4.8,5.2,6.0
rf_full,signo_zodiacal_sagitario,182,0.5,0.48999999999999994,0.485,0.5199999999999999,0.4948282828282829,0.45599999999999996,0.550505837299955,5.2,5.4,4.6,4.8
rf_full,signo_zodiacal_sagitario,183,0.5,0.45,0.44567099567099566,0.4,0.41621254562431026,0.469,0.5521215543142788,4.0,5.0,5.0,6.0
rf_full,signo_zodiacal_sagitario,184,0.5,0.39,0.374065934065934,0.4,0.3760153452685422,0.34400000000000003,0.4470190669323797,4.0,6.2,3.8,6.0
rf_full,signo_zodiacal_sagitario,185,0.5,0.45999999999999996,0.43999999999999995,0.38,0.40161616161616165,0.454,0.5649529586340731,3.8,4.6,5.4,6.2
rf_full,signo_zodiacal_sagitario,186,0.5,0.65,0.7336996336996336,0.58,0.5870772946859903,0.641,0.6952352000424755,5.8,2.8,7.2,4.2
rf_full,signo_zodiacal_sagitario,187,0.5,0.51,0.5111111111111111,0.54,0.5202390033053648,0.48,0.5018753333869432,5.4,5.2,4.8,4.6
rf_full,signo_zodiacal_sagitario,188,0.5,0.5599999999999999,0.5715584415584415,0.5399999999999999,0.5498752228163993,0.515,0.582282384883778,5.4,4.2,5.8,4.6
rf_full,signo_zodiacal_sagitario,189,0.5,0.52,0.5129870129870129,0.45999999999999996,0.47690136660724897,0.5389999999999999,0.6143407955993095,4.6,4.2,5.8,5.4
rf_full,signo_zodiacal_sagitario,190,0.5,0.41,0.38857142857142857,0.36,0.36805322128851536,0.403,0.46858495933031535,3.6,5.4,4.6,6.4
rf_full,signo_zodiacal_sagitario,191,0.5,0.6,0.630995670995671,0.5599999999999999,0.5747191508182221,0.599,0.6430342049591274,5.6,3.6,6.4,4.4
rf_full,signo_zodiacal_sagitario,192,0.5,0.51,0.5070707070707071,0.52,0.5107617528670161,0.5599999999999999,0.5690851948189409,5.2,5.0,5.0,4.8
rf_full,signo_zodiacal_sagitario,193,0.5,0.6,0.6313131313131313,0.54,0.5714786967418546,0.6119999999999999,0.6400123526284517,5.4,3.4,6.6,4.6
rf_full,signo_zodiacal_sagitario,194,0.5,0.43,0.43460317460317455,0.42000000000000004,0.4219883040935672,0.39699999999999996,0.5136105659046836,4.2,5.6,4.4,5.8
rf_full,signo_zodiacal_sagitario,195,0.5,0.43,0.42230769230769233,0.44000000000000006,0.4267720685111989,0.41200000000000003,0.5060840291459486,4.4,5.8,4.2,5.6
rf_full,signo_zodiacal_sagitario,196,0.5,0.56,0.5916666666666667,0.5599999999999999,0.5618686868686869,0.595,0.6634708691721076,5.6,4.4,5.6,4.4
rf_full,signo_zodiacal_sagitario,197,0.5,0.49000000000000005,0.48590909090909096,0.4600000000000001,0.4707936507936507,0.475,0.6015380653058672,4.6,4.8,5.2,5.4
rf_full,signo_zodiacal_sagitario,198,0.5,0.52,0.5111471861471861,0.54,0.516628469569646,0.528,0.5787382884573287,5.4,5.0,5.0,4.6
rf_full,signo_zodiacal_sagitario,199,0.5,0.51,0.5244733044733045,0.5,0.5071389704207042,0.5010000000000001,0.5765911469851098,5.0,4.8,5.2,5.0
rf_full,signo_zodiacal_sagitario,200,0.5,0.4600000000000001,0.4634343434343434,0.4600000000000001,0.4613533834586466,0.479,0.5649159092541445,4.6,5.4,4.6,5.4
rf_full,signo_zodiacal_sagitario,201,0.5,0.49000000000000005,0.4809523809523809,0.48,0.47485380116959064,0.5279999999999999,0.5825173943703356,4.8,5.0,5.0,5.2
rf_full,signo_zodiacal_sagitario,202,0.5,0.45,0.4359163059163059,0.39999999999999997,0.41458155191901325,0.46099999999999997,0.5629255842197018,4.0,5.0,5.0,6.0
rf_full,signo_zodiacal_sagitario,203,0.5,0.5900000000000001,0.5938661338661338,0.6200000000000001,0.6008897155700226,0.6130000000000001,0.6195908535908535,6.2,4.4,5.6,3.8
rf_full,signo_zodiacal_sagitario,204,0.5,0.51,0.5026984126984126,0.48,0.48149157206742343,0.524,0.5765930350179576,4.8,4.6,5.4,5.2
rf_full,signo_zodiacal_sagitario,205,0.5,0.45,0.4463852813852814,0.45999999999999996,0.4454080298786181,0.35700000000000004,0.44740828718924697,4.6,5.6,4.4,5.4
rf_full,signo_zodiacal_sagitario,206,0.5,0.38,0.3551864801864802,0.36,0.3531573498964803,0.33199999999999996,0.46127411374315397,3.6,6.0,4.0,6.4
rf_full,signo_zodiacal_sagitario,207,0.5,0.53,0.5142424242424243,0.5599999999999999,0.5238441558441558,0.517,0.6006858229489808,5.6,5.0,5.0,4.4
rf_full,signo_zodiacal_sagitario,208,0.5,0.58,0.5741414141414141,0.64,0.6008822055137844,0.5630000000000001,0.5663180310401673,6.4,4.8,5.2,3.6
rf_full,signo_zodiacal_sagitario,209,0.5,0.43999999999999995,0.43499999999999994,0.41999999999999993,0.42666666666666664,0.43899999999999995,0.5441403149653923,4.2,5.4,4.6,5.8
rf_full,signo_zodiacal_sagitario,210,0.5,0.4800000000000001,0.48683473389355736,0.48,0.4573211102622867,0.44299999999999995,0.5289788477776094,4.8,5.2,4.8,5.2
rf_full,signo_zodiacal_sagitario,211,0.5,0.5599999999999999,0.5471750471750472,0.6,0.5649818279714631,0.5379999999999999,0.5661031160102368,6.0,4.8,5.2,4.0
rf_full,signo_zodiacal_sagitario,212,0.5,0.54,0.5431818181818182,0.58,0.5563492063492064,0.569,0.6206528332348766,5.8,5.0,5.0,4.2
rf_full,signo_zodiacal_sagitario,213,0.5,0.4600000000000001,0.4409090909090909,0.4,0.41301587301587295,0.396,0.4897705998851509,4.0,4.8,5.2,6.0
rf_full,signo_zodiacal_sagitario,214,0.5,0.4800000000000001,0.4833333333333333,0.43999999999999995,0.45561497326203215,0.485,0.5463021412711815,4.4,4.8,5.2,5.6
rf_full,signo_zodiacal_sagitario,215,0.5,0.61,0.6029304029304029,0.6599999999999999,0.624370709382151,0.6530000000000001,0.6715876961875413,6.6,4.4,5.6,3.4
rf_full,signo_zodiacal_sagitario,216,0.5,0.42000000000000004,0.4042424242424242,0.38,0.3803896103896104,0.359,0.45063889748022873,3.8,5.4,4.6,6.2
rf_full,signo_zodiacal_sagitario,217,0.5,0.55,0.5466666666666666,0.6200000000000001,0.5770909090909091,0.5970000000000001,0.6746982739482739,6.2,5.2,4.8,3.8
rf_full,signo_zodiacal_sagitario,218,0.5,0.57,0.563076923076923,0.62,0.5886542443064181,0.5730000000000001,0.5852604292851971,6.2,4.8,5.2,3.8
rf_full,signo_zodiacal_sagitario,219,0.5,0.39,0.40425352425352423,0.4600000000000001,0.4273575242453961,0.38299999999999995,0.523781528756761,4.6,6.8,3.2,5.4
rf_full,signo_zodiacal_sagitario,220,0.5,0.4800000000000001,0.4903535353535354,0.33999999999999997,0.3820397146712936,0.446,0.4864559027144167,3.4,3.8,6.2,6.6
rf_full,signo_zodiacal_sagitario,221,0.5,0.53,0.5358669108669109,0.52,0.5202693240114158,0.4870000000000001,0.5374541286027353,5.2,4.6,5.4,4.8
rf_full,signo_zodiacal_sagitario,222,0.5,0.4600000000000001,0.45995670995671,0.48,0.4622909769968594,0.4,0.5189232383543528,4.8,5.6,4.4,5.2
rf_full,signo_zodiacal_sagitario,223,0.5,0.5599999999999999,0.5563492063492064,0.6,0.5690777746505301,0.547,0.599118724842409,6.0,4.8,5.2,4.0
rf_full,signo_zodiacal_sagitario,224,0.5,0.61,0.5915584415584416,0.7,0.6393939393939394,0.606,0.6010283311459781,7.0,4.8,5.2,3.0
rf_full,signo_zodiacal_sagitario,225,0.5,0.41,0.4075757575757576,0.45999999999999996,0.4305916305916305,0.40099999999999997,0.4964650633164565,4.6,6.4,3.6,5.4
rf_full,signo_zodiacal_sagitario,226,0.5,0.53,0.5187362637362638,0.45999999999999996,0.47885763000852516,0.509,0.5860882728382728,4.6,4.0,6.0,5.4
rf_full,signo_zodiacal_sagitario,227,0.5,0.49000000000000005,0.48324786324786323,0.45999999999999996,0.4641075514874142,0.414,0.5213388221685435,4.6,4.8,5.2,5.4
rf_full,signo_zodiacal_sagitario,228,0.5,0.42000000000000004,0.4188888888888889,0.42000000000000004,0.41827751196172247,0.43600000000000005,0.5414744405920876,4.2,5.8,4.2,5.8
rf_full,signo_zodiacal_sagitario,229,0.5,0.5,0.49646464646464644,0.45999999999999996,0.4638642059694691,0.47800000000000004,0.524792344480425,4.6,4.6,5.4,5.4
rf_full,signo_zodiacal_sagitario,230,0.5,0.5199999999999999,0.5335042735042734,0.5199999999999999,0.5129061784897024,0.5810000000000001,0.6222970536515428,5.2,4.8,5.2,4.8
rf_full,signo_zodiacal_sagitario,231,0.5,0.45,0.4508658008658009,0.44000000000000006,0.44086240556828793,0.483,0.5822664998400292,4.4,5.4,4.6,5.6
rf_full,signo_zodiacal_sagitario,232,0.5,0.33999999999999997,0.36060606060606054,0.4,0.3787878787878788,0.32399999999999995,0.4452609628933158,4.0,7.2,2.8,6.0
rf_full,signo_zodiacal_sagitario,233,0.5,0.5700000000000001,0.5783333333333334,0.52,0.5469005847953217,0.564,0.5994615107115108,5.2,3.8,6.2,4.8
rf_full,signo_zodiacal_sagitario,234,0.5,0.45999999999999996,0.45479797979797976,0.42000000000000004,0.4350041771094403,0.48600000000000004,0.5480209590031572,4.2,5.0,5.0,5.8
rf_full,signo_zodiacal_sagitario,235,0.5,0.5700000000000001,0.5965934065934066,0.58,0.5576343043146113,0.586,0.640041946615476,5.8,4.4,5.6,4.2
rf_full,signo_zodiacal_sagitario,236,0.5,0.52,0.5276223776223776,0.5800000000000001,0.5462732919254658,0.563,0.5986341044576339,5.8,5.4,4.6,4.2
rf_full,signo_zodiacal_sagitario,237,0.5,0.4600000000000001,0.4582251082251082,0.45999999999999996,0.45371360665478305,0.481,0.5657980075480076,4.6,5.4,4.6,5.4
rf_full,signo_zodiacal_sagitario,238,0.5,0.53,0.5240981240981241,0.4999999999999999,0.5071645245019857,0.505,0.5895590993973346,5.0,4.4,5.6,5.0
rf_full,signo_zodiacal_sagitario,239,0.5,0.49000000000000005,0.4755555555555556,0.45999999999999996,0.46481658692185,0.509,0.5577964704713929,4.6,4.8,5.2,5.4
rf_full,signo_zodiacal_sagitario,240,0.5,0.56,0.5738095238095238,0.4600000000000001,0.5037433155080214,0.609,0.6486419952596424,4.6,3.4,6.6,5.4
rf_full,signo_zodiacal_sagitario,241,0.5,0.48,0.4557575757575757,0.4,0.40928571428571425,0.49000000000000005,0.5517646612073857,4.0,4.4,5.6,6.0
rf_full,signo_zodiacal_sagitario,242,0.5,0.47000000000000003,0.4626262626262626,0.42000000000000004,0.43456558061821215,0.483,0.5283108186962676,4.2,4.8,5.2,5.8
rf_full,signo_zodiacal_sagitario,243,0.5,0.5599999999999999,0.5701298701298703,0.52,0.5404540763673891,0.579,0.6527883958147116,5.2,4.0,6.0,4.8
rf_full,signo_zodiacal_sagitario,244,0.5,0.47000000000000003,0.47020202020202023,0.4600000000000001,0.46250474671527303,0.454,0.5570322743132341,4.6,5.2,4.8,5.4
rf_full,signo_zodiacal_sagitario,245,0.5,0.49000000000000005,0.4875757575757576,0.54,0.512034632034632,0.48600000000000004,0.5292842431046766,5.4,5.6,4.4,4.6
rf_full,signo_zodiacal_sagitario,246,0.5,0.47000000000000003,0.45619047619047615,0.4,0.42396284829721365,0.43200000000000005,0.5144974367737525,4.0,4.6,5.4,6.0
rf_full,signo_zodiacal_sagitario,247,0.5,0.55,0.5522727272727272,0.58,0.563059163059163,0.591,0.6055418900844598,5.8,4.8,5.2,4.2
rf_full,signo_zodiacal_sagitario,248,0.5,0.53,0.5325097125097125,0.5399999999999999,0.5327855871562965,0.501,0.5670797262592928,5.4,4.8,5.2,4.6
rf_full,signo_zodiacal_sagitario,249,0.5,0.52,0.5218253968253969,0.42000000000000004,0.46196250429996566,0.44400000000000006,0.5110971267294796,4.2,3.8,6.2,5.8
rf_full,signo_zodiacal_sagitario,250,0.5,0.5599999999999999,0.5833333333333333,0.4800000000000001,0.5178571428571429,0.588,0.6287453755394932,4.8,3.6,6.4,5.2
rf_full,signo_zodiacal_sagitario,251,0.5,0.4600000000000001,0.4682900432900433,0.32,0.36820728291316523,0.45,0.5696119713619714,3.2,4.0,6.0,6.8
rf_full,signo_zodiacal_sagitario,252,0.5,0.51,0.5075757575757576,0.5599999999999999,0.5316017316017316,0.487,0.5407880813716727,5.6,5.4,4.6,4.4
rf_full,signo_zodiacal_sagitario,253,0.5,0.41,0.4035897435897436,0.38,0.38584541062801925,0.398,0.47261940793984136,3.8,5.6,4.4,6.2
rf_full,signo_zodiacal_sagitario,254,0.5,0.52,0.5224242424242423,0.45999999999999996,0.4844903926482873,0.5599999999999999,0.6316032829399703,4.6,4.2,5.8,5.4
rf_full,signo_zodiacal_sagitario,255,0.5,0.37,0.326923076923077,0.36000000000000004,0.33695652173913043,0.367,0.4772783619888883,3.6,6.2,3.8,6.4
rf_full,signo_zodiacal_sagitario,256,0.5,0.4699999999999999,0.4591330891330891,0.44000000000000006,0.44464366372025543,0.492,0.5792184025125202,4.4,5.0,5.0,5.6
rf_full,signo_zodiacal_sagitario,257,0.5,0.51,0.5038888888888888,0.45999999999999996,0.47976608187134506,0.4779999999999999,0.5411806510482979,4.6,4.4,5.6,5.4
rf_full,signo_zodiacal_sagitario,258,0.5,0.5,0.5078754578754578,0.45999999999999996,0.4722357849595701,0.45600000000000007,0.5132537174727576,4.6,4.6,5.4,5.4
rf_full,signo_zodiacal_sagitario,259,0.5,0.47000000000000003,0.46970806970806966,0.4800000000000001,0.47032671192046605,0.43499999999999994,0.5321147967959113,4.8,5.4,4.6,5.2
rf_full,signo_zodiacal_sagitario,260,0.5,0.45999999999999996,0.45681818181818173,0.44000000000000006,0.4424963924963925,0.46900000000000003,0.5119925917735515,4.4,5.2,4.8,5.6
rf_full,signo_zodiacal_sagitario,261,0.5,0.45,0.4652564102564103,0.45999999999999996,0.45786561264822134,0.47400000000000003,0.572107708682786,4.6,5.6,4.4,5.4
rf_full,signo_zodiacal_sagitario,262,0.5,0.52,0.5228438228438228,0.52,0.5135311103846573,0.49400000000000005,0.5666539602468396,5.2,4.8,5.2,4.8
rf_full,signo_zodiacal_sagitario,263,0.5,0.49000000000000005,0.5116666666666667,0.36,0.4138383838383838,0.514,0.5736144498776078,3.6,3.8,6.2,6.4
rf_full,signo_zodiacal_sagitario,264,0.5,0.49000000000000005,0.5377777777777778,0.5,0.5010207336523125,0.479,0.570217468805704,5.0,5.2,4.8,5.0
rf_full,signo_zodiacal_sagitario,265,0.5,0.4,0.3754329004329004,0.32,0.3427097154651334,0.3430000000000001,0.44373512701608675,3.2,5.2,4.8,6.8
rf_full,signo_zodiacal_sagitario,266,0.5,0.5799999999999998,0.5876190476190476,0.6,0.5827237076648841,0.5479999999999999,0.6336148906133425,6.0,4.4,5.6,4.0
rf_full,signo_zodiacal_sagitario,267,0.5,0.43,0.42246642246642246,0.39999999999999997,0.40292649200308367,0.379,0.5133100928998762,4.0,5.4,4.6,6.0
rf_full,signo_zodiacal_sagitario,268,0.5,0.42000000000000004,0.4342643467643468,0.45999999999999996,0.43613489754289325,0.40800000000000003,0.4944918719051846,4.6,6.2,3.8,5.4
rf_full,signo_zodiacal_sagitario,269,0.5,0.4,0.37142857142857144,0.33999999999999997,0.3476350189198486,0.376,0.477118494852241,3.4,5.4,4.6,6.6
rf_full,signo_zodiacal_sagitario,270,0.5,0.5700000000000001,0.615,0.48,0.5311111111111111,0.587,0.6359753394180638,4.8,3.4,6.6,5.2
rf_full,signo_zodiacal_sagitario,271,0.5,0.5,0.4433838383838384,0.42000000000000004,0.42970760233918126,0.49000000000000005,0.5418065176137932,4.2,4.2,5.8,5.8
rf_full,signo_zodiacal_sagitario,272,0.5,0.51,0.5006060606060606,0.54,0.5085821371610846,0.546,0.6150307253805705,5.4,5.2,4.8,4.6
rf_full,signo_zodiacal_sagitario,273,0.5,0.4,0.4101587301587301,0.48,0.4366166932482722,0.384,0.48079918997411253,4.8,6.8,3.2,5.2
rf_full,signo_zodiacal_sagitario,274,0.5,0.49000000000000005,0.5002997002997003,0.5599999999999999,0.5214468396054073,0.47400000000000003,0.5233974164810078,5.6,5.8,4.2,4.4
rf_full,signo_zodiacal_sagitario,275,0.5,0.45999999999999996,0.43854145854145854,0.42000000000000004,0.4190256972354159,0.465,0.5377612402217665,4.2,5.0,5.0,5.8
rf_full,signo_zodiacal_sagitario,276,0.5,0.43000000000000005,0.4349028749028749,0.43999999999999995,0.43434165122952306,0.43899999999999995,0.5048503801839714,4.4,5.8,4.2,5.6
rf_full,signo_zodiacal_sagitario,277,0.5,0.47000000000000003,0.4695526695526695,0.4,0.4298196471571084,0.425,0.5241863234804411,4.0,4.6,5.4,6.0
rf_full,signo_zodiacal_sagitario,278,0.5,0.57,0.5693362193362193,0.54,0.5488757544485099,0.5740000000000001,0.6212643102511524,5.4,4.0,6.0,4.6
rf_full,signo_zodiacal_sagitario,279,0.5,0.45999999999999996,0.45500000000000007,0.44000000000000006,0.4398484848484848,0.46900000000000003,0.5048047934177965,4.4,5.2,4.8,5.6
rf_full,signo_zodiacal_sagitario,280,0.5,0.53,0.5355089355089355,0.5599999999999999,0.5451018851476517,0.519,0.618136883154685,5.6,5.0,5.0,4.4
rf_full,signo_zodiacal_sagitario,281,0.5,0.52,0.5262626262626263,0.5,0.5109440267335005,0.469,0.5215804915758476,5.0,4.6,5.4,5.0
rf_full,signo_zodiacal_sagitario,282,0.5,0.54,0.5734126984126984,0.44000000000000006,0.4935242518059855,0.5519999999999999,0.6247661874589119,4.4,3.6,6.4,5.6
rf_full,signo_zodiacal_sagitario,283,0.5,0.36,0.3239402427637722,0.33999999999999997,0.3195344570576769,0.343,0.4870687121615915,3.4,6.2,3.8,6.6
rf_full,signo_zodiacal_sagitario,284,0.5,0.56,0.5650793650793651,0.54,0.5452919285736623,0.592,0.6506325135133184,5.4,4.2,5.8,4.6
rf_full,signo_zodiacal_sagitario,285,0.5,0.54,0.5404040404040404,0.5199999999999999,0.5279866332497912,0.5509999999999999,0.5774258584552701,5.2,4.4,5.6,4.8
rf_full,signo_zodiacal_sagitario,286,0.5,0.57,0.5589535464535464,0.62,0.5748842234775738,0.5419999999999999,0.6158859202373134,6.2,4.8,5.2,3.8
rf_full,signo_zodiacal_sagitario,287,0.5,0.35,0.3130952380952381,0.3,0.302046783625731,0.30600000000000005,0.4294070694527351,3.0,6.0,4.0,7.0
rf_full,signo_zodiacal_sagitario,288,0.5,0.48999999999999994,0.5233333333333333,0.44000000000000006,0.46646464646464647,0.51,0.5535305855994711,4.4,4.6,5.4,5.6
rf_full,signo_zodiacal_sagitario,289,0.5,0.51,0.49142246642246645,0.5199999999999999,0.48680819449765467,0.49800000000000005,0.5823717395435661,5.2,5.0,5.0,4.8
rf_full,signo_zodiacal_sagitario,290,0.5,0.5199999999999999,0.5174242424242423,0.48,0.4967418546365915,0.504,0.5522569342422283,4.8,4.4,5.6,5.2
rf_full,signo_zodiacal_sagitario,291,0.5,0.49000000000000005,0.4912605042016806,0.5399999999999999,0.4996949891067538,0.554,0.6182052196169844,5.4,5.6,4.4,4.6
rf_full,signo_zodiacal_sagitario,292,0.5,0.48999999999999994,0.48888888888888893,0.39999999999999997,0.4342105263157895,0.45599999999999996,0.5058137973137974,4.0,4.2,5.8,6.0
rf_full,signo_zodiacal_sagitario,293,0.5,0.57,0.5776923076923077,0.5799999999999998,0.5690118577075098,0.5429999999999999,0.5734718028789236,5.8,4.4,5.6,4.2
rf_full,signo_zodiacal_sagitario,294,0.5,0.55,0.577936507936508,0.54,0.5353793574846206,0.588,0.6234237473912396,5.4,4.4,5.6,4.6
rf_full,signo_zodiacal_sagitario,295,0.5,0.56,0.561978021978022,0.5599999999999999,0.5558567774936062,0.54,0.5651632811632812,5.6,4.4,5.6,4.4
rf_full,signo_zodiacal_sagitario,296,0.5,0.5800000000000001,0.5822222222222223,0.56,0.5705263157894737,0.5930000000000001,0.6255265469824294,5.6,4.0,6.0,4.4
rf_full,signo_zodiacal_sagitario,297,0.5,0.5199999999999999,0.52997002997003,0.5,0.5068688344903178,0.561,0.5986550661241063,5.0,4.6,5.4,5.0
rf_full,signo_zodiacal_sagitario,298,0.5,0.45999999999999996,0.4619347319347319,0.43999999999999995,0.4212196499153021,0.48,0.552747243124952,4.4,5.2,4.8,5.6
rf_full,signo_zodiacal_sagitario,299,0.5,0.5,0.5042424242424242,0.32,0.38071428571428567,0.46699999999999997,0.5064083499919413,3.2,3.2,6.8,6.8
rf_full,signo_zodiacal_sagitario,300,0.5,0.49000000000000005,0.4888888888888888,0.45999999999999996,0.4730994152046784,0.508,0.592485374704415,4.6,4.8,5.2,5.4
rf_full,signo_zodiacal_sagitario,301,0.5,0.45,0.4496031746031746,0.44000000000000006,0.439766081871345,0.418,0.5033708411471569,4.4,5.4,4.6,5.6
rf_full,signo_zodiacal_sagitario,302,0.5,0.5199999999999999,0.5285714285714285,0.44000000000000006,0.4777089783281734,0.53,0.5702480548347422,4.4,4.0,6.0,5.6
rf_full,signo_zodiacal_sagitario,303,0.5,0.5800000000000001,0.5773626373626375,0.5599999999999999,0.5573389909323414,0.597,0.6445915391797744,5.6,4.0,6.0,4.4
rf_full,signo_zodiacal_sagitario,304,0.5,0.57,0.5697557997557997,0.58,0.5683926626610702,0.625,0.6589620836679659,5.8,4.4,5.6,4.2
rf_full,signo_zodiacal_sagitario,305,0.5,0.52,0.513888888888889,0.42000000000000004,0.4575438596491228,0.568,0.6039685098183549,4.2,3.8,6.2,5.8
rf_full,signo_zodiacal_sagitario,306,0.5,0.47000000000000003,0.45897435897435895,0.48,0.4604881769641495,0.41500000000000004,0.46772733638910113,4.8,5.4,4.6,5.2
rf_full,signo_zodiacal_sagitario,307,0.5,0.5700000000000001,0.5652525252525252,0.58,0.571829573934837,0.5539999999999999,0.6147515796896602,5.8,4.4,5.6,4.2
rf_full,signo_zodiacal_sagitario,308,0.5,0.41000000000000003,0.4121789321789321,0.4,0.40276412957527513,0.45200000000000007,0.5245611594288064,4.0,5.8,4.2,6.0
rf_full,signo_zodiacal_sagitario,309,0.5,0.45,0.41818181818181815,0.38,0.39327731092436974,0.43,0.5005515493278652,3.8,4.8,5.2,6.2
rf_full,signo_zodiacal_sagitario,310,0.5,0.53,0.5338661338661338,0.56,0.5408897155700225,0.529,0.5820314277226042,5.6,5.0,5.0,4.4
rf_full,signo_zodiacal_sagitario,311,0.5,0.5299999999999999,0.540952380952381,0.5,0.5147237076648842,0.573,0.6444932473786963,5.0,4.4,5.6,5.0
rf_full,signo_zodiacal_sagitario,312,0.5,0.55,0.5508823529411765,0.5599999999999999,0.5283660130718955,0.5700000000000001,0.6016834172879065,5.6,4.6,5.4,4.4
rf_full,signo_zodiacal_sagitario,313,0.5,0.55,0.5645021645021644,0.48,0.494031458737341,0.5359999999999998,0.5848795267340158,4.8,3.8,6.2,5.2
rf_full,signo_zodiacal_sagitario,314,0.5,0.58,0.5863636363636363,0.5199999999999999,0.532034632034632,0.6,0.6688419990741972,5.2,3.6,6.4,4.8
rf_full,signo_zodiacal_sagitario,315,0.5,0.56,0.55000777000777,0.64,0.5874569031273836,0.502,0.5822280348650318,6.4,5.2,4.8,3.6
rf_full,signo_zodiacal_sagitario,316,0.5,0.5200000000000001,0.5294372294372295,0.5399999999999999,0.527576293675365,0.512,0.5604615584793604,5.4,5.0,5.0,4.6
rf_full,signo_zodiacal_sagitario,317,0.5,0.5800000000000001,0.593974358974359,0.66,0.6169942907334212,0.6279999999999999,0.6932329157770334,6.6,5.0,5.0,3.4
rf_full,signo_zodiacal_sagitario,318,0.5,0.48,0.4638095238095238,0.5200000000000001,0.4845826330532213,0.45999999999999996,0.5359685776040265,5.2,5.6,4.4,4.8
rf_full,signo_zodiacal_sagitario,319,0.5,0.54,0.55,0.4800000000000001,0.5056353003721424,0.485,0.5745150250506288,4.8,4.0,6.0,5.2
rf_full,signo_zodiacal_sagitario,320,0.5,0.43,0.4193939393939393,0.33999999999999997,0.3704594820384294,0.39399999999999996,0.4656495275450384,3.4,4.8,5.2,6.6
rf_full,signo_zodiacal_sagitario,321,0.5,0.5,0.5,0.48,0.4874534821903243,0.5159999999999999,0.565947117811669,4.8,4.8,5.2,5.2
rf_full,signo_zodiacal_sagitario,322,0.5,0.54,0.5595238095238095,0.56,0.5498086749851455,0.612,0.6287436050361748,5.6,4.8,5.2,4.4
rf_full,signo_zodiacal_sagitario,323,0.5,0.38,0.3786713286713287,0.42000000000000004,0.39641131815044856,0.32999999999999996,0.44545821112152384,4.2,6.6,3.4,5.8
rf_full,signo_zodiacal_sagitario,324,0.5,0.56,0.5520346320346319,0.5,0.5208255933952529,0.548,0.5694286171344995,5.0,3.8,6.2,5.0
rf_full,signo_zodiacal_sagitario,325,0.5,0.53,0.5212398712398713,0.62,0.5634501272945209,0.506,0.553781446881292,6.2,5.6,4.4,3.8
rf_full,signo_zodiacal_sagitario,326,0.5,0.58,0.5664535464535464,0.64,0.5956383712905452,0.546,0.5553750483262867,6.4,4.8,5.2,3.6
rf_full,signo_zodiacal_sagitario,327,0.5,0.49000000000000005,0.47655011655011653,0.4800000000000001,0.46308242482155515,0.46399999999999997,0.5373214567510233,4.8,5.0,5.0,5.2
rf_full,signo_zodiacal_sagitario,328,0.5,0.4800000000000001,0.48539682539682544,0.4600000000000001,0.4689046144773699,0.48699999999999993,0.5771815771947351,4.6,5.0,5.0,5.4
rf_full,signo_zodiacal_sagitario,329,0.5,0.5900000000000001,0.6056060606060606,0.52,0.5507602339181286,0.6160000000000001,0.6749641371700194,5.2,3.4,6.6,4.8
rf_full,signo_zodiacal_sagitario,330,0.5,0.5,0.5095238095238095,0.5,0.49004127966976263,0.49099999999999994,0.5329068743434069,5.0,5.0,5.0,5.0
rf_full,signo_zodiacal_sagitario,331,0.5,0.42000000000000004,0.41565656565656567,0.4,0.4068504594820384,0.35400000000000004,0.46279169033580797,4.0,5.6,4.4,6.0
rf_full,signo_zodiacal_sagitario,332,0.5,0.48,0.45757575757575764,0.38,0.4037851037851038,0.49400000000000005,0.5671052640170287,3.8,4.2,5.8,6.2
rf_full,signo_zodiacal_sagitario,333,0.5,0.4,0.40442890442890445,0.42000000000000004,0.40877556209363985,0.395,0.48904397339846256,4.2,6.2,3.8,5.8
rf_full,signo_zodiacal_sagitario,334,0.5,0.39,0.33142857142857146,0.33999999999999997,0.3276470588235294,0.42700000000000005,0.4775481089258179,3.4,5.6,4.4,6.6
rf_full,signo_zodiacal_sagitario,335,0.5,0.42000000000000004,0.4083333333333334,0.33999999999999997,0.34914285714285714,0.33599999999999997,0.43948556182379706,3.4,5.0,5.0,6.6
rf_full,signo_zodiacal_sagitario,336,0.5,0.5900000000000001,0.5733333333333335,0.5,0.5202641802641802,0.505,0.569189355364278,5.0,3.2,6.8,5.0
rf_full,signo_zodiacal_sagitario,337,0.5,0.45999999999999996,0.439018759018759,0.4,0.4151909184726522,0.438,0.5078329237841622,4.0,4.8,5.2,6.0
rf_full,signo_zodiacal_sagitario,338,0.5,0.56,0.5760139860139859,0.5399999999999999,0.5495755693581781,0.583,0.6226274258936797,5.4,4.2,5.8,4.6
rf_full,signo_zodiacal_sagitario,339,0.5,0.51,0.5025757575757576,0.5,0.493015873015873,0.535,0.5607097609992346,5.0,4.8,5.2,5.0
rf_full,signo_zodiacal_sagitario,340,0.5,0.5,0.505,0.45999999999999996,0.48058479532163745,0.479,0.558502361845241,4.6,4.6,5.4,5.4
rf_full,signo_zodiacal_sagitario,341,0.5,0.47000000000000003,0.45782828282828286,0.48,0.4640350877192983,0.491,0.5707598163790113,4.8,5.4,4.6,5.2
rf_full,signo_zodiacal_sagitario,342,0.5,0.6,0.6422161172161173,0.54,0.5754973003694233,0.6140000000000001,0.626204091659974,5.4,3.4,6.6,4.6
rf_full,signo_zodiacal_sagitario,343,0.5,0.5,0.49111111111111116,0.5,0.48918472652218786,0.477,0.5534249017236633,5.0,5.0,5.0,5.0
rf_full,signo_zodiacal_sagitario,344,0.5,0.6,0.6343589743589744,0.5599999999999999,0.5758300395256917,0.661,0.7142100275025972,5.6,3.6,6.4,4.4
rf_full,signo_zodiacal_sagitario,345,0.5,0.62,0.6314102564102564,0.6,0.6098906687007374,0.613,0.6768276702657507,6.0,3.6,6.4,4.0
rf_full,signo_zodiacal_sagitario,346,0.5,0.5599999999999999,0.5541880341880342,0.54,0.5393935926773455,0.5549999999999999,0.5928342572460219,5.4,4.2,5.8,4.6
rf_full,signo_zodiacal_sagitario,347,0.5,0.42000000000000004,0.41119658119658115,0.4,0.4018916857360793,0.392,0.4880154218846169,4.0,5.6,4.4,6.0
rf_full,signo_zodiacal_sagitario,348,0.5,0.56,0.5718253968253968,0.5799999999999998,0.5699627857522593,0.627,0.63527631089241,5.8,4.6,5.4,4.2
rf_full,signo_zodiacal_sagitario,349,0.5,0.57,0.5902020202020202,0.5,0.5268215994531784,0.619,0.6092267089635511,5.0,3.6,6.4,5.0
rf_full,signo_zodiacal_sagitario,350,0.5,0.54,0.5256410256410257,0.52,0.5150070499040751,0.557,0.6230015072646651,5.2,4.4,5.6,4.8
rf_full,signo_zodiacal_sagitario,351,0.5,0.49000000000000005,0.4917171717171717,0.5799999999999998,0.5272631578947368,0.506,0.5764241571122375,5.8,6.0,4.0,4.2
rf_full,signo_zodiacal_sagitario,352,0.5,0.4699999999999999,0.43611111111111106,0.4,0.4060568086883876,0.484,0.5958061764516872,4.0,4.6,5.4,6.0
rf_full,signo_zodiacal_sagitario,353,0.5,0.56,0.5511471861471862,0.6,0.5593492063492063,0.6260000000000001,0.6396779686601668,6.0,4.8,5.2,4.0
rf_full,signo_zodiacal_sagitario,354,0.5,0.6,0.6066666666666667,0.6,0.5985858585858586,0.6169999999999999,0.6655807254321185,6.0,4.0,6.0,4.0
rf_full,signo_zodiacal_sagitario,355,0.5,0.51,0.5106060606060605,0.56,0.5333333333333333,0.517,0.5593122775916893,5.6,5.4,4.6,4.4
rf_full,signo_zodiacal_sagitario,356,0.5,0.48,0.4628571428571428,0.42000000000000004,0.43764705882352944,0.541,0.5632306088304541,4.2,4.6,5.4,5.8
rf_full,signo_zodiacal_sagitario,357,0.5,0.42000000000000004,0.3618864468864469,0.34,0.3426804863821959,0.4630000000000001,0.5315451040187881,3.4,5.0,5.0,6.6
rf_full,signo_zodiacal_sagitario,358,0.5,0.48,0.47937839937839943,0.5199999999999999,0.49712978097417454,0.47700000000000004,0.5183565774610666,5.2,5.6,4.4,4.8
rf_full,signo_zodiacal_sagitario,359,0.5,0.49000000000000005,0.4909090909090909,0.54,0.5142857142857142,0.453,0.533503635855029,5.4,5.6,4.4,4.6
rf_full,signo_zodiacal_sagitario,360,0.5,0.5900000000000001,0.6147435897435897,0.4800000000000001,0.5252415458937199,0.5740000000000001,0.596548208929014,4.8,3.0,7.0,5.2
rf_full,signo_zodiacal_sagitario,361,0.5,0.5599999999999999,0.5533333333333332,0.54,0.5438171185539605,0.576,0.5971692006823586,5.4,4.2,5.8,4.6
rf_full,signo_zodiacal_sagitario,362,0.5,0.5700000000000001,0.5853968253968255,0.54,0.5473808049535605,0.617,0.6358827104268281,5.4,4.0,6.0,4.6
rf_full,signo_zodiacal_sagitario,363,0.5,0.58,0.5829797979797979,0.5399999999999999,0.5584962406015037,0.619,0.6347174943219833,5.4,3.8,6.2,4.6
rf_full,signo_zodiacal_sagitario,364,0.5,0.44000000000000006,0.44281274281274285,0.4800000000000001,0.45805026399992077,0.454,0.544620508146824,4.8,6.0,4.0,5.2
rf_full,signo_zodiacal_sagitario,365,0.5,0.42000000000000004,0.42103174603174603,0.42000000000000004,0.4138896707008162,0.38499999999999995,0.5058209142079112,4.2,5.8,4.2,5.8
rf_full,signo_zodiacal_sagitario,366,0.5,0.42000000000000004,0.4242063492063492,0.4,0.40730994152046784,0.37299999999999994,0.5032555335101775,4.0,5.6,4.4,6.0
rf_full,signo_zodiacal_sagitario,367,0.5,0.5700000000000001,0.6052020202020202,0.48,0.5262155388471178,0.582,0.6292605727605729,4.8,3.4,6.6,5.2
rf_full,signo_zodiacal_sagitario,368,0.5,0.63,0.6322510822510823,0.64,0.6306340718105423,0.6519999999999999,0.6685785294856501,6.4,3.8,6.2,3.6
rf_full,signo_zodiacal_sagitario,369,0.5,0.54,0.5452380952380953,0.52,0.5245989304812835,0.517,0.5635897256338434,5.2,4.4,5.6,4.8
rf_full,signo_zodiacal_sagitario,370,0.5,0.4600000000000001,0.4703463203463204,0.45999999999999996,0.4591970121381886,0.46299999999999997,0.5265626405757984,4.6,5.4,4.6,5.4
rf_full,signo_zodiacal_sagitario,371,0.5,0.45,0.4143589743589743,0.36,0.3754525807271803,0.42000000000000004,0.5056543189352787,3.6,4.6,5.4,6.4
rf_full,signo_zodiacal_sagitario,372,0.5,0.55,0.5867521367521368,0.5399999999999999,0.547186741557451,0.557,0.5943688723557145,5.4,4.4,5.6,4.6
rf_full,signo_zodiacal_sagitario,373,0.5,0.44000000000000006,0.4450349650349651,0.45999999999999996,0.450011986487959,0.45499999999999996,0.5263476306974759,4.6,5.8,4.2,5.4
rf_full,signo_zodiacal_sagitario,374,0.5,0.4699999999999999,0.42857142857142855,0.5199999999999999,0.4639154704944179,0.45600000000000007,0.5321581870142241,5.2,5.8,4.2,4.8
rf_full,signo_zodiacal_sagitario,375,0.5,0.4800000000000001,0.4888383838383838,0.48,0.4816556542872332,0.44299999999999995,0.523070067789108,4.8,5.2,4.8,5.2
rf_full,signo_zodiacal_sagitario,376,0.5,0.5,0.49616161616161614,0.54,0.5157256778309409,0.45600000000000007,0.5576291425292974,5.4,5.4,4.6,4.6
rf_full,signo_zodiacal_sagitario,377,0.5,0.43000000000000005,0.4242424242424242,0.36,0.38625976706472065,0.393,0.5143105630179934,3.6,5.0,5.0,6.4
rf_full,signo_zodiacal_sagitario,378,0.5,0.42000000000000004,0.4173992673992674,0.42000000000000004,0.4143981203881594,0.40499999999999997,0.5012387622697221,4.2,5.8,4.2,5.8
rf_full,signo_zodiacal_sagitario,379,0.5,0.45,0.41620879120879123,0.4,0.388543823326432,0.48100000000000004,0.5763349346731699,4.0,5.0,5.0,6.0
rf_full,signo_zodiacal_sagitario,380,0.5,0.51,0.5134115884115884,0.5800000000000001,0.5392684610075914,0.48100000000000004,0.548749398692123,5.8,5.6,4.4,4.2
rf_full,signo_zodiacal_sagitario,381,0.5,0.4600000000000001,0.46828282828282825,0.4,0.4235588972431078,0.484,0.5515568567139775,4.0,4.8,5.2,6.0
rf_full,signo_zodiacal_sagitario,382,0.5,0.5,0.5119347319347318,0.5399999999999999,0.5136438923395445,0.538,0.5846434111124514,5.4,5.4,4.6,4.6
rf_full,signo_zodiacal_sagitario,383,0.5,0.52,0.5307142857142858,0.6000000000000001,0.5568686868686868,0.511,0.6028602365986266,6.0,5.6,4.4,4.0
rf_full,signo_zodiacal_sagitario,384,0.5,0.61,0.6286446886446886,0.6599999999999999,0.629163372859025,0.584,0.5964155925773573,6.6,4.4,5.6,3.4
rf_full,signo_zodiacal_sagitario,385,0.5,0.38999999999999996,0.3501010101010101,0.34,0.3346867167919799,0.399,0.4648001726515658,3.4,5.6,4.4,6.6
rf_full,signo_zodiacal_sagitario,386,0.5,0.56,0.5512709512709513,0.64,0.5889070502342812,0.621,0.6870885476752349,6.4,5.2,4.8,3.6
rf_full,signo_zodiacal_sagitario,387,0.5,0.45999999999999996,0.39658119658119656,0.48,0.4198594311866623,0.521,0.567961585799821,4.8,5.6,4.4,5.2
rf_full,signo_zodiacal_sagitario,388,0.5,0.45,0.44153069153069147,0.45999999999999996,0.4476372089644401,0.354,0.4586901268665974,4.6,5.6,4.4,5.4
rf_full,signo_zodiacal_sagitario,389,0.5,0.5200000000000001,0.5202020202020201,0.42000000000000004,0.45288220551378444,0.489,0.5283811169910242,4.2,3.8,6.2,5.8
rf_full,signo_zodiacal_sagitario,390,0.5,0.59,0.5930769230769231,0.62,0.5980193236714977,0.6609999999999999,0.7039367026162692,6.2,4.4,5.6,3.8
rf_full,signo_zodiacal_sagitario,391,0.5,0.47000000000000003,0.4714285714285714,0.43999999999999995,0.4455882352941177,0.4299999999999999,0.5102407335526531,4.4,5.0,5.0,5.6
rf_full,signo_zodiacal_sagitario,392,0.5,0.44000000000000006,0.4316727716727716,0.42000000000000004,0.421932965405842,0.471,0.5322388897652054,4.2,5.4,4.6,5.8
rf_full,signo_zodiacal_sagitario,393,0.5,0.47000000000000003,0.4743278943278943,0.52,0.4939399883106977,0.45199999999999996,0.5150374615065016,5.2,5.8,4.2,4.8
rf_full,signo_zodiacal_sagitario,394,0.5,0.53,0.5437301587301586,0.5,0.5097076023391812,0.472,0.5321801634038476,5.0,4.4,5.6,5.0
rf_full,signo_zodiacal_sagitario,395,0.5,0.53,0.5073076923076923,0.52,0.4983461552431804,0.5880000000000001,0.6318776115525342,5.2,4.6,5.4,4.8
rf_full,signo_zodiacal_sagitario,396,0.5,0.52,0.5076323676323675,0.54,0.5199780781877968,0.51,0.5778601492247002,5.4,5.0,5.0,4.6
rf_full,signo_zodiacal_sagitario,397,0.5,0.6,0.6187878787878789,0.6000000000000001,0.5972698412698413,0.5700000000000001,0.603495421846815,6.0,4.0,6.0,4.0
rf_full,signo_zodiacal_sagitario,398,0.5,0.5199999999999999,0.5193473193473193,0.54,0.5216967814793902,0.485,0.5463731387291759,5.4,5.0,5.0,4.6
rf_full,signo_zodiacal_sagitario,399,0.5,0.55,0.5222727272727272,0.43999999999999995,0.46801587301587305,0.566,0.5908677315116944,4.4,3.4,6.6,5.6
rf_full,signo_zodiacal_sagitario,400,0.5,0.6199999999999999,0.5911111111111111,0.62,0.5989886480908153,0.6679999999999999,0.6727963970154371,6.2,3.8,6.2,3.8
rf_full,signo_zodiacal_sagitario,401,0.5,0.53,0.5214341214341214,0.52,0.5142985340589324,0.5449999999999999,0.5815411641162416,5.2,4.6,5.4,4.8
rf_full,signo_zodiacal_sagitario,402,0.5,0.4,0.37676767676767675,0.38,0.37587719298245614,0.38299999999999995,0.4770870179871728,3.8,5.8,4.2,6.2
rf_full,signo_zodiacal_sagitario,403,0.5,0.49000000000000005,0.4727777777777778,0.36,0.40324561403508774,0.546,0.6140608445562006,3.6,3.8,6.2,6.4
rf_full,signo_zodiacal_sagitario,404,0.5,0.42000000000000004,0.4202272727272727,0.42000000000000004,0.4061050061050061,0.41200000000000003,0.4760127797039562,4.2,5.8,4.2,5.8
rf_full,signo_zodiacal_sagitario,405,0.5,0.49000000000000005,0.4888888888888888,0.5,0.49373433583959897,0.485,0.5619794182425761,5.0,5.2,4.8,5.0
rf_full,signo_zodiacal_sagitario,406,0.5,0.53,0.5541569541569542,0.52,0.5261877519886673,0.5319999999999999,0.6066712905257796,5.2,4.6,5.4,4.8
rf_full,signo_zodiacal_sagitario,407,0.5,0.45,0.4518614718614719,0.45999999999999996,0.4491803037004275,0.404,0.5228503270035777,4.6,5.6,4.4,5.4
rf_full,signo_zodiacal_sagitario,408,0.5,0.47000000000000003,0.44603174603174595,0.48,0.4518575851393189,0.49000000000000005,0.5312643165228306,4.8,5.4,4.6,5.2
rf_full,signo_zodiacal_sagitario,409,0.5,0.45,0.4471245421245422,0.5199999999999999,0.4767061923583663,0.433,0.5314982713365066,5.2,6.2,3.8,4.8
rf_full,signo_zodiacal_sagitario,410,0.5,0.53,0.5272727272727272,0.54,0.5265151515151515,0.49000000000000005,0.5386507485462594,5.4,4.8,5.2,4.6
rf_full,signo_zodiacal_sagitario,411,0.5,0.4699999999999999,0.4666666666666666,0.44000000000000006,0.4526315789473684,0.485,0.5825696438064859,4.4,5.0,5.0,5.6
rf_full,signo_zodiacal_sagitario,412,0.5,0.5,0.5093473193473194,0.5199999999999999,0.5071513269339356,0.49499999999999994,0.5849079445666133,5.2,5.2,4.8,4.8
rf_full,signo_zodiacal_sagitario,413,0.5,0.5399999999999999,0.5373809523809524,0.47999999999999987,0.5048572411420709,0.5429999999999999,0.5943184670506653,4.8,4.0,6.0,5.2
rf_full,signo_zodiacal_sagitario,414,0.5,0.45,0.4357142857142858,0.36000000000000004,0.39281045751633986,0.495,0.5647872568607862,3.6,4.6,5.4,6.4
rf_full,signo_zodiacal_sagitario,415,0.5,0.5900000000000001,0.6126190476190476,0.5,0.5452287581699347,0.5740000000000001,0.6471617651354493,5.0,3.2,6.8,5.0
rf_full,signo_zodiacal_sagitario,416,0.5,0.43,0.43272727272727274,0.4,0.4091702741702742,0.4619999999999999,0.5458110412978835,4.0,5.4,4.6,6.0
rf_full,signo_zodiacal_sagitario,417,0.5,0.58,0.5903318903318904,0.54,0.5594181532262026,0.5820000000000001,0.6439134009265588,5.4,3.8,6.2,4.6
rf_full,signo_zodiacal_sagitario,418,0.5,0.52,0.5232575757575758,0.5599999999999999,0.534024805603753,0.46699999999999997,0.5312181729519191,5.6,5.2,4.8,4.4
rf_full,signo_zodiacal_sagitario,419,0.5,0.57,0.565959595959596,0.6,0.5811073137388927,0.5509999999999999,0.587970787382552,6.0,4.6,5.4,4.0
rf_full,signo_zodiacal_sagitario,420,0.5,0.56,0.5706349206349207,0.5199999999999999,0.5396566282015198,0.618,0.6581922419685577,5.2,4.0,6.0,4.8
rf_full,signo_zodiacal_sagitario,421,0.5,0.52,0.5244949494949495,0.5399999999999999,0.5286549707602339,0.5269999999999999,0.5652281797150218,5.4,5.0,5.0,4.6
rf_full,signo_zodiacal_sagitario,422,0.5,0.53,0.5340909090909091,0.5,0.5094877344877344,0.5149999999999999,0.5621970364516804,5.0,4.4,5.6,5.0
rf_full,signo_zodiacal_sagitario,423,0.5,0.51,0.5014957264957265,0.54,0.5154080854309687,0.53,0.5972121287725003,5.4,5.2,4.8,4.6
rf_full,signo_zodiacal_sagitario,424,0.5,0.5900000000000001,0.6042857142857143,0.54,0.5654307783719548,0.651,0.6917670729683113,5.4,3.6,6.4,4.6
rf_full,signo_zodiacal_sagitario,425,0.5,0.5700000000000001,0.556965811965812,0.52,0.5277854055428426,0.602,0.6780390997890997,5.2,3.8,6.2,4.8
rf_full,signo_zodiacal_sagitario,426,0.5,0.51,0.5104700854700854,0.44000000000000006,0.45841415132032975,0.45599999999999996,0.5111037763406184,4.4,4.2,5.8,5.6
rf_full,signo_zodiacal_sagitario,427,0.5,0.41,0.3738888888888889,0.32,0.33944862155388467,0.41999999999999993,0.4723865474910366,3.2,5.0,5.0,6.8
rf_full,signo_zodiacal_sagitario,428,0.5,0.49000000000000005,0.4496969696969697,0.39999999999999997,0.4148412698412699,0.45099999999999996,0.5087164528797655,4.0,4.2,5.8,6.0
rf_full,signo_zodiacal_sagitario,429,0.5,0.5,0.4986013986013985,0.4600000000000001,0.46359376702626126,0.5640000000000001,0.6305413191899258,4.6,4.6,5.4,5.4
rf_full,signo_zodiacal_sagitario,430,0.5,0.44000000000000006,0.44102564102564107,0.5,0.46671520698980656,0.43499999999999994,0.5156512830994254,5.0,6.2,3.8,5.0
rf_full,signo_zodiacal_sagitario,431,0.5,0.41,0.4223232323232324,0.48,0.44531510594668494,0.3330000000000001,0.4483173678746434,4.8,6.6,3.4,5.2
rf_full,signo_zodiacal_sagitario,432,0.5,0.52,0.5261904761904762,0.44000000000000006,0.4707783719548425,0.5269999999999999,0.5612130841294928,4.4,4.0,6.0,5.6
rf_full,signo_zodiacal_sagitario,433,0.5,0.44000000000000006,0.41666666666666663,0.36000000000000004,0.3796612743981165,0.41600000000000004,0.4906006113769271,3.6,4.8,5.2,6.4
rf_full,signo_zodiacal_sagitario,434,0.5,0.51,0.5155555555555555,0.45999999999999996,0.4725263157894736,0.5529999999999999,0.5499020336388757,4.6,4.4,5.6,5.4
rf_full,signo_zodiacal_sagitario,435,0.5,0.51,0.5058741258741258,0.5599999999999999,0.5303105590062112,0.513,0.5494667744536166,5.6,5.4,4.6,4.4
rf_full,signo_zodiacal_sagitario,436,0.5,0.54,0.5438034188034188,0.5199999999999999,0.5270022883295195,0.593,0.647581722800763,5.2,4.4,5.6,4.8
rf_full,signo_zodiacal_sagitario,437,0.5,0.6,0.6123076923076922,0.6,0.6032951945080092,0.658,0.6882571872571873,6.0,4.0,6.0,4.0
rf_full,signo_zodiacal_sagitario,438,0.5,0.56,0.5441666666666667,0.56,0.5395726495726496,0.5660000000000001,0.6287198094303357,5.6,4.4,5.6,4.4
rf_full,signo_zodiacal_sagitario,439,0.5,0.42000000000000004,0.40242424242424246,0.42000000000000004,0.399012987012987,0.38199999999999995,0.47949625434764753,4.2,5.8,4.2,5.8
rf_full,signo_zodiacal_sagitario,440,0.5,0.58,0.5733333333333334,0.54,0.5403157894736842,0.619,0.6997849717362101,5.4,3.8,6.2,4.6
rf_full,signo_zodiacal_sagitario,441,0.5,0.47000000000000003,0.46464646464646464,0.43999999999999995,0.4511278195488721,0.44399999999999995,0.551024236169747,4.4,5.0,5.0,5.6
rf_full,signo_zodiacal_sagitario,442,0.5,0.61,0.5925407925407925,0.7,0.6412196499153021,0.653,0.6519398630265504,7.0,4.8,5.2,3.0
rf_full,signo_zodiacal_sagitario,443,0.5,0.48,0.4754822954822955,0.42000000000000004,0.4360093327949029,0.44600000000000006,0.5176471861471861,4.2,4.6,5.4,5.8
rf_full,signo_zodiacal_sagitario,444,0.5,0.44000000000000006,0.44783549783549786,0.48,0.45465367965367964,0.421,0.518109094551819,4.8,6.0,4.0,5.2
rf_full,signo_zodiacal_sagitario,445,0.5,0.48,0.48321678321678324,0.48,0.47736369910282955,0.4069999999999999,0.4931745868510574,4.8,5.2,4.8,5.2
rf_full,signo_zodiacal_sagitario,446,0.5,0.6,0.6354761904761904,0.5,0.5420915032679738,0.591,0.6173246518703175,5.0,3.0,7.0,5.0
rf_full,signo_zodiacal_sagitario,447,0.5,0.5499999999999999,0.5538661338661338,0.52,0.5267988064791134,0.562,0.5961766011766012,5.2,4.2,5.8,4.8
rf_full,signo_zodiacal_sagitario,448,0.5,0.54,0.5459340659340659,0.5800000000000001,0.5534441602728049,0.5269999999999999,0.53554808976713,5.8,5.0,5.0,4.2
rf_full,signo_zodiacal_sagitario,449,0.5,0.5700000000000001,0.5654545454545454,0.6,0.577936507936508,0.5640000000000001,0.6113569638995336,6.0,4.6,5.4,4.0
rf_full,signo_zodiacal_sagitario,450,0.5,0.45999999999999996,0.4527077497665733,0.5,0.46325171216812083,0.472,0.5303079328652084,5.0,5.8,4.2,5.0
rf_full,signo_zodiacal_sagitario,451,0.5,0.5700000000000001,0.5806349206349207,0.6,0.5800011258091754,0.595,0.5918211957461184,6.0,4.6,5.4,4.0
rf_full,signo_zodiacal_sagitario,452,0.5,0.5199999999999999,0.510400057458881,0.58,0.5309238569569704,0.56,0.567309319765202,5.8,5.4,4.6,4.2
rf_full,signo_zodiacal_sagitario,453,0.5,0.51,0.5111111111111111,0.5,0.4997076023391814,0.48100000000000004,0.5448965811450331,5.0,4.8,5.2,5.0
rf_full,signo_zodiacal_sagitario,454,0.5,0.6399999999999999,0.6628171828171828,0.6200000000000001,0.6303349165753258,0.701,0.7632669989109616,6.2,3.4,6.6,3.8
rf_full,signo_zodiacal_sagitario,455,0.5,0.5599999999999999,0.5485314685314686,0.6200000000000001,0.5810351966873706,0.544,0.5920558134675782,6.2,5.0,5.0,3.8
rf_full,signo_zodiacal_sagitario,456,0.5,0.45999999999999996,0.45476190476190476,0.38,0.40555555555555556,0.43000000000000005,0.5199126289087588,3.8,4.6,5.4,6.2
rf_full,signo_zodiacal_sagitario,457,0.5,0.43000000000000005,0.4140476190476191,0.36,0.3835706914344685,0.41500000000000004,0.49492642531187425,3.6,5.0,5.0,6.4
rf_full,signo_zodiacal_sagitario,458,0.5,0.5,0.5054545454545455,0.54,0.5172698412698413,0.5010000000000001,0.5303502706443883,5.4,5.4,4.6,4.6
rf_full,signo_zodiacal_sagitario,459,0.5,0.4600000000000001,0.49003968253968255,0.54,0.49295546558704445,0.497,0.5789718706645951,5.4,6.2,3.8,4.6
rf_full,signo_zodiacal_sagitario,460,0.5,0.48,0.47111111111111115,0.4,0.43046783625730994,0.476,0.5294296912238089,4.0,4.4,5.6,6.0
rf_full,signo_zodiacal_sagitario,461,0.5,0.41999999999999993,0.42363636363636364,0.44000000000000006,0.4314285714285714,0.429,0.5410048681109052,4.4,6.0,4.0,5.6
rf_full,signo_zodiacal_sagitario,462,0.5,0.4800000000000001,0.47777777777777775,0.48,0.47794486215538845,0.46499999999999997,0.521656388331311,4.8,5.2,4.8,5.2
rf_full,signo_zodiacal_sagitario,463,0.5,0.38,0.37977272727272726,0.5,0.42846153846153856,0.4029999999999999,0.49492981055751956,5.0,7.4,2.6,5.0
rf_full,signo_zodiacal_sagitario,464,0.5,0.5600000000000002,0.5672727272727272,0.5,0.5228070175438596,0.563,0.5646156882333353,5.0,3.8,6.2,5.0
rf_full,signo_zodiacal_sagitario,465,0.5,0.41999999999999993,0.4173076923076923,0.45999999999999996,0.4341723874904654,0.45600000000000007,0.5776107113560673,4.6,6.2,3.8,5.4
rf_full,signo_zodiacal_sagitario,466,0.5,0.45999999999999996,0.45510822510822513,0.45999999999999996,0.45405143875732107,0.465,0.5214895263834892,4.6,5.4,4.6,5.4
rf_full,signo_zodiacal_sagitario,467,0.5,0.49000000000000005,0.4600000000000001,0.42000000000000004,0.43353535353535355,0.524,0.5763973608091254,4.2,4.4,5.6,5.8
rf_full,signo_zodiacal_sagitario,468,0.5,0.49000000000000005,0.4796536796536796,0.5199999999999999,0.4928571428571429,0.484,0.5437397412528991,5.2,5.4,4.6,4.8
rf_full,signo_zodiacal_sagitario,469,0.5,0.37,0.36444444444444446,0.34,0.35157894736842105,0.348,0.452779663319137,3.4,6.0,4.0,6.6
rf_full,signo_zodiacal_sagitario,470,0.5,0.52,0.5347802197802197,0.5,0.5112702472293265,0.5309999999999999,0.5844453128570776,5.0,4.6,5.4,5.0
rf_full,signo_zodiacal_sagitario,471,0.5,0.59,0.6375757575757576,0.52,0.5669047619047618,0.646,0.7145125907803925,5.2,3.4,6.6,4.8
rf_full,signo_zodiacal_sagitario,472,0.5,0.44000000000000006,0.43238095238095237,0.36,0.3915239078087375,0.492,0.527590407528488,3.6,4.8,5.2,6.4
rf_full,signo_zodiacal_sagitario,473,0.5,0.55,0.5842424242424242,0.5399999999999999,0.5448872180451128,0.527,0.614281513034609,5.4,4.4,5.6,4.6
rf_full,signo_zodiacal_sagitario,474,0.5,0.58,0.5601190476190476,0.72,0.6263403263403263,0.5469999999999999,0.5294206926544389,7.2,5.6,4.4,2.8
rf_full,signo_zodiacal_sagitario,475,0.5,0.51,0.5189310689310689,0.4999999999999999,0.49744688389189673,0.564,0.6051815945492416,5.0,4.8,5.2,5.0
rf_full,signo_zodiacal_sagitario,476,0.5,0.5599999999999999,0.5693362193362193,0.54,0.5499390186696689,0.612,0.6444714268359778,5.4,4.2,5.8,4.6
rf_full,signo_zodiacal_sagitario,477,0.5,0.48,0.49108974358974355,0.6200000000000001,0.5426488294314381,0.488,0.559529793735676,6.2,6.6,3.4,3.8
rf_full,signo_zodiacal_sagitario,478,0.5,0.53,0.5443667443667444,0.48,0.5002669717772693,0.533,0.5952260331687576,4.8,4.2,5.8,5.2
rf_full,signo_zodiacal_sagitario,479,0.5,0.53,0.5356060606060605,0.5199999999999999,0.512,0.5589999999999999,0.6368416377224426,5.2,4.6,5.4,4.8
rf_full,signo_zodiacal_sagitario,480,0.5,0.53,0.513986013986014,0.52,0.5106843194943881,0.5479999999999999,0.5904171367847839,5.2,4.6,5.4,4.8
rf_full,signo_zodiacal_sagitario,481,0.5,0.47000000000000003,0.46396103896103896,0.4600000000000001,0.45773703420762246,0.454,0.5057789514407162,4.6,5.2,4.8,5.4
rf_full,signo_zodiacal_sagitario,482,0.5,0.5700000000000001,0.5575213675213675,0.6199999999999999,0.5746663199500728,0.6090000000000001,0.6227878036995685,6.2,4.8,5.2,3.8
rf_full,signo_zodiacal_sagitario,483,0.5,0.43000000000000005,0.4209090909090909,0.41999999999999993,0.4196825396825396,0.43000000000000005,0.49793423243423246,4.2,5.6,4.4,5.8
rf_full,signo_zodiacal_sagitario,484,0.5,0.4600000000000001,0.457979797979798,0.43999999999999995,0.44738512949039266,0.503,0.5466455952028706,4.4,5.2,4.8,5.6
rf_full,signo_zodiacal_sagitario,485,0.5,0.37,0.3588888888888889,0.34,0.34865497076023394,0.333,0.4328956696897873,3.4,6.0,4.0,6.6
rf_full,signo_zodiacal_sagitario,486,0.5,0.49000000000000005,0.49111111111111116,0.4800000000000001,0.47970760233918136,0.44699999999999995,0.5008614307948672,4.8,5.0,5.0,5.2
rf_full,signo_zodiacal_sagitario,487,0.5,0.48,0.4666666666666666,0.44000000000000006,0.4485645933014354,0.469,0.5226808726189531,4.4,4.8,5.2,5.6
rf_full,signo_zodiacal_sagitario,488,0.5,0.54,0.5333333333333333,0.44000000000000006,0.47742690058479526,0.558,0.6301281753162558,4.4,3.6,6.4,5.6
rf_full,signo_zodiacal_sagitario,489,0.5,0.4,0.4025829725829726,0.43999999999999995,0.4138883036468176,0.41600000000000004,0.5129469337851691,4.4,6.4,3.6,5.6
rf_full,signo_zodiacal_sagitario,490,0.5,0.45,0.4446886446886447,0.42000000000000004,0.4221848652088253,0.4149999999999999,0.49429942176846203,4.2,5.2,4.8,5.8
rf_full,signo_zodiacal_sagitario,491,0.5,0.47000000000000003,0.46349206349206346,0.38,0.4140092879256966,0.44299999999999995,0.515080149812348,3.8,4.4,5.6,6.2
rf_full,signo_zodiacal_sagitario,492,0.5,0.52,0.5161616161616162,0.5599999999999999,0.5325197050597508,0.504,0.5631526431085254,5.6,5.2,4.8,4.4
rf_full,signo_zodiacal_sagitario,493,0.5,0.5,0.5053968253968254,0.4,0.4432696938424493,0.523,0.6017195016885418,4.0,4.0,6.0,6.0
rf_full,signo_zodiacal_sagitario,494,0.5,0.51,0.52004329004329,0.5,0.5056282417273129,0.49399999999999994,0.5765071296952101,5.0,4.8,5.2,5.0
rf_full,signo_zodiacal_sagitario,495,0.5,0.5399999999999999,0.526984126984127,0.5,0.5018575851393189,0.567,0.591622375560456,5.0,4.2,5.8,5.0
rf_full,signo_zodiacal_sagitario,496,0.5,0.49000000000000005,0.49563492063492054,0.38,0.42773477812177496,0.518,0.5494813972577131,3.8,4.0,6.0,6.2
rf_full,signo_zodiacal_sagitario,497,0.5,0.51,0.5003968253968254,0.5199999999999999,0.5032429558745348,0.57,0.662300210195721,5.2,5.0,5.0,4.8
rf_full,signo_zodiacal_sagitario,498,0.5,0.48,0.5693506493506493,0.45999999999999996,0.45809523809523806,0.5269999999999999,0.6182848915790091,4.6,5.0,5.0,5.4
rf_full,signo_zodiacal_sagitario,499,0.5,0.44000000000000006,0.4446886446886447,0.5,0.4658451522901651,0.4680000000000001,0.547206747071298,5.0,6.2,3.8,5.0
rf_full,signo_zodiacal_sagitario,500,0.5,0.5900000000000001,0.5856565656565657,0.6,0.5919298245614034,0.6589999999999999,0.7326713090830737,6.0,4.2,5.8,4.0
rf_full,signo_zodiacal_tauro,1,0.5,0.6,0.660952380952381,0.5,0.5548752228163993,0.623,0.6595585966321259,5.0,3.0,7.0,5.0
rf_full,signo_zodiacal_tauro,2,0.5,0.6,0.6146520146520146,0.54,0.5630576868428532,0.599,0.6117855010486588,5.4,3.4,6.6,4.6
rf_full,signo_zodiacal_tauro,3,0.5,0.55,0.5548229548229549,0.4800000000000001,0.4981308770647847,0.5900000000000001,0.6354889740462497,4.8,3.8,6.2,5.2
rf_full,signo_zodiacal_tauro,4,0.5,0.48,0.4641880341880342,0.5199999999999999,0.4885084252132307,0.48,0.5455974113605693,5.2,5.6,4.4,4.8
rf_full,signo_zodiacal_tauro,5,0.5,0.5,0.5105494505494506,0.48,0.48827507814720084,0.462,0.5686153132213503,4.8,4.8,5.2,5.2
rf_full,signo_zodiacal_tauro,6,0.5,0.49000000000000005,0.47329004329004326,0.44000000000000006,0.4464323911382735,0.5229999999999999,0.5923609891140851,4.4,4.6,5.4,5.6
rf_full,signo_zodiacal_tauro,7,0.5,0.53,0.5316666666666666,0.5599999999999999,0.5370909090909091,0.583,0.6013091979400029,5.6,5.0,5.0,4.4
rf_full,signo_zodiacal_tauro,8,0.5,0.37,0.3365873015873016,0.33999999999999997,0.3309886480908153,0.376,0.4645317902771463,3.4,6.0,4.0,6.6
rf_full,signo_zodiacal_tauro,9,0.5,0.53,0.5413203463203462,0.58,0.5553535353535354,0.594,0.6508307972557199,5.8,5.2,4.8,4.2
rf_full,signo_zodiacal_tauro,10,0.5,0.42000000000000004,0.4185281385281385,0.39999999999999997,0.40470927765045417,0.4370000000000001,0.5010791522718767,4.0,5.6,4.4,6.0
rf_full,signo_zodiacal_tauro,11,0.5,0.5199999999999999,0.5376623376623376,0.5,0.5097105508870214,0.5359999999999999,0.586775269879759,5.0,4.6,5.4,5.0
rf_full,signo_zodiacal_tauro,12,0.5,0.5599999999999999,0.5612698412698414,0.58,0.5640436128684885,0.6010000000000001,0.6295397723191841,5.8,4.6,5.4,4.2
rf_full,signo_zodiacal_tauro,13,0.5,0.48,0.48,0.42000000000000004,0.4472514619883041,0.539,0.5797222577044558,4.2,4.6,5.4,5.8
rf_full,signo_zodiacal_tauro,14,0.5,0.55,0.5501587301587301,0.52,0.5312580917534477,0.5069999999999999,0.536504263710146,5.2,4.2,5.8,4.8
rf_full,signo_zodiacal_tauro,15,0.5,0.44000000000000006,0.44000000000000006,0.42000000000000004,0.42947368421052634,0.442,0.5193984190044562,4.2,5.4,4.6,5.8
rf_full,signo_zodiacal_tauro,16,0.5,0.49000000000000005,0.47757575757575754,0.45999999999999996,0.4652380952380953,0.46499999999999997,0.5157074026764429,4.6,4.8,5.2,5.4
rf_full,signo_zodiacal_tauro,17,0.5,0.58,0.5817099567099566,0.6,0.5850459482038429,0.5870000000000001,0.6511387784901717,6.0,4.4,5.6,4.0
rf_full,signo_zodiacal_tauro,18,0.5,0.51,0.4682983682983683,0.5,0.47407451434911385,0.47999999999999987,0.5361854213897557,5.0,4.8,5.2,5.0
rf_full,signo_zodiacal_tauro,19,0.5,0.52,0.5123376623376623,0.52,0.5089635854341736,0.5309999999999999,0.5610140649683993,5.2,4.8,5.2,4.8
rf_full,signo_zodiacal_tauro,20,0.5,0.4,0.41348873348873355,0.44000000000000006,0.4246006320148196,0.362,0.4863680682063035,4.4,6.4,3.6,5.6
rf_full,signo_zodiacal_tauro,21,0.5,0.48,0.4673701298701299,0.48,0.4617108381814264,0.441,0.5309742700539914,4.8,5.2,4.8,5.2
rf_full,signo_zodiacal_tauro,22,0.5,0.5800000000000001,0.5765656565656565,0.6199999999999999,0.5896099222415011,0.623,0.6844185346816926,6.2,4.6,5.4,3.8
rf_full,signo_zodiacal_tauro,23,0.5,0.55,0.5383333333333333,0.52,0.518989898989899,0.6020000000000001,0.6641578672445545,5.2,4.2,5.8,4.8
rf_full,signo_zodiacal_tauro,24,0.5,0.58,0.6004761904761904,0.54,0.5626737967914439,0.5589999999999999,0.598042670349946,5.4,3.8,6.2,4.6
rf_full,signo_zodiacal_tauro,25,0.5,0.45,0.450909090909091,0.4,0.4199439775910364,0.41900000000000004,0.5105949434981942,4.0,5.0,5.0,6.0
rf_full,signo_zodiacal_tauro,26,0.5,0.5900000000000001,0.6011904761904762,0.6,0.5923945335710041,0.6599999999999999,0.6719507491992012,6.0,4.2,5.8,4.0
rf_full,signo_zodiacal_tauro,27,0.5,0.56,0.5963553113553114,0.48,0.5190296286325362,0.535,0.6166124310845673,4.8,3.6,6.4,5.2
rf_full,signo_zodiacal_tauro,28,0.5,0.6599999999999999,0.6954545454545453,0.68,0.6675324675324675,0.7219999999999999,0.7617239037192598,6.8,3.6,6.4,3.2
rf_full,signo_zodiacal_tauro,29,0.5,0.48,0.4828393828393828,0.44000000000000006,0.45209362921369917,0.46399999999999997,0.5132690273263029,4.4,4.8,5.2,5.6
rf_full,signo_zodiacal_tauro,30,0.5,0.44000000000000006,0.425,0.38,0.40058479532163743,0.399,0.4753691045796309,3.8,5.0,5.0,6.2
rf_full,signo_zodiacal_tauro,31,0.5,0.44000000000000006,0.4113986013986014,0.42000000000000004,0.4072049689440994,0.45599999999999996,0.5419348594302155,4.2,5.4,4.6,5.8
rf_full,signo_zodiacal_tauro,32,0.5,0.55,0.5533333333333335,0.5800000000000001,0.5512121212121212,0.5920000000000001,0.5851434562169856,5.8,4.8,5.2,4.2
rf_full,signo_zodiacal_tauro,33,0.5,0.4600000000000001,0.45479797979797976,0.44000000000000006,0.43778195488721805,0.41899999999999993,0.467460242372007,4.4,5.2,4.8,5.6
rf_full,signo_zodiacal_tauro,34,0.5,0.62,0.675,0.48,0.5523809523809524,0.6809999999999999,0.6958151723577419,4.8,2.4,7.6,5.2
rf_full,signo_zodiacal_tauro,35,0.5,0.5900000000000001,0.5926767676767677,0.5599999999999999,0.5740183792815372,0.5900000000000001,0.5908447196078774,5.6,3.8,6.2,4.4
rf_full,signo_zodiacal_tauro,36,0.5,0.5,0.4961965811965811,0.48,0.48411390795830156,0.475,0.5200065120637877,4.8,4.8,5.2,5.2
rf_full,signo_zodiacal_tauro,37,0.5,0.4999999999999999,0.4795238095238095,0.39999999999999997,0.43340729274165807,0.46399999999999997,0.5436147278074523,4.0,4.0,6.0,6.0
rf_full,signo_zodiacal_tauro,38,0.5,0.45,0.4317460317460317,0.42000000000000004,0.4200394033211371,0.395,0.497135626843057,4.2,5.2,4.8,5.8
rf_full,signo_zodiacal_tauro,39,0.5,0.51,0.5155555555555555,0.5399999999999999,0.5205061137692717,0.511,0.5470726573048553,5.4,5.2,4.8,4.6
rf_full,signo_zodiacal_tauro,40,0.5,0.45,0.4415306915306916,0.5,0.46430387563110675,0.42699999999999994,0.5164375357184954,5.0,6.0,4.0,5.0
rf_full,signo_zodiacal_tauro,41,0.5,0.42000000000000004,0.422020202020202,0.42000000000000004,0.4205012531328321,0.34900000000000003,0.4798429324373597,4.2,5.8,4.2,5.8
rf_full,signo_zodiacal_tauro,42,0.5,0.53,0.5257575757575758,0.5,0.5082251082251081,0.4870000000000001,0.55278723117268,5.0,4.4,5.6,5.0
rf_full,signo_zodiacal_tauro,43,0.5,0.47000000000000003,0.4633333333333334,0.48,0.4653333333333333,0.469,0.5404419381787803,4.8,5.4,4.6,5.2
rf_full,signo_zodiacal_tauro,44,0.5,0.39999999999999997,0.4036363636363637,0.45999999999999996,0.41500000000000004,0.406,0.4945996050732894,4.6,6.6,3.4,5.4
rf_full,signo_zodiacal_tauro,45,0.5,0.48,0.4666666666666667,0.45999999999999996,0.461190855927698,0.45499999999999996,0.5383575225943646,4.6,5.0,5.0,5.4
rf_full,signo_zodiacal_tauro,46,0.5,0.43,0.4264901764901765,0.48,0.4483010595542565,0.46799999999999997,0.5495647952838356,4.8,6.2,3.8,5.2
rf_full,signo_zodiacal_tauro,47,0.5,0.43,0.428021978021978,0.44000000000000006,0.42900304702700714,0.4149999999999999,0.5125475831358184,4.4,5.8,4.2,5.6
rf_full,signo_zodiacal_tauro,48,0.5,0.41,0.39689542483660134,0.48,0.4258284600389864,0.391,0.47805174503858716,4.8,6.6,3.4,5.2
rf_full,signo_zodiacal_tauro,49,0.5,0.4699999999999999,0.47435897435897434,0.4999999999999999,0.4833552920509443,0.4539999999999999,0.534761766011766,5.0,5.6,4.4,5.0
rf_full,signo_zodiacal_tauro,50,0.5,0.4600000000000001,0.4616161616161616,0.5,0.47295160979371503,0.462,0.5279923007848704,5.0,5.8,4.2,5.0
rf_full,signo_zodiacal_tauro,51,0.5,0.5,0.5142857142857142,0.54,0.5143222506393863,0.48100000000000004,0.5657491489418734,5.4,5.4,4.6,4.6
rf_full,signo_zodiacal_tauro,52,0.5,0.45,0.45152625152625153,0.38,0.4056441722379264,0.387,0.46173527495895916,3.8,4.8,5.2,6.2
rf_full,signo_zodiacal_tauro,53,0.5,0.38,0.38863636363636367,0.4,0.3926406926406926,0.34600000000000003,0.4719834069439333,4.0,6.4,3.6,6.0
rf_full,signo_zodiacal_tauro,54,0.5,0.6000000000000001,0.6111111111111112,0.5800000000000001,0.5861244019138756,0.6819999999999999,0.6812698386065259,5.8,3.8,6.2,4.2
rf_full,signo_zodiacal_tauro,55,0.5,0.45,0.42534798534798535,0.37999999999999995,0.3873932716899469,0.45599999999999996,0.5477394390954762,3.8,4.8,5.2,6.2
rf_full,signo_zodiacal_tauro,56,0.5,0.42000000000000004,0.3972222222222222,0.42000000000000004,0.4059542796384902,0.45099999999999996,0.5423153523463121,4.2,5.8,4.2,5.8
rf_full,signo_zodiacal_tauro,57,0.5,0.49000000000000005,0.4833333333333333,0.5199999999999999,0.48731934731934734,0.508,0.5634750608868255,5.2,5.4,4.6,4.8
rf_full,signo_zodiacal_tauro,58,0.5,0.38,0.38217782217782215,0.44000000000000006,0.4035971258068445,0.33799999999999997,0.4709702767133107,4.4,6.8,3.2,5.6
rf_full,signo_zodiacal_tauro,59,0.5,0.49000000000000005,0.4878510378510378,0.45999999999999996,0.46349961453272803,0.44799999999999995,0.5561454111763708,4.6,4.8,5.2,5.4
rf_full,signo_zodiacal_tauro,60,0.5,0.5,0.4533333333333333,0.33999999999999997,0.3822222222222222,0.5050000000000001,0.576479491698532,3.4,3.4,6.6,6.6
rf_full,signo_zodiacal_tauro,61,0.5,0.51,0.504047619047619,0.45999999999999996,0.47001513587891297,0.532,0.5896888552623846,4.6,4.4,5.6,5.4
rf_full,signo_zodiacal_tauro,62,0.5,0.53,0.5076923076923077,0.52,0.5012845849802371,0.572,0.5560912139116473,5.2,4.6,5.4,4.8
rf_full,signo_zodiacal_tauro,63,0.5,0.41000000000000003,0.39999999999999997,0.36,0.37836257309941523,0.42000000000000004,0.4756321554262731,3.6,5.4,4.6,6.4
rf_full,signo_zodiacal_tauro,64,0.5,0.4600000000000001,0.4867521367521367,0.4999999999999999,0.48082310519381455,0.5149999999999999,0.5919564334873932,5.0,5.8,4.2,5.0
rf_full,signo_zodiacal_tauro,65,0.5,0.5,0.5,0.52,0.491991341991342,0.54,0.5423294576940088,5.2,5.2,4.8,4.8
rf_full,signo_zodiacal_tauro,66,0.5,0.52,0.5244444444444445,0.4,0.4426874003189793,0.491,0.598787184607618,4.0,3.6,6.4,6.0
rf_full,signo_zodiacal_tauro,67,0.5,0.5800000000000001,0.5833333333333333,0.6,0.5818181818181818,0.6010000000000001,0.6184588636337862,6.0,4.4,5.6,4.0
rf_full,signo_zodiacal_tauro,68,0.5,0.52,0.5405555555555555,0.5,0.5094795321637426,0.542,0.5860070839892821,5.0,4.6,5.4,5.0
rf_full,signo_zodiacal_tauro,69,0.5,0.5900000000000001,0.6061605061605062,0.6000000000000001,0.5941534453043404,0.579,0.6169562638943444,6.0,4.2,5.8,4.0
rf_full,signo_zodiacal_tauro,70,0.5,0.5700000000000001,0.5842207792207792,0.54,0.5563772175536881,0.525,0.6031530522281296,5.4,4.0,6.0,4.6
rf_full,signo_zodiacal_tauro,71,0.5,0.43,0.42662337662337657,0.48,0.44523809523809527,0.394,0.46921254725666495,4.8,6.2,3.8,5.2
rf_full,signo_zodiacal_tauro,72,0.5,0.55,0.5562770562770563,0.45999999999999996,0.4947478991596638,0.584,0.6742142095950145,4.6,3.6,6.4,5.4
rf_full,signo_zodiacal_tauro,73,0.5,0.41999999999999993,0.41904761904761906,0.38,0.38535353535353534,0.40700000000000003,0.4924396936912417,3.8,5.4,4.6,6.2
rf_full,signo_zodiacal_tauro,74,0.5,0.41,0.42693528693528693,0.41999999999999993,0.4180369314357738,0.4109999999999999,0.49673033605541345,4.2,6.0,4.0,5.8
rf_full,signo_zodiacal_tauro,75,0.5,0.56,0.561965811965812,0.5800000000000001,0.5668816309548574,0.649,0.6955267946707574,5.8,4.6,5.4,4.2
rf_full,signo_zodiacal_tauro,76,0.5,0.55,0.5566666666666666,0.48,0.5142690058479532,0.5900000000000001,0.643708527798311,4.8,3.8,6.2,5.2
rf_full,signo_zodiacal_tauro,77,0.5,0.5,0.509059829059829,0.6,0.5459588100686499,0.5189999999999999,0.5870215507746467,6.0,6.0,4.0,4.0
rf_full,signo_zodiacal_tauro,78,0.5,0.5599999999999999,0.5638888888888889,0.5599999999999999,0.5580010632642212,0.51,0.5403518687195159,5.6,4.4,5.6,4.4
rf_full,signo_zodiacal_tauro,79,0.5,0.48,0.46646464646464647,0.5,0.46987286397812716,0.449,0.5299671717171717,5.0,5.4,4.6,5.0
rf_full,signo_zodiacal_tauro,80,0.5,0.43,0.4404761904761905,0.45999999999999996,0.4448306595365419,0.40499999999999997,0.4968498825735669,4.6,6.0,4.0,5.4
rf_full,signo_zodiacal_tauro,81,0.5,0.54,0.5753113553113554,0.54,0.5345234441602729,0.499,0.5790919264773754,5.4,4.6,5.4,4.6
rf_full,signo_zodiacal_tauro,82,0.5,0.44000000000000006,0.4341666666666667,0.5,0.4543589743589743,0.40599999999999997,0.4885694124417034,5.0,6.2,3.8,5.0
rf_full,signo_zodiacal_tauro,83,0.5,0.53,0.5456410256410257,0.52,0.5223276240667545,0.536,0.5609555254686833,5.2,4.6,5.4,4.8
rf_full,signo_zodiacal_tauro,84,0.5,0.53,0.5309090909090909,0.5799999999999998,0.5534199134199135,0.475,0.5434912120043698,5.8,5.2,4.8,4.2
rf_full,signo_zodiacal_tauro,85,0.5,0.51,0.4675213675213675,0.5000000000000001,0.4665503832551887,0.5589999999999999,0.5625652213283793,5.0,4.8,5.2,5.0
rf_full,signo_zodiacal_tauro,86,0.5,0.42000000000000004,0.4166666666666667,0.4,0.40669856459330145,0.41,0.5182882324074275,4.0,5.6,4.4,6.0
rf_full,signo_zodiacal_tauro,87,0.5,0.42000000000000004,0.4249267399267399,0.42000000000000004,0.41604123072153765,0.384,0.4995355149666295,4.2,5.8,4.2,5.8
rf_full,signo_zodiacal_tauro,88,0.5,0.61,0.5985714285714285,0.7,0.6402551834130781,0.556,0.5641340418267663,7.0,4.8,5.2,3.0
rf_full,signo_zodiacal_tauro,89,0.5,0.41,0.4072766122766122,0.42000000000000004,0.4109665468017871,0.39699999999999996,0.4888072215881813,4.2,6.0,4.0,5.8
rf_full,signo_zodiacal_tauro,90,0.5,0.55,0.5757575757575758,0.5,0.5287593984962407,0.554,0.5863748539042657,5.0,4.0,6.0,5.0
rf_full,signo_zodiacal_tauro,91,0.5,0.53,0.5419336219336219,0.52,0.5249267553911516,0.5439999999999999,0.6033783059046216,5.2,4.6,5.4,4.8
rf_full,signo_zodiacal_tauro,92,0.5,0.5000000000000001,0.5166666666666666,0.54,0.5170995670995671,0.418,0.5031709451539172,5.4,5.4,4.6,4.6
rf_full,signo_zodiacal_tauro,93,0.5,0.5700000000000001,0.5698917748917749,0.52,0.5404334365325077,0.5539999999999999,0.5846695983754807,5.2,3.8,6.2,4.8
rf_full,signo_zodiacal_tauro,94,0.5,0.47000000000000003,0.46071428571428574,0.36,0.3923775570834394,0.42700000000000005,0.5361304673998173,3.6,4.2,5.8,6.4
rf_full,signo_zodiacal_tauro,95,0.5,0.5599999999999999,0.5500505050505051,0.5,0.5197076023391813,0.54,0.5768775760703005,5.0,3.8,6.2,5.0
rf_full,signo_zodiacal_tauro,96,0.5,0.44000000000000006,0.4321367521367522,0.52,0.46993135011441645,0.438,0.5303682067846154,5.2,6.4,3.6,4.8
rf_full,signo_zodiacal_tauro,97,0.5,0.6,0.6015584415584415,0.5799999999999998,0.5874509803921568,0.532,0.5819463787846141,5.8,3.8,6.2,4.2
rf_full,signo_zodiacal_tauro,98,0.5,0.5599999999999999,0.5946886446886446,0.54,0.5568668241167904,0.5650000000000001,0.6883138646699017,5.4,4.2,5.8,4.6
rf_full,signo_zodiacal_tauro,99,0.5,0.52,0.5516666666666666,0.5,0.4997876509455457,0.47800000000000004,0.5243624996434594,5.0,4.6,5.4,5.0
rf_full,signo_zodiacal_tauro,100,0.5,0.52,0.5222222222222221,0.5,0.5105263157894737,0.47800000000000004,0.5495006958126153,5.0,4.6,5.4,5.0
rf_full,signo_zodiacal_tauro,101,0.5,0.55,0.5479797979797979,0.58,0.5611756664388243,0.5309999999999999,0.5514568378817606,5.8,4.8,5.2,4.2
rf_full,signo_zodiacal_tauro,102,0.5,0.4600000000000001,0.4435897435897435,0.45999999999999996,0.44087809036658143,0.40099999999999997,0.4713869545487192,4.6,5.4,4.6,5.4
rf_full,signo_zodiacal_tauro,103,0.5,0.53,0.5290909090909091,0.5399999999999999,0.5342857142857143,0.49700000000000005,0.5214719698086571,5.4,4.8,5.2,4.6
rf_full,signo_zodiacal_tauro,104,0.5,0.4800000000000001,0.4867016317016318,0.52,0.4989221406612711,0.48600000000000004,0.5565755355755355,5.2,5.6,4.4,4.8
rf_full,signo_zodiacal_tauro,105,0.5,0.53,0.5444444444444445,0.5999999999999999,0.5540976567292357,0.584,0.6526043466337583,6.0,5.4,4.6,4.0
rf_full,signo_zodiacal_tauro,106,0.5,0.5900000000000001,0.5854545454545454,0.62,0.6019047619047619,0.578,0.5802079868875535,6.2,4.4,5.6,3.8
rf_full,signo_zodiacal_tauro,107,0.5,0.42000000000000004,0.41168498168498163,0.36,0.37237541656978995,0.36699999999999994,0.4704795019222264,3.6,5.2,4.8,6.4
rf_full,signo_zodiacal_tauro,108,0.5,0.49000000000000005,0.4916666666666667,0.52,0.49911111111111117,0.48600000000000004,0.5342857681534152,5.2,5.4,4.6,4.8
rf_full,signo_zodiacal_tauro,109,0.5,0.5599999999999999,0.5583333333333333,0.5599999999999999,0.5545454545454546,0.53,0.553875744568469,5.6,4.4,5.6,4.4
rf_full,signo_zodiacal_tauro,110,0.5,0.38,0.3820454545454545,0.36,0.35316849816849816,0.38099999999999995,0.49622062517805554,3.6,6.0,4.0,6.4
rf_full,signo_zodiacal_tauro,111,0.5,0.63,0.6301476301476301,0.6599999999999999,0.641386073880353,0.5940000000000001,0.6223493811829724,6.6,4.0,6.0,3.4
rf_full,signo_zodiacal_tauro,112,0.5,0.43,0.42272727272727273,0.42000000000000004,0.419047619047619,0.522,0.6094993966302015,4.2,5.6,4.4,5.8
rf_full,signo_zodiacal_tauro,113,0.5,0.43000000000000005,0.40476800976800975,0.4,0.39875443083411855,0.46099999999999997,0.5359629624761204,4.0,5.4,4.6,6.0
rf_full,signo_zodiacal_tauro,114,0.5,0.4,0.40512820512820513,0.4,0.3959954233409611,0.43200000000000005,0.5434513383073754,4.0,6.0,4.0,6.0
rf_full,signo_zodiacal_tauro,115,0.5,0.4600000000000001,0.4511616161616162,0.45999999999999996,0.45330143540669854,0.499,0.5431505885755112,4.6,5.4,4.6,5.4
rf_full,signo_zodiacal_tauro,116,0.5,0.44000000000000006,0.43852813852813854,0.4,0.413598166539343,0.41600000000000004,0.5237112183482152,4.0,5.2,4.8,6.0
rf_full,signo_zodiacal_tauro,117,0.5,0.65,0.6637373737373737,0.6399999999999999,0.6492731829573934,0.658,0.6736826963885788,6.4,3.4,6.6,3.6
rf_full,signo_zodiacal_tauro,118,0.5,0.45,0.47365079365079354,0.44000000000000006,0.44754385964912285,0.45,0.5550066883580815,4.4,5.4,4.6,5.6
rf_full,signo_zodiacal_tauro,119,0.5,0.45,0.4472979797979798,0.48,0.4495651716704348,0.42699999999999994,0.4957209915987006,4.8,5.8,4.2,5.2
rf_full,signo_zodiacal_tauro,120,0.5,0.51,0.5111111111111111,0.52,0.5123338649654439,0.515,0.5230500229045121,5.2,5.0,5.0,4.8
rf_full,signo_zodiacal_tauro,121,0.5,0.53,0.5253968253968254,0.58,0.5476874003189792,0.512,0.5686096213727793,5.8,5.2,4.8,4.2
rf_full,signo_zodiacal_tauro,122,0.5,0.5199999999999999,0.5166233766233767,0.5,0.5038061285120109,0.46900000000000003,0.5165201481525011,5.0,4.6,5.4,5.0
rf_full,signo_zodiacal_tauro,123,0.5,0.5199999999999999,0.5308669108669108,0.45999999999999996,0.4800673038093956,0.491,0.5438789205290753,4.6,4.2,5.8,5.4
rf_full,signo_zodiacal_tauro,124,0.5,0.43,0.43519480519480513,0.42000000000000004,0.42342272794285185,0.43499999999999994,0.522229613953298,4.2,5.6,4.4,5.8
rf_full,signo_zodiacal_tauro,125,0.5,0.51,0.5353535353535352,0.41999999999999993,0.45151339888181996,0.55,0.6010543225264586,4.2,4.0,6.0,5.8
rf_full,signo_zodiacal_tauro,126,0.5,0.59,0.628095238095238,0.52,0.5609744503862151,0.7040000000000001,0.7154087552454425,5.2,3.4,6.6,4.8
rf_full,signo_zodiacal_tauro,127,0.5,0.58,0.5627594627594628,0.6599999999999999,0.603917402201155,0.531,0.5424154179154179,6.6,5.0,5.0,3.4
rf_full,signo_zodiacal_tauro,128,0.5,0.4600000000000001,0.4616161616161616,0.4,0.42706766917293226,0.426,0.49510071344204476,4.0,4.8,5.2,6.0
rf_full,signo_zodiacal_tauro,129,0.5,0.37,0.3538095238095238,0.34,0.3360331825037708,0.36700000000000005,0.46058557498572983,3.4,6.0,4.0,6.6
rf_full,signo_zodiacal_tauro,130,0.5,0.49000000000000005,0.4349650349650349,0.5,0.4606280193236715,0.46299999999999997,0.5481449646844384,5.0,5.2,4.8,5.0
rf_full,signo_zodiacal_tauro,131,0.5,0.55,0.5394444444444444,0.5,0.5136469962785752,0.619,0.6313610725359952,5.0,4.0,6.0,5.0
rf_full,signo_zodiacal_tauro,132,0.5,0.5900000000000001,0.5900000000000001,0.5599999999999999,0.5713662945241893,0.62,0.6527733198174375,5.6,3.8,6.2,4.4
rf_full,signo_zodiacal_tauro,133,0.5,0.41000000000000003,0.3845887445887446,0.33999999999999997,0.3553707798909037,0.377,0.4812011809999426,3.4,5.2,4.8,6.6
rf_full,signo_zodiacal_tauro,134,0.5,0.5,0.47619047619047616,0.27999999999999997,0.339185520361991,0.47800000000000004,0.5160563662343849,2.8,2.8,7.2,7.2
rf_full,signo_zodiacal_tauro,135,0.5,0.59,0.5663203463203462,0.64,0.5933761140819964,0.649,0.669750045705928,6.4,4.6,5.4,3.6
rf_full,signo_zodiacal_tauro,136,0.5,0.45999999999999996,0.4444444444444445,0.38,0.40730994152046784,0.43899999999999995,0.4956472220589868,3.8,4.6,5.4,6.2
rf_full,signo_zodiacal_tauro,137,0.5,0.42000000000000004,0.4216666666666667,0.43999999999999995,0.4284848484848484,0.434,0.5072518651798837,4.4,6.0,4.0,5.6
rf_full,signo_zodiacal_tauro,138,0.5,0.4800000000000001,0.48397435897435903,0.54,0.504906039803065,0.48600000000000004,0.5279034276696815,5.4,5.8,4.2,4.6
rf_full,signo_zodiacal_tauro,139,0.5,0.49000000000000005,0.48571428571428577,0.4600000000000001,0.4665478312537136,0.5189999999999999,0.5723644856175817,4.6,4.8,5.2,5.4
rf_full,signo_zodiacal_tauro,140,0.5,0.37999999999999995,0.3159090909090909,0.32,0.3164502164502164,0.35100000000000003,0.4546715610670719,3.2,5.6,4.4,6.8
rf_full,signo_zodiacal_tauro,141,0.5,0.4800000000000001,0.47000000000000003,0.5,0.4826262626262626,0.43999999999999995,0.4869425466174692,5.0,5.4,4.6,5.0
rf_full,signo_zodiacal_tauro,142,0.5,0.54,0.5490909090909091,0.5,0.5061746031746032,0.45099999999999996,0.5284898161693828,5.0,4.2,5.8,5.0
rf_full,signo_zodiacal_tauro,143,0.5,0.47000000000000003,0.46706349206349207,0.4,0.4292053663570691,0.421,0.5430040247849846,4.0,4.6,5.4,6.0
rf_full,signo_zodiacal_tauro,144,0.5,0.49000000000000005,0.4954822954822955,0.45999999999999996,0.47214968367209587,0.43200000000000005,0.48567815560772215,4.6,4.8,5.2,5.4
rf_full,signo_zodiacal_tauro,145,0.5,0.47000000000000003,0.4746031746031746,0.48,0.47368421052631576,0.517,0.6093073315573315,4.8,5.4,4.6,5.2
rf_full,signo_zodiacal_tauro,146,0.5,0.5800000000000001,0.5883333333333333,0.62,0.597063264221159,0.6060000000000001,0.6498894363290647,6.2,4.6,5.4,3.8
rf_full,signo_zodiacal_tauro,147,0.5,0.5800000000000001,0.5755133755133754,0.6,0.5808601951286028,0.5640000000000001,0.62342498961307,6.0,4.4,5.6,4.0
rf_full,signo_zodiacal_tauro,148,0.5,0.4800000000000001,0.4792540792540792,0.58,0.5240730284208545,0.47400000000000003,0.5513421511409127,5.8,6.2,3.8,4.2
rf_full,signo_zodiacal_tauro,149,0.5,0.6799999999999999,0.7165079365079364,0.6,0.6464860681114551,0.6459999999999999,0.71257151835093,6.0,2.4,7.6,4.0
rf_full,signo_zodiacal_tauro,150,0.5,0.45,0.45642135642135634,0.48,0.4635756056808688,0.51,0.597393355011002,4.8,5.8,4.2,5.2
rf_full,signo_zodiacal_tauro,151,0.5,0.52,0.49138639138639134,0.5599999999999999,0.5172941945656981,0.497,0.5354699548817197,5.6,5.2,4.8,4.4
rf_full,signo_zodiacal_tauro,152,0.5,0.6100000000000001,0.6113888888888889,0.6399999999999999,0.6160053981106612,0.6020000000000001,0.6409283402356157,6.4,4.2,5.8,3.6
rf_full,signo_zodiacal_tauro,153,0.5,0.63,0.671965811965812,0.5399999999999999,0.5820544113907958,0.6399999999999999,0.6381566472742943,5.4,2.8,7.2,4.6
rf_full,signo_zodiacal_tauro,154,0.5,0.52,0.5059052059052059,0.52,0.5087210780574625,0.501,0.5449966596011487,5.2,4.8,5.2,4.8
rf_full,signo_zodiacal_tauro,155,0.5,0.41000000000000003,0.408051948051948,0.44000000000000006,0.418296918767507,0.43,0.5477907582613465,4.4,6.2,3.8,5.6
rf_full,signo_zodiacal_tauro,156,0.5,0.53,0.5190476190476191,0.5,0.50291146761735,0.587,0.6097083343213374,5.0,4.4,5.6,5.0
rf_full,signo_zodiacal_tauro,157,0.5,0.4600000000000001,0.43824175824175826,0.45999999999999996,0.44112531969309465,0.44799999999999995,0.49502478077478074,4.6,5.4,4.6,5.4
rf_full,signo_zodiacal_tauro,158,0.5,0.52,0.5497802197802197,0.48,0.5068258027848821,0.575,0.621765077457802,4.8,4.4,5.6,5.2
rf_full,signo_zodiacal_tauro,159,0.5,0.48999999999999994,0.48187590187590185,0.4,0.42527495208609756,0.513,0.6165881432808676,4.0,4.2,5.8,6.0
rf_full,signo_zodiacal_tauro,160,0.5,0.6,0.6085858585858586,0.58,0.5914786967418546,0.606,0.6602559293132048,5.8,3.8,6.2,4.2
rf_full,signo_zodiacal_tauro,161,0.5,0.48,0.49155011655011654,0.5,0.4904950122341427,0.4659999999999999,0.6055869240838281,5.0,5.4,4.6,5.0
rf_full,signo_zodiacal_tauro,162,0.5,0.57,0.5812409812409813,0.5599999999999999,0.565767359575409,0.563,0.5798510976467632,5.6,4.2,5.8,4.4
rf_full,signo_zodiacal_tauro,163,0.5,0.42000000000000004,0.42750000000000005,0.45999999999999996,0.437165991902834,0.35800000000000004,0.4716183112553082,4.6,6.2,3.8,5.4
rf_full,signo_zodiacal_tauro,164,0.5,0.42000000000000004,0.37335164835164836,0.4,0.3814009661835749,0.385,0.4916884330839439,4.0,5.6,4.4,6.0
rf_full,signo_zodiacal_tauro,165,0.5,0.4600000000000001,0.45444444444444443,0.44000000000000006,0.4385964912280701,0.40700000000000003,0.5129942296265825,4.4,5.2,4.8,5.6
rf_full,signo_zodiacal_tauro,166,0.5,0.43,0.4325252525252525,0.42000000000000004,0.42452798663324975,0.40099999999999997,0.5277035311609615,4.2,5.6,4.4,5.8
rf_full,signo_zodiacal_tauro,167,0.5,0.55,0.5366666666666667,0.6,0.5601616161616162,0.5519999999999999,0.5805482536039812,6.0,5.0,5.0,4.0
rf_full,signo_zodiacal_tauro,168,0.5,0.5599999999999999,0.5709340659340659,0.4800000000000001,0.5050314618601063,0.522,0.5954733213982439,4.8,3.6,6.4,5.2
rf_full,signo_zodiacal_tauro,169,0.5,0.6,0.6033333333333333,0.5800000000000001,0.5876767676767678,0.562,0.6101310515250145,5.8,3.8,6.2,4.2
rf_full,signo_zodiacal_tauro,170,0.5,0.45,0.4554195804195804,0.42000000000000004,0.42459627329192545,0.41899999999999993,0.5306573459220518,4.2,5.2,4.8,5.8
rf_full,signo_zodiacal_tauro,171,0.5,0.53,0.5240981240981242,0.45999999999999996,0.4841847265221878,0.495,0.6065382328369944,4.6,4.0,6.0,5.4
rf_full,signo_zodiacal_tauro,172,0.5,0.45,0.4488888888888889,0.34,0.3791311612364244,0.43,0.5080492653201631,3.4,4.4,5.6,6.6
rf_full,signo_zodiacal_tauro,173,0.5,0.44000000000000006,0.4412121212121212,0.47999999999999987,0.45848257006151744,0.41600000000000004,0.5413246773865968,4.8,6.0,4.0,5.2
rf_full,signo_zodiacal_tauro,174,0.5,0.4600000000000001,0.462972582972583,0.42000000000000004,0.43777679492849775,0.42800000000000005,0.5355786272550979,4.2,5.0,5.0,5.8
rf_full,signo_zodiacal_tauro,175,0.5,0.5,0.5,0.48,0.48730158730158724,0.475,0.5538948067756116,4.8,4.8,5.2,5.2
rf_full,signo_zodiacal_tauro,176,0.5,0.48,0.503968253968254,0.48,0.48654658035462994,0.442,0.517562206799049,4.8,5.2,4.8,5.2
rf_full,signo_zodiacal_tauro,177,0.5,0.5799999999999998,0.5729870129870129,0.54,0.5528104575163398,0.6209999999999999,0.6650485805044628,5.4,3.8,6.2,4.6
rf_full,signo_zodiacal_tauro,178,0.5,0.4600000000000001,0.4459090909090909,0.5,0.4659047619047619,0.43099999999999994,0.5293932385124335,5.0,5.8,4.2,5.0
rf_full,signo_zodiacal_tauro,179,0.5,0.54,0.5505494505494506,0.5,0.5056199554920783,0.473,0.5673496046437222,5.0,4.2,5.8,5.0
rf_full,signo_zodiacal_tauro,180,0.5,0.48,0.479004329004329,0.56,0.5097657244716067,0.44299999999999995,0.5266659827101003,5.6,6.0,4.0,4.4
rf_full,signo_zodiacal_tauro,181,0.5,0.5700000000000001,0.5942424242424242,0.52,0.5425108225108225,0.5960000000000001,0.6223969070145541,5.2,3.8,6.2,4.8
rf_full,signo_zodiacal_tauro,182,0.5,0.5900000000000001,0.5860761460761461,0.6399999999999999,0.6094265307537619,0.637,0.6949831067625185,6.4,4.6,5.4,3.6
rf_full,signo_zodiacal_tauro,183,0.5,0.53,0.5248484848484848,0.6199999999999999,0.5656623376623376,0.509,0.5359122033796956,6.2,5.6,4.4,3.8
rf_full,signo_zodiacal_tauro,184,0.5,0.4700000000000001,0.4883333333333333,0.5199999999999999,0.48875362318840576,0.507,0.5640247428010585,5.2,5.8,4.2,4.8
rf_full,signo_zodiacal_tauro,185,0.5,0.56,0.5538888888888889,0.54,0.5343216374269005,0.581,0.6244141393522199,5.4,4.2,5.8,4.6
rf_full,signo_zodiacal_tauro,186,0.5,0.49000000000000005,0.492987012987013,0.54,0.50901247771836,0.477,0.535408386333309,5.4,5.6,4.4,4.6
rf_full,signo_zodiacal_tauro,187,0.5,0.44000000000000006,0.44222222222222224,0.38,0.39961722488038276,0.39899999999999997,0.5019949417627436,3.8,5.0,5.0,6.2
rf_full,signo_zodiacal_tauro,188,0.5,0.47000000000000003,0.4554390054390055,0.4800000000000001,0.4610691749135685,0.45500000000000007,0.5424609685979653,4.8,5.4,4.6,5.2
rf_full,signo_zodiacal_tauro,189,0.5,0.47000000000000003,0.4866955266955267,0.44000000000000006,0.4591006929087424,0.45999999999999996,0.5286967287098866,4.4,5.0,5.0,5.6
rf_full,signo_zodiacal_tauro,190,0.5,0.52,0.5708791208791208,0.45999999999999996,0.48270917062477164,0.5690000000000001,0.5780707703029684,4.6,4.2,5.8,5.4
rf_full,signo_zodiacal_tauro,191,0.5,0.5399999999999999,0.5433838383838384,0.54,0.5387985114300904,0.5479999999999999,0.6177953794571442,5.4,4.6,5.4,4.6
rf_full,signo_zodiacal_tauro,192,0.5,0.6199999999999999,0.6581684981684981,0.5199999999999999,0.5550422978555971,0.599,0.6512598610539786,5.2,2.8,7.2,4.8
rf_full,signo_zodiacal_tauro,193,0.5,0.51,0.49632034632034633,0.43999999999999995,0.4635706914344685,0.42799999999999994,0.4892921349376458,4.4,4.2,5.8,5.6
rf_full,signo_zodiacal_tauro,194,0.5,0.4600000000000001,0.4417857142857143,0.45999999999999996,0.43800043094160745,0.38499999999999995,0.4742294455630369,4.6,5.4,4.6,5.4
rf_full,signo_zodiacal_tauro,195,0.5,0.5900000000000001,0.5805555555555555,0.5599999999999999,0.5671451355661882,0.6130000000000001,0.5833568637245106,5.6,3.8,6.2,4.4
rf_full,signo_zodiacal_tauro,196,0.5,0.53,0.5420634920634921,0.45999999999999996,0.4958720330237358,0.507,0.5767890436876505,4.6,4.0,6.0,5.4
rf_full,signo_zodiacal_tauro,197,0.5,0.39,0.3981196581196581,0.4600000000000001,0.4246057832327855,0.34500000000000003,0.45941731677335385,4.6,6.8,3.2,5.4
rf_full,signo_zodiacal_tauro,198,0.5,0.47000000000000003,0.45515873015873015,0.42000000000000004,0.43294868186509056,0.48600000000000004,0.5512117692249271,4.2,4.8,5.2,5.8
rf_full,signo_zodiacal_tauro,199,0.5,0.4,0.3819230769230769,0.38,0.3680676328502416,0.395,0.5169734242365822,3.8,5.8,4.2,6.2
rf_full,signo_zodiacal_tauro,200,0.5,0.38,0.3500854700854701,0.32000000000000006,0.3203802147509241,0.351,0.48331627179150394,3.2,5.6,4.4,6.8
rf_full,signo_zodiacal_tauro,201,0.5,0.47000000000000003,0.4833333333333333,0.48,0.47450042217844074,0.496,0.5297273735036894,4.8,5.4,4.6,5.2
rf_full,signo_zodiacal_tauro,202,0.5,0.61,0.6276190476190476,0.54,0.5741176470588234,0.6599999999999999,0.6704671974052779,5.4,3.2,6.8,4.6
rf_full,signo_zodiacal_tauro,203,0.5,0.38,0.33897435897435896,0.31999999999999995,0.32250572082379864,0.328,0.4654571036119023,3.2,5.6,4.4,6.8
rf_full,signo_zodiacal_tauro,204,0.5,0.55,0.5603571428571429,0.52,0.522219708396179,0.556,0.5973389357460565,5.2,4.2,5.8,4.8
rf_full,signo_zodiacal_tauro,205,0.5,0.58,0.5874242424242424,0.58,0.5808035239614187,0.57,0.6318755580504807,5.8,4.2,5.8,4.2
rf_full,signo_zodiacal_tauro,206,0.5,0.52,0.5224358974358975,0.6199999999999999,0.561374615722442,0.5660000000000001,0.6452104280308615,6.2,5.8,4.2,3.8
rf_full,signo_zodiacal_tauro,207,0.5,0.53,0.5353535353535352,0.45999999999999996,0.48395989974937337,0.5740000000000001,0.5996492755610403,4.6,4.0,6.0,5.4
rf_full,signo_zodiacal_tauro,208,0.5,0.43,0.41090909090909095,0.44000000000000006,0.4158845598845599,0.45899999999999996,0.4936408601718199,4.4,5.8,4.2,5.6
rf_full,signo_zodiacal_tauro,209,0.5,0.61,0.5903496503496504,0.6599999999999999,0.6030611707133445,0.6490000000000001,0.6677652327033131,6.6,4.4,5.6,3.4
rf_full,signo_zodiacal_tauro,210,0.5,0.43000000000000005,0.39970029970029974,0.42000000000000004,0.4049567653148216,0.41500000000000004,0.547493984000176,4.2,5.6,4.4,5.8
rf_full,signo_zodiacal_tauro,211,0.5,0.5199999999999999,0.505874125874126,0.52,0.5036438923395445,0.5740000000000001,0.6140497631023947,5.2,4.8,5.2,4.8
rf_full,signo_zodiacal_tauro,212,0.5,0.5,0.5119347319347318,0.5,0.49697722567287783,0.518,0.6034168701095945,5.0,5.0,5.0,5.0
rf_full,signo_zodiacal_tauro,213,0.5,0.5,0.51001221001221,0.56,0.5247431237941401,0.51,0.5556330136152118,5.6,5.6,4.4,4.4
rf_full,signo_zodiacal_tauro,214,0.5,0.53,0.5411616161616161,0.52,0.5227726178190574,0.569,0.6158741233826373,5.2,4.6,5.4,4.8
rf_full,signo_zodiacal_tauro,215,0.5,0.37,0.36787878787878786,0.42000000000000004,0.38294705294705295,0.41899999999999993,0.48947841193893826,4.2,6.8,3.2,5.8
rf_full,signo_zodiacal_tauro,216,0.5,0.39,0.36857142857142855,0.32,0.33852941176470586,0.37899999999999995,0.4799046127591019,3.2,5.4,4.6,6.8
rf_full,signo_zodiacal_tauro,217,0.5,0.48,0.4698051948051948,0.48,0.46972243442831674,0.44799999999999995,0.5204278215764284,4.8,5.2,4.8,5.2
rf_full,signo_zodiacal_tauro,218,0.5,0.49000000000000005,0.4848351648351648,0.4,0.42657573174197216,0.5,0.5298585837966643,4.0,4.2,5.8,6.0
rf_full,signo_zodiacal_tauro,219,0.5,0.5,0.4979904306220096,0.5599999999999999,0.5091215106732349,0.508,0.5755049541961307,5.6,5.6,4.4,4.4
rf_full,signo_zodiacal_tauro,220,0.5,0.59,0.6001587301587301,0.52,0.5555005159958719,0.6000000000000001,0.6233231484717553,5.2,3.4,6.6,4.8
rf_full,signo_zodiacal_tauro,221,0.5,0.49000000000000005,0.48567210567210567,0.54,0.5093262801271954,0.425,0.5039414970134783,5.4,5.6,4.4,4.6
rf_full,signo_zodiacal_tauro,222,0.5,0.5200000000000001,0.5166666666666667,0.58,0.5463203463203463,0.5349999999999999,0.5971615520702208,5.8,5.4,4.6,4.2
rf_full,signo_zodiacal_tauro,223,0.5,0.35,0.33298368298368297,0.32,0.32074933711089315,0.36100000000000004,0.4639585784013029,3.2,6.2,3.8,6.8
rf_full,signo_zodiacal_tauro,224,0.5,0.44000000000000006,0.43611111111111106,0.42000000000000004,0.42599681020733654,0.44799999999999995,0.5355422920732519,4.2,5.4,4.6,5.8
rf_full,signo_zodiacal_tauro,225,0.5,0.42000000000000004,0.4263675213675214,0.4,0.40906178489702516,0.417,0.48429972865112186,4.0,5.6,4.4,6.0
rf_full,signo_zodiacal_tauro,226,0.5,0.5700000000000001,0.5668831168831169,0.5,0.5208301502419149,0.62,0.6341970415205709,5.0,3.6,6.4,5.0
rf_full,signo_zodiacal_tauro,227,0.5,0.4800000000000001,0.49474747474747477,0.41999999999999993,0.4455806182121972,0.4620000000000001,0.5578660055115163,4.2,4.6,5.4,5.8
rf_full,signo_zodiacal_tauro,228,0.5,0.41,0.3384920634920635,0.34,0.3350877192982456,0.36,0.44392877650385393,3.4,5.2,4.8,6.6
rf_full,signo_zodiacal_tauro,229,0.5,0.5,0.5141858141858142,0.5199999999999999,0.5108147606868835,0.5239999999999999,0.5933807222189575,5.2,5.2,4.8,4.8
rf_full,signo_zodiacal_tauro,230,0.5,0.5800000000000001,0.573968253968254,0.52,0.5383647621728117,0.587,0.6494487016251721,5.2,3.6,6.4,4.8
rf_full,signo_zodiacal_tauro,231,0.5,0.39,0.3896031746031746,0.4,0.3908771929824561,0.32700000000000007,0.43609945755998386,4.0,6.2,3.8,6.0
rf_full,signo_zodiacal_tauro,232,0.5,0.49000000000000005,0.47064102564102567,0.4600000000000001,0.46045893719806763,0.517,0.5568224069532118,4.6,4.8,5.2,5.4
rf_full,signo_zodiacal_tauro,233,0.5,0.54,0.5688888888888888,0.36000000000000004,0.4375438596491228,0.579,0.6301458263958264,3.6,2.8,7.2,6.4
rf_full,signo_zodiacal_tauro,234,0.5,0.5,0.5224603174603175,0.48,0.49296869625042994,0.505,0.5796967172834046,4.8,4.8,5.2,5.2
rf_full,signo_zodiacal_tauro,235,0.5,0.42000000000000004,0.3560606060606061,0.4,0.3766233766233766,0.43600000000000005,0.5601573405954211,4.0,5.6,4.4,6.0
rf_full,signo_zodiacal_tauro,236,0.5,0.53,0.5484126984126985,0.5,0.519082465522094,0.5169999999999999,0.5915693648456806,5.0,4.4,5.6,5.0
rf_full,signo_zodiacal_tauro,237,0.5,0.39,0.3877344877344877,0.34,0.35565886641738037,0.30199999999999994,0.45934863055760894,3.4,5.6,4.4,6.6
rf_full,signo_zodiacal_tauro,238,0.5,0.5599999999999999,0.5490909090909091,0.62,0.5766291486291486,0.5690000000000001,0.6532963348141367,6.2,5.0,5.0,3.8
rf_full,signo_zodiacal_tauro,239,0.5,0.58,0.5813636363636363,0.56,0.5676190476190477,0.616,0.6251720018028067,5.6,4.0,6.0,4.4
rf_full,signo_zodiacal_tauro,240,0.5,0.53,0.5365079365079364,0.4200000000000001,0.4496867167919799,0.553,0.6238379851143009,4.2,3.6,6.4,5.8
rf_full,signo_zodiacal_tauro,241,0.5,0.5700000000000001,0.5956709956709957,0.52,0.5468212643909238,0.615,0.670799670917318,5.2,3.8,6.2,4.8
rf_full,signo_zodiacal_tauro,242,0.5,0.45,0.44893106893106893,0.5199999999999999,0.47325107969609254,0.38500000000000006,0.4570343723184281,5.2,6.2,3.8,4.8
rf_full,signo_zodiacal_tauro,243,0.5,0.4,0.396969696969697,0.44000000000000006,0.4158730158730159,0.364,0.43781103004322813,4.4,6.4,3.6,5.6
rf_full,signo_zodiacal_tauro,244,0.5,0.45000000000000007,0.4632167832167832,0.44000000000000006,0.4427438160618939,0.404,0.4846732515850163,4.4,5.4,4.6,5.6
rf_full,signo_zodiacal_tauro,245,0.5,0.43,0.40888888888888897,0.4800000000000001,0.433766081871345,0.45899999999999996,0.5097885237397621,4.8,6.2,3.8,5.2
rf_full,signo_zodiacal_tauro,246,0.5,0.43,0.43357753357753354,0.44000000000000006,0.43187386042413634,0.36400000000000005,0.4608752973033159,4.4,5.8,4.2,5.6
rf_full,signo_zodiacal_tauro,247,0.5,0.5700000000000001,0.5706349206349207,0.5599999999999999,0.5587953841823811,0.6020000000000001,0.6393698152552642,5.6,4.2,5.8,4.4
rf_full,signo_zodiacal_tauro,248,0.5,0.53,0.5330652680652681,0.58,0.5466335403726708,0.502,0.5465152522915682,5.8,5.2,4.8,4.2
rf_full,signo_zodiacal_tauro,249,0.5,0.55,0.5471861471861471,0.48,0.500916730328495,0.5660000000000001,0.6022385267810964,4.8,3.8,6.2,5.2
rf_full,signo_zodiacal_tauro,250,0.5,0.48,0.485,0.42000000000000004,0.4488888888888889,0.534,0.5870484586792636,4.2,4.6,5.4,5.8
rf_full,signo_zodiacal_tauro,251,0.5,0.56,0.5488344988344989,0.64,0.5902126858648598,0.565,0.6230511524938769,6.4,5.2,4.8,3.6
rf_full,signo_zodiacal_tauro,252,0.5,0.55,0.5542857142857143,0.47999999999999987,0.5070974450386215,0.4990000000000001,0.538619110851309,4.8,3.8,6.2,5.2
rf_full,signo_zodiacal_tauro,253,0.5,0.4699999999999999,0.47132867132867134,0.44000000000000006,0.4431677018633541,0.434,0.519614505979057,4.4,5.0,5.0,5.6
rf_full,signo_zodiacal_tauro,254,0.5,0.53,0.5252525252525253,0.54,0.5318295739348371,0.5439999999999999,0.5984725264415667,5.4,4.8,5.2,4.6
rf_full,signo_zodiacal_tauro,255,0.5,0.39,0.4152780552780553,0.33999999999999997,0.3609827638149081,0.391,0.5269698024713504,3.4,5.6,4.4,6.6
rf_full,signo_zodiacal_tauro,256,0.5,0.54,0.5267243867243867,0.54,0.5240686028797483,0.541,0.5887420188170963,5.4,4.6,5.4,4.6
rf_full,signo_zodiacal_tauro,257,0.5,0.5800000000000001,0.6101648351648352,0.52,0.5553282182438193,0.569,0.6091485895425525,5.2,3.6,6.4,4.8
rf_full,signo_zodiacal_tauro,258,0.5,0.44000000000000006,0.4432167832167832,0.44000000000000006,0.4373636991028295,0.41500000000000004,0.48792105933282404,4.4,5.6,4.4,5.6
rf_full,signo_zodiacal_tauro,259,0.5,0.44000000000000006,0.4271561771561771,0.4600000000000001,0.4405215938396716,0.475,0.5613867527381459,4.6,5.8,4.2,5.4
rf_full,signo_zodiacal_tauro,260,0.5,0.53,0.5419047619047619,0.48,0.4952352941176471,0.5599999999999999,0.5948930507916576,4.8,4.2,5.8,5.2
rf_full,signo_zodiacal_tauro,261,0.5,0.48,0.48229548229548225,0.62,0.5392829900839053,0.488,0.5527691362644923,6.2,6.6,3.4,3.8
rf_full,signo_zodiacal_tauro,262,0.5,0.5,0.5033333333333333,0.54,0.517979797979798,0.484,0.5615304428114026,5.4,5.4,4.6,4.6
rf_full,signo_zodiacal_tauro,263,0.5,0.5,0.5188034188034187,0.42000000000000004,0.440587533493712,0.479,0.5720279509791893,4.2,4.2,5.8,5.8
rf_full,signo_zodiacal_tauro,264,0.5,0.42000000000000004,0.3935353535353535,0.38,0.3821007063112326,0.461,0.5163544686307844,3.8,5.4,4.6,6.2
rf_full,signo_zodiacal_tauro,265,0.5,0.51,0.49437229437229435,0.45999999999999996,0.47253427686864224,0.527,0.5685215411523461,4.6,4.4,5.6,5.4
rf_full,signo_zodiacal_tauro,266,0.5,0.43000000000000005,0.43250249750249753,0.42000000000000004,0.42037023505054194,0.462,0.544730777993936,4.2,5.6,4.4,5.8
rf_full,signo_zodiacal_tauro,267,0.5,0.5800000000000001,0.5875757575757576,0.62,0.5965714285714285,0.5239999999999999,0.5639811654633636,6.2,4.6,5.4,3.8
rf_full,signo_zodiacal_tauro,268,0.5,0.58,0.5947918747918748,0.58,0.5809400739700914,0.583,0.6087356244546646,5.8,4.2,5.8,4.2
rf_full,signo_zodiacal_tauro,269,0.5,0.5,0.49404761904761907,0.45999999999999996,0.46912624699002403,0.496,0.5670830812634218,4.6,4.6,5.4,5.4
rf_full,signo_zodiacal_tauro,270,0.5,0.6100000000000001,0.6813131313131313,0.6,0.5979012215854321,0.591,0.6294244268803093,6.0,3.8,6.2,4.0
rf_full,signo_zodiacal_tauro,271,0.5,0.52,0.5083333333333334,0.5399999999999999,0.5191919191919192,0.542,0.5547282109015856,5.4,5.0,5.0,4.6
rf_full,signo_zodiacal_tauro,272,0.5,0.53,0.5449938949938951,0.54,0.5355584380621398,0.526,0.5708761836718492,5.4,4.8,5.2,4.6
rf_full,signo_zodiacal_tauro,273,0.5,0.53,0.5215584415584414,0.5800000000000001,0.5446464646464646,0.538,0.5787258929580912,5.8,5.2,4.8,4.2
rf_full,signo_zodiacal_tauro,274,0.5,0.54,0.54,0.5,0.515,0.555,0.6010277145455164,5.0,4.2,5.8,5.0
rf_full,signo_zodiacal_tauro,275,0.5,0.49000000000000005,0.47318181818181815,0.4600000000000001,0.45766233766233766,0.47400000000000003,0.5235386825077227,4.6,4.8,5.2,5.4
rf_full,signo_zodiacal_tauro,276,0.5,0.5,0.5077344877344877,0.58,0.5371679197994987,0.5149999999999999,0.5828155296715668,5.8,5.8,4.2,4.2
rf_full,signo_zodiacal_tauro,277,0.5,0.42000000000000004,0.4242535242535242,0.4,0.4068346484284026,0.378,0.4944221099677756,4.0,5.6,4.4,6.0
rf_full,signo_zodiacal_tauro,278,0.5,0.56,0.5490909090909091,0.5199999999999999,0.5276190476190477,0.5780000000000001,0.6050813702121751,5.2,4.0,6.0,4.8
rf_full,signo_zodiacal_tauro,279,0.5,0.49000000000000005,0.4932478632478633,0.54,0.5042223840232993,0.43100000000000005,0.490666102473378,5.4,5.6,4.4,4.6
rf_full,signo_zodiacal_tauro,280,0.5,0.48,0.4738095238095238,0.36,0.39373714520773345,0.475,0.5310466004583652,3.6,4.0,6.0,6.4
rf_full,signo_zodiacal_tauro,281,0.5,0.49000000000000005,0.4884632034632034,0.54,0.5035032679738561,0.542,0.5974883239395623,5.4,5.6,4.4,4.6
rf_full,signo_zodiacal_tauro,282,0.5,0.53,0.5076923076923077,0.5800000000000001,0.5246280193236714,0.49800000000000005,0.5612590640353797,5.8,5.2,4.8,4.2
rf_full,signo_zodiacal_tauro,283,0.5,0.5199999999999999,0.5363553113553113,0.48,0.49513808158309447,0.569,0.6017538915333034,4.8,4.4,5.6,5.2
rf_full,signo_zodiacal_tauro,284,0.5,0.49000000000000005,0.48888888888888893,0.43999999999999995,0.45777511961722483,0.5,0.5906957297088876,4.4,4.6,5.4,5.6
rf_full,signo_zodiacal_tauro,285,0.5,0.37,0.37982850482850483,0.38,0.37478548731745664,0.29600000000000004,0.45859446478873717,3.8,6.4,3.6,6.2
rf_full,signo_zodiacal_tauro,286,0.5,0.45,0.428051948051948,0.36,0.38451914098972917,0.476,0.5568559218559218,3.6,4.6,5.4,6.4
rf_full,signo_zodiacal_tauro,287,0.5,0.48999999999999994,0.5176190476190476,0.4800000000000001,0.4868894830659536,0.4919999999999999,0.5735127305614922,4.8,5.0,5.0,5.2
rf_full,signo_zodiacal_tauro,288,0.5,0.55,0.5775890775890776,0.48,0.5112805991962002,0.4640000000000001,0.5574531338974064,4.8,3.8,6.2,5.2
rf_full,signo_zodiacal_tauro,289,0.5,0.47000000000000003,0.47392385392385383,0.4600000000000001,0.4597488285932222,0.46099999999999997,0.5333936702272617,4.6,5.2,4.8,5.4
rf_full,signo_zodiacal_tauro,290,0.5,0.4600000000000001,0.46763736263736266,0.42000000000000004,0.43754475703324813,0.449,0.5305761934144286,4.2,5.0,5.0,5.8
rf_full,signo_zodiacal_tauro,291,0.5,0.49000000000000005,0.5068160597572362,0.5,0.4838787774546288,0.475,0.5509286824286823,5.0,5.2,4.8,5.0
rf_full,signo_zodiacal_tauro,292,0.5,0.49000000000000005,0.48495670995671,0.44000000000000006,0.45880878667256375,0.5399999999999999,0.5665795315795317,4.4,4.6,5.4,5.6
rf_full,signo_zodiacal_tauro,293,0.5,0.5599999999999999,0.5631590631590632,0.54,0.5449984723103581,0.528,0.6119957275266872,5.4,4.2,5.8,4.6
rf_full,signo_zodiacal_tauro,294,0.5,0.45999999999999996,0.46333333333333326,0.52,0.4890909090909091,0.421,0.4903122170227433,5.2,6.0,4.0,4.8
rf_full,signo_zodiacal_tauro,295,0.5,0.45999999999999996,0.4636363636363637,0.42000000000000004,0.43531746031746027,0.488,0.5386103896103897,4.2,5.0,5.0,5.8
rf_full,signo_zodiacal_tauro,296,0.5,0.48,0.4842424242424242,0.52,0.4961269841269841,0.514,0.6277919553786427,5.2,5.6,4.4,4.8
rf_full,signo_zodiacal_tauro,297,0.5,0.5700000000000001,0.5621212121212121,0.58,0.5685425685425685,0.629,0.6399386969239911,5.8,4.4,5.6,4.2
rf_full,signo_zodiacal_tauro,298,0.5,0.49000000000000005,0.4494805194805195,0.4800000000000001,0.4538095238095238,0.42400000000000004,0.5231675361102606,4.8,5.0,5.0,5.2
rf_full,signo_zodiacal_tauro,299,0.5,0.45999999999999996,0.4611111111111111,0.4,0.416473000683527,0.4549999999999999,0.5119809995645909,4.0,4.8,5.2,6.0
rf_full,signo_zodiacal_tauro,300,0.5,0.43000000000000005,0.4177777777777777,0.42000000000000004,0.4104210526315789,0.386,0.5092781693710486,4.2,5.6,4.4,5.8
rf_full,signo_zodiacal_tauro,301,0.5,0.53,0.5290909090909091,0.4800000000000001,0.49899159663865544,0.5379999999999999,0.5802532636781862,4.8,4.2,5.8,5.2
rf_full,signo_zodiacal_tauro,302,0.5,0.6100000000000001,0.6127428127428127,0.62,0.6123824052885838,0.632,0.6359303474303474,6.2,4.0,6.0,3.8
rf_full,signo_zodiacal_tauro,303,0.5,0.47000000000000003,0.45738095238095233,0.34,0.3866993464052288,0.46399999999999997,0.6090159101304613,3.4,4.0,6.0,6.6
rf_full,signo_zodiacal_tauro,304,0.5,0.5199999999999999,0.5229797979797979,0.5,0.5096073517126148,0.5359999999999999,0.5819330391830391,5.0,4.6,5.4,5.0
rf_full,signo_zodiacal_tauro,305,0.5,0.51,0.5186446886446887,0.6,0.5482204138572425,0.5589999999999999,0.5936274754657107,6.0,5.8,4.2,4.0
rf_full,signo_zodiacal_tauro,306,0.5,0.4,0.40965034965034963,0.48,0.44132881611142477,0.34900000000000003,0.47756037650000493,4.8,6.8,3.2,5.2
rf_full,signo_zodiacal_tauro,307,0.5,0.3,0.25825396825396824,0.21999999999999997,0.2304627879860078,0.24899999999999997,0.40834528302794554,2.2,6.2,3.8,7.8
rf_full,signo_zodiacal_tauro,308,0.5,0.51,0.5115151515151515,0.6,0.5496623376623376,0.48,0.5294535284976462,6.0,5.8,4.2,4.0
rf_full,signo_zodiacal_tauro,309,0.5,0.5900000000000001,0.6037296037296037,0.5800000000000001,0.5734989648033126,0.6210000000000001,0.673063426339742,5.8,4.0,6.0,4.2
rf_full,signo_zodiacal_tauro,310,0.5,0.6,0.6063186813186813,0.64,0.6113668655868145,0.645,0.6843001406058681,6.4,4.4,5.6,3.6
rf_full,signo_zodiacal_tauro,311,0.5,0.55,0.5428571428571429,0.5599999999999999,0.5388591800356506,0.5549999999999999,0.6434132534132534,5.6,4.6,5.4,4.4
rf_full,signo_zodiacal_tauro,312,0.5,0.54,0.543015873015873,0.54,0.5261722488038277,0.525,0.5817913959105909,5.4,4.6,5.4,4.6
rf_full,signo_zodiacal_tauro,313,0.5,0.48,0.48753246753246754,0.5399999999999999,0.5104761904761904,0.491,0.5697506274255499,5.4,5.8,4.2,4.6
rf_full,signo_zodiacal_tauro,314,0.5,0.47000000000000003,0.4674170274170274,0.4800000000000001,0.46472416334955036,0.49399999999999994,0.5715841374827442,4.8,5.4,4.6,5.2
rf_full,signo_zodiacal_tauro,315,0.5,0.55,0.5467099567099567,0.62,0.5727669977081742,0.5449999999999999,0.565807929772326,6.2,5.2,4.8,3.8
rf_full,signo_zodiacal_tauro,316,0.5,0.35,0.3499567099567099,0.38,0.35782633053221286,0.27999999999999997,0.4423867883062929,3.8,6.8,3.2,6.2
rf_full,signo_zodiacal_tauro,317,0.5,0.5,0.4833333333333334,0.5199999999999999,0.498989898989899,0.533,0.5999556820028956,5.2,5.2,4.8,4.8
rf_full,signo_zodiacal_tauro,318,0.5,0.45,0.45555555555555555,0.4600000000000001,0.45011961722488036,0.41600000000000004,0.49397867938734813,4.6,5.6,4.4,5.4
rf_full,signo_zodiacal_tauro,319,0.5,0.6000000000000001,0.621948051948052,0.5800000000000001,0.5943570155334862,0.5740000000000001,0.6624676624545045,5.8,3.8,6.2,4.2
rf_full,signo_zodiacal_tauro,320,0.5,0.49000000000000005,0.4944877344877344,0.5,0.4903331859059413,0.491,0.5224048641417063,5.0,5.2,4.8,5.0
rf_full,signo_zodiacal_tauro,321,0.5,0.44000000000000006,0.43863636363636366,0.4,0.4130952380952381,0.426,0.5078326579681068,4.0,5.2,4.8,6.0
rf_full,signo_zodiacal_tauro,322,0.5,0.54,0.5349650349650349,0.5199999999999999,0.5197783461210571,0.5520000000000002,0.601365865129023,5.2,4.4,5.6,4.8
rf_full,signo_zodiacal_tauro,323,0.5,0.59,0.6309523809523809,0.5,0.522144522144522,0.594,0.6273493553230395,5.0,3.2,6.8,5.0
rf_full,signo_zodiacal_tauro,324,0.5,0.51,0.509090909090909,0.45999999999999996,0.48153717627401826,0.48599999999999993,0.5593900723459547,4.6,4.4,5.6,5.4
rf_full,signo_zodiacal_tauro,325,0.5,0.5700000000000001,0.5862470862470862,0.56,0.5639969488939741,0.604,0.5998649640692986,5.6,4.2,5.8,4.4
rf_full,signo_zodiacal_tauro,326,0.5,0.55,0.5477777777777779,0.5800000000000001,0.5616267942583731,0.567,0.5675214013712465,5.8,4.8,5.2,4.2
rf_full,signo_zodiacal_tauro,327,0.5,0.53,0.5282356532356532,0.5599999999999999,0.5373760488176964,0.5,0.5313407419893489,5.6,5.0,5.0,4.4
rf_full,signo_zodiacal_tauro,328,0.5,0.6,0.6090909090909091,0.5999999999999999,0.5951469583048531,0.654,0.6953926341116743,6.0,4.0,6.0,4.0
rf_full,signo_zodiacal_tauro,329,0.5,0.44000000000000006,0.43863636363636366,0.45999999999999996,0.44761904761904764,0.45899999999999996,0.5392997378438554,4.6,5.8,4.2,5.4
rf_full,signo_zodiacal_tauro,330,0.5,0.53,0.5165584415584416,0.5599999999999999,0.5313131313131313,0.499,0.5310907430203097,5.6,5.0,5.0,4.4
rf_full,signo_zodiacal_tauro,331,0.5,0.51,0.5172222222222222,0.43999999999999995,0.46628389154704947,0.564,0.5928070062892044,4.4,4.2,5.8,5.6
rf_full,signo_zodiacal_tauro,332,0.5,0.42000000000000004,0.4053030303030303,0.39999999999999997,0.39718614718614714,0.44400000000000006,0.5090439533806407,4.0,5.6,4.4,6.0
rf_full,signo_zodiacal_tauro,333,0.5,0.52,0.5215811965811966,0.5,0.5065344520722095,0.48,0.5491622570755699,5.0,4.6,5.4,5.0
rf_full,signo_zodiacal_tauro,334,0.5,0.42000000000000004,0.3965367965367965,0.4,0.39143111790170615,0.324,0.43660156776488035,4.0,5.6,4.4,6.0
rf_full,signo_zodiacal_tauro,335,0.5,0.6100000000000001,0.6101787101787102,0.5599999999999999,0.570118230358505,0.657,0.6638222312603117,5.6,3.4,6.6,4.4
rf_full,signo_zodiacal_tauro,336,0.5,0.42000000000000004,0.4258585858585858,0.42000000000000004,0.421954887218045,0.44300000000000006,0.5683797519989471,4.2,5.8,4.2,5.8
rf_full,signo_zodiacal_tauro,337,0.5,0.38000000000000006,0.38384615384615384,0.42000000000000004,0.39482213438735175,0.4010000000000001,0.4902034538389028,4.2,6.6,3.4,5.8
rf_full,signo_zodiacal_tauro,338,0.5,0.5299999999999999,0.5444444444444445,0.44000000000000006,0.483625730994152,0.535,0.5611490453990454,4.4,3.8,6.2,5.6
rf_full,signo_zodiacal_tauro,339,0.5,0.45999999999999996,0.4543589743589743,0.45999999999999996,0.4489879342625338,0.346,0.4554121819872594,4.6,5.4,4.6,5.4
rf_full,signo_zodiacal_tauro,340,0.5,0.47000000000000003,0.48442307692307696,0.54,0.503537718320327,0.46900000000000003,0.5400929905148171,5.4,6.0,4.0,4.6
rf_full,signo_zodiacal_tauro,341,0.5,0.54,0.5581746031746031,0.5,0.5229746380210776,0.568,0.6009605928986733,5.0,4.2,5.8,5.0
rf_full,signo_zodiacal_tauro,342,0.5,0.5,0.5061111111111111,0.5,0.48409765672923566,0.5399999999999999,0.6039436756054404,5.0,5.0,5.0,5.0
rf_full,signo_zodiacal_tauro,343,0.5,0.52,0.5181818181818182,0.5199999999999999,0.5154401154401155,0.579,0.6631678968606213,5.2,4.8,5.2,4.8
rf_full,signo_zodiacal_tauro,344,0.5,0.47000000000000003,0.4699999999999999,0.5,0.47390909090909095,0.544,0.6169240477444811,5.0,5.6,4.4,5.0
rf_full,signo_zodiacal_tauro,345,0.5,0.55,0.5916666666666667,0.45999999999999996,0.5083599149388622,0.49400000000000005,0.5384652102283681,4.6,3.6,6.4,5.4
rf_full,signo_zodiacal_tauro,346,0.5,0.51,0.5176190476190476,0.45999999999999996,0.4800267379679144,0.6120000000000001,0.6553522996611232,4.6,4.4,5.6,5.4
rf_full,signo_zodiacal_tauro,347,0.5,0.53,0.5555555555555556,0.42000000000000004,0.4730994152046783,0.543,0.6159653879831899,4.2,3.6,6.4,5.8
rf_full,signo_zodiacal_tauro,348,0.5,0.58,0.5946886446886446,0.54,0.5609009736617759,0.607,0.6269016622352535,5.4,3.8,6.2,4.6
rf_full,signo_zodiacal_tauro,349,0.5,0.4,0.36275946275946275,0.36,0.35681189333094027,0.39999999999999997,0.482097822542095,3.6,5.6,4.4,6.4
rf_full,signo_zodiacal_tauro,350,0.5,0.41999999999999993,0.401923076923077,0.34,0.36122552758708365,0.44700000000000006,0.5419877626673293,3.4,5.0,5.0,6.6
rf_full,signo_zodiacal_tauro,351,0.5,0.5399999999999999,0.5444444444444444,0.52,0.531578947368421,0.5040000000000001,0.5557537026097398,5.2,4.4,5.6,4.8
rf_full,signo_zodiacal_tauro,352,0.5,0.5999999999999999,0.6156709956709956,0.62,0.6067303553000147,0.6199999999999999,0.6691784110282561,6.2,4.2,5.8,3.8
rf_full,signo_zodiacal_tauro,353,0.5,0.43,0.4368939393939394,0.5199999999999999,0.47115551115551113,0.43299999999999994,0.5203912486722084,5.2,6.6,3.4,4.8
rf_full,signo_zodiacal_tauro,354,0.5,0.47000000000000003,0.4727272727272728,0.38,0.4063131313131313,0.4779999999999999,0.577043289613723,3.8,4.4,5.6,6.2
rf_full,signo_zodiacal_tauro,355,0.5,0.6100000000000001,0.6315617715617716,0.62,0.6146066252587992,0.615,0.6697138216960198,6.2,4.0,6.0,3.8
rf_full,signo_zodiacal_tauro,356,0.5,0.5399999999999999,0.5043137254901962,0.6000000000000001,0.5262390572390572,0.576,0.5972132856823259,6.0,5.2,4.8,4.0
rf_full,signo_zodiacal_tauro,357,0.5,0.53,0.6081385281385281,0.48,0.5085714285714286,0.5,0.6047552835021875,4.8,4.2,5.8,5.2
rf_full,signo_zodiacal_tauro,358,0.5,0.53,0.5232789432789433,0.52,0.5136793069630599,0.532,0.5846099723290126,5.2,4.6,5.4,4.8
rf_full,signo_zodiacal_tauro,359,0.5,0.53,0.5202020202020202,0.52,0.512359329696791,0.588,0.6377824212251456,5.2,4.6,5.4,4.8
rf_full,signo_zodiacal_tauro,360,0.5,0.5499999999999999,0.5311111111111111,0.5,0.5038345864661654,0.5900000000000001,0.6525611502360729,5.0,4.0,6.0,5.0
rf_full,signo_zodiacal_tauro,361,0.5,0.5199999999999999,0.5282167832167832,0.6,0.553773955513086,0.45899999999999996,0.5516723745810432,6.0,5.6,4.4,4.0
rf_full,signo_zodiacal_tauro,362,0.5,0.53,0.5372727272727272,0.5,0.48938528138528137,0.5549999999999999,0.6122663539590784,5.0,4.4,5.6,5.0
rf_full,signo_zodiacal_tauro,363,0.5,0.4800000000000001,0.49452380952380953,0.5599999999999999,0.5102997394762101,0.41899999999999993,0.5161417108003795,5.6,6.0,4.0,4.4
rf_full,signo_zodiacal_tauro,364,0.5,0.5200000000000001,0.5651515151515152,0.52,0.5313852813852813,0.5589999999999999,0.5953381781617076,5.2,4.8,5.2,4.8
rf_full,signo_zodiacal_tauro,365,0.5,0.5,0.5054390054390054,0.56,0.5267789037811921,0.453,0.5370888205361889,5.6,5.6,4.4,4.4
rf_full,signo_zodiacal_tauro,366,0.5,0.52,0.5317424242424242,0.62,0.5659128590707538,0.5579999999999999,0.6431949427421563,6.2,5.8,4.2,3.8
rf_full,signo_zodiacal_tauro,367,0.5,0.5199999999999999,0.5234188034188035,0.5,0.5073887617594711,0.507,0.5967179378928604,5.0,4.6,5.4,5.0
rf_full,signo_zodiacal_tauro,368,0.5,0.39,0.3791486291486291,0.34,0.3563860631972087,0.355,0.45370115342174167,3.4,5.6,4.4,6.6
rf_full,signo_zodiacal_tauro,369,0.5,0.43000000000000005,0.4374891774891775,0.48,0.4476676003734827,0.409,0.5086850649350649,4.8,6.2,3.8,5.2
rf_full,signo_zodiacal_tauro,370,0.5,0.42000000000000004,0.41535353535353536,0.4,0.4068170426065163,0.388,0.5064274188144158,4.0,5.6,4.4,6.0
rf_full,signo_zodiacal_tauro,371,0.5,0.43000000000000005,0.4313708513708514,0.42000000000000004,0.42208515942262076,0.42400000000000004,0.5556597230598779,4.2,5.6,4.4,5.8
rf_full,signo_zodiacal_tauro,372,0.5,0.5,0.47555555555555556,0.48,0.4623014354066985,0.475,0.5593719158378602,4.8,4.8,5.2,5.2
rf_full,signo_zodiacal_tauro,373,0.5,0.39,0.37077922077922076,0.36,0.36293183940242757,0.42699999999999994,0.5291649451339854,3.6,5.8,4.2,6.4
rf_full,signo_zodiacal_tauro,374,0.5,0.43999999999999995,0.381025641025641,0.36,0.35749670619235835,0.488,0.5404136767944816,3.6,4.8,5.2,6.4
rf_full,signo_zodiacal_tauro,375,0.5,0.5599999999999999,0.5615584415584415,0.56,0.5565418894830658,0.531,0.5721521513402318,5.6,4.4,5.6,4.4
rf_full,signo_zodiacal_tauro,376,0.5,0.4800000000000001,0.48571428571428577,0.4,0.4294117647058823,0.483,0.5530160764588009,4.0,4.4,5.6,6.0
rf_full,signo_zodiacal_tauro,377,0.5,0.5700000000000001,0.5706493506493506,0.5399999999999999,0.5506255835667601,0.5770000000000001,0.6419524919524919,5.4,4.0,6.0,4.6
rf_full,signo_zodiacal_tauro,378,0.5,0.4800000000000001,0.47575757575757577,0.45999999999999996,0.4648439280018227,0.48,0.5663695383563805,4.6,5.0,5.0,5.4
rf_full,signo_zodiacal_tauro,379,0.5,0.47000000000000003,0.47142857142857136,0.4,0.42058823529411765,0.454,0.5405712610403013,4.0,4.6,5.4,6.0
rf_full,signo_zodiacal_tauro,380,0.5,0.51,0.4874603174603175,0.5,0.4875438596491228,0.541,0.6281633272987761,5.0,4.8,5.2,5.0
rf_full,signo_zodiacal_tauro,381,0.5,0.47000000000000003,0.4463059163059163,0.38,0.40319032876308414,0.512,0.5339308371367195,3.8,4.4,5.6,6.2
rf_full,signo_zodiacal_tauro,382,0.5,0.54,0.5477564102564102,0.58,0.551733849674353,0.535,0.6214898065470821,5.8,5.0,5.0,4.2
rf_full,signo_zodiacal_tauro,383,0.5,0.45,0.44571428571428573,0.54,0.4786666666666667,0.506,0.6064601499291902,5.4,6.4,3.6,4.6
rf_full,signo_zodiacal_tauro,384,0.5,0.55,0.5535353535353535,0.54,0.5438444596339332,0.472,0.5609105153532398,5.4,4.4,5.6,4.6
rf_full,signo_zodiacal_tauro,385,0.5,0.5800000000000001,0.5733333333333333,0.6000000000000001,0.5775481127060074,0.6180000000000001,0.655804658791501,6.0,4.4,5.6,4.0
rf_full,signo_zodiacal_tauro,386,0.5,0.6799999999999999,0.6766666666666665,0.7,0.6872727272727271,0.692,0.6955934327110798,7.0,3.4,6.6,3.0
rf_full,signo_zodiacal_tauro,387,0.5,0.5,0.5252100840336134,0.45999999999999996,0.47494553376906323,0.511,0.5634098738378924,4.6,4.6,5.4,5.4
rf_full,signo_zodiacal_tauro,388,0.5,0.4600000000000001,0.4686363636363636,0.48,0.4716305916305917,0.45099999999999996,0.5157180860075596,4.8,5.6,4.4,5.2
rf_full,signo_zodiacal_tauro,389,0.5,0.49000000000000005,0.48,0.4999999999999999,0.4823625730994152,0.46799999999999997,0.5212684270493868,5.0,5.2,4.8,5.0
rf_full,signo_zodiacal_tauro,390,0.5,0.45,0.4556349206349207,0.38,0.41273477812177506,0.433,0.5237440708586221,3.8,4.8,5.2,6.2
rf_full,signo_zodiacal_tauro,391,0.5,0.49000000000000005,0.48571428571428577,0.4,0.4378396972824217,0.5160000000000001,0.601651607594332,4.0,4.2,5.8,6.0
rf_full,signo_zodiacal_tauro,392,0.5,0.54,0.5416666666666666,0.48,0.501010101010101,0.525,0.5945920745920745,4.8,4.0,6.0,5.2
rf_full,signo_zodiacal_tauro,393,0.5,0.45999999999999996,0.4665501165501166,0.44000000000000006,0.43652675826588866,0.497,0.5766993818874624,4.4,5.2,4.8,5.6
rf_full,signo_zodiacal_tauro,394,0.5,0.55,0.5534188034188035,0.58,0.5631995007281049,0.585,0.595584126657656,5.8,4.8,5.2,4.2
rf_full,signo_zodiacal_tauro,395,0.5,0.51,0.5367521367521368,0.42000000000000004,0.4489272232979326,0.5290000000000001,0.6152064322846057,4.2,4.0,6.0,5.8
rf_full,signo_zodiacal_tauro,396,0.5,0.43,0.4341258741258741,0.52,0.4714906832298137,0.34,0.4499027696589616,5.2,6.6,3.4,4.8
rf_full,signo_zodiacal_tauro,397,0.5,0.47000000000000003,0.47844155844155845,0.38,0.41566760037348266,0.5,0.5845068079495324,3.8,4.4,5.6,6.2
rf_full,signo_zodiacal_tauro,398,0.5,0.52,0.5091666666666667,0.5599999999999999,0.5207342657342657,0.522,0.5521237161531279,5.6,5.2,4.8,4.4
rf_full,signo_zodiacal_tauro,399,0.5,0.65,0.6301476301476302,0.7,0.6614361991936362,0.6620000000000001,0.6550690485984603,7.0,4.0,6.0,3.0
rf_full,signo_zodiacal_tauro,400,0.5,0.49000000000000005,0.4833333333333334,0.5,0.4889952153110048,0.47300000000000003,0.536859798268467,5.0,5.2,4.8,5.0
rf_full,signo_zodiacal_tauro,401,0.5,0.5,0.4920634920634921,0.48,0.47675438596491226,0.441,0.518296862064664,4.8,4.8,5.2,5.2
rf_full,signo_zodiacal_tauro,402,0.5,0.51,0.4951226551226551,0.48,0.48555506413091554,0.48,0.5353186992745815,4.8,4.6,5.4,5.2
rf_full,signo_zodiacal_tauro,403,0.5,0.55,0.5628571428571428,0.58,0.5598692810457516,0.609,0.6243602410661234,5.8,4.8,5.2,4.2
rf_full,signo_zodiacal_tauro,404,0.5,0.5700000000000001,0.5806060606060606,0.5599999999999999,0.5578309409888357,0.5940000000000001,0.6539637313151245,5.6,4.2,5.8,4.4
rf_full,signo_zodiacal_tauro,405,0.5,0.45000000000000007,0.4642424242424242,0.45999999999999996,0.45039598997493735,0.43100000000000005,0.5167314819683241,4.6,5.6,4.4,5.4
rf_full,signo_zodiacal_tauro,406,0.5,0.53,0.5267399267399268,0.54,0.5281669647263939,0.557,0.6069618877854172,5.4,4.8,5.2,4.6
rf_full,signo_zodiacal_tauro,407,0.5,0.49000000000000005,0.4941919191919192,0.45999999999999996,0.4743525480367586,0.42200000000000004,0.518781019891701,4.6,4.8,5.2,5.4
rf_full,signo_zodiacal_tauro,408,0.5,0.4600000000000001,0.47777777777777775,0.34,0.38746867167919796,0.43600000000000005,0.48881883089390826,3.4,4.2,5.8,6.6
rf_full,signo_zodiacal_tauro,409,0.5,0.38,0.37454212454212454,0.4600000000000001,0.4104859335038363,0.3529999999999999,0.47672500727686484,4.6,7.0,3.0,5.4
rf_full,signo_zodiacal_tauro,410,0.5,0.43,0.40919913419913423,0.36,0.3777310924369748,0.404,0.46388800638645844,3.6,5.0,5.0,6.4
rf_full,signo_zodiacal_tauro,411,0.5,0.48999999999999994,0.49452380952380953,0.44000000000000006,0.45391606467148266,0.47300000000000003,0.5574984182484183,4.4,4.6,5.4,5.6
rf_full,signo_zodiacal_tauro,412,0.5,0.55,0.5484498834498834,0.6200000000000001,0.575135955831608,0.552,0.5744098929965803,6.2,5.2,4.8,3.8
rf_full,signo_zodiacal_tauro,413,0.5,0.64,0.6377777777777778,0.6199999999999999,0.6161722488038277,0.678,0.667942925925124,6.2,3.4,6.6,3.8
rf_full,signo_zodiacal_tauro,414,0.5,0.48,0.48954933954933955,0.54,0.5117001991143868,0.46499999999999997,0.5129004992255766,5.4,5.8,4.2,4.6
rf_full,signo_zodiacal_tauro,415,0.5,0.52,0.5148473748473749,0.48,0.4907874545699287,0.43600000000000005,0.5059257233994077,4.8,4.4,5.6,5.2
rf_full,signo_zodiacal_tauro,416,0.5,0.51,0.4958333333333334,0.62,0.5423831070889895,0.51,0.5339556162791457,6.2,6.0,4.0,3.8
rf_full,signo_zodiacal_tauro,417,0.5,0.5,0.5111111111111111,0.45999999999999996,0.47794486215538845,0.46900000000000003,0.5401486301795899,4.6,4.6,5.4,5.4
rf_full,signo_zodiacal_tauro,418,0.5,0.49000000000000005,0.5013131313131314,0.48,0.4784962406015037,0.46699999999999997,0.519949624936467,4.8,5.0,5.0,5.2
rf_full,signo_zodiacal_tauro,419,0.5,0.6399999999999999,0.6483333333333332,0.6,0.6147474747474748,0.654,0.7009598908143799,6.0,3.2,6.8,4.0
rf_full,signo_zodiacal_tauro,420,0.5,0.55,0.5527777777777778,0.54,0.5416267942583731,0.5119999999999999,0.5425350595397035,5.4,4.4,5.6,4.6
rf_full,signo_zodiacal_tauro,421,0.5,0.32,0.305,0.32,0.31030303030303036,0.332,0.47071833008752506,3.2,6.8,3.2,6.8
rf_full,signo_zodiacal_tauro,422,0.5,0.4800000000000001,0.4476923076923077,0.42000000000000004,0.4267683702008645,0.4640000000000001,0.5556865238304868,4.2,4.6,5.4,5.8
rf_full,signo_zodiacal_tauro,423,0.5,0.35,0.3170634920634921,0.27999999999999997,0.2937986677924759,0.30199999999999994,0.4541820167276823,2.8,5.8,4.2,7.2
rf_full,signo_zodiacal_tauro,424,0.5,0.52,0.5637606837606837,0.5,0.5044424103737605,0.543,0.5836675899779615,5.0,4.6,5.4,5.0
rf_full,signo_zodiacal_tauro,425,0.5,0.5399999999999999,0.5208080808080807,0.45999999999999996,0.4795488721804511,0.48999999999999994,0.5484464440787971,4.6,3.8,6.2,5.4
rf_full,signo_zodiacal_tauro,426,0.5,0.51,0.5201515151515151,0.5,0.5079030910609859,0.507,0.5737306494674914,5.0,4.8,5.2,5.0
rf_full,signo_zodiacal_tauro,427,0.5,0.53,0.5326923076923077,0.6,0.558937198067633,0.548,0.5866350954686868,6.0,5.4,4.6,4.0
rf_full,signo_zodiacal_tauro,428,0.5,0.41,0.40024864024864026,0.44000000000000006,0.4174261741309796,0.38000000000000006,0.4825878200746622,4.4,6.2,3.8,5.6
rf_full,signo_zodiacal_tauro,429,0.5,0.52,0.525,0.52,0.5181818181818183,0.523,0.6069407547217145,5.2,4.8,5.2,4.8
rf_full,signo_zodiacal_tauro,430,0.5,0.49000000000000005,0.4766666666666667,0.5599999999999999,0.5091111111111111,0.42200000000000004,0.4778492952695739,5.6,5.8,4.2,4.4
rf_full,signo_zodiacal_tauro,431,0.5,0.55,0.5546353646353646,0.5399999999999999,0.5399147485080988,0.5740000000000001,0.6224165397725768,5.4,4.4,5.6,4.6
rf_full,signo_zodiacal_tauro,432,0.5,0.49000000000000005,0.4870707070707071,0.52,0.5018728639781271,0.46399999999999997,0.5264800291727536,5.2,5.4,4.6,4.8
rf_full,signo_zodiacal_tauro,433,0.5,0.53,0.5578632478632478,0.47999999999999987,0.4974977463421399,0.581,0.6060063264049331,4.8,4.2,5.8,5.2
rf_full,signo_zodiacal_tauro,434,0.5,0.5,0.5,0.39999999999999997,0.43550543024227234,0.4670000000000001,0.5262224724020389,4.0,4.0,6.0,6.0
rf_full,signo_zodiacal_tauro,435,0.5,0.51,0.5117715617715618,0.58,0.5428006775832863,0.517,0.5523682860826823,5.8,5.6,4.4,4.2
rf_full,signo_zodiacal_tauro,436,0.5,0.43,0.4299567099567099,0.45999999999999996,0.43782633053221287,0.386,0.509365942279255,4.6,6.0,4.0,5.4
rf_full,signo_zodiacal_tauro,437,0.5,0.42000000000000004,0.4371428571428571,0.48,0.44742424242424245,0.36299999999999993,0.4538513071895425,4.8,6.4,3.6,5.2
rf_full,signo_zodiacal_tauro,438,0.5,0.54,0.5279304029304029,0.52,0.5103012219380506,0.5450000000000002,0.6085867824985473,5.2,4.4,5.6,4.8
rf_full,signo_zodiacal_tauro,439,0.5,0.51,0.4892857142857142,0.38,0.4226890756302521,0.49399999999999994,0.5702043336780178,3.8,3.6,6.4,6.2
rf_full,signo_zodiacal_tauro,440,0.5,0.61,0.6206349206349205,0.5800000000000001,0.5946805516464959,0.585,0.6068560487500116,5.8,3.6,6.4,4.2
rf_full,signo_zodiacal_tauro,441,0.5,0.45,0.4538888888888889,0.36000000000000004,0.4000275197798418,0.45499999999999996,0.563817526642604,3.6,4.6,5.4,6.4
rf_full,signo_zodiacal_tauro,442,0.5,0.57,0.5811111111111111,0.47999999999999987,0.5138516746411483,0.54,0.6067300383654872,4.8,3.4,6.6,5.2
rf_full,signo_zodiacal_tauro,443,0.5,0.53,0.5456410256410257,0.5800000000000001,0.5501054018445324,0.58,0.5866812246061471,5.8,5.2,4.8,4.2
rf_full,signo_zodiacal_tauro,444,0.5,0.47000000000000003,0.47131313131313135,0.54,0.4995871496924128,0.45899999999999996,0.5122787296123209,5.4,6.0,4.0,4.6
rf_full,signo_zodiacal_tauro,445,0.5,0.52,0.5148484848484849,0.5599999999999999,0.5358441558441558,0.5149999999999999,0.5894845148831217,5.6,5.2,4.8,4.4
rf_full,signo_zodiacal_tauro,446,0.5,0.43000000000000005,0.4314285714285714,0.41999999999999993,0.4200619195046439,0.45200000000000007,0.5517723522607423,4.2,5.6,4.4,5.8
rf_full,signo_zodiacal_tauro,447,0.5,0.56,0.5622222222222222,0.5599999999999999,0.5600501253132831,0.5890000000000001,0.6285729876418731,5.6,4.4,5.6,4.4
rf_full,signo_zodiacal_tauro,448,0.5,0.53,0.5301165501165501,0.64,0.577115753811406,0.54,0.5921734458352106,6.4,5.8,4.2,3.6
rf_full,signo_zodiacal_tauro,449,0.5,0.5499999999999999,0.5542207792207792,0.5399999999999999,0.5410236822001527,0.632,0.6850280264970667,5.4,4.4,5.6,4.6
rf_full,signo_zodiacal_tauro,450,0.5,0.52,0.5206959706959707,0.42000000000000004,0.45269252628587664,0.499,0.5734498550984618,4.2,3.8,6.2,5.8
rf_full,signo_zodiacal_tauro,451,0.5,0.39,0.4023809523809524,0.42000000000000004,0.4073847720906545,0.39499999999999996,0.4998065382330087,4.2,6.4,3.6,5.8
rf_full,signo_zodiacal_tauro,452,0.5,0.49000000000000005,0.49444444444444446,0.48,0.48026315789473684,0.46799999999999997,0.5091104816236396,4.8,5.0,5.0,5.2
rf_full,signo_zodiacal_tauro,453,0.5,0.52,0.5222222222222221,0.44000000000000006,0.4771929824561404,0.531,0.6047117767853062,4.4,4.0,6.0,5.6
rf_full,signo_zodiacal_tauro,454,0.5,0.5,0.5254945054945055,0.5,0.49960358056265985,0.49700000000000005,0.5657836064863929,5.0,5.0,5.0,5.0
rf_full,signo_zodiacal_tauro,455,0.5,0.55,0.5511111111111111,0.5,0.523625730994152,0.5559999999999999,0.6227717370348949,5.0,4.0,6.0,5.0
rf_full,signo_zodiacal_tauro,456,0.5,0.44000000000000006,0.43204573204573204,0.42000000000000004,0.4214004747589348,0.40800000000000003,0.4724384977767331,4.2,5.4,4.6,5.8
rf_full,signo_zodiacal_tauro,457,0.5,0.51,0.5166666666666666,0.45999999999999996,0.4767464114832536,0.537,0.6137220083837731,4.6,4.4,5.6,5.4
rf_full,signo_zodiacal_tauro,458,0.5,0.6100000000000001,0.5889102564102564,0.6799999999999999,0.6180465186986926,0.636,0.680734226557756,6.8,4.6,5.4,3.2
rf_full,signo_zodiacal_tauro,459,0.5,0.5900000000000001,0.6,0.54,0.5684210526315788,0.55,0.6317315205434401,5.4,3.6,6.4,4.6
rf_full,signo_zodiacal_tauro,460,0.5,0.44000000000000006,0.4475757575757576,0.4999999999999999,0.46739971139971137,0.46900000000000003,0.5818749563130368,5.0,6.2,3.8,5.0
rf_full,signo_zodiacal_tauro,461,0.5,0.47000000000000003,0.453015873015873,0.52,0.48119617224880373,0.476,0.5146322443466407,5.2,5.8,4.2,4.8
rf_full,signo_zodiacal_tauro,462,0.5,0.55,0.5590909090909091,0.54,0.5460317460317461,0.56,0.5814987747031091,5.4,4.4,5.6,4.6
rf_full,signo_zodiacal_tauro,463,0.5,0.4,0.3896031746031746,0.34,0.3614654282765738,0.43400000000000005,0.510286297465864,3.4,5.4,4.6,6.6
rf_full,signo_zodiacal_tauro,464,0.5,0.45,0.45357753357753355,0.5,0.47171624713958804,0.43599999999999994,0.5468600335852657,5.0,6.0,4.0,5.0
rf_full,signo_zodiacal_tauro,465,0.5,0.5200000000000001,0.5385836385836387,0.54,0.5316058688921793,0.5369999999999999,0.6069999781779967,5.4,5.0,5.0,4.6
rf_full,signo_zodiacal_tauro,466,0.5,0.6199999999999999,0.6473193473193473,0.6,0.5988706945228683,0.6559999999999999,0.70361748012909,6.0,3.6,6.4,4.0
rf_full,signo_zodiacal_tauro,467,0.5,0.5,0.48888888888888893,0.4,0.4383040935672515,0.489,0.5800690704204635,4.0,4.0,6.0,6.0
rf_full,signo_zodiacal_tauro,468,0.5,0.44000000000000006,0.4261904761904762,0.42000000000000004,0.4180799592564298,0.457,0.5548996379437555,4.2,5.4,4.6,5.8
rf_full,signo_zodiacal_tauro,469,0.5,0.45,0.4615384615384615,0.45999999999999996,0.4536561264822135,0.4290000000000001,0.47694626675354235,4.6,5.6,4.4,5.4
rf_full,signo_zodiacal_tauro,470,0.5,0.39,0.37316017316017314,0.34,0.3522335249889429,0.413,0.512774446743487,3.4,5.6,4.4,6.6
rf_full,signo_zodiacal_tauro,471,0.5,0.44000000000000006,0.4261904761904762,0.4,0.4065359477124183,0.422,0.5324691344087629,4.0,5.2,4.8,6.0
rf_full,signo_zodiacal_tauro,472,0.5,0.44000000000000006,0.4513708513708513,0.48,0.46038581301739195,0.4050000000000001,0.521236568986569,4.8,6.0,4.0,5.2
rf_full,signo_zodiacal_tauro,473,0.5,0.4,0.40465034965034963,0.4,0.39870255348516215,0.42400000000000004,0.5325363694612921,4.0,6.0,4.0,6.0
rf_full,signo_zodiacal_tauro,474,0.5,0.4600000000000001,0.4557575757575757,0.38,0.4050522026992615,0.409,0.5188184558819233,3.8,4.6,5.4,6.2
rf_full,signo_zodiacal_tauro,475,0.5,0.45,0.3981818181818182,0.41999999999999993,0.40857142857142853,0.41500000000000004,0.5045283907698769,4.2,5.2,4.8,5.8
rf_full,signo_zodiacal_tauro,476,0.5,0.5700000000000001,0.5557142857142858,0.6,0.5681767520405291,0.607,0.6561255492873139,6.0,4.6,5.4,4.0
rf_full,signo_zodiacal_tauro,477,0.5,0.45999999999999996,0.469949494949495,0.45999999999999996,0.46242120452646773,0.426,0.5349278705470655,4.6,5.4,4.6,5.4
rf_full,signo_zodiacal_tauro,478,0.5,0.5,0.5,0.52,0.509090909090909,0.505,0.5696798026534868,5.2,5.2,4.8,4.8
rf_full,signo_zodiacal_tauro,479,0.5,0.49000000000000005,0.48,0.48,0.4719480519480519,0.5,0.53899888999889,4.8,5.0,5.0,5.2
rf_full,signo_zodiacal_tauro,480,0.5,0.53,0.5340909090909091,0.48,0.4920634920634921,0.554,0.5807490924108571,4.8,4.2,5.8,5.2
rf_full,signo_zodiacal_tauro,481,0.5,0.53,0.5424242424242424,0.52,0.5238095238095238,0.577,0.6162244668815876,5.2,4.6,5.4,4.8
rf_full,signo_zodiacal_tauro,482,0.5,0.4699999999999999,0.4670695970695971,0.44000000000000006,0.44310005425094945,0.4969999999999999,0.5999352961280205,4.4,5.0,5.0,5.6
rf_full,signo_zodiacal_tauro,483,0.5,0.49000000000000005,0.49777777777777776,0.5199999999999999,0.5044210526315789,0.507,0.5421391545331173,5.2,5.4,4.6,4.8
rf_full,signo_zodiacal_tauro,484,0.5,0.39999999999999997,0.3874891774891775,0.38,0.37381139122315593,0.39799999999999996,0.4928118908954822,3.8,5.8,4.2,6.2
rf_full,signo_zodiacal_tauro,485,0.5,0.45,0.4486363636363636,0.5199999999999999,0.47736796536796533,0.45899999999999996,0.5329388940093275,5.2,6.2,3.8,4.8
rf_full,signo_zodiacal_tauro,486,0.5,0.4,0.3693639693639693,0.38,0.36835342832785284,0.33199999999999996,0.4423658257806865,3.8,5.8,4.2,6.2
rf_full,signo_zodiacal_tauro,487,0.5,0.4600000000000001,0.45897435897435895,0.4600000000000001,0.45697940503432494,0.445,0.5541263032633001,4.6,5.4,4.6,5.4
rf_full,signo_zodiacal_tauro,488,0.5,0.42000000000000004,0.4137529137529138,0.42000000000000004,0.4131342849878319,0.43600000000000005,0.5060801573727269,4.2,5.8,4.2,5.8
rf_full,signo_zodiacal_tauro,489,0.5,0.44000000000000006,0.4216666666666667,0.4,0.40619047619047616,0.422,0.5257345987345987,4.0,5.2,4.8,6.0
rf_full,signo_zodiacal_tauro,490,0.5,0.52,0.5283333333333333,0.52,0.52,0.45500000000000007,0.505867373424649,5.2,4.8,5.2,4.8
rf_full,signo_zodiacal_tauro,491,0.5,0.54,0.5492857142857143,0.5599999999999999,0.544501485442662,0.567,0.6321372336813512,5.6,4.8,5.2,4.4
rf_full,signo_zodiacal_tauro,492,0.5,0.52,0.492020202020202,0.45999999999999996,0.46907268170426064,0.5730000000000001,0.6310878288378288,4.6,4.2,5.8,5.4
rf_full,signo_zodiacal_tauro,493,0.5,0.4600000000000001,0.45757575757575764,0.52,0.48566871724766464,0.43000000000000005,0.5036734105248037,5.2,6.0,4.0,4.8
rf_full,signo_zodiacal_tauro,494,0.5,0.4800000000000001,0.5059523809523809,0.36,0.40212075506193157,0.475,0.558622296004649,3.6,4.0,6.0,6.4
rf_full,signo_zodiacal_tauro,495,0.5,0.30999999999999994,0.3094155844155844,0.30000000000000004,0.30160427807486634,0.30300000000000005,0.45991183146059306,3.0,6.8,3.2,7.0
rf_full,signo_zodiacal_tauro,496,0.5,0.47000000000000003,0.4690836940836941,0.4,0.42912182416826383,0.469,0.5406462215974599,4.0,4.6,5.4,6.0
rf_full,signo_zodiacal_tauro,497,0.5,0.5299999999999999,0.5368253968253969,0.56,0.5269283162657776,0.6140000000000001,0.6419144974392652,5.6,5.0,5.0,4.4
rf_full,signo_zodiacal_tauro,498,0.5,0.5200000000000001,0.5217914438502673,0.58,0.5376623376623376,0.47400000000000003,0.5621666095342566,5.8,5.4,4.6,4.2
rf_full,signo_zodiacal_tauro,499,0.5,0.5,0.5044444444444445,0.58,0.535444976076555,0.49000000000000005,0.5591841122413876,5.8,5.8,4.2,4.2
rf_full,signo_zodiacal_tauro,500,0.5,0.47000000000000003,0.4656988436400201,0.54,0.4911348419357573,0.503,0.5735465178096757,5.4,6.0,4.0,4.6
rf_full,signo_zodiacal_virgo,1,0.5,0.5900000000000001,0.5793240093240094,0.6799999999999999,0.6240843214756258,0.592,0.6391526055643701,6.8,5.0,5.0,3.2
rf_full,signo_zodiacal_virgo,2,0.5,0.5,0.39047619047619053,0.32,0.3496904024767802,0.516,0.5583416383238365,3.2,3.2,6.8,6.8
rf_full,signo_zodiacal_virgo,3,0.5,0.5700000000000001,0.5654578754578754,0.5800000000000001,0.5599408922989486,0.595,0.6302465492024315,5.8,4.4,5.6,4.2
rf_full,signo_zodiacal_virgo,4,0.5,0.58,0.5849206349206348,0.54,0.5543687650498796,0.549,0.6179316881948461,5.4,3.8,6.2,4.6
rf_full,signo_zodiacal_virgo,5,0.5,0.5,0.5145299145299145,0.4800000000000001,0.48022501906941273,0.47000000000000003,0.5465381662541106,4.8,4.8,5.2,5.2
rf_full,signo_zodiacal_virgo,6,0.5,0.43,0.4015873015873016,0.36000000000000004,0.3745707852518998,0.425,0.49549689405881353,3.6,5.0,5.0,6.4
rf_full,signo_zodiacal_virgo,7,0.5,0.52,0.5181684981684982,0.5,0.4978888630551035,0.47400000000000003,0.5279744680843752,5.0,4.6,5.4,5.0
rf_full,signo_zodiacal_virgo,8,0.5,0.48,0.47192307692307695,0.43999999999999995,0.4469565217391304,0.42099999999999993,0.4923851720175249,4.4,4.8,5.2,5.6
rf_full,signo_zodiacal_virgo,9,0.5,0.44000000000000006,0.43606060606060615,0.5,0.46328776486671225,0.4800000000000001,0.5740030433103188,5.0,6.2,3.8,5.0
rf_full,signo_zodiacal_virgo,10,0.5,0.51,0.5118070818070818,0.5199999999999999,0.5094203306452599,0.4790000000000001,0.5159098766730346,5.2,5.0,5.0,4.8
rf_full,signo_zodiacal_virgo,11,0.5,0.38999999999999996,0.3902564102564102,0.38,0.37857268335529204,0.399,0.5255906142361251,3.8,6.0,4.0,6.2
rf_full,signo_zodiacal_virgo,12,0.5,0.5900000000000001,0.6494949494949495,0.5599999999999999,0.5748120300751879,0.6139999999999999,0.6497535852520373,5.6,3.8,6.2,4.4
rf_full,signo_zodiacal_virgo,13,0.5,0.55,0.5491341991341991,0.56,0.5499618029029794,0.5730000000000001,0.6615365741070075,5.6,4.6,5.4,4.4
rf_full,signo_zodiacal_virgo,14,0.5,0.38,0.3686868686868686,0.33999999999999997,0.35254803675856305,0.343,0.45886942984775797,3.4,5.8,4.2,6.6
rf_full,signo_zodiacal_virgo,15,0.5,0.47000000000000003,0.4576923076923077,0.5199999999999999,0.4828502415458937,0.5349999999999999,0.6144989536607184,5.2,5.8,4.2,4.8
rf_full,signo_zodiacal_virgo,16,0.5,0.5000000000000001,0.5006349206349205,0.44000000000000006,0.4560681114551084,0.529,0.5594140567035304,4.4,4.4,5.6,5.6
rf_full,signo_zodiacal_virgo,17,0.5,0.6,0.5835364635364635,0.6799999999999999,0.625072463768116,0.5690000000000001,0.5448245443067424,6.8,4.8,5.2,3.2
rf_full,signo_zodiacal_virgo,18,0.5,0.55,0.5611111111111111,0.5599999999999999,0.5507177033492823,0.587,0.6527492970565725,5.6,4.6,5.4,4.4
rf_full,signo_zodiacal_virgo,19,0.5,0.56,0.5519780219780219,0.6799999999999999,0.5991295047663334,0.6199999999999999,0.6090557400116224,6.8,5.6,4.4,3.2
rf_full,signo_zodiacal_virgo,20,0.5,0.55,0.5592207792207792,0.52,0.5341549953314659,0.487,0.5034781972413551,5.2,4.2,5.8,4.8
rf_full,signo_zodiacal_virgo,21,0.5,0.45,0.4547008547008547,0.45999999999999996,0.4533573723505073,0.46499999999999997,0.5242450600654934,4.6,5.6,4.4,5.4
rf_full,signo_zodiacal_virgo,22,0.5,0.55,0.543939393939394,0.52,0.5244949494949495,0.51,0.6006980540099736,5.2,4.2,5.8,4.8
rf_full,signo_zodiacal_virgo,23,0.5,0.47000000000000003,0.4395238095238095,0.41999999999999993,0.4149197860962567,0.49300000000000005,0.5213114114128047,4.2,4.8,5.2,5.8
rf_full,signo_zodiacal_virgo,24,0.5,0.52,0.5133838383838384,0.5199999999999999,0.5143540669856459,0.497,0.5620139119566364,5.2,4.8,5.2,4.8
rf_full,signo_zodiacal_virgo,25,0.5,0.5199999999999999,0.5011111111111111,0.48,0.48344497607655496,0.5960000000000001,0.6038968516863253,4.8,4.4,5.6,5.2
rf_full,signo_zodiacal_virgo,26,0.5,0.49000000000000005,0.48238095238095235,0.42000000000000004,0.4425668449197861,0.509,0.5801550926713465,4.2,4.4,5.6,5.8
rf_full,signo_zodiacal_virgo,27,0.5,0.45999999999999996,0.4333333333333334,0.4,0.411190855927698,0.45000000000000007,0.5042497143379496,4.0,4.8,5.2,6.0
rf_full,signo_zodiacal_virgo,28,0.5,0.44000000000000006,0.4312265512265512,0.38,0.40062509214212005,0.409,0.5046386944668678,3.8,5.0,5.0,6.2
rf_full,signo_zodiacal_virgo,29,0.5,0.5700000000000001,0.5753535353535353,0.5800000000000001,0.5759079516974254,0.57,0.5949222521544503,5.8,4.4,5.6,4.2
rf_full,signo_zodiacal_virgo,30,0.5,0.43,0.42388888888888887,0.38,0.399766081871345,0.38,0.4751579464567081,3.8,5.2,4.8,6.2
rf_full,signo_zodiacal_virgo,31,0.5,0.45,0.43238095238095237,0.38,0.39730540701128936,0.4069999999999999,0.5383939985882711,3.8,4.8,5.2,6.2
rf_full,signo_zodiacal_virgo,32,0.5,0.45,0.45555555555555555,0.48,0.4660287081339713,0.46399999999999997,0.581886075740565,4.8,5.8,4.2,5.2
rf_full,signo_zodiacal_virgo,33,0.5,0.6,0.6035353535353536,0.6,0.5994531784005469,0.592,0.6160039096610304,6.0,4.0,6.0,4.0
rf_full,signo_zodiacal_virgo,34,0.5,0.6300000000000001,0.6511538461538461,0.6199999999999999,0.6160386473429952,0.6119999999999999,0.6236244209007367,6.2,3.6,6.4,3.8
rf_full,signo_zodiacal_virgo,35,0.5,0.48999999999999994,0.4925097125097125,0.52,0.5038966982674076,0.5309999999999999,0.6388915149178307,5.2,5.4,4.6,4.8
rf_full,signo_zodiacal_virgo,36,0.5,0.55,0.5437373737373737,0.58,0.5600546821599452,0.55,0.6026460569873883,5.8,4.8,5.2,4.2
rf_full,signo_zodiacal_virgo,37,0.5,0.5,0.5127849927849928,0.5,0.492781954887218,0.522,0.6007711918284674,5.0,5.0,5.0,5.0
rf_full,signo_zodiacal_virgo,38,0.5,0.5,0.49297979797979796,0.4600000000000001,0.4740517961570593,0.488,0.5637757052888632,4.6,4.6,5.4,5.4
rf_full,signo_zodiacal_virgo,39,0.5,0.49000000000000005,0.48484848484848475,0.48,0.48120300751879697,0.4840000000000001,0.5507487887929065,4.8,5.0,5.0,5.2
rf_full,signo_zodiacal_virgo,40,0.5,0.5,0.5066666666666666,0.4800000000000001,0.4774736842105264,0.46299999999999997,0.5066580092594024,4.8,4.8,5.2,5.2
rf_full,signo_zodiacal_virgo,41,0.5,0.38999999999999996,0.37661616161616157,0.31999999999999995,0.34040100250626565,0.4090000000000001,0.4749789536229165,3.2,5.4,4.6,6.8
rf_full,signo_zodiacal_virgo,42,0.5,0.52,0.5131818181818182,0.52,0.5152380952380952,0.526,0.5748633229515583,5.2,4.8,5.2,4.8
rf_full,signo_zodiacal_virgo,43,0.5,0.4699999999999999,0.4712121212121212,0.45999999999999996,0.4510822510822511,0.479,0.5697126478612546,4.6,5.2,4.8,5.4
rf_full,signo_zodiacal_virgo,44,0.5,0.48,0.4731313131313131,0.5,0.48490316700843017,0.434,0.5168510670615933,5.0,5.4,4.6,5.0
rf_full,signo_zodiacal_virgo,45,0.5,0.4999999999999999,0.4990659340659341,0.45999999999999996,0.47401534526854217,0.524,0.5787840378575673,4.6,4.6,5.4,5.4
rf_full,signo_zodiacal_virgo,46,0.5,0.56,0.5809557109557109,0.54,0.5496066252587991,0.5890000000000001,0.6415607421474295,5.4,4.2,5.8,4.6
rf_full,signo_zodiacal_virgo,47,0.5,0.48999999999999994,0.49721611721611725,0.5399999999999999,0.5056210070720772,0.425,0.49935425685425694,5.4,5.6,4.4,4.6
rf_full,signo_zodiacal_virgo,48,0.5,0.51,0.5163059163059163,0.45999999999999996,0.4835077890805445,0.588,0.6164772233270684,4.6,4.4,5.6,5.4
rf_full,signo_zodiacal_virgo,49,0.5,0.4600000000000001,0.45681818181818185,0.45999999999999996,0.45714285714285713,0.47400000000000003,0.5514322311675253,4.6,5.4,4.6,5.4
rf_full,signo_zodiacal_virgo,50,0.5,0.42000000000000004,0.40202020202020206,0.42000000000000004,0.40605680868838767,0.366,0.46959345290072846,4.2,5.8,4.2,5.8
rf_full,signo_zodiacal_virgo,51,0.5,0.44000000000000006,0.43611111111111106,0.44000000000000006,0.4350877192982455,0.41500000000000004,0.523304937924133,4.4,5.6,4.4,5.6
rf_full,signo_zodiacal_virgo,52,0.5,0.44000000000000006,0.44191086691086684,0.45999999999999996,0.4441139079583015,0.45899999999999996,0.5185014140486277,4.6,5.8,4.2,5.4
rf_full,signo_zodiacal_virgo,53,0.5,0.53,0.5251548451548451,0.6,0.5533377176957739,0.509,0.5719554071659335,6.0,5.4,4.6,4.0
rf_full,signo_zodiacal_virgo,54,0.5,0.47000000000000003,0.4711038961038961,0.4,0.42626050420168066,0.476,0.5656456042237776,4.0,4.6,5.4,6.0
rf_full,signo_zodiacal_virgo,55,0.5,0.3,0.2761111111111111,0.26,0.2674853801169591,0.24900000000000003,0.41161468949007646,2.6,6.6,3.4,7.4
rf_full,signo_zodiacal_virgo,56,0.5,0.48999999999999994,0.503095238095238,0.48,0.47727272727272724,0.496,0.5571607667358441,4.8,5.0,5.0,5.2
rf_full,signo_zodiacal_virgo,57,0.5,0.59,0.5853846153846154,0.6599999999999999,0.6170667776159766,0.624,0.6349611854433835,6.6,4.8,5.2,3.4
rf_full,signo_zodiacal_virgo,58,0.5,0.48999999999999994,0.4888888888888888,0.44000000000000006,0.4619883040935672,0.497,0.5362231400350596,4.4,4.6,5.4,5.6
rf_full,signo_zodiacal_virgo,59,0.5,0.45,0.41571428571428565,0.3,0.3430485527544351,0.394,0.4897310688107902,3.0,4.0,6.0,7.0
rf_full,signo_zodiacal_virgo,60,0.5,0.56,0.5822954822954823,0.48,0.5162437743976309,0.533,0.6031388888888889,4.8,3.6,6.4,5.2
rf_full,signo_zodiacal_virgo,61,0.5,0.52,0.5262626262626262,0.5,0.5109440267335004,0.5399999999999999,0.6136774320450791,5.0,4.6,5.4,5.0
rf_full,signo_zodiacal_virgo,62,0.5,0.48999999999999994,0.5018939393939394,0.5,0.47208347208347207,0.465,0.5571059020099267,5.0,5.2,4.8,5.0
rf_full,signo_zodiacal_virgo,63,0.5,0.55,0.5627705627705628,0.54,0.5451998981410746,0.514,0.6028782528960547,5.4,4.4,5.6,4.6
rf_full,signo_zodiacal_virgo,64,0.5,0.45999999999999996,0.4431746031746032,0.44000000000000006,0.43087719298245614,0.506,0.5392192611310259,4.4,5.2,4.8,5.6
rf_full,signo_zodiacal_virgo,65,0.5,0.47000000000000003,0.4688888888888888,0.5,0.4828252449305081,0.426,0.5217410655220254,5.0,5.6,4.4,5.0
rf_full,signo_zodiacal_virgo,66,0.5,0.45999999999999996,0.45681818181818185,0.4800000000000001,0.4666666666666666,0.47000000000000003,0.5787796380605978,4.8,5.6,4.4,5.2
rf_full,signo_zodiacal_virgo,67,0.5,0.47000000000000003,0.5049145299145299,0.4800000000000001,0.4597958105967259,0.42400000000000004,0.5246841816594138,4.8,5.4,4.6,5.2
rf_full,signo_zodiacal_virgo,68,0.5,0.51,0.5142857142857142,0.5,0.503641456582633,0.5579999999999999,0.59779490461379,5.0,4.8,5.2,5.0
rf_full,signo_zodiacal_virgo,69,0.5,0.4600000000000001,0.4242424242424242,0.36,0.38345864661654133,0.46399999999999997,0.5596648351648351,3.6,4.4,5.6,6.4
rf_full,signo_zodiacal_virgo,70,0.5,0.53,0.5486402486402486,0.5,0.5144419018560895,0.557,0.6502941415309835,5.0,4.4,5.6,5.0
rf_full,signo_zodiacal_virgo,71,0.5,0.43000000000000005,0.39904761904761904,0.32,0.3361493477282951,0.377,0.4862104582723778,3.2,4.6,5.4,6.8
rf_full,signo_zodiacal_virgo,72,0.5,0.38,0.3771717171717172,0.41999999999999993,0.3964775575301891,0.342,0.46505031492415394,4.2,6.6,3.4,5.8
rf_full,signo_zodiacal_virgo,73,0.5,0.42000000000000004,0.4325641025641026,0.48,0.45110232762406677,0.48599999999999993,0.5633916236841933,4.8,6.4,3.6,5.2
rf_full,signo_zodiacal_virgo,74,0.5,0.5199999999999999,0.5047619047619047,0.45999999999999996,0.47610470025330703,0.541,0.5932561527739545,4.6,4.2,5.8,5.4
rf_full,signo_zodiacal_virgo,75,0.5,0.53,0.5252136752136752,0.58,0.5459307029101079,0.571,0.6263753185239253,5.8,5.2,4.8,4.2
rf_full,signo_zodiacal_virgo,76,0.5,0.49000000000000005,0.5258852258852259,0.5399999999999999,0.5179061784897026,0.505,0.6286733379279819,5.4,5.6,4.4,4.6
rf_full,signo_zodiacal_virgo,77,0.5,0.4,0.3835353535353535,0.36000000000000004,0.3697243107769423,0.367,0.47825136018092673,3.6,5.6,4.4,6.4
rf_full,signo_zodiacal_virgo,78,0.5,0.65,0.7187878787878788,0.6399999999999999,0.634081357239252,0.619,0.6170881057367126,6.4,3.4,6.6,3.6
rf_full,signo_zodiacal_virgo,79,0.5,0.45999999999999996,0.46150793650793653,0.4,0.4247928198392595,0.438,0.5329449727259324,4.0,4.8,5.2,6.0
rf_full,signo_zodiacal_virgo,80,0.5,0.56,0.5543434343434344,0.6,0.5732581453634086,0.604,0.6445913606517322,6.0,4.8,5.2,4.0
rf_full,signo_zodiacal_virgo,81,0.5,0.51,0.5123076923076922,0.5599999999999999,0.5334387351778656,0.52,0.5888081723917636,5.6,5.4,4.6,4.4
rf_full,signo_zodiacal_virgo,82,0.5,0.44000000000000006,0.4412698412698413,0.36,0.3795112781954887,0.42300000000000004,0.4967929380560959,3.6,4.8,5.2,6.4
rf_full,signo_zodiacal_virgo,83,0.5,0.58,0.5744444444444445,0.54,0.546475279106858,0.609,0.6463217115701635,5.4,3.8,6.2,4.6
rf_full,signo_zodiacal_virgo,84,0.5,0.42000000000000004,0.4075757575757576,0.38,0.3923141186299081,0.41,0.471239959558845,3.8,5.4,4.6,6.2
rf_full,signo_zodiacal_virgo,85,0.5,0.51,0.5224242424242425,0.5,0.5074170274170273,0.5549999999999999,0.6238361289553239,5.0,4.8,5.2,5.0
rf_full,signo_zodiacal_virgo,86,0.5,0.56,0.5536324786324787,0.5599999999999999,0.5506136883711255,0.6159999999999999,0.6671321146174087,5.6,4.4,5.6,4.4
rf_full,signo_zodiacal_virgo,87,0.5,0.5199999999999999,0.522979797979798,0.56,0.5356943082343539,0.51,0.5463534196281874,5.6,5.2,4.8,4.4
rf_full,signo_zodiacal_virgo,88,0.5,0.55,0.5452380952380952,0.58,0.5448306595365419,0.6199999999999999,0.6407349295011834,5.8,4.8,5.2,4.2
rf_full,signo_zodiacal_virgo,89,0.5,0.45999999999999996,0.4833333333333333,0.42000000000000004,0.43059163059163064,0.5129999999999999,0.584571315509396,4.2,5.0,5.0,5.8
rf_full,signo_zodiacal_virgo,90,0.5,0.48,0.5463636363636364,0.4,0.44000000000000006,0.47800000000000004,0.5660503108003108,4.0,4.4,5.6,6.0
rf_full,signo_zodiacal_virgo,91,0.5,0.41000000000000003,0.4216117216117216,0.4800000000000001,0.4437107649383864,0.40499999999999997,0.528809534634612,4.8,6.6,3.4,5.2
rf_full,signo_zodiacal_virgo,92,0.5,0.52,0.5344988344988344,0.54,0.5348261959245941,0.5469999999999999,0.6287524768832818,5.4,5.0,5.0,4.6
rf_full,signo_zodiacal_virgo,93,0.5,0.5700000000000001,0.6043650793650794,0.43999999999999995,0.5070863433092535,0.5449999999999999,0.6092968055336476,4.4,3.0,7.0,5.6
rf_full,signo_zodiacal_virgo,94,0.5,0.34,0.31714285714285706,0.27999999999999997,0.29294399099352664,0.34099999999999997,0.46588257373861086,2.8,6.0,4.0,7.2
rf_full,signo_zodiacal_virgo,95,0.5,0.49000000000000005,0.4909090909090909,0.45999999999999996,0.4654995331465919,0.49799999999999994,0.566367687695861,4.6,4.8,5.2,5.4
rf_full,signo_zodiacal_virgo,96,0.5,0.41,0.41351981351981354,0.42000000000000004,0.40873948705756485,0.376,0.4760892810320055,4.2,6.0,4.0,5.8
rf_full,signo_zodiacal_virgo,97,0.5,0.44000000000000006,0.43863636363636366,0.4,0.41587301587301584,0.429,0.48225438287203,4.0,5.2,4.8,6.0
rf_full,signo_zodiacal_virgo,98,0.5,0.55,0.5573076923076924,0.5399999999999999,0.5449326214085939,0.576,0.6640567510404971,5.4,4.4,5.6,4.6
rf_full,signo_zodiacal_virgo,99,0.5,0.49000000000000005,0.4887723387723388,0.58,0.5277358415802352,0.409,0.5042961970949587,5.8,6.0,4.0,4.2
rf_full,signo_zodiacal_virgo,100,0.5,0.56,0.5754578754578754,0.54,0.5332742256322819,0.5589999999999999,0.5658786438020184,5.4,4.2,5.8,4.6
rf_full,signo_zodiacal_virgo,101,0.5,0.45999999999999996,0.45578754578754577,0.5199999999999999,0.4796000930016276,0.45899999999999996,0.5183246773865969,5.2,6.0,4.0,4.8
rf_full,signo_zodiacal_virgo,102,0.5,0.57,0.5826551226551226,0.54,0.5570956803774141,0.5290000000000001,0.5955016246223676,5.4,4.0,6.0,4.6
rf_full,signo_zodiacal_virgo,103,0.5,0.52,0.5251082251082251,0.5,0.5073847720906544,0.5469999999999999,0.62338203729535,5.0,4.6,5.4,5.0
rf_full,signo_zodiacal_virgo,104,0.5,0.4,0.3721212121212121,0.36,0.3622055137844612,0.34,0.4605465300952917,3.6,5.6,4.4,6.4
rf_full,signo_zodiacal_virgo,105,0.5,0.42000000000000004,0.41142857142857137,0.34,0.37006535947712416,0.426,0.49702010897599136,3.4,5.0,5.0,6.6
rf_full,signo_zodiacal_virgo,106,0.5,0.55,0.551547619047619,0.5,0.5040497737556562,0.616,0.6552002427397163,5.0,4.0,6.0,5.0
rf_full,signo_zodiacal_virgo,107,0.5,0.53,0.5297258297258297,0.5,0.5089131027211522,0.47000000000000003,0.5754020253052762,5.0,4.4,5.6,5.0
rf_full,signo_zodiacal_virgo,108,0.5,0.51,0.5216317016317016,0.5399999999999999,0.5168906455862977,0.5549999999999999,0.6161236030910954,5.4,5.2,4.8,4.6
rf_full,signo_zodiacal_virgo,109,0.5,0.5900000000000001,0.6050000000000001,0.5800000000000001,0.5791111111111112,0.554,0.5994981303526195,5.8,4.0,6.0,4.2
rf_full,signo_zodiacal_virgo,110,0.5,0.65,0.6711688311688312,0.6,0.6276750700280112,0.615,0.6258894339234897,6.0,3.0,7.0,4.0
rf_full,signo_zodiacal_virgo,111,0.5,0.54,0.5483766233766234,0.48,0.5084033613445378,0.5439999999999999,0.5819773553759622,4.8,4.0,6.0,5.2
rf_full,signo_zodiacal_virgo,112,0.5,0.55,0.5484737484737485,0.56,0.5440667952917246,0.54,0.600584413952061,5.6,4.6,5.4,4.4
rf_full,signo_zodiacal_virgo,113,0.5,0.48,0.47897435897435897,0.38,0.3997751765143069,0.47300000000000003,0.6132272094950114,3.8,4.2,5.8,6.2
rf_full,signo_zodiacal_virgo,114,0.5,0.52,0.5196886446886447,0.4600000000000001,0.4704627569077696,0.5289999999999999,0.5946297318092983,4.6,4.2,5.8,5.4
rf_full,signo_zodiacal_virgo,115,0.5,0.51,0.5022727272727272,0.5,0.4916666666666666,0.492,0.5461021180401986,5.0,4.8,5.2,5.0
rf_full,signo_zodiacal_virgo,116,0.5,0.4800000000000001,0.4911532911532911,0.54,0.5101122371145255,0.48,0.57206831094602,5.4,5.8,4.2,4.6
rf_full,signo_zodiacal_virgo,117,0.5,0.57,0.5676190476190476,0.54,0.5484610814022579,0.5960000000000001,0.6461059120617944,5.4,4.0,6.0,4.6
rf_full,signo_zodiacal_virgo,118,0.5,0.5,0.5052947052947052,0.5800000000000001,0.5376811594202898,0.421,0.5125053214759097,5.8,5.8,4.2,4.2
rf_full,signo_zodiacal_virgo,119,0.5,0.5,0.5034188034188034,0.45999999999999996,0.47627765064836003,0.5369999999999999,0.5972211117915452,4.6,4.6,5.4,5.4
rf_full,signo_zodiacal_virgo,120,0.5,0.52,0.5033333333333333,0.52,0.49749494949494943,0.49700000000000005,0.5239288974699192,5.2,4.8,5.2,4.8
rf_full,signo_zodiacal_virgo,121,0.5,0.43,0.43636363636363634,0.4,0.4123249299719888,0.43599999999999994,0.5164873382551403,4.0,5.4,4.6,6.0
rf_full,signo_zodiacal_virgo,122,0.5,0.62,0.6424242424242423,0.56,0.5860560492139439,0.5970000000000001,0.6387009548758774,5.6,3.2,6.8,4.4
rf_full,signo_zodiacal_virgo,123,0.5,0.4800000000000001,0.4829365079365079,0.45999999999999996,0.4659098727210182,0.485,0.5342370968384901,4.6,5.0,5.0,5.4
rf_full,signo_zodiacal_virgo,124,0.5,0.47000000000000003,0.4776190476190476,0.36000000000000004,0.39836007130124773,0.45600000000000007,0.5102888506402439,3.6,4.2,5.8,6.4
rf_full,signo_zodiacal_virgo,125,0.5,0.5599999999999999,0.5535353535353535,0.62,0.5831852358168147,0.5199999999999999,0.57383922553195,6.2,5.0,5.0,3.8
rf_full,signo_zodiacal_virgo,126,0.5,0.5,0.5198051948051947,0.42000000000000004,0.436935286935287,0.505,0.605567403356877,4.2,4.2,5.8,5.8
rf_full,signo_zodiacal_virgo,127,0.5,0.51,0.5037362637362637,0.5199999999999999,0.49984008614887604,0.5429999999999999,0.5999455811646215,5.2,5.0,5.0,4.8
rf_full,signo_zodiacal_virgo,128,0.5,0.5,0.495,0.43999999999999995,0.4644444444444444,0.475,0.5771772133095663,4.4,4.4,5.6,5.6
rf_full,signo_zodiacal_virgo,129,0.5,0.55,0.5902564102564102,0.5,0.5288278667683702,0.549,0.5646440216130618,5.0,4.0,6.0,5.0
rf_full,signo_zodiacal_virgo,130,0.5,0.55,0.5363636363636364,0.5,0.5098412698412698,0.46099999999999997,0.5134525772644969,5.0,4.0,6.0,5.0
rf_full,signo_zodiacal_virgo,131,0.5,0.5,0.5128968253968254,0.6000000000000001,0.5404064459792013,0.5040000000000001,0.5634177503782767,6.0,6.0,4.0,4.0
rf_full,signo_zodiacal_virgo,132,0.5,0.47000000000000003,0.4604855275443511,0.5199999999999999,0.4772230040341495,0.47800000000000004,0.5384766436693681,5.2,5.8,4.2,4.8
rf_full,signo_zodiacal_virgo,133,0.5,0.45,0.46277777777777784,0.44000000000000006,0.44910154173312067,0.449,0.5456222137855266,4.4,5.4,4.6,5.6
rf_full,signo_zodiacal_virgo,134,0.5,0.5,0.49848484848484853,0.5,0.49274891774891777,0.5349999999999999,0.6010064555327712,5.0,5.0,5.0,5.0
rf_full,signo_zodiacal_virgo,135,0.5,0.54,0.5688888888888889,0.45999999999999996,0.5044152046783625,0.49000000000000005,0.5987794356486307,4.6,3.8,6.2,5.4
rf_full,signo_zodiacal_virgo,136,0.5,0.47000000000000003,0.4605194805194805,0.4,0.41320728291316533,0.43100000000000005,0.5218179598179598,4.0,4.6,5.4,6.0
rf_full,signo_zodiacal_virgo,137,0.5,0.5199999999999999,0.527948717948718,0.6,0.5596047430830039,0.6130000000000001,0.6915399018765891,6.0,5.6,4.4,4.0
rf_full,signo_zodiacal_virgo,138,0.5,0.38999999999999996,0.3827272727272727,0.33999999999999997,0.35209956709956713,0.378,0.5087463657773255,3.4,5.6,4.4,6.6
rf_full,signo_zodiacal_virgo,139,0.5,0.54,0.5411111111111111,0.5,0.5038956365272155,0.556,0.6272669285478882,5.0,4.2,5.8,5.0
rf_full,signo_zodiacal_virgo,140,0.5,0.49000000000000005,0.4673193473193473,0.44000000000000006,0.4338490495012234,0.508,0.582038432757473,4.4,4.6,5.4,5.6
rf_full,signo_zodiacal_virgo,141,0.5,0.55,0.6060439560439561,0.5,0.524475297365323,0.5419999999999999,0.6034771339771339,5.0,4.0,6.0,5.0
rf_full,signo_zodiacal_virgo,142,0.5,0.52,0.5166666666666667,0.56,0.5343434343434345,0.506,0.5615582179258649,5.6,5.2,4.8,4.4
rf_full,signo_zodiacal_virgo,143,0.5,0.55,0.5877777777777778,0.5,0.5291547049441785,0.5730000000000001,0.5954458782531538,5.0,4.0,6.0,5.0
rf_full,signo_zodiacal_virgo,144,0.5,0.55,0.5708358308358308,0.5199999999999999,0.5337035683838753,0.5040000000000001,0.5679273967346722,5.2,4.2,5.8,4.8
rf_full,signo_zodiacal_virgo,145,0.5,0.47000000000000003,0.4723076923076923,0.5,0.48434782608695653,0.493,0.5479047080370609,5.0,5.6,4.4,5.0
rf_full,signo_zodiacal_virgo,146,0.5,0.53,0.5286324786324786,0.5599999999999999,0.5405658414811734,0.53,0.5703220113220113,5.6,5.0,5.0,4.4
rf_full,signo_zodiacal_virgo,147,0.5,0.43000000000000005,0.4368797868797869,0.48,0.4527828522713433,0.462,0.5248375976448731,4.8,6.2,3.8,5.2
rf_full,signo_zodiacal_virgo,148,0.5,0.6100000000000001,0.5972727272727274,0.6799999999999999,0.6351515151515151,0.639,0.64153170745663,6.8,4.6,5.4,3.2
rf_full,signo_zodiacal_virgo,149,0.5,0.39,0.3513553113553114,0.33999999999999997,0.33695626340127627,0.36,0.44509171530224156,3.4,5.6,4.4,6.6
rf_full,signo_zodiacal_virgo,150,0.5,0.4600000000000001,0.4707459207459207,0.56,0.5107848673066064,0.49099999999999994,0.5662904605714203,5.6,6.4,3.6,4.4
rf_full,signo_zodiacal_virgo,151,0.5,0.53,0.5651587301587302,0.48,0.5049122807017543,0.5369999999999999,0.6034802131992534,4.8,4.2,5.8,5.2
rf_full,signo_zodiacal_virgo,152,0.5,0.5700000000000001,0.5812409812409813,0.48,0.5209494324045407,0.488,0.5369203400658509,4.8,3.4,6.6,5.2
rf_full,signo_zodiacal_virgo,153,0.5,0.38999999999999996,0.40137362637362645,0.44000000000000006,0.41189258312020466,0.35900000000000004,0.45748214857038383,4.4,6.6,3.4,5.6
rf_full,signo_zodiacal_virgo,154,0.5,0.5800000000000001,0.5906493506493506,0.52,0.5417366946778711,0.5509999999999999,0.5552019142707997,5.2,3.6,6.4,4.8
rf_full,signo_zodiacal_virgo,155,0.5,0.49000000000000005,0.4667243867243867,0.44000000000000006,0.43992481203007516,0.44800000000000006,0.5104066668625492,4.4,4.6,5.4,5.6
rf_full,signo_zodiacal_virgo,156,0.5,0.34,0.2823776223776224,0.32,0.2993374741200828,0.32999999999999996,0.45292304247180404,3.2,6.4,3.6,6.8
rf_full,signo_zodiacal_virgo,157,0.5,0.54,0.5192640692640692,0.4800000000000001,0.49060139207198034,0.4880000000000001,0.5957214934188618,4.8,4.0,6.0,5.2
rf_full,signo_zodiacal_virgo,158,0.5,0.5,0.4965811965811966,0.52,0.5045142500520075,0.5519999999999999,0.5795120936854683,5.2,5.2,4.8,4.8
rf_full,signo_zodiacal_virgo,159,0.5,0.54,0.5388777888777889,0.58,0.5527286013219517,0.528,0.5993948078065724,5.8,5.0,5.0,4.2
rf_full,signo_zodiacal_virgo,160,0.5,0.54,0.5111688311688312,0.54,0.519047619047619,0.506,0.5739323480956607,5.4,4.6,5.4,4.6
rf_full,signo_zodiacal_virgo,161,0.5,0.35,0.32666666666666666,0.3,0.312046783625731,0.358,0.47590035944447706,3.0,6.0,4.0,7.0
rf_full,signo_zodiacal_virgo,162,0.5,0.61,0.6078943278943278,0.6399999999999999,0.6212880026152338,0.6559999999999999,0.6861357129282825,6.4,4.2,5.8,3.6
rf_full,signo_zodiacal_virgo,163,0.5,0.49000000000000005,0.4811111111111111,0.4,0.41391478696741846,0.502,0.5304976118652589,4.0,4.2,5.8,6.0
rf_full,signo_zodiacal_virgo,164,0.5,0.5999999999999999,0.6241025641025642,0.6199999999999999,0.6029429304486512,0.598,0.62331600752189,6.2,4.2,5.8,3.8
rf_full,signo_zodiacal_virgo,165,0.5,0.5200000000000001,0.5161616161616162,0.45999999999999996,0.482249742002064,0.5650000000000001,0.6143578428795147,4.6,4.2,5.8,5.4
rf_full,signo_zodiacal_virgo,166,0.5,0.51,0.5129292929292929,0.54,0.5248302574618364,0.5509999999999999,0.6005435120435121,5.4,5.2,4.8,4.6
rf_full,signo_zodiacal_virgo,167,0.5,0.53,0.5276923076923077,0.58,0.5512629399585921,0.607,0.6055192552545494,5.8,5.2,4.8,4.2
rf_full,signo_zodiacal_virgo,168,0.5,0.38,0.36611721611721615,0.4000000000000001,0.3776692758789945,0.31199999999999994,0.45997654615766076,4.0,6.4,3.6,6.0
rf_full,signo_zodiacal_virgo,169,0.5,0.54,0.5359090909090909,0.6,0.5594401154401154,0.54,0.6190359070753807,6.0,5.2,4.8,4.0
rf_full,signo_zodiacal_virgo,170,0.5,0.49000000000000005,0.48019480519480523,0.48,0.473015873015873,0.509,0.6102662439899282,4.8,5.0,5.0,5.2
rf_full,signo_zodiacal_virgo,171,0.5,0.51,0.4909090909090909,0.45999999999999996,0.47286967418546366,0.513,0.5505137917637917,4.6,4.4,5.6,5.4
rf_full,signo_zodiacal_virgo,172,0.5,0.61,0.6307503607503607,0.5599999999999999,0.5900574966828837,0.6449999999999999,0.7069812574766134,5.6,3.4,6.6,4.4
rf_full,signo_zodiacal_virgo,173,0.5,0.51,0.5242857142857142,0.48,0.49697478991596633,0.5069999999999999,0.5874180905094217,4.8,4.6,5.4,5.2
rf_full,signo_zodiacal_virgo,174,0.5,0.47000000000000003,0.46272727272727276,0.45999999999999996,0.4606349206349206,0.465,0.5266198811508409,4.6,5.2,4.8,5.4
rf_full,signo_zodiacal_virgo,175,0.5,0.41999999999999993,0.42955266955266963,0.45999999999999996,0.43676914210660345,0.34900000000000003,0.4688299016944527,4.6,6.2,3.8,5.4
rf_full,signo_zodiacal_virgo,176,0.5,0.5,0.5304195804195804,0.45999999999999996,0.47311757655007086,0.5329999999999999,0.6543102469425998,4.6,4.6,5.4,5.4
rf_full,signo_zodiacal_virgo,177,0.5,0.62,0.6196969696969697,0.64,0.6275233538391433,0.689,0.755916063898262,6.4,4.0,6.0,3.6
rf_full,signo_zodiacal_virgo,178,0.5,0.51,0.5063131313131313,0.48,0.49147869674185457,0.4779999999999999,0.5184956618029373,4.8,4.6,5.4,5.2
rf_full,signo_zodiacal_virgo,179,0.5,0.51,0.49492063492063504,0.47999999999999987,0.48457078525189984,0.45199999999999996,0.5201941402250999,4.8,4.6,5.4,5.2
rf_full,signo_zodiacal_virgo,180,0.5,0.55,0.5652020202020202,0.45999999999999996,0.49954887218045113,0.5399999999999999,0.5836909670996357,4.6,3.6,6.4,5.4
rf_full,signo_zodiacal_virgo,181,0.5,0.54,0.5348051948051948,0.58,0.5506315253374077,0.555,0.6264089803385468,5.8,5.0,5.0,4.2
rf_full,signo_zodiacal_virgo,182,0.5,0.48,0.4816183816183816,0.5599999999999999,0.5116855437827306,0.41899999999999993,0.4802462862215184,5.6,6.0,4.0,4.4
rf_full,signo_zodiacal_virgo,183,0.5,0.55,0.586111111111111,0.45999999999999996,0.5000683526999317,0.54,0.5919415841296646,4.6,3.6,6.4,5.4
rf_full,signo_zodiacal_virgo,184,0.5,0.5,0.49696969696969695,0.54,0.5168831168831168,0.524,0.5738673924115101,5.4,5.4,4.6,4.6
rf_full,signo_zodiacal_virgo,185,0.5,0.5399999999999999,0.553968253968254,0.5,0.5213229151309646,0.506,0.5928460614033371,5.0,4.2,5.8,5.0
rf_full,signo_zodiacal_virgo,186,0.5,0.45,0.47628205128205126,0.5199999999999999,0.4886956521739131,0.5,0.5538193936266691,5.2,6.2,3.8,4.8
rf_full,signo_zodiacal_virgo,187,0.5,0.49000000000000005,0.48571428571428577,0.43999999999999995,0.45745692216280454,0.487,0.5169812707931902,4.4,4.6,5.4,5.6
rf_full,signo_zodiacal_virgo,188,0.5,0.45,0.4351648351648351,0.44000000000000006,0.43151869443429547,0.425,0.5271129073025358,4.4,5.4,4.6,5.6
rf_full,signo_zodiacal_virgo,189,0.5,0.6,0.6123809523809524,0.6199999999999999,0.6126315789473684,0.6120000000000001,0.6766381202217115,6.2,4.2,5.8,3.8
rf_full,signo_zodiacal_virgo,190,0.5,0.48,0.4672655122655122,0.5,0.47849624060150375,0.46299999999999997,0.550905087172889,5.0,5.4,4.6,5.0
rf_full,signo_zodiacal_virgo,191,0.5,0.5199999999999999,0.5158008658008658,0.52,0.5131196976398215,0.49399999999999994,0.5308330660567504,5.2,4.8,5.2,4.8
rf_full,signo_zodiacal_virgo,192,0.5,0.53,0.5579797979797979,0.4999999999999999,0.51468671679198,0.534,0.5909894919322164,5.0,4.4,5.6,5.0
rf_full,signo_zodiacal_virgo,193,0.5,0.5599999999999999,0.5676190476190476,0.6,0.5715151515151515,0.5449999999999999,0.5584829790092948,6.0,4.8,5.2,4.0
rf_full,signo_zodiacal_virgo,194,0.5,0.5199999999999999,0.52,0.52,0.5184126984126983,0.52,0.5736116116425715,5.2,4.8,5.2,4.8
rf_full,signo_zodiacal_virgo,195,0.5,0.45,0.4722222222222222,0.36,0.3887048623890729,0.46699999999999997,0.5538473199487131,3.6,4.6,5.4,6.4
rf_full,signo_zodiacal_virgo,196,0.5,0.52,0.5333333333333333,0.48,0.4979797979797979,0.5469999999999999,0.560524075168038,4.8,4.4,5.6,5.2
rf_full,signo_zodiacal_virgo,197,0.5,0.54,0.5528138528138528,0.44000000000000006,0.4847891788294265,0.47400000000000003,0.5592427490809844,4.4,3.6,6.4,5.6
rf_full,signo_zodiacal_virgo,198,0.5,0.5,0.4854700854700855,0.48,0.47371946004669113,0.487,0.5413669653360056,4.8,4.8,5.2,5.2
rf_full,signo_zodiacal_virgo,199,0.5,0.44000000000000006,0.43939393939393934,0.38,0.40323725981620717,0.369,0.4762624538344353,3.8,5.0,5.0,6.2
rf_full,signo_zodiacal_virgo,200,0.5,0.44000000000000006,0.4311868686868687,0.44000000000000006,0.42486022749180635,0.41900000000000004,0.5047054812232831,4.4,5.6,4.4,5.6
rf_full,signo_zodiacal_virgo,201,0.5,0.5599999999999999,0.5666666666666667,0.5200000000000001,0.5323232323232323,0.522,0.5751083930689194,5.2,4.0,6.0,4.8
rf_full,signo_zodiacal_virgo,202,0.5,0.39999999999999997,0.37887445887445886,0.38,0.37811587793011936,0.361,0.4778702141511739,3.8,5.8,4.2,6.2
rf_full,signo_zodiacal_virgo,203,0.5,0.53,0.538888888888889,0.5,0.5155236576289208,0.495,0.5667384272074674,5.0,4.4,5.6,5.0
rf_full,signo_zodiacal_virgo,204,0.5,0.51,0.49777777777777776,0.4600000000000001,0.47324295587453474,0.528,0.5590491865375766,4.6,4.4,5.6,5.4
rf_full,signo_zodiacal_virgo,205,0.5,0.52,0.5040476190476191,0.48,0.47969934640522877,0.5469999999999999,0.5955727774977001,4.8,4.4,5.6,5.2
rf_full,signo_zodiacal_virgo,206,0.5,0.52,0.5244444444444445,0.5599999999999999,0.5373365231259968,0.469,0.5318537942965187,5.6,5.2,4.8,4.4
rf_full,signo_zodiacal_virgo,207,0.5,0.5599999999999999,0.5317171717171718,0.5199999999999999,0.5235964912280702,0.5630000000000001,0.6150186273994324,5.2,4.0,6.0,4.8
rf_full,signo_zodiacal_virgo,208,0.5,0.45999999999999996,0.4314285714285714,0.41999999999999993,0.4137254901960784,0.48900000000000005,0.5454797261561967,4.2,5.0,5.0,5.8
rf_full,signo_zodiacal_virgo,209,0.5,0.47000000000000003,0.4968498168498169,0.45999999999999996,0.46542199488491054,0.49399999999999994,0.5595963389036145,4.6,5.2,4.8,5.4
rf_full,signo_zodiacal_virgo,210,0.5,0.52,0.5119769119769119,0.5199999999999999,0.5117821291195904,0.516,0.5850432073946006,5.2,4.8,5.2,4.8
rf_full,signo_zodiacal_virgo,211,0.5,0.43999999999999995,0.44452380952380943,0.38,0.40747162022703814,0.4590000000000001,0.5419023754023755,3.8,5.0,5.0,6.2
rf_full,signo_zodiacal_virgo,212,0.5,0.5599999999999999,0.5715151515151515,0.5,0.5237761069340017,0.656,0.6804860962051364,5.0,3.8,6.2,5.0
rf_full,signo_zodiacal_virgo,213,0.5,0.55,0.5777777777777777,0.45999999999999996,0.5032429558745347,0.56,0.6534693672340731,4.6,3.6,6.4,5.4
rf_full,signo_zodiacal_virgo,214,0.5,0.49000000000000005,0.47191919191919196,0.43999999999999995,0.44832080200501256,0.48199999999999993,0.5641764916370179,4.4,4.6,5.4,5.6
rf_full,signo_zodiacal_virgo,215,0.5,0.52,0.5175213675213676,0.5599999999999999,0.5353026835864364,0.562,0.6250856796282493,5.6,5.2,4.8,4.4
rf_full,signo_zodiacal_virgo,216,0.5,0.6100000000000001,0.7366666666666667,0.48,0.5225252525252525,0.6849999999999999,0.7372532379900801,4.8,2.6,7.4,5.2
rf_full,signo_zodiacal_virgo,217,0.5,0.54,0.5303113553113553,0.5599999999999999,0.5370688987057274,0.56,0.6170421606257519,5.6,4.8,5.2,4.4
rf_full,signo_zodiacal_virgo,218,0.5,0.55,0.5466666666666666,0.45999999999999996,0.49485380116959066,0.596,0.6099580959975697,4.6,3.6,6.4,5.4
rf_full,signo_zodiacal_virgo,219,0.5,0.56,0.5627594627594628,0.54,0.5417197958859017,0.614,0.6777551439788282,5.4,4.2,5.8,4.6
rf_full,signo_zodiacal_virgo,220,0.5,0.54,0.5433766233766233,0.44000000000000006,0.4617366946778711,0.501,0.5557766769694015,4.4,3.6,6.4,5.6
rf_full,signo_zodiacal_virgo,221,0.5,0.5599999999999999,0.5572727272727273,0.6,0.5760127591706539,0.5529999999999999,0.6072004649976785,6.0,4.8,5.2,4.0
rf_full,signo_zodiacal_virgo,222,0.5,0.62,0.6256060606060606,0.6,0.6107602339181286,0.615,0.6495866257925081,6.0,3.6,6.4,4.0
rf_full,signo_zodiacal_virgo,223,0.5,0.41000000000000003,0.3842424242424242,0.4,0.3783150183150183,0.457,0.5415553878526014,4.0,5.8,4.2,6.0
rf_full,signo_zodiacal_virgo,224,0.5,0.4999999999999999,0.519047619047619,0.5,0.49318181818181817,0.44800000000000006,0.5514021582992171,5.0,5.0,5.0,5.0
rf_full,signo_zodiacal_virgo,225,0.5,0.45999999999999996,0.47510822510822504,0.44000000000000006,0.44677871148459386,0.4149999999999999,0.5310752319575849,4.4,5.2,4.8,5.6
rf_full,signo_zodiacal_virgo,226,0.5,0.5900000000000001,0.6033333333333333,0.54,0.5685380116959065,0.609,0.6327596378509691,5.4,3.6,6.4,4.6
rf_full,signo_zodiacal_virgo,227,0.5,0.55,0.5476923076923077,0.5599999999999999,0.5458300395256916,0.553,0.6066921601790022,5.6,4.6,5.4,4.4
rf_full,signo_zodiacal_virgo,228,0.5,0.55,0.5523076923076923,0.56,0.5532367149758455,0.5860000000000001,0.6161311266133247,5.6,4.6,5.4,4.4
rf_full,signo_zodiacal_virgo,229,0.5,0.39,0.36968253968253967,0.36000000000000004,0.3628595553053757,0.372,0.46503721605192183,3.6,5.8,4.2,6.4
rf_full,signo_zodiacal_virgo,230,0.5,0.5700000000000001,0.58,0.5399999999999999,0.5558107389686336,0.5980000000000001,0.6488861661214603,5.4,4.0,6.0,4.6
rf_full,signo_zodiacal_virgo,231,0.5,0.49000000000000005,0.4953535353535353,0.5,0.4875012531328321,0.48500000000000004,0.5250429384856629,5.0,5.2,4.8,5.0
rf_full,signo_zodiacal_virgo,232,0.5,0.53,0.5402874902874902,0.6,0.5660019614253023,0.569,0.6658616306294324,6.0,5.4,4.6,4.0
rf_full,signo_zodiacal_virgo,233,0.5,0.53,0.5413059163059163,0.44000000000000006,0.48073001130276677,0.521,0.5671291300718544,4.4,3.8,6.2,5.6
rf_full,signo_zodiacal_virgo,234,0.5,0.4,0.41146853146853146,0.36000000000000004,0.37013112491373357,0.333,0.4692455918694308,3.6,5.6,4.4,6.4
rf_full,signo_zodiacal_virgo,235,0.5,0.48999999999999994,0.48311688311688317,0.43999999999999995,0.4420634920634921,0.46799999999999997,0.5412090893282844,4.4,4.6,5.4,5.6
rf_full,signo_zodiacal_virgo,236,0.5,0.4,0.3327272727272727,0.3,0.3111904761904762,0.317,0.4347282475006932,3.0,5.0,5.0,7.0
rf_full,signo_zodiacal_virgo,237,0.5,0.48999999999999994,0.47667832167832164,0.5399999999999999,0.5027743271221532,0.40199999999999997,0.46757118148449417,5.4,5.6,4.4,4.6
rf_full,signo_zodiacal_virgo,238,0.5,0.51,0.5142857142857142,0.4,0.44073418841220696,0.512,0.5407362910567245,4.0,3.8,6.2,6.0
rf_full,signo_zodiacal_virgo,239,0.5,0.38,0.35454545454545455,0.24,0.27899159663865547,0.41200000000000003,0.5177176075558428,2.4,4.8,5.2,7.6
rf_full,signo_zodiacal_virgo,240,0.5,0.48999999999999994,0.48166666666666663,0.5,0.4787575757575758,0.49400000000000005,0.5490195256240147,5.0,5.2,4.8,5.0
rf_full,signo_zodiacal_virgo,241,0.5,0.52,0.5236013986013985,0.6,0.5538459125415647,0.5660000000000001,0.6056304883626866,6.0,5.6,4.4,4.0
rf_full,signo_zodiacal_virgo,242,0.5,0.47000000000000003,0.47190476190476194,0.4800000000000001,0.4672489601901367,0.38699999999999996,0.48675604297663116,4.8,5.4,4.6,5.2
rf_full,signo_zodiacal_virgo,243,0.5,0.45,0.4278754578754579,0.38,0.38834689607068124,0.43499999999999994,0.5081986249045073,3.8,4.8,5.2,6.2
rf_full,signo_zodiacal_virgo,244,0.5,0.49000000000000005,0.5048076923076923,0.5599999999999999,0.5231512448903753,0.44699999999999995,0.5421085720265286,5.6,5.8,4.2,4.4
rf_full,signo_zodiacal_virgo,245,0.5,0.43000000000000005,0.4289238539238539,0.42000000000000004,0.42030438414877763,0.36300000000000004,0.47042278249785985,4.2,5.6,4.4,5.8
rf_full,signo_zodiacal_virgo,246,0.5,0.41,0.4204761904761905,0.45999999999999996,0.433921568627451,0.40800000000000003,0.47954043179043176,4.6,6.4,3.6,5.4
rf_full,signo_zodiacal_virgo,247,0.5,0.55,0.5642857142857143,0.5,0.5258636788048552,0.541,0.5725219872147116,5.0,4.0,6.0,5.0
rf_full,signo_zodiacal_virgo,248,0.5,0.52,0.5222222222222223,0.5199999999999999,0.5160818713450293,0.503,0.5413979266347687,5.2,4.8,5.2,4.8
rf_full,signo_zodiacal_virgo,249,0.5,0.5199999999999999,0.5050371850371851,0.5199999999999999,0.5083468261446455,0.547,0.5565759285434209,5.2,4.8,5.2,4.8
rf_full,signo_zodiacal_virgo,250,0.5,0.5900000000000001,0.585,0.62,0.595111111111111,0.647,0.6357600440495177,6.2,4.4,5.6,3.8
rf_full,signo_zodiacal_virgo,251,0.5,0.39999999999999997,0.38,0.39999999999999997,0.3832085561497326,0.39699999999999996,0.4827967383493699,4.0,6.0,4.0,6.0
rf_full,signo_zodiacal_virgo,252,0.5,0.51,0.5156288156288156,0.44000000000000006,0.4654267809335787,0.583,0.628706846644927,4.4,4.2,5.8,5.6
rf_full,signo_zodiacal_virgo,253,0.5,0.54,0.5341880341880343,0.5599999999999999,0.542806291090044,0.5529999999999999,0.5795203940366479,5.6,4.8,5.2,4.4
rf_full,signo_zodiacal_virgo,254,0.5,0.52,0.5283333333333333,0.4800000000000001,0.4970202020202021,0.48200000000000004,0.5563987966797563,4.8,4.4,5.6,5.2
rf_full,signo_zodiacal_virgo,255,0.5,0.43,0.4209090909090909,0.48,0.44275946275946276,0.4629999999999999,0.5370350472540875,4.8,6.2,3.8,5.2
rf_full,signo_zodiacal_virgo,256,0.5,0.52,0.5361888111888112,0.4600000000000001,0.47398205659075227,0.537,0.6367416117594136,4.6,4.2,5.8,5.4
rf_full,signo_zodiacal_virgo,257,0.5,0.54,0.5507142857142857,0.45999999999999996,0.4907902554961379,0.5519999999999999,0.637671392333157,4.6,3.8,6.2,5.4
rf_full,signo_zodiacal_virgo,258,0.5,0.4600000000000001,0.4687301587301588,0.48,0.4654477905994934,0.462,0.5422215474583896,4.8,5.6,4.4,5.2
rf_full,signo_zodiacal_virgo,259,0.5,0.5700000000000001,0.5961904761904762,0.54,0.5497204240547895,0.598,0.6166002104190959,5.4,4.0,6.0,4.6
rf_full,signo_zodiacal_virgo,260,0.5,0.5199999999999999,0.515,0.4800000000000001,0.496140350877193,0.546,0.5955266753370468,4.8,4.4,5.6,5.2
rf_full,signo_zodiacal_virgo,261,0.5,0.55,0.558888888888889,0.52,0.5355236576289208,0.5519999999999999,0.587655082447652,5.2,4.2,5.8,4.8
rf_full,signo_zodiacal_virgo,262,0.5,0.49000000000000005,0.5004329004329005,0.44000000000000006,0.46013395788937583,0.503,0.5837668889418115,4.4,4.6,5.4,5.6
rf_full,signo_zodiacal_virgo,263,0.5,0.43,0.4319230769230769,0.42000000000000004,0.42309687261632345,0.46399999999999997,0.581199709818905,4.2,5.6,4.4,5.8
rf_full,signo_zodiacal_virgo,264,0.5,0.51,0.5470818070818071,0.5,0.4937581411723288,0.472,0.551272740159737,5.0,4.8,5.2,5.0
rf_full,signo_zodiacal_virgo,265,0.5,0.53,0.5222727272727272,0.44000000000000006,0.47000000000000003,0.4619999999999999,0.5392277526395173,4.4,3.8,6.2,5.6
rf_full,signo_zodiacal_virgo,266,0.5,0.48,0.4784188034188034,0.5,0.4858014601721695,0.521,0.5729827455825908,5.0,5.4,4.6,5.0
rf_full,signo_zodiacal_virgo,267,0.5,0.39999999999999997,0.38863636363636367,0.42000000000000004,0.4031746031746032,0.33999999999999997,0.451231976399933,4.2,6.2,3.8,5.8
rf_full,signo_zodiacal_virgo,268,0.5,0.49000000000000005,0.5025396825396826,0.4800000000000001,0.48359649122807014,0.496,0.5732213903227835,4.8,5.0,5.0,5.2
rf_full,signo_zodiacal_virgo,269,0.5,0.5199999999999999,0.5733333333333335,0.4,0.465,0.543,0.627154133877818,4.0,3.6,6.4,6.0
rf_full,signo_zodiacal_virgo,270,0.5,0.51,0.5066233766233766,0.5199999999999999,0.50215994531784,0.511,0.5341121276384434,5.2,5.0,5.0,4.8
rf_full,signo_zodiacal_virgo,271,0.5,0.58,0.5848484848484848,0.58,0.5780663780663782,0.584,0.6340465624846429,5.8,4.2,5.8,4.2
rf_full,signo_zodiacal_virgo,272,0.5,0.45,0.42257575757575755,0.34,0.3711737677527151,0.43000000000000005,0.5321303704895036,3.4,4.4,5.6,6.6
rf_full,signo_zodiacal_virgo,273,0.5,0.49000000000000005,0.48229548229548225,0.45999999999999996,0.46601157625521605,0.505,0.5690772833977169,4.6,4.8,5.2,5.4
rf_full,signo_zodiacal_virgo,274,0.5,0.5,0.49777777777777776,0.45999999999999996,0.47789473684210526,0.517,0.6008683985433211,4.6,4.6,5.4,5.4
rf_full,signo_zodiacal_virgo,275,0.5,0.53,0.5555555555555556,0.48,0.5092105263157894,0.5650000000000001,0.6083357743048146,4.8,4.2,5.8,5.2
rf_full,signo_zodiacal_virgo,276,0.5,0.5000000000000001,0.5217449217449218,0.48,0.4889416636219705,0.58,0.6410994920112567,4.8,4.8,5.2,5.2
rf_full,signo_zodiacal_virgo,277,0.5,0.42000000000000004,0.42362278244631185,0.44000000000000006,0.421660360050453,0.42699999999999994,0.524152840451602,4.4,6.0,4.0,5.6
rf_full,signo_zodiacal_virgo,278,0.5,0.52,0.5219780219780219,0.52,0.5142694759063045,0.575,0.6091752018191647,5.2,4.8,5.2,4.8
rf_full,signo_zodiacal_virgo,279,0.5,0.5,0.5133333333333333,0.44000000000000006,0.46409090909090905,0.438,0.494671242328363,4.4,4.4,5.6,5.6
rf_full,signo_zodiacal_virgo,280,0.5,0.49000000000000005,0.48590909090909096,0.4800000000000001,0.4798845598845598,0.42000000000000004,0.49091549197276746,4.8,5.0,5.0,5.2
rf_full,signo_zodiacal_virgo,281,0.5,0.55,0.5742857142857142,0.5,0.5177777777777778,0.595,0.6532701526199978,5.0,4.0,6.0,5.0
rf_full,signo_zodiacal_virgo,282,0.5,0.5,0.5124098124098124,0.43999999999999995,0.4696889282028601,0.462,0.5277816919922182,4.4,4.4,5.6,5.6
rf_full,signo_zodiacal_virgo,283,0.5,0.63,0.6234265734265734,0.68,0.644927536231884,0.681,0.6836536857535309,6.8,4.2,5.8,3.2
rf_full,signo_zodiacal_virgo,284,0.5,0.6,0.5882173382173382,0.6399999999999999,0.604914401791505,0.649,0.6995965494773545,6.4,4.4,5.6,3.6
rf_full,signo_zodiacal_virgo,285,0.5,0.41,0.43073593073593075,0.32,0.35141329258976317,0.43099999999999994,0.5309474893871178,3.2,5.0,5.0,6.8
rf_full,signo_zodiacal_virgo,286,0.5,0.51,0.5133333333333333,0.48,0.48392156862745095,0.5579999999999999,0.6036477591036414,4.8,4.6,5.4,5.2
rf_full,signo_zodiacal_virgo,287,0.5,0.6,0.5960927960927961,0.6200000000000001,0.5981603625431866,0.61,0.6474821938467449,6.2,4.2,5.8,3.8
rf_full,signo_zodiacal_virgo,288,0.5,0.49000000000000005,0.48888888888888893,0.4,0.43780529755761954,0.469,0.5478762436394015,4.0,4.2,5.8,6.0
rf_full,signo_zodiacal_virgo,289,0.5,0.48999999999999994,0.48227272727272724,0.45999999999999996,0.4688888888888889,0.518,0.5859769715148972,4.6,4.8,5.2,5.4
rf_full,signo_zodiacal_virgo,290,0.5,0.55,0.5505555555555557,0.5599999999999999,0.551685273790537,0.6060000000000001,0.6437953733572928,5.6,4.6,5.4,4.4
rf_full,signo_zodiacal_virgo,291,0.5,0.48,0.4877777777777778,0.5399999999999999,0.5056204146730462,0.46099999999999997,0.5362167662918437,5.4,5.8,4.2,4.6
rf_full,signo_zodiacal_virgo,292,0.5,0.5,0.5111111111111111,0.52,0.502354066985646,0.5589999999999999,0.6697311016297084,5.2,5.2,4.8,4.8
rf_full,signo_zodiacal_virgo,293,0.5,0.51,0.5063492063492063,0.48,0.48476092191262465,0.47400000000000003,0.5075247524233593,4.8,4.6,5.4,5.2
rf_full,signo_zodiacal_virgo,294,0.5,0.38,0.3743939393939394,0.36,0.36601503759398496,0.388,0.5161495089877441,3.6,6.0,4.0,6.4
rf_full,signo_zodiacal_virgo,295,0.5,0.47000000000000003,0.47424242424242424,0.52,0.49228753702437905,0.441,0.5135654727109835,5.2,5.8,4.2,4.8
rf_full,signo_zodiacal_virgo,296,0.5,0.42000000000000004,0.4133333333333333,0.34,0.3702046783625731,0.4119999999999999,0.526575683518408,3.4,5.0,5.0,6.6
rf_full,signo_zodiacal_virgo,297,0.5,0.41999999999999993,0.41717171717171714,0.42000000000000004,0.41327181590339485,0.41,0.5317873454375002,4.2,5.8,4.2,5.8
rf_full,signo_zodiacal_virgo,298,0.5,0.45,0.4423809523809523,0.54,0.4779999999999999,0.475,0.5328927183927185,5.4,6.4,3.6,4.6
rf_full,signo_zodiacal_virgo,299,0.5,0.49000000000000005,0.49111111111111105,0.48,0.4836758563074352,0.545,0.6325016906897711,4.8,5.0,5.0,5.2
rf_full,signo_zodiacal_virgo,300,0.5,0.58,0.5936507936507937,0.5599999999999999,0.5688213403383682,0.5610000000000002,0.5942686104744929,5.6,4.0,6.0,4.4
rf_full,signo_zodiacal_virgo,301,0.5,0.63,0.6396969696969697,0.62,0.6272681704260652,0.637,0.6653053221288515,6.2,3.6,6.4,3.8
rf_full,signo_zodiacal_virgo,302,0.5,0.49000000000000005,0.4936013986013986,0.44000000000000006,0.4525327812284333,0.43500000000000005,0.4978240838109259,4.4,4.6,5.4,5.6
rf_full,signo_zodiacal_virgo,303,0.5,0.4,0.40050505050505053,0.4,0.3986785144679882,0.35899999999999993,0.48405654948766397,4.0,6.0,4.0,6.0
rf_full,signo_zodiacal_virgo,304,0.5,0.29999999999999993,0.30161616161616156,0.30000000000000004,0.30040100250626567,0.246,0.4190354806871833,3.0,7.0,3.0,7.0
rf_full,signo_zodiacal_virgo,305,0.5,0.51,0.5026923076923077,0.5399999999999999,0.5174967061923584,0.49000000000000005,0.5614939500643834,5.4,5.2,4.8,4.6
rf_full,signo_zodiacal_virgo,306,0.5,0.53,0.5281746031746032,0.5599999999999999,0.5381787802840433,0.5130000000000001,0.5700754635801075,5.6,5.0,5.0,4.4
rf_full,signo_zodiacal_virgo,307,0.5,0.55,0.5657875457875459,0.56,0.5551644048507691,0.5640000000000001,0.6321458166016989,5.6,4.6,5.4,4.4
rf_full,signo_zodiacal_virgo,308,0.5,0.44000000000000006,0.425,0.38,0.39166666666666666,0.392,0.4613665882620991,3.8,5.0,5.0,6.2
rf_full,signo_zodiacal_virgo,309,0.5,0.6,0.6259523809523809,0.5,0.5322217651629416,0.622,0.6319963184390429,5.0,3.0,7.0,5.0
rf_full,signo_zodiacal_virgo,310,0.5,0.45999999999999996,0.4666666666666666,0.48,0.46634199134199134,0.47800000000000004,0.5394351565187478,4.8,5.6,4.4,5.2
rf_full,signo_zodiacal_virgo,311,0.5,0.42000000000000004,0.39262515262515263,0.4,0.3858132543635303,0.396,0.4641373250932074,4.0,5.6,4.4,6.0
rf_full,signo_zodiacal_virgo,312,0.5,0.47000000000000003,0.47896825396825393,0.42000000000000004,0.4436438690308659,0.461,0.5401495814127394,4.2,4.8,5.2,5.8
rf_full,signo_zodiacal_virgo,313,0.5,0.52,0.5271728271728271,0.5199999999999999,0.5143034288814341,0.521,0.555330723799764,5.2,4.8,5.2,4.8
rf_full,signo_zodiacal_virgo,314,0.5,0.45,0.4541666666666667,0.5799999999999998,0.5056986872776347,0.429,0.5334298844430424,5.8,6.8,3.2,4.2
rf_full,signo_zodiacal_virgo,315,0.5,0.58,0.5605249325837561,0.6599999999999999,0.5967745450582979,0.5770000000000001,0.5915072978277313,6.6,5.0,5.0,3.4
rf_full,signo_zodiacal_virgo,316,0.5,0.41999999999999993,0.42676767676767674,0.4600000000000001,0.441786283891547,0.42700000000000005,0.48371653999595166,4.6,6.2,3.8,5.4
rf_full,signo_zodiacal_virgo,317,0.5,0.6599999999999999,0.6609557109557109,0.6799999999999999,0.6654462242562929,0.6450000000000001,0.6503892218892219,6.8,3.6,6.4,3.2
rf_full,signo_zodiacal_virgo,318,0.5,0.5,0.48505050505050507,0.48,0.47768740031897916,0.449,0.5218091173532351,4.8,4.8,5.2,5.2
rf_full,signo_zodiacal_virgo,319,0.5,0.49000000000000005,0.49812409812409814,0.4,0.43946017003292537,0.513,0.5683992016755175,4.0,4.2,5.8,6.0
rf_full,signo_zodiacal_virgo,320,0.5,0.47000000000000003,0.47242424242424247,0.5,0.48519480519480523,0.426,0.5114018379281536,5.0,5.6,4.4,5.0
rf_full,signo_zodiacal_virgo,321,0.5,0.51,0.5092857142857142,0.4,0.44467320261437904,0.5509999999999999,0.5763108890593411,4.0,3.8,6.2,6.0
rf_full,signo_zodiacal_virgo,322,0.5,0.6100000000000001,0.6273626373626373,0.64,0.6072689629211367,0.657,0.6699350253289882,6.4,4.2,5.8,3.6
rf_full,signo_zodiacal_virgo,323,0.5,0.49000000000000005,0.4818181818181818,0.45999999999999996,0.4638095238095238,0.437,0.5952702015906349,4.6,4.8,5.2,5.4
rf_full,signo_zodiacal_virgo,324,0.5,0.5,0.5117882117882118,0.45999999999999996,0.4767101043315877,0.563,0.6408335265525669,4.6,4.6,5.4,5.4
rf_full,signo_zodiacal_virgo,325,0.5,0.58,0.6075757575757575,0.56,0.5738266119845067,0.6159999999999999,0.6182547895001456,5.6,4.0,6.0,4.4
rf_full,signo_zodiacal_virgo,326,0.5,0.55,0.5511111111111111,0.54,0.5436758563074353,0.568,0.6525760993392572,5.4,4.4,5.6,4.6
rf_full,signo_zodiacal_virgo,327,0.5,0.5900000000000001,0.5967171717171718,0.54,0.5649122807017543,0.585,0.6096902151855712,5.4,3.6,6.4,4.6
rf_full,signo_zodiacal_virgo,328,0.5,0.51,0.5453535353535355,0.48,0.4980770107085896,0.5479999999999999,0.6446298227915874,4.8,4.6,5.4,5.2
rf_full,signo_zodiacal_virgo,329,0.5,0.45999999999999996,0.45606060606060606,0.52,0.4799884559884561,0.445,0.5036492294255452,5.2,6.0,4.0,4.8
rf_full,signo_zodiacal_virgo,330,0.5,0.5700000000000001,0.5848484848484847,0.54,0.5548872180451128,0.579,0.6362680173283889,5.4,4.0,6.0,4.6
rf_full,signo_zodiacal_virgo,331,0.5,0.53,0.5311111111111111,0.5800000000000001,0.551350114416476,0.504,0.5594692323500372,5.8,5.2,4.8,4.2
rf_full,signo_zodiacal_virgo,332,0.5,0.49000000000000005,0.47297979797979794,0.4800000000000001,0.473775347459558,0.5129999999999999,0.5640782805945345,4.8,5.0,5.0,5.2
rf_full,signo_zodiacal_virgo,333,0.5,0.43999999999999995,0.48611111111111105,0.38,0.39852323115481003,0.555,0.640754087845419,3.8,5.0,5.0,6.2
rf_full,signo_zodiacal_virgo,334,0.5,0.44000000000000006,0.4447979797979798,0.42000000000000004,0.4305597326649958,0.43900000000000006,0.521765383309501,4.2,5.4,4.6,5.8
rf_full,signo_zodiacal_virgo,335,0.5,0.48,0.4766233766233766,0.42000000000000004,0.4408263305322128,0.493,0.5791419397595868,4.2,4.6,5.4,5.8
rf_full,signo_zodiacal_virgo,336,0.5,0.45,0.43702020202020203,0.38,0.4005012531328321,0.40099999999999997,0.46076049930461693,3.8,4.8,5.2,6.2
rf_full,signo_zodiacal_virgo,337,0.5,0.56,0.5566666666666668,0.5599999999999999,0.5567464114832535,0.5549999999999999,0.5585265731001025,5.6,4.4,5.6,4.4
rf_full,signo_zodiacal_virgo,338,0.5,0.54,0.545,0.48,0.5040909090909091,0.542,0.5531241803432205,4.8,4.0,6.0,5.2
rf_full,signo_zodiacal_virgo,339,0.5,0.38,0.3772222222222222,0.38,0.3696044657097289,0.369,0.4710901918858575,3.8,6.2,3.8,6.2
rf_full,signo_zodiacal_virgo,340,0.5,0.52,0.52997002997003,0.5,0.5068688344903178,0.563,0.6093599859892429,5.0,4.6,5.4,5.0
rf_full,signo_zodiacal_virgo,341,0.5,0.56,0.5734848484848485,0.5599999999999999,0.5621933621933621,0.592,0.6426884602325779,5.6,4.4,5.6,4.4
rf_full,signo_zodiacal_virgo,342,0.5,0.48,0.46549450549450555,0.48,0.47048593350383633,0.533,0.6605930921503677,4.8,5.2,4.8,5.2
rf_full,signo_zodiacal_virgo,343,0.5,0.63,0.6432067932067932,0.64,0.6325350693637138,0.6920000000000001,0.7354394859526439,6.4,3.8,6.2,3.6
rf_full,signo_zodiacal_virgo,344,0.5,0.51,0.5142857142857142,0.48,0.4877323656735421,0.5569999999999999,0.5610883817764624,4.8,4.6,5.4,5.2
rf_full,signo_zodiacal_virgo,345,0.5,0.49000000000000005,0.49230769230769234,0.52,0.5029124193883919,0.545,0.6036740095989322,5.2,5.4,4.6,4.8
rf_full,signo_zodiacal_virgo,346,0.5,0.47000000000000003,0.4746031746031746,0.48,0.4710792131844763,0.4620000000000001,0.5333820536188958,4.8,5.4,4.6,5.2
rf_full,signo_zodiacal_virgo,347,0.5,0.51,0.5088888888888888,0.48,0.4936842105263158,0.5359999999999999,0.5728588623279025,4.8,4.6,5.4,5.2
rf_full,signo_zodiacal_virgo,348,0.5,0.44000000000000006,0.43238095238095237,0.4,0.40596491228070175,0.42400000000000004,0.516195472226432,4.0,5.2,4.8,6.0
rf_full,signo_zodiacal_virgo,349,0.5,0.4699999999999999,0.48896103896103893,0.36,0.398249299719888,0.42400000000000004,0.5181342556652153,3.6,4.2,5.8,6.4
rf_full,signo_zodiacal_virgo,350,0.5,0.53,0.5116233766233766,0.5399999999999999,0.5164929971988796,0.555,0.5573729577096449,5.4,4.8,5.2,4.6
rf_full,signo_zodiacal_virgo,351,0.5,0.52,0.5184848484848484,0.5599999999999999,0.5377489177489178,0.5519999999999999,0.608262348160955,5.6,5.2,4.8,4.4
rf_full,signo_zodiacal_virgo,352,0.5,0.44000000000000006,0.4488156288156288,0.48,0.45467599946156956,0.421,0.5283257214921302,4.8,6.0,4.0,5.2
rf_full,signo_zodiacal_virgo,353,0.5,0.6000000000000001,0.6621489621489621,0.52,0.5723818818145108,0.601,0.6637704044321692,5.2,3.2,6.8,4.8
rf_full,signo_zodiacal_virgo,354,0.5,0.53,0.5311111111111112,0.5599999999999999,0.543444976076555,0.5440000000000002,0.5649545444235846,5.6,5.0,5.0,4.4
rf_full,signo_zodiacal_virgo,355,0.5,0.47000000000000003,0.4428149628149628,0.42000000000000004,0.4206275278990315,0.5109999999999999,0.5619032154635869,4.2,4.8,5.2,5.8
rf_full,signo_zodiacal_virgo,356,0.5,0.39,0.3763347763347763,0.36000000000000004,0.3658558160106148,0.35699999999999993,0.4639257410975676,3.6,5.8,4.2,6.4
rf_full,signo_zodiacal_virgo,357,0.5,0.43,0.4396625596625596,0.38,0.39846983186867424,0.386,0.5048908972864081,3.8,5.2,4.8,6.2
rf_full,signo_zodiacal_virgo,358,0.5,0.41,0.3983333333333333,0.38,0.38,0.44499999999999995,0.4910926279602751,3.8,5.6,4.4,6.2
rf_full,signo_zodiacal_virgo,359,0.5,0.5000000000000001,0.4886868686868687,0.5,0.48265914786967423,0.44399999999999995,0.5094543871161518,5.0,5.0,5.0,5.0
rf_full,signo_zodiacal_virgo,360,0.5,0.39,0.3878787878787878,0.42000000000000004,0.40012531328320805,0.384,0.4971631620013973,4.2,6.4,3.6,5.8
rf_full,signo_zodiacal_virgo,361,0.5,0.54,0.5444444444444445,0.6,0.5664274322169058,0.534,0.5661890788949613,6.0,5.2,4.8,4.0
rf_full,signo_zodiacal_virgo,362,0.5,0.54,0.54004329004329,0.54,0.5356760886172651,0.5820000000000001,0.6713576500898483,5.4,4.6,5.4,4.6
rf_full,signo_zodiacal_virgo,363,0.5,0.53,0.5252525252525253,0.52,0.5056390977443609,0.457,0.5423589580354287,5.2,4.6,5.4,4.8
rf_full,signo_zodiacal_virgo,364,0.5,0.49000000000000005,0.4792929292929292,0.4800000000000001,0.47827903091060986,0.51,0.5869092939224518,4.8,5.0,5.0,5.2
rf_full,signo_zodiacal_virgo,365,0.5,0.51,0.4978749028749029,0.5199999999999999,0.5052457230031601,0.5840000000000001,0.6136898820134115,5.2,5.0,5.0,4.8
rf_full,signo_zodiacal_virgo,366,0.5,0.51,0.5,0.45999999999999996,0.4730861244019139,0.48500000000000004,0.5272522846950091,4.6,4.4,5.6,5.4
rf_full,signo_zodiacal_virgo,367,0.5,0.49000000000000005,0.45560606060606057,0.44000000000000006,0.43133333333333335,0.4539999999999999,0.5280103038516352,4.4,4.6,5.4,5.6
rf_full,signo_zodiacal_virgo,368,0.5,0.45999999999999996,0.47063492063492063,0.4600000000000001,0.4601852224143245,0.453,0.5333618603618604,4.6,5.4,4.6,5.4
rf_full,signo_zodiacal_virgo,369,0.5,0.42000000000000004,0.40979797979797983,0.4,0.4038930659983292,0.374,0.4706867340605731,4.0,5.6,4.4,6.0
rf_full,signo_zodiacal_virgo,370,0.5,0.53,0.5326923076923077,0.58,0.5510320597277119,0.5549999999999999,0.5979309460749088,5.8,5.2,4.8,4.2
rf_full,signo_zodiacal_virgo,371,0.5,0.51,0.5041486291486292,0.5399999999999999,0.5175438596491228,0.466,0.5150547416120171,5.4,5.2,4.8,4.6
rf_full,signo_zodiacal_virgo,372,0.5,0.55,0.5516483516483517,0.45999999999999996,0.49125461778914464,0.5719999999999998,0.6815559179382709,4.6,3.6,6.4,5.4
rf_full,signo_zodiacal_virgo,373,0.5,0.49000000000000005,0.4702020202020202,0.4600000000000001,0.4599794941900205,0.514,0.5496829826520229,4.6,4.8,5.2,5.4
rf_full,signo_zodiacal_virgo,374,0.5,0.51,0.510952380952381,0.43999999999999995,0.4585332314744079,0.55,0.6028386674385127,4.4,4.2,5.8,5.6
rf_full,signo_zodiacal_virgo,375,0.5,0.54,0.5221212121212121,0.5599999999999999,0.5305425685425685,0.518,0.5972966667835088,5.6,4.8,5.2,4.4
rf_full,signo_zodiacal_virgo,376,0.5,0.53,0.5262515262515263,0.5,0.5015495172481308,0.552,0.58898326226577,5.0,4.4,5.6,5.0
rf_full,signo_zodiacal_virgo,377,0.5,0.6,0.6067832167832167,0.5799999999999998,0.5843581780538302,0.6379999999999999,0.6731142719509592,5.8,3.8,6.2,4.2
rf_full,signo_zodiacal_virgo,378,0.5,0.45999999999999996,0.4442857142857143,0.45999999999999996,0.44666666666666666,0.52,0.6075480246447739,4.6,5.4,4.6,5.4
rf_full,signo_zodiacal_virgo,379,0.5,0.62,0.6314285714285715,0.54,0.5745098039215686,0.656,0.6970474217045424,5.4,3.0,7.0,4.6
rf_full,signo_zodiacal_virgo,380,0.5,0.5900000000000001,0.5942424242424242,0.6,0.5951424014581909,0.6069999999999999,0.6404341204031607,6.0,4.2,5.8,4.0
rf_full,signo_zodiacal_virgo,381,0.5,0.55,0.5364102564102564,0.56,0.5354462242562928,0.5479999999999999,0.612383984866183,5.6,4.6,5.4,4.4
rf_full,signo_zodiacal_virgo,382,0.5,0.6199999999999999,0.6189321789321789,0.66,0.6349874686716792,0.6090000000000001,0.6274505947269104,6.6,4.2,5.8,3.4
rf_full,signo_zodiacal_virgo,383,0.5,0.42000000000000004,0.39246031746031745,0.34,0.3632954936360509,0.392,0.4871445041886219,3.4,5.0,5.0,6.6
rf_full,signo_zodiacal_virgo,384,0.5,0.4600000000000001,0.45318181818181813,0.4600000000000001,0.4552380952380952,0.40199999999999997,0.47862651134555156,4.6,5.4,4.6,5.4
rf_full,signo_zodiacal_virgo,385,0.5,0.39,0.3926984126984127,0.38,0.3812899896800826,0.41100000000000003,0.4852894323598658,3.8,6.0,4.0,6.2
rf_full,signo_zodiacal_virgo,386,0.5,0.5800000000000001,0.5764285714285714,0.6199999999999999,0.5789441930618401,0.557,0.575371024572263,6.2,4.6,5.4,3.8
rf_full,signo_zodiacal_virgo,387,0.5,0.4,0.4014141414141414,0.4,0.3998496240601504,0.40499999999999997,0.5315859151168748,4.0,6.0,4.0,6.0
rf_full,signo_zodiacal_virgo,388,0.5,0.45999999999999996,0.44742424242424245,0.45999999999999996,0.4513830029619503,0.48,0.5723632380691204,4.6,5.4,4.6,5.4
rf_full,signo_zodiacal_virgo,389,0.5,0.5800000000000001,0.5924242424242425,0.52,0.5382251082251083,0.5980000000000001,0.6271105638427621,5.2,3.6,6.4,4.8
rf_full,signo_zodiacal_virgo,390,0.5,0.45,0.41650793650793655,0.42000000000000004,0.4114327485380117,0.457,0.5162554934745337,4.2,5.2,4.8,5.8
rf_full,signo_zodiacal_virgo,391,0.5,0.5900000000000001,0.5888034188034188,0.6199999999999999,0.600590805075931,0.627,0.6656528732705203,6.2,4.4,5.6,3.8
rf_full,signo_zodiacal_virgo,392,0.5,0.39,0.3881313131313131,0.38,0.38200045568466623,0.41,0.5258612529541322,3.8,6.0,4.0,6.2
rf_full,signo_zodiacal_virgo,393,0.5,0.42000000000000004,0.42698412698412697,0.45999999999999996,0.436616943428089,0.37,0.4605684490947649,4.6,6.2,3.8,5.4
rf_full,signo_zodiacal_virgo,394,0.5,0.48,0.4809523809523809,0.44000000000000006,0.45171998624011006,0.47300000000000003,0.530290847611281,4.4,4.8,5.2,5.6
rf_full,signo_zodiacal_virgo,395,0.5,0.5800000000000001,0.5813131313131313,0.6199999999999999,0.5980177717019822,0.571,0.6354539631335296,6.2,4.6,5.4,3.8
rf_full,signo_zodiacal_virgo,396,0.5,0.51,0.4945054945054945,0.4800000000000001,0.48030690537084403,0.5349999999999999,0.5876254301254301,4.8,4.6,5.4,5.2
rf_full,signo_zodiacal_virgo,397,0.5,0.51,0.5194444444444445,0.5,0.4980167810831427,0.5440000000000002,0.5792128600673493,5.0,4.8,5.2,5.0
rf_full,signo_zodiacal_virgo,398,0.5,0.39,0.35238095238095235,0.32,0.33374613003095976,0.356,0.46528232311204454,3.2,5.4,4.6,6.8
rf_full,signo_zodiacal_virgo,399,0.5,0.55,0.55,0.5599999999999999,0.552153110047847,0.548,0.569488903855003,5.6,4.6,5.4,4.4
rf_full,signo_zodiacal_virgo,400,0.5,0.37999999999999995,0.36300144300144305,0.36000000000000004,0.35954002653693057,0.421,0.4878125171182447,3.6,6.0,4.0,6.4
rf_full,signo_zodiacal_virgo,401,0.5,0.4800000000000001,0.49230769230769234,0.5,0.4873543620346689,0.47300000000000003,0.5488166226618238,5.0,5.4,4.6,5.0
rf_full,signo_zodiacal_virgo,402,0.5,0.53,0.5009523809523809,0.48,0.4691774891774891,0.515,0.5913218982599787,4.8,4.2,5.8,5.2
rf_full,signo_zodiacal_virgo,403,0.5,0.53,0.5342857142857143,0.43999999999999995,0.4788235294117647,0.503,0.567932309348718,4.4,3.8,6.2,5.6
rf_full,signo_zodiacal_virgo,404,0.5,0.53,0.5372849372849373,0.5599999999999999,0.5414097904608067,0.5439999999999999,0.5994930820813174,5.6,5.0,5.0,4.4
rf_full,signo_zodiacal_virgo,405,0.5,0.64,0.648962148962149,0.6399999999999999,0.6308722573697672,0.627,0.6522361886479533,6.4,3.6,6.4,3.6
rf_full,signo_zodiacal_virgo,406,0.5,0.54,0.5690909090909091,0.52,0.5218070818070817,0.607,0.6371201467950693,5.2,4.4,5.6,4.8
rf_full,signo_zodiacal_virgo,407,0.5,0.43000000000000005,0.41,0.33999999999999997,0.36666666666666664,0.389,0.46160724406312637,3.4,4.8,5.2,6.6
rf_full,signo_zodiacal_virgo,408,0.5,0.49000000000000005,0.48761904761904756,0.4600000000000001,0.46846108140225784,0.548,0.610232311977668,4.6,4.8,5.2,5.4
rf_full,signo_zodiacal_virgo,409,0.5,0.42000000000000004,0.3913553113553114,0.32,0.34142728945124956,0.396,0.5037066164829322,3.2,4.8,5.2,6.8
rf_full,signo_zodiacal_virgo,410,0.5,0.42000000000000004,0.42628205128205127,0.45999999999999996,0.43697848045674126,0.383,0.46296719989676643,4.6,6.2,3.8,5.4
rf_full,signo_zodiacal_virgo,411,0.5,0.42000000000000004,0.40476190476190477,0.4,0.3905691831388426,0.344,0.4628018858506474,4.0,5.6,4.4,6.0
rf_full,signo_zodiacal_virgo,412,0.5,0.52,0.5166666666666667,0.5,0.49119429590017827,0.5509999999999999,0.5776270832710461,5.0,4.6,5.4,5.0
rf_full,signo_zodiacal_virgo,413,0.5,0.37,0.35954545454545456,0.32,0.3312098427887902,0.382,0.45362555341115707,3.2,5.8,4.2,6.8
rf_full,signo_zodiacal_virgo,414,0.5,0.52,0.5403596403596403,0.52,0.5204415362983139,0.5569999999999999,0.6173004393267552,5.2,4.8,5.2,4.8
rf_full,signo_zodiacal_virgo,415,0.5,0.49000000000000005,0.49901764901764895,0.5,0.49254916722947417,0.45,0.5175086394513639,5.0,5.2,4.8,5.0
rf_full,signo_zodiacal_virgo,416,0.5,0.5,0.5005555555555555,0.48,0.48810207336523126,0.5119999999999999,0.5887926764497972,4.8,4.8,5.2,5.2
rf_full,signo_zodiacal_virgo,417,0.5,0.5700000000000001,0.573076923076923,0.52,0.5311090444082771,0.6220000000000001,0.6199270137327412,5.2,3.8,6.2,4.8
rf_full,signo_zodiacal_virgo,418,0.5,0.5000000000000001,0.49822399822399827,0.48,0.48337382245041416,0.462,0.49515622183114444,4.8,4.8,5.2,5.2
rf_full,signo_zodiacal_virgo,419,0.5,0.62,0.6042748917748917,0.6599999999999999,0.621079848943626,0.6369999999999999,0.6372224344283168,6.6,4.2,5.8,3.4
rf_full,signo_zodiacal_virgo,420,0.5,0.52,0.5181818181818182,0.48,0.49327731092436977,0.534,0.5689503366430612,4.8,4.4,5.6,5.2
rf_full,signo_zodiacal_virgo,421,0.5,0.6,0.6135281385281386,0.56,0.5792547321959087,0.6129999999999999,0.6746569074200653,5.6,3.6,6.4,4.4
rf_full,signo_zodiacal_virgo,422,0.5,0.5900000000000001,0.5961904761904762,0.64,0.6088591800356506,0.5850000000000001,0.5986814172239869,6.4,4.6,5.4,3.6
rf_full,signo_zodiacal_virgo,423,0.5,0.47000000000000003,0.4717282717282717,0.45999999999999996,0.46130415552948867,0.479,0.5595496062245289,4.6,5.2,4.8,5.4
rf_full,signo_zodiacal_virgo,424,0.5,0.6100000000000001,0.6460039960039959,0.5199999999999999,0.5524814273535501,0.583,0.5999020974725309,5.2,3.0,7.0,4.8
rf_full,signo_zodiacal_virgo,425,0.5,0.5,0.4948917748917749,0.45999999999999996,0.47376676986584104,0.539,0.5842195910384765,4.6,4.6,5.4,5.4
rf_full,signo_zodiacal_virgo,426,0.5,0.5599999999999999,0.5438539238539238,0.6599999999999999,0.5923738991748144,0.5599999999999999,0.6184287934287933,6.6,5.4,4.6,3.4
rf_full,signo_zodiacal_virgo,427,0.5,0.53,0.5505494505494506,0.52,0.5223927252060244,0.5780000000000001,0.6356015618368559,5.2,4.6,5.4,4.8
rf_full,signo_zodiacal_virgo,428,0.5,0.47000000000000003,0.45595238095238094,0.4,0.41987522281639933,0.477,0.5359251673678918,4.0,4.6,5.4,6.0
rf_full,signo_zodiacal_virgo,429,0.5,0.4600000000000001,0.4515873015873016,0.44000000000000006,0.4432310723332395,0.48600000000000004,0.5624847821597048,4.4,5.2,4.8,5.6
rf_full,signo_zodiacal_virgo,430,0.5,0.5399999999999999,0.5611904761904762,0.58,0.5589399881164587,0.547,0.6103310202869026,5.8,5.0,5.0,4.2
rf_full,signo_zodiacal_virgo,431,0.5,0.5700000000000001,0.5982284382284383,0.5599999999999999,0.5625890813991501,0.591,0.6515219939159567,5.6,4.2,5.8,4.4
rf_full,signo_zodiacal_virgo,432,0.5,0.6,0.6007936507936508,0.54,0.5623979735434844,0.6359999999999999,0.7162847322096548,5.4,3.4,6.6,4.6
rf_full,signo_zodiacal_virgo,433,0.5,0.48,0.4688888888888889,0.4,0.4294152046783625,0.5109999999999999,0.5985831494786603,4.0,4.4,5.6,6.0
rf_full,signo_zodiacal_virgo,434,0.5,0.49000000000000005,0.48687978687978684,0.54,0.5073283068167977,0.442,0.5074618745547539,5.4,5.6,4.4,4.6
rf_full,signo_zodiacal_virgo,435,0.5,0.49000000000000005,0.4836868686868686,0.45999999999999996,0.4703258145363408,0.497,0.5512201236156344,4.6,4.8,5.2,5.4
rf_full,signo_zodiacal_virgo,436,0.5,0.42000000000000004,0.44123876123876127,0.58,0.49993374741200836,0.37200000000000005,0.48906881293800797,5.8,7.4,2.6,4.2
rf_full,signo_zodiacal_virgo,437,0.5,0.47000000000000003,0.47329004329004326,0.5199999999999999,0.4890990578049402,0.46699999999999997,0.5578337224351155,5.2,5.8,4.2,4.8
rf_full,signo_zodiacal_virgo,438,0.5,0.48,0.4992424242424242,0.44000000000000006,0.45915356573251315,0.48199999999999993,0.5422574077968815,4.4,4.8,5.2,5.6
rf_full,signo_zodiacal_virgo,439,0.5,0.54,0.5666666666666667,0.44000000000000006,0.4925696594427246,0.547,0.5769992605433781,4.4,3.6,6.4,5.6
rf_full,signo_zodiacal_virgo,440,0.5,0.54,0.5553113553113553,0.5,0.5158567774936061,0.576,0.6017304700803152,5.0,4.2,5.8,5.0
rf_full,signo_zodiacal_virgo,441,0.5,0.4800000000000001,0.5012987012987014,0.43999999999999995,0.4634688325090802,0.466,0.573839144515615,4.4,4.8,5.2,5.6
rf_full,signo_zodiacal_virgo,442,0.5,0.5199999999999999,0.48686868686868684,0.4600000000000001,0.4642819169134958,0.523,0.6122279218029992,4.6,4.2,5.8,5.4
rf_full,signo_zodiacal_virgo,443,0.5,0.5,0.517027417027417,0.48,0.48738512949039264,0.546,0.5776245933289277,4.8,4.8,5.2,5.2
rf_full,signo_zodiacal_virgo,444,0.5,0.51,0.4989393939393939,0.52,0.5072727272727272,0.49799999999999994,0.5557677046895313,5.2,5.0,5.0,4.8
rf_full,signo_zodiacal_virgo,445,0.5,0.47000000000000003,0.4502564102564103,0.44000000000000006,0.4399389778794813,0.49399999999999994,0.5286865173010684,4.4,5.0,5.0,5.6
rf_full,signo_zodiacal_virgo,446,0.5,0.4600000000000001,0.493146853146853,0.45999999999999996,0.4607867494824016,0.42799999999999994,0.4917959701117596,4.6,5.4,4.6,5.4
rf_full,signo_zodiacal_virgo,447,0.5,0.57,0.5582595182595183,0.5599999999999999,0.5509703606843195,0.603,0.6493364762172812,5.6,4.2,5.8,4.4
rf_full,signo_zodiacal_virgo,448,0.5,0.56,0.5616605616605616,0.5599999999999999,0.5485709157804999,0.601,0.6403210563945858,5.6,4.4,5.6,4.4
rf_full,signo_zodiacal_virgo,449,0.5,0.43999999999999995,0.44793650793650797,0.36000000000000004,0.3947987616099071,0.44800000000000006,0.5150996399541291,3.6,4.8,5.2,6.4
rf_full,signo_zodiacal_virgo,450,0.5,0.53,0.5354895104895105,0.54,0.5329192546583851,0.5399999999999999,0.5778112432802834,5.4,4.8,5.2,4.6
rf_full,signo_zodiacal_virgo,451,0.5,0.49000000000000005,0.4834188034188034,0.45999999999999996,0.46294431731502667,0.493,0.5503226571330286,4.6,4.8,5.2,5.4
rf_full,signo_zodiacal_virgo,452,0.5,0.4,0.40525641025641024,0.36,0.36897672375933244,0.38499999999999995,0.487322103936655,3.6,5.6,4.4,6.4
rf_full,signo_zodiacal_virgo,453,0.5,0.5,0.5039393939393939,0.47999999999999987,0.4898245614035087,0.403,0.5187833308762102,4.8,4.8,5.2,5.2
rf_full,signo_zodiacal_virgo,454,0.5,0.4800000000000001,0.4581746031746031,0.44000000000000006,0.4375438596491228,0.517,0.5234317904317904,4.4,4.8,5.2,5.6
rf_full,signo_zodiacal_virgo,455,0.5,0.45000000000000007,0.4468686868686868,0.43999999999999995,0.4427067669172932,0.49300000000000005,0.5345845959166393,4.4,5.4,4.6,5.6
rf_full,signo_zodiacal_virgo,456,0.5,0.58,0.5768686868686869,0.6200000000000001,0.5959125085440874,0.553,0.5818743468433871,6.2,4.6,5.4,3.8
rf_full,signo_zodiacal_virgo,457,0.5,0.4800000000000001,0.4878968253968254,0.4800000000000001,0.47373977931253475,0.508,0.5812279664779665,4.8,5.2,4.8,5.2
rf_full,signo_zodiacal_virgo,458,0.5,0.53,0.5424242424242424,0.5,0.5142857142857142,0.438,0.5267146958648506,5.0,4.4,5.6,5.0
rf_full,signo_zodiacal_virgo,459,0.5,0.47000000000000003,0.46951048951048946,0.52,0.49221532091097303,0.514,0.5665165286210178,5.2,5.8,4.2,4.8
rf_full,signo_zodiacal_virgo,460,0.5,0.45999999999999996,0.46653846153846157,0.42000000000000004,0.4340096618357488,0.43099999999999994,0.5084289234157656,4.2,5.0,5.0,5.8
rf_full,signo_zodiacal_virgo,461,0.5,0.5,0.509047619047619,0.5,0.4956149732620321,0.549,0.59287885214201,5.0,5.0,5.0,5.0
rf_full,signo_zodiacal_virgo,462,0.5,0.49000000000000005,0.47005772005772,0.44000000000000006,0.45162415843530396,0.45199999999999996,0.5325592391784342,4.4,4.6,5.4,5.6
rf_full,signo_zodiacal_virgo,463,0.5,0.33,0.3104245754245754,0.32,0.3116867616611862,0.288,0.44521254888901945,3.2,6.6,3.4,6.8
rf_full,signo_zodiacal_virgo,464,0.5,0.47000000000000003,0.48317460317460326,0.44000000000000006,0.4573712355755699,0.45200000000000007,0.5167996088878442,4.4,5.0,5.0,5.6
rf_full,signo_zodiacal_virgo,465,0.5,0.48,0.478021978021978,0.42000000000000004,0.4416027280477409,0.43199999999999994,0.5280367065854683,4.2,4.6,5.4,5.8
rf_full,signo_zodiacal_virgo,466,0.5,0.51,0.5,0.42000000000000004,0.45409356725146194,0.5399999999999999,0.575422456198772,4.2,4.0,6.0,5.8
rf_full,signo_zodiacal_virgo,467,0.5,0.48,0.45272727272727276,0.42000000000000004,0.4317460317460317,0.41400000000000003,0.4815218876410827,4.2,4.6,5.4,5.8
rf_full,signo_zodiacal_virgo,468,0.5,0.53,0.5252680652680652,0.6199999999999999,0.5649772256728779,0.506,0.5307567052830211,6.2,5.6,4.4,3.8
rf_full,signo_zodiacal_virgo,469,0.5,0.45,0.4424242424242424,0.5,0.46630591630591633,0.46900000000000003,0.5330997015540359,5.0,6.0,4.0,5.0
rf_full,signo_zodiacal_virgo,470,0.5,0.5,0.4783766233766233,0.48,0.46761904761904755,0.4779999999999999,0.5215858471593766,4.8,4.8,5.2,5.2
rf_full,signo_zodiacal_virgo,471,0.5,0.45999999999999996,0.44671717171717173,0.41999999999999993,0.43157894736842106,0.46699999999999997,0.5437185294066099,4.2,5.0,5.0,5.8
rf_full,signo_zodiacal_virgo,472,0.5,0.43,0.40515873015873016,0.34,0.3560568086883876,0.43500000000000005,0.5657415289388973,3.4,4.8,5.2,6.6
rf_full,signo_zodiacal_virgo,473,0.5,0.44000000000000006,0.44000000000000006,0.42000000000000004,0.4288888888888889,0.41899999999999993,0.50683928266436,4.2,5.4,4.6,5.8
rf_full,signo_zodiacal_virgo,474,0.5,0.58,0.5945454545454545,0.5,0.5266666666666666,0.5780000000000001,0.592989998563528,5.0,3.4,6.6,5.0
rf_full,signo_zodiacal_virgo,475,0.5,0.45,0.43714285714285717,0.4,0.4139275103980986,0.45199999999999996,0.5499677194150878,4.0,5.0,5.0,6.0
rf_full,signo_zodiacal_virgo,476,0.5,0.5199999999999999,0.5212398712398713,0.54,0.5242344410200112,0.47000000000000003,0.4921788201478604,5.4,5.0,5.0,4.6
rf_full,signo_zodiacal_virgo,477,0.5,0.5700000000000001,0.5731313131313132,0.58,0.5748553201184781,0.611,0.6992994309611956,5.8,4.4,5.6,4.2
rf_full,signo_zodiacal_virgo,478,0.5,0.51,0.48409090909090907,0.44000000000000006,0.45396825396825397,0.533,0.5794977512167915,4.4,4.2,5.8,5.6
rf_full,signo_zodiacal_virgo,479,0.5,0.48,0.4739393939393938,0.43999999999999995,0.4514912280701754,0.495,0.5874447764138166,4.4,4.8,5.2,5.6
rf_full,signo_zodiacal_virgo,480,0.5,0.5200000000000001,0.5166666666666667,0.5800000000000001,0.5458874458874459,0.5149999999999999,0.5715951003760601,5.8,5.4,4.6,4.2
rf_full,signo_zodiacal_virgo,481,0.5,0.49000000000000005,0.4925518925518926,0.5,0.48981020325750435,0.47000000000000003,0.575461050817088,5.0,5.2,4.8,5.0
rf_full,signo_zodiacal_virgo,482,0.5,0.51,0.5033799533799534,0.5800000000000001,0.5378317334839073,0.568,0.6132107691929674,5.8,5.6,4.4,4.2
rf_full,signo_zodiacal_virgo,483,0.5,0.51,0.5135897435897435,0.52,0.5092292490118577,0.539,0.5996011308952485,5.2,5.0,5.0,4.8
rf_full,signo_zodiacal_virgo,484,0.5,0.44000000000000006,0.42757575757575755,0.4800000000000001,0.44768253968253974,0.471,0.5440260284950688,4.8,6.0,4.0,5.2
rf_full,signo_zodiacal_virgo,485,0.5,0.4,0.37384615384615383,0.34,0.34280193236714973,0.33899999999999997,0.48086632571075294,3.4,5.4,4.6,6.6
rf_full,signo_zodiacal_virgo,486,0.5,0.36,0.3338095238095238,0.3,0.31112580917534477,0.33699999999999997,0.42706735851008293,3.0,5.8,4.2,7.0
rf_full,signo_zodiacal_virgo,487,0.5,0.55,0.5422222222222222,0.5399999999999999,0.5385539606592239,0.576,0.6507621551135483,5.4,4.4,5.6,4.6
rf_full,signo_zodiacal_virgo,488,0.5,0.6599999999999999,0.6435897435897436,0.74,0.6827404479578392,0.662,0.6544607761519526,7.4,4.2,5.8,2.6
rf_full,signo_zodiacal_virgo,489,0.5,0.5800000000000001,0.59004329004329,0.6,0.586719150818222,0.5820000000000001,0.5967850831658881,6.0,4.4,5.6,4.0
rf_full,signo_zodiacal_virgo,490,0.5,0.41,0.365,0.31999999999999995,0.33777777777777773,0.37300000000000005,0.4972676896546865,3.2,5.0,5.0,6.8
rf_full,signo_zodiacal_virgo,491,0.5,0.5700000000000001,0.576068931068931,0.5799999999999998,0.5604692891649413,0.573,0.6235848569215442,5.8,4.4,5.6,4.2
rf_full,signo_zodiacal_virgo,492,0.5,0.47000000000000003,0.48119658119658126,0.43999999999999995,0.451716247139588,0.46399999999999997,0.5437403444508708,4.4,5.0,5.0,5.6
rf_full,signo_zodiacal_virgo,493,0.5,0.43000000000000005,0.41558441558441556,0.4,0.4029284441049147,0.386,0.45220725009424695,4.0,5.4,4.6,6.0
rf_full,signo_zodiacal_virgo,494,0.5,0.39,0.3823232323232323,0.38,0.3790992633097896,0.385,0.4965468077673959,3.8,6.0,4.0,6.2
rf_full,signo_zodiacal_virgo,495,0.5,0.43000000000000005,0.43792207792207793,0.38,0.40054621848739497,0.406,0.4767156556893399,3.8,5.2,4.8,6.2
rf_full,signo_zodiacal_virgo,496,0.5,0.5700000000000001,0.5634809634809634,0.6,0.578228179143511,0.5930000000000001,0.6470387108591442,6.0,4.6,5.4,4.0
rf_full,signo_zodiacal_virgo,497,0.5,0.45,0.4613553113553114,0.54,0.49525691699604746,0.472,0.504714384686521,5.4,6.4,3.6,4.6
rf_full,signo_zodiacal_virgo,498,0.5,0.48,0.4772222222222222,0.43999999999999995,0.4571929824561403,0.4670000000000001,0.5832783615593213,4.4,4.8,5.2,5.6
rf_full,signo_zodiacal_virgo,499,0.5,0.38999999999999996,0.40204545454545454,0.48,0.4339260739260739,0.341,0.46805892473539534,4.8,7.0,3.0,5.2
rf_full,signo_zodiacal_virgo,500,0.5,0.5599999999999999,0.5486013986013986,0.64,0.5897044984001505,0.64,0.7034946687299628,6.4,5.2,4.8,3.6
