variable,chi2,p_value
ESPECIALIDAD_MEDICA_PEDIATRÍA,2640.0118094087143,0.0
ESPECIALIDAD_MEDICA_NEFROLOGÍA,2107.0193873115177,0.0
DIAGNOSTICO2_I,1062.4281349007683,7.001735742267347e-221
ESPECIALIDAD_MEDICA_NEONATOLOGÍA,976.3691737949353,2.332989458241023e-202
DIAGNOSTICO3_I,948.6587918241821,2.1330213596584646e-196
DIAGNOSTICO1_P,908.3134898320575,1.0118496581338618e-187
DIAGNOSTICO4_I,801.5825611855805,8.664135484746156e-165
ESPECIALIDAD_MEDICA_MEDICINA INTERNA,796.3256342249313,1.165267872486951e-163
DIAGNOSTICO1_I,765.8377856412425,4.080205615787339e-157
DIAGNOSTICO1_J,672.1571493681018,4.9991156181461955e-137
ESPECIALIDAD_MEDICA_CIRUGÍA PEDIÁTRICA,656.0020454768003,1.4438709274865182e-133
DIAGNOSTICO3_Q,631.9938633921179,1.9961881657506461e-128
DIAGNOSTICO5_I,623.8764140033209,1.0906866604300987e-126
DIAGNOSTICO4_NA,603.7966449494845,2.158942496223156e-122
DIAGNOSTICO2_P,599.8719148093265,1.4920499191531226e-121
DIAGNOSTICO3_NA,546.3529364064051,4.1048007309165016e-110
DIAGNOSTICO5_NA,521.4432292588262,8.541085955569328e-105
ESPECIALIDAD_MEDICA_NEFROLOGÍA PEDIÁTRICA,519.373685400624,2.3613865101060693e-104
PROCEDIMIENTO1_13,492.85079454476295,1.0727745981666979e-98
PROCEDIMIENTO2_13,489.6793363886909,5.088821084010352e-98
DIAGNOSTICO6_I,470.16776212943955,7.317642850972753e-94
PROCEDIMIENTO1_39,462.3262758147938,3.422958392150785e-92
ESPECIALIDAD_MEDICA_OFTALMOLOGÍA,439.4149040710946,2.5742837010831422e-87
DIAGNOSTICO1_H,406.6055056232934,2.4221225829839476e-80
DIAGNOSTICO3_P,399.7925596226604,6.772529806135097e-79
DIAGNOSTICO6_NA,379.28439660654664,1.5193700562027063e-74
DIAGNOSTICO1_O,375.02813129118493,1.2132861766005186e-73
DIAGNOSTICO7_I,374.56041912022033,1.524403750378324e-73
DIAGNOSTICO4_E,367.79515818613464,4.137431798426512e-72
DIAGNOSTICO8_I,357.3733319419445,6.667122654332419e-70
DIAGNOSTICO3_E,350.34645990045834,2.0474671649758707e-68
DIAGNOSTICO5_E,330.16592514527,3.785398750066603e-64
ESPECIALIDAD_MEDICA_HEMATO-ONCOLOGÍA PEDIÁTRICA,317.4877457780588,1.799283351137021e-61
ESPECIALIDAD_MEDICA_OBSTETRICIA Y GINECOLOGÍA,290.95778462569706,7.024444477325671e-56
PROCEDIMIENTO1_93,285.04713908606004,1.231022272686112e-54
DIAGNOSTICO6_E,279.47174599961255,1.8307162009492017e-53
DIAGNOSTICO7_NA,254.2722536494066,3.5592464776534937e-48
DIAGNOSTICO4_P,242.9061761072714,8.527707381538273e-46
DIAGNOSTICO2_O,241.38099769055626,1.7775207700096326e-45
DIAGNOSTICO2_N,238.60740199568667,6.756149122760054e-45
DIAGNOSTICO7_E,236.40460672018344,1.9501143946727259e-44
DIAGNOSTICO1_Z,235.01922454722143,3.797563719574032e-44
DIAGNOSTICO9_I,226.86358774855773,1.914547825886785e-42
DIAGNOSTICO2_NA,216.59870747973756,2.638768587761016e-40
DIAGNOSTICO2_K,206.7688794016671,2.9243634839663107e-38
DIAGNOSTICO1_Q,198.90002623381238,1.257971590094503e-36
DIAGNOSTICO11_I,185.52862921517263,7.390575797144341e-34
DIAGNOSTICO10_E,184.5982592414681,1.1507727778943987e-33
DIAGNOSTICO8_E,184.261525956045,1.3507712310799024e-33
ESPECIALIDAD_MEDICA_CIRUGÍA GENERAL,182.76187806445014,2.756984056331086e-33
DIAGNOSTICO4_N,180.700989855253,7.345784351024755e-33
PROCEDIMIENTO1_99,179.3070336743721,1.4248537721693468e-32
PROCEDIMIENTO1_47,176.15887161779602,6.355765286051534e-32
DIAGNOSTICO8_NA,174.86539081295555,1.1743822079562895e-31
PROCEDIMIENTO1_73,170.58137245086692,8.957248128595413e-31
ESPECIALIDAD_MEDICA_NEUROLOGÍA ADULTO,167.18149259132193,4.483152614260229e-30
ESPECIALIDAD_MEDICA_CARDIOLOGÍA,160.36872587955517,1.123756136011527e-28
DIAGNOSTICO10_Z,158.03642703633983,3.379590840701691e-28
ESPECIALIDAD_MEDICA_GENÉTICA CLÍNICA,157.5466457913675,4.258257285591607e-28
ESPECIALIDAD_MEDICA_MÉDICO GENERAL,152.86119065639724,3.876561898956907e-27
DIAGNOSTICO11_Z,152.20278740152605,5.285615243617558e-27
DIAGNOSTICO10_I,149.6258559094512,1.777273040992957e-26
DIAGNOSTICO6_N,149.49130706879677,1.893377306102283e-26
DIAGNOSTICO3_O,148.38427461110223,3.186408956660956e-26
DIAGNOSTICO3_N,146.7649021362791,6.820225069655574e-26
DIAGNOSTICO14_Z,146.4213577459871,8.01462155122037e-26
DIAGNOSTICO5_N,144.42235499409668,2.048698448448873e-25
DIAGNOSTICO9_E,139.9051705463835,1.702839065538253e-24
DIAGNOSTICO1_C,138.1254810287314,3.9172499197965195e-24
DIAGNOSTICO12_Z,134.3156430851537,2.3251264967997407e-23
DIAGNOSTICO13_Z,130.8358574812317,1.1791695479387091e-22
DIAGNOSTICO5_P,130.35376043674844,1.4762587769642898e-22
PROCEDIMIENTO1_28,128.31288040987053,3.819348637119482e-22
DIAGNOSTICO9_Z,125.26125354370396,1.578963477388945e-21
ESPECIALIDAD_MEDICA_CIRUGÍA VASCULAR PERIFÉRICA,123.3006388489878,3.924630117305959e-21
PROCEDIMIENTO2_75,122.87910283794989,4.7725932113266956e-21
DIAGNOSTICO9_NA,120.42458725827711,1.4893185478670917e-20
DIAGNOSTICO2_Q,120.39347605856013,1.5109395358769403e-20
DIAGNOSTICO12_E,117.29758479594445,6.331279920141269e-20
ESPECIALIDAD_MEDICA_ENFERMEDADES RESPIRATORIAS PEDIÁTRICAS (BRONCOPULMONAR PEDIATRICO),115.0353313157569,1.8003490493788772e-19
ESPECIALIDAD_MEDICA_OTORRINOLARINGOLOGÍA,113.979869324878,2.9299601963790355e-19
PROCEDIMIENTO3_12,110.24961916195332,1.6332666630168685e-18
DIAGNOSTICO6_P,108.39539940413826,3.8298489422537326e-18
DIAGNOSTICO13_I,108.20762127823703,4.174784731677801e-18
DIAGNOSTICO12_I,107.51443444398726,5.739069033035978e-18
DIAGNOSTICO5_M,106.7554394167801,8.129804847426491e-18
ESPECIALIDAD_MEDICA_MEDICINA INTENSIVA ADULTO,106.14308797169936,1.076537795499789e-17
ESPECIALIDAD_MEDICA_UROLOGÍA,105.11580507349447,1.723737194644706e-17
PROCEDIMIENTO2_93,104.58075713807617,2.2023248969356748e-17
ESPECIALIDAD_MEDICA_ONCOLOGÍA MÉDICA,101.53086344824793,8.881624329606463e-17
DIAGNOSTICO15_Z,101.04866190533095,1.1068531799089706e-16
DIAGNOSTICO4_Q,100.96685990118179,1.148955595936497e-16
DIAGNOSTICO11_E,100.57298681377492,1.3751560998606356e-16
DIAGNOSTICO8_N,99.60387147021571,2.1392743501641817e-16
DIAGNOSTICO3_C,99.06690822410873,2.7322826737597965e-16
ESPECIALIDAD_MEDICA_HEMATOLOGÍA ONCOLÓGICA PEDIÁTRICA,97.26086988838038,6.216048353324703e-16
DIAGNOSTICO3_Z,93.60416126778816,3.2682590995770106e-15
PROCEDIMIENTO10_93,92.13212955282964,6.363390924814081e-15
PROCEDIMIENTO4_90,91.27623231717499,9.369647974122141e-15
PROCEDIMIENTO13_93,90.96909598748093,1.076421313951409e-14
DIAGNOSTICO8_Z,89.95331663307964,1.702638873493928e-14
DIAGNOSTICO2_E,89.36405829327632,2.2209375428776412e-14
DIAGNOSTICO14_I,88.30311575112508,3.5820446282904454e-14
DIAGNOSTICO2_Z,88.26071500913335,3.651085579438777e-14
DIAGNOSTICO9_N,87.05337505086635,6.28525852876806e-14
DIAGNOSTICO10_NA,85.56678193971602,1.2254499820842962e-13
DIAGNOSTICO7_N,85.5000813243638,1.2626794653291457e-13
DIAGNOSTICO1_E,85.45075220060166,1.2909363998870037e-13
PROCEDIMIENTO1_74,82.64868758714962,4.5273878308591606e-13
DIAGNOSTICO4_O,79.17144674954157,2.1336421493229913e-12
PROCEDIMIENTO1_84,78.97027742712366,2.3332776793353612e-12
DIAGNOSTICO7_P,77.64745193684726,4.198523677351571e-12
DIAGNOSTICO15_I,77.47468357016713,4.532928650803424e-12
DIAGNOSTICO1_U,77.18179501309791,5.161551536807548e-12
PROCEDIMIENTO2_NA,73.95592891597698,2.148734723521542e-11
ESPECIALIDAD_MEDICA_MEDICINA GENERAL,73.78712976897313,2.3147299519496796e-11
DIAGNOSTICO3_M,72.92733455169332,3.380358045422085e-11
PROCEDIMIENTO1_64,72.79736963411854,3.5793192711606324e-11
DIAGNOSTICO2_C,72.57926121405991,3.9397640443187664e-11
DIAGNOSTICO2_J,72.21193342906167,4.6303192404993546e-11
DIAGNOSTICO13_E,71.26308412234015,7.0237892947575e-11
DIAGNOSTICO13_N,70.75471749236856,8.777924096795586e-11
DIAGNOSTICO4_M,70.4020293100924,1.0244885719943337e-10
DIAGNOSTICO7_Z,70.12777200044619,1.1552222670086002e-10
PROCEDIMIENTO18_93,69.84881572266455,1.3052355812534586e-10
PROCEDIMIENTO4_03,68.97083571380593,1.9159388626626446e-10
PROCEDIMIENTO2_90,68.52615730394251,2.32645896827392e-10
PROCEDIMIENTO3_90,68.27918126078676,2.59113701824698e-10
ESPECIALIDAD_MEDICA_REUMATOLOGÍA,66.87663898713926,4.772808929562182e-10
PROCEDIMIENTO12_99,66.58340494106912,5.421723798238808e-10
PROCEDIMIENTO1_00,66.5141632338218,5.587341923714486e-10
DIAGNOSTICO4_C,65.7266016892721,7.865027164513839e-10
DIAGNOSTICO5_Q,65.15737554496866,1.0066197600561184e-09
DIAGNOSTICO15_E,65.12754020793054,1.0197144679974986e-09
PROCEDIMIENTO1_38,64.85609674998175,1.1469105170798334e-09
PROCEDIMIENTO11_NA,64.44548759293335,1.3699130454613675e-09
PROCEDIMIENTO1_60,64.27097604062438,1.4772896741674635e-09
PROCEDIMIENTO2_94,64.26036935820852,1.4840793719343447e-09
DIAGNOSTICO10_N,64.14801297751175,1.5579361240598136e-09
DIAGNOSTICO16_Z,64.13724381241211,1.565204314186459e-09
PROCEDIMIENTO10_NA,63.6675022411127,1.9173090703774823e-09
PROCEDIMIENTO3_00,63.60137991665482,1.972824359310566e-09
PROCEDIMIENTO8_93,63.506400444924026,2.0553759824914505e-09
PROCEDIMIENTO9_NA,63.27486670687012,2.271290435303002e-09
PROCEDIMIENTO14_93,62.993882220714845,2.5638153063512136e-09
PROCEDIMIENTO3_NA,62.482405004533774,3.1957101001251888e-09
PROCEDIMIENTO2_73,61.430680726879054,5.022573721673138e-09
PROCEDIMIENTO1_62,61.25051786346644,5.42638078163226e-09
PROCEDIMIENTO14_89,61.10375973300427,5.779039935096829e-09
DIAGNOSTICO11_NA,60.209157579629036,8.478501484805962e-09
ESPECIALIDAD_MEDICA_ENFERNEDADES RESPIRATORIAS PEDIÁTRICA,60.132577670329674,8.760932574626503e-09
PROCEDIMIENTO12_NA,59.84543618843828,9.905699179635776e-09
PROCEDIMIENTO12_89,59.511134332264746,1.142686842936267e-08
DIAGNOSTICO16_E,58.70868981991516,1.6092245567401525e-08
PROCEDIMIENTO11_99,58.33202757759709,1.8892731773173374e-08
PROCEDIMIENTO9_93,57.96503576523888,2.2085723172750194e-08
PROCEDIMIENTO1_37,57.785332682833555,2.3839265875489864e-08
PROCEDIMIENTO13_99,57.5151587629499,2.6739068657109864e-08
DIAGNOSTICO8_H,57.2395287967465,3.005837387561398e-08
DIAGNOSTICO6_M,56.78869353992939,3.639133209715453e-08
PROCEDIMIENTO12_93,56.78374780235996,3.646768606422875e-08
DIAGNOSTICO6_Q,56.5539390784081,4.0196571500057e-08
DIAGNOSTICO3_K,56.47474000710491,4.156745103376803e-08
PROCEDIMIENTO1_94,56.30567080802175,4.465115280254963e-08
DIAGNOSTICO1_N,55.72202447630446,5.7147442330648844e-08
PROCEDIMIENTO17_93,55.678381420443905,5.8210629005387376e-08
ESPECIALIDAD_MEDICA_MEDICINA INTENSIVA PEDIÁTRICA,55.49875860222521,6.27970253755346e-08
DIAGNOSTICO9_K,55.40735805364942,6.526669866769635e-08
ESPECIALIDAD_MEDICA_CUIDADOS INTENSIVOS PEDIÁTRICO,55.01908208148978,7.687818651063551e-08
DIAGNOSTICO8_P,54.86436999281437,8.205656386497602e-08
DIAGNOSTICO5_O,54.41809490922029,9.901372793248992e-08
PROCEDIMIENTO3_75,54.38952999243161,1.0021049052173689e-07
PROCEDIMIENTO15_89,53.833877199881364,1.265645051859193e-07
DIAGNOSTICO11_M,53.77637468026102,1.296565601133748e-07
PROCEDIMIENTO8_NA,53.264522709482364,1.6069901664701457e-07
DIAGNOSTICO5_J,52.70133652370643,2.034183302886179e-07
DIAGNOSTICO5_D,52.699893829314725,2.035410826927798e-07
DIAGNOSTICO14_E,52.45261092386857,2.2570393943275973e-07
DIAGNOSTICO8_D,52.06137984086144,2.6575084772501235e-07
PROCEDIMIENTO11_93,51.692986080883166,3.0986849298169556e-07
DIAGNOSTICO11_N,51.67085624740039,3.1273858111633216e-07
DIAGNOSTICO9_P,51.11630533186138,3.9392288597088156e-07
DIAGNOSTICO6_J,50.87525103615295,4.354260343738725e-07
PROCEDIMIENTO1_51,50.791488816587325,4.5083919620432004e-07
DIAGNOSTICO4_K,49.56033365033373,7.507675910954747e-07
PROCEDIMIENTO16_93,49.36331645508999,8.144200776639742e-07
DIAGNOSTICO7_M,49.225492009947125,8.62096835857299e-07
DIAGNOSTICO16_I,49.17249156956825,8.81157749503816e-07
PROCEDIMIENTO18_89,48.838267678476086,1.0113432484656955e-06
PROCEDIMIENTO9_89,48.43303096998795,1.1949437354384276e-06
DIAGNOSTICO8_K,48.16811035655037,1.3324274518318487e-06
DIAGNOSTICO2_X,48.137281305170575,1.349410236836331e-06
PROCEDIMIENTO17_89,47.545238218488464,1.7204136844562985e-06
PROCEDIMIENTO1_53,47.14476036498634,2.0269093216419585e-06
PROCEDIMIENTO4_NA,47.12016061450897,2.0474052445571995e-06
PROCEDIMIENTO23_93,47.060310234245065,2.0981311516296164e-06
PROCEDIMIENTO15_93,47.021044220156085,2.1320840889985017e-06
PROCEDIMIENTO16_99,46.99538018422642,2.154568595473375e-06
DIAGNOSTICO6_K,46.86109574999091,2.2760957328852107e-06
DIAGNOSTICO7_K,46.738027961823754,2.3934122319657826e-06
PROCEDIMIENTO11_89,46.736189235180014,2.3952096104531316e-06
PROCEDIMIENTO13_NA,46.645656861702726,2.485376475531762e-06
PROCEDIMIENTO1_87,46.597163177417194,2.5350464619636695e-06
DIAGNOSTICO5_H,46.44748157634925,2.6946321931611135e-06
DIAGNOSTICO5_C,46.23494147582454,2.9384341056694945e-06
DIAGNOSTICO6_F,46.169141199052845,3.0182423851868085e-06
PROCEDIMIENTO2_36,46.13990922229959,3.0543813245502973e-06
PROCEDIMIENTO5_03,45.8795673506749,3.3956954461165214e-06
PROCEDIMIENTO22_93,45.69559685462682,3.659353794396384e-06
PROCEDIMIENTO11_91,45.65672181659364,3.717604952350789e-06
PROCEDIMIENTO19_93,45.43667218045288,4.065024657608424e-06
PROCEDIMIENTO21_93,45.14317298298623,4.57878112345821e-06
DIAGNOSTICO2_F,45.040147040322594,4.773926666658795e-06
PROCEDIMIENTO4_75,44.88821957195214,5.076779942655244e-06
PROCEDIMIENTO1_69,44.83724124296313,5.182592884562962e-06
PROCEDIMIENTO5_NA,44.81908445914182,5.220803626786181e-06
PROCEDIMIENTO1_88,43.880864711581154,7.624163339459279e-06
PROCEDIMIENTO7_89,43.813102277357174,7.835005489380853e-06
PROCEDIMIENTO4_14,43.672314773127454,8.291636223913684e-06
PROCEDIMIENTO17_99,43.41024371223363,9.212672139627882e-06
PROCEDIMIENTO16_89,43.22035750072802,9.942399233532187e-06
PROCEDIMIENTO1_54,43.015932305091965,1.0791801300616799e-05
DIAGNOSTICO12_N,42.99072918584734,1.090135804591733e-05
DIAGNOSTICO7_D,42.74056465671641,1.2050075370885292e-05
PROCEDIMIENTO10_99,42.352726351479916,1.4071010726823885e-05
DIAGNOSTICO13_D,42.352613525806824,1.4071644719641892e-05
PROCEDIMIENTO13_89,42.191795736696875,1.500455114386227e-05
PROCEDIMIENTO15_90,42.16229015293596,1.5182214938691536e-05
ESPECIALIDAD_MEDICA_CIRUGÍA CARDIOVASCULAR,42.07787385004934,1.5702050554799496e-05
PROCEDIMIENTO2_03,41.87101157697603,1.7051245900701677e-05
PROCEDIMIENTO3_03,41.854241404759925,1.716550264290725e-05
DIAGNOSTICO19_Z,41.71498703626362,1.814386622573751e-05
PROCEDIMIENTO5_90,41.58810793231501,1.908301387792774e-05
ESPECIALIDAD_MEDICA_ENFERMEDADES RESPIRATORIAS,41.51229662456515,1.9666855813911797e-05
DIAGNOSTICO6_Z,41.427731081027424,2.0338897044025223e-05
ESPECIALIDAD_MEDICA_NEUROLOGÍA PEDIÁTRICA,41.3550536565055,2.0934505257579993e-05
DIAGNOSTICO5_K,41.16443482496981,2.25795305243219e-05
DIAGNOSTICO11_D,40.90947505474102,2.4980311369074267e-05
DIAGNOSTICO8_G,40.640456050597265,2.7786109473933673e-05
DIAGNOSTICO17_Z,40.41775487550166,3.034176452482613e-05
DIAGNOSTICO9_J,40.07550006495694,3.472686860789735e-05
DIAGNOSTICO10_M,40.019708517026196,3.5498522640255304e-05
PROCEDIMIENTO2_39,39.72112290039804,3.9924019150371826e-05
DIAGNOSTICO18_Z,39.666853042510745,4.0784747460970046e-05
ESPECIALIDAD_MEDICA_INMUNOLOGÍA,39.6411208985321,4.119921735534488e-05
PROCEDIMIENTO3_13,39.31944916168893,4.6743444507489644e-05
ESPECIALIDAD_MEDICA_CIRUGÍA PLÁSTICA Y REPARADORA,39.12848405032803,5.0375345292252606e-05
DIAGNOSTICO8_F,39.03835693541089,5.2184454071254196e-05
ESPECIALIDAD_MEDICA_PSIQUIATRÍA PEDIÁTRICA Y DE LA ADOLESCENCIA,38.75996164045657,5.8185527689909583e-05
DIAGNOSTICO30_Z,38.453863886783914,6.55678121635146e-05
PROCEDIMIENTO15_99,38.39212648912908,6.716460860854791e-05
ESPECIALIDAD_MEDICA_NEFROLOGÍA PEDIÁTRICO,38.31384046229577,6.924444923058261e-05
ESPECIALIDAD_MEDICA_CARDIOLOGÍA PEDIÁTRICA,38.29390647274534,6.978406569959004e-05
DIAGNOSTICO14_L,38.28516433620719,7.002201777967498e-05
PROCEDIMIENTO7_88,38.223472543799815,7.172401132454706e-05
PROCEDIMIENTO19_89,37.83007520939913,8.357357746193302e-05
PROCEDIMIENTO14_99,37.82975831206651,8.35838574835249e-05
PROCEDIMIENTO20_93,37.79683016885328,8.465882683816522e-05
PROCEDIMIENTO6_NA,37.49790379448716,9.505935184569052e-05
PROCEDIMIENTO7_NA,37.38468199861079,9.931775065190352e-05
PROCEDIMIENTO6_90,37.30363222957467,0.00010248052398853124
DIAGNOSTICO12_NA,37.23537608708877,0.00010522054010868491
PROCEDIMIENTO18_99,37.228908292307416,0.0001054838752112282
PROCEDIMIENTO4_36,37.10985585314102,0.00011044817290440322
PROCEDIMIENTO14_NA,37.092189773401095,0.00011120408442845433
PROCEDIMIENTO3_39,37.072112802743504,0.00011206931681884079
DIAGNOSTICO9_R,37.027808890077644,0.00011400205678702124
DIAGNOSTICO9_M,37.00096167256018,0.00011518912358995522
DIAGNOSTICO7_J,36.84802266589388,0.00012218624539701555
ESPECIALIDAD_MEDICA_ANESTESIOLOGÍA,36.65689331197696,0.00013151860742382094
PROCEDIMIENTO18_66,36.47597286768137,0.00014099449062440446
DIAGNOSTICO11_H,36.41858361886948,0.00014413777804631598
DIAGNOSTICO2_B,36.34812659317883,0.00014809082665284663
DIAGNOSTICO6_H,36.24063050087112,0.0001543274965945194
ESPECIALIDAD_MEDICA_PSIQUIATRÍA ADULTO,36.23933232601479,0.0001544043645494618
PROCEDIMIENTO24_93,36.20599701683195,0.000156391125435933
DIAGNOSTICO12_D,36.15966351742385,0.0001591942238915817
PROCEDIMIENTO8_87,36.05239944111258,0.0001658737393242789
DIAGNOSTICO9_F,36.05080155512197,0.000165975289094946
DIAGNOSTICO7_F,36.023691252198255,0.00016770752893053065
DIAGNOSTICO31_Z,35.9954016251361,0.00016953400185893298
DIAGNOSTICO7_Q,35.80618325455101,0.00018226142143489812
ESPECIALIDAD_MEDICA_CIRUGÍA Y TRAUMATOLOGÍA BUCO MAXILOFACIAL,35.77325164886751,0.00018457012226368426
PROCEDIMIENTO10_65,35.35590186576544,0.00021642943805931123
DIAGNOSTICO17_N,35.326609659141916,0.00021885741838145801
PROCEDIMIENTO6_03,35.261587075049256,0.00022434266492394277
PROCEDIMIENTO1_45,35.24297981021164,0.00022593695813075818
PROCEDIMIENTO19_20,35.146043212640144,0.00023442358535248202
PROCEDIMIENTO5_75,34.954490932430716,0.000252120478999934
PROCEDIMIENTO22_89,34.890592069418624,0.0002583095298137116
DIAGNOSTICO1_F,34.8469847133052,0.00026261823999531724
PROCEDIMIENTO2_40,34.629367516010134,0.0002851927500830663
DIAGNOSTICO10_K,34.55830304615951,0.0002929674075376186
DIAGNOSTICO4_G,34.55398769847839,0.0002934461327319004
DIAGNOSTICO12_J,34.3900825654461,0.0003122059742063227
PROCEDIMIENTO2_37,34.30188477293099,0.00032278049813499516
PROCEDIMIENTO3_45,34.29600227070996,0.00032349809879663653
DIAGNOSTICO10_R,34.28835334080012,0.00032443351541848583
PROCEDIMIENTO7_48,34.18354669865303,0.0003375199681066476
PROCEDIMIENTO1_14,34.130745542802664,0.0003443067734677986
DIAGNOSTICO10_D,34.02434765693725,0.00035838994323934
PROCEDIMIENTO3_68,33.96338396275936,0.0003667111572394628
PROCEDIMIENTO5_36,33.933562758766215,0.00037085000390469914
PROCEDIMIENTO2_62,33.92785404898599,0.00037164749300710033
DIAGNOSTICO13_M,33.70630844705908,0.00040392382133491944
PROCEDIMIENTO1_11,33.70427824681432,0.00040423188975963333
DIAGNOSTICO8_J,33.586288867106056,0.00042253531365572756
PROCEDIMIENTO10_89,33.5745236591384,0.0004244041547626574
PROCEDIMIENTO29_88,33.348289313826875,0.00046194928096063585
PROCEDIMIENTO13_90,33.31191560144927,0.0004682805986786868
PROCEDIMIENTO3_93,33.297856677742246,0.0004707503455697938
PROCEDIMIENTO2_99,33.01585744747108,0.0005230587301277381
DIAGNOSTICO4_R,32.94593013667738,0.000536881886364261
PROCEDIMIENTO3_14,32.89834442845266,0.0005464914762420621
DIAGNOSTICO19_I,32.73812279794514,0.0005800952583510137
PROCEDIMIENTO4_94,32.721894383549305,0.0005836090938624947
PROCEDIMIENTO6_75,32.55031419961208,0.0006220519274643235
PROCEDIMIENTO18_08,32.46972182749119,0.0006409494030375065
PROCEDIMIENTO1_36,32.44298974351085,0.0006473401775828261
DIAGNOSTICO5_G,32.424080172303796,0.0006518982624672434
PROCEDIMIENTO7_75,32.41487323616799,0.0006541288571577941
PROCEDIMIENTO29_97,32.403238389129655,0.0006569582998170357
PROCEDIMIENTO26_93,32.36967909493411,0.0006651863904970381
PROCEDIMIENTO4_73,32.22959960704346,0.0007006276724247235
ESPECIALIDAD_MEDICA_NEURORRADIOLOGIA,32.17136378848313,0.000715896688068706
DIAGNOSTICO7_G,32.15082746374968,0.000721358006689223
DIAGNOSTICO3_R,32.097247744940454,0.0007357982536785778
DIAGNOSTICO3_F,32.08030874413741,0.0007404217056749495
DIAGNOSTICO24_Z,32.019494900024,0.0007572547042482442
PROCEDIMIENTO20_90,32.00118430497583,0.0007623955054924104
DIAGNOSTICO9_Q,31.912490690682613,0.0007877810410359614
PROCEDIMIENTO13_88,31.89732127767483,0.0007922043151653522
DIAGNOSTICO7_R,31.782840272041906,0.0008263738589654784
DIAGNOSTICO12_T,31.765759243833816,0.0008315934123487377
PROCEDIMIENTO5_88,31.762804213064836,0.0008324996452444961
PROCEDIMIENTO4_00,31.759224638280784,0.0008335986959174248
PROCEDIMIENTO12_57,31.72833375161257,0.0008431420389351223
PROCEDIMIENTO4_87,31.68835671590059,0.0008556502108819234
PROCEDIMIENTO1_23,31.629933052791326,0.0008742550115981312
ESPECIALIDAD_MEDICA_TRAUMATOLOGÍA Y ORTOPEDIA,31.608117694807454,0.0008813023592921342
PROCEDIMIENTO1_58,31.60648139014502,0.0008818331799388485
PROCEDIMIENTO2_57,31.210136989894096,0.001019990055717
DIAGNOSTICO12_H,31.151904739552545,0.0010419829883080891
PROCEDIMIENTO13_91,31.13885911614721,0.001046972765914292
ESPECIALIDAD_MEDICA_MEDICINA FAMILIAR,31.077979894587283,0.0010705666151371392
DIAGNOSTICO14_D,31.043906331431597,0.0010839963096434596
DIAGNOSTICO7_B,31.027798698085007,0.0010904017261634358
PROCEDIMIENTO9_99,30.91654689774835,0.0011356563641374206
DIAGNOSTICO6_D,30.843415004936148,0.0011663918939796736
DIAGNOSTICO9_G,30.750152633409964,0.0012067602607742985
PROCEDIMIENTO3_99,30.714756879829793,0.001222433256589936
PROCEDIMIENTO1_79,30.62542153233907,0.001262873275189394
PROCEDIMIENTO25_93,30.614208073704177,0.0012680400713806473
DIAGNOSTICO18_N,30.58104394207071,0.0012834412514135761
DIAGNOSTICO8_M,30.570615797849,0.0012883213721306766
PROCEDIMIENTO9_95,30.554544433672646,0.0012958776283790209
DIAGNOSTICO5_F,30.499189347783346,0.0013222341163758972
DIAGNOSTICO20_Z,30.393157158747222,0.0013741780611652757
PROCEDIMIENTO12_91,30.285002523189085,0.0014291969582903386
DIAGNOSTICO3_X,30.269093992504533,0.0014374676584329896
PROCEDIMIENTO20_99,30.267116013542562,0.001438499226731288
PROCEDIMIENTO6_87,30.193296617546963,0.001477514937492713
PROCEDIMIENTO1_34,30.102534014794188,0.0015268918530326602
DIAGNOSTICO6_C,30.043488241378128,0.0015598679481644384
DIAGNOSTICO2_Y,30.034098206076067,0.0015651752741810431
DIAGNOSTICO11_K,30.007926640904053,0.0015800600876450252
PROCEDIMIENTO7_12,29.892748657777027,0.001647210773628121
PROCEDIMIENTO2_14,29.849648018287752,0.0016730425638992088
PROCEDIMIENTO1_96,29.83263168662027,0.0016833486309086958
ESPECIALIDAD_MEDICA_MATRONAS(ES)  ,29.77581304718266,0.0017182081450001845
DIAGNOSTICO10_H,29.720302646435478,0.0017529388988774487
PROCEDIMIENTO1_75,29.6934895625278,0.0017699571042443156
PROCEDIMIENTO8_75,29.622578288407055,0.001815738021253044
PROCEDIMIENTO11_60,29.607021212408714,0.0018259338911060887
PROCEDIMIENTO4_88,29.56583088665791,0.0018531974493833695
DIAGNOSTICO7_H,29.562771896963902,0.0018552377967294208
DIAGNOSTICO1_S,29.511587144791843,0.0018897019736025583
DIAGNOSTICO31_G,29.43698054901748,0.0019410474716623294
PROCEDIMIENTO6_91,29.43156453393729,0.001944826907635071
DIAGNOSTICO13_K,29.315062055905152,0.0020278685552280492
PROCEDIMIENTO1_90,29.29902613054785,0.0020395636334800894
DIAGNOSTICO1_K,29.202993629968585,0.0021109759980803026
PROCEDIMIENTO4_33,29.20001226703593,0.002113231227592116
PROCEDIMIENTO3_94,29.031335513847388,0.00224468551292254
PROCEDIMIENTO5_94,29.010909850773306,0.0022611297034619377
PROCEDIMIENTO12_38,28.96591317499334,0.002297766639583918
PROCEDIMIENTO19_18,28.94419679451374,0.0023156527595058563
PROCEDIMIENTO2_00,28.902072795354165,0.0023507309107009843
PROCEDIMIENTO1_66,28.8513333664139,0.0023936644735860512
ESPECIALIDAD_MEDICA_MEDICINA DE URGENCIA,28.835893516651467,0.002406878471569055
ESPECIALIDAD_MEDICA_GERIATRÍA,28.790591418520297,0.00244605710291777
DIAGNOSTICO26_Z,28.7737300077291,0.0024607958725539423
PROCEDIMIENTO2_51,28.701665644003338,0.002524759262524769
PROCEDIMIENTO6_88,28.698661554198267,0.00252746016885187
PROCEDIMIENTO21_89,28.674588666207626,0.0025492043819388324
PROCEDIMIENTO28_89,28.634546904953197,0.0025857728466156514
PROCEDIMIENTO5_18,28.494868468504464,0.0027173358095084754
PROCEDIMIENTO27_89,28.49425488309526,0.0027179277345932766
DIAGNOSTICO3_H,28.43057226006789,0.002780042600960904
DIAGNOSTICO6_R,28.382487656682837,0.002827847364178682
PROCEDIMIENTO23_99,28.378991821230336,0.0028313535637605153
DIAGNOSTICO14_N,28.247325808457244,0.002966501623248767
DIAGNOSTICO10_J,28.19417737710168,0.0030227972415455486
PROCEDIMIENTO15_57,28.13515626194057,0.003086518404900583
DIAGNOSTICO9_B,28.12203652306696,0.0031008575404256394
DIAGNOSTICO26_F,28.082395593788455,0.0031445734061207116
DIAGNOSTICO29_Z,27.99650086427045,0.003241341717397949
PROCEDIMIENTO2_28,27.889839716723298,0.0033654969967512266
PROCEDIMIENTO13_01,27.75476914060633,0.0035292944565726092
DIAGNOSTICO15_N,27.724656161000407,0.003566842776332184
PROCEDIMIENTO19_99,27.643769094046384,0.0036696123452033026
DIAGNOSTICO34_K,27.61078354704089,0.003712333065113169
DIAGNOSTICO4_L,27.54739241187007,0.003795778252567056
PROCEDIMIENTO21_99,27.393136473809033,0.004006426035855998
PROCEDIMIENTO25_99,27.346988407227258,0.004071595384386426
PROCEDIMIENTO8_77,27.309945132966895,0.004124642015645477
PROCEDIMIENTO28_98,27.191299806126043,0.0042990443736094786
DIAGNOSTICO11_U,27.160051365213594,0.0043461417893147815
PROCEDIMIENTO7_90,27.15824997049257,0.004348871869135092
DIAGNOSTICO1_M,27.151105102867305,0.004359716384796615
DIAGNOSTICO15_P,27.126459497343983,0.004397322962986896
DIAGNOSTICO3_L,27.035076889669817,0.004539496258326082
PROCEDIMIENTO15_NA,26.973266935039568,0.004638147237827637
PROCEDIMIENTO2_33,26.867282254104218,0.00481210224753574
PROCEDIMIENTO20_89,26.83861639806966,0.004860215512693938
PROCEDIMIENTO3_73,26.76258363029096,0.004990072079706939
PROCEDIMIENTO11_95,26.57898487309586,0.005317476770883743
DIAGNOSTICO17_E,26.54725538573365,0.005376102847198791
DIAGNOSTICO5_Y,26.534850559333194,0.005399190749665717
DIAGNOSTICO4_J,26.425418812366196,0.005607015119720969
PROCEDIMIENTO9_80,26.40301951671653,0.005650487030545858
PROCEDIMIENTO5_44,26.396907678726848,0.005662404550276995
PROCEDIMIENTO13_49,26.347025234577423,0.005760573046181122
PROCEDIMIENTO15_01,26.34108645282703,0.005772368333333561
PROCEDIMIENTO1_67,26.31892558903929,0.005816587137916295
DIAGNOSTICO10_P,26.246107987714865,0.005964174661089516
PROCEDIMIENTO2_34,26.19505874193851,0.006069767776649646
DIAGNOSTICO21_Z,26.18916059336951,0.006082082278319646
PROCEDIMIENTO8_22,26.18347603574685,0.006093973410571057
PROCEDIMIENTO1_03,26.161425710662204,0.006140309397404254
PROCEDIMIENTO10_57,26.1451802052159,0.006174662331759727
DIAGNOSTICO20_G,26.089086130512236,0.0062946957962814465
DIAGNOSTICO11_P,26.064236685872856,0.006348579189415652
DIAGNOSTICO25_R,26.011601124621283,0.006464171385318135
PROCEDIMIENTO7_03,26.005901551924122,0.0064768079720147545
ESPECIALIDAD_MEDICA_GASTROENTEROLOGÍA PEDIÁTRICA,25.99263963396878,0.006506302420199742
PROCEDIMIENTO19_33,25.835525990021296,0.006865618326818479
DIAGNOSTICO7_T,25.745355561084114,0.0070803016803473815
PROCEDIMIENTO10_55,25.734359623740403,0.007106915015348606
DIAGNOSTICO18_R,25.613602820211216,0.007405522843271732
PROCEDIMIENTO24_87,25.57417319792712,0.007505586107158682
PROCEDIMIENTO5_95,25.53649807142711,0.007602398737789687
PROCEDIMIENTO3_95,25.529225159429043,0.0076212241260385635
PROCEDIMIENTO2_47,25.50735482077532,0.007678101613716444
DIAGNOSTICO18_K,25.461653478684465,0.007798262738663447
PROCEDIMIENTO1_12,25.46038725833054,0.00780161732014433
PROCEDIMIENTO12_51,25.405525642456574,0.007948287440932048
DIAGNOSTICO9_D,25.38602066959932,0.008001062494214005
PROCEDIMIENTO4_06,25.30531822296479,0.008222984897253068
PROCEDIMIENTO3_19,25.296152204466356,0.008248557411244459
PROCEDIMIENTO17_78,25.29001467191408,0.008265722926461529
DIAGNOSTICO12_K,25.267764182276622,0.00832823854868479
DIAGNOSTICO18_I,25.116327067144347,0.008765813803124606
PROCEDIMIENTO4_18,25.107481082395857,0.008792038005702465
PROCEDIMIENTO23_88,25.105269760539457,0.008798605174134855
PROCEDIMIENTO4_46,25.0873033218916,0.008852134777326501
PROCEDIMIENTO26_00,25.081321146354075,0.008870026747678915
PROCEDIMIENTO1_10,25.07154297208658,0.008899346075482727
DIAGNOSTICO13_NA,24.969990644289663,0.009209336455177164
PROCEDIMIENTO7_76,24.915749733574795,0.009379080192095676
PROCEDIMIENTO9_83,24.893831748811053,0.009448510028478744
DIAGNOSTICO25_Z,24.863107651845105,0.009546656440720598
DIAGNOSTICO21_Q,24.82465510181248,0.009670854023773826
DIAGNOSTICO28_I,24.82113068956404,0.009682313850366005
PROCEDIMIENTO8_57,24.803369845322685,0.00974026050946898
PROCEDIMIENTO11_57,24.659923731701564,0.01022047113222381
PROCEDIMIENTO7_47,24.606972711869012,0.010403338175832142
PROCEDIMIENTO3_87,24.59482255195533,0.010445733967217251
PROCEDIMIENTO13_81,24.581780011498523,0.01049142566755101
PROCEDIMIENTO15_98,24.579374366553843,0.010499873973304468
DIAGNOSTICO27_R,24.559418740910317,0.010570204327814072
DIAGNOSTICO6_G,24.4658913262152,0.010905812889208902
PROCEDIMIENTO15_96,24.46487674275013,0.010909508273132943
DIAGNOSTICO14_M,24.43301615761279,0.011026157833487238
PROCEDIMIENTO1_42,24.431052491242763,0.01103338578875423
PROCEDIMIENTO5_89,24.413009148321024,0.01110001078226767
DIAGNOSTICO1_D,24.35517141714397,0.011316151531553274
PROCEDIMIENTO25_41,24.33707863387113,0.011384578077833813
DIAGNOSTICO27_C,24.309376177778827,0.011490106995369986
PROCEDIMIENTO10_25,24.24919710248052,0.011722547227359497
DIAGNOSTICO16_N,24.240121908116706,0.011757983318532027
DIAGNOSTICO1_A,24.23962438627954,0.011759928926663155
PROCEDIMIENTO11_90,24.220424240188166,0.011835245888874262
PROCEDIMIENTO13_27,24.212579963401687,0.011866147847597817
PROCEDIMIENTO26_81,24.20175832318549,0.01190890409405328
DIAGNOSTICO11_R,24.091593351273602,0.012352528816433195
PROCEDIMIENTO12_73,24.07557449658239,0.012418320554152292
DIAGNOSTICO33_S,24.038288096358535,0.012572744893194996
DIAGNOSTICO16_K,23.97994818028921,0.012818006049263074
PROCEDIMIENTO2_79,23.959489813846353,0.012905077300497681
PROCEDIMIENTO10_90,23.951984419396688,0.012937160123424532
PROCEDIMIENTO15_46,23.931281099928793,0.013026049810976124
DIAGNOSTICO8_Y,23.923534948543818,0.013059455785751186
DIAGNOSTICO20_N,23.918920203285552,0.013079395688606613
DIAGNOSTICO18_G,23.81032184569221,0.013557012224976784
PROCEDIMIENTO25_34,23.77342562679021,0.01372299058685948
PROCEDIMIENTO22_99,23.710339054158297,0.0140112314039152
PROCEDIMIENTO1_92,23.672385352685904,0.014187378667439023
PROCEDIMIENTO14_87,23.605973702715918,0.014500629849886473
PROCEDIMIENTO6_96,23.569046397965568,0.014677614149412337
DIAGNOSTICO18_C,23.539350881776603,0.014821410803936034
PROCEDIMIENTO1_61,23.50752689805967,0.01497698522643429
PROCEDIMIENTO1_40,23.49035797087332,0.015061553758756938
PROCEDIMIENTO10_44,23.48249684206666,0.015100424844852911
PROCEDIMIENTO24_89,23.48094047448021,0.015108131829264966
PROCEDIMIENTO1_57,23.464576971197456,0.015189386582923434
DIAGNOSTICO20_F,23.418282466324023,0.015421498644478665
DIAGNOSTICO14_P,23.390616902213118,0.015561796251226926
PROCEDIMIENTO18_24,23.38157808487206,0.015607893324129615
PROCEDIMIENTO22_67,23.38157808487206,0.015607893324129615
PROCEDIMIENTO24_40,23.38157808487206,0.015607893324129615
ESPECIALIDAD_MEDICA_HEMATOLOGÍA,23.368611349370983,0.015674246551916238
PROCEDIMIENTO14_90,23.347394378475414,0.015783389868636134
PROCEDIMIENTO17_85,23.28869877546108,0.0160890610197046
PROCEDIMIENTO1_46,23.238072520008068,0.016357166794900083
PROCEDIMIENTO3_41,23.201319571089634,0.01655442450653682
DIAGNOSTICO28_Y,23.192137562847826,0.016604052965662593
DIAGNOSTICO20_T,23.15704038794972,0.01679504200315371
DIAGNOSTICO3_V,23.116684888197206,0.017017192715815158
DIAGNOSTICO9_C,23.08097904350243,0.01721604335006653
PROCEDIMIENTO2_42,23.07686338364738,0.017239103570945043
DIAGNOSTICO17_I,23.021931401889226,0.01754967619718848
ESPECIALIDAD_MEDICA_CIRUGÍA Y TRAUMATOLOGÍA BUCOMAXILOFACIAL,23.012709512548547,0.017602326042671566
PROCEDIMIENTO20_55,23.011565621449964,0.01760886708690164
PROCEDIMIENTO8_49,23.00788948542446,0.017629903546059856
PROCEDIMIENTO4_51,23.002530067925083,0.01766061468696625
DIAGNOSTICO8_C,22.997576238948845,0.017689046267186107
ESPECIALIDAD_MEDICA_NEFROLOGÍA ADULTO,22.955348717009883,0.01793315053287662
PROCEDIMIENTO15_91,22.91358106324463,0.018177698444944775
PROCEDIMIENTO16_97,22.900253970804762,0.018256383079586037
DIAGNOSTICO18_E,22.89717961837161,0.018274579623374303
PROCEDIMIENTO16_90,22.87841724134568,0.018385999444613797
PROCEDIMIENTO14_38,22.86943510676006,0.018439564455385943
PROCEDIMIENTO2_20,22.867441983829316,0.018451470248132644
PROCEDIMIENTO5_46,22.860811174815282,0.018491130786966993
PROCEDIMIENTO25_89,22.855417080576853,0.01852345308273533
PROCEDIMIENTO8_83,22.852554439713956,0.01854062797294186
PROCEDIMIENTO5_00,22.80477853607799,0.01882947712871304
PROCEDIMIENTO2_10,22.7731762079187,0.019022850665344523
DIAGNOSTICO13_P,22.718401916815843,0.019362420186498835
DIAGNOSTICO1_R,22.71551701550547,0.01938046116437114
PROCEDIMIENTO21_90,22.68679003660944,0.01956096741843049
PROCEDIMIENTO23_34,22.657636981464236,0.019745757066220417
PROCEDIMIENTO20_31,22.645710136247434,0.019821825935263725
DIAGNOSTICO24_B,22.63941940973203,0.019862058149665962
DIAGNOSTICO17_R,22.609673951219722,0.02005333034133261
PROCEDIMIENTO18_07,22.564763497678115,0.02034538145021619
PROCEDIMIENTO18_69,22.55884109529313,0.020384189797904316
PROCEDIMIENTO2_45,22.459514996884263,0.02104544420436461
DIAGNOSTICO13_F,22.43210546483702,0.021231414681253082
PROCEDIMIENTO12_96,22.426796199861403,0.021267614234974308
PROCEDIMIENTO4_93,22.367262116974672,0.021677490593084724
DIAGNOSTICO14_Q,22.3630917182527,0.021706477035815065
PROCEDIMIENTO20_87,22.36050367825389,0.021724483431616915
PROCEDIMIENTO5_42,22.33105087919093,0.021930386018674843
PROCEDIMIENTO9_88,22.304842042329668,0.022115138611821527
PROCEDIMIENTO3_51,22.28011678135492,0.022290761983430295
DIAGNOSTICO12_M,22.251257426823976,0.02249739323513477
DIAGNOSTICO13_C,22.248068766090636,0.02252033300776241
DIAGNOSTICO16_J,22.247712359446442,0.022522898411803376
DIAGNOSTICO23_O,22.210629897761105,0.022791309419741498
PROCEDIMIENTO5_41,22.201159010955124,0.02286033777715422
PROCEDIMIENTO5_68,22.18047993613854,0.023011733910406337
PROCEDIMIENTO13_39,22.166414245142228,0.023115244842010087
DIAGNOSTICO20_L,22.157221566197364,0.023183128787755882
DIAGNOSTICO12_R,22.154132827500057,0.02320597940289059
DIAGNOSTICO21_I,22.145290600130952,0.023271510526134194
DIAGNOSTICO12_P,22.11360794816618,0.0235077323882512
PROCEDIMIENTO21_95,22.109271707373612,0.023540235888203143
PROCEDIMIENTO28_21,22.103448215094787,0.02358395328615349
DIAGNOSTICO16_Q,22.09766650007108,0.023627431776048095
DIAGNOSTICO2_M,22.043742018290562,0.024036549873054116
PROCEDIMIENTO12_90,22.002323344048513,0.024355250668356657
DIAGNOSTICO15_Y,21.969843225057954,0.02460791587483318
PROCEDIMIENTO4_01,21.95133446415599,0.02475298424158186
DIAGNOSTICO21_P,21.93517799527754,0.02488026488418263
DIAGNOSTICO1_G,21.93039593659925,0.02491805438939825
PROCEDIMIENTO23_55,21.877287210923743,0.025341337194986983
PROCEDIMIENTO13_45,21.871301716033013,0.025389458669338408
PROCEDIMIENTO13_64,21.856846549673822,0.02550602367246976
PROCEDIMIENTO16_21,21.849630181039892,0.025564401474050452
PROCEDIMIENTO26_06,21.812248646076256,0.02586879469862275
PROCEDIMIENTO13_62,21.812248646076256,0.02586879469862275
PROCEDIMIENTO21_69,21.812248646076256,0.02586879469862275
PROCEDIMIENTO1_89,21.802709604702432,0.02594700676972765
PROCEDIMIENTO21_02,21.79971899093179,0.025971572413045537
DIAGNOSTICO1_B,21.79037908946864,0.026048431679411205
DIAGNOSTICO32_V,21.788745546089757,0.026061895982343982
PROCEDIMIENTO1_17,21.77785313839711,0.02615184065112065
PROCEDIMIENTO7_73,21.77666970741775,0.026161630221891618
PROCEDIMIENTO1_65,21.756795306370297,0.026326543842275296
PROCEDIMIENTO10_70,21.756123330679024,0.026332136570199453
DIAGNOSTICO4_D,21.751752933904626,0.02636853746053618
DIAGNOSTICO11_F,21.719925279163455,0.026635039569797805
PROCEDIMIENTO3_81,21.703866684507997,0.02677044862688862
DIAGNOSTICO25_W,21.68057497375297,0.026967982948387953
PROCEDIMIENTO11_49,21.666575714997517,0.027087358117339717
PROCEDIMIENTO2_21,21.66314883201263,0.027116654511939026
PROCEDIMIENTO10_91,21.65315694449759,0.027202242763574844
DIAGNOSTICO6_U,21.633535905882905,0.02737104090670852
PROCEDIMIENTO11_39,21.60765722080989,0.02759515698561813
DIAGNOSTICO23_Z,21.60625981034991,0.027607307151134627
DIAGNOSTICO4_Z,21.563682744612173,0.027979888521186096
DIAGNOSTICO33_D,21.540450768223707,0.028185143391874903
PROCEDIMIENTO2_12,21.486534832442878,0.028666872514922975
PROCEDIMIENTO24_54,21.478757873493407,0.028736983451371118
PROCEDIMIENTO4_96,21.469270658430528,0.028822727451864986
PROCEDIMIENTO12_47,21.46589733465967,0.02885327201608307
DIAGNOSTICO13_R,21.443102095799436,0.02906046280754651
PROCEDIMIENTO13_97,21.420900734596252,0.02926357726130498
PROCEDIMIENTO4_17,21.416169973728934,0.02930702702196318
PROCEDIMIENTO9_57,21.41205160649254,0.029344900786815623
PROCEDIMIENTO10_06,21.403954267094125,0.02941949834585074
PROCEDIMIENTO24_99,21.379347076455495,0.029647271491883054
PROCEDIMIENTO6_95,21.375944090393173,0.029678898718746873
PROCEDIMIENTO26_11,21.345443145531735,0.02996376837312478
PROCEDIMIENTO4_89,21.299148204963583,0.030400978076564264
PROCEDIMIENTO1_78,21.267146465791868,0.030706637512044218
PROCEDIMIENTO1_NA,21.25785897269912,0.03079587509400791
PROCEDIMIENTO1_50,21.25218843198295,0.03085047730023348
PROCEDIMIENTO1_59,21.246896713281266,0.030901512361272344
DIAGNOSTICO2_V,21.245021213348544,0.030919618984596546
PROCEDIMIENTO3_89,21.23481159793295,0.03101835739853958
PROCEDIMIENTO27_77,21.231261313928965,0.031052760734825064
PROCEDIMIENTO9_29,21.226139785648815,0.031102451932349486
PROCEDIMIENTO22_44,21.221957390035957,0.03114308567619298
PROCEDIMIENTO3_30,21.170087775315235,0.03165110669303392
DIAGNOSTICO20_U,21.141940123103105,0.03192997792506919
PROCEDIMIENTO20_38,21.13894979120228,0.03195973717123063
PROCEDIMIENTO1_81,21.12744542525548,0.03207446506699147
PROCEDIMIENTO18_95,21.12006890382176,0.03214822739219764
DIAGNOSTICO14_F,21.107249951021394,0.03227678386050568
PROCEDIMIENTO1_15,21.106184719457985,0.032287487955962924
DIAGNOSTICO8_Q,21.098438724510135,0.032365422846617226
PROCEDIMIENTO6_13,21.05985835985946,0.0327561794856545
PROCEDIMIENTO11_83,21.019446017310536,0.03317014625582598
DIAGNOSTICO4_Y,21.014892052750504,0.033217095828016636
DIAGNOSTICO32_D,21.014575682567877,0.033220359750597575
PROCEDIMIENTO7_54,21.003066423874163,0.033339299172047615
PROCEDIMIENTO13_51,20.991903650855424,0.0334550322042012
PROCEDIMIENTO4_35,20.986628256612896,0.033509854806935746
PROCEDIMIENTO4_39,20.977503340271177,0.03360487735224375
PROCEDIMIENTO27_29,20.93925373894464,0.03400589412671066
PROCEDIMIENTO1_32,20.930609111538256,0.03409713385349671
PROCEDIMIENTO6_28,20.907219924275747,0.03434512471213431
PROCEDIMIENTO4_91,20.891916844011256,0.03450827645929023
PROCEDIMIENTO19_57,20.88956040647547,0.03453346250701226
PROCEDIMIENTO22_97,20.88929863457849,0.034536261416802334
DIAGNOSTICO15_B,20.865307438838222,0.03479366637708003
DIAGNOSTICO20_Q,20.810420491079658,0.035389199466715864
PROCEDIMIENTO28_75,20.80036698150394,0.035499291010224206
DIAGNOSTICO32_E,20.797718093569504,0.03552835011253075
PROCEDIMIENTO19_59,20.791300843154012,0.03559883986709973
PROCEDIMIENTO10_75,20.77542796636189,0.03577374611319106
DIAGNOSTICO34_M,20.711501465711066,0.03648617914350556
PROCEDIMIENTO8_20,20.710297561417295,0.036499720147382196
PROCEDIMIENTO18_98,20.69461807720469,0.03667649778659823
PROCEDIMIENTO3_88,20.68742290024511,0.03675788204090691
PROCEDIMIENTO27_91,20.672504344961435,0.03692715291139363
DIAGNOSTICO8_U,20.59278239289863,0.03784387869421652
PROCEDIMIENTO9_20,20.58516181548514,0.03793259096896295
PROCEDIMIENTO2_56,20.582202462597973,0.037967092553316185
DIAGNOSTICO14_C,20.576261567481012,0.038036441196624145
PROCEDIMIENTO4_34,20.54021925543052,0.038459659122990694
PROCEDIMIENTO7_44,20.502922777639572,0.03890213845250719
PROCEDIMIENTO10_16,20.496727287759793,0.038976090330128756
PROCEDIMIENTO15_00,20.495760076796984,0.0389876469530899
PROCEDIMIENTO17_67,20.468672763530098,0.039312573041481176
PROCEDIMIENTO4_29,20.462795055806083,0.0393834053812981
PROCEDIMIENTO10_87,20.461554797694543,0.03939836665523194
DIAGNOSTICO33_L,20.443872035536486,0.03961224048972053
PROCEDIMIENTO18_37,20.440649323079498,0.039651333532245744
DIAGNOSTICO9_H,20.435145572386272,0.039718178231897626
ESPECIALIDAD_MEDICA_COLOPROCTOLOGÍA,20.424250366272954,0.03985080771064318
DIAGNOSTICO15_L,20.423010764282818,0.039865923253673254
PROCEDIMIENTO9_65,20.408076029863288,0.04004844783455827
DIAGNOSTICO23_C,20.40286097781463,0.04011236320627364
DIAGNOSTICO21_S,20.330744488689547,0.04100582703737632
PROCEDIMIENTO1_77,20.329351516792272,0.04102326234444762
DIAGNOSTICO3_Y,20.318422710860695,0.04116028916676061
DIAGNOSTICO6_O,20.317833030644817,0.04116769452389519
DIAGNOSTICO17_D,20.29924313260502,0.04140177578414166
PROCEDIMIENTO2_59,20.298655627980942,0.041409193321072645
DIAGNOSTICO14_G,20.297257514872808,0.04142685006977917
PROCEDIMIENTO4_12,20.29361849291906,0.04147283944508488
PROCEDIMIENTO29_95,20.285028397388558,0.041581584565343006
PROCEDIMIENTO2_64,20.27117750577018,0.0417574761523596
PROCEDIMIENTO9_22,20.23298335235499,0.042246023770211506
DIAGNOSTICO27_T,20.222483513183658,0.04238123944135682
DIAGNOSTICO27_Y,20.188331764619353,0.042823775176055213
PROCEDIMIENTO19_27,20.176754521888167,0.04297474546960332
PROCEDIMIENTO23_22,20.175504346275073,0.04299107707174455
PROCEDIMIENTO18_42,20.17302881527548,0.04302343272749786
PROCEDIMIENTO5_60,20.165957109629232,0.04311598352318205
ESPECIALIDAD_MEDICA_ENFERMEDADES RESPIRATORIAS DEL ADULTO (BRONCOPULMONAR),20.14592778199225,0.04337910227837167
PROCEDIMIENTO6_68,20.139120729650763,0.04346885680548027
PROCEDIMIENTO2_53,20.10981577320744,0.04385719263105116
PROCEDIMIENTO1_95,20.06765571670712,0.04442142074016279
DIAGNOSTICO22_G,20.04362512803663,0.04474597010701678
DIAGNOSTICO21_L,20.02737287147905,0.04496668906739788
PROCEDIMIENTO4_95,20.026197957970073,0.04498268367382883
PROCEDIMIENTO3_34,20.02281531593938,0.04502876194277686
PROCEDIMIENTO15_50,20.020433741109713,0.04506122944484541
PROCEDIMIENTO29_41,20.01818932902618,0.04509184652116611
PROCEDIMIENTO22_36,20.003993657199626,0.04528593494638961
PROCEDIMIENTO6_61,20.000555422485867,0.045333057876833935
DIAGNOSTICO9_A,19.991932524377315,0.045451435689543164
PROCEDIMIENTO11_97,19.987932461049375,0.04550644515553242
PROCEDIMIENTO1_55,19.97805558439024,0.045642532737110365
PROCEDIMIENTO3_38,19.97690724384097,0.045658379016105276
PROCEDIMIENTO4_68,19.97464144183717,0.04568966013222652
DIAGNOSTICO17_J,19.967478991525073,0.04578867134024942
PROCEDIMIENTO13_87,19.961478103049366,0.045871775601292124
DIAGNOSTICO10_F,19.95602833373338,0.045947366333888906
DIAGNOSTICO11_A,19.953793278778498,0.04597840025867071
DIAGNOSTICO14_B,19.949414484514744,0.04603925539594819
PROCEDIMIENTO26_89,19.938359215424875,0.04619322387527024
PROCEDIMIENTO2_11,19.92675633116299,0.04635532203689959
PROCEDIMIENTO10_95,19.91349684945984,0.04654119614734355
DIAGNOSTICO8_R,19.913264032571487,0.046544465859908825
PROCEDIMIENTO3_63,19.90566803690534,0.04665125956897814
PROCEDIMIENTO5_91,19.898081918069487,0.04675813643138914
DIAGNOSTICO32_Y,19.85674806161945,0.04734438243577313
DIAGNOSTICO22_M,19.797869265264346,0.0481909911247989
DIAGNOSTICO12_Y,19.776421708355528,0.04850277720465222
PROCEDIMIENTO2_52,19.75728410792035,0.048782525514691547
ESPECIALIDAD_MEDICA_MEDICINA INTENSIVA,19.75460375523568,0.04882182270711357
PROCEDIMIENTO3_57,19.745162980660435,0.048960464355131565
PROCEDIMIENTO12_97,19.728142508606233,0.049211318479849185
PROCEDIMIENTO13_71,19.705288528867005,0.04954998001664073
PROCEDIMIENTO5_39,19.69797014063205,0.049658872764738536
DIAGNOSTICO3_B,19.697491145163774,0.04966600744762353
DIAGNOSTICO8_O,19.65527613532576,0.05029846079982574
PROCEDIMIENTO9_91,19.639893748746978,0.05053072093228822
PROCEDIMIENTO23_96,19.626804184142472,0.050729125116619686
PROCEDIMIENTO16_96,19.616015072513537,0.05089318977147507
DIAGNOSTICO15_K,19.61169670548596,0.0509589913858529
PROCEDIMIENTO6_86,19.601069427492867,0.05112125349328148
DIAGNOSTICO11_B,19.590474497089946,0.05128348655718959
DIAGNOSTICO16_F,19.567121622287647,0.05164271800978343
DIAGNOSTICO32_Z,19.56207496065422,0.05172064773446656
ESPECIALIDAD_MEDICA_MATRONA,19.47402186688303,0.053097555352530995
PROCEDIMIENTO22_42,19.47128377017456,0.05314089718396701
PROCEDIMIENTO18_01,19.466741724087395,0.05321286446531303
PROCEDIMIENTO7_68,19.464775203326408,0.05324405063516291
PROCEDIMIENTO8_68,19.450806041624467,0.05346605633890363
PROCEDIMIENTO2_83,19.449699339438872,0.05348368031658763
DIAGNOSTICO5_B,19.439896723139697,0.05364001364950862
PROCEDIMIENTO7_82,19.434891749878556,0.05371999241774307
PROCEDIMIENTO13_57,19.422988091337967,0.053910643444078865
DIAGNOSTICO34_D,19.406207962360142,0.054180433088448506
DIAGNOSTICO5_R,19.39025488078594,0.054438053517521935
DIAGNOSTICO27_Z,19.377958246704654,0.05463738021022154
PROCEDIMIENTO2_18,19.365905561015182,0.05483339050525449
PROCEDIMIENTO12_87,19.365533069149325,0.05483945834190506
PROCEDIMIENTO8_95,19.346406625539323,0.055151839365502255
DIAGNOSTICO16_U,19.318380073178925,0.05561247571404966
PROCEDIMIENTO5_45,19.28312073955055,0.05619690620270906
PROCEDIMIENTO17_96,19.26743065258417,0.05645874477724808
PROCEDIMIENTO19_91,19.215288668357157,0.057336799218845415
PROCEDIMIENTO12_41,19.201344007088117,0.057573693940092395
PROCEDIMIENTO14_75,19.198615606785836,0.05762014730589497
PROCEDIMIENTO25_21,19.196778514290447,0.057651444358412955
PROCEDIMIENTO14_00,19.18870791397118,0.05778911764130798
PROCEDIMIENTO29_94,19.171484080167914,0.058083920685110174
PROCEDIMIENTO5_73,19.15746005421638,0.05832495274217908
PROCEDIMIENTO20_81,19.108356544177514,0.059175991863489784
PROCEDIMIENTO9_06,19.091554529120003,0.05946974524659179
PROCEDIMIENTO3_29,19.083749563457104,0.05960664561985072
PROCEDIMIENTO10_01,19.081508465046795,0.05964600705113731
PROCEDIMIENTO6_40,19.066358287360337,0.05991270851001042
PROCEDIMIENTO5_58,19.0660825048963,0.05991757323720511
PROCEDIMIENTO30_41,19.04708777397637,0.06025348850960042
DIAGNOSTICO17_G,19.03891331187485,0.06039856989458232
PROCEDIMIENTO14_29,19.038635831365973,0.060403500143344425
PROCEDIMIENTO3_15,19.03134009012956,0.060533259697987146
DIAGNOSTICO22_Z,19.030303219286854,0.0605517213870486
PROCEDIMIENTO10_21,19.026901348115775,0.0606123278093567
PROCEDIMIENTO4_16,19.025036686915694,0.06064557095021387
DIAGNOSTICO18_F,19.023287096986348,0.06067677745744058
PROCEDIMIENTO9_87,19.015346130815516,0.060818597178710125
PROCEDIMIENTO6_06,19.002098095066927,0.06105585826613323
PROCEDIMIENTO7_32,18.978941413456667,0.06147256641509114
PROCEDIMIENTO24_95,18.942854422481446,0.06212703475261783
PROCEDIMIENTO16_87,18.919186498609463,0.0625596514141931
PROCEDIMIENTO30_93,18.90353039276755,0.06284730196771865
PROCEDIMIENTO5_61,18.899433642090806,0.06292276678015157
PROCEDIMIENTO15_42,18.88986039284584,0.06309942822221394
PROCEDIMIENTO21_73,18.882079271665276,0.06324334488108863
PROCEDIMIENTO29_31,18.880677582339953,0.06326930115981964
DIAGNOSTICO31_Y,18.877417772571466,0.06332970266824577
PROCEDIMIENTO16_68,18.863251605178604,0.06359278878399907
DIAGNOSTICO34_B,18.82916831901675,0.06422976982179505
DIAGNOSTICO32_Q,18.82852723351383,0.06424180544875745
PROCEDIMIENTO7_06,18.82346393422358,0.06433693373417368
DIAGNOSTICO23_A,18.817311171171788,0.0644526999360687
DIAGNOSTICO28_P,18.799772181973253,0.064783722997681
PROCEDIMIENTO23_41,18.79772165528065,0.06482252263955694
PROCEDIMIENTO2_01,18.79278603663029,0.0649159984507867
PROCEDIMIENTO8_44,18.76348759331109,0.0654733629506498
PROCEDIMIENTO2_63,18.74834714450223,0.06576305990150655
DIAGNOSTICO3_G,18.738810349399987,0.06594612295705576
DIAGNOSTICO20_C,18.738325750388352,0.06595543717146869
PROCEDIMIENTO26_51,18.728030152984037,0.06615360062903296
PROCEDIMIENTO29_03,18.7203417491934,0.06630192838835144
PROCEDIMIENTO4_76,18.719531117270968,0.06631758468625622
DIAGNOSTICO20_I,18.712710045055736,0.06644945537077869
DIAGNOSTICO9_W,18.696437070061336,0.06676500239189506
PROCEDIMIENTO25_77,18.692447142717477,0.06684257404146683
PROCEDIMIENTO2_88,18.690671585743235,0.06687711999883159
PROCEDIMIENTO10_43,18.689095130216987,0.06690780548705873
DIAGNOSTICO17_A,18.679574693301173,0.06709338620295775
ESPECIALIDAD_MEDICA_ENDOCRINOLOGÍA PEDIÁTRICA,18.67825908238034,0.06711906727010701
PROCEDIMIENTO2_87,18.639978334358386,0.06787016082434287
PROCEDIMIENTO3_09,18.639008624487857,0.06788928395408311
PROCEDIMIENTO6_93,18.63893016743675,0.06789083137330783
DIAGNOSTICO35_U,18.634865676528975,0.06797103883737528
PROCEDIMIENTO11_42,18.60362096653616,0.0685904335766205
DIAGNOSTICO28_Z,18.600165261207486,0.06865924687199453
PROCEDIMIENTO16_50,18.589359860369996,0.06887481062372316
PROCEDIMIENTO19_52,18.58262700505295,0.06900943273459519
DIAGNOSTICO27_O,18.542615860358147,0.0698142840038609
PROCEDIMIENTO16_94,18.531782969475547,0.0700336248827301
PROCEDIMIENTO1_68,18.528218182279875,0.07010593729118823
PROCEDIMIENTO4_25,18.526226488871977,0.07014636805482775
PROCEDIMIENTO17_00,18.521075397350295,0.07025102968699026
PROCEDIMIENTO8_99,18.51939649393895,0.0702851721739951
PROCEDIMIENTO22_91,18.51056910706086,0.0704649300672737
PROCEDIMIENTO1_76,18.496327163306535,0.0707558088263963
PROCEDIMIENTO15_77,18.481538033177902,0.07105899100597639
DIAGNOSTICO13_U,18.474997613259116,0.07119343911976107
PROCEDIMIENTO1_05,18.467077352571945,0.07135655407056948
PROCEDIMIENTO9_24,18.457463593196895,0.07155499145270865
DIAGNOSTICO15_J,18.45570998759069,0.07159124032817736
PROCEDIMIENTO2_69,18.45539368362851,0.0715977803980438
PROCEDIMIENTO1_43,18.45525032808052,0.07160074466853045
DIAGNOSTICO31_A,18.448244972608915,0.07174573237086188
DIAGNOSTICO7_V,18.445449950155407,0.07180365272916858
DIAGNOSTICO6_B,18.443899693191675,0.07183579608502813
PROCEDIMIENTO28_90,18.424818118158033,0.07223248386294757
PROCEDIMIENTO7_34,18.423463704791004,0.07226071450359932
DIAGNOSTICO35_E,18.414090039818486,0.0724563621953618
PROCEDIMIENTO21_94,18.36792124606655,0.07342686613368844
DIAGNOSTICO8_W,18.35081733447238,0.07378931562595306
DIAGNOSTICO15_D,18.3364782481202,0.0740943951682047
DIAGNOSTICO3_D,18.32282451584481,0.07438593004058956
PROCEDIMIENTO10_76,18.319684120090535,0.07445312724979163
DIAGNOSTICO14_J,18.302496595098493,0.07482185264473695
PROCEDIMIENTO30_02,18.295522546483088,0.07497192750983218
DIAGNOSTICO34_H,18.28700989368834,0.07515547236666609
PROCEDIMIENTO2_38,18.28641968626249,0.07516821279049801
PROCEDIMIENTO1_48,18.247110014608744,0.07602107501459149
PROCEDIMIENTO24_97,18.23469162062048,0.07629227572107583
PROCEDIMIENTO27_53,18.234504349695257,0.07629637199357135
PROCEDIMIENTO5_64,18.233515593417486,0.07631800278457365
PROCEDIMIENTO16_NA,18.227627483876923,0.07644692778408115
DIAGNOSTICO11_J,18.2215616357521,0.07657994560729327
PROCEDIMIENTO7_86,18.180841111227192,0.07747820696219455
DIAGNOSTICO34_S,18.1652335925132,0.07782495280116976
PROCEDIMIENTO5_11,18.161364551163683,0.07791112112894158
PROCEDIMIENTO23_04,18.159501302433103,0.0779526479874849
ESPECIALIDAD_MEDICA_NEUROCIRUGÍA,18.159492004250943,0.07795285526817308
DIAGNOSTICO14_K,18.14586503441306,0.07825715872597201
PROCEDIMIENTO15_09,18.13583518582771,0.07848180360975636
PROCEDIMIENTO30_51,18.11721684061506,0.07890031775333825
DIAGNOSTICO25_K,18.11399353519114,0.07897297247657935
PROCEDIMIENTO8_67,18.104673729003345,0.07918337672127627
PROCEDIMIENTO14_91,18.103166411669463,0.07921745231762004
PROCEDIMIENTO9_03,18.071117223998925,0.07994504446878457
PROCEDIMIENTO18_51,18.051130413130092,0.08040176483096831
PROCEDIMIENTO27_73,18.047924233011464,0.08047524283893877
PROCEDIMIENTO14_37,18.037625152164043,0.08071167308913905
DIAGNOSTICO4_H,18.00593984503813,0.08144289057141585
ESPECIALIDAD_MEDICA_GASTROENTEROLOGÍA ADULTO,17.994017437493874,0.08171953415417624
PROCEDIMIENTO9_77,17.950393790538662,0.08273881352302336
PROCEDIMIENTO8_73,17.943132034329082,0.08290956618487409
PROCEDIMIENTO20_91,17.936960408998143,0.08305492866133576
DIAGNOSTICO19_T,17.930234842513386,0.08321359299712341
PROCEDIMIENTO20_37,17.914315639898458,0.08359020686652177
PROCEDIMIENTO30_43,17.895303637018795,0.08404194849661406
DIAGNOSTICO30_W,17.88521946889222,0.08428242496837887
ESPECIALIDAD_MEDICA_DESCONOCIDO,17.883675462254715,0.08431929800223097
PROCEDIMIENTO15_36,17.8759006741502,0.08450518579617015
PROCEDIMIENTO28_86,17.87047333156927,0.0846351612284543
DIAGNOSTICO28_S,17.86983462061613,0.08465046876538196
DIAGNOSTICO33_F,17.865533514929485,0.08475361355190127
PROCEDIMIENTO28_22,17.862132259638773,0.08483525700903567
PROCEDIMIENTO4_05,17.84159393216746,0.0853297234708509
PROCEDIMIENTO8_89,17.835023870521567,0.08548843180694829
PROCEDIMIENTO20_80,17.827840624656254,0.08566224820386001
PROCEDIMIENTO7_20,17.814024274207437,0.08599743920903863
DIAGNOSTICO20_E,17.812641259092523,0.08603105493055385
PROCEDIMIENTO6_00,17.811384225863307,0.0860616185005749
PROCEDIMIENTO18_91,17.789025306167762,0.08660684459972295
PROCEDIMIENTO13_35,17.783609334087217,0.08673936786529136
ESPECIALIDAD_MEDICA_RADIOLOGÍA INTERVENCIONAL,17.78066796024268,0.08681141456804228
PROCEDIMIENTO22_16,17.778529693637775,0.08686382262911811
DIAGNOSTICO4_F,17.77300211971672,0.08699942952356557
PROCEDIMIENTO22_90,17.766760373123116,0.08715277963754398
PROCEDIMIENTO26_23,17.764153988254517,0.0872168844368142
PROCEDIMIENTO16_08,17.763512740958326,0.08723266242070596
PROCEDIMIENTO27_02,17.731792198578255,0.08801627258724781
PROCEDIMIENTO10_38,17.725771177251627,0.08816570590500447
PROCEDIMIENTO23_87,17.7176826611793,0.08836680042679272
PROCEDIMIENTO8_10,17.715716055749834,0.088415754155843
PROCEDIMIENTO7_22,17.70949477678297,0.08857077338932347
PROCEDIMIENTO4_83,17.703012883324405,0.08873253896218622
PROCEDIMIENTO22_87,17.68580866421018,0.0891631483186563
PROCEDIMIENTO3_48,17.68102419320214,0.08928322395582133
PROCEDIMIENTO3_96,17.674833594088586,0.08943879856097312
DIAGNOSTICO8_B,17.67211839383948,0.08950710827427463
DIAGNOSTICO27_S,17.671183111614184,0.08953064888764173
PROCEDIMIENTO23_91,17.65984818069901,0.08981637352686749
PROCEDIMIENTO6_80,17.621365912811232,0.09079235562896011
DIAGNOSTICO14_S,17.619946335264515,0.09082853490402418
PROCEDIMIENTO3_43,17.598608232221828,0.0913738723945213
PROCEDIMIENTO10_88,17.595479961510833,0.09145406083547045
DIAGNOSTICO20_M,17.580027785261578,0.09185105359330355
DIAGNOSTICO30_A,17.562416789533234,0.09230533907671662
PROCEDIMIENTO4_09,17.562214917066367,0.09231055780807104
PROCEDIMIENTO11_46,17.553817440107697,0.09252787389054996
PROCEDIMIENTO2_66,17.539598846050954,0.09289684830402649
DIAGNOSTICO25_S,17.525600382192774,0.09326136009463283
DIAGNOSTICO25_Y,17.52447138030282,0.09329081277737536
PROCEDIMIENTO29_96,17.524376620564748,0.09329328517702515
PROCEDIMIENTO14_96,17.52181587577501,0.09336011977898012
PROCEDIMIENTO11_00,17.497711664690677,0.09399127480421951
ESPECIALIDAD_MEDICA_REUMATOLOGÍA PEDIÁTRICA,17.48343012431682,0.09436697566762947
ESPECIALIDAD_MEDICA_GINECOLOGÍA PEDIÁTRICA Y DE LA ADOLESCENCIA,17.478434536389006,0.09449870100581313
PROCEDIMIENTO1_04,17.474598413394887,0.09459996157784269
PROCEDIMIENTO7_01,17.463478917193008,0.09489401107815644
PROCEDIMIENTO1_21,17.44921046744052,0.09527249550283177
PROCEDIMIENTO10_23,17.424028657723024,0.09594366495529046
DIAGNOSTICO29_H,17.412719880162896,0.0962464095421012
DIAGNOSTICO9_V,17.399796801748202,0.09659338424015178
PROCEDIMIENTO10_14,17.370144161982765,0.09739363619275686
PROCEDIMIENTO14_09,17.34129992280319,0.0981775763727974
PROCEDIMIENTO28_93,17.34078533940563,0.09819161138813608
DIAGNOSTICO32_J,17.337241848568688,0.09828830557381009
ESPECIALIDAD_MEDICA_CIRUGÍA TÓRAX,17.336463482077264,0.09830955654727087
PROCEDIMIENTO13_00,17.321974206237574,0.09870586969346767
PROCEDIMIENTO12_39,17.30830514642658,0.09908101475565005
PROCEDIMIENTO6_66,17.29765723390234,0.09937409895397216
PROCEDIMIENTO10_09,17.28744645611052,0.09965585492549195
PROCEDIMIENTO12_09,17.278312155063016,0.0999084916733648
DIAGNOSTICO5_X,17.26791273135408,0.10019679297578268
PROCEDIMIENTO1_08,17.26468222379693,0.10028649797638622
DIAGNOSTICO30_P,17.26392530880108,0.10030752608672606
PROCEDIMIENTO9_69,17.255660706338798,0.1005373758021177
PROCEDIMIENTO19_34,17.252715310394304,0.10061940113365139
PROCEDIMIENTO26_99,17.248837639861126,0.10072747721134055
DIAGNOSTICO12_Q,17.244268603037167,0.10085495129598904
PROCEDIMIENTO13_02,17.229356374813673,0.10127196564638886
PROCEDIMIENTO11_23,17.220731538864136,0.10151383448054715
PROCEDIMIENTO23_73,17.216825591142747,0.10162353406227172
PROCEDIMIENTO6_56,17.192185619684963,0.10231791514089578
PROCEDIMIENTO12_54,17.17821019701726,0.10271357360882033
DIAGNOSTICO23_R,17.177293653800227,0.10273956791551792
PROCEDIMIENTO3_59,17.169461321513722,0.10296193402165608
DIAGNOSTICO33_T,17.15188970362626,0.10346231593711909
PROCEDIMIENTO29_79,17.143013612300948,0.10371587340339528
PROCEDIMIENTO10_42,17.139133842727247,0.10382687224273195
DIAGNOSTICO23_Y,17.119534748310198,0.10438916054502476
PROCEDIMIENTO26_38,17.115978131583972,0.1044914786630214
PROCEDIMIENTO14_95,17.11001871889527,0.10466311484657816
PROCEDIMIENTO17_53,17.105095444865672,0.1048050923236879
PROCEDIMIENTO7_OTROS,17.0976129432449,0.10502119019913682
DIAGNOSTICO23_D,17.08071471361118,0.1055106291838521
DIAGNOSTICO11_G,17.07465608352494,0.10568658798522287
DIAGNOSTICO11_C,17.062265955885017,0.10604721609306525
DIAGNOSTICO18_L,17.050735627778057,0.106383768466145
PROCEDIMIENTO12_37,17.032220930635873,0.10692610370345902
PROCEDIMIENTO15_69,17.031592519857924,0.10694455279748673
PROCEDIMIENTO12_56,17.029821857744412,0.10699655119341704
DIAGNOSTICO18_Y,17.021273437935047,0.10724789510049351
PROCEDIMIENTO28_42,17.006919488834466,0.1076710756636142
DIAGNOSTICO11_Y,17.0049954382567,0.1077279089669375
DIAGNOSTICO33_B,17.001101158984728,0.10784301839169
DIAGNOSTICO15_O,16.995843354702515,0.10799859913803078
DIAGNOSTICO21_T,16.979640447994125,0.10847926196519338
PROCEDIMIENTO27_41,16.974368481128558,0.10863605113229412
PROCEDIMIENTO5_84,16.962127088952506,0.10900086175387347
PROCEDIMIENTO19_90,16.95304275304662,0.10927226605419285
PROCEDIMIENTO5_87,16.940493156614515,0.10964815122966
PROCEDIMIENTO17_91,16.93933167006607,0.10968299598524132
DIAGNOSTICO20_B,16.9275654145405,0.11003652035438492
PROCEDIMIENTO27_51,16.919984134976573,0.1102648211250337
PROCEDIMIENTO30_23,16.90834927421482,0.11061597918430943
DIAGNOSTICO20_Y,16.902335076598256,0.11079787194370762
PROCEDIMIENTO7_38,16.89848888021006,0.11091433004440114
PROCEDIMIENTO6_94,16.87931388154975,0.11149648931635692
PROCEDIMIENTO18_33,16.87024060702701,0.11177286654943142
PROCEDIMIENTO19_53,16.869355290800332,0.11179986513838074
PROCEDIMIENTO24_04,16.869355290800332,0.11179986513838074
PROCEDIMIENTO15_87,16.868245979760832,0.1118337025396741
PROCEDIMIENTO7_87,16.867586489723735,0.11185382316556579
PROCEDIMIENTO7_30,16.866852859616376,0.11187620939465594
PROCEDIMIENTO10_61,16.86589870671182,0.1119053304589577
PROCEDIMIENTO27_39,16.84870306155803,0.11243125899350791
PROCEDIMIENTO9_11,16.848307127923952,0.11244339345308184
DIAGNOSTICO10_Q,16.838914118038513,0.11273159605203201
PROCEDIMIENTO8_60,16.838892306843572,0.11273226601137264
PROCEDIMIENTO2_92,16.810402450015783,0.11361027749278946
PROCEDIMIENTO7_93,16.807752623731787,0.11369223680740285
DIAGNOSTICO10_C,16.806137931898668,0.11374220408050863
PROCEDIMIENTO17_25,16.801399530261826,0.1138889439929904
DIAGNOSTICO15_X,16.78927928627075,0.11426502174178717
PROCEDIMIENTO16_88,16.78438293734874,0.11441725018895406
PROCEDIMIENTO20_00,16.78213606012548,0.1144871639235191
PROCEDIMIENTO18_34,16.78193722290287,0.11449335268840173
DIAGNOSTICO18_D,16.725495328927895,0.11626166486423375
PROCEDIMIENTO9_73,16.716498479800315,0.11654567259044346
DIAGNOSTICO1_Y,16.71554169084189,0.11657591070798444
DIAGNOSTICO12_L,16.714850058076514,0.1165977730541528
PROCEDIMIENTO1_85,16.71106252986983,0.11671755780777904
ESPECIALIDAD_MEDICA_PERIODONCIA,16.709139160793647,0.11677842656200207
PROCEDIMIENTO26_86,16.70310857184129,0.11696945144483703
DIAGNOSTICO31_S,16.693510235772433,0.11727403659281112
PROCEDIMIENTO3_54,16.67703343349891,0.11779847007895666
PROCEDIMIENTO11_28,16.668120885507605,0.11808297407696357
PROCEDIMIENTO6_59,16.664292020671468,0.11820537733063699
PROCEDIMIENTO29_68,16.656569529506577,0.11845258227903151
PROCEDIMIENTO24_35,16.655228003143087,0.11849557068426295
PROCEDIMIENTO26_33,16.646690869951787,0.1187694486821907
PROCEDIMIENTO24_22,16.63898128860889,0.1190172400459722
PROCEDIMIENTO12_82,16.62127508105037,0.11958799244797562
PROCEDIMIENTO5_51,16.591943804411496,0.12053858572320998
PROCEDIMIENTO8_88,16.57789191485457,0.1209962572779564
PROCEDIMIENTO29_16,16.566612477871836,0.12136469477485735
PROCEDIMIENTO2_60,16.554195831343048,0.12177137756582693
PROCEDIMIENTO18_03,16.55060916232588,0.12188906652064395
DIAGNOSTICO22_K,16.548236964448577,0.12196695809437143
ESPECIALIDAD_MEDICA_MEDICINA NUCLEAR,16.53148016998781,0.12251837209495045
DIAGNOSTICO10_L,16.516447536837834,0.12301484364203458
PROCEDIMIENTO18_52,16.495417883042013,0.12371222965204404
DIAGNOSTICO2_A,16.468047151733128,0.12462490278853085
PROCEDIMIENTO18_21,16.461936247740805,0.12482944504564913
DIAGNOSTICO14_H,16.451819972138225,0.12516867706225074
PROCEDIMIENTO12_36,16.450483100834347,0.1252135649382111
DIAGNOSTICO12_U,16.44257309027274,0.12547943608048354
DIAGNOSTICO25_D,16.44207810789251,0.12549608925207004
PROCEDIMIENTO1_01,16.441943352908243,0.1255006232675865
PROCEDIMIENTO9_18,16.440306652993122,0.12555570331143193
PROCEDIMIENTO24_80,16.439968295536065,0.12556709263727492
DIAGNOSTICO21_M,16.4272301258072,0.12599650225957076
DIAGNOSTICO22_X,16.411674241606505,0.12652257809612674
PROCEDIMIENTO27_31,16.409854027986412,0.12658425578352028
PROCEDIMIENTO29_90,16.40540838914682,0.12673500223114903
DIAGNOSTICO31_Q,16.39915908144524,0.12694716490160976
PROCEDIMIENTO12_74,16.394110964364526,0.12711876594315508
PROCEDIMIENTO16_73,16.385729991486137,0.1274040927220426
DIAGNOSTICO22_W,16.38486733277454,0.1274334921920918
DIAGNOSTICO7_O,16.370056089042045,0.127939152615427
PROCEDIMIENTO5_10,16.345553891752843,0.12877937462534864
PROCEDIMIENTO17_84,16.328599781240314,0.12936347416458177
PROCEDIMIENTO18_54,16.31862652664084,0.12970811043993508
PROCEDIMIENTO8_00,16.3141164430472,0.12986421440759682
PROCEDIMIENTO3_76,16.31340368881228,0.12988889885413119
PROCEDIMIENTO7_92,16.296602885139595,0.13047189544431
PROCEDIMIENTO26_79,16.295923000365708,0.13049553401114583
PROCEDIMIENTO1_19,16.28673922965543,0.1308151925462613
PROCEDIMIENTO11_84,16.28569471333343,0.13085159053459117
ESPECIALIDAD_MEDICA_DIABETOLOGÍA ,16.2734916695875,0.13127745728695356
DIAGNOSTICO11_L,16.272017603879867,0.13132897851095304
PROCEDIMIENTO6_12,16.265351713366865,0.1315621752416698
DIAGNOSTICO19_F,16.244385604976348,0.13229791132233185
PROCEDIMIENTO11_40,16.24095474444277,0.13241863396376435
PROCEDIMIENTO7_18,16.235979442690358,0.1325938653934075
PROCEDIMIENTO9_10,16.232971362688563,0.13269990503978538
PROCEDIMIENTO29_18,16.2311772861148,0.13276318295785997
DIAGNOSTICO32_L,16.223876896306862,0.13302093205116888
DIAGNOSTICO32_H,16.2214062005145,0.13310825788844763
DIAGNOSTICO6_W,16.219200066960266,0.13318627346737963
PROCEDIMIENTO2_05,16.213997074007715,0.1333704188449296
DIAGNOSTICO26_X,16.210759543850756,0.1334851097945322
PROCEDIMIENTO2_78,16.2097375062855,0.1335213330854465
DIAGNOSTICO30_J,16.17709095483596,0.1346827385961424
PROCEDIMIENTO1_86,16.17039714155193,0.13492191345626042
DIAGNOSTICO34_W,16.16221926866176,0.13521459697845745
DIAGNOSTICO35_P,16.15046539199055,0.13563619446742584
DIAGNOSTICO33_O,16.142453608198252,0.13592419697396732
PROCEDIMIENTO11_98,16.139786795825096,0.13602017515781398
PROCEDIMIENTO16_91,16.097409841931643,0.13755292961913745
PROCEDIMIENTO8_92,16.096714071052023,0.1375782151272213
DIAGNOSTICO2_H,16.074661221305107,0.13838166520877876
PROCEDIMIENTO17_51,16.054814466907978,0.139108081986294
DIAGNOSTICO11_S,16.052522411645423,0.13919217846997609
PROCEDIMIENTO26_83,16.051444730975692,0.13923173367011438
PROCEDIMIENTO25_39,16.043621047738736,0.13951917505319397
PROCEDIMIENTO29_22,16.034367422261223,0.13985979020897973
PROCEDIMIENTO13_25,16.033371002533357,0.13989650851435687
PROCEDIMIENTO30_16,16.032725030503233,0.1399203170261751
DIAGNOSTICO12_F,16.01367249514812,0.14062405230216338
PROCEDIMIENTO1_27,16.011822303706857,0.14069254863900982
DIAGNOSTICO28_U,16.004106485563327,0.14097849690348857
PROCEDIMIENTO2_02,15.975775782027435,0.14203258120875398
PROCEDIMIENTO9_00,15.9568918465599,0.14273881589645462
PROCEDIMIENTO17_38,15.956291671064468,0.14276130940720236
PROCEDIMIENTO25_96,15.94342208033635,0.1432443473263057
PROCEDIMIENTO5_38,15.93915802849013,0.14340469002127915
PROCEDIMIENTO22_38,15.93675644058068,0.14349506334736659
PROCEDIMIENTO14_40,15.931403723041322,0.14369665964508188
DIAGNOSTICO20_O,15.926325404735703,0.14388813852870394
PROCEDIMIENTO22_31,15.91147122188641,0.14444943308649505
PROCEDIMIENTO27_93,15.909179572847867,0.1445361889592463
PROCEDIMIENTO24_81,15.906140968181528,0.144651289220274
PROCEDIMIENTO2_15,15.90267071192007,0.1447828330509781
PROCEDIMIENTO22_39,15.902011041372925,0.14480784978835481
PROCEDIMIENTO1_63,15.897006589550806,0.14499775067687667
PROCEDIMIENTO2_46,15.893926839957485,0.14511471858043412
ESPECIALIDAD_MEDICA_MEDICINA FÍSICA Y REHABILITACIÓN,15.890334405554317,0.1452512568392855
DIAGNOSTICO35_G,15.889547883958624,0.14528116449203912
DIAGNOSTICO23_T,15.885921127621272,0.14541913866908734
PROCEDIMIENTO10_26,15.885821533632251,0.1454229290943504
PROCEDIMIENTO15_84,15.880086193059096,0.1456413471877464
PROCEDIMIENTO9_76,15.878885928008044,0.14568709104930397
PROCEDIMIENTO3_20,15.87430855021835,0.14586165082073282
DIAGNOSTICO30_H,15.87050759676728,0.14600673293894773
DIAGNOSTICO31_N,15.869780690936318,0.1460344924822521
PROCEDIMIENTO23_89,15.865579662598238,0.146195009609931
PROCEDIMIENTO30_87,15.85035847987651,0.14677781907466564
PROCEDIMIENTO6_85,15.849120762229294,0.1468252948653996
PROCEDIMIENTO12_80,15.84676476954371,0.14691570001622706
PROCEDIMIENTO7_94,15.83997739177215,0.14717640549608751
PROCEDIMIENTO10_78,15.833774563516524,0.14741499258075275
DIAGNOSTICO33_Z,15.823169920842235,0.14782363248547775
PROCEDIMIENTO2_95,15.82189198516734,0.14787293965852955
PROCEDIMIENTO6_04,15.820558376567307,0.14792440937221668
DIAGNOSTICO26_H,15.816392300393558,0.14808529157162578
PROCEDIMIENTO16_16,15.776276555789238,0.1496418554143293
PROCEDIMIENTO18_39,15.76826716807272,0.1499542449179799
PROCEDIMIENTO1_30,15.767676746453889,0.14997729434733248
DIAGNOSTICO21_E,15.764034272685752,0.15011955723206544
PROCEDIMIENTO17_83,15.740368538070031,0.15104657296957216
PROCEDIMIENTO29_93,15.738826708691358,0.1511071315509131
PROCEDIMIENTO20_34,15.734970951680184,0.1512586620128993
PROCEDIMIENTO19_79,15.733248101105582,0.15132641011898215
PROCEDIMIENTO12_31,15.73162693737736,0.15139018237876428
PROCEDIMIENTO8_84,15.72881936222271,0.15150067723759628
PROCEDIMIENTO14_69,15.72716016390282,0.15156600780880122
PROCEDIMIENTO24_77,15.720791055138472,0.15181700545520296
PROCEDIMIENTO21_14,15.70864159842973,0.1522967470248717
PROCEDIMIENTO10_24,15.688830491671514,0.15308169534414473
PROCEDIMIENTO4_85,15.686854924777712,0.15316015253544393
PROCEDIMIENTO9_75,15.682911664638949,0.15331685303240403
PROCEDIMIENTO27_43,15.682777062544398,0.15332220428483248
PROCEDIMIENTO8_94,15.680055594611444,0.15343043212097476
DIAGNOSTICO14_NA,15.67849978040067,0.15349233221880404
PROCEDIMIENTO2_74,15.666403868393829,0.1539742839236884
DIAGNOSTICO17_M,15.6550725145324,0.15442689905031187
DIAGNOSTICO16_A,15.654305137877358,0.1544575902829707
PROCEDIMIENTO18_43,15.633242797747567,0.1553019346955291
PROCEDIMIENTO27_86,15.632529114966262,0.15533061089821784
DIAGNOSTICO10_A,15.621443618904728,0.15577659052943366
PROCEDIMIENTO9_12,15.607546354623755,0.15633717221162644
PROCEDIMIENTO19_75,15.605283509068228,0.15642860614478762
PROCEDIMIENTO6_81,15.603396961734623,0.15650486861808124
DIAGNOSTICO14_A,15.59091169133938,0.15701034563854416
PROCEDIMIENTO10_96,15.587928701735484,0.1571313121766225
DIAGNOSTICO26_U,15.584605252797418,0.1572661748926529
DIAGNOSTICO13_V,15.581219957677634,0.15740364465349066
PROCEDIMIENTO6_72,15.576469058902584,0.15759673454341916
PROCEDIMIENTO10_85,15.575730215792946,0.157626780611628
PROCEDIMIENTO5_83,15.57074791908684,0.15782951491426375
PROCEDIMIENTO25_14,15.564319602193844,0.15809140419504816
PROCEDIMIENTO18_22,15.563232890120947,0.1581357118823877
DIAGNOSTICO34_Q,15.556196357355798,0.15842285288848765
DIAGNOSTICO25_E,15.548855229575729,0.15872287771018675
PROCEDIMIENTO3_02,15.541530982847002,0.15902267520601165
PROCEDIMIENTO24_91,15.537741131809085,0.1591779836625351
DIAGNOSTICO26_B,15.535326791012753,0.15927698817134334
PROCEDIMIENTO20_03,15.519895923675724,0.15991094790787141
PROCEDIMIENTO12_24,15.504699315583796,0.1605372948713766
PROCEDIMIENTO22_98,15.502911242438783,0.16061112393701463
PROCEDIMIENTO10_04,15.496660306205477,0.16086944109765244
DIAGNOSTICO17_K,15.493151913227983,0.16101457225413363
PROCEDIMIENTO23_95,15.482949429366867,0.16143722351972356
PROCEDIMIENTO21_00,15.481639305870264,0.16149156255584265
PROCEDIMIENTO6_02,15.466420870676327,0.16212385921555156
PROCEDIMIENTO13_40,15.462988929581504,0.16226672803420136
PROCEDIMIENTO23_69,15.45104991696894,0.16276453789855505
PROCEDIMIENTO28_50,15.45104991696894,0.16276453789855505
PROCEDIMIENTO28_24,15.4389004602602,0.16327239777149316
PROCEDIMIENTO29_55,15.434983276929117,0.16343641464747793
PROCEDIMIENTO3_18,15.42774821801116,0.1637397070268754
PROCEDIMIENTO21_23,15.413824564040526,0.16432467177199717
PROCEDIMIENTO4_80,15.413664514200867,0.16433140569439694
PROCEDIMIENTO27_33,15.412464976423323,0.16438188207613974
DIAGNOSTICO29_N,15.400477495032037,0.16488700588955707
DIAGNOSTICO22_L,15.393017934852946,0.16520196972404627
PROCEDIMIENTO23_67,15.373249000211521,0.16603903309794135
DIAGNOSTICO22_I,15.368993652164846,0.16621966387206194
PROCEDIMIENTO16_70,15.338815517435496,0.16750523997614572
PROCEDIMIENTO27_95,15.333601521109609,0.16772816798895337
DIAGNOSTICO17_H,15.33013711330908,0.1678764239413731
PROCEDIMIENTO4_57,15.325556598185127,0.16807260547260613
PROCEDIMIENTO13_79,15.323805406557074,0.16814765729228917
PROCEDIMIENTO8_79,15.322418344799896,0.16820712264036794
PROCEDIMIENTO28_39,15.313511998851238,0.16858935621065022
PROCEDIMIENTO25_00,15.311295740039409,0.16868458048475682
PROCEDIMIENTO10_98,15.310395914926515,0.16872325498980756
PROCEDIMIENTO2_77,15.293703969469929,0.16944197655008392
PROCEDIMIENTO10_00,15.292424004223882,0.16949719129379615
PROCEDIMIENTO2_26,15.275994162698764,0.17020722877850353
PROCEDIMIENTO21_33,15.26667849087996,0.17061088403575858
PROCEDIMIENTO2_91,15.265897915412001,0.17064474203951666
PROCEDIMIENTO12_53,15.246603028311737,0.17148339657626974
DIAGNOSTICO29_W,15.228685787205425,0.17226514558523168
DIAGNOSTICO20_D,15.227184285971925,0.17233078798388557
DIAGNOSTICO7_W,15.224384741987876,0.17245323184409617
PROCEDIMIENTO9_47,15.22133367814425,0.1725867562696176
PROCEDIMIENTO2_32,15.209209808810218,0.17311815925967786
PROCEDIMIENTO15_73,15.19672474039051,0.17366677020943527
PROCEDIMIENTO5_55,15.175102955516692,0.17462016963198332
PROCEDIMIENTO23_59,15.173024507452354,0.1747120388309528
DIAGNOSTICO34_Y,15.16930634640483,0.17487648168010161
PROCEDIMIENTO11_87,15.16538075563159,0.17505023349142515
DIAGNOSTICO14_W,15.153060407887539,0.17559644932412413
DIAGNOSTICO33_P,15.152024885368519,0.17564242094260646
PROCEDIMIENTO5_82,15.139187795520483,0.1762131214566965
DIAGNOSTICO25_Q,15.135558359601049,0.17637474547971319
DIAGNOSTICO9_S,15.132440277403084,0.17651369316604784
PROCEDIMIENTO24_41,15.132180661173706,0.17652526611991112
DIAGNOSTICO2_T,15.119844341908777,0.17707588624747078
PROCEDIMIENTO21_37,15.113843828830307,0.17734421102309372
PROCEDIMIENTO25_90,15.098459167531445,0.1780336557106204
DIAGNOSTICO18_J,15.092483990932964,0.17830200416233788
DIAGNOSTICO15_T,15.081533887114547,0.17879461996400822
PROCEDIMIENTO5_21,15.075030365169464,0.17908771125506484
PROCEDIMIENTO18_78,15.07331563920974,0.1791650520502114
PROCEDIMIENTO5_13,15.05842314066228,0.17983788589271352
PROCEDIMIENTO19_94,15.057623335447971,0.17987407768760605
PROCEDIMIENTO23_31,15.056671447913999,0.17991715891239277
PROCEDIMIENTO3_70,15.052060230520434,0.18012597355630985
PROCEDIMIENTO18_84,15.04944540356426,0.1802444695779006
DIAGNOSTICO11_V,15.036187447957362,0.18084623883962847
PROCEDIMIENTO22_01,15.031887540206133,0.1810417528891429
PROCEDIMIENTO30_95,15.026768060128122,0.18127475242977345
DIAGNOSTICO23_I,15.011706867745268,0.18196161080303616
PROCEDIMIENTO18_94,15.003676680071075,0.18232867131981023
DIAGNOSTICO4_X,14.99472656253982,0.1827384774208406
DIAGNOSTICO26_N,14.978099263046735,0.18350175320610082
DIAGNOSTICO5_Z,14.977425194752392,0.1835327497738776
DIAGNOSTICO26_D,14.96710541714538,0.1840078183944548
PROCEDIMIENTO13_31,14.956054512210752,0.18451762903457528
DIAGNOSTICO16_L,14.950056262604624,0.18479481601146397
PROCEDIMIENTO19_70,14.944114063102482,0.18506973927164444
DIAGNOSTICO5_L,14.933598881741041,0.18555703397847803
PROCEDIMIENTO15_29,14.917899863778166,0.18628645484956266
PROCEDIMIENTO12_66,14.916036818044867,0.18637316816905078
DIAGNOSTICO19_H,14.913808650086418,0.1864769177612645
PROCEDIMIENTO12_06,14.909678305612825,0.186669359153863
DIAGNOSTICO17_Y,14.909110306562065,0.1866958357427637
PROCEDIMIENTO8_01,14.906365230065218,0.1868238361754099
PROCEDIMIENTO13_78,14.898164068886382,0.18720666373775446
PROCEDIMIENTO9_09,14.892972938107672,0.18744930547555513
PROCEDIMIENTO18_18,14.892011434743262,0.18749427504099106
DIAGNOSTICO31_M,14.882377880701513,0.18794530925059585
PROCEDIMIENTO7_58,14.871892818050355,0.18843718718846753
PROCEDIMIENTO30_91,14.870035471621955,0.18852442573241834
PROCEDIMIENTO25_54,14.860719656261642,0.18896246715852055
PROCEDIMIENTO26_21,14.859132199958218,0.18903719165934638
PROCEDIMIENTO6_84,14.841977535246523,0.1898461862849004
PROCEDIMIENTO7_99,14.83774981491506,0.19004598084610158
PROCEDIMIENTO26_75,14.83661555940974,0.19009961202802403
PROCEDIMIENTO22_45,14.8343407204644,0.1902072096649448
DIAGNOSTICO22_C,14.820664647106426,0.1908550895453139
PROCEDIMIENTO6_18,14.818371779532976,0.1909638805834311
PROCEDIMIENTO10_82,14.818325621468146,0.19096607117524528
PROCEDIMIENTO17_88,14.815746514009438,0.19108850325218218
PROCEDIMIENTO4_26,14.802009078778196,0.1917416739498052
PROCEDIMIENTO4_99,14.80179010563025,0.19175209966853826
DIAGNOSTICO23_B,14.790215468314297,0.19230382678553257
PROCEDIMIENTO22_57,14.788132038391819,0.19240327030369586
DIAGNOSTICO16_S,14.78454917179154,0.19257437778982264
PROCEDIMIENTO24_39,14.781234567933055,0.19273278064693328
PROCEDIMIENTO7_45,14.779479726908765,0.1928166849896528
PROCEDIMIENTO9_85,14.767908572062456,0.19337065856511296
DIAGNOSTICO16_R,14.762741614167684,0.19361843337005288
DIAGNOSTICO24_L,14.738075783665154,0.19480469881727377
DIAGNOSTICO28_N,14.735250038438169,0.1949409630086336
PROCEDIMIENTO28_94,14.735145050558076,0.19494602721929852
DIAGNOSTICO17_F,14.728783475191442,0.19525307821358912
PROCEDIMIENTO28_43,14.724573479240416,0.19545648899315565
PROCEDIMIENTO7_29,14.715593059104636,0.19589094486267206
PROCEDIMIENTO10_41,14.711738014103524,0.19607767731331546
PROCEDIMIENTO9_97,14.707203536460822,0.1962974993607884
PROCEDIMIENTO22_77,14.70433786695048,0.19643652083316887
PROCEDIMIENTO12_00,14.696148877597565,0.19683421723003508
DIAGNOSTICO25_H,14.690642067035569,0.1971020093979847
PROCEDIMIENTO24_75,14.685259055762346,0.1973640575038985
DIAGNOSTICO35_M,14.681122678902415,0.19756560433593873
PROCEDIMIENTO11_67,14.680881236634301,0.19757737370345693
PROCEDIMIENTO4_13,14.663039571348733,0.1984486074254672
PROCEDIMIENTO15_38,14.6446007179627,0.19935216225290503
PROCEDIMIENTO11_21,14.630159338988847,0.2000620756358163
PROCEDIMIENTO26_97,14.623892168165899,0.20037077350553975
PROCEDIMIENTO28_47,14.622306030163664,0.2004489598681375
PROCEDIMIENTO1_33,14.610344609242883,0.201039348870215
DIAGNOSTICO7_U,14.60580842860551,0.20126359954050788
PROCEDIMIENTO4_65,14.59803257036744,0.20164846130610575
PROCEDIMIENTO3_97,14.595683304974395,0.20176484982142048
PROCEDIMIENTO14_88,14.589507717241634,0.20207105403368236
PROCEDIMIENTO30_98,14.589338283034404,0.20207946019894396
PROCEDIMIENTO20_47,14.585065066069264,0.20229155818874592
PROCEDIMIENTO26_16,14.578312528459069,0.2026270693752622
PROCEDIMIENTO13_52,14.57762725996071,0.20266114233065002
PROCEDIMIENTO9_61,14.573752733287979,0.20285387578349015
PROCEDIMIENTO26_53,14.56731547861522,0.20317440476447002
PROCEDIMIENTO21_42,14.560791726500916,0.20349964320636985
PROCEDIMIENTO1_35,14.560548145023187,0.20351179469047373
PROCEDIMIENTO4_41,14.559468554972113,0.20356565871485696
PROCEDIMIENTO17_27,14.518967701727492,0.20559439925640416
PROCEDIMIENTO20_45,14.51407933435947,0.20584032323087587
PROCEDIMIENTO6_82,14.51308324079463,0.2058904627209171
DIAGNOSTICO20_K,14.511150348433231,0.20598778409858398
PROCEDIMIENTO18_73,14.495449607123648,0.20677964270191346
PROCEDIMIENTO16_83,14.466926913649493,0.20822421015228165
PROCEDIMIENTO8_62,14.465222193053542,0.20831079490779847
PROCEDIMIENTO8_98,14.45350868957521,0.20890649181470208
PROCEDIMIENTO7_39,14.441127088200812,0.20953759798288205
PROCEDIMIENTO4_37,14.43742202052507,0.20972673649118456
DIAGNOSTICO19_O,14.429239700918284,0.21014490015454992
ESPECIALIDAD_MEDICA_CIRUGÍA COLOPROCTOLÓGICA,14.428765050961143,0.21016917726643905
PROCEDIMIENTO2_30,14.416041156124063,0.21082077964499343
ESPECIALIDAD_MEDICA_DERMATOLOGÍA,14.403021008949654,0.2114891675632178
PROCEDIMIENTO6_16,14.393494519610359,0.21197924416293307
PROCEDIMIENTO14_55,14.391601853416091,0.21207671389426974
PROCEDIMIENTO1_44,14.377657329511358,0.2127959035653651
PROCEDIMIENTO15_76,14.377543301810913,0.21280179228953724
PROCEDIMIENTO6_50,14.374214310260054,0.21297376650888514
PROCEDIMIENTO5_57,14.368531059220453,0.21326760812988763
PROCEDIMIENTO12_76,14.361755826714658,0.2136183164415345
PROCEDIMIENTO3_17,14.359938960632403,0.2137124388623339
PROCEDIMIENTO28_77,14.358069913239818,0.21380929783518543
DIAGNOSTICO13_Y,14.347089191474772,0.21437903028342048
PROCEDIMIENTO1_56,14.346319527168959,0.2144190079098488
PROCEDIMIENTO11_71,14.334086028605213,0.2150552059336132
DIAGNOSTICO18_T,14.32283965692298,0.2156413478142176
PROCEDIMIENTO7_98,14.316575904500064,0.2159683355875692
PROCEDIMIENTO3_40,14.316286150930916,0.21598347085146094
PROCEDIMIENTO6_27,14.31123660114493,0.2162473646040544
PROCEDIMIENTO19_42,14.309810528278012,0.21632193717571774
PROCEDIMIENTO1_82,14.308878411075444,0.21637069035397033
PROCEDIMIENTO27_78,14.308190678792798,0.21640666670179862
DIAGNOSTICO13_A,14.306961380935515,0.21647098462362996
PROCEDIMIENTO7_17,14.306655412472361,0.2164869954363075
PROCEDIMIENTO25_33,14.299591419062889,0.21685689494473012
PROCEDIMIENTO14_73,14.299277418337455,0.21687334854904095
DIAGNOSTICO5_A,14.296961920310931,0.21699470995832065
DIAGNOSTICO19_X,14.28337573682599,0.21770784726839087
PROCEDIMIENTO27_57,14.28228269107249,0.21776529908115208
PROCEDIMIENTO28_29,14.28049543786575,0.21785926430199468
PROCEDIMIENTO17_01,14.270936983303676,0.21836232935217992
DIAGNOSTICO9_L,14.257414509363358,0.21907554047406586
PROCEDIMIENTO10_50,14.252187146084765,0.21935172253556406
DIAGNOSTICO11_O,14.250499543010413,0.21944094203727138
PROCEDIMIENTO22_50,14.245119476953152,0.21972555835600885
PROCEDIMIENTO28_88,14.244103280033599,0.21977934888264425
DIAGNOSTICO13_O,14.232958885220315,0.22036991751711346
DIAGNOSTICO12_V,14.230745116850045,0.22048737465807067
PROCEDIMIENTO6_01,14.23074242408164,0.220487517558887
PROCEDIMIENTO6_99,14.22723727678771,0.22067358995840547
PROCEDIMIENTO6_OTROS,14.21472298189481,0.22133889522121486
PROCEDIMIENTO17_NA,14.211714299374627,0.22149907562156698
DIAGNOSTICO16_D,14.20811589747448,0.22169076839620788
PROCEDIMIENTO9_38,14.206049314608823,0.22180091582607575
PROCEDIMIENTO8_96,14.19917119899772,0.222167815114341
DIAGNOSTICO29_A,14.197619416735547,0.2222506557380187
DIAGNOSTICO23_G,14.192750541187033,0.2225107294378527
PROCEDIMIENTO26_96,14.192547772396663,0.22252156547196383
PROCEDIMIENTO2_49,14.187309795997502,0.22280162405465168
PROCEDIMIENTO9_82,14.180458903450639,0.22316832530170966
PROCEDIMIENTO8_21,14.176464343981376,0.2233823502167343
DIAGNOSTICO24_Q,14.175349631702737,0.22344210336602283
PROCEDIMIENTO19_12,14.174774804164704,0.22347292123142626
DIAGNOSTICO22_B,14.173623351050143,0.2235346630860387
PROCEDIMIENTO7_74,14.153957773259863,0.22459115149106246
ESPECIALIDAD_MEDICA_CIRUGÍA CABEZA CUELLO Y PLÁSTICA MAXILO FACIAL,14.151988195879822,0.22469717125201083
DIAGNOSTICO31_P,14.151433105657304,0.22472705789555578
PROCEDIMIENTO30_78,14.143947892901643,0.22513036459504798
PROCEDIMIENTO21_91,14.142937229250027,0.22518486170405436
PROCEDIMIENTO12_94,14.137918902130398,0.22545560879241386
DIAGNOSTICO30_B,14.130333892652365,0.22586530148141157
PROCEDIMIENTO10_71,14.127753711090493,0.22600479470764867
DIAGNOSTICO25_X,14.10860313845868,0.2270421812165357
PROCEDIMIENTO5_54,14.105000490398794,0.22723773919890314
DIAGNOSTICO12_G,14.102031062050745,0.22739902079759766
PROCEDIMIENTO20_39,14.09974844133236,0.2275230580208355
PROCEDIMIENTO29_81,14.098118432202343,0.2276116637837685
PROCEDIMIENTO21_83,14.09777007773639,0.22763060339204352
PROCEDIMIENTO8_35,14.089556348898709,0.22807751954396738
DIAGNOSTICO1_L,14.08460094981616,0.2283474680093658
PROCEDIMIENTO22_55,14.064080546653425,0.22946790189609914
PROCEDIMIENTO19_95,14.056482788006301,0.22988379860523722
PROCEDIMIENTO17_60,14.054923393311416,0.22996922926302316
DIAGNOSTICO6_V,14.053530391894398,0.23004556440977797
DIAGNOSTICO11_T,14.047495652090667,0.23037648325075633
PROCEDIMIENTO18_00,14.044533812692439,0.2305390289403397
PROCEDIMIENTO12_40,14.035259224265237,0.23104857765062242
PROCEDIMIENTO21_98,14.028866037239997,0.23140031525674862
PROCEDIMIENTO18_86,14.016294961035891,0.232093121534728
DIAGNOSTICO31_C,14.011569576876576,0.23235394623605185
PROCEDIMIENTO9_94,14.01120689568199,0.23237397408229876
PROCEDIMIENTO14_08,14.008805140997378,0.23250663567298807
PROCEDIMIENTO15_47,14.007691014966301,0.2325681940792356
DIAGNOSTICO29_O,13.992864562273427,0.2333885622324597
DIAGNOSTICO14_X,13.990975557790323,0.23349323948817088
PROCEDIMIENTO6_46,13.987860118608955,0.23366595543551683
PROCEDIMIENTO5_35,13.986435765017594,0.23374495173473908
PROCEDIMIENTO14_97,13.96627370870871,0.2348653150816824
PROCEDIMIENTO18_27,13.953630990376544,0.23556989671680265
PROCEDIMIENTO6_05,13.948353689092833,0.23586447017042844
PROCEDIMIENTO1_26,13.941011263251726,0.23627477567397862
PROCEDIMIENTO10_80,13.930312511895735,0.23687359394426666
PROCEDIMIENTO20_54,13.919954838219756,0.2374544029180591
PROCEDIMIENTO28_96,13.91396844490415,0.23779057653194755
PROCEDIMIENTO19_86,13.910440586445683,0.2379888544616187
PROCEDIMIENTO9_28,13.909251357564667,0.2380557210975883
PROCEDIMIENTO3_82,13.908443843183846,0.23810113311650194
PROCEDIMIENTO30_96,13.904713649174761,0.2383109912571838
PROCEDIMIENTO23_81,13.902829754400724,0.23841703036420506
PROCEDIMIENTO20_51,13.892123153302268,0.23902034378797557
PROCEDIMIENTO8_53,13.891447213674505,0.23905847096109595
PROCEDIMIENTO8_48,13.886633512354653,0.23933012469949524
PROCEDIMIENTO5_63,13.886447135358775,0.23934064722325615
PROCEDIMIENTO15_75,13.881152334437536,0.23963972670770375
PROCEDIMIENTO11_81,13.873963917218322,0.24004621386574218
PROCEDIMIENTO26_94,13.865610204457258,0.24051924081367188
PROCEDIMIENTO18_96,13.860387992683947,0.24081529970767482
PROCEDIMIENTO24_02,13.859715224441661,0.24085346016642709
PROCEDIMIENTO1_71,13.857474854238038,0.24098056989457303
PROCEDIMIENTO30_45,13.844357625149598,0.24172579143658926
DIAGNOSTICO10_X,13.843991147575938,0.241746636497326
DIAGNOSTICO17_W,13.843711860932656,0.2417625230790148
PROCEDIMIENTO15_78,13.831961991604807,0.24243159089526664
DIAGNOSTICO13_H,13.82138150272618,0.24303524731210704
DIAGNOSTICO16_C,13.820857927408424,0.24306514818994557
PROCEDIMIENTO5_99,13.820255422621717,0.24309956003205865
PROCEDIMIENTO21_53,13.819012026641387,0.24317058757301555
PROCEDIMIENTO14_77,13.816755440802481,0.2432995317371856
DIAGNOSTICO29_Q,13.816198638423142,0.24333135593090163
PROCEDIMIENTO27_22,13.812093841744563,0.24356606203741482
PROCEDIMIENTO23_00,13.805346203769028,0.24395224667320337
DIAGNOSTICO18_B,13.79083067911744,0.24478454561805207
PROCEDIMIENTO30_48,13.789084247001169,0.24488482506276948
PROCEDIMIENTO13_70,13.787171791315306,0.2449946724073958
PROCEDIMIENTO18_83,13.78445085988962,0.24515101972978365
PROCEDIMIENTO17_06,13.780372736084429,0.24538549090924447
DIAGNOSTICO12_O,13.77812752562026,0.24551464979641885
PROCEDIMIENTO27_83,13.765013914423626,0.2462700335492414
PROCEDIMIENTO30_79,13.763460348874593,0.24635963733933963
PROCEDIMIENTO13_74,13.76275706941411,0.24640020776264174
PROCEDIMIENTO10_67,13.761367560222235,0.24648037956739743
DIAGNOSTICO29_G,13.747861427503235,0.24726065980063008
PROCEDIMIENTO17_46,13.7442713204183,0.2474683749820127
DIAGNOSTICO17_T,13.736647681307037,0.24790988786124443
PROCEDIMIENTO9_56,13.733812787124585,0.24807421508113506
PROCEDIMIENTO14_50,13.731932608428096,0.24818324564109712
DIAGNOSTICO19_D,13.720699625227883,0.24883537640863354
PROCEDIMIENTO29_02,13.716284282174547,0.24909205444696922
DIAGNOSTICO7_A,13.674898048325291,0.25150744865972585
PROCEDIMIENTO17_48,13.670630772922324,0.25175747130844595
PROCEDIMIENTO14_59,13.669066022212604,0.25184919683059204
PROCEDIMIENTO16_95,13.666155702052546,0.2520198646974693
PROCEDIMIENTO20_02,13.660190611415553,0.25236993641812616
DIAGNOSTICO31_I,13.658733919972311,0.25245547902776433
PROCEDIMIENTO12_03,13.653896617281935,0.25273969680948843
PROCEDIMIENTO26_91,13.653733142839025,0.2527493059145159
PROCEDIMIENTO3_62,13.648636515031132,0.2530490223909748
PROCEDIMIENTO7_42,13.644972622144865,0.25326464507221597
DIAGNOSTICO27_Q,13.640499325230635,0.2535280841171911
DIAGNOSTICO17_Q,13.633803945590454,0.25392275958233024
PROCEDIMIENTO24_46,13.629346588982473,0.25418575845521496
PROCEDIMIENTO7_04,13.620051002932621,0.2547348697573368
PROCEDIMIENTO29_39,13.61896676255553,0.2547989747078832
PROCEDIMIENTO4_47,13.615836863023736,0.2549840939480226
PROCEDIMIENTO14_58,13.615177534211798,0.2550231027576562
PROCEDIMIENTO2_89,13.610391656255237,0.25530638714382875
PROCEDIMIENTO3_92,13.604114712893303,0.2556782784960541
PROCEDIMIENTO9_02,13.59730982548635,0.2560818955413589
PROCEDIMIENTO22_81,13.58113566205554,0.25704309530742897
PROCEDIMIENTO16_49,13.575068266090597,0.2574043462717058
PROCEDIMIENTO1_16,13.568661183027125,0.2577862232567742
PROCEDIMIENTO25_59,13.562042757274932,0.25818112950770905
PROCEDIMIENTO27_38,13.555544542833513,0.25856929095482145
PROCEDIMIENTO8_38,13.554551427606427,0.25862865061338874
PROCEDIMIENTO13_18,13.552525558387405,0.2587497698975696
DIAGNOSTICO21_G,13.551722949666967,0.2587977663266933
PROCEDIMIENTO8_26,13.543693920861678,0.25927826263610776
PROCEDIMIENTO27_99,13.540091208473154,0.2594940770172883
PROCEDIMIENTO29_29,13.532835491477641,0.25992911420208037
DIAGNOSTICO31_L,13.53039406091648,0.2600756160609835
DIAGNOSTICO27_N,13.52911218090431,0.26015256125454045
PROCEDIMIENTO17_90,13.520725423173344,0.2606563860722618
PROCEDIMIENTO26_36,13.513830284920441,0.2610711330519703
PROCEDIMIENTO14_51,13.510954713172088,0.26124424173382177
PROCEDIMIENTO26_43,13.504239321836337,0.26164883028716224
PROCEDIMIENTO3_42,13.501755597471528,0.2617985844312123
PROCEDIMIENTO17_68,13.48814321708144,0.262620433347524
PROCEDIMIENTO14_94,13.48669026366676,0.2627082656181026
PROCEDIMIENTO7_51,13.469715210333838,0.26373599509557566
PROCEDIMIENTO22_68,13.467897540836672,0.2638462149991544
PROCEDIMIENTO8_07,13.454204904982337,0.2646775777982873
DIAGNOSTICO24_Y,13.448502697549946,0.2650243496891835
PROCEDIMIENTO6_92,13.44835994320443,0.26503303529609945
PROCEDIMIENTO19_81,13.446053448726882,0.2651733978320504
PROCEDIMIENTO22_03,13.442534856998751,0.26538762610191
PROCEDIMIENTO11_37,13.438540031239132,0.26563100074899315
PROCEDIMIENTO20_50,13.436740127589552,0.2657407078066201
PROCEDIMIENTO5_66,13.435573500157036,0.2658118330635146
PROCEDIMIENTO4_53,13.433770071880778,0.26592180882935207
ESPECIALIDAD_MEDICA_RADIOTERAPIA ONCOLÓGICA,13.429302569336826,0.266194384834013
PROCEDIMIENTO3_56,13.41100168700264,0.26731307486100325
PROCEDIMIENTO10_10,13.385080361399726,0.2689033552723591
PROCEDIMIENTO28_91,13.372738252591445,0.26966292488776467
DIAGNOSTICO29_T,13.368632967167143,0.2699159162378227
DIAGNOSTICO23_U,13.361578088866867,0.2703510750268337
PROCEDIMIENTO20_16,13.353393316322355,0.2708565561461012
PROCEDIMIENTO19_44,13.353167465099013,0.27087051399741735
DIAGNOSTICO23_N,13.353098767842884,0.27087475966450536
PROCEDIMIENTO25_44,13.3524321593408,0.27091596025306675
DIAGNOSTICO33_I,13.338041897276344,0.27180646015834875
PROCEDIMIENTO16_38,13.334289765257179,0.2720389929445984
PROCEDIMIENTO4_50,13.320668494223538,0.2728843430738891
DIAGNOSTICO8_L,13.316261537778843,0.2731582436010932
PROCEDIMIENTO7_59,13.311274538886378,0.27346843087124895
PROCEDIMIENTO27_03,13.310955461048776,0.2734882857829941
PROCEDIMIENTO18_31,13.309542473276709,0.2735762225767222
PROCEDIMIENTO2_50,13.308807259177614,0.27362198632340934
PROCEDIMIENTO16_79,13.304282574720103,0.2739037473424574
DIAGNOSTICO10_T,13.29939946873226,0.2742080594413776
PROCEDIMIENTO2_65,13.294535201329346,0.27451143643101483
PROCEDIMIENTO22_73,13.290980057123965,0.2747333162091883
PROCEDIMIENTO14_92,13.286224600552472,0.27503030770813175
PROCEDIMIENTO9_21,13.286152216388768,0.2750348300614891
PROCEDIMIENTO29_89,13.279623445630762,0.27544294595341695
PROCEDIMIENTO11_38,13.275447364991859,0.2757042195721561
PROCEDIMIENTO12_85,13.261360170818893,0.27658687164319035
PROCEDIMIENTO18_16,13.260329005312702,0.2766515592602692
PROCEDIMIENTO19_97,13.256674510058392,0.27688090126853815
PROCEDIMIENTO6_07,13.255520525871125,0.276953348821273
PROCEDIMIENTO29_91,13.24201428362097,0.2778022734731968
PROCEDIMIENTO5_86,13.23703270133731,0.2781158511679813
PROCEDIMIENTO5_81,13.23290901151443,0.2783756159643276
PROCEDIMIENTO4_54,13.213325913958437,0.2796115591876011
PROCEDIMIENTO14_33,13.212145876394944,0.2796861580728836
PROCEDIMIENTO26_46,13.202444598769906,0.28029997937540824
ESPECIALIDAD_MEDICA_ODONTOLOGÍA,13.193499707291032,0.28086678288140826
PROCEDIMIENTO8_46,13.181432089258891,0.281632739281
PROCEDIMIENTO9_96,13.17770854193089,0.2818693767088872
DIAGNOSTICO9_X,13.175860633265119,0.28198686615312735
PROCEDIMIENTO4_97,13.16848649645688,0.2824560540503179
PROCEDIMIENTO5_78,13.165882507155233,0.2826218667582229
DIAGNOSTICO22_Y,13.159013500353348,0.2830595883232703
PROCEDIMIENTO9_41,13.152050155276495,0.28350380675832276
PROCEDIMIENTO24_00,13.149476598567754,0.28366810743488813
PROCEDIMIENTO20_78,13.148399214139905,0.2837369094881071
DIAGNOSTICO19_U,13.146615187902526,0.28385086358888684
DIAGNOSTICO18_P,13.146366990455384,0.2838667196616656
DIAGNOSTICO22_Q,13.132732110886872,0.28473873630457264
PROCEDIMIENTO2_98,13.130292486850054,0.2848949596188279
PROCEDIMIENTO4_20,13.129344387697753,0.2849556880987229
PROCEDIMIENTO9_45,13.128477159596263,0.2850112444843662
PROCEDIMIENTO13_80,13.125854025790012,0.2851793338539249
PROCEDIMIENTO11_43,13.122502959705622,0.2853941696657165
DIAGNOSTICO19_B,13.118204989579194,0.28566987677682243
PROCEDIMIENTO12_58,13.11106420998674,0.2861283564029062
PROCEDIMIENTO16_76,13.105049054789118,0.28651496290342104
DIAGNOSTICO26_P,13.099840470503343,0.2868500237963476
PROCEDIMIENTO14_80,13.095431397109277,0.287133866800052
PROCEDIMIENTO2_96,13.086437689498247,0.28771346180288127
PROCEDIMIENTO15_35,13.084742622377401,0.28782279077661277
DIAGNOSTICO31_J,13.081858724066741,0.2880088638392699
PROCEDIMIENTO10_03,13.079646990624225,0.2881516246418724
PROCEDIMIENTO22_59,13.077927577448783,0.28826264166494375
PROCEDIMIENTO21_38,13.067823450982331,0.2889156342399534
DIAGNOSTICO35_Y,13.04369562461478,0.29047908393381794
DIAGNOSTICO2_S,13.040607714711845,0.2906795991038193
DIAGNOSTICO21_W,13.040140426644864,0.29070995107635755
PROCEDIMIENTO7_41,13.039620483586607,0.29074372575482704
DIAGNOSTICO18_W,13.03786940843936,0.29085749283345913
PROCEDIMIENTO23_16,13.030373948729997,0.2913448203537144
PROCEDIMIENTO15_34,13.028487558694643,0.2914675556007259
DIAGNOSTICO10_U,13.007547877715187,0.2928323697888427
PROCEDIMIENTO25_38,13.005917570318706,0.2929388156067228
PROCEDIMIENTO29_36,13.003131254407744,0.29312080125916695
PROCEDIMIENTO26_35,13.00187260580733,0.293203034329533
DIAGNOSTICO1_NA,12.992183916914257,0.29383657240399325
DIAGNOSTICO30_R,12.98883042085025,0.2940560755496695
PROCEDIMIENTO24_31,12.976976010011711,0.29483291236455345
PROCEDIMIENTO8_14,12.97137736196024,0.29520029099230016
PROCEDIMIENTO29_57,12.96837225317258,0.2953976136487621
DIAGNOSTICO29_I,12.962499541252651,0.29578349196092224
PROCEDIMIENTO6_45,12.959720788564503,0.29596619625288934
PROCEDIMIENTO22_79,12.957624803929805,0.29610405955173247
PROCEDIMIENTO13_16,12.953099093822136,0.29640188847005783
DIAGNOSTICO10_W,12.94105803213173,0.2971952911550302
PROCEDIMIENTO16_48,12.92870170130182,0.2980109810786229
DIAGNOSTICO19_E,12.924064138507998,0.29831752044023013
PROCEDIMIENTO5_76,12.917759311210794,0.298734610975669
PROCEDIMIENTO1_25,12.915425819160603,0.2988890823346497
PROCEDIMIENTO11_65,12.907600100848033,0.29940752431179635
PROCEDIMIENTO26_02,12.90594498744133,0.29951725179566235
DIAGNOSTICO32_W,12.889072412770343,0.30063740492828495
DIAGNOSTICO25_G,12.87986612463085,0.30124980504400994
PROCEDIMIENTO8_56,12.879498359507915,0.3012742863455452
PROCEDIMIENTO12_20,12.877527216335736,0.30140552404794013
PROCEDIMIENTO20_79,12.877450657904937,0.30141062205487573
DIAGNOSTICO24_R,12.875768927608778,0.30152262288054116
PROCEDIMIENTO3_06,12.865329323625298,0.3022185197539787
PROCEDIMIENTO21_75,12.856640883542116,0.3027985180113081
PROCEDIMIENTO28_68,12.852382133357642,0.30308308781330906
PROCEDIMIENTO11_03,12.845626955063068,0.3035348416565421
PROCEDIMIENTO9_04,12.845164527145755,0.3035657833270262
PROCEDIMIENTO14_70,12.839668362438495,0.3039337030462584
PROCEDIMIENTO22_21,12.832316531850987,0.30442631612313875
PROCEDIMIENTO15_68,12.826092958820908,0.30484375264471036
DIAGNOSTICO11_Q,12.817685723255824,0.30540827049952723
DIAGNOSTICO35_Q,12.803635524133897,0.3063532730399072
PROCEDIMIENTO17_36,12.803622133561918,0.30635417461841846
PROCEDIMIENTO6_49,12.801454242118314,0.30650016098618027
PROCEDIMIENTO6_64,12.798619576407862,0.3066911190078267
PROCEDIMIENTO7_00,12.796459997174289,0.3068366535693439
PROCEDIMIENTO14_24,12.788805172250854,0.3073528896011877
DIAGNOSTICO35_L,12.78612402815987,0.30753384258740657
PROCEDIMIENTO16_55,12.744068154903378,0.31038163104648897
PROCEDIMIENTO10_64,12.730126348992169,0.31132958847358894
PROCEDIMIENTO9_68,12.722185031666259,0.31187041595110493
PROCEDIMIENTO15_81,12.718133286425209,0.31214659413822077
PROCEDIMIENTO12_08,12.717088188177401,0.31221785747756997
PROCEDIMIENTO5_71,12.708832931777092,0.31278115086677
PROCEDIMIENTO10_58,12.70845117354152,0.31280721637988135
PROCEDIMIENTO29_37,12.706104933198969,0.31296744377930596
DIAGNOSTICO14_R,12.70293156030317,0.3131842442322521
PROCEDIMIENTO26_55,12.70288326848775,0.31318754423718814
PROCEDIMIENTO11_75,12.69733816959062,0.31356662114511874
PROCEDIMIENTO16_39,12.691361727978276,0.31397552854124683
PROCEDIMIENTO6_31,12.689708384999651,0.3140887128538894
DIAGNOSTICO2_U,12.68266335661363,0.3145713053381709
PROCEDIMIENTO13_48,12.67519142559486,0.31508368079591775
DIAGNOSTICO29_B,12.671762793272842,0.3153189795429674
PROCEDIMIENTO23_92,12.668001873420714,0.31557721683508944
PROCEDIMIENTO19_00,12.663086304643839,0.31591494820900984
PROCEDIMIENTO28_36,12.660678839559363,0.3160804442674479
PROCEDIMIENTO21_16,12.65236203607452,0.3166526084353651
PROCEDIMIENTO14_76,12.642555328672504,0.3173281551964811
DIAGNOSTICO5_S,12.64214635747861,0.3173563484141831
PROCEDIMIENTO1_49,12.63948660420523,0.31753974415886427
PROCEDIMIENTO2_19,12.638337089317687,0.31761902743772774
PROCEDIMIENTO10_94,12.635095144037365,0.31784269856580133
PROCEDIMIENTO10_69,12.633482726400453,0.31795398274679876
PROCEDIMIENTO20_41,12.63265170366014,0.3180113474968433
PROCEDIMIENTO17_42,12.631236743671584,0.31810903667984564
PROCEDIMIENTO30_88,12.61558936778446,0.31919065987427625
PROCEDIMIENTO13_23,12.613461050944034,0.31933796717906726
DIAGNOSTICO2_D,12.601438186553052,0.3201709496671141
PROCEDIMIENTO5_12,12.600609594290066,0.3202284099576074
DIAGNOSTICO18_A,12.59992343593103,0.3202759980501142
PROCEDIMIENTO8_36,12.593275495122587,0.32073730342724777
PROCEDIMIENTO15_51,12.5865719226045,0.3212029123649798
PROCEDIMIENTO21_39,12.582456754553306,0.3214889593221599
PROCEDIMIENTO6_77,12.57610306801769,0.32193093576770637
PROCEDIMIENTO5_14,12.57246149978395,0.32218443136923564
DIAGNOSTICO23_W,12.570746664870175,0.3223038493056365
DIAGNOSTICO16_Y,12.566418544075448,0.32260538099400304
PROCEDIMIENTO22_80,12.563512060669034,0.3228079739667982
PROCEDIMIENTO10_53,12.560344196183607,0.32302888132711055
PROCEDIMIENTO17_04,12.560239011090973,0.3230362179894863
PROCEDIMIENTO2_58,12.558336549859124,0.3231689335775769
PROCEDIMIENTO13_47,12.557389048711764,0.32323504454996926
PROCEDIMIENTO15_95,12.555759198190476,0.32334878654645943
DIAGNOSTICO18_S,12.54745073258587,0.32392901545888697
PROCEDIMIENTO4_24,12.545934153886822,0.32403500065235447
PROCEDIMIENTO12_34,12.54437371686738,0.32414407457035804
PROCEDIMIENTO20_29,12.54007624357148,0.3244445905235428
PROCEDIMIENTO7_60,12.534586306761828,0.3248287589416438
PROCEDIMIENTO11_35,12.534540059415109,0.32483199644840727
PROCEDIMIENTO2_68,12.525725882720408,0.32544941084647344
PROCEDIMIENTO29_53,12.523052686024508,0.3256368140906807
DIAGNOSTICO26_M,12.518355090507425,0.3259663076427857
PROCEDIMIENTO3_24,12.517906237106441,0.3259978020112193
ESPECIALIDAD_MEDICA_NUTRICIÓN Y DIABETES,12.516355594022848,0.32610662013550257
PROCEDIMIENTO2_07,12.511325579284806,0.3264597702371565
DIAGNOSTICO29_U,12.51119714462886,0.32646879071477647
PROCEDIMIENTO9_74,12.508394213837171,0.32666569219822744
ESPECIALIDAD_MEDICA_MEDICINA TRANSFUSIONAL,12.507612129398082,0.3267206462154794
PROCEDIMIENTO17_02,12.507160152802204,0.3267524075925164
PROCEDIMIENTO6_37,12.502898251705432,0.327051999603568
PROCEDIMIENTO6_30,12.50264408099852,0.32706987228697393
DIAGNOSTICO19_L,12.498560966719506,0.3273570744457123
PROCEDIMIENTO27_81,12.486263746871522,0.3282230401522861
PROCEDIMIENTO9_44,12.484122995257374,0.3283739431865525
DIAGNOSTICO34_Z,12.48271830907396,0.32847298496689126
DIAGNOSTICO22_V,12.469167889549874,0.32942939600286686
DIAGNOSTICO32_S,12.46818290607061,0.32949898814064077
PROCEDIMIENTO4_48,12.464369414952639,0.32976851302362997
PROCEDIMIENTO15_44,12.462598554905725,0.32989372010913853
PROCEDIMIENTO16_01,12.457733722224411,0.3302378423252784
PROCEDIMIENTO17_29,12.448829162856004,0.3308683234444776
PROCEDIMIENTO20_86,12.44692573696585,0.33100319515111226
DIAGNOSTICO22_D,12.442495479062226,0.33131724912876814
PROCEDIMIENTO8_85,12.434710798861108,0.33186955914836685
PROCEDIMIENTO13_33,12.43320040650778,0.33197678778579087
PROCEDIMIENTO19_39,12.420148872186303,0.33290429833512447
PROCEDIMIENTO8_29,12.41569333798602,0.3332213140288625
DIAGNOSTICO16_B,12.415153503885596,0.33325973696426875
DIAGNOSTICO21_B,12.414806887473263,0.3332844090476485
PROCEDIMIENTO3_21,12.410998834072323,0.3335555429230039
PROCEDIMIENTO3_37,12.405377960832732,0.33395600912776696
PROCEDIMIENTO28_84,12.39716215013023,0.334541910930715
PROCEDIMIENTO9_62,12.391883397899232,0.3349187077697093
PROCEDIMIENTO4_07,12.383600599809881,0.335510481939208
PROCEDIMIENTO13_92,12.383007263332303,0.3355528992780719
PROCEDIMIENTO30_90,12.3820431960376,0.33562182731570633
PROCEDIMIENTO8_06,12.377811628013726,0.3359244795901694
DIAGNOSTICO29_K,12.376795891883624,0.33599715358241605
PROCEDIMIENTO9_48,12.374243310376425,0.33617983039637095
PROCEDIMIENTO24_29,12.373520116341126,0.33623159771127814
PROCEDIMIENTO26_84,12.371907393338727,0.33634705722584035
PROCEDIMIENTO30_68,12.370799164004426,0.33642641328768885
DIAGNOSTICO14_Y,12.370255908011423,0.3364653181471826
PROCEDIMIENTO23_03,12.36581923822555,0.33678315460076036
DIAGNOSTICO23_X,12.35647294266774,0.3374533374481075
PROCEDIMIENTO16_54,12.355442515649745,0.3375272770702376
PROCEDIMIENTO29_75,12.350625594846875,0.3378730586628623
PROCEDIMIENTO28_01,12.34704553050131,0.3381301992018663
DIAGNOSTICO13_J,12.342235422821075,0.33847588492131986
DIAGNOSTICO15_W,12.337001039212645,0.33885231775892827
DIAGNOSTICO21_C,12.331489269241462,0.33924898708996976
DIAGNOSTICO34_G,12.32873518361491,0.3394473029631592
PROCEDIMIENTO24_33,12.328184949400253,0.33948693300293853
DIAGNOSTICO31_H,12.326035635725257,0.3396417632607565
PROCEDIMIENTO9_55,12.319315552941031,0.34012614797995894
PROCEDIMIENTO26_41,12.318982688194142,0.34015015233393764
PROCEDIMIENTO8_12,12.311115252121878,0.34071782136886575
DIAGNOSTICO25_L,12.301718652974529,0.3413966134478554
PROCEDIMIENTO18_14,12.296916117677158,0.34174387005775536
DIAGNOSTICO20_S,12.296748478627732,0.34175599556364805
PROCEDIMIENTO12_12,12.292184829480414,0.3420861936930603
PROCEDIMIENTO18_87,12.290471806455054,0.34221018981790546
PROCEDIMIENTO19_37,12.289051112632789,0.3423130474439263
DIAGNOSTICO17_X,12.288853692756753,0.342327342106337
PROCEDIMIENTO30_03,12.286008183163586,0.3425334200383401
PROCEDIMIENTO12_98,12.28302412696305,0.34274961606852306
PROCEDIMIENTO5_72,12.281838565365543,0.3428355344040679
PROCEDIMIENTO15_08,12.27138171417452,0.3435939377339376
ESPECIALIDAD_MEDICA_GASTROENTEROLOGÍA,12.266881986289835,0.3439206147840184
DIAGNOSTICO24_F,12.263965657310514,0.34413244277367405
PROCEDIMIENTO5_17,12.263715373233792,0.3441506260261829
DIAGNOSTICO14_T,12.25841631847362,0.34453574689294986
DIAGNOSTICO27_I,12.2528902735051,0.34493765379589886
DIAGNOSTICO22_R,12.252137582205519,0.3449924195385033
PROCEDIMIENTO11_48,12.244090805402719,0.34557824401700393
PROCEDIMIENTO9_71,12.221905480217139,0.3471966230478094
PROCEDIMIENTO9_14,12.212009652996445,0.34792003470809
PROCEDIMIENTO9_78,12.210997764375922,0.3479940596007733
PROCEDIMIENTO27_09,12.210439173028059,0.3480349276698049
PROCEDIMIENTO14_32,12.210439173028059,0.3480349276698049
PROCEDIMIENTO26_80,12.210439173028059,0.3480349276698049
PROCEDIMIENTO27_76,12.210439173028059,0.3480349276698049
PROCEDIMIENTO27_69,12.210439173028059,0.3480349276698049
PROCEDIMIENTO24_85,12.210439173028059,0.3480349276698049
PROCEDIMIENTO13_28,12.210439173028059,0.3480349276698049
PROCEDIMIENTO14_20,12.210439173028059,0.3480349276698049
PROCEDIMIENTO30_71,12.210439173028059,0.3480349276698049
PROCEDIMIENTO20_17,12.210439173028059,0.3480349276698049
PROCEDIMIENTO15_43,12.208205809515523,0.34819835663204507
PROCEDIMIENTO11_66,12.205680471993896,0.3483832089119456
PROCEDIMIENTO4_82,12.204225532237658,0.3484897369427208
PROCEDIMIENTO30_36,12.203918079649075,0.3485122506639564
PROCEDIMIENTO21_04,12.193546501186944,0.34927225869490247
PROCEDIMIENTO8_76,12.193209181437783,0.34929699414471566
PROCEDIMIENTO7_65,12.185018984487748,0.34989791147908667
PROCEDIMIENTO12_81,12.178472010062341,0.35037872792661695
PROCEDIMIENTO2_16,12.174330364044351,0.35068310685070536
PROCEDIMIENTO10_22,12.170831587950707,0.35094036791139716
DIAGNOSTICO24_G,12.168910607765785,0.35108166529235835
PROCEDIMIENTO15_45,12.164144575578955,0.35143238262413046
PROCEDIMIENTO12_64,12.163622225141266,0.3514708339764731
PROCEDIMIENTO25_94,12.157535297995071,0.35191909845696345
PROCEDIMIENTO5_49,12.140589245704017,0.3531689366370279
PROCEDIMIENTO10_39,12.138109024510467,0.35335209291448116
DIAGNOSTICO34_J,12.13395282723725,0.35365914624299166
PROCEDIMIENTO30_89,12.132594969669437,0.35375949835801757
PROCEDIMIENTO29_01,12.123808403799648,0.3544092923927646
PROCEDIMIENTO6_54,12.119338971340307,0.354740103341938
PROCEDIMIENTO8_91,12.119159106769109,0.3547534202403677
DIAGNOSTICO2_G,12.114427334105963,0.35510386416846745
PROCEDIMIENTO5_74,12.110819184898252,0.35537123373004237
PROCEDIMIENTO10_52,12.107972203367007,0.35558228703564826
PROCEDIMIENTO20_92,12.101355879023288,0.3560730682888027
PROCEDIMIENTO22_75,12.10086167052946,0.35610974406559626
PROCEDIMIENTO7_33,12.095260337429808,0.3565255876893519
DIAGNOSTICO26_S,12.0932869456267,0.3566721635596072
PROCEDIMIENTO17_69,12.093043417142745,0.3566902544732821
PROCEDIMIENTO4_23,12.089055324878435,0.35698659661445226
PROCEDIMIENTO7_43,12.070097102362588,0.35839738467058435
DIAGNOSTICO34_F,12.065498076025328,0.3587401376787012
PROCEDIMIENTO25_18,12.061422462984899,0.35904404952164215
DIAGNOSTICO7_S,12.060429255318237,0.3591181352340937
PROCEDIMIENTO28_48,12.058673255608134,0.35924914225736315
PROCEDIMIENTO4_98,12.054526421168713,0.3595586342162648
PROCEDIMIENTO5_40,12.052040388583123,0.35974425303015006
DIAGNOSTICO31_W,12.051053801833817,0.3598179324070574
PROCEDIMIENTO22_46,12.046637510927486,0.3601478586181239
PROCEDIMIENTO11_50,12.043883089657609,0.3603537254737104
PROCEDIMIENTO8_23,12.042818847159275,0.36043328669893326
PROCEDIMIENTO11_30,12.03188134951912,0.36125157783740736
DIAGNOSTICO28_D,12.027709243911453,0.36156401217303924
DIAGNOSTICO15_U,12.027318155288576,0.36159330784035604
DIAGNOSTICO21_F,12.023076482064027,0.36191113572065786
DIAGNOSTICO15_F,12.011561300774677,0.3627748209552433
PROCEDIMIENTO13_06,12.00317020840392,0.3634049728172937
PROCEDIMIENTO14_04,12.00150614960069,0.3635300184913476
ESPECIALIDAD_MEDICA_NEUROCIRUGÍA PEDIÁTRICA,11.999584077697138,0.3636744849436677
PROCEDIMIENTO12_59,11.995002113717435,0.3640190137483261
PROCEDIMIENTO8_81,11.988835576463282,0.3644830015666656
DIAGNOSTICO5_U,11.984854237109044,0.36478275843177016
PROCEDIMIENTO26_59,11.977805464506986,0.36531382826680336
PROCEDIMIENTO11_18,11.96833457463658,0.3660281185591759
PROCEDIMIENTO12_01,11.966786676781044,0.3661449401584538
PROCEDIMIENTO5_37,11.959531563396737,0.36669279046210174
PROCEDIMIENTO15_66,11.95827184424402,0.36678796489822324
DIAGNOSTICO21_N,11.952740107691035,0.36720607477253386
DIAGNOSTICO33_H,11.950082218254872,0.3674070699100728
PROCEDIMIENTO2_85,11.947391906168473,0.36761058407941943
PROCEDIMIENTO2_04,11.946793670058245,0.3676558480564769
PROCEDIMIENTO12_46,11.94160373372382,0.3680486712070818
PROCEDIMIENTO19_22,11.93699600824809,0.36839763767066197
PROCEDIMIENTO22_22,11.92752279327411,0.36911571382263925
DIAGNOSTICO26_V,11.9270108729486,0.36915454153058835
ESPECIALIDAD_MEDICA_CIRUGÍA DE TÓRAX,11.926971688665867,0.3691575136480359
DIAGNOSTICO4_U,11.924945973053104,0.3693111831032778
PROCEDIMIENTO8_86,11.924877634464075,0.3693163678895544
PROCEDIMIENTO11_74,11.919213293484441,0.36974626728959586
PROCEDIMIENTO11_55,11.918026829863091,0.36983635262747777
PROCEDIMIENTO12_65,11.912811202985365,0.3702325178392933
DIAGNOSTICO19_Y,11.907543330407787,0.3706329079958401
PROCEDIMIENTO28_34,11.901748507206154,0.3710736471091275
DIAGNOSTICO34_N,11.900476263903096,0.3711704523155167
DIAGNOSTICO26_R,11.89812289672324,0.371349559979084
PROCEDIMIENTO10_81,11.896388168670214,0.37148161776068583
PROCEDIMIENTO28_14,11.894819625339412,0.37160104858687704
DIAGNOSTICO10_G,11.891670877397704,0.371840866955438
DIAGNOSTICO12_W,11.891023328743028,0.37189019764664366
PROCEDIMIENTO11_34,11.884784772287235,0.3723656539394723
PROCEDIMIENTO16_52,11.873006871951487,0.3732642592212714
PROCEDIMIENTO6_48,11.866547936943844,0.37375759354276944
PROCEDIMIENTO16_04,11.86583543667553,0.3738120379937183
PROCEDIMIENTO26_22,11.865076226947224,0.37387005682105384
PROCEDIMIENTO6_89,11.864379593407234,0.37392329825343856
PROCEDIMIENTO9_90,11.859337303513742,0.37430879750792667
PROCEDIMIENTO10_36,11.855010796539167,0.37463975971649055
PROCEDIMIENTO10_66,11.850567757247816,0.3749798157237549
PROCEDIMIENTO6_42,11.847955328484032,0.37517984752495953
DIAGNOSTICO30_G,11.820856339154329,0.3772584986382355
DIAGNOSTICO19_N,11.815503774964151,0.37766986867043745
DIAGNOSTICO24_H,11.812172139971567,0.37792605319665645
PROCEDIMIENTO12_92,11.804280928158812,0.37853324956909207
PROCEDIMIENTO23_75,11.804220634724844,0.3785378910942834
PROCEDIMIENTO8_45,11.798016791201658,0.3790156546490788
PROCEDIMIENTO8_61,11.78000188629985,0.3804049902824168
DIAGNOSTICO35_Z,11.776947791129954,0.38064081985826226
PROCEDIMIENTO25_79,11.771938318049168,0.3810278227003042
DIAGNOSTICO4_W,11.771452038736586,0.3810654019804718
DIAGNOSTICO12_C,11.763674357254374,0.3816667473019878
PROCEDIMIENTO9_37,11.763672260579385,0.38166690948429155
PROCEDIMIENTO9_60,11.750687330691036,0.38267208724972784
DIAGNOSTICO29_F,11.744595097571391,0.38314422085612493
DIAGNOSTICO15_M,11.740871661127462,0.3834329438978284
PROCEDIMIENTO13_95,11.739313191117985,0.3835538281836109
DIAGNOSTICO33_E,11.73645028982386,0.38377594926456243
PROCEDIMIENTO1_02,11.72476292420311,0.3846834941198925
DIAGNOSTICO7_C,11.719620109102113,0.38508323380816245
PROCEDIMIENTO17_59,11.717917188866613,0.38521565064076385
PROCEDIMIENTO21_49,11.715347737546717,0.385415497288264
PROCEDIMIENTO15_11,11.715347737546717,0.385415497288264
PROCEDIMIENTO23_14,11.715347737546717,0.385415497288264
PROCEDIMIENTO15_20,11.715347737546717,0.385415497288264
PROCEDIMIENTO26_47,11.715347737546717,0.385415497288264
PROCEDIMIENTO17_61,11.715347737546717,0.385415497288264
PROCEDIMIENTO17_26,11.715347737546717,0.385415497288264
PROCEDIMIENTO16_06,11.715347737546717,0.385415497288264
PROCEDIMIENTO25_45,11.703649410350035,0.3863261211082045
PROCEDIMIENTO16_84,11.70241963470507,0.3864219211447941
PROCEDIMIENTO13_56,11.70106076528075,0.3865277934617672
PROCEDIMIENTO8_90,11.694082528073544,0.3870717438257933
PROCEDIMIENTO25_28,11.69078904243603,0.3873286214802609
DIAGNOSTICO35_O,11.69078904243603,0.3873286214802609
PROCEDIMIENTO30_26,11.69078904243603,0.3873286214802609
PROCEDIMIENTO24_61,11.69078904243603,0.3873286214802609
PROCEDIMIENTO11_62,11.69078904243603,0.3873286214802609
PROCEDIMIENTO24_11,11.69078904243603,0.3873286214802609
PROCEDIMIENTO19_17,11.69078904243603,0.3873286214802609
PROCEDIMIENTO18_49,11.69078904243603,0.3873286214802609
PROCEDIMIENTO28_09,11.69078904243603,0.3873286214802609
PROCEDIMIENTO22_60,11.69078904243603,0.3873286214802609
PROCEDIMIENTO25_61,11.69078904243603,0.3873286214802609
PROCEDIMIENTO27_56,11.69078904243603,0.3873286214802609
PROCEDIMIENTO29_60,11.69078904243603,0.3873286214802609
PROCEDIMIENTO23_27,11.69078904243603,0.3873286214802609
PROCEDIMIENTO9_19,11.69078904243603,0.3873286214802609
PROCEDIMIENTO19_82,11.69078904243603,0.3873286214802609
DIAGNOSTICO30_V,11.69078904243603,0.3873286214802609
PROCEDIMIENTO15_10,11.69078904243603,0.3873286214802609
PROCEDIMIENTO29_58,11.69078904243603,0.3873286214802609
PROCEDIMIENTO7_40,11.684967688610008,0.38778290007869776
DIAGNOSTICO25_I,11.682543076003933,0.3879721982505298
PROCEDIMIENTO11_78,11.681588440947772,0.38804674448259313
PROCEDIMIENTO18_44,11.680481807821561,0.38813317027274097
PROCEDIMIENTO11_86,11.677109882674449,0.38839657840754915
PROCEDIMIENTO28_16,11.671004574707647,0.3888737720868991
PROCEDIMIENTO28_97,11.670126689762167,0.38894241541080227
PROCEDIMIENTO4_77,11.667191084874347,0.38917200543943775
DIAGNOSTICO18_Q,11.667035006285046,0.3891842143104983
PROCEDIMIENTO16_81,11.65841186044819,0.38985907734810166
DIAGNOSTICO2_R,11.654457420674238,0.3901687810479221
PROCEDIMIENTO14_25,11.654007330909646,0.39020404000954595
PROCEDIMIENTO4_10,11.653781443988112,0.39022173613475614
PROCEDIMIENTO14_12,11.64434938773054,0.39096105548098004
PROCEDIMIENTO24_65,11.64434938773054,0.39096105548098004
PROCEDIMIENTO18_64,11.64434938773054,0.39096105548098004
PROCEDIMIENTO16_74,11.64434938773054,0.39096105548098004
PROCEDIMIENTO18_74,11.64434938773054,0.39096105548098004
PROCEDIMIENTO18_63,11.64434938773054,0.39096105548098004
PROCEDIMIENTO10_05,11.64434938773054,0.39096105548098004
PROCEDIMIENTO12_30,11.64434938773054,0.39096105548098004
PROCEDIMIENTO16_20,11.64434938773054,0.39096105548098004
PROCEDIMIENTO15_05,11.64434938773054,0.39096105548098004
PROCEDIMIENTO22_32,11.64434938773054,0.39096105548098004
PROCEDIMIENTO28_40,11.64434938773054,0.39096105548098004
PROCEDIMIENTO20_12,11.64434938773054,0.39096105548098004
PROCEDIMIENTO8_19,11.64434938773054,0.39096105548098004
PROCEDIMIENTO23_07,11.64434938773054,0.39096105548098004
PROCEDIMIENTO21_60,11.64434938773054,0.39096105548098004
PROCEDIMIENTO7_63,11.64434938773054,0.39096105548098004
PROCEDIMIENTO15_82,11.64434938773054,0.39096105548098004
PROCEDIMIENTO23_62,11.64434938773054,0.39096105548098004
PROCEDIMIENTO19_09,11.64434938773054,0.39096105548098004
PROCEDIMIENTO10_29,11.638633088756547,0.3914095057076447
PROCEDIMIENTO3_69,11.638062176602991,0.3914543103929687
PROCEDIMIENTO12_84,11.634066334637659,0.3917679817082661
PROCEDIMIENTO1_31,11.633683790277065,0.3917980186678292
DIAGNOSTICO18_V,11.631315599115805,0.3919839953609415
PROCEDIMIENTO3_23,11.627142253997437,0.39231185406288044
DIAGNOSTICO17_O,11.622145245975588,0.39270462325262234
PROCEDIMIENTO27_98,11.621011904918928,0.3927937356666231
PROCEDIMIENTO16_00,11.618522119627098,0.3929895426584133
PROCEDIMIENTO28_02,11.616212322544763,0.3931712437654073
PROCEDIMIENTO7_25,11.614916014444626,0.3932732390673028
DIAGNOSTICO15_R,11.614250302820903,0.3933256239571046
DIAGNOSTICO13_B,11.60200096454621,0.39429022521545776
PROCEDIMIENTO14_21,11.599826654246044,0.39446158474185755
PROCEDIMIENTO23_43,11.592620475430763,0.3950298092059703
PROCEDIMIENTO6_10,11.589612528507843,0.3952671285688361
DIAGNOSTICO32_G,11.589049507320473,0.3953115583725132
DIAGNOSTICO3_J,11.58760767434396,0.39542535076685426
PROCEDIMIENTO20_18,11.586550615387067,0.39550878765161596
PROCEDIMIENTO28_46,11.58294067209715,0.39579380568604655
PROCEDIMIENTO25_43,11.570637828505518,0.3967660209378798
PROCEDIMIENTO3_83,11.567754460253322,0.3969940675750328
DIAGNOSTICO30_M,11.558913890748142,0.3976937262173932
PROCEDIMIENTO6_23,11.557797739036621,0.3977821092054472
PROCEDIMIENTO4_30,11.552532316401422,0.398199201304967
PROCEDIMIENTO11_58,11.540526594428494,0.39915112266945457
PROCEDIMIENTO6_83,11.532859029873807,0.3997597348516081
PROCEDIMIENTO24_68,11.53068798586308,0.39993215441862384
PROCEDIMIENTO15_02,11.52663335383742,0.400254274422138
PROCEDIMIENTO26_34,11.525730517710866,0.4003260196793309
DIAGNOSTICO19_V,11.514517604631882,0.40121766207476733
DIAGNOSTICO20_W,11.511531900774715,0.4014552672499556
PROCEDIMIENTO11_14,11.505940460797927,0.40190044757223425
PROCEDIMIENTO24_55,11.485154113647505,0.4035577940811637
PROCEDIMIENTO1_83,11.480710385296154,0.4039125881137163
PROCEDIMIENTO9_35,11.473241205074991,0.4045093226044673
PROCEDIMIENTO11_36,11.464611901318264,0.40519934104567956
DIAGNOSTICO22_O,11.46405717460257,0.4052437201520325
PROCEDIMIENTO11_70,11.463270807410817,0.4053066354347327
PROCEDIMIENTO11_16,11.46178649406231,0.4054254061392463
PROCEDIMIENTO25_70,11.460962877710527,0.4054913178408125
PROCEDIMIENTO18_85,11.458612567711878,0.4056794385882998
PROCEDIMIENTO4_79,11.456888495358376,0.4058174649238676
DIAGNOSTICO32_O,11.43482294173029,0.40758624605205845
DIAGNOSTICO32_I,11.432128789415922,0.4078024954553327
PROCEDIMIENTO17_54,11.427116259785672,0.4082049971354077
PROCEDIMIENTO1_06,11.42654195812606,0.4082511267377338
DIAGNOSTICO13_G,11.426041172763531,0.4082913535903095
PROCEDIMIENTO3_10,11.422880839276814,0.4085452647083216
PROCEDIMIENTO16_22,11.414759901023151,0.40919811662670197
PROCEDIMIENTO13_46,11.39887505190278,0.4104767396399634
DIAGNOSTICO14_U,11.396263313528243,0.4106871718855434
PROCEDIMIENTO11_56,11.391230599140858,0.41109282926435603
DIAGNOSTICO34_I,11.390078444413902,0.41118572781112783
PROCEDIMIENTO14_27,11.384980055223481,0.4115969470716329
PROCEDIMIENTO27_21,11.384865223548896,0.41160621154620375
DIAGNOSTICO22_S,11.37044195055718,0.41277074799648533
PROCEDIMIENTO12_70,11.369977067727634,0.4128083118588999
PROCEDIMIENTO11_47,11.369831970842347,0.4128200364749658
PROCEDIMIENTO21_84,11.367672624612755,0.41299454432271954
PROCEDIMIENTO21_45,11.365952201225229,0.41313360865594184
PROCEDIMIENTO7_95,11.3624308896437,0.41341831904892196
PROCEDIMIENTO7_24,11.361758511055744,0.41347269507152284
PROCEDIMIENTO4_43,11.36113791750356,0.4135228865516527
DIAGNOSTICO29_D,11.360801262448465,0.4135501154132514
PROCEDIMIENTO7_09,11.354149212475857,0.41408833242773263
PROCEDIMIENTO6_57,11.34696132262124,0.41467032155745864
PROCEDIMIENTO15_92,11.34499334336684,0.41482974041776216
DIAGNOSTICO15_Q,11.342401621017755,0.41503973591374077
PROCEDIMIENTO3_66,11.335930924564236,0.4155642723382998
PROCEDIMIENTO26_78,11.333676501390643,0.41574710566396544
PROCEDIMIENTO1_07,11.331936171534279,0.4158882751395347
PROCEDIMIENTO17_37,11.324980956185861,0.4164527102068718
PROCEDIMIENTO3_04,11.32238550334449,0.4166634417411641
ESPECIALIDAD_MEDICA_INMUNOLOGÍA CLÍNICA,11.319064923973912,0.4169331299708551
PROCEDIMIENTO1_09,11.31363605236452,0.41737424543534746
PROCEDIMIENTO16_37,11.31245267187189,0.41747043190791483
PROCEDIMIENTO15_31,11.311817873138486,0.4175220338443359
PROCEDIMIENTO9_58,11.285539110801409,0.41966113056065085
PROCEDIMIENTO4_42,11.285088152869925,0.41969788847975
DIAGNOSTICO31_F,11.284439722868504,0.4197507454368304
PROCEDIMIENTO26_66,11.282381748839057,0.41991852475464925
PROCEDIMIENTO14_64,11.282381748839057,0.41991852475464925
PROCEDIMIENTO9_26,11.282381748839057,0.41991852475464925
PROCEDIMIENTO25_74,11.282381748839057,0.41991852475464925
PROCEDIMIENTO25_26,11.282381748839057,0.41991852475464925
PROCEDIMIENTO30_53,11.282381748839057,0.41991852475464925
PROCEDIMIENTO15_07,11.282381748839057,0.41991852475464925
ESPECIALIDAD_MEDICA_NUTRIÓLOGO,11.282381748839057,0.41991852475464925
PROCEDIMIENTO26_07,11.282381748839057,0.41991852475464925
PROCEDIMIENTO29_50,11.282381748839057,0.41991852475464925
PROCEDIMIENTO20_44,11.27447454985237,0.4205634953855234
DIAGNOSTICO32_F,11.27423299284062,0.4205832066984437
PROCEDIMIENTO20_84,11.270700727766226,0.4208714981825134
DIAGNOSTICO28_C,11.26980642232662,0.42094450463649224
PROCEDIMIENTO18_88,11.269549321583987,0.42096549422349816
PROCEDIMIENTO23_57,11.26089776323099,0.42167212006695864
PROCEDIMIENTO1_18,11.258480614523913,0.42186965321914255
ESPECIALIDAD_MEDICA_CIRUGÍA DIGESTIVA,11.255213145030671,0.4221367520371635
DIAGNOSTICO16_W,11.23863709065041,0.42349310478201957
DIAGNOSTICO24_K,11.235572341261777,0.4237441268254124
PROCEDIMIENTO14_02,11.232953188127329,0.4239587124285122
PROCEDIMIENTO25_53,11.227009176479982,0.4244459088517624
PROCEDIMIENTO18_35,11.223647371768617,0.4247215838603487
PROCEDIMIENTO13_04,11.218074123191064,0.4251788041363837
ESPECIALIDAD_MEDICA_REHABILITACIÓN ORAL,11.216356741438702,0.42531974615630436
PROCEDIMIENTO19_01,11.211514396514941,0.42571727628813627
DIAGNOSTICO16_P,11.209903749566678,0.4258495437247109
PROCEDIMIENTO6_98,11.206147012225408,0.42615813118220114
PROCEDIMIENTO6_44,11.193150673294,0.4272265614593449
PROCEDIMIENTO8_50,11.1902964797254,0.4274613874526439
PROCEDIMIENTO14_48,11.189825933457957,0.4275001074885994
DIAGNOSTICO19_K,11.189515581214465,0.42752564654815656
PROCEDIMIENTO21_55,11.1845368057096,0.42793545873066313
PROCEDIMIENTO12_95,11.18310089837574,0.4280536879497871
PROCEDIMIENTO30_39,11.179790955954786,0.42832628390890265
PROCEDIMIENTO14_86,11.174239275394868,0.42878369952725875
PROCEDIMIENTO5_70,11.165551907119504,0.4294999673729657
PROCEDIMIENTO22_43,11.160904187758693,0.42988341676928354
PROCEDIMIENTO14_42,11.158481085554847,0.430083397693445
PROCEDIMIENTO24_36,11.147978674694278,0.43095071308343036
PROCEDIMIENTO2_54,11.146941541960635,0.4310364097764614
PROCEDIMIENTO7_91,11.14312307920098,0.43135199727171325
PROCEDIMIENTO21_34,11.140894308690093,0.4315362537981751
PROCEDIMIENTO28_83,11.135307326221954,0.4319983132296784
PROCEDIMIENTO24_92,11.131048013446112,0.43235073692177506
PROCEDIMIENTO3_50,11.12406679415443,0.4329286871236904
PROCEDIMIENTO25_88,11.120948674496386,0.4331869496450761
PROCEDIMIENTO6_60,11.113554918410152,0.43379965444833907
DIAGNOSTICO27_P,11.107542320169816,0.43429822338396085
PROCEDIMIENTO12_75,11.100419838052678,0.4348891927289037
PROCEDIMIENTO5_06,11.100205523341737,0.43490698110994364
PROCEDIMIENTO15_39,11.095746712881196,0.43527714956053515
PROCEDIMIENTO3_67,11.088431233111397,0.4358848150570729
PROCEDIMIENTO4_60,11.08329228545927,0.436311935843099
PROCEDIMIENTO4_19,11.082247309060214,0.4363988137324403
PROCEDIMIENTO20_94,11.080883576585022,0.4365122053883914
DIAGNOSTICO16_H,11.075482815785332,0.4369614105226792
ESPECIALIDAD_MEDICA_DERMATOLOGÍA Y VENEROLOGÍA,11.075232198279503,0.43698226101088633
PROCEDIMIENTO7_69,11.067944101501215,0.4375888188103002
PROCEDIMIENTO19_77,11.065401308012108,0.4378005421311154
DIAGNOSTICO20_R,11.063796374437594,0.43793420129349075
PROCEDIMIENTO3_25,11.061975996037617,0.4380858269579335
PROCEDIMIENTO4_52,11.051849746936377,0.4389297467675612
PROCEDIMIENTO23_79,11.044610680369827,0.4395335359257688
DIAGNOSTICO26_I,11.044082994925816,0.439577564446408
PROCEDIMIENTO25_02,11.028856697216513,0.4408489266403017
PROCEDIMIENTO26_42,11.016847641912983,0.44185291346815075
PROCEDIMIENTO5_16,11.0066693883544,0.4427047054437205
PROCEDIMIENTO30_57,10.998140010994579,0.44341911621469476
DIAGNOSTICO20_A,10.997498842870733,0.44347284211059734
PROCEDIMIENTO6_22,10.99083846946182,0.4440311248482067
PROCEDIMIENTO17_87,10.985602799923399,0.44447022323987484
PROCEDIMIENTO11_06,10.985284378280362,0.4444969349235177
PROCEDIMIENTO12_17,10.980372639258224,0.44490906710689593
PROCEDIMIENTO11_77,10.978433817403383,0.4450717992530454
PROCEDIMIENTO25_37,10.974337706411468,0.4454156937361967
ESPECIALIDAD_MEDICA_ENDOCRINOLOGÍA ADULTO,10.97128052224769,0.4456724463288506
PROCEDIMIENTO12_45,10.970708964290958,0.44572045551285655
PROCEDIMIENTO20_36,10.959622966844766,0.44665213358160916
PROCEDIMIENTO29_21,10.959118641983734,0.44669453953169336
PROCEDIMIENTO10_54,10.958188999469565,0.44677271315244205
PROCEDIMIENTO28_79,10.953030867320853,0.44720657829788324
DIAGNOSTICO17_C,10.952205517005623,0.44727601938717687
PROCEDIMIENTO14_74,10.950614107734157,0.4474099274890463
DIAGNOSTICO34_X,10.950614107734157,0.4474099274890463
PROCEDIMIENTO10_07,10.950614107734157,0.4474099274890463
PROCEDIMIENTO18_09,10.950614107734157,0.4474099274890463
PROCEDIMIENTO9_13,10.949720590437835,0.447485120243983
DIAGNOSTICO22_J,10.935904564601854,0.4486485497025482
ESPECIALIDAD_MEDICA_IMAGENOLOGÍA ORAL Y MAXILOFACIAL ,10.928423274836911,0.4492791338925213
PROCEDIMIENTO30_62,10.928423274836911,0.4492791338925213
PROCEDIMIENTO18_11,10.928423274836911,0.4492791338925213
PROCEDIMIENTO25_17,10.928423274836911,0.4492791338925213
PROCEDIMIENTO25_64,10.928423274836911,0.4492791338925213
PROCEDIMIENTO13_30,10.928423274836911,0.4492791338925213
PROCEDIMIENTO23_47,10.928423274836911,0.4492791338925213
PROCEDIMIENTO30_06,10.928423274836911,0.4492791338925213
PROCEDIMIENTO23_85,10.928423274836911,0.4492791338925213
PROCEDIMIENTO29_71,10.928423274836911,0.4492791338925213
PROCEDIMIENTO19_07,10.928423274836911,0.4492791338925213
PROCEDIMIENTO20_05,10.928423274836911,0.4492791338925213
PROCEDIMIENTO12_10,10.928423274836911,0.4492791338925213
PROCEDIMIENTO28_59,10.928423274836911,0.4492791338925213
PROCEDIMIENTO20_20,10.928423274836911,0.4492791338925213
PROCEDIMIENTO26_OTROS,10.928423274836911,0.4492791338925213
PROCEDIMIENTO27_85,10.928423274836911,0.4492791338925213
PROCEDIMIENTO20_32,10.928423274836911,0.4492791338925213
PROCEDIMIENTO25_62,10.928423274836911,0.4492791338925213
PROCEDIMIENTO20_85,10.927394280381412,0.4493658985437837
PROCEDIMIENTO20_49,10.927394280381412,0.4493658985437837
PROCEDIMIENTO10_30,10.927394280381412,0.4493658985437837
PROCEDIMIENTO30_04,10.927394280381412,0.4493658985437837
DIAGNOSTICO8_X,10.927387003196664,0.44936651218290524
PROCEDIMIENTO12_43,10.923946727640061,0.44965665301995617
DIAGNOSTICO20_P,10.92327414199671,0.44971338682332707
DIAGNOSTICO9_T,10.920126937417695,0.4499789037900356
PROCEDIMIENTO29_38,10.909209227197172,0.4509005560557843
PROCEDIMIENTO22_78,10.906830847410049,0.45110145130927226
PROCEDIMIENTO23_13,10.906124323038128,0.4511611375448501
PROCEDIMIENTO24_10,10.906124323038128,0.4511611375448501
ESPECIALIDAD_MEDICA_MEDICINA MATERNO FETAL,10.906124323038128,0.4511611375448501
PROCEDIMIENTO23_06,10.906124323038128,0.4511611375448501
PROCEDIMIENTO23_53,10.906124323038128,0.4511611375448501
PROCEDIMIENTO25_69,10.906124323038128,0.4511611375448501
PROCEDIMIENTO13_61,10.906124323038128,0.4511611375448501
PROCEDIMIENTO23_76,10.906124323038128,0.4511611375448501
PROCEDIMIENTO25_27,10.906124323038128,0.4511611375448501
PROCEDIMIENTO21_26,10.906124323038128,0.4511611375448501
PROCEDIMIENTO20_28,10.906124323038128,0.4511611375448501
PROCEDIMIENTO20_69,10.906124323038128,0.4511611375448501
PROCEDIMIENTO15_28,10.906124323038128,0.4511611375448501
PROCEDIMIENTO26_32,10.906124323038128,0.4511611375448501
PROCEDIMIENTO21_67,10.906124323038128,0.4511611375448501
PROCEDIMIENTO26_28,10.906124323038128,0.4511611375448501
PROCEDIMIENTO26_49,10.906124323038128,0.4511611375448501
PROCEDIMIENTO19_74,10.906124323038128,0.4511611375448501
PROCEDIMIENTO18_32,10.906124323038128,0.4511611375448501
PROCEDIMIENTO16_12,10.906124323038128,0.4511611375448501
PROCEDIMIENTO18_OTROS,10.906124323038128,0.4511611375448501
PROCEDIMIENTO18_30,10.906124323038128,0.4511611375448501
PROCEDIMIENTO18_17,10.906124323038128,0.4511611375448501
PROCEDIMIENTO28_71,10.906124323038128,0.4511611375448501
PROCEDIMIENTO17_65,10.906124323038128,0.4511611375448501
PROCEDIMIENTO11_OTROS,10.906124323038128,0.4511611375448501
PROCEDIMIENTO7_79,10.903086541213437,0.4514178072724818
PROCEDIMIENTO5_93,10.894626250892033,0.4521329966824127
PROCEDIMIENTO28_27,10.894372773044878,0.4521544325237351
PROCEDIMIENTO11_61,10.894372773044878,0.4521544325237351
PROCEDIMIENTO28_60,10.894372773044878,0.4521544325237351
PROCEDIMIENTO29_47,10.894372773044878,0.4521544325237351
PROCEDIMIENTO24_66,10.894372773044878,0.4521544325237351
PROCEDIMIENTO24_08,10.894372773044878,0.4521544325237351
PROCEDIMIENTO24_17,10.894372773044878,0.4521544325237351
PROCEDIMIENTO24_25,10.894372773044878,0.4521544325237351
PROCEDIMIENTO26_05,10.894372773044878,0.4521544325237351
DIAGNOSTICO32_X,10.894372773044878,0.4521544325237351
PROCEDIMIENTO25_24,10.894372773044878,0.4521544325237351
PROCEDIMIENTO26_27,10.894372773044878,0.4521544325237351
PROCEDIMIENTO18_65,10.894372773044878,0.4521544325237351
PROCEDIMIENTO16_OTROS,10.894372773044878,0.4521544325237351
PROCEDIMIENTO17_05,10.894372773044878,0.4521544325237351
PROCEDIMIENTO9_OTROS,10.894372773044878,0.4521544325237351
PROCEDIMIENTO21_25,10.894372773044878,0.4521544325237351
PROCEDIMIENTO7_13,10.892898229727582,0.4522791394793786
PROCEDIMIENTO20_68,10.882726085227423,0.4531398659101904
PROCEDIMIENTO6_11,10.881134193494997,0.4532746340946322
PROCEDIMIENTO28_41,10.869454330456067,0.45426400780070075
PROCEDIMIENTO5_85,10.865025371551127,0.4546394346967495
PROCEDIMIENTO19_29,10.860420807537754,0.4550298983395049
PROCEDIMIENTO2_70,10.858857307893226,0.4551625170016377
ESPECIALIDAD_MEDICA_IMPLANTOLOGIA BUCO MAXILOFACIAL,10.8540037429247,0.4555743175447091
PROCEDIMIENTO24_21,10.852075319604612,0.4557379819632109
PROCEDIMIENTO20_95,10.846339711386456,0.456224919563721
PROCEDIMIENTO17_94,10.845880482680874,0.4562639171242088
PROCEDIMIENTO9_16,10.845430779809654,0.456302107230678
PROCEDIMIENTO5_01,10.841588080983835,0.45662850021739376
PROCEDIMIENTO24_38,10.833666726968685,0.4573016639771854
PROCEDIMIENTO26_54,10.823893304313216,0.4581328401231677
PROCEDIMIENTO24_67,10.823240609163728,0.45818837269370905
PROCEDIMIENTO26_40,10.823240609163728,0.45818837269370905
PROCEDIMIENTO28_12,10.823240609163728,0.45818837269370905
PROCEDIMIENTO22_66,10.823240609163728,0.45818837269370905
PROCEDIMIENTO21_09,10.823240609163728,0.45818837269370905
PROCEDIMIENTO13_13,10.823240609163728,0.45818837269370905
PROCEDIMIENTO22_40,10.823240609163728,0.45818837269370905
PROCEDIMIENTO8_OTROS,10.823240609163728,0.45818837269370905
PROCEDIMIENTO27_12,10.823240609163728,0.45818837269370905
PROCEDIMIENTO29_56,10.823240609163728,0.45818837269370905
PROCEDIMIENTO18_50,10.805998964122884,0.45965642858022937
PROCEDIMIENTO19_84,10.79309451703216,0.4607565754387828
PROCEDIMIENTO7_61,10.790485721614802,0.4609791274555747
PROCEDIMIENTO19_40,10.78874847182686,0.4611273560827541
DIAGNOSTICO19_P,10.776106997456315,0.4622066157883167
DIAGNOSTICO26_T,10.765081541499429,0.46314882731860585
PROCEDIMIENTO13_68,10.760934352122467,0.4635034578386622
PROCEDIMIENTO2_OTROS,10.754728037346274,0.4640343911018088
PROCEDIMIENTO23_84,10.74843580227042,0.4645729491013446
PROCEDIMIENTO22_41,10.748178818156296,0.46459495046479204
PROCEDIMIENTO6_41,10.746998046173378,0.4646960466443456
PROCEDIMIENTO17_47,10.746410460935673,0.4647463585530309
PROCEDIMIENTO3_36,10.74335972719534,0.4650076158290303
PROCEDIMIENTO2_84,10.739428193441793,0.4653443980051173
DIAGNOSTICO10_Y,10.737555588414077,0.4655048463993642
PROCEDIMIENTO12_44,10.732245537289552,0.4659599539288687
DIAGNOSTICO30_F,10.726509235239826,0.4664518132404294
PROCEDIMIENTO14_36,10.726089490645982,0.466487813171361
PROCEDIMIENTO19_43,10.716759058256788,0.4672883631439939
PROCEDIMIENTO4_64,10.716241643641922,0.4673327747917114
PROCEDIMIENTO7_16,10.711857096040337,0.4677091908736487
PROCEDIMIENTO18_90,10.709994266858882,0.46786915583108624
PROCEDIMIENTO11_51,10.706046468624706,0.4682082399626918
PROCEDIMIENTO2_97,10.70379192797833,0.4684019347468803
ESPECIALIDAD_MEDICA_INFECTOLOGÍA PEDIÁTRICA,10.703068389993486,0.4684641035739092
PROCEDIMIENTO5_OTROS,10.70133178310789,0.46861333330321897
PROCEDIMIENTO24_90,10.689741025011848,0.4696098747465012
PROCEDIMIENTO15_88,10.688295128970463,0.4697342530683224
PROCEDIMIENTO15_55,10.68764748144277,0.4697899693653459
DIAGNOSTICO34_U,10.686574519818974,0.46988228116522823
DIAGNOSTICO9_U,10.683160492592586,0.470176057539896
DIAGNOSTICO21_K,10.674604222969862,0.4709126698020891
PROCEDIMIENTO27_36,10.673225362787406,0.47103142267680365
PROCEDIMIENTO28_49,10.672721572765868,0.47107481426150577
PROCEDIMIENTO15_56,10.672721572765868,0.47107481426150577
PROCEDIMIENTO14_05,10.672721572765868,0.47107481426150577
PROCEDIMIENTO17_12,10.672721572765868,0.47107481426150577
PROCEDIMIENTO29_25,10.672721572765868,0.47107481426150577
PROCEDIMIENTO22_62,10.672721572765868,0.47107481426150577
PROCEDIMIENTO22_69,10.672721572765868,0.47107481426150577
PROCEDIMIENTO24_12,10.672721572765868,0.47107481426150577
PROCEDIMIENTO23_64,10.672721572765868,0.47107481426150577
PROCEDIMIENTO26_08,10.672721572765868,0.47107481426150577
PROCEDIMIENTO25_66,10.672721572765868,0.47107481426150577
PROCEDIMIENTO23_08,10.672721572765868,0.47107481426150577
PROCEDIMIENTO25_56,10.672721572765868,0.47107481426150577
PROCEDIMIENTO27_06,10.672721572765868,0.47107481426150577
PROCEDIMIENTO27_11,10.672721572765868,0.47107481426150577
PROCEDIMIENTO20_65,10.672721572765868,0.47107481426150577
PROCEDIMIENTO20_64,10.672721572765868,0.47107481426150577
PROCEDIMIENTO16_17,10.672721572765868,0.47107481426150577
PROCEDIMIENTO17_64,10.672721572765868,0.47107481426150577
PROCEDIMIENTO14_28,10.672721572765868,0.47107481426150577
PROCEDIMIENTO18_26,10.672721572765868,0.47107481426150577
PROCEDIMIENTO19_64,10.672721572765868,0.47107481426150577
PROCEDIMIENTO20_26,10.672721572765868,0.47107481426150577
DIAGNOSTICO22_N,10.672077822768216,0.47113026313370443
DIAGNOSTICO30_S,10.670531244361383,0.47126348780994576
PROCEDIMIENTO18_47,10.667569215085399,0.4715186866503994
PROCEDIMIENTO17_76,10.667569215085399,0.4715186866503994
PROCEDIMIENTO21_40,10.667569215085399,0.4715186866503994
PROCEDIMIENTO29_33,10.667334324024054,0.4715389266324794
PROCEDIMIENTO15_06,10.66316782552777,0.47189800522017256
PROCEDIMIENTO22_96,10.66176685777781,0.47201877012460125
DIAGNOSTICO24_T,10.658420927402256,0.4723072462044242
PROCEDIMIENTO14_16,10.640895939899702,0.47381942239612507
PROCEDIMIENTO22_35,10.63911875437752,0.47397288460966225
DIAGNOSTICO34_P,10.634113677396797,0.47440519218147914
DIAGNOSTICO32_R,10.621718377539317,0.4754765365035655
PROCEDIMIENTO11_80,10.620688984525627,0.47556555417222546
PROCEDIMIENTO11_27,10.61949891111178,0.47566847553405767
PROCEDIMIENTO5_92,10.61405986620435,0.4761389803793876
DIAGNOSTICO35_K,10.611741297693872,0.476339607453239
PROCEDIMIENTO6_38,10.611380721705594,0.47637081147724014
DIAGNOSTICO28_K,10.607021614263287,0.4767481135027615
DIAGNOSTICO28_W,10.606458280794373,0.4767968818616549
PROCEDIMIENTO21_96,10.598820437588406,0.4774583029364402
PROCEDIMIENTO18_55,10.596675355569959,0.47764413111468595
PROCEDIMIENTO1_72,10.595542507259607,0.4777422817382294
PROCEDIMIENTO14_78,10.588324913397985,0.47836781459585465
PROCEDIMIENTO21_29,10.583216108335876,0.4788107882004857
PROCEDIMIENTO21_87,10.578992063272786,0.4791771740312257
PROCEDIMIENTO3_52,10.573703429009408,0.47963606318172514
PROCEDIMIENTO19_51,10.573076897280274,0.4796904386471209
PROCEDIMIENTO18_40,10.572568372211103,0.4797345744082787
PROCEDIMIENTO11_76,10.571419523643378,0.47983429108649667
PROCEDIMIENTO20_53,10.569431223934599,0.4800068897737755
PROCEDIMIENTO13_38,10.563985738969851,0.4804797273436908
PROCEDIMIENTO25_46,10.5619944706468,0.4806526790339397
PROCEDIMIENTO24_53,10.558281748035208,0.4809752156970698
PROCEDIMIENTO16_26,10.552405973038583,0.48148584452785037
PROCEDIMIENTO12_04,10.551254558266091,0.48158593305748587
PROCEDIMIENTO3_01,10.547302790449894,0.48192951106094395
PROCEDIMIENTO20_98,10.545736890891028,0.4820656824148476
PROCEDIMIENTO5_59,10.54484174514985,0.48214353172591384
PROCEDIMIENTO8_71,10.539924223377257,0.4825712912686879
PROCEDIMIENTO13_44,10.536605555913354,0.4828600584550008
PROCEDIMIENTO26_37,10.535740484341368,0.4829353424085121
PROCEDIMIENTO28_54,10.530843172615535,0.4833616266290298
DIAGNOSTICO26_W,10.529813098342451,0.4834513082947578
PROCEDIMIENTO15_97,10.519738966164793,0.484328748726803
PROCEDIMIENTO5_04,10.51906925626174,0.48438710204074986
PROCEDIMIENTO21_18,10.518920350737698,0.48440007689386533
PROCEDIMIENTO30_52,10.516839891098007,0.4845813719141163
PROCEDIMIENTO14_56,10.516839891098007,0.4845813719141163
PROCEDIMIENTO13_20,10.516839891098007,0.4845813719141163
PROCEDIMIENTO3_60,10.508434835557217,0.48531408032497203
DIAGNOSTICO27_X,10.507555992199562,0.4853907188177392
PROCEDIMIENTO17_86,10.504948110170865,0.48561816451159834
PROCEDIMIENTO29_73,10.498864743195002,0.48614888871460726
PROCEDIMIENTO13_07,10.498864743195002,0.48614888871460726
PROCEDIMIENTO22_27,10.498864743195002,0.48614888871460726
PROCEDIMIENTO10_OTROS,10.498864743195002,0.48614888871460726
PROCEDIMIENTO24_01,10.491750316027607,0.48676985689713703
PROCEDIMIENTO15_14,10.48658539563966,0.48722086326222935
DIAGNOSTICO19_J,10.486428183196178,0.48723459381271106
PROCEDIMIENTO28_18,10.469969588620891,0.4886728912899859
DIAGNOSTICO26_O,10.460758145541266,0.48947859522148573
PROCEDIMIENTO26_44,10.456997974710728,0.4898076379198918
DIAGNOSTICO30_T,10.450010894481872,0.4904192877989
PROCEDIMIENTO28_37,10.442011175803522,0.4911199482685231
PROCEDIMIENTO21_01,10.441734953440049,0.4911441483044334
ESPECIALIDAD_MEDICA_LABORATORIO CLÍNICO,10.441580372899077,0.4911576914159551
PROCEDIMIENTO14_82,10.441580372899077,0.4911576914159551
PROCEDIMIENTO27_25,10.441580372899077,0.4911576914159551
PROCEDIMIENTO14_57,10.429882276613347,0.4921830035474888
PROCEDIMIENTO14_18,10.423614339938066,0.4927327130065442
PROCEDIMIENTO12_78,10.422088951302168,0.49286652800326325
DIAGNOSTICO29_S,10.411756257492577,0.49377333155394654
PROCEDIMIENTO20_23,10.404466684205214,0.49441345147922555
PROCEDIMIENTO17_14,10.398888992179279,0.4949034586294788
DIAGNOSTICO15_H,10.383957014404535,0.49621615479104786
PROCEDIMIENTO6_53,10.375126829009332,0.4969930473803562
PROCEDIMIENTO14_98,10.369737152737086,0.4974674625976995
PROCEDIMIENTO11_54,10.368677439664816,0.4975607615567895
PROCEDIMIENTO2_41,10.365188705046334,0.4978679618292614
PROCEDIMIENTO6_74,10.3651088268702,0.49787499632335563
PROCEDIMIENTO11_52,10.360069159786644,0.49831889076711433
PROCEDIMIENTO13_67,10.35868400224832,0.4984409213474136
DIAGNOSTICO27_B,10.356273890178173,0.4986532755112184
PROCEDIMIENTO15_23,10.340845938112281,0.5000134191512475
PROCEDIMIENTO18_NA,10.3396655325039,0.5001175410972595
PROCEDIMIENTO8_59,10.335908811125062,0.5004489692629854
PROCEDIMIENTO7_28,10.332165410486676,0.5007793022823126
DIAGNOSTICO5_W,10.320222411178912,0.5018337335887728
PROCEDIMIENTO5_27,10.320180382582759,0.5018374456630552
ESPECIALIDAD_MEDICA_SALUD PÚBLICA (ODONTOLÓGICA),10.310736030294537,0.5026718478673671
ESPECIALIDAD_MEDICA_TRASTORNOS TEMPOROMANDIBULARES Y DOLOR OROFACIAL,10.310736030294537,0.5026718478673671
PROCEDIMIENTO24_76,10.310736030294537,0.5026718478673671
PROCEDIMIENTO25_25,10.310736030294537,0.5026718478673671
PROCEDIMIENTO9_15,10.310736030294537,0.5026718478673671
PROCEDIMIENTO19_49,10.309606158638585,0.5027717048845364
PROCEDIMIENTO15_12,10.309606158638585,0.5027717048845364
PROCEDIMIENTO25_60,10.304860255297912,0.5031912216659942
PROCEDIMIENTO18_81,10.30181546987901,0.5034604335877502
ESPECIALIDAD_MEDICA_PATOLOGÍA ORAL Y MAXILOFACIAL,10.30154514948972,0.5034843371106899
PROCEDIMIENTO23_60,10.298456682739195,0.5037574687964425
PROCEDIMIENTO21_76,10.298456682739195,0.5037574687964425
PROCEDIMIENTO25_23,10.294883637932195,0.504073520982621
PROCEDIMIENTO5_50,10.293995767327491,0.504152068229921
DIAGNOSTICO35_C,10.29258090774257,0.504277245667609
PROCEDIMIENTO16_14,10.29258090774257,0.504277245667609
PROCEDIMIENTO22_88,10.290020070968813,0.5045038398780084
DIAGNOSTICO8_V,10.288104039872357,0.5046734026118891
PROCEDIMIENTO15_48,10.28020044820011,0.5053730603805455
PROCEDIMIENTO5_32,10.276763449894942,0.5056774248615883
PROCEDIMIENTO15_65,10.27523685538645,0.5058126337771339
DIAGNOSTICO33_G,10.273099560948973,0.5060019532788371
PROCEDIMIENTO30_21,10.272231803539363,0.5060788255606661
PROCEDIMIENTO30_18,10.269361080389825,0.5063331645856826
PROCEDIMIENTO29_27,10.269294173357336,0.5063390929230167
PROCEDIMIENTO26_58,10.269294173357336,0.5063390929230167
DIAGNOSTICO25_N,10.26672688406952,0.5065665876207589
PROCEDIMIENTO4_11,10.261020940279343,0.5070723362438707
PROCEDIMIENTO7_11,10.260544055796435,0.507114613131455
PROCEDIMIENTO18_79,10.260504408585872,0.5071181280020751
PROCEDIMIENTO13_55,10.258583417518299,0.5072884411562569
PROCEDIMIENTO7_96,10.257623933489551,0.5073735155718178
PROCEDIMIENTO26_70,10.257014825801994,0.5074275258217631
PROCEDIMIENTO25_80,10.257014825801994,0.5074275258217631
PROCEDIMIENTO9_32,10.257014825801994,0.5074275258217631
PROCEDIMIENTO10_74,10.25690396631234,0.5074373560717488
PROCEDIMIENTO22_94,10.245960648104667,0.5084080614286197
PROCEDIMIENTO1_22,10.239557682044513,0.5089763237510123
PROCEDIMIENTO12_71,10.233794998449248,0.5094879494599407
PROCEDIMIENTO6_26,10.233693801935072,0.5094969355340326
PROCEDIMIENTO4_92,10.22924905416608,0.5098916754128604
PROCEDIMIENTO24_51,10.210504248743977,0.5115575655941997
PROCEDIMIENTO12_33,10.204102536078391,0.5121269246622031
PROCEDIMIENTO7_70,10.203813380724005,0.5121526468053708
DIAGNOSTICO13_L,10.202798768834626,0.5122429062292022
PROCEDIMIENTO20_73,10.19868602860049,0.5126088290280715
PROCEDIMIENTO10_59,10.191882767917107,0.5132143295345939
DIAGNOSTICO21_A,10.18516834266688,0.5138121597762098
PROCEDIMIENTO14_10,10.181755307603064,0.5141161347564032
DIAGNOSTICO28_Q,10.175585483446323,0.5146657902264009
DIAGNOSTICO32_N,10.160789229171579,0.5159847513148088
PROCEDIMIENTO26_98,10.15853548025032,0.5161857521551505
PROCEDIMIENTO12_26,10.15853548025032,0.5161857521551505
PROCEDIMIENTO29_77,10.15853548025032,0.5161857521551505
PROCEDIMIENTO29_76,10.15853548025032,0.5161857521551505
PROCEDIMIENTO14_71,10.15853548025032,0.5161857521551505
PROCEDIMIENTO25_81,10.1556072958833,0.5164469411731454
PROCEDIMIENTO30_42,10.15338782924544,0.516644942784499
PROCEDIMIENTO2_82,10.149818561695168,0.5169634142882094
DIAGNOSTICO25_T,10.123192986646474,0.5193411287254707
PROCEDIMIENTO10_34,10.11763862432378,0.5198375891956836
DIAGNOSTICO29_C,10.116309848499652,0.5199563805489598
PROCEDIMIENTO25_42,10.109302774612416,0.5205829504538872
PROCEDIMIENTO12_14,10.109033756383639,0.5206070107730056
PROCEDIMIENTO8_11,10.10548240955403,0.5209246676257258
PROCEDIMIENTO28_69,10.105402511840099,0.5209318149364441
PROCEDIMIENTO30_59,10.105402511840099,0.5209318149364441
PROCEDIMIENTO25_58,10.105402511840099,0.5209318149364441
PROCEDIMIENTO13_26,10.105402511840099,0.5209318149364441
PROCEDIMIENTO24_27,10.105402511840099,0.5209318149364441
PROCEDIMIENTO15_72,10.105402511840099,0.5209318149364441
DIAGNOSTICO23_E,10.096654077597034,0.5217146013002174
PROCEDIMIENTO15_27,10.095117660866592,0.5218521142085857
ESPECIALIDAD_MEDICA_IMAGENOLOGÍA,10.094253035940708,0.5219295052117019
PROCEDIMIENTO17_74,10.094253035940708,0.5219295052117019
DIAGNOSTICO9_Y,10.091911118570064,0.5221391441819023
PROCEDIMIENTO22_20,10.088377260944084,0.5224555310873265
PROCEDIMIENTO4_55,10.08679913633608,0.522596840357787
PROCEDIMIENTO4_63,10.082238477419994,0.5230052807747614
PROCEDIMIENTO9_59,10.081957414796682,0.5230304552661889
PROCEDIMIENTO5_34,10.072908556728672,0.5238411546410182
PROCEDIMIENTO12_50,10.070646619333274,0.5240438658155544
DIAGNOSTICO16_X,10.058346597470077,0.5251465994393212
PROCEDIMIENTO21_36,10.058123513636595,0.5251666061816032
PROCEDIMIENTO16_69,10.05282930604153,0.5256414733845185
PROCEDIMIENTO16_47,10.052811179003509,0.5256430995268276
PROCEDIMIENTO28_56,10.052811179003509,0.5256430995268276
PROCEDIMIENTO21_66,10.052811179003509,0.5256430995268276
DIAGNOSTICO24_D,10.05152496266197,0.5257584875021276
DIAGNOSTICO22_H,10.049191123241512,0.5259678787892565
DIAGNOSTICO15_A,10.041043448954197,0.5266990850749942
PROCEDIMIENTO26_85,10.03609776499867,0.5271430821810142
PROCEDIMIENTO14_13,10.03609776499867,0.5271430821810142
PROCEDIMIENTO25_47,10.03609776499867,0.5271430821810142
PROCEDIMIENTO20_14,10.031541718732894,0.5275522000229707
PROCEDIMIENTO11_04,10.030878340895722,0.5276117771545754
PROCEDIMIENTO14_47,10.019099036710294,0.5286699988592243
PROCEDIMIENTO27_00,10.018399108105566,0.5287328986250279
PROCEDIMIENTO3_79,10.011476425379435,0.529355132558002
DIAGNOSTICO21_O,9.99753457359959,0.5306089321548267
DIAGNOSTICO1_X,9.996785230515465,0.5306763458517039
PROCEDIMIENTO25_36,9.992772023644282,0.5310374317239935
PROCEDIMIENTO8_54,9.98662931747446,0.531590257355002
PROCEDIMIENTO24_42,9.979434658316789,0.5322379689494108
PROCEDIMIENTO22_02,9.978044977778461,0.5323631037361485
PROCEDIMIENTO21_06,9.977551660804577,0.5324075268693074
PROCEDIMIENTO21_85,9.977551660804577,0.5324075268693074
PROCEDIMIENTO13_24,9.976297711485115,0.5325204496837057
DIAGNOSTICO3_T,9.973960810910302,0.5327309147816925
PROCEDIMIENTO9_70,9.96923723347509,0.533156401190666
DIAGNOSTICO13_Q,9.968152912034622,0.5332540875836381
PROCEDIMIENTO21_50,9.967471140919736,0.5333155108986775
PROCEDIMIENTO5_69,9.967430598982643,0.5333191635377761
DIAGNOSTICO23_M,9.960114370205833,0.5339784389793527
DIAGNOSTICO29_R,9.955985106764347,0.5343506353375771
DIAGNOSTICO23_P,9.955688034134631,0.53437741520176
PROCEDIMIENTO5_33,9.954114921895627,0.53451923110113
PROCEDIMIENTO23_51,9.951874951677919,0.5347211826237291
PROCEDIMIENTO11_24,9.951057641793696,0.5347948751427798
PROCEDIMIENTO17_50,9.945052502789272,0.5353364149623105
PROCEDIMIENTO19_50,9.936168774667133,0.5361378273772329
PROCEDIMIENTO29_98,9.934644692402513,0.5362753505659845
PROCEDIMIENTO26_87,9.933772107299589,0.5363540913626841
DIAGNOSTICO6_S,9.931379971297199,0.5365699707520606
PROCEDIMIENTO26_88,9.931364445623684,0.5365713719526033
PROCEDIMIENTO24_16,9.926237742870683,0.5370341153788862
PROCEDIMIENTO4_72,9.924188242911635,0.5372191371398205
PROCEDIMIENTO15_86,9.923774907730017,0.5372564537497713
PROCEDIMIENTO7_10,9.920862257141685,0.5375194331840925
DIAGNOSTICO23_Q,9.9203126720451,0.537569058497728
PROCEDIMIENTO24_52,9.917273798939636,0.5378434792801265
PROCEDIMIENTO12_07,9.917273798939636,0.5378434792801265
PROCEDIMIENTO23_42,9.912426460691817,0.5382812905201619
PROCEDIMIENTO17_24,9.911398023943011,0.538374191429364
PROCEDIMIENTO28_76,9.911398023943011,0.538374191429364
PROCEDIMIENTO29_06,9.911398023943011,0.538374191429364
PROCEDIMIENTO23_97,9.911384780074725,0.5383753878052038
PROCEDIMIENTO13_36,9.9081257745262,0.5386698099792555
PROCEDIMIENTO14_06,9.90713986563223,0.5387588867519313
PROCEDIMIENTO11_63,9.900248548043619,0.5393816286884048
DIAGNOSTICO17_P,9.89681619909601,0.5396918697818156
PROCEDIMIENTO5_62,9.89333831553612,0.5400062758446322
ESPECIALIDAD_MEDICA_ODONTOPEDIATRÍA,9.889659897452105,0.5403388642602025
PROCEDIMIENTO6_14,9.88881256934964,0.5404154842139257
PROCEDIMIENTO2_67,9.88450003083242,0.5408054922505803
PROCEDIMIENTO4_15,9.880192768106618,0.541195098288213
PROCEDIMIENTO17_32,9.875831942002433,0.5415896254647992
ESPECIALIDAD_MEDICA_ODONTOLOGÍA LEGAL ,9.875831942002433,0.5415896254647992
PROCEDIMIENTO13_86,9.87150512401353,0.5419811513091041
PROCEDIMIENTO26_48,9.864682466103043,0.5425986729537389
PROCEDIMIENTO29_07,9.864682466103043,0.5425986729537389
PROCEDIMIENTO26_76,9.864682466103043,0.5425986729537389
PROCEDIMIENTO21_24,9.861756356965056,0.5428635729871463
PROCEDIMIENTO13_17,9.861756356965056,0.5428635729871463
PROCEDIMIENTO22_11,9.861756356965056,0.5428635729871463
PROCEDIMIENTO17_17,9.861756356965056,0.5428635729871463
PROCEDIMIENTO13_10,9.861756356965056,0.5428635729871463
PROCEDIMIENTO22_28,9.861756356965056,0.5428635729871463
PROCEDIMIENTO28_06,9.861756356965056,0.5428635729871463
PROCEDIMIENTO28_11,9.861756356965056,0.5428635729871463
PROCEDIMIENTO8_72,9.861756356965056,0.5428635729871463
PROCEDIMIENTO15_30,9.861756356965056,0.5428635729871463
PROCEDIMIENTO13_63,9.861756356965056,0.5428635729871463
PROCEDIMIENTO25_82,9.861756356965056,0.5428635729871463
PROCEDIMIENTO29_52,9.861756356965056,0.5428635729871463
PROCEDIMIENTO30_69,9.861756356965056,0.5428635729871463
PROCEDIMIENTO23_20,9.861756356965056,0.5428635729871463
PROCEDIMIENTO19_11,9.861756356965056,0.5428635729871463
PROCEDIMIENTO22_53,9.861756356965056,0.5428635729871463
PROCEDIMIENTO17_08,9.861756356965056,0.5428635729871463
DIAGNOSTICO27_V,9.861756356965056,0.5428635729871463
PROCEDIMIENTO26_14,9.861756356965056,0.5428635729871463
PROCEDIMIENTO23_58,9.861756356965056,0.5428635729871463
PROCEDIMIENTO26_65,9.861756356965056,0.5428635729871463
PROCEDIMIENTO19_13,9.861756356965056,0.5428635729871463
DIAGNOSTICO35_X,9.861756356965056,0.5428635729871463
PROCEDIMIENTO22_08,9.861756356965056,0.5428635729871463
PROCEDIMIENTO17_28,9.861756356965056,0.5428635729871463
PROCEDIMIENTO18_12,9.861756356965056,0.5428635729871463
PROCEDIMIENTO27_27,9.858806691106418,0.5431306398840949
PROCEDIMIENTO24_70,9.858806691106418,0.5431306398840949
PROCEDIMIENTO17_58,9.852644264433502,0.5436887052721291
PROCEDIMIENTO29_04,9.852644264433502,0.5436887052721291
PROCEDIMIENTO15_17,9.852644264433502,0.5436887052721291
PROCEDIMIENTO30_85,9.852644264433502,0.5436887052721291
PROCEDIMIENTO29_14,9.852644264433502,0.5436887052721291
PROCEDIMIENTO14_OTROS,9.852644264433502,0.5436887052721291
PROCEDIMIENTO20_24,9.852644264433502,0.5436887052721291
PROCEDIMIENTO20_09,9.852644264433502,0.5436887052721291
PROCEDIMIENTO13_72,9.852644264433502,0.5436887052721291
PROCEDIMIENTO19_OTROS,9.852644264433502,0.5436887052721291
PROCEDIMIENTO25_08,9.852644264433502,0.5436887052721291
PROCEDIMIENTO30_74,9.852644264433502,0.5436887052721291
PROCEDIMIENTO27_04,9.852644264433502,0.5436887052721291
PROCEDIMIENTO16_61,9.852644264433502,0.5436887052721291
PROCEDIMIENTO14_11,9.852644264433502,0.5436887052721291
PROCEDIMIENTO18_61,9.852644264433502,0.5436887052721291
PROCEDIMIENTO23_12,9.852644264433502,0.5436887052721291
PROCEDIMIENTO12_62,9.852644264433502,0.5436887052721291
PROCEDIMIENTO28_35,9.852644264433502,0.5436887052721291
PROCEDIMIENTO24_47,9.852644264433502,0.5436887052721291
PROCEDIMIENTO16_07,9.852644264433502,0.5436887052721291
PROCEDIMIENTO28_25,9.852644264433502,0.5436887052721291
PROCEDIMIENTO26_71,9.852644264433502,0.5436887052721291
PROCEDIMIENTO23_71,9.852644264433502,0.5436887052721291
PROCEDIMIENTO27_60,9.852644264433502,0.5436887052721291
PROCEDIMIENTO22_65,9.852644264433502,0.5436887052721291
PROCEDIMIENTO9_98,9.844274835918002,0.5444468734655923
PROCEDIMIENTO3_22,9.839813220554479,0.544851152786911
PROCEDIMIENTO6_36,9.831494319972597,0.5456051567049789
PROCEDIMIENTO25_55,9.815776012303576,0.5470305462946106
PROCEDIMIENTO25_29,9.807138447746361,0.5478142275392748
PROCEDIMIENTO19_73,9.806282015628069,0.5478919463554061
DIAGNOSTICO23_F,9.80303101841132,0.5481869901346101
PROCEDIMIENTO15_64,9.800572423803505,0.5484101456296917
PROCEDIMIENTO17_13,9.800572423803505,0.5484101456296917
PROCEDIMIENTO9_52,9.79822430488909,0.5486232946692344
PROCEDIMIENTO28_87,9.79678573587223,0.5487538899552262
PROCEDIMIENTO20_40,9.795506959794613,0.5488699854317204
PROCEDIMIENTO8_74,9.79216838859826,0.5491731106846869
PROCEDIMIENTO19_56,9.789422947904114,0.5494224133912105
PROCEDIMIENTO20_27,9.789422947904114,0.5494224133912105
PROCEDIMIENTO29_80,9.789422947904114,0.5494224133912105
PROCEDIMIENTO19_67,9.788552047258,0.5495015022346885
PROCEDIMIENTO11_07,9.783996000992223,0.5499152942797343
PROCEDIMIENTO28_80,9.783996000992223,0.5499152942797343
DIAGNOSTICO28_V,9.783996000992223,0.5499152942797343
PROCEDIMIENTO9_05,9.783996000992223,0.5499152942797343
DIAGNOSTICO31_V,9.783996000992223,0.5499152942797343
PROCEDIMIENTO22_47,9.783996000992223,0.5499152942797343
PROCEDIMIENTO22_56,9.78354717290749,0.5499560621146891
PROCEDIMIENTO18_70,9.779074381739091,0.5503623734835947
PROCEDIMIENTO25_40,9.776272699702657,0.5506169170718049
PROCEDIMIENTO29_70,9.776272699702657,0.5506169170718049
PROCEDIMIENTO8_09,9.766935656782453,0.5514654272438091
DIAGNOSTICO6_Y,9.765543236963692,0.5515919910880548
PROCEDIMIENTO23_40,9.765075530826868,0.5516345047356092
ESPECIALIDAD_MEDICA_ADOLESCENCIA (PEDIATRIA),9.753052872349913,0.5527276089542246
PROCEDIMIENTO18_20,9.753052872349913,0.5527276089542246
PROCEDIMIENTO11_45,9.751974178305264,0.5528257091013744
DIAGNOSTICO31_E,9.751609980656847,0.5528588314099312
DIAGNOSTICO27_J,9.750307172187439,0.5529773203949517
PROCEDIMIENTO16_09,9.748496826084136,0.5531419792239856
PROCEDIMIENTO29_35,9.748496826084136,0.5531419792239856
PROCEDIMIENTO13_53,9.744554532729712,0.553500587463094
PROCEDIMIENTO3_72,9.741967664171453,0.5537359297029534
DIAGNOSTICO10_V,9.740305561126355,0.5538871529692748
PROCEDIMIENTO4_44,9.734502977727441,0.5544151646790683
PROCEDIMIENTO8_31,9.733703866648783,0.5544878896422463
PROCEDIMIENTO17_80,9.710012578879981,0.5566449561745526
DIAGNOSTICO35_T,9.7074051351874,0.5568824763462834
DIAGNOSTICO35_B,9.70644008454413,0.556970391542633
PROCEDIMIENTO20_42,9.705644726061958,0.557042850265445
PROCEDIMIENTO5_97,9.701668370556778,0.5574051354531728
PROCEDIMIENTO29_43,9.700935145215524,0.5574719452073027
DIAGNOSTICO25_U,9.697368520726407,0.5577969527831705
PROCEDIMIENTO23_46,9.696235691024583,0.5579001902778249
DIAGNOSTICO28_B,9.695615494025349,0.5579567121007043
PROCEDIMIENTO20_57,9.695198321411429,0.5579947319482667
PROCEDIMIENTO7_62,9.694593910253147,0.5580498171579309
PROCEDIMIENTO2_09,9.689673798886874,0.5584982736957849
PROCEDIMIENTO19_02,9.688335069464276,0.5586203093348432
PROCEDIMIENTO13_66,9.678423123884025,0.5595240404483628
DIAGNOSTICO34_C,9.676562564864328,0.559693713823872
PROCEDIMIENTO8_51,9.67491993883307,0.5598435220100692
PROCEDIMIENTO21_92,9.674843708435478,0.5598504744630082
DIAGNOSTICO33_W,9.671406637660194,0.5601639653454699
PROCEDIMIENTO11_02,9.670239039876458,0.5602704689838744
DIAGNOSTICO4_T,9.661718595503038,0.5610478001589465
DIAGNOSTICO16_M,9.657220779105915,0.5614582334212364
PROCEDIMIENTO17_95,9.656295631984886,0.5615426624445266
PROCEDIMIENTO25_83,9.654837658083242,0.561675722682184
DIAGNOSTICO27_D,9.654676380147974,0.5616904419236907
DIAGNOSTICO29_J,9.651787576214868,0.5619541060045952
DIAGNOSTICO16_T,9.64052706658279,0.5629821087633546
"ESPECIALIDAD_MEDICA_CIRUGÍA DE CABEZA, CUELLO Y MAXILOFACIAL",9.639725261717622,0.5630553224666128
PROCEDIMIENTO8_40,9.63829758986255,0.5631856896086227
PROCEDIMIENTO16_42,9.634858549943267,0.5634997490998291
PROCEDIMIENTO16_33,9.632403197491191,0.5637239982142346
PROCEDIMIENTO7_66,9.626739876877695,0.5642413022004054
PROCEDIMIENTO12_22,9.626092056903206,0.5643004820330002
PROCEDIMIENTO25_48,9.618070061808128,0.5650334125254624
PROCEDIMIENTO10_27,9.617244278186924,0.5651088711035823
PROCEDIMIENTO24_48,9.609883830104565,0.5657815432787048
PROCEDIMIENTO29_86,9.606948248738657,0.5660498703170393
ESPECIALIDAD_MEDICA_MEDICINA DEL DEPORTE,9.606719894544119,0.566070744094124
DIAGNOSTICO15_S,9.60302776483712,0.5664082612344872
PROCEDIMIENTO28_92,9.593112117087157,0.5673148961757979
PROCEDIMIENTO14_52,9.585371011154505,0.5680228958103752
DIAGNOSTICO26_C,9.578968115261542,0.5686086296455874
PROCEDIMIENTO19_69,9.572069052904173,0.5692398793832552
PROCEDIMIENTO11_79,9.571619355201072,0.5692810303139764
PROCEDIMIENTO24_56,9.567513006638395,0.569656819507175
PROCEDIMIENTO15_32,9.567513006638395,0.569656819507175
PROCEDIMIENTO29_24,9.567513006638395,0.569656819507175
DIAGNOSTICO5_V,9.566752398787115,0.5697264309573882
DIAGNOSTICO15_NA,9.557385650837038,0.5705838113405535
PROCEDIMIENTO7_85,9.553406811422123,0.5709480834154945
PROCEDIMIENTO6_69,9.549157349028482,0.5713371780137558
DIAGNOSTICO32_A,9.548843945658536,0.5713658761324405
PROCEDIMIENTO9_92,9.544603356772022,0.5717542091271302
DIAGNOSTICO33_N,9.54177646084002,0.5720131089546611
PROCEDIMIENTO26_01,9.538645035525876,0.5722999232036461
DIAGNOSTICO28_L,9.527204800812452,0.5733479744257843
DIAGNOSTICO4_V,9.519509092918163,0.5740531729186993
PROCEDIMIENTO4_86,9.513343553184715,0.5746182609487629
PROCEDIMIENTO2_43,9.509726096115635,0.5749498542874791
PROCEDIMIENTO15_83,9.508469724767911,0.5750650267997701
DIAGNOSTICO11_W,9.495522327098405,0.5762521483116178
DIAGNOSTICO12_A,9.491398411733929,0.5766303467205325
PROCEDIMIENTO18_23,9.490757437673892,0.5766891331728716
PROCEDIMIENTO25_75,9.482895381346179,0.5774102746339956
PROCEDIMIENTO19_98,9.480397364440286,0.5776394337655655
PROCEDIMIENTO5_77,9.478098994122728,0.5778502908468497
PROCEDIMIENTO13_03,9.474857103499478,0.5781477291317718
PROCEDIMIENTO21_51,9.472419367127072,0.5783714034741447
PROCEDIMIENTO19_78,9.466340770255254,0.5789292038171521
PROCEDIMIENTO11_22,9.462917509457736,0.57924337499126
PROCEDIMIENTO3_31,9.450082751350891,0.5804215229434064
PROCEDIMIENTO23_78,9.450056778590291,0.5804239074435869
DIAGNOSTICO6_T,9.447240388270956,0.5806824825776058
PROCEDIMIENTO4_04,9.446359719567477,0.5807633410453732
DIAGNOSTICO30_I,9.445238933036553,0.5808662483288436
PROCEDIMIENTO8_30,9.444853351610785,0.580901651896564
PROCEDIMIENTO29_84,9.444853351610785,0.580901651896564
PROCEDIMIENTO3_47,9.444213070433792,0.580960442362777
ESPECIALIDAD_MEDICA_INFECTOLOGÍA,9.442988155190347,0.5810729162564654
PROCEDIMIENTO14_46,9.442814333657404,0.5810888771204323
PROCEDIMIENTO8_32,9.437420367677857,0.5815842010000308
PROCEDIMIENTO8_27,9.433054022335813,0.5819852046249376
PROCEDIMIENTO5_02,9.425985649145495,0.5826344465698261
PROCEDIMIENTO13_75,9.41953783054403,0.5832267800228084
PROCEDIMIENTO14_85,9.416127686194256,0.5835400898328638
PROCEDIMIENTO11_72,9.4090511759175,0.5841903251410375
PROCEDIMIENTO15_22,9.3998777612186,0.5850333861623916
PROCEDIMIENTO19_47,9.395089815903098,0.5854734765417353
PROCEDIMIENTO30_35,9.395089815903098,0.5854734765417353
PROCEDIMIENTO21_47,9.394312578151228,0.5855449215797897
DIAGNOSTICO1_T,9.39076843224597,0.5858707203397723
PROCEDIMIENTO30_70,9.390533769637322,0.585892292758786
PROCEDIMIENTO17_71,9.390533769637322,0.585892292758786
PROCEDIMIENTO19_76,9.390533769637322,0.585892292758786
PROCEDIMIENTO28_70,9.390533769637322,0.585892292758786
PROCEDIMIENTO24_57,9.389896966664237,0.5859508342753601
PROCEDIMIENTO12_29,9.387830177333788,0.5861408402563981
PROCEDIMIENTO11_13,9.383940340003708,0.5864984663333818
PROCEDIMIENTO29_08,9.383940340003708,0.5864984663333818
PROCEDIMIENTO20_08,9.383940340003708,0.5864984663333818
PROCEDIMIENTO27_08,9.383940340003708,0.5864984663333818
PROCEDIMIENTO20_52,9.383940340003708,0.5864984663333818
PROCEDIMIENTO21_56,9.37938429373793,0.5869173788746711
PROCEDIMIENTO28_58,9.378064565007085,0.5870387305518274
PROCEDIMIENTO21_08,9.373508518741305,0.5874576927939023
PROCEDIMIENTO26_04,9.373508518741305,0.5874576927939023
PROCEDIMIENTO17_72,9.373508518741305,0.5874576927939023
PROCEDIMIENTO25_85,9.373508518741305,0.5874576927939023
PROCEDIMIENTO12_48,9.365904538590994,0.5881570196478135
PROCEDIMIENTO13_65,9.36411543599885,0.5883215759505237
PROCEDIMIENTO9_53,9.361791995832737,0.5885352875639486
PROCEDIMIENTO23_77,9.35961945092044,0.5887351284104179
ESPECIALIDAD_MEDICA_GINECOLOGÍA ONCOLÓGICA ,9.35760102939649,0.5889207997418817
PROCEDIMIENTO10_28,9.356278579396815,0.5890424536637586
PROCEDIMIENTO15_59,9.355827817811392,0.5890839205177965
PROCEDIMIENTO12_23,9.349740783479696,0.5896439189375557
PROCEDIMIENTO18_67,9.34413956601861,0.5901592792555268
PROCEDIMIENTO28_53,9.342498483066507,0.5903102831478728
PROCEDIMIENTO25_12,9.342498483066507,0.5903102831478728
DIAGNOSTICO14_V,9.341911248467406,0.5903643185169265
PROCEDIMIENTO14_17,9.337942436800729,0.5907295305044581
PROCEDIMIENTO20_25,9.337942436800729,0.5907295305044581
PROCEDIMIENTO16_29,9.329438157449962,0.5915121863810573
DIAGNOSTICO32_U,9.329331395379485,0.5915220125359248
PROCEDIMIENTO24_43,9.315822941561576,0.592765449461885
PROCEDIMIENTO18_57,9.31466798264076,0.5928717754206836
PROCEDIMIENTO24_78,9.313613553784224,0.5929688483549077
PROCEDIMIENTO7_50,9.30895745563126,0.5933975190564326
PROCEDIMIENTO8_28,9.30412297380541,0.5938426479642788
PROCEDIMIENTO10_45,9.296930943686073,0.5945049101218338
PROCEDIMIENTO9_42,9.292184160668896,0.5949420488978565
PROCEDIMIENTO16_78,9.283176706146516,0.5957716489411833
PROCEDIMIENTO25_31,9.277935226946116,0.5962544497055782
PROCEDIMIENTO12_60,9.273701303209057,0.5966444706845837
PROCEDIMIENTO24_59,9.273656698520734,0.5966485797137511
PROCEDIMIENTO16_25,9.273656698520734,0.5966485797137511
PROCEDIMIENTO2_08,9.270591434488258,0.5969309614033251
PROCEDIMIENTO10_63,9.27052800688118,0.5969368046863313
DIAGNOSTICO28_X,9.267815578262997,0.5971866928459766
PROCEDIMIENTO9_17,9.267719799628427,0.5971955168325926
PROCEDIMIENTO16_85,9.267238964867577,0.5972398158265527
PROCEDIMIENTO13_05,9.267238964867577,0.5972398158265527
PROCEDIMIENTO14_49,9.26448207271628,0.597493812420661
PROCEDIMIENTO4_78,9.264219728729575,0.5975179830866515
PROCEDIMIENTO29_83,9.26251442251751,0.5976751010928212
PROCEDIMIENTO12_52,9.262030204584185,0.5977197150968937
PROCEDIMIENTO8_64,9.261363894729847,0.5977811068594705
PROCEDIMIENTO9_43,9.258564625492395,0.598039029299164
PROCEDIMIENTO21_57,9.258401099701175,0.5980540967481263
PROCEDIMIENTO16_77,9.24718122837146,0.5990879891962008
DIAGNOSTICO21_U,9.239256947018406,0.5998182923460156
PROCEDIMIENTO13_50,9.238976228971143,0.5998441647586548
PROCEDIMIENTO5_65,9.235763149659876,0.6001403052643042
DIAGNOSTICO25_F,9.235233042997478,0.6001891648796014
PROCEDIMIENTO7_77,9.215713416617954,0.6019885009018797
DIAGNOSTICO26_A,9.215057012752464,0.6020490161246099
DIAGNOSTICO27_W,9.206422748111601,0.6028450693726808
PROCEDIMIENTO12_86,9.204538629771456,0.6030187897718129
PROCEDIMIENTO5_67,9.202271167740873,0.6032278602319738
PROCEDIMIENTO13_11,9.199817569782722,0.6034540991508492
PROCEDIMIENTO5_22,9.187641442476064,0.6045769111562228
PROCEDIMIENTO16_75,9.187629219882698,0.6045780383246855
DIAGNOSTICO25_A,9.186993735859819,0.6046366429017753
ESPECIALIDAD_MEDICA_ENDODONCIA,9.172166605182191,0.606004111428148
PROCEDIMIENTO4_58,9.171054685561709,0.6061066688150545
PROCEDIMIENTO15_03,9.16939388226736,0.60625985420971
PROCEDIMIENTO8_39,9.165248396552744,0.6066422262912692
PROCEDIMIENTO30_83,9.163762046177244,0.6067793280520131
DIAGNOSTICO23_L,9.162787692889635,0.6068692039141328
PROCEDIMIENTO7_97,9.159683164759436,0.607155575581402
PROCEDIMIENTO11_44,9.157707128438895,0.6073378555773361
PROCEDIMIENTO12_72,9.155670540520019,0.6075257244166719
PROCEDIMIENTO4_22,9.152971490910108,0.6077747082713552
DIAGNOSTICO21_H,9.148835929619121,0.6081562193416663
PROCEDIMIENTO18_56,9.148282161275413,0.6082073061953608
PROCEDIMIENTO25_76,9.148237556587093,0.6082114211267097
PROCEDIMIENTO6_34,9.1452477640524,0.608487242833743
PROCEDIMIENTO1_70,9.143953552064527,0.6086066417054008
PROCEDIMIENTO10_86,9.142877115454446,0.6087059504103424
PROCEDIMIENTO19_35,9.140051324883528,0.6089666530475781
PROCEDIMIENTO13_32,9.140051324883528,0.6089666530475781
DIAGNOSTICO24_V,9.136134141552443,0.6093280550377898
PROCEDIMIENTO30_94,9.135317129613519,0.6094034344525452
PROCEDIMIENTO30_75,9.128075202038367,0.610071611101767
PROCEDIMIENTO7_55,9.126301971931845,0.6102352234732255
PROCEDIMIENTO16_60,9.124571439981699,0.6103948981076175
PROCEDIMIENTO11_26,9.118192426281626,0.6109835000846475
PROCEDIMIENTO27_92,9.114456501613537,0.6113282313171453
PROCEDIMIENTO21_97,9.104495992126758,0.6122473729007712
PROCEDIMIENTO9_33,9.102436984259429,0.6124373819209166
PROCEDIMIENTO11_01,9.10237396074493,0.6124431978813016
PROCEDIMIENTO13_42,9.099289906325255,0.6127278042801627
PROCEDIMIENTO9_30,9.097311296683836,0.6129103992327549
PROCEDIMIENTO19_25,9.094147361123389,0.6132023853651056
PROCEDIMIENTO8_63,9.089297712320167,0.6136499480179344
PROCEDIMIENTO28_95,9.084656485841927,0.6140782858582445
PROCEDIMIENTO25_98,9.081831411782007,0.6143390159313308
PROCEDIMIENTO10_48,9.080971731732562,0.6144183576804687
PROCEDIMIENTO22_00,9.079922291058466,0.6145152132639278
PROCEDIMIENTO11_33,9.078321292616533,0.6146629743945715
PROCEDIMIENTO25_49,9.074398427849077,0.6150250320683956
PROCEDIMIENTO28_45,9.072835598455127,0.6151692737992291
PROCEDIMIENTO22_83,9.072006921287898,0.6152457571345082
DIAGNOSTICO33_X,9.070436639829671,0.6153906880409803
DIAGNOSTICO30_Q,9.066603731025399,0.6157444543735657
PROCEDIMIENTO24_34,9.063794385029258,0.616003752015654
PROCEDIMIENTO11_29,9.061653654312025,0.6162013393828714
PROCEDIMIENTO15_37,9.060674997203137,0.6162916689663207
DIAGNOSTICO16_O,9.056395944191488,0.6166866269281494
PROCEDIMIENTO7_19,9.046770523224277,0.6175750749897697
PROCEDIMIENTO2_17,9.045928640091306,0.6176527838181975
PROCEDIMIENTO3_74,9.045461583116154,0.6176958949216175
PROCEDIMIENTO23_37,9.037909126917803,0.6183930215008635
DIAGNOSTICO21_Y,9.037699624495044,0.6184123597093392
PROCEDIMIENTO17_22,9.035912833878081,0.6185772905007492
DIAGNOSTICO13_T,9.027787093151552,0.6193273488803039
DIAGNOSTICO35_A,9.021725012364179,0.6198869243712066
PROCEDIMIENTO3_55,9.021617277583525,0.6198968691392179
PROCEDIMIENTO15_70,9.01737723434709,0.6202882594490807
PROCEDIMIENTO30_97,9.016958673002165,0.6203268961421338
DIAGNOSTICO32_T,9.01083284294866,0.6208923627459215
PROCEDIMIENTO14_54,9.010369434185629,0.6209351394449707
PROCEDIMIENTO27_68,9.003915560351205,0.6215308896431881
PROCEDIMIENTO28_23,8.999157004792117,0.6219701474353312
PROCEDIMIENTO16_27,8.997168904103722,0.6221536671444607
PROCEDIMIENTO17_49,8.992773284347981,0.6225594224181833
PROCEDIMIENTO12_13,8.992773284347981,0.6225594224181833
PROCEDIMIENTO9_34,8.991183905295605,0.6227061362590689
PROCEDIMIENTO23_80,8.988856101016895,0.6229210131123555
PROCEDIMIENTO10_32,8.985818736839711,0.6232013881225273
PROCEDIMIENTO4_69,8.982927692176002,0.6234682559527451
DIAGNOSTICO27_A,8.98003764994379,0.6237350305173077
PROCEDIMIENTO25_01,8.972630094851269,0.6244188043036405
PROCEDIMIENTO5_98,8.971605570530325,0.624513375145411
DIAGNOSTICO29_P,8.96968013879213,0.6246911056950987
PROCEDIMIENTO30_40,8.96514537972318,0.6251096926952867
DIAGNOSTICO1_W,8.961175532151513,0.6254761317716501
PROCEDIMIENTO17_56,8.961175532151513,0.6254761317716501
PROCEDIMIENTO6_76,8.96032047978281,0.6255550574737365
PROCEDIMIENTO14_53,8.956816177878043,0.6258785208469885
PROCEDIMIENTO27_87,8.954645143708648,0.6260789160471654
PROCEDIMIENTO18_05,8.953161947787843,0.6262158203756789
PROCEDIMIENTO27_42,8.94664707487005,0.6268171601069858
PROCEDIMIENTO30_14,8.94497571608428,0.6269714290486677
PROCEDIMIENTO15_49,8.941938351907094,0.6272517803052524
PROCEDIMIENTO21_35,8.941938351907094,0.6272517803052524
PROCEDIMIENTO19_41,8.929545547934481,0.6283956162870221
PROCEDIMIENTO17_40,8.929495831182448,0.6284002049577049
PROCEDIMIENTO28_33,8.924395447877192,0.6288709464027944
PROCEDIMIENTO15_04,8.92048358210861,0.629231986401537
PROCEDIMIENTO23_33,8.919448834632826,0.6293274858847471
DIAGNOSTICO25_P,8.918729826158417,0.6293938447479626
PROCEDIMIENTO26_90,8.917631305811863,0.6294952291706941
PROCEDIMIENTO29_99,8.914478695193619,0.6297861864066819
PROCEDIMIENTO15_74,8.911935003413376,0.630020942782342
DIAGNOSTICO17_L,8.88687911497761,0.6323331702352869
DIAGNOSTICO7_L,8.886135990972319,0.6324017425745444
PROCEDIMIENTO8_16,8.883509653753414,0.632644087231367
PROCEDIMIENTO6_17,8.882252159235403,0.6327601207744031
PROCEDIMIENTO15_58,8.882012219019403,0.6327822608117688
PROCEDIMIENTO27_88,8.878212188779045,0.6331328967853398
PROCEDIMIENTO28_44,8.876986268223165,0.6332460128566524
PROCEDIMIENTO26_31,8.87620711346712,0.6333179052097575
PROCEDIMIENTO12_28,8.874579235086477,0.6334681077490932
PROCEDIMIENTO1_91,8.87067849918584,0.6338280172668371
PROCEDIMIENTO22_23,8.870391118365196,0.6338545326555579
PROCEDIMIENTO27_54,8.864362752635737,0.634410730934257
PROCEDIMIENTO11_32,8.857200310701394,0.6350715296435216
PROCEDIMIENTO22_14,8.857200310701394,0.6350715296435216
PROCEDIMIENTO24_24,8.857200310701394,0.6350715296435216
PROCEDIMIENTO25_97,8.855477645827026,0.6352304551183459
PROCEDIMIENTO24_94,8.850776176814858,0.6356641804967438
DIAGNOSTICO31_T,8.850635435111233,0.6356771641015553
DIAGNOSTICO16_G,8.846797529642393,0.6360312098688826
PROCEDIMIENTO4_66,8.842686608352025,0.6364104282155629
PROCEDIMIENTO9_31,8.840548815576513,0.6366076267874707
PROCEDIMIENTO28_00,8.84016096551543,0.6366434032253292
PROCEDIMIENTO29_34,8.838809623230617,0.6367680540563473
PROCEDIMIENTO17_23,8.83260876457948,0.6373400152149222
PROCEDIMIENTO9_07,8.831839206886785,0.6374109961481131
DIAGNOSTICO19_A,8.830891066416848,0.6374984481293307
PROCEDIMIENTO6_24,8.829512164648571,0.6376256300720875
PROCEDIMIENTO30_50,8.824705441677015,0.6380689611356977
PROCEDIMIENTO21_80,8.82395219390638,0.6381384323720292
PROCEDIMIENTO19_80,8.822810797403555,0.6382437011552806
PROCEDIMIENTO11_11,8.819556574150637,0.6385438251968231
PROCEDIMIENTO11_05,8.808472309004548,0.639566006721219
DIAGNOSTICO8_A,8.802083503404713,0.6401551214600617
PROCEDIMIENTO12_05,8.800695501660142,0.6402831042003079
PROCEDIMIENTO30_27,8.796778318329059,0.640644282949452
PROCEDIMIENTO7_37,8.79498977755028,0.6408091875903164
PROCEDIMIENTO3_28,8.789978868074018,0.6412711783487504
PROCEDIMIENTO2_24,8.789730410404463,0.6412940846833406
PROCEDIMIENTO21_52,8.788891305348653,0.6413714447264549
PROCEDIMIENTO23_52,8.788891305348653,0.6413714447264549
PROCEDIMIENTO23_39,8.7872953172994,0.6415185823176872
PROCEDIMIENTO11_09,8.786934896670942,0.6415518098825967
PROCEDIMIENTO26_29,8.783295357755561,0.6418873347063463
PROCEDIMIENTO11_68,8.779678170624548,0.6422207840202473
PROCEDIMIENTO19_06,8.776448784624007,0.6425184712237916
PROCEDIMIENTO25_04,8.776448784624007,0.6425184712237916
PROCEDIMIENTO9_39,8.767199166221696,0.6433710395519439
DIAGNOSTICO34_E,8.760052900980593,0.6440296633007897
PROCEDIMIENTO18_48,8.75213949001547,0.6447589144793566
PROCEDIMIENTO19_21,8.750923660409153,0.6448709506671493
PROCEDIMIENTO15_40,8.750089294865262,0.6449478346081825
PROCEDIMIENTO27_55,8.750081049958268,0.6449485943436941
PROCEDIMIENTO19_87,8.748671145275992,0.6450785101558206
PROCEDIMIENTO9_25,8.744194583418055,0.6454909858980162
PROCEDIMIENTO25_06,8.741755657393218,0.6457157001126326
PROCEDIMIENTO7_14,8.737834350977305,0.6460769787291112
PROCEDIMIENTO23_02,8.73350623390306,0.6464757130228189
PROCEDIMIENTO16_98,8.733414416525441,0.6464841715531497
PROCEDIMIENTO6_79,8.733184851118601,0.6465053198503883
DIAGNOSTICO33_U,8.731863533632483,0.6466270423862712
DIAGNOSTICO25_J,8.73090835596767,0.646715033817423
PROCEDIMIENTO19_46,8.729360852152462,0.6468575878706525
PROCEDIMIENTO8_69,8.72601620671413,0.6471656805804424
DIAGNOSTICO20_J,8.725687139731617,0.6471959917831376
PROCEDIMIENTO6_67,8.724132035746274,0.6473392342703128
DIAGNOSTICO30_U,8.722700899465673,0.6474710548325382
PROCEDIMIENTO16_02,8.717214986682087,0.6479763289728829
PROCEDIMIENTO27_90,8.714121154624179,0.6482612633025142
PROCEDIMIENTO17_09,8.71312951179244,0.6483525881180427
PROCEDIMIENTO14_43,8.710028571660333,0.6486381578946521
PROCEDIMIENTO23_01,8.709919664487883,0.6486481870366805
PROCEDIMIENTO6_29,8.705790389549486,0.6490284339532224
PROCEDIMIENTO16_45,8.695529743519087,0.6499731763983272
PROCEDIMIENTO17_43,8.694284837760556,0.6500877888766696
DIAGNOSTICO21_V,8.693571482940271,0.6501534628899361
PROCEDIMIENTO24_88,8.691780251513762,0.6503183664606704
PROCEDIMIENTO9_72,8.69085379355124,0.6504036555789018
DIAGNOSTICO35_J,8.690131712969675,0.6504701288739012
DIAGNOSTICO30_O,8.686881084436962,0.6507693646118597
PROCEDIMIENTO14_62,8.683420809618314,0.6510878800156137
PROCEDIMIENTO4_OTROS,8.676801465922399,0.6516971289007374
PROCEDIMIENTO6_35,8.667173717406422,0.6525831389160826
PROCEDIMIENTO25_78,8.65896634393433,0.6533383073685912
PROCEDIMIENTO10_68,8.658799207978713,0.6533536844535013
PROCEDIMIENTO17_97,8.657215605570356,0.6534993788256249
PROCEDIMIENTO12_83,8.656543626711693,0.6535612007535685
PROCEDIMIENTO29_59,8.655792904993513,0.6536302660349845
PROCEDIMIENTO29_40,8.655792904993513,0.6536302660349845
PROCEDIMIENTO26_95,8.653480262831007,0.6538430191844433
DIAGNOSTICO30_K,8.651928818433491,0.6539857398909539
PROCEDIMIENTO27_14,8.641613264813104,0.6549345756105311
PROCEDIMIENTO23_50,8.641613264813104,0.6549345756105311
PROCEDIMIENTO29_42,8.638498753609777,0.6552210120919948
PROCEDIMIENTO27_16,8.636889348271662,0.6553690191540404
PROCEDIMIENTO27_35,8.636249806968276,0.6554278324261136
PROCEDIMIENTO6_15,8.628147959010176,0.6561728226507451
PROCEDIMIENTO18_77,8.62764509820688,0.6562190580159045
DIAGNOSTICO22_F,8.613665367556782,0.6575042162247702
PROCEDIMIENTO10_72,8.609954140549982,0.6578453226944454
PROCEDIMIENTO5_28,8.60692269710375,0.6581239276025852
PROCEDIMIENTO4_81,8.606291213910234,0.6581819616639828
PROCEDIMIENTO20_56,8.605619892860895,0.658243655952751
PROCEDIMIENTO13_54,8.605474371905638,0.6582570291783691
PROCEDIMIENTO26_03,8.604945217678951,0.6583056575295823
PROCEDIMIENTO26_77,8.602582528683708,0.6585227773122673
PROCEDIMIENTO9_27,8.601606420750198,0.6586124734934342
DIAGNOSTICO21_R,8.59295670005213,0.6594072215318905
PROCEDIMIENTO15_41,8.578784138485045,0.6607090620991951
DIAGNOSTICO28_O,8.570155095873167,0.6615014741388022
PROCEDIMIENTO24_83,8.566971787023396,0.6617937568903985
PROCEDIMIENTO20_76,8.565434651617599,0.6619348840709628
DIAGNOSTICO4_B,8.561591527937045,0.6622877040815329
PROCEDIMIENTO22_85,8.560714467774144,0.6623682182018066
PROCEDIMIENTO10_18,8.559077276884157,0.6625185074700412
PROCEDIMIENTO14_61,8.558480104109327,0.6625733245835819
PROCEDIMIENTO8_18,8.557980392375287,0.6626191946709887
DIAGNOSTICO18_H,8.55461849233934,0.6629277784631373
PROCEDIMIENTO30_86,8.547304162185618,0.663599056346365
PROCEDIMIENTO4_38,8.546495065198837,0.6636733038547871
PROCEDIMIENTO16_51,8.54440235585462,0.6638653357991886
PROCEDIMIENTO25_91,8.541168010917332,0.6641621058245459
DIAGNOSTICO8_S,8.53965706149829,0.6643007354290102
PROCEDIMIENTO6_78,8.535753564535948,0.6646588550831021
PROCEDIMIENTO22_51,8.535242589196809,0.6647057308353035
PROCEDIMIENTO5_24,8.530937807228078,0.6651006160897565
PROCEDIMIENTO13_09,8.5234192155516,0.6657901974345073
DIAGNOSTICO20_X,8.522405253894306,0.6658831837384196
PROCEDIMIENTO18_41,8.521906381285659,0.6659289323491882
PROCEDIMIENTO3_84,8.517871963882346,0.6662988809553725
PROCEDIMIENTO7_05,8.513982920929761,0.6666554590157359
DIAGNOSTICO26_L,8.506690433433999,0.6673239847032886
PROCEDIMIENTO19_03,8.499987155058967,0.6679383710800149
DIAGNOSTICO20_H,8.49846345811972,0.6680780080974449
DIAGNOSTICO31_X,8.484596370682993,0.6693485463714488
PROCEDIMIENTO17_45,8.483419921389922,0.6694563112772222
PROCEDIMIENTO20_83,8.481852675017814,0.6695998679120221
PROCEDIMIENTO15_53,8.476582786319325,0.6700825286542169
PROCEDIMIENTO18_13,8.476283567596168,0.6701099312741388
PROCEDIMIENTO13_82,8.47324620341898,0.6703880804413711
DIAGNOSTICO30_C,8.467929477330213,0.6708749007761008
PROCEDIMIENTO24_98,8.465128674570854,0.6711313206390277
PROCEDIMIENTO19_88,8.461156206793714,0.6714949701592023
PROCEDIMIENTO8_17,8.45729245002536,0.6718486238829553
PROCEDIMIENTO4_62,8.455842745908543,0.6719813055339148
PROCEDIMIENTO19_NA,8.451083521462124,0.6724168416823342
PROCEDIMIENTO19_96,8.449888849790824,0.6725261604416077
PROCEDIMIENTO24_23,8.448595078482143,0.6726445425453953
PROCEDIMIENTO15_24,8.442283307763338,0.673222007569019
PROCEDIMIENTO7_49,8.441244607965627,0.6733170269007107
PROCEDIMIENTO9_01,8.43753744718509,0.6736561279868907
PROCEDIMIENTO27_94,8.437182481512375,0.6736885951824317
PROCEDIMIENTO12_21,8.415767491278576,0.6756466125476663
DIAGNOSTICO33_Q,8.415071646382858,0.6757102109993406
PROCEDIMIENTO7_07,8.413899897384617,0.6758173023976183
PROCEDIMIENTO30_99,8.412683795484966,0.6759284427847223
PROCEDIMIENTO20_04,8.401063559751712,0.6769901847100903
PROCEDIMIENTO13_58,8.39310048574815,0.6777175180967223
PROCEDIMIENTO16_36,8.389194059319783,0.6780742479508801
DIAGNOSTICO31_B,8.388484794299227,0.6781390116921564
PROCEDIMIENTO21_78,8.386188393255003,0.678348687010605
DIAGNOSTICO35_D,8.380121878246586,0.6789025116174285
PROCEDIMIENTO7_56,8.376370298644018,0.6792449389250372
PROCEDIMIENTO16_57,8.36059196749564,0.6806845869900993
PROCEDIMIENTO7_31,8.359893081381447,0.6807483349092982
DIAGNOSTICO24_I,8.351422665861929,0.6815208158252883
ESPECIALIDAD_MEDICA_IMPLANTOLOGÍA,8.350908592729287,0.68156768988034
PROCEDIMIENTO21_44,8.347208911703975,0.6819050053653701
PROCEDIMIENTO17_55,8.337742591986803,0.6827678667223103
PROCEDIMIENTO17_44,8.335851983363494,0.6829401582593553
PROCEDIMIENTO12_69,8.331440869346771,0.683342093427719
PROCEDIMIENTO23_68,8.323672759313576,0.6840497406238133
PROCEDIMIENTO16_59,8.321159228055572,0.684278666697546
PROCEDIMIENTO11_69,8.318047363965823,0.6845620548879601
PROCEDIMIENTO3_32,8.317067246850598,0.6846513037560159
DIAGNOSTICO15_G,8.311630011340291,0.6851463497405803
PROCEDIMIENTO11_59,8.3089333748831,0.6853918301072083
PROCEDIMIENTO15_25,8.30757470900491,0.6855155018369872
PROCEDIMIENTO3_05,8.307143623073015,0.6855547397073884
DIAGNOSTICO24_C,8.302598840302903,0.6859683673479066
DIAGNOSTICO32_C,8.294227289591946,0.6867300679634913
PROCEDIMIENTO19_36,8.29290539973623,0.6868503177820973
PROCEDIMIENTO21_70,8.287974690202713,0.6872987952098166
PROCEDIMIENTO20_77,8.286126901767046,0.6874668381556246
DIAGNOSTICO13_X,8.281527771572216,0.6878850375098444
PROCEDIMIENTO6_33,8.270046434362579,0.6889286713085321
ESPECIALIDAD_MEDICA_MICROBIOLOGIA CLINICA,8.269634571217424,0.6889660991896607
PROCEDIMIENTO3_27,8.26790321028158,0.6891234283987147
PROCEDIMIENTO22_34,8.256550402931905,0.690154760719113
DIAGNOSTICO19_C,8.24345041344127,0.6913441582821651
PROCEDIMIENTO1_OTROS,8.243243574376008,0.6913629322852034
DIAGNOSTICO35_I,8.24061340002592,0.6916016477445766
PROCEDIMIENTO21_88,8.238678366151227,0.6917772535697746
DIAGNOSTICO26_K,8.238655268629953,0.6917793495930142
PROCEDIMIENTO3_91,8.237125364075256,0.6919181783586521
PROCEDIMIENTO9_46,8.236433448202703,0.6919809619400195
PROCEDIMIENTO23_24,8.23169786777835,0.6924106084359463
PROCEDIMIENTO21_22,8.23058215596062,0.692511820177208
PROCEDIMIENTO22_92,8.222616732219114,0.6932342493571463
DIAGNOSTICO18_X,8.220948912797674,0.6933854789659242
DIAGNOSTICO29_E,8.219445213187697,0.6935218167590986
PROCEDIMIENTO19_16,8.213859306858282,0.694028195640354
DIAGNOSTICO22_U,8.212883324371463,0.6941166574700753
PROCEDIMIENTO7_15,8.206841648149794,0.6946641751497113
DIAGNOSTICO22_A,8.195741274723748,0.6956697120160641
DIAGNOSTICO10_S,8.194757664378722,0.695758786914392
PROCEDIMIENTO10_17,8.183639101364465,0.6967653736520163
PROCEDIMIENTO30_55,8.176489198425278,0.6974123749851775
PROCEDIMIENTO20_60,8.175633930875584,0.6974897533822237
PROCEDIMIENTO20_35,8.172696043377272,0.6977555266712407
PROCEDIMIENTO19_65,8.171138874517949,0.6978963785052006
PROCEDIMIENTO7_72,8.167277223873166,0.698245631418404
DIAGNOSTICO31_U,8.162143489184142,0.6987098268287975
PROCEDIMIENTO6_58,8.159828013334206,0.6989191535908172
PROCEDIMIENTO25_52,8.158706157454992,0.699020564146231
PROCEDIMIENTO19_92,8.157591180035313,0.6991213471092486
DIAGNOSTICO32_P,8.157092657244428,0.6991664067766837
PROCEDIMIENTO4_45,8.15490026328173,0.6993645555323325
PROCEDIMIENTO18_53,8.154453826070682,0.6994049018096768
PROCEDIMIENTO15_80,8.148540250883034,0.6999392464228894
PROCEDIMIENTO24_44,8.145450930725742,0.7002183286726675
PROCEDIMIENTO30_84,8.143578909725814,0.7003874208553644
PROCEDIMIENTO11_94,8.142122839656093,0.7005189303457349
PROCEDIMIENTO30_22,8.14120595805548,0.7006017361802213
PROCEDIMIENTO25_84,8.13747753897348,0.7009384175889853
ESPECIALIDAD_MEDICA_ENDOCRINOLOGÍA,8.136141845689126,0.7010590163751418
PROCEDIMIENTO10_35,8.13280622220229,0.7013601500482851
PROCEDIMIENTO26_18,8.122841643390897,0.7022594132807858
PROCEDIMIENTO27_40,8.115066210082773,0.7029607792469827
PROCEDIMIENTO17_77,8.105911310219254,0.7037861956970903
PROCEDIMIENTO11_82,8.099058187522978,0.7044038087998485
PROCEDIMIENTO20_22,8.097996729868232,0.704499447860421
DIAGNOSTICO28_J,8.094278791400262,0.7048343955325138
PROCEDIMIENTO27_34,8.092981309589947,0.704951268796027
PROCEDIMIENTO11_73,8.078526720977273,0.7062527171322516
PROCEDIMIENTO22_76,8.065175400473924,0.7074538780930989
PROCEDIMIENTO14_01,8.054605368296729,0.7084041602689098
DIAGNOSTICO3_U,8.042688681987647,0.7094748042208379
PROCEDIMIENTO22_25,8.038288454371628,0.7098699473572011
PROCEDIMIENTO9_64,8.037225899600008,0.7099653498573175
PROCEDIMIENTO22_70,8.035191166143266,0.7101480234027968
DIAGNOSTICO32_B,8.033889424571516,0.7102648789737465
PROCEDIMIENTO2_55,8.03381335205546,0.7102717076173488
PROCEDIMIENTO2_71,8.033584199462949,0.7102922772935609
PROCEDIMIENTO12_27,8.030169517853873,0.7105987594860497
PROCEDIMIENTO11_96,8.024633485045873,0.7110955075942719
DIAGNOSTICO24_P,8.024555753940138,0.7111024812175353
PROCEDIMIENTO30_31,8.024331035390627,0.7111226415907279
PROCEDIMIENTO21_27,8.022816890050473,0.7112584742621331
PROCEDIMIENTO6_19,8.020538866917585,0.7114628101476752
PROCEDIMIENTO27_75,8.018858501857613,0.7116135186259931
PROCEDIMIENTO8_47,8.016896332892939,0.7117894819066303
PROCEDIMIENTO22_37,8.01138360842006,0.7122837382814339
DIAGNOSTICO6_X,8.005605691753203,0.7128015906628107
PROCEDIMIENTO11_10,8.002755825947297,0.7130569447921014
PROCEDIMIENTO5_07,7.999608352824902,0.713338912487049
DIAGNOSTICO19_S,7.999185554001764,0.7133767848730006
DIAGNOSTICO30_E,7.993582259800384,0.7138786075771375
PROCEDIMIENTO11_12,7.993342657952005,0.7139000620244467
PROCEDIMIENTO20_96,7.9906468635316,0.7141414267299364
PROCEDIMIENTO23_83,7.9873431822318235,0.7144371618073911
PROCEDIMIENTO30_77,7.9842287711634565,0.714715897309876
DIAGNOSTICO6_L,7.973964759052959,0.715634120447519
DIAGNOSTICO29_X,7.962611761334695,0.7166490584325833
PROCEDIMIENTO14_34,7.959361361196211,0.7169395006969226
PROCEDIMIENTO11_08,7.955185633613809,0.7173125357928594
PROCEDIMIENTO25_73,7.947452228056779,0.7180031226110295
PROCEDIMIENTO21_81,7.945012893406008,0.7182208799894763
PROCEDIMIENTO15_52,7.943600190190864,0.7183469747127986
PROCEDIMIENTO17_52,7.940837605775611,0.7185935225639006
PROCEDIMIENTO29_48,7.932984844693027,0.7192940966114499
PROCEDIMIENTO10_60,7.932715916708934,0.7193180821439806
PROCEDIMIENTO21_41,7.930246483982802,0.7195383091305454
PROCEDIMIENTO13_76,7.921936007540077,0.7202791775029707
PROCEDIMIENTO19_14,7.921117063458045,0.7203521627093041
PROCEDIMIENTO10_83,7.914027074691853,0.7209838598729024
PROCEDIMIENTO5_52,7.913533104608483,0.7210278597326767
DIAGNOSTICO33_A,7.899022344990591,0.7223197215161674
PROCEDIMIENTO23_98,7.892200546983117,0.7229266014404405
PROCEDIMIENTO19_54,7.890708314488116,0.7230593145818904
PROCEDIMIENTO16_18,7.873998754977404,0.724544440199467
PROCEDIMIENTO24_03,7.871830884216392,0.7247369885910068
DIAGNOSTICO2_L,7.871301820759655,0.7247839750081033
PROCEDIMIENTO25_16,7.869046447655791,0.7249842559320472
PROCEDIMIENTO7_46,7.868955268566636,0.7249923521063282
DIAGNOSTICO24_J,7.8542255842046185,0.7262995629018822
PROCEDIMIENTO4_40,7.8525353122922965,0.7264494795273708
PROCEDIMIENTO16_80,7.834480076133818,0.7280497059867321
PROCEDIMIENTO8_43,7.834265212835915,0.7280687363510736
DIAGNOSTICO29_M,7.833683589543739,0.7281202489885648
PROCEDIMIENTO19_04,7.826617256684756,0.7287459144770521
PROCEDIMIENTO15_21,7.817787559706244,0.7295272454007047
DIAGNOSTICO17_B,7.810498777911747,0.7301718295909756
PROCEDIMIENTO5_53,7.806045419026315,0.7305654869828957
PROCEDIMIENTO28_55,7.794653595222172,0.7315718629650427
PROCEDIMIENTO7_53,7.787103371826367,0.7322383767855034
PROCEDIMIENTO30_34,7.784757200822423,0.7324454109091456
PROCEDIMIENTO29_78,7.780569800674731,0.7328148271059709
PROCEDIMIENTO25_35,7.780134350351674,0.7328532359744124
DIAGNOSTICO19_R,7.777679260855461,0.733069762439519
PROCEDIMIENTO23_18,7.777183219465873,0.7331135057097855
PROCEDIMIENTO6_47,7.766304550228655,0.734072407881321
PROCEDIMIENTO23_36,7.755408670020815,0.7350319969625118
PROCEDIMIENTO2_72,7.754664532568958,0.7350975018871679
PROCEDIMIENTO4_70,7.753426966797221,0.7352064336469553
PROCEDIMIENTO28_31,7.746131424420527,0.7358483738652105
PROCEDIMIENTO24_86,7.741972276570841,0.7362141709468872
PROCEDIMIENTO1_24,7.729260768236192,0.737331380277428
PROCEDIMIENTO23_25,7.716097736374953,0.7384870439755111
PROCEDIMIENTO5_19,7.713582338993455,0.7387077426835824
PROCEDIMIENTO14_68,7.710586044802605,0.7389705744316146
DIAGNOSTICO8_T,7.705003050395917,0.7394601330227228
PROCEDIMIENTO12_18,7.701513345777483,0.7397660197922646
PROCEDIMIENTO23_86,7.6976532490820215,0.7401042681143533
PROCEDIMIENTO3_07,7.69458687639442,0.7403728861693168
PROCEDIMIENTO3_61,7.6861149369777495,0.7411146749047568
PROCEDIMIENTO2_22,7.681631168573651,0.7415070490535224
PROCEDIMIENTO12_79,7.6730453443648665,0.7422579720037774
PROCEDIMIENTO26_45,7.666705165252175,0.742812131572268
PROCEDIMIENTO7_80,7.661479283657493,0.7432686670759385
DIAGNOSTICO28_M,7.659714158397936,0.7434228222274541
PROCEDIMIENTO13_98,7.655720799157124,0.7437714896922458
PROCEDIMIENTO2_76,7.652057342883678,0.7440912452448492
DIAGNOSTICO24_S,7.648006169298016,0.7444447216022556
PROCEDIMIENTO16_24,7.645391158844703,0.744672821480457
PROCEDIMIENTO20_59,7.634012293791613,0.7456647507462054
PROCEDIMIENTO19_66,7.627608117874416,0.7462225783612819
PROCEDIMIENTO7_23,7.627114182002377,0.7462655886930174
DIAGNOSTICO23_H,7.6233020021839515,0.7465974765543009
PROCEDIMIENTO14_81,7.616958273014047,0.7471495074095238
PROCEDIMIENTO22_18,7.616652434195043,0.7471761134627817
PROCEDIMIENTO18_97,7.616169315962373,0.7472181402041651
PROCEDIMIENTO23_94,7.613376572795791,0.7474610464163467
PROCEDIMIENTO8_13,7.606984257332174,0.7480168022275451
PROCEDIMIENTO22_86,7.604886488732789,0.7481991140322664
PROCEDIMIENTO1_20,7.603047542255668,0.7483589034057654
PROCEDIMIENTO8_80,7.59906020997293,0.7487052771285712
DIAGNOSTICO24_A,7.596925775353173,0.7488906400612536
DIAGNOSTICO27_H,7.59335177068171,0.7492009392485639
DIAGNOSTICO26_E,7.583273129009446,0.7500754244083121
DIAGNOSTICO34_R,7.5640797201944965,0.75173848214548
DIAGNOSTICO24_W,7.5640049835426515,0.7517449519886177
PROCEDIMIENTO27_45,7.5619252618051,0.751924972052905
PROCEDIMIENTO4_74,7.553576814518211,0.7526472522539593
PROCEDIMIENTO17_75,7.5505203015985485,0.7529115475631674
PROCEDIMIENTO8_25,7.5472565620754155,0.7531936760697384
PROCEDIMIENTO12_11,7.544466425024176,0.7534347945578848
PROCEDIMIENTO9_81,7.528323723717485,0.7548285391610852
PROCEDIMIENTO6_09,7.527117087001281,0.754932631013094
PROCEDIMIENTO2_31,7.527011483046749,0.7549417404705098
PROCEDIMIENTO17_81,7.525840603004561,0.7550427349424348
DIAGNOSTICO30_L,7.522030235385775,0.7553713186802901
PROCEDIMIENTO5_43,7.519915262677072,0.7555536484592629
PROCEDIMIENTO27_80,7.519477809156462,0.7555913561757663
PROCEDIMIENTO1_80,7.519000337278744,0.7556325115500697
PROCEDIMIENTO25_87,7.513714085872069,0.7560880270477578
PROCEDIMIENTO10_11,7.50786789548009,0.7565915151042442
DIAGNOSTICO19_W,7.507709407251877,0.7566051604281585
PROCEDIMIENTO9_86,7.507019190433703,0.7566645833576234
PROCEDIMIENTO8_04,7.505265755413854,0.756815523729892
PROCEDIMIENTO28_52,7.480936779244535,0.7589070931465579
PROCEDIMIENTO20_97,7.478749761289299,0.7590948602520854
DIAGNOSTICO31_O,7.478586469245884,0.7591088780665388
DIAGNOSTICO30_Y,7.470598328963785,0.759794335609256
PROCEDIMIENTO8_24,7.464794401800779,0.7602920158943417
PROCEDIMIENTO21_59,7.464551899200504,0.7603128037676561
PROCEDIMIENTO23_54,7.456755699721426,0.760980834941036
PROCEDIMIENTO30_37,7.443274897855334,0.7621346885836442
PROCEDIMIENTO29_44,7.439695471597686,0.7624407876329459
DIAGNOSTICO34_O,7.439084369771424,0.7624930352865807
PROCEDIMIENTO30_54,7.432351396412913,0.763068465340278
PROCEDIMIENTO16_40,7.424873306426995,0.7637070975653941
PROCEDIMIENTO20_33,7.380258481407192,0.7675066148255715
PROCEDIMIENTO28_78,7.360941388406452,0.7691459844603351
PROCEDIMIENTO4_32,7.35959548538711,0.7692600754850588
PROCEDIMIENTO13_69,7.357619356433728,0.7694275592011357
PROCEDIMIENTO2_44,7.355733840452171,0.7695873287232058
DIAGNOSTICO31_K,7.347649358424697,0.7702719865665022
PROCEDIMIENTO8_66,7.34717017441674,0.7703125481582176
PROCEDIMIENTO16_46,7.346462450870276,0.7703724509863805
DIAGNOSTICO27_M,7.345300457205387,0.7704707935998831
PROCEDIMIENTO10_92,7.344307960066412,0.7705547810807005
PROCEDIMIENTO16_31,7.338361099706539,0.7710578216132762
PROCEDIMIENTO23_44,7.332154626205612,0.7715824615440601
PROCEDIMIENTO18_45,7.331248316516138,0.7716590419409923
ESPECIALIDAD_MEDICA_INFECTOLOGÍA PEDIATRICA,7.3304814458813885,0.7717238339951152
PROCEDIMIENTO22_29,7.324773188932147,0.7722059403471236
DIAGNOSTICO35_W,7.316741786344166,0.772883721319233
DIAGNOSTICO10_O,7.314956518306066,0.7730342975992219
PROCEDIMIENTO18_80,7.304993184150629,0.7738740735409355
PROCEDIMIENTO23_35,7.302590700838389,0.7740764258342039
PROCEDIMIENTO23_70,7.290413555384597,0.7751011912627135
PROCEDIMIENTO11_41,7.285564410528741,0.7755088637177225
PROCEDIMIENTO11_17,7.281699477229464,0.7758336260296412
PROCEDIMIENTO3_46,7.280126750258582,0.7759657366441179
PROCEDIMIENTO13_08,7.279736412463345,0.7759985216030818
PROCEDIMIENTO25_03,7.2786933168787,0.7760861250841262
DIAGNOSTICO21_D,7.274808334446155,0.7764123068650565
PROCEDIMIENTO7_36,7.270643869046332,0.7767617871084986
PROCEDIMIENTO3_80,7.26810240795826,0.776974980491721
PROCEDIMIENTO3_53,7.254342257488947,0.7781281432484366
PROCEDIMIENTO6_21,7.238185182552801,0.7794797429816491
PROCEDIMIENTO10_33,7.228010397863966,0.780329540852179
PROCEDIMIENTO1_97,7.223539694528993,0.7807025993480274
PROCEDIMIENTO9_79,7.217786880973359,0.7811823419916792
PROCEDIMIENTO30_38,7.207686822853108,0.7820237884498393
PROCEDIMIENTO28_03,7.204927718810406,0.7822534689241387
PROCEDIMIENTO5_26,7.200635093152067,0.782610649799836
DIAGNOSTICO34_T,7.195084433968462,0.7830722251477886
PROCEDIMIENTO27_50,7.191775227091124,0.7833472555936
DIAGNOSTICO35_R,7.182606937174775,0.784108640274328
DIAGNOSTICO7_X,7.177710227855729,0.7845149283608415
PROCEDIMIENTO14_26,7.166310741405204,0.7854597834545265
PROCEDIMIENTO5_56,7.16429767800988,0.7856264949376007
PROCEDIMIENTO8_41,7.160154703119466,0.785969459324472
PROCEDIMIENTO24_96,7.16004198731642,0.7859787876331742
PROCEDIMIENTO17_66,7.147444987035323,0.7870204564582668
DIAGNOSTICO17_S,7.146066470745852,0.7871343455402005
PROCEDIMIENTO9_84,7.143493531865493,0.7873468599226574
PROCEDIMIENTO15_79,7.142122685841891,0.7874600572782654
DIAGNOSTICO3_A,7.122002890913669,0.7891191159257059
PROCEDIMIENTO7_52,7.121677700122552,0.7891458948768311
PROCEDIMIENTO30_92,7.120866304917091,0.7892127069903797
PROCEDIMIENTO23_23,7.113701275329947,0.7898023809023179
PROCEDIMIENTO18_59,7.111534185548903,0.7899806197827524
PROCEDIMIENTO2_35,7.109389827462559,0.7901569385519359
PROCEDIMIENTO21_77,7.097002478285889,0.7911744964447591
PROCEDIMIENTO27_84,7.086800061450566,0.7920113056645397
PROCEDIMIENTO16_43,7.086144533579039,0.7920650332016254
DIAGNOSTICO25_B,7.079289015736128,0.7926266311281975
PROCEDIMIENTO22_84,7.078766277142895,0.7926694320120677
DIAGNOSTICO31_R,7.078392024349279,0.7927000732842173
PROCEDIMIENTO6_65,7.075131445530399,0.7929669614044206
PROCEDIMIENTO6_62,7.072227232227629,0.79320458029506
PROCEDIMIENTO9_23,7.058492322511211,0.7943270760513033
PROCEDIMIENTO6_71,7.058146335391978,0.7943553248173303
DIAGNOSTICO24_O,7.052842433525262,0.7947882033904328
PROCEDIMIENTO15_94,7.047985404619536,0.7951843324930645
PROCEDIMIENTO27_23,7.047153376085407,0.7952521642945451
PROCEDIMIENTO7_08,7.04222961523994,0.7956534177269314
PROCEDIMIENTO27_37,7.028932454727677,0.7967356732050594
PROCEDIMIENTO30_44,7.0179695090284815,0.797626431475033
PROCEDIMIENTO19_83,7.009452424358872,0.7983175086262368
PROCEDIMIENTO18_92,7.007109744778113,0.7985074475815193
PROCEDIMIENTO27_59,7.007027487526973,0.7985141156568694
PROCEDIMIENTO22_54,7.0056887768323435,0.7986226255029039
DIAGNOSTICO11_X,7.004968709687661,0.7986809823454123
PROCEDIMIENTO14_60,7.001909454457946,0.7989288487012257
PROCEDIMIENTO15_16,6.995069649225636,0.799482630488371
PROCEDIMIENTO3_65,6.983308683149009,0.8004335822988671
PROCEDIMIENTO6_39,6.979341415266005,0.8007539986400838
PROCEDIMIENTO6_51,6.973585607069824,0.8012185392615956
DIAGNOSTICO35_S,6.966997496560174,0.8017497767879654
PROCEDIMIENTO10_46,6.96448345586742,0.8019523640014012
PROCEDIMIENTO21_46,6.951303647289658,0.803013203688798
PROCEDIMIENTO3_86,6.949081686020758,0.8031918464287318
DIAGNOSTICO12_X,6.94464304441616,0.8035485319172933
PROCEDIMIENTO11_92,6.9409016627680415,0.8038490042953079
PROCEDIMIENTO8_65,6.938349047718474,0.8040539105372435
PROCEDIMIENTO2_23,6.9301299981532845,0.8047131505582341
PROCEDIMIENTO3_33,6.92370910511405,0.8052276001390979
PROCEDIMIENTO3_98,6.92080608268274,0.8054600313282642
PROCEDIMIENTO21_03,6.918398484059603,0.8056527194270734
PROCEDIMIENTO10_49,6.91738993059714,0.8057334165708503
DIAGNOSTICO5_T,6.914622908223775,0.8059547507327761
PROCEDIMIENTO28_81,6.908810422348376,0.8064193907277171
PROCEDIMIENTO3_78,6.908518011244246,0.8064427547777425
PROCEDIMIENTO16_44,6.905738490739334,0.8066647906408335
PROCEDIMIENTO27_52,6.903570485155766,0.8068379120410611
DIAGNOSTICO20_V,6.901462323223179,0.807006200114705
ESPECIALIDAD_MEDICA_ANATOMÍA PATOLÓGICA,6.898667949062282,0.8072291832688878
PROCEDIMIENTO21_21,6.897183728372486,0.807347581309549
PROCEDIMIENTO2_25,6.886210294690307,0.8082221127843057
PROCEDIMIENTO18_76,6.885391980670738,0.8082872697230582
PROCEDIMIENTO22_95,6.8837166072218015,0.8084206430989072
DIAGNOSTICO27_E,6.875306377216666,0.8090896464631024
DIAGNOSTICO7_Y,6.874956118328223,0.8091174894684453
DIAGNOSTICO23_J,6.8744399641464895,0.8091585171823177
PROCEDIMIENTO13_14,6.871385538694997,0.8094012382491765
PROCEDIMIENTO17_79,6.862925206200297,0.8100729418635817
DIAGNOSTICO33_K,6.858395419088986,0.8104322186774975
DIAGNOSTICO23_V,6.85634885821448,0.8105944569123521
DIAGNOSTICO24_U,6.833032365296387,0.8124391635177567
PROCEDIMIENTO17_18,6.830199233204514,0.8126628470450263
PROCEDIMIENTO13_84,6.827945284656911,0.8128407305735428
PROCEDIMIENTO1_98,6.816779815999167,0.8137209773132179
PROCEDIMIENTO13_29,6.812185633512679,0.8140827105187133
PROCEDIMIENTO6_32,6.809163741720418,0.8143205004997315
PROCEDIMIENTO11_53,6.805054351111875,0.8146436793239791
PROCEDIMIENTO20_48,6.798502254570804,0.815158519255436
PROCEDIMIENTO15_85,6.793563752735672,0.8155462080832656
PROCEDIMIENTO13_12,6.790926380882227,0.8157531232860002
PROCEDIMIENTO6_52,6.7681361796302015,0.8175374227579442
PROCEDIMIENTO21_68,6.766938463228713,0.817631010326134
PROCEDIMIENTO27_44,6.764790811095016,0.817798777976379
PROCEDIMIENTO4_31,6.761867944377583,0.8180270072598137
DIAGNOSTICO30_D,6.74624261000849,0.8192452211380146
PROCEDIMIENTO14_44,6.739495808626555,0.819770248563896
PROCEDIMIENTO16_92,6.738895584522597,0.8198169284988654
PROCEDIMIENTO27_48,6.735300735693916,0.8200964045081918
DIAGNOSTICO4_S,6.733584109366487,0.8202298014366574
DIAGNOSTICO35_H,6.727219871878928,0.8207240220775758
PROCEDIMIENTO19_24,6.723650886172957,0.8210009425931291
PROCEDIMIENTO5_08,6.717851622864795,0.8214505553737717
PROCEDIMIENTO7_64,6.712654722639035,0.821853091312984
PROCEDIMIENTO13_60,6.711882294016278,0.8219128908708144
PROCEDIMIENTO9_54,6.705254973480347,0.8224256382041799
PROCEDIMIENTO5_09,6.699746405611492,0.8228513868681622
DIAGNOSTICO28_T,6.686229445191804,0.8238943846637898
PROCEDIMIENTO10_47,6.680405350453763,0.8243430340744946
PROCEDIMIENTO20_88,6.673646464811422,0.8248631250520413
PROCEDIMIENTO26_39,6.66869498087102,0.8252437493696513
PROCEDIMIENTO7_21,6.665330751007526,0.8255021724356486
PROCEDIMIENTO14_41,6.654085310995001,0.8263648841156723
PROCEDIMIENTO19_45,6.6514440930292515,0.8265672618486446
PROCEDIMIENTO8_37,6.6476496440556305,0.8268578383104525
PROCEDIMIENTO19_08,6.64604909101412,0.8269803491707222
DIAGNOSTICO25_O,6.638626322267259,0.8275480546621203
ESPECIALIDAD_MEDICA_MEDICINA FISICA Y REHABILITACIÓN PEDIÁTRICA  ,6.631849421050885,0.8280657091610254
PROCEDIMIENTO7_26,6.627321559864741,0.8284112217105476
PROCEDIMIENTO14_31,6.60023268162639,0.8304724585219795
PROCEDIMIENTO5_96,6.590376136494924,0.8312199521541056
PROCEDIMIENTO8_42,6.576799506608445,0.8322473624665259
PROCEDIMIENTO25_68,6.575293181338852,0.8323611955734584
PROCEDIMIENTO25_22,6.570942438220204,0.8326898039662567
PROCEDIMIENTO14_67,6.562107151195748,0.833356313287243
PROCEDIMIENTO13_59,6.551009849199488,0.8341919137082234
PROCEDIMIENTO7_35,6.547507157059434,0.8344552989231052
PROCEDIMIENTO4_27,6.54544296302613,0.8346104352850292
PROCEDIMIENTO10_08,6.542847349173224,0.8348054257723081
PROCEDIMIENTO3_OTROS,6.51585348353937,0.8368276387220738
PROCEDIMIENTO13_41,6.514828357583835,0.8369042308852719
PROCEDIMIENTO5_79,6.507942770487649,0.8374182983510913
PROCEDIMIENTO24_18,6.5074873927469365,0.8374522723030069
PROCEDIMIENTO3_35,6.504219858986157,0.8376959632850882
PROCEDIMIENTO23_29,6.50293277382614,0.8377919115153247
DIAGNOSTICO18_O,6.488631423345309,0.8388564353892307
DIAGNOSTICO28_H,6.482599370109072,0.8393045511797659
PROCEDIMIENTO13_77,6.481495308045865,0.8393865141975994
DIAGNOSTICO35_N,6.477109574504493,0.8397119272457928
DIAGNOSTICO24_N,6.473423759456173,0.8399851928374485
PROCEDIMIENTO2_61,6.472133166322916,0.8400808307227929
PROCEDIMIENTO27_01,6.47204333007534,0.8400874870351068
PROCEDIMIENTO20_66,6.467627665337522,0.8404145165648851
PROCEDIMIENTO28_57,6.462260458731052,0.8408116379187571
DIAGNOSTICO24_X,6.445075190658899,0.8420803637248021
PROCEDIMIENTO21_79,6.444472041316467,0.8421248138313137
PROCEDIMIENTO6_73,6.44193093869567,0.842312026284427
PROCEDIMIENTO29_46,6.436759338450046,0.8426927455073568
PROCEDIMIENTO10_97,6.4288183157515775,0.8432765791233753
PROCEDIMIENTO27_46,6.427724161870158,0.84335695008559
DIAGNOSTICO24_M,6.420382460671374,0.8438957785831576
DIAGNOSTICO4_A,6.417841155949659,0.8440821073052756
PROCEDIMIENTO24_73,6.416683758252688,0.8441669362647877
PROCEDIMIENTO24_45,6.408334202725022,0.8447783128947686
DIAGNOSTICO26_Y,6.408154173166932,0.844791483789035
PROCEDIMIENTO20_01,6.40061001326906,0.8453429802441396
PROCEDIMIENTO4_67,6.39804598072939,0.8455302251581767
PROCEDIMIENTO9_08,6.370402591250862,0.8475427373781115
DIAGNOSTICO34_A,6.361712192778552,0.8481730609217277
PROCEDIMIENTO17_98,6.349652482383892,0.8490458833444814
PROCEDIMIENTO18_38,6.349204114669978,0.849078291742012
PROCEDIMIENTO11_20,6.34427565316941,0.8494343250984429
PROCEDIMIENTO14_45,6.3402893093277815,0.8497220311306058
PROCEDIMIENTO21_54,6.321718229800361,0.8510591855288859
PROCEDIMIENTO7_27,6.321659007154988,0.8510634412951747
PROCEDIMIENTO6_63,6.317686334851061,0.8513487973726501
PROCEDIMIENTO30_81,6.313697156209991,0.851635097042924
PROCEDIMIENTO20_NA,6.306594660814491,0.8521442352502747
PROCEDIMIENTO20_21,6.304226012296944,0.8523138589409025
DIAGNOSTICO13_W,6.303843760776317,0.8523412246957351
PROCEDIMIENTO5_48,6.299378219835045,0.8526607512991302
DIAGNOSTICO26_Q,6.287753032623779,0.8534911431523678
PROCEDIMIENTO9_40,6.285425201476965,0.8536571714395211
PROCEDIMIENTO25_50,6.281813189167923,0.8539146263925323
PROCEDIMIENTO29_92,6.277163922478972,0.8542457181011296
DIAGNOSTICO26_G,6.264576035603254,0.8551404725464022
DIAGNOSTICO33_C,6.259625889736281,0.8554916596601769
PROCEDIMIENTO27_97,6.25658767201323,0.8557070170997201
PROCEDIMIENTO4_49,6.254941183076287,0.8558236649725184
PROCEDIMIENTO21_43,6.253581026413865,0.8559199954432818
PROCEDIMIENTO10_31,6.2485114669496,0.8562787836883952
PROCEDIMIENTO15_67,6.239708548705661,0.8569008419005775
PROCEDIMIENTO7_78,6.227598244912671,0.8577546384823389
PROCEDIMIENTO22_33,6.222042282974512,0.8581455744316879
PROCEDIMIENTO5_25,6.216425378027315,0.8585403059567422
DIAGNOSTICO22_T,6.204144990134907,0.8594015888394062
PROCEDIMIENTO14_23,6.186292246780418,0.8606494408193434
DIAGNOSTICO19_Q,6.182074276172867,0.8609435266035376
DIAGNOSTICO30_X,6.179808913976626,0.861101355807339
PROCEDIMIENTO16_41,6.176379196659591,0.8613401511277583
PROCEDIMIENTO8_52,6.165912506381533,0.8620677405118835
DIAGNOSTICO21_J,6.163802002704017,0.862214240042926
PROCEDIMIENTO3_77,6.1635602049479274,0.86223101977039
DIAGNOSTICO10_B,6.161018477228447,0.8624073482789141
PROCEDIMIENTO4_61,6.15714859801491,0.8626756170244065
PROCEDIMIENTO3_71,6.156320335372573,0.8627330029422673
DIAGNOSTICO25_V,6.1389123774168715,0.8639365642201062
PROCEDIMIENTO8_78,6.137692992802277,0.864020688396381
PROCEDIMIENTO22_52,6.131696309352113,0.8644340456860968
PROCEDIMIENTO14_84,6.114549796847395,0.8656127717284599
DIAGNOSTICO19_M,6.111187486532772,0.8658433541854368
PROCEDIMIENTO7_81,6.109023777681483,0.8659916414065224
PROCEDIMIENTO12_67,6.092580374146926,0.8671160872130939
PROCEDIMIENTO5_80,6.075037979037776,0.8683108303313586
PROCEDIMIENTO22_48,6.06702814671975,0.8688546754307584
PROCEDIMIENTO19_48,6.060659806866762,0.8692863172713942
PROCEDIMIENTO12_68,6.058903596183836,0.8694052349432878
PROCEDIMIENTO9_36,6.045622985990899,0.8703028579322521
PROCEDIMIENTO10_62,6.043083698856715,0.8704741549140166
PROCEDIMIENTO13_85,6.031400249915597,0.8712609331740429
PROCEDIMIENTO7_67,6.029939542971409,0.8713591403055116
PROCEDIMIENTO20_70,6.029818282135373,0.8713672913995969
PROCEDIMIENTO14_14,6.003540229744394,0.873127934046024
PROCEDIMIENTO14_65,5.998447553423817,0.8734678169864661
PROCEDIMIENTO26_50,5.995873119660628,0.8736394688891829
PROCEDIMIENTO8_33,5.994771230537654,0.8737129041852876
DIAGNOSTICO27_L,5.988250966710672,0.8741470313187096
PROCEDIMIENTO18_36,5.979934563869464,0.8746997153186409
DIAGNOSTICO23_K,5.975805219180217,0.8749737089595584
PROCEDIMIENTO16_66,5.973905386564773,0.8750996721096554
PROCEDIMIENTO17_33,5.970202497581353,0.8753450077510291
PROCEDIMIENTO27_18,5.966766882379611,0.8755724290603392
PROCEDIMIENTO2_86,5.965190489720879,0.875676712293066
PROCEDIMIENTO10_02,5.963907166399084,0.875761577214353
DIAGNOSTICO31_D,5.958586928766254,0.8761131036164469
PROCEDIMIENTO8_70,5.928002820278733,0.8781246299080727
PROCEDIMIENTO16_23,5.922668020089973,0.8784738782676252
DIAGNOSTICO33_M,5.915563744332921,0.8789382161548528
PROCEDIMIENTO17_35,5.904235343018684,0.8796768663331864
PROCEDIMIENTO7_02,5.900124082614975,0.8799443930222
DIAGNOSTICO33_Y,5.893126810903536,0.8803990532194393
PROCEDIMIENTO25_51,5.892429020177181,0.8804443474948845
DIAGNOSTICO15_V,5.892001990697045,0.8804720622838814
DIAGNOSTICO22_E,5.889778710684699,0.8806163057186011
PROCEDIMIENTO27_96,5.889097543904163,0.8806604819701956
DIAGNOSTICO3_S,5.881029005755881,0.8811831523697732
DIAGNOSTICO28_E,5.875604861565418,0.881533894259324
PROCEDIMIENTO24_84,5.875033418756431,0.8815708160934267
PROCEDIMIENTO7_84,5.8682522687976375,0.8820085284947128
PROCEDIMIENTO29_54,5.863231522223838,0.8823320998988742
PROCEDIMIENTO1_41,5.859436444006874,0.882576392648983
PROCEDIMIENTO4_56,5.8567979445069795,0.8827460890105352
PROCEDIMIENTO28_38,5.844241724098011,0.8835520013984107
DIAGNOSTICO25_M,5.84421528875187,0.8835536952584027
PROCEDIMIENTO29_00,5.8330208599755595,0.8842698973072036
PROCEDIMIENTO17_03,5.825915653212929,0.8847233502390185
DIAGNOSTICO24_E,5.804977098323953,0.886054540450039
PROCEDIMIENTO30_33,5.801570109666304,0.886270420639538
PROCEDIMIENTO3_49,5.801023233353899,0.8863050540007551
DIAGNOSTICO26_J,5.791447587975354,0.8869106273578234
PROCEDIMIENTO3_44,5.790555082065107,0.8869669886430215
PROCEDIMIENTO5_20,5.781831103056343,0.8875171689939252
PROCEDIMIENTO20_46,5.778466186260286,0.8877290220712482
PROCEDIMIENTO24_50,5.760580829754072,0.8888517361816485
DIAGNOSTICO16_NA,5.758733988065264,0.8889673471772834
PROCEDIMIENTO28_99,5.747107876096689,0.8896937533669043
PROCEDIMIENTO6_25,5.732645356779998,0.8905940489786637
DIAGNOSTICO21_X,5.729338403178894,0.8907993879311531
PROCEDIMIENTO26_68,5.726457523373375,0.8909781127546648
DIAGNOSTICO12_B,5.724373214287251,0.8911073279896214
PROCEDIMIENTO30_00,5.7152752123861,0.8916704496328317
PROCEDIMIENTO30_01,5.70837993717439,0.8920962540040607
PROCEDIMIENTO12_49,5.6909827389634735,0.8931668232963949
DIAGNOSTICO23_S,5.689776348404563,0.8932408607584073
DIAGNOSTICO33_R,5.686096538486798,0.8934665340854124
PROCEDIMIENTO23_21,5.6824257835506575,0.8936914111232594
PROCEDIMIENTO20_75,5.6817079915850695,0.8937353562013177
PROCEDIMIENTO3_58,5.679399759218547,0.893876609712343
PROCEDIMIENTO30_29,5.671521347590593,0.8943580154444755
PROCEDIMIENTO19_23,5.670084253072626,0.8944457084306326
PROCEDIMIENTO16_03,5.657286797284474,0.8952249895276855
PROCEDIMIENTO8_55,5.643687224412322,0.8960498911311872
PROCEDIMIENTO10_40,5.640402667289454,0.8962486218529228
PROCEDIMIENTO20_06,5.6345460281443005,0.8966024931144109
PROCEDIMIENTO16_86,5.628449298949966,0.8969702142003928
PROCEDIMIENTO15_33,5.62123555294974,0.8974044410402637
ESPECIALIDAD_MEDICA_ORTODONCIA Y ORTOPEDIA DENTO MAXILOFACIAL,5.597379163106333,0.898833757518613
PROCEDIMIENTO17_31,5.589706120157611,0.8992912824553758
PROCEDIMIENTO27_79,5.567518429680785,0.900608257189598
PROCEDIMIENTO25_57,5.559132155221885,0.9011036977652397
DIAGNOSTICO18_M,5.552889230074783,0.9014716807903534
DIAGNOSTICO6_A,5.54710837169077,0.9018117925378067
PROCEDIMIENTO14_22,5.5362369337269515,0.9024497476544842
PROCEDIMIENTO2_48,5.518740038131223,0.9034719465889622
PROCEDIMIENTO3_85,5.513703058306687,0.9037651734888137
DIAGNOSTICO32_K,5.511740985502218,0.9038792689628629
PROCEDIMIENTO10_84,5.504946473689857,0.9042738257161675
PROCEDIMIENTO13_94,5.503576603938371,0.904353270996511
PROCEDIMIENTO13_22,5.482772619393946,0.9055555410163486
DIAGNOSTICO15_C,5.478236464494219,0.9058166261328328
DIAGNOSTICO34_L,5.472965638173661,0.9061195185290514
PROCEDIMIENTO5_30,5.469555419277773,0.9063152157484027
PROCEDIMIENTO16_67,5.465015334725034,0.9065754168264225
PROCEDIMIENTO21_86,5.4505937562257465,0.9073994118497761
PROCEDIMIENTO3_11,5.445916591429792,0.9076658189603783
PROCEDIMIENTO25_92,5.441735924509337,0.907903602129666
PROCEDIMIENTO26_57,5.440336025209382,0.9079831514164746
PROCEDIMIENTO12_77,5.440148229515647,0.907993820137275
PROCEDIMIENTO11_85,5.421673455088932,0.909040169828025
PROCEDIMIENTO19_38,5.387876752872592,0.9109378324629198
PROCEDIMIENTO21_NA,5.3826753547126645,0.911227991677246
PROCEDIMIENTO5_15,5.367913681776898,0.9120487087870606
PROCEDIMIENTO4_71,5.351167434572228,0.9129748135730393
PROCEDIMIENTO3_16,5.348738522117855,0.9131087002703189
DIAGNOSTICO19_G,5.3463546895325695,0.9132399941906214
DIAGNOSTICO13_S,5.3115173219805,0.9151465136158559
PROCEDIMIENTO17_16,5.284229636774078,0.9166238620993539
PROCEDIMIENTO10_73,5.279924645218554,0.9168556460701349
ESPECIALIDAD_MEDICA_CIRUJANO DENTISTA,5.273640328157651,0.9171933677396327
PROCEDIMIENTO14_35,5.271235281463337,0.917322417748265
PROCEDIMIENTO1_52,5.234427419765311,0.9192837478318927
DIAGNOSTICO30_N,5.232939363517679,0.9193624979484539
PROCEDIMIENTO17_92,5.228155668814932,0.9196153723797086
PROCEDIMIENTO14_83,5.217220602880369,0.920191781296769
PROCEDIMIENTO17_21,5.200830741971169,0.9210514518487776
PROCEDIMIENTO12_55,5.198393897111577,0.9211788297250617
PROCEDIMIENTO16_35,5.18562988194201,0.9218441717703709
PROCEDIMIENTO8_05,5.164381351930453,0.9229448678360204
PROCEDIMIENTO10_12,5.163335656480431,0.9229988127306704
PROCEDIMIENTO18_04,5.143300366078472,0.924028335931969
PROCEDIMIENTO9_50,5.138778571177864,0.9242596253647681
PROCEDIMIENTO10_37,5.137967348070777,0.9243010778300809
DIAGNOSTICO18_U,5.130222890614228,0.924696173465303
PROCEDIMIENTO12_02,5.124823601566869,0.9249709449529142
PROCEDIMIENTO5_47,5.124271147126856,0.92499902793401
DIAGNOSTICO17_V,5.116165400188123,0.9254103936862749
PROCEDIMIENTO25_86,5.113394884295676,0.925550707319426
PROCEDIMIENTO19_55,5.099209914607552,0.9262667954580343
PROCEDIMIENTO20_43,5.062253604818692,0.9281142235404038
PROCEDIMIENTO13_21,5.045837664018533,0.9289263956449834
DIAGNOSTICO27_F,5.043078511950821,0.9290623925629301
PROCEDIMIENTO15_54,5.0368452697057915,0.9293690835859535
DIAGNOSTICO27_U,5.035815271585012,0.9294196897451222
PROCEDIMIENTO7_83,5.032451604766276,0.929584811498247
DIAGNOSTICO14_O,5.027329787123056,0.9298358202914352
PROCEDIMIENTO8_97,5.012873121231328,0.9305415710668687
PROCEDIMIENTO29_87,5.004599642206885,0.9309436486880808
PROCEDIMIENTO4_59,4.9938581990628945,0.9314636874204338
DIAGNOSTICO22_P,4.974276521059542,0.9324059655689747
PROCEDIMIENTO13_83,4.966618395085348,0.9327724550258892
PROCEDIMIENTO8_02,4.9468243705440145,0.9337144512363268
PROCEDIMIENTO22_04,4.94132726061568,0.9339747087619993
PROCEDIMIENTO2_27,4.937384336312408,0.9341610228127621
PROCEDIMIENTO23_48,4.914647818713115,0.9352294931793664
PROCEDIMIENTO21_48,4.898280855771423,0.9359924149525014
PROCEDIMIENTO23_90,4.892274648797146,0.9362710787220939
PROCEDIMIENTO18_46,4.8850576985629965,0.9366049878606411
PROCEDIMIENTO9_66,4.869924884758994,0.9373018524348857
PROCEDIMIENTO10_13,4.869083526356243,0.9373404661194237
DIAGNOSTICO27_G,4.838758699046366,0.9387230073290002
PROCEDIMIENTO10_51,4.822996013589118,0.9394345710565949
PROCEDIMIENTO16_34,4.813287181197114,0.9398704411916254
PROCEDIMIENTO12_25,4.8016406866044035,0.9403908781174384
DIAGNOSTICO2_W,4.790809360991148,0.9408725161886928
PROCEDIMIENTO21_31,4.78646361358531,0.9410651164851616
PROCEDIMIENTO5_31,4.780928986574613,0.9413098741839298
DIAGNOSTICO16_V,4.766524642341695,0.9419440784595408
PROCEDIMIENTO7_57,4.75737262174623,0.9423449289476041
PROCEDIMIENTO18_25,4.749085432046698,0.9427064922146242
PROCEDIMIENTO14_39,4.737386636018541,0.9432146225541158
DIAGNOSTICO27_K,4.682622234471695,0.9455578168693474
PROCEDIMIENTO4_02,4.669017995791683,0.9461308386988653
PROCEDIMIENTO25_95,4.645038236271867,0.9471321111041506
PROCEDIMIENTO9_51,4.632992695268826,0.947630847866114
PROCEDIMIENTO6_97,4.615870012193305,0.9483349410726408
PROCEDIMIENTO13_96,4.594873969386338,0.9491905262024625
DIAGNOSTICO33_J,4.587972887612588,0.9494698729201617
DIAGNOSTICO28_G,4.583985353828845,0.9496308611977419
PROCEDIMIENTO8_03,4.554775304419494,0.950800738739522
PROCEDIMIENTO29_23,4.521043924183425,0.952131099972183
PROCEDIMIENTO5_05,4.482696749910783,0.953616734741635
PROCEDIMIENTO23_38,4.482395443031579,0.9536282952312228
PROCEDIMIENTO10_56,4.469869728107424,0.954107326944868
PROCEDIMIENTO2_80,4.440043149852255,0.955235813290145
PROCEDIMIENTO13_73,4.43414067176977,0.9554570989692163
PROCEDIMIENTO12_42,4.4323659951799925,0.9555235008257288
PROCEDIMIENTO10_77,4.420542484559159,0.955964344259963
PROCEDIMIENTO8_08,4.410948982718285,0.9563200629981808
PROCEDIMIENTO30_46,4.374555460851145,0.9576534140291791
DIAGNOSTICO28_A,4.3489303427539445,0.9585769940467848
PROCEDIMIENTO3_64,4.301954252262518,0.9602374856151582
PROCEDIMIENTO8_82,4.2831631152554355,0.9608899209704074
PROCEDIMIENTO6_43,4.28137512078688,0.9609516506913633
PROCEDIMIENTO12_88,4.2725409181529255,0.9612557556537602
PROCEDIMIENTO12_16,4.269856136373864,0.9613478816489871
PROCEDIMIENTO9_67,4.266682716738307,0.961456598298271
PROCEDIMIENTO3_08,4.248610571916501,0.9620720803143298
PROCEDIMIENTO11_25,4.2461524675824815,0.9621553174501004
PROCEDIMIENTO4_21,4.242777922260278,0.9622694009994681
PROCEDIMIENTO11_88,4.234802077108573,0.9625381841543155
PROCEDIMIENTO4_28,4.221930310739251,0.9629694203605488
PROCEDIMIENTO19_31,4.2161589932264425,0.9631617573918871
PROCEDIMIENTO24_79,4.203964593698903,0.9635660852621806
PROCEDIMIENTO3_26,4.194575917458421,0.96387547435597
DIAGNOSTICO29_L,4.189306923768519,0.9640483786907798
PROCEDIMIENTO14_03,4.1549134042682985,0.96516420154187
PROCEDIMIENTO23_45,4.14237780837747,0.9655653776306151
DIAGNOSTICO29_Y,4.133325413015293,0.9658532539470636
PROCEDIMIENTO17_70,4.129959871539396,0.9659598916547962
PROCEDIMIENTO19_68,4.105713169670468,0.9667219109362495
PROCEDIMIENTO17_57,4.100563495036123,0.9668823446502353
DIAGNOSTICO25_C,4.079479304458066,0.9675340693396483
PROCEDIMIENTO6_55,4.075390008610805,0.96765951760949
DIAGNOSTICO12_S,4.060279857577554,0.9681203715149191
PROCEDIMIENTO22_NA,4.047817047151673,0.9684973089694974
PROCEDIMIENTO13_37,4.032643671268014,0.9689523636590156
PROCEDIMIENTO17_73,4.0307106936690635,0.9690100301316487
PROCEDIMIENTO18_02,4.011823891758631,0.9695698695824847
PROCEDIMIENTO29_51,4.008501485546254,0.9696676752922118
PROCEDIMIENTO5_23,3.9461825223008837,0.9714649144662674
PROCEDIMIENTO28_51,3.9209560619526647,0.9721723924088428
DIAGNOSTICO17_U,3.906156121050135,0.9725821177945542
PROCEDIMIENTO14_79,3.905032269873703,0.972613069892128
PROCEDIMIENTO17_39,3.9012283925820443,0.97271766456053
PROCEDIMIENTO5_29,3.8871877401736947,0.9731014916888191
DIAGNOSTICO9_O,3.844055249809055,0.9742585771388909
PROCEDIMIENTO6_20,3.83767092137215,0.9744270346896318
PROCEDIMIENTO15_18,3.8175987336821886,0.9749519641563793
DIAGNOSTICO35_F,3.8064690533931227,0.9752399651843436
DIAGNOSTICO28_F,3.7275485090572444,0.9772200155860374
PROCEDIMIENTO13_34,3.7248425093297293,0.9772859889040318
PROCEDIMIENTO24_37,3.6188672139030778,0.9797712594105318
PROCEDIMIENTO14_66,3.605735761938662,0.9800659853218864
PROCEDIMIENTO2_29,3.600265568914203,0.9801879092402749
PROCEDIMIENTO6_08,3.570331675173032,0.9808462812207115
PROCEDIMIENTO17_41,3.562217181615607,0.9810221949405724
PROCEDIMIENTO29_45,3.5110512788160815,0.9821065097997985
PROCEDIMIENTO4_84,3.492618419978618,0.9824866897271987
DIAGNOSTICO32_M,3.4862967177695503,0.98261581077433
DIAGNOSTICO17_NA,3.4750455360020913,0.982844024790326
PROCEDIMIENTO23_NA,3.4577612360501417,0.9831906558629987
PROCEDIMIENTO1_29,3.383258646134098,0.9846305559808395
PROCEDIMIENTO26_92,3.3484140379875273,0.985274216556817
DIAGNOSTICO3_W,3.3325919346502806,0.9855603155177259
PROCEDIMIENTO6_70,3.322429689340069,0.9857420537822614
DIAGNOSTICO28_R,3.2418210165608348,0.9871284708427489
PROCEDIMIENTO17_34,3.2175272984160994,0.9875273813878297
PROCEDIMIENTO11_31,3.21456013667019,0.9875755111000354
PROCEDIMIENTO7_71,3.1441965415522195,0.9886796105081995
PROCEDIMIENTO2_81,3.138592506378849,0.9887645061433161
PROCEDIMIENTO4_08,3.1174356963986667,0.989081026307033
PROCEDIMIENTO8_58,3.051331451302847,0.9900299586577681
PROCEDIMIENTO2_06,3.029885318205219,0.9903250073363064
PROCEDIMIENTO18_68,2.9000552690658696,0.9919818057221172
PROCEDIMIENTO9_49,2.772182693969523,0.9934069015705203
PROCEDIMIENTO24_NA,2.7418605669927074,0.9937163231058858
PROCEDIMIENTO8_34,2.308811097305584,0.9970833641509599
DIAGNOSTICO18_NA,2.2853442963728403,0.9972159299089863
PROCEDIMIENTO12_35,2.206442505790263,0.9976292446142622
PROCEDIMIENTO25_NA,2.174468193093197,0.9977830814389673
PROCEDIMIENTO10_79,2.1418747556323727,0.9979321492703751
PROCEDIMIENTO13_43,1.9056506779836682,0.9988010124262746
PROCEDIMIENTO18_29,1.817781654759632,0.9990408902511047
PROCEDIMIENTO26_NA,1.6226466997482274,0.9994430760018447
PROCEDIMIENTO18_75,1.5878737774161344,0.9994984331865374
DIAGNOSTICO19_NA,1.4979449304635848,0.9996221555438117
PROCEDIMIENTO27_NA,1.266649601863975,0.9998345917782803
DIAGNOSTICO20_NA,1.1720478889277206,0.9998877207619074
PROCEDIMIENTO28_NA,0.8563848400220833,0.9999771886939003
DIAGNOSTICO21_NA,0.7363698348235848,0.9999895440325552
PROCEDIMIENTO29_NA,0.593461471670237,0.9999966110188754
DIAGNOSTICO22_NA,0.4701287938965765,0.9999990088537606
PROCEDIMIENTO30_NA,0.4386061460443494,0.9999993143216276
DIAGNOSTICO23_NA,0.29194216590105915,0.9999999222522888
DIAGNOSTICO24_NA,0.20472796619744293,0.9999999885445272
DIAGNOSTICO25_NA,0.09521274793991921,0.9999999998219865
DIAGNOSTICO26_NA,0.06706578169600863,0.9999999999737849
DIAGNOSTICO29_NA,0.04068991511130967,0.9999999999983025
DIAGNOSTICO28_NA,0.039128032332137824,0.9999999999986303
DIAGNOSTICO27_NA,0.03827773268866282,0.9999999999987859
DIAGNOSTICO30_NA,0.0365707155941363,0.9999999999990545
DIAGNOSTICO31_NA,0.023252446549855636,0.9999999999999212
DIAGNOSTICO32_NA,0.016914019471527722,0.9999999999999862
DIAGNOSTICO33_NA,0.015453910192841465,0.9999999999999917
DIAGNOSTICO34_NA,0.01011338411029205,0.9999999999999992
DIAGNOSTICO35_NA,0.005599327005861886,1.0
