modelo,n_sample,n_pos,n_neg,signo,iter,pos_rate_bootstrap,cv_accuracy,cv_precision,cv_recall,cv_f1,cv_roc_auc,cv_pr_auc,cv_tp_mean,cv_fp_mean,cv_tn_mean,cv_fn_mean
dt,1000,500,500,signo_zodiacal_acuario,1,0.5,0.513,0.5139250290516385,0.49799999999999994,0.5057758004937553,0.50976,0.5080819915737053,49.8,47.2,52.8,50.2
dt,1000,500,500,signo_zodiacal_acuario,2,0.5,0.5040000000000001,0.5031855621409033,0.492,0.4969211392581623,0.50213,0.5039548303191042,49.2,48.4,51.6,50.8
dt,1000,500,500,signo_zodiacal_acuario,3,0.5,0.518,0.5180202271347261,0.522,0.5199501423212569,0.5191399999999999,0.5103335475400333,52.2,48.6,51.4,47.8
dt,1000,500,500,signo_zodiacal_acuario,4,0.5,0.522,0.5211900212036267,0.5239999999999999,0.5213006621508784,0.52703,0.513031236349032,52.4,48.0,52.0,47.6
dt,1000,500,500,signo_zodiacal_acuario,5,0.5,0.4600000000000001,0.45874494609223326,0.454,0.454646590959434,0.46423000000000003,0.48319192548883294,45.4,53.4,46.6,54.6
dt,1000,500,500,signo_zodiacal_acuario,6,0.5,0.47700000000000004,0.47758096428199526,0.45999999999999996,0.4684497158514991,0.47226,0.48971468391879114,46.0,50.6,49.4,54.0
dt,1000,500,500,signo_zodiacal_acuario,7,0.5,0.491,0.48979743083003957,0.48600000000000004,0.487634350222501,0.49553,0.4985541756489841,48.6,50.4,49.6,51.4
dt,1000,500,500,signo_zodiacal_acuario,8,0.5,0.501,0.500883998110073,0.488,0.49401565691735405,0.50161,0.5004268685385782,48.8,48.6,51.4,51.2
dt,1000,500,500,signo_zodiacal_acuario,9,0.5,0.492,0.4908627450980392,0.48599999999999993,0.48794774240978506,0.49424999999999997,0.497359349408564,48.6,50.2,49.8,51.4
dt,1000,500,500,signo_zodiacal_acuario,10,0.5,0.522,0.521418020516424,0.526,0.523605905734501,0.51969,0.5127794208438299,52.6,48.2,51.8,47.4
dt,1000,500,500,signo_zodiacal_acuario,11,0.5,0.475,0.4742180350658674,0.48600000000000004,0.47976142546028855,0.47057000000000004,0.48754389801083364,48.6,53.6,46.4,51.4
dt,1000,500,500,signo_zodiacal_acuario,12,0.5,0.495,0.4966568417450926,0.484,0.4889393643743413,0.49482,0.4996312714881044,48.4,49.4,50.6,51.6
dt,1000,500,500,signo_zodiacal_acuario,13,0.5,0.507,0.51009648709549,0.5279999999999999,0.5173024285704446,0.50617,0.5065007574414464,52.8,51.4,48.6,47.2
dt,1000,500,500,signo_zodiacal_acuario,14,0.5,0.488,0.4868999897214513,0.458,0.47186086995840115,0.48593000000000003,0.49340951570308056,45.8,48.2,51.8,54.2
dt,1000,500,500,signo_zodiacal_acuario,15,0.5,0.5120000000000001,0.5124671454946685,0.5120000000000001,0.5113676923456048,0.50961,0.5070467477218469,51.2,48.8,51.2,48.8
dt,1000,500,500,signo_zodiacal_acuario,16,0.5,0.519,0.51913358127105,0.52,0.5193133597601324,0.51784,0.510244565687233,52.0,48.2,51.8,48.0
dt,1000,500,500,signo_zodiacal_acuario,17,0.5,0.49700000000000005,0.4948899037479446,0.4800000000000001,0.48611666944596565,0.49862,0.501137733460505,48.0,48.6,51.4,52.0
dt,1000,500,500,signo_zodiacal_acuario,18,0.5,0.48900000000000005,0.4868175072754255,0.466,0.47520462889188353,0.4845,0.4955532564432178,46.6,48.8,51.2,53.4
dt,1000,500,500,signo_zodiacal_acuario,19,0.5,0.4800000000000001,0.4795432723061589,0.4720000000000001,0.47548277633221064,0.48215,0.4925336817314598,47.2,51.2,48.8,52.8
dt,1000,500,500,signo_zodiacal_acuario,20,0.5,0.504,0.5058608058608058,0.49800000000000005,0.501347652323654,0.50187,0.5046804667733357,49.8,49.0,51.0,50.2
dt,1000,500,500,signo_zodiacal_acuario,21,0.5,0.5130000000000001,0.5128602529409854,0.492,0.5007869811586303,0.50463,0.5078675219136299,49.2,46.6,53.4,50.8
dt,1000,500,500,signo_zodiacal_acuario,22,0.5,0.517,0.5146159839363544,0.528,0.5200158029149351,0.51907,0.5112721682426509,52.8,49.4,50.6,47.2
dt,1000,500,500,signo_zodiacal_acuario,23,0.5,0.487,0.4876626181167308,0.484,0.48519505659309414,0.49144,0.4943806314086734,48.4,51.0,49.0,51.6
dt,1000,500,500,signo_zodiacal_acuario,24,0.5,0.5,0.4955723996516472,0.47400000000000003,0.4836609854363414,0.49770000000000003,0.5026501604347884,47.4,47.4,52.6,52.6
dt,1000,500,500,signo_zodiacal_acuario,25,0.5,0.4779999999999999,0.4805976238700742,0.49800000000000005,0.4875743885996829,0.47474000000000005,0.48730915237226763,49.8,54.2,45.8,50.2
dt,1000,500,500,signo_zodiacal_acuario,26,0.5,0.501,0.49928089823740107,0.526,0.5118280607332717,0.5044500000000001,0.5036258264308684,52.6,52.4,47.6,47.4
dt,1000,500,500,signo_zodiacal_acuario,27,0.5,0.466,0.4649095382833985,0.45,0.45670232401870015,0.46769,0.4852091981240115,45.0,51.8,48.2,55.0
dt,1000,500,500,signo_zodiacal_acuario,28,0.5,0.5240000000000001,0.5227784782482108,0.524,0.5225618627832548,0.5241,0.5139282519506235,52.4,47.6,52.4,47.6
dt,1000,500,500,signo_zodiacal_acuario,29,0.5,0.46799999999999997,0.46812052635278834,0.48599999999999993,0.47655061486846007,0.46575,0.485312504458509,48.6,55.0,45.0,51.4
dt,1000,500,500,signo_zodiacal_acuario,30,0.5,0.49099999999999994,0.49193854968048517,0.454,0.47053148900594743,0.49490999999999996,0.49817283580047456,45.4,47.2,52.8,54.6
dt,1000,500,500,signo_zodiacal_acuario,31,0.5,0.491,0.4915989725224897,0.5,0.49550458036300926,0.49326,0.4987212432515384,50.0,51.8,48.2,50.0
dt,1000,500,500,signo_zodiacal_acuario,32,0.5,0.47000000000000003,0.4686185917725342,0.462,0.46466157617637593,0.47069,0.48507019991867767,46.2,52.2,47.8,53.8
dt,1000,500,500,signo_zodiacal_acuario,33,0.5,0.5229999999999999,0.5270499397280675,0.53,0.5261841978960943,0.5263000000000001,0.5155016069740256,53.0,48.4,51.6,47.0
dt,1000,500,500,signo_zodiacal_acuario,34,0.5,0.47800000000000004,0.4765684310945576,0.47400000000000003,0.4750643794701331,0.47256,0.4896466333821533,47.4,51.8,48.2,52.6
dt,1000,500,500,signo_zodiacal_acuario,35,0.5,0.5030000000000001,0.5042827239414486,0.504,0.5036513171035963,0.50227,0.5024364172954752,50.4,49.8,50.2,49.6
dt,1000,500,500,signo_zodiacal_acuario,36,0.5,0.48600000000000004,0.48446377941881347,0.48200000000000004,0.4829393721041636,0.48941,0.4952235529414373,48.2,51.0,49.0,51.8
dt,1000,500,500,signo_zodiacal_acuario,37,0.5,0.46699999999999997,0.4650889914873952,0.43200000000000005,0.44684452932654584,0.47268,0.48794945960307734,43.2,49.8,50.2,56.8
dt,1000,500,500,signo_zodiacal_acuario,38,0.5,0.483,0.48331871066183485,0.476,0.47926012421165537,0.48535000000000006,0.49378031305940784,47.6,51.0,49.0,52.4
dt,1000,500,500,signo_zodiacal_acuario,39,0.5,0.51,0.5113331363741536,0.502,0.5061393111294186,0.5121399999999999,0.5068428155258597,50.2,48.2,51.8,49.8
dt,1000,500,500,signo_zodiacal_acuario,40,0.5,0.501,0.5020448039797721,0.488,0.4945044701718193,0.49809000000000003,0.5028822552675598,48.8,48.6,51.4,51.2
dt,1000,500,500,signo_zodiacal_acuario,41,0.5,0.502,0.5020859602853464,0.48599999999999993,0.49349388911286995,0.49878,0.5025692762973606,48.6,48.2,51.8,51.4
dt,1000,500,500,signo_zodiacal_acuario,42,0.5,0.48,0.48167044595616026,0.48200000000000004,0.48134107955536526,0.47734000000000004,0.4887231823407136,48.2,52.2,47.8,51.8
dt,1000,500,500,signo_zodiacal_acuario,43,0.5,0.511,0.51242570144632,0.51,0.5108427467436905,0.50817,0.5069051209694663,51.0,48.8,51.2,49.0
dt,1000,500,500,signo_zodiacal_acuario,44,0.5,0.511,0.5109896738488535,0.4959999999999999,0.5032068469312392,0.51508,0.507545625161535,49.6,47.4,52.6,50.4
dt,1000,500,500,signo_zodiacal_acuario,45,0.5,0.499,0.49793329682885057,0.48,0.48842961799263956,0.4971,0.5023670927764693,48.0,48.2,51.8,52.0
dt,1000,500,500,signo_zodiacal_acuario,46,0.5,0.492,0.4930974293513689,0.48200000000000004,0.48645029046790855,0.49496,0.4987184017858116,48.2,49.8,50.2,51.8
dt,1000,500,500,signo_zodiacal_acuario,47,0.5,0.504,0.5051885231905402,0.472,0.48795150943679355,0.50596,0.5054203736994937,47.2,46.4,53.6,52.8
dt,1000,500,500,signo_zodiacal_acuario,48,0.5,0.493,0.4939803777638542,0.506,0.4991996319129687,0.49465000000000003,0.4978636247833384,50.6,52.0,48.0,49.4
dt,1000,500,500,signo_zodiacal_acuario,49,0.5,0.524,0.524696569421643,0.51,0.51513874164044,0.5233800000000001,0.5148500999298822,51.0,46.2,53.8,49.0
dt,1000,500,500,signo_zodiacal_acuario,50,0.5,0.506,0.5066932066681754,0.51,0.508127624800008,0.5091000000000001,0.5073000357176181,51.0,49.8,50.2,49.0
dt,1000,500,500,signo_zodiacal_acuario,51,0.5,0.483,0.4833452356360846,0.48599999999999993,0.4844060313728641,0.48312999999999995,0.4925459788411519,48.6,52.0,48.0,51.4
dt,1000,500,500,signo_zodiacal_acuario,52,0.5,0.5039999999999999,0.5057221211680658,0.47400000000000003,0.4881821500007539,0.50548,0.5040328924907096,47.4,46.6,53.4,52.6
dt,1000,500,500,signo_zodiacal_acuario,53,0.5,0.49800000000000005,0.49809048794342914,0.5119999999999999,0.5042601844652154,0.4995200000000001,0.5009182828280183,51.2,51.6,48.4,48.8
dt,1000,500,500,signo_zodiacal_acuario,54,0.5,0.508,0.5077571310074476,0.516,0.5108528813819208,0.51298,0.5062479472639339,51.6,50.0,50.0,48.4
dt,1000,500,500,signo_zodiacal_acuario,55,0.5,0.48599999999999993,0.4863709835867924,0.526,0.5049670428219178,0.49042,0.49516938793324705,52.6,55.4,44.6,47.4
dt,1000,500,500,signo_zodiacal_acuario,56,0.5,0.502,0.5037341728295516,0.446,0.4728129468324025,0.5060800000000001,0.5042519823043043,44.6,44.2,55.8,55.4
dt,1000,500,500,signo_zodiacal_acuario,57,0.5,0.487,0.4894147071566426,0.47400000000000003,0.4809602175827835,0.48762,0.4948316555484634,47.4,50.0,50.0,52.6
dt,1000,500,500,signo_zodiacal_acuario,58,0.5,0.48,0.4803375850405553,0.49000000000000005,0.4849660189811341,0.47601000000000004,0.48963910933274335,49.0,53.0,47.0,51.0
dt,1000,500,500,signo_zodiacal_acuario,59,0.5,0.491,0.49078453643767006,0.49399999999999994,0.49223231976549,0.49071,0.4968064606521433,49.4,51.2,48.8,50.6
dt,1000,500,500,signo_zodiacal_acuario,60,0.5,0.491,0.48905351071308517,0.45599999999999996,0.4712859319480236,0.49085,0.495663527734609,45.6,47.4,52.6,54.4
dt,1000,500,500,signo_zodiacal_acuario,61,0.5,0.508,0.509894709874201,0.5,0.5040335686026304,0.50489,0.5031481821761407,50.0,48.4,51.6,50.0
dt,1000,500,500,signo_zodiacal_acuario,62,0.5,0.487,0.4871950368120995,0.49800000000000005,0.4915244280949372,0.48638000000000003,0.4942384108227686,49.8,52.4,47.6,50.2
dt,1000,500,500,signo_zodiacal_acuario,63,0.5,0.48599999999999993,0.48523791945718847,0.47000000000000003,0.4768043336591724,0.48639,0.4917478856408343,47.0,49.8,50.2,53.0
dt,1000,500,500,signo_zodiacal_acuario,64,0.5,0.515,0.5144223303565736,0.516,0.5150097943485985,0.5162899999999999,0.5112770663541438,51.6,48.6,51.4,48.4
dt,1000,500,500,signo_zodiacal_acuario,65,0.5,0.484,0.48311124404171724,0.496,0.4886772451041363,0.4851700000000001,0.49398386645695885,49.6,52.8,47.2,50.4
dt,1000,500,500,signo_zodiacal_acuario,66,0.5,0.504,0.5041141675947215,0.522,0.5126419845682549,0.50247,0.502439857931453,52.2,51.4,48.6,47.8
dt,1000,500,500,signo_zodiacal_acuario,67,0.5,0.48200000000000004,0.48115004616400814,0.47800000000000004,0.4790871208720784,0.4825900000000001,0.4906034945341853,47.8,51.4,48.6,52.2
dt,1000,500,500,signo_zodiacal_acuario,68,0.5,0.505,0.5071252936703823,0.48,0.492751821540799,0.50827,0.5069977841798485,48.0,47.0,53.0,52.0
dt,1000,500,500,signo_zodiacal_acuario,69,0.5,0.484,0.48331732576298314,0.49800000000000005,0.49023085352338197,0.4845,0.49317757246499044,49.8,53.0,47.0,50.2
dt,1000,500,500,signo_zodiacal_acuario,70,0.5,0.48999999999999994,0.485941407396249,0.484,0.4840533353426554,0.4940300000000001,0.5003134069091244,48.4,50.4,49.6,51.6
dt,1000,500,500,signo_zodiacal_acuario,71,0.5,0.512,0.5124093158448677,0.5,0.5056357357807171,0.51502,0.508586675134714,50.0,47.6,52.4,50.0
dt,1000,500,500,signo_zodiacal_acuario,72,0.5,0.48900000000000005,0.4862570975374652,0.47800000000000004,0.4805316361267448,0.48527000000000003,0.4932853830992592,47.8,50.0,50.0,52.2
dt,1000,500,500,signo_zodiacal_acuario,73,0.5,0.5050000000000001,0.5057103798457182,0.49400000000000005,0.49969410856818186,0.5109100000000001,0.5069157909662556,49.4,48.4,51.6,50.6
dt,1000,500,500,signo_zodiacal_acuario,74,0.5,0.507,0.5065508593413262,0.52,0.5123822134910492,0.50662,0.5032600297938646,52.0,50.6,49.4,48.0
dt,1000,500,500,signo_zodiacal_acuario,75,0.5,0.48200000000000004,0.48297943828878453,0.45999999999999996,0.47036464272486117,0.4809900000000001,0.4925190704137498,46.0,49.6,50.4,54.0
dt,1000,500,500,signo_zodiacal_acuario,76,0.5,0.48900000000000005,0.487390254834324,0.49800000000000005,0.4921696299012986,0.49352,0.4982421018146483,49.8,52.0,48.0,50.2
dt,1000,500,500,signo_zodiacal_acuario,77,0.5,0.49800000000000005,0.49820537717202135,0.508,0.5022761644279148,0.4977400000000001,0.4985962054691938,50.8,51.2,48.8,49.2
dt,1000,500,500,signo_zodiacal_acuario,78,0.5,0.493,0.4923331535418914,0.506,0.4988568643083924,0.49339999999999995,0.4988948382918538,50.6,52.0,48.0,49.4
dt,1000,500,500,signo_zodiacal_acuario,79,0.5,0.47700000000000004,0.4749950600329118,0.44800000000000006,0.4602914857876126,0.4779400000000001,0.48933017978691995,44.8,49.4,50.6,55.2
dt,1000,500,500,signo_zodiacal_acuario,80,0.5,0.496,0.4968259810365073,0.524,0.509588763814856,0.49509,0.49945479311265084,52.4,53.2,46.8,47.6
dt,1000,500,500,signo_zodiacal_acuario,81,0.5,0.507,0.5070071596441517,0.506,0.5052444819544644,0.50682,0.503703507751326,50.6,49.2,50.8,49.4
dt,1000,500,500,signo_zodiacal_acuario,82,0.5,0.475,0.4711707948872175,0.418,0.442514708335881,0.47347,0.4892814881602317,41.8,46.8,53.2,58.2
dt,1000,500,500,signo_zodiacal_acuario,83,0.5,0.507,0.5074542661639436,0.5039999999999999,0.5055103795930943,0.50426,0.5028042652641782,50.4,49.0,51.0,49.6
dt,1000,500,500,signo_zodiacal_acuario,84,0.5,0.5189999999999999,0.518905280330425,0.5199999999999999,0.519371711886742,0.51517,0.5114467526039473,52.0,48.2,51.8,48.0
dt,1000,500,500,signo_zodiacal_acuario,85,0.5,0.506,0.5067689166302786,0.506,0.5047840694438177,0.51063,0.5047319819737742,50.6,49.4,50.6,49.4
dt,1000,500,500,signo_zodiacal_acuario,86,0.5,0.495,0.4952477064220183,0.51,0.502386290022191,0.49498,0.4971264079469126,51.0,52.0,48.0,49.0
dt,1000,500,500,signo_zodiacal_acuario,87,0.5,0.5050000000000001,0.5056448894641455,0.48600000000000004,0.4942916899162224,0.5118699999999999,0.5059672160141154,48.6,47.6,52.4,51.4
dt,1000,500,500,signo_zodiacal_acuario,88,0.5,0.481,0.48116752561681686,0.49000000000000005,0.4852161287100577,0.48080999999999996,0.4932587209895683,49.0,52.8,47.2,51.0
dt,1000,500,500,signo_zodiacal_acuario,89,0.5,0.471,0.46851939924906133,0.44800000000000006,0.45759177424159414,0.47207,0.48644806903486143,44.8,50.6,49.4,55.2
dt,1000,500,500,signo_zodiacal_acuario,90,0.5,0.508,0.5078537930212438,0.49799999999999994,0.5010768500563345,0.50865,0.5047114284382982,49.8,48.2,51.8,50.2
dt,1000,500,500,signo_zodiacal_acuario,91,0.5,0.512,0.5129057023349394,0.5120000000000001,0.5123806666595236,0.5135500000000001,0.5087619153547214,51.2,48.8,51.2,48.8
dt,1000,500,500,signo_zodiacal_acuario,92,0.5,0.49000000000000005,0.49031969785401747,0.516,0.5020841016562916,0.49135999999999996,0.4968644802861494,51.6,53.6,46.4,48.4
dt,1000,500,500,signo_zodiacal_acuario,93,0.5,0.51,0.5096094866881641,0.5439999999999999,0.5261382833752279,0.51359,0.506200148053453,54.4,52.4,47.6,45.6
dt,1000,500,500,signo_zodiacal_acuario,94,0.5,0.495,0.4932630362273109,0.504,0.49678579487488683,0.49376,0.49642067746383034,50.4,51.4,48.6,49.6
dt,1000,500,500,signo_zodiacal_acuario,95,0.5,0.496,0.4954142917093921,0.492,0.49343873274273004,0.49595,0.49813267818683293,49.2,50.0,50.0,50.8
dt,1000,500,500,signo_zodiacal_acuario,96,0.5,0.515,0.5145442401649298,0.546,0.5283804540650361,0.51642,0.5097199338437446,54.6,51.6,48.4,45.4
dt,1000,500,500,signo_zodiacal_acuario,97,0.5,0.499,0.4990410059690361,0.46399999999999997,0.4794237317208202,0.49982000000000004,0.5016709865365722,46.4,46.6,53.4,53.6
dt,1000,500,500,signo_zodiacal_acuario,98,0.5,0.46799999999999997,0.4672516657057971,0.462,0.4636849537040363,0.46588,0.48525966491366307,46.2,52.6,47.4,53.8
dt,1000,500,500,signo_zodiacal_acuario,99,0.5,0.522,0.5226258046366932,0.496,0.508824959586381,0.5208600000000001,0.5124889607068732,49.6,45.2,54.8,50.4
dt,1000,500,500,signo_zodiacal_acuario,100,0.5,0.48,0.4794102296324586,0.43600000000000005,0.45623859064817707,0.48175,0.4912115654613336,43.6,47.6,52.4,56.4
dt,1000,500,500,signo_zodiacal_aries,1,0.5,0.484,0.484599283388921,0.484,0.48350012756678984,0.48775,0.49515064680387216,48.4,51.6,48.4,51.6
dt,1000,500,500,signo_zodiacal_aries,2,0.5,0.502,0.5015759174167307,0.52,0.5105454336583198,0.51062,0.5045690327362677,52.0,51.6,48.4,48.0
dt,1000,500,500,signo_zodiacal_aries,3,0.5,0.462,0.46093119324070386,0.454,0.4573038802583834,0.46125000000000005,0.48488820102707375,45.4,53.0,47.0,54.6
dt,1000,500,500,signo_zodiacal_aries,4,0.5,0.5119999999999999,0.5130052821795941,0.504,0.5079850665661633,0.51288,0.5079265899514847,50.4,48.0,52.0,49.6
dt,1000,500,500,signo_zodiacal_aries,5,0.5,0.493,0.4936164116431934,0.502,0.4970161220369726,0.4917299999999999,0.49730530052418026,50.2,51.6,48.4,49.8
dt,1000,500,500,signo_zodiacal_aries,6,0.5,0.524,0.5259897071914874,0.514,0.5197136903077644,0.5197299999999999,0.509422214826132,51.4,46.6,53.4,48.6
dt,1000,500,500,signo_zodiacal_aries,7,0.5,0.495,0.49710388663608185,0.48200000000000004,0.4868579146792717,0.49596,0.49912248860697395,48.2,49.2,50.8,51.8
dt,1000,500,500,signo_zodiacal_aries,8,0.5,0.499,0.49998407994609834,0.49000000000000005,0.49458971428727183,0.5017,0.5027812849871678,49.0,49.2,50.8,51.0
dt,1000,500,500,signo_zodiacal_aries,9,0.5,0.523,0.5206550896044672,0.49800000000000005,0.507799257980517,0.5191399999999999,0.5113577308924141,49.8,45.2,54.8,50.2
dt,1000,500,500,signo_zodiacal_aries,10,0.5,0.49899999999999994,0.4994935082500147,0.476,0.48663383227494006,0.50442,0.5039060787564645,47.6,47.8,52.2,52.4
dt,1000,500,500,signo_zodiacal_aries,11,0.5,0.507,0.508351152662612,0.508,0.5077210174843659,0.50837,0.5053790563940619,50.8,49.4,50.6,49.2
dt,1000,500,500,signo_zodiacal_aries,12,0.5,0.49000000000000005,0.48954872344943084,0.47000000000000003,0.4776215760279272,0.49030000000000007,0.49483291263525286,47.0,49.0,51.0,53.0
dt,1000,500,500,signo_zodiacal_aries,13,0.5,0.47300000000000003,0.4728045570942573,0.48,0.47619418300134375,0.47309999999999997,0.48693351731646856,48.0,53.4,46.6,52.0
dt,1000,500,500,signo_zodiacal_aries,14,0.5,0.504,0.503890167970779,0.48200000000000004,0.49132734741430395,0.50166,0.5021183812543145,48.2,47.4,52.6,51.8
dt,1000,500,500,signo_zodiacal_aries,15,0.5,0.479,0.4791473420344615,0.48200000000000004,0.4790844522491688,0.47641999999999995,0.4880043937028352,48.2,52.4,47.6,51.8
dt,1000,500,500,signo_zodiacal_aries,16,0.5,0.492,0.4903918717035004,0.4779999999999999,0.4834564923645958,0.4930899999999999,0.49663025408554323,47.8,49.4,50.6,52.2
dt,1000,500,500,signo_zodiacal_aries,17,0.5,0.492,0.4915314192174366,0.476,0.48350432687426287,0.49280999999999997,0.49699266882805526,47.6,49.2,50.8,52.4
dt,1000,500,500,signo_zodiacal_aries,18,0.5,0.48200000000000004,0.4780300973356056,0.48599999999999993,0.48130330350224926,0.4868,0.4977225046925645,48.6,52.2,47.8,51.4
dt,1000,500,500,signo_zodiacal_aries,19,0.5,0.509,0.5097975893890786,0.488,0.4975344400111653,0.51216,0.506921100873475,48.8,47.0,53.0,51.2
dt,1000,500,500,signo_zodiacal_aries,20,0.5,0.475,0.4782210721179266,0.49400000000000005,0.4853690281213562,0.47657,0.49109162543320045,49.4,54.4,45.6,50.6
dt,1000,500,500,signo_zodiacal_aries,21,0.5,0.49400000000000005,0.49364983265076906,0.5,0.4966488802079856,0.49695999999999996,0.4997070258056834,50.0,51.2,48.8,50.0
dt,1000,500,500,signo_zodiacal_aries,22,0.5,0.48,0.47976389843436584,0.46799999999999997,0.473580269923055,0.47915,0.4863946694205108,46.8,50.8,49.2,53.2
dt,1000,500,500,signo_zodiacal_aries,23,0.5,0.492,0.4904622281184376,0.472,0.4802107146379592,0.48857999999999996,0.4974400727613467,47.2,48.8,51.2,52.8
dt,1000,500,500,signo_zodiacal_aries,24,0.5,0.5159999999999999,0.5163759181503542,0.508,0.5121071714438548,0.51424,0.5094982148903249,50.8,47.6,52.4,49.2
dt,1000,500,500,signo_zodiacal_aries,25,0.5,0.511,0.5084950976654734,0.514,0.5104875479762606,0.51335,0.5099448181006911,51.4,49.2,50.8,48.6
dt,1000,500,500,signo_zodiacal_aries,26,0.5,0.47000000000000003,0.47164624976618974,0.488,0.47922414574174343,0.46708,0.48535255405330097,48.8,54.8,45.2,51.2
dt,1000,500,500,signo_zodiacal_aries,27,0.5,0.502,0.5025450908115862,0.492,0.4965198074691406,0.50152,0.5012207087980672,49.2,48.8,51.2,50.8
dt,1000,500,500,signo_zodiacal_aries,28,0.5,0.489,0.4905946817979528,0.516,0.5026464965625699,0.48866999999999994,0.4944447334445564,51.6,53.8,46.2,48.4
dt,1000,500,500,signo_zodiacal_aries,29,0.5,0.5029999999999999,0.5036862438596879,0.508,0.5054428737257066,0.50407,0.5006635779923674,50.8,50.2,49.8,49.2
dt,1000,500,500,signo_zodiacal_aries,30,0.5,0.5050000000000001,0.5069595803823315,0.466,0.4852988114950641,0.50459,0.5049337142405915,46.6,45.6,54.4,53.4
dt,1000,500,500,signo_zodiacal_aries,31,0.5,0.47300000000000003,0.47089573360747006,0.44400000000000006,0.4559226796717974,0.47384000000000004,0.48574826481302,44.4,49.8,50.2,55.6
dt,1000,500,500,signo_zodiacal_aries,32,0.5,0.49000000000000005,0.48946781612927664,0.472,0.48030575768852407,0.48594,0.49331387858916786,47.2,49.2,50.8,52.8
dt,1000,500,500,signo_zodiacal_aries,33,0.5,0.483,0.4832749617486581,0.5,0.4907192477624,0.47748999999999997,0.4925492668621401,50.0,53.4,46.6,50.0
dt,1000,500,500,signo_zodiacal_aries,34,0.5,0.506,0.5056921133482242,0.49800000000000005,0.5007404694656993,0.50316,0.5025201726614126,49.8,48.6,51.4,50.2
dt,1000,500,500,signo_zodiacal_aries,35,0.5,0.521,0.5189763581763582,0.5720000000000001,0.5434268694219245,0.51931,0.5079611920121256,57.2,53.0,47.0,42.8
dt,1000,500,500,signo_zodiacal_aries,36,0.5,0.503,0.5030614368132639,0.488,0.49500246600337905,0.50347,0.5008491252924442,48.8,48.2,51.8,51.2
dt,1000,500,500,signo_zodiacal_aries,37,0.5,0.496,0.49739090640533484,0.484,0.48936688397158684,0.49361999999999995,0.4999560189707214,48.4,49.2,50.8,51.6
dt,1000,500,500,signo_zodiacal_aries,38,0.5,0.48599999999999993,0.4854483001059237,0.484,0.4832800880198045,0.48748,0.4961711142929575,48.4,51.2,48.8,51.6
dt,1000,500,500,signo_zodiacal_aries,39,0.5,0.48,0.47975476317289456,0.46799999999999997,0.47300414924714296,0.48289,0.4914984986044694,46.8,50.8,49.2,53.2
dt,1000,500,500,signo_zodiacal_aries,40,0.5,0.479,0.48011194109840644,0.49800000000000005,0.48814693472013354,0.4812,0.49115662268662347,49.8,54.0,46.0,50.2
dt,1000,500,500,signo_zodiacal_aries,41,0.5,0.509,0.5095819559641345,0.5040000000000001,0.5062851483853602,0.50696,0.5043297578959451,50.4,48.6,51.4,49.6
dt,1000,500,500,signo_zodiacal_aries,42,0.5,0.508,0.5091422803861524,0.4779999999999999,0.49237720108900324,0.5056200000000001,0.5045261156294949,47.8,46.2,53.8,52.2
dt,1000,500,500,signo_zodiacal_aries,43,0.5,0.507,0.5089895570237879,0.506,0.5070441082826157,0.50354,0.5032765412760023,50.6,49.2,50.8,49.4
dt,1000,500,500,signo_zodiacal_aries,44,0.5,0.5039999999999999,0.5036215293855362,0.47000000000000003,0.48597822605324825,0.50265,0.5021400383859966,47.0,46.2,53.8,53.0
dt,1000,500,500,signo_zodiacal_aries,45,0.5,0.509,0.5109537179646619,0.49000000000000005,0.49883301798636026,0.51143,0.5062713843212556,49.0,47.2,52.8,51.0
dt,1000,500,500,signo_zodiacal_aries,46,0.5,0.489,0.48944079922897676,0.476,0.4818419465822236,0.49173999999999995,0.49686801267906555,47.6,49.8,50.2,52.4
dt,1000,500,500,signo_zodiacal_aries,47,0.5,0.528,0.5290197125265121,0.5200000000000001,0.5237582155930414,0.52599,0.5163067915648911,52.0,46.4,53.6,48.0
dt,1000,500,500,signo_zodiacal_aries,48,0.5,0.497,0.4961556776556776,0.47800000000000004,0.4865318445923423,0.49982000000000004,0.5012864564180696,47.8,48.4,51.6,52.2
dt,1000,500,500,signo_zodiacal_aries,49,0.5,0.508,0.5082526796396684,0.518,0.5127410503337748,0.50772,0.503781506399022,51.8,50.2,49.8,48.2
dt,1000,500,500,signo_zodiacal_aries,50,0.5,0.509,0.5096884062539402,0.508,0.5082979092689549,0.50865,0.5065453436855206,50.8,49.0,51.0,49.2
dt,1000,500,500,signo_zodiacal_aries,51,0.5,0.5130000000000001,0.513406211102813,0.506,0.5093228638097708,0.51503,0.5087737053030549,50.6,48.0,52.0,49.4
dt,1000,500,500,signo_zodiacal_aries,52,0.5,0.507,0.5062094630127116,0.5,0.5019660885737872,0.50704,0.5041907285322421,50.0,48.6,51.4,50.0
dt,1000,500,500,signo_zodiacal_aries,53,0.5,0.5149999999999999,0.5200533195734435,0.496,0.5064283641864972,0.51574,0.5097579809198212,49.6,46.6,53.4,50.4
dt,1000,500,500,signo_zodiacal_aries,54,0.5,0.53,0.5286632653061225,0.5599999999999999,0.5434624411228185,0.53126,0.5177103070574366,56.0,50.0,50.0,44.0
dt,1000,500,500,signo_zodiacal_aries,55,0.5,0.509,0.5086013798704285,0.518,0.5124609092473855,0.50415,0.5016162218454084,51.8,50.0,50.0,48.2
dt,1000,500,500,signo_zodiacal_aries,56,0.5,0.514,0.5152809553668775,0.51,0.5122371339367795,0.5158699999999999,0.5105321876882691,51.0,48.2,51.8,49.0
dt,1000,500,500,signo_zodiacal_aries,57,0.5,0.495,0.493767472943267,0.49000000000000005,0.48919737246883166,0.49539999999999995,0.49964448069572553,49.0,50.0,50.0,51.0
dt,1000,500,500,signo_zodiacal_aries,58,0.5,0.5120000000000001,0.5123021602714372,0.49000000000000005,0.5007617924405391,0.51146,0.5079835254727388,49.0,46.6,53.4,51.0
dt,1000,500,500,signo_zodiacal_aries,59,0.5,0.48500000000000004,0.48820412570573135,0.504,0.4951988825666252,0.48646,0.4951451004994363,50.4,53.4,46.6,49.6
dt,1000,500,500,signo_zodiacal_aries,60,0.5,0.48,0.4789630069355881,0.47800000000000004,0.4779523422146835,0.47878,0.4901156095901761,47.8,51.8,48.2,52.2
dt,1000,500,500,signo_zodiacal_aries,61,0.5,0.497,0.49811689063860964,0.48,0.4882369800830329,0.4971900000000001,0.5000833436154526,48.0,48.6,51.4,52.0
dt,1000,500,500,signo_zodiacal_aries,62,0.5,0.48500000000000004,0.4867842630611731,0.47800000000000004,0.4821130193543368,0.48199,0.4956994083298767,47.8,50.8,49.2,52.2
dt,1000,500,500,signo_zodiacal_aries,63,0.5,0.523,0.5239247676905524,0.522,0.5218662816059793,0.52423,0.5137864443272729,52.2,47.6,52.4,47.8
dt,1000,500,500,signo_zodiacal_aries,64,0.5,0.496,0.495947272021848,0.466,0.4803460877363485,0.4958600000000001,0.5019409294051473,46.6,47.4,52.6,53.4
dt,1000,500,500,signo_zodiacal_aries,65,0.5,0.483,0.4847007756973224,0.4779999999999999,0.48012632849056747,0.4811500000000001,0.4880566521406301,47.8,51.2,48.8,52.2
dt,1000,500,500,signo_zodiacal_aries,66,0.5,0.502,0.5021020690778755,0.484,0.4925725202192567,0.5041499999999999,0.5036792735943928,48.4,48.0,52.0,51.6
dt,1000,500,500,signo_zodiacal_aries,67,0.5,0.476,0.47626620415608106,0.49400000000000005,0.48369826229934826,0.47537,0.4866292350538114,49.4,54.2,45.8,50.6
dt,1000,500,500,signo_zodiacal_aries,68,0.5,0.489,0.48960257787325456,0.48,0.48470862470862475,0.4865500000000001,0.494564183773865,48.0,50.2,49.8,52.0
dt,1000,500,500,signo_zodiacal_aries,69,0.5,0.515,0.5154989982782219,0.512,0.5131891128202699,0.5127799999999999,0.5091368429378126,51.2,48.2,51.8,48.8
dt,1000,500,500,signo_zodiacal_aries,70,0.5,0.492,0.4919219902049787,0.504,0.497418683839882,0.48963,0.4964391744098335,50.4,52.0,48.0,49.6
dt,1000,500,500,signo_zodiacal_aries,71,0.5,0.516,0.5174777226076082,0.49400000000000005,0.5047631945652407,0.5177400000000001,0.5106829683925715,49.4,46.2,53.8,50.6
dt,1000,500,500,signo_zodiacal_aries,72,0.5,0.48100000000000004,0.48086179296398707,0.47800000000000004,0.47894937745226007,0.48284000000000005,0.4915936456284876,47.8,51.6,48.4,52.2
dt,1000,500,500,signo_zodiacal_aries,73,0.5,0.537,0.5364282513524479,0.548,0.5418750544593341,0.53861,0.5213482585003142,54.8,47.4,52.6,45.2
dt,1000,500,500,signo_zodiacal_aries,74,0.5,0.515,0.5176269355900952,0.458,0.48515563850992327,0.5107700000000001,0.5118849818186472,45.8,42.8,57.2,54.2
dt,1000,500,500,signo_zodiacal_aries,75,0.5,0.46799999999999997,0.4695748558372321,0.48200000000000004,0.47539718788106616,0.46647,0.48452205155912653,48.2,54.6,45.4,51.8
dt,1000,500,500,signo_zodiacal_aries,76,0.5,0.505,0.5062232718020896,0.49400000000000005,0.49946281542920196,0.5038,0.50376709146254,49.4,48.4,51.6,50.6
dt,1000,500,500,signo_zodiacal_aries,77,0.5,0.5449999999999999,0.5476883058208621,0.526,0.5362353859021665,0.5492200000000002,0.5288945566586187,52.6,43.6,56.4,47.4
dt,1000,500,500,signo_zodiacal_aries,78,0.5,0.475,0.47388329711128396,0.4699999999999999,0.4717358123633824,0.47592,0.4887977951880929,47.0,52.0,48.0,53.0
dt,1000,500,500,signo_zodiacal_aries,79,0.5,0.491,0.4915323333450018,0.488,0.48962445263646137,0.48860000000000003,0.49559144578463066,48.8,50.6,49.4,51.2
dt,1000,500,500,signo_zodiacal_aries,80,0.5,0.506,0.5078182197630539,0.47400000000000003,0.48905836418140625,0.50953,0.5052017686402612,47.4,46.2,53.8,52.6
dt,1000,500,500,signo_zodiacal_aries,81,0.5,0.48,0.47949250147047245,0.524,0.4995888630096612,0.47789000000000004,0.49115821649416064,52.4,56.4,43.6,47.6
dt,1000,500,500,signo_zodiacal_aries,82,0.5,0.506,0.5057281252626087,0.512,0.5087092881553982,0.5074099999999999,0.5040493091913678,51.2,50.0,50.0,48.8
dt,1000,500,500,signo_zodiacal_aries,83,0.5,0.499,0.49885278972235503,0.45599999999999996,0.4764557499770368,0.4983200000000001,0.5008323749803975,45.6,45.8,54.2,54.4
dt,1000,500,500,signo_zodiacal_aries,84,0.5,0.502,0.5019058585225922,0.5040000000000001,0.5017363380891744,0.4964799999999999,0.4965379491053633,50.4,50.0,50.0,49.6
dt,1000,500,500,signo_zodiacal_aries,85,0.5,0.5,0.5005217028042758,0.49000000000000005,0.49506216769645917,0.49993999999999994,0.5010227483768436,49.0,49.0,51.0,51.0
dt,1000,500,500,signo_zodiacal_aries,86,0.5,0.45599999999999996,0.4555395166501464,0.45,0.4527194570846008,0.4540699999999999,0.47955678593835127,45.0,53.8,46.2,55.0
dt,1000,500,500,signo_zodiacal_aries,87,0.5,0.5,0.5017694398516672,0.49000000000000005,0.49468777081136145,0.49741,0.4999811440632958,49.0,49.0,51.0,51.0
dt,1000,500,500,signo_zodiacal_aries,88,0.5,0.483,0.4848869719521893,0.49800000000000005,0.4905592267174699,0.47981999999999997,0.4927508806839181,49.8,53.2,46.8,50.2
dt,1000,500,500,signo_zodiacal_aries,89,0.5,0.495,0.4955195412481716,0.488,0.49123696810568296,0.49444999999999995,0.4977530716569535,48.8,49.8,50.2,51.2
dt,1000,500,500,signo_zodiacal_aries,90,0.5,0.484,0.48397583041514813,0.48,0.4814508662488402,0.4820399999999999,0.49241818254267383,48.0,51.2,48.8,52.0
dt,1000,500,500,signo_zodiacal_aries,91,0.5,0.506,0.5075051103094095,0.49000000000000005,0.497841069316929,0.5075200000000001,0.507057644495038,49.0,47.8,52.2,51.0
dt,1000,500,500,signo_zodiacal_aries,92,0.5,0.51,0.5125896641742462,0.496,0.5029254205112548,0.51045,0.5082478001998462,49.6,47.6,52.4,50.4
dt,1000,500,500,signo_zodiacal_aries,93,0.5,0.48,0.48136289411254046,0.492,0.48647741083088736,0.47907,0.4914862585106536,49.2,53.2,46.8,50.8
dt,1000,500,500,signo_zodiacal_aries,94,0.5,0.49800000000000005,0.4971336419356221,0.5,0.49607673454207213,0.49615,0.4988647891800239,50.0,50.4,49.6,50.0
dt,1000,500,500,signo_zodiacal_aries,95,0.5,0.505,0.5052017130205979,0.5,0.502355147277859,0.50427,0.5013502769506769,50.0,49.0,51.0,50.0
dt,1000,500,500,signo_zodiacal_aries,96,0.5,0.5189999999999999,0.5178955803890591,0.54,0.5285298790743436,0.52436,0.5137994107747783,54.0,50.2,49.8,46.0
dt,1000,500,500,signo_zodiacal_aries,97,0.5,0.5119999999999999,0.511769515164267,0.5,0.5051724093991079,0.51558,0.5087504057291193,50.0,47.6,52.4,50.0
dt,1000,500,500,signo_zodiacal_aries,98,0.5,0.523,0.5232495757404511,0.51,0.5160797500581765,0.52522,0.5142182112662159,51.0,46.4,53.6,49.0
dt,1000,500,500,signo_zodiacal_aries,99,0.5,0.493,0.4928075022839128,0.512,0.5016911928079442,0.49243,0.49626971952707544,51.2,52.6,47.4,48.8
dt,1000,500,500,signo_zodiacal_aries,100,0.5,0.507,0.5069029012107129,0.5,0.5031605151918959,0.50344,0.5036177246108846,50.0,48.6,51.4,50.0
dt,1000,500,500,signo_zodiacal_capricornio,1,0.5,0.5130000000000001,0.5137086793569725,0.504,0.5080679762936323,0.5120899999999999,0.5078783987251265,50.4,47.8,52.2,49.6
dt,1000,500,500,signo_zodiacal_capricornio,2,0.5,0.519,0.5198074836029227,0.5199999999999999,0.5190641235837202,0.52121,0.5112799695297784,52.0,48.2,51.8,48.0
dt,1000,500,500,signo_zodiacal_capricornio,3,0.5,0.499,0.49883008589985334,0.5,0.49853704686277506,0.5020399999999999,0.5028487300958737,50.0,50.2,49.8,50.0
dt,1000,500,500,signo_zodiacal_capricornio,4,0.5,0.48999999999999994,0.48938747752790024,0.4699999999999999,0.47896294564441855,0.48597999999999997,0.49507602437986975,47.0,49.0,51.0,53.0
dt,1000,500,500,signo_zodiacal_capricornio,5,0.5,0.509,0.5089173221079859,0.484,0.49578066800837545,0.50797,0.5055082269072138,48.4,46.6,53.4,51.6
dt,1000,500,500,signo_zodiacal_capricornio,6,0.5,0.49399999999999994,0.4930308536597128,0.49799999999999994,0.49531090433458064,0.4949299999999999,0.5001989769069096,49.8,51.0,49.0,50.2
dt,1000,500,500,signo_zodiacal_capricornio,7,0.5,0.49800000000000005,0.5001601601601602,0.512,0.505294538813409,0.49612,0.4983534940799452,51.2,51.6,48.4,48.8
dt,1000,500,500,signo_zodiacal_capricornio,8,0.5,0.52,0.5198186957191808,0.512,0.5149669006129165,0.52229,0.5124893650707507,51.2,47.2,52.8,48.8
dt,1000,500,500,signo_zodiacal_capricornio,9,0.5,0.492,0.4937030987030987,0.496,0.49370298344745367,0.49330999999999997,0.49763154850884456,49.6,51.2,48.8,50.4
dt,1000,500,500,signo_zodiacal_capricornio,10,0.5,0.526,0.5277700389802173,0.51,0.5182770309713315,0.5300800000000001,0.5191863884499069,51.0,45.8,54.2,49.0
dt,1000,500,500,signo_zodiacal_capricornio,11,0.5,0.509,0.5088639442175509,0.522,0.5149687270796013,0.50892,0.5063425273954442,52.2,50.4,49.6,47.8
dt,1000,500,500,signo_zodiacal_capricornio,12,0.5,0.528,0.5272045123063264,0.49800000000000005,0.5111195305149725,0.5253099999999999,0.5163256429682439,49.8,44.2,55.8,50.2
dt,1000,500,500,signo_zodiacal_capricornio,13,0.5,0.5,0.5004004667175309,0.506,0.5025562937661547,0.49981,0.5020069003607095,50.6,50.6,49.4,49.4
dt,1000,500,500,signo_zodiacal_capricornio,14,0.5,0.477,0.4771204713320172,0.46799999999999997,0.47058303992231354,0.47870000000000007,0.49273122158714033,46.8,51.4,48.6,53.2
dt,1000,500,500,signo_zodiacal_capricornio,15,0.5,0.48100000000000004,0.4800113912772058,0.454,0.4664377197740014,0.48356000000000005,0.49205596730493123,45.4,49.2,50.8,54.6
dt,1000,500,500,signo_zodiacal_capricornio,16,0.5,0.508,0.5078203820382038,0.49000000000000005,0.4984752730660372,0.5062899999999999,0.5032785628570288,49.0,47.4,52.6,51.0
dt,1000,500,500,signo_zodiacal_capricornio,17,0.5,0.5090000000000001,0.5091630570653856,0.5159999999999999,0.5120539878214989,0.51086,0.505178516216393,51.6,49.8,50.2,48.4
dt,1000,500,500,signo_zodiacal_capricornio,18,0.5,0.5359999999999999,0.5405773886906574,0.514,0.5257498172605317,0.5380099999999999,0.5237475158575269,51.4,44.2,55.8,48.6
dt,1000,500,500,signo_zodiacal_capricornio,19,0.5,0.485,0.48604332053576443,0.49000000000000005,0.48770743318992016,0.48804,0.495038836463789,49.0,52.0,48.0,51.0
dt,1000,500,500,signo_zodiacal_capricornio,20,0.5,0.497,0.49866406953562914,0.492,0.49438050819986434,0.49066,0.5005698593794924,49.2,49.8,50.2,50.8
dt,1000,500,500,signo_zodiacal_capricornio,21,0.5,0.47800000000000004,0.4793081388454408,0.4779999999999999,0.477658294180806,0.48081000000000007,0.49077340927613433,47.8,52.2,47.8,52.2
dt,1000,500,500,signo_zodiacal_capricornio,22,0.5,0.48,0.47878166152206114,0.476,0.47628086081494486,0.47508,0.49067989502541576,47.6,51.6,48.4,52.4
dt,1000,500,500,signo_zodiacal_capricornio,23,0.5,0.518,0.5163907716249223,0.528,0.5208414653231273,0.51705,0.5107674395726463,52.8,49.2,50.8,47.2
dt,1000,500,500,signo_zodiacal_capricornio,24,0.5,0.503,0.5039595389755236,0.526,0.5144336513452115,0.50468,0.5025510146578812,52.6,52.0,48.0,47.4
dt,1000,500,500,signo_zodiacal_capricornio,25,0.5,0.495,0.49473529886230044,0.4960000000000001,0.49451914365855965,0.49314,0.49640963443857855,49.6,50.6,49.4,50.4
dt,1000,500,500,signo_zodiacal_capricornio,26,0.5,0.518,0.5179041205091384,0.518,0.5178805684075951,0.5157700000000001,0.5095982161660101,51.8,48.2,51.8,48.2
dt,1000,500,500,signo_zodiacal_capricornio,27,0.5,0.516,0.5209879742898611,0.52,0.5193520886615516,0.5156499999999999,0.5120534103295392,52.0,48.8,51.2,48.0
dt,1000,500,500,signo_zodiacal_capricornio,28,0.5,0.479,0.479674446028653,0.466,0.47124044068362403,0.47857000000000005,0.49135976648340185,46.6,50.8,49.2,53.4
dt,1000,500,500,signo_zodiacal_capricornio,29,0.5,0.5029999999999999,0.50445542337932,0.49000000000000005,0.4962068772125566,0.5089300000000001,0.5083568046363307,49.0,48.4,51.6,51.0
dt,1000,500,500,signo_zodiacal_capricornio,30,0.5,0.484,0.48435383053539394,0.46799999999999997,0.4758576139616455,0.48405,0.49321717412953336,46.8,50.0,50.0,53.2
dt,1000,500,500,signo_zodiacal_capricornio,31,0.5,0.517,0.5168434439060856,0.504,0.5091312727352342,0.5126700000000001,0.5041693105010402,50.4,47.0,53.0,49.6
dt,1000,500,500,signo_zodiacal_capricornio,32,0.5,0.509,0.5111946047993714,0.488,0.49856615533747534,0.51084,0.5062768210610435,48.8,47.0,53.0,51.2
dt,1000,500,500,signo_zodiacal_capricornio,33,0.5,0.4880000000000001,0.48843096712341405,0.502,0.4944032304239718,0.48762000000000005,0.4957392264944239,50.2,52.6,47.4,49.8
dt,1000,500,500,signo_zodiacal_capricornio,34,0.5,0.51,0.5093601289961618,0.542,0.5243725939186148,0.51086,0.5059641583656258,54.2,52.2,47.8,45.8
dt,1000,500,500,signo_zodiacal_capricornio,35,0.5,0.512,0.5104648282807366,0.526,0.5172987001492099,0.51196,0.5053861965671682,52.6,50.2,49.8,47.4
dt,1000,500,500,signo_zodiacal_capricornio,36,0.5,0.488,0.4878868468664865,0.49000000000000005,0.48843772483009174,0.48218999999999995,0.49383659877940583,49.0,51.4,48.6,51.0
dt,1000,500,500,signo_zodiacal_capricornio,37,0.5,0.49800000000000005,0.49718276419478674,0.49399999999999994,0.4954357224241253,0.5012000000000001,0.5018618692093664,49.4,49.8,50.2,50.6
dt,1000,500,500,signo_zodiacal_capricornio,38,0.5,0.48200000000000004,0.4845819369939493,0.49000000000000005,0.4863576606124411,0.48559,0.4922399535001959,49.0,52.6,47.4,51.0
dt,1000,500,500,signo_zodiacal_capricornio,39,0.5,0.505,0.5037391493253017,0.48999999999999994,0.4965632881370424,0.5045200000000001,0.5050009067938646,49.0,48.0,52.0,51.0
dt,1000,500,500,signo_zodiacal_capricornio,40,0.5,0.489,0.48794168052530074,0.466,0.47540407834988396,0.4915999999999999,0.49726924636702846,46.6,48.8,51.2,53.4
dt,1000,500,500,signo_zodiacal_capricornio,41,0.5,0.508,0.5082988400707642,0.49799999999999994,0.5029386028839168,0.5077200000000001,0.5038816549758046,49.8,48.2,51.8,50.2
dt,1000,500,500,signo_zodiacal_capricornio,42,0.5,0.491,0.49156461399452056,0.48200000000000004,0.48616295257067244,0.49208999999999997,0.49828813755064105,48.2,50.0,50.0,51.8
dt,1000,500,500,signo_zodiacal_capricornio,43,0.5,0.5190000000000001,0.520901500393897,0.526,0.5222662107728685,0.5180999999999999,0.5110945067360049,52.6,48.8,51.2,47.4
dt,1000,500,500,signo_zodiacal_capricornio,44,0.5,0.49400000000000005,0.49503279645639287,0.49399999999999994,0.4935742412924423,0.49119,0.4955088030988831,49.4,50.6,49.4,50.6
dt,1000,500,500,signo_zodiacal_capricornio,45,0.5,0.487,0.48744987103752396,0.502,0.49458560854265254,0.48467000000000005,0.4925282342857552,50.2,52.8,47.2,49.8
dt,1000,500,500,signo_zodiacal_capricornio,46,0.5,0.531,0.5300624110301604,0.558,0.5430542966689401,0.5327500000000001,0.5178016225256172,55.8,49.6,50.4,44.2
dt,1000,500,500,signo_zodiacal_capricornio,47,0.5,0.503,0.5028386880774774,0.49800000000000005,0.4991403663641991,0.49928,0.5013448320505802,49.8,49.2,50.8,50.2
dt,1000,500,500,signo_zodiacal_capricornio,48,0.5,0.493,0.4937356882813001,0.524,0.5079614338920367,0.49451999999999996,0.498159507492635,52.4,53.8,46.2,47.6
dt,1000,500,500,signo_zodiacal_capricornio,49,0.5,0.493,0.49507463937207474,0.49399999999999994,0.4932341719197343,0.48986999999999997,0.49528183153197974,49.4,50.8,49.2,50.6
dt,1000,500,500,signo_zodiacal_capricornio,50,0.5,0.537,0.5368184974382872,0.526,0.5302947017832259,0.53685,0.5188616741037869,52.6,45.2,54.8,47.4
dt,1000,500,500,signo_zodiacal_capricornio,51,0.5,0.502,0.5009260537205591,0.5119999999999999,0.5050448751975016,0.5010100000000001,0.5016127231161787,51.2,50.8,49.2,48.8
dt,1000,500,500,signo_zodiacal_capricornio,52,0.5,0.501,0.501146796761621,0.48,0.490138044726711,0.5000600000000001,0.5010884414892546,48.0,47.8,52.2,52.0
dt,1000,500,500,signo_zodiacal_capricornio,53,0.5,0.476,0.4750945304631943,0.47400000000000003,0.4737456055514421,0.47386999999999996,0.48694319983223355,47.4,52.2,47.8,52.6
dt,1000,500,500,signo_zodiacal_capricornio,54,0.5,0.502,0.5022609884394781,0.532,0.5161921383588995,0.50396,0.5019173131868185,53.2,52.8,47.2,46.8
dt,1000,500,500,signo_zodiacal_capricornio,55,0.5,0.53,0.5305682144190473,0.538,0.5337558893910616,0.5297099999999999,0.51844588521118,53.8,47.8,52.2,46.2
dt,1000,500,500,signo_zodiacal_capricornio,56,0.5,0.5149999999999999,0.515500690188502,0.4959999999999999,0.5052173296037262,0.5123,0.5055516563991028,49.6,46.6,53.4,50.4
dt,1000,500,500,signo_zodiacal_capricornio,57,0.5,0.512,0.511970110235888,0.518,0.5147160248177693,0.5124600000000001,0.5054038974815505,51.8,49.4,50.6,48.2
dt,1000,500,500,signo_zodiacal_capricornio,58,0.5,0.487,0.4854003882015512,0.48199999999999993,0.4826024216471332,0.48479,0.4943263210551268,48.2,50.8,49.2,51.8
dt,1000,500,500,signo_zodiacal_capricornio,59,0.5,0.504,0.5033952817692244,0.522,0.5123744064752084,0.5003599999999999,0.5004422612096653,52.2,51.4,48.6,47.8
dt,1000,500,500,signo_zodiacal_capricornio,60,0.5,0.512,0.5130475673720383,0.49000000000000005,0.5011099540003017,0.5126200000000001,0.5080333818859457,49.0,46.6,53.4,51.0
dt,1000,500,500,signo_zodiacal_capricornio,61,0.5,0.46699999999999997,0.4645542079101556,0.43,0.4456950839530286,0.46338999999999997,0.48537698392981116,43.0,49.6,50.4,57.0
dt,1000,500,500,signo_zodiacal_capricornio,62,0.5,0.503,0.5029918953227225,0.49799999999999994,0.5003477066573034,0.49948000000000004,0.5016278174541406,49.8,49.2,50.8,50.2
dt,1000,500,500,signo_zodiacal_capricornio,63,0.5,0.469,0.4691677093272838,0.48599999999999993,0.47680973400744475,0.47234999999999994,0.4855361475617088,48.6,54.8,45.2,51.4
dt,1000,500,500,signo_zodiacal_capricornio,64,0.5,0.507,0.5046412228880672,0.514,0.5083281298695503,0.50858,0.5038185767878989,51.4,50.0,50.0,48.6
dt,1000,500,500,signo_zodiacal_capricornio,65,0.5,0.495,0.49476848421565656,0.504,0.49905866081844474,0.5,0.5008242095160729,50.4,51.4,48.6,49.6
dt,1000,500,500,signo_zodiacal_capricornio,66,0.5,0.481,0.4799016605057795,0.462,0.47046159799952375,0.48278999999999994,0.49313117542242313,46.2,50.0,50.0,53.8
dt,1000,500,500,signo_zodiacal_capricornio,67,0.5,0.493,0.4932708429302609,0.49399999999999994,0.49289057012277643,0.49205000000000004,0.49716326147884954,49.4,50.8,49.2,50.6
dt,1000,500,500,signo_zodiacal_capricornio,68,0.5,0.499,0.4983504391529032,0.484,0.48914336022401245,0.50115,0.49971219470435424,48.4,48.6,51.4,51.6
dt,1000,500,500,signo_zodiacal_capricornio,69,0.5,0.47400000000000003,0.47450601544470505,0.4779999999999999,0.4761236978820381,0.4766,0.4894041594647366,47.8,53.0,47.0,52.2
dt,1000,500,500,signo_zodiacal_capricornio,70,0.5,0.492,0.49123168000884654,0.484,0.48713744032872075,0.4938199999999999,0.49867646675649163,48.4,50.0,50.0,51.6
dt,1000,500,500,signo_zodiacal_capricornio,71,0.5,0.48100000000000004,0.48004638850266595,0.446,0.4620085548839419,0.47951999999999995,0.4912516010090034,44.6,48.4,51.6,55.4
dt,1000,500,500,signo_zodiacal_capricornio,72,0.5,0.512,0.5104860535314615,0.53,0.5192087331551148,0.5076400000000001,0.5070195809646647,53.0,50.6,49.4,47.0
dt,1000,500,500,signo_zodiacal_capricornio,73,0.5,0.5029999999999999,0.5010858737646957,0.508,0.5036667695984057,0.5043300000000001,0.5021474781637935,50.8,50.2,49.8,49.2
dt,1000,500,500,signo_zodiacal_capricornio,74,0.5,0.5050000000000001,0.5060476370035194,0.502,0.5030737409308838,0.50135,0.5005411767664997,50.2,49.2,50.8,49.8
dt,1000,500,500,signo_zodiacal_capricornio,75,0.5,0.492,0.4920375225510714,0.5120000000000001,0.5014672662456465,0.49561,0.4975897252849779,51.2,52.8,47.2,48.8
dt,1000,500,500,signo_zodiacal_capricornio,76,0.5,0.5,0.49854662938208555,0.502,0.49970458172513477,0.50651,0.5051406264915543,50.2,50.2,49.8,49.8
dt,1000,500,500,signo_zodiacal_capricornio,77,0.5,0.511,0.5120948121407471,0.512,0.5115093379406024,0.5073700000000001,0.5063352747663348,51.2,49.0,51.0,48.8
dt,1000,500,500,signo_zodiacal_capricornio,78,0.5,0.523,0.5236337361605491,0.522,0.5223764520150201,0.5213699999999999,0.5124048476252503,52.2,47.6,52.4,47.8
dt,1000,500,500,signo_zodiacal_capricornio,79,0.5,0.509,0.5093927179787644,0.508,0.5083175276186684,0.51295,0.5080502397583689,50.8,49.0,51.0,49.2
dt,1000,500,500,signo_zodiacal_capricornio,80,0.5,0.51,0.5092959792804491,0.49000000000000005,0.49900146016528274,0.5105000000000001,0.5076692975278366,49.0,47.0,53.0,51.0
dt,1000,500,500,signo_zodiacal_capricornio,81,0.5,0.5109999999999999,0.5125076638148969,0.49799999999999994,0.504206508462224,0.51715,0.5103888135515986,49.8,47.6,52.4,50.2
dt,1000,500,500,signo_zodiacal_capricornio,82,0.5,0.506,0.506741274205116,0.46399999999999997,0.4843121467553682,0.50219,0.5047100324945019,46.4,45.2,54.8,53.6
dt,1000,500,500,signo_zodiacal_capricornio,83,0.5,0.522,0.5210021065491108,0.522,0.5206533524051663,0.5234099999999999,0.511619572751361,52.2,47.8,52.2,47.8
dt,1000,500,500,signo_zodiacal_capricornio,84,0.5,0.514,0.5192644985212714,0.518,0.5173088160221923,0.51601,0.5110941418812394,51.8,49.0,51.0,48.2
dt,1000,500,500,signo_zodiacal_capricornio,85,0.5,0.472,0.47126274284520064,0.476,0.47336808779071154,0.4756100000000001,0.49017486012720646,47.6,53.2,46.8,52.4
dt,1000,500,500,signo_zodiacal_capricornio,86,0.5,0.524,0.5235780334790235,0.5319999999999999,0.527466155920019,0.52538,0.5143017624232396,53.2,48.4,51.6,46.8
dt,1000,500,500,signo_zodiacal_capricornio,87,0.5,0.5050000000000001,0.5048676167777291,0.49000000000000005,0.4967829161564702,0.50909,0.5046750376748574,49.0,48.0,52.0,51.0
dt,1000,500,500,signo_zodiacal_capricornio,88,0.5,0.488,0.48793499801624085,0.466,0.4757795937704888,0.48968,0.49378874544189033,46.6,49.0,51.0,53.4
dt,1000,500,500,signo_zodiacal_capricornio,89,0.5,0.509,0.5088351373694031,0.514,0.5109181323766598,0.5107900000000001,0.5051111465163272,51.4,49.6,50.4,48.6
dt,1000,500,500,signo_zodiacal_capricornio,90,0.5,0.485,0.4857114570017796,0.48600000000000004,0.48515308386785305,0.48882000000000003,0.4949053902904474,48.6,51.6,48.4,51.4
dt,1000,500,500,signo_zodiacal_capricornio,91,0.5,0.499,0.4992833463376326,0.492,0.49519960477142655,0.49702999999999997,0.5006235294059436,49.2,49.4,50.6,50.8
dt,1000,500,500,signo_zodiacal_capricornio,92,0.5,0.49700000000000005,0.49980748360924654,0.48,0.4883634059287326,0.49754,0.5006950033366855,48.0,48.6,51.4,52.0
dt,1000,500,500,signo_zodiacal_capricornio,93,0.5,0.476,0.47656630864337296,0.502,0.487943946688823,0.47596,0.48860877515587575,50.2,55.0,45.0,49.8
dt,1000,500,500,signo_zodiacal_capricornio,94,0.5,0.509,0.5082772757467653,0.528,0.5167362680410653,0.5143000000000001,0.5069608431668813,52.8,51.0,49.0,47.2
dt,1000,500,500,signo_zodiacal_capricornio,95,0.5,0.49000000000000005,0.48922319824807464,0.48999999999999994,0.48879244244529224,0.4864,0.4945409806928372,49.0,51.0,49.0,51.0
dt,1000,500,500,signo_zodiacal_capricornio,96,0.5,0.506,0.5058271890967729,0.466,0.4845808862343146,0.50208,0.5047234657675777,46.6,45.4,54.6,53.4
dt,1000,500,500,signo_zodiacal_capricornio,97,0.5,0.507,0.5072394484512511,0.5,0.5035078829323368,0.51208,0.5052918858854559,50.0,48.6,51.4,50.0
dt,1000,500,500,signo_zodiacal_capricornio,98,0.5,0.466,0.46701357255765863,0.4720000000000001,0.46772123279990885,0.46817000000000003,0.4878232076209577,47.2,54.0,46.0,52.8
dt,1000,500,500,signo_zodiacal_capricornio,99,0.5,0.4699999999999999,0.4709911796433784,0.47400000000000003,0.4719163508306197,0.47198,0.4856600421452664,47.4,53.4,46.6,52.6
dt,1000,500,500,signo_zodiacal_capricornio,100,0.5,0.4779999999999999,0.47796312378379247,0.47000000000000003,0.4736621503189986,0.47951,0.49053711917764253,47.0,51.4,48.6,53.0
dt,1000,500,500,signo_zodiacal_cancer,1,0.5,0.51,0.5109619352905534,0.508,0.5090825699456605,0.5153300000000001,0.5067952291143769,50.8,48.8,51.2,49.2
dt,1000,500,500,signo_zodiacal_cancer,2,0.5,0.471,0.47295928943926835,0.466,0.46808486475876776,0.46735999999999994,0.48628091467937173,46.6,52.4,47.6,53.4
dt,1000,500,500,signo_zodiacal_cancer,3,0.5,0.504,0.5033637328403684,0.522,0.5114245942235927,0.50749,0.5038411995368106,52.2,51.4,48.6,47.8
dt,1000,500,500,signo_zodiacal_cancer,4,0.5,0.507,0.507626436716178,0.542,0.5240769371184123,0.50541,0.5055364840872751,54.2,52.8,47.2,45.8
dt,1000,500,500,signo_zodiacal_cancer,5,0.5,0.48900000000000005,0.48978634729817416,0.516,0.5016033523397271,0.49549000000000004,0.49733344866014395,51.6,53.8,46.2,48.4
dt,1000,500,500,signo_zodiacal_cancer,6,0.5,0.48,0.47808385093167705,0.47800000000000004,0.47725583880209826,0.48556999999999995,0.4937024339747584,47.8,51.8,48.2,52.2
dt,1000,500,500,signo_zodiacal_cancer,7,0.5,0.515,0.5157569511174553,0.522,0.5183070618773881,0.5183000000000001,0.5102148296384202,52.2,49.2,50.8,47.8
dt,1000,500,500,signo_zodiacal_cancer,8,0.5,0.457,0.45877310764966667,0.446,0.4516400908283435,0.45467,0.4824938415641017,44.6,53.2,46.8,55.4
dt,1000,500,500,signo_zodiacal_cancer,9,0.5,0.477,0.47710275153430526,0.45999999999999996,0.4676021634597486,0.4805999999999999,0.4926181739943825,46.0,50.6,49.4,54.0
dt,1000,500,500,signo_zodiacal_cancer,10,0.5,0.5219999999999999,0.5211190210921591,0.532,0.526190612149535,0.51746,0.5096141099033711,53.2,48.8,51.2,46.8
dt,1000,500,500,signo_zodiacal_cancer,11,0.5,0.514,0.5124498330039569,0.524,0.5178953191928098,0.51624,0.5108060119552981,52.4,49.6,50.4,47.6
dt,1000,500,500,signo_zodiacal_cancer,12,0.5,0.518,0.518800148501601,0.52,0.5181376392289279,0.5154099999999999,0.5076226126127141,52.0,48.4,51.6,48.0
dt,1000,500,500,signo_zodiacal_cancer,13,0.5,0.5029999999999999,0.5032154538641976,0.49799999999999994,0.5002114612555691,0.50062,0.5013619436551339,49.8,49.2,50.8,50.2
dt,1000,500,500,signo_zodiacal_cancer,14,0.5,0.49300000000000005,0.4917065327241912,0.49000000000000005,0.4902233043554472,0.4938599999999999,0.49628692170964683,49.0,50.4,49.6,51.0
dt,1000,500,500,signo_zodiacal_cancer,15,0.5,0.514,0.5142638837559909,0.514,0.513024729053301,0.5119,0.5086842140340726,51.4,48.6,51.4,48.6
dt,1000,500,500,signo_zodiacal_cancer,16,0.5,0.47000000000000003,0.4697549925904648,0.462,0.46557421150485956,0.46597999999999995,0.48423941593766423,46.2,52.2,47.8,53.8
dt,1000,500,500,signo_zodiacal_cancer,17,0.5,0.506,0.5058340709787862,0.522,0.5137231401149606,0.511,0.505737388785451,52.2,51.0,49.0,47.8
dt,1000,500,500,signo_zodiacal_cancer,18,0.5,0.493,0.4930362390960717,0.45999999999999996,0.47570679280081896,0.49655000000000005,0.49817205177998425,46.0,47.4,52.6,54.0
dt,1000,500,500,signo_zodiacal_cancer,19,0.5,0.518,0.517871060155661,0.516,0.5166404840359402,0.5185099999999999,0.5100069957060305,51.6,48.0,52.0,48.4
dt,1000,500,500,signo_zodiacal_cancer,20,0.5,0.501,0.5008661926308985,0.472,0.4853932445742098,0.49806999999999996,0.49998260984017256,47.2,47.0,53.0,52.8
dt,1000,500,500,signo_zodiacal_cancer,21,0.5,0.487,0.487982906130192,0.49000000000000005,0.4884271974045685,0.48658,0.49397366032410084,49.0,51.6,48.4,51.0
dt,1000,500,500,signo_zodiacal_cancer,22,0.5,0.48600000000000004,0.4856589835354712,0.48,0.48176540657743666,0.48907,0.49524033206766543,48.0,50.8,49.2,52.0
dt,1000,500,500,signo_zodiacal_cancer,23,0.5,0.51,0.5108810707483273,0.518,0.5137028100819403,0.50864,0.5045052687979364,51.8,49.8,50.2,48.2
dt,1000,500,500,signo_zodiacal_cancer,24,0.5,0.513,0.5138157577501694,0.5359999999999999,0.5239561523310023,0.51202,0.5076827180999945,53.6,51.0,49.0,46.4
dt,1000,500,500,signo_zodiacal_cancer,25,0.5,0.46799999999999997,0.4673219511313885,0.45,0.4572269664663512,0.46457,0.4852679413179186,45.0,51.4,48.6,55.0
dt,1000,500,500,signo_zodiacal_cancer,26,0.5,0.5029999999999999,0.5026073599603011,0.49800000000000005,0.5000434876414208,0.5009600000000001,0.5006782846199335,49.8,49.2,50.8,50.2
dt,1000,500,500,signo_zodiacal_cancer,27,0.5,0.5030000000000001,0.5014579823965548,0.534,0.5154095395011931,0.49978,0.503241314717581,53.4,52.8,47.2,46.6
dt,1000,500,500,signo_zodiacal_cancer,28,0.5,0.475,0.4738380992227412,0.43,0.45047213265205155,0.47161,0.4883587795174365,43.0,48.0,52.0,57.0
dt,1000,500,500,signo_zodiacal_cancer,29,0.5,0.5,0.4996630703318011,0.512,0.5051667780101037,0.50104,0.5006543763931258,51.2,51.2,48.8,48.8
dt,1000,500,500,signo_zodiacal_cancer,30,0.5,0.49800000000000005,0.4980314776990916,0.48,0.4884602527311849,0.50129,0.5016294499693651,48.0,48.4,51.6,52.0
dt,1000,500,500,signo_zodiacal_cancer,31,0.5,0.491,0.4906574982441036,0.48200000000000004,0.48588069269039424,0.48843000000000003,0.49376339814662745,48.2,50.0,50.0,51.8
dt,1000,500,500,signo_zodiacal_cancer,32,0.5,0.5029999999999999,0.5031455593150496,0.502,0.5014400420088789,0.50925,0.5062248600302152,50.2,49.6,50.4,49.8
dt,1000,500,500,signo_zodiacal_cancer,33,0.5,0.522,0.5214194724836452,0.53,0.5256210845786915,0.52486,0.5145887418222997,53.0,48.6,51.4,47.0
dt,1000,500,500,signo_zodiacal_cancer,34,0.5,0.48,0.478191864775079,0.454,0.465287513388111,0.48493,0.49289635516778907,45.4,49.4,50.6,54.6
dt,1000,500,500,signo_zodiacal_cancer,35,0.5,0.5029999999999999,0.5034380412430669,0.48,0.4911748667152248,0.50509,0.5009468633169575,48.0,47.4,52.6,52.0
dt,1000,500,500,signo_zodiacal_cancer,36,0.5,0.5279999999999999,0.5296789662439723,0.496,0.5120381513720874,0.52915,0.5157857490010052,49.6,44.0,56.0,50.4
dt,1000,500,500,signo_zodiacal_cancer,37,0.5,0.47300000000000003,0.4716152210965777,0.4600000000000001,0.4653311053341989,0.46606999999999993,0.48325619424350996,46.0,51.4,48.6,54.0
dt,1000,500,500,signo_zodiacal_cancer,38,0.5,0.5050000000000001,0.5058518041350581,0.47400000000000003,0.4889686884463412,0.5051300000000001,0.5044089276026326,47.4,46.4,53.6,52.6
dt,1000,500,500,signo_zodiacal_cancer,39,0.5,0.49800000000000005,0.49704628367242343,0.47000000000000003,0.4829725705037542,0.49746999999999997,0.5010566278428956,47.0,47.4,52.6,53.0
dt,1000,500,500,signo_zodiacal_cancer,40,0.5,0.501,0.49952960573177807,0.472,0.485061044034447,0.49975,0.49970135523692927,47.2,47.0,53.0,52.8
dt,1000,500,500,signo_zodiacal_cancer,41,0.5,0.472,0.47064139350514933,0.4640000000000001,0.46700024386675115,0.46886,0.4869120168598357,46.4,52.0,48.0,53.6
dt,1000,500,500,signo_zodiacal_cancer,42,0.5,0.503,0.5018961998501641,0.48599999999999993,0.4933957958636664,0.5024900000000001,0.5023039812166553,48.6,48.0,52.0,51.4
dt,1000,500,500,signo_zodiacal_cancer,43,0.5,0.521,0.5206415548946275,0.5439999999999999,0.5317934913214325,0.51818,0.510277060549522,54.4,50.2,49.8,45.6
dt,1000,500,500,signo_zodiacal_cancer,44,0.5,0.525,0.5247845397926885,0.522,0.5223492555264799,0.52617,0.515452930701444,52.2,47.2,52.8,47.8
dt,1000,500,500,signo_zodiacal_cancer,45,0.5,0.487,0.4884664003629194,0.49000000000000005,0.48869255042084214,0.49046,0.496788986529908,49.0,51.6,48.4,51.0
dt,1000,500,500,signo_zodiacal_cancer,46,0.5,0.51,0.5103092783505154,0.502,0.5059163358287393,0.5086799999999999,0.505485999627367,50.2,48.2,51.8,49.8
dt,1000,500,500,signo_zodiacal_cancer,47,0.5,0.49000000000000005,0.4915732182974395,0.4760000000000001,0.482164124773238,0.48771000000000003,0.4950701419149713,47.6,49.6,50.4,52.4
dt,1000,500,500,signo_zodiacal_cancer,48,0.5,0.503,0.503860454294762,0.506,0.5047257811348614,0.5037,0.5033753705149006,50.6,50.0,50.0,49.4
dt,1000,500,500,signo_zodiacal_cancer,49,0.5,0.46399999999999997,0.45988627575854063,0.442,0.45047954224424813,0.45816999999999997,0.48504066591991785,44.2,51.4,48.6,55.8
dt,1000,500,500,signo_zodiacal_cancer,50,0.5,0.508,0.5104174173703698,0.45,0.4768809382261635,0.50519,0.5057407983665219,45.0,43.4,56.6,55.0
dt,1000,500,500,signo_zodiacal_cancer,51,0.5,0.48600000000000004,0.48342506034671934,0.45,0.4647817249237696,0.48521000000000003,0.495008560011499,45.0,47.8,52.2,55.0
dt,1000,500,500,signo_zodiacal_cancer,52,0.5,0.5040000000000001,0.5028753670989696,0.506,0.5040509275726521,0.49795,0.49960882188866185,50.6,49.8,50.2,49.4
dt,1000,500,500,signo_zodiacal_cancer,53,0.5,0.49300000000000005,0.4951946201946201,0.488,0.4906784576388832,0.49551000000000006,0.4990026316622628,48.8,50.2,49.8,51.2
dt,1000,500,500,signo_zodiacal_cancer,54,0.5,0.49499999999999994,0.49382784857005124,0.48200000000000004,0.48752397602505165,0.49571,0.4994836560425058,48.2,49.2,50.8,51.8
dt,1000,500,500,signo_zodiacal_cancer,55,0.5,0.476,0.4744840015057406,0.45200000000000007,0.46171946834691846,0.4809,0.4906521612487117,45.2,50.0,50.0,54.8
dt,1000,500,500,signo_zodiacal_cancer,56,0.5,0.508,0.5059872188465269,0.524,0.5131912771536008,0.5089600000000001,0.5026797112602605,52.4,50.8,49.2,47.6
dt,1000,500,500,signo_zodiacal_cancer,57,0.5,0.475,0.47228734520071897,0.45199999999999996,0.4614689870377041,0.47592,0.48941024565167857,45.2,50.2,49.8,54.8
dt,1000,500,500,signo_zodiacal_cancer,58,0.5,0.495,0.49471590632455326,0.458,0.47556223671407916,0.49824999999999997,0.49805131140466335,45.8,46.8,53.2,54.2
dt,1000,500,500,signo_zodiacal_cancer,59,0.5,0.479,0.47812399795227717,0.45999999999999996,0.46863216971657495,0.47767,0.4910994591336294,46.0,50.2,49.8,54.0
dt,1000,500,500,signo_zodiacal_cancer,60,0.5,0.513,0.5131435067488198,0.518,0.5141379157081366,0.5113800000000001,0.5073582387667522,51.8,49.2,50.8,48.2
dt,1000,500,500,signo_zodiacal_cancer,61,0.5,0.479,0.4768906856325913,0.454,0.46473792756206056,0.47481,0.48887819632292134,45.4,49.6,50.4,54.6
dt,1000,500,500,signo_zodiacal_cancer,62,0.5,0.516,0.5166655702597406,0.4920000000000001,0.5038127453088268,0.51846,0.5093714733764543,49.2,46.0,54.0,50.8
dt,1000,500,500,signo_zodiacal_cancer,63,0.5,0.491,0.49315986309029897,0.488,0.48950451985994425,0.49123,0.4957657544486829,48.8,50.6,49.4,51.2
dt,1000,500,500,signo_zodiacal_cancer,64,0.5,0.491,0.4911806698086453,0.488,0.4893566569084212,0.49039,0.4958864347666041,48.8,50.6,49.4,51.2
dt,1000,500,500,signo_zodiacal_cancer,65,0.5,0.48200000000000004,0.48233790383718916,0.4619999999999999,0.47143178515955037,0.47612,0.49131665344943637,46.2,49.8,50.2,53.8
dt,1000,500,500,signo_zodiacal_cancer,66,0.5,0.488,0.4874709712589721,0.49399999999999994,0.49019791091114795,0.48952999999999997,0.49546864175388616,49.4,51.8,48.2,50.6
dt,1000,500,500,signo_zodiacal_cancer,67,0.5,0.526,0.5273912324424674,0.5119999999999999,0.5181393687730732,0.5268499999999999,0.5171675364867302,51.2,46.0,54.0,48.8
dt,1000,500,500,signo_zodiacal_cancer,68,0.5,0.51,0.507751113889782,0.504,0.5042017402416065,0.50826,0.5058690258460219,50.4,48.4,51.6,49.6
dt,1000,500,500,signo_zodiacal_cancer,69,0.5,0.506,0.5064872723282862,0.5,0.5026326417958054,0.5087700000000001,0.5047840463243374,50.0,48.8,51.2,50.0
dt,1000,500,500,signo_zodiacal_cancer,70,0.5,0.515,0.5166880990806682,0.48200000000000004,0.49841339209093827,0.5165400000000001,0.5091903162799443,48.2,45.2,54.8,51.8
dt,1000,500,500,signo_zodiacal_cancer,71,0.5,0.484,0.48325126414268116,0.488,0.4852081981514361,0.48124,0.4929051533604702,48.8,52.0,48.0,51.2
dt,1000,500,500,signo_zodiacal_cancer,72,0.5,0.52,0.5191719672872445,0.5279999999999999,0.5231218480996784,0.52085,0.5126853629255604,52.8,48.8,51.2,47.2
dt,1000,500,500,signo_zodiacal_cancer,73,0.5,0.5,0.5007592213987564,0.49399999999999994,0.49575386678147904,0.49465000000000003,0.5002693794062145,49.4,49.4,50.6,50.6
dt,1000,500,500,signo_zodiacal_cancer,74,0.5,0.51,0.5100296256280976,0.518,0.5132725406395062,0.5080600000000001,0.5051618795684669,51.8,49.8,50.2,48.2
dt,1000,500,500,signo_zodiacal_cancer,75,0.5,0.528,0.5281497639694381,0.524,0.5259557161555379,0.5286799999999999,0.5154856988865683,52.4,46.8,53.2,47.6
dt,1000,500,500,signo_zodiacal_cancer,76,0.5,0.51,0.5099935690914092,0.49800000000000005,0.5034310203454865,0.5137200000000001,0.5069658195963576,49.8,47.8,52.2,50.2
dt,1000,500,500,signo_zodiacal_cancer,77,0.5,0.489,0.4889916657675958,0.496,0.4919943189818018,0.48981,0.494921443594491,49.6,51.8,48.2,50.4
dt,1000,500,500,signo_zodiacal_cancer,78,0.5,0.507,0.5081411607427846,0.506,0.5060839653883132,0.50409,0.5038240158378209,50.6,49.2,50.8,49.4
dt,1000,500,500,signo_zodiacal_cancer,79,0.5,0.522,0.5224526359861468,0.5199999999999999,0.5210964479944069,0.51834,0.5106211817255277,52.0,47.6,52.4,48.0
dt,1000,500,500,signo_zodiacal_cancer,80,0.5,0.49000000000000005,0.48947840518690705,0.4919999999999999,0.49007039652469225,0.49132,0.4976594236787082,49.2,51.2,48.8,50.8
dt,1000,500,500,signo_zodiacal_cancer,81,0.5,0.5129999999999999,0.5118323685697106,0.526,0.5182348318722332,0.51171,0.5080356076234114,52.6,50.0,50.0,47.4
dt,1000,500,500,signo_zodiacal_cancer,82,0.5,0.491,0.48914283139500475,0.492,0.48928987877540403,0.49049000000000004,0.49636291277929645,49.2,51.0,49.0,50.8
dt,1000,500,500,signo_zodiacal_cancer,83,0.5,0.473,0.47665201745155406,0.49800000000000005,0.4865794667566945,0.47395,0.4893960335132708,49.8,55.2,44.8,50.2
dt,1000,500,500,signo_zodiacal_cancer,84,0.5,0.483,0.48347040480535713,0.504,0.49337281366683755,0.48583,0.49214338309160627,50.4,53.8,46.2,49.6
dt,1000,500,500,signo_zodiacal_cancer,85,0.5,0.476,0.4751172294981131,0.47800000000000004,0.47564027836401523,0.47785,0.48975845678771934,47.8,52.6,47.4,52.2
dt,1000,500,500,signo_zodiacal_cancer,86,0.5,0.49400000000000005,0.495542200625607,0.51,0.5018508826237037,0.49488000000000004,0.4979594800981598,51.0,52.2,47.8,49.0
dt,1000,500,500,signo_zodiacal_cancer,87,0.5,0.4600000000000001,0.4551082027013704,0.42000000000000004,0.43654207158211733,0.45918000000000003,0.4824018260340461,42.0,50.0,50.0,58.0
dt,1000,500,500,signo_zodiacal_cancer,88,0.5,0.483,0.4797706884295959,0.462,0.46931010177592364,0.47463,0.4900329847884318,46.2,49.6,50.4,53.8
dt,1000,500,500,signo_zodiacal_cancer,89,0.5,0.493,0.49306769474909606,0.5,0.49628863918556193,0.49531000000000003,0.4995305920849818,50.0,51.4,48.6,50.0
dt,1000,500,500,signo_zodiacal_cancer,90,0.5,0.508,0.5083945574079884,0.4880000000000001,0.4964420732052141,0.51218,0.5087775831772801,48.8,47.2,52.8,51.2
dt,1000,500,500,signo_zodiacal_cancer,91,0.5,0.49800000000000005,0.4980859057923466,0.49399999999999994,0.4957909551536609,0.49543,0.49830511648366604,49.4,49.8,50.2,50.6
dt,1000,500,500,signo_zodiacal_cancer,92,0.5,0.506,0.5061395183763605,0.4779999999999999,0.4915384558938154,0.50558,0.504104741727911,47.8,46.6,53.4,52.2
dt,1000,500,500,signo_zodiacal_cancer,93,0.5,0.512,0.5153329611882271,0.47400000000000003,0.4926708467863737,0.5138499999999999,0.5075585813834299,47.4,45.0,55.0,52.6
dt,1000,500,500,signo_zodiacal_cancer,94,0.5,0.535,0.5355013595560937,0.54,0.5371513460504739,0.5325599999999999,0.5170808308496719,54.0,47.0,53.0,46.0
dt,1000,500,500,signo_zodiacal_cancer,95,0.5,0.513,0.5123114471631991,0.534,0.5226490337870052,0.50719,0.5054941579499536,53.4,50.8,49.2,46.6
dt,1000,500,500,signo_zodiacal_cancer,96,0.5,0.502,0.5064661687381683,0.504,0.5038871989836545,0.50571,0.5046408493334495,50.4,50.0,50.0,49.6
dt,1000,500,500,signo_zodiacal_cancer,97,0.5,0.497,0.4952198741722073,0.492,0.4919432469326635,0.49207,0.5001035244773735,49.2,49.8,50.2,50.8
dt,1000,500,500,signo_zodiacal_cancer,98,0.5,0.49700000000000005,0.49731587246333736,0.526,0.5093792069890959,0.49763999999999997,0.5000277163630968,52.6,53.2,46.8,47.4
dt,1000,500,500,signo_zodiacal_cancer,99,0.5,0.506,0.507082408560241,0.5200000000000001,0.5117891829878511,0.50457,0.5026068563437545,52.0,50.8,49.2,48.0
dt,1000,500,500,signo_zodiacal_cancer,100,0.5,0.496,0.49548796722990274,0.492,0.4931476497190346,0.49117,0.4948078169896184,49.2,50.0,50.0,50.8
dt,1000,500,500,signo_zodiacal_escorpio,1,0.5,0.517,0.5198824825330849,0.49800000000000005,0.5076868621998788,0.5216500000000001,0.5131751419916248,49.8,46.4,53.6,50.2
dt,1000,500,500,signo_zodiacal_escorpio,2,0.5,0.507,0.5078615672716796,0.514,0.5099092222147386,0.50679,0.5039092531773687,51.4,50.0,50.0,48.6
dt,1000,500,500,signo_zodiacal_escorpio,3,0.5,0.45500000000000007,0.4537219208462635,0.434,0.4433038513172667,0.449,0.4770764299748767,43.4,52.4,47.6,56.6
dt,1000,500,500,signo_zodiacal_escorpio,4,0.5,0.523,0.5230707835487477,0.516,0.5182772891823906,0.5248100000000001,0.5135273470587822,51.6,47.0,53.0,48.4
dt,1000,500,500,signo_zodiacal_escorpio,5,0.5,0.5040000000000001,0.5036624437021657,0.4999999999999999,0.5013314387142136,0.5010600000000001,0.5017056476407129,50.0,49.2,50.8,50.0
dt,1000,500,500,signo_zodiacal_escorpio,6,0.5,0.509,0.5065162877473732,0.514,0.5097051830042205,0.5104299999999999,0.5067796538921266,51.4,49.6,50.4,48.6
dt,1000,500,500,signo_zodiacal_escorpio,7,0.5,0.505,0.5027243394902969,0.49399999999999994,0.49806144291796706,0.50446,0.5059579050152786,49.4,48.4,51.6,50.6
dt,1000,500,500,signo_zodiacal_escorpio,8,0.5,0.5269999999999999,0.5280982244449737,0.532,0.5291517851453291,0.52407,0.5123252033319037,53.2,47.8,52.2,46.8
dt,1000,500,500,signo_zodiacal_escorpio,9,0.5,0.49700000000000005,0.49962331018320044,0.502,0.4997730162032221,0.49406,0.4984150974567429,50.2,50.8,49.2,49.8
dt,1000,500,500,signo_zodiacal_escorpio,10,0.5,0.5,0.4998259291948613,0.492,0.49548965875388895,0.5031100000000001,0.5020319209081102,49.2,49.2,50.8,50.8
dt,1000,500,500,signo_zodiacal_escorpio,11,0.5,0.5309999999999999,0.5311020059256637,0.53,0.5299640599405018,0.5273899999999999,0.5149548979200052,53.0,46.8,53.2,47.0
dt,1000,500,500,signo_zodiacal_escorpio,12,0.5,0.48200000000000004,0.4838341288677297,0.466,0.4737171515898293,0.4840299999999999,0.4939508877501965,46.6,50.2,49.8,53.4
dt,1000,500,500,signo_zodiacal_escorpio,13,0.5,0.47000000000000003,0.4722391671046239,0.4960000000000001,0.48336168769528226,0.47128,0.4888839750363889,49.6,55.6,44.4,50.4
dt,1000,500,500,signo_zodiacal_escorpio,14,0.5,0.488,0.4869206325159968,0.44800000000000006,0.46621810728953594,0.48468999999999995,0.49322187855579724,44.8,47.2,52.8,55.2
dt,1000,500,500,signo_zodiacal_escorpio,15,0.5,0.5090000000000001,0.5096669875100045,0.516,0.5126902821286783,0.50996,0.5073150486402342,51.6,49.8,50.2,48.4
dt,1000,500,500,signo_zodiacal_escorpio,16,0.5,0.501,0.5004723059036855,0.46799999999999997,0.4833993381338634,0.5022800000000001,0.5030926987832446,46.8,46.6,53.4,53.2
dt,1000,500,500,signo_zodiacal_escorpio,17,0.5,0.49000000000000005,0.48876343845856035,0.4880000000000001,0.4868213410060279,0.48972000000000004,0.49602216552198586,48.8,50.8,49.2,51.2
dt,1000,500,500,signo_zodiacal_escorpio,18,0.5,0.5120000000000001,0.5118539131119777,0.508,0.5093814915518792,0.5065200000000001,0.5065385447165941,50.8,48.4,51.6,49.2
dt,1000,500,500,signo_zodiacal_escorpio,19,0.5,0.507,0.5078145499248311,0.49399999999999994,0.5000293783738895,0.50815,0.5046278285024904,49.4,48.0,52.0,50.6
dt,1000,500,500,signo_zodiacal_escorpio,20,0.5,0.514,0.5124004714925364,0.522,0.5163356794024211,0.5177099999999999,0.5097171608134003,52.2,49.4,50.6,47.8
dt,1000,500,500,signo_zodiacal_escorpio,21,0.5,0.513,0.5152585630254842,0.496,0.5048640761059795,0.51218,0.5067886147598296,49.6,47.0,53.0,50.4
dt,1000,500,500,signo_zodiacal_escorpio,22,0.5,0.48199999999999993,0.48115330368256803,0.48,0.47978475861235026,0.47287999999999997,0.48790653282566315,48.0,51.6,48.4,52.0
dt,1000,500,500,signo_zodiacal_escorpio,23,0.5,0.491,0.4915617808069528,0.472,0.48134985292657884,0.49436,0.4974605688030552,47.2,49.0,51.0,52.8
dt,1000,500,500,signo_zodiacal_escorpio,24,0.5,0.496,0.4948020394622336,0.5279999999999999,0.5106108814059829,0.4953200000000001,0.5001430892304641,52.8,53.6,46.4,47.2
dt,1000,500,500,signo_zodiacal_escorpio,25,0.5,0.492,0.4921945502032866,0.48,0.48565510979022913,0.49739000000000005,0.4988783094529688,48.0,49.6,50.4,52.0
dt,1000,500,500,signo_zodiacal_escorpio,26,0.5,0.496,0.4952659195996705,0.528,0.5108331719120168,0.49662999999999996,0.4983403227483706,52.8,53.6,46.4,47.2
dt,1000,500,500,signo_zodiacal_escorpio,27,0.5,0.5309999999999999,0.5307365202365202,0.528,0.5287757496798442,0.52696,0.5162097592746856,52.8,46.6,53.4,47.2
dt,1000,500,500,signo_zodiacal_escorpio,28,0.5,0.5090000000000001,0.5068356486931643,0.524,0.5141672186668702,0.51013,0.507027060395455,52.4,50.6,49.4,47.6
dt,1000,500,500,signo_zodiacal_escorpio,29,0.5,0.5069999999999999,0.5060529222593309,0.5159999999999999,0.5105481246658907,0.50729,0.5065944720392226,51.6,50.2,49.8,48.4
dt,1000,500,500,signo_zodiacal_escorpio,30,0.5,0.517,0.515885883619289,0.51,0.512036066527409,0.51746,0.5097622524849068,51.0,47.6,52.4,49.0
dt,1000,500,500,signo_zodiacal_escorpio,31,0.5,0.522,0.5221492680707038,0.524,0.5227328334160661,0.5234000000000001,0.5121098536747837,52.4,48.0,52.0,47.6
dt,1000,500,500,signo_zodiacal_escorpio,32,0.5,0.49899999999999994,0.4972441737686486,0.47800000000000004,0.48635060603120567,0.50158,0.5021790924995638,47.8,48.0,52.0,52.2
dt,1000,500,500,signo_zodiacal_escorpio,33,0.5,0.5050000000000001,0.5060648492385956,0.514,0.509577530186365,0.5031399999999999,0.5033870110440711,51.4,50.4,49.6,48.6
dt,1000,500,500,signo_zodiacal_escorpio,34,0.5,0.492,0.4920563964417382,0.476,0.48368970052228305,0.49388000000000004,0.4991344897033668,47.6,49.2,50.8,52.4
dt,1000,500,500,signo_zodiacal_escorpio,35,0.5,0.513,0.5115107707614293,0.532,0.5214050223853711,0.51542,0.5095768637312674,53.2,50.6,49.4,46.8
dt,1000,500,500,signo_zodiacal_escorpio,36,0.5,0.48599999999999993,0.48699762701104043,0.4779999999999999,0.48179570490648993,0.48517,0.4943789217218836,47.8,50.6,49.4,52.2
dt,1000,500,500,signo_zodiacal_escorpio,37,0.5,0.493,0.49308620182406593,0.484,0.4882377402136034,0.4915900000000001,0.4979033352437475,48.4,49.8,50.2,51.6
dt,1000,500,500,signo_zodiacal_escorpio,38,0.5,0.506,0.5058909903339652,0.506,0.5051302685023675,0.50728,0.5023911991426698,50.6,49.4,50.6,49.4
dt,1000,500,500,signo_zodiacal_escorpio,39,0.5,0.499,0.49892586908724346,0.5199999999999999,0.5089792022104803,0.49848,0.4996025586710126,52.0,52.2,47.8,48.0
dt,1000,500,500,signo_zodiacal_escorpio,40,0.5,0.485,0.4842148699649732,0.44799999999999995,0.4652049383771706,0.48562000000000005,0.4941342800252272,44.8,47.8,52.2,55.2
dt,1000,500,500,signo_zodiacal_escorpio,41,0.5,0.5199999999999999,0.521547171500179,0.488,0.5040303177781496,0.52067,0.5102100284766968,48.8,44.8,55.2,51.2
dt,1000,500,500,signo_zodiacal_escorpio,42,0.5,0.5450000000000002,0.5461389817164732,0.526,0.5342491331540953,0.54668,0.5275507408994733,52.6,43.6,56.4,47.4
dt,1000,500,500,signo_zodiacal_escorpio,43,0.5,0.5189999999999999,0.5188004716306602,0.536,0.5259731321155643,0.5191399999999999,0.5090222169718976,53.6,49.8,50.2,46.4
dt,1000,500,500,signo_zodiacal_escorpio,44,0.5,0.493,0.4937350172132339,0.47000000000000003,0.4813191074084727,0.49504000000000004,0.49845611278187424,47.0,48.4,51.6,53.0
dt,1000,500,500,signo_zodiacal_escorpio,45,0.5,0.484,0.4841803267335183,0.492,0.4876692049781363,0.48816,0.4948893747956121,49.2,52.4,47.6,50.8
dt,1000,500,500,signo_zodiacal_escorpio,46,0.5,0.489,0.48881342272294476,0.49399999999999994,0.4910812850521046,0.48677000000000004,0.49491618578247953,49.4,51.6,48.4,50.6
dt,1000,500,500,signo_zodiacal_escorpio,47,0.5,0.491,0.49007593082925477,0.466,0.4775371969136257,0.49421,0.49679556231248145,46.6,48.4,51.6,53.4
dt,1000,500,500,signo_zodiacal_escorpio,48,0.5,0.48600000000000004,0.48603989941790193,0.48599999999999993,0.4854204026847637,0.48521000000000003,0.49128500116763607,48.6,51.4,48.6,51.4
dt,1000,500,500,signo_zodiacal_escorpio,49,0.5,0.48200000000000004,0.48177994520099787,0.46399999999999997,0.47243851273152604,0.47817,0.490754587244837,46.4,50.0,50.0,53.6
dt,1000,500,500,signo_zodiacal_escorpio,50,0.5,0.476,0.4787128693119477,0.48599999999999993,0.4817993863928199,0.47731,0.48955937613676503,48.6,53.4,46.6,51.4
dt,1000,500,500,signo_zodiacal_escorpio,51,0.5,0.523,0.523761746365016,0.518,0.5201235994384982,0.5194700000000001,0.5097432476875845,51.8,47.2,52.8,48.2
dt,1000,500,500,signo_zodiacal_escorpio,52,0.5,0.491,0.49105318893752636,0.508,0.49912094058645373,0.49386,0.5002399919507748,50.8,52.6,47.4,49.2
dt,1000,500,500,signo_zodiacal_escorpio,53,0.5,0.513,0.5141683142362259,0.504,0.5088170967895891,0.51432,0.5081312338706614,50.4,47.8,52.2,49.6
dt,1000,500,500,signo_zodiacal_escorpio,54,0.5,0.499,0.49856583366942686,0.508,0.5024893423324155,0.5011,0.5009783960478394,50.8,51.0,49.0,49.2
dt,1000,500,500,signo_zodiacal_escorpio,55,0.5,0.528,0.529882084475753,0.52,0.52432556122862,0.52485,0.512941726419022,52.0,46.4,53.6,48.0
dt,1000,500,500,signo_zodiacal_escorpio,56,0.5,0.492,0.4918144667649071,0.506,0.49871325411891076,0.48941,0.495701030520357,50.6,52.2,47.8,49.4
dt,1000,500,500,signo_zodiacal_escorpio,57,0.5,0.48,0.4808537914071594,0.47400000000000003,0.47702928101906183,0.48307,0.4957255363300684,47.4,51.4,48.6,52.6
dt,1000,500,500,signo_zodiacal_escorpio,58,0.5,0.514,0.5144972487527562,0.484,0.498255596752342,0.5099400000000001,0.5082941282831716,48.4,45.6,54.4,51.6
dt,1000,500,500,signo_zodiacal_escorpio,59,0.5,0.508,0.5082085727390291,0.51,0.5086229281152118,0.50738,0.5062528448140104,51.0,49.4,50.6,49.0
dt,1000,500,500,signo_zodiacal_escorpio,60,0.5,0.48100000000000004,0.4803819369853204,0.46799999999999997,0.4740730380730381,0.48224999999999996,0.49203663673185166,46.8,50.6,49.4,53.2
dt,1000,500,500,signo_zodiacal_escorpio,61,0.5,0.522,0.5209770745988249,0.518,0.5188548528869694,0.52006,0.5115928153865029,51.8,47.4,52.6,48.2
dt,1000,500,500,signo_zodiacal_escorpio,62,0.5,0.493,0.4931849897905202,0.488,0.49001196411294395,0.49429,0.4961769134971794,48.8,50.2,49.8,51.2
dt,1000,500,500,signo_zodiacal_escorpio,63,0.5,0.4640000000000001,0.46407870311787586,0.47400000000000003,0.46859765577083223,0.45901,0.4846697818989506,47.4,54.6,45.4,52.6
dt,1000,500,500,signo_zodiacal_escorpio,64,0.5,0.49799999999999994,0.49912021913582494,0.496,0.49706319001561916,0.4949,0.4993922531246093,49.6,50.0,50.0,50.4
dt,1000,500,500,signo_zodiacal_escorpio,65,0.5,0.5149999999999999,0.5139209984314074,0.516,0.5143304553819927,0.51486,0.509677629400087,51.6,48.6,51.4,48.4
dt,1000,500,500,signo_zodiacal_escorpio,66,0.5,0.5199999999999999,0.5206760779270192,0.514,0.5168234098523706,0.51992,0.5110093482457473,51.4,47.4,52.6,48.6
dt,1000,500,500,signo_zodiacal_escorpio,67,0.5,0.5199999999999999,0.5196895714933094,0.532,0.5256810705876647,0.52016,0.5099224428911828,53.2,49.2,50.8,46.8
dt,1000,500,500,signo_zodiacal_escorpio,68,0.5,0.48199999999999993,0.4814560954416941,0.47400000000000003,0.4771899378678497,0.47973999999999994,0.4938127580852263,47.4,51.0,49.0,52.6
dt,1000,500,500,signo_zodiacal_escorpio,69,0.5,0.5199999999999999,0.5210081283844111,0.5,0.5099833497491965,0.5207,0.5126525778903732,50.0,46.0,54.0,50.0
dt,1000,500,500,signo_zodiacal_escorpio,70,0.5,0.461,0.4624400572274725,0.47000000000000003,0.4655525909542549,0.46606000000000003,0.48349815667051244,47.0,54.8,45.2,53.0
dt,1000,500,500,signo_zodiacal_escorpio,71,0.5,0.47800000000000004,0.47634764805072904,0.45999999999999996,0.46705956625074274,0.47939,0.49151009647067473,46.0,50.4,49.6,54.0
dt,1000,500,500,signo_zodiacal_escorpio,72,0.5,0.47800000000000004,0.47552086467403915,0.438,0.4553844653771505,0.47332,0.4876241876252193,43.8,48.2,51.8,56.2
dt,1000,500,500,signo_zodiacal_escorpio,73,0.5,0.546,0.5470749234633082,0.522,0.5339461395831482,0.54613,0.5265592327960953,52.2,43.0,57.0,47.8
dt,1000,500,500,signo_zodiacal_escorpio,74,0.5,0.505,0.5059477920642743,0.5,0.5027317855799021,0.50121,0.502685982473111,50.0,49.0,51.0,50.0
dt,1000,500,500,signo_zodiacal_escorpio,75,0.5,0.516,0.5166661674775447,0.516,0.5160980663085047,0.51327,0.5062606492240039,51.6,48.4,51.6,48.4
dt,1000,500,500,signo_zodiacal_escorpio,76,0.5,0.506,0.5076220643595071,0.4640000000000001,0.4831811447578465,0.5035900000000001,0.5033429613296404,46.4,45.2,54.8,53.6
dt,1000,500,500,signo_zodiacal_escorpio,77,0.5,0.5090000000000001,0.5091704070713707,0.524,0.5163587585085858,0.51127,0.5061410423879827,52.4,50.6,49.4,47.6
dt,1000,500,500,signo_zodiacal_escorpio,78,0.5,0.51,0.5121424103148605,0.506,0.5087894024833662,0.51406,0.5091907708963344,50.6,48.6,51.4,49.4
dt,1000,500,500,signo_zodiacal_escorpio,79,0.5,0.48,0.47756310427864557,0.47400000000000003,0.47487340660715277,0.48527,0.4931544377074316,47.4,51.4,48.6,52.6
dt,1000,500,500,signo_zodiacal_escorpio,80,0.5,0.506,0.5056517727244423,0.496,0.5003800130745963,0.5042,0.5014449720648021,49.6,48.4,51.6,50.4
dt,1000,500,500,signo_zodiacal_escorpio,81,0.5,0.488,0.486581656988691,0.504,0.4937934638466115,0.48949,0.49565017957452345,50.4,52.8,47.2,49.6
dt,1000,500,500,signo_zodiacal_escorpio,82,0.5,0.518,0.5201095368793014,0.5359999999999999,0.5270367641835259,0.51921,0.5102838032205661,53.6,50.0,50.0,46.4
dt,1000,500,500,signo_zodiacal_escorpio,83,0.5,0.48900000000000005,0.4879925952681957,0.49000000000000005,0.48729996138446846,0.48290999999999995,0.4907876508677494,49.0,51.2,48.8,51.0
dt,1000,500,500,signo_zodiacal_escorpio,84,0.5,0.4960000000000001,0.4966506662775312,0.5200000000000001,0.507776714189414,0.5029200000000001,0.501060327064145,52.0,52.8,47.2,48.0
dt,1000,500,500,signo_zodiacal_escorpio,85,0.5,0.49300000000000005,0.49279243393844413,0.47800000000000004,0.4850332528388,0.49157,0.49677932268033065,47.8,49.2,50.8,52.2
dt,1000,500,500,signo_zodiacal_escorpio,86,0.5,0.507,0.5062045530336192,0.514,0.5091573977815709,0.50421,0.5042861062525544,51.4,50.0,50.0,48.6
dt,1000,500,500,signo_zodiacal_escorpio,87,0.5,0.49400000000000005,0.4929729514061312,0.526,0.5079083686465264,0.49639,0.5004913273144233,52.6,53.8,46.2,47.4
dt,1000,500,500,signo_zodiacal_escorpio,88,0.5,0.5160000000000001,0.5184776776331244,0.496,0.5065656238180148,0.5142499999999999,0.5118304489632861,49.6,46.4,53.6,50.4
dt,1000,500,500,signo_zodiacal_escorpio,89,0.5,0.491,0.485905137031643,0.48199999999999993,0.48268852638074805,0.48485000000000006,0.49666172323387026,48.2,50.0,50.0,51.8
dt,1000,500,500,signo_zodiacal_escorpio,90,0.5,0.489,0.48831241279955756,0.492,0.4897540093977824,0.49132999999999993,0.49632699668263563,49.2,51.4,48.6,50.8
dt,1000,500,500,signo_zodiacal_escorpio,91,0.5,0.5000000000000001,0.49903129155163883,0.492,0.4948579042915958,0.49611,0.4975751617316673,49.2,49.2,50.8,50.8
dt,1000,500,500,signo_zodiacal_escorpio,92,0.5,0.49799999999999994,0.4974878107682429,0.5,0.4984230878731545,0.49548000000000003,0.4984023155658246,50.0,50.4,49.6,50.0
dt,1000,500,500,signo_zodiacal_escorpio,93,0.5,0.49399999999999994,0.49255668324399426,0.484,0.48798155437132557,0.49298000000000003,0.4990345472214048,48.4,49.6,50.4,51.6
dt,1000,500,500,signo_zodiacal_escorpio,94,0.5,0.4680000000000001,0.468464171323986,0.45599999999999996,0.4619245166953293,0.47305,0.48841893393924185,45.6,52.0,48.0,54.4
dt,1000,500,500,signo_zodiacal_escorpio,95,0.5,0.48,0.47802961191707993,0.48,0.47833470893249325,0.47623,0.4912494336322176,48.0,52.0,48.0,52.0
dt,1000,500,500,signo_zodiacal_escorpio,96,0.5,0.524,0.5224781738531921,0.5539999999999999,0.5367536700939297,0.53121,0.516692055705573,55.4,50.6,49.4,44.6
dt,1000,500,500,signo_zodiacal_escorpio,97,0.5,0.512,0.5116986507035501,0.5159999999999999,0.5137093424653524,0.51021,0.507205286014935,51.6,49.2,50.8,48.4
dt,1000,500,500,signo_zodiacal_escorpio,98,0.5,0.5029999999999999,0.5030119867168598,0.488,0.4952807341015745,0.50176,0.5006591474135419,48.8,48.2,51.8,51.2
dt,1000,500,500,signo_zodiacal_escorpio,99,0.5,0.49399999999999994,0.4931050217453195,0.508,0.49991802004920494,0.49266,0.49825304995815517,50.8,52.0,48.0,49.2
dt,1000,500,500,signo_zodiacal_escorpio,100,0.5,0.495,0.4953681472286779,0.496,0.4948528757091169,0.49067000000000005,0.4972631066789779,49.6,50.6,49.4,50.4
dt,1000,500,500,signo_zodiacal_geminis,1,0.5,0.508,0.5094660446630461,0.484,0.49463171413541274,0.50932,0.5066984442408089,48.4,46.8,53.2,51.6
dt,1000,500,500,signo_zodiacal_geminis,2,0.5,0.47700000000000004,0.47755167345723804,0.446,0.4604723934601983,0.47637,0.48976746673226595,44.6,49.2,50.8,55.4
dt,1000,500,500,signo_zodiacal_geminis,3,0.5,0.495,0.4922641707641101,0.4800000000000001,0.4844569893911084,0.49406999999999995,0.49898039689660345,48.0,49.0,51.0,52.0
dt,1000,500,500,signo_zodiacal_geminis,4,0.5,0.508,0.5071283824114852,0.504,0.5050374317481696,0.50754,0.505512348467197,50.4,48.8,51.2,49.6
dt,1000,500,500,signo_zodiacal_geminis,5,0.5,0.514,0.5150276731317011,0.518,0.5161342225352648,0.5170300000000001,0.5070027766685254,51.8,49.0,51.0,48.2
dt,1000,500,500,signo_zodiacal_geminis,6,0.5,0.48,0.4792356175785561,0.466,0.4724861412055031,0.48301,0.4939269695034003,46.6,50.6,49.4,53.4
dt,1000,500,500,signo_zodiacal_geminis,7,0.5,0.526,0.5255992220890698,0.5279999999999999,0.5266232168342169,0.52387,0.5130840553428824,52.8,47.6,52.4,47.2
dt,1000,500,500,signo_zodiacal_geminis,8,0.5,0.51,0.5089420736772023,0.526,0.5168292109764141,0.50778,0.5054912250055259,52.6,50.6,49.4,47.4
dt,1000,500,500,signo_zodiacal_geminis,9,0.5,0.518,0.5167265676270161,0.532,0.5227516728633967,0.52202,0.5120245920783167,53.2,49.6,50.4,46.8
dt,1000,500,500,signo_zodiacal_geminis,10,0.5,0.51,0.5108933447656814,0.51,0.5100599284714976,0.50912,0.5058047071688293,51.0,49.0,51.0,49.0
dt,1000,500,500,signo_zodiacal_geminis,11,0.5,0.506,0.5060013435136435,0.546,0.5250016164196962,0.50373,0.5013408429631803,54.6,53.4,46.6,45.4
dt,1000,500,500,signo_zodiacal_geminis,12,0.5,0.509,0.5091968396167724,0.47400000000000003,0.49087807317091875,0.50953,0.5035771074287207,47.4,45.6,54.4,52.6
dt,1000,500,500,signo_zodiacal_geminis,13,0.5,0.499,0.5008777849286693,0.51,0.5046491746619862,0.49571,0.5021210307350741,51.0,51.2,48.8,49.0
dt,1000,500,500,signo_zodiacal_geminis,14,0.5,0.502,0.5016541467008369,0.512,0.505408479948189,0.50295,0.5018148565344828,51.2,50.8,49.2,48.8
dt,1000,500,500,signo_zodiacal_geminis,15,0.5,0.5200000000000001,0.5201717876060805,0.522,0.5208967644357063,0.52132,0.5124357577172126,52.2,48.2,51.8,47.8
dt,1000,500,500,signo_zodiacal_geminis,16,0.5,0.514,0.5123899035082721,0.5159999999999999,0.5137215058155367,0.5106599999999999,0.5066535326911162,51.6,48.8,51.2,48.4
dt,1000,500,500,signo_zodiacal_geminis,17,0.5,0.505,0.5054709357728225,0.508,0.5063961474036851,0.50713,0.5056556699640385,50.8,49.8,50.2,49.2
dt,1000,500,500,signo_zodiacal_geminis,18,0.5,0.491,0.4910384102240012,0.492,0.49136838563030966,0.49397,0.4965729363884955,49.2,51.0,49.0,50.8
dt,1000,500,500,signo_zodiacal_geminis,19,0.5,0.491,0.4895361348132208,0.4880000000000001,0.4880158672497309,0.4925699999999999,0.49701139222844637,48.8,50.6,49.4,51.2
dt,1000,500,500,signo_zodiacal_geminis,20,0.5,0.475,0.478292951047696,0.48,0.47753255039000375,0.47603,0.4898747796098538,48.0,53.0,47.0,52.0
dt,1000,500,500,signo_zodiacal_geminis,21,0.5,0.503,0.5023677357169029,0.48200000000000004,0.4917309395951488,0.50656,0.5033333603103051,48.2,47.6,52.4,51.8
dt,1000,500,500,signo_zodiacal_geminis,22,0.5,0.491,0.48959172407327756,0.46799999999999997,0.4778606143401225,0.48751999999999995,0.4949990090216489,46.8,48.6,51.4,53.2
dt,1000,500,500,signo_zodiacal_geminis,23,0.5,0.503,0.5023304851777309,0.516,0.5087562224055544,0.5028900000000001,0.5018645181869731,51.6,51.0,49.0,48.4
dt,1000,500,500,signo_zodiacal_geminis,24,0.5,0.49300000000000005,0.49466986527031426,0.518,0.5055705755029735,0.49468999999999996,0.4988399308817647,51.8,53.2,46.8,48.2
dt,1000,500,500,signo_zodiacal_geminis,25,0.5,0.503,0.502060016709138,0.518,0.5093161022144302,0.5056100000000001,0.5016286065428675,51.8,51.2,48.8,48.2
dt,1000,500,500,signo_zodiacal_geminis,26,0.5,0.501,0.4996062147916067,0.49399999999999994,0.4964141469987706,0.5021100000000001,0.5017898294906121,49.4,49.2,50.8,50.6
dt,1000,500,500,signo_zodiacal_geminis,27,0.5,0.5199999999999999,0.5214214778302165,0.5239999999999999,0.5217653367313388,0.5184,0.5111216886845001,52.4,48.4,51.6,47.6
dt,1000,500,500,signo_zodiacal_geminis,28,0.5,0.513,0.511590967142862,0.524,0.5159500730051337,0.51268,0.5060900477431446,52.4,49.8,50.2,47.6
dt,1000,500,500,signo_zodiacal_geminis,29,0.5,0.5029999999999999,0.503594014775241,0.4960000000000001,0.49964180658596896,0.49654999999999994,0.500040062903201,49.6,49.0,51.0,50.4
dt,1000,500,500,signo_zodiacal_geminis,30,0.5,0.508,0.5090323081222113,0.506,0.506974506974507,0.50914,0.5079899387192313,50.6,49.0,51.0,49.4
dt,1000,500,500,signo_zodiacal_geminis,31,0.5,0.4779999999999999,0.47975798567903827,0.49399999999999994,0.4859145242455526,0.48172999999999994,0.4924306117529551,49.4,53.8,46.2,50.6
dt,1000,500,500,signo_zodiacal_geminis,32,0.5,0.5119999999999999,0.5103235023853581,0.51,0.5088788957178759,0.5100900000000002,0.5091560554574177,51.0,48.6,51.4,49.0
dt,1000,500,500,signo_zodiacal_geminis,33,0.5,0.48699999999999993,0.4853374911867509,0.4619999999999999,0.47206238378150783,0.49000000000000005,0.49468527909579973,46.2,48.8,51.2,53.8
dt,1000,500,500,signo_zodiacal_geminis,34,0.5,0.4960000000000001,0.49552008402563696,0.502,0.49804693758254126,0.50386,0.5026290116194722,50.2,51.0,49.0,49.8
dt,1000,500,500,signo_zodiacal_geminis,35,0.5,0.513,0.5138959317986311,0.508,0.5106331201493763,0.5102499999999999,0.5062573290424215,50.8,48.2,51.8,49.2
dt,1000,500,500,signo_zodiacal_geminis,36,0.5,0.508,0.5082080298669149,0.48599999999999993,0.4967867156044193,0.51149,0.5061193066017021,48.6,47.0,53.0,51.4
dt,1000,500,500,signo_zodiacal_geminis,37,0.5,0.48100000000000004,0.48056057524200907,0.47400000000000003,0.47700576908258424,0.47867999999999994,0.4909047471913189,47.4,51.2,48.8,52.6
dt,1000,500,500,signo_zodiacal_geminis,38,0.5,0.47300000000000003,0.4726846648587822,0.46799999999999997,0.4699870353715901,0.46848999999999996,0.4846374774295613,46.8,52.2,47.8,53.2
dt,1000,500,500,signo_zodiacal_geminis,39,0.5,0.504,0.5045842452741207,0.49000000000000005,0.4963942151901633,0.50518,0.5024573159659184,49.0,48.2,51.8,51.0
dt,1000,500,500,signo_zodiacal_geminis,40,0.5,0.499,0.5001748736458732,0.51,0.5043405999443793,0.5043799999999999,0.5024161560701641,51.0,51.2,48.8,49.0
dt,1000,500,500,signo_zodiacal_geminis,41,0.5,0.481,0.4813774730624399,0.488,0.48335669028065764,0.48318000000000005,0.4927559146564148,48.8,52.6,47.4,51.2
dt,1000,500,500,signo_zodiacal_geminis,42,0.5,0.499,0.49935360076752405,0.506,0.502106330203792,0.4969,0.4998959220431313,50.6,50.8,49.2,49.4
dt,1000,500,500,signo_zodiacal_geminis,43,0.5,0.503,0.5026398502870933,0.47800000000000004,0.48916047297821025,0.50502,0.5035198924645831,47.8,47.2,52.8,52.2
dt,1000,500,500,signo_zodiacal_geminis,44,0.5,0.5,0.4986486579771273,0.49399999999999994,0.4953550712317802,0.49821,0.5010961764912836,49.4,49.4,50.6,50.6
dt,1000,500,500,signo_zodiacal_geminis,45,0.5,0.5050000000000001,0.5038213859214281,0.488,0.49533965026690224,0.50342,0.5036351896141072,48.8,47.8,52.2,51.2
dt,1000,500,500,signo_zodiacal_geminis,46,0.5,0.496,0.49390336849099736,0.502,0.49720944501643033,0.4936,0.49901260510879075,50.2,51.0,49.0,49.8
dt,1000,500,500,signo_zodiacal_geminis,47,0.5,0.507,0.5086214196114869,0.5039999999999999,0.5042674189746361,0.5056,0.5047767670070823,50.4,49.0,51.0,49.6
dt,1000,500,500,signo_zodiacal_geminis,48,0.5,0.49399999999999994,0.49180433276288527,0.5119999999999999,0.5010108976097631,0.49077000000000004,0.49538792661977754,51.2,52.4,47.6,48.8
dt,1000,500,500,signo_zodiacal_geminis,49,0.5,0.51,0.5112562475846636,0.502,0.5059035456080158,0.50809,0.5049473741067502,50.2,48.2,51.8,49.8
dt,1000,500,500,signo_zodiacal_geminis,50,0.5,0.506,0.5075058776013368,0.492,0.4987424180614249,0.50743,0.5061838393650643,49.2,48.0,52.0,50.8
dt,1000,500,500,signo_zodiacal_geminis,51,0.5,0.5029999999999999,0.5037987913896042,0.49000000000000005,0.4959914299076861,0.50336,0.5001321705423896,49.0,48.4,51.6,51.0
dt,1000,500,500,signo_zodiacal_geminis,52,0.5,0.5170000000000001,0.5170294823184068,0.508,0.5114376364376364,0.51507,0.5109227978007262,50.8,47.4,52.6,49.2
dt,1000,500,500,signo_zodiacal_geminis,53,0.5,0.5130000000000001,0.5141414536829224,0.516,0.5145428916054591,0.51647,0.5092951061175297,51.6,49.0,51.0,48.4
dt,1000,500,500,signo_zodiacal_geminis,54,0.5,0.48299999999999993,0.484031244284383,0.506,0.49405167087453633,0.48097,0.49083267145111364,50.6,54.0,46.0,49.4
dt,1000,500,500,signo_zodiacal_geminis,55,0.5,0.481,0.48014813820264945,0.4600000000000001,0.46984158698444417,0.48091999999999996,0.4927040526086236,46.0,49.8,50.2,54.0
dt,1000,500,500,signo_zodiacal_geminis,56,0.5,0.503,0.5031588857288801,0.5120000000000001,0.5073905378293312,0.50329,0.5022317142021128,51.2,50.6,49.4,48.8
dt,1000,500,500,signo_zodiacal_geminis,57,0.5,0.515,0.5133640542655548,0.522,0.5173282321036025,0.5157400000000001,0.5086676192812309,52.2,49.2,50.8,47.8
dt,1000,500,500,signo_zodiacal_geminis,58,0.5,0.495,0.4963234487125369,0.48599999999999993,0.49091291344123855,0.49781000000000003,0.4998937927889102,48.6,49.6,50.4,51.4
dt,1000,500,500,signo_zodiacal_geminis,59,0.5,0.5189999999999999,0.5191623931623932,0.5200000000000001,0.5192150978586916,0.5147999999999999,0.5105424610376362,52.0,48.2,51.8,48.0
dt,1000,500,500,signo_zodiacal_geminis,60,0.5,0.501,0.49899543287928044,0.49400000000000005,0.4951014707497615,0.49695999999999996,0.5006458451767536,49.4,49.2,50.8,50.6
dt,1000,500,500,signo_zodiacal_geminis,61,0.5,0.485,0.48592777407505927,0.518,0.5010423316151328,0.48423999999999995,0.4930627152600193,51.8,54.8,45.2,48.2
dt,1000,500,500,signo_zodiacal_geminis,62,0.5,0.503,0.5045302281888894,0.504,0.5034680314195757,0.49965000000000004,0.5022886840699771,50.4,49.8,50.2,49.6
dt,1000,500,500,signo_zodiacal_geminis,63,0.5,0.503,0.5023399874068282,0.548,0.5238517728210877,0.50527,0.5039306670197055,54.8,54.2,45.8,45.2
dt,1000,500,500,signo_zodiacal_geminis,64,0.5,0.522,0.5227136396026865,0.524,0.5231800494223544,0.5160600000000001,0.5081010618360507,52.4,48.0,52.0,47.6
dt,1000,500,500,signo_zodiacal_geminis,65,0.5,0.524,0.5267049967662489,0.48599999999999993,0.5047338864037156,0.52456,0.5123012521976317,48.6,43.8,56.2,51.4
dt,1000,500,500,signo_zodiacal_geminis,66,0.5,0.5369999999999999,0.5353000350918234,0.516,0.5245184043064237,0.53272,0.5222503508591589,51.6,44.2,55.8,48.4
dt,1000,500,500,signo_zodiacal_geminis,67,0.5,0.505,0.5036194020345431,0.508,0.5051565288902801,0.49974999999999997,0.5012615852696589,50.8,49.8,50.2,49.2
dt,1000,500,500,signo_zodiacal_geminis,68,0.5,0.49800000000000005,0.49817705450168875,0.52,0.5082434193739288,0.5038,0.5030637985849707,52.0,52.4,47.6,48.0
dt,1000,500,500,signo_zodiacal_geminis,69,0.5,0.495,0.49423071445004635,0.47400000000000003,0.48328735637300946,0.49139999999999995,0.4953902382546504,47.4,48.4,51.6,52.6
dt,1000,500,500,signo_zodiacal_geminis,70,0.5,0.491,0.4900328468867795,0.488,0.48810504191256116,0.49196999999999996,0.4971871173560437,48.8,50.6,49.4,51.2
dt,1000,500,500,signo_zodiacal_geminis,71,0.5,0.511,0.5112584469044102,0.47000000000000003,0.48809644501595145,0.5116800000000001,0.5065887403877777,47.0,44.8,55.2,53.0
dt,1000,500,500,signo_zodiacal_geminis,72,0.5,0.503,0.5028888763980336,0.488,0.4949753027964327,0.5024000000000001,0.5017071884286308,48.8,48.2,51.8,51.2
dt,1000,500,500,signo_zodiacal_geminis,73,0.5,0.504,0.503613845148515,0.496,0.49940323915918833,0.50868,0.5056772746860135,49.6,48.8,51.2,50.4
dt,1000,500,500,signo_zodiacal_geminis,74,0.5,0.5349999999999999,0.5346591190268761,0.5120000000000001,0.5219090001566776,0.53291,0.5206293174845961,51.2,44.2,55.8,48.8
dt,1000,500,500,signo_zodiacal_geminis,75,0.5,0.509,0.5102053144030894,0.488,0.49852323008079447,0.5099400000000001,0.5083511704351479,48.8,47.0,53.0,51.2
dt,1000,500,500,signo_zodiacal_geminis,76,0.5,0.489,0.4885840510840511,0.516,0.5015434413057005,0.48928000000000005,0.4947906150563444,51.6,53.8,46.2,48.4
dt,1000,500,500,signo_zodiacal_geminis,77,0.5,0.514,0.5136046700906514,0.4960000000000001,0.5027845753060912,0.51475,0.5065597175307047,49.6,46.8,53.2,50.4
dt,1000,500,500,signo_zodiacal_geminis,78,0.5,0.503,0.5027366554098276,0.532,0.5167923276235331,0.5061100000000001,0.5029717028418906,53.2,52.6,47.4,46.8
dt,1000,500,500,signo_zodiacal_geminis,79,0.5,0.537,0.5421208174714486,0.4779999999999999,0.5078182841800354,0.53769,0.5210188542428409,47.8,40.4,59.6,52.2
dt,1000,500,500,signo_zodiacal_geminis,80,0.5,0.49800000000000005,0.49902918331370333,0.51,0.5033449221574061,0.49562,0.4965072675961717,51.0,51.4,48.6,49.0
dt,1000,500,500,signo_zodiacal_geminis,81,0.5,0.507,0.507349111004372,0.516,0.5108577444978601,0.50957,0.5035756898780053,51.6,50.2,49.8,48.4
dt,1000,500,500,signo_zodiacal_geminis,82,0.5,0.496,0.4962368972746331,0.5199999999999999,0.5068441311751719,0.49657999999999997,0.4982588709548331,52.0,52.8,47.2,48.0
dt,1000,500,500,signo_zodiacal_geminis,83,0.5,0.5269999999999999,0.5280279582234277,0.5119999999999999,0.5185011157715156,0.53348,0.5193590231861448,51.2,45.8,54.2,48.8
dt,1000,500,500,signo_zodiacal_geminis,84,0.5,0.525,0.523409250483098,0.516,0.5186943312429133,0.52904,0.5167011236768859,51.6,46.6,53.4,48.4
dt,1000,500,500,signo_zodiacal_geminis,85,0.5,0.47000000000000003,0.46792220406263263,0.45200000000000007,0.45863411037872126,0.47418000000000005,0.48756759783778936,45.2,51.2,48.8,54.8
dt,1000,500,500,signo_zodiacal_geminis,86,0.5,0.496,0.49535542165690905,0.49399999999999994,0.4941086425189212,0.49139,0.49512222357757896,49.4,50.2,49.8,50.6
dt,1000,500,500,signo_zodiacal_geminis,87,0.5,0.501,0.5012295696153748,0.502,0.5007341032623744,0.49868000000000007,0.49779912826108436,50.2,50.0,50.0,49.8
dt,1000,500,500,signo_zodiacal_geminis,88,0.5,0.5029999999999999,0.5013600789915079,0.472,0.4844870620387546,0.50351,0.5023982565375956,47.2,46.6,53.4,52.8
dt,1000,500,500,signo_zodiacal_geminis,89,0.5,0.5,0.5001461558175861,0.52,0.5095004301011892,0.50112,0.5002610358436684,52.0,52.0,48.0,48.0
dt,1000,500,500,signo_zodiacal_geminis,90,0.5,0.53,0.5301878441924208,0.53,0.528835132929623,0.52556,0.515407801956672,53.0,47.0,53.0,47.0
dt,1000,500,500,signo_zodiacal_geminis,91,0.5,0.472,0.4726068478750355,0.488,0.4798618094702638,0.47304,0.4891770330979693,48.8,54.4,45.6,51.2
dt,1000,500,500,signo_zodiacal_geminis,92,0.5,0.503,0.5028976553206185,0.484,0.4921479438852002,0.50708,0.5037944806695596,48.4,47.8,52.2,51.6
dt,1000,500,500,signo_zodiacal_geminis,93,0.5,0.493,0.49215419501133784,0.502,0.49597494284396,0.4990500000000001,0.5000739177571616,50.2,51.6,48.4,49.8
dt,1000,500,500,signo_zodiacal_geminis,94,0.5,0.488,0.4891874454269748,0.5120000000000001,0.4998128821853204,0.48853,0.4943716479153095,51.2,53.6,46.4,48.8
dt,1000,500,500,signo_zodiacal_geminis,95,0.5,0.484,0.4816904510218464,0.438,0.4584406387916536,0.48535000000000006,0.49467367921817795,43.8,47.0,53.0,56.2
dt,1000,500,500,signo_zodiacal_geminis,96,0.5,0.502,0.5022504506304428,0.524,0.5127900462756994,0.50283,0.5039648940075632,52.4,52.0,48.0,47.6
dt,1000,500,500,signo_zodiacal_geminis,97,0.5,0.492,0.4910563279668347,0.45599999999999996,0.47275222852350945,0.49085,0.4963404479256276,45.6,47.2,52.8,54.4
dt,1000,500,500,signo_zodiacal_geminis,98,0.5,0.5369999999999999,0.5386324219007991,0.534,0.5351568195319151,0.53515,0.51843017577075,53.4,46.0,54.0,46.6
dt,1000,500,500,signo_zodiacal_geminis,99,0.5,0.522,0.5214432869207689,0.5599999999999999,0.5398213061694307,0.5170600000000001,0.5119690799647134,56.0,51.6,48.4,44.0
dt,1000,500,500,signo_zodiacal_geminis,100,0.5,0.5229999999999999,0.5225958687568595,0.5479999999999999,0.5341907950979117,0.5167400000000001,0.5105097897715615,54.8,50.2,49.8,45.2
dt,1000,500,500,signo_zodiacal_leo,1,0.5,0.529,0.5292523371392676,0.526,0.5273194615751938,0.5255700000000001,0.5163413724670924,52.6,46.8,53.2,47.4
dt,1000,500,500,signo_zodiacal_leo,2,0.5,0.53,0.5290495700513448,0.5439999999999999,0.5361319418362911,0.52725,0.5136658953161858,54.4,48.4,51.6,45.6
dt,1000,500,500,signo_zodiacal_leo,3,0.5,0.516,0.5164512735941308,0.536,0.5253763446258178,0.5211,0.5114554445595585,53.6,50.4,49.6,46.4
dt,1000,500,500,signo_zodiacal_leo,4,0.5,0.5109999999999999,0.5098595790820737,0.49800000000000005,0.5031165497416051,0.51364,0.5079272563397103,49.8,47.6,52.4,50.2
dt,1000,500,500,signo_zodiacal_leo,5,0.5,0.514,0.5138726029835815,0.484,0.4976124433835595,0.51312,0.5081403411361723,48.4,45.6,54.4,51.6
dt,1000,500,500,signo_zodiacal_leo,6,0.5,0.517,0.5161972377012982,0.49799999999999994,0.5067164547594415,0.5178,0.5088799621141009,49.8,46.4,53.6,50.2
dt,1000,500,500,signo_zodiacal_leo,7,0.5,0.479,0.4797397906466564,0.48200000000000004,0.48032123008454963,0.4758799999999999,0.4900181336035246,48.2,52.4,47.6,51.8
dt,1000,500,500,signo_zodiacal_leo,8,0.5,0.489,0.4876487798039683,0.446,0.465478424615448,0.48505000000000004,0.4948477185650863,44.6,46.8,53.2,55.4
dt,1000,500,500,signo_zodiacal_leo,9,0.5,0.522,0.5241144854167443,0.5119999999999999,0.517364656306597,0.5255799999999999,0.5151331490818956,51.2,46.8,53.2,48.8
dt,1000,500,500,signo_zodiacal_leo,10,0.5,0.487,0.48676875040256895,0.504,0.49442558319318675,0.47745,0.49116958583797166,50.4,53.0,47.0,49.6
dt,1000,500,500,signo_zodiacal_leo,11,0.5,0.5050000000000001,0.5076484676355275,0.492,0.49887077245387523,0.50221,0.5038850929222194,49.2,48.2,51.8,50.8
dt,1000,500,500,signo_zodiacal_leo,12,0.5,0.507,0.5071466842058666,0.51,0.5083740812557769,0.51033,0.5062492390167282,51.0,49.6,50.4,49.0
dt,1000,500,500,signo_zodiacal_leo,13,0.5,0.503,0.5032632829846453,0.526,0.5136195855978309,0.50373,0.5038976851450461,52.6,52.0,48.0,47.4
dt,1000,500,500,signo_zodiacal_leo,14,0.5,0.488,0.48838566508929837,0.49799999999999994,0.4928619885829309,0.49298000000000003,0.49685738489974185,49.8,52.2,47.8,50.2
dt,1000,500,500,signo_zodiacal_leo,15,0.5,0.526,0.5240072532408284,0.534,0.527991686775691,0.52767,0.5160984145387604,53.4,48.2,51.8,46.6
dt,1000,500,500,signo_zodiacal_leo,16,0.5,0.519,0.5230086774794421,0.502,0.5108620339818712,0.51622,0.5103464663512906,50.2,46.4,53.6,49.8
dt,1000,500,500,signo_zodiacal_leo,17,0.5,0.523,0.5249147648759775,0.502,0.5114152855575866,0.5254800000000001,0.5144153148215546,50.2,45.6,54.4,49.8
dt,1000,500,500,signo_zodiacal_leo,18,0.5,0.522,0.5236806373893753,0.5119999999999999,0.5166865754233041,0.5195700000000001,0.5118379130997414,51.2,46.8,53.2,48.8
dt,1000,500,500,signo_zodiacal_leo,19,0.5,0.489,0.48325241768729005,0.44399999999999995,0.4591524071575492,0.49111000000000005,0.4951020369102137,44.4,46.6,53.4,55.6
dt,1000,500,500,signo_zodiacal_leo,20,0.5,0.504,0.5051133978886367,0.422,0.45952925469380784,0.5056899999999999,0.5041264447287139,42.2,41.4,58.6,57.8
dt,1000,500,500,signo_zodiacal_leo,21,0.5,0.526,0.5265001491650597,0.516,0.5209537518703877,0.5296000000000001,0.5165987312169541,51.6,46.4,53.6,48.4
dt,1000,500,500,signo_zodiacal_leo,22,0.5,0.523,0.5239098466018584,0.504,0.5127263535697516,0.5239900000000001,0.5141916701733995,50.4,45.8,54.2,49.6
dt,1000,500,500,signo_zodiacal_leo,23,0.5,0.48200000000000004,0.4841087929519873,0.4699999999999999,0.47503314975429156,0.4868,0.49288993871027964,47.0,50.6,49.4,53.0
dt,1000,500,500,signo_zodiacal_leo,24,0.5,0.524,0.5238070347756327,0.532,0.5273382373297606,0.52669,0.514393781358499,53.2,48.4,51.6,46.8
dt,1000,500,500,signo_zodiacal_leo,25,0.5,0.4739999999999999,0.4743506977614437,0.45,0.4607327792041982,0.47393,0.4900565595317012,45.0,50.2,49.8,55.0
dt,1000,500,500,signo_zodiacal_leo,26,0.5,0.499,0.4995494023975852,0.528,0.5123753737508165,0.49847,0.49972397114490297,52.8,53.0,47.0,47.2
dt,1000,500,500,signo_zodiacal_leo,27,0.5,0.4870000000000001,0.48570128603245094,0.44000000000000006,0.4616422364173049,0.49104000000000003,0.49502362534093186,44.0,46.6,53.4,56.0
dt,1000,500,500,signo_zodiacal_leo,28,0.5,0.506,0.5042967409948542,0.514,0.5085217684451889,0.5048299999999999,0.5035476423176366,51.4,50.2,49.8,48.6
dt,1000,500,500,signo_zodiacal_leo,29,0.5,0.508,0.5085809842331581,0.514,0.5102317883436245,0.51441,0.5047036532472879,51.4,49.8,50.2,48.6
dt,1000,500,500,signo_zodiacal_leo,30,0.5,0.49400000000000005,0.4934910852851888,0.492,0.49255355022624087,0.4904400000000001,0.5000688083433678,49.2,50.4,49.6,50.8
dt,1000,500,500,signo_zodiacal_leo,31,0.5,0.5029999999999999,0.5026544746804023,0.49000000000000005,0.4960154318476947,0.5042500000000001,0.5032845565108517,49.0,48.4,51.6,51.0
dt,1000,500,500,signo_zodiacal_leo,32,0.5,0.492,0.49295676195395693,0.516,0.5029378657318827,0.48958,0.4978131457920309,51.6,53.2,46.8,48.4
dt,1000,500,500,signo_zodiacal_leo,33,0.5,0.495,0.49624390646947036,0.47400000000000003,0.48450200503215174,0.49571,0.4986731529968578,47.4,48.4,51.6,52.6
dt,1000,500,500,signo_zodiacal_leo,34,0.5,0.504,0.5050866379078618,0.488,0.49520757914170827,0.50561,0.5040830170304498,48.8,48.0,52.0,51.2
dt,1000,500,500,signo_zodiacal_leo,35,0.5,0.49800000000000005,0.4983515978640526,0.516,0.5064769587136932,0.49728000000000006,0.498318223458731,51.6,52.0,48.0,48.4
dt,1000,500,500,signo_zodiacal_leo,36,0.5,0.489,0.4899365224521122,0.4720000000000001,0.4799905635920581,0.49329,0.49718822050820266,47.2,49.4,50.6,52.8
dt,1000,500,500,signo_zodiacal_leo,37,0.5,0.538,0.538027082107561,0.52,0.5283191341160924,0.53887,0.5224676722235618,52.0,44.4,55.6,48.0
dt,1000,500,500,signo_zodiacal_leo,38,0.5,0.5210000000000001,0.5215724459685134,0.49400000000000005,0.5066337142235724,0.5188699999999999,0.5094203147586851,49.4,45.2,54.8,50.6
dt,1000,500,500,signo_zodiacal_leo,39,0.5,0.525,0.5259522402460352,0.51,0.5175943673185053,0.52558,0.5156058629639426,51.0,46.0,54.0,49.0
dt,1000,500,500,signo_zodiacal_leo,40,0.5,0.49799999999999994,0.5012056450031308,0.496,0.497569530829983,0.50133,0.504353492294832,49.6,50.0,50.0,50.4
dt,1000,500,500,signo_zodiacal_leo,41,0.5,0.484,0.4860235591990758,0.506,0.49484811912331106,0.48552999999999996,0.49423267175665975,50.6,53.8,46.2,49.4
dt,1000,500,500,signo_zodiacal_leo,42,0.5,0.483,0.4816434957735911,0.4600000000000001,0.4703598836709849,0.47783,0.4929908893130789,46.0,49.4,50.6,54.0
dt,1000,500,500,signo_zodiacal_leo,43,0.5,0.503,0.5034817849742993,0.522,0.5110431189830279,0.50179,0.5041998952961382,52.2,51.6,48.4,47.8
dt,1000,500,500,signo_zodiacal_leo,44,0.5,0.5170000000000001,0.5169313412519648,0.5,0.5079648198635306,0.51432,0.5069640290829335,50.0,46.6,53.4,50.0
dt,1000,500,500,signo_zodiacal_leo,45,0.5,0.491,0.48955789863115057,0.492,0.4890766469444422,0.48990999999999996,0.49508008870121084,49.2,51.0,49.0,50.8
dt,1000,500,500,signo_zodiacal_leo,46,0.5,0.499,0.4977995023394106,0.49000000000000005,0.4934483009977826,0.49452999999999997,0.4979089961672063,49.0,49.2,50.8,51.0
dt,1000,500,500,signo_zodiacal_leo,47,0.5,0.49400000000000005,0.49523823646843557,0.492,0.4933670455319074,0.49237000000000003,0.5005253221801862,49.2,50.4,49.6,50.8
dt,1000,500,500,signo_zodiacal_leo,48,0.5,0.525,0.5261432554572504,0.518,0.5218274584479516,0.52809,0.5158951408949803,51.8,46.8,53.2,48.2
dt,1000,500,500,signo_zodiacal_leo,49,0.5,0.496,0.4958865199831017,0.492,0.4934632078547644,0.49632999999999994,0.49974340687784374,49.2,50.0,50.0,50.8
dt,1000,500,500,signo_zodiacal_leo,50,0.5,0.5050000000000001,0.5047209495685516,0.5280000000000001,0.5156069857606091,0.50504,0.5032741970598577,52.8,51.8,48.2,47.2
dt,1000,500,500,signo_zodiacal_leo,51,0.5,0.537,0.5351122306731139,0.5599999999999999,0.5466613289615546,0.53359,0.5197016991421356,56.0,48.6,51.4,44.0
dt,1000,500,500,signo_zodiacal_leo,52,0.5,0.514,0.5155637136424612,0.5,0.506682469956218,0.5087,0.5015448149906254,50.0,47.2,52.8,50.0
dt,1000,500,500,signo_zodiacal_leo,53,0.5,0.5050000000000001,0.5054954285084821,0.48200000000000004,0.4932313587193361,0.50461,0.5024903805470797,48.2,47.2,52.8,51.8
dt,1000,500,500,signo_zodiacal_leo,54,0.5,0.506,0.506641156462585,0.5,0.5029517314407682,0.5082700000000001,0.5027530868640724,50.0,48.8,51.2,50.0
dt,1000,500,500,signo_zodiacal_leo,55,0.5,0.462,0.46219292286731023,0.466,0.4638489132142821,0.46162000000000003,0.4803014142724483,46.6,54.2,45.8,53.4
dt,1000,500,500,signo_zodiacal_leo,56,0.5,0.492,0.49271807838179527,0.53,0.510308251253386,0.49173,0.4961169075989531,53.0,54.6,45.4,47.0
dt,1000,500,500,signo_zodiacal_leo,57,0.5,0.506,0.5056504083597271,0.496,0.5003439737920992,0.50539,0.5027423114171146,49.6,48.4,51.6,50.4
dt,1000,500,500,signo_zodiacal_leo,58,0.5,0.454,0.4549551938063878,0.462,0.45833525737478203,0.45319000000000004,0.48084742398840585,46.2,55.4,44.6,53.8
dt,1000,500,500,signo_zodiacal_leo,59,0.5,0.504,0.5038642582817772,0.476,0.4891146364748306,0.5046299999999999,0.49969564071506456,47.6,46.8,53.2,52.4
dt,1000,500,500,signo_zodiacal_leo,60,0.5,0.5010000000000001,0.5023861693779061,0.53,0.5151011421224658,0.5023899999999999,0.5016325406295842,53.0,52.8,47.2,47.0
dt,1000,500,500,signo_zodiacal_leo,61,0.5,0.518,0.5182155905560161,0.522,0.5198981850170998,0.51363,0.5092131301334488,52.2,48.6,51.4,47.8
dt,1000,500,500,signo_zodiacal_leo,62,0.5,0.4840000000000001,0.48249088211222935,0.44800000000000006,0.46428346127686615,0.48462999999999995,0.4926654385298286,44.8,48.0,52.0,55.2
dt,1000,500,500,signo_zodiacal_leo,63,0.5,0.503,0.5028148278446548,0.51,0.5061114746484008,0.49912999999999996,0.49959357821727346,51.0,50.4,49.6,49.0
dt,1000,500,500,signo_zodiacal_leo,64,0.5,0.49800000000000005,0.49858642087311084,0.496,0.49684928918616517,0.49984,0.501658458188305,49.6,50.0,50.0,50.4
dt,1000,500,500,signo_zodiacal_leo,65,0.5,0.493,0.4913759119316957,0.49399999999999994,0.4913288902779687,0.49437,0.49523532520834335,49.4,50.8,49.2,50.6
dt,1000,500,500,signo_zodiacal_leo,66,0.5,0.48,0.4801632067755853,0.49399999999999994,0.4855114403725992,0.47336,0.48485367599259027,49.4,53.4,46.6,50.6
dt,1000,500,500,signo_zodiacal_leo,67,0.5,0.491,0.48979758706673815,0.4699999999999999,0.47877011289061605,0.48869000000000007,0.49615468193878104,47.0,48.8,51.2,53.0
dt,1000,500,500,signo_zodiacal_leo,68,0.5,0.483,0.4839933484560296,0.47000000000000003,0.47643281412130467,0.48236000000000007,0.49191407600554804,47.0,50.4,49.6,53.0
dt,1000,500,500,signo_zodiacal_leo,69,0.5,0.509,0.5082917843667544,0.48599999999999993,0.49567128352549006,0.50865,0.5056135191408031,48.6,46.8,53.2,51.4
dt,1000,500,500,signo_zodiacal_leo,70,0.5,0.508,0.507335971556284,0.506,0.506162871597217,0.5070399999999999,0.5053168083697479,50.6,49.0,51.0,49.4
dt,1000,500,500,signo_zodiacal_leo,71,0.5,0.518,0.5152750461123634,0.518,0.5158655739179397,0.51801,0.5103431804910175,51.8,48.2,51.8,48.2
dt,1000,500,500,signo_zodiacal_leo,72,0.5,0.5,0.500626245401069,0.492,0.4961251330222488,0.50133,0.5019019709616015,49.2,49.2,50.8,50.8
dt,1000,500,500,signo_zodiacal_leo,73,0.5,0.531,0.529469079063806,0.564,0.546108308413084,0.53174,0.5189055026299355,56.4,50.2,49.8,43.6
dt,1000,500,500,signo_zodiacal_leo,74,0.5,0.48500000000000004,0.4857892656035071,0.506,0.495324042474226,0.48007,0.4926852080221275,50.6,53.6,46.4,49.4
dt,1000,500,500,signo_zodiacal_leo,75,0.5,0.48900000000000005,0.4875638926711189,0.502,0.4943914648613072,0.48589000000000004,0.49658184844391107,50.2,52.4,47.6,49.8
dt,1000,500,500,signo_zodiacal_leo,76,0.5,0.49399999999999994,0.4933634174349223,0.47800000000000004,0.48449364174090237,0.49333,0.49856621015118313,47.8,49.0,51.0,52.2
dt,1000,500,500,signo_zodiacal_leo,77,0.5,0.49400000000000005,0.4951380316020152,0.4779999999999999,0.4855670216981956,0.49194000000000004,0.4994221198280096,47.8,49.0,51.0,52.2
dt,1000,500,500,signo_zodiacal_leo,78,0.5,0.506,0.507550213970162,0.49000000000000005,0.4967098278467349,0.5059699999999999,0.503906812132339,49.0,47.8,52.2,51.0
dt,1000,500,500,signo_zodiacal_leo,79,0.5,0.5,0.502032937548123,0.5,0.5002066781435527,0.4983700000000001,0.5018475594059992,50.0,50.0,50.0,50.0
dt,1000,500,500,signo_zodiacal_leo,80,0.5,0.516,0.5170995337092542,0.512,0.5138241707711456,0.51245,0.5058543415755442,51.2,48.0,52.0,48.8
dt,1000,500,500,signo_zodiacal_leo,81,0.5,0.517,0.5164725821423294,0.55,0.53171307316901,0.51375,0.5079028657679154,55.0,51.6,48.4,45.0
dt,1000,500,500,signo_zodiacal_leo,82,0.5,0.506,0.5070994900927763,0.514,0.5097541146489288,0.50403,0.5010245041498068,51.4,50.2,49.8,48.6
dt,1000,500,500,signo_zodiacal_leo,83,0.5,0.503,0.5034111303637548,0.514,0.5063077488507687,0.50568,0.5046867111114718,51.4,50.8,49.2,48.6
dt,1000,500,500,signo_zodiacal_leo,84,0.5,0.49799999999999994,0.4977477701090457,0.516,0.5058973409653552,0.5020100000000001,0.4995923109653611,51.6,52.0,48.0,48.4
dt,1000,500,500,signo_zodiacal_leo,85,0.5,0.4680000000000001,0.46800250661012066,0.47800000000000004,0.47278054223064664,0.47217000000000003,0.487065766285456,47.8,54.2,45.8,52.2
dt,1000,500,500,signo_zodiacal_leo,86,0.5,0.479,0.47791303546932246,0.46799999999999997,0.47158784192748515,0.47873,0.4909502551276961,46.8,51.0,49.0,53.2
dt,1000,500,500,signo_zodiacal_leo,87,0.5,0.51,0.5118152061785359,0.48,0.4949053033454396,0.5101500000000001,0.504838638767942,48.0,46.0,54.0,52.0
dt,1000,500,500,signo_zodiacal_leo,88,0.5,0.503,0.5031263068196316,0.512,0.5071622144410995,0.50255,0.50285668443003,51.2,50.6,49.4,48.8
dt,1000,500,500,signo_zodiacal_leo,89,0.5,0.495,0.493684820141692,0.45599999999999996,0.4732957669141261,0.4939,0.49874016421680595,45.6,46.6,53.4,54.4
dt,1000,500,500,signo_zodiacal_leo,90,0.5,0.506,0.5058213173197967,0.526,0.5154454395170134,0.5050399999999999,0.5033443367608662,52.6,51.4,48.6,47.4
dt,1000,500,500,signo_zodiacal_leo,91,0.5,0.47400000000000003,0.4736186983702022,0.484,0.4777984070806175,0.47417999999999993,0.4876550371747526,48.4,53.6,46.4,51.6
dt,1000,500,500,signo_zodiacal_leo,92,0.5,0.49799999999999994,0.4979042580389361,0.472,0.48407879313418933,0.50362,0.5042021961824663,47.2,47.6,52.4,52.8
dt,1000,500,500,signo_zodiacal_leo,93,0.5,0.506,0.5060743986346342,0.506,0.5058109419514203,0.50277,0.5020119010098514,50.6,49.4,50.6,49.4
dt,1000,500,500,signo_zodiacal_leo,94,0.5,0.5109999999999999,0.5110822042290813,0.502,0.5057575832674375,0.5112800000000001,0.5069420032967027,50.2,48.0,52.0,49.8
dt,1000,500,500,signo_zodiacal_leo,95,0.5,0.491,0.49033192340577736,0.49000000000000005,0.48963282994405566,0.49753,0.4968432238274184,49.0,50.8,49.2,51.0
dt,1000,500,500,signo_zodiacal_leo,96,0.5,0.49799999999999994,0.4963295856871758,0.48600000000000004,0.49006240208806107,0.4986499999999999,0.49825832854795005,48.6,49.0,51.0,51.4
dt,1000,500,500,signo_zodiacal_leo,97,0.5,0.48100000000000004,0.48010870260090277,0.472,0.47594435809924496,0.48188000000000003,0.4916301408304696,47.2,51.0,49.0,52.8
dt,1000,500,500,signo_zodiacal_leo,98,0.5,0.484,0.4835261745986476,0.46799999999999997,0.47493035796589017,0.4817,0.49348008342945426,46.8,50.0,50.0,53.2
dt,1000,500,500,signo_zodiacal_leo,99,0.5,0.49399999999999994,0.4938474519553765,0.49399999999999994,0.49370823094721994,0.49273000000000006,0.49621537119291687,49.4,50.6,49.4,50.6
dt,1000,500,500,signo_zodiacal_leo,100,0.5,0.512,0.5138149091700137,0.48,0.49533573613417714,0.5058,0.5057869446174605,48.0,45.6,54.4,52.0
dt,1000,500,500,signo_zodiacal_libra,1,0.5,0.503,0.5021209260102141,0.4880000000000001,0.49424126224078024,0.50236,0.5019213464888967,48.8,48.2,51.8,51.2
dt,1000,500,500,signo_zodiacal_libra,2,0.5,0.512,0.5125462448784343,0.48599999999999993,0.4986502736792155,0.5116799999999999,0.505558055125399,48.6,46.2,53.8,51.4
dt,1000,500,500,signo_zodiacal_libra,3,0.5,0.484,0.4853849516071437,0.5,0.49210932925843603,0.48224,0.49193215751783653,50.0,53.2,46.8,50.0
dt,1000,500,500,signo_zodiacal_libra,4,0.5,0.49000000000000005,0.48898937973358986,0.47800000000000004,0.48293026960354346,0.48577999999999993,0.4928383099866102,47.8,49.8,50.2,52.2
dt,1000,500,500,signo_zodiacal_libra,5,0.5,0.461,0.4620746106365556,0.46799999999999997,0.4645482763678993,0.46221999999999996,0.48175563077643185,46.8,54.6,45.4,53.2
dt,1000,500,500,signo_zodiacal_libra,6,0.5,0.5189999999999999,0.5176983747518229,0.538,0.5272508097024973,0.51676,0.5102588598521058,53.8,50.0,50.0,46.2
dt,1000,500,500,signo_zodiacal_libra,7,0.5,0.472,0.4706126482562986,0.44799999999999995,0.45796672521063286,0.4729400000000001,0.4869719875371227,44.8,50.4,49.6,55.2
dt,1000,500,500,signo_zodiacal_libra,8,0.5,0.511,0.5121785565709777,0.4800000000000001,0.4945901520821129,0.5107999999999999,0.5080894105597403,48.0,45.8,54.2,52.0
dt,1000,500,500,signo_zodiacal_libra,9,0.5,0.484,0.4844063001140057,0.472,0.4777809983804415,0.47937,0.4940878098838203,47.2,50.4,49.6,52.8
dt,1000,500,500,signo_zodiacal_libra,10,0.5,0.503,0.5042473336009813,0.47400000000000003,0.4879562466050527,0.4988600000000001,0.49911735742741836,47.4,46.8,53.2,52.6
dt,1000,500,500,signo_zodiacal_libra,11,0.5,0.49400000000000005,0.4942590806194371,0.48200000000000004,0.4875766161797891,0.48992,0.4938897843586325,48.2,49.4,50.6,51.8
dt,1000,500,500,signo_zodiacal_libra,12,0.5,0.526,0.5267560614812675,0.5360000000000001,0.530619585375318,0.52335,0.5153414913614345,53.6,48.4,51.6,46.4
dt,1000,500,500,signo_zodiacal_libra,13,0.5,0.501,0.4993503987943111,0.492,0.49462757879347247,0.5010100000000001,0.4993436923567273,49.2,49.0,51.0,50.8
dt,1000,500,500,signo_zodiacal_libra,14,0.5,0.502,0.5025939606757329,0.4960000000000001,0.49874872802128056,0.49898,0.5016587405272762,49.6,49.2,50.8,50.4
dt,1000,500,500,signo_zodiacal_libra,15,0.5,0.515,0.5136241195203459,0.518,0.5151554136089986,0.51264,0.5091177650907662,51.8,48.8,51.2,48.2
dt,1000,500,500,signo_zodiacal_libra,16,0.5,0.495,0.4969473943791761,0.446,0.4688263166331428,0.4907,0.49862072049842787,44.6,45.6,54.4,55.4
dt,1000,500,500,signo_zodiacal_libra,17,0.5,0.483,0.4818963824933733,0.484,0.4827070843016674,0.4856,0.4958317784138875,48.4,51.8,48.2,51.6
dt,1000,500,500,signo_zodiacal_libra,18,0.5,0.52,0.5195887781924611,0.51,0.513533717611555,0.52409,0.5126419178933118,51.0,47.0,53.0,49.0
dt,1000,500,500,signo_zodiacal_libra,19,0.5,0.53,0.5318429277864214,0.516,0.5226505333186351,0.53556,0.5201734548577776,51.6,45.6,54.4,48.4
dt,1000,500,500,signo_zodiacal_libra,20,0.5,0.483,0.4826093747218042,0.48,0.48024043774400954,0.48271,0.4888681618969176,48.0,51.4,48.6,52.0
dt,1000,500,500,signo_zodiacal_libra,21,0.5,0.5010000000000001,0.5004188329591555,0.476,0.4875085074572863,0.50583,0.5018444026542768,47.6,47.4,52.6,52.4
dt,1000,500,500,signo_zodiacal_libra,22,0.5,0.533,0.532806080684521,0.53,0.530521070674646,0.53376,0.5182698142635926,53.0,46.4,53.6,47.0
dt,1000,500,500,signo_zodiacal_libra,23,0.5,0.45899999999999996,0.4593069447698356,0.45599999999999996,0.4572513920061156,0.46435000000000004,0.4819470825440636,45.6,53.8,46.2,54.4
dt,1000,500,500,signo_zodiacal_libra,24,0.5,0.5109999999999999,0.5107386520671773,0.49799999999999994,0.503790715566985,0.51142,0.5058891888739669,49.8,47.6,52.4,50.2
dt,1000,500,500,signo_zodiacal_libra,25,0.5,0.472,0.472812010348289,0.476,0.47428707463847575,0.47043,0.4874038875261227,47.6,53.2,46.8,52.4
dt,1000,500,500,signo_zodiacal_libra,26,0.5,0.479,0.4743754852028399,0.44800000000000006,0.45982369462015704,0.47733,0.49076860470358297,44.8,49.0,51.0,55.2
dt,1000,500,500,signo_zodiacal_libra,27,0.5,0.5080000000000001,0.5084423479786937,0.5,0.5041235204835607,0.50777,0.5048869733586393,50.0,48.4,51.6,50.0
dt,1000,500,500,signo_zodiacal_libra,28,0.5,0.5090000000000001,0.507438378046053,0.48999999999999994,0.4976830627265002,0.5077999999999999,0.5076536810186293,49.0,47.2,52.8,51.0
dt,1000,500,500,signo_zodiacal_libra,29,0.5,0.523,0.5231992185521148,0.5,0.5103365931930538,0.5194799999999999,0.5121140698661824,50.0,45.4,54.6,50.0
dt,1000,500,500,signo_zodiacal_libra,30,0.5,0.516,0.5174304024873279,0.534,0.5247255276092504,0.5176999999999999,0.5089479762508358,53.4,50.2,49.8,46.6
dt,1000,500,500,signo_zodiacal_libra,31,0.5,0.496,0.4960298326304695,0.45599999999999996,0.4750029437398271,0.49419,0.49815517765663814,45.6,46.4,53.6,54.4
dt,1000,500,500,signo_zodiacal_libra,32,0.5,0.53,0.5299062049062048,0.536,0.5317238712764152,0.52695,0.513647887449825,53.6,47.6,52.4,46.4
dt,1000,500,500,signo_zodiacal_libra,33,0.5,0.549,0.5486452576075218,0.548,0.547610528634555,0.54817,0.5279641065639508,54.8,45.0,55.0,45.2
dt,1000,500,500,signo_zodiacal_libra,34,0.5,0.45899999999999996,0.45785256296237914,0.45199999999999996,0.45436588119504817,0.4587199999999999,0.48207092069976376,45.2,53.4,46.6,54.8
dt,1000,500,500,signo_zodiacal_libra,35,0.5,0.46099999999999997,0.45965136054421774,0.454,0.4561310784073678,0.45874999999999994,0.4818191976270433,45.4,53.2,46.8,54.6
dt,1000,500,500,signo_zodiacal_libra,36,0.5,0.497,0.4985912605505242,0.466,0.48001140261908803,0.49554,0.5005738036330479,46.6,47.2,52.8,53.4
dt,1000,500,500,signo_zodiacal_libra,37,0.5,0.523,0.5242398449814715,0.5,0.5100913131402407,0.52371,0.5141381385166761,50.0,45.4,54.6,50.0
dt,1000,500,500,signo_zodiacal_libra,38,0.5,0.517,0.5187985339402865,0.5,0.5087975962580312,0.51434,0.5103308203495937,50.0,46.6,53.4,50.0
dt,1000,500,500,signo_zodiacal_libra,39,0.5,0.5029999999999999,0.5030841389431513,0.4960000000000001,0.498985984653728,0.50273,0.5038387933153481,49.6,49.0,51.0,50.4
dt,1000,500,500,signo_zodiacal_libra,40,0.5,0.499,0.4986722312254227,0.51,0.5031766330952099,0.5049499999999999,0.5023038631864982,51.0,51.2,48.8,49.0
dt,1000,500,500,signo_zodiacal_libra,41,0.5,0.5130000000000001,0.5121528359351466,0.488,0.4992577200166467,0.5102,0.5079334680779808,48.8,46.2,53.8,51.2
dt,1000,500,500,signo_zodiacal_libra,42,0.5,0.493,0.48988809884224666,0.492,0.490460986541393,0.48988000000000004,0.4974589789384963,49.2,50.6,49.4,50.8
dt,1000,500,500,signo_zodiacal_libra,43,0.5,0.508,0.5097494668572189,0.5359999999999999,0.5215426344989875,0.51265,0.5078202689209536,53.6,52.0,48.0,46.4
dt,1000,500,500,signo_zodiacal_libra,44,0.5,0.493,0.4933788203899156,0.48,0.4856017547462102,0.49546,0.4989656062512132,48.0,49.4,50.6,52.0
dt,1000,500,500,signo_zodiacal_libra,45,0.5,0.485,0.48425443817148894,0.46399999999999997,0.47331165401802594,0.48561,0.4935213970818806,46.4,49.4,50.6,53.6
dt,1000,500,500,signo_zodiacal_libra,46,0.5,0.48200000000000004,0.48089453238654684,0.458,0.46912891435371495,0.48067000000000004,0.4919912908956091,45.8,49.4,50.6,54.2
dt,1000,500,500,signo_zodiacal_libra,47,0.5,0.5079999999999999,0.5077775165238515,0.526,0.5164324264162615,0.5039800000000001,0.5025690789463642,52.6,51.0,49.0,47.4
dt,1000,500,500,signo_zodiacal_libra,48,0.5,0.52,0.5220651565876782,0.51,0.5156458096445623,0.52335,0.5147893367148784,51.0,47.0,53.0,49.0
dt,1000,500,500,signo_zodiacal_libra,49,0.5,0.491,0.4912892014654176,0.488,0.4888135146236078,0.49061000000000005,0.49911787635871435,48.8,50.6,49.4,51.2
dt,1000,500,500,signo_zodiacal_libra,50,0.5,0.506,0.507222824186114,0.488,0.4970027879221533,0.50848,0.5058085371338783,48.8,47.6,52.4,51.2
dt,1000,500,500,signo_zodiacal_libra,51,0.5,0.48199999999999993,0.48104047784188236,0.48,0.48023279900249954,0.47629,0.49059445902533216,48.0,51.6,48.4,52.0
dt,1000,500,500,signo_zodiacal_libra,52,0.5,0.497,0.49836344498763807,0.512,0.5047281429395294,0.49447,0.49842364832823216,51.2,51.8,48.2,48.8
dt,1000,500,500,signo_zodiacal_libra,53,0.5,0.466,0.4648937639048487,0.45599999999999996,0.4602747287866378,0.46254999999999996,0.48423699292760947,45.6,52.4,47.6,54.4
dt,1000,500,500,signo_zodiacal_libra,54,0.5,0.49499999999999994,0.49592734289466345,0.532,0.5125233333643807,0.49472000000000005,0.4981840591313823,53.2,54.2,45.8,46.8
dt,1000,500,500,signo_zodiacal_libra,55,0.5,0.49000000000000005,0.48894196377062416,0.48199999999999993,0.4838517275417612,0.49354000000000003,0.4971456737465359,48.2,50.2,49.8,51.8
dt,1000,500,500,signo_zodiacal_libra,56,0.5,0.517,0.5190181752755669,0.48,0.4981368854727222,0.5131,0.5099331779689623,48.0,44.6,55.4,52.0
dt,1000,500,500,signo_zodiacal_libra,57,0.5,0.506,0.5066900018785498,0.506,0.5061570605975189,0.5050399999999999,0.5021827908551393,50.6,49.4,50.6,49.4
dt,1000,500,500,signo_zodiacal_libra,58,0.5,0.523,0.5253832744178775,0.48599999999999993,0.5045691912696989,0.5211600000000001,0.5138994356191733,48.6,44.0,56.0,51.4
dt,1000,500,500,signo_zodiacal_libra,59,0.5,0.516,0.5162623135378553,0.514,0.5147132546849662,0.51876,0.5102525037328752,51.4,48.2,51.8,48.6
dt,1000,500,500,signo_zodiacal_libra,60,0.5,0.49800000000000005,0.498525043796783,0.45999999999999996,0.47738722347764373,0.49797,0.49876503905118774,46.0,46.4,53.6,54.0
dt,1000,500,500,signo_zodiacal_libra,61,0.5,0.49499999999999994,0.4936980561263673,0.48600000000000004,0.4885394969390043,0.49758,0.4979210225249961,48.6,49.6,50.4,51.4
dt,1000,500,500,signo_zodiacal_libra,62,0.5,0.496,0.4970754457487854,0.48200000000000004,0.4890695637616501,0.50041,0.49984262859422185,48.2,49.0,51.0,51.8
dt,1000,500,500,signo_zodiacal_libra,63,0.5,0.5,0.499545561472167,0.514,0.5065165114454723,0.49702999999999997,0.5002630339388185,51.4,51.4,48.6,48.6
dt,1000,500,500,signo_zodiacal_libra,64,0.5,0.524,0.5243862571923222,0.5,0.5116732361661477,0.52524,0.5158016418375413,50.0,45.2,54.8,50.0
dt,1000,500,500,signo_zodiacal_libra,65,0.5,0.502,0.5032258641451537,0.488,0.49478567349674324,0.50202,0.5025091190371664,48.8,48.4,51.6,51.2
dt,1000,500,500,signo_zodiacal_libra,66,0.5,0.5269999999999999,0.52948400893769,0.5,0.5135861960881457,0.5279200000000001,0.516072121932373,50.0,44.6,55.4,50.0
dt,1000,500,500,signo_zodiacal_libra,67,0.5,0.5229999999999999,0.522014918694525,0.546,0.5334119770698028,0.52017,0.508579726572797,54.6,50.0,50.0,45.4
dt,1000,500,500,signo_zodiacal_libra,68,0.5,0.49000000000000005,0.48815728726573865,0.45999999999999996,0.4732854932272952,0.48866999999999994,0.49466863186279114,46.0,48.0,52.0,54.0
dt,1000,500,500,signo_zodiacal_libra,69,0.5,0.487,0.4855598913197678,0.4920000000000001,0.48811176556239755,0.48898,0.49334143071297654,49.2,51.8,48.2,50.8
dt,1000,500,500,signo_zodiacal_libra,70,0.5,0.49799999999999994,0.49986952890386166,0.522,0.5104686025090943,0.49972000000000005,0.5024604003049661,52.2,52.6,47.4,47.8
dt,1000,500,500,signo_zodiacal_libra,71,0.5,0.541,0.5406090947017105,0.5439999999999999,0.5420667541764901,0.54454,0.5260320708587163,54.4,46.2,53.8,45.6
dt,1000,500,500,signo_zodiacal_libra,72,0.5,0.475,0.4723242535948839,0.48,0.47547473371381627,0.46914999999999996,0.4871011819043435,48.0,53.0,47.0,52.0
dt,1000,500,500,signo_zodiacal_libra,73,0.5,0.502,0.5013549337260678,0.48599999999999993,0.4931614065681645,0.50362,0.5022569069124853,48.6,48.2,51.8,51.4
dt,1000,500,500,signo_zodiacal_libra,74,0.5,0.477,0.47939368362477397,0.522,0.4996610746086668,0.4747,0.4880379946665965,52.2,56.8,43.2,47.8
dt,1000,500,500,signo_zodiacal_libra,75,0.5,0.534,0.5352761730869757,0.516,0.5248845123220497,0.53807,0.5230531068759408,51.6,44.8,55.2,48.4
dt,1000,500,500,signo_zodiacal_libra,76,0.5,0.5349999999999999,0.5339281017021956,0.556,0.5445534500256031,0.53161,0.5175410736625666,55.6,48.6,51.4,44.4
dt,1000,500,500,signo_zodiacal_libra,77,0.5,0.5,0.4997709981513589,0.48200000000000004,0.48991180654338545,0.49846,0.4970858515038176,48.2,48.2,51.8,51.8
dt,1000,500,500,signo_zodiacal_libra,78,0.5,0.5069999999999999,0.5066583340422608,0.488,0.4962534671421303,0.5070600000000001,0.5055615567171252,48.8,47.4,52.6,51.2
dt,1000,500,500,signo_zodiacal_libra,79,0.5,0.495,0.4921419704043249,0.484,0.48673892526891727,0.49424999999999997,0.4990763320755491,48.4,49.4,50.6,51.6
dt,1000,500,500,signo_zodiacal_libra,80,0.5,0.49399999999999994,0.49411410018552876,0.514,0.502065438276763,0.4946,0.4977042903524831,51.4,52.6,47.4,48.6
dt,1000,500,500,signo_zodiacal_libra,81,0.5,0.525,0.5217628604889791,0.514,0.5169416048353888,0.52537,0.5153774046568897,51.4,46.4,53.6,48.6
dt,1000,500,500,signo_zodiacal_libra,82,0.5,0.49800000000000005,0.4968966006800297,0.492,0.4937065238693002,0.49655000000000005,0.5000479476870003,49.2,49.6,50.4,50.8
dt,1000,500,500,signo_zodiacal_libra,83,0.5,0.49399999999999994,0.4941273986504502,0.518,0.5049708324748546,0.4953,0.49722975273915304,51.8,53.0,47.0,48.2
dt,1000,500,500,signo_zodiacal_libra,84,0.5,0.4800000000000001,0.47971157500130135,0.48200000000000004,0.4799809726204522,0.48545,0.49206184838969147,48.2,52.2,47.8,51.8
dt,1000,500,500,signo_zodiacal_libra,85,0.5,0.47800000000000004,0.4786620185235013,0.45600000000000007,0.4662841519957285,0.47752999999999995,0.4900249716127414,45.6,50.0,50.0,54.4
dt,1000,500,500,signo_zodiacal_libra,86,0.5,0.523,0.527136487444877,0.506,0.5141536984449054,0.52137,0.513661629136961,50.6,46.0,54.0,49.4
dt,1000,500,500,signo_zodiacal_libra,87,0.5,0.512,0.5118297428448347,0.5279999999999999,0.5197093822286823,0.5091300000000001,0.5064747943190087,52.8,50.4,49.6,47.2
dt,1000,500,500,signo_zodiacal_libra,88,0.5,0.533,0.5315852322911147,0.536,0.5332208866683625,0.53576,0.5203100857304974,53.6,47.0,53.0,46.4
dt,1000,500,500,signo_zodiacal_libra,89,0.5,0.512,0.5109981159119797,0.542,0.5252165927392909,0.51481,0.5093796248006515,54.2,51.8,48.2,45.8
dt,1000,500,500,signo_zodiacal_libra,90,0.5,0.45,0.44738858294767586,0.42400000000000004,0.43506435232869267,0.44749,0.478298602624046,42.4,52.4,47.6,57.6
dt,1000,500,500,signo_zodiacal_libra,91,0.5,0.483,0.4836253246099093,0.49800000000000005,0.49003611174695605,0.48266,0.4916746080359339,49.8,53.2,46.8,50.2
dt,1000,500,500,signo_zodiacal_libra,92,0.5,0.491,0.49084617999983415,0.472,0.4808108256477822,0.49035,0.495625723107654,47.2,49.0,51.0,52.8
dt,1000,500,500,signo_zodiacal_libra,93,0.5,0.48599999999999993,0.4850401719873828,0.438,0.4594489803726168,0.48774999999999996,0.49545457843805646,43.8,46.6,53.4,56.2
dt,1000,500,500,signo_zodiacal_libra,94,0.5,0.487,0.4873637945645635,0.484,0.48468527753499896,0.48857,0.4937043123952695,48.4,51.0,49.0,51.6
dt,1000,500,500,signo_zodiacal_libra,95,0.5,0.493,0.49254387539029737,0.49000000000000005,0.4910698332400936,0.4936900000000001,0.49839181211062955,49.0,50.4,49.6,51.0
dt,1000,500,500,signo_zodiacal_libra,96,0.5,0.48500000000000004,0.48400397496664704,0.512,0.49742216838381326,0.48355999999999993,0.4949242499300402,51.2,54.2,45.8,48.8
dt,1000,500,500,signo_zodiacal_libra,97,0.5,0.499,0.4975384655064102,0.4800000000000001,0.4880592115740857,0.49779000000000007,0.4997009342687999,48.0,48.2,51.8,52.0
dt,1000,500,500,signo_zodiacal_libra,98,0.5,0.522,0.5217493044437881,0.532,0.5267447785057741,0.5221199999999999,0.5118185756009883,53.2,48.8,51.2,46.8
dt,1000,500,500,signo_zodiacal_libra,99,0.5,0.493,0.4926290726817042,0.484,0.4880848489489605,0.49450000000000005,0.49694882382832245,48.4,49.8,50.2,51.6
dt,1000,500,500,signo_zodiacal_libra,100,0.5,0.504,0.5036248367837991,0.49399999999999994,0.4982472002856394,0.50524,0.5027236766493356,49.4,48.6,51.4,50.6
dt,1000,500,500,signo_zodiacal_piscis,1,0.5,0.524,0.5285642521996745,0.49000000000000005,0.5077767620971407,0.52727,0.5142584283639111,49.0,44.2,55.8,51.0
dt,1000,500,500,signo_zodiacal_piscis,2,0.5,0.495,0.49385524817060594,0.502,0.49739846470286314,0.49939,0.49905081935079154,50.2,51.2,48.8,49.8
dt,1000,500,500,signo_zodiacal_piscis,3,0.5,0.507,0.5071519274376418,0.5,0.5035426628089945,0.51295,0.5071965289533668,50.0,48.6,51.4,50.0
dt,1000,500,500,signo_zodiacal_piscis,4,0.5,0.477,0.47754358377466344,0.488,0.48248363723510684,0.47737000000000007,0.4904846637192942,48.8,53.4,46.6,51.2
dt,1000,500,500,signo_zodiacal_piscis,5,0.5,0.485,0.482897833412186,0.47000000000000003,0.47443390112388606,0.48149999999999993,0.48862659752990717,47.0,50.0,50.0,53.0
dt,1000,500,500,signo_zodiacal_piscis,6,0.5,0.493,0.4918382662286884,0.462,0.47599158248036355,0.4956900000000001,0.49817030945219154,46.2,47.6,52.4,53.8
dt,1000,500,500,signo_zodiacal_piscis,7,0.5,0.52,0.5200542991481498,0.526,0.5228828112874648,0.521,0.5126458372296628,52.6,48.6,51.4,47.4
dt,1000,500,500,signo_zodiacal_piscis,8,0.5,0.5010000000000001,0.5017942535358981,0.496,0.4976176733344138,0.49953000000000003,0.5006289938694065,49.6,49.4,50.6,50.4
dt,1000,500,500,signo_zodiacal_piscis,9,0.5,0.492,0.4926466800263573,0.5120000000000001,0.5010320259316907,0.4919300000000001,0.4965462406041869,51.2,52.8,47.2,48.8
dt,1000,500,500,signo_zodiacal_piscis,10,0.5,0.506,0.5065824335495972,0.51,0.5075929264902165,0.5055000000000001,0.5043027139908851,51.0,49.8,50.2,49.0
dt,1000,500,500,signo_zodiacal_piscis,11,0.5,0.493,0.49056495259500377,0.48,0.4840353837636555,0.49527,0.5000513857376184,48.0,49.4,50.6,52.0
dt,1000,500,500,signo_zodiacal_piscis,12,0.5,0.5120000000000001,0.5116171955523842,0.49800000000000005,0.5042730463261551,0.5101199999999999,0.505671143699667,49.8,47.4,52.6,50.2
dt,1000,500,500,signo_zodiacal_piscis,13,0.5,0.517,0.515607693848928,0.53,0.5220709577116256,0.51342,0.5065971141820873,53.0,49.6,50.4,47.0
dt,1000,500,500,signo_zodiacal_piscis,14,0.5,0.504,0.5029089739585701,0.516,0.5087381959525524,0.50438,0.5027655507954283,51.6,50.8,49.2,48.4
dt,1000,500,500,signo_zodiacal_piscis,15,0.5,0.511,0.5112468295377632,0.5,0.5048529203978847,0.5162100000000001,0.5086440552407777,50.0,47.8,52.2,50.0
dt,1000,500,500,signo_zodiacal_piscis,16,0.5,0.503,0.5028535068096845,0.514,0.507994343912417,0.50069,0.5028585942255903,51.4,50.8,49.2,48.6
dt,1000,500,500,signo_zodiacal_piscis,17,0.5,0.496,0.49727223692125583,0.48199999999999993,0.4885799392264157,0.49861999999999995,0.5008799135329638,48.2,49.0,51.0,51.8
dt,1000,500,500,signo_zodiacal_piscis,18,0.5,0.502,0.5064706589706589,0.504,0.5033694515736824,0.50402,0.5035190442578499,50.4,50.0,50.0,49.6
dt,1000,500,500,signo_zodiacal_piscis,19,0.5,0.484,0.48475816993464055,0.49399999999999994,0.4892054359282082,0.48498,0.4942388087196498,49.4,52.6,47.4,50.6
dt,1000,500,500,signo_zodiacal_piscis,20,0.5,0.5269999999999999,0.5291811414392059,0.5,0.5138018578033886,0.52771,0.5161916635227188,50.0,44.6,55.4,50.0
dt,1000,500,500,signo_zodiacal_piscis,21,0.5,0.479,0.4778100683196781,0.504,0.48956368548330487,0.47575,0.49057140712096226,50.4,54.6,45.4,49.6
dt,1000,500,500,signo_zodiacal_piscis,22,0.5,0.5029999999999999,0.5044448825639206,0.48599999999999993,0.49398244918346884,0.5073000000000001,0.5068100829545764,48.6,48.0,52.0,51.4
dt,1000,500,500,signo_zodiacal_piscis,23,0.5,0.5429999999999999,0.5413547172380843,0.5439999999999999,0.5422662892535997,0.54241,0.5257563566157263,54.4,45.8,54.2,45.6
dt,1000,500,500,signo_zodiacal_piscis,24,0.5,0.4840000000000001,0.48239010263175625,0.48199999999999993,0.4818969066937533,0.48757,0.49550499203793397,48.2,51.4,48.6,51.8
dt,1000,500,500,signo_zodiacal_piscis,25,0.5,0.5039999999999999,0.5035269515694645,0.48599999999999993,0.4944772008554762,0.5030699999999999,0.5024103220660336,48.6,47.8,52.2,51.4
dt,1000,500,500,signo_zodiacal_piscis,26,0.5,0.49400000000000005,0.49268200841910603,0.522,0.5063995177994555,0.49207,0.49706774203637166,52.2,53.4,46.6,47.8
dt,1000,500,500,signo_zodiacal_piscis,27,0.5,0.49799999999999994,0.49916493224231734,0.47400000000000003,0.4858442716350365,0.50098,0.5008464960658768,47.4,47.8,52.2,52.6
dt,1000,500,500,signo_zodiacal_piscis,28,0.5,0.5329999999999999,0.5341389962425784,0.516,0.5247967803419875,0.53548,0.5214636855354373,51.6,45.0,55.0,48.4
dt,1000,500,500,signo_zodiacal_piscis,29,0.5,0.508,0.5073070337786907,0.496,0.5013126250630293,0.5080100000000001,0.5066186926168992,49.6,48.0,52.0,50.4
dt,1000,500,500,signo_zodiacal_piscis,30,0.5,0.523,0.5248504010923366,0.5039999999999999,0.513316363487187,0.5219699999999999,0.5132924124871634,50.4,45.8,54.2,49.6
dt,1000,500,500,signo_zodiacal_piscis,31,0.5,0.5109999999999999,0.5113801169590644,0.5,0.5053351237957805,0.5130399999999999,0.505438077118923,50.0,47.8,52.2,50.0
dt,1000,500,500,signo_zodiacal_piscis,32,0.5,0.51,0.5118554568917766,0.532,0.520384153407742,0.51251,0.5073610374848263,53.2,51.2,48.8,46.8
dt,1000,500,500,signo_zodiacal_piscis,33,0.5,0.489,0.48976523500241137,0.4779999999999999,0.48282591717039497,0.49209,0.4954041545010394,47.8,50.0,50.0,52.2
dt,1000,500,500,signo_zodiacal_piscis,34,0.5,0.49399999999999994,0.4919999368357889,0.45199999999999996,0.4706552974452921,0.49538000000000004,0.4986051675688727,45.2,46.4,53.6,54.8
dt,1000,500,500,signo_zodiacal_piscis,35,0.5,0.511,0.5082805730631818,0.51,0.5081460760907006,0.51007,0.5098148170270301,51.0,48.8,51.2,49.0
dt,1000,500,500,signo_zodiacal_piscis,36,0.5,0.505,0.5065057344755185,0.48999999999999994,0.49773612458132555,0.50307,0.5056829445322854,49.0,48.0,52.0,51.0
dt,1000,500,500,signo_zodiacal_piscis,37,0.5,0.46799999999999997,0.46825673845817767,0.47800000000000004,0.47066315001980297,0.47259,0.48556871343093794,47.8,54.2,45.8,52.2
dt,1000,500,500,signo_zodiacal_piscis,38,0.5,0.5130000000000001,0.5119710481421955,0.49399999999999994,0.502448591742029,0.5152699999999999,0.5087345724940922,49.4,46.8,53.2,50.6
dt,1000,500,500,signo_zodiacal_piscis,39,0.5,0.511,0.5129876312966313,0.492,0.5017080564743462,0.5101899999999999,0.5069435641605845,49.2,47.0,53.0,50.8
dt,1000,500,500,signo_zodiacal_piscis,40,0.5,0.501,0.501240028174562,0.5,0.5004767412379933,0.5028499999999999,0.5016253347151319,50.0,49.8,50.2,50.0
dt,1000,500,500,signo_zodiacal_piscis,41,0.5,0.513,0.5128251852639506,0.5239999999999999,0.5177359313799175,0.5153800000000001,0.5081351448358618,52.4,49.8,50.2,47.6
dt,1000,500,500,signo_zodiacal_piscis,42,0.5,0.49000000000000005,0.4895167763511596,0.49800000000000005,0.4925930445133148,0.48913,0.4932262588371762,49.8,51.8,48.2,50.2
dt,1000,500,500,signo_zodiacal_piscis,43,0.5,0.48200000000000004,0.4823076415032032,0.514,0.4971666710650977,0.47804,0.4922289880144167,51.4,55.0,45.0,48.6
dt,1000,500,500,signo_zodiacal_piscis,44,0.5,0.491,0.4906412721034368,0.506,0.497364138994797,0.49575,0.4983051765764081,50.6,52.4,47.6,49.4
dt,1000,500,500,signo_zodiacal_piscis,45,0.5,0.489,0.4871176217100527,0.458,0.47187082117641416,0.48685,0.49562107069480776,45.8,48.0,52.0,54.2
dt,1000,500,500,signo_zodiacal_piscis,46,0.5,0.48500000000000004,0.4831804904308781,0.446,0.4633666354352551,0.483,0.4926691809311059,44.6,47.6,52.4,55.4
dt,1000,500,500,signo_zodiacal_piscis,47,0.5,0.499,0.49763263473487535,0.506,0.5011757286559805,0.49605,0.49887222536352666,50.6,50.8,49.2,49.4
dt,1000,500,500,signo_zodiacal_piscis,48,0.5,0.499,0.4971706214747452,0.4920000000000001,0.49359424685518355,0.50408,0.5002310439729418,49.2,49.4,50.6,50.8
dt,1000,500,500,signo_zodiacal_piscis,49,0.5,0.555,0.5574268458095231,0.542,0.5489113340190735,0.55589,0.5334415643275697,54.2,43.2,56.8,45.8
dt,1000,500,500,signo_zodiacal_piscis,50,0.5,0.493,0.4927826638577145,0.5,0.4956099277099815,0.49609000000000003,0.49881022266033925,50.0,51.4,48.6,50.0
dt,1000,500,500,signo_zodiacal_piscis,51,0.5,0.52,0.5205094000509959,0.504,0.5117673905969328,0.523,0.5129834914412624,50.4,46.4,53.6,49.6
dt,1000,500,500,signo_zodiacal_piscis,52,0.5,0.479,0.47642525811175984,0.45,0.4615552184294688,0.48066000000000003,0.4900699756631369,45.0,49.2,50.8,55.0
dt,1000,500,500,signo_zodiacal_piscis,53,0.5,0.4720000000000001,0.46924752564842154,0.4699999999999999,0.46923124022362483,0.46832,0.4874480644812843,47.0,52.6,47.4,53.0
dt,1000,500,500,signo_zodiacal_piscis,54,0.5,0.5189999999999999,0.5202734236088273,0.512,0.5159066977788527,0.51719,0.5096180060913461,51.2,47.4,52.6,48.8
dt,1000,500,500,signo_zodiacal_piscis,55,0.5,0.503,0.5025412606135498,0.492,0.49548862270182414,0.50249,0.5029333053678078,49.2,48.6,51.4,50.8
dt,1000,500,500,signo_zodiacal_piscis,56,0.5,0.5189999999999999,0.5196689350163874,0.514,0.5156555919328196,0.51714,0.5085841718909264,51.4,47.6,52.4,48.6
dt,1000,500,500,signo_zodiacal_piscis,57,0.5,0.5129999999999999,0.5132419828599074,0.5119999999999999,0.5121951934537858,0.5146999999999999,0.5104348619472603,51.2,48.6,51.4,48.8
dt,1000,500,500,signo_zodiacal_piscis,58,0.5,0.52,0.518741786816601,0.48600000000000004,0.5011902283752846,0.5187200000000001,0.5149455816357438,48.6,44.6,55.4,51.4
dt,1000,500,500,signo_zodiacal_piscis,59,0.5,0.49400000000000005,0.49410761652140966,0.4920000000000001,0.49196941787141163,0.48952999999999997,0.4972788658118971,49.2,50.4,49.6,50.8
dt,1000,500,500,signo_zodiacal_piscis,60,0.5,0.502,0.5014105124213101,0.49399999999999994,0.495431013031144,0.5014700000000001,0.49921264046615044,49.4,49.0,51.0,50.6
dt,1000,500,500,signo_zodiacal_piscis,61,0.5,0.51,0.5097742197997691,0.516,0.5123181129215613,0.50856,0.5056055523762627,51.6,49.6,50.4,48.4
dt,1000,500,500,signo_zodiacal_piscis,62,0.5,0.5109999999999999,0.509836965834044,0.48999999999999994,0.49934379585671296,0.5087900000000001,0.5028573606694644,49.0,46.8,53.2,51.0
dt,1000,500,500,signo_zodiacal_piscis,63,0.5,0.507,0.5069580144775474,0.506,0.506095529316205,0.5061199999999999,0.5041243201331168,50.6,49.2,50.8,49.4
dt,1000,500,500,signo_zodiacal_piscis,64,0.5,0.49700000000000005,0.49653680193362143,0.5,0.49821433988698394,0.49395,0.4970472554213714,50.0,50.6,49.4,50.0
dt,1000,500,500,signo_zodiacal_piscis,65,0.5,0.45899999999999996,0.4604210580296303,0.48200000000000004,0.47068320629440275,0.45244999999999996,0.4783516743035425,48.2,56.4,43.6,51.8
dt,1000,500,500,signo_zodiacal_piscis,66,0.5,0.4699999999999999,0.4700171753715393,0.466,0.4672218993564138,0.46577999999999997,0.48418920081663536,46.6,52.6,47.4,53.4
dt,1000,500,500,signo_zodiacal_piscis,67,0.5,0.489,0.48878059414371516,0.44799999999999995,0.46587221769168463,0.48799000000000003,0.4944112208953544,44.8,47.0,53.0,55.2
dt,1000,500,500,signo_zodiacal_piscis,68,0.5,0.5120000000000001,0.5111988649543878,0.526,0.5177663038222892,0.50714,0.5047870913041909,52.6,50.2,49.8,47.4
dt,1000,500,500,signo_zodiacal_piscis,69,0.5,0.502,0.5000438093190489,0.45599999999999996,0.47641975900789435,0.5058400000000001,0.5034241889039688,45.6,45.2,54.8,54.4
dt,1000,500,500,signo_zodiacal_piscis,70,0.5,0.511,0.5114502494831747,0.506,0.5084354431427742,0.5080600000000001,0.5072629713707111,50.6,48.4,51.6,49.4
dt,1000,500,500,signo_zodiacal_piscis,71,0.5,0.52,0.5193993408944737,0.508,0.5133078993424459,0.5213099999999999,0.5128188567976835,50.8,46.8,53.2,49.2
dt,1000,500,500,signo_zodiacal_piscis,72,0.5,0.4800000000000001,0.48153858928052484,0.49800000000000005,0.4892233069008893,0.4845,0.4923710151508197,49.8,53.8,46.2,50.2
dt,1000,500,500,signo_zodiacal_piscis,73,0.5,0.485,0.48581910181564847,0.49000000000000005,0.48731221834127386,0.48361,0.49355050142004836,49.0,52.0,48.0,51.0
dt,1000,500,500,signo_zodiacal_piscis,74,0.5,0.517,0.5165246232921847,0.52,0.5166862029206911,0.5179099999999999,0.5111283837711855,52.0,48.6,51.4,48.0
dt,1000,500,500,signo_zodiacal_piscis,75,0.5,0.497,0.4967567814473755,0.502,0.4992307758386432,0.49944000000000005,0.5016710364656939,50.2,50.8,49.2,49.8
dt,1000,500,500,signo_zodiacal_piscis,76,0.5,0.495,0.49498599439775914,0.48599999999999993,0.48972864094468826,0.49443000000000004,0.49901052731772316,48.6,49.6,50.4,51.4
dt,1000,500,500,signo_zodiacal_piscis,77,0.5,0.507,0.5065774139175464,0.49399999999999994,0.5001199541559442,0.50702,0.5056164886197949,49.4,48.0,52.0,50.6
dt,1000,500,500,signo_zodiacal_piscis,78,0.5,0.496,0.49468988737954256,0.502,0.4963992942042478,0.49555,0.4989099377543674,50.2,51.0,49.0,49.8
dt,1000,500,500,signo_zodiacal_piscis,79,0.5,0.491,0.4924118649499761,0.506,0.4984490530518325,0.48731,0.4960312431850372,50.6,52.4,47.6,49.4
dt,1000,500,500,signo_zodiacal_piscis,80,0.5,0.5039999999999999,0.502857641093321,0.504,0.5026027917874701,0.50535,0.504033171916411,50.4,49.6,50.4,49.6
dt,1000,500,500,signo_zodiacal_piscis,81,0.5,0.479,0.4789873889185447,0.476,0.47694798710966146,0.47783,0.4893970940018212,47.6,51.8,48.2,52.4
dt,1000,500,500,signo_zodiacal_piscis,82,0.5,0.481,0.4813145865950819,0.47800000000000004,0.47904506424511223,0.48228,0.49095870123833113,47.8,51.6,48.4,52.2
dt,1000,500,500,signo_zodiacal_piscis,83,0.5,0.473,0.47129894277460205,0.43199999999999994,0.4502877679726815,0.47456,0.4861728291441284,43.2,48.6,51.4,56.8
dt,1000,500,500,signo_zodiacal_piscis,84,0.5,0.519,0.5205194504364281,0.48,0.49872696032928054,0.5210400000000001,0.5114768485613357,48.0,44.2,55.8,52.0
dt,1000,500,500,signo_zodiacal_piscis,85,0.5,0.502,0.5019261253641999,0.49000000000000005,0.4953779982014156,0.50587,0.5033783931220864,49.0,48.6,51.4,51.0
dt,1000,500,500,signo_zodiacal_piscis,86,0.5,0.512,0.5113623557477699,0.49799999999999994,0.5037876333155744,0.5140399999999999,0.5083918049685072,49.8,47.4,52.6,50.2
dt,1000,500,500,signo_zodiacal_piscis,87,0.5,0.518,0.5181329760083584,0.526,0.5214217325726277,0.5172800000000001,0.5084549119261059,52.6,49.0,51.0,47.4
dt,1000,500,500,signo_zodiacal_piscis,88,0.5,0.5050000000000001,0.5034349036215857,0.5,0.5007990803160512,0.50715,0.5051549518899255,50.0,49.0,51.0,50.0
dt,1000,500,500,signo_zodiacal_piscis,89,0.5,0.48999999999999994,0.49081170698488064,0.472,0.48007173392391944,0.4883100000000001,0.4942365165802725,47.2,49.2,50.8,52.8
dt,1000,500,500,signo_zodiacal_piscis,90,0.5,0.531,0.5329002889462461,0.5,0.5154846850684728,0.53251,0.5190193561013828,50.0,43.8,56.2,50.0
dt,1000,500,500,signo_zodiacal_piscis,91,0.5,0.5130000000000001,0.5131431040596874,0.534,0.523289848507892,0.51223,0.506578716720656,53.4,50.8,49.2,46.6
dt,1000,500,500,signo_zodiacal_piscis,92,0.5,0.5109999999999999,0.5125634035993543,0.49000000000000005,0.5006716781565482,0.50995,0.506440560629137,49.0,46.8,53.2,51.0
dt,1000,500,500,signo_zodiacal_piscis,93,0.5,0.518,0.5196258816476346,0.472,0.4938921272385885,0.51844,0.5100751298413405,47.2,43.6,56.4,52.8
dt,1000,500,500,signo_zodiacal_piscis,94,0.5,0.49800000000000005,0.49988976090143256,0.484,0.4909676598548365,0.49987999999999994,0.500826831546098,48.4,48.8,51.2,51.6
dt,1000,500,500,signo_zodiacal_piscis,95,0.5,0.516,0.5168953893366415,0.516,0.5160941172795794,0.52044,0.5117957893983716,51.6,48.4,51.6,48.4
dt,1000,500,500,signo_zodiacal_piscis,96,0.5,0.503,0.5051254824962471,0.504,0.5038801565505604,0.50465,0.502610215897813,50.4,49.8,50.2,49.6
dt,1000,500,500,signo_zodiacal_piscis,97,0.5,0.5090000000000001,0.5084438632542498,0.524,0.5160696108200216,0.5071,0.5028029151389585,52.4,50.6,49.4,47.6
dt,1000,500,500,signo_zodiacal_piscis,98,0.5,0.513,0.5125356995945232,0.538,0.5248742607402778,0.51508,0.5068971649949734,53.8,51.2,48.8,46.2
dt,1000,500,500,signo_zodiacal_piscis,99,0.5,0.512,0.511412757223448,0.504,0.5074062257327977,0.5126999999999999,0.5057604430689914,50.4,48.0,52.0,49.6
dt,1000,500,500,signo_zodiacal_piscis,100,0.5,0.509,0.5086553879583249,0.508,0.5062215380664512,0.5103899999999999,0.5069167332842742,50.8,49.0,51.0,49.2
dt,1000,500,500,signo_zodiacal_sagitario,1,0.5,0.499,0.4984453624271253,0.504,0.5005828597280692,0.49411000000000005,0.49932512072917745,50.4,50.6,49.4,49.6
dt,1000,500,500,signo_zodiacal_sagitario,2,0.5,0.5039999999999999,0.5038182051904774,0.4959999999999999,0.4985934392714432,0.5050100000000001,0.503401405736992,49.6,48.8,51.2,50.4
dt,1000,500,500,signo_zodiacal_sagitario,3,0.5,0.516,0.5151258350459195,0.528,0.5212603387828857,0.51884,0.5098840970569126,52.8,49.6,50.4,47.2
dt,1000,500,500,signo_zodiacal_sagitario,4,0.5,0.479,0.47972098148020814,0.484,0.48149702861874993,0.48186,0.491630964292699,48.4,52.6,47.4,51.6
dt,1000,500,500,signo_zodiacal_sagitario,5,0.5,0.529,0.5316800775468511,0.49000000000000005,0.5095230502231188,0.52788,0.5161640269075178,49.0,43.2,56.8,51.0
dt,1000,500,500,signo_zodiacal_sagitario,6,0.5,0.49499999999999994,0.4945166187447968,0.488,0.4900321174702733,0.49256,0.49566339635902806,48.8,49.8,50.2,51.2
dt,1000,500,500,signo_zodiacal_sagitario,7,0.5,0.515,0.5174699642376551,0.51,0.5133286149845846,0.51812,0.5105006915389673,51.0,48.0,52.0,49.0
dt,1000,500,500,signo_zodiacal_sagitario,8,0.5,0.493,0.491073180268367,0.476,0.4826857194889206,0.49688999999999994,0.4992232408041339,47.6,49.0,51.0,52.4
dt,1000,500,500,signo_zodiacal_sagitario,9,0.5,0.519,0.5186396578688278,0.5599999999999999,0.5377712657592473,0.51818,0.5107021829933795,56.0,52.2,47.8,44.0
dt,1000,500,500,signo_zodiacal_sagitario,10,0.5,0.534,0.53555218152558,0.532,0.5327110408397366,0.53321,0.5175528092281312,53.2,46.4,53.6,46.8
dt,1000,500,500,signo_zodiacal_sagitario,11,0.5,0.526,0.529083053735336,0.51,0.5186463348724549,0.52275,0.5138549983865742,51.0,45.8,54.2,49.0
dt,1000,500,500,signo_zodiacal_sagitario,12,0.5,0.513,0.5140363347531645,0.504,0.5081863543612556,0.51385,0.5090723706093447,50.4,47.8,52.2,49.6
dt,1000,500,500,signo_zodiacal_sagitario,13,0.5,0.5360000000000001,0.5378547966798317,0.522,0.5290076946200843,0.53883,0.5217684077423547,52.2,45.0,55.0,47.8
dt,1000,500,500,signo_zodiacal_sagitario,14,0.5,0.491,0.4918229295265085,0.502,0.49642140338127394,0.48967,0.49567443271468753,50.2,52.0,48.0,49.8
dt,1000,500,500,signo_zodiacal_sagitario,15,0.5,0.521,0.5209653963682753,0.528,0.5239874602255247,0.5216,0.5140745892038142,52.8,48.6,51.4,47.2
dt,1000,500,500,signo_zodiacal_sagitario,16,0.5,0.507,0.5082262717286078,0.5199999999999999,0.5134532971043555,0.51159,0.505949052082473,52.0,50.6,49.4,48.0
dt,1000,500,500,signo_zodiacal_sagitario,17,0.5,0.48599999999999993,0.48601119543581933,0.45,0.4664491524986027,0.48514999999999997,0.49331829543264244,45.0,47.8,52.2,55.0
dt,1000,500,500,signo_zodiacal_sagitario,18,0.5,0.514,0.5152460043201261,0.48600000000000004,0.49945249000499103,0.51403,0.5079048706688803,48.6,45.8,54.2,51.4
dt,1000,500,500,signo_zodiacal_sagitario,19,0.5,0.499,0.498309100381348,0.5,0.49861926141740726,0.50267,0.4999682764975364,50.0,50.2,49.8,50.0
dt,1000,500,500,signo_zodiacal_sagitario,20,0.5,0.503,0.5004845552666861,0.504,0.501456078216631,0.5024000000000001,0.5020785588361721,50.4,49.8,50.2,49.6
dt,1000,500,500,signo_zodiacal_sagitario,21,0.5,0.48999999999999994,0.49124563668556254,0.488,0.4890082116816467,0.48572,0.4948263033142255,48.8,50.8,49.2,51.2
dt,1000,500,500,signo_zodiacal_sagitario,22,0.5,0.485,0.48401161294184547,0.48999999999999994,0.48581786412026107,0.48374999999999996,0.4905862928807766,49.0,52.0,48.0,51.0
dt,1000,500,500,signo_zodiacal_sagitario,23,0.5,0.487,0.487975835815955,0.5,0.49334093714865046,0.48885000000000006,0.4965736706196305,50.0,52.6,47.4,50.0
dt,1000,500,500,signo_zodiacal_sagitario,24,0.5,0.479,0.478240756204282,0.47000000000000003,0.47374495208467254,0.47545000000000004,0.48794723514850247,47.0,51.2,48.8,53.0
dt,1000,500,500,signo_zodiacal_sagitario,25,0.5,0.514,0.5126730084557186,0.504,0.5074353507590896,0.51589,0.5085452617816564,50.4,47.6,52.4,49.6
dt,1000,500,500,signo_zodiacal_sagitario,26,0.5,0.49300000000000005,0.4945525587036281,0.484,0.4879023415856631,0.49017,0.49828791971045205,48.4,49.8,50.2,51.6
dt,1000,500,500,signo_zodiacal_sagitario,27,0.5,0.48999999999999994,0.4908924955883719,0.488,0.4890334263070836,0.49055,0.49667925892375725,48.8,50.8,49.2,51.2
dt,1000,500,500,signo_zodiacal_sagitario,28,0.5,0.499,0.4983002623508111,0.47400000000000003,0.48572797586985034,0.49845000000000006,0.5000911520943049,47.4,47.6,52.4,52.6
dt,1000,500,500,signo_zodiacal_sagitario,29,0.5,0.528,0.5282989195678272,0.518,0.5229910616140512,0.53135,0.5150097704419491,51.8,46.2,53.8,48.2
dt,1000,500,500,signo_zodiacal_sagitario,30,0.5,0.49800000000000005,0.4974913295767857,0.5,0.4980554098976871,0.49341999999999997,0.49942590565404277,50.0,50.4,49.6,50.0
dt,1000,500,500,signo_zodiacal_sagitario,31,0.5,0.49700000000000005,0.49624611126784723,0.47000000000000003,0.48251350877259547,0.49494000000000005,0.5002396440266305,47.0,47.6,52.4,53.0
dt,1000,500,500,signo_zodiacal_sagitario,32,0.5,0.48600000000000004,0.4866611412619424,0.4779999999999999,0.4818259799919997,0.4825900000000001,0.4923185103399197,47.8,50.6,49.4,52.2
dt,1000,500,500,signo_zodiacal_sagitario,33,0.5,0.4960000000000001,0.49641045425904445,0.526,0.5103883920430486,0.49557,0.5001379339764132,52.6,53.4,46.6,47.4
dt,1000,500,500,signo_zodiacal_sagitario,34,0.5,0.493,0.49291257010316414,0.508,0.5001054750258312,0.49096,0.49561127558213913,50.8,52.2,47.8,49.2
dt,1000,500,500,signo_zodiacal_sagitario,35,0.5,0.48599999999999993,0.48663315374615845,0.46399999999999997,0.4738734595221903,0.48873,0.49448262463851866,46.4,49.2,50.8,53.6
dt,1000,500,500,signo_zodiacal_sagitario,36,0.5,0.485,0.4860468468323784,0.514,0.49924555558936784,0.4879300000000001,0.49494650216810276,51.4,54.4,45.6,48.6
dt,1000,500,500,signo_zodiacal_sagitario,37,0.5,0.517,0.5162738779722416,0.502,0.5083884484995329,0.52006,0.5109813648295731,50.2,46.8,53.2,49.8
dt,1000,500,500,signo_zodiacal_sagitario,38,0.5,0.48600000000000004,0.48488934459725536,0.4699999999999999,0.47674989223591285,0.48362999999999995,0.4954314223722732,47.0,49.8,50.2,53.0
dt,1000,500,500,signo_zodiacal_sagitario,39,0.5,0.5109999999999999,0.5126258503401362,0.49000000000000005,0.500772455002017,0.50837,0.5035629903239163,49.0,46.8,53.2,51.0
dt,1000,500,500,signo_zodiacal_sagitario,40,0.5,0.495,0.49483911128848934,0.508,0.5003556240657332,0.49155,0.4955093433418181,50.8,51.8,48.2,49.2
dt,1000,500,500,signo_zodiacal_sagitario,41,0.5,0.532,0.5330643998454738,0.53,0.5309296120002677,0.52641,0.5160610611359494,53.0,46.6,53.4,47.0
dt,1000,500,500,signo_zodiacal_sagitario,42,0.5,0.509,0.5096398280618464,0.536,0.5223310147025317,0.50488,0.5056491626744732,53.6,51.8,48.2,46.4
dt,1000,500,500,signo_zodiacal_sagitario,43,0.5,0.487,0.48760191259083036,0.5040000000000001,0.49400302241633487,0.48355000000000004,0.492498485619294,50.4,53.0,47.0,49.6
dt,1000,500,500,signo_zodiacal_sagitario,44,0.5,0.509,0.508790556850603,0.5,0.5036257201265438,0.51678,0.5074388724202648,50.0,48.2,51.8,50.0
dt,1000,500,500,signo_zodiacal_sagitario,45,0.5,0.517,0.5174034639204763,0.5040000000000001,0.5101195062425148,0.5148,0.5108674675697056,50.4,47.0,53.0,49.6
dt,1000,500,500,signo_zodiacal_sagitario,46,0.5,0.536,0.5367452281318914,0.534,0.534947570758647,0.5326799999999999,0.5213733541906407,53.4,46.2,53.8,46.6
dt,1000,500,500,signo_zodiacal_sagitario,47,0.5,0.48200000000000004,0.48170434320319905,0.446,0.4629713760680394,0.48207000000000005,0.49300765405197894,44.6,48.2,51.8,55.4
dt,1000,500,500,signo_zodiacal_sagitario,48,0.5,0.49899999999999994,0.4982314726420135,0.45999999999999996,0.4776707298924913,0.50446,0.5029803000603932,46.0,46.2,53.8,54.0
dt,1000,500,500,signo_zodiacal_sagitario,49,0.5,0.501,0.5005625251427356,0.496,0.49790843032090526,0.4992,0.5023826247771687,49.6,49.4,50.6,50.4
dt,1000,500,500,signo_zodiacal_sagitario,50,0.5,0.5189999999999999,0.5207453840352577,0.51,0.5151469916782228,0.52186,0.513067151648915,51.0,47.2,52.8,49.0
dt,1000,500,500,signo_zodiacal_sagitario,51,0.5,0.515,0.5152625634903917,0.508,0.5112304944229635,0.51356,0.5080109732598371,50.8,47.8,52.2,49.2
dt,1000,500,500,signo_zodiacal_sagitario,52,0.5,0.502,0.5027963501354261,0.466,0.4835540936345268,0.49434000000000006,0.49848343247665916,46.6,46.2,53.8,53.4
dt,1000,500,500,signo_zodiacal_sagitario,53,0.5,0.53,0.5311822050791786,0.532,0.5313110326717594,0.5258,0.5143512171101663,53.2,47.2,52.8,46.8
dt,1000,500,500,signo_zodiacal_sagitario,54,0.5,0.509,0.5085380725715141,0.51,0.5085552100177915,0.51047,0.5055080661971777,51.0,49.2,50.8,49.0
dt,1000,500,500,signo_zodiacal_sagitario,55,0.5,0.517,0.5179950517318939,0.496,0.5063508771929824,0.5139800000000001,0.5065576217090848,49.6,46.2,53.8,50.4
dt,1000,500,500,signo_zodiacal_sagitario,56,0.5,0.492,0.4920618330944418,0.484,0.48708648453359665,0.4849900000000001,0.49775359571768424,48.4,50.0,50.0,51.6
dt,1000,500,500,signo_zodiacal_sagitario,57,0.5,0.48,0.4796068130058278,0.518,0.4976705194564402,0.47561,0.49130326339959324,51.8,55.8,44.2,48.2
dt,1000,500,500,signo_zodiacal_sagitario,58,0.5,0.52,0.5185978020205766,0.53,0.5239076422469688,0.52077,0.5120803747138493,53.0,49.0,51.0,47.0
dt,1000,500,500,signo_zodiacal_sagitario,59,0.5,0.488,0.48884256488777494,0.484,0.4857947373619046,0.48427,0.49457691629296374,48.4,50.8,49.2,51.6
dt,1000,500,500,signo_zodiacal_sagitario,60,0.5,0.5160000000000001,0.5168121833228382,0.4779999999999999,0.49627082581614623,0.51165,0.5082024094968915,47.8,44.6,55.4,52.2
dt,1000,500,500,signo_zodiacal_sagitario,61,0.5,0.5029999999999999,0.5032259274455925,0.488,0.49407904641818146,0.49615,0.4986090138739918,48.8,48.2,51.8,51.2
dt,1000,500,500,signo_zodiacal_sagitario,62,0.5,0.4879999999999999,0.487325530872415,0.492,0.488791881826101,0.48929,0.4950156342458797,49.2,51.6,48.4,50.8
dt,1000,500,500,signo_zodiacal_sagitario,63,0.5,0.51,0.5104608693644433,0.496,0.5025361963894748,0.51346,0.5069820219745782,49.6,47.6,52.4,50.4
dt,1000,500,500,signo_zodiacal_sagitario,64,0.5,0.506,0.5056715294928208,0.532,0.5184041004671023,0.50207,0.5031903800529338,53.2,52.0,48.0,46.8
dt,1000,500,500,signo_zodiacal_sagitario,65,0.5,0.49300000000000005,0.4919280719280719,0.488,0.48910322731344263,0.49338,0.4970772005127646,48.8,50.2,49.8,51.2
dt,1000,500,500,signo_zodiacal_sagitario,66,0.5,0.492,0.49090870648763085,0.504,0.4970818618091718,0.49415,0.49759031247050994,50.4,52.0,48.0,49.6
dt,1000,500,500,signo_zodiacal_sagitario,67,0.5,0.522,0.5215781513153811,0.522,0.5213744069920978,0.52055,0.5113868423124402,52.2,47.8,52.2,47.8
dt,1000,500,500,signo_zodiacal_sagitario,68,0.5,0.511,0.510510336109902,0.502,0.5058831819085017,0.51447,0.5059573437346943,50.2,48.0,52.0,49.8
dt,1000,500,500,signo_zodiacal_sagitario,69,0.5,0.506,0.5064576333971887,0.49800000000000005,0.5017149686067145,0.50956,0.5051130766625324,49.8,48.6,51.4,50.2
dt,1000,500,500,signo_zodiacal_sagitario,70,0.5,0.502,0.5037872653662128,0.5,0.5007847935650318,0.50071,0.5016136338735405,50.0,49.6,50.4,50.0
dt,1000,500,500,signo_zodiacal_sagitario,71,0.5,0.531,0.5297841869572837,0.522,0.5249477545460779,0.52628,0.5180853945322419,52.2,46.0,54.0,47.8
dt,1000,500,500,signo_zodiacal_sagitario,72,0.5,0.504,0.5043321626619788,0.502,0.5023862202136902,0.50908,0.5047713967259511,50.2,49.4,50.6,49.8
dt,1000,500,500,signo_zodiacal_sagitario,73,0.5,0.509,0.5110292579556881,0.5119999999999999,0.5106327257676699,0.50518,0.5054138666173296,51.2,49.4,50.6,48.8
dt,1000,500,500,signo_zodiacal_sagitario,74,0.5,0.48600000000000004,0.4856491970422721,0.44000000000000006,0.4612266758019132,0.48503999999999997,0.49538844948881355,44.0,46.8,53.2,56.0
dt,1000,500,500,signo_zodiacal_sagitario,75,0.5,0.512,0.511136137106697,0.5359999999999999,0.5225892771232676,0.51447,0.5084369107148433,53.6,51.2,48.8,46.4
dt,1000,500,500,signo_zodiacal_sagitario,76,0.5,0.505,0.5052535784145238,0.49399999999999994,0.49873805821576,0.50337,0.501810354102268,49.4,48.4,51.6,50.6
dt,1000,500,500,signo_zodiacal_sagitario,77,0.5,0.518,0.5184606882292894,0.5080000000000001,0.5128624573551004,0.51382,0.5107963573753566,50.8,47.2,52.8,49.2
dt,1000,500,500,signo_zodiacal_sagitario,78,0.5,0.47800000000000004,0.4767470624613481,0.45200000000000007,0.46374196818017266,0.48075,0.491103299157822,45.2,49.6,50.4,54.8
dt,1000,500,500,signo_zodiacal_sagitario,79,0.5,0.493,0.49200976513433475,0.49000000000000005,0.49070615912147353,0.4936,0.4969813560522933,49.0,50.4,49.6,51.0
dt,1000,500,500,signo_zodiacal_sagitario,80,0.5,0.501,0.5003147725800433,0.47800000000000004,0.4886612057851627,0.5000500000000001,0.49951012565386926,47.8,47.6,52.4,52.2
dt,1000,500,500,signo_zodiacal_sagitario,81,0.5,0.492,0.4916319556222077,0.48600000000000004,0.48867191698256696,0.49128,0.49770220694420464,48.6,50.2,49.8,51.4
dt,1000,500,500,signo_zodiacal_sagitario,82,0.5,0.5239999999999999,0.5254889380949678,0.52,0.5222333685673068,0.5217499999999999,0.5158867873075097,52.0,47.2,52.8,48.0
dt,1000,500,500,signo_zodiacal_sagitario,83,0.5,0.5250000000000001,0.5246924015430539,0.544,0.5340196480353022,0.5275200000000001,0.5173550313899316,54.4,49.4,50.6,45.6
dt,1000,500,500,signo_zodiacal_sagitario,84,0.5,0.525,0.5246719208608075,0.522,0.5225804705266215,0.5248900000000001,0.5151232406229918,52.2,47.2,52.8,47.8
dt,1000,500,500,signo_zodiacal_sagitario,85,0.5,0.506,0.5060690431288026,0.492,0.4987237331553345,0.50364,0.5040334437425553,49.2,48.0,52.0,50.8
dt,1000,500,500,signo_zodiacal_sagitario,86,0.5,0.509,0.5095165761907133,0.514,0.5113193949973586,0.5153199999999999,0.5082677876550372,51.4,49.6,50.4,48.6
dt,1000,500,500,signo_zodiacal_sagitario,87,0.5,0.47700000000000004,0.4763675530408479,0.47000000000000003,0.472579217949486,0.47155,0.48798760412095277,47.0,51.6,48.4,53.0
dt,1000,500,500,signo_zodiacal_sagitario,88,0.5,0.47800000000000004,0.4742746665802664,0.4640000000000001,0.46781956964318583,0.4786,0.4894419666364384,46.4,50.8,49.2,53.6
dt,1000,500,500,signo_zodiacal_sagitario,89,0.5,0.488,0.48858928856560846,0.506,0.4963192831172796,0.48773999999999995,0.4952331075356292,50.6,53.0,47.0,49.4
dt,1000,500,500,signo_zodiacal_sagitario,90,0.5,0.49300000000000005,0.48792130700647807,0.5000000000000001,0.4903826081912463,0.48597999999999997,0.49591853520973767,50.0,51.4,48.6,50.0
dt,1000,500,500,signo_zodiacal_sagitario,91,0.5,0.497,0.49687004411184804,0.49399999999999994,0.49506038659680945,0.49962,0.5000641496585476,49.4,50.0,50.0,50.6
dt,1000,500,500,signo_zodiacal_sagitario,92,0.5,0.48900000000000005,0.48718527687153845,0.5,0.49272168603052935,0.4856299999999999,0.4923288913306342,50.0,52.2,47.8,50.0
dt,1000,500,500,signo_zodiacal_sagitario,93,0.5,0.508,0.5072561455871989,0.5199999999999999,0.5122779774137168,0.50615,0.5051330555145769,52.0,50.4,49.6,48.0
dt,1000,500,500,signo_zodiacal_sagitario,94,0.5,0.47700000000000004,0.4769347611452875,0.48200000000000004,0.47930929056320526,0.47774,0.49015774822634917,48.2,52.8,47.2,51.8
dt,1000,500,500,signo_zodiacal_sagitario,95,0.5,0.489,0.4865962583601302,0.472,0.47861515948330924,0.4896999999999999,0.49649429553708596,47.2,49.4,50.6,52.8
dt,1000,500,500,signo_zodiacal_sagitario,96,0.5,0.501,0.5017293433975878,0.49799999999999994,0.49861139117176395,0.5008999999999999,0.5025890097098074,49.8,49.6,50.4,50.2
dt,1000,500,500,signo_zodiacal_sagitario,97,0.5,0.502,0.5001470691095609,0.492,0.495427027272088,0.50342,0.5036661126234978,49.2,48.8,51.2,50.8
dt,1000,500,500,signo_zodiacal_sagitario,98,0.5,0.502,0.5031181135292508,0.514,0.5081200535102053,0.5016200000000001,0.5012607095636372,51.4,51.0,49.0,48.6
dt,1000,500,500,signo_zodiacal_sagitario,99,0.5,0.496,0.4961882194819481,0.492,0.4932247520888146,0.49526000000000003,0.4987188380865527,49.2,50.0,50.0,50.8
dt,1000,500,500,signo_zodiacal_sagitario,100,0.5,0.5149999999999999,0.5155993265993265,0.514,0.5142180279788596,0.5153000000000001,0.5076830523585661,51.4,48.4,51.6,48.6
dt,1000,500,500,signo_zodiacal_tauro,1,0.5,0.509,0.5088311048833395,0.508,0.5077813955265137,0.5073700000000001,0.5080375659098577,50.8,49.0,51.0,49.2
dt,1000,500,500,signo_zodiacal_tauro,2,0.5,0.4600000000000001,0.4586767763696836,0.45,0.4541219333379002,0.46312999999999993,0.4840721709955983,45.0,53.0,47.0,55.0
dt,1000,500,500,signo_zodiacal_tauro,3,0.5,0.49800000000000005,0.5003766603766604,0.496,0.4973021223860291,0.49706,0.5008731350863513,49.6,50.0,50.0,50.4
dt,1000,500,500,signo_zodiacal_tauro,4,0.5,0.484,0.4854617453026907,0.488,0.4863495857133432,0.49007000000000006,0.49688798231676684,48.8,52.0,48.0,51.2
dt,1000,500,500,signo_zodiacal_tauro,5,0.5,0.5069999999999999,0.5066441481167445,0.51,0.50735723600616,0.51142,0.5067772295531638,51.0,49.6,50.4,49.0
dt,1000,500,500,signo_zodiacal_tauro,6,0.5,0.502,0.5027954459462387,0.492,0.4966800216966435,0.50642,0.5047300835936748,49.2,48.8,51.2,50.8
dt,1000,500,500,signo_zodiacal_tauro,7,0.5,0.513,0.5115627618568795,0.534,0.5215663145327749,0.5083200000000001,0.5080201568307454,53.4,50.8,49.2,46.6
dt,1000,500,500,signo_zodiacal_tauro,8,0.5,0.48,0.478334345596555,0.45999999999999996,0.46815855071852563,0.4830300000000001,0.4896966626269462,46.0,50.0,50.0,54.0
dt,1000,500,500,signo_zodiacal_tauro,9,0.5,0.49000000000000005,0.4904318033437267,0.496,0.492981852596853,0.48634000000000005,0.4923269514947018,49.6,51.6,48.4,50.4
dt,1000,500,500,signo_zodiacal_tauro,10,0.5,0.504,0.5033633599016315,0.496,0.49941246640049763,0.50427,0.5037081822883086,49.6,48.8,51.2,50.4
dt,1000,500,500,signo_zodiacal_tauro,11,0.5,0.4840000000000001,0.4810458464491297,0.462,0.4702659991823442,0.48399000000000003,0.49586305521207646,46.2,49.4,50.6,53.8
dt,1000,500,500,signo_zodiacal_tauro,12,0.5,0.4960000000000001,0.496082979583586,0.45999999999999996,0.4766469083448047,0.5018100000000001,0.500406014892637,46.0,46.8,53.2,54.0
dt,1000,500,500,signo_zodiacal_tauro,13,0.5,0.477,0.4762613992117249,0.47400000000000003,0.4748981391008911,0.4796099999999999,0.4906096089919948,47.4,52.0,48.0,52.6
dt,1000,500,500,signo_zodiacal_tauro,14,0.5,0.514,0.5135859478791127,0.51,0.5112500647950798,0.5153399999999999,0.5098156085237422,51.0,48.2,51.8,49.0
dt,1000,500,500,signo_zodiacal_tauro,15,0.5,0.488,0.48914326684138,0.5039999999999999,0.4958445440035354,0.48955000000000004,0.49448301063833766,50.4,52.8,47.2,49.6
dt,1000,500,500,signo_zodiacal_tauro,16,0.5,0.48600000000000004,0.4855711629147903,0.484,0.4840542505291478,0.48792,0.4953128205935914,48.4,51.2,48.8,51.6
dt,1000,500,500,signo_zodiacal_tauro,17,0.5,0.5589999999999999,0.5584209773018118,0.5740000000000001,0.565162653030457,0.56319,0.5360623523060369,57.4,45.6,54.4,42.6
dt,1000,500,500,signo_zodiacal_tauro,18,0.5,0.5249999999999999,0.5241156071342987,0.548,0.5357097983767563,0.5224,0.5143176064721986,54.8,49.8,50.2,45.2
dt,1000,500,500,signo_zodiacal_tauro,19,0.5,0.488,0.4853815317450564,0.446,0.46313326345897965,0.488,0.4935195599494814,44.6,47.0,53.0,55.4
dt,1000,500,500,signo_zodiacal_tauro,20,0.5,0.501,0.4999310823728715,0.53,0.5135651498076892,0.50163,0.49943330962492843,53.0,52.8,47.2,47.0
dt,1000,500,500,signo_zodiacal_tauro,21,0.5,0.502,0.5012113899103091,0.51,0.5049597173924785,0.49731000000000003,0.4989096073747278,51.0,50.6,49.4,49.0
dt,1000,500,500,signo_zodiacal_tauro,22,0.5,0.502,0.5020972130820252,0.516,0.5089410957383468,0.49955999999999995,0.49983724501823906,51.6,51.2,48.8,48.4
dt,1000,500,500,signo_zodiacal_tauro,23,0.5,0.483,0.481993769470405,0.46799999999999997,0.4741387845933957,0.48548,0.49181362799005324,46.8,50.2,49.8,53.2
dt,1000,500,500,signo_zodiacal_tauro,24,0.5,0.519,0.5193697524618932,0.504,0.5110913640615528,0.51925,0.5098069870881508,50.4,46.6,53.4,49.6
dt,1000,500,500,signo_zodiacal_tauro,25,0.5,0.4880000000000001,0.48883212849626495,0.49000000000000005,0.4888128652606077,0.48830999999999997,0.49341949725446066,49.0,51.4,48.6,51.0
dt,1000,500,500,signo_zodiacal_tauro,26,0.5,0.503,0.5031073936445913,0.506,0.5044093344457427,0.5045200000000001,0.5024292877230541,50.6,50.0,50.0,49.4
dt,1000,500,500,signo_zodiacal_tauro,27,0.5,0.506,0.5046247770953041,0.49800000000000005,0.5009250181548884,0.50431,0.5031901971996768,49.8,48.6,51.4,50.2
dt,1000,500,500,signo_zodiacal_tauro,28,0.5,0.508,0.5054252690420709,0.5399999999999999,0.5211507311912111,0.50475,0.5052921087387241,54.0,52.4,47.6,46.0
dt,1000,500,500,signo_zodiacal_tauro,29,0.5,0.515,0.514233812160098,0.514,0.512658471248549,0.50975,0.5052318932617862,51.4,48.4,51.6,48.6
dt,1000,500,500,signo_zodiacal_tauro,30,0.5,0.49700000000000005,0.49696812457214945,0.49800000000000005,0.49713642735830027,0.49749,0.5015140062066921,49.8,50.4,49.6,50.2
dt,1000,500,500,signo_zodiacal_tauro,31,0.5,0.49800000000000005,0.4968520566121185,0.506,0.5001400725135948,0.5008199999999999,0.5018546330092137,50.6,51.0,49.0,49.4
dt,1000,500,500,signo_zodiacal_tauro,32,0.5,0.48100000000000004,0.4769418763880934,0.466,0.47068545025249087,0.48541,0.49241127701197673,46.6,50.4,49.6,53.4
dt,1000,500,500,signo_zodiacal_tauro,33,0.5,0.506,0.5052389754053143,0.51,0.5073019866335566,0.5063899999999999,0.5056003001945754,51.0,49.8,50.2,49.0
dt,1000,500,500,signo_zodiacal_tauro,34,0.5,0.507,0.5065287853131071,0.518,0.5119546301160195,0.50631,0.5032545513473304,51.8,50.4,49.6,48.2
dt,1000,500,500,signo_zodiacal_tauro,35,0.5,0.515,0.5160598967944285,0.46799999999999997,0.49037974190419453,0.5127900000000001,0.5091032749644033,46.8,43.8,56.2,53.2
dt,1000,500,500,signo_zodiacal_tauro,36,0.5,0.522,0.5230935832089735,0.522,0.5200437413234942,0.51803,0.5097560605102598,52.2,47.8,52.2,47.8
dt,1000,500,500,signo_zodiacal_tauro,37,0.5,0.481,0.48120500302336977,0.496,0.4874440893576656,0.48675999999999997,0.49219569400117524,49.6,53.4,46.6,50.4
dt,1000,500,500,signo_zodiacal_tauro,38,0.5,0.466,0.46560604601906225,0.46399999999999997,0.4646291506293239,0.46480999999999995,0.48177533861394883,46.4,53.2,46.8,53.6
dt,1000,500,500,signo_zodiacal_tauro,39,0.5,0.492,0.4914391564745172,0.484,0.487423139983228,0.48888999999999994,0.49853074664970726,48.4,50.0,50.0,51.6
dt,1000,500,500,signo_zodiacal_tauro,40,0.5,0.5269999999999999,0.5258947525342874,0.534,0.5289104107596159,0.52667,0.5153621070600358,53.4,48.0,52.0,46.6
dt,1000,500,500,signo_zodiacal_tauro,41,0.5,0.49399999999999994,0.4936527821275708,0.48599999999999993,0.48946873691301623,0.49105,0.49602141003771755,48.6,49.8,50.2,51.4
dt,1000,500,500,signo_zodiacal_tauro,42,0.5,0.525,0.5252928617073067,0.516,0.5200594008136246,0.52563,0.5113814582781041,51.6,46.6,53.4,48.4
dt,1000,500,500,signo_zodiacal_tauro,43,0.5,0.487,0.4862088118850035,0.45600000000000007,0.469953399538383,0.48792,0.49423886983821835,45.6,48.2,51.8,54.4
dt,1000,500,500,signo_zodiacal_tauro,44,0.5,0.491,0.49086533057121295,0.49799999999999994,0.49410100628641296,0.49265,0.49494463877070327,49.8,51.6,48.4,50.2
dt,1000,500,500,signo_zodiacal_tauro,45,0.5,0.529,0.5307090197886185,0.5,0.51380747296274,0.52781,0.5162730633085626,50.0,44.2,55.8,50.0
dt,1000,500,500,signo_zodiacal_tauro,46,0.5,0.504,0.5047583887734216,0.48200000000000004,0.4928381534567482,0.5059,0.5045912156306576,48.2,47.4,52.6,51.8
dt,1000,500,500,signo_zodiacal_tauro,47,0.5,0.504,0.5040336190844544,0.5040000000000001,0.5015284706621822,0.50042,0.500797266780897,50.4,49.6,50.4,49.6
dt,1000,500,500,signo_zodiacal_tauro,48,0.5,0.504,0.5040489475892561,0.506,0.5048143912569014,0.49512,0.5032082469483056,50.6,49.8,50.2,49.4
dt,1000,500,500,signo_zodiacal_tauro,49,0.5,0.48200000000000004,0.4817246960165564,0.466,0.47258164082958726,0.4822699999999999,0.49267548478888334,46.6,50.2,49.8,53.4
dt,1000,500,500,signo_zodiacal_tauro,50,0.5,0.506,0.5066990821905633,0.52,0.5129565958447208,0.5066300000000001,0.5055833364129954,52.0,50.8,49.2,48.0
dt,1000,500,500,signo_zodiacal_tauro,51,0.5,0.493,0.4943358395989975,0.48,0.48636864791899803,0.49724,0.49924270274302085,48.0,49.4,50.6,52.0
dt,1000,500,500,signo_zodiacal_tauro,52,0.5,0.488,0.48849007656251053,0.484,0.48541402132915656,0.48835999999999996,0.49554435260990715,48.4,50.8,49.2,51.6
dt,1000,500,500,signo_zodiacal_tauro,53,0.5,0.49000000000000005,0.4894435933081274,0.5,0.494456836185587,0.48667999999999995,0.49525545393756437,50.0,52.0,48.0,50.0
dt,1000,500,500,signo_zodiacal_tauro,54,0.5,0.501,0.5009487163528482,0.48599999999999993,0.49281513809408645,0.5016999999999999,0.5023431331283057,48.6,48.4,51.6,51.4
dt,1000,500,500,signo_zodiacal_tauro,55,0.5,0.515,0.5148757312466385,0.496,0.5048024475897813,0.51125,0.5066933413250542,49.6,46.6,53.4,50.4
dt,1000,500,500,signo_zodiacal_tauro,56,0.5,0.5029999999999999,0.5022598248560297,0.514,0.5079202456244614,0.50084,0.5029369667624957,51.4,50.8,49.2,48.6
dt,1000,500,500,signo_zodiacal_tauro,57,0.5,0.511,0.5120038627175231,0.45999999999999996,0.484413008174475,0.5132,0.5094806017815412,46.0,43.8,56.2,54.0
dt,1000,500,500,signo_zodiacal_tauro,58,0.5,0.519,0.5201051837142476,0.506,0.5127366009557666,0.52234,0.511990168107323,50.6,46.8,53.2,49.4
dt,1000,500,500,signo_zodiacal_tauro,59,0.5,0.5149999999999999,0.5148969477124817,0.53,0.5222826687593354,0.51367,0.5064615874397829,53.0,50.0,50.0,47.0
dt,1000,500,500,signo_zodiacal_tauro,60,0.5,0.492,0.49132284066011367,0.502,0.49630451760182626,0.49092,0.4977000025199991,50.2,51.8,48.2,49.8
dt,1000,500,500,signo_zodiacal_tauro,61,0.5,0.504,0.506200917910898,0.48600000000000004,0.49539664335333883,0.4997999999999999,0.5034435171731014,48.6,47.8,52.2,51.4
dt,1000,500,500,signo_zodiacal_tauro,62,0.5,0.48100000000000004,0.4800408365893448,0.45600000000000007,0.4670034305403677,0.47928,0.4929464145409426,45.6,49.4,50.6,54.4
dt,1000,500,500,signo_zodiacal_tauro,63,0.5,0.5149999999999999,0.5144035262189313,0.534,0.5228774314701973,0.5149600000000001,0.508998897997177,53.4,50.4,49.6,46.6
dt,1000,500,500,signo_zodiacal_tauro,64,0.5,0.485,0.4849128043239107,0.484,0.48414269271358823,0.48678999999999994,0.4937261493546325,48.4,51.4,48.6,51.6
dt,1000,500,500,signo_zodiacal_tauro,65,0.5,0.5269999999999999,0.5265261488235117,0.5119999999999999,0.5183073021108896,0.52735,0.5157510412071199,51.2,45.8,54.2,48.8
dt,1000,500,500,signo_zodiacal_tauro,66,0.5,0.4720000000000001,0.47266693179558567,0.48,0.4760317744907615,0.46855,0.48625725778318707,48.0,53.6,46.4,52.0
dt,1000,500,500,signo_zodiacal_tauro,67,0.5,0.505,0.5058748574990184,0.512,0.5079817317361495,0.5025700000000001,0.5028916713906785,51.2,50.2,49.8,48.8
dt,1000,500,500,signo_zodiacal_tauro,68,0.5,0.522,0.5210498756139363,0.536,0.5279152714566366,0.52479,0.514855778011277,53.6,49.2,50.8,46.4
dt,1000,500,500,signo_zodiacal_tauro,69,0.5,0.529,0.5306943346508564,0.488,0.5076461325540231,0.53375,0.5195037012782309,48.8,43.0,57.0,51.2
dt,1000,500,500,signo_zodiacal_tauro,70,0.5,0.49400000000000005,0.49332309127224727,0.4720000000000001,0.48154126799773184,0.49133999999999994,0.49744847860535657,47.2,48.4,51.6,52.8
dt,1000,500,500,signo_zodiacal_tauro,71,0.5,0.492,0.49221242965905326,0.49000000000000005,0.4907692307692308,0.49026000000000003,0.49493368554479966,49.0,50.6,49.4,51.0
dt,1000,500,500,signo_zodiacal_tauro,72,0.5,0.4779999999999999,0.4778133709196911,0.466,0.4716095687512862,0.48007999999999995,0.49169145066381936,46.6,51.0,49.0,53.4
dt,1000,500,500,signo_zodiacal_tauro,73,0.5,0.518,0.5175964686418464,0.514,0.5155030428025743,0.51654,0.5089107785930769,51.4,47.8,52.2,48.6
dt,1000,500,500,signo_zodiacal_tauro,74,0.5,0.51,0.5099367718101734,0.47400000000000003,0.49099563015481895,0.5117200000000001,0.5073748441603276,47.4,45.4,54.6,52.6
dt,1000,500,500,signo_zodiacal_tauro,75,0.5,0.47000000000000003,0.47107539293715783,0.47000000000000003,0.46927301187514664,0.46851000000000004,0.4845534401776684,47.0,53.0,47.0,53.0
dt,1000,500,500,signo_zodiacal_tauro,76,0.5,0.49799999999999994,0.4990076252976509,0.47400000000000003,0.4858957013749121,0.49541,0.49953502584088183,47.4,47.8,52.2,52.6
dt,1000,500,500,signo_zodiacal_tauro,77,0.5,0.487,0.4891394188902085,0.49800000000000005,0.4925577336842143,0.48885000000000006,0.49631819858458825,49.8,52.4,47.6,50.2
dt,1000,500,500,signo_zodiacal_tauro,78,0.5,0.497,0.4963796841124785,0.492,0.49312773806900595,0.49314,0.49582323839150166,49.2,49.8,50.2,50.8
dt,1000,500,500,signo_zodiacal_tauro,79,0.5,0.507,0.5065003402225801,0.504,0.504946391830767,0.5044500000000001,0.5012214057800375,50.4,49.0,51.0,49.6
dt,1000,500,500,signo_zodiacal_tauro,80,0.5,0.5290000000000001,0.5280035321308096,0.5399999999999999,0.532603720842938,0.5262399999999999,0.515763689528123,54.0,48.2,51.8,46.0
dt,1000,500,500,signo_zodiacal_tauro,81,0.5,0.511,0.5126250187434398,0.49399999999999994,0.5017839956495418,0.5079800000000001,0.5033979155874069,49.4,47.2,52.8,50.6
dt,1000,500,500,signo_zodiacal_tauro,82,0.5,0.5279999999999999,0.5285202751002105,0.522,0.5248601612738593,0.53109,0.5167612923601,52.2,46.6,53.4,47.8
dt,1000,500,500,signo_zodiacal_tauro,83,0.5,0.49800000000000005,0.4987755864470917,0.506,0.5015779400690581,0.4998600000000001,0.5002562716849451,50.6,51.0,49.0,49.4
dt,1000,500,500,signo_zodiacal_tauro,84,0.5,0.49800000000000005,0.49835046617260337,0.47400000000000003,0.4850924562264769,0.49799000000000004,0.4993457251198258,47.4,47.8,52.2,52.6
dt,1000,500,500,signo_zodiacal_tauro,85,0.5,0.4640000000000001,0.46639615110444155,0.49800000000000005,0.4811722560619144,0.4654300000000001,0.4829874766658081,49.8,57.0,43.0,50.2
dt,1000,500,500,signo_zodiacal_tauro,86,0.5,0.483,0.4820879231323226,0.466,0.4738048638085668,0.48012,0.4903721307554667,46.6,50.0,50.0,53.4
dt,1000,500,500,signo_zodiacal_tauro,87,0.5,0.491,0.4919092148511649,0.5120000000000001,0.5010182919427726,0.48975,0.49576754202429296,51.2,53.0,47.0,48.8
dt,1000,500,500,signo_zodiacal_tauro,88,0.5,0.5240000000000001,0.5246035175548384,0.51,0.5170596912189237,0.5241,0.51193105890756,51.0,46.2,53.8,49.0
dt,1000,500,500,signo_zodiacal_tauro,89,0.5,0.514,0.5124407340193959,0.4959999999999999,0.5030995463290553,0.51216,0.5074976883189597,49.6,46.8,53.2,50.4
dt,1000,500,500,signo_zodiacal_tauro,90,0.5,0.512,0.5112034159693734,0.5,0.5052595513123154,0.5134000000000001,0.5080170903443706,50.0,47.6,52.4,50.0
dt,1000,500,500,signo_zodiacal_tauro,91,0.5,0.508,0.5075991277489283,0.516,0.5111711125707818,0.50718,0.5047650473494143,51.6,50.0,50.0,48.4
dt,1000,500,500,signo_zodiacal_tauro,92,0.5,0.5029999999999999,0.503035918976513,0.49399999999999994,0.4976541382158036,0.50451,0.5025798574628134,49.4,48.8,51.2,50.6
dt,1000,500,500,signo_zodiacal_tauro,93,0.5,0.5050000000000001,0.5053839573055698,0.514,0.5085766476723258,0.5092800000000001,0.5042107029114096,51.4,50.4,49.6,48.6
dt,1000,500,500,signo_zodiacal_tauro,94,0.5,0.5029999999999999,0.5024797869166946,0.49000000000000005,0.4958424185491346,0.5025299999999999,0.5027575862400957,49.0,48.4,51.6,51.0
dt,1000,500,500,signo_zodiacal_tauro,95,0.5,0.48900000000000005,0.49030044030044034,0.502,0.4950943575519865,0.49388000000000004,0.49737677943443404,50.2,52.4,47.6,49.8
dt,1000,500,500,signo_zodiacal_tauro,96,0.5,0.4659999999999999,0.46700786262378136,0.46799999999999997,0.4671601284178055,0.46779000000000004,0.484655691642632,46.8,53.6,46.4,53.2
dt,1000,500,500,signo_zodiacal_tauro,97,0.5,0.522,0.5226409251328242,0.522,0.5213044634787609,0.51926,0.5136074315853593,52.2,47.8,52.2,47.8
dt,1000,500,500,signo_zodiacal_tauro,98,0.5,0.516,0.5161405432604228,0.518,0.5169123500658067,0.51551,0.5065610729987788,51.8,48.6,51.4,48.2
dt,1000,500,500,signo_zodiacal_tauro,99,0.5,0.46299999999999997,0.4624583668532073,0.454,0.4578102417599267,0.46132999999999996,0.48413998085026166,45.4,52.8,47.2,54.6
dt,1000,500,500,signo_zodiacal_tauro,100,0.5,0.522,0.5204977395083865,0.544,0.5313637587424896,0.52469,0.5128101469765063,54.4,50.0,50.0,45.6
dt,1000,500,500,signo_zodiacal_virgo,1,0.5,0.499,0.4985038275386648,0.49800000000000005,0.49741492928249514,0.50002,0.49939622125681177,49.8,50.0,50.0,50.2
dt,1000,500,500,signo_zodiacal_virgo,2,0.5,0.48100000000000004,0.4817882456496318,0.506,0.4934802078735766,0.48207000000000005,0.4915460076696291,50.6,54.4,45.6,49.4
dt,1000,500,500,signo_zodiacal_virgo,3,0.5,0.483,0.48089902452287764,0.4839999999999999,0.4815627562936683,0.47966999999999993,0.49252302374697604,48.4,51.8,48.2,51.6
dt,1000,500,500,signo_zodiacal_virgo,4,0.5,0.5199999999999999,0.5198796153036672,0.518,0.5185106277678764,0.5237700000000001,0.5130409697145077,51.8,47.8,52.2,48.2
dt,1000,500,500,signo_zodiacal_virgo,5,0.5,0.5250000000000001,0.5246474219842929,0.512,0.5180598092906463,0.52124,0.5123343216907861,51.2,46.2,53.8,48.8
dt,1000,500,500,signo_zodiacal_virgo,6,0.5,0.5210000000000001,0.5207506149609463,0.53,0.5242795181790982,0.52397,0.5118269310065671,53.0,48.8,51.2,47.0
dt,1000,500,500,signo_zodiacal_virgo,7,0.5,0.529,0.5285188438934746,0.48199999999999993,0.5026827962948384,0.52873,0.5167640805008615,48.2,42.4,57.6,51.8
dt,1000,500,500,signo_zodiacal_virgo,8,0.5,0.48900000000000005,0.489869930400999,0.488,0.48837509797207923,0.49123,0.49504692979588405,48.8,51.0,49.0,51.2
dt,1000,500,500,signo_zodiacal_virgo,9,0.5,0.4960000000000001,0.49669454280039166,0.506,0.4994333157491053,0.49176000000000003,0.49389186018612535,50.6,51.4,48.6,49.4
dt,1000,500,500,signo_zodiacal_virgo,10,0.5,0.501,0.5010928935930807,0.49800000000000005,0.49948239301542097,0.50417,0.5061618231300231,49.8,49.6,50.4,50.2
dt,1000,500,500,signo_zodiacal_virgo,11,0.5,0.5029999999999999,0.5042005711188036,0.512,0.5074695089390376,0.50241,0.5026348532091567,51.2,50.6,49.4,48.8
dt,1000,500,500,signo_zodiacal_virgo,12,0.5,0.505,0.5056894682755916,0.47400000000000003,0.4888272440545019,0.5098100000000001,0.5070734455353867,47.4,46.4,53.6,52.6
dt,1000,500,500,signo_zodiacal_virgo,13,0.5,0.505,0.5046046046046045,0.5040000000000001,0.5034620821101241,0.5095799999999999,0.5043902342271985,50.4,49.4,50.6,49.6
dt,1000,500,500,signo_zodiacal_virgo,14,0.5,0.49399999999999994,0.49351457345283106,0.488,0.4902784032083554,0.49763,0.4995362428738187,48.8,50.0,50.0,51.2
dt,1000,500,500,signo_zodiacal_virgo,15,0.5,0.513,0.5129618163054696,0.492,0.5019752456191393,0.5142599999999999,0.5096290309861737,49.2,46.6,53.4,50.8
dt,1000,500,500,signo_zodiacal_virgo,16,0.5,0.524,0.5234253985702005,0.536,0.5291582588387157,0.52376,0.5122212893723249,53.6,48.8,51.2,46.4
dt,1000,500,500,signo_zodiacal_virgo,17,0.5,0.523,0.521488636485193,0.554,0.5367009908028353,0.5213500000000002,0.513668066879149,55.4,50.8,49.2,44.6
dt,1000,500,500,signo_zodiacal_virgo,18,0.5,0.499,0.4988360937308306,0.492,0.49525164282953227,0.49942000000000003,0.49770498089823506,49.2,49.4,50.6,50.8
dt,1000,500,500,signo_zodiacal_virgo,19,0.5,0.502,0.5009603869500281,0.484,0.4907044235469127,0.50325,0.5047106418003244,48.4,48.0,52.0,51.6
dt,1000,500,500,signo_zodiacal_virgo,20,0.5,0.487,0.4863597669559131,0.5,0.49286826915146636,0.48369000000000006,0.49481204947187096,50.0,52.6,47.4,50.0
dt,1000,500,500,signo_zodiacal_virgo,21,0.5,0.5139999999999999,0.51347148140068,0.528,0.5205572929157609,0.5162,0.5084475277986019,52.8,50.0,50.0,47.2
dt,1000,500,500,signo_zodiacal_virgo,22,0.5,0.485,0.485011104089555,0.514,0.49871959457676995,0.48416,0.49172331747691994,51.4,54.4,45.6,48.6
dt,1000,500,500,signo_zodiacal_virgo,23,0.5,0.48100000000000004,0.4809365102727218,0.51,0.49482865421087013,0.48344000000000004,0.4933229967183793,51.0,54.8,45.2,49.0
dt,1000,500,500,signo_zodiacal_virgo,24,0.5,0.525,0.5256625372507648,0.514,0.5193448449882074,0.5235500000000001,0.5144963243675662,51.4,46.4,53.6,48.6
dt,1000,500,500,signo_zodiacal_virgo,25,0.5,0.491,0.4896148698677896,0.466,0.4767084992538219,0.4945099999999999,0.4968587684102392,46.6,48.4,51.6,53.4
dt,1000,500,500,signo_zodiacal_virgo,26,0.5,0.535,0.5377583637018993,0.51,0.5218073387137593,0.54136,0.5239732962028805,51.0,44.0,56.0,49.0
dt,1000,500,500,signo_zodiacal_virgo,27,0.5,0.503,0.5031533271169557,0.512,0.5072080773669031,0.50053,0.5011054822108314,51.2,50.6,49.4,48.8
dt,1000,500,500,signo_zodiacal_virgo,28,0.5,0.4960000000000001,0.4973922535161067,0.514,0.5051928649606557,0.496,0.5008631758062821,51.4,52.2,47.8,48.6
dt,1000,500,500,signo_zodiacal_virgo,29,0.5,0.512,0.512625281151597,0.532,0.5215304821680533,0.51013,0.5056602506065159,53.2,50.8,49.2,46.8
dt,1000,500,500,signo_zodiacal_virgo,30,0.5,0.491,0.49194297706924256,0.488,0.4894932431308341,0.49277,0.4968047656177097,48.8,50.6,49.4,51.2
dt,1000,500,500,signo_zodiacal_virgo,31,0.5,0.48100000000000004,0.48134139201197684,0.49000000000000005,0.4854352658447326,0.48227000000000003,0.49126354740834144,49.0,52.8,47.2,51.0
dt,1000,500,500,signo_zodiacal_virgo,32,0.5,0.52,0.5197428832622453,0.512,0.5154441971853242,0.5164300000000001,0.5077805235733394,51.2,47.2,52.8,48.8
dt,1000,500,500,signo_zodiacal_virgo,33,0.5,0.48900000000000005,0.4899630192502532,0.5,0.49448919969067423,0.49481,0.4967715285183167,50.0,52.2,47.8,50.0
dt,1000,500,500,signo_zodiacal_virgo,34,0.5,0.5,0.4997970772737128,0.506,0.5024815115505293,0.49544999999999995,0.49839826480640675,50.6,50.6,49.4,49.4
dt,1000,500,500,signo_zodiacal_virgo,35,0.5,0.484,0.4845727997562338,0.514,0.4982903950247561,0.48172999999999994,0.4898831177948531,51.4,54.6,45.4,48.6
dt,1000,500,500,signo_zodiacal_virgo,36,0.5,0.51,0.5097128300571614,0.504,0.5064256881785779,0.5067800000000001,0.5040973601235704,50.4,48.4,51.6,49.6
dt,1000,500,500,signo_zodiacal_virgo,37,0.5,0.49000000000000005,0.4873080292952666,0.49800000000000005,0.49187984857985245,0.4912000000000001,0.49758578592193975,49.8,51.8,48.2,50.2
dt,1000,500,500,signo_zodiacal_virgo,38,0.5,0.53,0.5308652604390873,0.534,0.5318890823185388,0.53114,0.5166138400999367,53.4,47.4,52.6,46.6
dt,1000,500,500,signo_zodiacal_virgo,39,0.5,0.49399999999999994,0.49252994845606457,0.44000000000000006,0.46383436115258386,0.49572000000000005,0.502383185076045,44.0,45.2,54.8,56.0
dt,1000,500,500,signo_zodiacal_virgo,40,0.5,0.485,0.48555535491575536,0.504,0.49201713631346855,0.48305,0.4932316186066469,50.4,53.4,46.6,49.6
dt,1000,500,500,signo_zodiacal_virgo,41,0.5,0.4779999999999999,0.4779071315282655,0.484,0.4807587038777378,0.47947999999999996,0.48914576879202903,48.4,52.8,47.2,51.6
dt,1000,500,500,signo_zodiacal_virgo,42,0.5,0.514,0.5139403531992054,0.508,0.5100342559636762,0.5142300000000001,0.5075957039603131,50.8,48.0,52.0,49.2
dt,1000,500,500,signo_zodiacal_virgo,43,0.5,0.492,0.4908319345765024,0.484,0.4849900364851803,0.49105,0.49707283855418744,48.4,50.0,50.0,51.6
dt,1000,500,500,signo_zodiacal_virgo,44,0.5,0.504,0.5028052667873103,0.46399999999999997,0.48208803809360934,0.5052900000000001,0.5049680764834499,46.4,45.6,54.4,53.6
dt,1000,500,500,signo_zodiacal_virgo,45,0.5,0.51,0.5106617208600793,0.512,0.5106106733226199,0.5103,0.5068425760501503,51.2,49.2,50.8,48.8
dt,1000,500,500,signo_zodiacal_virgo,46,0.5,0.536,0.5350778925450012,0.56,0.546587271608764,0.53823,0.5237551456338523,56.0,48.8,51.2,44.0
dt,1000,500,500,signo_zodiacal_virgo,47,0.5,0.5210000000000001,0.5219836887534907,0.524,0.5227725056114316,0.51778,0.5086613866734002,52.4,48.2,51.8,47.6
dt,1000,500,500,signo_zodiacal_virgo,48,0.5,0.517,0.5169286630631081,0.502,0.5076863619706861,0.5218700000000001,0.5135242764073068,50.2,46.8,53.2,49.8
dt,1000,500,500,signo_zodiacal_virgo,49,0.5,0.483,0.48298725438225143,0.502,0.4918324072897283,0.48180000000000006,0.49272350065669707,50.2,53.6,46.4,49.8
dt,1000,500,500,signo_zodiacal_virgo,50,0.5,0.515,0.5179190324414449,0.49800000000000005,0.505156375603628,0.517,0.5088822518676661,49.8,46.8,53.2,50.2
dt,1000,500,500,signo_zodiacal_virgo,51,0.5,0.5119999999999999,0.5114481039028078,0.4960000000000001,0.5026611800897515,0.5098100000000001,0.5069214855068026,49.6,47.2,52.8,50.4
dt,1000,500,500,signo_zodiacal_virgo,52,0.5,0.505,0.5045560015694269,0.522,0.5129909635777451,0.50937,0.5055089003600766,52.2,51.2,48.8,47.8
dt,1000,500,500,signo_zodiacal_virgo,53,0.5,0.49000000000000005,0.4911704867041287,0.5120000000000001,0.5006527955593509,0.48938000000000004,0.4945917052575096,51.2,53.2,46.8,48.8
dt,1000,500,500,signo_zodiacal_virgo,54,0.5,0.485,0.48344428259155386,0.48,0.48118589316068305,0.4888199999999999,0.4958006577172,48.0,51.0,49.0,52.0
dt,1000,500,500,signo_zodiacal_virgo,55,0.5,0.504,0.5029408207656271,0.5119999999999999,0.5067523668961785,0.51023,0.5041539291725472,51.2,50.4,49.6,48.8
dt,1000,500,500,signo_zodiacal_virgo,56,0.5,0.506,0.5054311291436021,0.502,0.5030432769832481,0.50398,0.5030035640837436,50.2,49.0,51.0,49.8
dt,1000,500,500,signo_zodiacal_virgo,57,0.5,0.49400000000000005,0.49299686635041395,0.476,0.48379667801587534,0.49101,0.4943929048093204,47.6,48.8,51.2,52.4
dt,1000,500,500,signo_zodiacal_virgo,58,0.5,0.48,0.48034050543294243,0.48200000000000004,0.4811057458687046,0.48016000000000003,0.4919453544637814,48.2,52.2,47.8,51.8
dt,1000,500,500,signo_zodiacal_virgo,59,0.5,0.5090000000000001,0.5075514557566863,0.518,0.5111103204721351,0.51144,0.5057693615880001,51.8,50.0,50.0,48.2
dt,1000,500,500,signo_zodiacal_virgo,60,0.5,0.499,0.5007766449261115,0.53,0.5141238227241806,0.49692,0.500348133275225,53.0,53.2,46.8,47.0
dt,1000,500,500,signo_zodiacal_virgo,61,0.5,0.522,0.5211208748785958,0.5439999999999999,0.5319201707138103,0.5171500000000001,0.5094283002763867,54.4,50.0,50.0,45.6
dt,1000,500,500,signo_zodiacal_virgo,62,0.5,0.508,0.5059777674550141,0.492,0.49827883457983424,0.50465,0.5051232170717884,49.2,47.6,52.4,50.8
dt,1000,500,500,signo_zodiacal_virgo,63,0.5,0.5,0.5008562620390767,0.49800000000000005,0.49933380005350286,0.49942000000000003,0.502352991064929,49.8,49.8,50.2,50.2
dt,1000,500,500,signo_zodiacal_virgo,64,0.5,0.5,0.4987728148306827,0.502,0.49969309902066444,0.50208,0.5015386984800935,50.2,50.2,49.8,49.8
dt,1000,500,500,signo_zodiacal_virgo,65,0.5,0.524,0.5246287215799237,0.502,0.5125962816873377,0.5194799999999999,0.5122175858300515,50.2,45.4,54.6,49.8
dt,1000,500,500,signo_zodiacal_virgo,66,0.5,0.483,0.48310464481255766,0.472,0.4768847619979783,0.47667000000000004,0.487280188313764,47.2,50.6,49.4,52.8
dt,1000,500,500,signo_zodiacal_virgo,67,0.5,0.5279999999999999,0.5262683499717224,0.5399999999999999,0.5326627812574134,0.5283100000000001,0.5159042637665437,54.0,48.4,51.6,46.0
dt,1000,500,500,signo_zodiacal_virgo,68,0.5,0.49800000000000005,0.4970828297527271,0.484,0.4902520751005973,0.5006,0.502064818685224,48.4,48.8,51.2,51.6
dt,1000,500,500,signo_zodiacal_virgo,69,0.5,0.502,0.5027967820349885,0.522,0.5113425587228607,0.49751,0.4993887861529512,52.2,51.8,48.2,47.8
dt,1000,500,500,signo_zodiacal_virgo,70,0.5,0.479,0.4801404599460999,0.45999999999999996,0.4691851817054401,0.47770999999999997,0.4919597833374736,46.0,50.2,49.8,54.0
dt,1000,500,500,signo_zodiacal_virgo,71,0.5,0.509,0.5086340799343442,0.484,0.49584947795559103,0.5093500000000001,0.505883004354361,48.4,46.6,53.4,51.6
dt,1000,500,500,signo_zodiacal_virgo,72,0.5,0.48200000000000004,0.4823832755343953,0.48599999999999993,0.48353596650410235,0.47978000000000004,0.4907796424054526,48.6,52.2,47.8,51.4
dt,1000,500,500,signo_zodiacal_virgo,73,0.5,0.483,0.48359111522773074,0.496,0.4894163792684423,0.48556,0.4941641032206168,49.6,53.0,47.0,50.4
dt,1000,500,500,signo_zodiacal_virgo,74,0.5,0.532,0.5323447196372043,0.546,0.53878637098271,0.53401,0.5199459885522977,54.6,48.2,51.8,45.4
dt,1000,500,500,signo_zodiacal_virgo,75,0.5,0.49700000000000005,0.4977546883450887,0.49000000000000005,0.49361130870258557,0.49110000000000004,0.49992236247765076,49.0,49.6,50.4,51.0
dt,1000,500,500,signo_zodiacal_virgo,76,0.5,0.48600000000000004,0.4846784587961059,0.47800000000000004,0.4806750881866778,0.48563,0.4939856409947786,47.8,50.6,49.4,52.2
dt,1000,500,500,signo_zodiacal_virgo,77,0.5,0.46299999999999997,0.4626711180255249,0.46799999999999997,0.464878917941068,0.46543999999999996,0.4843976655153856,46.8,54.2,45.8,53.2
dt,1000,500,500,signo_zodiacal_virgo,78,0.5,0.539,0.5384184204278515,0.568,0.5519908757001737,0.5398400000000001,0.5232311672425701,56.8,49.0,51.0,43.2
dt,1000,500,500,signo_zodiacal_virgo,79,0.5,0.48600000000000004,0.48429840599651924,0.48,0.4814097546794399,0.48557000000000006,0.4941412409043526,48.0,50.8,49.2,52.0
dt,1000,500,500,signo_zodiacal_virgo,80,0.5,0.529,0.5312867929106586,0.49800000000000005,0.5138173892630313,0.5291100000000001,0.515855434079583,49.8,44.0,56.0,50.2
dt,1000,500,500,signo_zodiacal_virgo,81,0.5,0.515,0.516262939665423,0.514,0.5146042319487505,0.50973,0.5060768985119024,51.4,48.4,51.6,48.6
dt,1000,500,500,signo_zodiacal_virgo,82,0.5,0.476,0.47240241659116966,0.446,0.45821348706467335,0.47485,0.49075743137009464,44.6,49.4,50.6,55.4
dt,1000,500,500,signo_zodiacal_virgo,83,0.5,0.508,0.5087795464122897,0.51,0.5084921101472303,0.50896,0.5046297689390602,51.0,49.4,50.6,49.0
dt,1000,500,500,signo_zodiacal_virgo,84,0.5,0.492,0.49219240316192037,0.514,0.5027144565599219,0.49082,0.4960013406293477,51.4,53.0,47.0,48.6
dt,1000,500,500,signo_zodiacal_virgo,85,0.5,0.506,0.5056819400530741,0.49799999999999994,0.5015319527565546,0.50547,0.5047769298434119,49.8,48.6,51.4,50.2
dt,1000,500,500,signo_zodiacal_virgo,86,0.5,0.532,0.5340290512432055,0.522,0.5271347654852265,0.5327,0.517191690220726,52.2,45.8,54.2,47.8
dt,1000,500,500,signo_zodiacal_virgo,87,0.5,0.484,0.4835921601783812,0.484,0.4824940323550715,0.48441999999999996,0.49186766312208785,48.4,51.6,48.4,51.6
dt,1000,500,500,signo_zodiacal_virgo,88,0.5,0.485,0.48562385903085376,0.47400000000000003,0.47885539146753586,0.48323,0.49280530739628076,47.4,50.4,49.6,52.6
dt,1000,500,500,signo_zodiacal_virgo,89,0.5,0.506,0.5060610833551168,0.5359999999999999,0.5200434943559173,0.50654,0.5037740029581115,53.6,52.4,47.6,46.4
dt,1000,500,500,signo_zodiacal_virgo,90,0.5,0.49000000000000005,0.48974062480146385,0.49400000000000005,0.4913751562949577,0.4874199999999999,0.4960370128988069,49.4,51.4,48.6,50.6
dt,1000,500,500,signo_zodiacal_virgo,91,0.5,0.51,0.5108050128007599,0.48200000000000004,0.49563024480330375,0.5098100000000001,0.5087080651293959,48.2,46.2,53.8,51.8
dt,1000,500,500,signo_zodiacal_virgo,92,0.5,0.481,0.48072291167439307,0.466,0.47251112631984016,0.48365,0.4942480185408772,46.6,50.4,49.6,53.4
dt,1000,500,500,signo_zodiacal_virgo,93,0.5,0.477,0.477869820284681,0.49399999999999994,0.48535741482781597,0.48621,0.49251034047546083,49.4,54.0,46.0,50.6
dt,1000,500,500,signo_zodiacal_virgo,94,0.5,0.507,0.5068935739727819,0.508,0.5073583892418438,0.50624,0.5043590883355111,50.8,49.4,50.6,49.2
dt,1000,500,500,signo_zodiacal_virgo,95,0.5,0.5619999999999999,0.5634731793476984,0.55,0.5560327573526374,0.5578700000000001,0.5359967992291105,55.0,42.6,57.4,45.0
dt,1000,500,500,signo_zodiacal_virgo,96,0.5,0.509,0.5097490415362207,0.51,0.5095338687610177,0.50776,0.5070352470435369,51.0,49.2,50.8,49.0
dt,1000,500,500,signo_zodiacal_virgo,97,0.5,0.518,0.5192283393567874,0.506,0.5121208483954117,0.51591,0.508268127016964,50.6,47.0,53.0,49.4
dt,1000,500,500,signo_zodiacal_virgo,98,0.5,0.484,0.4822635714644619,0.4779999999999999,0.4796207924821786,0.48585,0.4940263227047841,47.8,51.0,49.0,52.2
dt,1000,500,500,signo_zodiacal_virgo,99,0.5,0.491,0.4932629192027688,0.492,0.4915377570705369,0.49366000000000004,0.4985462743541664,49.2,51.0,49.0,50.8
dt,1000,500,500,signo_zodiacal_virgo,100,0.5,0.506,0.5055373860402517,0.512,0.5086374310238122,0.5018900000000001,0.5015931927285526,51.2,50.0,50.0,48.8
