modelo,signo,iter,pos_rate_bootstrap,cv_accuracy,cv_precision,cv_recall,cv_f1,cv_roc_auc,cv_pr_auc,cv_tp_mean,cv_fp_mean,cv_tn_mean,cv_fn_mean
rf,signo_zodiacal_acuario,1,0.5,0.49000000000000005,0.48726551226551224,0.44000000000000006,0.45928055432699394,0.489,0.5776504431241273,4.4,4.6,5.4,5.6
rf,signo_zodiacal_acuario,2,0.5,0.49000000000000005,0.5022222222222222,0.42000000000000004,0.4530994152046784,0.5130000000000001,0.599288617041713,4.2,4.4,5.6,5.8
rf,signo_zodiacal_acuario,3,0.5,0.45,0.42714285714285716,0.36,0.3829679144385027,0.373,0.46221779364426424,3.6,4.6,5.4,6.4
rf,signo_zodiacal_acuario,4,0.5,0.56,0.5775757575757575,0.56,0.5657963089542037,0.5349999999999999,0.577486281692164,5.6,4.4,5.6,4.4
rf,signo_zodiacal_acuario,5,0.5,0.49000000000000005,0.48666666666666664,0.56,0.5150707070707071,0.434,0.49871172205847125,5.6,5.8,4.2,4.4
rf,signo_zodiacal_acuario,6,0.5,0.51,0.4955555555555556,0.48,0.48330143540669857,0.465,0.5379138530887756,4.8,4.6,5.4,5.2
rf,signo_zodiacal_acuario,7,0.5,0.51,0.5097435897435897,0.44000000000000006,0.4600661072972286,0.522,0.5471164658355061,4.4,4.2,5.8,5.6
rf,signo_zodiacal_acuario,8,0.5,0.45999999999999996,0.46333333333333326,0.42000000000000004,0.43479797979797985,0.46699999999999997,0.5111073746514923,4.2,5.0,5.0,5.8
rf,signo_zodiacal_acuario,9,0.5,0.5,0.5217016317016318,0.45999999999999996,0.46781102955016,0.44699999999999995,0.5240385992576395,4.6,4.6,5.4,5.4
rf,signo_zodiacal_acuario,10,0.5,0.48999999999999994,0.5024170274170274,0.44000000000000006,0.44098708309234624,0.537,0.5983356253309813,4.4,4.6,5.4,5.6
rf,signo_zodiacal_acuario,11,0.5,0.5700000000000001,0.6027777777777779,0.54,0.5595560871876661,0.588,0.659546803471726,5.4,4.0,6.0,4.6
rf,signo_zodiacal_acuario,12,0.5,0.47000000000000003,0.4714285714285714,0.42000000000000004,0.43506191950464396,0.52,0.5645156381286413,4.2,4.8,5.2,5.8
rf,signo_zodiacal_acuario,13,0.5,0.52,0.5230158730158729,0.6,0.5467001522729077,0.51,0.5848660253575113,6.0,5.6,4.4,4.0
rf,signo_zodiacal_acuario,14,0.5,0.5599999999999999,0.5595238095238095,0.52,0.529497764017888,0.5599999999999999,0.5933686868686868,5.2,4.0,6.0,4.8
rf,signo_zodiacal_acuario,15,0.5,0.48,0.4738816738816739,0.42000000000000004,0.43985699542975076,0.47999999999999987,0.5482008279817877,4.2,4.6,5.4,5.8
rf,signo_zodiacal_acuario,16,0.5,0.4,0.38642857142857145,0.31999999999999995,0.34784313725490196,0.391,0.4749717782217783,3.2,5.2,4.8,6.8
rf,signo_zodiacal_acuario,17,0.5,0.49000000000000005,0.49147186147186145,0.6,0.5382251082251082,0.438,0.5187229349597771,6.0,6.2,3.8,4.0
rf,signo_zodiacal_acuario,18,0.5,0.64,0.6606060606060605,0.58,0.6081996434937611,0.674,0.7134273657199354,5.8,3.0,7.0,4.2
rf,signo_zodiacal_acuario,19,0.5,0.44000000000000006,0.4354578754578755,0.5199999999999999,0.47137923861035985,0.426,0.5001076331649087,5.2,6.4,3.6,4.8
rf,signo_zodiacal_acuario,20,0.5,0.47000000000000003,0.41611111111111115,0.38,0.39637426900584793,0.462,0.5462100604074288,3.8,4.4,5.6,6.2
rf,signo_zodiacal_acuario,21,0.5,0.5,0.4863247863247864,0.52,0.49712687515891174,0.475,0.546502082283042,5.2,5.2,4.8,4.8
rf,signo_zodiacal_acuario,22,0.5,0.48,0.47757575757575754,0.48,0.47637578795473534,0.487,0.5540064771829477,4.8,5.2,4.8,5.2
rf,signo_zodiacal_acuario,23,0.5,0.5800000000000001,0.5828282828282827,0.5599999999999999,0.5701754385964912,0.619,0.6355134740560436,5.6,4.0,6.0,4.4
rf,signo_zodiacal_acuario,24,0.5,0.5,0.4946464646464646,0.52,0.505768967874231,0.488,0.5484335931526333,5.2,5.2,4.8,4.8
rf,signo_zodiacal_acuario,25,0.5,0.5599999999999999,0.5436507936507937,0.56,0.5433905619664133,0.534,0.5945711792507458,5.6,4.4,5.6,4.4
rf,signo_zodiacal_acuario,26,0.5,0.43,0.37539682539682534,0.28,0.31611012826183105,0.46299999999999997,0.5064293767807699,2.8,4.2,5.8,7.2
rf,signo_zodiacal_acuario,27,0.5,0.55,0.5482575757575757,0.62,0.5607472527472528,0.511,0.5526409599172757,6.2,5.2,4.8,3.8
rf,signo_zodiacal_acuario,28,0.5,0.5700000000000001,0.5843467643467644,0.52,0.5389291963925158,0.583,0.6153789343611326,5.2,3.8,6.2,4.8
rf,signo_zodiacal_acuario,29,0.5,0.44000000000000006,0.4142857142857143,0.33999999999999997,0.36078431372549014,0.339,0.44187534996822925,3.4,4.6,5.4,6.6
rf,signo_zodiacal_acuario,30,0.5,0.48,0.47897435897435897,0.5599999999999999,0.5132632965813744,0.48500000000000004,0.567790404040404,5.6,6.0,4.0,4.4
rf,signo_zodiacal_acuario,31,0.5,0.41,0.41787878787878785,0.43999999999999995,0.42603174603174604,0.354,0.4602396398750888,4.4,6.2,3.8,5.6
rf,signo_zodiacal_acuario,32,0.5,0.52,0.5542424242424243,0.56,0.5435108225108225,0.5489999999999999,0.6160572842190489,5.6,5.2,4.8,4.4
rf,signo_zodiacal_acuario,33,0.5,0.54,0.5483333333333333,0.5599999999999999,0.5511111111111112,0.48599999999999993,0.5604116820571929,5.6,4.8,5.2,4.4
rf,signo_zodiacal_acuario,34,0.5,0.4800000000000001,0.4838383838383839,0.54,0.5087263613579402,0.43600000000000005,0.5113106909430439,5.4,5.8,4.2,4.6
rf,signo_zodiacal_acuario,35,0.5,0.43,0.42745098039215684,0.5,0.4468013468013468,0.43999999999999995,0.4680823055513458,5.0,6.4,3.6,5.0
rf,signo_zodiacal_acuario,36,0.5,0.51,0.5044011544011544,0.52,0.507453124790586,0.493,0.5367049318930124,5.2,5.0,5.0,4.8
rf,signo_zodiacal_acuario,37,0.5,0.53,0.5424242424242424,0.45999999999999996,0.49264828738512956,0.523,0.5478979806742965,4.6,4.0,6.0,5.4
rf,signo_zodiacal_acuario,38,0.5,0.54,0.54,0.5399999999999999,0.5385645933014354,0.552,0.6174612136229783,5.4,4.6,5.4,4.6
rf,signo_zodiacal_acuario,39,0.5,0.44000000000000006,0.43888888888888894,0.42000000000000004,0.4277511961722487,0.469,0.5410455102173367,4.2,5.4,4.6,5.8
rf,signo_zodiacal_acuario,40,0.5,0.53,0.5305555555555557,0.5599999999999999,0.540776182881446,0.46299999999999997,0.5189580234007478,5.6,5.0,5.0,4.4
rf,signo_zodiacal_acuario,41,0.5,0.44000000000000006,0.43575757575757573,0.42000000000000004,0.4203463203463203,0.44699999999999995,0.5380258444685688,4.2,5.4,4.6,5.8
rf,signo_zodiacal_acuario,42,0.5,0.44000000000000006,0.42603174603174604,0.38,0.4001582387340902,0.393,0.47555108883204855,3.8,5.0,5.0,6.2
rf,signo_zodiacal_acuario,43,0.5,0.51,0.5157203907203908,0.44000000000000006,0.46731652233738663,0.556,0.6086098423420405,4.4,4.2,5.8,5.6
rf,signo_zodiacal_acuario,44,0.5,0.52,0.5131313131313131,0.5,0.5021303258145363,0.513,0.5812971844117355,5.0,4.6,5.4,5.0
rf,signo_zodiacal_acuario,45,0.5,0.55,0.548962148962149,0.5,0.5146957867815318,0.514,0.5747828446063741,5.0,4.0,6.0,5.0
rf,signo_zodiacal_acuario,46,0.5,0.49000000000000005,0.4902020202020201,0.5,0.4936158578263841,0.45,0.5164082796288678,5.0,5.2,4.8,5.0
rf,signo_zodiacal_acuario,47,0.5,0.53,0.5361111111111112,0.4,0.4552631578947368,0.547,0.6068111863197002,4.0,3.4,6.6,6.0
rf,signo_zodiacal_acuario,48,0.5,0.53,0.5366666666666667,0.48,0.4967464114832536,0.548,0.5967460203195498,4.8,4.2,5.8,5.2
rf,signo_zodiacal_acuario,49,0.5,0.51,0.5197002997002997,0.5199999999999999,0.5032574189095929,0.483,0.5258314647169137,5.2,5.0,5.0,4.8
rf,signo_zodiacal_acuario,50,0.5,0.5499999999999999,0.5467171717171717,0.54,0.5401382243487507,0.5199999999999999,0.5957038266171393,5.4,4.4,5.6,4.6
rf,signo_zodiacal_acuario,51,0.5,0.43,0.39499999999999996,0.34,0.36371345029239766,0.403,0.46833552618691937,3.4,4.8,5.2,6.6
rf,signo_zodiacal_acuario,52,0.5,0.53,0.5272727272727272,0.6,0.561038961038961,0.5319999999999999,0.5971814288222956,6.0,5.4,4.6,4.0
rf,signo_zodiacal_acuario,53,0.5,0.4,0.4075757575757576,0.45999999999999996,0.4296081111870585,0.43099999999999994,0.5540923023484943,4.6,6.6,3.4,5.4
rf,signo_zodiacal_acuario,54,0.5,0.53,0.5436868686868687,0.52,0.5288372446267183,0.522,0.57072092510173,5.2,4.6,5.4,4.8
rf,signo_zodiacal_acuario,55,0.5,0.6,0.6335775335775337,0.5599999999999999,0.5870103647866469,0.607,0.6661619769119769,5.6,3.6,6.4,4.4
rf,signo_zodiacal_acuario,56,0.5,0.51,0.5044444444444445,0.44000000000000006,0.4649122807017544,0.454,0.5201811270944399,4.4,4.2,5.8,5.6
rf,signo_zodiacal_acuario,57,0.5,0.45,0.4471056721056721,0.42000000000000004,0.4254631143075079,0.516,0.5753931352445284,4.2,5.2,4.8,5.8
rf,signo_zodiacal_acuario,58,0.5,0.5399999999999999,0.5399999999999999,0.5,0.5183625730994151,0.534,0.6061534303329968,5.0,4.2,5.8,5.0
rf,signo_zodiacal_acuario,59,0.5,0.5700000000000001,0.5768253968253968,0.62,0.594354066985646,0.552,0.5807589077589077,6.2,4.8,5.2,3.8
rf,signo_zodiacal_acuario,60,0.5,0.55,0.5574242424242424,0.5399999999999999,0.5451948051948052,0.567,0.5876722248339895,5.4,4.4,5.6,4.6
rf,signo_zodiacal_acuario,61,0.5,0.47000000000000003,0.43611111111111106,0.34,0.3782790309106098,0.46399999999999997,0.5389098530468499,3.4,4.0,6.0,6.6
rf,signo_zodiacal_acuario,62,0.5,0.45000000000000007,0.42445054945054944,0.38,0.39438910575671915,0.47000000000000003,0.5549956679027888,3.8,4.8,5.2,6.2
rf,signo_zodiacal_acuario,63,0.5,0.43000000000000005,0.418974358974359,0.42000000000000004,0.4123276240667545,0.42099999999999993,0.5333652485285613,4.2,5.6,4.4,5.8
rf,signo_zodiacal_acuario,64,0.5,0.58,0.5900000000000001,0.5,0.5372222222222223,0.5820000000000001,0.674678416784454,5.0,3.4,6.6,5.0
rf,signo_zodiacal_acuario,65,0.5,0.5200000000000001,0.5337301587301587,0.52,0.518067673640429,0.5130000000000001,0.5768231847272095,5.2,4.8,5.2,4.8
rf,signo_zodiacal_acuario,66,0.5,0.54,0.5366666666666667,0.5800000000000001,0.5534130781499202,0.58,0.6387717370348949,5.8,5.0,5.0,4.2
rf,signo_zodiacal_acuario,67,0.5,0.48,0.47757575757575754,0.41999999999999993,0.4355388471177945,0.477,0.5516441799514555,4.2,4.6,5.4,5.8
rf,signo_zodiacal_acuario,68,0.5,0.48,0.48197802197802186,0.4999999999999999,0.4853805870174156,0.48,0.5459220691589113,5.0,5.4,4.6,5.0
rf,signo_zodiacal_acuario,69,0.5,0.4800000000000001,0.48,0.38,0.4155054302422723,0.476,0.53333739609204,3.8,4.2,5.8,6.2
rf,signo_zodiacal_acuario,70,0.5,0.5599999999999999,0.5666666666666667,0.5800000000000001,0.5658879819870531,0.553,0.5998851399718272,5.8,4.6,5.4,4.2
rf,signo_zodiacal_acuario,71,0.5,0.62,0.64,0.5800000000000001,0.607251461988304,0.6519999999999999,0.6777965096479027,5.8,3.4,6.6,4.2
rf,signo_zodiacal_acuario,72,0.5,0.54,0.5190476190476191,0.62,0.5578609625668449,0.5690000000000001,0.6210258799508025,6.2,5.4,4.6,3.8
rf,signo_zodiacal_acuario,73,0.5,0.4800000000000001,0.4612698412698412,0.42000000000000004,0.43388967070081624,0.509,0.5532963774271824,4.2,4.6,5.4,5.8
rf,signo_zodiacal_acuario,74,0.5,0.43,0.4222222222222222,0.42000000000000004,0.4175438596491228,0.42000000000000004,0.5138184597480262,4.2,5.6,4.4,5.8
rf,signo_zodiacal_acuario,75,0.5,0.51,0.5387878787878788,0.4,0.43391941391941397,0.525,0.5882481011420639,4.0,3.8,6.2,6.0
rf,signo_zodiacal_acuario,76,0.5,0.36000000000000004,0.36661616161616156,0.36000000000000004,0.36161312371838683,0.35,0.46389295242081624,3.6,6.4,3.6,6.4
rf,signo_zodiacal_acuario,77,0.5,0.45999999999999996,0.45714285714285713,0.44000000000000006,0.44117647058823534,0.4640000000000001,0.5402572237703817,4.4,5.2,4.8,5.6
rf,signo_zodiacal_acuario,78,0.5,0.42000000000000004,0.44761904761904764,0.44000000000000006,0.4357338086749851,0.378,0.49715951738320163,4.4,6.0,4.0,5.6
rf,signo_zodiacal_acuario,79,0.5,0.38,0.3711111111111111,0.33999999999999997,0.3541520467836257,0.33399999999999996,0.45523273235192735,3.4,5.8,4.2,6.6
rf,signo_zodiacal_acuario,80,0.5,0.45,0.45606060606060606,0.5,0.4766233766233766,0.47800000000000004,0.572801087629261,5.0,6.0,4.0,5.0
rf,signo_zodiacal_acuario,81,0.5,0.42000000000000004,0.4150649350649351,0.38,0.39260504201680674,0.40800000000000003,0.4973403371654145,3.8,5.4,4.6,6.2
rf,signo_zodiacal_acuario,82,0.5,0.54,0.545,0.5,0.52,0.563,0.6380545185808343,5.0,4.2,5.8,5.0
rf,signo_zodiacal_acuario,83,0.5,0.48,0.465,0.5599999999999999,0.5017639553429027,0.471,0.558324305811148,5.6,6.0,4.0,4.4
rf,signo_zodiacal_acuario,84,0.5,0.4700000000000001,0.4844322344322345,0.5599999999999999,0.511838332170813,0.483,0.6004177232296426,5.6,6.2,3.8,4.4
rf,signo_zodiacal_acuario,85,0.5,0.45,0.4226190476190476,0.34,0.37525799793601655,0.44000000000000006,0.5408672063230886,3.4,4.4,5.6,6.6
rf,signo_zodiacal_acuario,86,0.5,0.49000000000000005,0.5040404040404041,0.45999999999999996,0.4746867167919799,0.45099999999999996,0.5184151600033953,4.6,4.8,5.2,5.4
rf,signo_zodiacal_acuario,87,0.5,0.53,0.5544011544011545,0.45999999999999996,0.48407650141396263,0.5149999999999999,0.566926027618752,4.6,4.0,6.0,5.4
rf,signo_zodiacal_acuario,88,0.5,0.5700000000000001,0.5772727272727273,0.54,0.5511904761904761,0.5369999999999999,0.5778822001012405,5.4,4.0,6.0,4.6
rf,signo_zodiacal_acuario,89,0.5,0.5200000000000001,0.4865501165501165,0.56,0.5016278793670098,0.449,0.5001992800800851,5.6,5.2,4.8,4.4
rf,signo_zodiacal_acuario,90,0.5,0.52,0.5074675324675325,0.54,0.5174603174603174,0.487,0.5607347036348583,5.4,5.0,5.0,4.6
rf,signo_zodiacal_acuario,91,0.5,0.4800000000000001,0.4843156843156843,0.6200000000000001,0.540054148749801,0.433,0.5099440102381279,6.2,6.6,3.4,3.8
rf,signo_zodiacal_acuario,92,0.5,0.45,0.43258297258297257,0.38,0.40013710747456877,0.457,0.5443853379162976,3.8,4.8,5.2,6.2
rf,signo_zodiacal_acuario,93,0.5,0.47000000000000003,0.4766666666666667,0.52,0.4917979797979798,0.502,0.5824945697577276,5.2,5.8,4.2,4.8
rf,signo_zodiacal_acuario,94,0.5,0.49000000000000005,0.501978021978022,0.44000000000000006,0.4590146722304483,0.42800000000000005,0.511494599999244,4.4,4.6,5.4,5.6
rf,signo_zodiacal_acuario,95,0.5,0.49000000000000005,0.4883333333333333,0.42000000000000004,0.4442424242424242,0.48200000000000004,0.5245146489217697,4.2,4.4,5.6,5.8
rf,signo_zodiacal_acuario,96,0.5,0.52,0.5288383838383839,0.5399999999999999,0.5292314118629908,0.534,0.6060766090634512,5.4,5.0,5.0,4.6
rf,signo_zodiacal_acuario,97,0.5,0.47000000000000003,0.45575757575757575,0.4600000000000001,0.4538095238095238,0.46699999999999997,0.5191843244474823,4.6,5.2,4.8,5.4
rf,signo_zodiacal_acuario,98,0.5,0.47000000000000003,0.4593650793650793,0.42000000000000004,0.4375851393188855,0.462,0.5468149154766802,4.2,4.8,5.2,5.8
rf,signo_zodiacal_acuario,99,0.5,0.48,0.4873704073704073,0.4800000000000001,0.4786180284470768,0.413,0.510613519263674,4.8,5.2,4.8,5.2
rf,signo_zodiacal_acuario,100,0.5,0.55,0.546025641025641,0.5800000000000001,0.5593148880105401,0.558,0.6149652379783959,5.8,4.8,5.2,4.2
rf,signo_zodiacal_acuario,101,0.5,0.5399999999999999,0.5388034188034188,0.52,0.5220022883295194,0.546,0.577845539823094,5.2,4.4,5.6,4.8
rf,signo_zodiacal_acuario,102,0.5,0.5200000000000001,0.5442557442557443,0.48,0.49943849393304235,0.46399999999999997,0.5576069800512525,4.8,4.4,5.6,5.2
rf,signo_zodiacal_acuario,103,0.5,0.37,0.3235353535353535,0.30000000000000004,0.3075020885547201,0.328,0.4298054359641047,3.0,5.6,4.4,7.0
rf,signo_zodiacal_acuario,104,0.5,0.56,0.555964035964036,0.6000000000000001,0.57022530751431,0.5860000000000001,0.5729954000248119,6.0,4.8,5.2,4.0
rf,signo_zodiacal_acuario,105,0.5,0.53,0.5204462204462204,0.5599999999999999,0.5346763211213339,0.5309999999999999,0.5665465465906643,5.6,5.0,5.0,4.4
rf,signo_zodiacal_acuario,106,0.5,0.51,0.512063492063492,0.45999999999999996,0.48253869969040253,0.49799999999999994,0.5648364098921375,4.6,4.4,5.6,5.4
rf,signo_zodiacal_acuario,107,0.5,0.5199999999999999,0.5337662337662338,0.52,0.5021958433723139,0.5530000000000002,0.6100254179944582,5.2,4.8,5.2,4.8
rf,signo_zodiacal_acuario,108,0.5,0.5599999999999999,0.5632478632478632,0.5800000000000001,0.5675202499001126,0.586,0.6541585817862907,5.8,4.6,5.4,4.2
rf,signo_zodiacal_acuario,109,0.5,0.4600000000000001,0.45111111111111113,0.42000000000000004,0.4276874003189793,0.39299999999999996,0.4818207892898295,4.2,5.0,5.0,5.8
rf,signo_zodiacal_acuario,110,0.5,0.55,0.5481818181818181,0.58,0.5621599453178401,0.5469999999999999,0.5758576531827305,5.8,4.8,5.2,4.2
rf,signo_zodiacal_acuario,111,0.5,0.55,0.5397435897435898,0.5599999999999999,0.5330698287220026,0.603,0.662270622738115,5.6,4.6,5.4,4.4
rf,signo_zodiacal_acuario,112,0.5,0.56,0.5625840825840825,0.56,0.5555059003006237,0.605,0.6391528732705203,5.6,4.4,5.6,4.4
rf,signo_zodiacal_acuario,113,0.5,0.51,0.5045177045177045,0.5,0.4955703216034351,0.506,0.5380192595502192,5.0,4.8,5.2,5.0
rf,signo_zodiacal_acuario,114,0.5,0.5,0.5032167832167832,0.5599999999999999,0.5286768304159609,0.47300000000000003,0.5245989755858177,5.6,5.6,4.4,4.4
rf,signo_zodiacal_acuario,115,0.5,0.48999999999999994,0.48504329004328994,0.4999999999999999,0.48307002801120447,0.4790000000000001,0.5853930785416853,5.0,5.2,4.8,5.0
rf,signo_zodiacal_acuario,116,0.5,0.58,0.5851404151404151,0.54,0.5457839670088963,0.607,0.6457123970800441,5.4,3.8,6.2,4.6
rf,signo_zodiacal_acuario,117,0.5,0.45999999999999996,0.4493589743589744,0.4,0.4154525807271803,0.48900000000000005,0.5310767169706798,4.0,4.8,5.2,6.0
rf,signo_zodiacal_acuario,118,0.5,0.5399999999999999,0.5483333333333333,0.5599999999999999,0.5511111111111111,0.5780000000000001,0.5618550758666858,5.6,4.8,5.2,4.4
rf,signo_zodiacal_acuario,119,0.5,0.51,0.513888888888889,0.48,0.4872408293460925,0.48600000000000004,0.5159220495706563,4.8,4.6,5.4,5.2
rf,signo_zodiacal_acuario,120,0.5,0.48,0.47424242424242424,0.5,0.48566871724766464,0.484,0.5532216280451575,5.0,5.4,4.6,5.0
rf,signo_zodiacal_acuario,121,0.5,0.53,0.5330891330891332,0.5399999999999999,0.5306437449121525,0.588,0.6513261944453894,5.4,4.8,5.2,4.6
rf,signo_zodiacal_acuario,122,0.5,0.55,0.5646753246753247,0.56,0.5572141583906289,0.5820000000000001,0.6262251904442306,5.6,4.6,5.4,4.4
rf,signo_zodiacal_acuario,123,0.5,0.51,0.5124242424242424,0.52,0.5146684894053315,0.5119999999999999,0.6188661806030227,5.2,5.0,5.0,4.8
rf,signo_zodiacal_acuario,124,0.5,0.36,0.3403030303030303,0.36,0.34733766233766233,0.34199999999999997,0.43342550706947,3.6,6.4,3.6,6.4
rf,signo_zodiacal_acuario,125,0.5,0.45999999999999996,0.45906593406593404,0.44000000000000006,0.4451264563796533,0.45999999999999996,0.491597367115169,4.4,5.2,4.8,5.6
rf,signo_zodiacal_acuario,126,0.5,0.5900000000000001,0.5735930735930735,0.64,0.5993761140819964,0.619,0.6784884229117976,6.4,4.6,5.4,3.6
rf,signo_zodiacal_acuario,127,0.5,0.4699999999999999,0.4641558441558441,0.42000000000000004,0.4254715219421102,0.492,0.5693726463594885,4.2,4.8,5.2,5.8
rf,signo_zodiacal_acuario,128,0.5,0.53,0.5371250971250972,0.5599999999999999,0.5305053939195815,0.531,0.5696329748682689,5.6,5.0,5.0,4.4
rf,signo_zodiacal_acuario,129,0.5,0.48,0.4818181818181818,0.41999999999999993,0.4440709617180206,0.43899999999999995,0.48710065914477674,4.2,4.6,5.4,5.8
rf,signo_zodiacal_acuario,130,0.5,0.42000000000000004,0.4278321678321678,0.44000000000000006,0.4310835058661146,0.38099999999999995,0.4847273594998053,4.4,6.0,4.0,5.6
rf,signo_zodiacal_acuario,131,0.5,0.39,0.37772727272727274,0.34,0.35619047619047617,0.33799999999999997,0.46981732423063693,3.4,5.6,4.4,6.6
rf,signo_zodiacal_acuario,132,0.5,0.54,0.5555555555555556,0.45999999999999996,0.49941520467836253,0.484,0.540244377139888,4.6,3.8,6.2,5.4
rf,signo_zodiacal_acuario,133,0.5,0.53,0.5343711843711845,0.5800000000000001,0.5476680249799109,0.57,0.5955529998896874,5.8,5.2,4.8,4.2
rf,signo_zodiacal_acuario,134,0.5,0.6100000000000001,0.6599999999999999,0.5399999999999999,0.5763636363636363,0.6039999999999999,0.7067855498474693,5.4,3.2,6.8,4.6
rf,signo_zodiacal_acuario,135,0.5,0.51,0.49952047952047945,0.54,0.5154872067404036,0.568,0.5954562643239114,5.4,5.2,4.8,4.6
rf,signo_zodiacal_acuario,136,0.5,0.45999999999999996,0.4636363636363637,0.54,0.4971861471861471,0.43999999999999995,0.5020013956631604,5.4,6.2,3.8,4.6
rf,signo_zodiacal_acuario,137,0.5,0.4699999999999999,0.4662337662337662,0.43999999999999995,0.44874485679439235,0.46299999999999997,0.5245855537651203,4.4,5.0,5.0,5.6
rf,signo_zodiacal_acuario,138,0.5,0.63,0.6385714285714286,0.5800000000000001,0.6018238108640585,0.72,0.747383809001456,5.8,3.2,6.8,4.2
rf,signo_zodiacal_acuario,139,0.5,0.51,0.4943137254901961,0.6599999999999999,0.5584977984977985,0.479,0.5669891111640337,6.6,6.4,3.6,3.4
rf,signo_zodiacal_acuario,140,0.5,0.45999999999999996,0.4682900432900433,0.42000000000000004,0.43855360325948556,0.421,0.5042260064496907,4.2,5.0,5.0,5.8
rf,signo_zodiacal_acuario,141,0.5,0.5900000000000001,0.5873459873459873,0.5799999999999998,0.578292278009602,0.585,0.6456500602940232,5.8,4.0,6.0,4.2
rf,signo_zodiacal_acuario,142,0.5,0.5,0.5123076923076922,0.4999999999999999,0.49343873517786563,0.5229999999999999,0.6379396904265325,5.0,5.0,5.0,5.0
rf,signo_zodiacal_acuario,143,0.5,0.5,0.4952991452991453,0.52,0.5031389408963779,0.475,0.5170615501629433,5.2,5.2,4.8,4.8
rf,signo_zodiacal_acuario,144,0.5,0.5,0.5010256410256411,0.6,0.5398794813119756,0.471,0.5568253968253968,6.0,6.0,4.0,4.0
rf,signo_zodiacal_acuario,145,0.5,0.52,0.5520202020202021,0.48,0.4953064479380268,0.563,0.6456536421095244,4.8,4.4,5.6,5.2
rf,signo_zodiacal_acuario,146,0.5,0.56,0.5688383838383839,0.5,0.5275647451963241,0.537,0.5949721116516782,5.0,3.8,6.2,5.0
rf,signo_zodiacal_acuario,147,0.5,0.49000000000000005,0.48045454545454547,0.44000000000000006,0.4568253968253968,0.479,0.5918421398862576,4.4,4.6,5.4,5.6
rf,signo_zodiacal_acuario,148,0.5,0.45999999999999996,0.47619047619047616,0.43999999999999995,0.4471182412358883,0.441,0.5317300308051081,4.4,5.2,4.8,5.6
rf,signo_zodiacal_acuario,149,0.5,0.53,0.5381818181818182,0.52,0.518095238095238,0.45,0.5280757606686399,5.2,4.6,5.4,4.8
rf,signo_zodiacal_acuario,150,0.5,0.41000000000000003,0.39150183150183143,0.4,0.3919558487010365,0.43200000000000005,0.5162614962436944,4.0,5.8,4.2,6.0
rf,signo_zodiacal_acuario,151,0.5,0.5,0.5156410256410257,0.48,0.4841458058849363,0.48699999999999993,0.5612537931624619,4.8,4.8,5.2,5.2
rf,signo_zodiacal_acuario,152,0.5,0.52,0.5319230769230769,0.44000000000000006,0.4736231884057971,0.48100000000000004,0.5543833497084271,4.4,4.0,6.0,5.6
rf,signo_zodiacal_acuario,153,0.5,0.58,0.5786013986013986,0.6199999999999999,0.5969772256728778,0.6040000000000001,0.6387691752691753,6.2,4.6,5.4,3.8
rf,signo_zodiacal_acuario,154,0.5,0.38999999999999996,0.3466666666666667,0.26,0.29117376775271514,0.337,0.4399383122897055,2.6,4.8,5.2,7.4
rf,signo_zodiacal_acuario,155,0.5,0.56,0.574962814962815,0.5599999999999999,0.5614435064643707,0.533,0.5816169159358014,5.6,4.4,5.6,4.4
rf,signo_zodiacal_acuario,156,0.5,0.5299999999999999,0.5256721056721056,0.5399999999999999,0.5291242599251753,0.5559999999999999,0.6056584614216194,5.4,4.8,5.2,4.6
rf,signo_zodiacal_acuario,157,0.5,0.5599999999999999,0.5637118437118438,0.54,0.5451985462377171,0.615,0.6376267872134745,5.4,4.2,5.8,4.6
rf,signo_zodiacal_acuario,158,0.5,0.5700000000000001,0.5742929292929293,0.5599999999999999,0.5649456975772765,0.6040000000000001,0.6573265509000802,5.6,4.2,5.8,4.4
rf,signo_zodiacal_acuario,159,0.5,0.5599999999999999,0.6174242424242424,0.4999999999999999,0.5306447938026886,0.49700000000000005,0.5699130693867536,5.0,3.8,6.2,5.0
rf,signo_zodiacal_acuario,160,0.5,0.45,0.44098124098124103,0.4800000000000001,0.45427003337220057,0.45999999999999996,0.5409609916227562,4.8,5.8,4.2,5.2
rf,signo_zodiacal_acuario,161,0.5,0.5800000000000001,0.5800854700854702,0.64,0.6059746203453298,0.661,0.7002265322396901,6.4,4.8,5.2,3.6
rf,signo_zodiacal_acuario,162,0.5,0.4600000000000001,0.4588383838383838,0.45999999999999996,0.4576441102756893,0.47400000000000003,0.5594032170959415,4.6,5.4,4.6,5.4
rf,signo_zodiacal_acuario,163,0.5,0.44000000000000006,0.36583333333333334,0.44000000000000006,0.3837948717948718,0.43,0.5061792388897652,4.4,5.6,4.4,5.6
rf,signo_zodiacal_acuario,164,0.5,0.55,0.5484737484737485,0.6,0.5645981962579082,0.5269999999999999,0.6055847300274545,6.0,5.0,5.0,4.0
rf,signo_zodiacal_acuario,165,0.5,0.47000000000000003,0.4821518350930115,0.5599999999999999,0.5107381981523857,0.4130000000000001,0.4772192252192252,5.6,6.2,3.8,4.4
rf,signo_zodiacal_acuario,166,0.5,0.45,0.46106060606060606,0.32000000000000006,0.35619047619047617,0.41600000000000004,0.49485740489300867,3.2,4.2,5.8,6.8
rf,signo_zodiacal_acuario,167,0.5,0.53,0.5206793206793207,0.5800000000000001,0.5423273657289003,0.499,0.5986757044125465,5.8,5.2,4.8,4.2
rf,signo_zodiacal_acuario,168,0.5,0.51,0.5227777777777778,0.44000000000000006,0.46862307283359905,0.49400000000000005,0.5805154463699356,4.4,4.2,5.8,5.6
rf,signo_zodiacal_acuario,169,0.5,0.33999999999999997,0.3621711621711622,0.42000000000000004,0.3867603792088918,0.30199999999999994,0.43447812747967546,4.2,7.4,2.6,5.8
rf,signo_zodiacal_acuario,170,0.5,0.4800000000000001,0.4784065934065934,0.5,0.480105143506678,0.46900000000000003,0.5563507109505561,5.0,5.4,4.6,5.0
rf,signo_zodiacal_acuario,171,0.5,0.53,0.5443473193473193,0.54,0.53866913660964,0.525,0.5843528328396749,5.4,4.8,5.2,4.6
rf,signo_zodiacal_acuario,172,0.5,0.51,0.4930555555555555,0.5399999999999999,0.5055003476056108,0.453,0.5340617068689825,5.4,5.2,4.8,4.6
rf,signo_zodiacal_acuario,173,0.5,0.53,0.5390248640248639,0.5,0.5096109839816934,0.549,0.625327745783628,5.0,4.4,5.6,5.0
rf,signo_zodiacal_acuario,174,0.5,0.48,0.4825757575757576,0.45999999999999996,0.46950710108604843,0.45999999999999996,0.535955292643373,4.6,5.0,5.0,5.4
rf,signo_zodiacal_acuario,175,0.5,0.49000000000000005,0.5057142857142858,0.44000000000000006,0.45815789473684215,0.55,0.5636261146833903,4.4,4.6,5.4,5.6
rf,signo_zodiacal_acuario,176,0.5,0.54,0.5281746031746032,0.52,0.5177221127685524,0.579,0.6503930591252571,5.2,4.4,5.6,4.8
rf,signo_zodiacal_acuario,177,0.5,0.54,0.5353379953379953,0.62,0.5688557625948931,0.531,0.5844384575692625,6.2,5.4,4.6,3.8
rf,signo_zodiacal_acuario,178,0.5,0.5800000000000001,0.5575180375180375,0.4800000000000001,0.5025309881037435,0.536,0.5688363421923792,4.8,3.2,6.8,5.2
rf,signo_zodiacal_acuario,179,0.5,0.56,0.5758547008547008,0.5,0.5249491482329011,0.5250000000000001,0.5802310848765957,5.0,3.8,6.2,5.0
rf,signo_zodiacal_acuario,180,0.5,0.53,0.5268686868686869,0.62,0.5642155388471178,0.441,0.4734489933870739,6.2,5.6,4.4,3.8
rf,signo_zodiacal_acuario,181,0.5,0.45999999999999996,0.45619658119658124,0.4,0.41993090142235384,0.41999999999999993,0.5324596802406399,4.0,4.8,5.2,6.0
rf,signo_zodiacal_acuario,182,0.5,0.62,0.6289466089466089,0.6,0.5972323455698069,0.6309999999999999,0.6885216274953116,6.0,3.6,6.4,4.0
rf,signo_zodiacal_acuario,183,0.5,0.4699999999999999,0.46873015873015866,0.44000000000000006,0.44471413828689366,0.4530000000000001,0.5955082997497858,4.4,5.0,5.0,5.6
rf,signo_zodiacal_acuario,184,0.5,0.51,0.5094877344877344,0.45999999999999996,0.4803331859059414,0.514,0.5538458302103815,4.6,4.4,5.6,5.4
rf,signo_zodiacal_acuario,185,0.5,0.49000000000000005,0.48904761904761906,0.4600000000000001,0.47038621509209744,0.417,0.4962843076256389,4.6,4.8,5.2,5.4
rf,signo_zodiacal_acuario,186,0.5,0.42000000000000004,0.37126984126984125,0.28,0.31337019018133566,0.37299999999999994,0.47126334046070895,2.8,4.4,5.6,7.2
rf,signo_zodiacal_acuario,187,0.5,0.49000000000000005,0.5129023917259212,0.5599999999999999,0.5230898929620158,0.471,0.528335148941186,5.6,5.8,4.2,4.4
rf,signo_zodiacal_acuario,188,0.5,0.5599999999999999,0.5716483516483517,0.58,0.565666382495027,0.5349999999999999,0.5872839160323681,5.8,4.6,5.4,4.2
rf,signo_zodiacal_acuario,189,0.5,0.53,0.5148051948051948,0.45999999999999996,0.48118973905351614,0.589,0.6538881004616297,4.6,4.0,6.0,5.4
rf,signo_zodiacal_acuario,190,0.5,0.43000000000000005,0.42368686868686867,0.4,0.41032581453634087,0.496,0.5418931428049074,4.0,5.4,4.6,6.0
rf,signo_zodiacal_acuario,191,0.5,0.51,0.47944444444444445,0.42000000000000004,0.44491228070175437,0.518,0.5768707038575459,4.2,4.0,6.0,5.8
rf,signo_zodiacal_acuario,192,0.5,0.55,0.5488888888888889,0.5399999999999999,0.5421903242955873,0.602,0.6153944258356022,5.4,4.4,5.6,4.6
rf,signo_zodiacal_acuario,193,0.5,0.45999999999999996,0.46803418803418806,0.5199999999999999,0.4904014978156854,0.42699999999999994,0.4942840954195443,5.2,6.0,4.0,4.8
rf,signo_zodiacal_acuario,194,0.5,0.53,0.5326190476190475,0.54,0.5211503267973857,0.5189999999999999,0.5826098519643412,5.4,4.8,5.2,4.6
rf,signo_zodiacal_acuario,195,0.5,0.6300000000000001,0.6382728382728382,0.6599999999999999,0.6401707593792666,0.608,0.6381388697302011,6.6,4.0,6.0,3.4
rf,signo_zodiacal_acuario,196,0.5,0.52,0.5323676323676324,0.52,0.5187512686233914,0.542,0.6092630506748153,5.2,4.8,5.2,4.8
rf,signo_zodiacal_acuario,197,0.5,0.4,0.4164635364635364,0.48,0.44387163561076604,0.382,0.4932257491390618,4.8,6.8,3.2,5.2
rf,signo_zodiacal_acuario,198,0.5,0.5000000000000001,0.47512265512265517,0.52,0.48955506413091554,0.4600000000000001,0.5044486342690676,5.2,5.2,4.8,4.8
rf,signo_zodiacal_acuario,199,0.5,0.52,0.52,0.6199999999999999,0.5627536231884058,0.4680000000000001,0.5089253822373017,6.2,5.8,4.2,3.8
rf,signo_zodiacal_acuario,200,0.5,0.5,0.49428571428571433,0.45999999999999996,0.4620974450386215,0.44000000000000006,0.5120710307064796,4.6,4.6,5.4,5.4
rf,signo_zodiacal_acuario,201,0.5,0.48,0.4666666666666667,0.42000000000000004,0.43888888888888894,0.516,0.5405316052196858,4.2,4.6,5.4,5.8
rf,signo_zodiacal_acuario,202,0.5,0.47000000000000003,0.4766233766233766,0.52,0.49380268853953063,0.434,0.5308716843012509,5.2,5.8,4.2,4.8
rf,signo_zodiacal_acuario,203,0.5,0.4800000000000001,0.5008730158730159,0.44000000000000006,0.4640153860587297,0.484,0.5334136511063756,4.4,4.8,5.2,5.6
rf,signo_zodiacal_acuario,204,0.5,0.63,0.6330769230769231,0.64,0.632463768115942,0.6739999999999999,0.7147034497150595,6.4,3.8,6.2,3.6
rf,signo_zodiacal_acuario,205,0.5,0.4600000000000001,0.4802020202020202,0.38,0.41510442773600664,0.493,0.5446286389049547,3.8,4.6,5.4,6.2
rf,signo_zodiacal_acuario,206,0.5,0.36,0.3461172161172161,0.36000000000000004,0.3485783667880855,0.346,0.45117297571709336,3.6,6.4,3.6,6.4
rf,signo_zodiacal_acuario,207,0.5,0.51,0.5194444444444445,0.45999999999999996,0.48228335991493887,0.532,0.6160174831188763,4.6,4.4,5.6,5.4
rf,signo_zodiacal_acuario,208,0.5,0.42000000000000004,0.42085858585858577,0.45999999999999996,0.43430576441102753,0.4109999999999999,0.5135412390327251,4.6,6.2,3.8,5.4
rf,signo_zodiacal_acuario,209,0.5,0.5000000000000001,0.49742424242424244,0.5199999999999999,0.5018412698412698,0.5489999999999999,0.5735890369520401,5.2,5.2,4.8,4.8
rf,signo_zodiacal_acuario,210,0.5,0.4600000000000001,0.43979797979797974,0.34,0.37500417710944023,0.45,0.511864318687848,3.4,4.2,5.8,6.6
rf,signo_zodiacal_acuario,211,0.5,0.55,0.5712470862470862,0.5399999999999999,0.5382872200263504,0.534,0.5841072924323699,5.4,4.4,5.6,4.6
rf,signo_zodiacal_acuario,212,0.5,0.51,0.4954248366013072,0.5399999999999999,0.5054580896686159,0.502,0.5563141564318036,5.4,5.2,4.8,4.6
rf,signo_zodiacal_acuario,213,0.5,0.48,0.48321678321678324,0.52,0.4979986197377501,0.5090000000000001,0.5921507577389931,5.2,5.6,4.4,4.8
rf,signo_zodiacal_acuario,214,0.5,0.5700000000000001,0.573076923076923,0.5800000000000001,0.57044356609574,0.549,0.6289595590168344,5.8,4.4,5.6,4.2
rf,signo_zodiacal_acuario,215,0.5,0.41000000000000003,0.4059090909090909,0.4,0.4019047619047619,0.45200000000000007,0.5324630359320761,4.0,5.8,4.2,6.0
rf,signo_zodiacal_acuario,216,0.5,0.5800000000000001,0.6097222222222222,0.5399999999999999,0.545813251076409,0.6239999999999999,0.6539375979197961,5.4,3.8,6.2,4.6
rf,signo_zodiacal_acuario,217,0.5,0.45,0.4496031746031746,0.48,0.46040100250626564,0.45600000000000007,0.5446668542156159,4.8,5.8,4.2,5.2
rf,signo_zodiacal_acuario,218,0.5,0.43,0.44701298701298703,0.45999999999999996,0.4463081232492997,0.429,0.5323662289722662,4.6,6.0,4.0,5.4
rf,signo_zodiacal_acuario,219,0.5,0.55,0.5524675324675324,0.52,0.5315779645191409,0.545,0.5625806682997085,5.2,4.2,5.8,4.8
rf,signo_zodiacal_acuario,220,0.5,0.6399999999999999,0.6322727272727273,0.6799999999999999,0.6484444444444444,0.651,0.6445911023101425,6.8,4.0,6.0,3.2
rf,signo_zodiacal_acuario,221,0.5,0.41999999999999993,0.4080519480519481,0.44000000000000006,0.42047873694932514,0.38899999999999996,0.4897826561123774,4.4,6.0,4.0,5.6
rf,signo_zodiacal_acuario,222,0.5,0.5199999999999999,0.5350854700854701,0.5399999999999999,0.5334493678200773,0.46799999999999997,0.5458038219949984,5.4,5.0,5.0,4.6
rf,signo_zodiacal_acuario,223,0.5,0.5599999999999999,0.5584737484737484,0.6199999999999999,0.5777839670088963,0.5589999999999999,0.6028275519630009,6.2,5.0,5.0,3.8
rf,signo_zodiacal_acuario,224,0.5,0.55,0.5386446886446887,0.6599999999999999,0.5918690005646527,0.5589999999999999,0.6156736770281662,6.6,5.6,4.4,3.4
rf,signo_zodiacal_acuario,225,0.5,0.5700000000000001,0.6636904761904762,0.5199999999999999,0.5439628482972136,0.564,0.6459861264466527,5.2,3.8,6.2,4.8
rf,signo_zodiacal_acuario,226,0.5,0.51,0.5059163059163059,0.5,0.4956926630301243,0.6009999999999999,0.6540650264767912,5.0,4.8,5.2,5.0
rf,signo_zodiacal_acuario,227,0.5,0.43,0.39,0.38,0.3781818181818182,0.391,0.4607283996533222,3.8,5.2,4.8,6.2
rf,signo_zodiacal_acuario,228,0.5,0.45,0.45024420024420025,0.45999999999999996,0.4500556786059546,0.45099999999999996,0.5099083859037419,4.6,5.6,4.4,5.4
rf,signo_zodiacal_acuario,229,0.5,0.5,0.4864646464646465,0.5599999999999999,0.5160610617452723,0.49399999999999994,0.5527656710334728,5.6,5.6,4.4,4.4
rf,signo_zodiacal_acuario,230,0.5,0.5,0.5039682539682541,0.44000000000000006,0.4638193076273572,0.47400000000000003,0.5515090660973014,4.4,4.4,5.6,5.6
rf,signo_zodiacal_acuario,231,0.5,0.5700000000000001,0.5748917748917749,0.6000000000000001,0.5795243456234168,0.5900000000000001,0.6221417636371196,6.0,4.6,5.4,4.0
rf,signo_zodiacal_acuario,232,0.5,0.43,0.4157828282828283,0.44000000000000006,0.4194090996722575,0.421,0.505910237595222,4.4,5.8,4.2,5.6
rf,signo_zodiacal_acuario,233,0.5,0.49000000000000005,0.5106565656565657,0.4,0.442406015037594,0.4600000000000001,0.5139164791177174,4.0,4.2,5.8,6.0
rf,signo_zodiacal_acuario,234,0.5,0.54,0.5363636363636364,0.5,0.5123249299719889,0.507,0.5367721430616168,5.0,4.2,5.8,5.0
rf,signo_zodiacal_acuario,235,0.5,0.45,0.4570940170940171,0.48,0.4480095099408601,0.41900000000000004,0.4772957406370719,4.8,5.8,4.2,5.2
rf,signo_zodiacal_acuario,236,0.5,0.44000000000000006,0.4007142857142857,0.38,0.3805882352941176,0.442,0.5274818330963842,3.8,5.0,5.0,6.2
rf,signo_zodiacal_acuario,237,0.5,0.39,0.3923809523809524,0.36000000000000004,0.3722043969102793,0.337,0.43862944021922357,3.6,5.8,4.2,6.4
rf,signo_zodiacal_acuario,238,0.5,0.51,0.5125757575757576,0.4999999999999999,0.5025108225108225,0.49800000000000005,0.5493940509954441,5.0,4.8,5.2,5.0
rf,signo_zodiacal_acuario,239,0.5,0.44000000000000006,0.4490909090909091,0.5,0.4702857142857143,0.39799999999999996,0.49636736569244305,5.0,6.2,3.8,5.0
rf,signo_zodiacal_acuario,240,0.5,0.6399999999999999,0.6229304029304029,0.74,0.668370709382151,0.611,0.6424345164639282,7.4,4.6,5.4,2.6
rf,signo_zodiacal_acuario,241,0.5,0.43000000000000005,0.41194805194805195,0.4,0.40102368220015283,0.4029999999999999,0.49862524936363944,4.0,5.4,4.6,6.0
rf,signo_zodiacal_acuario,242,0.5,0.51,0.5131313131313131,0.5,0.5057644110275689,0.5559999999999999,0.6046880331570734,5.0,4.8,5.2,5.0
rf,signo_zodiacal_acuario,243,0.5,0.44000000000000006,0.42192307692307696,0.38,0.3788612836438923,0.333,0.44554824243523933,3.8,5.0,5.0,6.2
rf,signo_zodiacal_acuario,244,0.5,0.51,0.49000000000000005,0.44000000000000006,0.45474747474747473,0.5469999999999999,0.5763403632830878,4.4,4.2,5.8,5.6
rf,signo_zodiacal_acuario,245,0.5,0.5799999999999998,0.6144444444444445,0.41999999999999993,0.4935964912280701,0.5519999999999999,0.6010884228430668,4.2,2.6,7.4,5.8
rf,signo_zodiacal_acuario,246,0.5,0.52,0.5066378066378066,0.5,0.5000093817431279,0.49499999999999994,0.5491028142823808,5.0,4.6,5.4,5.0
rf,signo_zodiacal_acuario,247,0.5,0.52,0.5297008547008547,0.54,0.5306035180177057,0.522,0.5566347890155939,5.4,5.0,5.0,4.6
rf,signo_zodiacal_acuario,248,0.5,0.45,0.4467282717282718,0.42000000000000004,0.4273860268745179,0.43200000000000005,0.5184659903220274,4.2,5.2,4.8,5.8
rf,signo_zodiacal_acuario,249,0.5,0.48,0.49018759018759017,0.4,0.4375251855128016,0.445,0.5065905389759878,4.0,4.4,5.6,6.0
rf,signo_zodiacal_acuario,250,0.5,0.52,0.5117965367965368,0.41999999999999993,0.45653594771241834,0.49799999999999994,0.5701098356407954,4.2,3.8,6.2,5.8
rf,signo_zodiacal_acuario,251,0.5,0.5599999999999999,0.5520202020202021,0.5599999999999999,0.5530265056580845,0.502,0.5744406622788976,5.6,4.4,5.6,4.4
rf,signo_zodiacal_acuario,252,0.5,0.53,0.5528571428571428,0.48,0.5049197860962567,0.545,0.5795929158560738,4.8,4.2,5.8,5.2
rf,signo_zodiacal_acuario,253,0.5,0.55,0.5526923076923077,0.5800000000000001,0.5619411506368028,0.529,0.5872055813983058,5.8,4.8,5.2,4.2
rf,signo_zodiacal_acuario,254,0.5,0.47000000000000003,0.4603174603174603,0.42000000000000004,0.4349108064278343,0.44799999999999995,0.5154865881452569,4.2,4.8,5.2,5.8
rf,signo_zodiacal_acuario,255,0.5,0.49000000000000005,0.49575757575757573,0.45999999999999996,0.4665345181134654,0.53,0.580926831338596,4.6,4.8,5.2,5.4
rf,signo_zodiacal_acuario,256,0.5,0.51,0.5043589743589744,0.52,0.5067896354852877,0.49000000000000005,0.5325904183535762,5.2,5.0,5.0,4.8
rf,signo_zodiacal_acuario,257,0.5,0.5900000000000001,0.6105594405594406,0.5199999999999999,0.5467184265010352,0.577,0.6455397657897658,5.2,3.4,6.6,4.8
rf,signo_zodiacal_acuario,258,0.5,0.42000000000000004,0.4107142857142857,0.41999999999999993,0.4027777777777778,0.45400000000000007,0.5316318395227063,4.2,5.8,4.2,5.8
rf,signo_zodiacal_acuario,259,0.5,0.6399999999999999,0.6741414141414142,0.62,0.6317976760082022,0.694,0.7406130313614834,6.2,3.4,6.6,3.8
rf,signo_zodiacal_acuario,260,0.5,0.57,0.5588827838827838,0.58,0.558839233633957,0.6499999999999999,0.6824323258440905,5.8,4.4,5.6,4.2
rf,signo_zodiacal_acuario,261,0.5,0.54,0.5535353535353535,0.48,0.5036397812713602,0.6,0.6127666000150519,4.8,4.0,6.0,5.2
rf,signo_zodiacal_acuario,262,0.5,0.52,0.5219780219780219,0.5399999999999999,0.5249476865845152,0.525,0.5885354078326215,5.4,5.0,5.0,4.6
rf,signo_zodiacal_acuario,263,0.5,0.5,0.5040909090909091,0.44000000000000006,0.4589321789321789,0.571,0.631822770796455,4.4,4.4,5.6,5.6
rf,signo_zodiacal_acuario,264,0.5,0.41000000000000003,0.40166666666666667,0.44000000000000006,0.41558213716108455,0.4789999999999999,0.5792654173312067,4.4,6.2,3.8,5.6
rf,signo_zodiacal_acuario,265,0.5,0.62,0.6114918414918414,0.64,0.6114135140222097,0.58,0.6377355030590324,6.4,4.0,6.0,3.6
rf,signo_zodiacal_acuario,266,0.5,0.54,0.5757575757575758,0.45999999999999996,0.49222488038277507,0.55,0.6329659137731893,4.6,3.8,6.2,5.4
rf,signo_zodiacal_acuario,267,0.5,0.5,0.507012987012987,0.4800000000000001,0.4882879212290977,0.513,0.602668368611093,4.8,4.8,5.2,5.2
rf,signo_zodiacal_acuario,268,0.5,0.55,0.606060606060606,0.44000000000000006,0.5005454813504349,0.591,0.6619440738999562,4.4,3.4,6.6,5.6
rf,signo_zodiacal_acuario,269,0.5,0.51,0.509090909090909,0.52,0.5059523809523809,0.5309999999999999,0.567080058228665,5.2,5.0,5.0,4.8
rf,signo_zodiacal_acuario,270,0.5,0.42000000000000004,0.4204195804195804,0.48,0.4470205157161679,0.37099999999999994,0.47147807240918693,4.8,6.4,3.6,5.2
rf,signo_zodiacal_acuario,271,0.5,0.6,0.5794289044289044,0.6599999999999999,0.6143045360436664,0.563,0.6165709002899404,6.6,4.6,5.4,3.4
rf,signo_zodiacal_acuario,272,0.5,0.45,0.4569230769230769,0.45999999999999996,0.4564302059496567,0.466,0.5340595597213245,4.6,5.6,4.4,5.4
rf,signo_zodiacal_acuario,273,0.5,0.51,0.44757575757575757,0.48,0.46251082251082243,0.429,0.509583300514415,4.8,4.6,5.4,5.2
rf,signo_zodiacal_acuario,274,0.5,0.53,0.5139393939393939,0.4800000000000001,0.4783157894736842,0.533,0.5922520457698476,4.8,4.2,5.8,5.2
rf,signo_zodiacal_acuario,275,0.5,0.56,0.5571678321678322,0.6,0.5736181692703431,0.571,0.6151756478815302,6.0,4.8,5.2,4.0
rf,signo_zodiacal_acuario,276,0.5,0.4800000000000001,0.484992784992785,0.4800000000000001,0.47789527294171263,0.472,0.571434769478887,4.8,5.2,4.8,5.2
rf,signo_zodiacal_acuario,277,0.5,0.43,0.43598901098901094,0.45999999999999996,0.44117388720969275,0.48900000000000005,0.5546223606974381,4.6,6.0,4.0,5.4
rf,signo_zodiacal_acuario,278,0.5,0.43,0.4257142857142857,0.38,0.400061919504644,0.44400000000000006,0.5174501315677786,3.8,5.2,4.8,6.2
rf,signo_zodiacal_acuario,279,0.5,0.5200000000000001,0.5147222222222222,0.52,0.5002478223530855,0.519,0.6141170135334221,5.2,4.8,5.2,4.8
rf,signo_zodiacal_acuario,280,0.5,0.65,0.6674242424242424,0.64,0.6497455760613655,0.6679999999999999,0.686990684582016,6.4,3.4,6.6,3.6
rf,signo_zodiacal_acuario,281,0.5,0.5,0.5015151515151515,0.5599999999999999,0.5290043290043289,0.5189999999999999,0.5663649569384863,5.6,5.6,4.4,4.4
rf,signo_zodiacal_acuario,282,0.5,0.5,0.49520202020202025,0.52,0.504397357028936,0.5210000000000001,0.5846660355468405,5.2,5.2,4.8,4.8
rf,signo_zodiacal_acuario,283,0.5,0.43,0.4222222222222222,0.42000000000000004,0.4164616085668717,0.4640000000000001,0.5242919015109417,4.2,5.6,4.4,5.8
rf,signo_zodiacal_acuario,284,0.5,0.53,0.5416666666666666,0.5,0.511164274322169,0.5389999999999999,0.6140628980582541,5.0,4.4,5.6,5.0
rf,signo_zodiacal_acuario,285,0.5,0.43999999999999995,0.4288888888888889,0.43999999999999995,0.421792663476874,0.438,0.5201096330570014,4.4,5.6,4.4,5.6
rf,signo_zodiacal_acuario,286,0.5,0.48999999999999994,0.4659523809523809,0.45999999999999996,0.44057142857142856,0.5589999999999999,0.5959489835929463,4.6,4.8,5.2,5.4
rf,signo_zodiacal_acuario,287,0.5,0.5199999999999999,0.5168253968253967,0.43999999999999995,0.47362917096663215,0.514,0.5651203333130578,4.4,4.0,6.0,5.6
rf,signo_zodiacal_acuario,288,0.5,0.5,0.4945804195804196,0.48,0.4793478260869565,0.564,0.6234853186029656,4.8,4.8,5.2,5.2
rf,signo_zodiacal_acuario,289,0.5,0.48999999999999994,0.49611111111111106,0.5199999999999999,0.5024612255275871,0.43899999999999995,0.5365647604029957,5.2,5.4,4.6,4.8
rf,signo_zodiacal_acuario,290,0.5,0.47000000000000003,0.4769230769230769,0.5,0.4786231884057971,0.4710000000000001,0.518652372309493,5.0,5.6,4.4,5.0
rf,signo_zodiacal_acuario,291,0.5,0.54,0.5416666666666667,0.58,0.553030303030303,0.503,0.5836519112122827,5.8,5.0,5.0,4.2
rf,signo_zodiacal_acuario,292,0.5,0.47000000000000003,0.4698412698412698,0.44000000000000006,0.4505769772023642,0.48,0.5261288990507257,4.4,5.0,5.0,5.6
rf,signo_zodiacal_acuario,293,0.5,0.4800000000000001,0.4836363636363636,0.48,0.4809022556390977,0.506,0.5499666903443993,4.8,5.2,4.8,5.2
rf,signo_zodiacal_acuario,294,0.5,0.48999999999999994,0.4978571428571429,0.45999999999999996,0.4734046345811052,0.493,0.5842679640620817,4.6,4.8,5.2,5.4
rf,signo_zodiacal_acuario,295,0.5,0.43000000000000005,0.3988888888888889,0.44000000000000006,0.41164114832535886,0.43499999999999994,0.5363944203371448,4.4,5.8,4.2,5.6
rf,signo_zodiacal_acuario,296,0.5,0.52,0.47333333333333333,0.45999999999999996,0.4642955874534822,0.458,0.5396081537141909,4.6,4.2,5.8,5.4
rf,signo_zodiacal_acuario,297,0.5,0.42000000000000004,0.4228438228438228,0.48,0.4481004883750879,0.497,0.5838953442498334,4.8,6.4,3.6,5.2
rf,signo_zodiacal_acuario,298,0.5,0.43,0.39004329004329,0.36,0.3674942704354469,0.372,0.4638285254477205,3.6,5.0,5.0,6.4
rf,signo_zodiacal_acuario,299,0.5,0.48,0.46924242424242424,0.44000000000000006,0.4526649958228906,0.509,0.6175181505800701,4.4,4.8,5.2,5.6
rf,signo_zodiacal_acuario,300,0.5,0.4600000000000001,0.4395021645021645,0.42000000000000004,0.424989389695272,0.458,0.5366705716883736,4.2,5.0,5.0,5.8
rf,signo_zodiacal_acuario,301,0.5,0.49000000000000005,0.49428571428571433,0.44000000000000006,0.46098633392751037,0.528,0.600421125056574,4.4,4.6,5.4,5.6
rf,signo_zodiacal_acuario,302,0.5,0.51,0.5196031746031746,0.42000000000000004,0.4550007818119274,0.5130000000000001,0.5571701323272531,4.2,4.0,6.0,5.8
rf,signo_zodiacal_acuario,303,0.5,0.45999999999999996,0.45662337662337665,0.42000000000000004,0.43471521942110175,0.475,0.5240941758619777,4.2,5.0,5.0,5.8
rf,signo_zodiacal_acuario,304,0.5,0.5599999999999999,0.5549999999999999,0.52,0.5355555555555556,0.58,0.6405821374188247,5.2,4.0,6.0,4.8
rf,signo_zodiacal_acuario,305,0.5,0.4699999999999999,0.4440476190476191,0.38,0.4011798658857483,0.40499999999999997,0.5132763182809622,3.8,4.4,5.6,6.2
rf,signo_zodiacal_acuario,306,0.5,0.55,0.5753846153846153,0.5199999999999999,0.5163786937699981,0.5680000000000001,0.6089966401847208,5.2,4.2,5.8,4.8
rf,signo_zodiacal_acuario,307,0.5,0.52,0.5294372294372294,0.52,0.5200005360996073,0.43,0.5107098651262738,5.2,4.8,5.2,4.8
rf,signo_zodiacal_acuario,308,0.5,0.5700000000000001,0.5562637362637363,0.64,0.5834057971014492,0.5960000000000001,0.66143996792681,6.4,5.0,5.0,3.6
rf,signo_zodiacal_acuario,309,0.5,0.45,0.35757575757575755,0.27999999999999997,0.3052380952380952,0.47000000000000003,0.5717749766573296,2.8,3.8,6.2,7.2
rf,signo_zodiacal_acuario,310,0.5,0.56,0.5850793650793651,0.48,0.5218575851393189,0.587,0.6607452449511273,4.8,3.6,6.4,5.2
rf,signo_zodiacal_acuario,311,0.5,0.5599999999999999,0.5676190476190476,0.5,0.5299071207430341,0.61,0.66442277820219,5.0,3.8,6.2,5.0
rf,signo_zodiacal_acuario,312,0.5,0.6100000000000001,0.6333333333333333,0.54,0.5818713450292398,0.6040000000000001,0.6255410890279312,5.4,3.2,6.8,4.6
rf,signo_zodiacal_acuario,313,0.5,0.55,0.55,0.5,0.5233918128654971,0.534,0.5391605122603575,5.0,4.0,6.0,5.0
rf,signo_zodiacal_acuario,314,0.5,0.49000000000000005,0.49498834498834504,0.5800000000000001,0.5328627893845285,0.515,0.5877163582032002,5.8,6.0,4.0,4.2
rf,signo_zodiacal_acuario,315,0.5,0.6100000000000001,0.6244505494505495,0.58,0.5908600067167842,0.643,0.7055897354279707,5.8,3.6,6.4,4.2
rf,signo_zodiacal_acuario,316,0.5,0.5200000000000001,0.5108502608502608,0.5399999999999999,0.5197526483029242,0.532,0.5931285376989711,5.4,5.0,5.0,4.6
rf,signo_zodiacal_acuario,317,0.5,0.5200000000000001,0.5889360639360639,0.45999999999999996,0.5017090894328746,0.5,0.6061570678203805,4.6,4.2,5.8,5.4
rf,signo_zodiacal_acuario,318,0.5,0.55,0.5579210658622423,0.62,0.5766319179591491,0.542,0.5962394915026493,6.2,5.2,4.8,3.8
rf,signo_zodiacal_acuario,319,0.5,0.52,0.5242424242424242,0.48,0.4993316624895573,0.555,0.5689843740710614,4.8,4.4,5.6,5.2
rf,signo_zodiacal_acuario,320,0.5,0.5,0.5,0.48,0.48803827751196166,0.44799999999999995,0.5583771065535771,4.8,4.8,5.2,5.2
rf,signo_zodiacal_acuario,321,0.5,0.45999999999999996,0.45601010101010103,0.45999999999999996,0.4554537859801018,0.454,0.5829710561196629,4.6,5.4,4.6,5.4
rf,signo_zodiacal_acuario,322,0.5,0.47000000000000003,0.45519480519480515,0.38,0.41011597621504736,0.523,0.5799814156431803,3.8,4.4,5.6,6.2
rf,signo_zodiacal_acuario,323,0.5,0.4,0.39682539682539686,0.38,0.3854207711792851,0.32199999999999995,0.4544886919066486,3.8,5.8,4.2,6.2
rf,signo_zodiacal_acuario,324,0.5,0.5799999999999998,0.5824242424242423,0.58,0.5722681704260651,0.588,0.6308626814362108,5.8,4.2,5.8,4.2
rf,signo_zodiacal_acuario,325,0.5,0.5,0.48150183150183146,0.54,0.5051615903278307,0.40700000000000003,0.47258909880968697,5.4,5.4,4.6,4.6
rf,signo_zodiacal_acuario,326,0.5,0.47000000000000003,0.47192307692307695,0.48,0.4736231884057971,0.44000000000000006,0.5389703466468172,4.8,5.4,4.6,5.2
rf,signo_zodiacal_acuario,327,0.5,0.45999999999999996,0.43983516483516477,0.48,0.45364643881267924,0.364,0.43986658602835077,4.8,5.6,4.4,5.2
rf,signo_zodiacal_acuario,328,0.5,0.51,0.5133333333333334,0.47999999999999987,0.4957894736842105,0.505,0.5815896342219872,4.8,4.6,5.4,5.2
rf,signo_zodiacal_acuario,329,0.5,0.4,0.3782106782106782,0.36,0.36408132631042844,0.441,0.5348084107155314,3.6,5.6,4.4,6.4
rf,signo_zodiacal_acuario,330,0.5,0.52,0.5242424242424242,0.45999999999999996,0.48544277360066823,0.554,0.5780498106984175,4.6,4.2,5.8,5.4
rf,signo_zodiacal_acuario,331,0.5,0.41000000000000003,0.4242424242424242,0.38,0.39069264069264065,0.385,0.4841654314038215,3.8,5.6,4.4,6.2
rf,signo_zodiacal_acuario,332,0.5,0.6599999999999999,0.6689177489177489,0.6399999999999999,0.6496771340114994,0.663,0.715191900205058,6.4,3.2,6.8,3.6
rf,signo_zodiacal_acuario,333,0.5,0.47000000000000003,0.46150793650793653,0.45999999999999996,0.45011961722488036,0.45899999999999996,0.5403857900785145,4.6,5.2,4.8,5.4
rf,signo_zodiacal_acuario,334,0.5,0.45,0.43233877233877227,0.43999999999999995,0.4302353710362864,0.44299999999999995,0.5306399074781428,4.4,5.4,4.6,5.6
rf,signo_zodiacal_acuario,335,0.5,0.43000000000000005,0.418045843045843,0.42000000000000004,0.4146380443863281,0.4130000000000001,0.49952554901239116,4.2,5.6,4.4,5.8
rf,signo_zodiacal_acuario,336,0.5,0.54,0.5435364635364636,0.52,0.523307757885763,0.584,0.6453041772469017,5.2,4.4,5.6,4.8
rf,signo_zodiacal_acuario,337,0.5,0.61,0.6003496503496504,0.6399999999999999,0.6149411737512424,0.669,0.7026785318224945,6.4,4.2,5.8,3.6
rf,signo_zodiacal_acuario,338,0.5,0.53,0.525952380952381,0.54,0.5276023391812865,0.5209999999999999,0.549950087494205,5.4,4.8,5.2,4.6
rf,signo_zodiacal_acuario,339,0.5,0.39999999999999997,0.38833333333333336,0.4,0.3911111111111111,0.37299999999999994,0.4826428031033294,4.0,6.0,4.0,6.0
rf,signo_zodiacal_acuario,340,0.5,0.48999999999999994,0.47525252525252526,0.45999999999999996,0.4651629072681704,0.48599999999999993,0.5114737864474707,4.6,4.8,5.2,5.4
rf,signo_zodiacal_acuario,341,0.5,0.45999999999999996,0.43375291375291375,0.45999999999999996,0.4429296066252588,0.43,0.543244645275605,4.6,5.4,4.6,5.4
rf,signo_zodiacal_acuario,342,0.5,0.49000000000000005,0.5022510822510823,0.45999999999999996,0.47699542975084774,0.437,0.5067384364002011,4.6,4.8,5.2,5.4
rf,signo_zodiacal_acuario,343,0.5,0.48,0.4889743589743589,0.5599999999999999,0.5117114624505928,0.42300000000000004,0.5007064428519538,5.6,6.0,4.0,4.4
rf,signo_zodiacal_acuario,344,0.5,0.5,0.5383333333333333,0.36,0.42409356725146197,0.47800000000000004,0.5516416449048028,3.6,3.6,6.4,6.4
rf,signo_zodiacal_acuario,345,0.5,0.48,0.48904761904761906,0.52,0.5003827751196173,0.44700000000000006,0.5235164192532613,5.2,5.6,4.4,4.8
rf,signo_zodiacal_acuario,346,0.5,0.5599999999999999,0.5842857142857143,0.48,0.5169747899159665,0.593,0.6246456403074051,4.8,3.6,6.4,5.2
rf,signo_zodiacal_acuario,347,0.5,0.51,0.5075757575757576,0.54,0.5156926406926406,0.517,0.5796042193101016,5.4,5.2,4.8,4.6
rf,signo_zodiacal_acuario,348,0.5,0.4600000000000001,0.4586435786435786,0.44000000000000006,0.446327583665045,0.434,0.5222787484273552,4.4,5.2,4.8,5.6
rf,signo_zodiacal_acuario,349,0.5,0.48999999999999994,0.5242857142857142,0.42000000000000004,0.4489228418640184,0.558,0.6200160291205182,4.2,4.4,5.6,5.8
rf,signo_zodiacal_acuario,350,0.5,0.45,0.4561038961038961,0.4,0.419593837535014,0.40499999999999997,0.4863242164612133,4.0,5.0,5.0,6.0
rf,signo_zodiacal_acuario,351,0.5,0.49000000000000005,0.5111111111111111,0.44000000000000006,0.4593808049535603,0.489,0.5640907540172246,4.4,4.6,5.4,5.6
rf,signo_zodiacal_acuario,352,0.5,0.55,0.5490909090909091,0.58,0.5633766233766233,0.596,0.6373206386836417,5.8,4.8,5.2,4.2
rf,signo_zodiacal_acuario,353,0.5,0.6,0.5907536907536908,0.6200000000000001,0.6020377029530347,0.602,0.6110988223163145,6.2,4.2,5.8,3.8
rf,signo_zodiacal_acuario,354,0.5,0.5,0.48918803418803425,0.45999999999999996,0.4660602593440122,0.491,0.5368058248940601,4.6,4.6,5.4,5.4
rf,signo_zodiacal_acuario,355,0.5,0.5900000000000001,0.5977056277056277,0.6,0.5934912146676853,0.62,0.6792183088669157,6.0,4.2,5.8,4.0
rf,signo_zodiacal_acuario,356,0.5,0.42000000000000004,0.42696969696969694,0.44000000000000006,0.4312265512265512,0.449,0.5294868742368741,4.4,6.0,4.0,5.6
rf,signo_zodiacal_acuario,357,0.5,0.49000000000000005,0.49470529470529473,0.44000000000000006,0.4567531360370235,0.42799999999999994,0.4973931356740954,4.4,4.6,5.4,5.6
rf,signo_zodiacal_acuario,358,0.5,0.45999999999999996,0.46303418803418805,0.42000000000000004,0.4338863463005339,0.4539999999999999,0.5233346488392929,4.2,5.0,5.0,5.8
rf,signo_zodiacal_acuario,359,0.5,0.42000000000000004,0.4401154401154401,0.5,0.4656527682843472,0.384,0.5055943542181931,5.0,6.6,3.4,5.0
rf,signo_zodiacal_acuario,360,0.5,0.6799999999999999,0.6438961038961039,0.78,0.7019047619047619,0.741,0.7231848429348429,7.8,4.2,5.8,2.2
rf,signo_zodiacal_acuario,361,0.5,0.54,0.5507575757575757,0.5599999999999999,0.5517126148705096,0.532,0.5404527302762597,5.6,4.8,5.2,4.4
rf,signo_zodiacal_acuario,362,0.5,0.54,0.5433838383838384,0.52,0.5297076023391812,0.563,0.5793827044988035,5.2,4.4,5.6,4.8
rf,signo_zodiacal_acuario,363,0.5,0.5,0.5018614718614718,0.5,0.496628469569646,0.539,0.5890738428238429,5.0,5.0,5.0,5.0
rf,signo_zodiacal_acuario,364,0.5,0.42000000000000004,0.4255122655122655,0.42000000000000004,0.4144486215538847,0.40700000000000003,0.5294998186368155,4.2,5.8,4.2,5.8
rf,signo_zodiacal_acuario,365,0.5,0.45,0.45272727272727276,0.5199999999999999,0.48346320346320343,0.46099999999999997,0.5297168387168387,5.2,6.2,3.8,4.8
rf,signo_zodiacal_acuario,366,0.5,0.55,0.5535353535353534,0.5599999999999998,0.5514202172096908,0.554,0.5869101166291568,5.6,4.6,5.4,4.4
rf,signo_zodiacal_acuario,367,0.5,0.5900000000000001,0.5902020202020202,0.5999999999999999,0.5931373889268626,0.616,0.642708282945125,6.0,4.2,5.8,4.0
rf,signo_zodiacal_acuario,368,0.5,0.43,0.42666666666666664,0.4,0.41263157894736846,0.45899999999999996,0.5166735939499099,4.0,5.4,4.6,6.0
rf,signo_zodiacal_acuario,369,0.5,0.51,0.4992424242424242,0.48,0.4836219336219337,0.5349999999999999,0.6288210635253979,4.8,4.6,5.4,5.2
rf,signo_zodiacal_acuario,370,0.5,0.5,0.5034415584415585,0.43999999999999995,0.46677871148459377,0.522,0.5814205963455189,4.4,4.4,5.6,5.6
rf,signo_zodiacal_acuario,371,0.5,0.44000000000000006,0.4435897435897436,0.4,0.41458810068649876,0.4950000000000001,0.5645734728807483,4.0,5.2,4.8,6.0
rf,signo_zodiacal_acuario,372,0.5,0.51,0.5068181818181818,0.4600000000000001,0.47790309106098583,0.525,0.5640283491018785,4.6,4.4,5.6,5.4
rf,signo_zodiacal_acuario,373,0.5,0.42000000000000004,0.42832167832167833,0.5,0.4596570477577342,0.39799999999999996,0.5055528772912673,5.0,6.6,3.4,5.0
rf,signo_zodiacal_acuario,374,0.5,0.4699999999999999,0.4801587301587301,0.5199999999999999,0.4941520467836257,0.441,0.5504009824025304,5.2,5.8,4.2,4.8
rf,signo_zodiacal_acuario,375,0.5,0.45,0.43666666666666665,0.36,0.3847451963241436,0.44699999999999995,0.5326612543802947,3.6,4.6,5.4,6.4
rf,signo_zodiacal_acuario,376,0.5,0.53,0.5374242424242424,0.45999999999999996,0.4872681704260652,0.593,0.6408924953615356,4.6,4.0,6.0,5.4
rf,signo_zodiacal_acuario,377,0.5,0.43000000000000005,0.4195526695526695,0.36,0.38537520271266396,0.418,0.48055307764131283,3.6,5.0,5.0,6.4
rf,signo_zodiacal_acuario,378,0.5,0.44000000000000006,0.43495670995671,0.4,0.4122909769968593,0.39899999999999997,0.49385934181058017,4.0,5.2,4.8,6.0
rf,signo_zodiacal_acuario,379,0.5,0.62,0.6873626373626374,0.48,0.5439623675557179,0.655,0.6864264891455294,4.8,2.4,7.6,5.2
rf,signo_zodiacal_acuario,380,0.5,0.47000000000000003,0.48111888111888107,0.5,0.485024154589372,0.487,0.5403878806951563,5.0,5.6,4.4,5.0
rf,signo_zodiacal_acuario,381,0.5,0.55,0.5487312687312687,0.5199999999999999,0.5212909511630739,0.5349999999999999,0.5895724069532119,5.2,4.2,5.8,4.8
rf,signo_zodiacal_acuario,382,0.5,0.45,0.44075036075036067,0.4800000000000001,0.45593984962406015,0.45600000000000007,0.5187301946419594,4.8,5.8,4.2,5.2
rf,signo_zodiacal_acuario,383,0.5,0.54,0.5233333333333334,0.45999999999999996,0.46713286713286706,0.5700000000000001,0.6009496245069,4.6,3.8,6.2,5.4
rf,signo_zodiacal_acuario,384,0.5,0.47000000000000003,0.45555555555555555,0.4,0.3933014354066986,0.45200000000000007,0.5370009614568436,4.0,4.6,5.4,6.0
rf,signo_zodiacal_acuario,385,0.5,0.5900000000000001,0.5854978354978355,0.5799999999999998,0.5769459298871065,0.607,0.6341351307790937,5.8,4.0,6.0,4.2
rf,signo_zodiacal_acuario,386,0.5,0.58,0.5688034188034188,0.66,0.6088204701477011,0.604,0.6271766921588903,6.6,5.0,5.0,3.4
rf,signo_zodiacal_acuario,387,0.5,0.5800000000000001,0.5868253968253968,0.5399999999999999,0.5582756356130969,0.5700000000000001,0.6325789031230208,5.4,3.8,6.2,4.6
rf,signo_zodiacal_acuario,388,0.5,0.45,0.4168253968253969,0.32,0.3575180598555211,0.367,0.4750568139291049,3.2,4.2,5.8,6.8
rf,signo_zodiacal_acuario,389,0.5,0.48,0.47864357864357865,0.41999999999999993,0.441327583665045,0.49800000000000005,0.578047626178431,4.2,4.6,5.4,5.8
rf,signo_zodiacal_acuario,390,0.5,0.45,0.44935064935064933,0.48,0.46019862490450725,0.409,0.505142508849939,4.8,5.8,4.2,5.2
rf,signo_zodiacal_acuario,391,0.5,0.5,0.46150793650793653,0.44000000000000006,0.43909774436090226,0.4959999999999999,0.5660608078711793,4.4,4.4,5.6,5.6
rf,signo_zodiacal_acuario,392,0.5,0.45999999999999996,0.46343822843822846,0.54,0.49419461697722566,0.501,0.5773328409636459,5.4,6.2,3.8,4.6
rf,signo_zodiacal_acuario,393,0.5,0.55,0.625,0.5,0.518065268065268,0.5369999999999999,0.6184523362774137,5.0,4.0,6.0,5.0
rf,signo_zodiacal_acuario,394,0.5,0.48999999999999994,0.5166666666666666,0.42000000000000004,0.45090909090909087,0.47300000000000003,0.5498540440467685,4.2,4.4,5.6,5.8
rf,signo_zodiacal_acuario,395,0.5,0.63,0.6378205128205128,0.6199999999999999,0.6156877701500127,0.583,0.624461945519221,6.2,3.6,6.4,3.8
rf,signo_zodiacal_acuario,396,0.5,0.5599999999999999,0.5472727272727272,0.6,0.5662222222222222,0.61,0.6273447359314233,6.0,4.8,5.2,4.0
rf,signo_zodiacal_acuario,397,0.5,0.5900000000000001,0.6044444444444445,0.62,0.6067368421052632,0.635,0.7159075564957919,6.2,4.4,5.6,3.8
rf,signo_zodiacal_acuario,398,0.5,0.56,0.576948051948052,0.54,0.5525676937441644,0.547,0.6132340872062234,5.4,4.2,5.8,4.6
rf,signo_zodiacal_acuario,399,0.5,0.63,0.6585858585858586,0.64,0.6366541353383459,0.639,0.6622051288065219,6.4,3.8,6.2,3.6
rf,signo_zodiacal_acuario,400,0.5,0.49000000000000005,0.4895104895104895,0.52,0.5011042097998619,0.52,0.604346301960853,5.2,5.4,4.6,4.8
rf,signo_zodiacal_acuario,401,0.5,0.5599999999999999,0.5934065934065933,0.54,0.5480549199084669,0.545,0.6120122187753767,5.4,4.2,5.8,4.6
rf,signo_zodiacal_acuario,402,0.5,0.49000000000000005,0.4951948051948052,0.48,0.4834227279428518,0.553,0.5826366864130021,4.8,5.0,5.0,5.2
rf,signo_zodiacal_acuario,403,0.5,0.6199999999999999,0.6153496503496504,0.6599999999999999,0.6326657883179623,0.6920000000000001,0.7061304381892617,6.6,4.2,5.8,3.4
rf,signo_zodiacal_acuario,404,0.5,0.47000000000000003,0.4368253968253969,0.36000000000000004,0.3919917440660475,0.45999999999999996,0.5249763957232998,3.6,4.2,5.8,6.4
rf,signo_zodiacal_acuario,405,0.5,0.5700000000000001,0.5700000000000001,0.54,0.5513662945241893,0.504,0.5824198691745132,5.4,4.0,6.0,4.6
rf,signo_zodiacal_acuario,406,0.5,0.6100000000000001,0.6107226107226106,0.64,0.6219897570011986,0.615,0.6170966902894148,6.4,4.2,5.8,3.6
rf,signo_zodiacal_acuario,407,0.5,0.58,0.593939393939394,0.52,0.5491228070175438,0.5900000000000001,0.610200320491342,5.2,3.6,6.4,4.8
rf,signo_zodiacal_acuario,408,0.5,0.56,0.57492784992785,0.52,0.5415401248218585,0.586,0.6592883044028554,5.2,4.0,6.0,4.8
rf,signo_zodiacal_acuario,409,0.5,0.43,0.4203463203463203,0.45999999999999996,0.43583959899749375,0.402,0.4713326657003128,4.6,6.0,4.0,5.4
rf,signo_zodiacal_acuario,410,0.5,0.6199999999999999,0.6211904761904762,0.6,0.593212715389186,0.643,0.7009635728049041,6.0,3.6,6.4,4.0
rf,signo_zodiacal_acuario,411,0.5,0.49000000000000005,0.49642246642246646,0.5,0.4920290262974339,0.49800000000000005,0.5519952655703431,5.0,5.2,4.8,5.0
rf,signo_zodiacal_acuario,412,0.5,0.64,0.6619480519480521,0.6,0.625266106442577,0.649,0.6884506137137716,6.0,3.2,6.8,4.0
rf,signo_zodiacal_acuario,413,0.5,0.5,0.4953968253968254,0.42000000000000004,0.45271413828689366,0.48599999999999993,0.5299827933504404,4.2,4.2,5.8,5.8
rf,signo_zodiacal_acuario,414,0.5,0.5,0.48963924963924965,0.48,0.47261890019165564,0.5509999999999999,0.58335761297526,4.8,4.8,5.2,5.2
rf,signo_zodiacal_acuario,415,0.5,0.5700000000000001,0.6037662337662338,0.54,0.549295410471881,0.561,0.6128906367110701,5.4,4.0,6.0,4.6
rf,signo_zodiacal_acuario,416,0.5,0.39,0.39116883116883117,0.38,0.38296918767507,0.35,0.47571818274604655,3.8,6.0,4.0,6.2
rf,signo_zodiacal_acuario,417,0.5,0.5199999999999999,0.5099567099567099,0.4800000000000001,0.4890586537645361,0.546,0.5783588051954924,4.8,4.4,5.6,5.2
rf,signo_zodiacal_acuario,418,0.5,0.5599999999999999,0.57,0.52,0.5422222222222223,0.604,0.6566742244683421,5.2,4.0,6.0,4.8
rf,signo_zodiacal_acuario,419,0.5,0.5599999999999999,0.5597868797868798,0.5599999999999999,0.5538495856008308,0.607,0.6432443467265448,5.6,4.4,5.6,4.4
rf,signo_zodiacal_acuario,420,0.5,0.4600000000000001,0.45440115440115436,0.42000000000000004,0.43424738316379186,0.445,0.5196863779495359,4.2,5.0,5.0,5.8
rf,signo_zodiacal_acuario,421,0.5,0.53,0.5314718614718614,0.52,0.522098829962607,0.492,0.5377010016127663,5.2,4.6,5.4,4.8
rf,signo_zodiacal_acuario,422,0.5,0.43999999999999995,0.433021978021978,0.41999999999999993,0.4216027280477409,0.43800000000000006,0.5202612120421717,4.2,5.4,4.6,5.8
rf,signo_zodiacal_acuario,423,0.5,0.61,0.6106915306915306,0.64,0.6229443173150265,0.587,0.6127612634183841,6.4,4.2,5.8,3.6
rf,signo_zodiacal_acuario,424,0.5,0.44000000000000006,0.4333333333333333,0.4,0.4095959595959596,0.425,0.5090155498096675,4.0,5.2,4.8,6.0
rf,signo_zodiacal_acuario,425,0.5,0.55,0.568939393939394,0.5199999999999999,0.534090909090909,0.533,0.6041006021841936,5.2,4.2,5.8,4.8
rf,signo_zodiacal_acuario,426,0.5,0.53,0.5244444444444444,0.5399999999999999,0.5253099415204678,0.565,0.6232453200394377,5.4,4.8,5.2,4.6
rf,signo_zodiacal_acuario,427,0.5,0.4600000000000001,0.45415695415695423,0.5,0.4734365558164185,0.5109999999999999,0.6011150418209241,5.0,5.8,4.2,5.0
rf,signo_zodiacal_acuario,428,0.5,0.5,0.5153535353535353,0.48,0.48959216222374113,0.45499999999999996,0.5604599283585352,4.8,4.8,5.2,5.2
rf,signo_zodiacal_acuario,429,0.5,0.5900000000000001,0.5862337662337662,0.58,0.5725210084033614,0.6129999999999999,0.6621977842419018,5.8,4.0,6.0,4.2
rf,signo_zodiacal_acuario,430,0.5,0.45999999999999996,0.46373626373626375,0.54,0.4916027280477409,0.413,0.492022264886816,5.4,6.2,3.8,4.6
rf,signo_zodiacal_acuario,431,0.5,0.45,0.45747863247863246,0.43999999999999995,0.4454360539028731,0.434,0.5223993687770776,4.4,5.4,4.6,5.6
rf,signo_zodiacal_acuario,432,0.5,0.4600000000000001,0.46313131313131317,0.5,0.47944862155388474,0.462,0.5145824443014846,5.0,5.8,4.2,5.0
rf,signo_zodiacal_acuario,433,0.5,0.53,0.505050505050505,0.48,0.47845663108821,0.492,0.5862567638759588,4.8,4.2,5.8,5.2
rf,signo_zodiacal_acuario,434,0.5,0.53,0.5309523809523811,0.48,0.499752947430966,0.536,0.5702262706333914,4.8,4.2,5.8,5.2
rf,signo_zodiacal_acuario,435,0.5,0.5,0.492020202020202,0.5599999999999999,0.5189318751424015,0.506,0.5254377150197583,5.6,5.6,4.4,4.4
rf,signo_zodiacal_acuario,436,0.5,0.6,0.6036324786324786,0.5800000000000001,0.5870836511568778,0.6130000000000001,0.6215126991171882,5.8,3.8,6.2,4.2
rf,signo_zodiacal_acuario,437,0.5,0.41000000000000003,0.36809523809523814,0.24,0.288954248366013,0.398,0.47597018564510823,2.4,4.2,5.8,7.6
rf,signo_zodiacal_acuario,438,0.5,0.45999999999999996,0.4569230769230769,0.42000000000000004,0.43216120010170356,0.493,0.5750999176262334,4.2,5.0,5.0,5.8
rf,signo_zodiacal_acuario,439,0.5,0.47000000000000003,0.4833333333333334,0.54,0.5032085561497326,0.4960000000000001,0.5789548049989227,5.4,6.0,4.0,4.6
rf,signo_zodiacal_acuario,440,0.5,0.5700000000000001,0.601978021978022,0.52,0.5425234441602729,0.609,0.6454860755859207,5.2,3.8,6.2,4.8
rf,signo_zodiacal_acuario,441,0.5,0.52,0.519047619047619,0.6399999999999999,0.5712121212121212,0.5449999999999999,0.5866008759901948,6.4,6.0,4.0,3.6
rf,signo_zodiacal_acuario,442,0.5,0.43999999999999995,0.45169580419580424,0.5,0.4629821627647714,0.45199999999999996,0.5815618662383368,5.0,6.2,3.8,5.0
rf,signo_zodiacal_acuario,443,0.5,0.61,0.620995670995671,0.56,0.5813088871912402,0.562,0.5866208960458186,5.6,3.4,6.6,4.4
rf,signo_zodiacal_acuario,444,0.5,0.42000000000000004,0.40732323232323236,0.38,0.38816359079516966,0.42000000000000004,0.4970798445620427,3.8,5.4,4.6,6.2
rf,signo_zodiacal_acuario,445,0.5,0.52,0.5255411255411255,0.5599999999999999,0.5305194805194805,0.558,0.6065446753109291,5.6,5.2,4.8,4.4
rf,signo_zodiacal_acuario,446,0.5,0.54,0.5224242424242423,0.54,0.5179348370927318,0.532,0.5904736205486979,5.4,4.6,5.4,4.6
rf,signo_zodiacal_acuario,447,0.5,0.6300000000000001,0.6387301587301588,0.5800000000000001,0.6056965944272446,0.61,0.6476471024675359,5.8,3.2,6.8,4.2
rf,signo_zodiacal_acuario,448,0.5,0.64,0.7163059163059163,0.54,0.6093247825445968,0.6960000000000001,0.7238735041188601,5.4,2.6,7.4,4.6
rf,signo_zodiacal_acuario,449,0.5,0.49000000000000005,0.5116666666666666,0.38,0.42772727272727273,0.562,0.6332190293366764,3.8,4.0,6.0,6.2
rf,signo_zodiacal_acuario,450,0.5,0.48,0.4836363636363636,0.45999999999999996,0.46642857142857147,0.477,0.565342203548086,4.6,5.0,5.0,5.4
rf,signo_zodiacal_acuario,451,0.5,0.5,0.5,0.45999999999999996,0.4742296918767507,0.51,0.5290244563657875,4.6,4.6,5.4,5.4
rf,signo_zodiacal_acuario,452,0.5,0.5,0.4886446886446887,0.5199999999999999,0.49666485830168694,0.524,0.5743790802420834,5.2,5.2,4.8,4.8
rf,signo_zodiacal_acuario,453,0.5,0.41,0.4212121212121212,0.44000000000000006,0.423051948051948,0.458,0.5546444882946432,4.4,6.2,3.8,5.6
rf,signo_zodiacal_acuario,454,0.5,0.45,0.4523076923076923,0.45999999999999996,0.4538215102974828,0.42799999999999994,0.511760640288504,4.6,5.6,4.4,5.4
rf,signo_zodiacal_acuario,455,0.5,0.4600000000000001,0.46733044733044726,0.36,0.3998781266892722,0.422,0.4951327375754621,3.6,4.4,5.6,6.4
rf,signo_zodiacal_acuario,456,0.5,0.45,0.44909090909090904,0.48,0.46337662337662333,0.43499999999999994,0.5031935837640173,4.8,5.8,4.2,5.2
rf,signo_zodiacal_acuario,457,0.5,0.52,0.5192857142857144,0.54,0.5244444444444445,0.5529999999999999,0.606858363858364,5.4,5.0,5.0,4.6
rf,signo_zodiacal_acuario,458,0.5,0.42000000000000004,0.42666666666666664,0.33999999999999997,0.37204678362573096,0.40199999999999997,0.5161212548201712,3.4,5.0,5.0,6.6
rf,signo_zodiacal_acuario,459,0.5,0.49000000000000005,0.47424242424242424,0.54,0.49859777903256164,0.49899999999999994,0.5342940845704003,5.4,5.6,4.4,4.6
rf,signo_zodiacal_acuario,460,0.5,0.38000000000000006,0.3616849816849817,0.38,0.36254475703324807,0.355,0.46605229454068464,3.8,6.2,3.8,6.2
rf,signo_zodiacal_acuario,461,0.5,0.47000000000000003,0.45489510489510493,0.4800000000000001,0.4629399585921325,0.45600000000000007,0.5614612446377152,4.8,5.4,4.6,5.2
rf,signo_zodiacal_acuario,462,0.5,0.4600000000000001,0.45674603174603173,0.42000000000000004,0.43126934984520127,0.41600000000000004,0.5232776592172877,4.2,5.0,5.0,5.8
rf,signo_zodiacal_acuario,463,0.5,0.41,0.42142857142857143,0.45999999999999996,0.43538011695906426,0.42799999999999994,0.5111425235411303,4.6,6.4,3.6,5.4
rf,signo_zodiacal_acuario,464,0.5,0.47000000000000003,0.4836363636363637,0.4,0.42642857142857143,0.5,0.5547690451103764,4.0,4.6,5.4,6.0
rf,signo_zodiacal_acuario,465,0.5,0.56,0.5735486735486736,0.54,0.5494802650274451,0.605,0.6937218783968009,5.4,4.2,5.8,4.6
rf,signo_zodiacal_acuario,466,0.5,0.5700000000000001,0.5678535353535354,0.6199999999999999,0.5852785810680547,0.595,0.6213551340300566,6.2,4.8,5.2,3.8
rf,signo_zodiacal_acuario,467,0.5,0.5199999999999999,0.5086868686868687,0.5,0.4995921622237412,0.485,0.5310226995226995,5.0,4.6,5.4,5.0
rf,signo_zodiacal_acuario,468,0.5,0.48999999999999994,0.481962481962482,0.45999999999999996,0.4660626611091008,0.466,0.5199893076479764,4.6,4.8,5.2,5.4
rf,signo_zodiacal_acuario,469,0.5,0.5,0.5105555555555557,0.5,0.49950877192982457,0.45499999999999996,0.5471459649741384,5.0,5.0,5.0,5.0
rf,signo_zodiacal_acuario,470,0.5,0.51,0.49123931623931616,0.48,0.48049834731756924,0.476,0.5446349618733519,4.8,4.6,5.4,5.2
rf,signo_zodiacal_acuario,471,0.5,0.5599999999999999,0.5851948051948053,0.44000000000000006,0.49628384687208216,0.568,0.651708773252891,4.4,3.2,6.8,5.6
rf,signo_zodiacal_acuario,472,0.5,0.49000000000000005,0.49230769230769234,0.48,0.47857751796370723,0.532,0.581728649833139,4.8,5.0,5.0,5.2
rf,signo_zodiacal_acuario,473,0.5,0.52,0.5833333333333333,0.43999999999999995,0.47817460317460314,0.503,0.5713106523679279,4.4,4.0,6.0,5.6
rf,signo_zodiacal_acuario,474,0.5,0.51,0.5123626373626373,0.44000000000000006,0.4599147485080989,0.503,0.5330560371001547,4.4,4.2,5.8,5.6
rf,signo_zodiacal_acuario,475,0.5,0.52,0.5228571428571429,0.5,0.4970673486786018,0.5730000000000001,0.6568531746031745,5.0,4.6,5.4,5.0
rf,signo_zodiacal_acuario,476,0.5,0.5,0.5034415584415585,0.45999999999999996,0.477889822595705,0.496,0.5467629874425539,4.6,4.6,5.4,5.4
rf,signo_zodiacal_acuario,477,0.5,0.54,0.5489177489177489,0.5199999999999999,0.5233829895594602,0.525,0.5767969716042471,5.2,4.4,5.6,4.8
rf,signo_zodiacal_acuario,478,0.5,0.4999999999999999,0.5046825396825396,0.5599999999999999,0.5223742690058479,0.475,0.5346306367351259,5.6,5.6,4.4,4.4
rf,signo_zodiacal_acuario,479,0.5,0.5000000000000001,0.4923809523809523,0.48,0.4723850267379679,0.519,0.577669549748497,4.8,4.8,5.2,5.2
rf,signo_zodiacal_acuario,480,0.5,0.41,0.40954545454545455,0.41999999999999993,0.4133333333333334,0.369,0.49736288101303583,4.2,6.0,4.0,5.8
rf,signo_zodiacal_acuario,481,0.5,0.5,0.5031818181818182,0.5,0.4996825396825397,0.496,0.5660187045496643,5.0,5.0,5.0,5.0
rf,signo_zodiacal_acuario,482,0.5,0.5200000000000001,0.5336136086136086,0.5,0.5100778373897232,0.5519999999999999,0.5854195593707978,5.0,4.6,5.4,5.0
rf,signo_zodiacal_acuario,483,0.5,0.48,0.4693939393939394,0.5,0.47497835497835494,0.503,0.5971137006268585,5.0,5.4,4.6,5.0
rf,signo_zodiacal_acuario,484,0.5,0.51,0.5015584415584416,0.4800000000000001,0.4766666666666667,0.5199999999999999,0.5695079252532812,4.8,4.6,5.4,5.2
rf,signo_zodiacal_acuario,485,0.5,0.45999999999999996,0.46559440559440557,0.5399999999999999,0.49892339544513453,0.487,0.5455308831175704,5.4,6.2,3.8,4.6
rf,signo_zodiacal_acuario,486,0.5,0.62,0.6173626373626374,0.64,0.6223389909323414,0.628,0.6024120574987448,6.4,4.0,6.0,3.6
rf,signo_zodiacal_acuario,487,0.5,0.54,0.5708333333333333,0.5599999999999999,0.55011655011655,0.6120000000000001,0.655388616887069,5.6,4.8,5.2,4.4
rf,signo_zodiacal_acuario,488,0.5,0.48,0.48699633699633693,0.58,0.5248572683355291,0.488,0.5502664459723283,5.8,6.2,3.8,4.2
rf,signo_zodiacal_acuario,489,0.5,0.45999999999999996,0.4856410256410256,0.43999999999999995,0.44101449275362314,0.43499999999999994,0.5179915621014691,4.4,5.2,4.8,5.6
rf,signo_zodiacal_acuario,490,0.5,0.55,0.5901648351648352,0.56,0.5624393293549305,0.5959999999999999,0.6588680649415942,5.6,4.6,5.4,4.4
rf,signo_zodiacal_acuario,491,0.5,0.41000000000000003,0.4136630036630037,0.54,0.46514009661835753,0.371,0.4834781921724646,5.4,7.2,2.8,4.6
rf,signo_zodiacal_acuario,492,0.5,0.61,0.6155844155844157,0.6000000000000001,0.6033613445378151,0.5720000000000001,0.5689686989996587,6.0,3.8,6.2,4.0
rf,signo_zodiacal_acuario,493,0.5,0.62,0.6096969696969696,0.6599999999999999,0.6330735930735931,0.638,0.6616558051511612,6.6,4.2,5.8,3.4
rf,signo_zodiacal_acuario,494,0.5,0.54,0.5494949494949495,0.52,0.5266347687400319,0.565,0.6014779479206723,5.2,4.4,5.6,4.8
rf,signo_zodiacal_acuario,495,0.5,0.37,0.3471794871794872,0.34,0.33224637681159425,0.351,0.4546962041226747,3.4,6.0,4.0,6.6
rf,signo_zodiacal_acuario,496,0.5,0.41999999999999993,0.4193939393939393,0.4,0.4088220551378446,0.387,0.454698664081017,4.0,5.6,4.4,6.0
rf,signo_zodiacal_acuario,497,0.5,0.4600000000000001,0.457979797979798,0.43999999999999995,0.4473851294903926,0.426,0.5071097152761239,4.4,5.2,4.8,5.6
rf,signo_zodiacal_acuario,498,0.5,0.62,0.6403113553113553,0.64,0.6183047870004392,0.6260000000000001,0.6129117538807941,6.4,4.0,6.0,3.6
rf,signo_zodiacal_acuario,499,0.5,0.43999999999999995,0.4284848484848485,0.4,0.40696741854636587,0.472,0.5427453920348657,4.0,5.2,4.8,6.0
rf,signo_zodiacal_acuario,500,0.5,0.55,0.5251648351648353,0.52,0.5122979152135163,0.5559999999999999,0.60669350850388,5.2,4.2,5.8,4.8
rf,signo_zodiacal_aries,1,0.5,0.53,0.5230769230769231,0.54,0.5264320220841959,0.569,0.6015855723224144,5.4,4.8,5.2,4.6
rf,signo_zodiacal_aries,2,0.5,0.53,0.5352380952380952,0.45999999999999996,0.4913931888544892,0.43,0.5064397922339099,4.6,4.0,6.0,5.4
rf,signo_zodiacal_aries,3,0.5,0.52,0.5211111111111111,0.52,0.5013151059466849,0.5730000000000001,0.6177386377812073,5.2,4.8,5.2,4.8
rf,signo_zodiacal_aries,4,0.5,0.58,0.5781684981684982,0.5599999999999999,0.5523686453986629,0.5770000000000001,0.5997964802655205,5.6,4.0,6.0,4.4
rf,signo_zodiacal_aries,5,0.5,0.45999999999999996,0.4537337662337662,0.48,0.4579257343963226,0.49799999999999994,0.5489145452071148,4.8,5.6,4.4,5.2
rf,signo_zodiacal_aries,6,0.5,0.52,0.5317460317460319,0.45999999999999996,0.48241314069487445,0.538,0.6331346527569438,4.6,4.2,5.8,5.4
rf,signo_zodiacal_aries,7,0.5,0.44000000000000006,0.46409090909090905,0.6199999999999999,0.5256703296703297,0.434,0.5197807033867405,6.2,7.4,2.6,3.8
rf,signo_zodiacal_aries,8,0.5,0.5900000000000001,0.6030769230769231,0.52,0.5421128909229596,0.5660000000000001,0.5832423018158311,5.2,3.4,6.6,4.8
rf,signo_zodiacal_aries,9,0.5,0.44000000000000006,0.4309523809523809,0.4,0.4072755417956656,0.45499999999999996,0.5338635355872198,4.0,5.2,4.8,6.0
rf,signo_zodiacal_aries,10,0.5,0.4600000000000001,0.4618181818181818,0.45999999999999996,0.4599498746867168,0.502,0.555415325902168,4.6,5.4,4.6,5.4
rf,signo_zodiacal_aries,11,0.5,0.54,0.5569347319347319,0.5,0.5169772256728778,0.583,0.6210069625936498,5.0,4.2,5.8,5.0
rf,signo_zodiacal_aries,12,0.5,0.41,0.41742424242424236,0.45999999999999996,0.4354978354978355,0.39799999999999996,0.47476521784029513,4.6,6.4,3.6,5.4
rf,signo_zodiacal_aries,13,0.5,0.44000000000000006,0.42817460317460315,0.37999999999999995,0.39853019357663316,0.446,0.536493535274495,3.8,5.0,5.0,6.2
rf,signo_zodiacal_aries,14,0.5,0.57,0.5729137529137529,0.54,0.5411398060368311,0.545,0.5863390400449223,5.4,4.0,6.0,4.6
rf,signo_zodiacal_aries,15,0.5,0.53,0.5575757575757576,0.52,0.5293290043290043,0.571,0.6255104313471186,5.2,4.6,5.4,4.8
rf,signo_zodiacal_aries,16,0.5,0.6200000000000001,0.6449999999999999,0.5199999999999999,0.5735947712418301,0.608,0.620456292675333,5.2,2.8,7.2,4.8
rf,signo_zodiacal_aries,17,0.5,0.44000000000000006,0.44461538461538463,0.48,0.4575845410628019,0.433,0.5577122595326929,4.8,6.0,4.0,5.2
rf,signo_zodiacal_aries,18,0.5,0.52,0.5361904761904761,0.45999999999999996,0.4928517371861025,0.52,0.5983211022723406,4.6,4.2,5.8,5.4
rf,signo_zodiacal_aries,19,0.5,0.43,0.39772727272727276,0.3,0.3373015873015873,0.425,0.5089985025294623,3.0,4.4,5.6,7.0
rf,signo_zodiacal_aries,20,0.5,0.38,0.33214285714285713,0.32,0.3170588235294118,0.31399999999999995,0.43712475742351903,3.2,5.6,4.4,6.8
rf,signo_zodiacal_aries,21,0.5,0.6100000000000001,0.6094949494949495,0.5999999999999999,0.603859649122807,0.6039999999999999,0.6389986110380848,6.0,3.8,6.2,4.0
rf,signo_zodiacal_aries,22,0.5,0.45999999999999996,0.4424242424242424,0.5,0.45806182121971606,0.40199999999999997,0.47338630203645693,5.0,5.8,4.2,5.0
rf,signo_zodiacal_aries,23,0.5,0.42000000000000004,0.4147619047619048,0.36,0.38097445038621514,0.43,0.5357326197194618,3.6,5.2,4.8,6.4
rf,signo_zodiacal_aries,24,0.5,0.5,0.5040476190476191,0.41999999999999993,0.4397310924369748,0.516,0.5589059716513277,4.2,4.2,5.8,5.8
rf,signo_zodiacal_aries,25,0.5,0.54,0.6555555555555556,0.42000000000000004,0.4550979722032354,0.5450000000000002,0.6198841328090554,4.2,3.4,6.6,5.8
rf,signo_zodiacal_aries,26,0.5,0.51,0.5142857142857142,0.5,0.501773149451168,0.525,0.5443548330754213,5.0,4.8,5.2,5.0
rf,signo_zodiacal_aries,27,0.5,0.44000000000000006,0.43833333333333335,0.38,0.3947186147186147,0.442,0.523668590611315,3.8,5.0,5.0,6.2
rf,signo_zodiacal_aries,28,0.5,0.6000000000000001,0.5933766233766233,0.68,0.6249523809523809,0.627,0.626647462015109,6.8,4.8,5.2,3.2
rf,signo_zodiacal_aries,29,0.5,0.5199999999999999,0.49873015873015863,0.4600000000000001,0.4734717140444694,0.49499999999999994,0.5377853898767212,4.6,4.2,5.8,5.4
rf,signo_zodiacal_aries,30,0.5,0.45999999999999996,0.45339937839937844,0.48,0.4630925138934292,0.505,0.58511067527244,4.8,5.6,4.4,5.2
rf,signo_zodiacal_aries,31,0.5,0.37,0.3911172161172161,0.41999999999999993,0.3992973210364515,0.352,0.47002537435045166,4.2,6.8,3.2,5.8
rf,signo_zodiacal_aries,32,0.5,0.53,0.5290909090909091,0.45999999999999996,0.48428571428571426,0.526,0.5869235019366598,4.6,4.0,6.0,5.4
rf,signo_zodiacal_aries,33,0.5,0.58,0.5738539238539239,0.6199999999999999,0.5928715068303169,0.584,0.6053185415375817,6.2,4.6,5.4,3.8
rf,signo_zodiacal_aries,34,0.5,0.5900000000000001,0.5977777777777777,0.6,0.5949601275917065,0.576,0.6325105429486235,6.0,4.2,5.8,4.0
rf,signo_zodiacal_aries,35,0.5,0.55,0.5527056277056277,0.4800000000000001,0.5073295985060691,0.571,0.5895603046764037,4.8,3.8,6.2,5.2
rf,signo_zodiacal_aries,36,0.5,0.5599999999999999,0.5348484848484849,0.56,0.5422077922077921,0.55,0.5448018441826491,5.6,4.4,5.6,4.4
rf,signo_zodiacal_aries,37,0.5,0.51,0.5219230769230769,0.58,0.5441545893719807,0.5289999999999999,0.586665287327052,5.8,5.6,4.4,4.2
rf,signo_zodiacal_aries,38,0.5,0.4,0.3645299145299145,0.33999999999999997,0.34689168573607926,0.367,0.4718432021195179,3.4,5.4,4.6,6.6
rf,signo_zodiacal_aries,39,0.5,0.44000000000000006,0.42658730158730157,0.38,0.3987866278887951,0.43499999999999994,0.5196689550559519,3.8,5.0,5.0,6.2
rf,signo_zodiacal_aries,40,0.5,0.5900000000000001,0.6005555555555555,0.6,0.5904453441295547,0.667,0.7084955034645437,6.0,4.2,5.8,4.0
rf,signo_zodiacal_aries,41,0.5,0.5,0.5023809523809524,0.5199999999999999,0.5044797823435594,0.4880000000000001,0.5301301459977931,5.2,5.2,4.8,4.8
rf,signo_zodiacal_aries,42,0.5,0.5199999999999999,0.5274902874902875,0.5599999999999999,0.5291877519886674,0.525,0.5545243918448253,5.6,5.2,4.8,4.4
rf,signo_zodiacal_aries,43,0.5,0.48,0.45272727272727276,0.48,0.4595238095238095,0.473,0.5598781512605041,4.8,5.2,4.8,5.2
rf,signo_zodiacal_aries,44,0.5,0.5800000000000001,0.5818614718614719,0.6,0.5758441558441558,0.608,0.6550536848772142,6.0,4.4,5.6,4.0
rf,signo_zodiacal_aries,45,0.5,0.5800000000000001,0.5943650793650793,0.54,0.5537997936016512,0.6450000000000001,0.6859071555379603,5.4,3.8,6.2,4.6
rf,signo_zodiacal_aries,46,0.5,0.45,0.4535897435897436,0.5199999999999999,0.47827603263758867,0.46099999999999997,0.5699224695153488,5.2,6.2,3.8,4.8
rf,signo_zodiacal_aries,47,0.5,0.43,0.4182828282828283,0.48,0.44193635604161924,0.4119999999999999,0.5243046022604846,4.8,6.2,3.8,5.2
rf,signo_zodiacal_aries,48,0.5,0.5700000000000001,0.5763131313131313,0.54,0.555923141186299,0.613,0.6778789913217158,5.4,4.0,6.0,4.6
rf,signo_zodiacal_aries,49,0.5,0.45,0.43211788211788216,0.44000000000000006,0.42858499130877653,0.438,0.5097461796889041,4.4,5.4,4.6,5.6
rf,signo_zodiacal_aries,50,0.5,0.44000000000000006,0.444949494949495,0.33999999999999997,0.3798454469507101,0.40800000000000003,0.5196141015846898,3.4,4.6,5.4,6.6
rf,signo_zodiacal_aries,51,0.5,0.49000000000000005,0.4841269841269841,0.5599999999999999,0.5124933545986178,0.532,0.5812189481485148,5.6,5.8,4.2,4.4
rf,signo_zodiacal_aries,52,0.5,0.53,0.5246581196581196,0.56,0.5361912026442919,0.4880000000000001,0.5430239755944091,5.6,5.0,5.0,4.4
rf,signo_zodiacal_aries,53,0.5,0.52,0.5082251082251082,0.45999999999999996,0.4754307783719548,0.527,0.5845720847779671,4.6,4.2,5.8,5.4
rf,signo_zodiacal_aries,54,0.5,0.51,0.5121056721056721,0.54,0.5237964476408412,0.477,0.5182167844195708,5.4,5.2,4.8,4.6
rf,signo_zodiacal_aries,55,0.5,0.54,0.5366666666666667,0.5,0.5139393939393939,0.5969999999999999,0.6361206538559478,5.0,4.2,5.8,5.0
rf,signo_zodiacal_aries,56,0.5,0.5599999999999999,0.5804029304029303,0.56,0.561685912836808,0.5609999999999999,0.5859792490790943,5.6,4.4,5.6,4.4
rf,signo_zodiacal_aries,57,0.5,0.55,0.5555011655011655,0.62,0.5787494824016562,0.5229999999999999,0.5770425571160865,6.2,5.2,4.8,3.8
rf,signo_zodiacal_aries,58,0.5,0.53,0.5087085137085137,0.48,0.4913696004717677,0.5439999999999999,0.5998575966517142,4.8,4.2,5.8,5.2
rf,signo_zodiacal_aries,59,0.5,0.5,0.5017171717171717,0.4999999999999999,0.49839447102604995,0.45999999999999996,0.5241118685236332,5.0,5.0,5.0,5.0
rf,signo_zodiacal_aries,60,0.5,0.5199999999999999,0.5196969696969697,0.5,0.5072681704260651,0.567,0.6080581493669729,5.0,4.6,5.4,5.0
rf,signo_zodiacal_aries,61,0.5,0.47000000000000003,0.46782106782106786,0.48,0.4686904426842508,0.41400000000000003,0.49628961174704206,4.8,5.4,4.6,5.2
rf,signo_zodiacal_aries,62,0.5,0.4800000000000001,0.48,0.48,0.47899749373433587,0.49799999999999994,0.6190308786500737,4.8,5.2,4.8,5.2
rf,signo_zodiacal_aries,63,0.5,0.58,0.5761238761238762,0.5399999999999999,0.5410035318475216,0.6170000000000001,0.6743474189209483,5.4,3.8,6.2,4.6
rf,signo_zodiacal_aries,64,0.5,0.51,0.4945609945609946,0.4800000000000001,0.48017689150412257,0.504,0.5647316017316018,4.8,4.6,5.4,5.2
rf,signo_zodiacal_aries,65,0.5,0.4600000000000001,0.4711843711843712,0.5599999999999999,0.5088204701477013,0.43099999999999994,0.5050975784621295,5.6,6.4,3.6,4.4
rf,signo_zodiacal_aries,66,0.5,0.6200000000000001,0.6188478188478188,0.6799999999999999,0.6399131984809735,0.666,0.7164337776087002,6.8,4.4,5.6,3.2
rf,signo_zodiacal_aries,67,0.5,0.41,0.40738095238095234,0.4,0.39907308377896616,0.40800000000000003,0.5041157269802781,4.0,5.8,4.2,6.0
rf,signo_zodiacal_aries,68,0.5,0.6,0.6031746031746031,0.56,0.5783281733746131,0.6040000000000001,0.6293201798201797,5.6,3.6,6.4,4.4
rf,signo_zodiacal_aries,69,0.5,0.5,0.49682539682539684,0.44000000000000006,0.4653250773993808,0.48200000000000004,0.5041577758326985,4.4,4.4,5.6,5.6
rf,signo_zodiacal_aries,70,0.5,0.5,0.5478787878787879,0.44000000000000006,0.4733333333333333,0.54,0.5806673130790777,4.4,4.4,5.6,5.6
rf,signo_zodiacal_aries,71,0.5,0.4,0.40696969696969704,0.36,0.37587301587301586,0.414,0.5296083648893246,3.6,5.6,4.4,6.4
rf,signo_zodiacal_aries,72,0.5,0.6299999999999999,0.633939393939394,0.6199999999999999,0.6228282828282827,0.6529999999999999,0.6817949077066723,6.2,3.6,6.4,3.8
rf,signo_zodiacal_aries,73,0.5,0.54,0.543611111111111,0.5399999999999999,0.5217044943360732,0.5279999999999999,0.5402320708187581,5.4,4.6,5.4,4.6
rf,signo_zodiacal_aries,74,0.5,0.41,0.3769230769230769,0.36,0.3579521927348014,0.393,0.5046543205676333,3.6,5.4,4.6,6.4
rf,signo_zodiacal_aries,75,0.5,0.54,0.5365079365079365,0.52,0.5154493854958252,0.525,0.5571839806220611,5.2,4.4,5.6,4.8
rf,signo_zodiacal_aries,76,0.5,0.51,0.5122655122655122,0.45999999999999996,0.4815027765492161,0.512,0.5682424030218148,4.6,4.4,5.6,5.4
rf,signo_zodiacal_aries,77,0.5,0.61,0.6316666666666666,0.52,0.5663157894736843,0.6210000000000001,0.6329415094709213,5.2,3.0,7.0,4.8
rf,signo_zodiacal_aries,78,0.5,0.47000000000000003,0.45392607392607387,0.48,0.4630836682499087,0.48699999999999993,0.5646230985217053,4.8,5.4,4.6,5.2
rf,signo_zodiacal_aries,79,0.5,0.47000000000000003,0.44935897435897426,0.45999999999999996,0.4474967061923584,0.5029999999999999,0.5579082377890427,4.6,5.2,4.8,5.4
rf,signo_zodiacal_aries,80,0.5,0.5599999999999999,0.5607308377896614,0.62,0.5691774891774891,0.528,0.5872989598121177,6.2,5.0,5.0,3.8
rf,signo_zodiacal_aries,81,0.5,0.48,0.48619658119658116,0.48,0.4796694635138571,0.46699999999999997,0.5432525150288308,4.8,5.2,4.8,5.2
rf,signo_zodiacal_aries,82,0.5,0.51,0.4970779220779221,0.47999999999999987,0.484873949579832,0.4709999999999999,0.5046977919741078,4.8,4.6,5.4,5.2
rf,signo_zodiacal_aries,83,0.5,0.35,0.35055944055944055,0.38,0.3628295376121463,0.352,0.45442387514446336,3.8,6.8,3.2,6.2
rf,signo_zodiacal_aries,84,0.5,0.53,0.5327777777777778,0.5,0.5125358851674641,0.5319999999999999,0.6043969076159479,5.0,4.4,5.6,5.0
rf,signo_zodiacal_aries,85,0.5,0.45,0.4574592074592074,0.5399999999999999,0.49482401656314695,0.477,0.5599797616384303,5.4,6.4,3.6,4.6
rf,signo_zodiacal_aries,86,0.5,0.6100000000000001,0.5987878787878789,0.68,0.6360173160173159,0.638,0.683547933490658,6.8,4.6,5.4,3.2
rf,signo_zodiacal_aries,87,0.5,0.52,0.5177045177045176,0.58,0.5409241152948245,0.538,0.5722725679033728,5.8,5.4,4.6,4.2
rf,signo_zodiacal_aries,88,0.5,0.52,0.525,0.52,0.5146464646464646,0.573,0.6302390458698508,5.2,4.8,5.2,4.8
rf,signo_zodiacal_aries,89,0.5,0.42000000000000004,0.4256410256410256,0.45999999999999996,0.43821279153086934,0.37299999999999994,0.47004472591392094,4.6,6.2,3.8,5.4
rf,signo_zodiacal_aries,90,0.5,0.5,0.49818181818181817,0.5,0.4974603174603175,0.546,0.6087785966183799,5.0,5.0,5.0,5.0
rf,signo_zodiacal_aries,91,0.5,0.5,0.49613386613386606,0.44000000000000006,0.4551845085860432,0.40700000000000003,0.508744174985661,4.4,4.4,5.6,5.6
rf,signo_zodiacal_aries,92,0.5,0.48,0.47510822510822515,0.5399999999999999,0.5001383952790602,0.515,0.5438716273406675,5.4,5.8,4.2,4.6
rf,signo_zodiacal_aries,93,0.5,0.51,0.5243589743589744,0.52,0.5126482213438736,0.568,0.5846217905761248,5.2,5.0,5.0,4.8
rf,signo_zodiacal_aries,94,0.5,0.49000000000000005,0.5308333333333334,0.36,0.40007326007326005,0.5730000000000001,0.622851749128065,3.6,3.8,6.2,6.4
rf,signo_zodiacal_aries,95,0.5,0.5599999999999999,0.5666666666666667,0.5800000000000001,0.571246297562087,0.5429999999999999,0.5705904918095321,5.8,4.6,5.4,4.2
rf,signo_zodiacal_aries,96,0.5,0.44000000000000006,0.4512820512820513,0.5,0.4655138339920949,0.44000000000000006,0.5163924882307236,5.0,6.2,3.8,5.0
rf,signo_zodiacal_aries,97,0.5,0.48,0.4888888888888888,0.5,0.4874428495481126,0.43900000000000006,0.535730226687657,5.0,5.4,4.6,5.0
rf,signo_zodiacal_aries,98,0.5,0.5599999999999999,0.5664224664224664,0.5,0.5224357248620273,0.6140000000000001,0.640348843536924,5.0,3.8,6.2,5.0
rf,signo_zodiacal_aries,99,0.5,0.6199999999999999,0.6242063492063492,0.62,0.6112940551021045,0.6279999999999999,0.6749278658218287,6.2,3.8,6.2,3.8
rf,signo_zodiacal_aries,100,0.5,0.43,0.4238927738927739,0.45999999999999996,0.43565782044042917,0.523,0.5877498608202943,4.6,6.0,4.0,5.4
rf,signo_zodiacal_aries,101,0.5,0.6100000000000001,0.6002886002886003,0.6599999999999999,0.6240031897926634,0.6579999999999999,0.7038727198154443,6.6,4.4,5.6,3.4
rf,signo_zodiacal_aries,102,0.5,0.42000000000000004,0.38686868686868686,0.38,0.381390977443609,0.465,0.5316309235999638,3.8,5.4,4.6,6.2
rf,signo_zodiacal_aries,103,0.5,0.45999999999999996,0.4498051948051948,0.4,0.4204295051353874,0.49000000000000005,0.5414703804966964,4.0,4.8,5.2,6.0
rf,signo_zodiacal_aries,104,0.5,0.45,0.44783216783216784,0.42000000000000004,0.4250016345210853,0.52,0.5445741470431874,4.2,5.2,4.8,5.8
rf,signo_zodiacal_aries,105,0.5,0.53,0.5272727272727273,0.52,0.5207868155236575,0.5209999999999999,0.5809022813272039,5.2,4.6,5.4,4.8
rf,signo_zodiacal_aries,106,0.5,0.56,0.5541269841269842,0.5800000000000001,0.5589342339806735,0.5619999999999999,0.5961967281084928,5.8,4.6,5.4,4.2
rf,signo_zodiacal_aries,107,0.5,0.56,0.6032356532356532,0.52,0.5301078783916313,0.592,0.6456059099998729,5.2,4.0,6.0,4.8
rf,signo_zodiacal_aries,108,0.5,0.48999999999999994,0.4924542124542124,0.62,0.5471936758893281,0.493,0.5566534182192077,6.2,6.4,3.6,3.8
rf,signo_zodiacal_aries,109,0.5,0.5,0.49662337662337663,0.44000000000000006,0.45206009676597914,0.403,0.5001366890763175,4.4,4.4,5.6,5.6
rf,signo_zodiacal_aries,110,0.5,0.48,0.46464646464646464,0.42000000000000004,0.43738512949039265,0.496,0.5422022603299693,4.2,4.6,5.4,5.8
rf,signo_zodiacal_aries,111,0.5,0.51,0.5228571428571429,0.45999999999999996,0.4871207430340557,0.532,0.5848507507284597,4.6,4.4,5.6,5.4
rf,signo_zodiacal_aries,112,0.5,0.53,0.5584126984126984,0.48,0.5027464740282077,0.5389999999999999,0.5723051829491458,4.8,4.2,5.8,5.2
rf,signo_zodiacal_aries,113,0.5,0.5,0.495,0.5,0.4886868686868686,0.45599999999999996,0.5503935154113173,5.0,5.0,5.0,5.0
rf,signo_zodiacal_aries,114,0.5,0.51,0.5164285714285715,0.39999999999999997,0.4472875816993464,0.483,0.5733729778992938,4.0,3.8,6.2,6.0
rf,signo_zodiacal_aries,115,0.5,0.5,0.5022222222222222,0.44000000000000006,0.4683040935672514,0.5980000000000001,0.6269323798836183,4.4,4.4,5.6,5.6
rf,signo_zodiacal_aries,116,0.5,0.49000000000000005,0.4771717171717171,0.5,0.479453634085213,0.5069999999999999,0.5439179688560494,5.0,5.2,4.8,5.0
rf,signo_zodiacal_aries,117,0.5,0.5200000000000001,0.5211843711843711,0.5799999999999998,0.5431639044911356,0.48999999999999994,0.5216479076479077,5.8,5.4,4.6,4.2
rf,signo_zodiacal_aries,118,0.5,0.53,0.5227777777777778,0.44000000000000006,0.47526315789473683,0.5569999999999999,0.6329498221936303,4.4,3.8,6.2,5.6
rf,signo_zodiacal_aries,119,0.5,0.52,0.4995670995670995,0.5,0.4915818959162612,0.5429999999999999,0.5525857275679258,5.0,4.6,5.4,5.0
rf,signo_zodiacal_aries,120,0.5,0.43,0.43692307692307697,0.5,0.4621144164759726,0.47000000000000003,0.5303021531272305,5.0,6.4,3.6,5.0
rf,signo_zodiacal_aries,121,0.5,0.36,0.35858974358974355,0.28,0.29428696906957774,0.309,0.4357689575646232,2.8,5.6,4.4,7.2
rf,signo_zodiacal_aries,122,0.5,0.5599999999999999,0.559005439005439,0.58,0.5665511605099706,0.5479999999999999,0.5437673056217948,5.8,4.6,5.4,4.2
rf,signo_zodiacal_aries,123,0.5,0.5800000000000001,0.5683766233766233,0.66,0.6027301587301588,0.619,0.6560611138947052,6.6,5.0,5.0,3.4
rf,signo_zodiacal_aries,124,0.5,0.55,0.5631240981240981,0.5,0.5266823922551477,0.561,0.6178646249691141,5.0,4.0,6.0,5.0
rf,signo_zodiacal_aries,125,0.5,0.52,0.5280952380952381,0.5800000000000001,0.5506060606060605,0.527,0.5989148176385017,5.8,5.4,4.6,4.2
rf,signo_zodiacal_aries,126,0.5,0.49000000000000005,0.4767399267399267,0.5,0.4827579877384697,0.53,0.5639663565708457,5.0,5.2,4.8,5.0
rf,signo_zodiacal_aries,127,0.5,0.55,0.5542857142857143,0.56,0.5522994652406418,0.6499999999999999,0.7203025220393642,5.6,4.6,5.4,4.4
rf,signo_zodiacal_aries,128,0.5,0.38,0.378989898989899,0.38,0.3777595503911294,0.368,0.49739969670852024,3.8,6.2,3.8,6.2
rf,signo_zodiacal_aries,129,0.5,0.41,0.41136363636363643,0.4600000000000001,0.4309523809523809,0.33699999999999997,0.43271452773232966,4.6,6.4,3.6,5.4
rf,signo_zodiacal_aries,130,0.5,0.51,0.5204761904761905,0.38,0.4310071301247772,0.476,0.5688002269488338,3.8,3.6,6.4,6.2
rf,signo_zodiacal_aries,131,0.5,0.48999999999999994,0.4968253968253967,0.41999999999999993,0.4481001970166057,0.534,0.5915063074180722,4.2,4.4,5.6,5.8
rf,signo_zodiacal_aries,132,0.5,0.55,0.5616161616161616,0.52,0.5290134426976533,0.5609999999999999,0.6237576553133828,5.2,4.2,5.8,4.8
rf,signo_zodiacal_aries,133,0.5,0.5599999999999999,0.56992784992785,0.54,0.5504290137107475,0.5149999999999999,0.5777077381682645,5.4,4.2,5.8,4.6
rf,signo_zodiacal_aries,134,0.5,0.43000000000000005,0.4329004329004329,0.42000000000000004,0.42025406653889624,0.45,0.5434774043465994,4.2,5.6,4.4,5.8
rf,signo_zodiacal_aries,135,0.5,0.55,0.5457575757575758,0.5799999999999998,0.5532251082251082,0.5650000000000001,0.5962770264651069,5.8,4.8,5.2,4.2
rf,signo_zodiacal_aries,136,0.5,0.58,0.5733333333333334,0.68,0.6164027459954233,0.5970000000000001,0.613657904616883,6.8,5.2,4.8,3.2
rf,signo_zodiacal_aries,137,0.5,0.4699999999999999,0.4734065934065934,0.5199999999999999,0.4883273657289003,0.5159999999999999,0.6248913535724681,5.2,5.8,4.2,4.8
rf,signo_zodiacal_aries,138,0.5,0.48,0.4523931623931624,0.5,0.4678982040080438,0.426,0.5130632350106035,5.0,5.4,4.6,5.0
rf,signo_zodiacal_aries,139,0.5,0.54,0.526953601953602,0.5,0.5066421381672426,0.569,0.6521289821289822,5.0,4.2,5.8,5.0
rf,signo_zodiacal_aries,140,0.5,0.54,0.548974358974359,0.58,0.5551548436308161,0.5710000000000001,0.6295876437803682,5.8,5.0,5.0,4.2
rf,signo_zodiacal_aries,141,0.5,0.43,0.4083694083694083,0.42000000000000004,0.4125018428424001,0.35000000000000003,0.4740682203932979,4.2,5.6,4.4,5.8
rf,signo_zodiacal_aries,142,0.5,0.51,0.5155555555555555,0.5,0.5059330143540669,0.476,0.5237125199362042,5.0,4.8,5.2,5.0
rf,signo_zodiacal_aries,143,0.5,0.5299999999999999,0.5297979797979797,0.45999999999999996,0.48836675020885545,0.5399999999999999,0.5973710450196519,4.6,4.0,6.0,5.4
rf,signo_zodiacal_aries,144,0.5,0.55,0.5464535464535464,0.5599999999999999,0.5475337961271466,0.5940000000000001,0.6458452919629389,5.6,4.6,5.4,4.4
rf,signo_zodiacal_aries,145,0.5,0.54,0.5488383838383838,0.5,0.521453634085213,0.557,0.6175472875078138,5.0,4.2,5.8,5.0
rf,signo_zodiacal_aries,146,0.5,0.48999999999999994,0.4665811965811966,0.5200000000000001,0.4832829900839054,0.4720000000000001,0.5565835024968151,5.2,5.4,4.6,4.8
rf,signo_zodiacal_aries,147,0.5,0.53,0.5373076923076924,0.54,0.5354589371980677,0.573,0.5625303307803308,5.4,4.8,5.2,4.6
rf,signo_zodiacal_aries,148,0.5,0.49000000000000005,0.481025641025641,0.5799999999999998,0.5224208346954342,0.43599999999999994,0.5266307864821796,5.8,6.0,4.0,4.2
rf,signo_zodiacal_aries,149,0.5,0.45,0.4677344877344877,0.44000000000000006,0.4405012531328321,0.462,0.5136633819396976,4.4,5.4,4.6,5.6
rf,signo_zodiacal_aries,150,0.5,0.45999999999999996,0.4723809523809523,0.5599999999999999,0.510909090909091,0.41899999999999993,0.48160989010989014,5.6,6.4,3.6,4.4
rf,signo_zodiacal_aries,151,0.5,0.45,0.45494505494505494,0.5,0.4674481386757601,0.36,0.46924397824397823,5.0,6.0,4.0,5.0
rf,signo_zodiacal_aries,152,0.5,0.51,0.5065151515151515,0.5,0.5015538847117794,0.521,0.5510287114845938,5.0,4.8,5.2,5.0
rf,signo_zodiacal_aries,153,0.5,0.45999999999999996,0.43809523809523815,0.4,0.407843137254902,0.43499999999999994,0.4902301211860035,4.0,4.8,5.2,6.0
rf,signo_zodiacal_aries,154,0.5,0.51,0.5146825396825397,0.44000000000000006,0.4692560277699596,0.5770000000000001,0.6277962398798312,4.4,4.2,5.8,5.6
rf,signo_zodiacal_aries,155,0.5,0.4,0.3290909090909091,0.32,0.32244360902255637,0.388,0.4678490029062784,3.2,5.2,4.8,6.8
rf,signo_zodiacal_aries,156,0.5,0.45,0.4409090909090909,0.42000000000000004,0.42023809523809524,0.361,0.46817094790314606,4.2,5.2,4.8,5.8
rf,signo_zodiacal_aries,157,0.5,0.4700000000000001,0.47934731934731933,0.52,0.496648934589438,0.438,0.513525588017074,5.2,5.8,4.2,4.8
rf,signo_zodiacal_aries,158,0.5,0.55,0.541880341880342,0.58,0.555021612001017,0.5589999999999999,0.6043555094716085,5.8,4.8,5.2,4.2
rf,signo_zodiacal_aries,159,0.5,0.38,0.3742340992340992,0.36,0.36190347992744004,0.318,0.43250830748199165,3.6,6.0,4.0,6.4
rf,signo_zodiacal_aries,160,0.5,0.57,0.5692773892773892,0.66,0.607776397515528,0.595,0.6559858552180533,6.6,5.2,4.8,3.4
rf,signo_zodiacal_aries,161,0.5,0.4,0.40155844155844156,0.4,0.38945098039215686,0.40099999999999997,0.5090956755662638,4.0,6.0,4.0,6.0
rf,signo_zodiacal_aries,162,0.5,0.55,0.5687179487179488,0.56,0.5341076314989359,0.579,0.5963775289038447,5.6,4.6,5.4,4.4
rf,signo_zodiacal_aries,163,0.5,0.41,0.4103896103896104,0.4,0.3958683473389356,0.4109999999999999,0.5137270913640883,4.0,5.8,4.2,6.0
rf,signo_zodiacal_aries,164,0.5,0.51,0.5146031746031745,0.45999999999999996,0.4842724458204334,0.483,0.533743225127126,4.6,4.4,5.6,5.4
rf,signo_zodiacal_aries,165,0.5,0.51,0.5192424242424243,0.45999999999999996,0.4819047619047619,0.5189999999999999,0.6101987642560397,4.6,4.4,5.6,5.4
rf,signo_zodiacal_aries,166,0.5,0.45,0.4469108669108669,0.43999999999999995,0.43914658769686366,0.41600000000000004,0.4966593782034958,4.4,5.4,4.6,5.6
rf,signo_zodiacal_aries,167,0.5,0.4600000000000001,0.46043290043290047,0.4,0.42288515406162464,0.44499999999999995,0.553525733038891,4.0,4.8,5.2,6.0
rf,signo_zodiacal_aries,168,0.5,0.55,0.5532828282828284,0.54,0.5432824485456065,0.5539999999999999,0.5920935261848574,5.4,4.4,5.6,4.6
rf,signo_zodiacal_aries,169,0.5,0.41000000000000003,0.43306915306915306,0.52,0.4687579819112999,0.348,0.48004163182878357,5.2,7.0,3.0,4.8
rf,signo_zodiacal_aries,170,0.5,0.42000000000000004,0.38575757575757574,0.34,0.34891774891774896,0.383,0.4751127775733039,3.4,5.0,5.0,6.6
rf,signo_zodiacal_aries,171,0.5,0.6000000000000001,0.6122277722277722,0.5599999999999999,0.5694068931920595,0.578,0.5694728218977445,5.6,3.6,6.4,4.4
rf,signo_zodiacal_aries,172,0.5,0.4600000000000001,0.4478632478632479,0.42000000000000004,0.42803203661327227,0.49899999999999994,0.5373228340287164,4.2,5.0,5.0,5.8
rf,signo_zodiacal_aries,173,0.5,0.5599999999999999,0.5564102564102564,0.56,0.5523149111249798,0.509,0.5741323692647221,5.6,4.4,5.6,4.4
rf,signo_zodiacal_aries,174,0.5,0.6000000000000001,0.5872183372183372,0.6599999999999999,0.6192853675691203,0.603,0.6289923338615289,6.6,4.6,5.4,3.4
rf,signo_zodiacal_aries,175,0.5,0.48,0.4872405372405373,0.42000000000000004,0.44567685197648854,0.46499999999999997,0.55804470692706,4.2,4.6,5.4,5.8
rf,signo_zodiacal_aries,176,0.5,0.43999999999999995,0.42979797979797985,0.45999999999999996,0.4420748841801473,0.43,0.512772731740224,4.6,5.8,4.2,5.4
rf,signo_zodiacal_aries,177,0.5,0.43,0.43206349206349204,0.38,0.40253869969040246,0.4590000000000001,0.5552580377139201,3.8,5.2,4.8,6.2
rf,signo_zodiacal_aries,178,0.5,0.5,0.4766666666666667,0.5,0.468021756021756,0.502,0.5475383864501512,5.0,5.0,5.0,5.0
rf,signo_zodiacal_aries,179,0.5,0.52,0.5216666666666667,0.48,0.49616161616161614,0.495,0.5318198725079529,4.8,4.4,5.6,5.2
rf,signo_zodiacal_aries,180,0.5,0.54,0.5623076923076923,0.54,0.5415727064697317,0.517,0.5872813667240913,5.4,4.6,5.4,4.6
rf,signo_zodiacal_aries,181,0.5,0.45999999999999996,0.46065268065268067,0.5,0.4759846916368655,0.4800000000000001,0.551496899557271,5.0,5.8,4.2,5.0
rf,signo_zodiacal_aries,182,0.5,0.51,0.5088888888888888,0.48,0.49107921318447634,0.502,0.5655647777575022,4.8,4.6,5.4,5.2
rf,signo_zodiacal_aries,183,0.5,0.48999999999999994,0.5071428571428571,0.43999999999999995,0.45138782785841614,0.52,0.5814847160063878,4.4,4.6,5.4,5.6
rf,signo_zodiacal_aries,184,0.5,0.41,0.4022222222222222,0.34,0.3655263157894737,0.394,0.4956294734677088,3.4,5.2,4.8,6.6
rf,signo_zodiacal_aries,185,0.5,0.53,0.5416666666666666,0.52,0.5263157894736842,0.502,0.5734147617088793,5.2,4.6,5.4,4.8
rf,signo_zodiacal_aries,186,0.5,0.54,0.5272222222222223,0.4800000000000001,0.4941095162147794,0.593,0.6001854138293767,4.8,4.0,6.0,5.2
rf,signo_zodiacal_aries,187,0.5,0.51,0.553015873015873,0.42000000000000004,0.4510369135508455,0.555,0.621536342742225,4.2,4.0,6.0,5.8
rf,signo_zodiacal_aries,188,0.5,0.52,0.5215007215007215,0.54,0.5231903287630841,0.48600000000000004,0.5307352539101766,5.4,5.0,5.0,4.6
rf,signo_zodiacal_aries,189,0.5,0.53,0.5468975468975469,0.5,0.5186495650891936,0.46099999999999997,0.5469969464659867,5.0,4.4,5.6,5.0
rf,signo_zodiacal_aries,190,0.5,0.5200000000000001,0.5186868686868686,0.48,0.49292549555707443,0.546,0.5981008713508713,4.8,4.4,5.6,5.2
rf,signo_zodiacal_aries,191,0.5,0.43,0.41239316239316237,0.42000000000000004,0.40840325451309434,0.38599999999999995,0.4882422418482791,4.2,5.6,4.4,5.8
rf,signo_zodiacal_aries,192,0.5,0.57,0.601025641025641,0.5199999999999999,0.5436104754640224,0.515,0.5471600442041619,5.2,3.8,6.2,4.8
rf,signo_zodiacal_aries,193,0.5,0.5400000000000001,0.5817932067932069,0.5,0.530467259367515,0.5309999999999999,0.6184906019333264,5.0,4.2,5.8,5.0
rf,signo_zodiacal_aries,194,0.5,0.52,0.5226190476190475,0.5,0.4992424242424242,0.544,0.6294252767356483,5.0,4.6,5.4,5.0
rf,signo_zodiacal_aries,195,0.5,0.48,0.4611471861471861,0.44000000000000006,0.4393557422969188,0.45499999999999996,0.5485425597794019,4.4,4.8,5.2,5.6
rf,signo_zodiacal_aries,196,0.5,0.53,0.5316017316017316,0.52,0.515266106442577,0.521,0.565616911296478,5.2,4.6,5.4,4.8
rf,signo_zodiacal_aries,197,0.5,0.52,0.5432070707070707,0.5399999999999999,0.5198149219201851,0.586,0.6409383090249963,5.4,5.0,5.0,4.6
rf,signo_zodiacal_aries,198,0.5,0.47000000000000003,0.46229548229548223,0.43999999999999995,0.4454267809335787,0.5599999999999999,0.6235875466123144,4.4,5.0,5.0,5.6
rf,signo_zodiacal_aries,199,0.5,0.55,0.58,0.4,0.4655555555555556,0.6359999999999999,0.67656564780249,4.0,3.0,7.0,6.0
rf,signo_zodiacal_aries,200,0.5,0.43000000000000005,0.42916416916416916,0.5,0.459182739457339,0.441,0.5523558037249987,5.0,6.4,3.6,5.0
rf,signo_zodiacal_aries,201,0.5,0.45999999999999996,0.4591991341991342,0.42000000000000004,0.4353334316182614,0.434,0.5334915823770313,4.2,5.0,5.0,5.8
rf,signo_zodiacal_aries,202,0.5,0.45,0.4656709956709957,0.5399999999999999,0.49857142857142855,0.44799999999999995,0.5396203138966296,5.4,6.4,3.6,4.6
rf,signo_zodiacal_aries,203,0.5,0.44000000000000006,0.42231990231990224,0.4,0.40633732669269074,0.40599999999999997,0.5108654524010562,4.0,5.2,4.8,6.0
rf,signo_zodiacal_aries,204,0.5,0.44000000000000006,0.4434343434343434,0.5,0.46754385964912276,0.421,0.5022664269854672,5.0,6.2,3.8,5.0
rf,signo_zodiacal_aries,205,0.5,0.49000000000000005,0.465,0.48,0.4620909090909091,0.553,0.5756115193715813,4.8,5.0,5.0,5.2
rf,signo_zodiacal_aries,206,0.5,0.5,0.48227272727272724,0.5,0.479090909090909,0.5039999999999999,0.5741777929672667,5.0,5.0,5.0,5.0
rf,signo_zodiacal_aries,207,0.5,0.41,0.39848484848484844,0.4,0.39807852965747703,0.35800000000000004,0.49495627884327575,4.0,5.8,4.2,6.0
rf,signo_zodiacal_aries,208,0.5,0.43,0.4238455988455988,0.4,0.4076126144237599,0.33799999999999997,0.44283914820989123,4.0,5.4,4.6,6.0
rf,signo_zodiacal_aries,209,0.5,0.6,0.6078282828282828,0.6,0.6009037745879852,0.6679999999999999,0.7190995460507843,6.0,4.0,6.0,4.0
rf,signo_zodiacal_aries,210,0.5,0.54,0.5472222222222222,0.54,0.539819245082403,0.5189999999999999,0.5851327561327562,5.4,4.6,5.4,4.6
rf,signo_zodiacal_aries,211,0.5,0.53,0.5376623376623376,0.5,0.5116119174942704,0.508,0.5818017517398322,5.0,4.4,5.6,5.0
rf,signo_zodiacal_aries,212,0.5,0.44000000000000006,0.4433943833943834,0.5,0.46667429443173153,0.41400000000000003,0.5014838768043103,5.0,6.2,3.8,5.0
rf,signo_zodiacal_aries,213,0.5,0.45999999999999996,0.4632167832167832,0.48,0.4684748102139406,0.43200000000000005,0.525598300821985,4.8,5.6,4.4,5.2
rf,signo_zodiacal_aries,214,0.5,0.54,0.5458241758241759,0.58,0.5564101371774006,0.5960000000000001,0.6463632005249652,5.8,5.0,5.0,4.2
rf,signo_zodiacal_aries,215,0.5,0.54,0.5435592185592185,0.5399999999999999,0.5329175453552893,0.5509999999999999,0.6173685317950024,5.4,4.6,5.4,4.6
rf,signo_zodiacal_aries,216,0.5,0.48999999999999994,0.47633986928104577,0.5600000000000002,0.500729044834308,0.47999999999999987,0.5286921612099631,5.6,5.8,4.2,4.4
rf,signo_zodiacal_aries,217,0.5,0.45999999999999996,0.4597979797979798,0.5,0.47763043973570285,0.476,0.5323164129472179,5.0,5.8,4.2,5.0
rf,signo_zodiacal_aries,218,0.5,0.58,0.5959884559884561,0.5599999999999999,0.5632535751142562,0.637,0.6491887601562524,5.6,4.0,6.0,4.4
rf,signo_zodiacal_aries,219,0.5,0.5,0.5016233766233766,0.4,0.44082633053221293,0.45200000000000007,0.5571637996506418,4.0,4.0,6.0,6.0
rf,signo_zodiacal_aries,220,0.5,0.45,0.4253968253968254,0.42000000000000004,0.4095295055821372,0.484,0.549524557743598,4.2,5.2,4.8,5.8
rf,signo_zodiacal_aries,221,0.5,0.6,0.6171428571428571,0.5599999999999999,0.580855614973262,0.5900000000000001,0.6072631714690537,5.6,3.6,6.4,4.4
rf,signo_zodiacal_aries,222,0.5,0.48,0.48730158730158735,0.52,0.494600806829909,0.4779999999999999,0.5818183844019759,5.2,5.6,4.4,4.8
rf,signo_zodiacal_aries,223,0.5,0.52,0.5240537240537241,0.45999999999999996,0.48252120069995963,0.534,0.5999252353253901,4.6,4.2,5.8,5.4
rf,signo_zodiacal_aries,224,0.5,0.47000000000000003,0.4591630591630592,0.42000000000000004,0.43644896555113266,0.442,0.4956897861340586,4.2,4.8,5.2,5.8
rf,signo_zodiacal_aries,225,0.5,0.43999999999999995,0.42857142857142855,0.4,0.4065359477124183,0.477,0.5878950473331278,4.0,5.2,4.8,6.0
rf,signo_zodiacal_aries,226,0.5,0.5199999999999999,0.5167832167832167,0.6,0.5506713093669615,0.514,0.5964976330858683,6.0,5.6,4.4,4.0
rf,signo_zodiacal_aries,227,0.5,0.55,0.53504329004329,0.5799999999999998,0.5463427552839317,0.533,0.5742879081702611,5.8,4.8,5.2,4.2
rf,signo_zodiacal_aries,228,0.5,0.56,0.5396825396825397,0.6199999999999999,0.5682756356130969,0.5730000000000001,0.6186189605028615,6.2,5.0,5.0,3.8
rf,signo_zodiacal_aries,229,0.5,0.5800000000000001,0.5965151515151514,0.54,0.5596825396825397,0.615,0.6508127303553,5.4,3.8,6.2,4.6
rf,signo_zodiacal_aries,230,0.5,0.53,0.5472222222222223,0.42000000000000004,0.4730994152046783,0.583,0.6373639954816425,4.2,3.6,6.4,5.8
rf,signo_zodiacal_aries,231,0.5,0.53,0.5213888888888889,0.6399999999999999,0.5684296405349036,0.4699999999999999,0.5077430537298959,6.4,5.8,4.2,3.6
rf,signo_zodiacal_aries,232,0.5,0.53,0.5160256410256411,0.5599999999999999,0.5267896354852877,0.5509999999999999,0.6246970965910593,5.6,5.0,5.0,4.4
rf,signo_zodiacal_aries,233,0.5,0.48,0.46075757575757575,0.5,0.47022510822510827,0.5,0.558472425235583,5.0,5.4,4.6,5.0
rf,signo_zodiacal_aries,234,0.5,0.33999999999999997,0.35025641025641024,0.38,0.3628416892032452,0.322,0.4498029066736497,3.8,7.0,3.0,6.2
rf,signo_zodiacal_aries,235,0.5,0.52,0.5392496392496392,0.52,0.5195488721804511,0.522,0.6099958925663259,5.2,4.8,5.2,4.8
rf,signo_zodiacal_aries,236,0.5,0.56,0.5813924963924963,0.5599999999999999,0.5603070421150915,0.5770000000000001,0.5946069573701153,5.6,4.4,5.6,4.4
rf,signo_zodiacal_aries,237,0.5,0.43,0.44457542457542465,0.52,0.47745341614906833,0.4620000000000001,0.5488926192486564,5.2,6.6,3.4,4.8
rf,signo_zodiacal_aries,238,0.5,0.55,0.5853968253968255,0.4,0.46319032876308414,0.624,0.69972440425072,4.0,3.0,7.0,6.0
rf,signo_zodiacal_aries,239,0.5,0.57,0.5948051948051948,0.56,0.5597402597402598,0.5660000000000001,0.6019773082095063,5.6,4.2,5.8,4.4
rf,signo_zodiacal_aries,240,0.5,0.47000000000000003,0.47853923853923847,0.48,0.4762464131342849,0.48600000000000004,0.5476173265159334,4.8,5.4,4.6,5.2
rf,signo_zodiacal_aries,241,0.5,0.61,0.6147435897435898,0.6,0.6028731248410881,0.556,0.6058699911199912,6.0,3.8,6.2,4.0
rf,signo_zodiacal_aries,242,0.5,0.53,0.5461904761904762,0.54,0.5380799592564298,0.5429999999999999,0.5900077977577978,5.4,4.8,5.2,4.6
rf,signo_zodiacal_aries,243,0.5,0.55,0.5661038961038961,0.52,0.5379271708683473,0.5589999999999999,0.602606235268,5.2,4.2,5.8,4.8
rf,signo_zodiacal_aries,244,0.5,0.41,0.41192307692307695,0.41999999999999993,0.41362318840579715,0.40599999999999997,0.5295501552970593,4.2,6.0,4.0,5.8
rf,signo_zodiacal_aries,245,0.5,0.53,0.5357142857142858,0.45999999999999996,0.48529411764705876,0.55,0.5739682029356951,4.6,4.0,6.0,5.4
rf,signo_zodiacal_aries,246,0.5,0.5599999999999999,0.5733333333333334,0.45999999999999996,0.5038888888888888,0.5509999999999999,0.6125336793409548,4.6,3.4,6.6,5.4
rf,signo_zodiacal_aries,247,0.5,0.5999999999999999,0.6193589743589744,0.58,0.5768502415458936,0.629,0.6760982960967481,5.8,3.8,6.2,4.2
rf,signo_zodiacal_aries,248,0.5,0.53,0.5244444444444444,0.5599999999999999,0.5402415128730917,0.533,0.6289605106795509,5.6,5.0,5.0,4.4
rf,signo_zodiacal_aries,249,0.5,0.52,0.5238636363636364,0.5599999999999999,0.5330891330891331,0.522,0.5812890695475834,5.6,5.2,4.8,4.4
rf,signo_zodiacal_aries,250,0.5,0.39,0.38452380952380955,0.34,0.35709416142852674,0.312,0.4442717037864097,3.4,5.6,4.4,6.6
rf,signo_zodiacal_aries,251,0.5,0.43999999999999995,0.4424242424242424,0.43999999999999995,0.4342617908407382,0.429,0.5101627831233093,4.4,5.6,4.4,5.6
rf,signo_zodiacal_aries,252,0.5,0.54,0.5422222222222223,0.52,0.5305263157894736,0.528,0.6210933994625945,5.2,4.4,5.6,4.8
rf,signo_zodiacal_aries,253,0.5,0.48,0.4542424242424243,0.44000000000000006,0.4349350649350649,0.465,0.5588351462778707,4.4,4.8,5.2,5.6
rf,signo_zodiacal_aries,254,0.5,0.39,0.3877777777777778,0.38,0.382434875066454,0.429,0.506193997952512,3.8,6.0,4.0,6.2
rf,signo_zodiacal_aries,255,0.5,0.49000000000000005,0.5033333333333332,0.36,0.3974475524475524,0.46399999999999997,0.5785094195450233,3.6,3.8,6.2,6.4
rf,signo_zodiacal_aries,256,0.5,0.4800000000000001,0.4715617715617716,0.5599999999999999,0.5094311866623079,0.43099999999999994,0.5460307523573777,5.6,6.0,4.0,4.4
rf,signo_zodiacal_aries,257,0.5,0.5599999999999999,0.5665079365079364,0.48,0.5059016525270394,0.532,0.5596472024707319,4.8,3.6,6.4,5.2
rf,signo_zodiacal_aries,258,0.5,0.52,0.517979797979798,0.52,0.5164760385813018,0.49499999999999994,0.5631103469973439,5.2,4.8,5.2,4.8
rf,signo_zodiacal_aries,259,0.5,0.47000000000000003,0.46979797979797977,0.54,0.49835771246297567,0.45099999999999996,0.523051707494432,5.4,6.0,4.0,4.6
rf,signo_zodiacal_aries,260,0.5,0.49000000000000005,0.49408369408369407,0.43999999999999995,0.46303995282323457,0.512,0.5910587169967976,4.4,4.6,5.4,5.6
rf,signo_zodiacal_aries,261,0.5,0.44000000000000006,0.4465934065934066,0.43999999999999995,0.43846547314578005,0.41100000000000003,0.4811151811724567,4.4,5.6,4.4,5.6
rf,signo_zodiacal_aries,262,0.5,0.39,0.3887445887445887,0.38,0.38136517765000744,0.354,0.4736387517711047,3.8,6.0,4.0,6.2
rf,signo_zodiacal_aries,263,0.5,0.59,0.5902597402597403,0.5800000000000001,0.5796791443850267,0.5780000000000001,0.6252199281626526,5.8,4.0,6.0,4.2
rf,signo_zodiacal_aries,264,0.5,0.47000000000000003,0.4759018759018758,0.4600000000000001,0.46007420512064473,0.516,0.581464792946991,4.6,5.2,4.8,5.4
rf,signo_zodiacal_aries,265,0.5,0.54,0.5378787878787878,0.62,0.5757575757575758,0.553,0.6090910298851474,6.2,5.4,4.6,3.8
rf,signo_zodiacal_aries,266,0.5,0.49000000000000005,0.49980769230769234,0.62,0.5356115623506927,0.476,0.5176948139579718,6.2,6.4,3.6,3.8
rf,signo_zodiacal_aries,267,0.5,0.6,0.5854545454545454,0.6399999999999999,0.6058546365914786,0.631,0.6727001399013781,6.4,4.4,5.6,3.6
rf,signo_zodiacal_aries,268,0.5,0.49000000000000005,0.5243589743589744,0.5199999999999999,0.5103754940711462,0.454,0.5522019653033585,5.2,5.4,4.6,4.8
rf,signo_zodiacal_aries,269,0.5,0.42000000000000004,0.4125757575757576,0.33999999999999997,0.36220551378446114,0.46799999999999997,0.5323584732261203,3.4,5.0,5.0,6.6
rf,signo_zodiacal_aries,270,0.5,0.36,0.3491452991452991,0.34,0.34192728197304856,0.33399999999999996,0.46115055781851444,3.4,6.2,3.8,6.6
rf,signo_zodiacal_aries,271,0.5,0.51,0.5194444444444445,0.42000000000000004,0.4560207336523126,0.514,0.5543968629409806,4.2,4.0,6.0,5.8
rf,signo_zodiacal_aries,272,0.5,0.38,0.3551082251082251,0.29999999999999993,0.3212231559290383,0.312,0.4246660306497768,3.0,5.4,4.6,7.0
rf,signo_zodiacal_aries,273,0.5,0.45,0.43575757575757573,0.43999999999999995,0.43489177489177494,0.43200000000000005,0.5300113440910654,4.4,5.4,4.6,5.6
rf,signo_zodiacal_aries,274,0.5,0.4800000000000001,0.4951515151515151,0.6,0.5358689030267977,0.495,0.5600665721447455,6.0,6.4,3.6,4.0
rf,signo_zodiacal_aries,275,0.5,0.5900000000000001,0.5863636363636363,0.6,0.590096453254348,0.5589999999999999,0.5639858366607593,6.0,4.2,5.8,4.0
rf,signo_zodiacal_aries,276,0.5,0.38999999999999996,0.36504329004329,0.33999999999999997,0.3477973007384772,0.348,0.45647854982994296,3.4,5.6,4.4,6.6
rf,signo_zodiacal_aries,277,0.5,0.48,0.44580419580419584,0.42000000000000004,0.41889233954451344,0.445,0.5296181361638018,4.2,4.6,5.4,5.8
rf,signo_zodiacal_aries,278,0.5,0.49000000000000005,0.49388888888888893,0.42000000000000004,0.4503216374269005,0.489,0.5820191171058043,4.2,4.4,5.6,5.8
rf,signo_zodiacal_aries,279,0.5,0.52,0.5198412698412698,0.45999999999999996,0.48337867842511806,0.48099999999999987,0.5402771641842848,4.6,4.2,5.8,5.4
rf,signo_zodiacal_aries,280,0.5,0.54,0.52,0.52,0.5078637770897834,0.526,0.5583102448806784,5.2,4.4,5.6,4.8
rf,signo_zodiacal_aries,281,0.5,0.51,0.5506349206349206,0.5,0.5098193076273572,0.496,0.541557608628042,5.0,4.8,5.2,5.0
rf,signo_zodiacal_aries,282,0.5,0.4699999999999999,0.4529004329004329,0.4600000000000001,0.45359334164287723,0.507,0.5559067949594265,4.6,5.2,4.8,5.4
rf,signo_zodiacal_aries,283,0.5,0.47000000000000003,0.4686868686868687,0.45999999999999996,0.4636591478696742,0.44000000000000006,0.49531943220178515,4.6,5.2,4.8,5.4
rf,signo_zodiacal_aries,284,0.5,0.33999999999999997,0.32272727272727275,0.3,0.31010860484544694,0.36500000000000005,0.4695444473826827,3.0,6.2,3.8,7.0
rf,signo_zodiacal_aries,285,0.5,0.51,0.5097435897435898,0.4800000000000001,0.47395499618611747,0.591,0.6329304137554911,4.8,4.6,5.4,5.2
rf,signo_zodiacal_aries,286,0.5,0.55,0.5528871128871129,0.58,0.5601857818226105,0.575,0.6260655363728119,5.8,4.8,5.2,4.2
rf,signo_zodiacal_aries,287,0.5,0.49000000000000005,0.4996031746031745,0.45999999999999996,0.4730994152046783,0.485,0.5471799764562923,4.6,4.8,5.2,5.4
rf,signo_zodiacal_aries,288,0.5,0.51,0.5488888888888889,0.48,0.4940857491321887,0.507,0.5434069057877108,4.8,4.6,5.4,5.2
rf,signo_zodiacal_aries,289,0.5,0.65,0.6599999999999999,0.6,0.6199999999999999,0.705,0.7116791541791542,6.0,3.0,7.0,4.0
rf,signo_zodiacal_aries,290,0.5,0.47000000000000003,0.4611111111111111,0.4,0.4280701754385965,0.44799999999999995,0.5241890423817668,4.0,4.6,5.4,6.0
rf,signo_zodiacal_aries,291,0.5,0.48,0.47777777777777775,0.5199999999999999,0.4956937799043062,0.503,0.5554518879812997,5.2,5.6,4.4,4.8
rf,signo_zodiacal_aries,292,0.5,0.5199999999999999,0.5233766233766234,0.5399999999999999,0.5230498259910025,0.575,0.5735052067815225,5.4,5.0,5.0,4.6
rf,signo_zodiacal_aries,293,0.5,0.64,0.6323593073593073,0.68,0.6488987620566566,0.632,0.6256936086789028,6.8,4.0,6.0,3.2
rf,signo_zodiacal_aries,294,0.5,0.53,0.5255122655122655,0.5,0.5100368568480024,0.52,0.5715696978460135,5.0,4.4,5.6,5.0
rf,signo_zodiacal_aries,295,0.5,0.51,0.5070970695970696,0.6799999999999999,0.5794314381270903,0.479,0.4987888222888223,6.8,6.6,3.4,3.2
rf,signo_zodiacal_aries,296,0.5,0.49000000000000005,0.5013553113553113,0.5599999999999999,0.5241458058849362,0.46499999999999997,0.5572233246629531,5.6,5.8,4.2,4.4
rf,signo_zodiacal_aries,297,0.5,0.47000000000000003,0.4612698412698412,0.4,0.4268455452356381,0.4029999999999999,0.4957688253439027,4.0,4.6,5.4,6.0
rf,signo_zodiacal_aries,298,0.5,0.5000000000000001,0.4932478632478633,0.52,0.5021112729121883,0.49499999999999994,0.5267195463635092,5.2,5.2,4.8,4.8
rf,signo_zodiacal_aries,299,0.5,0.52,0.5083333333333334,0.5599999999999999,0.5303030303030303,0.44000000000000006,0.5028256286197462,5.6,5.2,4.8,4.4
rf,signo_zodiacal_aries,300,0.5,0.5399999999999999,0.5462204462204462,0.58,0.5540773288720523,0.5810000000000001,0.6005606430033674,5.8,5.0,5.0,4.2
rf,signo_zodiacal_aries,301,0.5,0.45,0.4678787878787879,0.42000000000000004,0.4371428571428571,0.41400000000000003,0.4956006607771313,4.2,5.2,4.8,5.8
rf,signo_zodiacal_aries,302,0.5,0.58,0.5887529137529137,0.6,0.5878285965242487,0.591,0.6122373545786859,6.0,4.4,5.6,4.0
rf,signo_zodiacal_aries,303,0.5,0.5,0.4902020202020202,0.4800000000000001,0.48399331662489553,0.45199999999999996,0.514594469256234,4.8,4.8,5.2,5.2
rf,signo_zodiacal_aries,304,0.5,0.43,0.4162698412698413,0.38,0.39371423210432493,0.45599999999999996,0.5192414980959872,3.8,5.2,4.8,6.2
rf,signo_zodiacal_aries,305,0.5,0.48999999999999994,0.4858585858585859,0.52,0.5010936431989064,0.4800000000000001,0.5099647923455973,5.2,5.4,4.6,4.8
rf,signo_zodiacal_aries,306,0.5,0.43,0.4147186147186147,0.4,0.40545481350434914,0.46299999999999997,0.5227554939041008,4.0,5.4,4.6,6.0
rf,signo_zodiacal_aries,307,0.5,0.52,0.5253535353535354,0.5599999999999999,0.540501253132832,0.505,0.5703522317036248,5.6,5.2,4.8,4.4
rf,signo_zodiacal_aries,308,0.5,0.42000000000000004,0.40214285714285714,0.38,0.3801699346405229,0.45099999999999996,0.5244892623716153,3.8,5.4,4.6,6.2
rf,signo_zodiacal_aries,309,0.5,0.6199999999999999,0.6172222222222221,0.64,0.6181095162147795,0.6449999999999999,0.6566969676350481,6.4,4.0,6.0,3.6
rf,signo_zodiacal_aries,310,0.5,0.54,0.5420202020202021,0.6,0.5662588288904079,0.5450000000000002,0.5843939628482973,6.0,5.2,4.8,4.0
rf,signo_zodiacal_aries,311,0.5,0.41,0.42363636363636364,0.38,0.39458646616541354,0.3970000000000001,0.5140358171240524,3.8,5.6,4.4,6.2
rf,signo_zodiacal_aries,312,0.5,0.52,0.5366666666666667,0.38,0.4403801169590643,0.5330000000000001,0.5875284509092559,3.8,3.4,6.6,6.2
rf,signo_zodiacal_aries,313,0.5,0.4800000000000001,0.48358974358974366,0.5,0.49011441647597265,0.484,0.5741040538408959,5.0,5.4,4.6,5.0
rf,signo_zodiacal_aries,314,0.5,0.39,0.3834415584415584,0.4,0.38730158730158726,0.352,0.48075718871771506,4.0,6.2,3.8,6.0
rf,signo_zodiacal_aries,315,0.5,0.49000000000000005,0.4883333333333333,0.54,0.5081212121212121,0.457,0.5521079990700735,5.4,5.6,4.4,4.6
rf,signo_zodiacal_aries,316,0.5,0.5599999999999999,0.5563059163059163,0.5800000000000001,0.5627234753550543,0.5800000000000001,0.5952013966425731,5.8,4.6,5.4,4.2
rf,signo_zodiacal_aries,317,0.5,0.5499999999999999,0.5380219780219779,0.58,0.5478249502699629,0.55,0.592680865488141,5.8,4.8,5.2,4.2
rf,signo_zodiacal_aries,318,0.5,0.41999999999999993,0.42540792540792544,0.5,0.45725727361882973,0.421,0.5059473863769529,5.0,6.6,3.4,5.0
rf,signo_zodiacal_aries,319,0.5,0.5,0.5087301587301587,0.48,0.4882696938424493,0.40800000000000003,0.48985841875702557,4.8,4.8,5.2,5.2
rf,signo_zodiacal_aries,320,0.5,0.4800000000000001,0.4849567099567099,0.44000000000000006,0.44915966386554623,0.49800000000000005,0.5997122985373758,4.4,4.8,5.2,5.6
rf,signo_zodiacal_aries,321,0.5,0.53,0.5277777777777779,0.6199999999999999,0.5673843700159489,0.496,0.51949058028315,6.2,5.6,4.4,3.8
rf,signo_zodiacal_aries,322,0.5,0.53,0.5392857142857143,0.52,0.5218954248366015,0.55,0.630905721299684,5.2,4.6,5.4,4.8
rf,signo_zodiacal_aries,323,0.5,0.49000000000000005,0.49564102564102563,0.48,0.4791458058849363,0.509,0.5688583628274031,4.8,5.0,5.0,5.2
rf,signo_zodiacal_aries,324,0.5,0.51,0.5750000000000001,0.44000000000000006,0.466045066045066,0.504,0.5962364116791361,4.4,4.2,5.8,5.6
rf,signo_zodiacal_aries,325,0.5,0.5,0.48888888888888893,0.39999999999999997,0.4383040935672515,0.5309999999999999,0.5935955074337427,4.0,4.0,6.0,6.0
rf,signo_zodiacal_aries,326,0.5,0.41000000000000003,0.40606060606060607,0.4,0.4004329004329004,0.39499999999999996,0.5008428183443663,4.0,5.8,4.2,6.0
rf,signo_zodiacal_aries,327,0.5,0.49000000000000005,0.50004218004218,0.44000000000000006,0.45543731451390623,0.5790000000000001,0.6287399544899543,4.4,4.6,5.4,5.6
rf,signo_zodiacal_aries,328,0.5,0.43,0.41535964035964035,0.44000000000000006,0.42240232061203925,0.44400000000000006,0.5229107671654112,4.4,5.8,4.2,5.6
rf,signo_zodiacal_aries,329,0.5,0.5599999999999999,0.5398601398601398,0.58,0.5484886128364389,0.505,0.5722534801799508,5.8,4.6,5.4,4.2
rf,signo_zodiacal_aries,330,0.5,0.51,0.5023809523809524,0.6199999999999999,0.546951871657754,0.515,0.5404286807963279,6.2,6.0,4.0,3.8
rf,signo_zodiacal_aries,331,0.5,0.57,0.6102020202020202,0.45999999999999996,0.5052631578947369,0.594,0.6501966099775697,4.6,3.2,6.8,5.4
rf,signo_zodiacal_aries,332,0.5,0.5199999999999999,0.5100432900432901,0.54,0.5196658312447786,0.544,0.5993320274496744,5.4,5.0,5.0,4.6
rf,signo_zodiacal_aries,333,0.5,0.35,0.3061904761904762,0.26,0.275222816399287,0.351,0.46940734532065803,2.6,5.6,4.4,7.4
rf,signo_zodiacal_aries,334,0.5,0.47000000000000003,0.4766233766233766,0.4800000000000001,0.473015873015873,0.48,0.541176230202546,4.8,5.4,4.6,5.2
rf,signo_zodiacal_aries,335,0.5,0.6300000000000001,0.6257342657342657,0.6199999999999999,0.6098550724637681,0.6849999999999999,0.6699173952982003,6.2,3.6,6.4,3.8
rf,signo_zodiacal_aries,336,0.5,0.5700000000000001,0.5655555555555555,0.5599999999999999,0.5603721424774056,0.587,0.6440765412777797,5.6,4.2,5.8,4.4
rf,signo_zodiacal_aries,337,0.5,0.51,0.5088961038961038,0.5,0.493015873015873,0.5109999999999999,0.5756571739234277,5.0,4.8,5.2,5.0
rf,signo_zodiacal_aries,338,0.5,0.54,0.5286446886446885,0.5,0.5058567774936062,0.5799999999999998,0.6658658361762076,5.0,4.2,5.8,5.0
rf,signo_zodiacal_aries,339,0.5,0.41999999999999993,0.41829004329004327,0.42000000000000004,0.4139515455304929,0.392,0.49796302837169704,4.2,5.8,4.2,5.8
rf,signo_zodiacal_aries,340,0.5,0.51,0.5141330891330892,0.45999999999999996,0.480199219275811,0.5389999999999999,0.580105438678968,4.6,4.4,5.6,5.4
rf,signo_zodiacal_aries,341,0.5,0.43,0.45594683094683097,0.48,0.46250590243725254,0.441,0.5229054864983658,4.8,6.2,3.8,5.2
rf,signo_zodiacal_aries,342,0.5,0.49000000000000005,0.4987373737373737,0.5,0.49662033872560185,0.497,0.5725765431678744,5.0,5.2,4.8,5.0
rf,signo_zodiacal_aries,343,0.5,0.4600000000000001,0.46075757575757575,0.44000000000000006,0.4485547201336676,0.48,0.5756820042702395,4.4,5.2,4.8,5.6
rf,signo_zodiacal_aries,344,0.5,0.48,0.4843253968253968,0.5800000000000001,0.5168770342144955,0.4789999999999999,0.5711107787121719,5.8,6.2,3.8,4.2
rf,signo_zodiacal_aries,345,0.5,0.39999999999999997,0.37257575757575756,0.36,0.3612987012987013,0.325,0.43112448885823496,3.6,5.6,4.4,6.4
rf,signo_zodiacal_aries,346,0.5,0.42000000000000004,0.39177489177489183,0.38,0.36985563456151693,0.42600000000000005,0.5102146742146741,3.8,5.4,4.6,6.2
rf,signo_zodiacal_aries,347,0.5,0.43,0.4447619047619048,0.45999999999999996,0.44810738968633707,0.38099999999999995,0.49106694655533667,4.6,6.0,4.0,5.4
rf,signo_zodiacal_aries,348,0.5,0.54,0.5361616161616162,0.5199999999999999,0.527017543859649,0.5880000000000001,0.6505564039503667,5.2,4.4,5.6,4.8
rf,signo_zodiacal_aries,349,0.5,0.51,0.5870129870129869,0.42000000000000004,0.462615815556992,0.421,0.5196858327431082,4.2,4.0,6.0,5.8
rf,signo_zodiacal_aries,350,0.5,0.4800000000000001,0.4825951825951826,0.5199999999999999,0.49608078166430564,0.517,0.6103209213387233,5.2,5.6,4.4,4.8
rf,signo_zodiacal_aries,351,0.5,0.47000000000000003,0.44761904761904764,0.4800000000000001,0.457097288676236,0.42600000000000005,0.5079402003225532,4.8,5.4,4.6,5.2
rf,signo_zodiacal_aries,352,0.5,0.5199999999999999,0.522020202020202,0.52,0.5205012531328321,0.484,0.5803883159324336,5.2,4.8,5.2,4.8
rf,signo_zodiacal_aries,353,0.5,0.43,0.41515151515151516,0.42000000000000004,0.4145192526771474,0.354,0.46849233652484423,4.2,5.6,4.4,5.8
rf,signo_zodiacal_aries,354,0.5,0.52,0.5224975024975025,0.45999999999999996,0.47550196890350344,0.5509999999999999,0.6047602664793067,4.6,4.2,5.8,5.4
rf,signo_zodiacal_aries,355,0.5,0.48,0.4788034188034188,0.4999999999999999,0.4870022883295194,0.556,0.6124400311590714,5.0,5.4,4.6,5.0
rf,signo_zodiacal_aries,356,0.5,0.55,0.5490909090909091,0.5199999999999999,0.5320634920634921,0.655,0.7001656470464519,5.2,4.2,5.8,4.8
rf,signo_zodiacal_aries,357,0.5,0.53,0.5337062937062937,0.6,0.5629813664596274,0.562,0.6478623681959595,6.0,5.4,4.6,4.0
rf,signo_zodiacal_aries,358,0.5,0.45999999999999996,0.4622960372960373,0.48,0.4666792145053014,0.438,0.5293925600543248,4.8,5.6,4.4,5.2
rf,signo_zodiacal_aries,359,0.5,0.43999999999999995,0.4349567099567099,0.42000000000000004,0.4234020881079704,0.42399999999999993,0.5099380178644883,4.2,5.4,4.6,5.8
rf,signo_zodiacal_aries,360,0.5,0.45,0.4304112554112554,0.43999999999999995,0.43133859604447833,0.449,0.5174408749145591,4.4,5.4,4.6,5.6
rf,signo_zodiacal_aries,361,0.5,0.54,0.5344322344322345,0.56,0.540382285637367,0.54,0.587878251865094,5.6,4.8,5.2,4.4
rf,signo_zodiacal_aries,362,0.5,0.5599999999999999,0.5537757667169432,0.6799999999999999,0.6035986100516992,0.5050000000000001,0.5698011818762593,6.8,5.6,4.4,3.2
rf,signo_zodiacal_aries,363,0.5,0.39999999999999997,0.39924242424242423,0.41999999999999993,0.40688083845978584,0.43899999999999995,0.5151889766580169,4.2,6.2,3.8,5.8
rf,signo_zodiacal_aries,364,0.5,0.42000000000000004,0.39666666666666667,0.44000000000000006,0.4128282828282829,0.365,0.49944409597969963,4.4,6.0,4.0,5.6
rf,signo_zodiacal_aries,365,0.5,0.47000000000000003,0.4674242424242424,0.48,0.4698412698412698,0.471,0.5379272830712459,4.8,5.4,4.6,5.2
rf,signo_zodiacal_aries,366,0.5,0.5199999999999999,0.5152020202020202,0.4600000000000001,0.48121553884711776,0.517,0.579819467082625,4.6,4.2,5.8,5.4
rf,signo_zodiacal_aries,367,0.5,0.51,0.5107142857142857,0.5,0.49667519181585684,0.5169999999999999,0.5455469720338142,5.0,4.8,5.2,5.0
rf,signo_zodiacal_aries,368,0.5,0.45,0.44392496392496394,0.41999999999999993,0.4160306648975379,0.4640000000000001,0.5251468515144986,4.2,5.2,4.8,5.8
rf,signo_zodiacal_aries,369,0.5,0.5,0.49278499278499277,0.4800000000000001,0.4833701901813357,0.484,0.5529039838730242,4.8,4.8,5.2,5.2
rf,signo_zodiacal_aries,370,0.5,0.52,0.503102453102453,0.52,0.5081661372683044,0.5159999999999999,0.5896187723525185,5.2,4.8,5.2,4.8
rf,signo_zodiacal_aries,371,0.5,0.61,0.66004329004329,0.48,0.5467366946778711,0.6619999999999999,0.7140000414102581,4.8,2.6,7.4,5.2
rf,signo_zodiacal_aries,372,0.5,0.64,0.6863936063936064,0.6,0.6229156010230179,0.666,0.6769175997720889,6.0,3.2,6.8,4.0
rf,signo_zodiacal_aries,373,0.5,0.65,0.6666666666666667,0.64,0.6375757575757576,0.662,0.6748071193512369,6.4,3.4,6.6,3.6
rf,signo_zodiacal_aries,374,0.5,0.4600000000000001,0.47344877344877345,0.54,0.5020164046479836,0.462,0.5006984202587919,5.4,6.2,3.8,4.6
rf,signo_zodiacal_aries,375,0.5,0.4,0.40465034965034963,0.44000000000000006,0.4189045736871823,0.32899999999999996,0.4699788471762155,4.4,6.4,3.6,5.6
rf,signo_zodiacal_aries,376,0.5,0.49000000000000005,0.4481684981684982,0.44000000000000006,0.43277608110021626,0.5720000000000001,0.6594388377360514,4.4,4.6,5.4,5.6
rf,signo_zodiacal_aries,377,0.5,0.39,0.3803030303030303,0.36,0.36791979949874687,0.352,0.4669975739774501,3.6,5.8,4.2,6.4
rf,signo_zodiacal_aries,378,0.5,0.52,0.5163636363636364,0.5599999999999999,0.5367099567099567,0.546,0.6111204639014236,5.6,5.2,4.8,4.4
rf,signo_zodiacal_aries,379,0.5,0.51,0.5087301587301587,0.5,0.49890233605403883,0.534,0.5632342897900173,5.0,4.8,5.2,5.0
rf,signo_zodiacal_aries,380,0.5,0.51,0.5126373626373626,0.5999999999999999,0.5485726833552921,0.51,0.5940972366986298,6.0,5.8,4.2,4.0
rf,signo_zodiacal_aries,381,0.5,0.54,0.5366666666666666,0.5,0.5135406698564593,0.507,0.6028101626615558,5.0,4.2,5.8,5.0
rf,signo_zodiacal_aries,382,0.5,0.47000000000000003,0.47757575757575754,0.38,0.4133959899749374,0.48500000000000004,0.5352326274516677,3.8,4.4,5.6,6.2
rf,signo_zodiacal_aries,383,0.5,0.61,0.596891996891997,0.66,0.6224692165195597,0.6439999999999999,0.6492511171319221,6.6,4.4,5.6,3.4
rf,signo_zodiacal_aries,384,0.5,0.5,0.5051948051948052,0.48,0.4893557422969188,0.476,0.5496252846740463,4.8,4.8,5.2,5.2
rf,signo_zodiacal_aries,385,0.5,0.52,0.5373015873015874,0.5599999999999999,0.5395768833849329,0.513,0.5649678366868769,5.6,5.2,4.8,4.4
rf,signo_zodiacal_aries,386,0.5,0.47000000000000003,0.4634848484848485,0.54,0.4942337662337663,0.44299999999999995,0.5143114318601935,5.4,6.0,4.0,4.6
rf,signo_zodiacal_aries,387,0.5,0.4600000000000001,0.445066045066045,0.45999999999999996,0.4464258472267626,0.44600000000000006,0.5095564609109501,4.6,5.4,4.6,5.4
rf,signo_zodiacal_aries,388,0.5,0.49000000000000005,0.482051282051282,0.52,0.49610983981693363,0.5429999999999999,0.5705815899786488,5.2,5.4,4.6,4.8
rf,signo_zodiacal_aries,389,0.5,0.54,0.5373626373626375,0.5199999999999999,0.5146206308610402,0.533,0.5728037573022093,5.2,4.4,5.6,4.8
rf,signo_zodiacal_aries,390,0.5,0.42000000000000004,0.4256410256410256,0.41999999999999993,0.4152329935510714,0.38099999999999995,0.4664182006503988,4.2,5.8,4.2,5.8
rf,signo_zodiacal_aries,391,0.5,0.47000000000000003,0.4633333333333334,0.5,0.4764444444444445,0.479,0.5613902213197879,5.0,5.6,4.4,5.0
rf,signo_zodiacal_aries,392,0.5,0.53,0.5330158730158729,0.5599999999999999,0.5304210526315789,0.588,0.6046205157072031,5.6,5.0,5.0,4.4
rf,signo_zodiacal_aries,393,0.5,0.48,0.45539682539682536,0.42000000000000004,0.42526315789473684,0.43400000000000005,0.4732770638374354,4.2,4.6,5.4,5.8
rf,signo_zodiacal_aries,394,0.5,0.45,0.46909090909090906,0.44000000000000006,0.44701298701298703,0.449,0.5172343216638883,4.4,5.4,4.6,5.6
rf,signo_zodiacal_aries,395,0.5,0.51,0.5122222222222221,0.4600000000000001,0.4790085061137693,0.5050000000000001,0.5838485511736285,4.6,4.4,5.6,5.4
rf,signo_zodiacal_aries,396,0.5,0.49000000000000005,0.4800000000000001,0.36,0.39994987468671683,0.49399999999999994,0.5351217720188308,3.6,3.8,6.2,6.4
rf,signo_zodiacal_aries,397,0.5,0.47000000000000003,0.425,0.38,0.3977777777777778,0.5050000000000001,0.5812494291054662,3.8,4.4,5.6,6.2
rf,signo_zodiacal_aries,398,0.5,0.54,0.5571428571428572,0.44000000000000006,0.4847445038621509,0.587,0.6218373097490744,4.4,3.6,6.4,5.6
rf,signo_zodiacal_aries,399,0.5,0.57,0.5669047619047619,0.5999999999999999,0.5681111111111111,0.5770000000000001,0.6380343796210669,6.0,4.6,5.4,4.0
rf,signo_zodiacal_aries,400,0.5,0.52,0.5133333333333333,0.41999999999999993,0.45742690058479524,0.519,0.5794232058790882,4.2,3.8,6.2,5.8
rf,signo_zodiacal_aries,401,0.5,0.52,0.5277777777777778,0.48,0.5002658160552897,0.529,0.6033546551487727,4.8,4.4,5.6,5.2
rf,signo_zodiacal_aries,402,0.5,0.51,0.5103535353535353,0.5,0.502574618364092,0.53,0.5811199782329812,5.0,4.8,5.2,5.0
rf,signo_zodiacal_aries,403,0.5,0.54,0.5084498834498834,0.5199999999999999,0.502980111675764,0.49000000000000005,0.522854294827979,5.2,4.4,5.6,4.8
rf,signo_zodiacal_aries,404,0.5,0.49000000000000005,0.48606893106893106,0.48,0.4768091584459871,0.47400000000000003,0.5543850479585772,4.8,5.0,5.0,5.2
rf,signo_zodiacal_aries,405,0.5,0.47000000000000003,0.4522943722943723,0.4,0.4171841368126198,0.4539999999999999,0.5393522125449369,4.0,4.6,5.4,6.0
rf,signo_zodiacal_aries,406,0.5,0.47000000000000003,0.4826806526806527,0.52,0.49846711640761987,0.48199999999999993,0.5336466954098532,5.2,5.8,4.2,4.8
rf,signo_zodiacal_aries,407,0.5,0.55,0.5452525252525253,0.58,0.5609204830257462,0.554,0.6079511572878445,5.8,4.8,5.2,4.2
rf,signo_zodiacal_aries,408,0.5,0.57,0.5852947052947053,0.6,0.5776811594202899,0.5730000000000001,0.604833813245578,6.0,4.6,5.4,4.0
rf,signo_zodiacal_aries,409,0.5,0.44000000000000006,0.4341258741258741,0.44000000000000006,0.42815734989648035,0.47000000000000003,0.523222460116423,4.4,5.6,4.4,5.6
rf,signo_zodiacal_aries,410,0.5,0.54,0.5416666666666666,0.54,0.5369484316852737,0.597,0.6110975778607357,5.4,4.6,5.4,4.6
rf,signo_zodiacal_aries,411,0.5,0.51,0.5088888888888888,0.48,0.48830143540669857,0.548,0.5813352742029212,4.8,4.6,5.4,5.2
rf,signo_zodiacal_aries,412,0.5,0.54,0.5568181818181819,0.5599999999999999,0.5515873015873016,0.5650000000000001,0.6005337691204564,5.6,4.8,5.2,4.4
rf,signo_zodiacal_aries,413,0.5,0.45,0.465,0.4600000000000001,0.447949494949495,0.496,0.572700872656755,4.6,5.6,4.4,5.4
rf,signo_zodiacal_aries,414,0.5,0.56,0.5747222222222221,0.54,0.5242105263157895,0.605,0.655213147963148,5.4,4.2,5.8,4.6
rf,signo_zodiacal_aries,415,0.5,0.49000000000000005,0.46238095238095234,0.45999999999999996,0.4489393939393939,0.483,0.5268420082669308,4.6,4.8,5.2,5.4
rf,signo_zodiacal_aries,416,0.5,0.45,0.46675213675213667,0.56,0.5056109839816934,0.449,0.5307701763320959,5.6,6.6,3.4,4.4
rf,signo_zodiacal_aries,417,0.5,0.36,0.3660606060606061,0.43999999999999995,0.3962712842712842,0.333,0.4671678805370755,4.4,7.2,2.8,5.6
rf,signo_zodiacal_aries,418,0.5,0.47000000000000003,0.47603174603174603,0.38,0.4204196766425869,0.501,0.565035784476961,3.8,4.4,5.6,6.2
rf,signo_zodiacal_aries,419,0.5,0.5,0.49662337662337663,0.48,0.4838061285120109,0.469,0.5361518575164086,4.8,4.8,5.2,5.2
rf,signo_zodiacal_aries,420,0.5,0.54,0.5320512820512819,0.5599999999999999,0.5354568704952337,0.5539999999999999,0.5985266661443133,5.6,4.8,5.2,4.4
rf,signo_zodiacal_aries,421,0.5,0.44000000000000006,0.4641935841935842,0.43999999999999995,0.4466608977687184,0.378,0.46550338610477926,4.4,5.6,4.4,5.6
rf,signo_zodiacal_aries,422,0.5,0.56,0.5531468531468532,0.6799999999999999,0.6067208154164676,0.564,0.5945400134780939,6.8,5.6,4.4,3.2
rf,signo_zodiacal_aries,423,0.5,0.48,0.4927272727272728,0.44000000000000006,0.4547550694919115,0.4800000000000001,0.5063391663376183,4.4,4.8,5.2,5.6
rf,signo_zodiacal_aries,424,0.5,0.48,0.4514285714285714,0.44000000000000006,0.4337254901960784,0.43099999999999994,0.4785071580466317,4.4,4.8,5.2,5.6
rf,signo_zodiacal_aries,425,0.5,0.45,0.42666666666666664,0.42000000000000004,0.4186124401913875,0.421,0.49765654916119306,4.2,5.2,4.8,5.8
rf,signo_zodiacal_aries,426,0.5,0.48,0.49706959706959697,0.5,0.4840269704719833,0.495,0.5660803367599032,5.0,5.4,4.6,5.0
rf,signo_zodiacal_aries,427,0.5,0.54,0.5321212121212121,0.5199999999999999,0.5196297562087036,0.5630000000000001,0.5767825415898171,5.2,4.4,5.6,4.8
rf,signo_zodiacal_aries,428,0.5,0.47000000000000003,0.4686868686868687,0.44000000000000006,0.45254803675856303,0.45899999999999996,0.538128401010754,4.4,5.0,5.0,5.6
rf,signo_zodiacal_aries,429,0.5,0.59,0.595,0.54,0.5596996278575226,0.611,0.590828569521294,5.4,3.6,6.4,4.6
rf,signo_zodiacal_aries,430,0.5,0.52,0.5275724275724276,0.5599999999999999,0.5377841255079108,0.4630000000000001,0.5125208504945347,5.6,5.2,4.8,4.4
rf,signo_zodiacal_aries,431,0.5,0.55,0.5555555555555556,0.58,0.5625996810207335,0.5630000000000001,0.5891400409016507,5.8,4.8,5.2,4.2
rf,signo_zodiacal_aries,432,0.5,0.5299999999999999,0.5471178821178821,0.52,0.5274233751471604,0.595,0.6384130858821261,5.2,4.6,5.4,4.8
rf,signo_zodiacal_aries,433,0.5,0.4800000000000001,0.48151848151848153,0.5,0.48495220846815956,0.441,0.5526138159226395,5.0,5.4,4.6,5.0
rf,signo_zodiacal_aries,434,0.5,0.5000000000000001,0.4965811965811966,0.5,0.4790265798274952,0.563,0.6221507067064342,5.0,5.0,5.0,5.0
rf,signo_zodiacal_aries,435,0.5,0.6299999999999999,0.6349456099456099,0.66,0.6415075897913425,0.597,0.6829252691752692,6.6,4.0,6.0,3.4
rf,signo_zodiacal_aries,436,0.5,0.5,0.5078571428571428,0.54,0.5123137254901962,0.526,0.598403632744964,5.4,5.4,4.6,4.6
rf,signo_zodiacal_aries,437,0.5,0.67,0.6926190476190477,0.62,0.6389542483660131,0.6719999999999999,0.6884938662129064,6.2,2.8,7.2,3.8
rf,signo_zodiacal_aries,438,0.5,0.45,0.43571428571428567,0.45999999999999996,0.43725490196078426,0.465,0.5612344055153653,4.6,5.6,4.4,5.4
rf,signo_zodiacal_aries,439,0.5,0.43999999999999995,0.46923076923076923,0.54,0.4947231512448904,0.40099999999999997,0.5195399359842086,5.4,6.6,3.4,4.6
rf,signo_zodiacal_aries,440,0.5,0.5299999999999999,0.5199578199578199,0.64,0.5702353710362864,0.522,0.5512843067665049,6.4,5.8,4.2,3.6
rf,signo_zodiacal_aries,441,0.5,0.5900000000000001,0.6077922077922078,0.5599999999999999,0.5776844070961717,0.617,0.6653892855510504,5.6,3.8,6.2,4.4
rf,signo_zodiacal_aries,442,0.5,0.47000000000000003,0.46428571428571425,0.38,0.4169246646026831,0.46699999999999997,0.5464854405999917,3.8,4.4,5.6,6.2
rf,signo_zodiacal_aries,443,0.5,0.6100000000000001,0.6225036075036076,0.5599999999999999,0.585967860828542,0.624,0.6421802609155549,5.6,3.4,6.6,4.4
rf,signo_zodiacal_aries,444,0.5,0.41,0.408021978021978,0.44000000000000006,0.4176811594202898,0.406,0.49076282171560803,4.4,6.2,3.8,5.6
rf,signo_zodiacal_aries,445,0.5,0.6500000000000001,0.6574025974025974,0.6399999999999999,0.644313725490196,0.6289999999999999,0.6618768992445463,6.4,3.4,6.6,3.6
rf,signo_zodiacal_aries,446,0.5,0.4600000000000001,0.4376190476190477,0.4,0.40336007130124774,0.465,0.5244146768264415,4.0,4.8,5.2,6.0
rf,signo_zodiacal_aries,447,0.5,0.5200000000000001,0.5333333333333333,0.48,0.4980392156862745,0.5429999999999999,0.6250522051048366,4.8,4.4,5.6,5.2
rf,signo_zodiacal_aries,448,0.5,0.51,0.503968253968254,0.4,0.4451324389404885,0.48900000000000005,0.5635778292055382,4.0,3.8,6.2,6.0
rf,signo_zodiacal_aries,449,0.5,0.38,0.3743939393939394,0.42000000000000004,0.389091960670908,0.342,0.4868153760584101,4.2,6.6,3.4,5.8
rf,signo_zodiacal_aries,450,0.5,0.47000000000000003,0.48202020202020207,0.52,0.4944810511126301,0.4590000000000001,0.5437710339196407,5.2,5.8,4.2,4.8
rf,signo_zodiacal_aries,451,0.5,0.57,0.5672727272727272,0.64,0.599090909090909,0.564,0.5979898973575445,6.4,5.0,5.0,3.6
rf,signo_zodiacal_aries,452,0.5,0.5399999999999999,0.5485714285714286,0.52,0.5249019607843137,0.563,0.6204836529999069,5.2,4.4,5.6,4.8
rf,signo_zodiacal_aries,453,0.5,0.39,0.39727272727272733,0.42000000000000004,0.4074003189792664,0.33599999999999997,0.4725719954280326,4.2,6.4,3.6,5.8
rf,signo_zodiacal_aries,454,0.5,0.5700000000000001,0.5890909090909091,0.6,0.5892330827067669,0.6090000000000001,0.6365714634522684,6.0,4.6,5.4,4.0
rf,signo_zodiacal_aries,455,0.5,0.5799999999999998,0.6102020202020202,0.52,0.5452631578947369,0.5760000000000001,0.627694714212516,5.2,3.6,6.4,4.8
rf,signo_zodiacal_aries,456,0.5,0.4600000000000001,0.47161616161616166,0.5199999999999999,0.48962588288904074,0.505,0.6154010434010433,5.2,6.0,4.0,4.8
rf,signo_zodiacal_aries,457,0.5,0.44000000000000006,0.43939393939393945,0.42000000000000004,0.42823725981620714,0.40800000000000003,0.48394915318599524,4.2,5.4,4.6,5.8
rf,signo_zodiacal_aries,458,0.5,0.43,0.4220862470862471,0.4,0.4027541680287676,0.42600000000000005,0.4923890184462939,4.0,5.4,4.6,6.0
rf,signo_zodiacal_aries,459,0.5,0.53,0.5147435897435898,0.5399999999999999,0.5219587176108915,0.5429999999999999,0.6303543303102127,5.4,4.8,5.2,4.6
rf,signo_zodiacal_aries,460,0.5,0.53,0.5514285714285714,0.5399999999999999,0.5397911892029539,0.534,0.6140122279681103,5.4,4.8,5.2,4.6
rf,signo_zodiacal_aries,461,0.5,0.45,0.4482828282828283,0.54,0.48506766917293237,0.43499999999999994,0.5204826666281774,5.4,6.4,3.6,4.6
rf,signo_zodiacal_aries,462,0.5,0.45,0.43809523809523815,0.39999999999999997,0.4094771241830065,0.42099999999999993,0.5243168616728987,4.0,5.0,5.0,6.0
rf,signo_zodiacal_aries,463,0.5,0.49000000000000005,0.4954822954822955,0.48,0.4826759994615696,0.383,0.4865257442935461,4.8,5.0,5.0,5.2
rf,signo_zodiacal_aries,464,0.5,0.43,0.4113131313131313,0.38,0.39165413533834587,0.43800000000000006,0.5029374026386411,3.8,5.2,4.8,6.2
rf,signo_zodiacal_aries,465,0.5,0.45,0.45272727272727276,0.5,0.47134837092731835,0.433,0.5238993404256562,5.0,6.0,4.0,5.0
rf,signo_zodiacal_aries,466,0.5,0.43999999999999995,0.4397979797979798,0.4800000000000001,0.45763043973570283,0.44400000000000006,0.5220226795048776,4.8,6.0,4.0,5.2
rf,signo_zodiacal_aries,467,0.5,0.48,0.475,0.44000000000000006,0.45555555555555555,0.404,0.49766643547371103,4.4,4.8,5.2,5.6
rf,signo_zodiacal_aries,468,0.5,0.58,0.5798484848484848,0.6,0.5869552669552669,0.587,0.649570512219119,6.0,4.4,5.6,4.0
rf,signo_zodiacal_aries,469,0.5,0.43999999999999995,0.45071428571428573,0.45999999999999996,0.4464266191325015,0.39999999999999997,0.46635684637000435,4.6,5.8,4.2,5.4
rf,signo_zodiacal_aries,470,0.5,0.36,0.3523076923076923,0.38,0.36285925617733394,0.369,0.5115080393462748,3.8,6.6,3.4,6.2
rf,signo_zodiacal_aries,471,0.5,0.52,0.5333333333333333,0.5,0.5111111111111111,0.5589999999999999,0.5745437499377128,5.0,4.6,5.4,5.0
rf,signo_zodiacal_aries,472,0.5,0.45,0.4675477463712758,0.5,0.4730594460006225,0.49399999999999994,0.5511363522098817,5.0,6.0,4.0,5.0
rf,signo_zodiacal_aries,473,0.5,0.45999999999999996,0.4605555555555555,0.43999999999999995,0.44757044125465184,0.374,0.4594979767394628,4.4,5.2,4.8,5.6
rf,signo_zodiacal_aries,474,0.5,0.49000000000000005,0.46305916305916306,0.48,0.46530050616737917,0.504,0.5354280441780442,4.8,5.0,5.0,5.2
rf,signo_zodiacal_aries,475,0.5,0.44000000000000006,0.4388383838383838,0.44000000000000006,0.4372112098427888,0.45099999999999996,0.5013767596352735,4.4,5.6,4.4,5.6
rf,signo_zodiacal_aries,476,0.5,0.55,0.5551948051948052,0.6,0.572112098427888,0.589,0.6229697785874256,6.0,5.0,5.0,4.0
rf,signo_zodiacal_aries,477,0.5,0.51,0.4982142857142858,0.4600000000000001,0.45566631510903954,0.49800000000000005,0.5466734005588495,4.6,4.4,5.6,5.4
rf,signo_zodiacal_aries,478,0.5,0.41000000000000003,0.4057142857142857,0.4,0.3996791443850268,0.36100000000000004,0.4707291334396597,4.0,5.8,4.2,6.0
rf,signo_zodiacal_aries,479,0.5,0.4699999999999999,0.4716233766233766,0.48,0.4707936507936507,0.492,0.5970036564742447,4.8,5.4,4.6,5.2
rf,signo_zodiacal_aries,480,0.5,0.45,0.44904761904761903,0.4999999999999999,0.46758428272494773,0.418,0.5116449769700544,5.0,6.0,4.0,5.0
rf,signo_zodiacal_aries,481,0.5,0.51,0.52,0.5399999999999999,0.5151778656126482,0.577,0.6695427997355241,5.4,5.2,4.8,4.6
rf,signo_zodiacal_aries,482,0.5,0.5900000000000001,0.6113131313131313,0.44000000000000006,0.49713032581453626,0.619,0.6880257787448191,4.4,2.6,7.4,5.6
rf,signo_zodiacal_aries,483,0.5,0.44000000000000006,0.4059090909090909,0.4,0.3976623376623377,0.41,0.49321736613919276,4.0,5.2,4.8,6.0
rf,signo_zodiacal_aries,484,0.5,0.4999999999999999,0.5061111111111112,0.45999999999999996,0.47011164274322176,0.48999999999999994,0.5888471559400352,4.6,4.6,5.4,5.4
rf,signo_zodiacal_aries,485,0.5,0.49000000000000005,0.4871128871128871,0.48,0.4786954598773148,0.529,0.6095224960797716,4.8,5.0,5.0,5.2
rf,signo_zodiacal_aries,486,0.5,0.51,0.4964535464535464,0.4800000000000001,0.48086712946047977,0.527,0.5380563560106904,4.8,4.6,5.4,5.2
rf,signo_zodiacal_aries,487,0.5,0.59,0.624040404040404,0.5599999999999999,0.5828446115288222,0.628,0.6846973951401195,5.6,3.8,6.2,4.4
rf,signo_zodiacal_aries,488,0.5,0.45,0.4341991341991342,0.4000000000000001,0.4110644257703081,0.44000000000000006,0.5489619300548094,4.0,5.0,5.0,6.0
rf,signo_zodiacal_aries,489,0.5,0.6,0.5966666666666667,0.58,0.5822727272727273,0.6759999999999999,0.6911203687952915,5.8,3.8,6.2,4.2
rf,signo_zodiacal_aries,490,0.5,0.45,0.44333333333333336,0.4,0.4131313131313131,0.487,0.5492984135747294,4.0,5.0,5.0,6.0
rf,signo_zodiacal_aries,491,0.5,0.49000000000000005,0.5266233766233765,0.45999999999999996,0.4704260651629072,0.529,0.6230417056283929,4.6,4.8,5.2,5.4
rf,signo_zodiacal_aries,492,0.5,0.53,0.533045843045843,0.58,0.5531494744767056,0.534,0.5825453785980101,5.8,5.2,4.8,4.2
rf,signo_zodiacal_aries,493,0.5,0.57,0.5688311688311687,0.5599999999999999,0.5607843137254902,0.57,0.5674126963507768,5.6,4.2,5.8,4.4
rf,signo_zodiacal_aries,494,0.5,0.6,0.6096969696969696,0.62,0.6019348370927318,0.6009999999999999,0.6541994933171403,6.2,4.2,5.8,3.8
rf,signo_zodiacal_aries,495,0.5,0.43,0.4288888888888889,0.44000000000000006,0.429766081871345,0.379,0.49724131836515734,4.4,5.8,4.2,5.6
rf,signo_zodiacal_aries,496,0.5,0.43,0.41439393939393937,0.38,0.3928571428571429,0.433,0.5056983396720238,3.8,5.2,4.8,6.2
rf,signo_zodiacal_aries,497,0.5,0.45,0.4253968253968254,0.33999999999999997,0.3771585827313382,0.442,0.5006122858050104,3.4,4.4,5.6,6.6
rf,signo_zodiacal_aries,498,0.5,0.37,0.36738095238095236,0.41999999999999993,0.38649122807017544,0.328,0.4742556630675826,4.2,6.8,3.2,5.8
rf,signo_zodiacal_aries,499,0.5,0.49000000000000005,0.4954822954822955,0.5,0.4882315550171251,0.518,0.5844784002547161,5.0,5.2,4.8,5.0
rf,signo_zodiacal_aries,500,0.5,0.6100000000000001,0.6183333333333334,0.62,0.6117426900584795,0.603,0.6235884007633234,6.2,4.0,6.0,3.8
rf,signo_zodiacal_capricornio,1,0.5,0.5,0.5,0.56,0.5260869565217392,0.46799999999999997,0.5202609427036672,5.6,5.6,4.4,4.4
rf,signo_zodiacal_capricornio,2,0.5,0.58,0.5740293040293041,0.62,0.5896117182050686,0.585,0.5976357325165375,6.2,4.6,5.4,3.8
rf,signo_zodiacal_capricornio,3,0.5,0.42000000000000004,0.4306027306027306,0.42000000000000004,0.4204225397252722,0.384,0.5067343629023194,4.2,5.8,4.2,5.8
rf,signo_zodiacal_capricornio,4,0.5,0.47000000000000003,0.45499999999999996,0.38,0.40888888888888886,0.461,0.5067702375024357,3.8,4.4,5.6,6.2
rf,signo_zodiacal_capricornio,5,0.5,0.5,0.495,0.52,0.5048484848484848,0.548,0.5858857112959279,5.2,5.2,4.8,4.8
rf,signo_zodiacal_capricornio,6,0.5,0.5399999999999999,0.5341269841269841,0.5599999999999999,0.5403242955874534,0.5529999999999999,0.5877727278741209,5.6,4.8,5.2,4.4
rf,signo_zodiacal_capricornio,7,0.5,0.48,0.4847319347319347,0.48,0.47424851363470283,0.465,0.5351250503882083,4.8,5.2,4.8,5.2
rf,signo_zodiacal_capricornio,8,0.5,0.55,0.5561111111111111,0.5,0.5258479532163742,0.581,0.6578291528732706,5.0,4.0,6.0,5.0
rf,signo_zodiacal_capricornio,9,0.5,0.47000000000000003,0.47333333333333333,0.5999999999999999,0.5122380952380953,0.5129999999999999,0.6199169380670928,6.0,6.6,3.4,4.0
rf,signo_zodiacal_capricornio,10,0.5,0.54,0.531068931068931,0.64,0.5784490871447392,0.568,0.6111899185266059,6.4,5.6,4.4,3.6
rf,signo_zodiacal_capricornio,11,0.5,0.61,0.607070707070707,0.68,0.6380610617452722,0.6040000000000001,0.6469985478058232,6.8,4.6,5.4,3.2
rf,signo_zodiacal_capricornio,12,0.5,0.48,0.477979797979798,0.43999999999999995,0.45627401837928155,0.479,0.5664900855078873,4.4,4.8,5.2,5.6
rf,signo_zodiacal_capricornio,13,0.5,0.59,0.6566666666666667,0.44000000000000006,0.5107142857142858,0.5619999999999999,0.644365773717167,4.4,2.6,7.4,5.6
rf,signo_zodiacal_capricornio,14,0.5,0.48999999999999994,0.4942002442002441,0.54,0.5076430613851532,0.46099999999999997,0.5480815959066733,5.4,5.6,4.4,4.6
rf,signo_zodiacal_capricornio,15,0.5,0.55,0.5487912087912087,0.6,0.5543853367433931,0.5650000000000001,0.6293074795002039,6.0,5.0,5.0,4.0
rf,signo_zodiacal_capricornio,16,0.5,0.47000000000000003,0.45619047619047615,0.42000000000000004,0.4246470588235295,0.413,0.49725598438369334,4.2,4.8,5.2,5.8
rf,signo_zodiacal_capricornio,17,0.5,0.54,0.5515873015873016,0.5599999999999999,0.5471526409606905,0.628,0.6964268694841451,5.6,4.8,5.2,4.4
rf,signo_zodiacal_capricornio,18,0.5,0.43000000000000005,0.4438095238095238,0.43999999999999995,0.4355377302436126,0.404,0.5067542386234336,4.4,5.8,4.2,5.6
rf,signo_zodiacal_capricornio,19,0.5,0.53,0.5311111111111112,0.52,0.5232429558745348,0.5090000000000001,0.528286886316298,5.2,4.6,5.4,4.8
rf,signo_zodiacal_capricornio,20,0.5,0.56,0.5635198135198135,0.62,0.5882393731363982,0.5360000000000001,0.569274817889369,6.2,5.0,5.0,3.8
rf,signo_zodiacal_capricornio,21,0.5,0.44000000000000006,0.4523809523809524,0.45999999999999996,0.4505050505050505,0.39399999999999996,0.5095032014768857,4.6,5.8,4.2,5.4
rf,signo_zodiacal_capricornio,22,0.5,0.37,0.34944444444444445,0.36,0.34988304093567246,0.319,0.4589642735145831,3.6,6.2,3.8,6.4
rf,signo_zodiacal_capricornio,23,0.5,0.45,0.4626540126540126,0.5199999999999999,0.4822317069120138,0.4620000000000001,0.5473149165076409,5.2,6.2,3.8,4.8
rf,signo_zodiacal_capricornio,24,0.5,0.4699999999999999,0.46007326007326005,0.45999999999999996,0.4554852604657424,0.49000000000000005,0.5387403880948772,4.6,5.2,4.8,5.4
rf,signo_zodiacal_capricornio,25,0.5,0.49000000000000005,0.48317460317460315,0.45999999999999996,0.4574190824655221,0.5199999999999999,0.592175759912602,4.6,4.8,5.2,5.4
rf,signo_zodiacal_capricornio,26,0.5,0.53,0.5242424242424242,0.56,0.5338744588744588,0.522,0.578329177358589,5.6,5.0,5.0,4.4
rf,signo_zodiacal_capricornio,27,0.5,0.51,0.4926190476190476,0.44000000000000006,0.4593196672608437,0.491,0.5698741654802026,4.4,4.2,5.8,5.6
rf,signo_zodiacal_capricornio,28,0.5,0.45,0.4546453546453547,0.48,0.4590630455080583,0.496,0.5530203289142918,4.8,5.8,4.2,5.2
rf,signo_zodiacal_capricornio,29,0.5,0.45,0.4451770451770452,0.4800000000000001,0.45746032134509723,0.523,0.5900977890358695,4.8,5.8,4.2,5.2
rf,signo_zodiacal_capricornio,30,0.5,0.45999999999999996,0.45757575757575764,0.38,0.40839598997493737,0.476,0.5483155151522026,3.8,4.6,5.4,6.2
rf,signo_zodiacal_capricornio,31,0.5,0.5800000000000001,0.5815584415584416,0.5,0.5313398692810457,0.544,0.6094892530070548,5.0,3.4,6.6,5.0
rf,signo_zodiacal_capricornio,32,0.5,0.45999999999999996,0.45757575757575764,0.4,0.4222848788638263,0.472,0.5544808735296352,4.0,4.8,5.2,6.0
rf,signo_zodiacal_capricornio,33,0.5,0.5,0.5,0.54,0.504449472096531,0.503,0.549207349238309,5.4,5.4,4.6,4.6
rf,signo_zodiacal_capricornio,34,0.5,0.41,0.38095238095238093,0.44000000000000006,0.3972755417956656,0.368,0.4918556453866051,4.4,6.2,3.8,5.6
rf,signo_zodiacal_capricornio,35,0.5,0.42000000000000004,0.40714285714285714,0.42000000000000004,0.4106496186991543,0.374,0.4551914659987416,4.2,5.8,4.2,5.8
rf,signo_zodiacal_capricornio,36,0.5,0.53,0.5511904761904762,0.43999999999999995,0.48840729274165806,0.562,0.6042674623278339,4.4,3.8,6.2,5.6
rf,signo_zodiacal_capricornio,37,0.5,0.45,0.4486868686868687,0.38,0.40080200501253127,0.458,0.5414331440832989,3.8,4.8,5.2,6.2
rf,signo_zodiacal_capricornio,38,0.5,0.47000000000000003,0.4653568653568653,0.48,0.4673627803524155,0.5030000000000001,0.5517073744968481,4.8,5.4,4.6,5.2
rf,signo_zodiacal_capricornio,39,0.5,0.52,0.5103846153846153,0.5599999999999999,0.530144927536232,0.5249999999999999,0.5459106167310501,5.6,5.2,4.8,4.4
rf,signo_zodiacal_capricornio,40,0.5,0.5900000000000001,0.5868531468531468,0.6599999999999999,0.6201054018445322,0.533,0.5582130924630924,6.6,4.8,5.2,3.4
rf,signo_zodiacal_capricornio,41,0.5,0.49000000000000005,0.4983682983682984,0.44000000000000006,0.4568540917511169,0.509,0.5818088027383693,4.4,4.6,5.4,5.6
rf,signo_zodiacal_capricornio,42,0.5,0.36,0.3092857142857143,0.28,0.2834509803921569,0.38100000000000006,0.46457455367130296,2.8,5.6,4.4,7.2
rf,signo_zodiacal_capricornio,43,0.5,0.57,0.5867521367521367,0.56,0.5692601067887109,0.6210000000000001,0.6675635089884315,5.6,4.2,5.8,4.4
rf,signo_zodiacal_capricornio,44,0.5,0.58,0.5583333333333333,0.6,0.5655686418844313,0.526,0.5727729029656274,6.0,4.4,5.6,4.0
rf,signo_zodiacal_capricornio,45,0.5,0.5800000000000001,0.5698135198135199,0.6599999999999999,0.6109166196122717,0.592,0.6524862251611477,6.6,5.0,5.0,3.4
rf,signo_zodiacal_capricornio,46,0.5,0.48,0.4796536796536796,0.48,0.4746286393345217,0.4779999999999999,0.5601901344269765,4.8,5.2,4.8,5.2
rf,signo_zodiacal_capricornio,47,0.5,0.48,0.486935286935287,0.48,0.47205059750826334,0.4699999999999999,0.5194525378302468,4.8,5.2,4.8,5.2
rf,signo_zodiacal_capricornio,48,0.5,0.5199999999999999,0.47928571428571426,0.48,0.46410415178217035,0.59,0.6011259363271747,4.8,4.4,5.6,5.2
rf,signo_zodiacal_capricornio,49,0.5,0.41,0.40166666666666667,0.38,0.3878043593833067,0.31199999999999994,0.45831986030825045,3.8,5.6,4.4,6.2
rf,signo_zodiacal_capricornio,50,0.5,0.51,0.528080808080808,0.4600000000000001,0.4830075187969924,0.48200000000000004,0.5607055738379267,4.6,4.4,5.6,5.4
rf,signo_zodiacal_capricornio,51,0.5,0.4,0.3754329004329004,0.32,0.3427097154651334,0.323,0.439455741369054,3.2,5.2,4.8,6.8
rf,signo_zodiacal_capricornio,52,0.5,0.55,0.5526923076923077,0.58,0.5619411506368028,0.584,0.6200647212264859,5.8,4.8,5.2,4.2
rf,signo_zodiacal_capricornio,53,0.5,0.5700000000000001,0.5672727272727272,0.6,0.5828571428571429,0.557,0.6114736935750867,6.0,4.6,5.4,4.0
rf,signo_zodiacal_capricornio,54,0.5,0.53,0.5444444444444445,0.44000000000000006,0.47192982456140353,0.597,0.6444461835034591,4.4,3.8,6.2,5.6
rf,signo_zodiacal_capricornio,55,0.5,0.4600000000000001,0.4562193362193362,0.33999999999999997,0.38204186937933066,0.49899999999999994,0.5529076262574716,3.4,4.2,5.8,6.6
rf,signo_zodiacal_capricornio,56,0.5,0.48,0.46412698412698405,0.54,0.48930143540669857,0.41899999999999993,0.493205710955711,5.4,5.8,4.2,4.6
rf,signo_zodiacal_capricornio,57,0.5,0.51,0.5106060606060606,0.5399999999999999,0.5228070175438596,0.5199999999999999,0.6113061090955827,5.4,5.2,4.8,4.6
rf,signo_zodiacal_capricornio,58,0.5,0.37,0.331025641025641,0.33999999999999997,0.32873540901000853,0.37,0.5058760802321174,3.4,6.0,4.0,6.6
rf,signo_zodiacal_capricornio,59,0.5,0.42000000000000004,0.3977045177045177,0.42000000000000004,0.3997286310405169,0.367,0.46457534948711415,4.2,5.8,4.2,5.8
rf,signo_zodiacal_capricornio,60,0.5,0.56,0.5821428571428571,0.45999999999999996,0.5117647058823529,0.583,0.6647749013971924,4.6,3.4,6.6,5.4
rf,signo_zodiacal_capricornio,61,0.5,0.51,0.5313131313131313,0.45999999999999996,0.47049624060150375,0.575,0.6252066593537181,4.6,4.4,5.6,5.4
rf,signo_zodiacal_capricornio,62,0.5,0.5199999999999999,0.5406060606060606,0.45999999999999996,0.49038011695906436,0.487,0.5365178422368825,4.6,4.2,5.8,5.4
rf,signo_zodiacal_capricornio,63,0.5,0.64,0.6595238095238095,0.5599999999999999,0.5977507270850924,0.635,0.6872042391732793,5.6,2.8,7.2,4.4
rf,signo_zodiacal_capricornio,64,0.5,0.4600000000000001,0.4519347319347319,0.48,0.4632930151465621,0.449,0.5469774002227563,4.8,5.6,4.4,5.2
rf,signo_zodiacal_capricornio,65,0.5,0.49000000000000005,0.5221428571428571,0.5,0.49444444444444446,0.5149999999999999,0.5676838341397165,5.0,5.2,4.8,5.0
rf,signo_zodiacal_capricornio,66,0.5,0.5,0.505,0.52,0.5077777777777778,0.43400000000000005,0.5011396099600434,5.2,5.2,4.8,4.8
rf,signo_zodiacal_capricornio,67,0.5,0.42000000000000004,0.4157575757575758,0.41999999999999993,0.4174436090225564,0.473,0.5663593900079967,4.2,5.8,4.2,5.8
rf,signo_zodiacal_capricornio,68,0.5,0.36,0.3483682983682984,0.36000000000000004,0.35129853619556134,0.328,0.4324978989019236,3.6,6.4,3.6,6.4
rf,signo_zodiacal_capricornio,69,0.5,0.55,0.5386280386280387,0.6,0.562814849259862,0.512,0.5413989539871893,6.0,5.0,5.0,4.0
rf,signo_zodiacal_capricornio,70,0.5,0.45,0.4432900432900433,0.42000000000000004,0.42898422526905494,0.41200000000000003,0.4876107246726441,4.2,5.2,4.8,5.8
rf,signo_zodiacal_capricornio,71,0.5,0.5399999999999999,0.5133333333333334,0.44000000000000006,0.4688888888888888,0.542,0.6038140562567806,4.4,3.6,6.4,5.6
rf,signo_zodiacal_capricornio,72,0.5,0.47000000000000003,0.4688888888888889,0.4600000000000001,0.4621903242955875,0.457,0.5477102723557833,4.6,5.2,4.8,5.4
rf,signo_zodiacal_capricornio,73,0.5,0.6199999999999999,0.6125541125541124,0.6399999999999999,0.6180524841515553,0.615,0.6192879122081909,6.4,4.0,6.0,3.6
rf,signo_zodiacal_capricornio,74,0.5,0.54,0.570995670995671,0.52,0.5319327731092438,0.5820000000000001,0.6146212741506859,5.2,4.4,5.6,4.8
rf,signo_zodiacal_capricornio,75,0.5,0.43,0.39555555555555555,0.36000000000000004,0.3720148856990962,0.429,0.5358158801982331,3.6,5.0,5.0,6.4
rf,signo_zodiacal_capricornio,76,0.5,0.51,0.5076923076923077,0.5599999999999999,0.5228260869565218,0.492,0.531930898908453,5.6,5.4,4.6,4.4
rf,signo_zodiacal_capricornio,77,0.5,0.56,0.555921855921856,0.5399999999999999,0.5380584686547805,0.6260000000000001,0.6394151414461011,5.4,4.2,5.8,4.6
rf,signo_zodiacal_capricornio,78,0.5,0.47000000000000003,0.47111111111111115,0.5,0.48042105263157897,0.51,0.5834103192129507,5.0,5.6,4.4,5.0
rf,signo_zodiacal_capricornio,79,0.5,0.5200000000000001,0.5181478652066888,0.5399999999999999,0.5148361098825495,0.5589999999999999,0.6316050230299457,5.4,5.0,5.0,4.6
rf,signo_zodiacal_capricornio,80,0.5,0.49000000000000005,0.4543589743589743,0.4800000000000001,0.43800952670517895,0.502,0.5185751383119804,4.8,5.0,5.0,5.2
rf,signo_zodiacal_capricornio,81,0.5,0.5399999999999999,0.5652947052947053,0.5199999999999999,0.5240269704719832,0.5319999999999999,0.577441881218197,5.2,4.4,5.6,4.8
rf,signo_zodiacal_capricornio,82,0.5,0.51,0.49777777777777776,0.45999999999999996,0.4708452950558213,0.4880000000000001,0.5700272525891721,4.6,4.4,5.6,5.4
rf,signo_zodiacal_capricornio,83,0.5,0.45,0.4595959595959596,0.44000000000000006,0.44346662109820006,0.46399999999999997,0.5773812890755614,4.4,5.4,4.6,5.6
rf,signo_zodiacal_capricornio,84,0.5,0.4,0.3866161616161616,0.36,0.37151211361737674,0.305,0.4414526929898447,3.6,5.6,4.4,6.4
rf,signo_zodiacal_capricornio,85,0.5,0.55,0.5529137529137529,0.58,0.5639969488939741,0.5690000000000001,0.5743285560328905,5.8,4.8,5.2,4.2
rf,signo_zodiacal_capricornio,86,0.5,0.55,0.5663936063936064,0.47999999999999987,0.5029156010230179,0.627,0.6663966866466866,4.8,3.8,6.2,5.2
rf,signo_zodiacal_capricornio,87,0.5,0.4,0.37999999999999995,0.4,0.3826666666666666,0.382,0.48310332417840157,4.0,6.0,4.0,6.0
rf,signo_zodiacal_capricornio,88,0.5,0.48999999999999994,0.4647319347319348,0.45999999999999996,0.44923960097873133,0.5399999999999998,0.6084001547987616,4.6,4.8,5.2,5.4
rf,signo_zodiacal_capricornio,89,0.5,0.43999999999999995,0.3524087024087025,0.39999999999999997,0.37297393681833035,0.484,0.5395935761864554,4.0,5.2,4.8,6.0
rf,signo_zodiacal_capricornio,90,0.5,0.4600000000000001,0.4579365079365079,0.42000000000000004,0.4345967414078869,0.473,0.5450230478156175,4.2,5.0,5.0,5.8
rf,signo_zodiacal_capricornio,91,0.5,0.5,0.49818181818181817,0.5399999999999999,0.5176623376623376,0.49099999999999994,0.5633608264800215,5.4,5.4,4.6,4.6
rf,signo_zodiacal_capricornio,92,0.5,0.49000000000000005,0.475982350982351,0.5,0.4815048549063895,0.49899999999999994,0.5172627470568647,5.0,5.2,4.8,5.0
rf,signo_zodiacal_capricornio,93,0.5,0.51,0.510909090909091,0.5399999999999999,0.5223088023088023,0.48599999999999993,0.5749667919799498,5.4,5.2,4.8,4.6
rf,signo_zodiacal_capricornio,94,0.5,0.4800000000000001,0.4793650793650793,0.44000000000000006,0.45551177408762544,0.4600000000000001,0.5399545073089965,4.4,4.8,5.2,5.6
rf,signo_zodiacal_capricornio,95,0.5,0.53,0.5242507492507492,0.45999999999999996,0.4729996346364633,0.549,0.5908176629012543,4.6,4.0,6.0,5.4
rf,signo_zodiacal_capricornio,96,0.5,0.6,0.5907342657342657,0.62,0.5989459815546772,0.653,0.6602458697133621,6.2,4.2,5.8,3.8
rf,signo_zodiacal_capricornio,97,0.5,0.48,0.4766233766233766,0.36,0.4047152194211018,0.475,0.5019805656160145,3.6,4.0,6.0,6.4
rf,signo_zodiacal_capricornio,98,0.5,0.51,0.5075757575757576,0.54,0.5141774891774892,0.5269999999999999,0.5575791887850711,5.4,5.2,4.8,4.6
rf,signo_zodiacal_capricornio,99,0.5,0.54,0.5498917748917749,0.52,0.5294711824123588,0.5189999999999999,0.5882761559905523,5.2,4.4,5.6,4.8
rf,signo_zodiacal_capricornio,100,0.5,0.45999999999999996,0.45526695526695526,0.45999999999999996,0.4457070277503714,0.41,0.4699100527955017,4.6,5.4,4.6,5.4
rf,signo_zodiacal_capricornio,101,0.5,0.48999999999999994,0.4753174603174603,0.4,0.4320536635706914,0.5069999999999999,0.573979288255604,4.0,4.2,5.8,6.0
rf,signo_zodiacal_capricornio,102,0.5,0.5800000000000001,0.6009523809523809,0.6,0.5764102564102564,0.533,0.5840269622018848,6.0,4.4,5.6,4.0
rf,signo_zodiacal_capricornio,103,0.5,0.53,0.51,0.5199999999999999,0.5002727272727273,0.4579999999999999,0.5165274802596784,5.2,4.6,5.4,4.8
rf,signo_zodiacal_capricornio,104,0.5,0.55,0.5505555555555556,0.54,0.5425943646996279,0.6010000000000001,0.6317450980392157,5.4,4.4,5.6,4.6
rf,signo_zodiacal_capricornio,105,0.5,0.49000000000000005,0.4742857142857143,0.45999999999999996,0.4555882352941176,0.519,0.5893597354657726,4.6,4.8,5.2,5.4
rf,signo_zodiacal_capricornio,106,0.5,0.51,0.4828571428571428,0.5399999999999999,0.500192513368984,0.521,0.6032227202621939,5.4,5.2,4.8,4.6
rf,signo_zodiacal_capricornio,107,0.5,0.43999999999999995,0.42000000000000004,0.4,0.40181818181818174,0.45,0.525275262748947,4.0,5.2,4.8,6.0
rf,signo_zodiacal_capricornio,108,0.5,0.51,0.5177045177045176,0.42000000000000004,0.4537286310405169,0.522,0.5872143967143967,4.2,4.0,6.0,5.8
rf,signo_zodiacal_capricornio,109,0.5,0.57,0.5897435897435898,0.6,0.5807971014492754,0.5349999999999999,0.606825331531214,6.0,4.6,5.4,4.0
rf,signo_zodiacal_capricornio,110,0.5,0.44000000000000006,0.42777777777777776,0.38,0.40233918128654966,0.422,0.5227460436020808,3.8,5.0,5.0,6.2
rf,signo_zodiacal_capricornio,111,0.5,0.4600000000000001,0.46452991452991454,0.45999999999999996,0.4457012095456031,0.48699999999999993,0.5914465006098133,4.6,5.4,4.6,5.4
rf,signo_zodiacal_capricornio,112,0.5,0.5900000000000001,0.5856060606060606,0.7,0.6296425796425795,0.6,0.6597964360201202,7.0,5.2,4.8,3.0
rf,signo_zodiacal_capricornio,113,0.5,0.45,0.4698834498834499,0.48,0.4614041031432336,0.434,0.5094995566009498,4.8,5.8,4.2,5.2
rf,signo_zodiacal_capricornio,114,0.5,0.41000000000000003,0.40444444444444444,0.4,0.3944210526315789,0.41100000000000003,0.5234354185546135,4.0,5.8,4.2,6.0
rf,signo_zodiacal_capricornio,115,0.5,0.54,0.5666666666666667,0.6,0.5678571428571428,0.54,0.6083946135563782,6.0,5.2,4.8,4.0
rf,signo_zodiacal_capricornio,116,0.5,0.56,0.545982905982906,0.6599999999999999,0.5929153318077803,0.5549999999999999,0.612542696897186,6.6,5.4,4.6,3.4
rf,signo_zodiacal_capricornio,117,0.5,0.5200000000000001,0.5163863913863913,0.5,0.5019347174415152,0.5509999999999999,0.5907970983265101,5.0,4.6,5.4,5.0
rf,signo_zodiacal_capricornio,118,0.5,0.5200000000000001,0.5826923076923076,0.44000000000000006,0.47018717361966794,0.4629999999999999,0.5347143962848298,4.4,4.0,6.0,5.6
rf,signo_zodiacal_capricornio,119,0.5,0.49000000000000005,0.4892496392496392,0.45999999999999996,0.46993508727254857,0.5160000000000001,0.5640874284813913,4.6,4.8,5.2,5.4
rf,signo_zodiacal_capricornio,120,0.5,0.51,0.5093939393939395,0.5599999999999999,0.5325541125541126,0.513,0.5688201973465132,5.6,5.4,4.6,4.4
rf,signo_zodiacal_capricornio,121,0.5,0.51,0.5211399711399711,0.52,0.5144116976934314,0.45899999999999996,0.5201093259166014,5.2,5.0,5.0,4.8
rf,signo_zodiacal_capricornio,122,0.5,0.42000000000000004,0.4301864801864802,0.5,0.4619235836627141,0.42700000000000005,0.5548823904853316,5.0,6.6,3.4,5.0
rf,signo_zodiacal_capricornio,123,0.5,0.51,0.5176923076923077,0.5199999999999999,0.5090118577075099,0.5429999999999999,0.6079670139801718,5.2,5.0,5.0,4.8
rf,signo_zodiacal_capricornio,124,0.5,0.49000000000000005,0.4925324675324675,0.42000000000000004,0.44717553688141926,0.504,0.5663315089623139,4.2,4.4,5.6,5.8
rf,signo_zodiacal_capricornio,125,0.5,0.38,0.34685314685314683,0.33999999999999997,0.3364906832298137,0.327,0.443397493029846,3.4,5.8,4.2,6.6
rf,signo_zodiacal_capricornio,126,0.5,0.4699999999999999,0.4878787878787879,0.44000000000000006,0.45555555555555555,0.471,0.5564706045588399,4.4,5.0,5.0,5.6
rf,signo_zodiacal_capricornio,127,0.5,0.5,0.4766317016317016,0.43999999999999995,0.44673913043478264,0.49000000000000005,0.5740338364765609,4.4,4.4,5.6,5.6
rf,signo_zodiacal_capricornio,128,0.5,0.38,0.3664646464646465,0.31999999999999995,0.3359398496240601,0.382,0.4982913844841089,3.2,5.6,4.4,6.8
rf,signo_zodiacal_capricornio,129,0.5,0.61,0.6030303030303029,0.6799999999999999,0.636056049213944,0.626,0.64070760508841,6.8,4.6,5.4,3.2
rf,signo_zodiacal_capricornio,130,0.5,0.45999999999999996,0.461013986013986,0.44000000000000006,0.44568668046928916,0.45100000000000007,0.5191120546120546,4.4,5.2,4.8,5.6
rf,signo_zodiacal_capricornio,131,0.5,0.6,0.5933760683760683,0.6199999999999999,0.5998982964658021,0.591,0.6123043025086368,6.2,4.2,5.8,3.8
rf,signo_zodiacal_capricornio,132,0.5,0.5199999999999999,0.4965656565656566,0.48,0.4784284240011794,0.516,0.5751357439430195,4.8,4.4,5.6,5.2
rf,signo_zodiacal_capricornio,133,0.5,0.61,0.6595238095238095,0.45999999999999996,0.5238158899923605,0.6639999999999999,0.6403169956978007,4.6,2.4,7.6,5.4
rf,signo_zodiacal_capricornio,134,0.5,0.5800000000000001,0.5899650349650349,0.64,0.6072946859903381,0.6300000000000001,0.6543114548849843,6.4,4.8,5.2,3.6
rf,signo_zodiacal_capricornio,135,0.5,0.45999999999999996,0.43962703962703964,0.47999999999999987,0.4518742508445026,0.44499999999999995,0.5254366960868508,4.8,5.6,4.4,5.2
rf,signo_zodiacal_capricornio,136,0.5,0.5700000000000001,0.5853679653679654,0.5399999999999999,0.5576676986584108,0.604,0.6669621283429333,5.4,4.0,6.0,4.6
rf,signo_zodiacal_capricornio,137,0.5,0.59,0.6309523809523809,0.48,0.5365418894830659,0.569,0.6191658156085401,4.8,3.0,7.0,5.2
rf,signo_zodiacal_capricornio,138,0.5,0.57,0.5734376734376735,0.64,0.6007845701209545,0.585,0.6421125094375868,6.4,5.0,5.0,3.6
rf,signo_zodiacal_capricornio,139,0.5,0.54,0.5465512265512265,0.4800000000000001,0.5067315347191508,0.49000000000000005,0.5673707434636227,4.8,4.0,6.0,5.2
rf,signo_zodiacal_capricornio,140,0.5,0.36,0.29107142857142854,0.3,0.2867772750125691,0.33699999999999997,0.47699019710939217,3.0,5.8,4.2,7.0
rf,signo_zodiacal_capricornio,141,0.5,0.44000000000000006,0.43142135642135643,0.4,0.41194161875276425,0.51,0.5784586503967308,4.0,5.2,4.8,6.0
rf,signo_zodiacal_capricornio,142,0.5,0.62,0.5931818181818181,0.5799999999999998,0.5763347763347764,0.6839999999999999,0.6637755561432032,5.8,3.4,6.6,4.2
rf,signo_zodiacal_capricornio,143,0.5,0.53,0.5210567210567211,0.52,0.5126266753841124,0.549,0.6180611539303489,5.2,4.6,5.4,4.8
rf,signo_zodiacal_capricornio,144,0.5,0.53,0.5472222222222223,0.5399999999999999,0.5402977139819245,0.591,0.6475410292322057,5.4,4.8,5.2,4.6
rf,signo_zodiacal_capricornio,145,0.5,0.45999999999999996,0.47666666666666657,0.48,0.46909090909090906,0.429,0.516082315946867,4.8,5.6,4.4,5.2
rf,signo_zodiacal_capricornio,146,0.5,0.54,0.5675757575757576,0.58,0.5552644456992283,0.49000000000000005,0.545311502223267,5.8,5.0,5.0,4.2
rf,signo_zodiacal_capricornio,147,0.5,0.48,0.46769230769230763,0.42000000000000004,0.4328502415458937,0.472,0.5016583155406684,4.2,4.6,5.4,5.8
rf,signo_zodiacal_capricornio,148,0.5,0.4600000000000001,0.47116550116550115,0.5,0.4819925967752054,0.4699999999999999,0.5291710774605511,5.0,5.8,4.2,5.0
rf,signo_zodiacal_capricornio,149,0.5,0.51,0.5031313131313131,0.54,0.509721348826612,0.46799999999999997,0.5493287916933428,5.4,5.2,4.8,4.6
rf,signo_zodiacal_capricornio,150,0.5,0.51,0.5138888888888888,0.48,0.4953216374269006,0.5309999999999999,0.5923576213088596,4.8,4.6,5.4,5.2
rf,signo_zodiacal_capricornio,151,0.5,0.53,0.5907070707070707,0.48,0.5089724310776942,0.5,0.5402615140277678,4.8,4.2,5.8,5.2
rf,signo_zodiacal_capricornio,152,0.5,0.5399999999999999,0.5678571428571428,0.5,0.5278012321355975,0.542,0.5739193286074091,5.0,4.2,5.8,5.0
rf,signo_zodiacal_capricornio,153,0.5,0.4800000000000001,0.4719658119658119,0.52,0.49243187018930723,0.43,0.5060297682193967,5.2,5.6,4.4,4.8
rf,signo_zodiacal_capricornio,154,0.5,0.47000000000000003,0.46630341880341886,0.5,0.46802792935516047,0.45000000000000007,0.5076949157653492,5.0,5.6,4.4,5.0
rf,signo_zodiacal_capricornio,155,0.5,0.42000000000000004,0.42696969696969694,0.43999999999999995,0.4312265512265512,0.41600000000000004,0.5760526552910454,4.4,6.0,4.0,5.6
rf,signo_zodiacal_capricornio,156,0.5,0.51,0.49702020202020203,0.58,0.5278345864661654,0.508,0.555220956546034,5.8,5.6,4.4,4.2
rf,signo_zodiacal_capricornio,157,0.5,0.4,0.3712121212121212,0.42000000000000004,0.38104001261896,0.341,0.4396268251871967,4.2,6.2,3.8,5.8
rf,signo_zodiacal_capricornio,158,0.5,0.47000000000000003,0.46601731601731605,0.5199999999999999,0.48595620066208295,0.45200000000000007,0.5180853015233821,5.2,5.8,4.2,4.8
rf,signo_zodiacal_capricornio,159,0.5,0.52,0.5233766233766233,0.4,0.4472922502334267,0.523,0.5900302844730089,4.0,3.6,6.4,6.0
rf,signo_zodiacal_capricornio,160,0.5,0.53,0.5392857142857143,0.54,0.532501485442662,0.4720000000000001,0.5726092904343678,5.4,4.8,5.2,4.6
rf,signo_zodiacal_capricornio,161,0.5,0.54,0.5526923076923078,0.48,0.50232392575642,0.515,0.5771750492369687,4.8,4.0,6.0,5.2
rf,signo_zodiacal_capricornio,162,0.5,0.5700000000000001,0.5702020202020203,0.5599999999999999,0.5620262778157514,0.5509999999999999,0.6118022337139984,5.6,4.2,5.8,4.4
rf,signo_zodiacal_capricornio,163,0.5,0.51,0.5254945054945054,0.48,0.4951918158567775,0.519,0.572023363891011,4.8,4.6,5.4,5.2
rf,signo_zodiacal_capricornio,164,0.5,0.5200000000000001,0.5215151515151515,0.56,0.5394805194805194,0.5740000000000001,0.6101619654854948,5.6,5.2,4.8,4.4
rf,signo_zodiacal_capricornio,165,0.5,0.4,0.3476190476190476,0.32,0.32820855614973266,0.378,0.4691771840990107,3.2,5.2,4.8,6.8
rf,signo_zodiacal_capricornio,166,0.5,0.5200000000000001,0.5044155844155844,0.5199999999999999,0.5099159663865546,0.5589999999999999,0.5695340935294496,5.2,4.8,5.2,4.8
rf,signo_zodiacal_capricornio,167,0.5,0.48999999999999994,0.4712087912087912,0.4600000000000001,0.4568317445555297,0.5439999999999999,0.6083041311114067,4.6,4.8,5.2,5.4
rf,signo_zodiacal_capricornio,168,0.5,0.47000000000000003,0.47230769230769243,0.52,0.4914185331576636,0.453,0.540292712619338,5.2,5.8,4.2,4.8
rf,signo_zodiacal_capricornio,169,0.5,0.54,0.5472222222222223,0.5,0.5216374269005848,0.604,0.5922079837946711,5.0,4.2,5.8,5.0
rf,signo_zodiacal_capricornio,170,0.5,0.44000000000000006,0.4307070707070707,0.4,0.4080200501253133,0.385,0.46142163435120087,4.0,5.2,4.8,6.0
rf,signo_zodiacal_capricornio,171,0.5,0.5700000000000001,0.5636446886446886,0.5800000000000001,0.5505991592948114,0.5479999999999999,0.618545752063554,5.8,4.4,5.6,4.2
rf,signo_zodiacal_capricornio,172,0.5,0.48999999999999994,0.5083116883116883,0.5,0.4991189202953909,0.46299999999999997,0.555121906301473,5.0,5.2,4.8,5.0
rf,signo_zodiacal_capricornio,173,0.5,0.47000000000000003,0.44000000000000006,0.4,0.4161403508771929,0.5269999999999999,0.6065844606889498,4.0,4.6,5.4,6.0
rf,signo_zodiacal_capricornio,174,0.5,0.6,0.6084615384615385,0.6199999999999999,0.5956126482213439,0.617,0.66317805191025,6.2,4.2,5.8,3.8
rf,signo_zodiacal_capricornio,175,0.5,0.54,0.5575097125097125,0.5,0.5150078093785188,0.508,0.5624010813747655,5.0,4.2,5.8,5.0
rf,signo_zodiacal_capricornio,176,0.5,0.5700000000000001,0.6416783216783217,0.52,0.5284153527631789,0.592,0.6269946811874056,5.2,3.8,6.2,4.8
rf,signo_zodiacal_capricornio,177,0.5,0.6599999999999999,0.6781818181818181,0.68,0.6754401154401153,0.698,0.7337402103400555,6.8,3.6,6.4,3.2
rf,signo_zodiacal_capricornio,178,0.5,0.38,0.365,0.36,0.3602020202020202,0.325,0.44230852644087937,3.6,6.0,4.0,6.4
rf,signo_zodiacal_capricornio,179,0.5,0.59,0.6173626373626373,0.58,0.5682213438735177,0.5650000000000001,0.6083737445045495,5.8,4.0,6.0,4.2
rf,signo_zodiacal_capricornio,180,0.5,0.44000000000000006,0.41111111111111115,0.34,0.36027481290639185,0.475,0.5226165784679716,3.4,4.6,5.4,6.6
rf,signo_zodiacal_capricornio,181,0.5,0.51,0.5,0.4,0.44298245614035087,0.46299999999999997,0.543330391658565,4.0,3.8,6.2,6.0
rf,signo_zodiacal_capricornio,182,0.5,0.52,0.5172222222222221,0.5,0.5062838915470494,0.5519999999999999,0.640063851353325,5.0,4.6,5.4,5.0
rf,signo_zodiacal_capricornio,183,0.5,0.45999999999999996,0.4394949494949495,0.4800000000000001,0.4531461988304094,0.465,0.5658596505833347,4.8,5.6,4.4,5.2
rf,signo_zodiacal_capricornio,184,0.5,0.47000000000000003,0.4714646464646465,0.42000000000000004,0.4426065162907268,0.465,0.5372948156934225,4.2,4.8,5.2,5.8
rf,signo_zodiacal_capricornio,185,0.5,0.49000000000000005,0.47924963924963926,0.43999999999999995,0.4462155388471178,0.5349999999999999,0.6229250749250749,4.4,4.6,5.4,5.6
rf,signo_zodiacal_capricornio,186,0.5,0.53,0.5408369408369408,0.52,0.5216988549805888,0.5589999999999999,0.6239306506187312,5.2,4.6,5.4,4.8
rf,signo_zodiacal_capricornio,187,0.5,0.47000000000000003,0.4523809523809524,0.39999999999999997,0.4185680332739157,0.514,0.5911118136249714,4.0,4.6,5.4,6.0
rf,signo_zodiacal_capricornio,188,0.5,0.57,0.5172727272727273,0.48,0.4757142857142857,0.592,0.613815425372701,4.8,3.4,6.6,5.2
rf,signo_zodiacal_capricornio,189,0.5,0.47000000000000003,0.46551226551226554,0.42000000000000004,0.43951054105852866,0.46299999999999997,0.5095984099320012,4.2,4.8,5.2,5.8
rf,signo_zodiacal_capricornio,190,0.5,0.52,0.48095238095238085,0.42000000000000004,0.42930724246513713,0.5349999999999999,0.5983498070556893,4.2,3.8,6.2,5.8
rf,signo_zodiacal_capricornio,191,0.5,0.4,0.3944444444444445,0.4600000000000001,0.4210143540669856,0.34600000000000003,0.4550708952210501,4.6,6.6,3.4,5.4
rf,signo_zodiacal_capricornio,192,0.5,0.56,0.575,0.5,0.528968253968254,0.585,0.6254459892532647,5.0,3.8,6.2,5.0
rf,signo_zodiacal_capricornio,193,0.5,0.49000000000000005,0.4909090909090909,0.5,0.4902673350041771,0.48500000000000004,0.5748627406305424,5.0,5.2,4.8,5.0
rf,signo_zodiacal_capricornio,194,0.5,0.45999999999999996,0.43437118437118444,0.43999999999999995,0.43100135831324415,0.47300000000000003,0.5465135872899032,4.4,5.2,4.8,5.6
rf,signo_zodiacal_capricornio,195,0.5,0.5,0.5299999999999999,0.43999999999999995,0.45876334192123663,0.584,0.6451998916116564,4.4,4.4,5.6,5.6
rf,signo_zodiacal_capricornio,196,0.5,0.5,0.5018181818181817,0.45999999999999996,0.47518207282913166,0.533,0.5706189698674219,4.6,4.6,5.4,5.4
rf,signo_zodiacal_capricornio,197,0.5,0.37,0.3435897435897436,0.34,0.3361989459815547,0.302,0.44998009145996765,3.4,6.0,4.0,6.6
rf,signo_zodiacal_capricornio,198,0.5,0.51,0.5111111111111111,0.48,0.4927166400850611,0.488,0.5485523561405914,4.8,4.6,5.4,5.2
rf,signo_zodiacal_capricornio,199,0.5,0.49000000000000005,0.48944444444444446,0.44000000000000006,0.4621052631578948,0.48500000000000004,0.5385271293034449,4.4,4.6,5.4,5.6
rf,signo_zodiacal_capricornio,200,0.5,0.55,0.5688156288156287,0.5,0.5226759994615696,0.552,0.614168754619993,5.0,4.0,6.0,5.0
rf,signo_zodiacal_capricornio,201,0.5,0.53,0.5382839382839383,0.5,0.5104756776852618,0.587,0.5906614492318827,5.0,4.4,5.6,5.0
rf,signo_zodiacal_capricornio,202,0.5,0.45,0.46230769230769236,0.54,0.49707509881422923,0.421,0.5036656876834895,5.4,6.4,3.6,4.6
rf,signo_zodiacal_capricornio,203,0.5,0.58,0.5978571428571429,0.5399999999999999,0.5571241830065359,0.575,0.6057455677277658,5.4,3.8,6.2,4.6
rf,signo_zodiacal_capricornio,204,0.5,0.53,0.5325757575757576,0.54,0.5336219336219337,0.5589999999999999,0.60266292874652,5.4,4.8,5.2,4.6
rf,signo_zodiacal_capricornio,205,0.5,0.48,0.48904761904761906,0.54,0.510909090909091,0.45299999999999996,0.5189960393064108,5.4,5.8,4.2,4.6
rf,signo_zodiacal_capricornio,206,0.5,0.48999999999999994,0.4576923076923077,0.36000000000000004,0.39001644135915237,0.44399999999999995,0.5267203644308908,3.6,3.8,6.2,6.4
rf,signo_zodiacal_capricornio,207,0.5,0.5299999999999999,0.5306493506493506,0.48,0.49673669467787107,0.5640000000000001,0.6188950642580673,4.8,4.2,5.8,5.2
rf,signo_zodiacal_capricornio,208,0.5,0.53,0.5426806526806527,0.5599999999999999,0.5375755693581781,0.5069999999999999,0.5645946620459004,5.6,5.0,5.0,4.4
rf,signo_zodiacal_capricornio,209,0.5,0.49000000000000005,0.4958430458430459,0.56,0.5238966982674076,0.5290000000000001,0.6260495523568278,5.6,5.8,4.2,4.4
rf,signo_zodiacal_capricornio,210,0.5,0.49000000000000005,0.49028749028749025,0.56,0.5210258848702785,0.46699999999999997,0.5406987359046183,5.6,5.8,4.2,4.4
rf,signo_zodiacal_capricornio,211,0.5,0.54,0.5311688311688311,0.5,0.5074929971988795,0.49799999999999994,0.5711088125840449,5.0,4.2,5.8,5.0
rf,signo_zodiacal_capricornio,212,0.5,0.43999999999999995,0.44263736263736264,0.5,0.4606216801101712,0.5439999999999999,0.6021494503948064,5.0,6.2,3.8,5.0
rf,signo_zodiacal_capricornio,213,0.5,0.45999999999999996,0.4585775335775336,0.41999999999999993,0.43341559354481685,0.481,0.5833478388656406,4.2,5.0,5.0,5.8
rf,signo_zodiacal_capricornio,214,0.5,0.5200000000000001,0.5227550227550228,0.5599999999999998,0.5326759994615695,0.541,0.6203250884822091,5.6,5.2,4.8,4.4
rf,signo_zodiacal_capricornio,215,0.5,0.53,0.5277777777777778,0.5199999999999999,0.5220095693779904,0.5900000000000001,0.6730395133762007,5.2,4.6,5.4,4.8
rf,signo_zodiacal_capricornio,216,0.5,0.48,0.4938888888888888,0.45999999999999996,0.47436469962785743,0.509,0.5798388247459455,4.6,5.0,5.0,5.4
rf,signo_zodiacal_capricornio,217,0.5,0.45999999999999996,0.4533333333333333,0.42000000000000004,0.4352046783625731,0.48200000000000004,0.514466856243172,4.2,5.0,5.0,5.8
rf,signo_zodiacal_capricornio,218,0.5,0.55,0.5633333333333335,0.5599999999999999,0.5548070175438596,0.573,0.6298801747787816,5.6,4.6,5.4,4.4
rf,signo_zodiacal_capricornio,219,0.5,0.45,0.45559773559773553,0.48,0.46290142934644213,0.5579999999999999,0.6326228765214833,4.8,5.8,4.2,5.2
rf,signo_zodiacal_capricornio,220,0.5,0.36,0.3586631016042781,0.45999999999999996,0.3952637148426622,0.38900000000000007,0.4964452718763865,4.6,7.4,2.6,5.4
rf,signo_zodiacal_capricornio,221,0.5,0.5900000000000001,0.564110889110889,0.6599999999999999,0.6041407867494824,0.5730000000000001,0.6481192881765636,6.6,4.8,5.2,3.4
rf,signo_zodiacal_capricornio,222,0.5,0.4,0.4027777777777778,0.33999999999999997,0.3628389154704944,0.38499999999999995,0.4878715569775941,3.4,5.4,4.6,6.6
rf,signo_zodiacal_capricornio,223,0.5,0.54,0.5338888888888889,0.48,0.4893216374269006,0.517,0.6005591353091353,4.8,4.0,6.0,5.2
rf,signo_zodiacal_capricornio,224,0.5,0.49000000000000005,0.47408369408369405,0.45999999999999996,0.4550041771094403,0.471,0.5436682874229314,4.6,4.8,5.2,5.4
rf,signo_zodiacal_capricornio,225,0.5,0.64,0.6842857142857144,0.54,0.5987667698658411,0.624,0.6806759423067472,5.4,2.6,7.4,4.6
rf,signo_zodiacal_capricornio,226,0.5,0.45999999999999996,0.4661727161727162,0.48,0.4680027201227901,0.46299999999999997,0.5106960904592482,4.8,5.6,4.4,5.2
rf,signo_zodiacal_capricornio,227,0.5,0.5,0.4999999999999999,0.52,0.5095238095238095,0.5599999999999999,0.6563037703610458,5.2,5.2,4.8,4.8
rf,signo_zodiacal_capricornio,228,0.5,0.42000000000000004,0.43888888888888894,0.45999999999999996,0.44459330143540665,0.366,0.45826272910096433,4.6,6.2,3.8,5.4
rf,signo_zodiacal_capricornio,229,0.5,0.6,0.6142424242424243,0.58,0.5948872180451128,0.5559999999999999,0.6045762558734695,5.8,3.8,6.2,4.2
rf,signo_zodiacal_capricornio,230,0.5,0.4699999999999999,0.4666666666666667,0.5,0.4781337401474701,0.524,0.5715609739417788,5.0,5.6,4.4,5.0
rf,signo_zodiacal_capricornio,231,0.5,0.45,0.466969696969697,0.48,0.459004329004329,0.417,0.5123903592107927,4.8,5.8,4.2,5.2
rf,signo_zodiacal_capricornio,232,0.5,0.48,0.45201298701298703,0.44000000000000006,0.43619047619047624,0.44800000000000006,0.5128250268823024,4.4,4.8,5.2,5.6
rf,signo_zodiacal_capricornio,233,0.5,0.48,0.48,0.44000000000000006,0.4583625730994152,0.44000000000000006,0.541622544552111,4.4,4.8,5.2,5.6
rf,signo_zodiacal_capricornio,234,0.5,0.4,0.3793650793650793,0.4,0.38242724458204336,0.33799999999999997,0.478081818508289,4.0,6.0,4.0,6.0
rf,signo_zodiacal_capricornio,235,0.5,0.55,0.5514718614718614,0.58,0.5565584415584415,0.572,0.6628925633190339,5.8,4.8,5.2,4.2
rf,signo_zodiacal_capricornio,236,0.5,0.6100000000000001,0.6559307359307359,0.4600000000000001,0.5294397759103642,0.5820000000000001,0.6412792207792208,4.6,2.4,7.6,5.4
rf,signo_zodiacal_capricornio,237,0.5,0.54,0.5518315018315019,0.45999999999999996,0.4942171071327081,0.496,0.5708884459194057,4.6,3.8,6.2,5.4
rf,signo_zodiacal_capricornio,238,0.5,0.56,0.550909090909091,0.5800000000000001,0.557015873015873,0.579,0.6199519728637376,5.8,4.6,5.4,4.2
rf,signo_zodiacal_capricornio,239,0.5,0.55,0.5457575757575758,0.64,0.5873160173160172,0.5760000000000001,0.6127508704745547,6.4,5.4,4.6,3.6
rf,signo_zodiacal_capricornio,240,0.5,0.42000000000000004,0.38293650793650796,0.33999999999999997,0.3555563373674829,0.45600000000000007,0.5634767002003843,3.4,5.0,5.0,6.6
rf,signo_zodiacal_capricornio,241,0.5,0.61,0.6123809523809522,0.5599999999999998,0.5760427807486631,0.602,0.6289982125717419,5.6,3.4,6.6,4.4
rf,signo_zodiacal_capricornio,242,0.5,0.57,0.6016317016317017,0.5199999999999999,0.5400724637681159,0.57,0.5976178125280293,5.2,3.8,6.2,4.8
rf,signo_zodiacal_capricornio,243,0.5,0.5700000000000001,0.5722727272727273,0.58,0.57,0.55,0.5675080387448809,5.8,4.4,5.6,4.2
rf,signo_zodiacal_capricornio,244,0.5,0.5,0.5169408369408368,0.44000000000000006,0.4712133274362376,0.476,0.5535243753494526,4.4,4.4,5.6,5.6
rf,signo_zodiacal_capricornio,245,0.5,0.48,0.5009523809523809,0.34,0.4004334365325077,0.44700000000000006,0.5127835528764321,3.4,3.8,6.2,6.6
rf,signo_zodiacal_capricornio,246,0.5,0.5599999999999999,0.5473748473748474,0.6,0.5658911772184083,0.5740000000000001,0.638074435368553,6.0,4.8,5.2,4.0
rf,signo_zodiacal_capricornio,247,0.5,0.51,0.5079365079365079,0.38,0.42714629711533736,0.522,0.5768957976148379,3.8,3.6,6.4,6.2
rf,signo_zodiacal_capricornio,248,0.5,0.45999999999999996,0.4585353535353535,0.38,0.40464494569757725,0.449,0.5719295649311129,3.8,4.6,5.4,6.2
rf,signo_zodiacal_capricornio,249,0.5,0.49000000000000005,0.49071428571428566,0.4,0.43947712418300655,0.434,0.5306562661624581,4.0,4.2,5.8,6.0
rf,signo_zodiacal_capricornio,250,0.5,0.47000000000000003,0.4587301587301587,0.4,0.42162960878131156,0.533,0.567641376167692,4.0,4.6,5.4,6.0
rf,signo_zodiacal_capricornio,251,0.5,0.47000000000000003,0.46369408369408366,0.43999999999999995,0.44071846282372595,0.44299999999999995,0.5139318202437397,4.4,5.0,5.0,5.6
rf,signo_zodiacal_capricornio,252,0.5,0.4800000000000001,0.5070707070707071,0.44000000000000006,0.44704768915295234,0.477,0.5790716140584562,4.4,4.8,5.2,5.6
rf,signo_zodiacal_capricornio,253,0.5,0.6,0.5958513708513709,0.54,0.5354218880534669,0.6110000000000001,0.6798429070929071,5.4,3.4,6.6,4.6
rf,signo_zodiacal_capricornio,254,0.5,0.48,0.48,0.48,0.477979797979798,0.514,0.6138484587308117,4.8,5.2,4.8,5.2
rf,signo_zodiacal_capricornio,255,0.5,0.5700000000000001,0.5632789432789432,0.62,0.587770216053969,0.545,0.5730659330349732,6.2,4.8,5.2,3.8
rf,signo_zodiacal_capricornio,256,0.5,0.4600000000000001,0.42749028749028745,0.42000000000000004,0.41674330754422284,0.38,0.4848332341892713,4.2,5.0,5.0,5.8
rf,signo_zodiacal_capricornio,257,0.5,0.44000000000000006,0.41809523809523813,0.45999999999999996,0.4326409606904963,0.437,0.5305036177273019,4.6,5.8,4.2,5.4
rf,signo_zodiacal_capricornio,258,0.5,0.5,0.4840873015873016,0.54,0.501692610794778,0.458,0.5282406182568722,5.4,5.4,4.6,4.6
rf,signo_zodiacal_capricornio,259,0.5,0.49000000000000005,0.4916666666666666,0.42000000000000004,0.4492690058479532,0.49399999999999994,0.5954356307607082,4.2,4.4,5.6,5.8
rf,signo_zodiacal_capricornio,260,0.5,0.51,0.5181385281385281,0.45999999999999996,0.47578304048892284,0.5599999999999999,0.5899401888960712,4.6,4.4,5.6,5.4
rf,signo_zodiacal_capricornio,261,0.5,0.35,0.3021645021645022,0.27999999999999997,0.28535141329258973,0.292,0.4224616619190922,2.8,5.8,4.2,7.2
rf,signo_zodiacal_capricornio,262,0.5,0.5,0.5,0.45999999999999996,0.4783625730994152,0.5130000000000001,0.5587910443529638,4.6,4.6,5.4,5.4
rf,signo_zodiacal_capricornio,263,0.5,0.5599999999999999,0.562063492063492,0.54,0.5466535322262877,0.5780000000000001,0.6081402641046605,5.4,4.2,5.8,4.6
rf,signo_zodiacal_capricornio,264,0.5,0.5900000000000001,0.612987012987013,0.56,0.5781512605042016,0.5960000000000001,0.6283803594066752,5.6,3.8,6.2,4.4
rf,signo_zodiacal_capricornio,265,0.5,0.4600000000000001,0.4885714285714286,0.48,0.4702559339525284,0.457,0.5093705467219399,4.8,5.6,4.4,5.2
rf,signo_zodiacal_capricornio,266,0.5,0.5399999999999999,0.5153743315508021,0.6399999999999999,0.5531847781847782,0.532,0.5690874603552623,6.4,5.6,4.4,3.6
rf,signo_zodiacal_capricornio,267,0.5,0.41,0.41090909090909095,0.44000000000000006,0.42432900432900433,0.38,0.48715776320342885,4.4,6.2,3.8,5.6
rf,signo_zodiacal_capricornio,268,0.5,0.4,0.3673748473748474,0.38,0.3705317000942253,0.462,0.5580807951937982,3.8,5.8,4.2,6.2
rf,signo_zodiacal_capricornio,269,0.5,0.54,0.5383838383838384,0.5,0.5163742690058479,0.5810000000000001,0.5932484423041698,5.0,4.2,5.8,5.0
rf,signo_zodiacal_capricornio,270,0.5,0.54,0.5533333333333333,0.5599999999999999,0.5537662337662337,0.6,0.6910742601052199,5.6,4.8,5.2,4.4
rf,signo_zodiacal_capricornio,271,0.5,0.5599999999999999,0.5721367521367521,0.5,0.5222069666920925,0.607,0.6281228364858394,5.0,3.8,6.2,5.0
rf,signo_zodiacal_capricornio,272,0.5,0.43000000000000005,0.4042424242424242,0.3,0.33672932330827066,0.442,0.5076379623128849,3.0,4.4,5.6,7.0
rf,signo_zodiacal_capricornio,273,0.5,0.54,0.5343711843711845,0.5999999999999999,0.5591059334766427,0.499,0.5373635802621871,6.0,5.2,4.8,4.0
rf,signo_zodiacal_capricornio,274,0.5,0.51,0.5186013986013986,0.5,0.49697722567287783,0.4600000000000001,0.521518655750854,5.0,4.8,5.2,5.0
rf,signo_zodiacal_capricornio,275,0.5,0.4800000000000001,0.49190476190476196,0.4,0.434144385026738,0.4739999999999999,0.5423840293693235,4.0,4.4,5.6,6.0
rf,signo_zodiacal_capricornio,276,0.5,0.44000000000000006,0.4477344877344877,0.42000000000000004,0.41764411027568915,0.492,0.5541074280896263,4.2,5.4,4.6,5.8
rf,signo_zodiacal_capricornio,277,0.5,0.37,0.3238095238095238,0.28,0.298374613003096,0.30100000000000005,0.4157264074075219,2.8,5.4,4.6,7.2
rf,signo_zodiacal_capricornio,278,0.5,0.4,0.3933333333333333,0.36000000000000004,0.3668181818181818,0.37699999999999995,0.5053520383125646,3.6,5.6,4.4,6.4
rf,signo_zodiacal_capricornio,279,0.5,0.51,0.4969780219780219,0.52,0.4995169082125603,0.505,0.5486811007190264,5.2,5.0,5.0,4.8
rf,signo_zodiacal_capricornio,280,0.5,0.58,0.5824242424242424,0.58,0.5806015037593985,0.579,0.665036369890859,5.8,4.2,5.8,4.2
rf,signo_zodiacal_capricornio,281,0.5,0.53,0.5366666666666667,0.48,0.5011137692716641,0.5189999999999999,0.5767008815917485,4.8,4.2,5.8,5.2
rf,signo_zodiacal_capricornio,282,0.5,0.45999999999999996,0.4588383838383838,0.44000000000000006,0.4481203007518797,0.449,0.49882078095622984,4.4,5.2,4.8,5.6
rf,signo_zodiacal_capricornio,283,0.5,0.62,0.6666666666666666,0.52,0.5656185919343815,0.7169999999999999,0.7141357900785146,5.2,2.8,7.2,4.8
rf,signo_zodiacal_capricornio,284,0.5,0.48,0.4642857142857143,0.4800000000000001,0.4583333333333333,0.5080000000000001,0.5524777044421008,4.8,5.2,4.8,5.2
rf,signo_zodiacal_capricornio,285,0.5,0.43,0.443978243978244,0.5,0.4679960771493953,0.421,0.49434375041882783,5.0,6.4,3.6,5.0
rf,signo_zodiacal_capricornio,286,0.5,0.4699999999999999,0.45575757575757575,0.44000000000000006,0.44226551226551225,0.493,0.603773191892387,4.4,5.0,5.0,5.6
rf,signo_zodiacal_capricornio,287,0.5,0.41999999999999993,0.4027777777777778,0.38,0.3886230728335991,0.446,0.5087232032673209,3.8,5.4,4.6,6.2
rf,signo_zodiacal_capricornio,288,0.5,0.5,0.49226551226551224,0.4,0.4348361098825495,0.502,0.556480731686614,4.0,4.0,6.0,6.0
rf,signo_zodiacal_capricornio,289,0.5,0.58,0.5738095238095238,0.45999999999999996,0.4900829562594269,0.655,0.6894305461480383,4.6,3.0,7.0,5.4
rf,signo_zodiacal_capricornio,290,0.5,0.48,0.48202020202020196,0.5,0.49002506265664153,0.481,0.5363342764047098,5.0,5.4,4.6,5.0
rf,signo_zodiacal_capricornio,291,0.5,0.53,0.5277344877344877,0.54,0.5277561550936165,0.529,0.5451585256848416,5.4,4.8,5.2,4.6
rf,signo_zodiacal_capricornio,292,0.5,0.47000000000000003,0.47242424242424247,0.5,0.47686147186147193,0.457,0.535139501021854,5.0,5.6,4.4,5.0
rf,signo_zodiacal_capricornio,293,0.5,0.5800000000000001,0.5939393939393939,0.5,0.518104118104118,0.606,0.6504108648489453,5.0,3.4,6.6,5.0
rf,signo_zodiacal_capricornio,294,0.5,0.5599999999999999,0.5533333333333333,0.6199999999999999,0.5840692640692641,0.554,0.5864818592140573,6.2,5.0,5.0,3.8
rf,signo_zodiacal_capricornio,295,0.5,0.54,0.5328282828282829,0.5800000000000001,0.5503721424774056,0.5860000000000001,0.6546459537194831,5.8,5.0,5.0,4.2
rf,signo_zodiacal_capricornio,296,0.5,0.43000000000000005,0.4349450549450549,0.43999999999999995,0.41963768115942024,0.42399999999999993,0.5282422203699293,4.4,5.8,4.2,5.6
rf,signo_zodiacal_capricornio,297,0.5,0.53,0.5668181818181819,0.45999999999999996,0.49714285714285705,0.546,0.6166533825651472,4.6,4.0,6.0,5.4
rf,signo_zodiacal_capricornio,298,0.5,0.51,0.5185281385281385,0.54,0.5176623376623376,0.509,0.6221864442746796,5.4,5.2,4.8,4.6
rf,signo_zodiacal_capricornio,299,0.5,0.49000000000000005,0.4936868686868687,0.42000000000000004,0.44977025898078526,0.492,0.547571836660072,4.2,4.4,5.6,5.8
rf,signo_zodiacal_capricornio,300,0.5,0.54,0.5374542124542124,0.52,0.5132423984086388,0.602,0.6270049172533693,5.2,4.4,5.6,4.8
rf,signo_zodiacal_capricornio,301,0.5,0.45999999999999996,0.4652369852369852,0.5,0.48008717445788385,0.531,0.5943588808851967,5.0,5.8,4.2,5.0
rf,signo_zodiacal_capricornio,302,0.5,0.38,0.3492784992784993,0.34,0.34266057300113023,0.32399999999999995,0.4423145373718129,3.4,5.8,4.2,6.6
rf,signo_zodiacal_capricornio,303,0.5,0.5,0.5282828282828282,0.44000000000000006,0.47487468671679195,0.5029999999999999,0.5783498362662449,4.4,4.4,5.6,5.6
rf,signo_zodiacal_capricornio,304,0.5,0.5,0.4966666666666667,0.5599999999999999,0.5222485726833553,0.46299999999999997,0.4971982000627511,5.6,5.6,4.4,4.4
rf,signo_zodiacal_capricornio,305,0.5,0.55,0.5611111111111111,0.56,0.5572112098427887,0.5589999999999999,0.6502017410693881,5.6,4.6,5.4,4.4
rf,signo_zodiacal_capricornio,306,0.5,0.5200000000000001,0.5124242424242424,0.62,0.5586493506493506,0.5469999999999999,0.6003927728618131,6.2,5.8,4.2,3.8
rf,signo_zodiacal_capricornio,307,0.5,0.5900000000000001,0.5735714285714285,0.5800000000000001,0.5635353535353536,0.5890000000000001,0.6079666705843175,5.8,4.0,6.0,4.2
rf,signo_zodiacal_capricornio,308,0.5,0.6200000000000001,0.6239321789321789,0.64,0.6260985797827903,0.71,0.7293292981528277,6.4,4.0,6.0,3.6
rf,signo_zodiacal_capricornio,309,0.5,0.42000000000000004,0.4305050505050505,0.44000000000000006,0.4341809068124857,0.373,0.4585005864448589,4.4,6.0,4.0,5.6
rf,signo_zodiacal_capricornio,310,0.5,0.6300000000000001,0.6673076923076924,0.6,0.6265700483091787,0.6769999999999999,0.690864104849399,6.0,3.4,6.6,4.0
rf,signo_zodiacal_capricornio,311,0.5,0.55,0.5678571428571428,0.5599999999999999,0.5549486461251167,0.493,0.5707445281756427,5.6,4.6,5.4,4.4
rf,signo_zodiacal_capricornio,312,0.5,0.5700000000000001,0.578974358974359,0.58,0.576979405034325,0.599,0.6443960755446824,5.8,4.4,5.6,4.2
rf,signo_zodiacal_capricornio,313,0.5,0.5800000000000001,0.5866666666666667,0.58,0.582155388471178,0.5660000000000001,0.6078596943991681,5.8,4.2,5.8,4.2
rf,signo_zodiacal_capricornio,314,0.5,0.51,0.5385281385281384,0.44000000000000006,0.4604180133591898,0.49800000000000005,0.545026648188413,4.4,4.2,5.8,5.6
rf,signo_zodiacal_capricornio,315,0.5,0.4,0.38055555555555554,0.34,0.34062078272604585,0.381,0.5113784575417701,3.4,5.4,4.6,6.6
rf,signo_zodiacal_capricornio,316,0.5,0.5200000000000001,0.5380952380952382,0.45999999999999996,0.47083015024191494,0.58,0.59253426088875,4.6,4.2,5.8,5.4
rf,signo_zodiacal_capricornio,317,0.5,0.5,0.5026262626262625,0.56,0.5258345864661654,0.476,0.5424673202614378,5.6,5.6,4.4,4.4
rf,signo_zodiacal_capricornio,318,0.5,0.47000000000000003,0.4725097125097125,0.48,0.4727855871562966,0.43199999999999994,0.5319794794988293,4.8,5.4,4.6,5.2
rf,signo_zodiacal_capricornio,319,0.5,0.54,0.586883116883117,0.45999999999999996,0.506890756302521,0.5459999999999999,0.601838948804893,4.6,3.8,6.2,5.4
rf,signo_zodiacal_capricornio,320,0.5,0.5,0.5047619047619047,0.34,0.4050653594771242,0.537,0.574292735042735,3.4,3.4,6.6,6.6
rf,signo_zodiacal_capricornio,321,0.5,0.42000000000000004,0.42828282828282827,0.36000000000000004,0.38355889724310777,0.367,0.4827642010552228,3.6,5.2,4.8,6.4
rf,signo_zodiacal_capricornio,322,0.5,0.42000000000000004,0.4238095238095238,0.42000000000000004,0.413903743315508,0.398,0.4623741166813923,4.2,5.8,4.2,5.8
rf,signo_zodiacal_capricornio,323,0.5,0.47000000000000003,0.4776190476190476,0.48,0.47455054749172393,0.392,0.47146210738006394,4.8,5.4,4.6,5.2
rf,signo_zodiacal_capricornio,324,0.5,0.45999999999999996,0.43746031746031744,0.36000000000000004,0.3924458204334365,0.5189999999999999,0.5798249779116652,3.6,4.4,5.6,6.4
rf,signo_zodiacal_capricornio,325,0.5,0.47000000000000003,0.5061904761904762,0.4,0.4385083028426681,0.418,0.5356880558382107,4.0,4.6,5.4,6.0
rf,signo_zodiacal_capricornio,326,0.5,0.5,0.4882539682539683,0.48,0.4814128905150577,0.48500000000000004,0.5506511892819942,4.8,4.8,5.2,5.2
rf,signo_zodiacal_capricornio,327,0.5,0.6300000000000001,0.6623015873015873,0.5599999999999999,0.5997373111924196,0.6279999999999999,0.7149179125827733,5.6,3.0,7.0,4.4
rf,signo_zodiacal_capricornio,328,0.5,0.54,0.5263888888888889,0.52,0.5100989653621232,0.5720000000000001,0.5772638086887313,5.2,4.4,5.6,4.8
rf,signo_zodiacal_capricornio,329,0.5,0.38,0.3842424242424242,0.4,0.3911232627022101,0.33199999999999996,0.4834513511943852,4.0,6.4,3.6,6.0
rf,signo_zodiacal_capricornio,330,0.5,0.49000000000000005,0.49222222222222217,0.44000000000000006,0.45464114832535885,0.51,0.582208948086657,4.4,4.6,5.4,5.6
rf,signo_zodiacal_capricornio,331,0.5,0.45999999999999996,0.45111111111111113,0.39999999999999997,0.421578947368421,0.43500000000000005,0.5457965056099731,4.0,4.8,5.2,6.0
rf,signo_zodiacal_capricornio,332,0.5,0.51,0.4945609945609945,0.52,0.5003789117061428,0.53,0.6180850613954328,5.2,5.0,5.0,4.8
rf,signo_zodiacal_capricornio,333,0.5,0.45999999999999996,0.4817857142857143,0.45999999999999996,0.44384170078287727,0.477,0.5690494521818051,4.6,5.4,4.6,5.4
rf,signo_zodiacal_capricornio,334,0.5,0.5900000000000001,0.5995454545454546,0.54,0.5577777777777777,0.5640000000000001,0.5820173160173161,5.4,3.6,6.4,4.6
rf,signo_zodiacal_capricornio,335,0.5,0.5,0.4833333333333334,0.36,0.39155844155844155,0.542,0.5817366859147045,3.6,3.6,6.4,6.4
rf,signo_zodiacal_capricornio,336,0.5,0.61,0.6209523809523809,0.5599999999999999,0.586749226006192,0.596,0.6834693197239636,5.6,3.4,6.6,4.4
rf,signo_zodiacal_capricornio,337,0.5,0.55,0.5117216117216117,0.6000000000000001,0.5340630384108646,0.52,0.5462696937565359,6.0,5.0,5.0,4.0
rf,signo_zodiacal_capricornio,338,0.5,0.45999999999999996,0.46399711399711396,0.52,0.4876737297789929,0.487,0.5928402255639098,5.2,6.0,4.0,4.8
rf,signo_zodiacal_capricornio,339,0.5,0.5,0.4914646464646465,0.4999999999999999,0.4933880154932787,0.5599999999999999,0.6300187759436985,5.0,5.0,5.0,5.0
rf,signo_zodiacal_capricornio,340,0.5,0.45,0.44988344988344997,0.5,0.4722676255857034,0.44400000000000006,0.5201581192285526,5.0,6.0,4.0,5.0
rf,signo_zodiacal_capricornio,341,0.5,0.47000000000000003,0.4679292929292929,0.45999999999999996,0.46240601503759393,0.45999999999999996,0.5432205837677974,4.6,5.2,4.8,5.4
rf,signo_zodiacal_capricornio,342,0.5,0.52,0.5333333333333333,0.5,0.5055555555555555,0.5660000000000001,0.5987124140049837,5.0,4.6,5.4,5.0
rf,signo_zodiacal_capricornio,343,0.5,0.5700000000000001,0.58,0.5599999999999998,0.5680382775119617,0.567,0.6017273157698855,5.6,4.2,5.8,4.4
rf,signo_zodiacal_capricornio,344,0.5,0.48,0.4883333333333333,0.48,0.48202020202020196,0.489,0.5638304022259131,4.8,5.2,4.8,5.2
rf,signo_zodiacal_capricornio,345,0.5,0.54,0.5476190476190477,0.43999999999999995,0.4843223254213965,0.58,0.619805683480606,4.4,3.6,6.4,5.6
rf,signo_zodiacal_capricornio,346,0.5,0.48,0.4609523809523809,0.44000000000000006,0.4387134502923976,0.44799999999999995,0.5435502004015935,4.4,4.8,5.2,5.6
rf,signo_zodiacal_capricornio,347,0.5,0.4600000000000001,0.45802197802197797,0.42000000000000004,0.4215700483091787,0.46900000000000003,0.5404077019471756,4.2,5.0,5.0,5.8
rf,signo_zodiacal_capricornio,348,0.5,0.44000000000000006,0.4454545454545455,0.5199999999999999,0.4784679089026914,0.42699999999999994,0.5191099005054113,5.2,6.4,3.6,4.8
rf,signo_zodiacal_capricornio,349,0.5,0.35,0.3399267399267399,0.4,0.3637624053157773,0.328,0.44398441900376884,4.0,7.0,3.0,6.0
rf,signo_zodiacal_capricornio,350,0.5,0.5599999999999999,0.5658333333333334,0.62,0.5704615384615385,0.5700000000000001,0.6214571262071262,6.2,5.0,5.0,3.8
rf,signo_zodiacal_capricornio,351,0.5,0.5599999999999999,0.5585281385281385,0.5199999999999999,0.5298102877514642,0.6140000000000001,0.6357399708135002,5.2,4.0,6.0,4.8
rf,signo_zodiacal_capricornio,352,0.5,0.55,0.5614718614718613,0.45999999999999996,0.500078627942405,0.5650000000000001,0.6499585773703421,4.6,3.6,6.4,5.4
rf,signo_zodiacal_capricornio,353,0.5,0.5599999999999999,0.5791630591630591,0.5,0.532265959015185,0.489,0.5534254593875336,5.0,3.8,6.2,5.0
rf,signo_zodiacal_capricornio,354,0.5,0.5700000000000001,0.5736796536796537,0.6,0.5821553884711779,0.5719999999999998,0.6020165363532236,6.0,4.6,5.4,4.0
rf,signo_zodiacal_capricornio,355,0.5,0.56,0.5785714285714285,0.45999999999999996,0.5104575163398692,0.547,0.5855784481256617,4.6,3.4,6.6,5.4
rf,signo_zodiacal_capricornio,356,0.5,0.41,0.3773076923076923,0.36,0.35958592132505174,0.42099999999999993,0.518465268821306,3.6,5.4,4.6,6.4
rf,signo_zodiacal_capricornio,357,0.5,0.5,0.49984126984126986,0.44000000000000006,0.46593051255589957,0.483,0.5634182108740932,4.4,4.4,5.6,5.6
rf,signo_zodiacal_capricornio,358,0.5,0.52,0.5164058164058163,0.5,0.5024214414980331,0.519,0.554152032607915,5.0,4.6,5.4,5.0
rf,signo_zodiacal_capricornio,359,0.5,0.5599999999999999,0.6222727272727273,0.4800000000000001,0.5123076923076922,0.575,0.6409727853845502,4.8,3.6,6.4,5.2
rf,signo_zodiacal_capricornio,360,0.5,0.47000000000000003,0.4673076923076923,0.45999999999999996,0.45788317962231007,0.4120000000000001,0.5100642712980175,4.6,5.2,4.8,5.4
rf,signo_zodiacal_capricornio,361,0.5,0.59,0.592077922077922,0.5599999999999999,0.5715406162464985,0.533,0.5997121216416883,5.6,3.8,6.2,4.4
rf,signo_zodiacal_capricornio,362,0.5,0.41,0.3947802197802198,0.36,0.3712702472293265,0.3489999999999999,0.45916380188439004,3.6,5.4,4.6,6.4
rf,signo_zodiacal_capricornio,363,0.5,0.65,0.6632034632034632,0.64,0.6366946778711484,0.6859999999999999,0.672946838077643,6.4,3.4,6.6,3.6
rf,signo_zodiacal_capricornio,364,0.5,0.47000000000000003,0.47192307692307695,0.4,0.4236231884057971,0.42700000000000005,0.531621897710133,4.0,4.6,5.4,6.0
rf,signo_zodiacal_capricornio,365,0.5,0.5599999999999999,0.5661616161616162,0.5800000000000001,0.5716108452950558,0.556,0.5769957716002608,5.8,4.6,5.4,4.2
rf,signo_zodiacal_capricornio,366,0.5,0.56,0.564047619047619,0.5599999999999999,0.5536993464052288,0.6,0.6069889544579947,5.6,4.4,5.6,4.4
rf,signo_zodiacal_capricornio,367,0.5,0.5199999999999999,0.5167832167832167,0.56,0.5360248447204968,0.522,0.601320282658518,5.6,5.2,4.8,4.4
rf,signo_zodiacal_capricornio,368,0.5,0.43999999999999995,0.397979797979798,0.39999999999999997,0.3881787802840434,0.418,0.498784115609193,4.0,5.2,4.8,6.0
rf,signo_zodiacal_capricornio,369,0.5,0.54,0.5700854700854701,0.54,0.5441347935055029,0.575,0.6481278541719718,5.4,4.6,5.4,4.6
rf,signo_zodiacal_capricornio,370,0.5,0.56,0.5507692307692308,0.6,0.5649604743083004,0.5529999999999999,0.6035150856195747,6.0,4.8,5.2,4.0
rf,signo_zodiacal_capricornio,371,0.5,0.42000000000000004,0.3834343434343434,0.32,0.3413533834586466,0.441,0.5193543564278859,3.2,4.8,5.2,6.8
rf,signo_zodiacal_capricornio,372,0.5,0.5200000000000001,0.5255633255633256,0.6,0.5579640801608765,0.593,0.6573944754076333,6.0,5.6,4.4,4.0
rf,signo_zodiacal_capricornio,373,0.5,0.5,0.5222222222222221,0.48,0.4874190824655221,0.579,0.6376640828212036,4.8,4.8,5.2,5.2
rf,signo_zodiacal_capricornio,374,0.5,0.52,0.5345054945054944,0.4600000000000001,0.4850127877237852,0.533,0.5724058802394716,4.6,4.2,5.8,5.4
rf,signo_zodiacal_capricornio,375,0.5,0.5200000000000001,0.5208358308358308,0.6,0.5489762956566026,0.602,0.6826470916424477,6.0,5.6,4.4,4.0
rf,signo_zodiacal_capricornio,376,0.5,0.5700000000000001,0.573030303030303,0.54,0.5437806637806637,0.567,0.606964851539929,5.4,4.0,6.0,4.6
rf,signo_zodiacal_capricornio,377,0.5,0.51,0.4962393162393163,0.4600000000000001,0.4620856489048708,0.5640000000000001,0.6174032042089317,4.6,4.4,5.6,5.4
rf,signo_zodiacal_capricornio,378,0.5,0.47000000000000003,0.47131313131313124,0.52,0.4904962406015037,0.44699999999999995,0.545907268170426,5.2,5.8,4.2,4.8
rf,signo_zodiacal_capricornio,379,0.5,0.42000000000000004,0.40955266955266956,0.42000000000000004,0.4057728635313775,0.38,0.4882225089152333,4.2,5.8,4.2,5.8
rf,signo_zodiacal_capricornio,380,0.5,0.45,0.45530303030303027,0.44000000000000006,0.44569757727652465,0.397,0.4878442503488943,4.4,5.4,4.6,5.6
rf,signo_zodiacal_capricornio,381,0.5,0.49000000000000005,0.48749028749028744,0.5,0.4900766408775562,0.54,0.602841100677788,5.0,5.2,4.8,5.0
rf,signo_zodiacal_capricornio,382,0.5,0.41000000000000003,0.3566666666666667,0.34,0.33819057447540424,0.413,0.5142382741957046,3.4,5.2,4.8,6.6
rf,signo_zodiacal_capricornio,383,0.5,0.6,0.6024242424242423,0.6,0.6006015037593985,0.6039999999999999,0.5937898627000795,6.0,4.0,6.0,4.0
rf,signo_zodiacal_capricornio,384,0.5,0.44000000000000006,0.4476301476301476,0.45999999999999996,0.45053212741999926,0.40599999999999997,0.5176125443184267,4.6,5.8,4.2,5.4
rf,signo_zodiacal_capricornio,385,0.5,0.57,0.5763636363636364,0.5199999999999999,0.5365079365079364,0.611,0.6523280099673289,5.2,3.8,6.2,4.8
rf,signo_zodiacal_capricornio,386,0.5,0.51,0.5072727272727272,0.52,0.5077777777777778,0.518,0.5695871040723981,5.2,5.0,5.0,4.8
rf,signo_zodiacal_capricornio,387,0.5,0.5,0.5452564102564103,0.48,0.4846708074534162,0.517,0.615683104047655,4.8,4.8,5.2,5.2
rf,signo_zodiacal_capricornio,388,0.5,0.48,0.4813986013986014,0.58,0.52472049689441,0.43200000000000005,0.4882686732771872,5.8,6.2,3.8,4.2
rf,signo_zodiacal_capricornio,389,0.5,0.5399999999999999,0.533030303030303,0.6,0.5639826839826839,0.591,0.626772789302201,6.0,5.2,4.8,4.0
rf,signo_zodiacal_capricornio,390,0.5,0.51,0.5066666666666666,0.5800000000000001,0.5315353535353535,0.527,0.5898787052300984,5.8,5.6,4.4,4.2
rf,signo_zodiacal_capricornio,391,0.5,0.43,0.42222222222222217,0.38,0.39941520467836256,0.469,0.5775652397138465,3.8,5.2,4.8,6.2
rf,signo_zodiacal_capricornio,392,0.5,0.5599999999999999,0.5622655122655124,0.5399999999999999,0.5462024044067387,0.5969999999999999,0.6212720798293553,5.4,4.2,5.8,4.6
rf,signo_zodiacal_capricornio,393,0.5,0.58,0.6001165501165501,0.5399999999999999,0.542193675889328,0.593,0.591300114917762,5.4,3.8,6.2,4.6
rf,signo_zodiacal_capricornio,394,0.5,0.54,0.5485714285714286,0.52,0.5249019607843137,0.53,0.5685375816993463,5.2,4.4,5.6,4.8
rf,signo_zodiacal_capricornio,395,0.5,0.55,0.5454545454545454,0.5799999999999998,0.5619047619047619,0.532,0.5666530881399302,5.8,4.8,5.2,4.2
rf,signo_zodiacal_capricornio,396,0.5,0.47000000000000003,0.45999999999999996,0.4,0.41742424242424236,0.397,0.5097872164814888,4.0,4.6,5.4,6.0
rf,signo_zodiacal_capricornio,397,0.5,0.47000000000000003,0.45714285714285713,0.5399999999999999,0.48511159201696297,0.492,0.5501951684366546,5.4,6.0,4.0,4.6
rf,signo_zodiacal_capricornio,398,0.5,0.59,0.6044155844155845,0.54,0.5650980392156864,0.5760000000000001,0.6361158079966129,5.4,3.6,6.4,4.6
rf,signo_zodiacal_capricornio,399,0.5,0.49000000000000005,0.48571428571428565,0.52,0.49465498979565475,0.507,0.571600456131416,5.2,5.4,4.6,4.8
rf,signo_zodiacal_capricornio,400,0.5,0.48,0.5178321678321678,0.44000000000000006,0.45679779158040024,0.47700000000000004,0.5922960656474588,4.4,4.8,5.2,5.6
rf,signo_zodiacal_capricornio,401,0.5,0.49000000000000005,0.4890909090909091,0.42000000000000004,0.4442857142857143,0.52,0.5652148396838799,4.2,4.4,5.6,5.8
rf,signo_zodiacal_capricornio,402,0.5,0.41000000000000003,0.3878787878787879,0.4,0.3916666666666667,0.364,0.4650145153264349,4.0,5.8,4.2,6.0
rf,signo_zodiacal_capricornio,403,0.5,0.6,0.5903496503496504,0.6200000000000001,0.6019374523264684,0.625,0.6243950836744954,6.2,4.2,5.8,3.8
rf,signo_zodiacal_capricornio,404,0.5,0.4800000000000001,0.48852813852813853,0.45999999999999996,0.4691537220948986,0.4709999999999999,0.5435716217906619,4.6,5.0,5.0,5.4
rf,signo_zodiacal_capricornio,405,0.5,0.42000000000000004,0.4027777777777778,0.36,0.37473418394471025,0.4640000000000001,0.5267217412790168,3.6,5.2,4.8,6.4
rf,signo_zodiacal_capricornio,406,0.5,0.47000000000000003,0.4366666666666667,0.4,0.41171717171717165,0.45299999999999996,0.515406024316241,4.0,4.6,5.4,6.0
rf,signo_zodiacal_capricornio,407,0.5,0.53,0.5417171717171717,0.44000000000000006,0.46664843928001815,0.561,0.5670555518612793,4.4,3.8,6.2,5.6
rf,signo_zodiacal_capricornio,408,0.5,0.41000000000000003,0.4067399267399267,0.4600000000000001,0.42805491990846684,0.33399999999999996,0.4396242579230195,4.6,6.4,3.6,5.4
rf,signo_zodiacal_capricornio,409,0.5,0.6,0.5985591206179441,0.64,0.6073517126148704,0.6340000000000001,0.6583213143066083,6.4,4.4,5.6,3.6
rf,signo_zodiacal_capricornio,410,0.5,0.43000000000000005,0.42777777777777787,0.44000000000000006,0.43157894736842106,0.445,0.5426317581627179,4.4,5.8,4.2,5.6
rf,signo_zodiacal_capricornio,411,0.5,0.36,0.35003496503496506,0.36000000000000004,0.3516494133885438,0.29100000000000004,0.4301738645771153,3.6,6.4,3.6,6.4
rf,signo_zodiacal_capricornio,412,0.5,0.54,0.5503968253968254,0.45999999999999996,0.49938080495356035,0.586,0.6133154047534852,4.6,3.8,6.2,5.4
rf,signo_zodiacal_capricornio,413,0.5,0.5599999999999999,0.5751226551226551,0.5,0.5302609464838567,0.618,0.6455123585564762,5.0,3.8,6.2,5.0
rf,signo_zodiacal_capricornio,414,0.5,0.52,0.5216666666666667,0.5599999999999999,0.5365656565656566,0.5389999999999999,0.6000872460872462,5.6,5.2,4.8,4.4
rf,signo_zodiacal_capricornio,415,0.5,0.49000000000000005,0.48567210567210567,0.52,0.5002353710362863,0.426,0.48773802324266724,5.2,5.4,4.6,4.8
rf,signo_zodiacal_capricornio,416,0.5,0.5,0.4808225108225108,0.54,0.5038553603259486,0.533,0.5763749191984486,5.4,5.4,4.6,4.6
rf,signo_zodiacal_capricornio,417,0.5,0.45,0.44970529470529474,0.44000000000000006,0.438713920350749,0.45200000000000007,0.5415220976134288,4.4,5.4,4.6,5.6
rf,signo_zodiacal_capricornio,418,0.5,0.56,0.5726190476190476,0.52,0.5410683571674284,0.5959999999999999,0.67743384333245,5.2,4.0,6.0,4.8
rf,signo_zodiacal_capricornio,419,0.5,0.5,0.5151515151515152,0.5,0.5036075036075036,0.537,0.5771858974358974,5.0,5.0,5.0,5.0
rf,signo_zodiacal_capricornio,420,0.5,0.45,0.4584415584415584,0.48,0.46305916305916306,0.437,0.5452197082243522,4.8,5.8,4.2,5.2
rf,signo_zodiacal_capricornio,421,0.5,0.49000000000000005,0.4790909090909091,0.44000000000000006,0.4537301587301587,0.42400000000000004,0.4877617658399392,4.4,4.6,5.4,5.6
rf,signo_zodiacal_capricornio,422,0.5,0.41999999999999993,0.42833333333333334,0.38,0.39702020202020205,0.43699999999999994,0.5209111182934713,3.8,5.4,4.6,6.2
rf,signo_zodiacal_capricornio,423,0.5,0.45,0.45440115440115436,0.4600000000000001,0.45254803675856303,0.4640000000000001,0.5563080814094746,4.6,5.6,4.4,5.4
rf,signo_zodiacal_capricornio,424,0.5,0.5700000000000001,0.5993589743589743,0.5599999999999999,0.5669411506368028,0.611,0.6419328961372305,5.6,4.2,5.8,4.4
rf,signo_zodiacal_capricornio,425,0.5,0.6,0.6290476190476191,0.56,0.576921568627451,0.6060000000000001,0.6140951352569,5.6,3.6,6.4,4.4
rf,signo_zodiacal_capricornio,426,0.5,0.58,0.5933333333333334,0.5,0.5349999999999999,0.55,0.5855979390406634,5.0,3.4,6.6,5.0
rf,signo_zodiacal_capricornio,427,0.5,0.4800000000000001,0.47813852813852814,0.45999999999999996,0.4652567246994492,0.425,0.5046521256521256,4.6,5.0,5.0,5.4
rf,signo_zodiacal_capricornio,428,0.5,0.53,0.5240981240981241,0.47999999999999987,0.4829942503317116,0.605,0.642224947824793,4.8,4.2,5.8,5.2
rf,signo_zodiacal_capricornio,429,0.5,0.45000000000000007,0.44979797979797975,0.52,0.47835771246297565,0.39,0.4746663999914774,5.2,6.2,3.8,4.8
rf,signo_zodiacal_capricornio,430,0.5,0.42000000000000004,0.40923520923520923,0.34,0.3676765443019313,0.382,0.48155248509660276,3.4,5.0,5.0,6.6
rf,signo_zodiacal_capricornio,431,0.5,0.43,0.4216666666666667,0.44000000000000006,0.4213939393939394,0.384,0.4589071972059588,4.4,5.8,4.2,5.6
rf,signo_zodiacal_capricornio,432,0.5,0.5,0.49777777777777776,0.5,0.497511961722488,0.5519999999999999,0.5815978465978466,5.0,5.0,5.0,5.0
rf,signo_zodiacal_capricornio,433,0.5,0.5,0.4975602175602175,0.5399999999999999,0.5161774000217936,0.44700000000000006,0.5399235354428853,5.4,5.4,4.6,4.6
rf,signo_zodiacal_capricornio,434,0.5,0.6,0.6017676767676768,0.58,0.5883040935672514,0.571,0.5967058758235229,5.8,3.8,6.2,4.2
rf,signo_zodiacal_capricornio,435,0.5,0.4,0.3742857142857142,0.38,0.3692755417956657,0.36100000000000004,0.47284836568660094,3.8,5.8,4.2,6.2
rf,signo_zodiacal_capricornio,436,0.5,0.51,0.5283516483516484,0.58,0.5502898550724638,0.572,0.6018546725032792,5.8,5.6,4.4,4.2
rf,signo_zodiacal_capricornio,437,0.5,0.44000000000000006,0.4246031746031746,0.36,0.3881320949432404,0.44399999999999995,0.4809985283893952,3.6,4.8,5.2,6.4
rf,signo_zodiacal_capricornio,438,0.5,0.51,0.49935897435897436,0.48,0.4808300395256917,0.491,0.5649931338870967,4.8,4.6,5.4,5.2
rf,signo_zodiacal_capricornio,439,0.5,0.6799999999999999,0.668026418026418,0.74,0.6994858688222533,0.684,0.6975774297082347,7.4,3.8,6.2,2.6
rf,signo_zodiacal_capricornio,440,0.5,0.47000000000000003,0.46439393939393947,0.4,0.42677527151211364,0.441,0.544036897313213,4.0,4.6,5.4,6.0
rf,signo_zodiacal_capricornio,441,0.5,0.4800000000000001,0.47567099567099563,0.45999999999999996,0.4556302521008403,0.39299999999999996,0.482041808037164,4.6,5.0,5.0,5.4
rf,signo_zodiacal_capricornio,442,0.5,0.42000000000000004,0.4138383838383838,0.38,0.39478696741854635,0.397,0.5201693147753519,3.8,5.4,4.6,6.2
rf,signo_zodiacal_capricornio,443,0.5,0.39,0.34590909090909094,0.27999999999999997,0.2924719724719725,0.4039999999999999,0.48886900947349865,2.8,5.0,5.0,7.2
rf,signo_zodiacal_capricornio,444,0.5,0.45,0.4625396825396826,0.45999999999999996,0.45748538011695905,0.42200000000000004,0.49731046731046735,4.6,5.6,4.4,5.4
rf,signo_zodiacal_capricornio,445,0.5,0.6,0.5917748917748917,0.6,0.5917092195729967,0.621,0.6521057096498273,6.0,4.0,6.0,4.0
rf,signo_zodiacal_capricornio,446,0.5,0.43999999999999995,0.4333333333333334,0.5,0.45757575757575764,0.441,0.5269505868228779,5.0,6.2,3.8,5.0
rf,signo_zodiacal_capricornio,447,0.5,0.52,0.5225000000000001,0.56,0.5343589743589743,0.5119999999999999,0.5438451532128002,5.6,5.2,4.8,4.4
rf,signo_zodiacal_capricornio,448,0.5,0.57,0.5923520923520924,0.5199999999999999,0.5442818275635612,0.626,0.6370049003284297,5.2,3.8,6.2,4.8
rf,signo_zodiacal_capricornio,449,0.5,0.5,0.5211111111111111,0.42000000000000004,0.45637426900584793,0.421,0.4967307065999016,4.2,4.2,5.8,5.8
rf,signo_zodiacal_capricornio,450,0.5,0.53,0.5361460761460761,0.5599999999999999,0.5458014601721695,0.52,0.5774121325870551,5.6,5.0,5.0,4.4
rf,signo_zodiacal_capricornio,451,0.5,0.5599999999999999,0.5738095238095238,0.6,0.5772961816305469,0.545,0.6312694986472076,6.0,4.8,5.2,4.0
rf,signo_zodiacal_capricornio,452,0.5,0.54,0.5448412698412698,0.5399999999999999,0.5333786784251181,0.526,0.555397167589892,5.4,4.6,5.4,4.6
rf,signo_zodiacal_capricornio,453,0.5,0.36,0.36222222222222217,0.36,0.36009569377990436,0.367,0.47775582037501535,3.6,6.4,3.6,6.4
rf,signo_zodiacal_capricornio,454,0.5,0.55,0.5533333333333333,0.5599999999999999,0.5558395989974937,0.508,0.5735900698888314,5.6,4.6,5.4,4.4
rf,signo_zodiacal_capricornio,455,0.5,0.5,0.513968253968254,0.44000000000000006,0.47238390092879257,0.46699999999999997,0.5461050795609619,4.4,4.4,5.6,5.6
rf,signo_zodiacal_capricornio,456,0.5,0.47000000000000003,0.4614718614718615,0.45999999999999996,0.4571227534075831,0.43199999999999994,0.49405312274584723,4.6,5.2,4.8,5.4
rf,signo_zodiacal_capricornio,457,0.5,0.4600000000000001,0.444040404040404,0.38,0.40135338345864663,0.418,0.5164357701122407,3.8,4.6,5.4,6.2
rf,signo_zodiacal_capricornio,458,0.5,0.5,0.4864285714285714,0.54,0.5012549019607844,0.501,0.5981186350629075,5.4,5.4,4.6,4.6
rf,signo_zodiacal_capricornio,459,0.5,0.41,0.41351981351981354,0.4,0.39964857796665576,0.383,0.4595118307045552,4.0,5.8,4.2,6.0
rf,signo_zodiacal_capricornio,460,0.5,0.47000000000000003,0.45757575757575764,0.5199999999999999,0.47857142857142854,0.41800000000000004,0.5128971249768463,5.2,5.8,4.2,4.8
rf,signo_zodiacal_capricornio,461,0.5,0.4,0.39487179487179486,0.36,0.3721967963386727,0.382,0.471428201485477,3.6,5.6,4.4,6.4
rf,signo_zodiacal_capricornio,462,0.5,0.4800000000000001,0.4666666666666666,0.42000000000000004,0.4394736842105263,0.426,0.5055994652921897,4.2,4.6,5.4,5.8
rf,signo_zodiacal_capricornio,463,0.5,0.41999999999999993,0.4312087912087912,0.36,0.3849630576868428,0.413,0.5085472793460409,3.6,5.2,4.8,6.4
rf,signo_zodiacal_capricornio,464,0.5,0.45,0.4459090909090909,0.45999999999999996,0.439981684981685,0.397,0.46455533192297904,4.6,5.6,4.4,5.4
rf,signo_zodiacal_capricornio,465,0.5,0.6100000000000001,0.6381313131313131,0.54,0.5800334168755221,0.587,0.6802438199055846,5.4,3.2,6.8,4.6
rf,signo_zodiacal_capricornio,466,0.5,0.5499999999999999,0.5323412698412698,0.5800000000000001,0.5393387314439946,0.5970000000000001,0.6076074899472732,5.8,4.8,5.2,4.2
rf,signo_zodiacal_capricornio,467,0.5,0.51,0.5127705627705628,0.4600000000000001,0.46900942195059836,0.46099999999999997,0.5524398938694604,4.6,4.4,5.6,5.4
rf,signo_zodiacal_capricornio,468,0.5,0.37,0.38,0.34,0.3522488038277512,0.33799999999999997,0.44775157505033664,3.4,6.0,4.0,6.6
rf,signo_zodiacal_capricornio,469,0.5,0.52,0.5157575757575757,0.6,0.5478412698412699,0.4720000000000001,0.5493549597976842,6.0,5.6,4.4,4.0
rf,signo_zodiacal_capricornio,470,0.5,0.58,0.5861111111111111,0.5599999999999999,0.5699627857522593,0.5980000000000001,0.6661392567700617,5.6,4.0,6.0,4.4
rf,signo_zodiacal_capricornio,471,0.5,0.53,0.5357142857142858,0.42000000000000004,0.46839525283797734,0.517,0.5619631469321871,4.2,3.6,6.4,5.8
rf,signo_zodiacal_capricornio,472,0.5,0.5200000000000001,0.5157420357420358,0.5599999999999999,0.5352250190694127,0.516,0.5848281267236375,5.6,5.2,4.8,4.4
rf,signo_zodiacal_capricornio,473,0.5,0.5199999999999999,0.5167832167832167,0.45999999999999996,0.4709454796411318,0.49800000000000005,0.5712422475185633,4.6,4.2,5.8,5.4
rf,signo_zodiacal_capricornio,474,0.5,0.43000000000000005,0.44000000000000006,0.4600000000000001,0.44813397129186605,0.417,0.5033770118770119,4.6,6.0,4.0,5.4
rf,signo_zodiacal_capricornio,475,0.5,0.4800000000000001,0.5009523809523809,0.43999999999999995,0.45327554179566565,0.437,0.5354156595038948,4.4,4.8,5.2,5.6
rf,signo_zodiacal_capricornio,476,0.5,0.5,0.49742424242424244,0.52,0.4986695526695527,0.5,0.5538666502915729,5.2,5.2,4.8,4.8
rf,signo_zodiacal_capricornio,477,0.5,0.52,0.501978021978022,0.5800000000000001,0.5218567774936063,0.488,0.5835739661095698,5.8,5.4,4.6,4.2
rf,signo_zodiacal_capricornio,478,0.5,0.45999999999999996,0.45526695526695526,0.42000000000000004,0.4317210137643574,0.43599999999999994,0.4885323114278223,4.2,5.0,5.0,5.8
rf,signo_zodiacal_capricornio,479,0.5,0.45,0.4752669552669553,0.45999999999999996,0.46223794781070315,0.422,0.5281194130946452,4.6,5.6,4.4,5.4
rf,signo_zodiacal_capricornio,480,0.5,0.5,0.5019347319347319,0.58,0.5369772256728779,0.537,0.6402886002886004,5.8,5.8,4.2,4.2
rf,signo_zodiacal_capricornio,481,0.5,0.41,0.41809523809523813,0.38,0.38490374331550803,0.399,0.5042237751928155,3.8,5.6,4.4,6.2
rf,signo_zodiacal_capricornio,482,0.5,0.5900000000000001,0.6090909090909091,0.5599999999999999,0.5789321789321789,0.624,0.7113189830465372,5.6,3.8,6.2,4.4
rf,signo_zodiacal_capricornio,483,0.5,0.53,0.5199999999999999,0.42000000000000004,0.4580392156862745,0.5010000000000001,0.5561198354449128,4.2,3.6,6.4,5.8
rf,signo_zodiacal_capricornio,484,0.5,0.6,0.622136752136752,0.5599999999999999,0.5803356216628528,0.591,0.6239264069264069,5.6,3.6,6.4,4.4
rf,signo_zodiacal_capricornio,485,0.5,0.5200000000000001,0.5233766233766234,0.48,0.4978770455550642,0.5730000000000001,0.6195401060927377,4.8,4.4,5.6,5.2
rf,signo_zodiacal_capricornio,486,0.5,0.54,0.5373076923076923,0.5599999999999999,0.5446030095000347,0.575,0.6662398430602765,5.6,4.8,5.2,4.4
rf,signo_zodiacal_capricornio,487,0.5,0.49000000000000005,0.48773448773448774,0.5,0.4877561550936164,0.44299999999999995,0.5373861518598361,5.0,5.2,4.8,5.0
rf,signo_zodiacal_capricornio,488,0.5,0.56,0.5516666666666666,0.5199999999999999,0.5289393939393939,0.6039999999999999,0.6397291478731106,5.2,4.0,6.0,4.8
rf,signo_zodiacal_capricornio,489,0.5,0.49000000000000005,0.4778749028749029,0.5,0.48524572300316005,0.516,0.5763990819122398,5.0,5.2,4.8,5.0
rf,signo_zodiacal_capricornio,490,0.5,0.56,0.5498626373626373,0.6399999999999999,0.5812334298267802,0.663,0.679539780480957,6.4,5.2,4.8,3.6
rf,signo_zodiacal_capricornio,491,0.5,0.54,0.5430769230769231,0.5199999999999999,0.5135748792270531,0.528,0.545588234263157,5.2,4.4,5.6,4.8
rf,signo_zodiacal_capricornio,492,0.5,0.45,0.48992673992673996,0.32,0.3602176098979168,0.51,0.5815913312693499,3.2,4.2,5.8,6.8
rf,signo_zodiacal_capricornio,493,0.5,0.5399999999999999,0.5627272727272727,0.48,0.5126817042606515,0.6240000000000001,0.6913481616422793,4.8,4.0,6.0,5.2
rf,signo_zodiacal_capricornio,494,0.5,0.45,0.42415584415584406,0.36,0.3670588235294117,0.46799999999999997,0.5338999986941164,3.6,4.6,5.4,6.4
rf,signo_zodiacal_capricornio,495,0.5,0.51,0.5122727272727272,0.52,0.5135353535353535,0.5119999999999999,0.5706805781937362,5.2,5.0,5.0,4.8
rf,signo_zodiacal_capricornio,496,0.5,0.53,0.5309523809523811,0.5599999999999999,0.5380570409982175,0.505,0.5778021412711815,5.6,5.0,5.0,4.4
rf,signo_zodiacal_capricornio,497,0.5,0.4800000000000001,0.47777777777777775,0.36,0.40812693498452013,0.457,0.5225743237670482,3.6,4.0,6.0,6.4
rf,signo_zodiacal_capricornio,498,0.5,0.5,0.5819347319347319,0.44000000000000006,0.4495529832486354,0.513,0.5991528075467704,4.4,4.4,5.6,5.6
rf,signo_zodiacal_capricornio,499,0.5,0.37,0.3622766122766123,0.38,0.36874432457956485,0.333,0.45377162096589335,3.8,6.4,3.6,6.2
rf,signo_zodiacal_capricornio,500,0.5,0.54,0.5234343434343434,0.5199999999999999,0.5133014354066985,0.5449999999999999,0.6007849999158049,5.2,4.4,5.6,4.8
rf,signo_zodiacal_cancer,1,0.5,0.4,0.40102564102564103,0.5,0.44181993851559076,0.343,0.4490079673508466,5.0,7.0,3.0,5.0
rf,signo_zodiacal_cancer,2,0.5,0.53,0.5489743589743589,0.5199999999999999,0.5241458058849363,0.571,0.6026208050635296,5.2,4.6,5.4,4.8
rf,signo_zodiacal_cancer,3,0.5,0.51,0.509090909090909,0.52,0.5050785531603946,0.488,0.562609250828291,5.2,5.0,5.0,4.8
rf,signo_zodiacal_cancer,4,0.5,0.49000000000000005,0.48278388278388273,0.52,0.49590425727187065,0.475,0.5522994042421286,5.2,5.4,4.6,4.8
rf,signo_zodiacal_cancer,5,0.5,0.54,0.5483333333333333,0.5599999999999999,0.5511111111111111,0.567,0.6314677632309211,5.6,4.8,5.2,4.4
rf,signo_zodiacal_cancer,6,0.5,0.55,0.5531313131313131,0.54,0.5457644110275689,0.5599999999999999,0.6136152619310513,5.4,4.4,5.6,4.6
rf,signo_zodiacal_cancer,7,0.5,0.6699999999999999,0.7094083694083694,0.6000000000000001,0.6428306059265811,0.735,0.7580369701677752,6.0,2.6,7.4,4.0
rf,signo_zodiacal_cancer,8,0.5,0.44000000000000006,0.44988344988344986,0.5,0.4723131940523245,0.466,0.5444612064921663,5.0,6.2,3.8,5.0
rf,signo_zodiacal_cancer,9,0.5,0.48,0.4712698412698413,0.48,0.46481658692185,0.42700000000000005,0.5013831097523048,4.8,5.2,4.8,5.2
rf,signo_zodiacal_cancer,10,0.5,0.5,0.475,0.5,0.4695555555555555,0.45099999999999996,0.5051815233270341,5.0,5.0,5.0,5.0
rf,signo_zodiacal_cancer,11,0.5,0.45,0.44145854145854146,0.48,0.45292493809117856,0.45199999999999996,0.5408162219617327,4.8,5.8,4.2,5.2
rf,signo_zodiacal_cancer,12,0.5,0.5,0.5233333333333333,0.47999999999999987,0.47699604743083,0.48,0.5467175438940144,4.8,4.8,5.2,5.2
rf,signo_zodiacal_cancer,13,0.5,0.49000000000000005,0.497979797979798,0.52,0.5066302118933698,0.549,0.6232124792991666,5.2,5.4,4.6,4.8
rf,signo_zodiacal_cancer,14,0.5,0.5199999999999999,0.5390909090909091,0.45999999999999996,0.4835281385281386,0.476,0.5693649797914504,4.6,4.2,5.8,5.4
rf,signo_zodiacal_cancer,15,0.5,0.48,0.48461538461538456,0.5399999999999999,0.506675450153711,0.42300000000000004,0.4782917997035644,5.4,5.8,4.2,4.6
rf,signo_zodiacal_cancer,16,0.5,0.5,0.49036075036075044,0.45999999999999996,0.47224237063246355,0.446,0.512241509694296,4.6,4.6,5.4,5.4
rf,signo_zodiacal_cancer,17,0.5,0.4800000000000001,0.4814141414141414,0.56,0.5137826384142173,0.49799999999999994,0.5648025589821255,5.6,6.0,4.0,4.4
rf,signo_zodiacal_cancer,18,0.5,0.47000000000000003,0.486060606060606,0.43999999999999995,0.45417027417027417,0.49399999999999994,0.5847311299811299,4.4,5.0,5.0,5.6
rf,signo_zodiacal_cancer,19,0.5,0.56,0.563986013986014,0.5999999999999999,0.5707321663843403,0.615,0.6653813671708408,6.0,4.8,5.2,4.0
rf,signo_zodiacal_cancer,20,0.5,0.5700000000000001,0.5925829725829725,0.5,0.5351371074745688,0.631,0.6768356796282493,5.0,3.6,6.4,5.0
rf,signo_zodiacal_cancer,21,0.5,0.53,0.5518315018315019,0.52,0.52810865418215,0.565,0.6351091494504807,5.2,4.6,5.4,4.8
rf,signo_zodiacal_cancer,22,0.5,0.53,0.5420634920634921,0.5800000000000001,0.5461722488038278,0.519,0.5711501364132944,5.8,5.2,4.8,4.2
rf,signo_zodiacal_cancer,23,0.5,0.53,0.5424242424242424,0.52,0.5233766233766234,0.5359999999999999,0.5607047931428737,5.2,4.6,5.4,4.8
rf,signo_zodiacal_cancer,24,0.5,0.6,0.5863691863691863,0.5599999999999999,0.5627652891820343,0.6,0.6301147916411074,5.6,3.6,6.4,4.4
rf,signo_zodiacal_cancer,25,0.5,0.43,0.43238095238095237,0.42000000000000004,0.4212953060011883,0.41600000000000004,0.5195765068265068,4.2,5.6,4.4,5.8
rf,signo_zodiacal_cancer,26,0.5,0.54,0.5481240981240981,0.52,0.5291597978904481,0.509,0.5542782299399946,5.2,4.4,5.6,4.8
rf,signo_zodiacal_cancer,27,0.5,0.41,0.3988383838383838,0.33999999999999997,0.36145363408521297,0.355,0.47245676769051387,3.4,5.2,4.8,6.6
rf,signo_zodiacal_cancer,28,0.5,0.38,0.3938383838383839,0.42000000000000004,0.4050899977215767,0.362,0.45039755669167436,4.2,6.6,3.4,5.8
rf,signo_zodiacal_cancer,29,0.5,0.44000000000000006,0.42039072039072034,0.36,0.3733092321596831,0.43899999999999995,0.5422597773743284,3.6,4.8,5.2,6.4
rf,signo_zodiacal_cancer,30,0.5,0.36,0.3283682983682984,0.34,0.32998274672187716,0.3320000000000001,0.4579162057412831,3.4,6.2,3.8,6.6
rf,signo_zodiacal_cancer,31,0.5,0.53,0.530952380952381,0.52,0.5213903743315508,0.529,0.5721158275848678,5.2,4.6,5.4,4.8
rf,signo_zodiacal_cancer,32,0.5,0.55,0.5084415584415585,0.5,0.4866388513447338,0.6060000000000001,0.6506170953229777,5.0,4.0,6.0,5.0
rf,signo_zodiacal_cancer,33,0.5,0.5900000000000001,0.6092857142857143,0.5599999999999999,0.5752287581699347,0.6020000000000001,0.6148224538619276,5.6,3.8,6.2,4.4
rf,signo_zodiacal_cancer,34,0.5,0.53,0.5325097125097125,0.56,0.5438966982674076,0.526,0.5213548342782088,5.6,5.0,5.0,4.4
rf,signo_zodiacal_cancer,35,0.5,0.47000000000000003,0.4815262515262516,0.43999999999999995,0.4550886166823709,0.469,0.5654613705008441,4.4,5.0,5.0,5.6
rf,signo_zodiacal_cancer,36,0.5,0.4600000000000001,0.4566233766233766,0.4,0.4120600967659791,0.525,0.6238726175785,4.0,4.8,5.2,6.0
rf,signo_zodiacal_cancer,37,0.5,0.51,0.5146464646464646,0.48,0.48892686261107315,0.5329999999999999,0.604832814244579,4.8,4.6,5.4,5.2
rf,signo_zodiacal_cancer,38,0.5,0.5900000000000001,0.580924630924631,0.6599999999999999,0.6157468770741081,0.615,0.6264676896031386,6.6,4.8,5.2,3.4
rf,signo_zodiacal_cancer,39,0.5,0.5000000000000001,0.5192918192918193,0.52,0.5095593843944901,0.499,0.5461819173258802,5.2,5.2,4.8,4.8
rf,signo_zodiacal_cancer,40,0.5,0.48999999999999994,0.4927272727272727,0.44000000000000006,0.46007936507936503,0.479,0.5713954111763709,4.4,4.6,5.4,5.6
rf,signo_zodiacal_cancer,41,0.5,0.48,0.4797979797979798,0.43999999999999995,0.4524284195336826,0.488,0.5222660733659186,4.4,4.8,5.2,5.6
rf,signo_zodiacal_cancer,42,0.5,0.54,0.5726190476190476,0.45999999999999996,0.4894810555801268,0.48599999999999993,0.5317813303827236,4.6,3.8,6.2,5.4
rf,signo_zodiacal_cancer,43,0.5,0.45,0.4352564102564102,0.45999999999999996,0.4399868247694335,0.414,0.4990932344229558,4.6,5.6,4.4,5.4
rf,signo_zodiacal_cancer,44,0.5,0.63,0.6772161172161172,0.6399999999999999,0.6373861892583121,0.649,0.6948294054586623,6.4,3.8,6.2,3.6
rf,signo_zodiacal_cancer,45,0.5,0.51,0.5197474747474746,0.5,0.5078028404344194,0.503,0.596718782249742,5.0,4.8,5.2,5.0
rf,signo_zodiacal_cancer,46,0.5,0.47000000000000003,0.4723809523809524,0.48,0.4726315789473684,0.43499999999999994,0.5204029767102523,4.8,5.4,4.6,5.2
rf,signo_zodiacal_cancer,47,0.5,0.5700000000000001,0.5597435897435898,0.6599999999999999,0.6045849802371541,0.612,0.6404339997807489,6.6,5.2,4.8,3.4
rf,signo_zodiacal_cancer,48,0.5,0.43,0.43888888888888894,0.4,0.41653375863902176,0.45899999999999996,0.5488400972092922,4.0,5.4,4.6,6.0
rf,signo_zodiacal_cancer,49,0.5,0.44000000000000006,0.4356410256410256,0.5,0.4568932806324111,0.457,0.5715803826376582,5.0,6.2,3.8,5.0
rf,signo_zodiacal_cancer,50,0.5,0.5700000000000001,0.5746475746475745,0.5399999999999999,0.5485709157804999,0.606,0.6402724205618943,5.4,4.0,6.0,4.6
rf,signo_zodiacal_cancer,51,0.5,0.51,0.5173809523809524,0.5,0.49393939393939396,0.563,0.6099464436492301,5.0,4.8,5.2,5.0
rf,signo_zodiacal_cancer,52,0.5,0.52,0.5316666666666666,0.52,0.5238383838383839,0.47300000000000003,0.5403446747610834,5.2,4.8,5.2,4.8
rf,signo_zodiacal_cancer,53,0.5,0.45,0.4587301587301587,0.43999999999999995,0.4443568815085843,0.38899999999999996,0.4795122465254044,4.4,5.4,4.6,5.6
rf,signo_zodiacal_cancer,54,0.5,0.5599999999999999,0.5535353535353534,0.5599999999999999,0.5538923065238854,0.583,0.5884718767644463,5.6,4.4,5.6,4.4
rf,signo_zodiacal_cancer,55,0.5,0.55,0.5513131313131313,0.5199999999999999,0.5239507860560492,0.51,0.5720188720807916,5.2,4.2,5.8,4.8
rf,signo_zodiacal_cancer,56,0.5,0.61,0.6367965367965367,0.58,0.5939628482972136,0.607,0.6526372675312304,5.8,3.6,6.4,4.2
rf,signo_zodiacal_cancer,57,0.5,0.44000000000000006,0.4455544455544455,0.5,0.46541225185726465,0.39299999999999996,0.5046098942337333,5.0,6.2,3.8,5.0
rf,signo_zodiacal_cancer,58,0.5,0.5700000000000001,0.5682789432789432,0.54,0.544790418074171,0.573,0.5622305815099933,5.4,4.0,6.0,4.6
rf,signo_zodiacal_cancer,59,0.5,0.44000000000000006,0.4296031746031746,0.4600000000000001,0.42728744939271257,0.4539999999999999,0.4919453119979435,4.6,5.8,4.2,5.4
rf,signo_zodiacal_cancer,60,0.5,0.5,0.5047979797979798,0.44000000000000006,0.46833751044277355,0.516,0.5529649780044517,4.4,4.4,5.6,5.6
rf,signo_zodiacal_cancer,61,0.5,0.38,0.38647186147186147,0.34,0.3591429554277852,0.385,0.5020456708753922,3.4,5.8,4.2,6.6
rf,signo_zodiacal_cancer,62,0.5,0.4800000000000001,0.46818181818181814,0.44000000000000006,0.44801587301587303,0.449,0.5277029816588641,4.4,4.8,5.2,5.6
rf,signo_zodiacal_cancer,63,0.5,0.5800000000000001,0.5764069264069264,0.5,0.5298319327731092,0.55,0.594897335722413,5.0,3.4,6.6,5.0
rf,signo_zodiacal_cancer,64,0.5,0.5199999999999999,0.5188034188034187,0.5,0.49998208630931745,0.5439999999999999,0.5623044086116841,5.0,4.6,5.4,5.0
rf,signo_zodiacal_cancer,65,0.5,0.54,0.5402020202020201,0.54,0.5395488721804511,0.516,0.5430001366882171,5.4,4.6,5.4,4.6
rf,signo_zodiacal_cancer,66,0.5,0.41999999999999993,0.41904761904761906,0.36000000000000004,0.3777777777777778,0.357,0.4868429009930558,3.6,5.2,4.8,6.4
rf,signo_zodiacal_cancer,67,0.5,0.54,0.5457997557997558,0.62,0.5768837112544206,0.552,0.5717945649122119,6.2,5.4,4.6,3.8
rf,signo_zodiacal_cancer,68,0.5,0.5399999999999999,0.5447374847374847,0.5599999999999999,0.5437797819356576,0.516,0.5681637745639293,5.6,4.8,5.2,4.4
rf,signo_zodiacal_cancer,69,0.5,0.43,0.40479797979797977,0.42000000000000004,0.4055924124035579,0.391,0.457018563308037,4.2,5.6,4.4,5.8
rf,signo_zodiacal_cancer,70,0.5,0.44000000000000006,0.4647802197802198,0.42000000000000004,0.43571469167377097,0.41,0.5100928624179398,4.2,5.4,4.6,5.8
rf,signo_zodiacal_cancer,71,0.5,0.61,0.6060606060606061,0.6199999999999999,0.6120300751879699,0.619,0.6528686666790382,6.2,4.0,6.0,3.8
rf,signo_zodiacal_cancer,72,0.5,0.44000000000000006,0.4296453546453547,0.4,0.4074290585799537,0.481,0.5548784532461003,4.0,5.2,4.8,6.0
rf,signo_zodiacal_cancer,73,0.5,0.51,0.513888888888889,0.45999999999999996,0.4842105263157895,0.528,0.5881658347672281,4.6,4.4,5.6,5.4
rf,signo_zodiacal_cancer,74,0.5,0.53,0.5324242424242425,0.52,0.522972582972583,0.49499999999999994,0.5261416122577114,5.2,4.6,5.4,4.8
rf,signo_zodiacal_cancer,75,0.5,0.53,0.5333333333333333,0.5599999999999999,0.5330909090909091,0.53,0.5546064968742987,5.6,5.0,5.0,4.4
rf,signo_zodiacal_cancer,76,0.5,0.61,0.611111111111111,0.64,0.623444976076555,0.649,0.6838229433964728,6.4,4.2,5.8,3.6
rf,signo_zodiacal_cancer,77,0.5,0.5599999999999999,0.5678210678210677,0.54,0.5417710944026733,0.595,0.6322390546330174,5.4,4.2,5.8,4.6
rf,signo_zodiacal_cancer,78,0.5,0.39,0.37777777777777777,0.31999999999999995,0.34175438596491226,0.317,0.4262908537970458,3.2,5.4,4.6,6.8
rf,signo_zodiacal_cancer,79,0.5,0.49000000000000005,0.4923809523809524,0.4,0.4337461300309598,0.48200000000000004,0.5465644171789682,4.0,4.2,5.8,6.0
rf,signo_zodiacal_cancer,80,0.5,0.5599999999999999,0.5821428571428571,0.52,0.5410576351752823,0.599,0.6052264843000137,5.2,4.0,6.0,4.8
rf,signo_zodiacal_cancer,81,0.5,0.45,0.4516233766233766,0.48,0.4598845598845599,0.449,0.5162208167649345,4.8,5.8,4.2,5.2
rf,signo_zodiacal_cancer,82,0.5,0.43,0.445952380952381,0.4,0.4179560308972074,0.45,0.561805943626377,4.0,5.4,4.6,6.0
rf,signo_zodiacal_cancer,83,0.5,0.48,0.4867521367521367,0.56,0.5187018930726024,0.514,0.5800425942306747,5.6,6.0,4.0,4.4
rf,signo_zodiacal_cancer,84,0.5,0.43,0.43606060606060604,0.5,0.46528138528138524,0.324,0.4358311664255937,5.0,6.4,3.6,5.0
rf,signo_zodiacal_cancer,85,0.5,0.5200000000000001,0.519083694083694,0.56,0.5329839750892382,0.546,0.5987380103556574,5.6,5.2,4.8,4.4
rf,signo_zodiacal_cancer,86,0.5,0.5,0.5059523809523809,0.4600000000000001,0.4774775619976858,0.542,0.6084054813435619,4.6,4.6,5.4,5.4
rf,signo_zodiacal_cancer,87,0.5,0.57,0.5761904761904761,0.52,0.5368983957219251,0.591,0.620642938159192,5.2,3.8,6.2,4.8
rf,signo_zodiacal_cancer,88,0.5,0.51,0.5638095238095239,0.48,0.5007575757575757,0.481,0.5694466203730909,4.8,4.6,5.4,5.2
rf,signo_zodiacal_cancer,89,0.5,0.48999999999999994,0.5104029304029304,0.42000000000000004,0.45052429667519184,0.5279999999999999,0.5843510558069382,4.2,4.4,5.6,5.8
rf,signo_zodiacal_cancer,90,0.5,0.43,0.4276190476190476,0.42000000000000004,0.418562091503268,0.38900000000000007,0.4688352691340307,4.2,5.6,4.4,5.8
rf,signo_zodiacal_cancer,91,0.5,0.37,0.37351981351981356,0.4,0.38464857796665575,0.383,0.4706150146722902,4.0,6.6,3.4,6.0
rf,signo_zodiacal_cancer,92,0.5,0.49000000000000005,0.4811111111111111,0.52,0.49579455886092044,0.492,0.5693932329280627,5.2,5.4,4.6,4.8
rf,signo_zodiacal_cancer,93,0.5,0.44000000000000006,0.4136363636363637,0.38,0.3888888888888889,0.426,0.5063455939485351,3.8,5.0,5.0,6.2
rf,signo_zodiacal_cancer,94,0.5,0.49000000000000005,0.48611111111111105,0.48,0.4784688995215311,0.5149999999999999,0.5667725205650902,4.8,5.0,5.0,5.2
rf,signo_zodiacal_cancer,95,0.5,0.49000000000000005,0.48888888888888893,0.36000000000000004,0.4052422723475355,0.45599999999999996,0.520769619871013,3.6,3.8,6.2,6.4
rf,signo_zodiacal_cancer,96,0.5,0.5800000000000001,0.5801359751359751,0.5399999999999999,0.5494940249173659,0.625,0.6436947686816108,5.4,3.8,6.2,4.6
rf,signo_zodiacal_cancer,97,0.5,0.49000000000000005,0.4965079365079365,0.4999999999999999,0.49032817337461304,0.5429999999999999,0.580199624936467,5.0,5.2,4.8,5.0
rf,signo_zodiacal_cancer,98,0.5,0.51,0.5038961038961038,0.48,0.47296918767507,0.5159999999999999,0.591961574373339,4.8,4.6,5.4,5.2
rf,signo_zodiacal_cancer,99,0.5,0.51,0.48918803418803425,0.4600000000000001,0.46439359267734553,0.45199999999999996,0.5487589930709127,4.6,4.4,5.6,5.4
rf,signo_zodiacal_cancer,100,0.5,0.5700000000000001,0.595959595959596,0.54,0.5588345864661654,0.627,0.6802323950559244,5.4,4.0,6.0,4.6
rf,signo_zodiacal_cancer,101,0.5,0.51,0.5,0.42000000000000004,0.45169590643274854,0.508,0.5480459528431665,4.2,4.0,6.0,5.8
rf,signo_zodiacal_cancer,102,0.5,0.48,0.4996825396825397,0.48,0.4829102167182662,0.47300000000000003,0.559087468087468,4.8,5.2,4.8,5.2
rf,signo_zodiacal_cancer,103,0.5,0.45,0.44774891774891773,0.45999999999999996,0.442301247771836,0.45499999999999996,0.5301765815883464,4.6,5.6,4.4,5.4
rf,signo_zodiacal_cancer,104,0.5,0.5700000000000001,0.5683766233766233,0.6,0.5787301587301587,0.6,0.6268997662983731,6.0,4.6,5.4,4.0
rf,signo_zodiacal_cancer,105,0.5,0.61,0.6133333333333333,0.6,0.6063157894736841,0.6200000000000001,0.6056578748049335,6.0,3.8,6.2,4.0
rf,signo_zodiacal_cancer,106,0.5,0.6799999999999999,0.6858641358641359,0.6799999999999999,0.6741687979539641,0.668,0.6914994896744122,6.8,3.2,6.8,3.2
rf,signo_zodiacal_cancer,107,0.5,0.43,0.4355555555555556,0.42000000000000004,0.42582668793195105,0.403,0.48575458794731236,4.2,5.6,4.4,5.8
rf,signo_zodiacal_cancer,108,0.5,0.51,0.49469696969696975,0.5199999999999999,0.5047163362952837,0.5250000000000001,0.5794288228111757,5.2,5.0,5.0,4.8
rf,signo_zodiacal_cancer,109,0.5,0.55,0.5450432900432901,0.4800000000000001,0.5001205330617096,0.5850000000000001,0.6331688476642037,4.8,3.8,6.2,5.2
rf,signo_zodiacal_cancer,110,0.5,0.48,0.482051282051282,0.5,0.4788317962231006,0.45899999999999996,0.518122794302361,5.0,5.4,4.6,5.0
rf,signo_zodiacal_cancer,111,0.5,0.45,0.4321789321789321,0.38,0.4000368568480024,0.40700000000000003,0.470643163166383,3.8,4.8,5.2,6.2
rf,signo_zodiacal_cancer,112,0.5,0.55,0.5619047619047619,0.45999999999999996,0.5040247678018577,0.522,0.6445566780141083,4.6,3.6,6.4,5.4
rf,signo_zodiacal_cancer,113,0.5,0.55,0.5643939393939394,0.5199999999999999,0.5367965367965367,0.5189999999999999,0.5465432612623016,5.2,4.2,5.8,4.8
rf,signo_zodiacal_cancer,114,0.5,0.5199999999999999,0.5425396825396825,0.38,0.4397729618163055,0.5,0.573150046461966,3.8,3.4,6.6,6.2
rf,signo_zodiacal_cancer,115,0.5,0.45999999999999996,0.46601398601398597,0.44000000000000006,0.4383850931677018,0.413,0.5262224489476811,4.4,5.2,4.8,5.6
rf,signo_zodiacal_cancer,116,0.5,0.49000000000000005,0.4921717171717172,0.42000000000000004,0.44943609022556386,0.49800000000000005,0.592825016658608,4.2,4.4,5.6,5.8
rf,signo_zodiacal_cancer,117,0.5,0.45,0.4545454545454545,0.32,0.3682539682539682,0.47000000000000003,0.5062863037375421,3.2,4.2,5.8,6.8
rf,signo_zodiacal_cancer,118,0.5,0.55,0.5449217449217449,0.5599999999999999,0.547214583774013,0.5840000000000001,0.6144650775780807,5.6,4.6,5.4,4.4
rf,signo_zodiacal_cancer,119,0.5,0.48,0.485,0.42000000000000004,0.44947368421052625,0.47000000000000003,0.57408015694316,4.2,4.6,5.4,5.8
rf,signo_zodiacal_cancer,120,0.5,0.6100000000000001,0.6116666666666667,0.58,0.582020202020202,0.6119999999999999,0.6849782537723714,5.8,3.6,6.4,4.2
rf,signo_zodiacal_cancer,121,0.5,0.61,0.6503968253968254,0.5800000000000001,0.5889572415888205,0.664,0.7440654155785733,5.8,3.6,6.4,4.2
rf,signo_zodiacal_cancer,122,0.5,0.4699999999999999,0.4758008658008658,0.48,0.473598166539343,0.386,0.4848953579100638,4.8,5.4,4.6,5.2
rf,signo_zodiacal_cancer,123,0.5,0.41,0.41391941391941395,0.43999999999999995,0.42149316560408223,0.32199999999999995,0.4352031985901955,4.4,6.2,3.8,5.6
rf,signo_zodiacal_cancer,124,0.5,0.45999999999999996,0.45860139860139865,0.5,0.4769772256728778,0.40800000000000003,0.47591065410337857,5.0,5.8,4.2,5.0
rf,signo_zodiacal_cancer,125,0.5,0.6599999999999999,0.6667599067599068,0.7,0.6637154150197628,0.6779999999999999,0.7095450617493961,7.0,3.8,6.2,3.0
rf,signo_zodiacal_cancer,126,0.5,0.41,0.38880952380952377,0.38,0.3809982174688057,0.32999999999999996,0.4477738511918078,3.8,5.6,4.4,6.2
rf,signo_zodiacal_cancer,127,0.5,0.5700000000000001,0.5828282828282828,0.5199999999999999,0.5407017543859649,0.5820000000000001,0.6466414706724304,5.2,3.8,6.2,4.8
rf,signo_zodiacal_cancer,128,0.5,0.4800000000000001,0.4683333333333334,0.4600000000000001,0.46159489633173845,0.4109999999999999,0.5028747513236678,4.6,5.0,5.0,5.4
rf,signo_zodiacal_cancer,129,0.5,0.4800000000000001,0.47873015873015873,0.41999999999999993,0.44569659442724463,0.4130000000000001,0.48076357019313676,4.2,4.6,5.4,5.8
rf,signo_zodiacal_cancer,130,0.5,0.5900000000000001,0.6206060606060606,0.52,0.555204678362573,0.5740000000000001,0.6211860653965916,5.2,3.4,6.6,4.8
rf,signo_zodiacal_cancer,131,0.5,0.5,0.49678321678321674,0.52,0.5054985289310232,0.538,0.5745071023747494,5.2,5.2,4.8,4.8
rf,signo_zodiacal_cancer,132,0.5,0.51,0.5111111111111111,0.48,0.49256474519632415,0.481,0.5744861456053407,4.8,4.6,5.4,5.2
rf,signo_zodiacal_cancer,133,0.5,0.4800000000000001,0.4890909090909091,0.6199999999999999,0.5428864468864469,0.4620000000000001,0.5435365657734079,6.2,6.6,3.4,3.8
rf,signo_zodiacal_cancer,134,0.5,0.5900000000000001,0.5683150183150184,0.62,0.5811090444082772,0.6659999999999999,0.7080163231161684,6.2,4.4,5.6,3.8
rf,signo_zodiacal_cancer,135,0.5,0.57,0.5737373737373737,0.54,0.5537176274018378,0.625,0.7006658973980956,5.4,4.0,6.0,4.6
rf,signo_zodiacal_cancer,136,0.5,0.38,0.3623809523809524,0.4,0.3759090909090909,0.352,0.45914142290458076,4.0,6.4,3.6,6.0
rf,signo_zodiacal_cancer,137,0.5,0.6,0.6133033633033633,0.64,0.5998023715415021,0.6379999999999999,0.6709836623644673,6.4,4.4,5.6,3.6
rf,signo_zodiacal_cancer,138,0.5,0.48999999999999994,0.4691086691086691,0.52,0.4823655965936219,0.47300000000000003,0.5360976446154464,5.2,5.4,4.6,4.8
rf,signo_zodiacal_cancer,139,0.5,0.62,0.6062393162393163,0.6599999999999999,0.6290576242978989,0.5940000000000001,0.5988443403002226,6.6,4.2,5.8,3.4
rf,signo_zodiacal_cancer,140,0.5,0.5499999999999999,0.5650793650793651,0.48,0.5104700253307064,0.596,0.6603437642508849,4.8,3.8,6.2,5.2
rf,signo_zodiacal_cancer,141,0.5,0.6300000000000001,0.6374603174603175,0.5999999999999999,0.6059195046439629,0.6649999999999999,0.6948241264239716,6.0,3.4,6.6,4.0
rf,signo_zodiacal_cancer,142,0.5,0.44000000000000006,0.4317099567099566,0.38,0.40138581748488866,0.44499999999999995,0.5070777365908945,3.8,5.0,5.0,6.2
rf,signo_zodiacal_cancer,143,0.5,0.42000000000000004,0.4106410256410256,0.45999999999999996,0.4239235836627141,0.42799999999999994,0.5232503350622546,4.6,6.2,3.8,5.4
rf,signo_zodiacal_cancer,144,0.5,0.33,0.33222222222222225,0.38,0.3496495317547949,0.34400000000000003,0.46844648222434604,3.8,7.2,2.8,6.2
rf,signo_zodiacal_cancer,145,0.5,0.44000000000000006,0.4386435786435786,0.41999999999999993,0.426327583665045,0.476,0.5629949962318384,4.2,5.4,4.6,5.8
rf,signo_zodiacal_cancer,146,0.5,0.49000000000000005,0.5060606060606061,0.52,0.5099567099567099,0.476,0.5534157041788621,5.2,5.4,4.6,4.8
rf,signo_zodiacal_cancer,147,0.5,0.47000000000000003,0.4374603174603175,0.42000000000000004,0.4088827952233525,0.529,0.5901377223567625,4.2,4.8,5.2,5.8
rf,signo_zodiacal_cancer,148,0.5,0.4600000000000001,0.45777777777777773,0.5199999999999999,0.47735011441647596,0.44699999999999995,0.50939316359595,5.2,6.0,4.0,4.8
rf,signo_zodiacal_cancer,149,0.5,0.4800000000000001,0.4875757575757576,0.4,0.42836940836940834,0.476,0.5451607112357886,4.0,4.4,5.6,6.0
rf,signo_zodiacal_cancer,150,0.5,0.5700000000000001,0.5562637362637363,0.58,0.5564450127877238,0.5900000000000001,0.629754956429879,5.8,4.4,5.6,4.2
rf,signo_zodiacal_cancer,151,0.5,0.48,0.4896256684491978,0.5,0.4809259259259259,0.475,0.5502365247411687,5.0,5.4,4.6,5.0
rf,signo_zodiacal_cancer,152,0.5,0.6,0.5928138528138527,0.62,0.5906926406926407,0.641,0.6764486330662802,6.2,4.2,5.8,3.8
rf,signo_zodiacal_cancer,153,0.5,0.54,0.5607575757575758,0.52,0.5262857142857144,0.5429999999999999,0.6019026692261986,5.2,4.4,5.6,4.8
rf,signo_zodiacal_cancer,154,0.5,0.5599999999999999,0.5785714285714285,0.5599999999999999,0.5553827751196172,0.583,0.6455126713671605,5.6,4.4,5.6,4.4
rf,signo_zodiacal_cancer,155,0.5,0.47000000000000003,0.46590909090909094,0.38,0.415499533146592,0.483,0.5377268293282225,3.8,4.4,5.6,6.2
rf,signo_zodiacal_cancer,156,0.5,0.51,0.5072727272727272,0.52,0.5117460317460317,0.538,0.5873643568333972,5.2,5.0,5.0,4.8
rf,signo_zodiacal_cancer,157,0.5,0.5800000000000001,0.563986013986014,0.62,0.5874785778675939,0.554,0.5821259002435473,6.2,4.6,5.4,3.8
rf,signo_zodiacal_cancer,158,0.5,0.52,0.5573076923076924,0.48,0.5021256038647344,0.479,0.5635079185520361,4.8,4.4,5.6,5.2
rf,signo_zodiacal_cancer,159,0.5,0.49000000000000005,0.4862087912087912,0.54,0.5069565217391304,0.51,0.5826880070394002,5.4,5.6,4.4,4.6
rf,signo_zodiacal_cancer,160,0.5,0.48,0.47726440226440225,0.5599999999999999,0.511707133446264,0.406,0.4740352425352425,5.6,6.0,4.0,4.4
rf,signo_zodiacal_cancer,161,0.5,0.39,0.39701298701298704,0.38,0.38437510889523274,0.371,0.4878208593092494,3.8,6.0,4.0,6.2
rf,signo_zodiacal_cancer,162,0.5,0.47000000000000003,0.4575757575757575,0.38,0.4091269841269841,0.524,0.5919695827048768,3.8,4.4,5.6,6.2
rf,signo_zodiacal_cancer,163,0.5,0.55,0.5471139971139971,0.52,0.5278231228695625,0.5199999999999999,0.5704674975866926,5.2,4.2,5.8,4.8
rf,signo_zodiacal_cancer,164,0.5,0.5800000000000001,0.5738344988344989,0.64,0.6008908965430704,0.6060000000000001,0.6223283803399902,6.4,4.8,5.2,3.6
rf,signo_zodiacal_cancer,165,0.5,0.55,0.5358441558441558,0.52,0.4966666666666666,0.5509999999999999,0.598253551573985,5.2,4.2,5.8,4.8
rf,signo_zodiacal_cancer,166,0.5,0.53,0.5288961038961039,0.5199999999999999,0.5193616840675663,0.562,0.6095456512871373,5.2,4.6,5.4,4.8
rf,signo_zodiacal_cancer,167,0.5,0.52,0.5153846153846153,0.5399999999999999,0.5218408339689804,0.5079999999999999,0.5802165138782786,5.4,5.0,5.0,4.6
rf,signo_zodiacal_cancer,168,0.5,0.41,0.42009768009768,0.4,0.40528469511374343,0.404,0.5031313794564568,4.0,5.8,4.2,6.0
rf,signo_zodiacal_cancer,169,0.5,0.5,0.5055555555555555,0.45999999999999996,0.47643540669856466,0.547,0.5675888431314128,4.6,4.6,5.4,5.4
rf,signo_zodiacal_cancer,170,0.5,0.45999999999999996,0.47000000000000003,0.5599999999999999,0.5097233201581027,0.499,0.6010177245355264,5.6,6.4,3.6,4.4
rf,signo_zodiacal_cancer,171,0.5,0.42000000000000004,0.42878787878787883,0.48,0.4528138528138528,0.391,0.5040630482348749,4.8,6.4,3.6,5.2
rf,signo_zodiacal_cancer,172,0.5,0.48,0.4934981684981685,0.4800000000000001,0.4795706424862435,0.454,0.5463418834347628,4.8,5.2,4.8,5.2
rf,signo_zodiacal_cancer,173,0.5,0.49000000000000005,0.5044444444444445,0.34,0.3890238416554206,0.504,0.572734237554671,3.4,3.6,6.4,6.6
rf,signo_zodiacal_cancer,174,0.5,0.45,0.4444444444444445,0.5,0.469377990430622,0.45899999999999996,0.5283735416630153,5.0,6.0,4.0,5.0
rf,signo_zodiacal_cancer,175,0.5,0.55,0.5331468531468531,0.54,0.5304358722894192,0.506,0.5418510003068827,5.4,4.4,5.6,4.6
rf,signo_zodiacal_cancer,176,0.5,0.45,0.4111111111111111,0.36000000000000004,0.3782429558745348,0.49499999999999994,0.5900154392391234,3.6,4.6,5.4,6.4
rf,signo_zodiacal_cancer,177,0.5,0.6,0.5873626373626373,0.6799999999999999,0.6260522848623535,0.6279999999999999,0.6951774887479221,6.8,4.8,5.2,3.2
rf,signo_zodiacal_cancer,178,0.5,0.51,0.5244444444444445,0.43999999999999995,0.47415204678362566,0.458,0.548030341175852,4.4,4.2,5.8,5.6
rf,signo_zodiacal_cancer,179,0.5,0.53,0.5345238095238095,0.42000000000000004,0.4676470588235294,0.484,0.5473356889928097,4.2,3.6,6.4,5.8
rf,signo_zodiacal_cancer,180,0.5,0.51,0.4897435897435898,0.58,0.5243083003952569,0.516,0.5491800415786484,5.8,5.6,4.4,4.2
rf,signo_zodiacal_cancer,181,0.5,0.42000000000000004,0.39,0.36,0.3597777777777778,0.40700000000000003,0.4670022634743997,3.6,5.2,4.8,6.4
rf,signo_zodiacal_cancer,182,0.5,0.38,0.3702741702741702,0.36,0.3623926125474113,0.355,0.4674899715867208,3.6,6.0,4.0,6.4
rf,signo_zodiacal_cancer,183,0.5,0.5199999999999999,0.5114285714285713,0.4800000000000001,0.48438114895080836,0.537,0.6026649549281128,4.8,4.4,5.6,5.2
rf,signo_zodiacal_cancer,184,0.5,0.53,0.541025641025641,0.52,0.5217391304347826,0.51,0.5524428314203856,5.2,4.6,5.4,4.8
rf,signo_zodiacal_cancer,185,0.5,0.53,0.5111111111111111,0.42000000000000004,0.4560568086883876,0.5630000000000001,0.6203683426136986,4.2,3.6,6.4,5.8
rf,signo_zodiacal_cancer,186,0.5,0.47000000000000003,0.45396825396825397,0.33999999999999997,0.3876160990712075,0.4760000000000001,0.5495272515582112,3.4,4.0,6.0,6.6
rf,signo_zodiacal_cancer,187,0.5,0.5199999999999999,0.5277777777777778,0.52,0.5184210526315789,0.502,0.5837668420330959,5.2,4.8,5.2,4.8
rf,signo_zodiacal_cancer,188,0.5,0.4200000000000001,0.4149494949494949,0.4600000000000001,0.4315588972431078,0.442,0.5133661312028186,4.6,6.2,3.8,5.4
rf,signo_zodiacal_cancer,189,0.5,0.47000000000000003,0.47575757575757577,0.5,0.48557758031442244,0.44000000000000006,0.5382972701533072,5.0,5.6,4.4,5.0
rf,signo_zodiacal_cancer,190,0.5,0.6,0.5904545454545455,0.64,0.6054718614718615,0.597,0.6503035471580363,6.4,4.4,5.6,3.6
rf,signo_zodiacal_cancer,191,0.5,0.54,0.5465811965811966,0.4600000000000001,0.4892829900839054,0.529,0.575472118954317,4.6,3.8,6.2,5.4
rf,signo_zodiacal_cancer,192,0.5,0.43999999999999995,0.4059090909090909,0.42000000000000004,0.40675324675324676,0.40499999999999997,0.5397448776713483,4.2,5.4,4.6,5.8
rf,signo_zodiacal_cancer,193,0.5,0.5399999999999999,0.5225108225108225,0.5199999999999999,0.5107843137254902,0.538,0.5941177058235881,5.2,4.4,5.6,4.8
rf,signo_zodiacal_cancer,194,0.5,0.6300000000000001,0.6483838383838384,0.56,0.5838995215311005,0.6759999999999999,0.6760354629031099,5.6,3.0,7.0,4.4
rf,signo_zodiacal_cancer,195,0.5,0.61,0.635,0.52,0.5644444444444444,0.6780000000000002,0.7328423308717427,5.2,3.0,7.0,4.8
rf,signo_zodiacal_cancer,196,0.5,0.5,0.5095238095238095,0.48,0.4816596544150724,0.5720000000000001,0.5949227808655053,4.8,4.8,5.2,5.2
rf,signo_zodiacal_cancer,197,0.5,0.58,0.5895415695415696,0.5599999999999999,0.5617369510733355,0.562,0.5699410046437909,5.6,4.0,6.0,4.4
rf,signo_zodiacal_cancer,198,0.5,0.4,0.4006565656565657,0.4,0.3981635907951698,0.42699999999999994,0.5187335613303106,4.0,6.0,4.0,6.0
rf,signo_zodiacal_cancer,199,0.5,0.43999999999999995,0.4171428571428571,0.4,0.39857397504456327,0.41500000000000004,0.5135958692150642,4.0,5.2,4.8,6.0
rf,signo_zodiacal_cancer,200,0.5,0.52,0.5244444444444445,0.58,0.53534008097166,0.5489999999999999,0.5889605749427732,5.8,5.4,4.6,4.2
rf,signo_zodiacal_cancer,201,0.5,0.47000000000000003,0.46007326007326005,0.52,0.4812629399585921,0.493,0.5800809818836135,5.2,5.8,4.2,4.8
rf,signo_zodiacal_cancer,202,0.5,0.43000000000000005,0.4125396825396825,0.33999999999999997,0.3708840729274166,0.473,0.5104643479155863,3.4,4.8,5.2,6.6
rf,signo_zodiacal_cancer,203,0.5,0.47000000000000003,0.4613553113553113,0.48,0.4495859213250517,0.438,0.5395480901966969,4.8,5.4,4.6,5.2
rf,signo_zodiacal_cancer,204,0.5,0.55,0.5321367521367522,0.5599999999999999,0.5348810762083074,0.599,0.6535537899493008,5.6,4.6,5.4,4.4
rf,signo_zodiacal_cancer,205,0.5,0.47000000000000003,0.4572222222222222,0.48,0.4654226475279106,0.449,0.5251904941463765,4.8,5.4,4.6,5.2
rf,signo_zodiacal_cancer,206,0.5,0.43,0.43212121212121213,0.48,0.4492698412698412,0.40800000000000003,0.5057405937715534,4.8,6.2,3.8,5.2
rf,signo_zodiacal_cancer,207,0.5,0.52,0.5319047619047619,0.45999999999999996,0.4880332739156268,0.503,0.5646795334868091,4.6,4.2,5.8,5.4
rf,signo_zodiacal_cancer,208,0.5,0.53,0.5222999222999223,0.5,0.502681255568589,0.545,0.6075038839729242,5.0,4.4,5.6,5.0
rf,signo_zodiacal_cancer,209,0.5,0.45999999999999996,0.4613986013986014,0.5,0.4786335403726708,0.5080000000000001,0.5775931656063236,5.0,5.8,4.2,5.0
rf,signo_zodiacal_cancer,210,0.5,0.5,0.505,0.52,0.5030769230769231,0.48900000000000005,0.513565027507752,5.2,5.2,4.8,4.8
rf,signo_zodiacal_cancer,211,0.5,0.51,0.52,0.5,0.479896480331263,0.5599999999999999,0.638022762153567,5.0,4.8,5.2,5.0
rf,signo_zodiacal_cancer,212,0.5,0.52,0.4719780219780219,0.48,0.4599596818132287,0.576,0.6230963650212875,4.8,4.4,5.6,5.2
rf,signo_zodiacal_cancer,213,0.5,0.49000000000000005,0.4976190476190476,0.38,0.4072489601901367,0.434,0.5192607778358551,3.8,4.0,6.0,6.2
rf,signo_zodiacal_cancer,214,0.5,0.52,0.5434065934065934,0.44000000000000006,0.4669305403320749,0.479,0.5642804165219026,4.4,4.0,6.0,5.6
rf,signo_zodiacal_cancer,215,0.5,0.5,0.5045299145299145,0.5,0.4944674433118369,0.4640000000000001,0.5343604183913782,5.0,5.0,5.0,5.0
rf,signo_zodiacal_cancer,216,0.5,0.47000000000000003,0.48202020202020207,0.45999999999999996,0.4603901420217209,0.496,0.5639169072241828,4.6,5.2,4.8,5.4
rf,signo_zodiacal_cancer,217,0.5,0.5599999999999999,0.5793192918192918,0.5799999999999998,0.565035153297369,0.521,0.5804643689643689,5.8,4.6,5.4,4.2
rf,signo_zodiacal_cancer,218,0.5,0.51,0.5126984126984128,0.38,0.4348641210870313,0.5640000000000001,0.588420213343588,3.8,3.6,6.4,6.2
rf,signo_zodiacal_cancer,219,0.5,0.5599999999999999,0.5515151515151515,0.58,0.5629148629148629,0.56,0.5914470698719925,5.8,4.6,5.4,4.2
rf,signo_zodiacal_cancer,220,0.5,0.58,0.6022727272727273,0.5799999999999998,0.5813725490196078,0.589,0.6620619201060377,5.8,4.2,5.8,4.2
rf,signo_zodiacal_cancer,221,0.5,0.41000000000000003,0.4188888888888888,0.45999999999999996,0.4369377990430622,0.3350000000000001,0.4400611565936643,4.6,6.4,3.6,5.4
rf,signo_zodiacal_cancer,222,0.5,0.52,0.5213986013986014,0.56,0.5386335403726707,0.496,0.5470489135047958,5.6,5.2,4.8,4.4
rf,signo_zodiacal_cancer,223,0.5,0.5599999999999999,0.561965811965812,0.5800000000000001,0.5668816309548574,0.5690000000000001,0.5848356431150549,5.8,4.6,5.4,4.2
rf,signo_zodiacal_cancer,224,0.5,0.4600000000000001,0.4504029304029304,0.42000000000000004,0.4286821914120339,0.483,0.5489453710204485,4.2,5.0,5.0,5.8
rf,signo_zodiacal_cancer,225,0.5,0.58,0.6000000000000001,0.54,0.5425324675324675,0.542,0.6019380074689671,5.4,3.8,6.2,4.6
rf,signo_zodiacal_cancer,226,0.5,0.63,0.6398268398268399,0.62,0.6249152292495945,0.634,0.652205729942572,6.2,3.6,6.4,3.8
rf,signo_zodiacal_cancer,227,0.5,0.6199999999999999,0.6627777777777778,0.52,0.56849548112706,0.658,0.6936120678427179,5.2,2.8,7.2,4.8
rf,signo_zodiacal_cancer,228,0.5,0.42000000000000004,0.40786324786324785,0.4,0.39855835240274595,0.42800000000000005,0.5093883157606068,4.0,5.6,4.4,6.0
rf,signo_zodiacal_cancer,229,0.5,0.55,0.536965811965812,0.5,0.5107678616831934,0.626,0.622982174688057,5.0,4.0,6.0,5.0
rf,signo_zodiacal_cancer,230,0.5,0.52,0.5157167832167832,0.58,0.5330474597865902,0.536,0.5705212630506749,5.8,5.4,4.6,4.2
rf,signo_zodiacal_cancer,231,0.5,0.42000000000000004,0.4217893217893218,0.44000000000000006,0.42555506413091554,0.342,0.46044422777085314,4.4,6.0,4.0,5.6
rf,signo_zodiacal_cancer,232,0.5,0.53,0.528993228993229,0.62,0.5677702160539688,0.506,0.5607422942554521,6.2,5.6,4.4,3.8
rf,signo_zodiacal_cancer,233,0.5,0.47000000000000003,0.4605555555555556,0.4,0.4253216374269006,0.45499999999999996,0.5121730589671766,4.0,4.6,5.4,6.0
rf,signo_zodiacal_cancer,234,0.5,0.45999999999999996,0.4590501165501165,0.58,0.5089565506956812,0.499,0.5442322450511305,5.8,6.6,3.4,4.2
rf,signo_zodiacal_cancer,235,0.5,0.56,0.5555444555444555,0.6000000000000001,0.5709104195037699,0.534,0.5861245216771532,6.0,4.8,5.2,4.0
rf,signo_zodiacal_cancer,236,0.5,0.48999999999999994,0.4737373737373738,0.4600000000000001,0.462781954887218,0.501,0.5647053214243616,4.6,4.8,5.2,5.4
rf,signo_zodiacal_cancer,237,0.5,0.49000000000000005,0.48686868686868684,0.52,0.4946725788831052,0.495,0.5189439249261232,5.2,5.4,4.6,4.8
rf,signo_zodiacal_cancer,238,0.5,0.49000000000000005,0.4977272727272727,0.48,0.48571428571428577,0.477,0.5369825544252789,4.8,5.0,5.0,5.2
rf,signo_zodiacal_cancer,239,0.5,0.44000000000000006,0.43470085470085473,0.4,0.4087109077040427,0.4050000000000001,0.5199181617316293,4.0,5.2,4.8,6.0
rf,signo_zodiacal_cancer,240,0.5,0.55,0.5494877344877345,0.5,0.5203331859059412,0.565,0.6433443968312389,5.0,4.0,6.0,5.0
rf,signo_zodiacal_cancer,241,0.5,0.47000000000000003,0.4948717948717949,0.43999999999999995,0.45845410628019323,0.418,0.5062818015318016,4.4,5.0,5.0,5.6
rf,signo_zodiacal_cancer,242,0.5,0.35,0.3371428571428571,0.34,0.3300891265597148,0.383,0.5233557118835757,3.4,6.4,3.6,6.6
rf,signo_zodiacal_cancer,243,0.5,0.44000000000000006,0.4500757575757576,0.48,0.4571994087783562,0.4079999999999999,0.47978884290803786,4.8,6.0,4.0,5.2
rf,signo_zodiacal_cancer,244,0.5,0.53,0.5184343434343435,0.5399999999999999,0.5266347687400319,0.522,0.585500626995983,5.4,4.8,5.2,4.6
rf,signo_zodiacal_cancer,245,0.5,0.53,0.5244155844155844,0.48,0.48948306595365415,0.5279999999999999,0.6497782305413884,4.8,4.2,5.8,5.2
rf,signo_zodiacal_cancer,246,0.5,0.45,0.4282539682539682,0.45999999999999996,0.4371640866873065,0.529,0.6094413821472646,4.6,5.6,4.4,5.4
rf,signo_zodiacal_cancer,247,0.5,0.48999999999999994,0.49510822510822505,0.6,0.5374153565732513,0.45299999999999996,0.5151090119031295,6.0,6.2,3.8,4.0
rf,signo_zodiacal_cancer,248,0.5,0.6,0.613986013986014,0.62,0.6101261057782796,0.595,0.6365531724897049,6.2,4.2,5.8,3.8
rf,signo_zodiacal_cancer,249,0.5,0.5200000000000001,0.5031746031746032,0.5000000000000001,0.49087719298245613,0.534,0.5892308426867251,5.0,4.6,5.4,5.0
rf,signo_zodiacal_cancer,250,0.5,0.5200000000000001,0.531948051948052,0.45999999999999996,0.48971055088702153,0.508,0.5947492697361119,4.6,4.2,5.8,5.4
rf,signo_zodiacal_cancer,251,0.5,0.58,0.6112878787878788,0.5599999999999999,0.5527228327228327,0.609,0.6708541437922243,5.6,4.0,6.0,4.4
rf,signo_zodiacal_cancer,252,0.5,0.54,0.5384065934065934,0.5,0.5123273657289003,0.523,0.5771953802131821,5.0,4.2,5.8,5.0
rf,signo_zodiacal_cancer,253,0.5,0.64,0.6472727272727272,0.6599999999999999,0.6445098039215686,0.693,0.7374215110654739,6.6,3.8,6.2,3.4
rf,signo_zodiacal_cancer,254,0.5,0.54,0.5567460317460318,0.5,0.5224925057742394,0.5189999999999999,0.5588618309794781,5.0,4.2,5.8,5.0
rf,signo_zodiacal_cancer,255,0.5,0.53,0.5257575757575758,0.5,0.5054473304473304,0.529,0.5710614734422784,5.0,4.4,5.6,5.0
rf,signo_zodiacal_cancer,256,0.5,0.5599999999999999,0.5554700854700855,0.5599999999999999,0.5492750156022467,0.5519999999999999,0.5882680164692549,5.6,4.4,5.6,4.4
rf,signo_zodiacal_cancer,257,0.5,0.59,0.6082539682539683,0.5,0.5459167526659786,0.65,0.6789178023558827,5.0,3.2,6.8,5.0
rf,signo_zodiacal_cancer,258,0.5,0.49000000000000005,0.5051948051948052,0.48,0.48347338935574236,0.51,0.5442468066848872,4.8,5.0,5.0,5.2
rf,signo_zodiacal_cancer,259,0.5,0.55,0.5520202020202021,0.5199999999999999,0.5290897698792436,0.554,0.558681830209694,5.2,4.2,5.8,4.8
rf,signo_zodiacal_cancer,260,0.5,0.51,0.5438383838383839,0.4,0.45282618310482087,0.525,0.5688376814963501,4.0,3.8,6.2,6.0
rf,signo_zodiacal_cancer,261,0.5,0.43999999999999995,0.43,0.34,0.370026581605529,0.457,0.5472775115321555,3.4,4.6,5.4,6.6
rf,signo_zodiacal_cancer,262,0.5,0.6300000000000001,0.6511111111111111,0.5599999999999999,0.5978947368421054,0.663,0.6623382407925751,5.6,3.0,7.0,4.4
rf,signo_zodiacal_cancer,263,0.5,0.43,0.42233766233766235,0.36,0.38530345471521943,0.41,0.5253586346573963,3.6,5.0,5.0,6.4
rf,signo_zodiacal_cancer,264,0.5,0.5,0.495952380952381,0.44000000000000006,0.4639422084623323,0.4379999999999999,0.5211256660436228,4.4,4.4,5.6,5.6
rf,signo_zodiacal_cancer,265,0.5,0.55,0.5766666666666667,0.48,0.5092222222222222,0.558,0.5831845660359593,4.8,3.8,6.2,5.2
rf,signo_zodiacal_cancer,266,0.5,0.43,0.34527777777777774,0.31999999999999995,0.31628879892037787,0.391,0.49207787577060025,3.2,4.6,5.4,6.8
rf,signo_zodiacal_cancer,267,0.5,0.45,0.4602597402597402,0.4,0.41725490196078435,0.476,0.5335781457104987,4.0,5.0,5.0,6.0
rf,signo_zodiacal_cancer,268,0.5,0.49000000000000005,0.46944444444444444,0.42000000000000004,0.4376458079244457,0.449,0.5200850344186259,4.2,4.4,5.6,5.8
rf,signo_zodiacal_cancer,269,0.5,0.49000000000000005,0.49408369408369407,0.43999999999999995,0.46303995282323457,0.5199999999999999,0.5944830992021395,4.4,4.6,5.4,5.6
rf,signo_zodiacal_cancer,270,0.5,0.53,0.5372222222222222,0.54,0.5353216374269005,0.5589999999999999,0.6076857196810758,5.4,4.8,5.2,4.6
rf,signo_zodiacal_cancer,271,0.5,0.43,0.4322222222222222,0.43999999999999995,0.4330994152046784,0.44700000000000006,0.5354235676604098,4.4,5.8,4.2,5.6
rf,signo_zodiacal_cancer,272,0.5,0.56,0.573926073926074,0.56,0.556880459693759,0.5369999999999999,0.615658803614686,5.6,4.4,5.6,4.4
rf,signo_zodiacal_cancer,273,0.5,0.5700000000000001,0.5724747474747475,0.5800000000000001,0.5730842257158046,0.5860000000000001,0.5978565476491172,5.8,4.4,5.6,4.2
rf,signo_zodiacal_cancer,274,0.5,0.6,0.5985314685314684,0.6599999999999999,0.621511387163561,0.5549999999999999,0.5796721050707119,6.6,4.6,5.4,3.4
rf,signo_zodiacal_cancer,275,0.5,0.53,0.5240981240981241,0.52,0.5182756356130969,0.55,0.604654566623607,5.2,4.6,5.4,4.8
rf,signo_zodiacal_cancer,276,0.5,0.41,0.32639860139860144,0.33999999999999997,0.32974465148378185,0.32899999999999996,0.44083943223958705,3.4,5.2,4.8,6.6
rf,signo_zodiacal_cancer,277,0.5,0.5599999999999999,0.5594444444444444,0.54,0.5473365231259967,0.546,0.6292476675371412,5.4,4.2,5.8,4.6
rf,signo_zodiacal_cancer,278,0.5,0.64,0.6851984126984128,0.5800000000000001,0.6042613320631898,0.6260000000000001,0.6855544265675844,5.8,3.0,7.0,4.2
rf,signo_zodiacal_cancer,279,0.5,0.5900000000000001,0.6066666666666667,0.5599999999999999,0.564,0.57,0.6147067083243554,5.6,3.8,6.2,4.4
rf,signo_zodiacal_cancer,280,0.5,0.45999999999999996,0.4815384615384616,0.5,0.48368286445012787,0.49000000000000005,0.5858316846552141,5.0,5.8,4.2,5.0
rf,signo_zodiacal_cancer,281,0.5,0.52,0.5194638694638696,0.6199999999999999,0.5645398080180689,0.45,0.5047902463034042,6.2,5.8,4.2,3.8
rf,signo_zodiacal_cancer,282,0.5,0.47000000000000003,0.4698412698412698,0.43999999999999995,0.4395629911883782,0.42300000000000004,0.506980908410475,4.4,5.0,5.0,5.6
rf,signo_zodiacal_cancer,283,0.5,0.51,0.5283694083694084,0.52,0.517095680377414,0.5680000000000001,0.6520710647281855,5.2,5.0,5.0,4.8
rf,signo_zodiacal_cancer,284,0.5,0.5,0.5086136086136086,0.48,0.487855615167501,0.5449999999999999,0.5944725927667104,4.8,4.8,5.2,5.2
rf,signo_zodiacal_cancer,285,0.5,0.5900000000000001,0.586978021978022,0.64,0.6061835748792271,0.5810000000000001,0.6010318005008408,6.4,4.6,5.4,3.6
rf,signo_zodiacal_cancer,286,0.5,0.51,0.4986324786324786,0.52,0.5064988558352403,0.5120000000000001,0.5793267718693416,5.2,5.0,5.0,4.8
rf,signo_zodiacal_cancer,287,0.5,0.42000000000000004,0.4027272727272727,0.31999999999999995,0.3517460317460317,0.43000000000000005,0.4956566489066489,3.2,4.8,5.2,6.8
rf,signo_zodiacal_cancer,288,0.5,0.44000000000000006,0.43888888888888894,0.4600000000000001,0.447801321485532,0.346,0.4477229670054747,4.6,5.8,4.2,5.4
rf,signo_zodiacal_cancer,289,0.5,0.5700000000000001,0.5792207792207792,0.54,0.5390756302521008,0.6679999999999999,0.6855504736062011,5.4,4.0,6.0,4.6
rf,signo_zodiacal_cancer,290,0.5,0.52,0.5337662337662338,0.52,0.5224089635854342,0.593,0.6297119157072717,5.2,4.8,5.2,4.8
rf,signo_zodiacal_cancer,291,0.5,0.35,0.29714285714285715,0.24000000000000005,0.26007469654528476,0.362,0.4532986464000396,2.4,5.4,4.6,7.6
rf,signo_zodiacal_cancer,292,0.5,0.55,0.5640836940836941,0.5,0.5268996019460416,0.5820000000000001,0.6290850054658103,5.0,4.0,6.0,5.0
rf,signo_zodiacal_cancer,293,0.5,0.55,0.5729437229437229,0.5399999999999999,0.5495458789576436,0.587,0.6285722416558329,5.4,4.4,5.6,4.6
rf,signo_zodiacal_cancer,294,0.5,0.51,0.5253968253968253,0.45999999999999996,0.4792053663570691,0.52,0.5697593136138028,4.6,4.4,5.6,5.4
rf,signo_zodiacal_cancer,295,0.5,0.43999999999999995,0.45506493506493506,0.48,0.4636507936507936,0.43499999999999994,0.5356805731248456,4.8,6.0,4.0,5.2
rf,signo_zodiacal_cancer,296,0.5,0.51,0.55,0.48,0.4858051948051948,0.4379999999999999,0.505674642179286,4.8,4.6,5.4,5.2
rf,signo_zodiacal_cancer,297,0.5,0.52,0.5155555555555555,0.58,0.5413014354066985,0.475,0.5197905972596375,5.8,5.4,4.6,4.2
rf,signo_zodiacal_cancer,298,0.5,0.55,0.564047619047619,0.44000000000000006,0.49058823529411766,0.612,0.6834922287894424,4.4,3.4,6.6,5.6
rf,signo_zodiacal_cancer,299,0.5,0.38,0.3492857142857143,0.36,0.34888888888888886,0.336,0.449416696908183,3.6,6.0,4.0,6.4
rf,signo_zodiacal_cancer,300,0.5,0.49000000000000005,0.49028749028749025,0.5199999999999999,0.49451073335512696,0.46299999999999997,0.5078355610677592,5.2,5.4,4.6,4.8
rf,signo_zodiacal_cancer,301,0.5,0.47000000000000003,0.4869230769230769,0.45999999999999996,0.46311813790074663,0.461,0.5155309037367861,4.6,5.2,4.8,5.4
rf,signo_zodiacal_cancer,302,0.5,0.35,0.36303030303030304,0.4,0.3803463203463203,0.345,0.4751168682538651,4.0,7.0,3.0,6.0
rf,signo_zodiacal_cancer,303,0.5,0.5299999999999999,0.5256721056721056,0.5599999999999999,0.5402353710362864,0.569,0.6105914630605034,5.6,5.0,5.0,4.4
rf,signo_zodiacal_cancer,304,0.5,0.5800000000000001,0.6124242424242424,0.5599999999999999,0.5629824561403509,0.626,0.6733912090661317,5.6,4.0,6.0,4.4
rf,signo_zodiacal_cancer,305,0.5,0.56,0.5583838383838384,0.52,0.536374269005848,0.613,0.6613626630507434,5.2,4.0,6.0,4.8
rf,signo_zodiacal_cancer,306,0.5,0.51,0.5128571428571428,0.48,0.489281045751634,0.519,0.5739136321195144,4.8,4.6,5.4,5.2
rf,signo_zodiacal_cancer,307,0.5,0.54,0.5647435897435897,0.52,0.5117800074321813,0.525,0.5684126669683945,5.2,4.4,5.6,4.8
rf,signo_zodiacal_cancer,308,0.5,0.5,0.46645021645021656,0.5000000000000001,0.46518481518481514,0.4,0.462888520578149,5.0,5.0,5.0,5.0
rf,signo_zodiacal_cancer,309,0.5,0.58,0.5906959706959707,0.5599999999999999,0.5623389909323413,0.54,0.5974741154957874,5.6,4.0,6.0,4.4
rf,signo_zodiacal_cancer,310,0.5,0.44000000000000006,0.42666666666666664,0.34,0.3738888888888888,0.46699999999999997,0.5491057722806948,3.4,4.6,5.4,6.6
rf,signo_zodiacal_cancer,311,0.5,0.42000000000000004,0.4068253968253968,0.4,0.3954537323701411,0.4109999999999999,0.5012433405947337,4.0,5.6,4.4,6.0
rf,signo_zodiacal_cancer,312,0.5,0.5199999999999999,0.5181818181818182,0.48,0.49327731092436977,0.534,0.5640872809680859,4.8,4.4,5.6,5.2
rf,signo_zodiacal_cancer,313,0.5,0.4600000000000001,0.44805194805194815,0.38,0.4067706029780333,0.5309999999999999,0.6218560934249788,3.8,4.6,5.4,6.2
rf,signo_zodiacal_cancer,314,0.5,0.55,0.5515151515151515,0.52,0.5326649958228906,0.5870000000000001,0.6247497949247175,5.2,4.2,5.8,4.8
rf,signo_zodiacal_cancer,315,0.5,0.5,0.48194805194805196,0.4600000000000001,0.4571708683473389,0.49000000000000005,0.5736477444124504,4.6,4.6,5.4,5.4
rf,signo_zodiacal_cancer,316,0.5,0.42000000000000004,0.4063131313131313,0.38,0.3914786967418546,0.418,0.492786258890748,3.8,5.4,4.6,6.2
rf,signo_zodiacal_cancer,317,0.5,0.45999999999999996,0.43292929292929294,0.4,0.41129490392648294,0.442,0.5094758323891451,4.0,4.8,5.2,6.0
rf,signo_zodiacal_cancer,318,0.5,0.43000000000000005,0.42404761904761906,0.33999999999999997,0.3653068500127324,0.476,0.5500184737862757,3.4,4.8,5.2,6.6
rf,signo_zodiacal_cancer,319,0.5,0.4800000000000001,0.4736013986013986,0.48,0.47311757655007086,0.5379999999999999,0.5925790746920778,4.8,5.2,4.8,5.2
rf,signo_zodiacal_cancer,320,0.5,0.49000000000000005,0.4867676767676768,0.52,0.501786283891547,0.513,0.6042163838913065,5.2,5.4,4.6,4.8
rf,signo_zodiacal_cancer,321,0.5,0.58,0.5900000000000001,0.58,0.5824242424242424,0.6050000000000001,0.6769887869268674,5.8,4.2,5.8,4.2
rf,signo_zodiacal_cancer,322,0.5,0.51,0.48090909090909084,0.44000000000000006,0.4532832080200501,0.508,0.5550054298127053,4.4,4.2,5.8,5.6
rf,signo_zodiacal_cancer,323,0.5,0.51,0.531060606060606,0.45999999999999996,0.47896825396825393,0.49499999999999994,0.5994416529462969,4.6,4.4,5.6,5.4
rf,signo_zodiacal_cancer,324,0.5,0.55,0.5668315018315019,0.58,0.5611059960215969,0.499,0.5375695493017474,5.8,4.8,5.2,4.2
rf,signo_zodiacal_cancer,325,0.5,0.37,0.34318681318681316,0.38,0.3566695083830634,0.32199999999999995,0.4659862282540301,3.8,6.4,3.6,6.2
rf,signo_zodiacal_cancer,326,0.5,0.57,0.5908791208791209,0.52,0.5459164535379368,0.555,0.5662926301424753,5.2,3.8,6.2,4.8
rf,signo_zodiacal_cancer,327,0.5,0.4,0.3921428571428572,0.34,0.35392156862745094,0.333,0.45964246357357813,3.4,5.4,4.6,6.6
rf,signo_zodiacal_cancer,328,0.5,0.41000000000000003,0.41256410256410253,0.44000000000000006,0.4155467720685112,0.39399999999999996,0.4669473688506196,4.4,6.2,3.8,5.6
rf,signo_zodiacal_cancer,329,0.5,0.54,0.5333333333333334,0.54,0.5323232323232323,0.567,0.5904608518416568,5.4,4.6,5.4,4.6
rf,signo_zodiacal_cancer,330,0.5,0.51,0.5435897435897435,0.5199999999999999,0.509467344249953,0.524,0.5751346904729258,5.2,5.0,5.0,4.8
rf,signo_zodiacal_cancer,331,0.5,0.52,0.5074758574758576,0.5999999999999999,0.5450436037392559,0.49499999999999994,0.5298596299641191,6.0,5.6,4.4,4.0
rf,signo_zodiacal_cancer,332,0.5,0.51,0.5222510822510822,0.52,0.5113112192245319,0.562,0.6201934644303065,5.2,5.0,5.0,4.8
rf,signo_zodiacal_cancer,333,0.5,0.5800000000000001,0.5867110667110668,0.5799999999999998,0.5769300489074348,0.559,0.6016356976356977,5.8,4.2,5.8,4.2
rf,signo_zodiacal_cancer,334,0.5,0.43000000000000005,0.4184415584415585,0.4,0.39766760037348275,0.42600000000000005,0.5010304895482914,4.0,5.4,4.6,6.0
rf,signo_zodiacal_cancer,335,0.5,0.29999999999999993,0.2924786324786325,0.30000000000000004,0.29432494279176197,0.25,0.4122302863115556,3.0,7.0,3.0,7.0
rf,signo_zodiacal_cancer,336,0.5,0.5,0.5325396825396825,0.4800000000000001,0.49176048409794537,0.524,0.565201324818972,4.8,4.8,5.2,5.2
rf,signo_zodiacal_cancer,337,0.5,0.43,0.44974747474747473,0.43999999999999995,0.44234829497987393,0.394,0.48007964464156416,4.4,5.8,4.2,5.6
rf,signo_zodiacal_cancer,338,0.5,0.5800000000000001,0.5872727272727273,0.5599999999999999,0.5624242424242424,0.541,0.5980461677125763,5.6,4.0,6.0,4.4
rf,signo_zodiacal_cancer,339,0.5,0.45999999999999996,0.4523809523809524,0.36000000000000004,0.40041279669762647,0.485,0.5558906166932482,3.6,4.4,5.6,6.4
rf,signo_zodiacal_cancer,340,0.5,0.5200000000000001,0.5139743589743591,0.4800000000000001,0.4849538866930171,0.548,0.5503372048488148,4.8,4.4,5.6,5.2
rf,signo_zodiacal_cancer,341,0.5,0.45999999999999996,0.4583333333333333,0.39999999999999997,0.42063492063492064,0.41600000000000004,0.5415054508614879,4.0,4.8,5.2,6.0
rf,signo_zodiacal_cancer,342,0.5,0.53,0.5668181818181819,0.44000000000000006,0.4832539682539682,0.5559999999999999,0.6236280678385941,4.4,3.8,6.2,5.6
rf,signo_zodiacal_cancer,343,0.5,0.5599999999999999,0.5811904761904761,0.48,0.5239628482972136,0.5399999999999999,0.6038512953334935,4.8,3.6,6.4,5.2
rf,signo_zodiacal_cancer,344,0.5,0.6,0.6064102564102564,0.64,0.6093856181956868,0.647,0.6685162414984396,6.4,4.4,5.6,3.6
rf,signo_zodiacal_cancer,345,0.5,0.42000000000000004,0.39074786324786326,0.44000000000000006,0.40346652584638854,0.392,0.46300529209352737,4.4,6.0,4.0,5.6
rf,signo_zodiacal_cancer,346,0.5,0.43,0.42777777777777776,0.44000000000000006,0.43157894736842106,0.489,0.5732249451614777,4.4,5.8,4.2,5.6
rf,signo_zodiacal_cancer,347,0.5,0.5,0.5051948051948052,0.5599999999999999,0.5116483516483517,0.524,0.5978894367586317,5.6,5.6,4.4,4.4
rf,signo_zodiacal_cancer,348,0.5,0.43,0.40606060606060607,0.36,0.3761904761904762,0.381,0.466990217127214,3.6,5.0,5.0,6.4
rf,signo_zodiacal_cancer,349,0.5,0.44000000000000006,0.4125252525252526,0.4,0.4023057644110276,0.471,0.5557172333170786,4.0,5.2,4.8,6.0
rf,signo_zodiacal_cancer,350,0.5,0.47000000000000003,0.4579004329004329,0.44000000000000006,0.4447044527539884,0.475,0.5346255668136474,4.4,5.0,5.0,5.6
rf,signo_zodiacal_cancer,351,0.5,0.45999999999999996,0.457979797979798,0.42000000000000004,0.43627401837928154,0.4619999999999999,0.5283791928745488,4.2,5.0,5.0,5.8
rf,signo_zodiacal_cancer,352,0.5,0.36,0.34329004329004326,0.38,0.35612326270221006,0.32,0.4510688668057089,3.8,6.6,3.4,6.2
rf,signo_zodiacal_cancer,353,0.5,0.55,0.5598051948051948,0.58,0.5653968253968253,0.58,0.6413234871423726,5.8,4.8,5.2,4.2
rf,signo_zodiacal_cancer,354,0.5,0.5000000000000001,0.488095238095238,0.34,0.3827349121466769,0.5149999999999999,0.5610712775356739,3.4,3.4,6.6,6.6
rf,signo_zodiacal_cancer,355,0.5,0.57,0.5626262626262626,0.5800000000000001,0.5681780208095997,0.5970000000000001,0.6251596432463306,5.8,4.4,5.6,4.2
rf,signo_zodiacal_cancer,356,0.5,0.5800000000000001,0.5666666666666667,0.5199999999999999,0.5369750132908028,0.552,0.6059973262032086,5.2,3.6,6.4,4.8
rf,signo_zodiacal_cancer,357,0.5,0.53,0.5161421911421911,0.6,0.5517033690946734,0.5439999999999999,0.5845407180538759,6.0,5.4,4.6,4.0
rf,signo_zodiacal_cancer,358,0.5,0.4800000000000001,0.4662337662337662,0.36,0.39626517273576095,0.47700000000000004,0.5827471346163297,3.6,4.0,6.0,6.4
rf,signo_zodiacal_cancer,359,0.5,0.5599999999999999,0.5565079365079365,0.52,0.5326716077180473,0.571,0.6294013820716607,5.2,4.0,6.0,4.8
rf,signo_zodiacal_cancer,360,0.5,0.47000000000000003,0.4665909090909091,0.5599999999999999,0.49422044622044625,0.5189999999999999,0.5742381590717504,5.6,6.2,3.8,4.4
rf,signo_zodiacal_cancer,361,0.5,0.5599999999999999,0.5546464646464646,0.5800000000000001,0.565768967874231,0.578,0.6291772161447085,5.8,4.6,5.4,4.2
rf,signo_zodiacal_cancer,362,0.5,0.45999999999999996,0.4625,0.5,0.4727716727716727,0.409,0.4810589882253969,5.0,5.8,4.2,5.0
rf,signo_zodiacal_cancer,363,0.5,0.51,0.5073076923076923,0.5199999999999999,0.5089942907334211,0.491,0.5459912689649531,5.2,5.0,5.0,4.8
rf,signo_zodiacal_cancer,364,0.5,0.49000000000000005,0.4685714285714286,0.42000000000000004,0.4204761904761905,0.45599999999999996,0.5213181538963273,4.2,4.4,5.6,5.8
rf,signo_zodiacal_cancer,365,0.5,0.51,0.5269230769230769,0.56,0.5389045736871825,0.532,0.5556397866839043,5.6,5.4,4.6,4.4
rf,signo_zodiacal_cancer,366,0.5,0.48,0.4653679653679653,0.44000000000000006,0.44675860774931986,0.6040000000000001,0.6678239691165387,4.4,4.8,5.2,5.6
rf,signo_zodiacal_cancer,367,0.5,0.6,0.5997474747474747,0.6,0.5973266499582288,0.629,0.6586499127807178,6.0,4.0,6.0,4.0
rf,signo_zodiacal_cancer,368,0.5,0.39999999999999997,0.3907203907203907,0.38,0.3789326839535482,0.39299999999999996,0.4785423481747011,3.8,5.8,4.2,6.2
rf,signo_zodiacal_cancer,369,0.5,0.6,0.6299422799422799,0.5199999999999999,0.5517617573345127,0.563,0.6013287715036941,5.2,3.2,6.8,4.8
rf,signo_zodiacal_cancer,370,0.5,0.48,0.47424242424242424,0.54,0.4991596638655462,0.43899999999999995,0.4909148639458237,5.4,5.8,4.2,4.6
rf,signo_zodiacal_cancer,371,0.5,0.54,0.5521367521367522,0.6,0.5679113792386103,0.549,0.5857577977577978,6.0,5.2,4.8,4.0
rf,signo_zodiacal_cancer,372,0.5,0.55,0.5379797979797979,0.6,0.5608396749449381,0.515,0.5518934111124513,6.0,5.0,5.0,4.0
rf,signo_zodiacal_cancer,373,0.5,0.44000000000000006,0.42233766233766235,0.48,0.4419047619047619,0.438,0.4869692986751811,4.8,6.0,4.0,5.2
rf,signo_zodiacal_cancer,374,0.5,0.48,0.47853535353535354,0.5,0.48621553884711777,0.491,0.5118473183163585,5.0,5.4,4.6,5.0
rf,signo_zodiacal_cancer,375,0.5,0.5499999999999999,0.5632478632478632,0.56,0.548932112890923,0.553,0.5648205399691467,5.6,4.6,5.4,4.4
rf,signo_zodiacal_cancer,376,0.5,0.43,0.4600000000000001,0.32,0.35692412850307587,0.43199999999999994,0.5227309912309912,3.2,4.6,5.4,6.8
rf,signo_zodiacal_cancer,377,0.5,0.54,0.5025000000000001,0.5599999999999999,0.5102376453955401,0.5690000000000001,0.586167683193999,5.6,4.8,5.2,4.4
rf,signo_zodiacal_cancer,378,0.5,0.47000000000000003,0.4743278943278943,0.48,0.4737379681086775,0.461,0.5236139689344024,4.8,5.4,4.6,5.2
rf,signo_zodiacal_cancer,379,0.5,0.5800000000000001,0.5868686868686869,0.5,0.5293233082706766,0.612,0.6384034278415084,5.0,3.4,6.6,5.0
rf,signo_zodiacal_cancer,380,0.5,0.41,0.4254545454545454,0.38,0.39238095238095233,0.425,0.5207779889529116,3.8,5.6,4.4,6.2
rf,signo_zodiacal_cancer,381,0.5,0.5599999999999999,0.5701298701298702,0.6,0.5767379679144385,0.596,0.613649356749202,6.0,4.8,5.2,4.0
rf,signo_zodiacal_cancer,382,0.5,0.5599999999999999,0.5566666666666666,0.52,0.5319786096256685,0.514,0.5911234723309027,5.2,4.0,6.0,4.8
rf,signo_zodiacal_cancer,383,0.5,0.55,0.5611111111111111,0.5199999999999999,0.5330409356725145,0.646,0.6639777973144845,5.2,4.2,5.8,4.8
rf,signo_zodiacal_cancer,384,0.5,0.5199999999999999,0.5158730158730158,0.42000000000000004,0.46164430684554525,0.585,0.57858556209872,4.2,3.8,6.2,5.8
rf,signo_zodiacal_cancer,385,0.5,0.45,0.43380952380952376,0.42000000000000004,0.42380523501266537,0.516,0.5713209927327574,4.2,5.2,4.8,5.8
rf,signo_zodiacal_cancer,386,0.5,0.41000000000000003,0.37326007326007327,0.33999999999999997,0.3484654731457801,0.41200000000000003,0.4603669631022572,3.4,5.2,4.8,6.6
rf,signo_zodiacal_cancer,387,0.5,0.49000000000000005,0.5113553113553113,0.5800000000000001,0.5304347826086957,0.46900000000000003,0.5474708830900781,5.8,6.0,4.0,4.2
rf,signo_zodiacal_cancer,388,0.5,0.47000000000000003,0.46590909090909094,0.4999999999999999,0.47688060731538995,0.458,0.5360446124223215,5.0,5.6,4.4,5.0
rf,signo_zodiacal_cancer,389,0.5,0.5700000000000001,0.6050000000000001,0.5599999999999999,0.5638647342995169,0.5730000000000001,0.6351826506826506,5.6,4.2,5.8,4.4
rf,signo_zodiacal_cancer,390,0.5,0.4600000000000001,0.45995670995671,0.43999999999999995,0.44620910565183014,0.46699999999999997,0.5509499197912511,4.4,5.2,4.8,5.6
rf,signo_zodiacal_cancer,391,0.5,0.42000000000000004,0.3664224664224664,0.34,0.34611993538834296,0.374,0.4543790037791585,3.4,5.0,5.0,6.6
rf,signo_zodiacal_cancer,392,0.5,0.42000000000000004,0.41526806526806526,0.45999999999999996,0.43420210605565296,0.36099999999999993,0.47208453740961487,4.6,6.2,3.8,5.4
rf,signo_zodiacal_cancer,393,0.5,0.51,0.5022727272727272,0.44000000000000006,0.4647058823529412,0.543,0.5782860570801748,4.4,4.2,5.8,5.6
rf,signo_zodiacal_cancer,394,0.5,0.45,0.45597069597069595,0.44000000000000006,0.42870265177009015,0.34900000000000003,0.45583264164456117,4.4,5.4,4.6,5.6
rf,signo_zodiacal_cancer,395,0.5,0.51,0.5235281385281386,0.54,0.5215577624989389,0.534,0.6064450049434569,5.4,5.2,4.8,4.6
rf,signo_zodiacal_cancer,396,0.5,0.49000000000000005,0.4996031746031747,0.5,0.49532163742690055,0.44799999999999995,0.5001570770131141,5.0,5.2,4.8,5.0
rf,signo_zodiacal_cancer,397,0.5,0.5,0.5077777777777778,0.5,0.502488038277512,0.489,0.548925338335555,5.0,5.0,5.0,5.0
rf,signo_zodiacal_cancer,398,0.5,0.44000000000000006,0.43797979797979797,0.43999999999999995,0.4384962406015037,0.39699999999999996,0.4964091001018245,4.4,5.6,4.4,5.6
rf,signo_zodiacal_cancer,399,0.5,0.42000000000000004,0.4312087912087912,0.4,0.4099630576868429,0.388,0.5400281232355535,4.0,5.6,4.4,6.0
rf,signo_zodiacal_cancer,400,0.5,0.47000000000000003,0.46333333333333326,0.44000000000000006,0.4426551226551226,0.39099999999999996,0.47634017839745385,4.4,5.0,5.0,5.6
rf,signo_zodiacal_cancer,401,0.5,0.53,0.532070707070707,0.52,0.5238930659983291,0.5730000000000001,0.5803822453776014,5.2,4.6,5.4,4.8
rf,signo_zodiacal_cancer,402,0.5,0.53,0.5421067821067822,0.52,0.5197841662980982,0.558,0.5963082528067049,5.2,4.6,5.4,4.8
rf,signo_zodiacal_cancer,403,0.5,0.53,0.5333333333333333,0.56,0.5449305080884028,0.5660000000000001,0.5983895799762673,5.6,5.0,5.0,4.4
rf,signo_zodiacal_cancer,404,0.5,0.49000000000000005,0.5033216783216783,0.54,0.5167011732229124,0.484,0.593453326515246,5.4,5.6,4.4,4.6
rf,signo_zodiacal_cancer,405,0.5,0.48,0.48,0.4600000000000001,0.4674534821903243,0.47000000000000003,0.5378756358021064,4.6,5.0,5.0,5.4
rf,signo_zodiacal_cancer,406,0.5,0.61,0.5867909867909868,0.68,0.6274817478478806,0.641,0.6613734223293047,6.8,4.6,5.4,3.2
rf,signo_zodiacal_cancer,407,0.5,0.49000000000000005,0.4791763791763792,0.45999999999999996,0.46278558715629653,0.497,0.5927835846643896,4.6,4.8,5.2,5.4
rf,signo_zodiacal_cancer,408,0.5,0.51,0.5240537240537241,0.45999999999999996,0.48120541122627547,0.477,0.5268249157103646,4.6,4.4,5.6,5.4
rf,signo_zodiacal_cancer,409,0.5,0.51,0.5393939393939394,0.4600000000000001,0.4786511733880155,0.519,0.5783840516208938,4.6,4.4,5.6,5.4
rf,signo_zodiacal_cancer,410,0.5,0.41000000000000003,0.4144444444444445,0.31999999999999995,0.3529665071770335,0.37499999999999994,0.48850490256217816,3.2,5.0,5.0,6.8
rf,signo_zodiacal_cancer,411,0.5,0.6,0.6162698412698413,0.5,0.5512899896800827,0.594,0.6003985905735132,5.0,3.0,7.0,5.0
rf,signo_zodiacal_cancer,412,0.5,0.55,0.5286446886446885,0.5599999999999999,0.5339613526570048,0.5730000000000001,0.5744289219552379,5.6,4.6,5.4,4.4
rf,signo_zodiacal_cancer,413,0.5,0.45999999999999996,0.4733682983682984,0.4600000000000001,0.4575585042976348,0.44400000000000006,0.49874976880704436,4.6,5.4,4.6,5.4
rf,signo_zodiacal_cancer,414,0.5,0.43999999999999995,0.4288095238095238,0.38,0.40132782937736494,0.42700000000000005,0.5063769102414613,3.8,5.0,5.0,6.2
rf,signo_zodiacal_cancer,415,0.5,0.52,0.5202020202020202,0.5,0.5090225563909774,0.49499999999999994,0.5309888167388167,5.0,4.6,5.4,5.0
rf,signo_zodiacal_cancer,416,0.5,0.54,0.5353535353535352,0.52,0.5237335763651553,0.635,0.6307672764112392,5.2,4.4,5.6,4.8
rf,signo_zodiacal_cancer,417,0.5,0.48,0.4666666666666667,0.42000000000000004,0.43888888888888883,0.479,0.5822489932667951,4.2,4.6,5.4,5.8
rf,signo_zodiacal_cancer,418,0.5,0.57,0.5817460317460318,0.5599999999999999,0.5645370109766394,0.5350000000000001,0.6131177700868102,5.6,4.2,5.8,4.4
rf,signo_zodiacal_cancer,419,0.5,0.53,0.5304895104895104,0.5800000000000001,0.552919254658385,0.5650000000000001,0.6153176159925386,5.8,5.2,4.8,4.2
rf,signo_zodiacal_cancer,420,0.5,0.45,0.45272727272727276,0.48,0.46326118326118326,0.43100000000000005,0.527725154961997,4.8,5.8,4.2,5.2
rf,signo_zodiacal_cancer,421,0.5,0.53,0.530952380952381,0.52,0.5193701723113487,0.598,0.6378925769792643,5.2,4.6,5.4,4.8
rf,signo_zodiacal_cancer,422,0.5,0.5700000000000001,0.5822150072150072,0.6,0.5846282372598162,0.5820000000000001,0.5872667049153117,6.0,4.6,5.4,4.0
rf,signo_zodiacal_cancer,423,0.5,0.36000000000000004,0.3404761904761905,0.34,0.33298855427338403,0.38999999999999996,0.4901773510287442,3.4,6.2,3.8,6.6
rf,signo_zodiacal_cancer,424,0.5,0.48999999999999994,0.47714285714285715,0.37999999999999995,0.4094830659536542,0.5029999999999999,0.5413715451215452,3.8,4.0,6.0,6.2
rf,signo_zodiacal_cancer,425,0.5,0.5,0.5070202020202019,0.54,0.5146892873208662,0.51,0.558355301561184,5.4,5.4,4.6,4.6
rf,signo_zodiacal_cancer,426,0.5,0.5,0.5131868131868131,0.48,0.485819835180449,0.506,0.6046142756452354,4.8,4.8,5.2,5.2
rf,signo_zodiacal_cancer,427,0.5,0.6699999999999999,0.6599999999999999,0.7,0.6790476190476189,0.656,0.695881450850491,7.0,3.6,6.4,3.0
rf,signo_zodiacal_cancer,428,0.5,0.41,0.40435897435897433,0.42000000000000004,0.40186672214132174,0.383,0.483105600110244,4.2,6.0,4.0,5.8
rf,signo_zodiacal_cancer,429,0.5,0.54,0.5495970695970696,0.56,0.5419744245524297,0.565,0.5895579302018931,5.6,4.8,5.2,4.4
rf,signo_zodiacal_cancer,430,0.5,0.54,0.5415934065934065,0.4999999999999999,0.5140210287013357,0.5900000000000001,0.604588004530729,5.0,4.2,5.8,5.0
rf,signo_zodiacal_cancer,431,0.5,0.55,0.5569541569541571,0.5599999999999999,0.5554756456358286,0.5690000000000002,0.6003405925859486,5.6,4.6,5.4,4.4
rf,signo_zodiacal_cancer,432,0.5,0.55,0.5468531468531468,0.56,0.5460144927536231,0.565,0.6086408226276647,5.6,4.6,5.4,4.4
rf,signo_zodiacal_cancer,433,0.5,0.57,0.593968253968254,0.5399999999999999,0.5570278637770898,0.5469999999999999,0.6334028481838079,5.4,4.0,6.0,4.6
rf,signo_zodiacal_cancer,434,0.5,0.45999999999999996,0.4432900432900433,0.38,0.399917239623122,0.46299999999999997,0.518925786631669,3.8,4.6,5.4,6.2
rf,signo_zodiacal_cancer,435,0.5,0.5199999999999999,0.5084498834498834,0.5399999999999999,0.5138026224982747,0.561,0.6283455331218489,5.4,5.0,5.0,4.6
rf,signo_zodiacal_cancer,436,0.5,0.53,0.5476190476190477,0.4600000000000001,0.47323436797121,0.604,0.6354315400801469,4.6,4.0,6.0,5.4
rf,signo_zodiacal_cancer,437,0.5,0.5,0.502972582972583,0.4600000000000001,0.4777767949284978,0.44699999999999995,0.5230996970865391,4.6,4.6,5.4,5.4
rf,signo_zodiacal_cancer,438,0.5,0.49000000000000005,0.48409090909090907,0.43999999999999995,0.4593149540517961,0.43699999999999994,0.4859555069113893,4.4,4.6,5.4,5.6
rf,signo_zodiacal_cancer,439,0.5,0.47000000000000003,0.4542424242424243,0.44000000000000006,0.43900205058099795,0.458,0.5541102149484501,4.4,5.0,5.0,5.6
rf,signo_zodiacal_cancer,440,0.5,0.4699999999999999,0.4667099567099567,0.5,0.47393871487989137,0.481,0.5609246036041702,5.0,5.6,4.4,5.0
rf,signo_zodiacal_cancer,441,0.5,0.43,0.4259090909090909,0.42000000000000004,0.4219047619047619,0.445,0.5212670101656169,4.2,5.6,4.4,5.8
rf,signo_zodiacal_cancer,442,0.5,0.49000000000000005,0.4955844155844156,0.44000000000000006,0.4566946778711484,0.512,0.5749498556998557,4.4,4.6,5.4,5.6
rf,signo_zodiacal_cancer,443,0.5,0.58,0.5692507492507493,0.5800000000000001,0.5417391304347825,0.65,0.6830001344544687,5.8,4.2,5.8,4.2
rf,signo_zodiacal_cancer,444,0.5,0.58,0.5685314685314685,0.5800000000000001,0.5665113871635611,0.587,0.594012125731166,5.8,4.2,5.8,4.2
rf,signo_zodiacal_cancer,445,0.5,0.55,0.5706410256410257,0.54,0.5445498462889768,0.526,0.5770804740495142,5.4,4.4,5.6,4.6
rf,signo_zodiacal_cancer,446,0.5,0.45,0.44646464646464645,0.43999999999999995,0.44058631427052475,0.442,0.5354999924396209,4.4,5.4,4.6,5.6
rf,signo_zodiacal_cancer,447,0.5,0.44000000000000006,0.4353535353535354,0.4,0.41570593149540525,0.425,0.507420653477929,4.0,5.2,4.8,6.0
rf,signo_zodiacal_cancer,448,0.5,0.39,0.3947186147186147,0.38,0.3752202699261523,0.379,0.45455634235046,3.8,6.0,4.0,6.2
rf,signo_zodiacal_cancer,449,0.5,0.6,0.6100432900432899,0.6,0.5746120546120548,0.604,0.6118025728141827,6.0,4.0,6.0,4.0
rf,signo_zodiacal_cancer,450,0.5,0.51,0.4966666666666667,0.45999999999999996,0.4724774056353004,0.5069999999999999,0.5690348365085207,4.6,4.4,5.6,5.4
rf,signo_zodiacal_cancer,451,0.5,0.64,0.680952380952381,0.5599999999999999,0.6060394971385683,0.6880000000000001,0.7254918469902989,5.6,2.8,7.2,4.4
rf,signo_zodiacal_cancer,452,0.5,0.4800000000000001,0.49409340659340656,0.54,0.5041375788178857,0.45,0.49995938581542304,5.4,5.8,4.2,4.6
rf,signo_zodiacal_cancer,453,0.5,0.49000000000000005,0.4847619047619047,0.5199999999999999,0.49604278074866315,0.461,0.5507073131546816,5.2,5.4,4.6,4.8
rf,signo_zodiacal_cancer,454,0.5,0.5900000000000001,0.5965811965811966,0.5199999999999999,0.5414550869928444,0.533,0.5900454359881604,5.2,3.4,6.6,4.8
rf,signo_zodiacal_cancer,455,0.5,0.43,0.42488344988344984,0.41999999999999993,0.41829937161744946,0.413,0.5128487345987346,4.2,5.6,4.4,5.8
rf,signo_zodiacal_cancer,456,0.5,0.54,0.553968253968254,0.48,0.5123839009287925,0.626,0.6524222037852069,4.8,4.0,6.0,5.2
rf,signo_zodiacal_cancer,457,0.5,0.6300000000000001,0.6345238095238095,0.6,0.6078603371173031,0.72,0.7281152615873978,6.0,3.4,6.6,4.0
rf,signo_zodiacal_cancer,458,0.5,0.61,0.6477777777777778,0.54,0.5835964912280701,0.561,0.6167632561796649,5.4,3.2,6.8,4.6
rf,signo_zodiacal_cancer,459,0.5,0.43999999999999995,0.43090909090909085,0.32,0.35857142857142854,0.40099999999999997,0.5067010161321306,3.2,4.4,5.6,6.8
rf,signo_zodiacal_cancer,460,0.5,0.51,0.5002020202020202,0.4600000000000001,0.4708620034935825,0.49799999999999994,0.5626889129961885,4.6,4.4,5.6,5.4
rf,signo_zodiacal_cancer,461,0.5,0.4800000000000001,0.48,0.48,0.4709090909090909,0.44800000000000006,0.5054625521537286,4.8,5.2,4.8,5.2
rf,signo_zodiacal_cancer,462,0.5,0.4,0.41120879120879117,0.38,0.3899630576868428,0.3970000000000001,0.5283471847210237,3.8,5.8,4.2,6.2
rf,signo_zodiacal_cancer,463,0.5,0.53,0.5396969696969697,0.54,0.5276190476190475,0.5289999999999999,0.5853607030224677,5.4,4.8,5.2,4.6
rf,signo_zodiacal_cancer,464,0.5,0.41,0.39161616161616164,0.34,0.35817878028404343,0.41900000000000004,0.4718751680895644,3.4,5.2,4.8,6.6
rf,signo_zodiacal_cancer,465,0.5,0.43,0.4138888888888889,0.38,0.39532163742690063,0.465,0.5422955557514382,3.8,5.2,4.8,6.2
rf,signo_zodiacal_cancer,466,0.5,0.54,0.5248351648351648,0.54,0.5287979539641945,0.554,0.6310881535045622,5.4,4.6,5.4,4.6
rf,signo_zodiacal_cancer,467,0.5,0.55,0.5590909090909091,0.54,0.5455988455988455,0.577,0.6060046522105346,5.4,4.4,5.6,4.6
rf,signo_zodiacal_cancer,468,0.5,0.49000000000000005,0.5023199023199023,0.5,0.4954282357835999,0.45600000000000007,0.5188996187850676,5.0,5.2,4.8,5.0
rf,signo_zodiacal_cancer,469,0.5,0.42000000000000004,0.4235897435897436,0.4,0.39634818270973876,0.39699999999999996,0.5122603344368051,4.0,5.6,4.4,6.0
rf,signo_zodiacal_cancer,470,0.5,0.53,0.5230769230769231,0.6000000000000001,0.5510962467484207,0.591,0.594336576392304,6.0,5.4,4.6,4.0
rf,signo_zodiacal_cancer,471,0.5,0.6299999999999999,0.6188589188589189,0.72,0.6614565068798479,0.6529999999999999,0.6641817218728984,7.2,4.6,5.4,2.8
rf,signo_zodiacal_cancer,472,0.5,0.5800000000000001,0.5876190476190476,0.58,0.5733333333333334,0.581,0.6173644662011535,5.8,4.2,5.8,4.2
rf,signo_zodiacal_cancer,473,0.5,0.5,0.48797979797979807,0.5599999999999998,0.5169268626110732,0.569,0.6104676695853166,5.6,5.6,4.4,4.4
rf,signo_zodiacal_cancer,474,0.5,0.5599999999999999,0.5525974025974025,0.54,0.5422969187675071,0.5650000000000001,0.6001727151417555,5.4,4.2,5.8,4.6
rf,signo_zodiacal_cancer,475,0.5,0.5599999999999999,0.5594877344877345,0.58,0.5639933166248955,0.5690000000000001,0.6257488965283082,5.8,4.6,5.4,4.2
rf,signo_zodiacal_cancer,476,0.5,0.54,0.5357226107226107,0.5599999999999999,0.5436271839017834,0.5589999999999999,0.5763254231148969,5.6,4.8,5.2,4.4
rf,signo_zodiacal_cancer,477,0.5,0.48,0.5085198135198136,0.45999999999999996,0.4731573498964803,0.466,0.5618797987358359,4.6,5.0,5.0,5.4
rf,signo_zodiacal_cancer,478,0.5,0.51,0.5275757575757576,0.5399999999999999,0.5228138528138528,0.48599999999999993,0.5608178139370089,5.4,5.2,4.8,4.6
rf,signo_zodiacal_cancer,479,0.5,0.52,0.5156288156288156,0.6,0.5514042022051175,0.569,0.6384709534531516,6.0,5.6,4.4,4.0
rf,signo_zodiacal_cancer,480,0.5,0.47000000000000003,0.48,0.36000000000000004,0.40704678362573105,0.465,0.5253135180093385,3.6,4.2,5.8,6.4
rf,signo_zodiacal_cancer,481,0.5,0.5,0.5111111111111111,0.5,0.49938080495356035,0.493,0.5833533502960748,5.0,5.0,5.0,5.0
rf,signo_zodiacal_cancer,482,0.5,0.45999999999999996,0.47326007326007336,0.4,0.42162336788262217,0.45600000000000007,0.5526541030349079,4.0,4.8,5.2,6.0
rf,signo_zodiacal_cancer,483,0.5,0.47000000000000003,0.5155555555555555,0.32,0.3672874493927125,0.45100000000000007,0.5347859999477647,3.2,3.8,6.2,6.8
rf,signo_zodiacal_cancer,484,0.5,0.5399999999999999,0.55,0.5399999999999999,0.5368686868686869,0.521,0.5715553022828564,5.4,4.6,5.4,4.6
rf,signo_zodiacal_cancer,485,0.5,0.43,0.4357264957264957,0.48,0.45395881006864985,0.42000000000000004,0.523635106723342,4.8,6.2,3.8,5.2
rf,signo_zodiacal_cancer,486,0.5,0.51,0.5020634920634921,0.44000000000000006,0.4599868655596209,0.484,0.5918903253609135,4.4,4.2,5.8,5.6
rf,signo_zodiacal_cancer,487,0.5,0.5700000000000001,0.5453663003663003,0.52,0.5166168074607972,0.6020000000000001,0.719574944061786,5.2,3.8,6.2,4.8
rf,signo_zodiacal_cancer,488,0.5,0.5000000000000001,0.4808802308802308,0.5,0.4871135056893571,0.5069999999999999,0.5587690154702538,5.0,5.0,5.0,5.0
rf,signo_zodiacal_cancer,489,0.5,0.5700000000000001,0.5854145854145855,0.5599999999999999,0.5644338894978281,0.541,0.5720497182556006,5.6,4.2,5.8,4.4
rf,signo_zodiacal_cancer,490,0.5,0.41,0.39999999999999997,0.32,0.3533625730994152,0.426,0.4977234236351883,3.2,5.0,5.0,6.8
rf,signo_zodiacal_cancer,491,0.5,0.5,0.5070526695526695,0.58,0.5310262836578625,0.48100000000000004,0.548309534205045,5.8,5.8,4.2,4.2
rf,signo_zodiacal_cancer,492,0.5,0.5599999999999999,0.5485714285714286,0.6,0.5684126984126985,0.523,0.5894394951453774,6.0,4.8,5.2,4.0
rf,signo_zodiacal_cancer,493,0.5,0.4699999999999999,0.47412587412587415,0.5,0.4837129054520359,0.42800000000000005,0.4984337514910271,5.0,5.6,4.4,5.0
rf,signo_zodiacal_cancer,494,0.5,0.55,0.5542857142857143,0.4600000000000001,0.49859133126934985,0.5369999999999999,0.5961293695984098,4.6,3.6,6.4,5.4
rf,signo_zodiacal_cancer,495,0.5,0.49000000000000005,0.49416666666666664,0.64,0.5543070263070263,0.502,0.5526532731973908,6.4,6.6,3.4,3.6
rf,signo_zodiacal_cancer,496,0.5,0.44000000000000006,0.46313131313131317,0.38,0.3950540687382792,0.40199999999999997,0.4859351569483149,3.8,5.0,5.0,6.2
rf,signo_zodiacal_cancer,497,0.5,0.5900000000000001,0.6035964035964037,0.64,0.6112592863232249,0.5980000000000001,0.6340779143457161,6.4,4.6,5.4,3.6
rf,signo_zodiacal_cancer,498,0.5,0.52,0.5076984126984126,0.4800000000000001,0.4896531882290397,0.48500000000000004,0.5572084777967131,4.8,4.4,5.6,5.2
rf,signo_zodiacal_cancer,499,0.5,0.5700000000000001,0.5612121212121212,0.64,0.5946666666666667,0.6369999999999999,0.6525499582117229,6.4,5.0,5.0,3.6
rf,signo_zodiacal_cancer,500,0.5,0.4600000000000001,0.45631313131313134,0.41999999999999993,0.43107199817726133,0.4109999999999999,0.49144826535693403,4.2,5.0,5.0,5.8
rf,signo_zodiacal_escorpio,1,0.5,0.5700000000000001,0.6036013986013986,0.5399999999999999,0.5547550034506556,0.665,0.6927840188707062,5.4,4.0,6.0,4.6
rf,signo_zodiacal_escorpio,2,0.5,0.43999999999999995,0.42764790764790767,0.4,0.41167035235146693,0.491,0.5789362771731192,4.0,5.2,4.8,6.0
rf,signo_zodiacal_escorpio,3,0.5,0.54,0.553138528138528,0.45999999999999996,0.49598506069094306,0.514,0.5660492818155356,4.6,3.8,6.2,5.4
rf,signo_zodiacal_escorpio,4,0.5,0.55,0.55,0.45999999999999996,0.4985380116959064,0.537,0.5622251529000755,4.6,3.6,6.4,5.4
rf,signo_zodiacal_escorpio,5,0.5,0.47000000000000003,0.4668686868686868,0.43999999999999995,0.4515956558061821,0.45,0.5991264605707329,4.4,5.0,5.0,5.6
rf,signo_zodiacal_escorpio,6,0.5,0.43999999999999995,0.4204761904761905,0.4,0.4063783344278701,0.38199999999999995,0.47268248890772113,4.0,5.2,4.8,6.0
rf,signo_zodiacal_escorpio,7,0.5,0.5599999999999999,0.5616161616161616,0.5599999999999999,0.5604010025062657,0.538,0.6036381394663127,5.6,4.4,5.6,4.4
rf,signo_zodiacal_escorpio,8,0.5,0.45,0.45566378066378066,0.45999999999999996,0.4533834586466165,0.46799999999999997,0.5574656269083513,4.6,5.6,4.4,5.4
rf,signo_zodiacal_escorpio,9,0.5,0.51,0.5070707070707071,0.45999999999999996,0.47667084377610697,0.5509999999999999,0.5679242495550545,4.6,4.4,5.6,5.4
rf,signo_zodiacal_escorpio,10,0.5,0.4600000000000001,0.4932167832167832,0.48,0.46196687370600414,0.45999999999999996,0.5608450183287644,4.8,5.6,4.4,5.2
rf,signo_zodiacal_escorpio,11,0.5,0.41,0.4066666666666666,0.44000000000000006,0.42133971291866035,0.40599999999999997,0.4859337314732052,4.4,6.2,3.8,5.6
rf,signo_zodiacal_escorpio,12,0.5,0.51,0.5129292929292929,0.54,0.5248302574618364,0.524,0.5957260707129127,5.4,5.2,4.8,4.6
rf,signo_zodiacal_escorpio,13,0.5,0.56,0.5493506493506494,0.5599999999999999,0.5515406162464986,0.5800000000000001,0.6254967891585539,5.6,4.4,5.6,4.4
rf,signo_zodiacal_escorpio,14,0.5,0.54,0.5434188034188034,0.52,0.527388761759471,0.524,0.6287841813329429,5.2,4.4,5.6,4.8
rf,signo_zodiacal_escorpio,15,0.5,0.49000000000000005,0.5027777777777778,0.4,0.44210526315789467,0.49300000000000005,0.5851214357537887,4.0,4.2,5.8,6.0
rf,signo_zodiacal_escorpio,16,0.5,0.45999999999999996,0.4817016317016317,0.52,0.48811405985319034,0.4049999999999999,0.4884799655109253,5.2,6.0,4.0,4.8
rf,signo_zodiacal_escorpio,17,0.5,0.53,0.5214285714285715,0.5199999999999999,0.5114316540013134,0.5050000000000001,0.5442975696474148,5.2,4.6,5.4,4.8
rf,signo_zodiacal_escorpio,18,0.5,0.53,0.5169191919191919,0.5399999999999999,0.525768967874231,0.5530000000000002,0.6021960147695442,5.4,4.8,5.2,4.6
rf,signo_zodiacal_escorpio,19,0.5,0.45999999999999996,0.42979797979797973,0.38,0.3969089390142021,0.47400000000000003,0.5477105050092667,3.8,4.6,5.4,6.2
rf,signo_zodiacal_escorpio,20,0.5,0.47000000000000003,0.4645299145299145,0.44000000000000006,0.44820747520976345,0.48100000000000004,0.5495494330231173,4.4,5.0,5.0,5.6
rf,signo_zodiacal_escorpio,21,0.5,0.47000000000000003,0.46904761904761905,0.4,0.4253862150920974,0.509,0.5620446650872346,4.0,4.6,5.4,6.0
rf,signo_zodiacal_escorpio,22,0.5,0.49000000000000005,0.49474747474747477,0.48,0.4855806182121971,0.46499999999999997,0.5367761229998071,4.8,5.0,5.0,5.2
rf,signo_zodiacal_escorpio,23,0.5,0.54,0.5526190476190476,0.42000000000000004,0.4749346405228758,0.599,0.6514904606916991,4.2,3.4,6.6,5.8
rf,signo_zodiacal_escorpio,24,0.5,0.51,0.5183838383838383,0.5,0.49848538011695903,0.585,0.6403931684930136,5.0,4.8,5.2,5.0
rf,signo_zodiacal_escorpio,25,0.5,0.49000000000000005,0.48590909090909096,0.52,0.50008658008658,0.526,0.5828762632276565,5.2,5.4,4.6,4.8
rf,signo_zodiacal_escorpio,26,0.5,0.51,0.530909090909091,0.42000000000000004,0.4552380952380952,0.4959999999999999,0.5243291030434993,4.2,4.0,6.0,5.8
rf,signo_zodiacal_escorpio,27,0.5,0.56,0.5631818181818182,0.6,0.5763492063492064,0.484,0.5423422416936349,6.0,4.8,5.2,4.0
rf,signo_zodiacal_escorpio,28,0.5,0.4800000000000001,0.5192857142857144,0.4,0.4419964349376114,0.542,0.588046543927349,4.0,4.4,5.6,6.0
rf,signo_zodiacal_escorpio,29,0.5,0.45,0.44333333333333336,0.43999999999999995,0.43422222222222223,0.38899999999999996,0.5040355859310968,4.4,5.4,4.6,5.6
rf,signo_zodiacal_escorpio,30,0.5,0.5,0.4980769230769231,0.5599999999999999,0.5217971014492754,0.48599999999999993,0.546936744799748,5.6,5.6,4.4,4.4
rf,signo_zodiacal_escorpio,31,0.5,0.47000000000000003,0.4403030303030303,0.45999999999999996,0.44536796536796536,0.47000000000000003,0.5438954097158432,4.6,5.2,4.8,5.4
rf,signo_zodiacal_escorpio,32,0.5,0.5700000000000001,0.594965034965035,0.5399999999999999,0.5506280193236714,0.651,0.6971530414030414,5.4,4.0,6.0,4.6
rf,signo_zodiacal_escorpio,33,0.5,0.5199999999999999,0.49111111111111116,0.45999999999999996,0.46314194577352474,0.5499999999999999,0.5993552548242951,4.6,4.2,5.8,5.4
rf,signo_zodiacal_escorpio,34,0.5,0.47000000000000003,0.48500000000000004,0.4,0.4288888888888889,0.44600000000000006,0.5180808646118245,4.0,4.6,5.4,6.0
rf,signo_zodiacal_escorpio,35,0.5,0.44000000000000006,0.45435897435897443,0.45999999999999996,0.4408970251716247,0.43099999999999994,0.5155463158272756,4.6,5.8,4.2,5.4
rf,signo_zodiacal_escorpio,36,0.5,0.42000000000000004,0.4268531468531469,0.44000000000000006,0.42558159232072273,0.417,0.5021711688724072,4.4,6.0,4.0,5.6
rf,signo_zodiacal_escorpio,37,0.5,0.5,0.4774358974358974,0.52,0.4908695652173913,0.513,0.5850676459763148,5.2,5.2,4.8,4.8
rf,signo_zodiacal_escorpio,38,0.5,0.5599999999999999,0.5661616161616162,0.5599999999999999,0.5604010025062657,0.575,0.6310700024949251,5.6,4.4,5.6,4.4
rf,signo_zodiacal_escorpio,39,0.5,0.53,0.48068376068376073,0.5599999999999999,0.5097322654462242,0.4720000000000001,0.5388696119841629,5.6,5.0,5.0,4.4
rf,signo_zodiacal_escorpio,40,0.5,0.36,0.3191142191142191,0.34,0.3279612073662417,0.31499999999999995,0.4450756112652397,3.4,6.2,3.8,6.6
rf,signo_zodiacal_escorpio,41,0.5,0.41999999999999993,0.4209090909090909,0.42000000000000004,0.4134603174603175,0.37,0.47683591451548113,4.2,5.8,4.2,5.8
rf,signo_zodiacal_escorpio,42,0.5,0.56,0.5506493506493506,0.6399999999999999,0.5904761904761904,0.567,0.6082816986934635,6.4,5.2,4.8,3.6
rf,signo_zodiacal_escorpio,43,0.5,0.47000000000000003,0.4619263089851325,0.54,0.4832054560954816,0.522,0.5796210152077025,5.4,6.0,4.0,4.6
rf,signo_zodiacal_escorpio,44,0.5,0.49000000000000005,0.4905555555555556,0.4800000000000001,0.4780818713450293,0.534,0.5875390965243905,4.8,5.0,5.0,5.2
rf,signo_zodiacal_escorpio,45,0.5,0.53,0.5620202020202021,0.45999999999999996,0.496641604010025,0.521,0.5687462723035478,4.6,4.0,6.0,5.4
rf,signo_zodiacal_escorpio,46,0.5,0.48,0.4772222222222222,0.44000000000000006,0.4571929824561403,0.502,0.5571555656246059,4.4,4.8,5.2,5.6
rf,signo_zodiacal_escorpio,47,0.5,0.56,0.5463636363636364,0.54,0.5409523809523809,0.563,0.6049536117477293,5.4,4.2,5.8,4.6
rf,signo_zodiacal_escorpio,48,0.5,0.41000000000000003,0.38131313131313127,0.33999999999999997,0.3560985797827903,0.45499999999999996,0.5263300490359313,3.4,5.2,4.8,6.6
rf,signo_zodiacal_escorpio,49,0.5,0.48,0.4810606060606061,0.48,0.4786967418546366,0.502,0.5591241346372925,4.8,5.2,4.8,5.2
rf,signo_zodiacal_escorpio,50,0.5,0.51,0.5116666666666666,0.42000000000000004,0.45897488820089444,0.493,0.5655036166963411,4.2,4.0,6.0,5.8
rf,signo_zodiacal_escorpio,51,0.5,0.5599999999999999,0.5451923076923076,0.64,0.5799242201988198,0.629,0.683489155839001,6.4,5.2,4.8,3.6
rf,signo_zodiacal_escorpio,52,0.5,0.41999999999999993,0.4083083583083583,0.44000000000000006,0.41968406251620677,0.39,0.5113941809824163,4.4,6.0,4.0,5.6
rf,signo_zodiacal_escorpio,53,0.5,0.42000000000000004,0.41797979797979795,0.44000000000000006,0.4275871496924128,0.476,0.5433803459182716,4.4,6.0,4.0,5.6
rf,signo_zodiacal_escorpio,54,0.5,0.44000000000000006,0.47017704517704517,0.52,0.4866641240783117,0.45199999999999996,0.557850559399321,5.2,6.4,3.6,4.8
rf,signo_zodiacal_escorpio,55,0.5,0.41,0.40606060606060607,0.25999999999999995,0.3063492063492063,0.41600000000000004,0.5095975336153356,2.6,4.4,5.6,7.4
rf,signo_zodiacal_escorpio,56,0.5,0.5,0.5002020202020202,0.5599999999999999,0.5170091896407685,0.508,0.5183155059594688,5.6,5.6,4.4,4.4
rf,signo_zodiacal_escorpio,57,0.5,0.55,0.543030303030303,0.6,0.5597099567099567,0.5210000000000001,0.5683714618714619,6.0,5.0,5.0,4.0
rf,signo_zodiacal_escorpio,58,0.5,0.45999999999999996,0.4652777777777778,0.44000000000000006,0.4408192426768277,0.399,0.4877360150169747,4.4,5.2,4.8,5.6
rf,signo_zodiacal_escorpio,59,0.5,0.42000000000000004,0.4057142857142857,0.31999999999999995,0.34856803327391567,0.375,0.4675951558761156,3.2,4.8,5.2,6.8
rf,signo_zodiacal_escorpio,60,0.5,0.49000000000000005,0.48888888888888893,0.44000000000000006,0.45777511961722483,0.533,0.6031714951714952,4.4,4.6,5.4,5.6
rf,signo_zodiacal_escorpio,61,0.5,0.5,0.49325396825396817,0.42000000000000004,0.4523219814241486,0.5730000000000001,0.6220211901961127,4.2,4.2,5.8,5.8
rf,signo_zodiacal_escorpio,62,0.5,0.5700000000000001,0.5605205905205906,0.6199999999999999,0.5865557173566327,0.608,0.6430725375415778,6.2,4.8,5.2,3.8
rf,signo_zodiacal_escorpio,63,0.5,0.45999999999999996,0.46571428571428575,0.52,0.487070707070707,0.4800000000000001,0.535613690832731,5.2,6.0,4.0,4.8
rf,signo_zodiacal_escorpio,64,0.5,0.45999999999999996,0.44603174603174606,0.4,0.4181380367138881,0.413,0.5075185307468589,4.0,4.8,5.2,6.0
rf,signo_zodiacal_escorpio,65,0.5,0.44000000000000006,0.42113386613386616,0.38,0.38851784191937644,0.413,0.5117428319015007,3.8,5.0,5.0,6.2
rf,signo_zodiacal_escorpio,66,0.5,0.5599999999999999,0.5599999999999999,0.6,0.5781818181818182,0.542,0.5688674093364495,6.0,4.8,5.2,4.0
rf,signo_zodiacal_escorpio,67,0.5,0.5599999999999999,0.6248051948051948,0.5,0.5266666666666666,0.608,0.6741980139743298,5.0,3.8,6.2,5.0
rf,signo_zodiacal_escorpio,68,0.5,0.39,0.39126984126984127,0.42000000000000004,0.40143540669856465,0.4050000000000001,0.5062392564435908,4.2,6.4,3.6,5.8
rf,signo_zodiacal_escorpio,69,0.5,0.38,0.3995604395604396,0.44000000000000006,0.4089130434782609,0.378,0.4570669048873383,4.4,6.8,3.2,5.6
rf,signo_zodiacal_escorpio,70,0.5,0.51,0.5298701298701298,0.45999999999999996,0.4879551820728292,0.513,0.5473612035539281,4.6,4.4,5.6,5.4
rf,signo_zodiacal_escorpio,71,0.5,0.47000000000000003,0.4722222222222222,0.36,0.38940533151059464,0.45099999999999996,0.5002514527955704,3.6,4.2,5.8,6.4
rf,signo_zodiacal_escorpio,72,0.5,0.59,0.6261904761904762,0.58,0.5881016042780749,0.645,0.7103561889606781,5.8,4.0,6.0,4.2
rf,signo_zodiacal_escorpio,73,0.5,0.52,0.5550349650349651,0.5,0.5062525879917185,0.504,0.5592110009873169,5.0,4.6,5.4,5.0
rf,signo_zodiacal_escorpio,74,0.5,0.55,0.5666666666666667,0.5199999999999999,0.5252791068580542,0.563,0.6129705217383237,5.2,4.2,5.8,4.8
rf,signo_zodiacal_escorpio,75,0.5,0.53,0.5311111111111111,0.6000000000000001,0.5604410235073851,0.5770000000000001,0.6351785795903442,6.0,5.4,4.6,4.0
rf,signo_zodiacal_escorpio,76,0.5,0.5900000000000001,0.5825840825840826,0.6399999999999999,0.603735565372394,0.5459999999999999,0.5841389531521111,6.4,4.6,5.4,3.6
rf,signo_zodiacal_escorpio,77,0.5,0.5700000000000001,0.6133333333333334,0.48,0.5220733652312599,0.5389999999999999,0.6000558783321941,4.8,3.4,6.6,5.2
rf,signo_zodiacal_escorpio,78,0.5,0.49000000000000005,0.47575757575757577,0.5599999999999999,0.5117604617604617,0.49000000000000005,0.5310078583267437,5.6,5.8,4.2,4.4
rf,signo_zodiacal_escorpio,79,0.5,0.5399999999999999,0.5561904761904761,0.5,0.5219426462770117,0.5349999999999999,0.6105529219662347,5.0,4.2,5.8,5.0
rf,signo_zodiacal_escorpio,80,0.5,0.5,0.5146320346320347,0.5,0.4964257703081233,0.473,0.5903240756491529,5.0,5.0,5.0,5.0
rf,signo_zodiacal_escorpio,81,0.5,0.58,0.6199999999999999,0.52,0.5492549555707451,0.55,0.5751652873270521,5.2,3.6,6.4,4.8
rf,signo_zodiacal_escorpio,82,0.5,0.49000000000000005,0.4717832167832167,0.45999999999999996,0.45602484472049687,0.4739999999999999,0.5111292128923708,4.6,4.8,5.2,5.4
rf,signo_zodiacal_escorpio,83,0.5,0.5,0.5007575757575757,0.5,0.4976456292245766,0.45499999999999996,0.4989766904062569,5.0,5.0,5.0,5.0
rf,signo_zodiacal_escorpio,84,0.5,0.5,0.4827272727272727,0.43999999999999995,0.45396825396825397,0.506,0.5533988968547792,4.4,4.4,5.6,5.6
rf,signo_zodiacal_escorpio,85,0.5,0.51,0.49072261072261075,0.52,0.4993581780538302,0.548,0.6075475743726517,5.2,5.0,5.0,4.8
rf,signo_zodiacal_escorpio,86,0.5,0.5599999999999999,0.5597222222222222,0.58,0.5600989653621232,0.619,0.647605372955218,5.8,4.6,5.4,4.2
rf,signo_zodiacal_escorpio,87,0.5,0.45,0.4443506493506494,0.42000000000000004,0.42868347338935575,0.379,0.5132328176639323,4.2,5.2,4.8,5.8
rf,signo_zodiacal_escorpio,88,0.5,0.5,0.5055555555555555,0.52,0.5069909622541201,0.542,0.59410178667222,5.2,5.2,4.8,4.8
rf,signo_zodiacal_escorpio,89,0.5,0.4800000000000001,0.4838383838383839,0.5,0.4885243411559201,0.42200000000000004,0.48378250301470105,5.0,5.4,4.6,5.0
rf,signo_zodiacal_escorpio,90,0.5,0.56,0.5686868686868687,0.52,0.5420217209690894,0.547,0.6339566848699976,5.2,4.0,6.0,4.8
rf,signo_zodiacal_escorpio,91,0.5,0.4,0.4094444444444445,0.45999999999999996,0.42588304093567253,0.40099999999999997,0.511271284872678,4.6,6.6,3.4,5.4
rf,signo_zodiacal_escorpio,92,0.5,0.45999999999999996,0.4632167832167832,0.56,0.5056728778467909,0.376,0.4671716745586715,5.6,6.4,3.6,4.4
rf,signo_zodiacal_escorpio,93,0.5,0.5800000000000001,0.5910378510378511,0.5599999999999999,0.5700444205142011,0.61,0.6484474563104594,5.6,4.0,6.0,4.4
rf,signo_zodiacal_escorpio,94,0.5,0.51,0.5111111111111111,0.6,0.5469547995863785,0.537,0.5535688729055602,6.0,5.8,4.2,4.0
rf,signo_zodiacal_escorpio,95,0.5,0.51,0.4980769230769231,0.52,0.5057971014492754,0.5469999999999999,0.6219831273817341,5.2,5.0,5.0,4.8
rf,signo_zodiacal_escorpio,96,0.5,0.48999999999999994,0.48999999999999994,0.5599999999999999,0.518909090909091,0.5279999999999999,0.5809322986954566,5.6,5.8,4.2,4.4
rf,signo_zodiacal_escorpio,97,0.5,0.4699999999999999,0.4761111111111111,0.45999999999999996,0.465465178096757,0.479,0.548989730427811,4.6,5.2,4.8,5.4
rf,signo_zodiacal_escorpio,98,0.5,0.5,0.49632034632034633,0.5,0.4948306595365419,0.549,0.6222629190554887,5.0,5.0,5.0,5.0
rf,signo_zodiacal_escorpio,99,0.5,0.5199999999999999,0.4901948051948052,0.5,0.4863492063492063,0.475,0.5670799966287582,5.0,4.6,5.4,5.0
rf,signo_zodiacal_escorpio,100,0.5,0.44000000000000006,0.450909090909091,0.4,0.4152380952380952,0.442,0.5151183636624813,4.0,5.2,4.8,6.0
rf,signo_zodiacal_escorpio,101,0.5,0.5,0.5111111111111111,0.4,0.4461988304093567,0.563,0.6193074660118004,4.0,4.0,6.0,6.0
rf,signo_zodiacal_escorpio,102,0.5,0.59,0.5916483516483516,0.5800000000000001,0.5764566379911649,0.534,0.5770285351902998,5.8,4.0,6.0,4.2
rf,signo_zodiacal_escorpio,103,0.5,0.38,0.36406593406593407,0.33999999999999997,0.3473486786018755,0.42800000000000005,0.5165332075904832,3.4,5.8,4.2,6.6
rf,signo_zodiacal_escorpio,104,0.5,0.4,0.3981313131313131,0.4,0.3970243791296423,0.429,0.5276607707737738,4.0,6.0,4.0,6.0
rf,signo_zodiacal_escorpio,105,0.5,0.4800000000000001,0.48015873015873023,0.45999999999999996,0.4667604840979454,0.487,0.5640717697335343,4.6,5.0,5.0,5.4
rf,signo_zodiacal_escorpio,106,0.5,0.43000000000000005,0.40515873015873016,0.32,0.3556759545923633,0.42800000000000005,0.5231922064863241,3.2,4.6,5.4,6.8
rf,signo_zodiacal_escorpio,107,0.5,0.54,0.5426190476190476,0.5399999999999999,0.5290267379679143,0.506,0.5558314916078073,5.4,4.6,5.4,4.6
rf,signo_zodiacal_escorpio,108,0.5,0.43,0.4491558441558442,0.42000000000000004,0.42563492063492064,0.39300000000000007,0.4905840830136496,4.2,5.6,4.4,5.8
rf,signo_zodiacal_escorpio,109,0.5,0.45999999999999996,0.46349206349206346,0.42000000000000004,0.43746755480501615,0.43400000000000005,0.5309291084732262,4.2,5.0,5.0,5.8
rf,signo_zodiacal_escorpio,110,0.5,0.6100000000000001,0.5935120435120436,0.6599999999999999,0.6223909576312322,0.593,0.6184332499286059,6.6,4.4,5.6,3.4
rf,signo_zodiacal_escorpio,111,0.5,0.45999999999999996,0.4576373626373627,0.4600000000000001,0.4533023327908238,0.45,0.5165155377817917,4.6,5.4,4.6,5.4
rf,signo_zodiacal_escorpio,112,0.5,0.43,0.4197802197802198,0.4,0.4046035805626598,0.487,0.5651630658643042,4.0,5.4,4.6,6.0
rf,signo_zodiacal_escorpio,113,0.5,0.5,0.5033333333333333,0.5,0.495,0.534,0.591075874074326,5.0,5.0,5.0,5.0
rf,signo_zodiacal_escorpio,114,0.5,0.54,0.5418026418026418,0.62,0.5712843982866865,0.491,0.508835542510465,6.2,5.4,4.6,3.8
rf,signo_zodiacal_escorpio,115,0.5,0.4600000000000001,0.4350505050505051,0.4,0.41304093567251454,0.43600000000000005,0.5051986901986902,4.0,4.8,5.2,6.0
rf,signo_zodiacal_escorpio,116,0.5,0.5900000000000001,0.5913636363636363,0.5399999999999999,0.5542857142857143,0.628,0.6230262586570636,5.4,3.6,6.4,4.6
rf,signo_zodiacal_escorpio,117,0.5,0.5599999999999999,0.555545843045843,0.64,0.5870177115028372,0.587,0.617364881850176,6.4,5.2,4.8,3.6
rf,signo_zodiacal_escorpio,118,0.5,0.54,0.5412301587301587,0.58,0.5487514343241898,0.542,0.5810182121799768,5.8,5.0,5.0,4.2
rf,signo_zodiacal_escorpio,119,0.5,0.35,0.3057575757575758,0.32,0.31145743145743143,0.365,0.4764815217462276,3.2,6.2,3.8,6.8
rf,signo_zodiacal_escorpio,120,0.5,0.49000000000000005,0.48690476190476184,0.38,0.42566219470244243,0.49499999999999994,0.5896266433944453,3.8,4.0,6.0,6.2
rf,signo_zodiacal_escorpio,121,0.5,0.5800000000000001,0.6131313131313132,0.5199999999999999,0.5564954051796157,0.589,0.6416968309468309,5.2,3.6,6.4,4.8
rf,signo_zodiacal_escorpio,122,0.5,0.48999999999999994,0.4961111111111111,0.44000000000000006,0.46584795321637423,0.446,0.5687501783562154,4.4,4.6,5.4,5.6
rf,signo_zodiacal_escorpio,123,0.5,0.59,0.5852447552447553,0.6399999999999999,0.605879917184265,0.533,0.5687454310395487,6.4,4.6,5.4,3.6
rf,signo_zodiacal_escorpio,124,0.5,0.52,0.5284126984126984,0.54,0.5257969790787128,0.53,0.6233193401885352,5.4,5.0,5.0,4.6
rf,signo_zodiacal_escorpio,125,0.5,0.4800000000000001,0.48317460317460326,0.48,0.47650999155643115,0.49800000000000005,0.5749883927561946,4.8,5.2,4.8,5.2
rf,signo_zodiacal_escorpio,126,0.5,0.52,0.5380952380952381,0.5,0.5104747162022705,0.539,0.6060637326210082,5.0,4.6,5.4,5.0
rf,signo_zodiacal_escorpio,127,0.5,0.55,0.5424242424242424,0.6799999999999999,0.6024938829286656,0.5,0.5321053558584519,6.8,5.8,4.2,3.2
rf,signo_zodiacal_escorpio,128,0.5,0.48999999999999994,0.47777777777777775,0.4600000000000001,0.46233386496544393,0.506,0.5468559028690608,4.6,4.8,5.2,5.4
rf,signo_zodiacal_escorpio,129,0.5,0.4800000000000001,0.4851948051948051,0.52,0.49511331805449454,0.5509999999999999,0.5910395905264327,5.2,5.6,4.4,4.8
rf,signo_zodiacal_escorpio,130,0.5,0.43000000000000005,0.4322222222222222,0.44000000000000006,0.43097076023391806,0.45899999999999996,0.570627049850734,4.4,5.8,4.2,5.6
rf,signo_zodiacal_escorpio,131,0.5,0.55,0.5666666666666667,0.5800000000000001,0.5672248803827752,0.567,0.5904756332418871,5.8,4.8,5.2,4.2
rf,signo_zodiacal_escorpio,132,0.5,0.41,0.4136363636363637,0.44000000000000006,0.42549555707450437,0.38599999999999995,0.495288210757251,4.4,6.2,3.8,5.6
rf,signo_zodiacal_escorpio,133,0.5,0.5,0.49520202020202025,0.4999999999999999,0.49177109440267336,0.504,0.577701982657865,5.0,5.0,5.0,5.0
rf,signo_zodiacal_escorpio,134,0.5,0.53,0.5024242424242424,0.4600000000000001,0.4687662337662338,0.49499999999999994,0.5485257083817455,4.6,4.0,6.0,5.4
rf,signo_zodiacal_escorpio,135,0.5,0.38999999999999996,0.37,0.32,0.3271111111111111,0.396,0.5088194207753032,3.2,5.4,4.6,6.8
rf,signo_zodiacal_escorpio,136,0.5,0.4600000000000001,0.4551165501165501,0.5,0.47360060229625445,0.483,0.5432641704700529,5.0,5.8,4.2,5.0
rf,signo_zodiacal_escorpio,137,0.5,0.53,0.5234498834498834,0.5800000000000001,0.5390248447204968,0.543,0.5645155379536184,5.8,5.2,4.8,4.2
rf,signo_zodiacal_escorpio,138,0.5,0.45,0.45071428571428573,0.27999999999999997,0.3416993464052288,0.44799999999999995,0.5135570154819382,2.8,3.8,6.2,7.2
rf,signo_zodiacal_escorpio,139,0.5,0.6,0.6079076479076478,0.62,0.6042435500515996,0.6379999999999999,0.6626518552826604,6.2,4.2,5.8,3.8
rf,signo_zodiacal_escorpio,140,0.5,0.5,0.5046536796536796,0.5,0.4964912280701753,0.493,0.5664272487917998,5.0,5.0,5.0,5.0
rf,signo_zodiacal_escorpio,141,0.5,0.54,0.5331313131313131,0.6,0.5615698336750968,0.5640000000000001,0.6024848293261605,6.0,5.2,4.8,4.0
rf,signo_zodiacal_escorpio,142,0.5,0.48999999999999994,0.4883333333333333,0.38,0.41833333333333333,0.48299999999999993,0.5372844008416763,3.8,4.0,6.0,6.2
rf,signo_zodiacal_escorpio,143,0.5,0.45,0.46424242424242423,0.5,0.4671269841269841,0.525,0.6088165343428502,5.0,6.0,4.0,5.0
rf,signo_zodiacal_escorpio,144,0.5,0.47000000000000003,0.48025641025641025,0.52,0.49584541062801935,0.484,0.5455997419333333,5.2,5.8,4.2,4.8
rf,signo_zodiacal_escorpio,145,0.5,0.48999999999999994,0.5333333333333333,0.38000000000000006,0.43555555555555553,0.46699999999999997,0.5800392683511879,3.8,4.0,6.0,6.2
rf,signo_zodiacal_escorpio,146,0.5,0.5700000000000001,0.5776923076923077,0.62,0.5856785243741766,0.576,0.6010549173049172,6.2,4.8,5.2,3.8
rf,signo_zodiacal_escorpio,147,0.5,0.51,0.49682539682539684,0.42000000000000004,0.4491847265221878,0.534,0.5722431812253793,4.2,4.0,6.0,5.8
rf,signo_zodiacal_escorpio,148,0.5,0.4699999999999999,0.45555555555555555,0.38,0.40087719298245605,0.41,0.4953833054630268,3.8,4.4,5.6,6.2
rf,signo_zodiacal_escorpio,149,0.5,0.47000000000000003,0.4851648351648352,0.48,0.476061870556419,0.43200000000000005,0.5006050626360223,4.8,5.4,4.6,5.2
rf,signo_zodiacal_escorpio,150,0.5,0.47000000000000003,0.46150793650793653,0.5199999999999999,0.4842105263157895,0.47400000000000003,0.5608811199120797,5.2,5.8,4.2,4.8
rf,signo_zodiacal_escorpio,151,0.5,0.5199999999999999,0.5378321678321678,0.54,0.535527950310559,0.537,0.5934267749794067,5.4,5.0,5.0,4.6
rf,signo_zodiacal_escorpio,152,0.5,0.58,0.5637606837606838,0.6799999999999999,0.6118627002288329,0.6179999999999999,0.6831026555144202,6.8,5.2,4.8,3.2
rf,signo_zodiacal_escorpio,153,0.5,0.52,0.5231746031746031,0.54,0.5095096716149348,0.587,0.6179475759019103,5.4,5.0,5.0,4.6
rf,signo_zodiacal_escorpio,154,0.5,0.5700000000000001,0.5737878787878788,0.6200000000000001,0.5910678210678211,0.539,0.5891806887642801,6.2,4.8,5.2,3.8
rf,signo_zodiacal_escorpio,155,0.5,0.35,0.3159035409035409,0.27999999999999997,0.29250123390317223,0.333,0.4654639445521799,2.8,5.8,4.2,7.2
rf,signo_zodiacal_escorpio,156,0.5,0.41999999999999993,0.4324475524475525,0.4,0.40869220151828844,0.40800000000000003,0.5138437689761218,4.0,5.6,4.4,6.0
rf,signo_zodiacal_escorpio,157,0.5,0.35,0.3464035964035964,0.38,0.3570312182844152,0.35,0.47555764256383454,3.8,6.8,3.2,6.2
rf,signo_zodiacal_escorpio,158,0.5,0.57,0.5785281385281384,0.5200000000000001,0.5348102877514643,0.55,0.5809061767266102,5.2,3.8,6.2,4.8
rf,signo_zodiacal_escorpio,159,0.5,0.55,0.5433766233766234,0.56,0.5426190476190476,0.5810000000000001,0.6707318135081293,5.6,4.6,5.4,4.4
rf,signo_zodiacal_escorpio,160,0.5,0.44000000000000006,0.44313131313131315,0.45999999999999996,0.4503577124629756,0.409,0.4933015328324927,4.6,5.8,4.2,5.4
rf,signo_zodiacal_escorpio,161,0.5,0.5,0.5,0.52,0.5079365079365079,0.543,0.6474985590604785,5.2,5.2,4.8,4.8
rf,signo_zodiacal_escorpio,162,0.5,0.5199999999999999,0.5274170274170273,0.48,0.4998820580863924,0.541,0.6020466575907752,4.8,4.4,5.6,5.2
rf,signo_zodiacal_escorpio,163,0.5,0.5,0.48888888888888893,0.42000000000000004,0.44643274853801174,0.44400000000000006,0.5108402065770486,4.2,4.2,5.8,5.8
rf,signo_zodiacal_escorpio,164,0.5,0.55,0.6090909090909091,0.58,0.5637492941840768,0.516,0.5768136575326979,5.8,4.8,5.2,4.2
rf,signo_zodiacal_escorpio,165,0.5,0.56,0.5650000000000001,0.5800000000000001,0.5692929292929293,0.5109999999999999,0.5410712514180007,5.8,4.6,5.4,4.2
rf,signo_zodiacal_escorpio,166,0.5,0.54,0.517979797979798,0.56,0.5252841193893826,0.5970000000000001,0.6410219488114225,5.6,4.8,5.2,4.4
rf,signo_zodiacal_escorpio,167,0.5,0.5199999999999999,0.5083333333333333,0.5599999999999999,0.5287878787878788,0.527,0.5560742672360319,5.6,5.2,4.8,4.4
rf,signo_zodiacal_escorpio,168,0.5,0.4800000000000001,0.49081196581196584,0.5,0.4918019686898405,0.44000000000000006,0.5415646308455907,5.0,5.4,4.6,5.0
rf,signo_zodiacal_escorpio,169,0.5,0.5,0.5166666666666666,0.58,0.5344194505185218,0.458,0.5276903401036528,5.8,5.8,4.2,4.2
rf,signo_zodiacal_escorpio,170,0.5,0.54,0.5504329004329005,0.5,0.5179356591121298,0.5509999999999999,0.6160928320045966,5.0,4.2,5.8,5.0
rf,signo_zodiacal_escorpio,171,0.5,0.47000000000000003,0.4704462204462204,0.56,0.5090641623822402,0.507,0.5530354639340708,5.6,6.2,3.8,4.4
rf,signo_zodiacal_escorpio,172,0.5,0.44000000000000006,0.41901154401154395,0.38,0.39643225711337166,0.458,0.5442510159259385,3.8,5.0,5.0,6.2
rf,signo_zodiacal_escorpio,173,0.5,0.5,0.4924963924963925,0.44000000000000006,0.46276475502481695,0.476,0.5401897546897547,4.4,4.4,5.6,5.6
rf,signo_zodiacal_escorpio,174,0.5,0.47000000000000003,0.4726190476190476,0.45999999999999996,0.4607843137254902,0.48900000000000005,0.5905216548157725,4.6,5.2,4.8,5.4
rf,signo_zodiacal_escorpio,175,0.5,0.45,0.44761904761904764,0.44000000000000006,0.4386152547143259,0.36900000000000005,0.4872394199367884,4.4,5.4,4.6,5.6
rf,signo_zodiacal_escorpio,176,0.5,0.5700000000000001,0.59,0.58,0.5708571428571428,0.599,0.6384459288561455,5.8,4.4,5.6,4.2
rf,signo_zodiacal_escorpio,177,0.5,0.53,0.538888888888889,0.54,0.5368421052631579,0.5609999999999999,0.6206768313385961,5.4,4.8,5.2,4.6
rf,signo_zodiacal_escorpio,178,0.5,0.42000000000000004,0.42185314685314684,0.44000000000000006,0.42815734989648035,0.4050000000000001,0.5203135110503532,4.4,6.0,4.0,5.6
rf,signo_zodiacal_escorpio,179,0.5,0.36000000000000004,0.347965367965368,0.36,0.3524471606824548,0.31700000000000006,0.4524433387390044,3.6,6.4,3.6,6.4
rf,signo_zodiacal_escorpio,180,0.5,0.4800000000000001,0.4631818181818182,0.45999999999999996,0.45968253968253964,0.47000000000000003,0.5335970038733197,4.6,5.0,5.0,5.4
rf,signo_zodiacal_escorpio,181,0.5,0.51,0.49318181818181817,0.52,0.5038505354294828,0.471,0.5110784760475162,5.2,5.0,5.0,4.8
rf,signo_zodiacal_escorpio,182,0.5,0.47000000000000003,0.47550505050505054,0.44000000000000006,0.4557226399331663,0.504,0.5827241749478591,4.4,5.0,5.0,5.6
rf,signo_zodiacal_escorpio,183,0.5,0.53,0.4907692307692308,0.54,0.5075362318840579,0.5559999999999999,0.6366208975063464,5.4,4.8,5.2,4.6
rf,signo_zodiacal_escorpio,184,0.5,0.6,0.5896031746031746,0.5599999999999999,0.5695462363573819,0.6,0.6144445527812401,5.6,3.6,6.4,4.4
rf,signo_zodiacal_escorpio,185,0.5,0.55,0.5523076923076923,0.58,0.5643478260869565,0.5690000000000001,0.6208506862934107,5.8,4.8,5.2,4.2
rf,signo_zodiacal_escorpio,186,0.5,0.5,0.47851204351204346,0.5599999999999999,0.5106270022883296,0.504,0.5588691210750034,5.6,5.6,4.4,4.4
rf,signo_zodiacal_escorpio,187,0.5,0.54,0.5398834498834498,0.64,0.5811744380714633,0.466,0.5168242221314977,6.4,5.6,4.4,3.6
rf,signo_zodiacal_escorpio,188,0.5,0.4,0.3753968253968254,0.3,0.33066735466116276,0.396,0.4796886077458833,3.0,5.0,5.0,7.0
rf,signo_zodiacal_escorpio,189,0.5,0.61,0.6098484848484848,0.62,0.6114528746107692,0.631,0.6796768035885683,6.2,4.0,6.0,3.8
rf,signo_zodiacal_escorpio,190,0.5,0.55,0.543030303030303,0.6599999999999999,0.5875848595848596,0.548,0.5957063089988786,6.6,5.6,4.4,3.4
rf,signo_zodiacal_escorpio,191,0.5,0.4800000000000001,0.4686013986013986,0.5,0.4778863165819688,0.55,0.6073648106279685,5.0,5.4,4.6,5.0
rf,signo_zodiacal_escorpio,192,0.5,0.5000000000000001,0.49757575757575756,0.5199999999999999,0.5079197994987469,0.4879999999999999,0.6053526928867486,5.2,5.2,4.8,4.8
rf,signo_zodiacal_escorpio,193,0.5,0.45,0.4256410256410256,0.42000000000000004,0.4188215102974828,0.48199999999999993,0.5951502776549217,4.2,5.2,4.8,5.8
rf,signo_zodiacal_escorpio,194,0.5,0.57,0.5844155844155845,0.5,0.5339869281045753,0.54,0.568080299387575,5.0,3.6,6.4,5.0
rf,signo_zodiacal_escorpio,195,0.5,0.53,0.525952380952381,0.56,0.5366932482721957,0.476,0.5193126034612103,5.6,5.0,5.0,4.4
rf,signo_zodiacal_escorpio,196,0.5,0.6,0.6045454545454545,0.6799999999999999,0.6321678321678321,0.66,0.666137602593485,6.8,4.8,5.2,3.2
rf,signo_zodiacal_escorpio,197,0.5,0.55,0.5444805194805195,0.5599999999999999,0.5458228905597327,0.5539999999999999,0.5529076735957541,5.6,4.6,5.4,4.4
rf,signo_zodiacal_escorpio,198,0.5,0.54,0.5285714285714286,0.58,0.5404634581105169,0.491,0.5358586964291299,5.8,5.0,5.0,4.2
rf,signo_zodiacal_escorpio,199,0.5,0.4,0.3678787878787879,0.32,0.3354761904761905,0.43100000000000005,0.4975337717837718,3.2,5.2,4.8,6.8
rf,signo_zodiacal_escorpio,200,0.5,0.5,0.4982828282828283,0.44000000000000006,0.463734335839599,0.46699999999999997,0.5644284599988934,4.4,4.4,5.6,5.6
rf,signo_zodiacal_escorpio,201,0.5,0.5700000000000001,0.5642857142857143,0.5800000000000001,0.5668449197860962,0.568,0.5991048750870732,5.8,4.4,5.6,4.2
rf,signo_zodiacal_escorpio,202,0.5,0.55,0.5488311688311688,0.5599999999999999,0.5498752228163992,0.617,0.6725408090361651,5.6,4.6,5.4,4.4
rf,signo_zodiacal_escorpio,203,0.5,0.48,0.4704040404040404,0.4600000000000001,0.4570243791296423,0.483,0.5561560979440237,4.6,5.0,5.0,5.4
rf,signo_zodiacal_escorpio,204,0.5,0.5599999999999999,0.5668099547511313,0.64,0.5913687600644122,0.575,0.6354619542823877,6.4,5.2,4.8,3.6
rf,signo_zodiacal_escorpio,205,0.5,0.49000000000000005,0.4976190476190476,0.48,0.48359133126934983,0.471,0.5695817444509395,4.8,5.0,5.0,5.2
rf,signo_zodiacal_escorpio,206,0.5,0.49000000000000005,0.5822222222222223,0.36000000000000004,0.39577884104199895,0.469,0.5146899010002726,3.6,3.8,6.2,6.4
rf,signo_zodiacal_escorpio,207,0.5,0.51,0.5194444444444445,0.5,0.5072833599149389,0.496,0.5800037272668852,5.0,4.8,5.2,5.0
rf,signo_zodiacal_escorpio,208,0.5,0.5199999999999999,0.48409090909090907,0.56,0.511344537815126,0.492,0.5338173854009768,5.6,5.2,4.8,4.4
rf,signo_zodiacal_escorpio,209,0.5,0.5700000000000001,0.5636363636363636,0.5599999999999999,0.555952380952381,0.538,0.5784003249932042,5.6,4.2,5.8,4.4
rf,signo_zodiacal_escorpio,210,0.5,0.5,0.5068181818181818,0.45999999999999996,0.4793650793650793,0.5369999999999999,0.5672800593799046,4.6,4.6,5.4,5.4
rf,signo_zodiacal_escorpio,211,0.5,0.61,0.613053613053613,0.62,0.5857620640229335,0.564,0.5938302633039475,6.2,4.0,6.0,3.8
rf,signo_zodiacal_escorpio,212,0.5,0.45,0.4543278943278943,0.48,0.4648490792197886,0.45,0.4990711412770237,4.8,5.8,4.2,5.2
rf,signo_zodiacal_escorpio,213,0.5,0.53,0.5042124542124543,0.5800000000000001,0.5316205533596838,0.6170000000000001,0.646699483523013,5.8,5.2,4.8,4.2
rf,signo_zodiacal_escorpio,214,0.5,0.54,0.5281385281385281,0.5199999999999999,0.5144194041252865,0.579,0.63756963152087,5.2,4.4,5.6,4.8
rf,signo_zodiacal_escorpio,215,0.5,0.53,0.5222222222222221,0.5,0.5034618632141852,0.497,0.5648949579831932,5.0,4.4,5.6,5.0
rf,signo_zodiacal_escorpio,216,0.5,0.41000000000000003,0.4242424242424242,0.44000000000000006,0.430166324903167,0.368,0.4672577038544531,4.4,6.2,3.8,5.6
rf,signo_zodiacal_escorpio,217,0.5,0.41,0.4066666666666666,0.36,0.374949494949495,0.402,0.4680652576697469,3.6,5.4,4.6,6.4
rf,signo_zodiacal_escorpio,218,0.5,0.51,0.5492773892773892,0.5,0.5087588536558788,0.492,0.556366459134261,5.0,4.8,5.2,5.0
rf,signo_zodiacal_escorpio,219,0.5,0.43,0.41948051948051945,0.44000000000000006,0.4219760631525338,0.43499999999999994,0.5001598313966735,4.4,5.8,4.2,5.6
rf,signo_zodiacal_escorpio,220,0.5,0.4699999999999999,0.4533333333333333,0.45999999999999996,0.4390180345969819,0.47199999999999986,0.5411106681416279,4.6,5.2,4.8,5.4
rf,signo_zodiacal_escorpio,221,0.5,0.57,0.5621212121212122,0.6000000000000001,0.578066378066378,0.584,0.613154630886829,6.0,4.6,5.4,4.0
rf,signo_zodiacal_escorpio,222,0.5,0.53,0.5253968253968253,0.5800000000000001,0.5481203007518796,0.5509999999999999,0.5974397422323119,5.8,5.2,4.8,4.2
rf,signo_zodiacal_escorpio,223,0.5,0.49000000000000005,0.5009523809523808,0.4,0.4404334365325077,0.507,0.5340400112443456,4.0,4.2,5.8,6.0
rf,signo_zodiacal_escorpio,224,0.5,0.5599999999999999,0.566025641025641,0.54,0.5486397152301044,0.591,0.6396364011805188,5.4,4.2,5.8,4.6
rf,signo_zodiacal_escorpio,225,0.5,0.45999999999999996,0.45581918081918077,0.45999999999999996,0.4527828522713433,0.47300000000000003,0.5615706715884734,4.6,5.4,4.6,5.4
rf,signo_zodiacal_escorpio,226,0.5,0.53,0.5114607614607615,0.52,0.5110602593440122,0.507,0.5600723265382708,5.2,4.6,5.4,4.8
rf,signo_zodiacal_escorpio,227,0.5,0.55,0.5499145299145299,0.5199999999999999,0.5272654462242563,0.5900000000000001,0.6209917947549527,5.2,4.2,5.8,4.8
rf,signo_zodiacal_escorpio,228,0.5,0.52,0.5383333333333333,0.45999999999999996,0.4890909090909091,0.487,0.5300578222946644,4.6,4.2,5.8,5.4
rf,signo_zodiacal_escorpio,229,0.5,0.4,0.3789321789321789,0.36,0.3653411603876,0.42699999999999994,0.512369222280987,3.6,5.6,4.4,6.4
rf,signo_zodiacal_escorpio,230,0.5,0.54,0.5437229437229438,0.52,0.5241660300483829,0.597,0.6348767794812685,5.2,4.4,5.6,4.8
rf,signo_zodiacal_escorpio,231,0.5,0.47000000000000003,0.4431746031746032,0.43999999999999995,0.4307524157988555,0.515,0.5762731049480274,4.4,5.0,5.0,5.6
rf,signo_zodiacal_escorpio,232,0.5,0.47000000000000003,0.44862914862914866,0.52,0.47678755712811444,0.43200000000000005,0.5032194080429375,5.2,5.8,4.2,4.8
rf,signo_zodiacal_escorpio,233,0.5,0.5,0.4991341991341991,0.5,0.4949378794580033,0.527,0.5832350051908876,5.0,5.0,5.0,5.0
rf,signo_zodiacal_escorpio,234,0.5,0.51,0.5013131313131313,0.6199999999999999,0.5500719981772613,0.526,0.5930616513689269,6.2,6.0,4.0,3.8
rf,signo_zodiacal_escorpio,235,0.5,0.53,0.5325757575757576,0.5599999999999999,0.5431457431457432,0.569,0.670564622082424,5.6,5.0,5.0,4.4
rf,signo_zodiacal_escorpio,236,0.5,0.44000000000000006,0.4434343434343434,0.45999999999999996,0.45087719298245615,0.449,0.5355649177104286,4.6,5.8,4.2,5.4
rf,signo_zodiacal_escorpio,237,0.5,0.43000000000000005,0.40595238095238095,0.32,0.3516934046345811,0.406,0.5040819746129344,3.2,4.6,5.4,6.8
rf,signo_zodiacal_escorpio,238,0.5,0.5599999999999999,0.5858369408369409,0.45999999999999996,0.5072544105361443,0.5609999999999999,0.6303265521028678,4.6,3.4,6.6,5.4
rf,signo_zodiacal_escorpio,239,0.5,0.53,0.5316849816849817,0.44000000000000006,0.47190909926136737,0.511,0.5715791420481823,4.4,3.8,6.2,5.6
rf,signo_zodiacal_escorpio,240,0.5,0.54,0.5241208791208791,0.5599999999999999,0.5332423984086387,0.5619999999999999,0.6142948348521104,5.6,4.8,5.2,4.4
rf,signo_zodiacal_escorpio,241,0.5,0.49000000000000005,0.5483682983682984,0.42000000000000004,0.45441048272856055,0.465,0.5429361780290572,4.2,4.4,5.6,5.8
rf,signo_zodiacal_escorpio,242,0.5,0.7,0.7576923076923077,0.6599999999999999,0.6884057971014493,0.722,0.7551096767010079,6.6,2.6,7.4,3.4
rf,signo_zodiacal_escorpio,243,0.5,0.62,0.6587912087912088,0.6,0.599354524418463,0.5740000000000001,0.6033744094742547,6.0,3.6,6.4,4.0
rf,signo_zodiacal_escorpio,244,0.5,0.49000000000000005,0.4798290598290599,0.54,0.5055835240274599,0.45199999999999996,0.531051113489194,5.4,5.6,4.4,4.6
rf,signo_zodiacal_escorpio,245,0.5,0.54,0.5429603729603729,0.5800000000000001,0.5459890833803878,0.574,0.5904908849320615,5.8,5.0,5.0,4.2
rf,signo_zodiacal_escorpio,246,0.5,0.5800000000000001,0.6021367521367521,0.6,0.5883659246931557,0.5509999999999999,0.6226274301893497,6.0,4.4,5.6,4.0
rf,signo_zodiacal_escorpio,247,0.5,0.43,0.43454545454545457,0.45999999999999996,0.4462337662337662,0.356,0.4663734841869516,4.6,6.0,4.0,5.4
rf,signo_zodiacal_escorpio,248,0.5,0.48,0.4834188034188035,0.45999999999999996,0.4673887617594711,0.44000000000000006,0.5376692776607637,4.6,5.0,5.0,5.4
rf,signo_zodiacal_escorpio,249,0.5,0.48,0.4742857142857143,0.52,0.4933333333333333,0.471,0.5678488933666952,5.2,5.6,4.4,4.8
rf,signo_zodiacal_escorpio,250,0.5,0.5200000000000001,0.5229797979797979,0.48,0.4984962406015037,0.49799999999999994,0.531466485526857,4.8,4.4,5.6,5.2
rf,signo_zodiacal_escorpio,251,0.5,0.5599999999999999,0.5666666666666667,0.56,0.5545454545454546,0.538,0.5998784532461003,5.6,4.4,5.6,4.4
rf,signo_zodiacal_escorpio,252,0.5,0.4800000000000001,0.4845177045177045,0.5399999999999999,0.5070022883295194,0.40700000000000003,0.5357275892322332,5.4,5.8,4.2,4.6
rf,signo_zodiacal_escorpio,253,0.5,0.6,0.5809590409590408,0.6399999999999999,0.6031348191450493,0.599,0.6309265999738136,6.4,4.4,5.6,3.6
rf,signo_zodiacal_escorpio,254,0.5,0.5700000000000001,0.605952380952381,0.5199999999999999,0.5484105763517528,0.5389999999999999,0.5955130245571422,5.2,3.8,6.2,4.8
rf,signo_zodiacal_escorpio,255,0.5,0.51,0.5056526806526807,0.54,0.5177284449595663,0.576,0.6032550767945504,5.4,5.2,4.8,4.6
rf,signo_zodiacal_escorpio,256,0.5,0.45,0.45999999999999996,0.4,0.41482456140350876,0.421,0.5399074767681579,4.0,5.0,5.0,6.0
rf,signo_zodiacal_escorpio,257,0.5,0.44000000000000006,0.4291208791208791,0.42000000000000004,0.4169825866689509,0.46299999999999997,0.5631859256154922,4.2,5.4,4.6,5.8
rf,signo_zodiacal_escorpio,258,0.5,0.5700000000000001,0.5662204462204462,0.62,0.5814106622053856,0.602,0.6204476254739413,6.2,4.8,5.2,3.8
rf,signo_zodiacal_escorpio,259,0.5,0.5599999999999999,0.559047619047619,0.5800000000000001,0.5604545454545455,0.598,0.6055873723799421,5.8,4.6,5.4,4.2
rf,signo_zodiacal_escorpio,260,0.5,0.51,0.49393939393939396,0.5,0.4924242424242424,0.5119999999999999,0.5561063185180831,5.0,4.8,5.2,5.0
rf,signo_zodiacal_escorpio,261,0.5,0.54,0.5054700854700854,0.52,0.49066040798763905,0.566,0.587497676729875,5.2,4.4,5.6,4.8
rf,signo_zodiacal_escorpio,262,0.5,0.4699999999999999,0.46893106893106895,0.4800000000000001,0.47017415661916945,0.39,0.5000223053520267,4.8,5.4,4.6,5.2
rf,signo_zodiacal_escorpio,263,0.5,0.45,0.4411111111111111,0.4,0.4126634768740032,0.487,0.5470518823281981,4.0,5.0,5.0,6.0
rf,signo_zodiacal_escorpio,264,0.5,0.56,0.5601190476190476,0.58,0.5588949749940462,0.54,0.6119988451520959,5.8,4.6,5.4,4.2
rf,signo_zodiacal_escorpio,265,0.5,0.6100000000000001,0.6204545454545455,0.5800000000000001,0.5948051948051948,0.6659999999999998,0.701119371426647,5.8,3.6,6.4,4.2
rf,signo_zodiacal_escorpio,266,0.5,0.38,0.3814407814407814,0.4600000000000001,0.4139588100686499,0.353,0.47569183190390624,4.6,7.0,3.0,5.4
rf,signo_zodiacal_escorpio,267,0.5,0.5900000000000001,0.5949112978524743,0.66,0.6123781676413256,0.6279999999999999,0.6399898500192618,6.6,4.8,5.2,3.4
rf,signo_zodiacal_escorpio,268,0.5,0.58,0.6066666666666667,0.5,0.5263333333333333,0.617,0.6702304351994754,5.0,3.4,6.6,5.0
rf,signo_zodiacal_escorpio,269,0.5,0.5199999999999999,0.5185786435786436,0.48,0.4946189001916556,0.48699999999999993,0.5627881099808344,4.8,4.4,5.6,5.2
rf,signo_zodiacal_escorpio,270,0.5,0.4699999999999999,0.4685714285714285,0.45999999999999996,0.45633986928104575,0.465,0.5290510051523983,4.6,5.2,4.8,5.4
rf,signo_zodiacal_escorpio,271,0.5,0.6300000000000001,0.6561965811965812,0.6200000000000001,0.6335875921688279,0.7040000000000001,0.7636103967412017,6.2,3.6,6.4,3.8
rf,signo_zodiacal_escorpio,272,0.5,0.45,0.428888888888889,0.4200000000000001,0.4196650717703349,0.47700000000000004,0.5762233687365266,4.2,5.2,4.8,5.8
rf,signo_zodiacal_escorpio,273,0.5,0.51,0.5132478632478632,0.48,0.48031739427620435,0.4739999999999999,0.5229994819422064,4.8,4.6,5.4,5.2
rf,signo_zodiacal_escorpio,274,0.5,0.49000000000000005,0.49111111111111105,0.38,0.42175438596491227,0.5369999999999999,0.6259193581616183,3.8,4.0,6.0,6.2
rf,signo_zodiacal_escorpio,275,0.5,0.5599999999999999,0.5523698523698524,0.64,0.5896316879154408,0.544,0.5848360718229139,6.4,5.2,4.8,3.6
rf,signo_zodiacal_escorpio,276,0.5,0.51,0.519047619047619,0.58,0.5444976076555024,0.5549999999999999,0.6389619020470413,5.8,5.6,4.4,4.2
rf,signo_zodiacal_escorpio,277,0.5,0.57,0.5614607614607614,0.64,0.595908744192497,0.604,0.6401821230025565,6.4,5.0,5.0,3.6
rf,signo_zodiacal_escorpio,278,0.5,0.5900000000000001,0.5748484848484848,0.7000000000000001,0.6292987012987014,0.6100000000000001,0.6480754049871698,7.0,5.2,4.8,3.0
rf,signo_zodiacal_escorpio,279,0.5,0.4,0.38658730158730165,0.27999999999999997,0.31741805494127473,0.358,0.5209853080356176,2.8,4.8,5.2,7.2
rf,signo_zodiacal_escorpio,280,0.5,0.44000000000000006,0.43460317460317466,0.38,0.403687650498796,0.40199999999999997,0.48746201004018336,3.8,5.0,5.0,6.2
rf,signo_zodiacal_escorpio,281,0.5,0.5599999999999999,0.5607647907647907,0.62,0.5858692185007974,0.579,0.6194066011387992,6.2,5.0,5.0,3.8
rf,signo_zodiacal_escorpio,282,0.5,0.49000000000000005,0.49004329004329,0.44000000000000006,0.4610349402919063,0.506,0.5864545552486728,4.4,4.6,5.4,5.6
rf,signo_zodiacal_escorpio,283,0.5,0.5,0.47777777777777786,0.44000000000000006,0.4503136629452419,0.502,0.5488447086109625,4.4,4.4,5.6,5.6
rf,signo_zodiacal_escorpio,284,0.5,0.4800000000000001,0.48,0.52,0.49861471861471857,0.417,0.4776916149725746,5.2,5.6,4.4,4.8
rf,signo_zodiacal_escorpio,285,0.5,0.53,0.5428571428571429,0.54,0.5287581699346406,0.558,0.6237047940020075,5.4,4.8,5.2,4.6
rf,signo_zodiacal_escorpio,286,0.5,0.54,0.5505494505494506,0.5199999999999999,0.5239099987821215,0.563,0.6159553691922113,5.2,4.4,5.6,4.8
rf,signo_zodiacal_escorpio,287,0.5,0.4699999999999999,0.4557142857142857,0.44000000000000006,0.4441235888294711,0.458,0.5425966429511322,4.4,5.0,5.0,5.6
rf,signo_zodiacal_escorpio,288,0.5,0.54,0.5243888464476699,0.5800000000000001,0.5391223155929039,0.5109999999999999,0.5695750829837518,5.8,5.0,5.0,4.2
rf,signo_zodiacal_escorpio,289,0.5,0.5,0.5255677655677656,0.5800000000000001,0.5428132992327367,0.514,0.5928240076916547,5.8,5.8,4.2,4.2
rf,signo_zodiacal_escorpio,290,0.5,0.51,0.5023809523809524,0.45999999999999996,0.4728609625668449,0.521,0.5317270731504478,4.6,4.4,5.6,5.4
rf,signo_zodiacal_escorpio,291,0.5,0.51,0.5158823529411765,0.45999999999999996,0.45777777777777773,0.505,0.5449922838599308,4.6,4.4,5.6,5.4
rf,signo_zodiacal_escorpio,292,0.5,0.49000000000000005,0.5042424242424242,0.5,0.49567153177060297,0.508,0.5809773009068675,5.0,5.2,4.8,5.0
rf,signo_zodiacal_escorpio,293,0.5,0.47000000000000003,0.48022727272727267,0.48,0.4685886662357251,0.46900000000000003,0.5215571928071928,4.8,5.4,4.6,5.2
rf,signo_zodiacal_escorpio,294,0.5,0.49000000000000005,0.48999999999999994,0.52,0.5031578947368421,0.379,0.47603228453692853,5.2,5.4,4.6,4.8
rf,signo_zodiacal_escorpio,295,0.5,0.5,0.4937662337662337,0.5599999999999999,0.5160224089635854,0.529,0.5682194467898802,5.6,5.6,4.4,4.4
rf,signo_zodiacal_escorpio,296,0.5,0.5900000000000001,0.5756909756909756,0.6,0.5819971924696652,0.602,0.6624926066365695,6.0,4.2,5.8,4.0
rf,signo_zodiacal_escorpio,297,0.5,0.47000000000000003,0.4638888888888889,0.52,0.48605505859510434,0.48599999999999993,0.5387213054403457,5.2,5.8,4.2,4.8
rf,signo_zodiacal_escorpio,298,0.5,0.56,0.5373160173160173,0.5,0.49172161172161166,0.6579999999999999,0.7087188442792157,5.0,3.8,6.2,5.0
rf,signo_zodiacal_escorpio,299,0.5,0.58,0.5821678321678322,0.5999999999999999,0.5806888763410503,0.574,0.6624248698497924,6.0,4.4,5.6,4.0
rf,signo_zodiacal_escorpio,300,0.5,0.54,0.5269480519480519,0.48,0.4882819794584501,0.518,0.5637338401192891,4.8,4.0,6.0,5.2
rf,signo_zodiacal_escorpio,301,0.5,0.5399999999999999,0.5338888888888889,0.5199999999999999,0.5244657097288676,0.528,0.5924382829073231,5.2,4.4,5.6,4.8
rf,signo_zodiacal_escorpio,302,0.5,0.4,0.37023809523809514,0.24,0.27805032944351826,0.4029999999999999,0.5097228980170156,2.4,4.4,5.6,7.6
rf,signo_zodiacal_escorpio,303,0.5,0.4,0.43328088578088575,0.4600000000000001,0.4324956203217073,0.4,0.49505358590497905,4.6,6.6,3.4,5.4
rf,signo_zodiacal_escorpio,304,0.5,0.45,0.433997113997114,0.38,0.4009892378003833,0.45699999999999996,0.536442592924791,3.8,4.8,5.2,6.2
rf,signo_zodiacal_escorpio,305,0.5,0.6000000000000001,0.632887112887113,0.58,0.5958007550846426,0.617,0.6504105693927675,5.8,3.8,6.2,4.2
rf,signo_zodiacal_escorpio,306,0.5,0.54,0.5444444444444445,0.54,0.537719298245614,0.516,0.6250019637225519,5.4,4.6,5.4,4.6
rf,signo_zodiacal_escorpio,307,0.5,0.5700000000000001,0.5704578754578755,0.64,0.597514273166447,0.5439999999999999,0.6052852506970153,6.4,5.0,5.0,3.6
rf,signo_zodiacal_escorpio,308,0.5,0.43,0.440994560994561,0.5,0.4640069739566307,0.4710000000000001,0.5772402052711649,5.0,6.4,3.6,5.0
rf,signo_zodiacal_escorpio,309,0.5,0.39,0.4005860805860806,0.32,0.34288072541269476,0.399,0.5500842496856428,3.2,5.4,4.6,6.8
rf,signo_zodiacal_escorpio,310,0.5,0.51,0.49496503496503497,0.5,0.4884057971014493,0.51,0.5637514338087093,5.0,4.8,5.2,5.0
rf,signo_zodiacal_escorpio,311,0.5,0.53,0.5253968253968253,0.5599999999999999,0.5385964912280701,0.549,0.5805265480133901,5.6,5.0,5.0,4.4
rf,signo_zodiacal_escorpio,312,0.5,0.44000000000000006,0.4375757575757576,0.42000000000000004,0.4272848788638262,0.491,0.5401900887210485,4.2,5.4,4.6,5.8
rf,signo_zodiacal_escorpio,313,0.5,0.5700000000000001,0.593939393939394,0.45999999999999996,0.5049498746867167,0.611,0.6709328988005459,4.6,3.2,6.8,5.4
rf,signo_zodiacal_escorpio,314,0.5,0.43,0.41535353535353536,0.38,0.39365914786967415,0.4640000000000001,0.5505629725451706,3.8,5.2,4.8,6.2
rf,signo_zodiacal_escorpio,315,0.5,0.45,0.4241666666666667,0.4800000000000001,0.4416317016317016,0.43899999999999995,0.5550056049042117,4.8,5.8,4.2,5.2
rf,signo_zodiacal_escorpio,316,0.5,0.44000000000000006,0.4409090909090909,0.48,0.4588288904078377,0.46699999999999997,0.5328643044262239,4.8,6.0,4.0,5.2
rf,signo_zodiacal_escorpio,317,0.5,0.45999999999999996,0.45662337662337665,0.42000000000000004,0.4347152194211018,0.47400000000000003,0.5518822946059788,4.2,5.0,5.0,5.8
rf,signo_zodiacal_escorpio,318,0.5,0.54,0.5364718614718615,0.5599999999999999,0.539924454630337,0.477,0.5218145937310024,5.6,4.8,5.2,4.4
rf,signo_zodiacal_escorpio,319,0.5,0.5,0.5040909090909091,0.43999999999999995,0.4589321789321789,0.51,0.5997301044328908,4.4,4.4,5.6,5.6
rf,signo_zodiacal_escorpio,320,0.5,0.42000000000000004,0.4191919191919192,0.4,0.4076858813700919,0.38699999999999996,0.508935964792002,4.0,5.6,4.4,6.0
rf,signo_zodiacal_escorpio,321,0.5,0.5399999999999999,0.5357167832167832,0.68,0.5923632492602744,0.571,0.6197894850247792,6.8,6.0,4.0,3.2
rf,signo_zodiacal_escorpio,322,0.5,0.51,0.5027777777777778,0.43999999999999995,0.466374269005848,0.4619999999999999,0.5536618053429199,4.4,4.2,5.8,5.6
rf,signo_zodiacal_escorpio,323,0.5,0.49000000000000005,0.47575757575757577,0.5,0.4824675324675325,0.472,0.5625022560858474,5.0,5.2,4.8,5.0
rf,signo_zodiacal_escorpio,324,0.5,0.47000000000000003,0.46349206349206346,0.4,0.4191520467836257,0.479,0.5132468980967433,4.0,4.6,5.4,6.0
rf,signo_zodiacal_escorpio,325,0.5,0.43,0.4121428571428571,0.4,0.399281045751634,0.406,0.49226959401108006,4.0,5.4,4.6,6.0
rf,signo_zodiacal_escorpio,326,0.5,0.45999999999999996,0.4523809523809524,0.38,0.4121087031303749,0.499,0.609629889718125,3.8,4.6,5.4,6.2
rf,signo_zodiacal_escorpio,327,0.5,0.43,0.41409701409701416,0.42000000000000004,0.41306078495471416,0.44000000000000006,0.5384001286810884,4.2,5.6,4.4,5.8
rf,signo_zodiacal_escorpio,328,0.5,0.47000000000000003,0.44000000000000006,0.42000000000000004,0.42169590643274846,0.45099999999999996,0.5304862188894696,4.2,4.8,5.2,5.8
rf,signo_zodiacal_escorpio,329,0.5,0.49000000000000005,0.4895104895104895,0.5599999999999999,0.5217391304347826,0.457,0.5328428115572078,5.6,5.8,4.2,4.4
rf,signo_zodiacal_escorpio,330,0.5,0.53,0.5262470862470863,0.58,0.5434589371980676,0.487,0.5355416254711919,5.8,5.2,4.8,4.2
rf,signo_zodiacal_escorpio,331,0.5,0.52,0.5093711843711844,0.58,0.5368837112544206,0.522,0.5496632321926439,5.8,5.4,4.6,4.2
rf,signo_zodiacal_escorpio,332,0.5,0.42000000000000004,0.4259090909090909,0.36,0.38506265664160394,0.462,0.52022740967323,3.6,5.2,4.8,6.4
rf,signo_zodiacal_escorpio,333,0.5,0.51,0.49264069264069266,0.45999999999999996,0.471001031991744,0.46499999999999997,0.5635508478449655,4.6,4.4,5.6,5.4
rf,signo_zodiacal_escorpio,334,0.5,0.5,0.5053113553113552,0.5399999999999999,0.5158567774936061,0.48999999999999994,0.5513274693143114,5.4,5.4,4.6,4.6
rf,signo_zodiacal_escorpio,335,0.5,0.65,0.6352380952380952,0.6799999999999999,0.6506592238171185,0.618,0.673705346940641,6.8,3.8,6.2,3.2
rf,signo_zodiacal_escorpio,336,0.5,0.45,0.45292929292929296,0.45999999999999996,0.4557393483709273,0.42300000000000004,0.4921563507871557,4.6,5.6,4.4,5.4
rf,signo_zodiacal_escorpio,337,0.5,0.5599999999999999,0.5567832167832167,0.5599999999999998,0.5350248447204968,0.587,0.580403012622053,5.6,4.4,5.6,4.4
rf,signo_zodiacal_escorpio,338,0.5,0.47000000000000003,0.518974358974359,0.39999999999999997,0.4286335403726708,0.45099999999999996,0.5349915558297911,4.0,4.6,5.4,6.0
rf,signo_zodiacal_escorpio,339,0.5,0.54,0.5444444444444445,0.4800000000000001,0.5032961190855928,0.522,0.5819018856960033,4.8,4.0,6.0,5.2
rf,signo_zodiacal_escorpio,340,0.5,0.5399999999999999,0.5488888888888889,0.5599999999999999,0.5413014354066985,0.497,0.5322053665288959,5.6,4.8,5.2,4.4
rf,signo_zodiacal_escorpio,341,0.5,0.49000000000000005,0.4920634920634921,0.52,0.49470653185823465,0.4720000000000001,0.573280242461357,5.2,5.4,4.6,4.8
rf,signo_zodiacal_escorpio,342,0.5,0.54,0.5521367521367522,0.58,0.5527598640870952,0.564,0.638971564383329,5.8,5.0,5.0,4.2
rf,signo_zodiacal_escorpio,343,0.5,0.5599999999999999,0.5535353535353535,0.64,0.5910903741567358,0.5189999999999999,0.5624485314307296,6.4,5.2,4.8,3.6
rf,signo_zodiacal_escorpio,344,0.5,0.55,0.545959595959596,0.6199999999999999,0.5777739804055593,0.5409999999999999,0.5971146343336746,6.2,5.2,4.8,3.8
rf,signo_zodiacal_escorpio,345,0.5,0.58,0.5888034188034188,0.62,0.5970022883295194,0.63,0.6385173498671951,6.2,4.6,5.4,3.8
rf,signo_zodiacal_escorpio,346,0.5,0.51,0.5202741702741702,0.5399999999999999,0.5213381046198384,0.4779999999999999,0.5169725366652612,5.4,5.2,4.8,4.6
rf,signo_zodiacal_escorpio,347,0.5,0.44000000000000006,0.4246031746031746,0.36,0.3881320949432404,0.4539999999999999,0.5419196636696636,3.6,4.8,5.2,6.4
rf,signo_zodiacal_escorpio,348,0.5,0.54,0.5402020202020202,0.54,0.5395488721804511,0.5780000000000001,0.6123911715219765,5.4,4.6,5.4,4.6
rf,signo_zodiacal_escorpio,349,0.5,0.45,0.4743256743256743,0.5199999999999999,0.4878333942272562,0.41899999999999993,0.49946933725029696,5.2,6.2,3.8,4.8
rf,signo_zodiacal_escorpio,350,0.5,0.49000000000000005,0.47555555555555556,0.4600000000000001,0.46481658692185,0.44299999999999995,0.5491888128211657,4.6,4.8,5.2,5.4
rf,signo_zodiacal_escorpio,351,0.5,0.55,0.5342857142857144,0.58,0.5386651583710408,0.557,0.6129911554733536,5.8,4.8,5.2,4.2
rf,signo_zodiacal_escorpio,352,0.5,0.5700000000000001,0.5742857142857143,0.54,0.5541176470588235,0.591,0.6386693292088028,5.4,4.0,6.0,4.6
rf,signo_zodiacal_escorpio,353,0.5,0.52,0.5222222222222223,0.5199999999999999,0.5200501253132832,0.49899999999999994,0.5494334107584882,5.2,4.8,5.2,4.8
rf,signo_zodiacal_escorpio,354,0.5,0.5000000000000001,0.5103030303030303,0.41999999999999993,0.4510776942355889,0.5279999999999999,0.5893399096603431,4.2,4.2,5.8,5.8
rf,signo_zodiacal_escorpio,355,0.5,0.61,0.6117171717171717,0.6199999999999999,0.6140031897926634,0.6279999999999999,0.689619731575614,6.2,4.0,6.0,3.8
rf,signo_zodiacal_escorpio,356,0.5,0.5,0.49060939060939057,0.54,0.5092857696438259,0.512,0.5644194965681033,5.4,5.4,4.6,4.6
rf,signo_zodiacal_escorpio,357,0.5,0.52,0.52,0.48,0.49297979797979796,0.5429999999999999,0.6113521751726086,4.8,4.4,5.6,5.2
rf,signo_zodiacal_escorpio,358,0.5,0.4699999999999999,0.46691086691086686,0.41999999999999993,0.4369243654746414,0.445,0.5564823987502006,4.2,4.8,5.2,5.8
rf,signo_zodiacal_escorpio,359,0.5,0.48,0.4818181818181818,0.52,0.4966165413533835,0.497,0.5396596546728126,5.2,5.6,4.4,4.8
rf,signo_zodiacal_escorpio,360,0.5,0.4800000000000001,0.478021978021978,0.39999999999999997,0.42853083262290426,0.379,0.482897466740346,4.0,4.4,5.6,6.0
rf,signo_zodiacal_escorpio,361,0.5,0.55,0.5572161172161172,0.6199999999999999,0.5764770983492211,0.5399999999999999,0.6068129354305826,6.2,5.2,4.8,3.8
rf,signo_zodiacal_escorpio,362,0.5,0.45,0.4486868686868687,0.44000000000000006,0.4436591478696742,0.505,0.631007908156515,4.4,5.4,4.6,5.6
rf,signo_zodiacal_escorpio,363,0.5,0.5700000000000001,0.5696969696969696,0.52,0.531077694235589,0.524,0.5645696160564582,5.2,3.8,6.2,4.8
rf,signo_zodiacal_escorpio,364,0.5,0.44000000000000006,0.4416666666666666,0.44000000000000006,0.43737373737373736,0.40700000000000003,0.5162167144860643,4.4,5.6,4.4,5.6
rf,signo_zodiacal_escorpio,365,0.5,0.5700000000000001,0.5746392496392497,0.5800000000000001,0.5712614870509607,0.615,0.675020197724532,5.8,4.4,5.6,4.2
rf,signo_zodiacal_escorpio,366,0.5,0.45999999999999996,0.4527777777777778,0.32,0.3684210526315789,0.39499999999999996,0.4890440325927942,3.2,4.0,6.0,6.8
rf,signo_zodiacal_escorpio,367,0.5,0.5,0.5084920634920634,0.38,0.43012039903680777,0.487,0.5391943411765394,3.8,3.8,6.2,6.2
rf,signo_zodiacal_escorpio,368,0.5,0.47000000000000003,0.46468864468864474,0.44000000000000006,0.4469828450068052,0.4709999999999999,0.5474598179598179,4.4,5.0,5.0,5.6
rf,signo_zodiacal_escorpio,369,0.5,0.37,0.37454545454545457,0.4,0.38623376623376626,0.371,0.48001520658564,4.0,6.6,3.4,6.0
rf,signo_zodiacal_escorpio,370,0.5,0.48,0.477979797979798,0.5,0.48802005012531324,0.445,0.5043737983722504,5.0,5.4,4.6,5.0
rf,signo_zodiacal_escorpio,371,0.5,0.39999999999999997,0.41283216783216786,0.44000000000000006,0.4234067381893468,0.363,0.45434898641090593,4.4,6.4,3.6,5.6
rf,signo_zodiacal_escorpio,372,0.5,0.48999999999999994,0.47757575757575754,0.48,0.4758441558441559,0.5210000000000001,0.5580201003846514,4.8,5.0,5.0,5.2
rf,signo_zodiacal_escorpio,373,0.5,0.4,0.40575757575757576,0.44000000000000006,0.42107997265892,0.36199999999999993,0.4985210321154593,4.4,6.4,3.6,5.6
rf,signo_zodiacal_escorpio,374,0.5,0.63,0.6277777777777778,0.64,0.6325358851674642,0.615,0.6470404187315952,6.4,3.8,6.2,3.6
rf,signo_zodiacal_escorpio,375,0.5,0.5299999999999999,0.5476190476190477,0.5799999999999998,0.5475781845919145,0.526,0.5585118301031613,5.8,5.2,4.8,4.2
rf,signo_zodiacal_escorpio,376,0.5,0.5,0.5034498834498835,0.56,0.5287521174477697,0.44000000000000006,0.495704358936557,5.6,5.6,4.4,4.4
rf,signo_zodiacal_escorpio,377,0.5,0.5700000000000001,0.5665584415584416,0.6,0.5777777777777777,0.557,0.5540956229013505,6.0,4.6,5.4,4.0
rf,signo_zodiacal_escorpio,378,0.5,0.61,0.6233333333333333,0.6399999999999999,0.6254066985645933,0.604,0.6866642334273914,6.4,4.2,5.8,3.6
rf,signo_zodiacal_escorpio,379,0.5,0.62,0.6239898989898991,0.6,0.6093567251461989,0.667,0.671090082689928,6.0,3.6,6.4,4.0
rf,signo_zodiacal_escorpio,380,0.5,0.51,0.5142857142857142,0.4800000000000001,0.4900772430184195,0.571,0.6133152027710851,4.8,4.6,5.4,5.2
rf,signo_zodiacal_escorpio,381,0.5,0.5299999999999999,0.5212820512820512,0.5599999999999999,0.5293017127799736,0.5349999999999999,0.5961589233779636,5.6,5.0,5.0,4.4
rf,signo_zodiacal_escorpio,382,0.5,0.52,0.5227272727272727,0.5,0.5075567707146654,0.542,0.629372107854306,5.0,4.6,5.4,5.0
rf,signo_zodiacal_escorpio,383,0.5,0.4800000000000001,0.4763986013986014,0.44000000000000006,0.4424430641821946,0.5189999999999999,0.5839505300341213,4.4,4.8,5.2,5.6
rf,signo_zodiacal_escorpio,384,0.5,0.4800000000000001,0.4735714285714286,0.4,0.418562091503268,0.48200000000000004,0.5179956795870109,4.0,4.4,5.6,6.0
rf,signo_zodiacal_escorpio,385,0.5,0.52,0.547142857142857,0.4,0.4559477124183006,0.515,0.597382508014861,4.0,3.6,6.4,6.0
rf,signo_zodiacal_escorpio,386,0.5,0.52,0.5142857142857142,0.54,0.5222222222222223,0.516,0.5792662408970458,5.4,5.0,5.0,4.6
rf,signo_zodiacal_escorpio,387,0.5,0.39999999999999997,0.4027272727272727,0.34,0.35906926406926404,0.38,0.45452199761023293,3.4,5.4,4.6,6.6
rf,signo_zodiacal_escorpio,388,0.5,0.6,0.6186147186147186,0.58,0.5925388337153044,0.618,0.623991972681601,5.8,3.8,6.2,4.2
rf,signo_zodiacal_escorpio,389,0.5,0.45999999999999996,0.4311111111111111,0.38,0.4008187134502924,0.367,0.45764475290791073,3.8,4.6,5.4,6.2
rf,signo_zodiacal_escorpio,390,0.5,0.54,0.5457575757575758,0.5199999999999999,0.5195382395382395,0.572,0.5971737129399669,5.2,4.4,5.6,4.8
rf,signo_zodiacal_escorpio,391,0.5,0.4800000000000001,0.4802020202020202,0.52,0.4962155388471178,0.549,0.6233378016891948,5.2,5.6,4.4,4.8
rf,signo_zodiacal_escorpio,392,0.5,0.54,0.5484188034188036,0.54,0.5407220950928044,0.608,0.599478584109389,5.4,4.6,5.4,4.6
rf,signo_zodiacal_escorpio,393,0.5,0.45,0.4473809523809524,0.34,0.3804127966976264,0.42600000000000005,0.500296869195476,3.4,4.4,5.6,6.6
rf,signo_zodiacal_escorpio,394,0.5,0.47000000000000003,0.4609523809523809,0.34,0.3880065359477124,0.511,0.5953561601796895,3.4,4.0,6.0,6.6
rf,signo_zodiacal_escorpio,395,0.5,0.6,0.6161904761904762,0.54,0.5728517371861026,0.651,0.6865126415552112,5.4,3.4,6.6,4.6
rf,signo_zodiacal_escorpio,396,0.5,0.5,0.4997979797979798,0.5,0.49944862155388475,0.48,0.5371072250762653,5.0,5.0,5.0,5.0
rf,signo_zodiacal_escorpio,397,0.5,0.43999999999999995,0.41252525252525246,0.4,0.4023057644110276,0.41200000000000003,0.48606771170006463,4.0,5.2,4.8,6.0
rf,signo_zodiacal_escorpio,398,0.5,0.48999999999999994,0.49690476190476185,0.43999999999999995,0.45579084967320266,0.5010000000000001,0.5436608164797019,4.4,4.6,5.4,5.6
rf,signo_zodiacal_escorpio,399,0.5,0.61,0.6090909090909091,0.6199999999999999,0.6092352092352092,0.601,0.6349802131992535,6.2,4.0,6.0,3.8
rf,signo_zodiacal_escorpio,400,0.5,0.53,0.551060606060606,0.52,0.5315440115440115,0.5469999999999999,0.6153615165364391,5.2,4.6,5.4,4.8
rf,signo_zodiacal_escorpio,401,0.5,0.53,0.5565811965811964,0.5,0.5172654462242563,0.5730000000000001,0.6199220593647838,5.0,4.4,5.6,5.0
rf,signo_zodiacal_escorpio,402,0.5,0.54,0.551948051948052,0.58,0.5529894941659647,0.575,0.6088568843437265,5.8,5.0,5.0,4.2
rf,signo_zodiacal_escorpio,403,0.5,0.45,0.44935064935064933,0.4,0.4170168067226891,0.46299999999999997,0.5090693587458294,4.0,5.0,5.0,6.0
rf,signo_zodiacal_escorpio,404,0.5,0.47000000000000003,0.46590909090909094,0.42000000000000004,0.43968253968253973,0.46799999999999997,0.5402605356459845,4.2,4.8,5.2,5.8
rf,signo_zodiacal_escorpio,405,0.5,0.61,0.6077777777777778,0.62,0.6125358851674642,0.6329999999999999,0.6835762766645118,6.2,4.0,6.0,3.8
rf,signo_zodiacal_escorpio,406,0.5,0.53,0.5215584415584414,0.5,0.4989661319073083,0.543,0.6108941044335782,5.0,4.4,5.6,5.0
rf,signo_zodiacal_escorpio,407,0.5,0.48,0.4802020202020202,0.5399999999999999,0.5037976760082022,0.47700000000000004,0.5430517619635268,5.4,5.8,4.2,4.6
rf,signo_zodiacal_escorpio,408,0.5,0.43000000000000005,0.4003174603174603,0.4,0.39055633736748285,0.42000000000000004,0.5072099571395237,4.0,5.4,4.6,6.0
rf,signo_zodiacal_escorpio,409,0.5,0.4699999999999999,0.4723304473304474,0.42000000000000004,0.44210034891149447,0.472,0.560381435987473,4.2,4.8,5.2,5.8
rf,signo_zodiacal_escorpio,410,0.5,0.54,0.5392424242424243,0.5,0.517109440267335,0.501,0.558527520896716,5.0,4.2,5.8,5.0
rf,signo_zodiacal_escorpio,411,0.5,0.38,0.34424242424242424,0.32,0.32822055137844613,0.33599999999999997,0.4814140017189553,3.2,5.6,4.4,6.8
rf,signo_zodiacal_escorpio,412,0.5,0.6,0.5944721944721945,0.6399999999999999,0.6105866852669921,0.5810000000000001,0.6732074314574313,6.4,4.4,5.6,3.6
rf,signo_zodiacal_escorpio,413,0.5,0.55,0.5444444444444444,0.52,0.5257177033492824,0.542,0.5703953552467483,5.2,4.2,5.8,4.8
rf,signo_zodiacal_escorpio,414,0.5,0.49000000000000005,0.4644444444444444,0.4,0.42713450292397653,0.542,0.5934757089315913,4.0,4.2,5.8,6.0
rf,signo_zodiacal_escorpio,415,0.5,0.51,0.5287179487179487,0.4800000000000001,0.4739056112969157,0.49700000000000005,0.543520366888014,4.8,4.6,5.4,5.2
rf,signo_zodiacal_escorpio,416,0.5,0.51,0.5004545454545454,0.5,0.49071428571428577,0.531,0.5837231816171444,5.0,4.8,5.2,5.0
rf,signo_zodiacal_escorpio,417,0.5,0.51,0.51,0.5399999999999999,0.5176353003721424,0.5940000000000001,0.6256053537965303,5.4,5.2,4.8,4.6
rf,signo_zodiacal_escorpio,418,0.5,0.52,0.5494444444444444,0.43999999999999995,0.4845321637426901,0.552,0.5773257930579911,4.4,4.0,6.0,5.6
rf,signo_zodiacal_escorpio,419,0.5,0.54,0.5357575757575758,0.4999999999999999,0.5124436090225564,0.483,0.5295435397935397,5.0,4.2,5.8,5.0
rf,signo_zodiacal_escorpio,420,0.5,0.6199999999999999,0.6165584415584415,0.6,0.6021984551396317,0.6679999999999999,0.6830691242881646,6.0,3.6,6.4,4.0
rf,signo_zodiacal_escorpio,421,0.5,0.56,0.6065079365079364,0.4,0.4703582485625829,0.5900000000000001,0.5938682581608278,4.0,2.8,7.2,6.0
rf,signo_zodiacal_escorpio,422,0.5,0.47000000000000003,0.4666666666666667,0.39999999999999997,0.42030075187969923,0.509,0.5452435250508006,4.0,4.6,5.4,6.0
rf,signo_zodiacal_escorpio,423,0.5,0.54,0.55,0.52,0.5318979266347686,0.507,0.5871567968495214,5.2,4.4,5.6,4.8
rf,signo_zodiacal_escorpio,424,0.5,0.57,0.5936507936507937,0.5599999999999999,0.5683694530443757,0.6020000000000001,0.6527858134297763,5.6,4.2,5.8,4.4
rf,signo_zodiacal_escorpio,425,0.5,0.39999999999999997,0.3900349650349651,0.36000000000000004,0.3666494133885438,0.37699999999999995,0.4541394002454374,3.6,5.6,4.4,6.4
rf,signo_zodiacal_escorpio,426,0.5,0.6300000000000001,0.6376068376068377,0.6599999999999999,0.6434782608695653,0.651,0.6682967469407097,6.6,4.0,6.0,3.4
rf,signo_zodiacal_escorpio,427,0.5,0.5900000000000001,0.5694805194805195,0.6399999999999999,0.5983481430849852,0.5770000000000001,0.623887808871555,6.4,4.6,5.4,3.6
rf,signo_zodiacal_escorpio,428,0.5,0.39,0.34285714285714286,0.32,0.31947162022703823,0.4050000000000001,0.47816291018922596,3.2,5.4,4.6,6.8
rf,signo_zodiacal_escorpio,429,0.5,0.52,0.5202020202020202,0.48,0.4973266499582289,0.5069999999999999,0.537568410519649,4.8,4.4,5.6,5.2
rf,signo_zodiacal_escorpio,430,0.5,0.61,0.6079059829059829,0.62,0.608302706700876,0.604,0.6387830529463656,6.2,4.0,6.0,3.8
rf,signo_zodiacal_escorpio,431,0.5,0.43999999999999995,0.4125,0.43999999999999995,0.412021312021312,0.44499999999999995,0.5249739072417091,4.4,5.6,4.4,5.6
rf,signo_zodiacal_escorpio,432,0.5,0.44000000000000006,0.41111111111111115,0.4600000000000001,0.4273540669856459,0.43800000000000006,0.5071316548948127,4.6,5.8,4.2,5.4
rf,signo_zodiacal_escorpio,433,0.5,0.4600000000000001,0.44298701298701293,0.4,0.41725490196078435,0.42200000000000004,0.5192000134368555,4.0,4.8,5.2,6.0
rf,signo_zodiacal_escorpio,434,0.5,0.45,0.4525252525252525,0.52,0.48172605426610005,0.44499999999999995,0.5236014104574476,5.2,6.2,3.8,4.8
rf,signo_zodiacal_escorpio,435,0.5,0.45,0.44444444444444436,0.44000000000000006,0.4406166932482722,0.475,0.5864165603917926,4.4,5.4,4.6,5.6
rf,signo_zodiacal_escorpio,436,0.5,0.37,0.35359307359307357,0.3,0.32088898717381686,0.359,0.448373868993064,3.0,5.6,4.4,7.0
rf,signo_zodiacal_escorpio,437,0.5,0.4800000000000001,0.45353535353535357,0.5,0.47030644793802684,0.46099999999999997,0.5048941136263118,5.0,5.4,4.6,5.0
rf,signo_zodiacal_escorpio,438,0.5,0.41,0.4226190476190476,0.38,0.3939628482972136,0.378,0.47873695078571243,3.8,5.6,4.4,6.2
rf,signo_zodiacal_escorpio,439,0.5,0.5,0.4907692307692308,0.54,0.5103432494279175,0.47400000000000003,0.5421434686744284,5.4,5.4,4.6,4.6
rf,signo_zodiacal_escorpio,440,0.5,0.45,0.44201631701631705,0.5,0.46640316205533594,0.434,0.5111087364647736,5.0,6.0,4.0,5.0
rf,signo_zodiacal_escorpio,441,0.5,0.61,0.6202020202020202,0.6199999999999999,0.618546365914787,0.6599999999999999,0.664757359427638,6.2,4.0,6.0,3.8
rf,signo_zodiacal_escorpio,442,0.5,0.54,0.5633333333333332,0.58,0.5594509803921569,0.5609999999999999,0.6109060939060938,5.8,5.0,5.0,4.2
rf,signo_zodiacal_escorpio,443,0.5,0.5599999999999999,0.5574242424242424,0.5800000000000001,0.5544069264069265,0.6010000000000001,0.5931240128120933,5.8,4.6,5.4,4.2
rf,signo_zodiacal_escorpio,444,0.5,0.5900000000000001,0.5844155844155843,0.6199999999999999,0.588235294117647,0.605,0.6462319512273073,6.2,4.4,5.6,3.8
rf,signo_zodiacal_escorpio,445,0.5,0.59,0.5914685314685315,0.64,0.6136231884057971,0.618,0.6675354002722423,6.4,4.6,5.4,3.6
rf,signo_zodiacal_escorpio,446,0.5,0.48,0.4715151515151515,0.4800000000000001,0.47129870129870133,0.4600000000000001,0.5356721530103884,4.8,5.2,4.8,5.2
rf,signo_zodiacal_escorpio,447,0.5,0.54,0.5397979797979798,0.5599999999999999,0.5485395306447938,0.5900000000000001,0.646453119807609,5.6,4.8,5.2,4.4
rf,signo_zodiacal_escorpio,448,0.5,0.5900000000000001,0.5900000000000001,0.6199999999999999,0.6026794258373205,0.5519999999999999,0.5917981930350351,6.2,4.4,5.6,3.8
rf,signo_zodiacal_escorpio,449,0.5,0.45999999999999996,0.49444444444444446,0.42000000000000004,0.44796650717703346,0.46799999999999997,0.5567427517442998,4.2,5.0,5.0,5.8
rf,signo_zodiacal_escorpio,450,0.5,0.51,0.5142424242424243,0.54,0.5261471861471861,0.505,0.5733782498031724,5.4,5.2,4.8,4.6
rf,signo_zodiacal_escorpio,451,0.5,0.45,0.4459090909090909,0.42000000000000004,0.4313784461152882,0.457,0.5343589280516525,4.2,5.2,4.8,5.8
rf,signo_zodiacal_escorpio,452,0.5,0.43999999999999995,0.4261172161172161,0.5,0.4538372716259377,0.42200000000000004,0.48363653786873606,5.0,6.2,3.8,5.0
rf,signo_zodiacal_escorpio,453,0.5,0.55,0.5573076923076924,0.54,0.5443478260869565,0.5720000000000001,0.6085113862745442,5.4,4.4,5.6,4.6
rf,signo_zodiacal_escorpio,454,0.5,0.54,0.5427777777777778,0.6,0.562556087187666,0.5660000000000001,0.6218434061638395,6.0,5.2,4.8,4.0
rf,signo_zodiacal_escorpio,455,0.5,0.53,0.5365501165501165,0.5599999999999999,0.5341313758705063,0.574,0.6255734820734821,5.6,5.0,5.0,4.4
rf,signo_zodiacal_escorpio,456,0.5,0.55,0.5609090909090909,0.56,0.5576623376623376,0.5599999999999999,0.6020099432731011,5.6,4.6,5.4,4.4
rf,signo_zodiacal_escorpio,457,0.5,0.54,0.5660353535353535,0.54,0.5383522909838698,0.549,0.6227016152062591,5.4,4.6,5.4,4.6
rf,signo_zodiacal_escorpio,458,0.5,0.45999999999999996,0.4442857142857143,0.32,0.36911764705882344,0.47000000000000003,0.5575038111183622,3.2,4.0,6.0,6.8
rf,signo_zodiacal_escorpio,459,0.5,0.55,0.5553535353535354,0.52,0.5357059314954051,0.572,0.6052568989318214,5.2,4.2,5.8,4.8
rf,signo_zodiacal_escorpio,460,0.5,0.41,0.40606060606060607,0.34,0.3672121480171016,0.413,0.5045414226296578,3.4,5.2,4.8,6.6
rf,signo_zodiacal_escorpio,461,0.5,0.5900000000000001,0.6062409812409812,0.5,0.5423546611627107,0.604,0.6623628305818707,5.0,3.2,6.8,5.0
rf,signo_zodiacal_escorpio,462,0.5,0.52,0.5172294372294372,0.52,0.508220551378446,0.528,0.5743224924370435,5.2,4.8,5.2,4.8
rf,signo_zodiacal_escorpio,463,0.5,0.45,0.4502874902874903,0.52,0.4795107333551269,0.449,0.5261737798665044,5.2,6.2,3.8,4.8
rf,signo_zodiacal_escorpio,464,0.5,0.44000000000000006,0.4375,0.52,0.46678321678321677,0.39699999999999996,0.46605086537129886,5.2,6.4,3.6,4.8
rf,signo_zodiacal_escorpio,465,0.5,0.49000000000000005,0.4954822954822955,0.5,0.4921998089853791,0.485,0.5447430228869857,5.0,5.2,4.8,5.0
rf,signo_zodiacal_escorpio,466,0.5,0.38,0.3852287581699346,0.4800000000000001,0.4224419634945951,0.39299999999999996,0.5414182033137142,4.8,7.2,2.8,5.2
rf,signo_zodiacal_escorpio,467,0.5,0.54,0.5232683982683983,0.5,0.5085753599685489,0.5399999999999999,0.592448284343795,5.0,4.2,5.8,5.0
rf,signo_zodiacal_escorpio,468,0.5,0.48,0.478021978021978,0.48,0.4749360613810742,0.45599999999999996,0.5448935149817502,4.8,5.2,4.8,5.2
rf,signo_zodiacal_escorpio,469,0.5,0.5700000000000001,0.5717171717171717,0.5599999999999999,0.5623604465709728,0.611,0.6133932984799857,5.6,4.2,5.8,4.4
rf,signo_zodiacal_escorpio,470,0.5,0.43000000000000005,0.43025641025641026,0.44000000000000006,0.42968379446640315,0.449,0.5538287202993085,4.4,5.8,4.2,5.6
rf,signo_zodiacal_escorpio,471,0.5,0.55,0.5458741258741259,0.58,0.5591994478951,0.5710000000000001,0.6212499155471292,5.8,4.8,5.2,4.2
rf,signo_zodiacal_escorpio,472,0.5,0.4800000000000001,0.4698051948051948,0.48,0.46972243442831674,0.438,0.4765607270266713,4.8,5.2,4.8,5.2
rf,signo_zodiacal_escorpio,473,0.5,0.54,0.544977244977245,0.52,0.5259508532627392,0.509,0.53043103078552,5.2,4.4,5.6,4.8
rf,signo_zodiacal_escorpio,474,0.5,0.37,0.3627272727272727,0.34,0.3495238095238095,0.36500000000000005,0.46026395113314617,3.4,6.0,4.0,6.6
rf,signo_zodiacal_escorpio,475,0.5,0.53,0.513888888888889,0.54,0.5236044657097289,0.6119999999999999,0.6592681376930603,5.4,4.8,5.2,4.6
rf,signo_zodiacal_escorpio,476,0.5,0.41,0.3793939393939394,0.3,0.33072091994692615,0.376,0.47634734589455946,3.0,4.8,5.2,7.0
rf,signo_zodiacal_escorpio,477,0.5,0.58,0.5709290709290709,0.6199999999999999,0.588301723851596,0.626,0.6609536270403142,6.2,4.6,5.4,3.8
rf,signo_zodiacal_escorpio,478,0.5,0.61,0.6238733488733489,0.64,0.6266384010091104,0.6519999999999999,0.7083867700926524,6.4,4.2,5.8,3.6
rf,signo_zodiacal_escorpio,479,0.5,0.55,0.5686868686868687,0.52,0.5359079516974254,0.5399999999999999,0.6026568955640164,5.2,4.2,5.8,4.8
rf,signo_zodiacal_escorpio,480,0.5,0.5800000000000001,0.5677777777777777,0.62,0.585424774056353,0.557,0.5914816284506687,6.2,4.6,5.4,3.8
rf,signo_zodiacal_escorpio,481,0.5,0.48,0.4796536796536796,0.45999999999999996,0.46612252556525,0.45200000000000007,0.5483127987423654,4.6,5.0,5.0,5.4
rf,signo_zodiacal_escorpio,482,0.5,0.5,0.49333333333333335,0.5,0.48533333333333334,0.433,0.5029376183671849,5.0,5.0,5.0,5.0
rf,signo_zodiacal_escorpio,483,0.5,0.37,0.3616666666666667,0.32,0.33871345029239763,0.296,0.4332644739161767,3.2,5.8,4.2,6.8
rf,signo_zodiacal_escorpio,484,0.5,0.55,0.5468531468531468,0.56,0.548792270531401,0.5569999999999999,0.5947673611218502,5.6,4.6,5.4,4.4
rf,signo_zodiacal_escorpio,485,0.5,0.49000000000000005,0.48357753357753364,0.4600000000000001,0.46141931496959093,0.488,0.531389351446627,4.6,4.8,5.2,5.4
rf,signo_zodiacal_escorpio,486,0.5,0.55,0.5493589743589744,0.5800000000000001,0.5403427490384012,0.5469999999999999,0.6234582335449208,5.8,4.8,5.2,4.2
rf,signo_zodiacal_escorpio,487,0.5,0.45999999999999996,0.4221212121212122,0.42000000000000004,0.4132011847801321,0.45099999999999996,0.5378691633443955,4.2,5.0,5.0,5.8
rf,signo_zodiacal_escorpio,488,0.5,0.5700000000000001,0.5895238095238096,0.5800000000000001,0.564192513368984,0.5820000000000001,0.6640068809759212,5.8,4.4,5.6,4.2
rf,signo_zodiacal_escorpio,489,0.5,0.5199999999999999,0.5543939393939393,0.4,0.44439560439560444,0.531,0.6018796595561302,4.0,3.6,6.4,6.0
rf,signo_zodiacal_escorpio,490,0.5,0.45,0.4603174603174603,0.5199999999999999,0.4821903242955875,0.45,0.5281895871586274,5.2,6.2,3.8,4.8
rf,signo_zodiacal_escorpio,491,0.5,0.51,0.5159791189202954,0.5800000000000001,0.5351469880881645,0.526,0.5992297410192147,5.8,5.6,4.4,4.2
rf,signo_zodiacal_escorpio,492,0.5,0.41,0.40606060606060607,0.45999999999999996,0.42821067821067815,0.42000000000000004,0.5269297102106699,4.6,6.4,3.6,5.4
rf,signo_zodiacal_escorpio,493,0.5,0.41000000000000003,0.4105050505050505,0.38,0.38751424014581903,0.42400000000000004,0.527393960013155,3.8,5.6,4.4,6.2
rf,signo_zodiacal_escorpio,494,0.5,0.58,0.6066666666666667,0.5199999999999999,0.5538888888888889,0.5800000000000001,0.6271888842151999,5.2,3.6,6.4,4.8
rf,signo_zodiacal_escorpio,495,0.5,0.6100000000000001,0.6372294372294373,0.5599999999999999,0.5901813356921716,0.5820000000000001,0.6378960477946546,5.6,3.4,6.6,4.4
rf,signo_zodiacal_escorpio,496,0.5,0.44000000000000006,0.4456099456099456,0.45999999999999996,0.45061566960880456,0.49000000000000005,0.6067899414826659,4.6,5.8,4.2,5.4
rf,signo_zodiacal_escorpio,497,0.5,0.5,0.5107142857142857,0.56,0.5297258297258297,0.517,0.5916722736327998,5.6,5.6,4.4,4.4
rf,signo_zodiacal_escorpio,498,0.5,0.51,0.5232167832167832,0.52,0.5086768304159609,0.5660000000000001,0.6303473154812165,5.2,5.0,5.0,4.8
rf,signo_zodiacal_escorpio,499,0.5,0.5900000000000001,0.6507936507936508,0.58,0.5695006747638327,0.627,0.6608050093181672,5.8,4.0,6.0,4.2
rf,signo_zodiacal_escorpio,500,0.5,0.41,0.4354545454545454,0.36,0.38349206349206344,0.40099999999999997,0.48628350407762166,3.6,5.4,4.6,6.4
rf,signo_zodiacal_geminis,1,0.5,0.51,0.5045238095238095,0.34,0.39508295625942685,0.48200000000000004,0.5407964539760205,3.4,3.2,6.8,6.6
rf,signo_zodiacal_geminis,2,0.5,0.51,0.5469230769230768,0.5,0.5017617165443252,0.5109999999999999,0.5852118977513714,5.0,4.8,5.2,5.0
rf,signo_zodiacal_geminis,3,0.5,0.49000000000000005,0.4933333333333333,0.5,0.4958395989974937,0.522,0.6010513016395369,5.0,5.2,4.8,5.0
rf,signo_zodiacal_geminis,4,0.5,0.51,0.5153535353535353,0.54,0.521390142021721,0.534,0.5733557831057831,5.4,5.2,4.8,4.6
rf,signo_zodiacal_geminis,5,0.5,0.51,0.4982142857142858,0.58,0.5272315919374743,0.458,0.5525489218383954,5.8,5.6,4.4,4.2
rf,signo_zodiacal_geminis,6,0.5,0.5,0.5094372294372295,0.48,0.4909096270086982,0.46099999999999997,0.5244961961842767,4.8,4.8,5.2,5.2
rf,signo_zodiacal_geminis,7,0.5,0.6,0.6355555555555557,0.48,0.5379239766081871,0.5960000000000001,0.6331225092417043,4.8,2.8,7.2,5.2
rf,signo_zodiacal_geminis,8,0.5,0.6500000000000001,0.642020202020202,0.66,0.6500250626566416,0.707,0.7122777675540832,6.6,3.6,6.4,3.4
rf,signo_zodiacal_geminis,9,0.5,0.5700000000000001,0.5658741258741259,0.6199999999999999,0.5903105590062111,0.562,0.5808033802283028,6.2,4.8,5.2,3.8
rf,signo_zodiacal_geminis,10,0.5,0.45999999999999996,0.4545609945609946,0.48,0.46444589735207586,0.40800000000000003,0.48609890152846813,4.8,5.6,4.4,5.2
rf,signo_zodiacal_geminis,11,0.5,0.38,0.39527777777777773,0.4800000000000001,0.4255955506481822,0.409,0.4912946975624994,4.8,7.2,2.8,5.2
rf,signo_zodiacal_geminis,12,0.5,0.5,0.5087662337662338,0.4,0.4366946778711484,0.586,0.6051861995933203,4.0,4.0,6.0,6.0
rf,signo_zodiacal_geminis,13,0.5,0.45999999999999996,0.4743939393939394,0.48,0.4652106782106783,0.46499999999999997,0.5556472267842236,4.8,5.6,4.4,5.2
rf,signo_zodiacal_geminis,14,0.5,0.4600000000000001,0.452579365079365,0.48,0.45121655949829326,0.49700000000000005,0.5747095327273346,4.8,5.6,4.4,5.2
rf,signo_zodiacal_geminis,15,0.5,0.5,0.5025757575757576,0.5800000000000001,0.531015873015873,0.5189999999999999,0.5877671299288946,5.8,5.8,4.2,4.2
rf,signo_zodiacal_geminis,16,0.5,0.41,0.3940476190476191,0.38,0.3816993464052288,0.42899999999999994,0.5165480265348685,3.8,5.6,4.4,6.2
rf,signo_zodiacal_geminis,17,0.5,0.58,0.584126984126984,0.5599999999999999,0.5605263157894738,0.5700000000000001,0.5960636944754591,5.6,4.0,6.0,4.4
rf,signo_zodiacal_geminis,18,0.5,0.55,0.5573626373626374,0.48,0.4973389909323413,0.613,0.6644952494186239,4.8,3.8,6.2,5.2
rf,signo_zodiacal_geminis,19,0.5,0.3,0.2787878787878788,0.26,0.26553884711779446,0.273,0.4206207528281832,2.6,6.6,3.4,7.4
rf,signo_zodiacal_geminis,20,0.5,0.49000000000000005,0.4976190476190476,0.45999999999999996,0.47450042217844074,0.471,0.5353436014449946,4.6,4.8,5.2,5.4
rf,signo_zodiacal_geminis,21,0.5,0.53,0.5305555555555556,0.5800000000000001,0.548681321221367,0.549,0.5751867011557414,5.8,5.2,4.8,4.2
rf,signo_zodiacal_geminis,22,0.5,0.45,0.45912587412587413,0.48,0.4659351276742581,0.42700000000000005,0.4899696333078685,4.8,5.8,4.2,5.2
rf,signo_zodiacal_geminis,23,0.5,0.6100000000000001,0.6175213675213675,0.6,0.597982109423757,0.6110000000000001,0.6380658508158508,6.0,3.8,6.2,4.0
rf,signo_zodiacal_geminis,24,0.5,0.5399999999999999,0.55,0.48,0.4972549019607843,0.539,0.5451131641835975,4.8,4.0,6.0,5.2
rf,signo_zodiacal_geminis,25,0.5,0.51,0.5085714285714286,0.44000000000000006,0.4597504456327986,0.526,0.5787265410028567,4.4,4.2,5.8,5.6
rf,signo_zodiacal_geminis,26,0.5,0.59,0.6114285714285714,0.5,0.5458823529411765,0.58,0.6159268688827512,5.0,3.2,6.8,5.0
rf,signo_zodiacal_geminis,27,0.5,0.4800000000000001,0.4736013986013986,0.44000000000000006,0.44753278122843343,0.458,0.5597629963775475,4.4,4.8,5.2,5.6
rf,signo_zodiacal_geminis,28,0.5,0.47000000000000003,0.4566317016317016,0.48,0.46489702517162473,0.417,0.48679401257497223,4.8,5.4,4.6,5.2
rf,signo_zodiacal_geminis,29,0.5,0.5000000000000001,0.5084033613445379,0.54,0.512636165577342,0.539,0.5913559752940557,5.4,5.4,4.6,4.6
rf,signo_zodiacal_geminis,30,0.5,0.45,0.44772727272727275,0.42000000000000004,0.42738095238095236,0.4720000000000001,0.5741059398118221,4.2,5.2,4.8,5.8
rf,signo_zodiacal_geminis,31,0.5,0.5,0.48999999999999994,0.5,0.48999999999999994,0.5329999999999999,0.6434229453037502,5.0,5.0,5.0,5.0
rf,signo_zodiacal_geminis,32,0.5,0.5199999999999999,0.503030303030303,0.54,0.5193362193362193,0.5549999999999999,0.6063964444568161,5.4,5.0,5.0,4.6
rf,signo_zodiacal_geminis,33,0.5,0.52,0.5104761904761904,0.48,0.4913544109828939,0.5559999999999999,0.5772954426894055,4.8,4.4,5.6,5.2
rf,signo_zodiacal_geminis,34,0.5,0.52,0.5071561771561772,0.54,0.5135253152644457,0.507,0.5562028429087252,5.4,5.0,5.0,4.6
rf,signo_zodiacal_geminis,35,0.5,0.39999999999999997,0.4069696969696969,0.45999999999999996,0.4314285714285714,0.38199999999999995,0.4968321417144946,4.6,6.6,3.4,5.4
rf,signo_zodiacal_geminis,36,0.5,0.48,0.47435897435897434,0.43999999999999995,0.44960290752456594,0.517,0.560132227851268,4.4,4.8,5.2,5.6
rf,signo_zodiacal_geminis,37,0.5,0.5,0.5081385281385281,0.4800000000000001,0.4815406162464987,0.518,0.611931688624413,4.8,4.8,5.2,5.2
rf,signo_zodiacal_geminis,38,0.5,0.47000000000000003,0.448974358974359,0.44000000000000006,0.43879227053140096,0.46099999999999997,0.5185551192873173,4.4,5.0,5.0,5.6
rf,signo_zodiacal_geminis,39,0.5,0.48,0.44727272727272727,0.44000000000000006,0.43999999999999995,0.45,0.544197285772363,4.4,4.8,5.2,5.6
rf,signo_zodiacal_geminis,40,0.5,0.4800000000000001,0.4834188034188035,0.5,0.48961098398169334,0.466,0.5581813397301014,5.0,5.4,4.6,5.0
rf,signo_zodiacal_geminis,41,0.5,0.36,0.34090909090909094,0.36,0.34554112554112554,0.429,0.5260511618584374,3.6,6.4,3.6,6.4
rf,signo_zodiacal_geminis,42,0.5,0.5,0.49404761904761907,0.5199999999999999,0.501010101010101,0.521,0.5441487946178348,5.2,5.2,4.8,4.8
rf,signo_zodiacal_geminis,43,0.5,0.42000000000000004,0.4193473193473193,0.42000000000000004,0.41644691438741777,0.384,0.5128489700873602,4.2,5.8,4.2,5.8
rf,signo_zodiacal_geminis,44,0.5,0.48999999999999994,0.4862470862470863,0.44000000000000006,0.4476811594202898,0.438,0.5119487363341853,4.4,4.6,5.4,5.6
rf,signo_zodiacal_geminis,45,0.5,0.4600000000000001,0.4409090909090909,0.38,0.3669164169164169,0.43600000000000005,0.5079394129262551,3.8,4.6,5.4,6.2
rf,signo_zodiacal_geminis,46,0.5,0.52,0.5133333333333333,0.58,0.5394066985645932,0.5760000000000001,0.6469607994344837,5.8,5.4,4.6,4.2
rf,signo_zodiacal_geminis,47,0.5,0.51,0.5012515262515262,0.5000000000000001,0.4932161839147975,0.517,0.5420134375428493,5.0,4.8,5.2,5.0
rf,signo_zodiacal_geminis,48,0.5,0.55,0.5340992340992341,0.5199999999999999,0.5182377298745585,0.522,0.5786875977479692,5.2,4.2,5.8,4.8
rf,signo_zodiacal_geminis,49,0.5,0.44000000000000006,0.44303418803418804,0.42000000000000004,0.4277752351894228,0.437,0.5152013062616778,4.2,5.4,4.6,5.8
rf,signo_zodiacal_geminis,50,0.5,0.53,0.5333333333333333,0.58,0.5524027459954233,0.567,0.6148994514257672,5.8,5.2,4.8,4.2
rf,signo_zodiacal_geminis,51,0.5,0.52,0.5466666666666666,0.48,0.4924444444444445,0.514,0.5576151072869339,4.8,4.4,5.6,5.2
rf,signo_zodiacal_geminis,52,0.5,0.39,0.38853923853923855,0.4,0.388266615154487,0.46699999999999997,0.5789191370205302,4.0,6.2,3.8,6.0
rf,signo_zodiacal_geminis,53,0.5,0.4,0.39897435897435896,0.42000000000000004,0.4075057208237986,0.40199999999999997,0.5243718791528389,4.2,6.2,3.8,5.8
rf,signo_zodiacal_geminis,54,0.5,0.44000000000000006,0.4429292929292929,0.45999999999999996,0.44980633401686027,0.476,0.5331967813748,4.6,5.8,4.2,5.4
rf,signo_zodiacal_geminis,55,0.5,0.54,0.5302752802752801,0.5599999999999999,0.5391489651820787,0.541,0.5556361959334095,5.6,4.8,5.2,4.4
rf,signo_zodiacal_geminis,56,0.5,0.38,0.32272727272727275,0.31999999999999995,0.3186147186147186,0.344,0.474697122365079,3.2,5.6,4.4,6.8
rf,signo_zodiacal_geminis,57,0.5,0.41000000000000003,0.42447219447219453,0.44000000000000006,0.4265174211977281,0.352,0.47737458379254044,4.4,6.2,3.8,5.6
rf,signo_zodiacal_geminis,58,0.5,0.5199999999999999,0.5230065359477123,0.5999999999999999,0.5482846003898636,0.578,0.6456118211853505,6.0,5.6,4.4,4.0
rf,signo_zodiacal_geminis,59,0.5,0.48,0.4821428571428571,0.38,0.42132782937736496,0.487,0.5586455852369165,3.8,4.2,5.8,6.2
rf,signo_zodiacal_geminis,60,0.5,0.48,0.48344988344988343,0.5199999999999999,0.4982258016582959,0.45199999999999996,0.5324112835908501,5.2,5.6,4.4,4.8
rf,signo_zodiacal_geminis,61,0.5,0.45,0.4435897435897436,0.5,0.4631268941943326,0.471,0.5308963705712932,5.0,6.0,4.0,5.0
rf,signo_zodiacal_geminis,62,0.5,0.54,0.5413253413253413,0.6,0.5625535589729963,0.503,0.5493668178227002,6.0,5.2,4.8,4.0
rf,signo_zodiacal_geminis,63,0.5,0.4,0.4163170163170163,0.43999999999999995,0.42476315954576815,0.437,0.518009683299157,4.4,6.4,3.6,5.6
rf,signo_zodiacal_geminis,64,0.5,0.45999999999999996,0.4536221947986654,0.5799999999999998,0.5030155538164691,0.44799999999999995,0.508189707781039,5.8,6.6,3.4,4.2
rf,signo_zodiacal_geminis,65,0.5,0.69,0.6754545454545454,0.74,0.7051082251082251,0.6940000000000002,0.7298394383394382,7.4,3.6,6.4,2.6
rf,signo_zodiacal_geminis,66,0.5,0.51,0.5261904761904761,0.52,0.51715920818088,0.49000000000000005,0.5814597918421447,5.2,5.0,5.0,4.8
rf,signo_zodiacal_geminis,67,0.5,0.47000000000000003,0.4605555555555556,0.45999999999999996,0.4581499202551834,0.386,0.48493972041030864,4.6,5.2,4.8,5.4
rf,signo_zodiacal_geminis,68,0.5,0.47000000000000003,0.4815384615384615,0.43999999999999995,0.4542710997442455,0.48600000000000004,0.5306756201315025,4.4,5.0,5.0,5.6
rf,signo_zodiacal_geminis,69,0.5,0.51,0.5406060606060605,0.5199999999999999,0.499962703962704,0.465,0.5371887032815825,5.2,5.0,5.0,4.8
rf,signo_zodiacal_geminis,70,0.5,0.48,0.49444444444444435,0.5,0.49028989586265126,0.485,0.5651972471972472,5.0,5.4,4.6,5.0
rf,signo_zodiacal_geminis,71,0.5,0.42000000000000004,0.41147186147186143,0.43999999999999995,0.4218880534670008,0.399,0.46980860926139567,4.4,6.0,4.0,5.6
rf,signo_zodiacal_geminis,72,0.5,0.51,0.5001680672268908,0.52,0.4898752228163993,0.5880000000000001,0.6497572509190156,5.2,5.0,5.0,4.8
rf,signo_zodiacal_geminis,73,0.5,0.61,0.5864285714285714,0.6200000000000001,0.5951396316102199,0.612,0.6115486735486735,6.2,4.0,6.0,3.8
rf,signo_zodiacal_geminis,74,0.5,0.32999999999999996,0.3520779220779221,0.41999999999999993,0.38173160173160176,0.316,0.44735836798220696,4.2,7.6,2.4,5.8
rf,signo_zodiacal_geminis,75,0.5,0.6199999999999999,0.5936868686868687,0.72,0.6452564978880768,0.6799999999999999,0.7065548783002344,7.2,4.8,5.2,2.8
rf,signo_zodiacal_geminis,76,0.5,0.55,0.5325490196078431,0.66,0.5624761904761904,0.5479999999999999,0.609378687703765,6.6,5.6,4.4,3.4
rf,signo_zodiacal_geminis,77,0.5,0.45,0.44988344988344997,0.5,0.471834725152803,0.491,0.5997942896456829,5.0,6.0,4.0,5.0
rf,signo_zodiacal_geminis,78,0.5,0.4800000000000001,0.49111111111111116,0.58,0.523485380116959,0.41600000000000004,0.4727417690668464,5.8,6.2,3.8,4.2
rf,signo_zodiacal_geminis,79,0.5,0.6699999999999999,0.6721212121212121,0.6599999999999999,0.6650125313283208,0.6460000000000001,0.7017944236705846,6.6,3.2,6.8,3.4
rf,signo_zodiacal_geminis,80,0.5,0.48,0.4797979797979798,0.4,0.4330433927957148,0.519,0.5964282486519329,4.0,4.4,5.6,6.0
rf,signo_zodiacal_geminis,81,0.5,0.43,0.4189144189144189,0.44000000000000006,0.4257446685768128,0.392,0.48070138092042125,4.4,5.8,4.2,5.6
rf,signo_zodiacal_geminis,82,0.5,0.45,0.4362193362193363,0.38,0.4020418693793307,0.404,0.5099469784601364,3.8,4.8,5.2,6.2
rf,signo_zodiacal_geminis,83,0.5,0.41,0.4307359307359307,0.45999999999999996,0.43738021524399234,0.374,0.5041369619372715,4.6,6.4,3.6,5.4
rf,signo_zodiacal_geminis,84,0.5,0.45999999999999996,0.46803418803418806,0.38,0.4043625367767244,0.483,0.5652219063186555,3.8,4.6,5.4,6.2
rf,signo_zodiacal_geminis,85,0.5,0.53,0.5274747474747474,0.54,0.5328822055137844,0.515,0.5459478925786976,5.4,4.8,5.2,4.6
rf,signo_zodiacal_geminis,86,0.5,0.58,0.6172161172161172,0.54,0.5643861892583121,0.599,0.6448286533727712,5.4,3.8,6.2,4.6
rf,signo_zodiacal_geminis,87,0.5,0.5199999999999999,0.5334632034632035,0.5599999999999999,0.5385561497326203,0.53,0.6032798790476809,5.6,5.2,4.8,4.4
rf,signo_zodiacal_geminis,88,0.5,0.5000000000000001,0.5006410256410255,0.48,0.4868039664378337,0.533,0.5633992129301727,4.8,4.8,5.2,5.2
rf,signo_zodiacal_geminis,89,0.5,0.47000000000000003,0.4818253968253968,0.5,0.48546517809675704,0.5149999999999999,0.5878603808472229,5.0,5.6,4.4,5.0
rf,signo_zodiacal_geminis,90,0.5,0.52,0.5283333333333333,0.42000000000000004,0.4644444444444445,0.517,0.5455912039456932,4.2,3.8,6.2,5.8
rf,signo_zodiacal_geminis,91,0.5,0.4600000000000001,0.4657070707070707,0.4,0.42135338345864665,0.41900000000000004,0.535122594124142,4.0,4.8,5.2,6.0
rf,signo_zodiacal_geminis,92,0.5,0.45999999999999996,0.44891774891774894,0.38,0.4077264239028945,0.413,0.4658154894640963,3.8,4.6,5.4,6.2
rf,signo_zodiacal_geminis,93,0.5,0.61,0.6312698412698413,0.5599999999999999,0.5867773712355755,0.5730000000000001,0.6527986186500119,5.6,3.4,6.6,4.4
rf,signo_zodiacal_geminis,94,0.5,0.7,0.7237012987012987,0.6799999999999999,0.6898692810457516,0.6530000000000001,0.6599559796928218,6.8,2.8,7.2,3.2
rf,signo_zodiacal_geminis,95,0.5,0.5900000000000001,0.5961111111111113,0.5800000000000001,0.585465178096757,0.603,0.651159292891491,5.8,4.0,6.0,4.2
rf,signo_zodiacal_geminis,96,0.5,0.41000000000000003,0.4059090909090909,0.4,0.4019047619047619,0.38899999999999996,0.4993966533982014,4.0,5.8,4.2,6.0
rf,signo_zodiacal_geminis,97,0.5,0.54,0.5455011655011656,0.58,0.5576585733107471,0.5890000000000001,0.6576937018949403,5.8,5.0,5.0,4.2
rf,signo_zodiacal_geminis,98,0.5,0.41000000000000003,0.3897186147186147,0.36,0.37212148017101576,0.391,0.45753499261316594,3.6,5.4,4.6,6.4
rf,signo_zodiacal_geminis,99,0.5,0.55,0.538076923076923,0.5399999999999999,0.5298880105401845,0.5149999999999999,0.6140911951825264,5.4,4.4,5.6,4.6
rf,signo_zodiacal_geminis,100,0.5,0.44000000000000006,0.45555555555555555,0.48,0.4650717703349282,0.418,0.5060214981097334,4.8,6.0,4.0,5.2
rf,signo_zodiacal_geminis,101,0.5,0.53,0.5432900432900432,0.43999999999999995,0.4810310088947859,0.5149999999999999,0.5656769327164064,4.4,3.8,6.2,5.6
rf,signo_zodiacal_geminis,102,0.5,0.57,0.5908441558441557,0.52,0.5341176470588235,0.5559999999999999,0.5583985813807795,5.2,3.8,6.2,4.8
rf,signo_zodiacal_geminis,103,0.5,0.51,0.5092496392496393,0.5,0.5010461983836596,0.547,0.6135161782661782,5.0,4.8,5.2,5.0
rf,signo_zodiacal_geminis,104,0.5,0.58,0.5889393939393939,0.5800000000000001,0.5816693248272194,0.618,0.6563443100587063,5.8,4.2,5.8,4.2
rf,signo_zodiacal_geminis,105,0.5,0.39,0.3769563769563769,0.4,0.38433680108198887,0.372,0.4702465333084528,4.0,6.2,3.8,6.0
rf,signo_zodiacal_geminis,106,0.5,0.52,0.5251082251082251,0.48,0.4994102904319623,0.511,0.5753413973367534,4.8,4.4,5.6,5.2
rf,signo_zodiacal_geminis,107,0.5,0.6,0.5993839493839495,0.6599999999999999,0.6200750655993622,0.597,0.6359105518664342,6.6,4.6,5.4,3.4
rf,signo_zodiacal_geminis,108,0.5,0.55,0.5572161172161172,0.54,0.5425440839951541,0.595,0.6888880630893014,5.4,4.4,5.6,4.6
rf,signo_zodiacal_geminis,109,0.5,0.56,0.5538156288156288,0.6200000000000001,0.5784573423017358,0.556,0.601242079987436,6.2,5.0,5.0,3.8
rf,signo_zodiacal_geminis,110,0.5,0.5700000000000001,0.5559307359307359,0.56,0.5548464744749574,0.508,0.6284934741041551,5.6,4.2,5.8,4.4
rf,signo_zodiacal_geminis,111,0.5,0.51,0.5228571428571429,0.43999999999999995,0.47600963192294465,0.45099999999999996,0.5425273276774825,4.4,4.2,5.8,5.6
rf,signo_zodiacal_geminis,112,0.5,0.48999999999999994,0.4955122655122655,0.44000000000000006,0.4633701901813357,0.5469999999999999,0.5926392567700617,4.4,4.6,5.4,5.6
rf,signo_zodiacal_geminis,113,0.5,0.5700000000000001,0.5774447774447775,0.54,0.5502272304802929,0.602,0.6698239989284881,5.4,4.0,6.0,4.6
rf,signo_zodiacal_geminis,114,0.5,0.39,0.3702380952380952,0.34,0.34827688651218064,0.374,0.47049244279971836,3.4,5.6,4.4,6.6
rf,signo_zodiacal_geminis,115,0.5,0.48999999999999994,0.5106893106893107,0.52,0.5053972313563106,0.466,0.5318488009238783,5.2,5.4,4.6,4.8
rf,signo_zodiacal_geminis,116,0.5,0.52,0.5184848484848484,0.5599999999999999,0.5377489177489176,0.523,0.5834457954326375,5.6,5.2,4.8,4.4
rf,signo_zodiacal_geminis,117,0.5,0.52,0.5253113553113553,0.54,0.5267658684026971,0.522,0.5967061533238003,5.4,5.0,5.0,4.6
rf,signo_zodiacal_geminis,118,0.5,0.55,0.5175213675213675,0.54,0.515947477389125,0.536,0.5920550283050282,5.4,4.4,5.6,4.6
rf,signo_zodiacal_geminis,119,0.5,0.5900000000000001,0.6042207792207792,0.54,0.565266106442577,0.6039999999999999,0.6238655880583125,5.4,3.6,6.4,4.6
rf,signo_zodiacal_geminis,120,0.5,0.5399999999999999,0.5587912087912088,0.4600000000000001,0.4849066400015383,0.5589999999999999,0.6666202147525677,4.6,3.8,6.2,5.4
rf,signo_zodiacal_geminis,121,0.5,0.4600000000000001,0.4527777777777778,0.4,0.4245614035087719,0.46900000000000003,0.5252811806356699,4.0,4.8,5.2,6.0
rf,signo_zodiacal_geminis,122,0.5,0.51,0.509090909090909,0.56,0.5241341991341992,0.5519999999999999,0.6011337806500345,5.6,5.4,4.6,4.4
rf,signo_zodiacal_geminis,123,0.5,0.47000000000000003,0.46590909090909094,0.45999999999999996,0.46190476190476193,0.484,0.5422165514224337,4.6,5.2,4.8,5.4
rf,signo_zodiacal_geminis,124,0.5,0.4600000000000001,0.4317099567099566,0.38,0.4000700280112045,0.40700000000000003,0.478475886686413,3.8,4.6,5.4,6.2
rf,signo_zodiacal_geminis,125,0.5,0.37,0.3524664224664225,0.34,0.3414857689834133,0.378,0.49450670940686414,3.4,6.0,4.0,6.6
rf,signo_zodiacal_geminis,126,0.5,0.6300000000000001,0.6417948717948718,0.5599999999999999,0.5785003487561033,0.655,0.7010225966843613,5.6,3.0,7.0,4.4
rf,signo_zodiacal_geminis,127,0.5,0.53,0.5428571428571428,0.45999999999999996,0.49187675070028014,0.487,0.5719720100161277,4.6,4.0,6.0,5.4
rf,signo_zodiacal_geminis,128,0.5,0.5,0.49523809523809526,0.38,0.4277089783281734,0.528,0.593005771576205,3.8,3.8,6.2,6.2
rf,signo_zodiacal_geminis,129,0.5,0.51,0.49757575757575756,0.45999999999999996,0.4741269841269841,0.489,0.584368318987514,4.6,4.4,5.6,5.4
rf,signo_zodiacal_geminis,130,0.5,0.49000000000000005,0.48623376623376624,0.42000000000000004,0.44450243255196814,0.492,0.5397488116458705,4.2,4.4,5.6,5.8
rf,signo_zodiacal_geminis,131,0.5,0.44000000000000006,0.44000000000000006,0.42000000000000004,0.42947368421052634,0.438,0.5250190555058977,4.2,5.4,4.6,5.8
rf,signo_zodiacal_geminis,132,0.5,0.5700000000000001,0.5640559440559441,0.5999999999999999,0.5782470669427191,0.603,0.6367118128689336,6.0,4.6,5.4,4.0
rf,signo_zodiacal_geminis,133,0.5,0.54,0.5629592629592629,0.52,0.5332581239971199,0.497,0.5833345476333093,5.2,4.4,5.6,4.8
rf,signo_zodiacal_geminis,134,0.5,0.51,0.5035714285714286,0.48,0.48300653594771237,0.515,0.5356730754625492,4.8,4.6,5.4,5.2
rf,signo_zodiacal_geminis,135,0.5,0.4800000000000001,0.4797979797979798,0.44000000000000006,0.4532454129977349,0.45700000000000013,0.4949949123803612,4.4,4.8,5.2,5.6
rf,signo_zodiacal_geminis,136,0.5,0.45,0.46789210789210783,0.45999999999999996,0.45818536110096214,0.45999999999999996,0.5325458152958154,4.6,5.6,4.4,5.4
rf,signo_zodiacal_geminis,137,0.5,0.42000000000000004,0.4216666666666667,0.38,0.3971717171717172,0.3990000000000001,0.4838433047860292,3.8,5.4,4.6,6.2
rf,signo_zodiacal_geminis,138,0.5,0.47000000000000003,0.45,0.38,0.4048511430090377,0.46699999999999997,0.5413885564899497,3.8,4.4,5.6,6.2
rf,signo_zodiacal_geminis,139,0.5,0.52,0.5248773448773448,0.45999999999999996,0.4805725543806039,0.5010000000000001,0.5544196442532356,4.6,4.2,5.8,5.4
rf,signo_zodiacal_geminis,140,0.5,0.44000000000000006,0.4432167832167832,0.52,0.47625258799171843,0.471,0.5502860458255195,5.2,6.4,3.6,4.8
rf,signo_zodiacal_geminis,141,0.5,0.61,0.6152380952380953,0.6,0.5845454545454545,0.65,0.6710390442890443,6.0,3.8,6.2,4.0
rf,signo_zodiacal_geminis,142,0.5,0.5299999999999999,0.5142857142857142,0.45999999999999996,0.47606342058354445,0.5690000000000001,0.6423695460885863,4.6,4.0,6.0,5.4
rf,signo_zodiacal_geminis,143,0.5,0.36,0.38065934065934065,0.45999999999999996,0.41463768115942023,0.379,0.5433054050352811,4.6,7.4,2.6,5.4
rf,signo_zodiacal_geminis,144,0.5,0.48999999999999994,0.4903069153069152,0.5399999999999999,0.508886346300534,0.457,0.5459964294391539,5.4,5.6,4.4,4.6
rf,signo_zodiacal_geminis,145,0.5,0.49000000000000005,0.4824975024975025,0.48,0.47550196890350344,0.5290000000000001,0.5580154269535074,4.8,5.0,5.0,5.2
rf,signo_zodiacal_geminis,146,0.5,0.5599999999999999,0.5624242424242424,0.5599999999999999,0.5585813017391963,0.5429999999999999,0.6328974389903183,5.6,4.4,5.6,4.4
rf,signo_zodiacal_geminis,147,0.5,0.45,0.4569230769230769,0.52,0.4851383399209486,0.413,0.4713208839663948,5.2,6.2,3.8,4.8
rf,signo_zodiacal_geminis,148,0.5,0.47000000000000003,0.4731313131313131,0.45999999999999996,0.4657644110275688,0.44299999999999995,0.5296991815374168,4.6,5.2,4.8,5.4
rf,signo_zodiacal_geminis,149,0.5,0.5800000000000001,0.604965034965035,0.54,0.5496756383712905,0.659,0.7014549129061513,5.4,3.8,6.2,4.6
rf,signo_zodiacal_geminis,150,0.5,0.51,0.5130891330891331,0.45999999999999996,0.47611993538834296,0.518,0.5726741128668373,4.6,4.4,5.6,5.4
rf,signo_zodiacal_geminis,151,0.5,0.45,0.44147186147186146,0.42000000000000004,0.428031844316674,0.44499999999999995,0.5154780127852883,4.2,5.2,4.8,5.8
rf,signo_zodiacal_geminis,152,0.5,0.55,0.5555555555555556,0.5399999999999999,0.5405502392344498,0.5119999999999999,0.562092535947025,5.4,4.4,5.6,4.6
rf,signo_zodiacal_geminis,153,0.5,0.4600000000000001,0.44401154401154397,0.42000000000000004,0.4297655904467049,0.409,0.4824508922450098,4.2,5.0,5.0,5.8
rf,signo_zodiacal_geminis,154,0.5,0.49000000000000005,0.4833333333333333,0.54,0.5056087187666135,0.446,0.5015347877097103,5.4,5.6,4.4,4.6
rf,signo_zodiacal_geminis,155,0.5,0.52,0.5257142857142857,0.54,0.528888888888889,0.479,0.5468062138240157,5.4,5.0,5.0,4.6
rf,signo_zodiacal_geminis,156,0.5,0.47000000000000003,0.4688888888888889,0.38000000000000006,0.4178052975576196,0.489,0.5277852147852148,3.8,4.4,5.6,6.2
rf,signo_zodiacal_geminis,157,0.5,0.49000000000000005,0.49606782106782116,0.45999999999999996,0.4731096904471518,0.45899999999999996,0.5625250336179128,4.6,4.8,5.2,5.4
rf,signo_zodiacal_geminis,158,0.5,0.5900000000000001,0.5983333333333334,0.6000000000000001,0.594093567251462,0.58,0.6267070598819825,6.0,4.2,5.8,4.0
rf,signo_zodiacal_geminis,159,0.5,0.4800000000000001,0.5033333333333333,0.43999999999999995,0.4640191387559808,0.475,0.5859964855406032,4.4,4.8,5.2,5.6
rf,signo_zodiacal_geminis,160,0.5,0.53,0.5668181818181819,0.5399999999999999,0.5385873015873016,0.5619999999999999,0.6854528243514311,5.4,4.8,5.2,4.6
rf,signo_zodiacal_geminis,161,0.5,0.37,0.37787878787878787,0.41999999999999993,0.39714285714285713,0.30400000000000005,0.4549307161706542,4.2,6.8,3.2,5.8
rf,signo_zodiacal_geminis,162,0.5,0.5000000000000001,0.4880230880230879,0.44000000000000006,0.45689960194604157,0.43499999999999994,0.4918066757803599,4.4,4.4,5.6,5.6
rf,signo_zodiacal_geminis,163,0.5,0.52,0.5258547008547009,0.5,0.5014377181425236,0.517,0.6018437487864732,5.0,4.6,5.4,5.0
rf,signo_zodiacal_geminis,164,0.5,0.5700000000000001,0.5640476190476191,0.5599999999999999,0.5562448009506833,0.619,0.6402068389127213,5.6,4.2,5.8,4.4
rf,signo_zodiacal_geminis,165,0.5,0.37,0.29333333333333333,0.32,0.30166666666666664,0.34199999999999997,0.4409224217474992,3.2,5.8,4.2,6.8
rf,signo_zodiacal_geminis,166,0.5,0.51,0.5222222222222221,0.42000000000000004,0.4559276980329612,0.53,0.5896328667033001,4.2,4.0,6.0,5.8
rf,signo_zodiacal_geminis,167,0.5,0.42000000000000004,0.41955266955266957,0.4,0.4061088550252637,0.4050000000000001,0.5312004755650266,4.0,5.6,4.4,6.0
rf,signo_zodiacal_geminis,168,0.5,0.5399999999999999,0.5420634920634921,0.5199999999999999,0.5239766081871344,0.5339999999999999,0.5994147139410296,5.2,4.4,5.6,4.8
rf,signo_zodiacal_geminis,169,0.5,0.55,0.600079365079365,0.45999999999999996,0.5105444538261875,0.561,0.6219224576592998,4.6,3.6,6.4,5.4
rf,signo_zodiacal_geminis,170,0.5,0.47000000000000003,0.4446464646464646,0.42000000000000004,0.4183563804616436,0.462,0.5386479719111297,4.2,4.8,5.2,5.8
rf,signo_zodiacal_geminis,171,0.5,0.45999999999999996,0.4597402597402597,0.5,0.4698051948051948,0.438,0.49122361891634336,5.0,5.8,4.2,5.0
rf,signo_zodiacal_geminis,172,0.5,0.4600000000000001,0.43888888888888894,0.45999999999999996,0.44130781499202554,0.508,0.5954722130294885,4.6,5.4,4.6,5.4
rf,signo_zodiacal_geminis,173,0.5,0.55,0.5316017316017316,0.64,0.5774436090225563,0.5209999999999999,0.5738405103668262,6.4,5.4,4.6,3.6
rf,signo_zodiacal_geminis,174,0.5,0.45999999999999996,0.4580219780219781,0.43999999999999995,0.43902697047198325,0.422,0.49672523108126826,4.4,5.2,4.8,5.6
rf,signo_zodiacal_geminis,175,0.5,0.48,0.5161965811965812,0.42000000000000004,0.44538374922814283,0.493,0.5851220821661999,4.2,4.6,5.4,5.8
rf,signo_zodiacal_geminis,176,0.5,0.55,0.5482983682983683,0.64,0.587072463768116,0.518,0.5595314752327136,6.4,5.4,4.6,3.6
rf,signo_zodiacal_geminis,177,0.5,0.57,0.5854761904761905,0.48,0.5247471620227038,0.665,0.6481933252506008,4.8,3.4,6.6,5.2
rf,signo_zodiacal_geminis,178,0.5,0.48999999999999994,0.4883333333333333,0.44000000000000006,0.46187134502923977,0.484,0.5894738147988922,4.4,4.6,5.4,5.6
rf,signo_zodiacal_geminis,179,0.5,0.45,0.43551948051948053,0.4,0.4048739495798319,0.491,0.5448451440200666,4.0,5.0,5.0,6.0
rf,signo_zodiacal_geminis,180,0.5,0.5,0.5007770007770007,0.5399999999999999,0.5151284007119247,0.595,0.681207466939665,5.4,5.4,4.6,4.6
rf,signo_zodiacal_geminis,181,0.5,0.41999999999999993,0.40555555555555556,0.44000000000000006,0.4175704412546518,0.36500000000000005,0.46564328155504625,4.4,6.0,4.0,5.6
rf,signo_zodiacal_geminis,182,0.5,0.5,0.48505050505050507,0.41999999999999993,0.4435964912280702,0.51,0.5911668239740996,4.2,4.2,5.8,5.8
rf,signo_zodiacal_geminis,183,0.5,0.5700000000000001,0.5611111111111111,0.64,0.5946570972886762,0.614,0.6400204223880694,6.4,5.0,5.0,3.6
rf,signo_zodiacal_geminis,184,0.5,0.5,0.5311111111111111,0.44000000000000006,0.4595288921604711,0.45600000000000007,0.549393765161567,4.4,4.4,5.6,5.6
rf,signo_zodiacal_geminis,185,0.5,0.52,0.5337662337662338,0.45999999999999996,0.4878851540616246,0.503,0.5995718838265277,4.6,4.2,5.8,5.4
rf,signo_zodiacal_geminis,186,0.5,0.54,0.5507936507936508,0.44000000000000006,0.48765049879600963,0.513,0.5821252976469694,4.4,3.6,6.4,5.6
rf,signo_zodiacal_geminis,187,0.5,0.53,0.5305916305916306,0.54,0.5279522335249889,0.569,0.614170680626563,5.4,4.8,5.2,4.6
rf,signo_zodiacal_geminis,188,0.5,0.5700000000000001,0.5598412698412698,0.6,0.5696009006473403,0.549,0.5576581365830593,6.0,4.6,5.4,4.0
rf,signo_zodiacal_geminis,189,0.5,0.54,0.5331890331890332,0.5599999999999999,0.5401371074745687,0.5820000000000001,0.6423232039718109,5.6,4.8,5.2,4.4
rf,signo_zodiacal_geminis,190,0.5,0.51,0.5076923076923077,0.5399999999999999,0.5217391304347826,0.536,0.6069728959550942,5.4,5.2,4.8,4.6
rf,signo_zodiacal_geminis,191,0.5,0.49000000000000005,0.48344988344988343,0.5800000000000001,0.5240248447204968,0.51,0.599610426553151,5.8,6.0,4.0,4.2
rf,signo_zodiacal_geminis,192,0.5,0.5200000000000001,0.525,0.5,0.5095238095238095,0.576,0.6471983937115516,5.0,4.6,5.4,5.0
rf,signo_zodiacal_geminis,193,0.5,0.44000000000000006,0.43090909090909096,0.4,0.40857142857142853,0.46699999999999997,0.5663833034011052,4.0,5.2,4.8,6.0
rf,signo_zodiacal_geminis,194,0.5,0.44000000000000006,0.4441558441558441,0.44000000000000006,0.4356676003734828,0.40099999999999997,0.49611971508024133,4.4,5.6,4.4,5.6
rf,signo_zodiacal_geminis,195,0.5,0.43,0.4373809523809523,0.3,0.3515239078087375,0.43,0.5181241521636258,3.0,4.4,5.6,7.0
rf,signo_zodiacal_geminis,196,0.5,0.51,0.48611111111111105,0.45999999999999996,0.4673843700159489,0.491,0.5483205683205683,4.6,4.4,5.6,5.4
rf,signo_zodiacal_geminis,197,0.5,0.5700000000000001,0.6119047619047618,0.48,0.5169320359722837,0.5519999999999999,0.6197992295801893,4.8,3.4,6.6,5.2
rf,signo_zodiacal_geminis,198,0.5,0.55,0.5700000000000001,0.45999999999999996,0.49136363636363634,0.527,0.5742889614685279,4.6,3.6,6.4,5.4
rf,signo_zodiacal_geminis,199,0.5,0.42000000000000004,0.4207142857142857,0.32,0.3572549019607843,0.41100000000000003,0.5217740139976982,3.2,4.8,5.2,6.8
rf,signo_zodiacal_geminis,200,0.5,0.49000000000000005,0.5083333333333333,0.43999999999999995,0.4468198468198469,0.495,0.5972084314893912,4.4,4.6,5.4,5.6
rf,signo_zodiacal_geminis,201,0.5,0.45,0.44722222222222224,0.44000000000000006,0.439766081871345,0.454,0.5145503467121114,4.4,5.4,4.6,5.6
rf,signo_zodiacal_geminis,202,0.5,0.52,0.521037851037851,0.6,0.5538534082241175,0.499,0.6047051745124501,6.0,5.6,4.4,4.0
rf,signo_zodiacal_geminis,203,0.5,0.45,0.4359523809523809,0.38,0.4011378490790255,0.41600000000000004,0.5032816838304454,3.8,4.8,5.2,6.2
rf,signo_zodiacal_geminis,204,0.5,0.48,0.4920634920634921,0.52,0.4951850007577562,0.49800000000000005,0.5540881438822616,5.2,5.6,4.4,4.8
rf,signo_zodiacal_geminis,205,0.5,0.53,0.5342857142857143,0.52,0.5236414565826331,0.597,0.6633114620157963,5.2,4.6,5.4,4.8
rf,signo_zodiacal_geminis,206,0.5,0.43,0.4288888888888889,0.47999999999999987,0.4499681020733653,0.366,0.4698743221862417,4.8,6.2,3.8,5.2
rf,signo_zodiacal_geminis,207,0.5,0.51,0.5204822954822955,0.5,0.5028780196635897,0.52,0.5846105381546558,5.0,4.8,5.2,5.0
rf,signo_zodiacal_geminis,208,0.5,0.5900000000000001,0.5784615384615386,0.5599999999999999,0.5536645962732919,0.595,0.6149111176920774,5.6,3.8,6.2,4.4
rf,signo_zodiacal_geminis,209,0.5,0.45999999999999996,0.46313131313131317,0.54,0.4961152882205514,0.496,0.5468042421115177,5.4,6.2,3.8,4.6
rf,signo_zodiacal_geminis,210,0.5,0.45,0.4444444444444445,0.44000000000000006,0.44066985645933016,0.45099999999999996,0.5481398756042719,4.4,5.4,4.6,5.6
rf,signo_zodiacal_geminis,211,0.5,0.45999999999999996,0.4592424242424242,0.4800000000000001,0.4477142857142857,0.385,0.47691016336604564,4.8,5.6,4.4,5.2
rf,signo_zodiacal_geminis,212,0.5,0.45999999999999996,0.45500000000000007,0.4,0.4250292397660818,0.41500000000000004,0.5114037741584181,4.0,4.8,5.2,6.0
rf,signo_zodiacal_geminis,213,0.5,0.49000000000000005,0.48888888888888893,0.5,0.4933014354066986,0.527,0.5806019072946318,5.0,5.2,4.8,5.0
rf,signo_zodiacal_geminis,214,0.5,0.51,0.5177045177045178,0.42000000000000004,0.44976037707226296,0.611,0.6448242449844617,4.2,4.0,6.0,5.8
rf,signo_zodiacal_geminis,215,0.5,0.58,0.5794949494949495,0.5599999999999999,0.5629744816586921,0.617,0.6377596249639593,5.6,4.0,6.0,4.4
rf,signo_zodiacal_geminis,216,0.5,0.55,0.5665501165501166,0.5,0.5163779012749264,0.585,0.6332337847910603,5.0,4.0,6.0,5.0
rf,signo_zodiacal_geminis,217,0.5,0.39,0.39819291819291813,0.4,0.3944825560763102,0.362,0.5107877533543168,4.0,6.2,3.8,6.0
rf,signo_zodiacal_geminis,218,0.5,0.55,0.5494444444444444,0.52,0.5307177033492823,0.6040000000000001,0.6771365476628634,5.2,4.2,5.8,4.8
rf,signo_zodiacal_geminis,219,0.5,0.38,0.39269841269841266,0.44000000000000006,0.41070175438596496,0.359,0.47135554418062153,4.4,6.8,3.2,5.6
rf,signo_zodiacal_geminis,220,0.5,0.48999999999999994,0.4855555555555555,0.45999999999999996,0.4664832535885167,0.45199999999999996,0.514706181675222,4.6,4.8,5.2,5.4
rf,signo_zodiacal_geminis,221,0.5,0.38,0.3789044289044289,0.42000000000000004,0.3961068679604149,0.337,0.4488238051078609,4.2,6.6,3.4,5.8
rf,signo_zodiacal_geminis,222,0.5,0.6299999999999999,0.6309523809523809,0.6,0.6065531475748194,0.7120000000000001,0.7342810844985767,6.0,3.4,6.6,4.0
rf,signo_zodiacal_geminis,223,0.5,0.48,0.475,0.44000000000000006,0.44252136752136756,0.472,0.5139313517579771,4.4,4.8,5.2,5.6
rf,signo_zodiacal_geminis,224,0.5,0.52,0.5097125097125097,0.5599999999999999,0.5261619521950657,0.506,0.5775043269424074,5.6,5.2,4.8,4.4
rf,signo_zodiacal_geminis,225,0.5,0.41,0.3903030303030303,0.3,0.31934065934065936,0.372,0.49760252758936974,3.0,4.8,5.2,7.0
rf,signo_zodiacal_geminis,226,0.5,0.52,0.528968253968254,0.48,0.4986677924758419,0.5379999999999999,0.5748716159141856,4.8,4.4,5.6,5.2
rf,signo_zodiacal_geminis,227,0.5,0.53,0.5144022644022643,0.6,0.5475221709237055,0.5820000000000001,0.6268776866408445,6.0,5.4,4.6,4.0
rf,signo_zodiacal_geminis,228,0.5,0.5599999999999999,0.5626262626262626,0.56,0.5601503759398495,0.5609999999999999,0.5954474212577928,5.6,4.4,5.6,4.4
rf,signo_zodiacal_geminis,229,0.5,0.53,0.5234188034188035,0.5599999999999999,0.538223424173081,0.531,0.6172678822725262,5.6,5.0,5.0,4.4
rf,signo_zodiacal_geminis,230,0.5,0.49000000000000005,0.48888888888888893,0.54,0.5104010025062656,0.46900000000000003,0.532110962566845,5.4,5.6,4.4,4.6
rf,signo_zodiacal_geminis,231,0.5,0.42000000000000004,0.4133333333333333,0.36,0.384093567251462,0.38900000000000007,0.4822735609763473,3.6,5.2,4.8,6.4
rf,signo_zodiacal_geminis,232,0.5,0.32,0.2904761904761905,0.27999999999999997,0.28246552209400505,0.32300000000000006,0.4325660377634062,2.8,6.4,3.6,7.2
rf,signo_zodiacal_geminis,233,0.5,0.45999999999999996,0.4333333333333333,0.36,0.3894736842105263,0.437,0.49661252799488087,3.6,4.4,5.6,6.4
rf,signo_zodiacal_geminis,234,0.5,0.51,0.5113863913863913,0.45999999999999996,0.47082360633040404,0.491,0.5227905628083647,4.6,4.4,5.6,5.4
rf,signo_zodiacal_geminis,235,0.5,0.42000000000000004,0.41813131313131313,0.41999999999999993,0.4170243791296423,0.44399999999999995,0.513232063687946,4.2,5.8,4.2,5.8
rf,signo_zodiacal_geminis,236,0.5,0.51,0.5111111111111111,0.42000000000000004,0.45862573099415205,0.549,0.5549313474623072,4.2,4.0,6.0,5.8
rf,signo_zodiacal_geminis,237,0.5,0.5599999999999999,0.5622222222222222,0.58,0.5671929824561402,0.5399999999999999,0.6144640076126143,5.8,4.6,5.4,4.2
rf,signo_zodiacal_geminis,238,0.5,0.4800000000000001,0.46925574425574423,0.43999999999999995,0.4473917103073113,0.485,0.5569819810392566,4.4,4.8,5.2,5.6
rf,signo_zodiacal_geminis,239,0.5,0.4,0.35126050420168065,0.4,0.35525988173047,0.353,0.44331386466990186,4.0,6.0,4.0,6.0
rf,signo_zodiacal_geminis,240,0.5,0.5999999999999999,0.6288888888888888,0.5599999999999999,0.5799681020733651,0.6799999999999999,0.7346258453448856,5.6,3.6,6.4,4.4
rf,signo_zodiacal_geminis,241,0.5,0.41,0.38848484848484843,0.38,0.37875901875901874,0.476,0.5392885915254337,3.8,5.6,4.4,6.2
rf,signo_zodiacal_geminis,242,0.5,0.5700000000000001,0.5733333333333334,0.62,0.5925062656641604,0.5900000000000001,0.6102419765477041,6.2,4.8,5.2,3.8
rf,signo_zodiacal_geminis,243,0.5,0.52,0.5166666666666666,0.42000000000000004,0.4611111111111111,0.462,0.5321335372573761,4.2,3.8,6.2,5.8
rf,signo_zodiacal_geminis,244,0.5,0.5599999999999999,0.5506060606060605,0.5599999999999999,0.5526528442317915,0.5720000000000001,0.650794622474189,5.6,4.4,5.6,4.4
rf,signo_zodiacal_geminis,245,0.5,0.51,0.5093589743589744,0.54,0.520122968818621,0.542,0.5957527384895807,5.4,5.2,4.8,4.6
rf,signo_zodiacal_geminis,246,0.5,0.32999999999999996,0.3288888888888889,0.31999999999999995,0.32325358851674635,0.354,0.45845944191687227,3.2,6.6,3.4,6.8
rf,signo_zodiacal_geminis,247,0.5,0.45999999999999996,0.4461338661338662,0.42000000000000004,0.42185117525270976,0.45199999999999996,0.5268965946334367,4.2,5.0,5.0,5.8
rf,signo_zodiacal_geminis,248,0.5,0.4600000000000001,0.4581746031746031,0.41999999999999993,0.4340857491321888,0.5,0.5680541598923952,4.2,5.0,5.0,5.8
rf,signo_zodiacal_geminis,249,0.5,0.43000000000000005,0.42113386613386605,0.41999999999999993,0.41518450858604317,0.40499999999999997,0.48722175983631083,4.2,5.6,4.4,5.8
rf,signo_zodiacal_geminis,250,0.5,0.49000000000000005,0.48344988344988343,0.5,0.4886564236678653,0.43899999999999995,0.5109050563299788,5.0,5.2,4.8,5.0
rf,signo_zodiacal_geminis,251,0.5,0.6599999999999999,0.7144444444444444,0.6,0.6422417675204053,0.675,0.7105148717811256,6.0,2.8,7.2,4.0
rf,signo_zodiacal_geminis,252,0.5,0.43,0.42388888888888887,0.36,0.38587719298245615,0.44000000000000006,0.539390695304008,3.6,5.0,5.0,6.4
rf,signo_zodiacal_geminis,253,0.5,0.47000000000000003,0.4642857142857143,0.44000000000000006,0.44563279857397503,0.42300000000000004,0.5343410694912243,4.4,5.0,5.0,5.6
rf,signo_zodiacal_geminis,254,0.5,0.45999999999999996,0.4833333333333334,0.43999999999999995,0.4525252525252525,0.519,0.6038365070601912,4.4,5.2,4.8,5.6
rf,signo_zodiacal_geminis,255,0.5,0.5900000000000001,0.5761072261072261,0.62,0.5890222096743836,0.619,0.6684542124542123,6.2,4.4,5.6,3.8
rf,signo_zodiacal_geminis,256,0.5,0.5800000000000001,0.5944444444444444,0.5,0.5426900584795321,0.5269999999999999,0.5608658204540558,5.0,3.4,6.6,5.0
rf,signo_zodiacal_geminis,257,0.5,0.4,0.3851587301587302,0.3,0.33436016511867905,0.45400000000000007,0.5114223466591887,3.0,5.0,5.0,7.0
rf,signo_zodiacal_geminis,258,0.5,0.42000000000000004,0.40173992673992676,0.4,0.3943475677491023,0.393,0.49999535655263216,4.0,5.6,4.4,6.0
rf,signo_zodiacal_geminis,259,0.5,0.4699999999999999,0.4590909090909091,0.45999999999999996,0.4587301587301587,0.44300000000000006,0.4894152210019083,4.6,5.2,4.8,5.4
rf,signo_zodiacal_geminis,260,0.5,0.55,0.5561111111111112,0.48,0.5141520467836257,0.5359999999999999,0.6027322030394786,4.8,3.8,6.2,5.2
rf,signo_zodiacal_geminis,261,0.5,0.51,0.5194444444444445,0.5599999999999999,0.5330409356725146,0.4960000000000001,0.5387244483242936,5.6,5.4,4.6,4.4
rf,signo_zodiacal_geminis,262,0.5,0.48,0.47793650793650794,0.4,0.4228507096618552,0.48599999999999993,0.5660688772012301,4.0,4.4,5.6,6.0
rf,signo_zodiacal_geminis,263,0.5,0.54,0.55,0.45999999999999996,0.4980392156862745,0.5640000000000001,0.6003271609711238,4.6,3.8,6.2,5.4
rf,signo_zodiacal_geminis,264,0.5,0.5700000000000001,0.5807503607503607,0.54,0.5567241633495504,0.598,0.6738546839297612,5.4,4.0,6.0,4.6
rf,signo_zodiacal_geminis,265,0.5,0.6,0.6026007326007327,0.6,0.5929391097677542,0.583,0.5978416177046209,6.0,4.0,6.0,4.0
rf,signo_zodiacal_geminis,266,0.5,0.54,0.54,0.52,0.5288888888888889,0.548,0.5844705125455899,5.2,4.4,5.6,4.8
rf,signo_zodiacal_geminis,267,0.5,0.54,0.5654700854700854,0.48,0.5070022883295194,0.5369999999999999,0.6077463549522373,4.8,4.0,6.0,5.2
rf,signo_zodiacal_geminis,268,0.5,0.5900000000000001,0.5856410256410256,0.64,0.609802371541502,0.61,0.6275102736101188,6.4,4.6,5.4,3.6
rf,signo_zodiacal_geminis,269,0.5,0.5599999999999999,0.5619780219780219,0.5,0.5129996346364634,0.541,0.6270958800401525,5.0,3.8,6.2,5.0
rf,signo_zodiacal_geminis,270,0.5,0.52,0.5142857142857142,0.54,0.5228070175438596,0.504,0.5766198625935468,5.4,5.0,5.0,4.6
rf,signo_zodiacal_geminis,271,0.5,0.45,0.4307575757575758,0.38,0.3998412698412698,0.445,0.5157322569071795,3.8,4.8,5.2,6.2
rf,signo_zodiacal_geminis,272,0.5,0.4600000000000001,0.44945054945054946,0.48,0.4604975587072774,0.461,0.5529504568359058,4.8,5.6,4.4,5.2
rf,signo_zodiacal_geminis,273,0.5,0.5,0.5,0.42000000000000004,0.4444444444444445,0.549,0.6053992386182789,4.2,4.2,5.8,5.8
rf,signo_zodiacal_geminis,274,0.5,0.43,0.4201770451770452,0.44000000000000006,0.4226118364966124,0.39499999999999996,0.4764349631276875,4.4,5.8,4.2,5.6
rf,signo_zodiacal_geminis,275,0.5,0.53,0.5533333333333333,0.5,0.5144497607655503,0.531,0.5657680565048986,5.0,4.4,5.6,5.0
rf,signo_zodiacal_geminis,276,0.5,0.5,0.5801587301587302,0.42000000000000004,0.4425180598555212,0.48200000000000004,0.5552177528353999,4.2,4.2,5.8,5.8
rf,signo_zodiacal_geminis,277,0.5,0.6,0.6078282828282828,0.5599999999999999,0.5812865497076023,0.527,0.5721777189099171,5.6,3.6,6.4,4.4
rf,signo_zodiacal_geminis,278,0.5,0.51,0.5023809523809524,0.4999999999999999,0.4964255558682803,0.449,0.5338094230331072,5.0,4.8,5.2,5.0
rf,signo_zodiacal_geminis,279,0.5,0.5800000000000001,0.5590909090909091,0.58,0.5603463203463204,0.583,0.5812592103458977,5.8,4.2,5.8,4.2
rf,signo_zodiacal_geminis,280,0.5,0.37999999999999995,0.3836247086247086,0.42000000000000004,0.39731938542007195,0.34299999999999997,0.4411206324635117,4.2,6.6,3.4,5.8
rf,signo_zodiacal_geminis,281,0.5,0.4,0.380952380952381,0.38,0.3759358288770054,0.44499999999999995,0.540784121880871,3.8,5.8,4.2,6.2
rf,signo_zodiacal_geminis,282,0.5,0.49000000000000005,0.4916666666666666,0.48,0.4813397129186603,0.49400000000000005,0.5746145064086241,4.8,5.0,5.0,5.2
rf,signo_zodiacal_geminis,283,0.5,0.5,0.4990476190476191,0.43999999999999995,0.4546491228070176,0.489,0.543159017882702,4.4,4.4,5.6,5.6
rf,signo_zodiacal_geminis,284,0.5,0.54,0.5376923076923077,0.45999999999999996,0.48618357487922703,0.5189999999999999,0.5424953184070831,4.6,3.8,6.2,5.4
rf,signo_zodiacal_geminis,285,0.5,0.49000000000000005,0.5019230769230769,0.5399999999999999,0.5064009661835749,0.499,0.561796248471171,5.4,5.6,4.4,4.6
rf,signo_zodiacal_geminis,286,0.5,0.44000000000000006,0.44190476190476186,0.32,0.366687306501548,0.512,0.5777597855361012,3.2,4.4,5.6,6.8
rf,signo_zodiacal_geminis,287,0.5,0.56,0.5637806637806638,0.6,0.5675438596491228,0.5599999999999999,0.54819804052157,6.0,4.8,5.2,4.0
rf,signo_zodiacal_geminis,288,0.5,0.4699999999999999,0.4742857142857142,0.45999999999999996,0.4636414565826331,0.543,0.6412575181955986,4.6,5.2,4.8,5.4
rf,signo_zodiacal_geminis,289,0.5,0.49000000000000005,0.4928871128871129,0.4800000000000001,0.47998376162059025,0.542,0.6311163270853674,4.8,5.0,5.0,5.2
rf,signo_zodiacal_geminis,290,0.5,0.52,0.5470862470862471,0.5,0.5124032908357851,0.544,0.6116162536294115,5.0,4.6,5.4,5.0
rf,signo_zodiacal_geminis,291,0.5,0.5799999999999998,0.604920634920635,0.48,0.5243005910498171,0.575,0.6030310506486977,4.8,3.2,6.8,5.2
rf,signo_zodiacal_geminis,292,0.5,0.43,0.4080519480519481,0.4,0.39229691876750705,0.534,0.5854459033398662,4.0,5.4,4.6,6.0
rf,signo_zodiacal_geminis,293,0.5,0.5700000000000001,0.5638888888888889,0.52,0.5259883040935672,0.568,0.5964153887048622,5.2,3.8,6.2,4.8
rf,signo_zodiacal_geminis,294,0.5,0.54,0.5332478632478632,0.58,0.5532223840232994,0.552,0.6235605972974394,5.8,5.0,5.0,4.2
rf,signo_zodiacal_geminis,295,0.5,0.48,0.47555555555555545,0.42000000000000004,0.4451461988304094,0.4779999999999999,0.5479150012354347,4.2,4.6,5.4,5.8
rf,signo_zodiacal_geminis,296,0.5,0.5,0.49863636363636366,0.5,0.4980952380952381,0.523,0.5883765123765123,5.0,5.0,5.0,5.0
rf,signo_zodiacal_geminis,297,0.5,0.6599999999999999,0.6822161172161172,0.6599999999999999,0.6622144720865949,0.6769999999999999,0.6546197093240437,6.6,3.4,6.6,3.4
rf,signo_zodiacal_geminis,298,0.5,0.45999999999999996,0.45999999999999996,0.5,0.47861471861471855,0.47800000000000004,0.5640570877351062,5.0,5.8,4.2,5.0
rf,signo_zodiacal_geminis,299,0.5,0.4800000000000001,0.48041958041958044,0.5599999999999999,0.5165443252399774,0.487,0.5479854569235375,5.6,6.0,4.0,4.4
rf,signo_zodiacal_geminis,300,0.5,0.5700000000000001,0.6333333333333334,0.52,0.5458839406207827,0.6220000000000001,0.6781071881335039,5.2,3.8,6.2,4.8
rf,signo_zodiacal_geminis,301,0.5,0.6,0.5931818181818181,0.6,0.5952380952380952,0.6319999999999999,0.678490748415671,6.0,4.0,6.0,4.0
rf,signo_zodiacal_geminis,302,0.5,0.54,0.5619047619047619,0.4800000000000001,0.5049019607843137,0.581,0.5762491833931462,4.8,4.0,6.0,5.2
rf,signo_zodiacal_geminis,303,0.5,0.6,0.6206349206349205,0.5399999999999999,0.5632696938424493,0.5720000000000001,0.621258672871676,5.4,3.4,6.6,4.6
rf,signo_zodiacal_geminis,304,0.5,0.4800000000000001,0.46760073260073265,0.42000000000000004,0.4334441602728048,0.561,0.6422385382075785,4.2,4.6,5.4,5.8
rf,signo_zodiacal_geminis,305,0.5,0.48,0.48119658119658115,0.41999999999999993,0.44215312364457604,0.462,0.5538380889835998,4.2,4.6,5.4,5.8
rf,signo_zodiacal_geminis,306,0.5,0.5000000000000001,0.49796037296037304,0.54,0.5129853619556137,0.526,0.5911176780735604,5.4,5.4,4.6,4.6
rf,signo_zodiacal_geminis,307,0.5,0.45999999999999996,0.45138528138528133,0.5,0.4698726763432646,0.458,0.5537622932622932,5.0,5.8,4.2,5.0
rf,signo_zodiacal_geminis,308,0.5,0.53,0.5622222222222223,0.48,0.49787719298245614,0.5850000000000001,0.6355668024785672,4.8,4.2,5.8,5.2
rf,signo_zodiacal_geminis,309,0.5,0.5799999999999998,0.5903968253968254,0.58,0.5735688391415945,0.5589999999999999,0.6072802654861478,5.8,4.2,5.8,4.2
rf,signo_zodiacal_geminis,310,0.5,0.49000000000000005,0.4805194805194805,0.4600000000000001,0.46455309396485867,0.5369999999999999,0.5951046176046175,4.6,4.8,5.2,5.4
rf,signo_zodiacal_geminis,311,0.5,0.42000000000000004,0.4168181818181818,0.43999999999999995,0.42623376623376624,0.41500000000000004,0.5151120187002539,4.4,6.0,4.0,5.6
rf,signo_zodiacal_geminis,312,0.5,0.5900000000000001,0.5888888888888889,0.6,0.5913875598086125,0.6489999999999999,0.6717037096890037,6.0,4.2,5.8,4.0
rf,signo_zodiacal_geminis,313,0.5,0.43,0.43692307692307697,0.44000000000000006,0.43584541062801935,0.37399999999999994,0.47758610240808375,4.4,5.8,4.2,5.6
rf,signo_zodiacal_geminis,314,0.5,0.4,0.41172105672105663,0.45999999999999996,0.4290718099596818,0.42000000000000004,0.5057525170907524,4.6,6.6,3.4,5.4
rf,signo_zodiacal_geminis,315,0.5,0.54,0.5409090909090909,0.5399999999999999,0.5377155008733956,0.55,0.5877363998230871,5.4,4.6,5.4,4.6
rf,signo_zodiacal_geminis,316,0.5,0.5800000000000001,0.5782251082251083,0.5599999999999999,0.5636125965537729,0.604,0.6546367033379418,5.6,4.0,6.0,4.4
rf,signo_zodiacal_geminis,317,0.5,0.54,0.571111111111111,0.54,0.5376874003189792,0.649,0.6798082283213862,5.4,4.6,5.4,4.6
rf,signo_zodiacal_geminis,318,0.5,0.52,0.5241958041958041,0.5800000000000001,0.5498136645962732,0.5920000000000001,0.6244918757712875,5.8,5.4,4.6,4.2
rf,signo_zodiacal_geminis,319,0.5,0.47000000000000003,0.47575757575757577,0.45999999999999996,0.4608097784568373,0.466,0.5100822843307363,4.6,5.2,4.8,5.4
rf,signo_zodiacal_geminis,320,0.5,0.51,0.5245421245421246,0.52,0.5164808673625473,0.501,0.5376641224272802,5.2,5.0,5.0,4.8
rf,signo_zodiacal_geminis,321,0.5,0.45,0.42333333333333334,0.33999999999999997,0.3703535353535353,0.40599999999999997,0.5128930577506429,3.4,4.4,5.6,6.6
rf,signo_zodiacal_geminis,322,0.5,0.48,0.48701298701298706,0.5,0.4817726133515607,0.48200000000000004,0.5904801756550981,5.0,5.4,4.6,5.0
rf,signo_zodiacal_geminis,323,0.5,0.51,0.5107142857142857,0.44000000000000006,0.4662231559290383,0.5479999999999999,0.6451694559310657,4.4,4.2,5.8,5.6
rf,signo_zodiacal_geminis,324,0.5,0.41000000000000003,0.4087412587412588,0.42000000000000004,0.41076604554865426,0.358,0.47539619084046325,4.2,6.0,4.0,5.8
rf,signo_zodiacal_geminis,325,0.5,0.41999999999999993,0.39682539682539686,0.38,0.3826695750070363,0.36,0.46645773773869753,3.8,5.4,4.6,6.2
rf,signo_zodiacal_geminis,326,0.5,0.55,0.5431746031746032,0.45999999999999996,0.4946439628482972,0.5609999999999999,0.624958994651719,4.6,3.6,6.4,5.4
rf,signo_zodiacal_geminis,327,0.5,0.55,0.543939393939394,0.5999999999999999,0.5696969696969696,0.5519999999999999,0.5705814334444366,6.0,5.0,5.0,4.0
rf,signo_zodiacal_geminis,328,0.5,0.51,0.5034498834498835,0.6,0.544024844720497,0.5809999999999998,0.6163503337048228,6.0,5.8,4.2,4.0
rf,signo_zodiacal_geminis,329,0.5,0.42000000000000004,0.3527272727272727,0.34,0.34566416040100245,0.379,0.5001507324804538,3.4,5.0,5.0,6.6
rf,signo_zodiacal_geminis,330,0.5,0.48,0.48,0.42000000000000004,0.43570745044429254,0.46099999999999997,0.5256567703022811,4.2,4.6,5.4,5.8
rf,signo_zodiacal_geminis,331,0.5,0.49000000000000005,0.4868686868686868,0.41999999999999993,0.4474126492702344,0.5,0.5461086403276806,4.2,4.4,5.6,5.8
rf,signo_zodiacal_geminis,332,0.5,0.28,0.2364646464646465,0.22000000000000003,0.22573517126148707,0.287,0.4214855253106027,2.2,6.6,3.4,7.8
rf,signo_zodiacal_geminis,333,0.5,0.53,0.501978021978022,0.5399999999999999,0.5047516081531427,0.46299999999999997,0.5123207425529406,5.4,4.8,5.2,4.6
rf,signo_zodiacal_geminis,334,0.5,0.49000000000000005,0.4892857142857142,0.54,0.4913963229752703,0.524,0.6018528997662124,5.4,5.6,4.4,4.6
rf,signo_zodiacal_geminis,335,0.5,0.53,0.5413131313131313,0.5399999999999999,0.532718462823726,0.501,0.5537819962115629,5.4,4.8,5.2,4.6
rf,signo_zodiacal_geminis,336,0.5,0.44000000000000006,0.4488888888888889,0.42000000000000004,0.4316108452950558,0.4720000000000001,0.5432818221510172,4.2,5.4,4.6,5.8
rf,signo_zodiacal_geminis,337,0.5,0.55,0.5464646464646464,0.5,0.518922305764411,0.554,0.6352140298641847,5.0,4.0,6.0,5.0
rf,signo_zodiacal_geminis,338,0.5,0.51,0.5111111111111111,0.43999999999999995,0.46713184476342373,0.5010000000000001,0.6103075241751712,4.4,4.2,5.8,5.6
rf,signo_zodiacal_geminis,339,0.5,0.45999999999999996,0.45555555555555555,0.42000000000000004,0.43684210526315786,0.47400000000000003,0.5370611790170614,4.2,5.0,5.0,5.8
rf,signo_zodiacal_geminis,340,0.5,0.43999999999999995,0.44499999999999995,0.41999999999999993,0.4311111111111111,0.39799999999999996,0.4998275917409044,4.2,5.4,4.6,5.8
rf,signo_zodiacal_geminis,341,0.5,0.43,0.4655555555555556,0.4,0.4176714513556619,0.39099999999999996,0.5069360453787698,4.0,5.4,4.6,6.0
rf,signo_zodiacal_geminis,342,0.5,0.41000000000000003,0.41931623931623935,0.4,0.40687515891177223,0.384,0.533772276742865,4.0,5.8,4.2,6.0
rf,signo_zodiacal_geminis,343,0.5,0.39,0.40828282828282825,0.48,0.4382191843244475,0.378,0.47615002661597094,4.8,7.0,3.0,5.2
rf,signo_zodiacal_geminis,344,0.5,0.53,0.528974358974359,0.5,0.4849538866930171,0.6,0.6114315406815407,5.0,4.4,5.6,5.0
rf,signo_zodiacal_geminis,345,0.5,0.51,0.5066666666666666,0.54,0.5157085020242914,0.48900000000000005,0.553477291714134,5.4,5.2,4.8,4.6
rf,signo_zodiacal_geminis,346,0.5,0.49000000000000005,0.48888888888888893,0.5,0.48496810207336527,0.5509999999999999,0.5749641536653921,5.0,5.2,4.8,5.0
rf,signo_zodiacal_geminis,347,0.5,0.51,0.508021978021978,0.52,0.5085245781274856,0.454,0.49343576787849236,5.2,5.0,5.0,4.8
rf,signo_zodiacal_geminis,348,0.5,0.53,0.5332600732600733,0.6199999999999999,0.5650109276912346,0.549,0.6244566066888048,6.2,5.6,4.4,3.8
rf,signo_zodiacal_geminis,349,0.5,0.54,0.5461538461538462,0.58,0.5498294970161978,0.536,0.5811100549777021,5.8,5.0,5.0,4.2
rf,signo_zodiacal_geminis,350,0.5,0.56,0.5587301587301587,0.5599999999999999,0.5543859649122806,0.548,0.5813682324727216,5.6,4.4,5.6,4.4
rf,signo_zodiacal_geminis,351,0.5,0.52,0.5166666666666667,0.47999999999999987,0.4878787878787879,0.45999999999999996,0.5557449803378596,4.8,4.4,5.6,5.2
rf,signo_zodiacal_geminis,352,0.5,0.45,0.47145299145299147,0.45999999999999996,0.45551487414187636,0.44400000000000006,0.5197876188139345,4.6,5.6,4.4,5.4
rf,signo_zodiacal_geminis,353,0.5,0.54,0.5431746031746032,0.54,0.5349948400412796,0.5359999999999999,0.5660547118000678,5.4,4.6,5.4,4.6
rf,signo_zodiacal_geminis,354,0.5,0.44000000000000006,0.44202020202020204,0.4800000000000001,0.4571679197994987,0.437,0.5147367061043531,4.8,6.0,4.0,5.2
rf,signo_zodiacal_geminis,355,0.5,0.54,0.5465934065934066,0.5399999999999999,0.5384654731457801,0.488,0.525497354984197,5.4,4.6,5.4,4.6
rf,signo_zodiacal_geminis,356,0.5,0.51,0.5111111111111111,0.48,0.4947368421052631,0.5450000000000002,0.5764267748075798,4.8,4.6,5.4,5.2
rf,signo_zodiacal_geminis,357,0.5,0.5200000000000001,0.5388034188034188,0.6,0.5510022883295195,0.49099999999999994,0.5694064736433158,6.0,5.6,4.4,4.0
rf,signo_zodiacal_geminis,358,0.5,0.45999999999999996,0.4552020202020202,0.43999999999999995,0.44621553884711773,0.508,0.5682438009187234,4.4,5.2,4.8,5.6
rf,signo_zodiacal_geminis,359,0.5,0.58,0.5808080808080807,0.58,0.5791979949874687,0.581,0.6154312431634412,5.8,4.2,5.8,4.2
rf,signo_zodiacal_geminis,360,0.5,0.45999999999999996,0.4344444444444445,0.45999999999999996,0.4367985114300904,0.499,0.5255945047384676,4.6,5.4,4.6,5.4
rf,signo_zodiacal_geminis,361,0.5,0.4600000000000001,0.45949883449883455,0.5199999999999999,0.48522492000752865,0.43100000000000005,0.508823788354748,5.2,6.0,4.0,4.8
rf,signo_zodiacal_geminis,362,0.5,0.51,0.5068686868686869,0.6,0.5442155388471177,0.555,0.6047921512611915,6.0,5.8,4.2,4.0
rf,signo_zodiacal_geminis,363,0.5,0.45,0.4576373626373626,0.4,0.4133023327908239,0.45499999999999996,0.5406461362854552,4.0,5.0,5.0,6.0
rf,signo_zodiacal_geminis,364,0.5,0.58,0.5787878787878789,0.6,0.5857674489253437,0.605,0.6116566919492616,6.0,4.4,5.6,4.0
rf,signo_zodiacal_geminis,365,0.5,0.48,0.4709090909090909,0.45999999999999996,0.45809523809523806,0.434,0.5226304810600476,4.6,5.0,5.0,5.4
rf,signo_zodiacal_geminis,366,0.5,0.57,0.5699145299145298,0.58,0.5722654462242562,0.626,0.6745293872793872,5.8,4.4,5.6,4.2
rf,signo_zodiacal_geminis,367,0.5,0.5,0.4917748917748918,0.5,0.4902130549189372,0.489,0.5451261151129573,5.0,5.0,5.0,5.0
rf,signo_zodiacal_geminis,368,0.5,0.44000000000000006,0.44059052059052056,0.5199999999999999,0.4727488285932222,0.42200000000000004,0.5041824188883013,5.2,6.4,3.6,4.8
rf,signo_zodiacal_geminis,369,0.5,0.66,0.7031468531468531,0.5999999999999999,0.6324534161490682,0.663,0.7017430353444285,6.0,2.8,7.2,4.0
rf,signo_zodiacal_geminis,370,0.5,0.4800000000000001,0.44480519480519476,0.38,0.4029190623617868,0.46799999999999997,0.5038353117470765,3.8,4.2,5.8,6.2
rf,signo_zodiacal_geminis,371,0.5,0.65,0.6808607079195315,0.66,0.6483613445378151,0.681,0.6708406664714713,6.6,3.6,6.4,3.4
rf,signo_zodiacal_geminis,372,0.5,0.52,0.5181818181818182,0.45999999999999996,0.4821661998132587,0.534,0.6005829160519564,4.6,4.2,5.8,5.4
rf,signo_zodiacal_geminis,373,0.5,0.49000000000000005,0.4929292929292929,0.52,0.5048302574618364,0.5010000000000001,0.5957783878488212,5.2,5.4,4.6,4.8
rf,signo_zodiacal_geminis,374,0.5,0.51,0.5194444444444445,0.44000000000000006,0.47117224880382774,0.522,0.581326498664734,4.4,4.2,5.8,5.6
rf,signo_zodiacal_geminis,375,0.5,0.45,0.4447619047619047,0.38,0.4074922600619194,0.44800000000000006,0.5611156729407503,3.8,4.8,5.2,6.2
rf,signo_zodiacal_geminis,376,0.5,0.48,0.4748217468805704,0.6,0.5227272727272727,0.47800000000000004,0.5479342144783321,6.0,6.4,3.6,4.0
rf,signo_zodiacal_geminis,377,0.5,0.5499999999999999,0.5307359307359307,0.5,0.509313725490196,0.6289999999999999,0.6749038902274196,5.0,4.0,6.0,5.0
rf,signo_zodiacal_geminis,378,0.5,0.5999999999999999,0.6065079365079364,0.6000000000000001,0.5971929824561404,0.554,0.6131595034652311,6.0,4.0,6.0,4.0
rf,signo_zodiacal_geminis,379,0.5,0.55,0.5524675324675326,0.5599999999999999,0.5517799847211612,0.521,0.5607627752364593,5.6,4.6,5.4,4.4
rf,signo_zodiacal_geminis,380,0.5,0.55,0.5473193473193473,0.6399999999999999,0.5864418952519639,0.5660000000000001,0.5981467204965657,6.4,5.4,4.6,3.6
rf,signo_zodiacal_geminis,381,0.5,0.5499999999999999,0.5466666666666667,0.48,0.5060606060606061,0.585,0.6708760128760128,4.8,3.8,6.2,5.2
rf,signo_zodiacal_geminis,382,0.5,0.49000000000000005,0.49230769230769234,0.56,0.5229625447016751,0.48699999999999993,0.6028977262847233,5.6,5.8,4.2,4.4
rf,signo_zodiacal_geminis,383,0.5,0.55,0.5488539238539237,0.54,0.5392829900839053,0.5229999999999999,0.5701872269457409,5.4,4.4,5.6,4.6
rf,signo_zodiacal_geminis,384,0.5,0.47000000000000003,0.47777777777777775,0.54,0.5037480063795854,0.48299999999999993,0.5554240851168095,5.4,6.0,4.0,4.6
rf,signo_zodiacal_geminis,385,0.5,0.51,0.5161111111111112,0.45999999999999996,0.4858479532163743,0.497,0.5624489219930396,4.6,4.4,5.6,5.4
rf,signo_zodiacal_geminis,386,0.5,0.54,0.5415584415584416,0.5800000000000001,0.55052790346908,0.5860000000000001,0.6355857743048144,5.8,5.0,5.0,4.2
rf,signo_zodiacal_geminis,387,0.5,0.45,0.4522222222222222,0.4800000000000001,0.46421052631578946,0.44299999999999995,0.5242018079959256,4.8,5.8,4.2,5.2
rf,signo_zodiacal_geminis,388,0.5,0.53,0.5245670995670995,0.4600000000000001,0.48766032728881026,0.548,0.6105608347620731,4.6,4.0,6.0,5.4
rf,signo_zodiacal_geminis,389,0.5,0.39,0.3709090909090909,0.33999999999999997,0.347965367965368,0.394,0.5051991256077943,3.4,5.6,4.4,6.6
rf,signo_zodiacal_geminis,390,0.5,0.5,0.4915584415584416,0.45999999999999996,0.4718954248366013,0.552,0.6182156711537516,4.6,4.6,5.4,5.4
rf,signo_zodiacal_geminis,391,0.5,0.6,0.6056410256410256,0.6599999999999999,0.617802371541502,0.6779999999999999,0.6773205101571975,6.6,4.6,5.4,3.4
rf,signo_zodiacal_geminis,392,0.5,0.5,0.49022727272727273,0.44000000000000006,0.4362393162393162,0.554,0.607689780807428,4.4,4.4,5.6,5.6
rf,signo_zodiacal_geminis,393,0.5,0.5000000000000001,0.5211788211788212,0.54,0.5232371209353307,0.461,0.5217095743094194,5.4,5.4,4.6,4.6
rf,signo_zodiacal_geminis,394,0.5,0.48,0.4782828282828283,0.4800000000000001,0.47656261866788185,0.4710000000000001,0.5338737553296377,4.8,5.2,4.8,5.2
rf,signo_zodiacal_geminis,395,0.5,0.49000000000000005,0.5111111111111112,0.44000000000000006,0.46102073365231255,0.45099999999999996,0.5079547946034013,4.4,4.6,5.4,5.6
rf,signo_zodiacal_geminis,396,0.5,0.6,0.5945454545454545,0.5800000000000001,0.5844444444444444,0.6529999999999999,0.6983792212259704,5.8,3.8,6.2,4.2
rf,signo_zodiacal_geminis,397,0.5,0.43,0.4161172161172161,0.44000000000000006,0.4236554534441194,0.44399999999999995,0.550371831986383,4.4,5.8,4.2,5.6
rf,signo_zodiacal_geminis,398,0.5,0.5599999999999999,0.5566666666666666,0.54,0.5422727272727272,0.546,0.584883651436283,5.4,4.2,5.8,4.6
rf,signo_zodiacal_geminis,399,0.5,0.49000000000000005,0.5022644022644023,0.5,0.49441658086159357,0.529,0.5901777558526785,5.0,5.2,4.8,5.0
rf,signo_zodiacal_geminis,400,0.5,0.53,0.5485714285714286,0.52,0.5271207430340558,0.526,0.6005411343042922,5.2,4.6,5.4,4.8
rf,signo_zodiacal_geminis,401,0.5,0.43000000000000005,0.42519230769230765,0.5,0.45034052903618116,0.441,0.5122497214687616,5.0,6.4,3.6,5.0
rf,signo_zodiacal_geminis,402,0.5,0.45,0.4505050505050505,0.4,0.42238930659983287,0.44299999999999995,0.5044819841321388,4.0,5.0,5.0,6.0
rf,signo_zodiacal_geminis,403,0.5,0.41,0.3944677544677545,0.4,0.3919712324288983,0.40800000000000003,0.5130880077954381,4.0,5.8,4.2,6.0
rf,signo_zodiacal_geminis,404,0.5,0.45999999999999996,0.43952991452991447,0.42000000000000004,0.41914998299437656,0.536,0.6113946331446332,4.2,5.0,5.0,5.8
rf,signo_zodiacal_geminis,405,0.5,0.52,0.515959595959596,0.5199999999999999,0.5169924812030074,0.45500000000000007,0.5025269550710727,5.2,4.8,5.2,4.8
rf,signo_zodiacal_geminis,406,0.5,0.63,0.6492207792207793,0.6,0.6185994397759104,0.6849999999999999,0.6818099739098191,6.0,3.4,6.6,4.0
rf,signo_zodiacal_geminis,407,0.5,0.51,0.5227777777777778,0.6,0.5494651780967571,0.529,0.5873281604016898,6.0,5.8,4.2,4.0
rf,signo_zodiacal_geminis,408,0.5,0.55,0.5381818181818182,0.56,0.5362205513784462,0.571,0.5710665902724725,5.6,4.6,5.4,4.4
rf,signo_zodiacal_geminis,409,0.5,0.4800000000000001,0.48571428571428565,0.42000000000000004,0.4432699395547693,0.485,0.5572794915782533,4.2,4.6,5.4,5.8
rf,signo_zodiacal_geminis,410,0.5,0.5,0.48626984126984124,0.4600000000000001,0.4687381555493011,0.5170000000000001,0.595294373325333,4.6,4.6,5.4,5.4
rf,signo_zodiacal_geminis,411,0.5,0.53,0.5367832167832167,0.58,0.5550679069214538,0.5229999999999999,0.6068737281810037,5.8,5.2,4.8,4.2
rf,signo_zodiacal_geminis,412,0.5,0.51,0.5093011563599799,0.62,0.5524681268388362,0.525,0.5943802678229924,6.2,6.0,4.0,3.8
rf,signo_zodiacal_geminis,413,0.5,0.48,0.4731746031746032,0.4600000000000001,0.45943928448572413,0.506,0.5714869195132353,4.6,5.0,5.0,5.4
rf,signo_zodiacal_geminis,414,0.5,0.43999999999999995,0.4505050505050504,0.4,0.4168071694387484,0.413,0.49335867890279655,4.0,5.2,4.8,6.0
rf,signo_zodiacal_geminis,415,0.5,0.53,0.5484920634920635,0.43999999999999995,0.47645745379491505,0.562,0.6413861704171302,4.4,3.8,6.2,5.6
rf,signo_zodiacal_geminis,416,0.5,0.5200000000000001,0.5131313131313131,0.52,0.5096859796550198,0.5389999999999999,0.5909082456930755,5.2,4.8,5.2,4.8
rf,signo_zodiacal_geminis,417,0.5,0.44000000000000006,0.44135531135531136,0.4600000000000001,0.4458451522901651,0.51,0.6062816156152069,4.6,5.8,4.2,5.4
rf,signo_zodiacal_geminis,418,0.5,0.49000000000000005,0.4856915306915307,0.5,0.48961098398169334,0.49800000000000005,0.5951633350309822,5.0,5.2,4.8,5.0
rf,signo_zodiacal_geminis,419,0.5,0.5299999999999999,0.5345299145299144,0.54,0.5348741418764302,0.612,0.6521177510999493,5.4,4.8,5.2,4.6
rf,signo_zodiacal_geminis,420,0.5,0.4,0.41321678321678323,0.48,0.44322228496141547,0.366,0.4483597148465569,4.8,6.8,3.2,5.2
rf,signo_zodiacal_geminis,421,0.5,0.64,0.6475974025974026,0.64,0.6344724556489263,0.639,0.6375352127232932,6.4,3.6,6.4,3.6
rf,signo_zodiacal_geminis,422,0.5,0.41,0.3678321678321678,0.38,0.371668301187752,0.40700000000000003,0.4936733893041943,3.8,5.6,4.4,6.2
rf,signo_zodiacal_geminis,423,0.5,0.49000000000000005,0.4883333333333334,0.43999999999999995,0.4533333333333333,0.437,0.49335796556384787,4.4,4.6,5.4,5.6
rf,signo_zodiacal_geminis,424,0.5,0.45999999999999996,0.44249750249750247,0.41999999999999993,0.4199464133479479,0.515,0.5856385369016948,4.2,5.0,5.0,5.8
rf,signo_zodiacal_geminis,425,0.5,0.55,0.5587301587301587,0.48,0.5145854833161335,0.607,0.6689407804098206,4.8,3.8,6.2,5.2
rf,signo_zodiacal_geminis,426,0.5,0.49000000000000005,0.5027777777777778,0.52,0.5057682083997873,0.492,0.5540353341189255,5.2,5.4,4.6,4.8
rf,signo_zodiacal_geminis,427,0.5,0.41,0.3883333333333333,0.33999999999999997,0.35982456140350877,0.383,0.45766456806007894,3.4,5.2,4.8,6.6
rf,signo_zodiacal_geminis,428,0.5,0.45,0.4644988344988345,0.45999999999999996,0.4586858450474011,0.476,0.5727176716472381,4.6,5.6,4.4,5.4
rf,signo_zodiacal_geminis,429,0.5,0.53,0.5284415584415585,0.5999999999999999,0.5598268398268398,0.526,0.5591571663630486,6.0,5.4,4.6,4.0
rf,signo_zodiacal_geminis,430,0.5,0.5,0.5323076923076923,0.39999999999999997,0.4370462387853692,0.5170000000000001,0.6376723184795938,4.0,4.0,6.0,6.0
rf,signo_zodiacal_geminis,431,0.5,0.45000000000000007,0.43571428571428567,0.42000000000000004,0.42102113572701805,0.483,0.5563156353450471,4.2,5.2,4.8,5.8
rf,signo_zodiacal_geminis,432,0.5,0.54,0.5314718614718614,0.5,0.5071466768525592,0.528,0.5888079322638146,5.0,4.2,5.8,5.0
rf,signo_zodiacal_geminis,433,0.5,0.53,0.5666666666666667,0.36000000000000004,0.43692810457516346,0.537,0.586280662749703,3.6,3.0,7.0,6.4
rf,signo_zodiacal_geminis,434,0.5,0.4600000000000001,0.4397435897435898,0.45999999999999996,0.4383994406305619,0.45200000000000007,0.5093186535686536,4.6,5.4,4.6,5.4
rf,signo_zodiacal_geminis,435,0.5,0.48,0.46774891774891775,0.52,0.48948306595365415,0.47800000000000004,0.5453964487524858,5.2,5.6,4.4,4.8
rf,signo_zodiacal_geminis,436,0.5,0.55,0.5444444444444445,0.52,0.5245144947931325,0.575,0.6388117705308107,5.2,4.2,5.8,4.8
rf,signo_zodiacal_geminis,437,0.5,0.53,0.5252525252525253,0.52,0.5207184628237259,0.539,0.5812649649971632,5.2,4.6,5.4,4.8
rf,signo_zodiacal_geminis,438,0.5,0.53,0.5460317460317461,0.48,0.5054990417219519,0.5589999999999999,0.5915810557691362,4.8,4.2,5.8,5.2
rf,signo_zodiacal_geminis,439,0.5,0.53,0.5472727272727272,0.5399999999999999,0.5293333333333333,0.49400000000000005,0.5262218049408453,5.4,4.8,5.2,4.6
rf,signo_zodiacal_geminis,440,0.5,0.51,0.49670995670995666,0.4,0.4350700280112044,0.5029999999999999,0.5652742524932928,4.0,3.8,6.2,6.0
rf,signo_zodiacal_geminis,441,0.5,0.44000000000000006,0.4333333333333334,0.48,0.45396825396825397,0.37799999999999995,0.45653651379580173,4.8,6.0,4.0,5.2
rf,signo_zodiacal_geminis,442,0.5,0.43,0.4374902874902875,0.5,0.464824115625031,0.377,0.4670106292915891,5.0,6.4,3.6,5.0
rf,signo_zodiacal_geminis,443,0.5,0.38999999999999996,0.3903896103896104,0.42000000000000004,0.40086834733893556,0.37,0.4815099351113282,4.2,6.4,3.6,5.8
rf,signo_zodiacal_geminis,444,0.5,0.4800000000000001,0.4737179487179487,0.52,0.4899429073342117,0.462,0.555794837773166,5.2,5.6,4.4,4.8
rf,signo_zodiacal_geminis,445,0.5,0.41,0.3608058608058608,0.44000000000000006,0.3905583972719523,0.429,0.5259805303056077,4.4,6.2,3.8,5.6
rf,signo_zodiacal_geminis,446,0.5,0.5599999999999999,0.5371212121212121,0.5800000000000001,0.5549327865117339,0.557,0.6604066221875818,5.8,4.6,5.4,4.2
rf,signo_zodiacal_geminis,447,0.5,0.45999999999999996,0.4723809523809524,0.45999999999999996,0.4522488038277512,0.491,0.5689495416863837,4.6,5.4,4.6,5.4
rf,signo_zodiacal_geminis,448,0.5,0.6599999999999999,0.6766666666666665,0.62,0.6387878787878788,0.6900000000000001,0.6922805703068861,6.2,3.0,7.0,3.8
rf,signo_zodiacal_geminis,449,0.5,0.5,0.48888888888888893,0.45999999999999996,0.47060074428495485,0.512,0.5457005108754335,4.6,4.6,5.4,5.4
rf,signo_zodiacal_geminis,450,0.5,0.54,0.5538827838827839,0.56,0.550295280167403,0.611,0.6486342531737268,5.6,4.8,5.2,4.4
rf,signo_zodiacal_geminis,451,0.5,0.51,0.5123076923076924,0.52,0.5084387351778656,0.484,0.5550976625713469,5.2,5.0,5.0,4.8
rf,signo_zodiacal_geminis,452,0.5,0.48,0.4755244755244755,0.6,0.5279337474120083,0.42600000000000005,0.46476786998691033,6.0,6.4,3.6,4.0
rf,signo_zodiacal_geminis,453,0.5,0.53,0.5243589743589744,0.5399999999999999,0.5156785243741766,0.5609999999999999,0.622731359112164,5.4,4.8,5.2,4.6
rf,signo_zodiacal_geminis,454,0.5,0.39,0.37511655011655015,0.38,0.372135955831608,0.367,0.49940362784790027,3.8,6.0,4.0,6.2
rf,signo_zodiacal_geminis,455,0.5,0.5700000000000001,0.5643589743589744,0.6,0.5779007465963988,0.5960000000000001,0.6261436516699674,6.0,4.6,5.4,4.0
rf,signo_zodiacal_geminis,456,0.5,0.48,0.4746031746031746,0.43999999999999995,0.45277855958970503,0.47400000000000003,0.5489713711640956,4.4,4.8,5.2,5.6
rf,signo_zodiacal_geminis,457,0.5,0.47000000000000003,0.4734126984126984,0.4,0.43168214654282766,0.47700000000000004,0.5380298569679376,4.0,4.6,5.4,6.0
rf,signo_zodiacal_geminis,458,0.5,0.37,0.33833333333333326,0.34,0.33709728867623606,0.31800000000000006,0.4324493250127925,3.4,6.0,4.0,6.6
rf,signo_zodiacal_geminis,459,0.5,0.59,0.6266666666666667,0.58,0.5854545454545453,0.6620000000000001,0.6790145846585475,5.8,4.0,6.0,4.2
rf,signo_zodiacal_geminis,460,0.5,0.5,0.504933954933955,0.56,0.5290915034622128,0.46499999999999997,0.5574950984687826,5.6,5.6,4.4,4.4
rf,signo_zodiacal_geminis,461,0.5,0.41000000000000003,0.410994560994561,0.45999999999999996,0.4326002753920374,0.368,0.4684008697700649,4.6,6.4,3.6,5.4
rf,signo_zodiacal_geminis,462,0.5,0.55,0.5646464646464646,0.5,0.5216541353383459,0.585,0.6435310126749755,5.0,4.0,6.0,5.0
rf,signo_zodiacal_geminis,463,0.5,0.55,0.5533333333333335,0.5399999999999999,0.5448803827751196,0.5690000000000001,0.6484502827753602,5.4,4.4,5.6,4.6
rf,signo_zodiacal_geminis,464,0.5,0.48999999999999994,0.4224242424242425,0.42000000000000004,0.41307359307359304,0.5210000000000001,0.5517863133598427,4.2,4.4,5.6,5.8
rf,signo_zodiacal_geminis,465,0.5,0.5,0.5,0.4600000000000001,0.4734126984126984,0.49400000000000005,0.5441998552702887,4.6,4.6,5.4,5.4
rf,signo_zodiacal_geminis,466,0.5,0.6,0.62,0.56,0.5806060606060606,0.592,0.647636760298525,5.6,3.6,6.4,4.4
rf,signo_zodiacal_geminis,467,0.5,0.53,0.5577777777777777,0.45999999999999996,0.4950877192982456,0.4720000000000001,0.5452602596062348,4.6,4.0,6.0,5.4
rf,signo_zodiacal_geminis,468,0.5,0.43,0.4355977355977355,0.48,0.4519923384373512,0.466,0.5411657576169959,4.8,6.2,3.8,5.2
rf,signo_zodiacal_geminis,469,0.5,0.51,0.5153535353535353,0.5,0.5068170426065162,0.524,0.5988675003187387,5.0,4.8,5.2,5.0
rf,signo_zodiacal_geminis,470,0.5,0.5800000000000001,0.5781818181818181,0.5599999999999999,0.5548051948051947,0.614,0.6337653241151693,5.6,4.0,6.0,4.4
rf,signo_zodiacal_geminis,471,0.5,0.51,0.5046703296703298,0.5,0.49315146348394434,0.45699999999999996,0.4937242767552365,5.0,4.8,5.2,5.0
rf,signo_zodiacal_geminis,472,0.5,0.53,0.535975135975136,0.54,0.5347717118884167,0.54,0.6094550702135841,5.4,4.8,5.2,4.6
rf,signo_zodiacal_geminis,473,0.5,0.55,0.5456410256410257,0.4600000000000001,0.4814328463298715,0.597,0.6119411954574493,4.6,3.6,6.4,5.4
rf,signo_zodiacal_geminis,474,0.5,0.5599999999999999,0.6234188034188034,0.52,0.5438966982674076,0.5589999999999999,0.61429107004107,5.2,4.0,6.0,4.8
rf,signo_zodiacal_geminis,475,0.5,0.4600000000000001,0.46721056721056725,0.52,0.4898005884275907,0.43499999999999994,0.5062568532258934,5.2,6.0,4.0,4.8
rf,signo_zodiacal_geminis,476,0.5,0.43000000000000005,0.4242857142857142,0.38,0.398562091503268,0.42300000000000004,0.5052192370752742,3.8,5.2,4.8,6.2
rf,signo_zodiacal_geminis,477,0.5,0.53,0.5406060606060605,0.5,0.4935531135531136,0.5820000000000001,0.6220225695357274,5.0,4.4,5.6,5.0
rf,signo_zodiacal_geminis,478,0.5,0.37,0.370989010989011,0.38,0.36986075589656153,0.33399999999999996,0.4604365038985782,3.8,6.4,3.6,6.2
rf,signo_zodiacal_geminis,479,0.5,0.49000000000000005,0.4909090909090909,0.48,0.4793290043290043,0.5159999999999999,0.5538703018687539,4.8,5.0,5.0,5.2
rf,signo_zodiacal_geminis,480,0.5,0.61,0.6392857142857142,0.52,0.5658348187759953,0.6489999999999999,0.6987503864384669,5.2,3.0,7.0,4.8
rf,signo_zodiacal_geminis,481,0.5,0.45999999999999996,0.4636363636363637,0.44000000000000006,0.44522536287242165,0.42699999999999994,0.5029464342846696,4.4,5.2,4.8,5.6
rf,signo_zodiacal_geminis,482,0.5,0.5800000000000001,0.5704473304473303,0.6199999999999999,0.5908771929824561,0.563,0.5913945874387052,6.2,4.6,5.4,3.8
rf,signo_zodiacal_geminis,483,0.5,0.41000000000000003,0.41276223776223786,0.43999999999999995,0.4233954451345755,0.43000000000000005,0.5243099661776132,4.4,6.2,3.8,5.6
rf,signo_zodiacal_geminis,484,0.5,0.5,0.5076923076923077,0.52,0.49994768658451527,0.508,0.5763703775584581,5.2,5.2,4.8,4.8
rf,signo_zodiacal_geminis,485,0.5,0.51,0.4960567210567211,0.5599999999999999,0.5209600087174457,0.49700000000000005,0.5811613668409333,5.6,5.4,4.6,4.4
rf,signo_zodiacal_geminis,486,0.5,0.41,0.39875901875901876,0.38,0.3874598260356774,0.368,0.4799505792624987,3.8,5.6,4.4,6.2
rf,signo_zodiacal_geminis,487,0.5,0.52,0.4916666666666666,0.5,0.48939393939393944,0.528,0.5844792609351432,5.0,4.6,5.4,5.0
rf,signo_zodiacal_geminis,488,0.5,0.5700000000000001,0.5707575757575758,0.6,0.5817604617604617,0.5930000000000002,0.6119025653568997,6.0,4.6,5.4,4.0
rf,signo_zodiacal_geminis,489,0.5,0.47000000000000003,0.46590909090909094,0.43999999999999995,0.4513784461152882,0.454,0.5282634140884914,4.4,5.0,5.0,5.6
rf,signo_zodiacal_geminis,490,0.5,0.42000000000000004,0.43607503607503606,0.45999999999999996,0.4434457355509987,0.38,0.49824267622642243,4.6,6.2,3.8,5.4
rf,signo_zodiacal_geminis,491,0.5,0.6899999999999998,0.7003968253968254,0.7,0.6941520467836257,0.7150000000000001,0.7617102048278518,7.0,3.2,6.8,3.0
rf,signo_zodiacal_geminis,492,0.5,0.51,0.5131118881118881,0.5599999999999999,0.5307798481711525,0.569,0.6324624803301273,5.6,5.4,4.6,4.4
rf,signo_zodiacal_geminis,493,0.5,0.62,0.6357503607503607,0.64,0.6314954051796157,0.6359999999999999,0.6723777931734588,6.4,4.0,6.0,3.6
rf,signo_zodiacal_geminis,494,0.5,0.5599999999999999,0.5619780219780219,0.5599999999999999,0.5538365754734041,0.5810000000000001,0.6265966981934474,5.6,4.4,5.6,4.4
rf,signo_zodiacal_geminis,495,0.5,0.47000000000000003,0.47385281385281386,0.38,0.41546218487394954,0.503,0.5672812085575243,3.8,4.4,5.6,6.2
rf,signo_zodiacal_geminis,496,0.5,0.52,0.5511965811965812,0.54,0.5208557625948931,0.558,0.6147352816602043,5.4,5.0,5.0,4.6
rf,signo_zodiacal_geminis,497,0.5,0.5200000000000001,0.5283766233766233,0.5,0.508605381546558,0.539,0.5782083086332312,5.0,4.6,5.4,5.0
rf,signo_zodiacal_geminis,498,0.5,0.44000000000000006,0.4147186147186147,0.32,0.35618580765639585,0.4710000000000001,0.5376277219512514,3.2,4.4,5.6,6.8
rf,signo_zodiacal_geminis,499,0.5,0.53,0.5234498834498835,0.5999999999999999,0.5558494061240056,0.517,0.6087661511175442,6.0,5.4,4.6,4.0
rf,signo_zodiacal_geminis,500,0.5,0.61,0.6106060606060606,0.66,0.6303030303030303,0.6050000000000001,0.6443455247882492,6.6,4.4,5.6,3.4
rf,signo_zodiacal_leo,1,0.5,0.45999999999999996,0.45404040404040397,0.48,0.4651173388015494,0.48200000000000004,0.5413734773997932,4.8,5.6,4.4,5.2
rf,signo_zodiacal_leo,2,0.5,0.55,0.5548229548229549,0.5,0.5187657976997053,0.509,0.541808581339541,5.0,4.0,6.0,5.0
rf,signo_zodiacal_leo,3,0.5,0.47000000000000003,0.4788034188034188,0.54,0.5030022883295194,0.43099999999999994,0.5396644005289517,5.4,6.0,4.0,4.6
rf,signo_zodiacal_leo,4,0.5,0.55,0.531437908496732,0.6599999999999999,0.5777054758107389,0.517,0.5850245412482254,6.6,5.6,4.4,3.4
rf,signo_zodiacal_leo,5,0.5,0.35,0.23015873015873015,0.21999999999999997,0.22178440754292147,0.311,0.4308072411764362,2.2,5.2,4.8,7.8
rf,signo_zodiacal_leo,6,0.5,0.51,0.46269841269841266,0.4,0.4232479594708697,0.511,0.572786768185375,4.0,3.8,6.2,6.0
rf,signo_zodiacal_leo,7,0.5,0.51,0.5005555555555555,0.44000000000000006,0.4653216374269006,0.521,0.5517106690179446,4.4,4.2,5.8,5.6
rf,signo_zodiacal_leo,8,0.5,0.6200000000000001,0.6217948717948718,0.6,0.6056445461479786,0.633,0.6382378438554909,6.0,3.6,6.4,4.0
rf,signo_zodiacal_leo,9,0.5,0.6,0.6163924963924964,0.58,0.5811959310039805,0.5599999999999999,0.5841309229985701,5.8,3.8,6.2,4.2
rf,signo_zodiacal_leo,10,0.5,0.45999999999999996,0.46558441558441566,0.41999999999999993,0.436261777438248,0.466,0.5259080462021638,4.2,5.0,5.0,5.8
rf,signo_zodiacal_leo,11,0.5,0.41,0.3787240537240537,0.36,0.36411959139109495,0.41200000000000003,0.49418964472060445,3.6,5.4,4.6,6.4
rf,signo_zodiacal_leo,12,0.5,0.48,0.48121212121212126,0.4,0.42714285714285716,0.54,0.6309175813866216,4.0,4.4,5.6,6.0
rf,signo_zodiacal_leo,13,0.5,0.37,0.3643939393939394,0.36,0.36002886002886003,0.35500000000000004,0.4699407073834318,3.6,6.2,3.8,6.4
rf,signo_zodiacal_leo,14,0.5,0.49000000000000005,0.5009523809523809,0.38,0.4267492260061919,0.457,0.5264880668866738,3.8,4.0,6.0,6.2
rf,signo_zodiacal_leo,15,0.5,0.41,0.4033333333333333,0.36,0.3731313131313131,0.42200000000000004,0.4733400576032155,3.6,5.4,4.6,6.4
rf,signo_zodiacal_leo,16,0.5,0.55,0.525977355977356,0.5799999999999998,0.547747699870462,0.5549999999999999,0.5619657360183676,5.8,4.8,5.2,4.2
rf,signo_zodiacal_leo,17,0.5,0.54,0.5343434343434343,0.4800000000000001,0.49373433583959897,0.522,0.5700913247399315,4.8,4.0,6.0,5.2
rf,signo_zodiacal_leo,18,0.5,0.45,0.4540404040404041,0.48,0.4655958077010709,0.44699999999999995,0.536686832775068,4.8,5.8,4.2,5.2
rf,signo_zodiacal_leo,19,0.5,0.5599999999999999,0.5618026418026417,0.58,0.5682074752097634,0.5700000000000001,0.6064475856960377,5.8,4.6,5.4,4.2
rf,signo_zodiacal_leo,20,0.5,0.45,0.4313131313131313,0.4,0.41165413533834594,0.44000000000000006,0.4926059665308891,4.0,5.0,5.0,6.0
rf,signo_zodiacal_leo,21,0.5,0.44000000000000006,0.44145632145632147,0.43999999999999995,0.4362894448397208,0.425,0.49681631174123425,4.4,5.6,4.4,5.6
rf,signo_zodiacal_leo,22,0.5,0.53,0.5242424242424242,0.48,0.49488721804511276,0.508,0.5871603668089735,4.8,4.2,5.8,5.2
rf,signo_zodiacal_leo,23,0.5,0.53,0.5215617715617715,0.56,0.5318793525315264,0.554,0.566933295634534,5.6,5.0,5.0,4.4
rf,signo_zodiacal_leo,24,0.5,0.56,0.5670995670995671,0.54,0.5472285884050591,0.606,0.6059409730276604,5.4,4.2,5.8,4.6
rf,signo_zodiacal_leo,25,0.5,0.4800000000000001,0.45912087912087907,0.36,0.3912489343563513,0.39899999999999997,0.47220949475361246,3.6,4.0,6.0,6.4
rf,signo_zodiacal_leo,26,0.5,0.44000000000000006,0.38095238095238093,0.32,0.3461644306845545,0.356,0.4982553039495764,3.2,4.4,5.6,6.8
rf,signo_zodiacal_leo,27,0.5,0.54,0.5444444444444445,0.52,0.531578947368421,0.585,0.6393019633445329,5.2,4.4,5.6,4.8
rf,signo_zodiacal_leo,28,0.5,0.44000000000000006,0.4229797979797979,0.4,0.40960735171261486,0.4069999999999999,0.47371895734124836,4.0,5.2,4.8,6.0
rf,signo_zodiacal_leo,29,0.5,0.38999999999999996,0.3730519480519481,0.36,0.3630305710801066,0.34600000000000003,0.4627287532728709,3.6,5.8,4.2,6.4
rf,signo_zodiacal_leo,30,0.5,0.45,0.4636507936507937,0.5,0.4784529505582137,0.43600000000000005,0.5195060880811655,5.0,6.0,4.0,5.0
rf,signo_zodiacal_leo,31,0.5,0.45999999999999996,0.45479797979797976,0.42000000000000004,0.4302061973114604,0.403,0.5124328361696783,4.2,5.0,5.0,5.8
rf,signo_zodiacal_leo,32,0.5,0.5,0.49118437118437114,0.48,0.4807484183604792,0.5029999999999999,0.5982510843130038,4.8,4.8,5.2,5.2
rf,signo_zodiacal_leo,33,0.5,0.5700000000000001,0.5579254079254079,0.62,0.5838634795156533,0.583,0.6140172795041215,6.2,4.8,5.2,3.8
rf,signo_zodiacal_leo,34,0.5,0.49000000000000005,0.49111111111111116,0.52,0.4972289698605488,0.43899999999999995,0.5099232893009982,5.2,5.4,4.6,4.8
rf,signo_zodiacal_leo,35,0.5,0.55,0.5666666666666667,0.5,0.5247284878863827,0.5279999999999999,0.6174180470372421,5.0,4.0,6.0,5.0
rf,signo_zodiacal_leo,36,0.5,0.45,0.4528860028860029,0.44000000000000006,0.44295096028842157,0.47800000000000004,0.49918021744337526,4.4,5.4,4.6,5.6
rf,signo_zodiacal_leo,37,0.5,0.45,0.4438888888888889,0.4,0.419766081871345,0.45199999999999996,0.5163603896103895,4.0,5.0,5.0,6.0
rf,signo_zodiacal_leo,38,0.5,0.4,0.4142657342657342,0.38000000000000006,0.39046157593472175,0.382,0.46949636371540393,3.8,5.8,4.2,6.2
rf,signo_zodiacal_leo,39,0.5,0.5,0.5002020202020202,0.48,0.4836397812713602,0.487,0.52340960733453,4.8,4.8,5.2,5.2
rf,signo_zodiacal_leo,40,0.5,0.48,0.462987012987013,0.42000000000000004,0.4378396972824217,0.466,0.5407064216313442,4.2,4.6,5.4,5.8
rf,signo_zodiacal_leo,41,0.5,0.5599999999999999,0.5668220668220668,0.6199999999999999,0.5875830881551705,0.503,0.5749848515777308,6.2,5.0,5.0,3.8
rf,signo_zodiacal_leo,42,0.5,0.54,0.5296536796536796,0.5199999999999999,0.5152852049910873,0.6140000000000001,0.6866210076473236,5.2,4.4,5.6,4.8
rf,signo_zodiacal_leo,43,0.5,0.53,0.5086147186147186,0.4999999999999999,0.49920550038197103,0.49499999999999994,0.5504746909437312,5.0,4.4,5.6,5.0
rf,signo_zodiacal_leo,44,0.5,0.5700000000000001,0.5672727272727272,0.58,0.5626491228070176,0.5519999999999999,0.5911348418523341,5.8,4.4,5.6,4.2
rf,signo_zodiacal_leo,45,0.5,0.42000000000000004,0.43,0.44000000000000006,0.4325252525252525,0.42699999999999994,0.5387786663800596,4.4,6.0,4.0,5.6
rf,signo_zodiacal_leo,46,0.5,0.48,0.4764646464646464,0.52,0.49581225791752104,0.502,0.5287866436968603,5.2,5.6,4.4,4.8
rf,signo_zodiacal_leo,47,0.5,0.51,0.4874603174603174,0.48,0.4813284548269068,0.484,0.5261581649344806,4.8,4.6,5.4,5.2
rf,signo_zodiacal_leo,48,0.5,0.4600000000000001,0.41714285714285715,0.38000000000000006,0.39170528817587635,0.43100000000000005,0.4978643105260752,3.8,4.6,5.4,6.2
rf,signo_zodiacal_leo,49,0.5,0.5,0.49213675213675206,0.5,0.49331807780320364,0.501,0.5779859847754585,5.0,5.0,5.0,5.0
rf,signo_zodiacal_leo,50,0.5,0.51,0.528138528138528,0.5,0.4983766233766234,0.418,0.47956746074702733,5.0,4.8,5.2,5.0
rf,signo_zodiacal_leo,51,0.5,0.5,0.4745609945609945,0.44000000000000006,0.44462133594856706,0.496,0.5596528285955531,4.4,4.4,5.6,5.6
rf,signo_zodiacal_leo,52,0.5,0.5,0.4665501165501166,0.5199999999999999,0.48270280444193486,0.453,0.5262118449146314,5.2,5.2,4.8,4.8
rf,signo_zodiacal_leo,53,0.5,0.5700000000000001,0.5523809523809523,0.56,0.5462801388497983,0.5850000000000001,0.576228519846167,5.6,4.2,5.8,4.4
rf,signo_zodiacal_leo,54,0.5,0.57,0.5757575757575757,0.5599999999999999,0.5577200577200576,0.5740000000000001,0.595393576581657,5.6,4.2,5.8,4.4
rf,signo_zodiacal_leo,55,0.5,0.48,0.48384559884559886,0.48,0.47314796795911357,0.475,0.5466693759456918,4.8,5.2,4.8,5.2
rf,signo_zodiacal_leo,56,0.5,0.44000000000000006,0.441013986013986,0.42000000000000004,0.4229089026915114,0.422,0.49902262520760976,4.2,5.4,4.6,5.8
rf,signo_zodiacal_leo,57,0.5,0.48,0.4714646464646465,0.5,0.48247892458418773,0.515,0.5756668419299998,5.0,5.4,4.6,5.0
rf,signo_zodiacal_leo,58,0.5,0.54,0.5357142857142857,0.47999999999999987,0.49917675204052914,0.5219999999999999,0.6051891631760052,4.8,4.0,6.0,5.2
rf,signo_zodiacal_leo,59,0.5,0.47000000000000003,0.4789432789432789,0.42000000000000004,0.4374577748719625,0.46399999999999997,0.5549129106187929,4.2,4.8,5.2,5.8
rf,signo_zodiacal_leo,60,0.5,0.56,0.5566666666666668,0.6,0.5767965367965368,0.505,0.5705373407122634,6.0,4.8,5.2,4.0
rf,signo_zodiacal_leo,61,0.5,0.55,0.5492507492507491,0.64,0.5825234441602728,0.592,0.6156559910677557,6.4,5.4,4.6,3.6
rf,signo_zodiacal_leo,62,0.5,0.52,0.5285714285714286,0.44000000000000006,0.4777089783281734,0.5389999999999999,0.5996106944311277,4.4,4.0,6.0,5.6
rf,signo_zodiacal_leo,63,0.5,0.5000000000000001,0.5352369852369853,0.48,0.4858014601721695,0.556,0.6197844002402826,4.8,4.8,5.2,5.2
rf,signo_zodiacal_leo,64,0.5,0.57,0.57011655011655,0.58,0.57122952308307,0.5740000000000001,0.6094431740430192,5.8,4.4,5.6,4.2
rf,signo_zodiacal_leo,65,0.5,0.4600000000000001,0.4396825396825396,0.33999999999999997,0.3787925696594427,0.46699999999999997,0.5473891925068396,3.4,4.2,5.8,6.6
rf,signo_zodiacal_leo,66,0.5,0.49000000000000005,0.4666666666666666,0.42000000000000004,0.42918192918192916,0.5189999999999999,0.5792083461773865,4.2,4.4,5.6,5.8
rf,signo_zodiacal_leo,67,0.5,0.5199999999999999,0.5186013986013986,0.5199999999999999,0.5119772256728778,0.5229999999999999,0.5602933608359304,5.2,4.8,5.2,4.8
rf,signo_zodiacal_leo,68,0.5,0.54,0.5331313131313131,0.5399999999999999,0.533792055897319,0.5120000000000001,0.5649632038927705,5.4,4.6,5.4,4.6
rf,signo_zodiacal_leo,69,0.5,0.48,0.48358974358974355,0.6199999999999999,0.5422292490118578,0.523,0.5967110579479,6.2,6.6,3.4,3.8
rf,signo_zodiacal_leo,70,0.5,0.5599999999999999,0.5633838383838384,0.52,0.5385964912280701,0.577,0.6545202573484307,5.2,4.0,6.0,4.8
rf,signo_zodiacal_leo,71,0.5,0.39,0.36666666666666664,0.31999999999999995,0.34093567251461987,0.39999999999999997,0.4690296097091763,3.2,5.4,4.6,6.8
rf,signo_zodiacal_leo,72,0.5,0.52,0.5242857142857142,0.5800000000000001,0.5389459298871063,0.4830000000000001,0.5428054778039298,5.8,5.4,4.6,4.2
rf,signo_zodiacal_leo,73,0.5,0.43,0.4177272727272728,0.43999999999999995,0.423968253968254,0.4,0.5049672200864151,4.4,5.8,4.2,5.6
rf,signo_zodiacal_leo,74,0.5,0.4800000000000001,0.4851948051948051,0.52,0.49544269881865793,0.46699999999999997,0.5097296857768994,5.2,5.6,4.4,4.8
rf,signo_zodiacal_leo,75,0.5,0.55,0.5493589743589744,0.62,0.5783047870004391,0.532,0.5791849641586484,6.2,5.2,4.8,3.8
rf,signo_zodiacal_leo,76,0.5,0.51,0.5218253968253969,0.45999999999999996,0.4810801513587891,0.54,0.5560179771209184,4.6,4.4,5.6,5.4
rf,signo_zodiacal_leo,77,0.5,0.44000000000000006,0.44263736263736264,0.45999999999999996,0.4356216801101711,0.441,0.5692392246556334,4.6,5.8,4.2,5.4
rf,signo_zodiacal_leo,78,0.5,0.6,0.6112276612276613,0.6,0.6009371254222513,0.601,0.6174551569861167,6.0,4.0,6.0,4.0
rf,signo_zodiacal_leo,79,0.5,0.53,0.5173809523809524,0.5,0.5045276292335117,0.499,0.5566735964413982,5.0,4.4,5.6,5.0
rf,signo_zodiacal_leo,80,0.5,0.6,0.5769841269841269,0.5599999999999999,0.5526778175384987,0.562,0.5954376991257796,5.6,3.6,6.4,4.4
rf,signo_zodiacal_leo,81,0.5,0.53,0.5123809523809524,0.48,0.4896791443850267,0.5509999999999999,0.580271457300869,4.8,4.2,5.8,5.2
rf,signo_zodiacal_leo,82,0.5,0.4,0.39666666666666667,0.32,0.3432034632034632,0.3449999999999999,0.4730792552820417,3.2,5.2,4.8,6.8
rf,signo_zodiacal_leo,83,0.5,0.54,0.5833333333333334,0.4600000000000001,0.4895382395382395,0.5549999999999999,0.6501845566713987,4.6,3.8,6.2,5.4
rf,signo_zodiacal_leo,84,0.5,0.5,0.4924603174603174,0.45999999999999996,0.46721706226350185,0.561,0.6053648388075633,4.6,4.6,5.4,5.4
rf,signo_zodiacal_leo,85,0.5,0.4,0.4164635364635365,0.5,0.4529625447016751,0.409,0.4812363096140186,5.0,7.0,3.0,5.0
rf,signo_zodiacal_leo,86,0.5,0.39,0.3859163059163059,0.38,0.3797064854649994,0.40199999999999997,0.4775738417928821,3.8,6.0,4.0,6.2
rf,signo_zodiacal_leo,87,0.5,0.57,0.6519230769230769,0.5,0.5428728276554363,0.642,0.65629082862442,5.0,3.6,6.4,5.0
rf,signo_zodiacal_leo,88,0.5,0.53,0.5118614718614719,0.44000000000000006,0.4601249730661495,0.4800000000000001,0.541959817959818,4.4,3.8,6.2,5.6
rf,signo_zodiacal_leo,89,0.5,0.61,0.6766666666666666,0.54,0.5756060606060606,0.587,0.6954120812108429,5.4,3.2,6.8,4.6
rf,signo_zodiacal_leo,90,0.5,0.51,0.509090909090909,0.5599999999999999,0.5329004329004329,0.525,0.5772674531351002,5.6,5.4,4.6,4.4
rf,signo_zodiacal_leo,91,0.5,0.5799999999999998,0.6161616161616161,0.54,0.566786283891547,0.5519999999999999,0.6357036564226967,5.4,3.8,6.2,4.6
rf,signo_zodiacal_leo,92,0.5,0.5599999999999999,0.5515151515151515,0.6,0.5720057720057721,0.5700000000000001,0.6336377223567625,6.0,4.8,5.2,4.0
rf,signo_zodiacal_leo,93,0.5,0.6,0.6253968253968254,0.5599999999999999,0.5788011695906432,0.583,0.6199255944433963,5.6,3.6,6.4,4.4
rf,signo_zodiacal_leo,94,0.5,0.43000000000000005,0.42526806526806527,0.48,0.44922602950062906,0.46699999999999997,0.5417724187577129,4.8,6.2,3.8,5.2
rf,signo_zodiacal_leo,95,0.5,0.61,0.6424675324675324,0.54,0.5684033613445377,0.603,0.6744484953471022,5.4,3.2,6.8,4.6
rf,signo_zodiacal_leo,96,0.5,0.55,0.5514957264957264,0.58,0.5598525298754131,0.556,0.589274752595186,5.8,4.8,5.2,4.2
rf,signo_zodiacal_leo,97,0.5,0.45,0.4440476190476191,0.38,0.405941770647653,0.48,0.5386690248176317,3.8,4.8,5.2,6.2
rf,signo_zodiacal_leo,98,0.5,0.51,0.49818181818181817,0.5000000000000001,0.4914285714285714,0.484,0.5645704573204574,5.0,4.8,5.2,5.0
rf,signo_zodiacal_leo,99,0.5,0.49000000000000005,0.5025674325674325,0.48,0.48541225185726466,0.5149999999999999,0.589493522988879,4.8,5.0,5.0,5.2
rf,signo_zodiacal_leo,100,0.5,0.5700000000000001,0.5761111111111111,0.6,0.5821318447634237,0.5770000000000001,0.6334257584520742,6.0,4.6,5.4,4.0
rf,signo_zodiacal_leo,101,0.5,0.49000000000000005,0.46806526806526805,0.5,0.47255510900012176,0.502,0.5531225251356829,5.0,5.2,4.8,5.0
rf,signo_zodiacal_leo,102,0.5,0.5700000000000001,0.5786868686868687,0.58,0.5777261335156072,0.596,0.6332119422545119,5.8,4.4,5.6,4.2
rf,signo_zodiacal_leo,103,0.5,0.53,0.5301948051948052,0.54,0.5291562238930659,0.5529999999999999,0.5976976542549297,5.4,4.8,5.2,4.6
rf,signo_zodiacal_leo,104,0.5,0.54,0.5362470862470863,0.6200000000000001,0.5744776962168265,0.5389999999999999,0.5646039336480513,6.2,5.4,4.6,3.8
rf,signo_zodiacal_leo,105,0.5,0.5,0.49980519480519475,0.44000000000000006,0.46487394957983197,0.539,0.5786905665713715,4.4,4.4,5.6,5.6
rf,signo_zodiacal_leo,106,0.5,0.5,0.5083694083694084,0.45999999999999996,0.47677482476244093,0.493,0.5617079772652527,4.6,4.6,5.4,5.4
rf,signo_zodiacal_leo,107,0.5,0.58,0.5789393939393939,0.6199999999999999,0.5924444444444444,0.6220000000000001,0.711787506181469,6.2,4.6,5.4,3.8
rf,signo_zodiacal_leo,108,0.5,0.5200000000000001,0.4922727272727273,0.48,0.4806349206349207,0.507,0.577465237548829,4.8,4.4,5.6,5.2
rf,signo_zodiacal_leo,109,0.5,0.39,0.39666666666666667,0.45999999999999996,0.42290909090909096,0.44700000000000006,0.5614511893335422,4.6,6.8,3.2,5.4
rf,signo_zodiacal_leo,110,0.5,0.47000000000000003,0.45777777777777773,0.36,0.39675438596491225,0.42300000000000004,0.48465972958929615,3.6,4.2,5.8,6.4
rf,signo_zodiacal_leo,111,0.5,0.36,0.35777777777777775,0.33999999999999997,0.34842105263157896,0.32699999999999996,0.4588542413898451,3.4,6.2,3.8,6.6
rf,signo_zodiacal_leo,112,0.5,0.45,0.4492424242424242,0.4600000000000001,0.4507936507936508,0.417,0.4793169243037664,4.6,5.6,4.4,5.4
rf,signo_zodiacal_leo,113,0.5,0.49000000000000005,0.46424242424242423,0.44000000000000006,0.42900732600732605,0.44699999999999995,0.541762607705332,4.4,4.6,5.4,5.6
rf,signo_zodiacal_leo,114,0.5,0.37,0.3958974358974359,0.42000000000000004,0.3884472049689441,0.4299999999999999,0.5101980921555225,4.2,6.8,3.2,5.8
rf,signo_zodiacal_leo,115,0.5,0.44000000000000006,0.42777777777777776,0.42000000000000004,0.4184210526315789,0.41600000000000004,0.49942670135162387,4.2,5.4,4.6,5.8
rf,signo_zodiacal_leo,116,0.5,0.51,0.5080891330891332,0.5,0.49687751114591877,0.549,0.6588511570129217,5.0,4.8,5.2,5.0
rf,signo_zodiacal_leo,117,0.5,0.48,0.4829797979797979,0.45999999999999996,0.4696073517126148,0.47800000000000004,0.5196346872082166,4.6,5.0,5.0,5.4
rf,signo_zodiacal_leo,118,0.5,0.44000000000000006,0.42408369408369406,0.4600000000000001,0.43722639933166246,0.41100000000000003,0.48972481113657584,4.6,5.8,4.2,5.4
rf,signo_zodiacal_leo,119,0.5,0.43999999999999995,0.43748473748473743,0.52,0.4667032523271586,0.399,0.5238699501392999,5.2,6.4,3.6,4.8
rf,signo_zodiacal_leo,120,0.5,0.4,0.3996031746031746,0.36000000000000004,0.3760108828220283,0.40700000000000003,0.4958152233903007,3.6,5.6,4.4,6.4
rf,signo_zodiacal_leo,121,0.5,0.51,0.5194805194805194,0.42000000000000004,0.46125116713352005,0.5389999999999999,0.5796585609952483,4.2,4.0,6.0,5.8
rf,signo_zodiacal_leo,122,0.5,0.51,0.505,0.48,0.48392156862745095,0.517,0.5835979000359806,4.8,4.6,5.4,5.2
rf,signo_zodiacal_leo,123,0.5,0.58,0.565530303030303,0.68,0.6133533133533133,0.5519999999999999,0.5958918289313025,6.8,5.2,4.8,3.2
rf,signo_zodiacal_leo,124,0.5,0.38,0.3583333333333333,0.36,0.354093567251462,0.358,0.46886494267686213,3.6,6.0,4.0,6.4
rf,signo_zodiacal_leo,125,0.5,0.54,0.5383150183150184,0.56,0.5353657289002558,0.6199999999999999,0.6392562041501669,5.6,4.8,5.2,4.4
rf,signo_zodiacal_leo,126,0.5,0.49000000000000005,0.4907070707070707,0.48,0.48357560568086877,0.515,0.5789642389773969,4.8,5.0,5.0,5.2
rf,signo_zodiacal_leo,127,0.5,0.4,0.39051587301587304,0.44000000000000006,0.40739396826084134,0.38699999999999996,0.4926929275574786,4.4,6.4,3.6,5.6
rf,signo_zodiacal_leo,128,0.5,0.42000000000000004,0.43454545454545457,0.42000000000000004,0.42454317612212344,0.41,0.4922676686059038,4.2,5.8,4.2,5.8
rf,signo_zodiacal_leo,129,0.5,0.5900000000000001,0.6404761904761905,0.5599999999999999,0.5823380867498515,0.5409999999999999,0.6129198122139299,5.6,3.8,6.2,4.4
rf,signo_zodiacal_leo,130,0.5,0.5,0.503021978021978,0.5,0.49513808158309436,0.469,0.5271115257291727,5.0,5.0,5.0,5.0
rf,signo_zodiacal_leo,131,0.5,0.42000000000000004,0.40562770562770567,0.43999999999999995,0.417359575409111,0.4029999999999999,0.466054776492857,4.4,6.0,4.0,5.6
rf,signo_zodiacal_leo,132,0.5,0.5,0.533974358974359,0.44000000000000006,0.45679537853450897,0.534,0.6105056866937671,4.4,4.4,5.6,5.6
rf,signo_zodiacal_leo,133,0.5,0.37,0.3362121212121212,0.3,0.3136340852130326,0.378,0.48775554347613176,3.0,5.6,4.4,7.0
rf,signo_zodiacal_leo,134,0.5,0.6,0.6198051948051948,0.5799999999999998,0.5904295051353875,0.5729999999999998,0.6147674276188207,5.8,3.8,6.2,4.2
rf,signo_zodiacal_leo,135,0.5,0.5,0.511904761904762,0.45999999999999996,0.479144385026738,0.542,0.5761931005870634,4.6,4.6,5.4,5.4
rf,signo_zodiacal_leo,136,0.5,0.4600000000000001,0.4375757575757576,0.32,0.3624603174603174,0.47400000000000003,0.5307381845880298,3.2,4.0,6.0,6.8
rf,signo_zodiacal_leo,137,0.5,0.55,0.5782828282828282,0.52,0.5407837776258828,0.57,0.6183654678654679,5.2,4.2,5.8,4.8
rf,signo_zodiacal_leo,138,0.5,0.59,0.5868686868686868,0.6,0.5913192071086808,0.6379999999999999,0.6793378755747177,6.0,4.2,5.8,4.0
rf,signo_zodiacal_leo,139,0.5,0.42000000000000004,0.396031746031746,0.38,0.3852376038134552,0.429,0.5134690956618201,3.8,5.4,4.6,6.2
rf,signo_zodiacal_leo,140,0.5,0.49000000000000005,0.490079365079365,0.36,0.41296869625043,0.5,0.5599487544619124,3.6,3.8,6.2,6.4
rf,signo_zodiacal_leo,141,0.5,0.4800000000000001,0.46805194805194805,0.5,0.4804787369493252,0.48,0.5541513100762326,5.0,5.4,4.6,5.0
rf,signo_zodiacal_leo,142,0.5,0.51,0.49757575757575756,0.45999999999999996,0.4747117794486216,0.49000000000000005,0.5011307695572401,4.6,4.4,5.6,5.4
rf,signo_zodiacal_leo,143,0.5,0.5499999999999999,0.5417637917637917,0.6199999999999999,0.5759953242790771,0.599,0.6429566040254894,6.2,5.2,4.8,3.8
rf,signo_zodiacal_leo,144,0.5,0.4900000000000001,0.48138528138528136,0.44000000000000006,0.45808639245171756,0.509,0.551645146305363,4.4,4.6,5.4,5.6
rf,signo_zodiacal_leo,145,0.5,0.62,0.6327716727716728,0.66,0.6347546103109436,0.6439999999999999,0.6591306173186979,6.6,4.2,5.8,3.4
rf,signo_zodiacal_leo,146,0.5,0.51,0.5277777777777778,0.52,0.5168793195108984,0.481,0.563867269984917,5.2,5.0,5.0,4.8
rf,signo_zodiacal_leo,147,0.5,0.43,0.43878787878787884,0.48,0.4538546365914787,0.45,0.5411353636044038,4.8,6.2,3.8,5.2
rf,signo_zodiacal_leo,148,0.5,0.44000000000000006,0.4454273504273504,0.42000000000000004,0.42933129926264935,0.441,0.5160830078933794,4.2,5.4,4.6,5.8
rf,signo_zodiacal_leo,149,0.5,0.5199999999999999,0.5044444444444445,0.54,0.5123540669856459,0.46699999999999997,0.540947653653536,5.4,5.0,5.0,4.6
rf,signo_zodiacal_leo,150,0.5,0.49000000000000005,0.48047619047619045,0.45999999999999996,0.46043894048847617,0.49400000000000005,0.567008991438558,4.6,4.8,5.2,5.4
rf,signo_zodiacal_leo,151,0.5,0.45999999999999996,0.46541958041958037,0.45999999999999996,0.45792960662525883,0.46799999999999997,0.5400199142962301,4.6,5.4,4.6,5.4
rf,signo_zodiacal_leo,152,0.5,0.4600000000000001,0.4733766233766234,0.5,0.4763772175536882,0.4,0.46859226050866915,5.0,5.8,4.2,5.0
rf,signo_zodiacal_leo,153,0.5,0.5599999999999999,0.5533333333333333,0.64,0.5848888888888889,0.5229999999999999,0.5411953140598651,6.4,5.2,4.8,3.6
rf,signo_zodiacal_leo,154,0.5,0.49000000000000005,0.4892857142857142,0.44000000000000006,0.46078431372549017,0.504,0.5732985153821067,4.4,4.6,5.4,5.6
rf,signo_zodiacal_leo,155,0.5,0.45999999999999996,0.46479076479076475,0.42000000000000004,0.4387291758808787,0.413,0.5313327530742391,4.2,5.0,5.0,5.8
rf,signo_zodiacal_leo,156,0.5,0.49000000000000005,0.49754901960784315,0.4999999999999999,0.4797979797979798,0.497,0.5792488971297021,5.0,5.2,4.8,5.0
rf,signo_zodiacal_leo,157,0.5,0.5599999999999999,0.5590909090909091,0.6199999999999999,0.5845408976987925,0.6599999999999999,0.6859532662899535,6.2,5.0,5.0,3.8
rf,signo_zodiacal_leo,158,0.5,0.39,0.36214285714285716,0.32,0.3381699346405228,0.41000000000000003,0.5020264472369735,3.2,5.4,4.6,6.8
rf,signo_zodiacal_leo,159,0.5,0.43999999999999995,0.42936507936507934,0.4,0.40626934984520124,0.387,0.46144892362539425,4.0,5.2,4.8,6.0
rf,signo_zodiacal_leo,160,0.5,0.49000000000000005,0.4901587301587302,0.54,0.5045180598555212,0.49700000000000005,0.5630871344857413,5.4,5.6,4.4,4.6
rf,signo_zodiacal_leo,161,0.5,0.41,0.41969696969696973,0.43999999999999995,0.42741702741702736,0.313,0.43861425158948375,4.4,6.2,3.8,5.6
rf,signo_zodiacal_leo,162,0.5,0.51,0.5098051948051948,0.48,0.47954061624649863,0.438,0.5432241206505911,4.8,4.6,5.4,5.2
rf,signo_zodiacal_leo,163,0.5,0.53,0.5333333333333333,0.52,0.5222753854332801,0.48999999999999994,0.5487250166414254,5.2,4.6,5.4,4.8
rf,signo_zodiacal_leo,164,0.5,0.5599999999999999,0.5666666666666667,0.45999999999999996,0.5062263501891986,0.599,0.6560988717165187,4.6,3.4,6.6,5.4
rf,signo_zodiacal_leo,165,0.5,0.42000000000000004,0.41071428571428575,0.45999999999999996,0.4242424242424242,0.445,0.5242442907969224,4.6,6.2,3.8,5.4
rf,signo_zodiacal_leo,166,0.5,0.48999999999999994,0.4923809523809523,0.5,0.492046783625731,0.48599999999999993,0.5523029378602133,5.0,5.2,4.8,5.0
rf,signo_zodiacal_leo,167,0.5,0.49000000000000005,0.5111388611388611,0.45999999999999996,0.4778305525108594,0.501,0.5985954878454878,4.6,4.8,5.2,5.4
rf,signo_zodiacal_leo,168,0.5,0.44000000000000006,0.43737373737373736,0.42000000000000004,0.42673350041771096,0.3869999999999999,0.4555455455277436,4.2,5.4,4.6,5.8
rf,signo_zodiacal_leo,169,0.5,0.55,0.53004329004329,0.5,0.4934883815874528,0.595,0.6233614699713771,5.0,4.0,6.0,5.0
rf,signo_zodiacal_leo,170,0.5,0.6199999999999999,0.6234498834498834,0.64,0.6286564236678652,0.621,0.6523542003232405,6.4,4.0,6.0,3.6
rf,signo_zodiacal_leo,171,0.5,0.48,0.4956293706293707,0.52,0.5044858523119393,0.44699999999999995,0.5343453315690158,5.2,5.6,4.4,4.8
rf,signo_zodiacal_leo,172,0.5,0.45999999999999996,0.46461538461538454,0.54,0.4977865612648221,0.4720000000000001,0.5663323333013736,5.4,6.2,3.8,4.6
rf,signo_zodiacal_leo,173,0.5,0.4699999999999999,0.44754578754578755,0.5,0.4643478260869565,0.42300000000000004,0.5049249290441241,5.0,5.6,4.4,5.0
rf,signo_zodiacal_leo,174,0.5,0.45,0.42523809523809525,0.4,0.39129870129870126,0.45299999999999996,0.5167915514138424,4.0,5.0,5.0,6.0
rf,signo_zodiacal_leo,175,0.5,0.52,0.5123076923076922,0.52,0.5032693947144076,0.5449999999999999,0.6385058068866118,5.2,4.8,5.2,4.8
rf,signo_zodiacal_leo,176,0.5,0.5599999999999999,0.5627594627594628,0.5399999999999999,0.5417197958859017,0.567,0.6548364205453988,5.4,4.2,5.8,4.6
rf,signo_zodiacal_leo,177,0.5,0.55,0.557979797979798,0.54,0.5328120300751881,0.5980000000000001,0.6282183829242652,5.4,4.4,5.6,4.6
rf,signo_zodiacal_leo,178,0.5,0.43,0.39761904761904765,0.34,0.3583600713012478,0.399,0.47520142946149135,3.4,4.8,5.2,6.6
rf,signo_zodiacal_leo,179,0.5,0.5700000000000001,0.5715151515151515,0.6,0.5839781271360218,0.53,0.5876963781832203,6.0,4.6,5.4,4.0
rf,signo_zodiacal_leo,180,0.5,0.52,0.5222222222222223,0.52,0.5200501253132832,0.525,0.5618491694064449,5.2,4.8,5.2,4.8
rf,signo_zodiacal_leo,181,0.5,0.5,0.5058119658119657,0.52,0.5091468460347179,0.523,0.5790963395050083,5.2,5.2,4.8,4.8
rf,signo_zodiacal_leo,182,0.5,0.54,0.5454700854700855,0.58,0.5542069666920926,0.617,0.6587162163601793,5.8,5.0,5.0,4.2
rf,signo_zodiacal_leo,183,0.5,0.56,0.5624242424242425,0.5599999999999999,0.5488311688311688,0.6140000000000001,0.6665297921033215,5.6,4.4,5.6,4.4
rf,signo_zodiacal_leo,184,0.5,0.43,0.43802197802197806,0.42000000000000004,0.4151321398124467,0.425,0.4967331932773109,4.2,5.6,4.4,5.8
rf,signo_zodiacal_leo,185,0.5,0.5800000000000001,0.5888034188034188,0.5599999999999999,0.5692245105517417,0.591,0.6777063290167005,5.6,4.0,6.0,4.4
rf,signo_zodiacal_leo,186,0.5,0.5000000000000001,0.4698412698412698,0.5,0.47146542827657373,0.413,0.48751199720472166,5.0,5.0,5.0,5.0
rf,signo_zodiacal_leo,187,0.5,0.5,0.49111111111111116,0.42000000000000004,0.445465178096757,0.548,0.5617437262599801,4.2,4.2,5.8,5.8
rf,signo_zodiacal_leo,188,0.5,0.42000000000000004,0.40158119658119656,0.4,0.3970607678616832,0.35700000000000004,0.49861405020847743,4.0,5.6,4.4,6.0
rf,signo_zodiacal_leo,189,0.5,0.45999999999999996,0.46124708624708627,0.5199999999999999,0.4861660079051383,0.454,0.5873268316650669,5.2,6.0,4.0,4.8
rf,signo_zodiacal_leo,190,0.5,0.64,0.6642857142857143,0.5799999999999998,0.6065508021390376,0.589,0.6306250514191691,5.8,3.0,7.0,4.2
rf,signo_zodiacal_leo,191,0.5,0.48,0.47637917637917643,0.5,0.4853982783044568,0.45299999999999996,0.5085952899010174,5.0,5.4,4.6,5.0
rf,signo_zodiacal_leo,192,0.5,0.5000000000000001,0.4896464646464647,0.52,0.5015265436318067,0.48200000000000004,0.530688080924923,5.2,5.2,4.8,4.8
rf,signo_zodiacal_leo,193,0.5,0.53,0.5564285714285714,0.36,0.43395424836601315,0.523,0.6005476570213413,3.6,3.0,7.0,6.4
rf,signo_zodiacal_leo,194,0.5,0.49000000000000005,0.49586247086247087,0.45999999999999996,0.469558860920417,0.41500000000000004,0.5065227032169757,4.6,4.8,5.2,5.4
rf,signo_zodiacal_leo,195,0.5,0.44000000000000006,0.4525349650349651,0.5599999999999999,0.49775441949355,0.462,0.5428317232303301,5.6,6.8,3.2,4.4
rf,signo_zodiacal_leo,196,0.5,0.52,0.5184188034188034,0.48,0.49127765064836,0.5290000000000001,0.5626944250280164,4.8,4.4,5.6,5.2
rf,signo_zodiacal_leo,197,0.5,0.53,0.5222222222222221,0.45999999999999996,0.4837914751227445,0.534,0.5838498333451894,4.6,4.0,6.0,5.4
rf,signo_zodiacal_leo,198,0.5,0.48,0.4765811965811966,0.5,0.4839294547303701,0.4600000000000001,0.5620891973523553,5.0,5.4,4.6,5.0
rf,signo_zodiacal_leo,199,0.5,0.5,0.49722222222222223,0.44000000000000006,0.46608187134502915,0.509,0.5883649879532232,4.4,4.4,5.6,5.6
rf,signo_zodiacal_leo,200,0.5,0.5199999999999999,0.507987012987013,0.4800000000000001,0.49058823529411766,0.522,0.5703729140656386,4.8,4.4,5.6,5.2
rf,signo_zodiacal_leo,201,0.5,0.48,0.4608791208791209,0.5,0.4676811594202898,0.4920000000000001,0.575109048845891,5.0,5.4,4.6,5.0
rf,signo_zodiacal_leo,202,0.5,0.48,0.47435897435897434,0.43999999999999995,0.4439879342625338,0.53,0.5926166317342789,4.4,4.8,5.2,5.6
rf,signo_zodiacal_leo,203,0.5,0.49000000000000005,0.4686868686868687,0.4800000000000001,0.4543474069789859,0.518,0.5584613621672444,4.8,5.0,5.0,5.2
rf,signo_zodiacal_leo,204,0.5,0.47000000000000003,0.48745920745920746,0.52,0.48682401656314694,0.5309999999999999,0.6153766763851903,5.2,5.8,4.2,4.8
rf,signo_zodiacal_leo,205,0.5,0.51,0.4773892773892774,0.5,0.4832470669427191,0.48200000000000004,0.5631790448113978,5.0,4.8,5.2,5.0
rf,signo_zodiacal_leo,206,0.5,0.45,0.4519230769230769,0.5,0.4682696530522617,0.382,0.482477562684993,5.0,6.0,4.0,5.0
rf,signo_zodiacal_leo,207,0.5,0.57,0.5698412698412698,0.6,0.5792663476874003,0.557,0.6063267484149837,6.0,4.6,5.4,4.0
rf,signo_zodiacal_leo,208,0.5,0.44000000000000006,0.44701298701298703,0.38,0.4053081232492997,0.389,0.4803621476562653,3.8,5.0,5.0,6.2
rf,signo_zodiacal_leo,209,0.5,0.45,0.43611111111111106,0.42000000000000004,0.42589807852965755,0.389,0.4817617746031059,4.2,5.2,4.8,5.8
rf,signo_zodiacal_leo,210,0.5,0.55,0.5664285714285715,0.5199999999999999,0.5333986928104576,0.55,0.6087297887870643,5.2,4.2,5.8,4.8
rf,signo_zodiacal_leo,211,0.5,0.5900000000000001,0.6052272727272727,0.62,0.6013186813186813,0.584,0.637557291779428,6.2,4.4,5.6,3.8
rf,signo_zodiacal_leo,212,0.5,0.5200000000000001,0.5233766233766233,0.45999999999999996,0.4750700280112044,0.4840000000000001,0.583552764057408,4.6,4.2,5.8,5.4
rf,signo_zodiacal_leo,213,0.5,0.52,0.5295238095238095,0.5,0.5063605091159271,0.524,0.5744745860434715,5.0,4.6,5.4,5.0
rf,signo_zodiacal_leo,214,0.5,0.36,0.3536813186813187,0.36000000000000004,0.3523816166782919,0.404,0.49537005375085863,3.6,6.4,3.6,6.4
rf,signo_zodiacal_leo,215,0.5,0.47000000000000003,0.4575757575757575,0.44000000000000006,0.44523809523809527,0.44399999999999995,0.5474501615515547,4.4,5.0,5.0,5.6
rf,signo_zodiacal_leo,216,0.5,0.48,0.4856410256410257,0.4,0.4254881769641495,0.49399999999999994,0.5650073347704927,4.0,4.4,5.6,6.0
rf,signo_zodiacal_leo,217,0.5,0.4600000000000001,0.4222222222222222,0.45999999999999996,0.4366132723112128,0.44800000000000006,0.5283149540517962,4.6,5.4,4.6,5.4
rf,signo_zodiacal_leo,218,0.5,0.64,0.6727777777777778,0.5599999999999999,0.5956432748538012,0.6929999999999998,0.687456468969627,5.6,2.8,7.2,4.4
rf,signo_zodiacal_leo,219,0.5,0.52,0.5034188034188034,0.54,0.5141564385271479,0.5299999999999999,0.555497270703153,5.4,5.0,5.0,4.6
rf,signo_zodiacal_leo,220,0.5,0.58,0.5896031746031746,0.5,0.5392432060543515,0.5880000000000001,0.5975721125279949,5.0,3.4,6.6,5.0
rf,signo_zodiacal_leo,221,0.5,0.5,0.5145299145299146,0.5,0.5016896655340591,0.5399999999999999,0.6145090922149745,5.0,5.0,5.0,5.0
rf,signo_zodiacal_leo,222,0.5,0.48,0.46369408369408366,0.42000000000000004,0.43150871831986387,0.484,0.5519092014796348,4.2,4.6,5.4,5.8
rf,signo_zodiacal_leo,223,0.5,0.5800000000000001,0.573939393939394,0.5599999999999999,0.5563636363636363,0.5840000000000001,0.6647195945609259,5.6,4.0,6.0,4.4
rf,signo_zodiacal_leo,224,0.5,0.53,0.5199023199023199,0.54,0.5240727370623722,0.515,0.5885367497999077,5.4,4.8,5.2,4.6
rf,signo_zodiacal_leo,225,0.5,0.5,0.5005050505050506,0.5,0.49820004556846664,0.485,0.5637579077269479,5.0,5.0,5.0,5.0
rf,signo_zodiacal_leo,226,0.5,0.54,0.5436868686868687,0.5,0.5138850915166705,0.5650000000000001,0.6441877556567959,5.0,4.2,5.8,5.0
rf,signo_zodiacal_leo,227,0.5,0.4,0.3902564102564102,0.4,0.3892053255668816,0.35,0.4426893327690541,4.0,6.0,4.0,6.0
rf,signo_zodiacal_leo,228,0.5,0.61,0.6182789432789433,0.6,0.6031237514075042,0.6359999999999999,0.6182727615521733,6.0,3.8,6.2,4.0
rf,signo_zodiacal_leo,229,0.5,0.43,0.43662337662337664,0.5,0.46079365079365087,0.38500000000000006,0.4936654446344848,5.0,6.4,3.6,5.0
rf,signo_zodiacal_leo,230,0.5,0.42000000000000004,0.4181746031746032,0.36,0.3849948400412797,0.40700000000000003,0.5107881769073719,3.6,5.2,4.8,6.4
rf,signo_zodiacal_leo,231,0.5,0.57,0.5679112554112553,0.6799999999999999,0.6123963755542703,0.5910000000000001,0.6180681230534171,6.8,5.4,4.6,3.2
rf,signo_zodiacal_leo,232,0.5,0.51,0.5085714285714286,0.52,0.5074509803921569,0.517,0.5816372151240572,5.2,5.0,5.0,4.8
rf,signo_zodiacal_leo,233,0.5,0.39,0.42499999999999993,0.36000000000000004,0.3661064425770308,0.34099999999999997,0.4903302198317678,3.6,5.8,4.2,6.4
rf,signo_zodiacal_leo,234,0.5,0.45,0.42900432900432894,0.33999999999999997,0.3753034547152194,0.43200000000000005,0.5096046741356339,3.4,4.4,5.6,6.6
rf,signo_zodiacal_leo,235,0.5,0.53,0.5424242424242424,0.43999999999999995,0.46940836940836944,0.522,0.5649558121616944,4.4,3.8,6.2,5.6
rf,signo_zodiacal_leo,236,0.5,0.33999999999999997,0.372005772005772,0.42000000000000004,0.39135338345864656,0.28500000000000003,0.42937074526780405,4.2,7.4,2.6,5.8
rf,signo_zodiacal_leo,237,0.5,0.47000000000000003,0.4835164835164834,0.45999999999999996,0.4604219948849105,0.4779999999999999,0.587973111254071,4.6,5.2,4.8,5.4
rf,signo_zodiacal_leo,238,0.5,0.4,0.39055555555555554,0.33999999999999997,0.36292397660818715,0.41,0.5351848865788493,3.4,5.4,4.6,6.6
rf,signo_zodiacal_leo,239,0.5,0.5,0.4892857142857142,0.48,0.4783625730994152,0.471,0.5531196107813754,4.8,4.8,5.2,5.2
rf,signo_zodiacal_leo,240,0.5,0.52,0.49663780663780666,0.5599999999999999,0.5198754104512618,0.488,0.5363436100363345,5.6,5.2,4.8,4.4
rf,signo_zodiacal_leo,241,0.5,0.5399999999999999,0.5611111111111111,0.45999999999999996,0.4925358851674641,0.5080000000000001,0.5548858564036583,4.6,3.8,6.2,5.4
rf,signo_zodiacal_leo,242,0.5,0.5199999999999999,0.5333333333333333,0.5,0.5087662337662338,0.513,0.5849212458508124,5.0,4.6,5.4,5.0
rf,signo_zodiacal_leo,243,0.5,0.53,0.5242002442002441,0.45999999999999996,0.4797164266164131,0.548,0.6328580318889916,4.6,4.0,6.0,5.4
rf,signo_zodiacal_leo,244,0.5,0.58,0.5826695526695527,0.6,0.5852631578947368,0.596,0.6841366709485905,6.0,4.4,5.6,4.0
rf,signo_zodiacal_leo,245,0.5,0.51,0.49948051948051947,0.48,0.4712698412698413,0.515,0.5532582880655637,4.8,4.6,5.4,5.2
rf,signo_zodiacal_leo,246,0.5,0.5,0.48641636141636135,0.5,0.48585872182587764,0.49499999999999994,0.5659639908595018,5.0,5.0,5.0,5.0
rf,signo_zodiacal_leo,247,0.5,0.5,0.4965811965811966,0.5399999999999999,0.5130203638212791,0.457,0.5485014173133369,5.4,5.4,4.6,4.6
rf,signo_zodiacal_leo,248,0.5,0.44000000000000006,0.428051948051948,0.45999999999999996,0.44047873694932516,0.39699999999999996,0.4979175930708439,4.6,5.8,4.2,5.4
rf,signo_zodiacal_leo,249,0.5,0.41,0.40637362637362645,0.44000000000000006,0.4183631713554988,0.391,0.4896286250728975,4.4,6.2,3.8,5.6
rf,signo_zodiacal_leo,250,0.5,0.56,0.5620202020202021,0.6,0.5771679197994988,0.585,0.6277815219696025,6.0,4.8,5.2,4.0
rf,signo_zodiacal_leo,251,0.5,0.45,0.4066666666666666,0.32,0.3516666666666667,0.398,0.49414403389867784,3.2,4.2,5.8,6.8
rf,signo_zodiacal_leo,252,0.5,0.42000000000000004,0.425970695970696,0.43999999999999995,0.42845384794233904,0.42699999999999994,0.5204876614613456,4.4,6.0,4.0,5.6
rf,signo_zodiacal_leo,253,0.5,0.4600000000000001,0.44805194805194803,0.4,0.417296918767507,0.506,0.6190120641312593,4.0,4.8,5.2,6.0
rf,signo_zodiacal_leo,254,0.5,0.48,0.48,0.5,0.4855555555555555,0.516,0.5828771022579071,5.0,5.4,4.6,5.0
rf,signo_zodiacal_leo,255,0.5,0.41999999999999993,0.42900432900432894,0.4800000000000001,0.4512531328320802,0.34900000000000003,0.4797376847438766,4.8,6.4,3.6,5.2
rf,signo_zodiacal_leo,256,0.5,0.45,0.4545454545454545,0.64,0.5293106893106894,0.42699999999999994,0.526141062583787,6.4,7.4,2.6,3.6
rf,signo_zodiacal_leo,257,0.5,0.58,0.5817521367521368,0.62,0.5910378845664888,0.623,0.6447510497758175,6.2,4.6,5.4,3.8
rf,signo_zodiacal_leo,258,0.5,0.53,0.5257575757575758,0.54,0.5304473304473304,0.5650000000000001,0.6217836802000889,5.4,4.8,5.2,4.6
rf,signo_zodiacal_leo,259,0.5,0.52,0.5122979797979799,0.54,0.5129101600154231,0.544,0.5851730095669725,5.4,5.0,5.0,4.6
rf,signo_zodiacal_leo,260,0.5,0.4600000000000001,0.45714285714285713,0.45999999999999996,0.45026737967914443,0.46699999999999997,0.5199052779006339,4.6,5.4,4.6,5.4
rf,signo_zodiacal_leo,261,0.5,0.41,0.41454545454545455,0.42000000000000004,0.4171428571428571,0.345,0.4570211500745557,4.2,6.0,4.0,5.8
rf,signo_zodiacal_leo,262,0.5,0.5599999999999999,0.5599999999999999,0.5599999999999999,0.5531818181818181,0.6020000000000001,0.6121305808055034,5.6,4.4,5.6,4.4
rf,signo_zodiacal_leo,263,0.5,0.5800000000000001,0.5918614718614719,0.56,0.5403487492899257,0.5970000000000001,0.6389052779006339,5.6,4.0,6.0,4.4
rf,signo_zodiacal_leo,264,0.5,0.5199999999999999,0.5364108114108113,0.5,0.5117341520895161,0.49000000000000005,0.5528229070551052,5.0,4.6,5.4,5.0
rf,signo_zodiacal_leo,265,0.5,0.4699999999999999,0.4222222222222222,0.3,0.34809941520467835,0.5189999999999999,0.5768263795028501,3.0,3.6,6.4,7.0
rf,signo_zodiacal_leo,266,0.5,0.45,0.41742424242424236,0.33999999999999997,0.3698412698412698,0.43099999999999994,0.5438096554288505,3.4,4.4,5.6,6.6
rf,signo_zodiacal_leo,267,0.5,0.42000000000000004,0.38551226551226553,0.34,0.35670352351466905,0.458,0.5421957203443271,3.4,5.0,5.0,6.6
rf,signo_zodiacal_leo,268,0.5,0.45,0.4416666666666667,0.45999999999999996,0.44800637958532696,0.425,0.5159819696127744,4.6,5.6,4.4,5.4
rf,signo_zodiacal_leo,269,0.5,0.5200000000000001,0.5340176490176491,0.5599999999999999,0.5358622985426055,0.552,0.5913404710184895,5.6,5.2,4.8,4.4
rf,signo_zodiacal_leo,270,0.5,0.45999999999999996,0.45555555555555555,0.48,0.46598313966735017,0.44699999999999995,0.5050478596051351,4.8,5.6,4.4,5.2
rf,signo_zodiacal_leo,271,0.5,0.51,0.5058791208791209,0.54,0.5143478260869565,0.5349999999999999,0.5769686408362878,5.4,5.2,4.8,4.6
rf,signo_zodiacal_leo,272,0.5,0.45,0.43692307692307686,0.4,0.40404154198204545,0.404,0.46973353237749527,4.0,5.0,5.0,6.0
rf,signo_zodiacal_leo,273,0.5,0.54,0.530952380952381,0.6000000000000001,0.55448128342246,0.48200000000000004,0.5641714864083285,6.0,5.2,4.8,4.0
rf,signo_zodiacal_leo,274,0.5,0.54,0.5381818181818183,0.5399999999999999,0.5380451127819549,0.506,0.5543663928091171,5.4,4.6,5.4,4.6
rf,signo_zodiacal_leo,275,0.5,0.54,0.54,0.41999999999999993,0.4622222222222222,0.5650000000000001,0.632945283646522,4.2,3.4,6.6,5.8
rf,signo_zodiacal_leo,276,0.5,0.55,0.5257142857142857,0.56,0.5370588235294118,0.575,0.5924353489647608,5.6,4.6,5.4,4.4
rf,signo_zodiacal_leo,277,0.5,0.5399999999999999,0.5333333333333333,0.58,0.5545454545454546,0.5609999999999999,0.6210388575992292,5.8,5.0,5.0,4.2
rf,signo_zodiacal_leo,278,0.5,0.53,0.5326923076923077,0.5,0.5106280193236715,0.54,0.5908572805763208,5.0,4.4,5.6,5.0
rf,signo_zodiacal_leo,279,0.5,0.45999999999999996,0.46230769230769236,0.4,0.41414580588493627,0.46699999999999997,0.5351033231474408,4.0,4.8,5.2,6.0
rf,signo_zodiacal_leo,280,0.5,0.38,0.38939393939393935,0.33999999999999997,0.35859970782571404,0.332,0.46013036499104604,3.4,5.8,4.2,6.6
rf,signo_zodiacal_leo,281,0.5,0.61,0.5972727272727273,0.7,0.6427272727272728,0.667,0.7057225890724342,7.0,4.8,5.2,3.0
rf,signo_zodiacal_leo,282,0.5,0.45,0.4264346764346764,0.44000000000000006,0.428249380329068,0.471,0.5869397830411762,4.4,5.4,4.6,5.6
rf,signo_zodiacal_leo,283,0.5,0.6300000000000001,0.6174325674325674,0.7200000000000001,0.6610419328954797,0.6370000000000001,0.6767141279772859,7.2,4.6,5.4,2.8
rf,signo_zodiacal_leo,284,0.5,0.55,0.5475108225108224,0.5399999999999999,0.5350533195734434,0.509,0.5459330114330113,5.4,4.4,5.6,4.6
rf,signo_zodiacal_leo,285,0.5,0.45999999999999996,0.46571428571428575,0.52,0.4847700534759358,0.48,0.5877889887889888,5.2,6.0,4.0,4.8
rf,signo_zodiacal_leo,286,0.5,0.47000000000000003,0.47575757575757577,0.54,0.5056277056277055,0.438,0.5017820692379515,5.4,6.0,4.0,4.6
rf,signo_zodiacal_leo,287,0.5,0.47000000000000003,0.4727272727272728,0.45999999999999996,0.46349206349206346,0.481,0.5712322564776124,4.6,5.2,4.8,5.4
rf,signo_zodiacal_leo,288,0.5,0.5200000000000001,0.521025641025641,0.5599999999999999,0.5375787294322764,0.524,0.5579684667757423,5.6,5.2,4.8,4.4
rf,signo_zodiacal_leo,289,0.5,0.5,0.48547619047619045,0.43999999999999995,0.46004127966976266,0.528,0.5836796161354985,4.4,4.4,5.6,5.6
rf,signo_zodiacal_leo,290,0.5,0.41000000000000003,0.4123376623376623,0.44000000000000006,0.41989331617814596,0.376,0.48690063797571537,4.4,6.2,3.8,5.6
rf,signo_zodiacal_leo,291,0.5,0.51,0.47653679653679654,0.4600000000000001,0.4627731092436974,0.48600000000000004,0.5485833055833055,4.6,4.4,5.6,5.4
rf,signo_zodiacal_leo,292,0.5,0.51,0.5127672327672328,0.5599999999999999,0.5277408354646206,0.5360000000000001,0.5775133918369212,5.6,5.4,4.6,4.4
rf,signo_zodiacal_leo,293,0.5,0.45,0.4396464646464646,0.4,0.4172096908939015,0.442,0.4976818632863525,4.0,5.0,5.0,6.0
rf,signo_zodiacal_leo,294,0.5,0.51,0.5105555555555555,0.45999999999999996,0.48350877192982455,0.502,0.5463943268633671,4.6,4.4,5.6,5.4
rf,signo_zodiacal_leo,295,0.5,0.41,0.4163170163170163,0.5,0.4520624684240245,0.36099999999999993,0.4567551600446337,5.0,6.8,3.2,5.0
rf,signo_zodiacal_leo,296,0.5,0.4,0.39999999999999997,0.43999999999999995,0.41760461760461753,0.356,0.47064459929475405,4.4,6.4,3.6,5.6
rf,signo_zodiacal_leo,297,0.5,0.5599999999999999,0.5553968253968253,0.54,0.5343540669856459,0.618,0.6149875855139013,5.4,4.2,5.8,4.6
rf,signo_zodiacal_leo,298,0.5,0.43999999999999995,0.44603174603174606,0.31999999999999995,0.3614280800039314,0.44699999999999995,0.5352666403943493,3.2,4.4,5.6,6.8
rf,signo_zodiacal_leo,299,0.5,0.48999999999999994,0.4884920634920634,0.42000000000000004,0.4501203990368078,0.46799999999999997,0.5528597060833903,4.2,4.4,5.6,5.8
rf,signo_zodiacal_leo,300,0.5,0.54,0.49444555444555444,0.58,0.5269772256728779,0.5800000000000001,0.6367649191194082,5.8,5.0,5.0,4.2
rf,signo_zodiacal_leo,301,0.5,0.5599999999999999,0.5600432900432901,0.6199999999999999,0.5787530116941882,0.5519999999999999,0.6047884050074452,6.2,5.0,5.0,3.8
rf,signo_zodiacal_leo,302,0.5,0.52,0.5322510822510822,0.54,0.5306340718105425,0.5599999999999999,0.6222852431366362,5.4,5.0,5.0,4.6
rf,signo_zodiacal_leo,303,0.5,0.52,0.5172655122655122,0.5399999999999999,0.5229406850459482,0.5339999999999999,0.629964636240952,5.4,5.0,5.0,4.6
rf,signo_zodiacal_leo,304,0.5,0.45,0.41924242424242425,0.36,0.38190476190476186,0.42400000000000004,0.5132304858024673,3.6,4.6,5.4,6.4
rf,signo_zodiacal_leo,305,0.5,0.5399999999999999,0.5392857142857143,0.4999999999999999,0.5083333333333333,0.517,0.6003640325962307,5.0,4.2,5.8,5.0
rf,signo_zodiacal_leo,306,0.5,0.52,0.5115079365079366,0.52,0.5105263157894736,0.5599999999999999,0.5989616565924616,5.2,4.8,5.2,4.8
rf,signo_zodiacal_leo,307,0.5,0.45,0.44733044733044736,0.45999999999999996,0.4491710559822015,0.44699999999999995,0.5434621114179937,4.6,5.6,4.4,5.4
rf,signo_zodiacal_leo,308,0.5,0.47000000000000003,0.46833333333333327,0.38,0.40909090909090906,0.4720000000000001,0.5645467583671918,3.8,4.4,5.6,6.2
rf,signo_zodiacal_leo,309,0.5,0.6,0.6066666666666667,0.56,0.5743434343434343,0.579,0.6119474573414202,5.6,3.6,6.4,4.4
rf,signo_zodiacal_leo,310,0.5,0.4800000000000001,0.480034965034965,0.5,0.48720496894409937,0.466,0.525019601743286,5.0,5.4,4.6,5.0
rf,signo_zodiacal_leo,311,0.5,0.51,0.5118686868686868,0.5,0.5029087871193134,0.48,0.5406517202267976,5.0,4.8,5.2,5.0
rf,signo_zodiacal_leo,312,0.5,0.43999999999999995,0.3943589743589743,0.36,0.3648970251716247,0.42800000000000005,0.4801390280685946,3.6,4.8,5.2,6.4
rf,signo_zodiacal_leo,313,0.5,0.55,0.5558441558441558,0.52,0.5306595365418895,0.6360000000000001,0.6505335210025612,5.2,4.2,5.8,4.8
rf,signo_zodiacal_leo,314,0.5,0.48,0.47496503496503484,0.45999999999999996,0.45221532091097305,0.43099999999999994,0.506695419217865,4.6,5.0,5.0,5.4
rf,signo_zodiacal_leo,315,0.5,0.51,0.4956793206793207,0.48,0.4812162546177891,0.5229999999999999,0.5808354602913426,4.8,4.6,5.4,5.2
rf,signo_zodiacal_leo,316,0.5,0.45999999999999996,0.4651515151515152,0.48,0.4708589655958077,0.43900000000000006,0.5261773339319779,4.8,5.6,4.4,5.2
rf,signo_zodiacal_leo,317,0.5,0.53,0.5325757575757576,0.43999999999999995,0.47857142857142854,0.5589999999999999,0.5878018001090756,4.4,3.8,6.2,5.6
rf,signo_zodiacal_leo,318,0.5,0.55,0.5611111111111111,0.5599999999999999,0.5532429558745349,0.607,0.6572962474402102,5.6,4.6,5.4,4.4
rf,signo_zodiacal_leo,319,0.5,0.49000000000000005,0.4898701298701299,0.42000000000000004,0.44324929971988797,0.506,0.5653143343584521,4.2,4.4,5.6,5.8
rf,signo_zodiacal_leo,320,0.5,0.6100000000000001,0.6305194805194805,0.5800000000000001,0.5979395905092499,0.651,0.6739739684120488,5.8,3.6,6.4,4.2
rf,signo_zodiacal_leo,321,0.5,0.57,0.5804040404040404,0.54,0.552781954887218,0.5530000000000002,0.5967547272988449,5.4,4.0,6.0,4.6
rf,signo_zodiacal_leo,322,0.5,0.5700000000000001,0.5676157176157176,0.64,0.5940611817849669,0.5799999999999998,0.6531373991505569,6.4,5.0,5.0,3.6
rf,signo_zodiacal_leo,323,0.5,0.53,0.5577777777777778,0.48,0.49825017088174983,0.584,0.6192764247276632,4.8,4.2,5.8,5.2
rf,signo_zodiacal_leo,324,0.5,0.53,0.5278943278943279,0.5199999999999999,0.5190657803930115,0.5549999999999999,0.5793182619753827,5.2,4.6,5.4,4.8
rf,signo_zodiacal_leo,325,0.5,0.42000000000000004,0.4141991341991342,0.38,0.3871250318309142,0.37099999999999994,0.4962360187112509,3.8,5.4,4.6,6.2
rf,signo_zodiacal_leo,326,0.5,0.4,0.381547619047619,0.36,0.35810510438993404,0.39899999999999997,0.47494295573707335,3.6,5.6,4.4,6.4
rf,signo_zodiacal_leo,327,0.5,0.5,0.478021978021978,0.4,0.42090997051287804,0.479,0.5556329960888784,4.0,4.0,6.0,6.0
rf,signo_zodiacal_leo,328,0.5,0.39,0.4015151515151515,0.42000000000000004,0.4083694083694084,0.388,0.4940795582985985,4.2,6.4,3.6,5.8
rf,signo_zodiacal_leo,329,0.5,0.43999999999999995,0.4397979797979798,0.45999999999999996,0.4485395306447938,0.43,0.5293295666321982,4.6,5.8,4.2,5.4
rf,signo_zodiacal_leo,330,0.5,0.48999999999999994,0.49210567210567213,0.4600000000000001,0.4609393047836984,0.49799999999999994,0.5692158464170849,4.6,4.8,5.2,5.4
rf,signo_zodiacal_leo,331,0.5,0.44000000000000006,0.44803418803418804,0.44000000000000006,0.4416933638443936,0.367,0.4577252567693744,4.4,5.6,4.4,5.6
rf,signo_zodiacal_leo,332,0.5,0.51,0.5243589743589744,0.48,0.4911835748792271,0.491,0.5892270142138563,4.8,4.6,5.4,5.2
rf,signo_zodiacal_leo,333,0.5,0.4600000000000001,0.49187257187257183,0.4,0.427357524245396,0.532,0.5818501086117185,4.0,4.8,5.2,6.0
rf,signo_zodiacal_leo,334,0.5,0.41,0.4105050505050506,0.5199999999999999,0.45638269587011004,0.38499999999999995,0.4884696071901954,5.2,7.0,3.0,4.8
rf,signo_zodiacal_leo,335,0.5,0.4800000000000001,0.4502497502497502,0.5,0.4685259611090814,0.43499999999999994,0.5031239587725655,5.0,5.4,4.6,5.0
rf,signo_zodiacal_leo,336,0.5,0.5599999999999999,0.5658008658008657,0.5199999999999999,0.5378937539928251,0.5579999999999999,0.5566058843117666,5.2,4.0,6.0,4.8
rf,signo_zodiacal_leo,337,0.5,0.55,0.5593783993783994,0.6399999999999999,0.5922876757110167,0.5589999999999999,0.6218882202249075,6.4,5.4,4.6,3.6
rf,signo_zodiacal_leo,338,0.5,0.5,0.4702020202020202,0.43999999999999995,0.4468215994531784,0.453,0.5625674442516548,4.4,4.4,5.6,5.6
rf,signo_zodiacal_leo,339,0.5,0.5200000000000001,0.5284188034188034,0.54,0.5302459046166139,0.509,0.5845871459122234,5.4,5.0,5.0,4.6
rf,signo_zodiacal_leo,340,0.5,0.45,0.44914529914529916,0.42000000000000004,0.4308161708619374,0.44700000000000006,0.5121615971747551,4.2,5.2,4.8,5.8
rf,signo_zodiacal_leo,341,0.5,0.41999999999999993,0.42025974025974033,0.38,0.3966199813258637,0.364,0.47774125161044656,3.8,5.4,4.6,6.2
rf,signo_zodiacal_leo,342,0.5,0.49000000000000005,0.5095238095238095,0.42000000000000004,0.45426322043969114,0.48500000000000004,0.5877240630886142,4.2,4.4,5.6,5.8
rf,signo_zodiacal_leo,343,0.5,0.54,0.5823232323232324,0.48,0.5207393483709273,0.5399999999999999,0.5986914731295536,4.8,4.0,6.0,5.2
rf,signo_zodiacal_leo,344,0.5,0.4800000000000001,0.48,0.4,0.43417956656346746,0.462,0.542835118527843,4.0,4.4,5.6,6.0
rf,signo_zodiacal_leo,345,0.5,0.4600000000000001,0.47424242424242424,0.44000000000000006,0.4461471861471861,0.48200000000000004,0.5438025028806763,4.4,5.2,4.8,5.6
rf,signo_zodiacal_leo,346,0.5,0.49000000000000005,0.48888888888888893,0.44000000000000006,0.4576232247284878,0.45499999999999996,0.5094151028709852,4.4,4.6,5.4,5.6
rf,signo_zodiacal_leo,347,0.5,0.48,0.47738095238095235,0.42000000000000004,0.4428370391218688,0.509,0.543918200049005,4.2,4.6,5.4,5.8
rf,signo_zodiacal_leo,348,0.5,0.5700000000000001,0.5733333333333334,0.58,0.5754066985645933,0.6389999999999999,0.7199324184587341,5.8,4.4,5.6,4.2
rf,signo_zodiacal_leo,349,0.5,0.53,0.5333333333333333,0.48,0.5040935672514619,0.524,0.57814028558301,4.8,4.2,5.8,5.2
rf,signo_zodiacal_leo,350,0.5,0.53,0.5225718725718727,0.5800000000000001,0.5475833853408224,0.503,0.580294771619849,5.8,5.2,4.8,4.2
rf,signo_zodiacal_leo,351,0.5,0.33999999999999997,0.30606060606060603,0.2800000000000001,0.29066416040100246,0.29400000000000004,0.41182990745065046,2.8,6.0,4.0,7.2
rf,signo_zodiacal_leo,352,0.5,0.51,0.5053968253968254,0.5799999999999998,0.5352631578947368,0.517,0.62817552932104,5.8,5.6,4.4,4.2
rf,signo_zodiacal_leo,353,0.5,0.47000000000000003,0.4681385281385281,0.52,0.48596485867074096,0.45699999999999996,0.5220034056930342,5.2,5.8,4.2,4.8
rf,signo_zodiacal_leo,354,0.5,0.36000000000000004,0.38644688644688646,0.45999999999999996,0.4136053630938542,0.317,0.46421433631727743,4.6,7.4,2.6,5.4
rf,signo_zodiacal_leo,355,0.5,0.38,0.3838961038961039,0.38,0.3791596638655462,0.382,0.45627065418241897,3.8,6.2,3.8,6.2
rf,signo_zodiacal_leo,356,0.5,0.49000000000000005,0.49682539682539684,0.5399999999999999,0.5108187134502924,0.522,0.5695972417675204,5.4,5.6,4.4,4.6
rf,signo_zodiacal_leo,357,0.5,0.64,0.6260606060606061,0.7,0.6602597402597402,0.626,0.6256967444320385,7.0,4.2,5.8,3.0
rf,signo_zodiacal_leo,358,0.5,0.43000000000000005,0.41352813852813847,0.44000000000000006,0.4215538847117795,0.4029999999999999,0.5142171107186587,4.4,5.8,4.2,5.6
rf,signo_zodiacal_leo,359,0.5,0.5700000000000001,0.597948717948718,0.5599999999999999,0.5502341137123746,0.5810000000000001,0.6405505307386112,5.6,4.2,5.8,4.4
rf,signo_zodiacal_leo,360,0.5,0.53,0.5341691641691642,0.5599999999999999,0.5409762956566027,0.47800000000000004,0.5084918671799478,5.6,5.0,5.0,4.4
rf,signo_zodiacal_leo,361,0.5,0.48,0.4613553113553113,0.44000000000000006,0.4410976775426903,0.483,0.5182943886179181,4.4,4.8,5.2,5.6
rf,signo_zodiacal_leo,362,0.5,0.5399999999999999,0.5405011655011654,0.58,0.555436351088525,0.509,0.5726144127630196,5.8,5.0,5.0,4.2
rf,signo_zodiacal_leo,363,0.5,0.55,0.5324242424242425,0.54,0.5315584415584416,0.5349999999999999,0.5431740438783782,5.4,4.4,5.6,4.6
rf,signo_zodiacal_leo,364,0.5,0.47000000000000003,0.4600000000000001,0.42000000000000004,0.4313131313131313,0.4640000000000001,0.5543294097543323,4.2,4.8,5.2,5.8
rf,signo_zodiacal_leo,365,0.5,0.42000000000000004,0.40738095238095245,0.4,0.39707946336429306,0.44299999999999995,0.5146167001213441,4.0,5.6,4.4,6.0
rf,signo_zodiacal_leo,366,0.5,0.53,0.5358008658008657,0.54,0.533598166539343,0.5199999999999999,0.563872532266495,5.4,4.8,5.2,4.6
rf,signo_zodiacal_leo,367,0.5,0.43,0.4514285714285714,0.44000000000000006,0.4373763955342903,0.41,0.4906912258707924,4.4,5.8,4.2,5.6
rf,signo_zodiacal_leo,368,0.5,0.6,0.6321678321678321,0.56,0.5784161490683231,0.624,0.6226721487147182,5.6,3.6,6.4,4.4
rf,signo_zodiacal_leo,369,0.5,0.53,0.5324902874902875,0.54,0.5322988630997785,0.569,0.6127198983507034,5.4,4.8,5.2,4.6
rf,signo_zodiacal_leo,370,0.5,0.32,0.30454545454545456,0.27999999999999997,0.28747246905141643,0.26599999999999996,0.4283411178604677,2.8,6.4,3.6,7.2
rf,signo_zodiacal_leo,371,0.5,0.49000000000000005,0.4896464646464646,0.48,0.481856155540366,0.508,0.5843359593622752,4.8,5.0,5.0,5.2
rf,signo_zodiacal_leo,372,0.5,0.5199999999999999,0.5188034188034187,0.5,0.5053648614289347,0.466,0.5218813790268898,5.0,4.6,5.4,5.0
rf,signo_zodiacal_leo,373,0.5,0.43,0.43,0.38,0.393562091503268,0.39899999999999997,0.5238372564827672,3.8,5.2,4.8,6.2
rf,signo_zodiacal_leo,374,0.5,0.63,0.6410955710955711,0.6599999999999999,0.6340621118012422,0.657,0.7012043942469639,6.6,4.0,6.0,3.4
rf,signo_zodiacal_leo,375,0.5,0.36,0.3466666666666667,0.32,0.3290430622009569,0.446,0.5334808961248589,3.2,6.0,4.0,6.8
rf,signo_zodiacal_leo,376,0.5,0.43,0.41909090909090907,0.4,0.4076190476190476,0.39899999999999997,0.4810907980907981,4.0,5.4,4.6,6.0
rf,signo_zodiacal_leo,377,0.5,0.49000000000000005,0.4853535353535353,0.44000000000000006,0.46015037593984964,0.46699999999999997,0.5461234043734043,4.4,4.6,5.4,5.6
rf,signo_zodiacal_leo,378,0.5,0.4800000000000001,0.4668686868686868,0.5199999999999999,0.49093643198906356,0.44800000000000006,0.5095180144932467,5.2,5.6,4.4,4.8
rf,signo_zodiacal_leo,379,0.5,0.45999999999999996,0.4742063492063492,0.44000000000000006,0.45175438596491224,0.465,0.5397886027800889,4.4,5.2,4.8,5.6
rf,signo_zodiacal_leo,380,0.5,0.5599999999999999,0.5725490196078431,0.62,0.5778309409888357,0.627,0.6538172846245601,6.2,5.0,5.0,3.8
rf,signo_zodiacal_leo,381,0.5,0.51,0.5385281385281384,0.36,0.4147830927242692,0.542,0.6157971946354298,3.6,3.4,6.6,6.4
rf,signo_zodiacal_leo,382,0.5,0.5199999999999999,0.5253113553113552,0.54,0.526765868402697,0.532,0.5731144570084197,5.4,5.0,5.0,4.6
rf,signo_zodiacal_leo,383,0.5,0.4,0.38383838383838387,0.38,0.37557128114403654,0.341,0.4537150005137621,3.8,5.8,4.2,6.2
rf,signo_zodiacal_leo,384,0.5,0.6,0.6144444444444443,0.54,0.5738011695906433,0.664,0.6596456288809229,5.4,3.4,6.6,4.6
rf,signo_zodiacal_leo,385,0.5,0.42000000000000004,0.40555555555555556,0.42000000000000004,0.40999468367889425,0.42300000000000004,0.48078564796057055,4.2,5.8,4.2,5.8
rf,signo_zodiacal_leo,386,0.5,0.42000000000000004,0.42000000000000004,0.32,0.34280701754385967,0.357,0.45709509101149964,3.2,4.8,5.2,6.8
rf,signo_zodiacal_leo,387,0.5,0.55,0.5370629370629371,0.6,0.5623878536922016,0.5609999999999999,0.5825501693868567,6.0,5.0,5.0,4.0
rf,signo_zodiacal_leo,388,0.5,0.61,0.6209523809523809,0.64,0.6132941176470589,0.658,0.6570201901641531,6.4,4.2,5.8,3.6
rf,signo_zodiacal_leo,389,0.5,0.56,0.5926923076923076,0.48,0.5172946859903382,0.5349999999999999,0.6127014261967823,4.8,3.6,6.4,5.2
rf,signo_zodiacal_leo,390,0.5,0.5700000000000001,0.5709595959595959,0.5800000000000001,0.5722184248500037,0.541,0.5543534129269424,5.8,4.4,5.6,4.2
rf,signo_zodiacal_leo,391,0.5,0.5800000000000001,0.5841880341880342,0.5599999999999999,0.5666158148995677,0.584,0.587086622527799,5.6,4.0,6.0,4.4
rf,signo_zodiacal_leo,392,0.5,0.43,0.4216666666666667,0.38,0.39871345029239763,0.40099999999999997,0.504601565702959,3.8,5.2,4.8,6.2
rf,signo_zodiacal_leo,393,0.5,0.38,0.3633333333333334,0.32,0.3396491228070176,0.40599999999999997,0.5244191749942525,3.2,5.6,4.4,6.8
rf,signo_zodiacal_leo,394,0.5,0.51,0.5357142857142857,0.43999999999999995,0.4573894775301425,0.522,0.6018046567295793,4.4,4.2,5.8,5.6
rf,signo_zodiacal_leo,395,0.5,0.43,0.43272727272727274,0.45999999999999996,0.4457142857142856,0.4250000000000001,0.49300293540309015,4.6,6.0,4.0,5.4
rf,signo_zodiacal_leo,396,0.5,0.5,0.5053113553113553,0.5599999999999999,0.5249476865845153,0.521,0.5753570889894419,5.6,5.6,4.4,4.4
rf,signo_zodiacal_leo,397,0.5,0.38,0.3501887001887002,0.36,0.3505857568046288,0.33999999999999997,0.4449711764843344,3.6,6.0,4.0,6.4
rf,signo_zodiacal_leo,398,0.5,0.5800000000000001,0.5929797979797979,0.5,0.5346365914786967,0.548,0.5918281249194561,5.0,3.4,6.6,5.0
rf,signo_zodiacal_leo,399,0.5,0.49000000000000005,0.5064935064935066,0.5599999999999999,0.5224089635854342,0.4709999999999999,0.5408644700672565,5.6,5.8,4.2,4.4
rf,signo_zodiacal_leo,400,0.5,0.53,0.5290909090909091,0.45999999999999996,0.48788048552754437,0.471,0.4967275132847888,4.6,4.0,6.0,5.4
rf,signo_zodiacal_leo,401,0.5,0.5599999999999999,0.5696137196137196,0.5599999999999999,0.5543583441281651,0.571,0.6059844958962606,5.6,4.4,5.6,4.4
rf,signo_zodiacal_leo,402,0.5,0.5000000000000001,0.508888888888889,0.42000000000000004,0.4536842105263158,0.47800000000000004,0.548328449500276,4.2,4.2,5.8,5.8
rf,signo_zodiacal_leo,403,0.5,0.58,0.5693972693972694,0.54,0.5443677928837438,0.599,0.6665915206224804,5.4,3.8,6.2,4.6
rf,signo_zodiacal_leo,404,0.5,0.5,0.5140476190476191,0.45999999999999996,0.47555555555555556,0.5489999999999999,0.6314560902633658,4.6,4.6,5.4,5.4
rf,signo_zodiacal_leo,405,0.5,0.6699999999999999,0.6953679653679654,0.6799999999999999,0.675843137254902,0.6990000000000001,0.7160332810464389,6.8,3.4,6.6,3.2
rf,signo_zodiacal_leo,406,0.5,0.55,0.5400971250971252,0.5599999999999999,0.5462983545821073,0.6090000000000001,0.6514781411399058,5.6,4.6,5.4,4.4
rf,signo_zodiacal_leo,407,0.5,0.5399999999999999,0.5428571428571429,0.5399999999999999,0.5305359477124183,0.506,0.5599870684870685,5.4,4.6,5.4,4.6
rf,signo_zodiacal_leo,408,0.5,0.52,0.5166666666666667,0.6,0.553030303030303,0.57,0.6028166523019464,6.0,5.6,4.4,4.0
rf,signo_zodiacal_leo,409,0.5,0.45999999999999996,0.4411111111111111,0.38,0.4067543859649122,0.477,0.5734598451084519,3.8,4.6,5.4,6.2
rf,signo_zodiacal_leo,410,0.5,0.5,0.5051948051948052,0.44000000000000006,0.4671335200746965,0.483,0.5549483557378293,4.4,4.4,5.6,5.6
rf,signo_zodiacal_leo,411,0.5,0.47000000000000003,0.4675757575757576,0.4800000000000001,0.4713997113997114,0.4880000000000001,0.5576382316513896,4.8,5.4,4.6,5.2
rf,signo_zodiacal_leo,412,0.5,0.47000000000000003,0.4263636363636364,0.36,0.37587301587301586,0.462,0.5495469726352079,3.6,4.2,5.8,6.4
rf,signo_zodiacal_leo,413,0.5,0.4,0.34898989898989896,0.3,0.3159774436090226,0.366,0.48473645678367044,3.0,5.0,5.0,7.0
rf,signo_zodiacal_leo,414,0.5,0.45999999999999996,0.46726190476190477,0.45999999999999996,0.4508889803007451,0.46900000000000003,0.5612217314848894,4.6,5.4,4.6,5.4
rf,signo_zodiacal_leo,415,0.5,0.48,0.482051282051282,0.5599999999999999,0.5141853315766359,0.458,0.5250095253903304,5.6,6.0,4.0,4.4
rf,signo_zodiacal_leo,416,0.5,0.43000000000000005,0.4569230769230769,0.4600000000000001,0.4487747035573123,0.38,0.47384687637783607,4.6,6.0,4.0,5.4
rf,signo_zodiacal_leo,417,0.5,0.51,0.4867243867243867,0.38,0.4143225711337166,0.5479999999999998,0.5763467551540307,3.8,3.6,6.4,6.2
rf,signo_zodiacal_leo,418,0.5,0.64,0.63,0.6799999999999999,0.6496969696969697,0.6700000000000002,0.6993322467865811,6.8,4.0,6.0,3.2
rf,signo_zodiacal_leo,419,0.5,0.55,0.5522727272727274,0.5,0.5228070175438596,0.5730000000000001,0.6127660085013026,5.0,4.0,6.0,5.0
rf,signo_zodiacal_leo,420,0.5,0.4600000000000001,0.4333333333333333,0.42000000000000004,0.41861471861471855,0.425,0.5039308556940136,4.2,5.0,5.0,5.8
rf,signo_zodiacal_leo,421,0.5,0.6,0.6221861471861472,0.5599999999999999,0.5827349121466769,0.608,0.6150827326268503,5.6,3.6,6.4,4.4
rf,signo_zodiacal_leo,422,0.5,0.42000000000000004,0.42444444444444446,0.38,0.3908830409356725,0.418,0.5017477147035969,3.8,5.4,4.6,6.2
rf,signo_zodiacal_leo,423,0.5,0.49000000000000005,0.48659340659340666,0.5800000000000001,0.5232367149758455,0.517,0.5878293563161984,5.8,6.0,4.0,4.2
rf,signo_zodiacal_leo,424,0.5,0.49000000000000005,0.4932142857142857,0.5399999999999999,0.5073714520773345,0.485,0.5739203025216957,5.4,5.6,4.4,4.6
rf,signo_zodiacal_leo,425,0.5,0.39,0.3902564102564103,0.38,0.3821612001017035,0.386,0.4820971261280859,3.8,6.0,4.0,6.2
rf,signo_zodiacal_leo,426,0.5,0.4700000000000001,0.4606060606060606,0.47999999999999987,0.46917293233082713,0.46900000000000003,0.5378919054801407,4.8,5.4,4.6,5.2
rf,signo_zodiacal_leo,427,0.5,0.5200000000000001,0.5351948051948052,0.5,0.5117799847211612,0.5349999999999999,0.6113799780370988,5.0,4.6,5.4,5.0
rf,signo_zodiacal_leo,428,0.5,0.4,0.3941919191919192,0.38,0.3854636591478696,0.35100000000000003,0.4752341033579423,3.8,5.8,4.2,6.2
rf,signo_zodiacal_leo,429,0.5,0.45,0.43863636363636366,0.4600000000000001,0.4467076782866256,0.42699999999999994,0.5032053898114269,4.6,5.6,4.4,5.4
rf,signo_zodiacal_leo,430,0.5,0.51,0.5159090909090909,0.5599999999999999,0.5324361628709455,0.5109999999999999,0.5732921888053466,5.6,5.4,4.6,4.4
rf,signo_zodiacal_leo,431,0.5,0.4600000000000001,0.4566233766233766,0.44000000000000006,0.4458263305322129,0.49399999999999994,0.5919427892369069,4.4,5.2,4.8,5.6
rf,signo_zodiacal_leo,432,0.5,0.38,0.3755266955266955,0.36,0.36565531475748186,0.33999999999999997,0.46761066264317036,3.6,6.0,4.0,6.4
rf,signo_zodiacal_leo,433,0.5,0.45,0.4502630702630703,0.52,0.4799073771384984,0.42899999999999994,0.5251870078665744,5.2,6.2,3.8,4.8
rf,signo_zodiacal_leo,434,0.5,0.5200000000000001,0.49702454408336755,0.6200000000000001,0.5410973084886128,0.5609999999999999,0.5954446274399834,6.2,5.8,4.2,3.8
rf,signo_zodiacal_leo,435,0.5,0.51,0.509090909090909,0.58,0.5415584415584416,0.469,0.49337893642305397,5.8,5.6,4.4,4.2
rf,signo_zodiacal_leo,436,0.5,0.48,0.4601648351648352,0.5,0.4723216822961068,0.43600000000000005,0.5530601075910674,5.0,5.4,4.6,5.0
rf,signo_zodiacal_leo,437,0.5,0.52,0.525,0.5399999999999999,0.520959595959596,0.5039999999999999,0.5625964242156193,5.4,5.0,5.0,4.6
rf,signo_zodiacal_leo,438,0.5,0.6,0.6056060606060606,0.6199999999999999,0.6074269005847952,0.615,0.6220208914752258,6.2,4.2,5.8,3.8
rf,signo_zodiacal_leo,439,0.5,0.5199999999999999,0.502020202020202,0.5,0.4959557985873776,0.549,0.5825272968345724,5.0,4.6,5.4,5.0
rf,signo_zodiacal_leo,440,0.5,0.41999999999999993,0.3892857142857143,0.27999999999999997,0.3254901960784314,0.386,0.4588852813852814,2.8,4.4,5.6,7.2
rf,signo_zodiacal_leo,441,0.5,0.41999999999999993,0.4266511266511266,0.43999999999999995,0.4298281936725873,0.442,0.5291174550423776,4.4,6.0,4.0,5.6
rf,signo_zodiacal_leo,442,0.5,0.45,0.46337662337662333,0.5,0.47313063407181055,0.4699999999999999,0.5496834538011008,5.0,6.0,4.0,5.0
rf,signo_zodiacal_leo,443,0.5,0.5399999999999999,0.5392857142857143,0.5599999999999999,0.5428571428571428,0.529,0.5766322251879527,5.6,4.8,5.2,4.4
rf,signo_zodiacal_leo,444,0.5,0.48,0.4737373737373737,0.52,0.4926065162907268,0.472,0.5875729276743209,5.2,5.6,4.4,4.8
rf,signo_zodiacal_leo,445,0.5,0.64,0.6773015873015874,0.5599999999999999,0.5940790478870974,0.6369999999999999,0.6867596174035802,5.6,2.8,7.2,4.4
rf,signo_zodiacal_leo,446,0.5,0.53,0.5349999999999999,0.58,0.5503838383838383,0.512,0.6083024387892809,5.8,5.2,4.8,4.2
rf,signo_zodiacal_leo,447,0.5,0.4800000000000001,0.4843939393939394,0.45999999999999996,0.4704594820384294,0.48599999999999993,0.5307519984315651,4.6,5.0,5.0,5.4
rf,signo_zodiacal_leo,448,0.5,0.5800000000000001,0.5814718614718615,0.54,0.5575055285272004,0.599,0.5933249430308254,5.4,3.8,6.2,4.6
rf,signo_zodiacal_leo,449,0.5,0.51,0.5092857142857142,0.5,0.49745098039215685,0.5269999999999999,0.5785966327274376,5.0,4.8,5.2,5.0
rf,signo_zodiacal_leo,450,0.5,0.52,0.5253968253968254,0.52,0.516047471620227,0.539,0.5674624064446047,5.2,4.8,5.2,4.8
rf,signo_zodiacal_leo,451,0.5,0.52,0.5102020202020202,0.5800000000000001,0.5379794941900206,0.521,0.5807179799045123,5.8,5.4,4.6,4.2
rf,signo_zodiacal_leo,452,0.5,0.54,0.5392857142857144,0.44000000000000006,0.47856209150326806,0.479,0.5479009524187543,4.4,3.6,6.4,5.6
rf,signo_zodiacal_leo,453,0.5,0.5,0.49873015873015875,0.42000000000000004,0.4512229102167183,0.49399999999999994,0.5949886539329264,4.2,4.2,5.8,5.8
rf,signo_zodiacal_leo,454,0.5,0.45,0.4377777777777777,0.38,0.40175438596491225,0.485,0.5418036758563074,3.8,4.8,5.2,6.2
rf,signo_zodiacal_leo,455,0.5,0.6,0.5987878787878789,0.52,0.5457142857142857,0.619,0.6687078111946533,5.2,3.2,6.8,4.8
rf,signo_zodiacal_leo,456,0.5,0.5700000000000001,0.5816666666666667,0.43999999999999995,0.49444444444444435,0.608,0.7031033486637202,4.4,3.0,7.0,5.6
rf,signo_zodiacal_leo,457,0.5,0.45,0.44631313131313133,0.47999999999999987,0.4571629072681705,0.44299999999999995,0.5198636553504975,4.8,5.8,4.2,5.2
rf,signo_zodiacal_leo,458,0.5,0.41000000000000003,0.4095238095238095,0.44000000000000006,0.4197860962566845,0.4050000000000001,0.520700218512138,4.4,6.2,3.8,5.6
rf,signo_zodiacal_leo,459,0.5,0.37,0.3674159174159174,0.38,0.3682982547432675,0.341,0.45922379684299186,3.8,6.4,3.6,6.2
rf,signo_zodiacal_leo,460,0.5,0.51,0.5146825396825397,0.44000000000000006,0.46925602776995967,0.5319999999999999,0.5910742955874534,4.4,4.2,5.8,5.6
rf,signo_zodiacal_leo,461,0.5,0.49000000000000005,0.5448717948717949,0.45999999999999996,0.47571293963809785,0.49700000000000005,0.6131516092266867,4.6,4.8,5.2,5.4
rf,signo_zodiacal_leo,462,0.5,0.55,0.5536130536130536,0.58,0.5560888386975343,0.495,0.5297832892082118,5.8,4.8,5.2,4.2
rf,signo_zodiacal_leo,463,0.5,0.54,0.5413986013986014,0.5800000000000001,0.5586335403726708,0.526,0.5562997649924893,5.8,5.0,5.0,4.2
rf,signo_zodiacal_leo,464,0.5,0.54,0.55,0.5,0.5213184476342371,0.5479999999999999,0.6668407446526642,5.0,4.2,5.8,5.0
rf,signo_zodiacal_leo,465,0.5,0.55,0.5542857142857143,0.5,0.5235913312693498,0.538,0.5899540716421521,5.0,4.0,6.0,5.0
rf,signo_zodiacal_leo,466,0.5,0.44000000000000006,0.4383333333333333,0.42000000000000004,0.42646464646464644,0.458,0.5403867880485528,4.2,5.4,4.6,5.8
rf,signo_zodiacal_leo,467,0.5,0.4699999999999999,0.4722222222222222,0.48,0.46956406166932485,0.449,0.527124829418947,4.8,5.4,4.6,5.2
rf,signo_zodiacal_leo,468,0.5,0.55,0.5251282051282051,0.54,0.5265217391304348,0.549,0.5762645960850296,5.4,4.4,5.6,4.6
rf,signo_zodiacal_leo,469,0.5,0.56,0.5666666666666667,0.5399999999999999,0.5511961722488038,0.568,0.6289879269337473,5.4,4.2,5.8,4.6
rf,signo_zodiacal_leo,470,0.5,0.5,0.4953379953379954,0.5599999999999999,0.5242156775337554,0.507,0.5854660890365224,5.6,5.6,4.4,4.4
rf,signo_zodiacal_leo,471,0.5,0.55,0.5563131313131313,0.52,0.5359231411862991,0.543,0.6306532105665232,5.2,4.2,5.8,4.8
rf,signo_zodiacal_leo,472,0.5,0.49000000000000005,0.4818099547511312,0.56,0.5026818913775435,0.445,0.5202670581052933,5.6,5.8,4.2,4.4
rf,signo_zodiacal_leo,473,0.5,0.47000000000000003,0.4552991452991453,0.4600000000000001,0.44758338534082237,0.501,0.562277294600824,4.6,5.2,4.8,5.4
rf,signo_zodiacal_leo,474,0.5,0.48,0.4746031746031746,0.45999999999999996,0.4643225711337166,0.422,0.4981175317630425,4.6,5.0,5.0,5.4
rf,signo_zodiacal_leo,475,0.5,0.4800000000000001,0.4758008658008658,0.56,0.5128138528138528,0.41,0.5110691067618311,5.6,6.0,4.0,4.4
rf,signo_zodiacal_leo,476,0.5,0.5599999999999999,0.5615584415584415,0.5799999999999998,0.5656327985739751,0.5860000000000001,0.6092893284905668,5.8,4.6,5.4,4.2
rf,signo_zodiacal_leo,477,0.5,0.41,0.39666666666666667,0.32,0.3514912280701754,0.375,0.5002321126585833,3.2,5.0,5.0,6.8
rf,signo_zodiacal_leo,478,0.5,0.5599999999999999,0.5786147186147186,0.52,0.5273914197257851,0.627,0.6957523042832641,5.2,4.0,6.0,4.8
rf,signo_zodiacal_leo,479,0.5,0.54,0.5338612368024134,0.6599999999999999,0.5849216805738544,0.489,0.5290682105991704,6.6,5.8,4.2,3.4
rf,signo_zodiacal_leo,480,0.5,0.49000000000000005,0.47619047619047616,0.42000000000000004,0.44194264627701163,0.503,0.5526052803405744,4.2,4.4,5.6,5.8
rf,signo_zodiacal_leo,481,0.5,0.5199999999999999,0.525,0.44000000000000006,0.4714646464646465,0.531,0.6104767367135788,4.4,4.0,6.0,5.6
rf,signo_zodiacal_leo,482,0.5,0.6200000000000001,0.6254700854700855,0.6399999999999999,0.6276083489355799,0.635,0.6906501227530639,6.4,4.0,6.0,3.6
rf,signo_zodiacal_leo,483,0.5,0.5900000000000001,0.593939393939394,0.5599999999999999,0.5628787878787878,0.631,0.6718743741638479,5.6,3.8,6.2,4.4
rf,signo_zodiacal_leo,484,0.5,0.41,0.41097513597513596,0.44000000000000006,0.42153407233498774,0.433,0.5174965549586292,4.4,6.2,3.8,5.6
rf,signo_zodiacal_leo,485,0.5,0.5,0.49646464646464644,0.5,0.4956102377155009,0.5700000000000001,0.6726783947047105,5.0,5.0,5.0,5.0
rf,signo_zodiacal_leo,486,0.5,0.49000000000000005,0.4854700854700854,0.4600000000000001,0.4679379608441393,0.45899999999999996,0.5367085051171738,4.6,4.8,5.2,5.4
rf,signo_zodiacal_leo,487,0.5,0.5599999999999999,0.5828282828282828,0.5599999999999999,0.560725677830941,0.556,0.58904586976491,5.6,4.4,5.6,4.4
rf,signo_zodiacal_leo,488,0.5,0.45,0.45494505494505494,0.43999999999999995,0.43967036089798234,0.40499999999999997,0.5221451363394088,4.4,5.4,4.6,5.6
rf,signo_zodiacal_leo,489,0.5,0.4800000000000001,0.475,0.44000000000000006,0.45396825396825397,0.48599999999999993,0.5608613696245275,4.4,4.8,5.2,5.6
rf,signo_zodiacal_leo,490,0.5,0.48,0.4733766233766234,0.44000000000000006,0.4508276037687803,0.496,0.5881462148962149,4.4,4.8,5.2,5.6
rf,signo_zodiacal_leo,491,0.5,0.49000000000000005,0.48666666666666664,0.48,0.47482456140350876,0.45699999999999996,0.557513971150968,4.8,5.0,5.0,5.2
rf,signo_zodiacal_leo,492,0.5,0.43,0.44025641025641027,0.54,0.48395256916996054,0.409,0.47137036982625213,5.4,6.8,3.2,4.6
rf,signo_zodiacal_leo,493,0.5,0.53,0.5337062937062937,0.6,0.5629813664596274,0.526,0.5745461107519931,6.0,5.4,4.6,4.0
rf,signo_zodiacal_leo,494,0.5,0.49000000000000005,0.4909090909090909,0.4,0.4153889969679444,0.395,0.4850162831664379,4.0,4.2,5.8,6.0
rf,signo_zodiacal_leo,495,0.5,0.55,0.5540293040293041,0.58,0.5595638713151164,0.6210000000000001,0.6646516881811,5.8,4.8,5.2,4.2
rf,signo_zodiacal_leo,496,0.5,0.45,0.46452380952380945,0.45999999999999996,0.45563874034462265,0.429,0.5427313236299304,4.6,5.6,4.4,5.4
rf,signo_zodiacal_leo,497,0.5,0.59,0.593968253968254,0.56,0.5619102167182662,0.627,0.6917296294177099,5.6,3.8,6.2,4.4
rf,signo_zodiacal_leo,498,0.5,0.6299999999999999,0.6377777777777778,0.62,0.6258692185007975,0.605,0.6270315485168426,6.2,3.6,6.4,3.8
rf,signo_zodiacal_leo,499,0.5,0.4600000000000001,0.46909090909090906,0.5,0.4797593984962406,0.45999999999999996,0.53093522078197,5.0,5.8,4.2,5.0
rf,signo_zodiacal_leo,500,0.5,0.32999999999999996,0.290981240981241,0.28,0.2812636537868736,0.304,0.44431570553629374,2.8,6.2,3.8,7.2
rf,signo_zodiacal_libra,1,0.5,0.45999999999999996,0.45,0.38,0.40891812865497074,0.4680000000000001,0.5515426415689573,3.8,4.6,5.4,6.2
rf,signo_zodiacal_libra,2,0.5,0.49000000000000005,0.48611111111111116,0.5,0.49054454317612206,0.462,0.5346321003557846,5.0,5.2,4.8,5.0
rf,signo_zodiacal_libra,3,0.5,0.45,0.46025641025641023,0.5,0.47104743083003947,0.454,0.5461041742055673,5.0,6.0,4.0,5.0
rf,signo_zodiacal_libra,4,0.5,0.47000000000000003,0.47575757575757577,0.48,0.47388167388167385,0.442,0.500207754663637,4.8,5.4,4.6,5.2
rf,signo_zodiacal_libra,5,0.5,0.53,0.4927510398098633,0.58,0.52333675096833,0.46299999999999997,0.5472779300163201,5.8,5.2,4.8,4.2
rf,signo_zodiacal_libra,6,0.5,0.5800000000000001,0.6135353535353536,0.5,0.5414202172096909,0.618,0.6287300564932143,5.0,3.4,6.6,5.0
rf,signo_zodiacal_libra,7,0.5,0.45,0.4445526695526696,0.34,0.37585139318885447,0.41200000000000003,0.4960981637042008,3.4,4.4,5.6,6.6
rf,signo_zodiacal_libra,8,0.5,0.42000000000000004,0.4083333333333334,0.4,0.4020733652312599,0.41100000000000003,0.5101756966803406,4.0,5.6,4.4,6.0
rf,signo_zodiacal_libra,9,0.5,0.55,0.5477777777777778,0.5599999999999999,0.5505156831472621,0.544,0.5736861973595719,5.6,4.6,5.4,4.4
rf,signo_zodiacal_libra,10,0.5,0.53,0.6151515151515151,0.4800000000000001,0.49254955570745046,0.631,0.7025303220171641,4.8,4.2,5.8,5.2
rf,signo_zodiacal_libra,11,0.5,0.56,0.5685292485292486,0.5599999999999999,0.5578824298598157,0.58,0.5999216606407008,5.6,4.4,5.6,4.4
rf,signo_zodiacal_libra,12,0.5,0.5799999999999998,0.5922222222222222,0.52,0.5527485380116958,0.586,0.6113906648906648,5.2,3.6,6.4,4.8
rf,signo_zodiacal_libra,13,0.5,0.42000000000000004,0.4140476190476191,0.42000000000000004,0.40925490196078435,0.36500000000000005,0.48323859740191005,4.2,5.8,4.2,5.8
rf,signo_zodiacal_libra,14,0.5,0.43999999999999995,0.43019480519480524,0.4800000000000001,0.4493050808840282,0.42800000000000005,0.5143542470601294,4.8,6.0,4.0,5.2
rf,signo_zodiacal_libra,15,0.5,0.5,0.5330103230103229,0.48,0.48837856091053017,0.472,0.5360891622996886,4.8,4.8,5.2,5.2
rf,signo_zodiacal_libra,16,0.5,0.4800000000000001,0.47575757575757577,0.45999999999999996,0.46431229589124323,0.462,0.5171753334384913,4.6,5.0,5.0,5.4
rf,signo_zodiacal_libra,17,0.5,0.5,0.4976190476190476,0.5599999999999999,0.5242424242424242,0.512,0.5788365806879738,5.6,5.6,4.4,4.4
rf,signo_zodiacal_libra,18,0.5,0.51,0.52,0.43999999999999995,0.46507480823270286,0.45500000000000007,0.5334331799950995,4.4,4.2,5.8,5.6
rf,signo_zodiacal_libra,19,0.5,0.48,0.4844988344988345,0.52,0.4983562331388418,0.481,0.5859082517070132,5.2,5.6,4.4,4.8
rf,signo_zodiacal_libra,20,0.5,0.45,0.4446464646464646,0.44000000000000006,0.4416541353383458,0.4,0.5200349589351138,4.4,5.4,4.6,5.6
rf,signo_zodiacal_libra,21,0.5,0.5,0.4996031746031746,0.38,0.42979876160990715,0.561,0.6284803068448579,3.8,3.8,6.2,6.2
rf,signo_zodiacal_libra,22,0.5,0.51,0.5133333333333333,0.5599999999999999,0.5285380116959064,0.51,0.570866225707557,5.6,5.4,4.6,4.4
rf,signo_zodiacal_libra,23,0.5,0.53,0.5207575757575758,0.5599999999999999,0.5373160173160174,0.48999999999999994,0.557222609262083,5.6,5.0,5.0,4.4
rf,signo_zodiacal_libra,24,0.5,0.5700000000000001,0.5516483516483517,0.6199999999999999,0.5780193236714977,0.6180000000000001,0.6545443228941681,6.2,4.8,5.2,3.8
rf,signo_zodiacal_libra,25,0.5,0.45,0.4611111111111111,0.42000000000000004,0.4336054038840417,0.45599999999999996,0.533637758869957,4.2,5.2,4.8,5.8
rf,signo_zodiacal_libra,26,0.5,0.5,0.505,0.5,0.5006349206349207,0.43600000000000005,0.4980717784967011,5.0,5.0,5.0,5.0
rf,signo_zodiacal_libra,27,0.5,0.43,0.4384415584415584,0.5,0.4594453781512605,0.413,0.5197490573581904,5.0,6.4,3.6,5.0
rf,signo_zodiacal_libra,28,0.5,0.42000000000000004,0.4225274725274725,0.5399999999999999,0.4712560386473431,0.36100000000000004,0.4551482453734776,5.4,7.0,3.0,4.6
rf,signo_zodiacal_libra,29,0.5,0.4800000000000001,0.4880341880341881,0.5,0.49078427293530263,0.51,0.5859643587406744,5.0,5.4,4.6,5.0
rf,signo_zodiacal_libra,30,0.5,0.45999999999999996,0.4408669108669108,0.38,0.3978450815871734,0.46099999999999997,0.5507129257910991,3.8,4.6,5.4,6.2
rf,signo_zodiacal_libra,31,0.5,0.43,0.4588383838383838,0.44000000000000006,0.43691922112974746,0.388,0.500668097468407,4.4,5.8,4.2,5.6
rf,signo_zodiacal_libra,32,0.5,0.43000000000000005,0.42295482295482295,0.4,0.407699555794858,0.41999999999999993,0.5144181374181374,4.0,5.4,4.6,6.0
rf,signo_zodiacal_libra,33,0.5,0.6199999999999999,0.6353246753246753,0.58,0.6003361344537815,0.64,0.6723155161831633,5.8,3.4,6.6,4.2
rf,signo_zodiacal_libra,34,0.5,0.5,0.49178321678321674,0.48,0.4804692891649413,0.48200000000000004,0.5151891039816736,4.8,4.8,5.2,5.2
rf,signo_zodiacal_libra,35,0.5,0.45999999999999996,0.46539682539682536,0.42000000000000004,0.4393808049535604,0.406,0.4690318088344404,4.2,5.0,5.0,5.8
rf,signo_zodiacal_libra,36,0.5,0.54,0.5577777777777777,0.58,0.5615055821371611,0.5449999999999999,0.6046782584460603,5.8,5.0,5.0,4.2
rf,signo_zodiacal_libra,37,0.5,0.5,0.5,0.4800000000000001,0.4813725490196079,0.484,0.5391835017407771,4.8,4.8,5.2,5.2
rf,signo_zodiacal_libra,38,0.5,0.35,0.33214285714285713,0.26,0.2887254901960784,0.307,0.44536131661596057,2.6,5.6,4.4,7.4
rf,signo_zodiacal_libra,39,0.5,0.41000000000000003,0.3858119658119658,0.43999999999999995,0.40416704805491993,0.348,0.4556646821530722,4.4,6.2,3.8,5.6
rf,signo_zodiacal_libra,40,0.5,0.6300000000000001,0.6426190476190475,0.62,0.624093567251462,0.655,0.6525323365145346,6.2,3.6,6.4,3.8
rf,signo_zodiacal_libra,41,0.5,0.53,0.5392857142857143,0.43999999999999995,0.48359133126934983,0.5469999999999999,0.5820207194766017,4.4,3.8,6.2,5.6
rf,signo_zodiacal_libra,42,0.5,0.52,0.539069264069264,0.4600000000000001,0.49408816158042157,0.501,0.5447709718901669,4.6,4.2,5.8,5.4
rf,signo_zodiacal_libra,43,0.5,0.5100000000000001,0.509059829059829,0.5,0.49360793287566745,0.511,0.5813322351882724,5.0,4.8,5.2,5.0
rf,signo_zodiacal_libra,44,0.5,0.5,0.4916666666666666,0.52,0.5034632034632034,0.52,0.5500960242887487,5.2,5.2,4.8,4.8
rf,signo_zodiacal_libra,45,0.5,0.5000000000000001,0.48464035964035956,0.45999999999999996,0.46478301465513744,0.43099999999999994,0.5568519927784634,4.6,4.6,5.4,5.4
rf,signo_zodiacal_libra,46,0.5,0.51,0.4961363636363636,0.5399999999999999,0.5032234432234433,0.484,0.5124844295711168,5.4,5.2,4.8,4.6
rf,signo_zodiacal_libra,47,0.5,0.51,0.5057575757575757,0.5599999999999999,0.531082251082251,0.516,0.590408692614575,5.6,5.4,4.6,4.4
rf,signo_zodiacal_libra,48,0.5,0.54,0.5330891330891332,0.58,0.5498093058733791,0.502,0.5456946551900111,5.8,5.0,5.0,4.2
rf,signo_zodiacal_libra,49,0.5,0.58,0.601010101010101,0.5599999999999999,0.5711152882205514,0.542,0.6046850392469587,5.6,4.0,6.0,4.4
rf,signo_zodiacal_libra,50,0.5,0.55,0.5567099567099567,0.5800000000000001,0.5608061073399613,0.511,0.5747770280974616,5.8,4.8,5.2,4.2
rf,signo_zodiacal_libra,51,0.5,0.4800000000000001,0.49474747474747477,0.48,0.4733583959899749,0.502,0.624767740429505,4.8,5.2,4.8,5.2
rf,signo_zodiacal_libra,52,0.5,0.43000000000000005,0.41,0.33999999999999997,0.36666666666666664,0.41,0.4963623414768926,3.4,4.8,5.2,6.6
rf,signo_zodiacal_libra,53,0.5,0.43999999999999995,0.4244733044733045,0.37999999999999995,0.3980480613297951,0.409,0.5085339023721376,3.8,5.0,5.0,6.2
rf,signo_zodiacal_libra,54,0.5,0.45,0.3975757575757576,0.38,0.36934065934065935,0.461,0.5472864641378573,3.8,4.8,5.2,6.2
rf,signo_zodiacal_libra,55,0.5,0.51,0.5183333333333333,0.5599999999999999,0.5286666666666667,0.508,0.5587523670859584,5.6,5.4,4.6,4.4
rf,signo_zodiacal_libra,56,0.5,0.53,0.5243589743589744,0.48,0.489163372859025,0.541,0.5873008472435717,4.8,4.2,5.8,5.2
rf,signo_zodiacal_libra,57,0.5,0.42000000000000004,0.41983294483294487,0.44000000000000006,0.42665359049798407,0.398,0.4684512719822317,4.4,6.0,4.0,5.6
rf,signo_zodiacal_libra,58,0.5,0.45999999999999996,0.4666666666666667,0.42000000000000004,0.4353535353535354,0.433,0.5131734376734377,4.2,5.0,5.0,5.8
rf,signo_zodiacal_libra,59,0.5,0.47000000000000003,0.4683333333333334,0.54,0.4968484848484849,0.46799999999999997,0.5683490116694451,5.4,6.0,4.0,4.6
rf,signo_zodiacal_libra,60,0.5,0.52,0.518974358974359,0.6599999999999999,0.5799841897233201,0.495,0.5412117321103389,6.6,6.2,3.8,3.4
rf,signo_zodiacal_libra,61,0.5,0.61,0.6009523809523809,0.6199999999999999,0.6050267379679145,0.646,0.6651002081853475,6.2,4.0,6.0,3.8
rf,signo_zodiacal_libra,62,0.5,0.49000000000000005,0.48571428571428577,0.4,0.4324569221628045,0.48,0.5684648782589958,4.0,4.2,5.8,6.0
rf,signo_zodiacal_libra,63,0.5,0.5,0.48060606060606065,0.41999999999999993,0.4383333333333333,0.49000000000000005,0.5650609292668116,4.2,4.2,5.8,5.8
rf,signo_zodiacal_libra,64,0.5,0.54,0.5361111111111111,0.44000000000000006,0.47859649122807013,0.4800000000000001,0.5444117287940816,4.4,3.6,6.4,5.6
rf,signo_zodiacal_libra,65,0.5,0.58,0.5646678321678322,0.6599999999999999,0.6007665764187504,0.6260000000000001,0.6744281437516731,6.6,5.0,5.0,3.4
rf,signo_zodiacal_libra,66,0.5,0.37,0.3238095238095238,0.3,0.3074123588829471,0.30700000000000005,0.4601800632288248,3.0,5.6,4.4,7.0
rf,signo_zodiacal_libra,67,0.5,0.5199999999999999,0.4916749916749915,0.5,0.4884758251126538,0.524,0.5745744353685531,5.0,4.6,5.4,5.0
rf,signo_zodiacal_libra,68,0.5,0.55,0.5590909090909091,0.6,0.5737060041407867,0.559,0.6112825781030115,6.0,5.0,5.0,4.0
rf,signo_zodiacal_libra,69,0.5,0.54,0.5424048174048174,0.5800000000000001,0.5550906251135084,0.5219999999999999,0.602740629855181,5.8,5.0,5.0,4.2
rf,signo_zodiacal_libra,70,0.5,0.45999999999999996,0.49321678321678314,0.38,0.40244306418219467,0.39299999999999996,0.49407285464793205,3.8,4.6,5.4,6.2
rf,signo_zodiacal_libra,71,0.5,0.4800000000000001,0.48202020202020196,0.48,0.47848105111263006,0.4700000000000001,0.5779909816705482,4.8,5.2,4.8,5.2
rf,signo_zodiacal_libra,72,0.5,0.5,0.5033333333333334,0.52,0.510909090909091,0.472,0.5199134092601585,5.2,5.2,4.8,4.8
rf,signo_zodiacal_libra,73,0.5,0.4699999999999999,0.45999999999999996,0.42000000000000004,0.4317460317460317,0.42800000000000005,0.508509141013785,4.2,4.8,5.2,5.8
rf,signo_zodiacal_libra,74,0.5,0.48,0.4559090909090909,0.42000000000000004,0.4330158730158731,0.5209999999999999,0.5955522518417256,4.2,4.6,5.4,5.8
rf,signo_zodiacal_libra,75,0.5,0.45999999999999996,0.4572222222222222,0.41999999999999993,0.43719298245614036,0.421,0.5079975308489242,4.2,5.0,5.0,5.8
rf,signo_zodiacal_libra,76,0.5,0.48,0.4607142857142857,0.4,0.4226616005253776,0.48599999999999993,0.5512160617160617,4.0,4.4,5.6,6.0
rf,signo_zodiacal_libra,77,0.5,0.61,0.601060606060606,0.6,0.5986967418546365,0.5970000000000001,0.6680778310956329,6.0,3.8,6.2,4.0
rf,signo_zodiacal_libra,78,0.5,0.47000000000000003,0.4836691086691086,0.41999999999999993,0.4443696624340049,0.4840000000000001,0.558105515399633,4.2,4.8,5.2,5.8
rf,signo_zodiacal_libra,79,0.5,0.6,0.6117832167832168,0.6,0.6004692891649414,0.5980000000000001,0.6252375392065794,6.0,4.0,6.0,4.0
rf,signo_zodiacal_libra,80,0.5,0.4600000000000001,0.4400349650349651,0.48,0.4445383022774327,0.40599999999999997,0.4598521021462198,4.8,5.6,4.4,5.2
rf,signo_zodiacal_libra,81,0.5,0.61,0.6765079365079365,0.5599999999999999,0.5761673414304994,0.7100000000000001,0.7821080930593314,5.6,3.4,6.6,4.4
rf,signo_zodiacal_libra,82,0.5,0.42000000000000004,0.424963924963925,0.44000000000000006,0.4291979949874687,0.358,0.4787891095832272,4.4,6.0,4.0,5.6
rf,signo_zodiacal_libra,83,0.5,0.45,0.4717171717171717,0.4,0.427485380116959,0.461,0.5283418895346139,4.0,5.0,5.0,6.0
rf,signo_zodiacal_libra,84,0.5,0.53,0.5361111111111111,0.5,0.5149388623072833,0.5599999999999999,0.6510024213832264,5.0,4.4,5.6,5.0
rf,signo_zodiacal_libra,85,0.5,0.49000000000000005,0.49230769230769234,0.5800000000000001,0.5320534537925843,0.454,0.5208136595946193,5.8,6.0,4.0,4.2
rf,signo_zodiacal_libra,86,0.5,0.5199999999999999,0.5166666666666667,0.43999999999999995,0.46982456140350876,0.5,0.5885867215000342,4.4,4.0,6.0,5.6
rf,signo_zodiacal_libra,87,0.5,0.4600000000000001,0.4296536796536796,0.42000000000000004,0.4143111790170614,0.5279999999999999,0.5528370040692022,4.2,5.0,5.0,5.8
rf,signo_zodiacal_libra,88,0.5,0.4600000000000001,0.4595421245421245,0.5599999999999999,0.4989565217391304,0.511,0.5764439824881001,5.6,6.4,3.6,4.4
rf,signo_zodiacal_libra,89,0.5,0.5,0.5,0.5599999999999999,0.5216415163783585,0.503,0.6096105575710838,5.6,5.6,4.4,4.4
rf,signo_zodiacal_libra,90,0.5,0.4,0.3621489621489621,0.32,0.3326759994615695,0.397,0.4849559698986944,3.2,5.2,4.8,6.8
rf,signo_zodiacal_libra,91,0.5,0.45,0.44783216783216784,0.4,0.4133057280883368,0.462,0.5534942496444044,4.0,5.0,5.0,6.0
rf,signo_zodiacal_libra,92,0.5,0.49000000000000005,0.4992424242424242,0.4,0.43968253968253973,0.499,0.5950584138084137,4.0,4.2,5.8,6.0
rf,signo_zodiacal_libra,93,0.5,0.5599999999999999,0.5795537795537796,0.64,0.5919772256728779,0.568,0.5906395261085663,6.4,5.2,4.8,3.6
rf,signo_zodiacal_libra,94,0.5,0.39,0.3853479853479853,0.36,0.3692556198680845,0.33399999999999996,0.44630148918848606,3.6,5.8,4.2,6.4
rf,signo_zodiacal_libra,95,0.5,0.4800000000000001,0.4797979797979798,0.4600000000000001,0.46082117057349253,0.485,0.5940033324948184,4.6,5.0,5.0,5.4
rf,signo_zodiacal_libra,96,0.5,0.41000000000000003,0.4016233766233766,0.41999999999999993,0.40634920634920635,0.44699999999999995,0.5130144105980019,4.2,6.0,4.0,5.8
rf,signo_zodiacal_libra,97,0.5,0.48,0.47297979797979794,0.5,0.4833447254499886,0.502,0.5422126561948544,5.0,5.4,4.6,5.0
rf,signo_zodiacal_libra,98,0.5,0.4,0.3828860028860029,0.3,0.33110619686471077,0.45999999999999996,0.540554167624601,3.0,5.0,5.0,7.0
rf,signo_zodiacal_libra,99,0.5,0.5,0.49178321678321685,0.5,0.49216519559768984,0.477,0.5641034531344129,5.0,5.0,5.0,5.0
rf,signo_zodiacal_libra,100,0.5,0.4800000000000001,0.4698412698412698,0.38,0.4178018575851393,0.505,0.5730232991982218,3.8,4.2,5.8,6.2
rf,signo_zodiacal_libra,101,0.5,0.53,0.5422222222222223,0.56,0.5465263157894736,0.43099999999999994,0.5051658717099894,5.6,5.0,5.0,4.4
rf,signo_zodiacal_libra,102,0.5,0.5,0.4934065934065933,0.5199999999999999,0.5014182748198094,0.567,0.5837575806546395,5.2,5.2,4.8,4.8
rf,signo_zodiacal_libra,103,0.5,0.49000000000000005,0.48,0.5199999999999999,0.4855011655011655,0.5269999999999999,0.567936331212647,5.2,5.4,4.6,4.8
rf,signo_zodiacal_libra,104,0.5,0.52,0.5303607503607504,0.58,0.550745044429255,0.533,0.6064126612981102,5.8,5.4,4.6,4.2
rf,signo_zodiacal_libra,105,0.5,0.55,0.5397435897435898,0.5800000000000001,0.5509269715791454,0.609,0.6541677566499547,5.8,4.8,5.2,4.2
rf,signo_zodiacal_libra,106,0.5,0.73,0.7271628371628371,0.76,0.7346679066883671,0.755,0.7560459248353986,7.6,3.0,7.0,2.4
rf,signo_zodiacal_libra,107,0.5,0.6499999999999999,0.6461904761904761,0.66,0.6467379679144385,0.6839999999999999,0.7287261061951463,6.6,3.6,6.4,3.4
rf,signo_zodiacal_libra,108,0.5,0.5900000000000001,0.6076190476190476,0.64,0.6155258467023174,0.567,0.6379668658654727,6.4,4.6,5.4,3.6
rf,signo_zodiacal_libra,109,0.5,0.45,0.44147186147186146,0.4,0.41692073320556294,0.43599999999999994,0.5127836330336331,4.0,5.0,5.0,6.0
rf,signo_zodiacal_libra,110,0.5,0.49000000000000005,0.4542857142857143,0.45999999999999996,0.44947368421052625,0.47800000000000004,0.5581796922547696,4.6,4.8,5.2,5.4
rf,signo_zodiacal_libra,111,0.5,0.6699999999999999,0.6727272727272726,0.6599999999999999,0.6646616541353383,0.719,0.7424695663813311,6.6,3.2,6.8,3.4
rf,signo_zodiacal_libra,112,0.5,0.48,0.48257575757575755,0.42000000000000004,0.44450710108604846,0.4640000000000001,0.5295040155922509,4.2,4.6,5.4,5.8
rf,signo_zodiacal_libra,113,0.5,0.5900000000000001,0.6026862026862027,0.6,0.5927042670615157,0.607,0.6161387078693581,6.0,4.2,5.8,4.0
rf,signo_zodiacal_libra,114,0.5,0.48,0.48106782106782103,0.5199999999999999,0.4921803975178588,0.499,0.5661769043649849,5.2,5.6,4.4,4.8
rf,signo_zodiacal_libra,115,0.5,0.42000000000000004,0.42646464646464644,0.44000000000000006,0.43217589428115744,0.45,0.5111312839207576,4.4,6.0,4.0,5.6
rf,signo_zodiacal_libra,116,0.5,0.4000000000000001,0.38745421245421247,0.43999999999999995,0.4054586788602134,0.35700000000000004,0.4533260978787295,4.4,6.4,3.6,5.6
rf,signo_zodiacal_libra,117,0.5,0.5599999999999999,0.5921678321678322,0.5,0.5200828157349896,0.6289999999999999,0.6823570020450825,5.0,3.8,6.2,5.0
rf,signo_zodiacal_libra,118,0.5,0.52,0.5368253968253968,0.52,0.5143540669856459,0.5589999999999999,0.6032920412920413,5.2,4.8,5.2,4.8
rf,signo_zodiacal_libra,119,0.5,0.51,0.5161616161616162,0.5,0.5054758107389686,0.496,0.5425912704426636,5.0,4.8,5.2,5.0
rf,signo_zodiacal_libra,120,0.5,0.51,0.5088888888888888,0.4600000000000001,0.46690893901420216,0.507,0.5904815923670412,4.6,4.4,5.6,5.4
rf,signo_zodiacal_libra,121,0.5,0.42000000000000004,0.39222222222222225,0.34,0.35678628389154704,0.371,0.46937897396720923,3.4,5.0,5.0,6.6
rf,signo_zodiacal_libra,122,0.5,0.5200000000000001,0.5262470862470863,0.5,0.5008390541571319,0.56,0.6293877872213784,5.0,4.6,5.4,5.0
rf,signo_zodiacal_libra,123,0.5,0.58,0.5914285714285714,0.52,0.5400980392156863,0.648,0.6896885952884405,5.2,3.6,6.4,4.8
rf,signo_zodiacal_libra,124,0.5,0.53,0.5346320346320346,0.5599999999999999,0.5357142857142858,0.46399999999999997,0.5087569661160993,5.6,5.0,5.0,4.4
rf,signo_zodiacal_libra,125,0.5,0.4600000000000001,0.4715501165501165,0.5,0.48160612334525377,0.45100000000000007,0.5457945588123607,5.0,5.8,4.2,5.0
rf,signo_zodiacal_libra,126,0.5,0.5900000000000001,0.5949023199023199,0.54,0.5594262724159076,0.596,0.6021314765385972,5.4,3.6,6.4,4.6
rf,signo_zodiacal_libra,127,0.5,0.5599999999999999,0.5564058164058163,0.5599999999999999,0.5535325526091444,0.5900000000000001,0.601551021046377,5.6,4.4,5.6,4.4
rf,signo_zodiacal_libra,128,0.5,0.52,0.5126923076923078,0.44000000000000006,0.4639613526570049,0.53,0.6024652004342406,4.4,4.0,6.0,5.6
rf,signo_zodiacal_libra,129,0.5,0.6100000000000001,0.6115151515151516,0.6,0.6037761069340017,0.636,0.658400053163211,6.0,3.8,6.2,4.0
rf,signo_zodiacal_libra,130,0.5,0.49000000000000005,0.49473193473193466,0.6,0.53972444946358,0.46399999999999997,0.510676425913268,6.0,6.2,3.8,4.0
rf,signo_zodiacal_libra,131,0.5,0.5,0.4979797979797979,0.52,0.5080200501253133,0.488,0.547742895563329,5.2,5.2,4.8,4.8
rf,signo_zodiacal_libra,132,0.5,0.5700000000000001,0.5597402597402599,0.6599999999999999,0.6038961038961038,0.5559999999999999,0.562969076245392,6.6,5.2,4.8,3.4
rf,signo_zodiacal_libra,133,0.5,0.6300000000000001,0.6377777777777778,0.6,0.6178947368421053,0.662,0.6937316055977047,6.0,3.4,6.6,4.0
rf,signo_zodiacal_libra,134,0.5,0.5,0.5133333333333333,0.48,0.49313131313131314,0.514,0.590124439286204,4.8,4.8,5.2,5.2
rf,signo_zodiacal_libra,135,0.5,0.58,0.591991341991342,0.5599999999999999,0.5676088617265088,0.604,0.6424069798450603,5.6,4.0,6.0,4.4
rf,signo_zodiacal_libra,136,0.5,0.37,0.33476190476190476,0.31999999999999995,0.3200326797385621,0.33599999999999997,0.45636267903063565,3.2,5.8,4.2,6.8
rf,signo_zodiacal_libra,137,0.5,0.41000000000000003,0.41606060606060613,0.44000000000000006,0.4187662337662338,0.417,0.5079783637415216,4.4,6.2,3.8,5.6
rf,signo_zodiacal_libra,138,0.5,0.5599999999999999,0.5605050505050505,0.5800000000000001,0.5687263613579403,0.584,0.5912119514472456,5.8,4.6,5.4,4.2
rf,signo_zodiacal_libra,139,0.5,0.5399999999999999,0.595,0.54,0.5149401709401709,0.6020000000000001,0.6644750304734824,5.4,4.6,5.4,4.6
rf,signo_zodiacal_libra,140,0.5,0.5900000000000001,0.5994227994227994,0.5599999999999999,0.5752911690992186,0.604,0.6367969340600921,5.6,3.8,6.2,4.4
rf,signo_zodiacal_libra,141,0.5,0.48,0.4865501165501166,0.5800000000000001,0.5271616789008093,0.434,0.5190286031477982,5.8,6.2,3.8,4.2
rf,signo_zodiacal_libra,142,0.5,0.47000000000000003,0.46630591630591633,0.38,0.4140633446361,0.47000000000000003,0.5272816797066023,3.8,4.4,5.6,6.2
rf,signo_zodiacal_libra,143,0.5,0.42000000000000004,0.4078632478632479,0.38,0.3850495804729214,0.359,0.4783636288032572,3.8,5.4,4.6,6.2
rf,signo_zodiacal_libra,144,0.5,0.53,0.5464285714285715,0.52,0.5241235888294712,0.604,0.6561189888542829,5.2,4.6,5.4,4.8
rf,signo_zodiacal_libra,145,0.5,0.49000000000000005,0.48324786324786323,0.45999999999999996,0.4641075514874142,0.5439999999999999,0.6255428890854586,4.6,4.8,5.2,5.4
rf,signo_zodiacal_libra,146,0.5,0.45999999999999996,0.41868686868686866,0.33999999999999997,0.3679615705931495,0.45199999999999996,0.5248136759181652,3.4,4.2,5.8,6.6
rf,signo_zodiacal_libra,147,0.5,0.49000000000000005,0.4697330447330447,0.42000000000000004,0.4410732714138287,0.543,0.5718352547864931,4.2,4.4,5.6,5.8
rf,signo_zodiacal_libra,148,0.5,0.55,0.538076923076923,0.5599999999999999,0.5457971014492753,0.587,0.6322711416550426,5.6,4.6,5.4,4.4
rf,signo_zodiacal_libra,149,0.5,0.53,0.528974358974359,0.5,0.5076811594202899,0.502,0.5512046450281745,5.0,4.4,5.6,5.0
rf,signo_zodiacal_libra,150,0.5,0.53,0.5224747474747475,0.47999999999999987,0.4945488721804511,0.5289999999999999,0.6178363488936245,4.8,4.2,5.8,5.2
rf,signo_zodiacal_libra,151,0.5,0.62,0.6148917748917749,0.6399999999999999,0.6177667698658411,0.6100000000000001,0.6022672768408062,6.4,4.0,6.0,3.6
rf,signo_zodiacal_libra,152,0.5,0.38,0.3519230769230769,0.32,0.3306699720315281,0.37699999999999995,0.48470045640633874,3.2,5.6,4.4,6.8
rf,signo_zodiacal_libra,153,0.5,0.5,0.5024242424242424,0.5199999999999999,0.504063492063492,0.43899999999999995,0.48721400761261446,5.2,5.2,4.8,4.8
rf,signo_zodiacal_libra,154,0.5,0.47000000000000003,0.48802197802197805,0.5199999999999999,0.49162055335968374,0.4800000000000001,0.6029677811868214,5.2,5.8,4.2,4.8
rf,signo_zodiacal_libra,155,0.5,0.5199999999999999,0.5302564102564103,0.56,0.5423632203037237,0.504,0.5926772861641283,5.6,5.2,4.8,4.4
rf,signo_zodiacal_libra,156,0.5,0.38999999999999996,0.37875901875901874,0.36,0.3674598260356774,0.375,0.47669965311606183,3.6,5.8,4.2,6.4
rf,signo_zodiacal_libra,157,0.5,0.5,0.513888888888889,0.43999999999999995,0.448779290884554,0.49499999999999994,0.5266509656494177,4.4,4.4,5.6,5.6
rf,signo_zodiacal_libra,158,0.5,0.5900000000000001,0.6027777777777777,0.58,0.5860712387028176,0.554,0.6205743978243978,5.8,4.0,6.0,4.2
rf,signo_zodiacal_libra,159,0.5,0.5700000000000001,0.5875036075036075,0.54,0.5593011941618753,0.545,0.591694564207722,5.4,4.0,6.0,4.6
rf,signo_zodiacal_libra,160,0.5,0.61,0.6286446886446886,0.68,0.6297391304347826,0.6289999999999999,0.6368629687306158,6.8,4.6,5.4,3.2
rf,signo_zodiacal_libra,161,0.5,0.42000000000000004,0.4035353535353535,0.42000000000000004,0.410359231411863,0.40499999999999997,0.5041924094996849,4.2,5.8,4.2,5.8
rf,signo_zodiacal_libra,162,0.5,0.45,0.4520862470862471,0.45999999999999996,0.45219861247321197,0.492,0.5953562179134935,4.6,5.6,4.4,5.4
rf,signo_zodiacal_libra,163,0.5,0.5,0.5415140415140416,0.48,0.49294431731502664,0.47300000000000003,0.5834052538448823,4.8,4.8,5.2,5.2
rf,signo_zodiacal_libra,164,0.5,0.56,0.5448051948051947,0.5399999999999999,0.537983997426722,0.609,0.6414647917442036,5.4,4.2,5.8,4.6
rf,signo_zodiacal_libra,165,0.5,0.57,0.5713492063492064,0.6,0.5718252493980048,0.6370000000000001,0.6378971453383218,6.0,4.6,5.4,4.0
rf,signo_zodiacal_libra,166,0.5,0.51,0.5027777777777778,0.52,0.5082934609250398,0.511,0.5792600820232399,5.2,5.0,5.0,4.8
rf,signo_zodiacal_libra,167,0.5,0.5800000000000001,0.5740909090909091,0.6599999999999999,0.60794227994228,0.6210000000000001,0.6500445926622398,6.6,5.0,5.0,3.4
rf,signo_zodiacal_libra,168,0.5,0.57,0.5806721056721057,0.56,0.5646798154807308,0.5970000000000001,0.6553935133493956,5.6,4.2,5.8,4.4
rf,signo_zodiacal_libra,169,0.5,0.55,0.5532106782106783,0.52,0.5302695240775737,0.579,0.6303772785522012,5.2,4.2,5.8,4.8
rf,signo_zodiacal_libra,170,0.5,0.5000000000000001,0.4816183816183816,0.52,0.4937116875735802,0.46900000000000003,0.509698828948829,5.2,5.2,4.8,4.8
rf,signo_zodiacal_libra,171,0.5,0.55,0.5648351648351648,0.5,0.5229775205276619,0.583,0.6271875783315412,5.0,4.0,6.0,5.0
rf,signo_zodiacal_libra,172,0.5,0.49000000000000005,0.48769230769230765,0.56,0.5203538490495012,0.44800000000000006,0.5085369991205904,5.6,5.8,4.2,4.4
rf,signo_zodiacal_libra,173,0.5,0.42000000000000004,0.4076923076923077,0.44000000000000006,0.420303723736218,0.429,0.5277526199290905,4.4,6.0,4.0,5.6
rf,signo_zodiacal_libra,174,0.5,0.47000000000000003,0.4690909090909091,0.4800000000000001,0.4612515262515263,0.441,0.4997245177423196,4.8,5.4,4.6,5.2
rf,signo_zodiacal_libra,175,0.5,0.55,0.5362587412587413,0.58,0.554368530020704,0.5800000000000001,0.6040315480872757,5.8,4.8,5.2,4.2
rf,signo_zodiacal_libra,176,0.5,0.41999999999999993,0.4147619047619048,0.32,0.3492284186401834,0.481,0.5456758698817522,3.2,4.8,5.2,6.8
rf,signo_zodiacal_libra,177,0.5,0.38,0.38468864468864467,0.4600000000000001,0.4103478260869565,0.33699999999999997,0.46414234088924483,4.6,7.0,3.0,5.4
rf,signo_zodiacal_libra,178,0.5,0.48,0.4753607503607503,0.52,0.4924356345408977,0.5010000000000001,0.5206106475224124,5.2,5.6,4.4,4.8
rf,signo_zodiacal_libra,179,0.5,0.5199999999999999,0.5229797979797979,0.5,0.5096073517126148,0.488,0.5199860227491807,5.0,4.6,5.4,5.0
rf,signo_zodiacal_libra,180,0.5,0.61,0.6477777777777778,0.52,0.563609022556391,0.633,0.6811395728454552,5.2,3.0,7.0,4.8
rf,signo_zodiacal_libra,181,0.5,0.55,0.5409523809523811,0.5200000000000001,0.5222994652406416,0.5599999999999999,0.6458962508080155,5.2,4.2,5.8,4.8
rf,signo_zodiacal_libra,182,0.5,0.5199999999999999,0.4937229437229437,0.5599999999999999,0.5177489177489177,0.548,0.5812561300928174,5.6,5.2,4.8,4.4
rf,signo_zodiacal_libra,183,0.5,0.56,0.558041958041958,0.6799999999999999,0.6102028985507246,0.591,0.6453432133741732,6.8,5.6,4.4,3.2
rf,signo_zodiacal_libra,184,0.5,0.43000000000000005,0.3972222222222222,0.32,0.34480431848852905,0.39399999999999996,0.47766069018700597,3.2,4.6,5.4,6.8
rf,signo_zodiacal_libra,185,0.5,0.45999999999999996,0.48637806637806635,0.44000000000000006,0.4500501253132832,0.488,0.5413909805364914,4.4,5.2,4.8,5.6
rf,signo_zodiacal_libra,186,0.5,0.54,0.5678571428571428,0.45999999999999996,0.5010069737623917,0.5249999999999999,0.5938756243756244,4.6,3.8,6.2,5.4
rf,signo_zodiacal_libra,187,0.5,0.47000000000000003,0.4445299145299145,0.45999999999999996,0.44613410997850356,0.48,0.5288529901471077,4.6,5.2,4.8,5.4
rf,signo_zodiacal_libra,188,0.5,0.55,0.5766233766233766,0.45999999999999996,0.506031008894786,0.5680000000000001,0.603717744673627,4.6,3.6,6.4,5.4
rf,signo_zodiacal_libra,189,0.5,0.5,0.495970695970696,0.5,0.48778211513438324,0.48100000000000004,0.573498204409969,5.0,5.0,5.0,5.0
rf,signo_zodiacal_libra,190,0.5,0.45,0.44508547008547,0.44000000000000006,0.4394355453852022,0.42800000000000005,0.5001828720814789,4.4,5.4,4.6,5.6
rf,signo_zodiacal_libra,191,0.5,0.41,0.41238095238095235,0.4,0.39815789473684216,0.42000000000000004,0.4954520481238747,4.0,5.8,4.2,6.0
rf,signo_zodiacal_libra,192,0.5,0.53,0.5027306027306027,0.54,0.5097186700767263,0.599,0.6659230871467713,5.4,4.8,5.2,4.6
rf,signo_zodiacal_libra,193,0.5,0.55,0.546098901098901,0.5599999999999999,0.545177607274794,0.592,0.633355770820167,5.6,4.6,5.4,4.4
rf,signo_zodiacal_libra,194,0.5,0.5599999999999999,0.5733333333333334,0.54,0.5495238095238095,0.5720000000000001,0.6319428914738512,5.4,4.2,5.8,4.6
rf,signo_zodiacal_libra,195,0.5,0.49000000000000005,0.4871128871128871,0.4800000000000001,0.4630312994763123,0.5399999999999999,0.5821243837861484,4.8,5.0,5.0,5.2
rf,signo_zodiacal_libra,196,0.5,0.45,0.45090909090909087,0.5,0.46837578795473533,0.4109999999999999,0.49987191669699405,5.0,6.0,4.0,5.0
rf,signo_zodiacal_libra,197,0.5,0.5299999999999999,0.5944444444444444,0.38,0.45288220551378444,0.518,0.6239567921758324,3.8,3.2,6.8,6.2
rf,signo_zodiacal_libra,198,0.5,0.52,0.5104029304029305,0.4,0.4296268607777559,0.5349999999999999,0.5950145775277355,4.0,3.6,6.4,6.0
rf,signo_zodiacal_libra,199,0.5,0.4800000000000001,0.47853535353535354,0.43999999999999995,0.4569757727652465,0.525,0.5946388339902271,4.4,4.8,5.2,5.6
rf,signo_zodiacal_libra,200,0.5,0.5599999999999999,0.5597402597402598,0.62,0.5790993320405086,0.599,0.6327716619465845,6.2,5.0,5.0,3.8
rf,signo_zodiacal_libra,201,0.5,0.55,0.5434615384615384,0.5,0.5115217391304347,0.5880000000000001,0.6706607369238948,5.0,4.0,6.0,5.0
rf,signo_zodiacal_libra,202,0.5,0.53,0.5311111111111111,0.4800000000000001,0.4969803296119085,0.492,0.5422947303814177,4.8,4.2,5.8,5.2
rf,signo_zodiacal_libra,203,0.5,0.47000000000000003,0.4678282828282828,0.52,0.4871196172248803,0.48600000000000004,0.5487975266048022,5.2,5.8,4.2,4.8
rf,signo_zodiacal_libra,204,0.5,0.5200000000000001,0.5277972027972028,0.58,0.5483781918564526,0.5519999999999999,0.6212536362845961,5.8,5.4,4.6,4.2
rf,signo_zodiacal_libra,205,0.5,0.51,0.5192918192918193,0.44000000000000006,0.4686237118798703,0.476,0.5823035112462357,4.4,4.2,5.8,5.6
rf,signo_zodiacal_libra,206,0.5,0.39999999999999997,0.3912087912087912,0.34,0.35738995827163816,0.4160000000000001,0.4973704449145626,3.4,5.4,4.6,6.6
rf,signo_zodiacal_libra,207,0.5,0.44000000000000006,0.45313131313131316,0.4,0.4194486215538847,0.42200000000000004,0.5149747747952083,4.0,5.2,4.8,6.0
rf,signo_zodiacal_libra,208,0.5,0.5,0.5047979797979798,0.45999999999999996,0.4746506417559049,0.45099999999999996,0.5268124375624376,4.6,4.6,5.4,5.4
rf,signo_zodiacal_libra,209,0.5,0.55,0.5531313131313131,0.5800000000000001,0.5624310776942355,0.5539999999999999,0.5990461195151597,5.8,4.8,5.2,4.2
rf,signo_zodiacal_libra,210,0.5,0.44000000000000006,0.4178571428571428,0.31999999999999995,0.36209150326797385,0.425,0.47763593716225294,3.2,4.4,5.6,6.8
rf,signo_zodiacal_libra,211,0.5,0.5800000000000001,0.5869130869130869,0.5599999999999999,0.5620052368773596,0.573,0.6202382437823614,5.6,4.0,6.0,4.4
rf,signo_zodiacal_libra,212,0.5,0.52,0.5222222222222223,0.54,0.5251727804359383,0.466,0.5357344877344878,5.4,5.0,5.0,4.6
rf,signo_zodiacal_libra,213,0.5,0.38999999999999996,0.319047619047619,0.34,0.32224880382775123,0.36000000000000004,0.5115550570860168,3.4,5.6,4.4,6.6
rf,signo_zodiacal_libra,214,0.5,0.43,0.40476190476190477,0.45999999999999996,0.4245454545454546,0.38599999999999995,0.4752256664903724,4.6,6.0,4.0,5.4
rf,signo_zodiacal_libra,215,0.5,0.5,0.43991452991452995,0.4800000000000001,0.45685874765966294,0.4670000000000001,0.5249845062917818,4.8,4.8,5.2,5.2
rf,signo_zodiacal_libra,216,0.5,0.31999999999999995,0.2938949938949939,0.32,0.3003746578723022,0.277,0.4323269714461665,3.2,6.8,3.2,6.8
rf,signo_zodiacal_libra,217,0.5,0.47000000000000003,0.4686868686868687,0.44000000000000006,0.4477500569605833,0.502,0.5929199905701454,4.4,5.0,5.0,5.6
rf,signo_zodiacal_libra,218,0.5,0.47000000000000003,0.47284382284382287,0.5199999999999999,0.4920133007089529,0.45099999999999996,0.5502546826238778,5.2,5.8,4.2,4.8
rf,signo_zodiacal_libra,219,0.5,0.5,0.4574242424242424,0.42000000000000004,0.4293362193362193,0.476,0.5200193293118989,4.2,4.2,5.8,5.8
rf,signo_zodiacal_libra,220,0.5,0.49000000000000005,0.49610389610389605,0.54,0.5106807940567533,0.5189999999999999,0.597935998641881,5.4,5.6,4.4,4.6
rf,signo_zodiacal_libra,221,0.5,0.45999999999999996,0.43278388278388275,0.4800000000000001,0.45039654860626727,0.422,0.48586662297111216,4.8,5.6,4.4,5.2
rf,signo_zodiacal_libra,222,0.5,0.43,0.4207142857142857,0.34,0.3750326797385621,0.38300000000000006,0.49102752252907045,3.4,4.8,5.2,6.6
rf,signo_zodiacal_libra,223,0.5,0.45,0.4656410256410256,0.45999999999999996,0.453871635610766,0.44200000000000006,0.5228006982697385,4.6,5.6,4.4,5.4
rf,signo_zodiacal_libra,224,0.5,0.43000000000000005,0.42428571428571427,0.42000000000000004,0.4167439096850861,0.363,0.4828870661502241,4.2,5.6,4.4,5.8
rf,signo_zodiacal_libra,225,0.5,0.55,0.5457575757575758,0.58,0.5615584415584415,0.6359999999999999,0.6736692376251199,5.8,4.8,5.2,4.2
rf,signo_zodiacal_libra,226,0.5,0.47000000000000003,0.4777272727272727,0.48,0.4768253968253968,0.41399999999999987,0.5441135410856772,4.8,5.4,4.6,5.2
rf,signo_zodiacal_libra,227,0.5,0.45,0.430122655122655,0.4,0.4122217307975822,0.433,0.48487057241004605,4.0,5.0,5.0,6.0
rf,signo_zodiacal_libra,228,0.5,0.51,0.5105555555555555,0.48,0.4914832535885168,0.475,0.5322127039627039,4.8,4.6,5.4,5.2
rf,signo_zodiacal_libra,229,0.5,0.56,0.5535353535353535,0.6,0.5740943267259057,0.549,0.6060991853004237,6.0,4.8,5.2,4.0
rf,signo_zodiacal_libra,230,0.5,0.49000000000000005,0.4888888888888888,0.38,0.4155236576289208,0.454,0.5151684620848708,3.8,4.0,6.0,6.2
rf,signo_zodiacal_libra,231,0.5,0.53,0.529047619047619,0.5599999999999999,0.5358131156768927,0.588,0.642310762766645,5.6,5.0,5.0,4.4
rf,signo_zodiacal_libra,232,0.5,0.47000000000000003,0.4688888888888889,0.5599999999999999,0.5042105263157894,0.49400000000000005,0.5775508119331648,5.6,6.2,3.8,4.4
rf,signo_zodiacal_libra,233,0.5,0.42000000000000004,0.40555555555555556,0.32,0.3565187478500172,0.337,0.4646683902612695,3.2,4.8,5.2,6.8
rf,signo_zodiacal_libra,234,0.5,0.5,0.5222222222222221,0.4,0.4442105263157895,0.49400000000000005,0.5295477459417087,4.0,4.0,6.0,6.0
rf,signo_zodiacal_libra,235,0.5,0.4,0.40211288711288706,0.4600000000000001,0.4253002070393374,0.36900000000000005,0.5037022648833794,4.6,6.6,3.4,5.4
rf,signo_zodiacal_libra,236,0.5,0.51,0.5106060606060606,0.4800000000000001,0.4889483065953654,0.5519999999999999,0.6192568918010094,4.8,4.6,5.4,5.2
rf,signo_zodiacal_libra,237,0.5,0.45,0.45272727272727276,0.45999999999999996,0.4547550694919115,0.42000000000000004,0.5228835810732095,4.6,5.6,4.4,5.4
rf,signo_zodiacal_libra,238,0.5,0.53,0.5258823529411765,0.6,0.5513131313131313,0.5740000000000001,0.5821153509373322,6.0,5.4,4.6,4.0
rf,signo_zodiacal_libra,239,0.5,0.45,0.42659340659340667,0.38,0.39402102870133565,0.5450000000000002,0.5727728819168447,3.8,4.8,5.2,6.2
rf,signo_zodiacal_libra,240,0.5,0.37,0.3663170163170163,0.4,0.37984024620180223,0.31500000000000006,0.4369488700154335,4.0,6.6,3.4,6.0
rf,signo_zodiacal_libra,241,0.5,0.55,0.5524675324675324,0.54,0.542689075630252,0.567,0.6032330067593226,5.4,4.4,5.6,4.6
rf,signo_zodiacal_libra,242,0.5,0.51,0.519047619047619,0.5,0.49634581105169345,0.5349999999999999,0.6011865079365079,5.0,4.8,5.2,5.0
rf,signo_zodiacal_libra,243,0.5,0.49000000000000005,0.4658333333333333,0.58,0.5087773279352227,0.52,0.585779499310459,5.8,6.0,4.0,4.2
rf,signo_zodiacal_libra,244,0.5,0.6,0.5948051948051948,0.58,0.584873949579832,0.5980000000000001,0.6708111908731104,5.8,3.8,6.2,4.2
rf,signo_zodiacal_libra,245,0.5,0.58,0.5713286713286713,0.6599999999999999,0.6117824204780726,0.586,0.5989500472867345,6.6,5.0,5.0,3.4
rf,signo_zodiacal_libra,246,0.5,0.59,0.591978021978022,0.6799999999999999,0.625072463768116,0.647,0.691600979687667,6.8,5.0,5.0,3.2
rf,signo_zodiacal_libra,247,0.5,0.63,0.6135531135531136,0.7200000000000001,0.6482213438735178,0.659,0.7223153513153513,7.2,4.6,5.4,2.8
rf,signo_zodiacal_libra,248,0.5,0.4,0.3927777777777778,0.3,0.3322305764411027,0.425,0.4812084853570922,3.0,5.0,5.0,7.0
rf,signo_zodiacal_libra,249,0.5,0.52,0.5524242424242425,0.5599999999999999,0.5301818181818182,0.518,0.5895371105502685,5.6,5.2,4.8,4.4
rf,signo_zodiacal_libra,250,0.5,0.48,0.47610389610389614,0.5,0.4788095238095238,0.454,0.5231196862992529,5.0,5.4,4.6,5.0
rf,signo_zodiacal_libra,251,0.5,0.51,0.47727272727272724,0.5,0.48232323232323226,0.461,0.5295185011067364,5.0,4.8,5.2,5.0
rf,signo_zodiacal_libra,252,0.5,0.58,0.5727272727272726,0.5599999999999999,0.5586940836940837,0.557,0.6095004076590764,5.6,4.0,6.0,4.4
rf,signo_zodiacal_libra,253,0.5,0.49000000000000005,0.4829365079365079,0.44000000000000006,0.45687212684116707,0.46799999999999997,0.5392309371914635,4.4,4.6,5.4,5.6
rf,signo_zodiacal_libra,254,0.5,0.49000000000000005,0.47480519480519484,0.4,0.42709617180205417,0.497,0.5694290878540105,4.0,4.2,5.8,6.0
rf,signo_zodiacal_libra,255,0.5,0.54,0.5447752247752248,0.56,0.5470369017172085,0.572,0.6688830250416936,5.6,4.8,5.2,4.4
rf,signo_zodiacal_libra,256,0.5,0.42000000000000004,0.3653246753246753,0.33999999999999997,0.3467413632119515,0.40199999999999997,0.510174366912757,3.4,5.0,5.0,6.6
rf,signo_zodiacal_libra,257,0.5,0.5,0.4988888888888889,0.5199999999999999,0.50688995215311,0.5509999999999999,0.5786528179422915,5.2,5.2,4.8,4.8
rf,signo_zodiacal_libra,258,0.5,0.57,0.6263986013986014,0.5800000000000001,0.579744651483782,0.5349999999999999,0.6085049676845343,5.8,4.4,5.6,4.2
rf,signo_zodiacal_libra,259,0.5,0.38,0.3745299145299145,0.38,0.3748741418764302,0.35300000000000004,0.47187885729681395,3.8,6.2,3.8,6.2
rf,signo_zodiacal_libra,260,0.5,0.4,0.3968531468531469,0.48,0.4316927034318339,0.40199999999999997,0.5203984281971897,4.8,6.8,3.2,5.2
rf,signo_zodiacal_libra,261,0.5,0.5,0.49340659340659343,0.45999999999999996,0.46732736572890027,0.45899999999999996,0.5456904315155089,4.6,4.6,5.4,5.4
rf,signo_zodiacal_libra,262,0.5,0.5900000000000001,0.5756349206349206,0.62,0.5903136629452419,0.5740000000000001,0.618563446357564,6.2,4.4,5.6,3.8
rf,signo_zodiacal_libra,263,0.5,0.4999999999999999,0.5073412698412698,0.5,0.48829320833964796,0.48199999999999993,0.5279508114864152,5.0,5.0,5.0,5.0
rf,signo_zodiacal_libra,264,0.5,0.51,0.5111111111111111,0.45999999999999996,0.47867585630743525,0.518,0.5476021451888325,4.6,4.4,5.6,5.4
rf,signo_zodiacal_libra,265,0.5,0.52,0.5194444444444445,0.4,0.43157894736842106,0.547,0.6100975517430627,4.0,3.6,6.4,6.0
rf,signo_zodiacal_libra,266,0.5,0.6300000000000001,0.6233100233100233,0.66,0.6377247466492317,0.6519999999999999,0.6894637558004432,6.6,4.0,6.0,3.4
rf,signo_zodiacal_libra,267,0.5,0.53,0.562857142857143,0.43999999999999995,0.48557900991337527,0.512,0.5694816843802911,4.4,3.8,6.2,5.6
rf,signo_zodiacal_libra,268,0.5,0.4800000000000001,0.48650793650793656,0.42000000000000004,0.43547103051747016,0.418,0.5268231778541377,4.2,4.6,5.4,5.8
rf,signo_zodiacal_libra,269,0.5,0.38,0.3492063492063492,0.36,0.3467844075429215,0.37600000000000006,0.4799622224181047,3.6,6.0,4.0,6.4
rf,signo_zodiacal_libra,270,0.5,0.45,0.4626540126540126,0.48,0.4655650402453471,0.378,0.47640215606546876,4.8,5.8,4.2,5.2
rf,signo_zodiacal_libra,271,0.5,0.5,0.49399424105306455,0.6199999999999999,0.5418909592822636,0.43499999999999994,0.4842301217873973,6.2,6.2,3.8,3.8
rf,signo_zodiacal_libra,272,0.5,0.42000000000000004,0.3748351648351648,0.36,0.35736938253562295,0.366,0.4882099624661544,3.6,5.2,4.8,6.4
rf,signo_zodiacal_libra,273,0.5,0.53,0.5101165501165501,0.6599999999999999,0.571182739457339,0.5389999999999999,0.5784099919688155,6.6,6.0,4.0,3.4
rf,signo_zodiacal_libra,274,0.5,0.49000000000000005,0.47190587190587185,0.5,0.48157990885141244,0.488,0.5263667084549437,5.0,5.2,4.8,5.0
rf,signo_zodiacal_libra,275,0.5,0.48,0.48,0.44000000000000006,0.45422969187675066,0.47400000000000003,0.5620403213917146,4.4,4.8,5.2,5.6
rf,signo_zodiacal_libra,276,0.5,0.53,0.5076190476190476,0.6000000000000001,0.5404242424242425,0.537,0.5513226681299437,6.0,5.4,4.6,4.0
rf,signo_zodiacal_libra,277,0.5,0.6799999999999999,0.6530769230769231,0.7799999999999999,0.706403162055336,0.697,0.6686989568738795,7.8,4.2,5.8,2.2
rf,signo_zodiacal_libra,278,0.5,0.41000000000000003,0.39979797979797976,0.36000000000000004,0.3727819548872181,0.4090000000000001,0.47631133022464295,3.6,5.4,4.6,6.4
rf,signo_zodiacal_libra,279,0.5,0.5799999999999998,0.5987301587301588,0.5599999999999999,0.5492258618574407,0.5860000000000001,0.5999105132913182,5.6,4.0,6.0,4.4
rf,signo_zodiacal_libra,280,0.5,0.5700000000000001,0.607979797979798,0.5,0.5324356345408977,0.585,0.6043602657232687,5.0,3.6,6.4,5.0
rf,signo_zodiacal_libra,281,0.5,0.41,0.4023992673992674,0.45999999999999996,0.42177292102611796,0.433,0.5278184952302599,4.6,6.4,3.6,5.4
rf,signo_zodiacal_libra,282,0.5,0.36000000000000004,0.35666666666666663,0.36,0.3572248803827751,0.4010000000000001,0.455637054723742,3.6,6.4,3.6,6.4
rf,signo_zodiacal_libra,283,0.5,0.45,0.4613986013986014,0.5599999999999999,0.5033608130999435,0.417,0.4825226254653499,5.6,6.6,3.4,4.4
rf,signo_zodiacal_libra,284,0.5,0.52,0.5119658119658119,0.5,0.5017035341978133,0.523,0.5822938917807339,5.0,4.6,5.4,5.0
rf,signo_zodiacal_libra,285,0.5,0.42000000000000004,0.4216666666666667,0.42000000000000004,0.41737373737373734,0.3829999999999999,0.4583784199976151,4.2,5.8,4.2,5.8
rf,signo_zodiacal_libra,286,0.5,0.49000000000000005,0.4580219780219781,0.44000000000000006,0.4416027280477408,0.542,0.5843372260694241,4.4,4.6,5.4,5.6
rf,signo_zodiacal_libra,287,0.5,0.48999999999999994,0.4823376623376623,0.42000000000000004,0.4453034547152194,0.5359999999999999,0.5427186510599824,4.2,4.4,5.6,5.8
rf,signo_zodiacal_libra,288,0.5,0.47000000000000003,0.4637362637362637,0.44000000000000006,0.4455242966751919,0.48900000000000005,0.5415010163555055,4.4,5.0,5.0,5.6
rf,signo_zodiacal_libra,289,0.5,0.45,0.4455555555555556,0.44000000000000006,0.4403721424774056,0.37399999999999994,0.5089939731750877,4.4,5.4,4.6,5.6
rf,signo_zodiacal_libra,290,0.5,0.53,0.5145609945609946,0.5599999999999999,0.522621335948567,0.524,0.5765377590246011,5.6,5.0,5.0,4.4
rf,signo_zodiacal_libra,291,0.5,0.56,0.5542857142857143,0.56,0.5511111111111111,0.528,0.5920474535784134,5.6,4.4,5.6,4.4
rf,signo_zodiacal_libra,292,0.5,0.5399999999999999,0.5861904761904763,0.48,0.515222816399287,0.598,0.6286240399607272,4.8,4.0,6.0,5.2
rf,signo_zodiacal_libra,293,0.5,0.44000000000000006,0.42802197802197794,0.4,0.3960771493952272,0.4069999999999999,0.5247879106617497,4.0,5.2,4.8,6.0
rf,signo_zodiacal_libra,294,0.5,0.54,0.546025641025641,0.58,0.5558326976862447,0.591,0.6051017495576319,5.8,5.0,5.0,4.2
rf,signo_zodiacal_libra,295,0.5,0.51,0.5070707070707071,0.5,0.5016708437761069,0.5129999999999999,0.5904863104731526,5.0,4.8,5.2,5.0
rf,signo_zodiacal_libra,296,0.5,0.37,0.3709090909090909,0.4,0.3833189033189034,0.33099999999999996,0.4781696830860918,4.0,6.6,3.4,6.0
rf,signo_zodiacal_libra,297,0.5,0.49000000000000005,0.5120879120879122,0.45999999999999996,0.47284029553850526,0.5130000000000001,0.5615276955586552,4.6,4.8,5.2,5.4
rf,signo_zodiacal_libra,298,0.5,0.5,0.5092496392496393,0.44000000000000006,0.4610461983836597,0.46499999999999997,0.5419051720553268,4.4,4.4,5.6,5.6
rf,signo_zodiacal_libra,299,0.5,0.4800000000000001,0.4910533910533911,0.45999999999999996,0.4708777290820635,0.4960000000000001,0.5407569179186826,4.6,5.0,5.0,5.4
rf,signo_zodiacal_libra,300,0.5,0.41,0.3885714285714286,0.36000000000000004,0.3676203208556149,0.33399999999999996,0.44018165228304545,3.6,5.4,4.6,6.4
rf,signo_zodiacal_libra,301,0.5,0.6100000000000001,0.6051981351981353,0.6199999999999999,0.5987841144362883,0.61,0.6424308361057587,6.2,4.0,6.0,3.8
rf,signo_zodiacal_libra,302,0.5,0.58,0.6226190476190476,0.5,0.5497326203208556,0.6019999999999999,0.6763770204683517,5.0,3.4,6.6,5.0
rf,signo_zodiacal_libra,303,0.5,0.51,0.5433333333333333,0.4,0.45035353535353534,0.5519999999999999,0.591862052550133,4.0,3.8,6.2,6.0
rf,signo_zodiacal_libra,304,0.5,0.47000000000000003,0.4399711399711399,0.38,0.4034915720674235,0.446,0.5400983173173575,3.8,4.4,5.6,6.2
rf,signo_zodiacal_libra,305,0.5,0.42000000000000004,0.4130952380952381,0.38,0.3888888888888889,0.438,0.5400137917637918,3.8,5.4,4.6,6.2
rf,signo_zodiacal_libra,306,0.5,0.5700000000000001,0.5865079365079365,0.4999999999999999,0.5319166901210245,0.5850000000000001,0.5924100509054069,5.0,3.6,6.4,5.0
rf,signo_zodiacal_libra,307,0.5,0.5700000000000001,0.5770451770451771,0.54,0.5509295403897638,0.607,0.6718979811038635,5.4,4.0,6.0,4.6
rf,signo_zodiacal_libra,308,0.5,0.5900000000000001,0.5865079365079364,0.5800000000000001,0.5773712355755699,0.626,0.6952856936664986,5.8,4.0,6.0,4.2
rf,signo_zodiacal_libra,309,0.5,0.56,0.5418181818181818,0.54,0.5333333333333333,0.5589999999999999,0.6362194847636025,5.4,4.2,5.8,4.6
rf,signo_zodiacal_libra,310,0.5,0.5,0.5038444888444888,0.54,0.5111526813624,0.5029999999999999,0.5823182830241653,5.4,5.4,4.6,4.6
rf,signo_zodiacal_libra,311,0.5,0.43,0.43397435897435893,0.5199999999999999,0.46982872200263515,0.492,0.5915706876542789,5.2,6.6,3.4,4.8
rf,signo_zodiacal_libra,312,0.5,0.5799999999999998,0.5683882783882783,0.6799999999999999,0.6102599395489421,0.619,0.6710489216665687,6.8,5.2,4.8,3.2
rf,signo_zodiacal_libra,313,0.5,0.5,0.5074314574314573,0.5199999999999999,0.504505582137161,0.488,0.577554409213078,5.2,5.2,4.8,4.8
rf,signo_zodiacal_libra,314,0.5,0.42000000000000004,0.4196428571428571,0.44000000000000006,0.41992922797876364,0.397,0.4859197854948629,4.4,6.0,4.0,5.6
rf,signo_zodiacal_libra,315,0.5,0.44000000000000006,0.4429292929292929,0.45999999999999996,0.44980633401686027,0.43200000000000005,0.5285348719907544,4.6,5.8,4.2,5.4
rf,signo_zodiacal_libra,316,0.5,0.49000000000000005,0.48571428571428577,0.44000000000000006,0.44634581105169335,0.518,0.564597916531353,4.4,4.6,5.4,5.6
rf,signo_zodiacal_libra,317,0.5,0.4,0.4054945054945055,0.44000000000000006,0.4173486786018755,0.379,0.5015774517879781,4.4,6.4,3.6,5.6
rf,signo_zodiacal_libra,318,0.5,0.45,0.4072039072039072,0.38,0.38575926175199293,0.414,0.4660330584448231,3.8,4.8,5.2,6.2
rf,signo_zodiacal_libra,319,0.5,0.38,0.37976190476190474,0.36000000000000004,0.3652046783625731,0.417,0.5410727420154664,3.6,6.0,4.0,6.4
rf,signo_zodiacal_libra,320,0.5,0.52,0.5251948051948052,0.45999999999999996,0.48435574229691875,0.497,0.5719100370733498,4.6,4.2,5.8,5.4
rf,signo_zodiacal_libra,321,0.5,0.41999999999999993,0.38166666666666665,0.26,0.3064912280701754,0.406,0.5006803613483181,2.6,4.2,5.8,7.4
rf,signo_zodiacal_libra,322,0.5,0.4600000000000001,0.4569230769230769,0.44000000000000006,0.43826965305226173,0.492,0.5798809970559196,4.4,5.2,4.8,5.6
rf,signo_zodiacal_libra,323,0.5,0.51,0.5021428571428571,0.42000000000000004,0.45316993464052285,0.509,0.6028371716003296,4.2,4.0,6.0,5.8
rf,signo_zodiacal_libra,324,0.5,0.4699999999999999,0.475,0.36,0.40444444444444444,0.461,0.5722053981450267,3.6,4.2,5.8,6.4
rf,signo_zodiacal_libra,325,0.5,0.55,0.5471861471861472,0.42000000000000004,0.4612314156431804,0.513,0.5635614767069876,4.2,3.2,6.8,5.8
rf,signo_zodiacal_libra,326,0.5,0.54,0.5368686868686869,0.56,0.5468215994531784,0.4880000000000001,0.540923306054111,5.6,4.8,5.2,4.4
rf,signo_zodiacal_libra,327,0.5,0.55,0.5517460317460317,0.5199999999999999,0.5257791537667699,0.5189999999999999,0.610133181575906,5.2,4.2,5.8,4.8
rf,signo_zodiacal_libra,328,0.5,0.42000000000000004,0.4222222222222222,0.31999999999999995,0.35342902711323765,0.41600000000000004,0.5050045499735902,3.2,4.8,5.2,6.8
rf,signo_zodiacal_libra,329,0.5,0.62,0.6066666666666667,0.6,0.5902046783625732,0.664,0.7004125765874992,6.0,3.6,6.4,4.0
rf,signo_zodiacal_libra,330,0.5,0.49000000000000005,0.4905122655122655,0.45999999999999996,0.47023887705002254,0.495,0.6142155915979445,4.6,4.8,5.2,5.4
rf,signo_zodiacal_libra,331,0.5,0.44000000000000006,0.3416666666666666,0.28,0.29624819624819626,0.363,0.49445368640647275,2.8,4.0,6.0,7.2
rf,signo_zodiacal_libra,332,0.5,0.41000000000000003,0.37979797979797986,0.36,0.3620870357712463,0.476,0.538166918049271,3.6,5.4,4.6,6.4
rf,signo_zodiacal_libra,333,0.5,0.4600000000000001,0.4514285714285714,0.38,0.41006535947712414,0.413,0.5094957293308686,3.8,4.6,5.4,6.2
rf,signo_zodiacal_libra,334,0.5,0.44000000000000006,0.436013986013986,0.48,0.45521048999309877,0.47400000000000003,0.5865136061049373,4.8,6.0,4.0,5.2
rf,signo_zodiacal_libra,335,0.5,0.6,0.5945454545454545,0.6,0.5955555555555555,0.6040000000000001,0.6511444276397838,6.0,4.0,6.0,4.0
rf,signo_zodiacal_libra,336,0.5,0.5700000000000001,0.5684343434343434,0.5599999999999999,0.5619883040935673,0.623,0.6374094691857849,5.6,4.2,5.8,4.4
rf,signo_zodiacal_libra,337,0.5,0.53,0.49714285714285716,0.45999999999999996,0.47140225787284606,0.562,0.6157883509679175,4.6,4.0,6.0,5.4
rf,signo_zodiacal_libra,338,0.5,0.5599999999999999,0.5753267973856209,0.5599999999999999,0.5497076023391813,0.46399999999999997,0.5522271109523432,5.6,4.4,5.6,4.4
rf,signo_zodiacal_libra,339,0.5,0.45999999999999996,0.47444444444444445,0.4600000000000001,0.45479851143009037,0.38499999999999995,0.48297487909407416,4.6,5.4,4.6,5.4
rf,signo_zodiacal_libra,340,0.5,0.51,0.5123076923076924,0.52,0.5132367149758454,0.5,0.5988444719195493,5.2,5.0,5.0,4.8
rf,signo_zodiacal_libra,341,0.5,0.51,0.5172222222222222,0.4600000000000001,0.48123072833599145,0.526,0.5600604113808447,4.6,4.4,5.6,5.4
rf,signo_zodiacal_libra,342,0.5,0.47000000000000003,0.48888888888888893,0.44000000000000006,0.4569377990430622,0.43899999999999995,0.497176647483923,4.4,5.0,5.0,5.6
rf,signo_zodiacal_libra,343,0.5,0.52,0.5148051948051948,0.6,0.5446175393234217,0.556,0.619705358968517,6.0,5.6,4.4,4.0
rf,signo_zodiacal_libra,344,0.5,0.6,0.6065656565656565,0.6,0.6005012531328321,0.66,0.6515401597886117,6.0,4.0,6.0,4.0
rf,signo_zodiacal_libra,345,0.5,0.45,0.43694083694083696,0.4,0.4159811292938228,0.42400000000000004,0.5353307458795075,4.0,5.0,5.0,6.0
rf,signo_zodiacal_libra,346,0.5,0.37,0.35939560439560436,0.32,0.33387894288150044,0.367,0.49627289686577614,3.2,5.8,4.2,6.8
rf,signo_zodiacal_libra,347,0.5,0.5599999999999999,0.5646969696969697,0.58,0.5696392496392496,0.546,0.5970573947895929,5.8,4.6,5.4,4.2
rf,signo_zodiacal_libra,348,0.5,0.54,0.5624542124542125,0.48,0.5038246919321089,0.542,0.5849410073071063,4.8,4.0,6.0,5.2
rf,signo_zodiacal_libra,349,0.5,0.53,0.5430591630591631,0.5,0.5171959310039804,0.5589999999999999,0.6503465233596812,5.0,4.4,5.6,5.0
rf,signo_zodiacal_libra,350,0.5,0.5,0.5027777777777779,0.4,0.44342105263157894,0.5269999999999999,0.632268047741732,4.0,4.0,6.0,6.0
rf,signo_zodiacal_libra,351,0.5,0.5,0.5107142857142857,0.48,0.4894736842105263,0.524,0.5950126262626262,4.8,4.8,5.2,5.2
rf,signo_zodiacal_libra,352,0.5,0.5599999999999999,0.5864718614718616,0.48,0.5238488377807263,0.585,0.582652974046937,4.8,3.6,6.4,5.2
rf,signo_zodiacal_libra,353,0.5,0.42000000000000004,0.4315262515262515,0.4600000000000001,0.4377552833490375,0.374,0.45047193595877805,4.6,6.2,3.8,5.4
rf,signo_zodiacal_libra,354,0.5,0.5900000000000001,0.6133333333333334,0.54,0.5562121212121212,0.6289999999999999,0.688903253609136,5.4,3.6,6.4,4.6
rf,signo_zodiacal_libra,355,0.5,0.54,0.5568253968253968,0.6,0.5698947368421052,0.5309999999999999,0.5859734340307096,6.0,5.2,4.8,4.0
rf,signo_zodiacal_libra,356,0.5,0.5199999999999999,0.5209790209790209,0.6,0.5563146997929607,0.535,0.5993190247145355,6.0,5.6,4.4,4.0
rf,signo_zodiacal_libra,357,0.5,0.48,0.48238095238095235,0.62,0.5357979797979798,0.477,0.5535301283683636,6.2,6.6,3.4,3.8
rf,signo_zodiacal_libra,358,0.5,0.6199999999999999,0.6206526806526808,0.6599999999999999,0.6349745906267645,0.6209999999999999,0.6574961857887555,6.6,4.2,5.8,3.4
rf,signo_zodiacal_libra,359,0.5,0.61,0.6296536796536797,0.5599999999999999,0.5847890671420084,0.593,0.6546762186042372,5.6,3.4,6.6,4.4
rf,signo_zodiacal_libra,360,0.5,0.5900000000000001,0.5922727272727273,0.54,0.5594444444444445,0.655,0.6622662882353284,5.4,3.6,6.4,4.6
rf,signo_zodiacal_libra,361,0.5,0.38,0.3668181818181818,0.36,0.36158730158730157,0.395,0.467912504763898,3.6,6.0,4.0,6.4
rf,signo_zodiacal_libra,362,0.5,0.52,0.5155011655011654,0.5800000000000001,0.5443252399774139,0.479,0.5157492856300907,5.8,5.4,4.6,4.2
rf,signo_zodiacal_libra,363,0.5,0.52,0.5317460317460317,0.54,0.5276151608968946,0.545,0.5828428501323237,5.4,5.0,5.0,4.6
rf,signo_zodiacal_libra,364,0.5,0.4700000000000001,0.4718253968253968,0.45999999999999996,0.4614035087719298,0.413,0.49334793294081225,4.6,5.2,4.8,5.4
rf,signo_zodiacal_libra,365,0.5,0.5299999999999999,0.5311111111111112,0.4600000000000001,0.4827644869750133,0.475,0.546992092273052,4.6,4.0,6.0,5.4
rf,signo_zodiacal_libra,366,0.5,0.37,0.36444444444444446,0.33999999999999997,0.35099415204678364,0.41600000000000004,0.5495296052416794,3.4,6.0,4.0,6.6
rf,signo_zodiacal_libra,367,0.5,0.42000000000000004,0.3803596403596404,0.42000000000000004,0.38997807818779684,0.44800000000000006,0.4984012741644321,4.2,5.8,4.2,5.8
rf,signo_zodiacal_libra,368,0.5,0.41,0.4088095238095238,0.38,0.38023054070112894,0.351,0.48107726956565966,3.8,5.6,4.4,6.2
rf,signo_zodiacal_libra,369,0.5,0.48,0.49071428571428566,0.56,0.5168686868686869,0.417,0.5052565306210817,5.6,6.0,4.0,4.4
rf,signo_zodiacal_libra,370,0.5,0.54,0.5498917748917749,0.4800000000000001,0.5044711824123589,0.593,0.6297067627934501,4.8,4.0,6.0,5.2
rf,signo_zodiacal_libra,371,0.5,0.52,0.5129870129870129,0.5199999999999999,0.5134453781512605,0.525,0.5946475293712136,5.2,4.8,5.2,4.8
rf,signo_zodiacal_libra,372,0.5,0.6,0.6039682539682539,0.64,0.6123041561122056,0.694,0.7056230436230437,6.4,4.4,5.6,3.6
rf,signo_zodiacal_libra,373,0.5,0.47000000000000003,0.486013986013986,0.48,0.4752852982258017,0.42299999999999993,0.5371682602742974,4.8,5.4,4.6,5.2
rf,signo_zodiacal_libra,374,0.5,0.54,0.5166666666666667,0.52,0.5116161616161616,0.537,0.6061930438842204,5.2,4.4,5.6,4.8
rf,signo_zodiacal_libra,375,0.5,0.53,0.5321428571428571,0.4800000000000001,0.4954248366013072,0.524,0.5655349670968867,4.8,4.2,5.8,5.2
rf,signo_zodiacal_libra,376,0.5,0.54,0.5363636363636364,0.5399999999999999,0.5344877344877345,0.5700000000000001,0.6120438140291082,5.4,4.6,5.4,4.6
rf,signo_zodiacal_libra,377,0.5,0.5900000000000001,0.5964069264069264,0.62,0.5966233766233766,0.643,0.6626329971198393,6.2,4.4,5.6,3.8
rf,signo_zodiacal_libra,378,0.5,0.38,0.3545454545454546,0.34,0.34380952380952384,0.359,0.47076692854788826,3.4,5.8,4.2,6.6
rf,signo_zodiacal_libra,379,0.5,0.39999999999999997,0.39269841269841266,0.3,0.3344272445820433,0.36800000000000005,0.4695713947215495,3.0,5.0,5.0,7.0
rf,signo_zodiacal_libra,380,0.5,0.48,0.49404761904761907,0.5,0.4871001031991744,0.44299999999999995,0.5170442443693217,5.0,5.4,4.6,5.0
rf,signo_zodiacal_libra,381,0.5,0.5,0.5198268398268399,0.48,0.49539141972578504,0.503,0.5806526514421251,4.8,4.8,5.2,5.2
rf,signo_zodiacal_libra,382,0.5,0.49000000000000005,0.4833333333333333,0.33999999999999997,0.3777000777000777,0.5349999999999999,0.5601926674117077,3.4,3.6,6.4,6.6
rf,signo_zodiacal_libra,383,0.5,0.5800000000000001,0.5745920745920746,0.6199999999999999,0.5940176528277215,0.5850000000000001,0.5835724655461497,6.2,4.6,5.4,3.8
rf,signo_zodiacal_libra,384,0.5,0.4600000000000001,0.471026196026196,0.43999999999999995,0.4498984032972457,0.477,0.5632711455211455,4.4,5.2,4.8,5.6
rf,signo_zodiacal_libra,385,0.5,0.6399999999999999,0.637016317016317,0.6599999999999999,0.6450953470633104,0.6239999999999999,0.6053385678648836,6.6,3.8,6.2,3.4
rf,signo_zodiacal_libra,386,0.5,0.45999999999999996,0.4579365079365079,0.4600000000000001,0.4484529505582137,0.41200000000000003,0.47797466731754656,4.6,5.4,4.6,5.4
rf,signo_zodiacal_libra,387,0.5,0.49000000000000005,0.4803968253968254,0.5199999999999999,0.494354066985646,0.532,0.5931800307535602,5.2,5.4,4.6,4.8
rf,signo_zodiacal_libra,388,0.5,0.53,0.5414585414585414,0.5399999999999999,0.5346242844964072,0.535,0.6227157354169737,5.4,4.8,5.2,4.6
rf,signo_zodiacal_libra,389,0.5,0.4800000000000001,0.4945238095238095,0.42000000000000004,0.4519160646714827,0.46900000000000003,0.5584446845723936,4.2,4.6,5.4,5.8
rf,signo_zodiacal_libra,390,0.5,0.44000000000000006,0.4246031746031746,0.36,0.38333411514526067,0.38099999999999995,0.47419414022510004,3.6,4.8,5.2,6.4
rf,signo_zodiacal_libra,391,0.5,0.54,0.5684981684981685,0.52,0.5275504404660416,0.5610000000000002,0.603277841439606,5.2,4.4,5.6,4.8
rf,signo_zodiacal_libra,392,0.5,0.45000000000000007,0.4547474747474748,0.45999999999999996,0.45669172932330826,0.46299999999999997,0.5341069110627934,4.6,5.6,4.4,5.4
rf,signo_zodiacal_libra,393,0.5,0.63,0.7083116883116883,0.54,0.5823357035121741,0.651,0.7291181585871989,5.4,2.8,7.2,4.6
rf,signo_zodiacal_libra,394,0.5,0.54,0.5552020202020203,0.5,0.5239933166248955,0.508,0.5708384142517269,5.0,4.2,5.8,5.0
rf,signo_zodiacal_libra,395,0.5,0.54,0.5857575757575757,0.48,0.5008888888888888,0.549,0.5726619938369165,4.8,4.0,6.0,5.2
rf,signo_zodiacal_libra,396,0.5,0.4,0.40955266955266956,0.44000000000000006,0.421453634085213,0.41600000000000004,0.5053036457007045,4.4,6.4,3.6,5.6
rf,signo_zodiacal_libra,397,0.5,0.52,0.5370129870129869,0.54,0.5293990323402088,0.525,0.5708106550312432,5.4,5.0,5.0,4.6
rf,signo_zodiacal_libra,398,0.5,0.45,0.4540598290598291,0.5,0.47153456764440743,0.461,0.5618798726213586,5.0,6.0,4.0,5.0
rf,signo_zodiacal_libra,399,0.5,0.48999999999999994,0.45034965034965035,0.45999999999999996,0.44801932367149755,0.538,0.6122016321311987,4.6,4.8,5.2,5.4
rf,signo_zodiacal_libra,400,0.5,0.5800000000000001,0.5883838383838385,0.5,0.5366357069143446,0.558,0.611275511468236,5.0,3.4,6.6,5.0
rf,signo_zodiacal_libra,401,0.5,0.5599999999999999,0.5612554112554112,0.58,0.5659791189202954,0.575,0.6214531554616693,5.8,4.6,5.4,4.2
rf,signo_zodiacal_libra,402,0.5,0.45999999999999996,0.4299145299145299,0.38,0.3765790273799427,0.466,0.5648794544808476,3.8,4.6,5.4,6.2
rf,signo_zodiacal_libra,403,0.5,0.6,0.6194444444444445,0.5399999999999999,0.5699627857522594,0.575,0.6673043247602071,5.4,3.4,6.6,4.6
rf,signo_zodiacal_libra,404,0.5,0.47000000000000003,0.4913553113553113,0.41999999999999993,0.4430939561179163,0.479,0.5497360674241479,4.2,4.8,5.2,5.8
rf,signo_zodiacal_libra,405,0.5,0.4600000000000001,0.4634343434343434,0.44000000000000006,0.4508270676691729,0.425,0.5174673382173383,4.4,5.2,4.8,5.6
rf,signo_zodiacal_libra,406,0.5,0.56,0.5777777777777777,0.56,0.5572631578947369,0.626,0.6865925371498126,5.6,4.4,5.6,4.4
rf,signo_zodiacal_libra,407,0.5,0.54,0.5365079365079366,0.58,0.5529505582137161,0.539,0.6070402440696558,5.8,5.0,5.0,4.2
rf,signo_zodiacal_libra,408,0.5,0.55,0.5644444444444444,0.52,0.5347869674185464,0.543,0.5777344203783832,5.2,4.2,5.8,4.8
rf,signo_zodiacal_libra,409,0.5,0.62,0.6272222222222222,0.58,0.6016374269005847,0.575,0.6129853555457271,5.8,3.4,6.6,4.2
rf,signo_zodiacal_libra,410,0.5,0.54,0.538888888888889,0.5999999999999999,0.5635566188197767,0.596,0.6626894041630884,6.0,5.2,4.8,4.0
rf,signo_zodiacal_libra,411,0.5,0.41,0.40951871657754013,0.5,0.4447619047619048,0.40700000000000003,0.537078710934748,5.0,6.8,3.2,5.0
rf,signo_zodiacal_libra,412,0.5,0.48,0.4902564102564103,0.54,0.5099389778794813,0.437,0.5195796246237422,5.4,5.8,4.2,4.6
rf,signo_zodiacal_libra,413,0.5,0.42000000000000004,0.4401154401154401,0.4,0.41440499644834006,0.371,0.49880170869721957,4.0,5.6,4.4,6.0
rf,signo_zodiacal_libra,414,0.5,0.34,0.31320346320346315,0.27999999999999997,0.29042101689160515,0.36300000000000004,0.46666916520012497,2.8,6.0,4.0,7.2
rf,signo_zodiacal_libra,415,0.5,0.47000000000000003,0.4707070707070707,0.5199999999999999,0.4913533834586466,0.487,0.5539000886454446,5.2,5.8,4.2,4.8
rf,signo_zodiacal_libra,416,0.5,0.43,0.4246031746031746,0.43999999999999995,0.42553241392250685,0.458,0.4944093104178243,4.4,5.8,4.2,5.6
rf,signo_zodiacal_libra,417,0.5,0.53,0.5338888888888889,0.6,0.5550652271704903,0.544,0.5728234445293269,6.0,5.4,4.6,4.0
rf,signo_zodiacal_libra,418,0.5,0.47000000000000003,0.49344877344877347,0.44000000000000006,0.4527234753550543,0.509,0.6007027655866664,4.4,5.0,5.0,5.6
rf,signo_zodiacal_libra,419,0.5,0.49000000000000005,0.4909090909090909,0.44000000000000006,0.44682539682539685,0.531,0.572955495656734,4.4,4.6,5.4,5.6
rf,signo_zodiacal_libra,420,0.5,0.5000000000000001,0.5296037296037296,0.52,0.5145145472376594,0.5109999999999999,0.5728361719979367,5.2,5.2,4.8,4.8
rf,signo_zodiacal_libra,421,0.5,0.38,0.3582828282828283,0.36000000000000004,0.3563100934153566,0.347,0.5099825962651041,3.6,6.0,4.0,6.4
rf,signo_zodiacal_libra,422,0.5,0.51,0.5340909090909091,0.44000000000000006,0.4666666666666666,0.46699999999999997,0.5274922214008901,4.4,4.2,5.8,5.6
rf,signo_zodiacal_libra,423,0.5,0.54,0.5430769230769231,0.5,0.5032213438735178,0.54,0.5903561889606781,5.0,4.2,5.8,5.0
rf,signo_zodiacal_libra,424,0.5,0.5700000000000001,0.6233333333333333,0.37999999999999995,0.46091896407685884,0.6060000000000001,0.6628242847623652,3.8,2.4,7.6,6.2
rf,signo_zodiacal_libra,425,0.5,0.5399999999999999,0.5321678321678321,0.5599999999999999,0.5402848359370098,0.5389999999999999,0.6134183131110376,5.6,4.8,5.2,4.4
rf,signo_zodiacal_libra,426,0.5,0.5599999999999999,0.5942857142857143,0.5599999999999999,0.5602085561497326,0.601,0.6083771691844448,5.6,4.4,5.6,4.4
rf,signo_zodiacal_libra,427,0.5,0.5,0.4966666666666667,0.54,0.5167965367965368,0.5429999999999999,0.5789928394618797,5.4,5.4,4.6,4.6
rf,signo_zodiacal_libra,428,0.5,0.55,0.5392496392496392,0.56,0.5446825620200234,0.522,0.5788092381474733,5.6,4.6,5.4,4.4
rf,signo_zodiacal_libra,429,0.5,0.5,0.4975024975024975,0.56,0.5223929388689114,0.513,0.5701384459194057,5.6,5.6,4.4,4.4
rf,signo_zodiacal_libra,430,0.5,0.51,0.5547619047619048,0.48,0.4812354312354312,0.504,0.5678341654045987,4.8,4.6,5.4,5.2
rf,signo_zodiacal_libra,431,0.5,0.57,0.5833333333333334,0.5399999999999999,0.5488888888888889,0.627,0.6607869260942015,5.4,4.0,6.0,4.6
rf,signo_zodiacal_libra,432,0.5,0.54,0.5464646464646464,0.52,0.5314954051796157,0.5280000000000001,0.5765677176280891,5.2,4.4,5.6,4.8
rf,signo_zodiacal_libra,433,0.5,0.5,0.5051948051948052,0.45999999999999996,0.4782446311858076,0.5199999999999999,0.569758769008769,4.6,4.6,5.4,5.4
rf,signo_zodiacal_libra,434,0.5,0.45,0.44722222222222224,0.43999999999999995,0.439766081871345,0.491,0.533838643382761,4.4,5.4,4.6,5.6
rf,signo_zodiacal_libra,435,0.5,0.48999999999999994,0.4890909090909091,0.48,0.48115440115440106,0.4709999999999999,0.5485625751097887,4.8,5.0,5.0,5.2
rf,signo_zodiacal_libra,436,0.5,0.5700000000000001,0.5777777777777778,0.5599999999999999,0.5674185463659148,0.5880000000000001,0.6374274777510072,5.6,4.2,5.8,4.4
rf,signo_zodiacal_libra,437,0.5,0.53,0.53,0.52,0.5230622009569379,0.533,0.6135698560125805,5.2,4.6,5.4,4.8
rf,signo_zodiacal_libra,438,0.5,0.54,0.5423193473193473,0.52,0.5210351966873705,0.5439999999999999,0.607899747741079,5.2,4.4,5.6,4.8
rf,signo_zodiacal_libra,439,0.5,0.5700000000000001,0.5726923076923077,0.5599999999999999,0.56232392575642,0.611,0.645511830274988,5.6,4.2,5.8,4.4
rf,signo_zodiacal_libra,440,0.5,0.51,0.5030769230769231,0.5,0.49413043478260865,0.5690000000000002,0.6401152556593732,5.0,4.8,5.2,5.0
rf,signo_zodiacal_libra,441,0.5,0.44000000000000006,0.4166666666666667,0.38,0.3936868686868687,0.42300000000000004,0.49103111611470746,3.8,5.0,5.0,6.2
rf,signo_zodiacal_libra,442,0.5,0.48,0.4661904761904762,0.42000000000000004,0.435222816399287,0.49399999999999994,0.5557554661540729,4.2,4.6,5.4,5.8
rf,signo_zodiacal_libra,443,0.5,0.5599999999999999,0.5657142857142856,0.48,0.5105882352941176,0.591,0.5869796026986429,4.8,3.6,6.4,5.2
rf,signo_zodiacal_libra,444,0.5,0.41999999999999993,0.4036796536796537,0.44000000000000006,0.4135907951697425,0.422,0.4797511051040463,4.4,6.0,4.0,5.6
rf,signo_zodiacal_libra,445,0.5,0.38,0.3553968253968254,0.32,0.3239522335249889,0.3470000000000001,0.44581274401553034,3.2,5.6,4.4,6.8
rf,signo_zodiacal_libra,446,0.5,0.41,0.4054273504273504,0.36,0.37377574370709377,0.40800000000000003,0.49479715666170765,3.6,5.4,4.6,6.4
rf,signo_zodiacal_libra,447,0.5,0.52,0.5127272727272726,0.58,0.5367787114845938,0.534,0.584787211326685,5.8,5.4,4.6,4.2
rf,signo_zodiacal_libra,448,0.5,0.51,0.5075757575757576,0.52,0.5119845067213488,0.569,0.5725683336271572,5.2,5.0,5.0,4.8
rf,signo_zodiacal_libra,449,0.5,0.43,0.4345299145299145,0.43999999999999995,0.4348741418764302,0.40800000000000003,0.5025397688826481,4.4,5.8,4.2,5.6
rf,signo_zodiacal_libra,450,0.5,0.5,0.5107503607503607,0.48,0.4907911489954834,0.48100000000000004,0.536498250717291,4.8,4.8,5.2,5.2
rf,signo_zodiacal_libra,451,0.5,0.45,0.4404761904761905,0.5199999999999999,0.47314578005115093,0.497,0.5525568875568876,5.2,6.2,3.8,4.8
rf,signo_zodiacal_libra,452,0.5,0.5599999999999999,0.5453302253302252,0.58,0.559228506047728,0.5850000000000001,0.6542842794460441,5.8,4.6,5.4,4.2
rf,signo_zodiacal_libra,453,0.5,0.48,0.48730158730158735,0.44000000000000006,0.45975232198142424,0.506,0.559292696038052,4.4,4.8,5.2,5.6
rf,signo_zodiacal_libra,454,0.5,0.41000000000000003,0.3801948051948052,0.36,0.36511331805449454,0.46799999999999997,0.5182075879916437,3.6,5.4,4.6,6.4
rf,signo_zodiacal_libra,455,0.5,0.6,0.5895021645021645,0.56,0.5684237331296155,0.62,0.6610015535719869,5.6,3.6,6.4,4.4
rf,signo_zodiacal_libra,456,0.5,0.4,0.41946275946275946,0.45999999999999996,0.43555301296720056,0.41200000000000003,0.5417634695885469,4.6,6.6,3.4,5.4
rf,signo_zodiacal_libra,457,0.5,0.6,0.6101298701298702,0.6,0.6000713012477719,0.5529999999999999,0.5839600116086185,6.0,4.0,6.0,4.0
rf,signo_zodiacal_libra,458,0.5,0.53,0.516025641025641,0.4999999999999999,0.5022946859903381,0.5429999999999999,0.5974312429916144,5.0,4.4,5.6,5.0
rf,signo_zodiacal_libra,459,0.5,0.5800000000000001,0.5833766233766233,0.5399999999999999,0.552494270435447,0.552,0.5944403939713537,5.4,3.8,6.2,4.6
rf,signo_zodiacal_libra,460,0.5,0.4800000000000001,0.48119658119658115,0.4600000000000001,0.46692092550216113,0.532,0.5686395997363489,4.6,5.0,5.0,5.4
rf,signo_zodiacal_libra,461,0.5,0.5599999999999999,0.567016317016317,0.6,0.572463768115942,0.562,0.6005055516379045,6.0,4.8,5.2,4.0
rf,signo_zodiacal_libra,462,0.5,0.59,0.6143589743589744,0.6000000000000001,0.5958300395256917,0.5650000000000001,0.5920887968240909,6.0,4.2,5.8,4.0
rf,signo_zodiacal_libra,463,0.5,0.5399999999999999,0.5308358308358309,0.66,0.5874647092038396,0.5509999999999999,0.5698156453110013,6.6,5.8,4.2,3.4
rf,signo_zodiacal_libra,464,0.5,0.4800000000000001,0.475,0.45999999999999996,0.45745950554134696,0.46799999999999997,0.550386607286762,4.6,5.0,5.0,5.4
rf,signo_zodiacal_libra,465,0.5,0.45,0.46022727272727276,0.5199999999999999,0.477064602064602,0.42400000000000004,0.536982630114983,5.2,6.2,3.8,4.8
rf,signo_zodiacal_libra,466,0.5,0.41,0.3432900432900433,0.32,0.32898422526905496,0.376,0.4723991112946221,3.2,5.0,5.0,6.8
rf,signo_zodiacal_libra,467,0.5,0.54,0.45076923076923076,0.5,0.46975845410628014,0.545,0.6072605809223457,5.0,4.2,5.8,5.0
rf,signo_zodiacal_libra,468,0.5,0.53,0.5343939393939394,0.5199999999999999,0.5234632034632034,0.532,0.5986019089269863,5.2,4.6,5.4,4.8
rf,signo_zodiacal_libra,469,0.5,0.45999999999999996,0.42838383838383837,0.42000000000000004,0.41933014354066983,0.483,0.5462072670191864,4.2,5.0,5.0,5.8
rf,signo_zodiacal_libra,470,0.5,0.44000000000000006,0.41678321678321684,0.42000000000000004,0.4123406341941811,0.43900000000000006,0.5258517973254816,4.2,5.4,4.6,5.8
rf,signo_zodiacal_libra,471,0.5,0.43,0.4255050505050505,0.38,0.4001670843776107,0.403,0.48568638018328425,3.8,5.2,4.8,6.2
rf,signo_zodiacal_libra,472,0.5,0.44000000000000006,0.4368181818181818,0.45999999999999996,0.4462337662337662,0.40499999999999997,0.5248293039090253,4.6,5.8,4.2,5.4
rf,signo_zodiacal_libra,473,0.5,0.5,0.4930519480519481,0.4600000000000001,0.47340802987861813,0.44800000000000006,0.48396735617323855,4.6,4.6,5.4,5.4
rf,signo_zodiacal_libra,474,0.5,0.47000000000000003,0.4540909090909091,0.43999999999999995,0.44186147186147184,0.471,0.5494733774996933,4.4,5.0,5.0,5.6
rf,signo_zodiacal_libra,475,0.5,0.62,0.6191666666666666,0.64,0.6199820062977958,0.709,0.6845698817006867,6.4,4.0,6.0,3.6
rf,signo_zodiacal_libra,476,0.5,0.37,0.38534798534798537,0.36,0.3616446807555974,0.304,0.4305138046508016,3.6,6.2,3.8,6.4
rf,signo_zodiacal_libra,477,0.5,0.42000000000000004,0.39835497835497835,0.41999999999999993,0.39462592309651134,0.398,0.5029409479409479,4.2,5.8,4.2,5.8
rf,signo_zodiacal_libra,478,0.5,0.61,0.6216450216450216,0.54,0.5713438006781659,0.5740000000000001,0.6336535757843806,5.4,3.2,6.8,4.6
rf,signo_zodiacal_libra,479,0.5,0.54,0.5482983682983682,0.54,0.5350724637681159,0.5369999999999999,0.5876970333587981,5.4,4.6,5.4,4.6
rf,signo_zodiacal_libra,480,0.5,0.48,0.46571428571428575,0.43999999999999995,0.44147712418300655,0.45499999999999996,0.49576087861227186,4.4,4.8,5.2,5.6
rf,signo_zodiacal_libra,481,0.5,0.56,0.5777777777777777,0.48,0.52046783625731,0.5900000000000001,0.629530107749148,4.8,3.6,6.4,5.2
rf,signo_zodiacal_libra,482,0.5,0.44000000000000006,0.42829004329004333,0.42000000000000004,0.4197657244716068,0.5,0.581846826977632,4.2,5.4,4.6,5.8
rf,signo_zodiacal_libra,483,0.5,0.44000000000000006,0.392948717948718,0.45999999999999996,0.4208168642951252,0.43200000000000005,0.5374709730414067,4.6,5.8,4.2,5.4
rf,signo_zodiacal_libra,484,0.5,0.34,0.3096320346320346,0.28,0.2927023440955329,0.38,0.47428243875147896,2.8,6.0,4.0,7.2
rf,signo_zodiacal_libra,485,0.5,0.34,0.32146853146853144,0.3,0.301559696342305,0.324,0.43297516638847905,3.0,6.2,3.8,7.0
rf,signo_zodiacal_libra,486,0.5,0.5,0.5723076923076923,0.42000000000000004,0.45165551839464885,0.46799999999999997,0.5493244961952393,4.2,4.2,5.8,5.8
rf,signo_zodiacal_libra,487,0.5,0.53,0.5256410256410257,0.68,0.5922266139657444,0.5189999999999999,0.5629971966458034,6.8,6.2,3.8,3.2
rf,signo_zodiacal_libra,488,0.5,0.38999999999999996,0.39212121212121215,0.38,0.38442773600668334,0.396,0.5128044002780845,3.8,6.0,4.0,6.2
rf,signo_zodiacal_libra,489,0.5,0.55,0.5535714285714285,0.5800000000000001,0.5567439096850861,0.563,0.5927898310839487,5.8,4.8,5.2,4.2
rf,signo_zodiacal_libra,490,0.5,0.59,0.6288888888888888,0.4600000000000001,0.5242105263157895,0.656,0.734199521668562,4.6,2.8,7.2,5.4
rf,signo_zodiacal_libra,491,0.5,0.53,0.5251948051948052,0.56,0.5374603174603175,0.5120000000000001,0.560456422662305,5.6,5.0,5.0,4.4
rf,signo_zodiacal_libra,492,0.5,0.41000000000000003,0.4056410256410257,0.41999999999999993,0.4106636155606408,0.392,0.48715328342108527,4.2,6.0,4.0,5.8
rf,signo_zodiacal_libra,493,0.5,0.61,0.659891774891775,0.48,0.5452287581699347,0.6639999999999999,0.6886624563946544,4.8,2.6,7.4,5.2
rf,signo_zodiacal_libra,494,0.5,0.49000000000000005,0.4828282828282828,0.45999999999999996,0.4701754385964912,0.479,0.5406334776334776,4.6,4.8,5.2,5.4
rf,signo_zodiacal_libra,495,0.5,0.51,0.5145299145299146,0.56,0.5330559600582483,0.492,0.553582121524846,5.6,5.4,4.6,4.4
rf,signo_zodiacal_libra,496,0.5,0.53,0.5234090909090909,0.58,0.5431733179101601,0.555,0.5990786250213496,5.8,5.2,4.8,4.2
rf,signo_zodiacal_libra,497,0.5,0.6000000000000001,0.5974747474747475,0.6199999999999999,0.6064707222601958,0.615,0.6194904160167317,6.2,4.2,5.8,3.8
rf,signo_zodiacal_libra,498,0.5,0.5,0.524864024864025,0.48,0.49135065925683774,0.501,0.5853277828982163,4.8,4.8,5.2,5.2
rf,signo_zodiacal_libra,499,0.5,0.5,0.510909090909091,0.42000000000000004,0.45360066833751045,0.497,0.5639864210436966,4.2,4.2,5.8,5.8
rf,signo_zodiacal_libra,500,0.5,0.5200000000000001,0.5655555555555555,0.47999999999999987,0.49101572112098424,0.5279999999999999,0.6412845128727481,4.8,4.4,5.6,5.2
rf,signo_zodiacal_piscis,1,0.5,0.4999999999999999,0.5011544011544011,0.6,0.5350041771094401,0.502,0.5482163865546219,6.0,6.0,4.0,4.0
rf,signo_zodiacal_piscis,2,0.5,0.45,0.4488888888888889,0.43999999999999995,0.44421052631578944,0.45100000000000007,0.5134852490131128,4.4,5.4,4.6,5.6
rf,signo_zodiacal_piscis,3,0.5,0.58,0.5758241758241758,0.62,0.5888128831728239,0.616,0.6559391056140281,6.2,4.6,5.4,3.8
rf,signo_zodiacal_piscis,4,0.5,0.47000000000000003,0.47424242424242424,0.41999999999999993,0.42738095238095236,0.477,0.5195258064948468,4.2,4.8,5.2,5.8
rf,signo_zodiacal_piscis,5,0.5,0.51,0.5233333333333333,0.54,0.5168888888888888,0.433,0.5497199700024777,5.4,5.2,4.8,4.6
rf,signo_zodiacal_piscis,6,0.5,0.48,0.48484848484848486,0.45999999999999996,0.46392496392496385,0.466,0.5260927162792488,4.6,5.0,5.0,5.4
rf,signo_zodiacal_piscis,7,0.5,0.55,0.5394405594405595,0.6199999999999999,0.5758403914925654,0.511,0.5402447542137945,6.2,5.2,4.8,3.8
rf,signo_zodiacal_piscis,8,0.5,0.45,0.45575757575757575,0.44000000000000006,0.44201298701298697,0.442,0.5446757511494353,4.4,5.4,4.6,5.6
rf,signo_zodiacal_piscis,9,0.5,0.52,0.5202020202020202,0.48,0.4945488721804511,0.551,0.6074441053442601,4.8,4.4,5.6,5.2
rf,signo_zodiacal_piscis,10,0.5,0.54,0.5477272727272727,0.5599999999999999,0.5499810131389079,0.581,0.6437172327156847,5.6,4.8,5.2,4.4
rf,signo_zodiacal_piscis,11,0.5,0.37,0.34801587301587306,0.32,0.3264189886480908,0.31899999999999995,0.4351621938433084,3.2,5.8,4.2,6.8
rf,signo_zodiacal_piscis,12,0.5,0.51,0.5083333333333333,0.5599999999999999,0.5246186561976035,0.49399999999999994,0.6032458836313326,5.6,5.4,4.6,4.4
rf,signo_zodiacal_piscis,13,0.5,0.5700000000000001,0.5938949938949939,0.52,0.5476914793377305,0.5740000000000001,0.6118633202882429,5.2,3.8,6.2,4.8
rf,signo_zodiacal_piscis,14,0.5,0.45999999999999996,0.46571428571428575,0.52,0.48156408070474566,0.514,0.588445922928121,5.2,6.0,4.0,4.8
rf,signo_zodiacal_piscis,15,0.5,0.38,0.36615384615384616,0.42000000000000004,0.384927536231884,0.39699999999999996,0.530873528432352,4.2,6.6,3.4,5.8
rf,signo_zodiacal_piscis,16,0.5,0.4699999999999999,0.4723809523809524,0.44000000000000006,0.45220439691027925,0.45899999999999996,0.5420496935984551,4.4,5.0,5.0,5.6
rf,signo_zodiacal_piscis,17,0.5,0.51,0.594047619047619,0.42000000000000004,0.44836601307189544,0.6080000000000001,0.6510968269776318,4.2,4.0,6.0,5.8
rf,signo_zodiacal_piscis,18,0.5,0.47000000000000003,0.46077922077922073,0.4600000000000001,0.4584873949579832,0.501,0.5581904951773373,4.6,5.2,4.8,5.4
rf,signo_zodiacal_piscis,19,0.5,0.62,0.6101190476190477,0.7,0.6394716394716395,0.659,0.6442516633693105,7.0,4.6,5.4,3.0
rf,signo_zodiacal_piscis,20,0.5,0.5800000000000001,0.5717171717171716,0.52,0.5340510366826157,0.681,0.6891191488250312,5.2,3.6,6.4,4.8
rf,signo_zodiacal_piscis,21,0.5,0.45,0.4627705627705628,0.45999999999999996,0.4573211102622867,0.386,0.48534635033009643,4.6,5.6,4.4,5.4
rf,signo_zodiacal_piscis,22,0.5,0.5,0.5002020202020202,0.52,0.5086397812713602,0.5530000000000002,0.5788285048285048,5.2,5.2,4.8,4.8
rf,signo_zodiacal_piscis,23,0.5,0.5599999999999999,0.5581818181818181,0.5,0.5146031746031745,0.6439999999999999,0.6651096942273413,5.0,3.8,6.2,5.0
rf,signo_zodiacal_piscis,24,0.5,0.54,0.5321678321678321,0.58,0.5450828157349896,0.48600000000000004,0.5376928065914134,5.8,5.0,5.0,4.2
rf,signo_zodiacal_piscis,25,0.5,0.49000000000000005,0.504040404040404,0.48,0.4837776258828891,0.492,0.555317790654478,4.8,5.0,5.0,5.2
rf,signo_zodiacal_piscis,26,0.5,0.48,0.4648051948051949,0.42000000000000004,0.4382072829131653,0.48200000000000004,0.5395913536927469,4.2,4.6,5.4,5.8
rf,signo_zodiacal_piscis,27,0.5,0.58,0.5887179487179488,0.5800000000000001,0.5697940503432495,0.597,0.6059882335586669,5.8,4.2,5.8,4.2
rf,signo_zodiacal_piscis,28,0.5,0.55,0.5463636363636364,0.62,0.5757806637806638,0.516,0.5695012497822095,6.2,5.2,4.8,3.8
rf,signo_zodiacal_piscis,29,0.5,0.47000000000000003,0.4727272727272728,0.5399999999999999,0.5019480519480519,0.487,0.560114131568466,5.4,6.0,4.0,4.6
rf,signo_zodiacal_piscis,30,0.5,0.38,0.3796464646464646,0.38,0.3778901799954431,0.3549999999999999,0.5021688891603752,3.8,6.2,3.8,6.2
rf,signo_zodiacal_piscis,31,0.5,0.43,0.4467643467643468,0.45999999999999996,0.44710287693192524,0.34800000000000003,0.47711310198229706,4.6,6.0,4.0,5.4
rf,signo_zodiacal_piscis,32,0.5,0.5599999999999999,0.5578210678210678,0.6,0.568939246512002,0.5760000000000001,0.6172487230691565,6.0,4.8,5.2,4.0
rf,signo_zodiacal_piscis,33,0.5,0.41999999999999993,0.41655011655011653,0.4,0.39731319405232446,0.372,0.5091799975050748,4.0,5.6,4.4,6.0
rf,signo_zodiacal_piscis,34,0.5,0.5399999999999999,0.5340909090909091,0.58,0.5512075643654593,0.53,0.5489254711576693,5.8,5.0,5.0,4.2
rf,signo_zodiacal_piscis,35,0.5,0.45,0.445954045954046,0.48,0.45948118377785896,0.49800000000000005,0.5834952908288822,4.8,5.8,4.2,5.2
rf,signo_zodiacal_piscis,36,0.5,0.49000000000000005,0.48773448773448774,0.5,0.4892713066087679,0.517,0.5188710152077025,5.0,5.2,4.8,5.0
rf,signo_zodiacal_piscis,37,0.5,0.5199999999999999,0.5122222222222221,0.6,0.5485741626794259,0.533,0.5829180155929381,6.0,5.6,4.4,4.0
rf,signo_zodiacal_piscis,38,0.5,0.41,0.3523076923076923,0.4,0.3699033816425121,0.41200000000000003,0.5036835576703999,4.0,5.8,4.2,6.0
rf,signo_zodiacal_piscis,39,0.5,0.5200000000000001,0.5152680652680652,0.54,0.5104837191793713,0.546,0.5525799833121814,5.4,5.0,5.0,4.6
rf,signo_zodiacal_piscis,40,0.5,0.53,0.5203596403596403,0.54,0.5266447448544636,0.502,0.5450197288092025,5.4,4.8,5.2,4.6
rf,signo_zodiacal_piscis,41,0.5,0.49000000000000005,0.4701923076923077,0.6,0.5228269315225836,0.43600000000000005,0.5180543818926171,6.0,6.2,3.8,4.0
rf,signo_zodiacal_piscis,42,0.5,0.5900000000000001,0.6209523809523809,0.52,0.5507843137254902,0.626,0.7000296049839394,5.2,3.4,6.6,4.8
rf,signo_zodiacal_piscis,43,0.5,0.61,0.6066666666666667,0.54,0.5689473684210526,0.6379999999999999,0.6680703555130799,5.4,3.2,6.8,4.6
rf,signo_zodiacal_piscis,44,0.5,0.49000000000000005,0.47486013986013986,0.54,0.5018219461697722,0.5189999999999999,0.5749260912805804,5.4,5.6,4.4,4.6
rf,signo_zodiacal_piscis,45,0.5,0.5599999999999999,0.5337121212121212,0.6,0.5551282051282052,0.574,0.6045932390622794,6.0,4.8,5.2,4.0
rf,signo_zodiacal_piscis,46,0.5,0.53,0.5565079365079365,0.4,0.458328173374613,0.5,0.6028013467440712,4.0,3.4,6.6,6.0
rf,signo_zodiacal_piscis,47,0.5,0.42000000000000004,0.3753246753246753,0.36,0.362296918767507,0.356,0.4543042272484997,3.6,5.2,4.8,6.4
rf,signo_zodiacal_piscis,48,0.5,0.5199999999999999,0.5488888888888889,0.5,0.5055236576289208,0.483,0.6164780697458716,5.0,4.6,5.4,5.0
rf,signo_zodiacal_piscis,49,0.5,0.5,0.5242424242424242,0.45999999999999996,0.4782446311858076,0.579,0.6418857294236551,4.6,4.6,5.4,5.4
rf,signo_zodiacal_piscis,50,0.5,0.45,0.43193473193473186,0.42000000000000004,0.41902400929860883,0.43200000000000005,0.511484949690832,4.2,5.2,4.8,5.8
rf,signo_zodiacal_piscis,51,0.5,0.53,0.5342857142857143,0.52,0.5236414565826331,0.47000000000000003,0.544482186544106,5.2,4.6,5.4,4.8
rf,signo_zodiacal_piscis,52,0.5,0.5800000000000001,0.5895804195804196,0.56,0.5660144927536231,0.583,0.5938977895169846,5.6,4.0,6.0,4.4
rf,signo_zodiacal_piscis,53,0.5,0.45999999999999996,0.45964646464646464,0.38,0.40832080200501253,0.48999999999999994,0.5611823525631575,3.8,4.6,5.4,6.2
rf,signo_zodiacal_piscis,54,0.5,0.49000000000000005,0.4916666666666666,0.4,0.41669324827219567,0.475,0.5544231677335393,4.0,4.2,5.8,6.0
rf,signo_zodiacal_piscis,55,0.5,0.48999999999999994,0.49854645354645355,0.48,0.4838939633824545,0.469,0.5091957297088875,4.8,5.0,5.0,5.2
rf,signo_zodiacal_piscis,56,0.5,0.47000000000000003,0.4760606060606061,0.52,0.49662337662337663,0.45500000000000007,0.5477716758645551,5.2,5.8,4.2,4.8
rf,signo_zodiacal_piscis,57,0.5,0.44000000000000006,0.40955266955266956,0.36000000000000004,0.3787085360459973,0.40199999999999997,0.5358616220380926,3.6,4.8,5.2,6.4
rf,signo_zodiacal_piscis,58,0.5,0.6199999999999999,0.6073015873015872,0.68,0.6349122807017544,0.644,0.692696478358243,6.8,4.4,5.6,3.2
rf,signo_zodiacal_piscis,59,0.5,0.5,0.4923809523809524,0.45999999999999996,0.4737461300309597,0.4779999999999999,0.5404246407187584,4.6,4.6,5.4,5.4
rf,signo_zodiacal_piscis,60,0.5,0.64,0.650050505050505,0.6599999999999999,0.6495321637426901,0.638,0.6693705053116817,6.6,3.8,6.2,3.4
rf,signo_zodiacal_piscis,61,0.5,0.5499999999999999,0.5485425685425686,0.5,0.5201788785689715,0.591,0.6144170351492333,5.0,4.0,6.0,5.0
rf,signo_zodiacal_piscis,62,0.5,0.54,0.5532085561497326,0.6000000000000001,0.5600769600769601,0.575,0.6367860003773316,6.0,5.2,4.8,4.0
rf,signo_zodiacal_piscis,63,0.5,0.41999999999999993,0.4186013986013986,0.45999999999999996,0.4369772256728778,0.4290000000000001,0.5291639579890354,4.6,6.2,3.8,5.4
rf,signo_zodiacal_piscis,64,0.5,0.45999999999999996,0.4234065934065933,0.43999999999999995,0.4246000930016275,0.5559999999999999,0.6091571941130765,4.4,5.2,4.8,5.6
rf,signo_zodiacal_piscis,65,0.5,0.49000000000000005,0.4992857142857144,0.42000000000000004,0.454702442380461,0.46699999999999997,0.5171576648325874,4.2,4.4,5.6,5.8
rf,signo_zodiacal_piscis,66,0.5,0.55,0.5543650793650794,0.52,0.5298073615411077,0.544,0.5769687416127043,5.2,4.2,5.8,4.8
rf,signo_zodiacal_piscis,67,0.5,0.5,0.5068181818181818,0.5,0.4995670995670996,0.493,0.5617999863913177,5.0,5.0,5.0,5.0
rf,signo_zodiacal_piscis,68,0.5,0.54,0.5412010212010212,0.54,0.5347017159266453,0.548,0.560068364641894,5.4,4.6,5.4,4.6
rf,signo_zodiacal_piscis,69,0.5,0.53,0.5272727272727272,0.6,0.561038961038961,0.525,0.5771840916221722,6.0,5.4,4.6,4.0
rf,signo_zodiacal_piscis,70,0.5,0.55,0.561038961038961,0.48,0.5109243697478992,0.566,0.6081873095944303,4.8,3.8,6.2,5.2
rf,signo_zodiacal_piscis,71,0.5,0.4,0.41803418803418796,0.4,0.3999708758061161,0.442,0.5338717013980171,4.0,6.0,4.0,6.0
rf,signo_zodiacal_piscis,72,0.5,0.52,0.525,0.56,0.5388167388167389,0.51,0.5898876770804014,5.6,5.2,4.8,4.4
rf,signo_zodiacal_piscis,73,0.5,0.52,0.5166666666666667,0.5599999999999999,0.5367965367965367,0.517,0.5992635040398199,5.6,5.2,4.8,4.4
rf,signo_zodiacal_piscis,74,0.5,0.42000000000000004,0.4127777777777778,0.38,0.3950877192982456,0.38599999999999995,0.547954050249716,3.8,5.4,4.6,6.2
rf,signo_zodiacal_piscis,75,0.5,0.4600000000000001,0.4548809523809524,0.45999999999999996,0.4300900667959492,0.46799999999999997,0.56986322870456,4.6,5.4,4.6,5.4
rf,signo_zodiacal_piscis,76,0.5,0.54,0.5464224664224664,0.5599999999999999,0.5403356216628528,0.601,0.6441502443205229,5.6,4.8,5.2,4.4
rf,signo_zodiacal_piscis,77,0.5,0.6,0.6009523809523809,0.6,0.5949788910779622,0.5930000000000001,0.6202012596966157,6.0,4.0,6.0,4.0
rf,signo_zodiacal_piscis,78,0.5,0.52,0.5148484848484849,0.58,0.5449350649350648,0.522,0.591261662572034,5.8,5.4,4.6,4.2
rf,signo_zodiacal_piscis,79,0.5,0.49000000000000005,0.4872727272727273,0.45999999999999996,0.47111111111111115,0.5,0.5492572406953211,4.6,4.8,5.2,5.4
rf,signo_zodiacal_piscis,80,0.5,0.55,0.5746464646464646,0.5399999999999999,0.5415265436318067,0.553,0.6081875809948565,5.4,4.4,5.6,4.6
rf,signo_zodiacal_piscis,81,0.5,0.4600000000000001,0.4523809523809524,0.38,0.3939271255060729,0.42699999999999994,0.539574174793215,3.8,4.6,5.4,6.2
rf,signo_zodiacal_piscis,82,0.5,0.4,0.373015873015873,0.32,0.3439972480220158,0.328,0.4725686038247958,3.2,5.2,4.8,6.8
rf,signo_zodiacal_piscis,83,0.5,0.54,0.5431818181818182,0.48,0.5035714285714284,0.577,0.5991627520226591,4.8,4.0,6.0,5.2
rf,signo_zodiacal_piscis,84,0.5,0.4800000000000001,0.47480519480519484,0.5,0.47670995670995675,0.44000000000000006,0.5062906091156865,5.0,5.4,4.6,5.0
rf,signo_zodiacal_piscis,85,0.5,0.5199999999999999,0.5291375291375291,0.5,0.499411820063994,0.5359999999999999,0.5965075578016755,5.0,4.6,5.4,5.0
rf,signo_zodiacal_piscis,86,0.5,0.43000000000000005,0.42829836829836826,0.48,0.45095763123223076,0.45500000000000007,0.5507628668201423,4.8,6.2,3.8,5.2
rf,signo_zodiacal_piscis,87,0.5,0.58,0.6177960927960927,0.54,0.5708230508068979,0.5960000000000001,0.6321394428584831,5.4,3.8,6.2,4.6
rf,signo_zodiacal_piscis,88,0.5,0.5700000000000001,0.5527472527472528,0.62,0.5704106280193237,0.5720000000000001,0.5793497309364183,6.2,4.8,5.2,3.8
rf,signo_zodiacal_piscis,89,0.5,0.49000000000000005,0.49230769230769234,0.48,0.4801054018445322,0.491,0.5661792194733372,4.8,5.0,5.0,5.2
rf,signo_zodiacal_piscis,90,0.5,0.53,0.5362409812409812,0.48,0.5029102167182662,0.548,0.6266752681443084,4.8,4.2,5.8,5.2
rf,signo_zodiacal_piscis,91,0.5,0.5,0.4797979797979798,0.4,0.4254225306856886,0.5039999999999999,0.5657856020828158,4.0,4.0,6.0,6.0
rf,signo_zodiacal_piscis,92,0.5,0.43000000000000005,0.4159090909090909,0.38,0.3952380952380952,0.483,0.5412869528132687,3.8,5.2,4.8,6.2
rf,signo_zodiacal_piscis,93,0.5,0.49000000000000005,0.4815584415584415,0.54,0.5056565656565656,0.48200000000000004,0.5611652344903119,5.4,5.6,4.4,4.6
rf,signo_zodiacal_piscis,94,0.5,0.53,0.49712454212454216,0.4800000000000001,0.4751732155312718,0.5429999999999999,0.6102876480244902,4.8,4.2,5.8,5.2
rf,signo_zodiacal_piscis,95,0.5,0.47000000000000003,0.47031746031746025,0.38,0.41872033023735805,0.458,0.5302512748689219,3.8,4.4,5.6,6.2
rf,signo_zodiacal_piscis,96,0.5,0.5900000000000001,0.5821212121212123,0.6,0.5891273638642059,0.5680000000000001,0.581761349159956,6.0,4.2,5.8,4.0
rf,signo_zodiacal_piscis,97,0.5,0.48,0.4630769230769231,0.48,0.46198757763975157,0.4700000000000001,0.5540326360945556,4.8,5.2,4.8,5.2
rf,signo_zodiacal_piscis,98,0.5,0.49000000000000005,0.4833333333333333,0.5799999999999998,0.5193195108984583,0.4680000000000001,0.5254403629566169,5.8,6.0,4.0,4.2
rf,signo_zodiacal_piscis,99,0.5,0.43000000000000005,0.4126984126984127,0.38,0.39442724458204337,0.44400000000000006,0.5310968676146695,3.8,5.2,4.8,6.2
rf,signo_zodiacal_piscis,100,0.5,0.45,0.4238095238095238,0.43999999999999995,0.424331550802139,0.46399999999999997,0.5167509276069647,4.4,5.4,4.6,5.6
rf,signo_zodiacal_piscis,101,0.5,0.43,0.444009324009324,0.5199999999999999,0.47761340109166195,0.38199999999999995,0.48925664308172045,5.2,6.6,3.4,4.8
rf,signo_zodiacal_piscis,102,0.5,0.5,0.5184033613445378,0.52,0.5059694989106753,0.48999999999999994,0.6014187793630519,5.2,5.2,4.8,4.8
rf,signo_zodiacal_piscis,103,0.5,0.51,0.5117882117882118,0.5800000000000001,0.5361278108081178,0.5660000000000001,0.606795008912656,5.8,5.6,4.4,4.2
rf,signo_zodiacal_piscis,104,0.5,0.53,0.5440537240537241,0.5,0.5150943001151643,0.5900000000000001,0.6320542604969849,5.0,4.4,5.6,5.0
rf,signo_zodiacal_piscis,105,0.5,0.52,0.5302564102564102,0.5,0.5110500889905925,0.53,0.5920851746292922,5.0,4.6,5.4,5.0
rf,signo_zodiacal_piscis,106,0.5,0.55,0.5578643578643578,0.5,0.5220698805838124,0.586,0.6138399351766224,5.0,4.0,6.0,5.0
rf,signo_zodiacal_piscis,107,0.5,0.52,0.548034188034188,0.44000000000000006,0.47221967963386735,0.44699999999999995,0.5190729450288274,4.4,4.0,6.0,5.6
rf,signo_zodiacal_piscis,108,0.5,0.5,0.4892857142857142,0.56,0.5186147186147186,0.49000000000000005,0.5363367002794247,5.6,5.6,4.4,4.4
rf,signo_zodiacal_piscis,109,0.5,0.4600000000000001,0.45906593406593404,0.44000000000000006,0.4451264563796533,0.466,0.5012506751933996,4.4,5.2,4.8,5.6
rf,signo_zodiacal_piscis,110,0.5,0.49000000000000005,0.48769230769230776,0.5399999999999999,0.5112629399585921,0.44899999999999995,0.5300769687828512,5.4,5.6,4.4,4.6
rf,signo_zodiacal_piscis,111,0.5,0.45,0.4438095238095238,0.38,0.39930762735716296,0.513,0.597060134481961,3.8,4.8,5.2,6.2
rf,signo_zodiacal_piscis,112,0.5,0.54,0.5156060606060606,0.45999999999999996,0.47505050505050506,0.576,0.6116193240883644,4.6,3.8,6.2,5.4
rf,signo_zodiacal_piscis,113,0.5,0.55,0.5511544011544012,0.56,0.5500301556029109,0.587,0.6595614200041444,5.6,4.6,5.4,4.4
rf,signo_zodiacal_piscis,114,0.5,0.43,0.4188888888888889,0.33999999999999997,0.3622624743677375,0.41500000000000004,0.4979909616527263,3.4,4.8,5.2,6.6
rf,signo_zodiacal_piscis,115,0.5,0.54,0.5216666666666667,0.56,0.5375757575757576,0.5840000000000001,0.653629146567227,5.6,4.8,5.2,4.4
rf,signo_zodiacal_piscis,116,0.5,0.45999999999999996,0.4760606060606061,0.38000000000000006,0.4118054494525083,0.521,0.5770815744283236,3.8,4.6,5.4,6.2
rf,signo_zodiacal_piscis,117,0.5,0.5700000000000001,0.5727777777777778,0.5199999999999999,0.5386469962785753,0.5930000000000001,0.6220535277416082,5.2,3.8,6.2,4.8
rf,signo_zodiacal_piscis,118,0.5,0.44000000000000006,0.4425518925518926,0.48,0.454403504692911,0.421,0.49474194536114047,4.8,6.0,4.0,5.2
rf,signo_zodiacal_piscis,119,0.5,0.48,0.4797979797979798,0.41999999999999993,0.43457127667653983,0.44399999999999995,0.5293019192709594,4.2,4.6,5.4,5.8
rf,signo_zodiacal_piscis,120,0.5,0.45999999999999996,0.4531313131313131,0.43999999999999995,0.4457644110275689,0.47800000000000004,0.552694932518462,4.4,5.2,4.8,5.6
rf,signo_zodiacal_piscis,121,0.5,0.36,0.31233766233766236,0.32,0.31190476190476185,0.32799999999999996,0.42873418617845865,3.2,6.0,4.0,6.8
rf,signo_zodiacal_piscis,122,0.5,0.5599999999999999,0.5621067821067821,0.56,0.5495488721804511,0.6260000000000001,0.6811401000959825,5.6,4.4,5.6,4.4
rf,signo_zodiacal_piscis,123,0.5,0.49000000000000005,0.49230769230769234,0.5,0.49180130827728075,0.481,0.534672605773999,5.0,5.2,4.8,5.0
rf,signo_zodiacal_piscis,124,0.5,0.52,0.5,0.43999999999999995,0.4514411027568922,0.516,0.5572329619125285,4.4,4.0,6.0,5.6
rf,signo_zodiacal_piscis,125,0.5,0.43,0.4375757575757576,0.4,0.4074868990658464,0.421,0.5163226614286985,4.0,5.4,4.6,6.0
rf,signo_zodiacal_piscis,126,0.5,0.5,0.4987179487179487,0.5599999999999999,0.523276240667545,0.5269999999999999,0.5629632789810809,5.6,5.6,4.4,4.4
rf,signo_zodiacal_piscis,127,0.5,0.5700000000000001,0.5731746031746031,0.5399999999999999,0.5386312036776434,0.611,0.6657865357896318,5.4,4.0,6.0,4.6
rf,signo_zodiacal_piscis,128,0.5,0.6000000000000001,0.6185064935064934,0.54,0.5704948646125116,0.5780000000000001,0.6182179923619552,5.4,3.4,6.6,4.6
rf,signo_zodiacal_piscis,129,0.5,0.4800000000000001,0.4872105672105672,0.54,0.5098005884275907,0.492,0.565293336350612,5.4,5.8,4.2,4.6
rf,signo_zodiacal_piscis,130,0.5,0.38999999999999996,0.3785103785103785,0.36,0.3655942926369632,0.395,0.5042710006711555,3.6,5.8,4.2,6.4
rf,signo_zodiacal_piscis,131,0.5,0.4,0.38380952380952377,0.32,0.3452167182662539,0.404,0.4774517539563979,3.2,5.2,4.8,6.8
rf,signo_zodiacal_piscis,132,0.5,0.6,0.6491666666666667,0.52,0.53203007518797,0.603,0.6620072596821822,5.2,3.2,6.8,4.8
rf,signo_zodiacal_piscis,133,0.5,0.4699999999999999,0.46439393939393936,0.5,0.4796536796536796,0.511,0.5694320278964242,5.0,5.6,4.4,5.0
rf,signo_zodiacal_piscis,134,0.5,0.54,0.5383838383838384,0.58,0.5457643233959023,0.5409999999999999,0.5667546887237289,5.8,5.0,5.0,4.2
rf,signo_zodiacal_piscis,135,0.5,0.5,0.480050505050505,0.44000000000000006,0.4552631578947368,0.493,0.6022491063288278,4.4,4.4,5.6,5.6
rf,signo_zodiacal_piscis,136,0.5,0.37,0.3238095238095238,0.28,0.296301247771836,0.391,0.5250593799904946,2.8,5.4,4.6,7.2
rf,signo_zodiacal_piscis,137,0.5,0.38,0.3687301587301587,0.36,0.35733402132782943,0.38,0.4469010058568882,3.6,6.0,4.0,6.4
rf,signo_zodiacal_piscis,138,0.5,0.53,0.5549999999999999,0.42000000000000004,0.47298245614035084,0.525,0.5817417943253856,4.2,3.6,6.4,5.8
rf,signo_zodiacal_piscis,139,0.5,0.53,0.5587179487179487,0.5599999999999999,0.5410540184453227,0.5770000000000001,0.5974232848335015,5.6,5.0,5.0,4.4
rf,signo_zodiacal_piscis,140,0.5,0.55,0.5356060606060605,0.54,0.5349282296650717,0.5599999999999999,0.6152186969377371,5.4,4.4,5.6,4.6
rf,signo_zodiacal_piscis,141,0.5,0.43,0.44031746031746033,0.45999999999999996,0.44552365762892077,0.406,0.49293486089074323,4.6,6.0,4.0,5.4
rf,signo_zodiacal_piscis,142,0.5,0.48,0.492857142857143,0.43999999999999995,0.46118772867998875,0.477,0.5391715594347174,4.4,4.8,5.2,5.6
rf,signo_zodiacal_piscis,143,0.5,0.54,0.5321678321678321,0.58,0.5518288474810213,0.5700000000000001,0.6104375885552356,5.8,5.0,5.0,4.2
rf,signo_zodiacal_piscis,144,0.5,0.45,0.456965256965257,0.48,0.46239383625303665,0.495,0.5702264685778619,4.8,5.8,4.2,5.2
rf,signo_zodiacal_piscis,145,0.5,0.41,0.4102272727272728,0.42000000000000004,0.4061050061050061,0.39699999999999996,0.4707827923710276,4.2,6.0,4.0,5.8
rf,signo_zodiacal_piscis,146,0.5,0.51,0.5106060606060606,0.58,0.5428571428571429,0.48999999999999994,0.5978903062022256,5.8,5.6,4.4,4.2
rf,signo_zodiacal_piscis,147,0.5,0.47000000000000003,0.4368253968253969,0.36,0.3866089689464302,0.476,0.5512476869535694,3.6,4.2,5.8,6.4
rf,signo_zodiacal_piscis,148,0.5,0.5000000000000001,0.5113553113553113,0.4800000000000001,0.4844598709048837,0.545,0.5819995511024924,4.8,4.8,5.2,5.2
rf,signo_zodiacal_piscis,149,0.5,0.5900000000000001,0.5918449197860963,0.68,0.6244348244348243,0.652,0.6818400184267057,6.8,5.0,5.0,3.2
rf,signo_zodiacal_piscis,150,0.5,0.6,0.6087912087912087,0.54,0.5652742256322819,0.665,0.7395894526010626,5.4,3.4,6.6,4.6
rf,signo_zodiacal_piscis,151,0.5,0.45,0.44848484848484843,0.44000000000000006,0.44310776942355884,0.44000000000000006,0.5138607220093289,4.4,5.4,4.6,5.6
rf,signo_zodiacal_piscis,152,0.5,0.51,0.5070707070707071,0.48,0.4905597326649958,0.518,0.5974557119866717,4.8,4.6,5.4,5.2
rf,signo_zodiacal_piscis,153,0.5,0.4,0.42985014985014985,0.42000000000000004,0.41959322859578607,0.43599999999999994,0.5409371196399061,4.2,6.2,3.8,5.8
rf,signo_zodiacal_piscis,154,0.5,0.53,0.5245177045177045,0.5,0.5064794125125259,0.516,0.5809429824561403,5.0,4.4,5.6,5.0
rf,signo_zodiacal_piscis,155,0.5,0.5,0.5033333333333333,0.52,0.508888888888889,0.462,0.5426633093428759,5.2,5.2,4.8,4.8
rf,signo_zodiacal_piscis,156,0.5,0.49000000000000005,0.48944444444444446,0.45999999999999996,0.47321637426900587,0.438,0.5214305226936806,4.6,4.8,5.2,5.4
rf,signo_zodiacal_piscis,157,0.5,0.5599999999999999,0.552063492063492,0.5800000000000001,0.5437393483709274,0.5529999999999999,0.5626958211207437,5.8,4.6,5.4,4.2
rf,signo_zodiacal_piscis,158,0.5,0.48,0.4833333333333334,0.45999999999999996,0.4647058823529412,0.509,0.5464538784229186,4.6,5.0,5.0,5.4
rf,signo_zodiacal_piscis,159,0.5,0.42000000000000004,0.43026695526695524,0.43999999999999995,0.431453634085213,0.40099999999999997,0.486347883540608,4.4,6.0,4.0,5.6
rf,signo_zodiacal_piscis,160,0.5,0.5599999999999999,0.5783333333333334,0.62,0.5725128205128205,0.558,0.6210979478038302,6.2,5.0,5.0,3.8
rf,signo_zodiacal_piscis,161,0.5,0.48,0.46974358974358976,0.48,0.4711772184083397,0.501,0.5432316726960689,4.8,5.2,4.8,5.2
rf,signo_zodiacal_piscis,162,0.5,0.45,0.4251948051948052,0.33999999999999997,0.3664985994397759,0.471,0.5437911414351043,3.4,4.4,5.6,6.6
rf,signo_zodiacal_piscis,163,0.5,0.49000000000000005,0.49333333333333335,0.52,0.494070707070707,0.501,0.5545596419404468,5.2,5.4,4.6,4.8
rf,signo_zodiacal_piscis,164,0.5,0.37,0.3591630591630592,0.38,0.3662203637435836,0.3630000000000001,0.470565288512657,3.8,6.4,3.6,6.2
rf,signo_zodiacal_piscis,165,0.5,0.45,0.444949494949495,0.42000000000000004,0.425831624515835,0.476,0.534659496334419,4.2,5.2,4.8,5.8
rf,signo_zodiacal_piscis,166,0.5,0.43,0.43454545454545457,0.4,0.41492063492063486,0.374,0.47199156991958846,4.0,5.4,4.6,6.0
rf,signo_zodiacal_piscis,167,0.5,0.51,0.5111111111111112,0.5599999999999999,0.5290005316321106,0.5029999999999999,0.5634276097999008,5.6,5.4,4.6,4.4
rf,signo_zodiacal_piscis,168,0.5,0.5900000000000001,0.5966450216450216,0.5200000000000001,0.5518993562337215,0.586,0.6598078761623652,5.2,3.4,6.6,4.8
rf,signo_zodiacal_piscis,169,0.5,0.55,0.5583333333333332,0.5,0.5269005847953216,0.5720000000000001,0.611040541759582,5.0,4.0,6.0,5.0
rf,signo_zodiacal_piscis,170,0.5,0.6100000000000001,0.6555555555555554,0.5,0.53468671679198,0.557,0.6070906038406039,5.0,2.8,7.2,5.0
rf,signo_zodiacal_piscis,171,0.5,0.47000000000000003,0.47712509712509715,0.48,0.4753942828084704,0.43100000000000005,0.5014545193368722,4.8,5.4,4.6,5.2
rf,signo_zodiacal_piscis,172,0.5,0.39,0.37272727272727274,0.36000000000000004,0.363059163059163,0.376,0.49750879899254513,3.6,5.8,4.2,6.4
rf,signo_zodiacal_piscis,173,0.5,0.47000000000000003,0.46893106893106895,0.48,0.47017415661916945,0.46799999999999997,0.5908391812865498,4.8,5.4,4.6,5.2
rf,signo_zodiacal_piscis,174,0.5,0.58,0.5948412698412698,0.5,0.541486068111455,0.5820000000000001,0.6146419403609806,5.0,3.4,6.6,5.0
rf,signo_zodiacal_piscis,175,0.5,0.5900000000000001,0.5808080808080808,0.64,0.607427660059239,0.6609999999999999,0.6719053246375227,6.4,4.6,5.4,3.6
rf,signo_zodiacal_piscis,176,0.5,0.6499999999999999,0.6644383394383394,0.64,0.6433202668766003,0.6869999999999999,0.7175965951832824,6.4,3.4,6.6,3.6
rf,signo_zodiacal_piscis,177,0.5,0.5599999999999999,0.5933333333333334,0.48,0.5224561403508772,0.5700000000000001,0.5845051239610063,4.8,3.6,6.4,5.2
rf,signo_zodiacal_piscis,178,0.5,0.5900000000000001,0.5860606060606061,0.6199999999999999,0.6016450216450216,0.628,0.6810768948973284,6.2,4.4,5.6,3.8
rf,signo_zodiacal_piscis,179,0.5,0.4800000000000001,0.4847319347319347,0.52,0.4984315201706506,0.5030000000000001,0.6027085965290299,5.2,5.6,4.4,4.8
rf,signo_zodiacal_piscis,180,0.5,0.44000000000000006,0.43975468975468973,0.44000000000000006,0.4361840429951885,0.4640000000000001,0.5552306227484245,4.4,5.6,4.4,5.6
rf,signo_zodiacal_piscis,181,0.5,0.55,0.5473193473193473,0.54,0.5356843194943881,0.52,0.5749326865944513,5.4,4.4,5.6,4.6
rf,signo_zodiacal_piscis,182,0.5,0.39,0.38202020202020204,0.4,0.38959216222374116,0.417,0.5162839568412323,4.0,6.2,3.8,6.0
rf,signo_zodiacal_piscis,183,0.5,0.4800000000000001,0.4574242424242424,0.38,0.4076190476190476,0.49700000000000005,0.5382125270670162,3.8,4.2,5.8,6.2
rf,signo_zodiacal_piscis,184,0.5,0.49000000000000005,0.48522727272727273,0.5,0.4575091575091575,0.578,0.6070149546016419,5.0,5.2,4.8,5.0
rf,signo_zodiacal_piscis,185,0.5,0.56,0.5853535353535354,0.5,0.5277739804055593,0.6449999999999999,0.6896129981129981,5.0,3.8,6.2,5.0
rf,signo_zodiacal_piscis,186,0.5,0.51,0.5127272727272728,0.5599999999999999,0.5348051948051948,0.519,0.5811588138383803,5.6,5.4,4.6,4.4
rf,signo_zodiacal_piscis,187,0.5,0.47000000000000003,0.465,0.45999999999999996,0.44946464646464646,0.46699999999999997,0.5172486037354458,4.6,5.2,4.8,5.4
rf,signo_zodiacal_piscis,188,0.5,0.43999999999999995,0.4409523809523809,0.4,0.4172755417956656,0.509,0.5700500959309008,4.0,5.2,4.8,6.0
rf,signo_zodiacal_piscis,189,0.5,0.41999999999999993,0.4223160173160173,0.32,0.3598152243353481,0.438,0.5510954899074094,3.2,4.8,5.2,6.8
rf,signo_zodiacal_piscis,190,0.5,0.39,0.36471861471861466,0.32,0.33878814683768244,0.34299999999999997,0.4446466121597701,3.2,5.4,4.6,6.8
rf,signo_zodiacal_piscis,191,0.5,0.61,0.6114718614718614,0.5799999999999998,0.5899776178413949,0.609,0.6309256746005972,5.8,3.6,6.4,4.2
rf,signo_zodiacal_piscis,192,0.5,0.44000000000000006,0.4612698412698412,0.45999999999999996,0.4460287081339713,0.41100000000000003,0.5069963313260526,4.6,5.8,4.2,5.4
rf,signo_zodiacal_piscis,193,0.5,0.51,0.5036868686868686,0.5599999999999999,0.5246224652540442,0.5040000000000001,0.5977247854484696,5.6,5.4,4.6,4.4
rf,signo_zodiacal_piscis,194,0.5,0.55,0.5766233766233767,0.54,0.5487140310669723,0.488,0.5257438821068853,5.4,4.4,5.6,4.6
rf,signo_zodiacal_piscis,195,0.5,0.51,0.5215079365079365,0.43999999999999995,0.4757550739594082,0.48,0.5871801079037919,4.4,4.2,5.8,5.6
rf,signo_zodiacal_piscis,196,0.5,0.35,0.33232323232323224,0.26,0.287406015037594,0.38,0.4669101366469787,2.6,5.6,4.4,7.4
rf,signo_zodiacal_piscis,197,0.5,0.53,0.5383105783105784,0.5799999999999998,0.5490619643738502,0.581,0.6089080523020151,5.8,5.2,4.8,4.2
rf,signo_zodiacal_piscis,198,0.5,0.43000000000000005,0.42488344988344984,0.4800000000000001,0.44607714939522725,0.378,0.45246119669803875,4.8,6.2,3.8,5.2
rf,signo_zodiacal_piscis,199,0.5,0.5199999999999999,0.5108669108669108,0.5800000000000001,0.530949656750572,0.5250000000000001,0.561297508047508,5.8,5.4,4.6,4.2
rf,signo_zodiacal_piscis,200,0.5,0.5,0.49737373737373736,0.5599999999999999,0.52268671679198,0.508,0.5796286393345216,5.6,5.6,4.4,4.4
rf,signo_zodiacal_piscis,201,0.5,0.4,0.3882539682539682,0.38,0.38141289051505767,0.352,0.4807695015682632,3.8,5.8,4.2,6.2
rf,signo_zodiacal_piscis,202,0.5,0.54,0.5345682095682095,0.52,0.5209823364891342,0.615,0.6344975634960154,5.2,4.4,5.6,4.8
rf,signo_zodiacal_piscis,203,0.5,0.47000000000000003,0.4644444444444444,0.5,0.47642105263157897,0.472,0.5450895293217274,5.0,5.6,4.4,5.0
rf,signo_zodiacal_piscis,204,0.5,0.6,0.6148412698412699,0.54,0.5725971792225663,0.625,0.6974315684315684,5.4,3.4,6.6,4.6
rf,signo_zodiacal_piscis,205,0.5,0.55,0.5442424242424242,0.5599999999999999,0.5447835497835498,0.567,0.6094367348337937,5.6,4.6,5.4,4.4
rf,signo_zodiacal_piscis,206,0.5,0.4,0.41166666666666674,0.45999999999999996,0.43060606060606066,0.3909999999999999,0.5083394991661245,4.6,6.6,3.4,5.4
rf,signo_zodiacal_piscis,207,0.5,0.4800000000000001,0.47484126984126984,0.48,0.471812865497076,0.49700000000000005,0.5457539308816398,4.8,5.2,4.8,5.2
rf,signo_zodiacal_piscis,208,0.5,0.5800000000000001,0.5754700854700855,0.5799999999999998,0.5692750156022467,0.6140000000000001,0.6298315748578907,5.8,4.2,5.8,4.2
rf,signo_zodiacal_piscis,209,0.5,0.56,0.5606060606060606,0.58,0.5657894736842105,0.5479999999999999,0.5962024184965361,5.8,4.6,5.4,4.2
rf,signo_zodiacal_piscis,210,0.5,0.41999999999999993,0.41940836940836945,0.52,0.4626110731373888,0.42399999999999993,0.516385302434064,5.2,6.8,3.2,4.8
rf,signo_zodiacal_piscis,211,0.5,0.44000000000000006,0.41428571428571426,0.4600000000000001,0.4230065359477124,0.4640000000000001,0.5197055799377781,4.6,5.8,4.2,5.4
rf,signo_zodiacal_piscis,212,0.5,0.54,0.5397824397824398,0.6,0.5663209406916501,0.48200000000000004,0.5403948643375888,6.0,5.2,4.8,4.0
rf,signo_zodiacal_piscis,213,0.5,0.5399999999999999,0.5083694083694084,0.54,0.5176065162907268,0.56,0.5527620767605288,5.4,4.6,5.4,4.6
rf,signo_zodiacal_piscis,214,0.5,0.53,0.5342857142857143,0.44000000000000006,0.4788235294117647,0.519,0.5743105207486012,4.4,3.8,6.2,5.6
rf,signo_zodiacal_piscis,215,0.5,0.53,0.5316666666666667,0.48,0.503157894736842,0.514,0.5697284094474496,4.8,4.2,5.8,5.2
rf,signo_zodiacal_piscis,216,0.5,0.45,0.42333333333333334,0.4,0.4070494417862839,0.4010000000000001,0.511554226045712,4.0,5.0,5.0,6.0
rf,signo_zodiacal_piscis,217,0.5,0.43000000000000005,0.4512840101075396,0.5399999999999999,0.47828962502875544,0.396,0.470440040781372,5.4,6.8,3.2,4.6
rf,signo_zodiacal_piscis,218,0.5,0.43,0.4293506493506493,0.4,0.4109056956115779,0.379,0.5050951959117593,4.0,5.4,4.6,6.0
rf,signo_zodiacal_piscis,219,0.5,0.52,0.525,0.42000000000000004,0.4586452762923351,0.514,0.5902673143849614,4.2,3.8,6.2,5.8
rf,signo_zodiacal_piscis,220,0.5,0.57,0.5722222222222222,0.54,0.5518872939925571,0.525,0.5698176341202658,5.4,4.0,6.0,4.6
rf,signo_zodiacal_piscis,221,0.5,0.38,0.37765567765567765,0.38,0.37301865063340367,0.4,0.4912440902750501,3.8,6.2,3.8,6.2
rf,signo_zodiacal_piscis,222,0.5,0.4800000000000001,0.49520202020202025,0.56,0.5209474735790525,0.556,0.5600942466546182,5.6,6.0,4.0,4.4
rf,signo_zodiacal_piscis,223,0.5,0.5,0.5,0.5,0.4904634581105169,0.4579999999999999,0.5346026206335803,5.0,5.0,5.0,5.0
rf,signo_zodiacal_piscis,224,0.5,0.5999999999999999,0.6066666666666666,0.6000000000000001,0.6021553884711779,0.629,0.6722091576294363,6.0,4.0,6.0,4.0
rf,signo_zodiacal_piscis,225,0.5,0.45,0.45206349206349206,0.5599999999999999,0.49440068703226603,0.458,0.5433564609624981,5.6,6.6,3.4,4.4
rf,signo_zodiacal_piscis,226,0.5,0.4800000000000001,0.4776951806363571,0.5599999999999999,0.5049378334881094,0.47000000000000003,0.5320054214791057,5.6,6.0,4.0,4.4
rf,signo_zodiacal_piscis,227,0.5,0.38,0.3491452991452991,0.3,0.3156114924993644,0.387,0.4895157079762343,3.0,5.4,4.6,7.0
rf,signo_zodiacal_piscis,228,0.5,0.54,0.5595238095238095,0.54,0.5355561497326203,0.5730000000000001,0.6154876491757297,5.4,4.6,5.4,4.6
rf,signo_zodiacal_piscis,229,0.5,0.5,0.4924242424242424,0.5,0.4941900205058099,0.51,0.5688346653346653,5.0,5.0,5.0,5.0
rf,signo_zodiacal_piscis,230,0.5,0.4600000000000001,0.4743506493506494,0.5,0.4825396825396826,0.4,0.4690191305942079,5.0,5.8,4.2,5.0
rf,signo_zodiacal_piscis,231,0.5,0.5199999999999999,0.49340659340659343,0.52,0.49657573174197217,0.49700000000000005,0.549315333789018,5.2,4.8,5.2,4.8
rf,signo_zodiacal_piscis,232,0.5,0.45,0.4453030303030303,0.4600000000000001,0.4410952380952381,0.511,0.5501249655057705,4.6,5.6,4.4,5.4
rf,signo_zodiacal_piscis,233,0.5,0.57,0.5650971250971251,0.6,0.5796316879154407,0.5900000000000001,0.6429497507995962,6.0,4.6,5.4,4.0
rf,signo_zodiacal_piscis,234,0.5,0.66,0.6535353535353534,0.62,0.6303884711779448,0.645,0.689653566591647,6.2,3.0,7.0,3.8
rf,signo_zodiacal_piscis,235,0.5,0.6,0.5981818181818183,0.6199999999999999,0.6085714285714285,0.5599999999999999,0.5527274567537726,6.2,4.2,5.8,3.8
rf,signo_zodiacal_piscis,236,0.5,0.5700000000000001,0.5926251526251527,0.6,0.5840506124646655,0.5529999999999999,0.6434961423165757,6.0,4.6,5.4,4.0
rf,signo_zodiacal_piscis,237,0.5,0.43,0.43015873015873013,0.43999999999999995,0.43157894736842106,0.45899999999999996,0.5372032161165288,4.4,5.8,4.2,5.6
rf,signo_zodiacal_piscis,238,0.5,0.4,0.394949494949495,0.38,0.3846434267486899,0.38400000000000006,0.4661973216841638,3.8,5.8,4.2,6.2
rf,signo_zodiacal_piscis,239,0.5,0.33999999999999997,0.36759906759906763,0.44000000000000006,0.40030114812723505,0.286,0.42136927597686114,4.4,7.6,2.4,5.6
rf,signo_zodiacal_piscis,240,0.5,0.54,0.5392496392496392,0.5399999999999999,0.5331195636149196,0.558,0.6303343780402604,5.4,4.6,5.4,4.6
rf,signo_zodiacal_piscis,241,0.5,0.5,0.5183333333333333,0.42000000000000004,0.45265284423179164,0.518,0.6045160215601392,4.2,4.2,5.8,5.8
rf,signo_zodiacal_piscis,242,0.5,0.54,0.5376948051948053,0.6,0.5569081898493663,0.46299999999999997,0.4963582887700535,6.0,5.2,4.8,4.0
rf,signo_zodiacal_piscis,243,0.5,0.5,0.5114574314574314,0.4600000000000001,0.4818870706177208,0.515,0.575187969924812,4.6,4.6,5.4,5.4
rf,signo_zodiacal_piscis,244,0.5,0.4800000000000001,0.4717832167832167,0.48,0.47158040027605247,0.495,0.5311951448963833,4.8,5.2,4.8,5.2
rf,signo_zodiacal_piscis,245,0.5,0.51,0.5179487179487179,0.52,0.5012452078813635,0.5100000000000001,0.5663656251729007,5.2,5.0,5.0,4.8
rf,signo_zodiacal_piscis,246,0.5,0.48,0.4818253968253968,0.4,0.4358513931888545,0.496,0.5871175393234218,4.0,4.4,5.6,6.0
rf,signo_zodiacal_piscis,247,0.5,0.44000000000000006,0.44120389414507066,0.54,0.47960601988061946,0.41600000000000004,0.4982073486369152,5.4,6.6,3.4,4.6
rf,signo_zodiacal_piscis,248,0.5,0.52,0.5272222222222223,0.48,0.5016374269005848,0.476,0.5676268876462375,4.8,4.4,5.6,5.2
rf,signo_zodiacal_piscis,249,0.5,0.53,0.6183333333333333,0.43999999999999995,0.4539393939393939,0.496,0.5707993552714916,4.4,3.8,6.2,5.6
rf,signo_zodiacal_piscis,250,0.5,0.5399999999999999,0.5552813852813853,0.5599999999999999,0.5519327731092437,0.522,0.5424887530769884,5.6,4.8,5.2,4.4
rf,signo_zodiacal_piscis,251,0.5,0.5,0.4945609945609945,0.54,0.5135368064429849,0.47400000000000003,0.5190206264323911,5.4,5.4,4.6,4.6
rf,signo_zodiacal_piscis,252,0.5,0.51,0.49892607392607385,0.4800000000000001,0.4830836682499086,0.5399999999999999,0.5957982433802866,4.8,4.6,5.4,5.2
rf,signo_zodiacal_piscis,253,0.5,0.51,0.5005627705627705,0.52,0.5064323911382734,0.514,0.5667660662351064,5.2,5.0,5.0,4.8
rf,signo_zodiacal_piscis,254,0.5,0.55,0.5742124542124543,0.58,0.5683106743841702,0.518,0.5710324773265949,5.8,4.8,5.2,4.2
rf,signo_zodiacal_piscis,255,0.5,0.45,0.46230519480519483,0.43999999999999995,0.4325662572721396,0.418,0.5105890133258555,4.4,5.4,4.6,5.6
rf,signo_zodiacal_piscis,256,0.5,0.56,0.5585858585858585,0.56,0.5581453634085213,0.535,0.5549174501968619,5.6,4.4,5.6,4.4
rf,signo_zodiacal_piscis,257,0.5,0.5599999999999999,0.5565656565656565,0.6,0.5762588288904078,0.5630000000000001,0.6021191020881423,6.0,4.8,5.2,4.0
rf,signo_zodiacal_piscis,258,0.5,0.4600000000000001,0.4878787878787879,0.43999999999999995,0.4438563074352547,0.462,0.5578124096405831,4.4,5.2,4.8,5.6
rf,signo_zodiacal_piscis,259,0.5,0.49000000000000005,0.4924242424242424,0.5,0.4897186147186147,0.5399999999999999,0.5896085652393702,5.0,5.2,4.8,5.0
rf,signo_zodiacal_piscis,260,0.5,0.52,0.5275757575757576,0.5199999999999999,0.5208202323991797,0.542,0.6125974472723699,5.2,4.8,5.2,4.8
rf,signo_zodiacal_piscis,261,0.5,0.6,0.5781684981684981,0.7,0.6280549199084667,0.619,0.6270703550835129,7.0,5.0,5.0,3.0
rf,signo_zodiacal_piscis,262,0.5,0.5,0.4875457875457875,0.6,0.5294715327896107,0.515,0.5500123085548781,6.0,6.0,4.0,4.0
rf,signo_zodiacal_piscis,263,0.5,0.51,0.49393939393939396,0.48,0.48189792663476866,0.438,0.4977860560492139,4.8,4.6,5.4,5.2
rf,signo_zodiacal_piscis,264,0.5,0.41,0.3958730158730159,0.32,0.35217062263501886,0.384,0.4941198007358999,3.2,5.0,5.0,6.8
rf,signo_zodiacal_piscis,265,0.5,0.51,0.5113131313131314,0.5,0.5048120300751879,0.497,0.5689669991171539,5.0,4.8,5.2,5.0
rf,signo_zodiacal_piscis,266,0.5,0.44000000000000006,0.44981841687724045,0.52,0.4705979783217635,0.40700000000000003,0.512322398791439,5.2,6.4,3.6,4.8
rf,signo_zodiacal_piscis,267,0.5,0.45,0.43785714285714283,0.44000000000000006,0.4337254901960785,0.497,0.5712703860467018,4.4,5.4,4.6,5.6
rf,signo_zodiacal_piscis,268,0.5,0.5,0.5031385281385281,0.5,0.49598506069094306,0.49399999999999994,0.5429175556985155,5.0,5.0,5.0,5.0
rf,signo_zodiacal_piscis,269,0.5,0.48,0.4833333333333334,0.52,0.5,0.519,0.6303945313372558,5.2,5.6,4.4,4.8
rf,signo_zodiacal_piscis,270,0.5,0.42000000000000004,0.4310955710955711,0.5,0.45761766735679776,0.396,0.5107396437411917,5.0,6.6,3.4,5.0
rf,signo_zodiacal_piscis,271,0.5,0.53,0.5308669108669108,0.45999999999999996,0.47721016095225277,0.5589999999999999,0.6072864898259636,4.6,4.0,6.0,5.4
rf,signo_zodiacal_piscis,272,0.5,0.5700000000000001,0.5597435897435898,0.64,0.5954940711462451,0.5549999999999999,0.54629950235523,6.4,5.0,5.0,3.6
rf,signo_zodiacal_piscis,273,0.5,0.49000000000000005,0.4872727272727273,0.48,0.48280701754385963,0.454,0.5315717071026669,4.8,5.0,5.0,5.2
rf,signo_zodiacal_piscis,274,0.5,0.5,0.5,0.45999999999999996,0.4742296918767507,0.49800000000000005,0.5576365011837148,4.6,4.6,5.4,5.4
rf,signo_zodiacal_piscis,275,0.5,0.4,0.4033333333333333,0.4,0.3997979797979798,0.3989999999999999,0.5403327290184875,4.0,6.0,4.0,6.0
rf,signo_zodiacal_piscis,276,0.5,0.5,0.49480519480519475,0.4,0.4314904909332154,0.393,0.4658503283781922,4.0,4.0,6.0,6.0
rf,signo_zodiacal_piscis,277,0.5,0.4,0.4021645021645021,0.36000000000000004,0.3739877769289534,0.368,0.4740613955188258,3.6,5.6,4.4,6.4
rf,signo_zodiacal_piscis,278,0.5,0.45,0.45292929292929285,0.5,0.47240601503759405,0.42400000000000004,0.531544170483799,5.0,6.0,4.0,5.0
rf,signo_zodiacal_piscis,279,0.5,0.53,0.5277777777777778,0.5199999999999999,0.5166267942583731,0.567,0.65234929896385,5.2,4.6,5.4,4.8
rf,signo_zodiacal_piscis,280,0.5,0.5,0.4984065934065933,0.5,0.49252938593092044,0.46699999999999997,0.5549054474936828,5.0,5.0,5.0,5.0
rf,signo_zodiacal_piscis,281,0.5,0.47000000000000003,0.46226551226551227,0.44000000000000006,0.4461492411956808,0.49800000000000005,0.5236643323996265,4.4,5.0,5.0,5.6
rf,signo_zodiacal_piscis,282,0.5,0.55,0.5476767676767678,0.5399999999999999,0.5429072681704261,0.523,0.580261544011544,5.4,4.4,5.6,4.6
rf,signo_zodiacal_piscis,283,0.5,0.55,0.542918192918193,0.52,0.519731335429949,0.4710000000000001,0.5627526670955463,5.2,4.2,5.8,4.8
rf,signo_zodiacal_piscis,284,0.5,0.42000000000000004,0.42363636363636364,0.44000000000000006,0.4207619047619048,0.43099999999999994,0.49336108233012255,4.4,6.0,4.0,5.6
rf,signo_zodiacal_piscis,285,0.5,0.41,0.41939393939393943,0.43999999999999995,0.42423725981620725,0.41500000000000004,0.49630321682101863,4.4,6.2,3.8,5.6
rf,signo_zodiacal_piscis,286,0.5,0.5,0.4792832167832167,0.5599999999999999,0.5078197165153686,0.556,0.6019558643970407,5.6,5.6,4.4,4.4
rf,signo_zodiacal_piscis,287,0.5,0.41,0.43759906759906764,0.38,0.3916647844908715,0.354,0.4593883432528944,3.8,5.6,4.4,6.2
rf,signo_zodiacal_piscis,288,0.5,0.43,0.44642857142857145,0.4,0.4163398692810457,0.417,0.5136650210814298,4.0,5.4,4.6,6.0
rf,signo_zodiacal_piscis,289,0.5,0.45999999999999996,0.45999999999999996,0.44000000000000006,0.44947368421052636,0.4710000000000001,0.5842562051811278,4.4,5.2,4.8,5.6
rf,signo_zodiacal_piscis,290,0.5,0.5599999999999999,0.555050505050505,0.5599999999999999,0.5547581073896863,0.543,0.5992095959595959,5.6,4.4,5.6,4.4
rf,signo_zodiacal_piscis,291,0.5,0.48,0.46940836940836944,0.45999999999999996,0.4563393778564057,0.458,0.5450764625811064,4.6,5.0,5.0,5.4
rf,signo_zodiacal_piscis,292,0.5,0.47000000000000003,0.46071428571428574,0.38,0.41023469994058226,0.45400000000000007,0.4860852362291991,3.8,4.4,5.6,6.2
rf,signo_zodiacal_piscis,293,0.5,0.5,0.4976190476190476,0.4600000000000001,0.4740219532789192,0.536,0.5976492941183343,4.6,4.6,5.4,5.4
rf,signo_zodiacal_piscis,294,0.5,0.5200000000000001,0.525,0.52,0.5172514619883041,0.5349999999999999,0.5556396077262951,5.2,4.8,5.2,4.8
rf,signo_zodiacal_piscis,295,0.5,0.5900000000000001,0.655927405927406,0.54,0.5817044208987943,0.63,0.7001147545265193,5.4,3.6,6.4,4.6
rf,signo_zodiacal_piscis,296,0.5,0.5299999999999999,0.53992673992674,0.48,0.49101502885323045,0.523,0.5854529076015146,4.8,4.2,5.8,5.2
rf,signo_zodiacal_piscis,297,0.5,0.49000000000000005,0.4993939393939394,0.5,0.48217027417027414,0.43600000000000005,0.4974650543814631,5.0,5.2,4.8,5.0
rf,signo_zodiacal_piscis,298,0.5,0.44000000000000006,0.4460606060606061,0.45999999999999996,0.4431904761904762,0.469,0.5513140151901762,4.6,5.8,4.2,5.4
rf,signo_zodiacal_piscis,299,0.5,0.5,0.49548451548451544,0.54,0.5060248447204969,0.5369999999999999,0.5929118071471012,5.4,5.4,4.6,4.6
rf,signo_zodiacal_piscis,300,0.5,0.5,0.5006216006216005,0.5,0.49247847880570994,0.533,0.5823472269045025,5.0,5.0,5.0,5.0
rf,signo_zodiacal_piscis,301,0.5,0.45,0.4284126984126984,0.4,0.4091303124120461,0.40800000000000003,0.5037699441081794,4.0,5.0,5.0,6.0
rf,signo_zodiacal_piscis,302,0.5,0.53,0.5284090909090909,0.58,0.5427905427905427,0.5349999999999999,0.6257596390537566,5.8,5.2,4.8,4.2
rf,signo_zodiacal_piscis,303,0.5,0.49000000000000005,0.49333333333333335,0.52,0.49886868686868685,0.506,0.596632362563477,5.2,5.4,4.6,4.8
rf,signo_zodiacal_piscis,304,0.5,0.48999999999999994,0.41515151515151516,0.5,0.4525974025974026,0.5439999999999999,0.6045702804247697,5.0,5.2,4.8,5.0
rf,signo_zodiacal_piscis,305,0.5,0.52,0.5057142857142857,0.4,0.4243399222036993,0.45699999999999996,0.5094804645818577,4.0,3.6,6.4,6.0
rf,signo_zodiacal_piscis,306,0.5,0.5,0.4912698412698413,0.47999999999999987,0.48005128686243237,0.44700000000000006,0.530140174582899,4.8,4.8,5.2,5.2
rf,signo_zodiacal_piscis,307,0.5,0.51,0.4922222222222222,0.5000000000000001,0.49057416267942583,0.536,0.6521922826055954,5.0,4.8,5.2,5.0
rf,signo_zodiacal_piscis,308,0.5,0.51,0.4823232323232324,0.47999999999999987,0.47322852586010483,0.499,0.5908956239838592,4.8,4.6,5.4,5.2
rf,signo_zodiacal_piscis,309,0.5,0.5599999999999999,0.5671717171717171,0.5599999999999999,0.5602415128730918,0.534,0.5990037876640044,5.6,4.4,5.6,4.4
rf,signo_zodiacal_piscis,310,0.5,0.45999999999999996,0.4376190476190476,0.4,0.41169340463458115,0.483,0.5282323864645846,4.0,4.8,5.2,6.0
rf,signo_zodiacal_piscis,311,0.5,0.43000000000000005,0.44025641025641027,0.5,0.46738942217203083,0.38099999999999995,0.4716631722250918,5.0,6.4,3.6,5.0
rf,signo_zodiacal_piscis,312,0.5,0.51,0.5079365079365079,0.52,0.5068721268411671,0.516,0.5269490380620411,5.2,5.0,5.0,4.8
rf,signo_zodiacal_piscis,313,0.5,0.57,0.548138528138528,0.5800000000000001,0.5493284950343774,0.608,0.5925610131182886,5.8,4.4,5.6,4.2
rf,signo_zodiacal_piscis,314,0.5,0.33999999999999997,0.355982905982906,0.4600000000000001,0.3983837672624858,0.273,0.4497614946972532,4.6,7.8,2.2,5.4
rf,signo_zodiacal_piscis,315,0.5,0.5000000000000001,0.48182862888745237,0.5800000000000001,0.5164853542831735,0.42400000000000004,0.4838087708644984,5.8,5.8,4.2,4.2
rf,signo_zodiacal_piscis,316,0.5,0.5,0.5700854700854701,0.44000000000000006,0.4479948223655318,0.5079999999999999,0.5714412870411323,4.4,4.4,5.6,5.6
rf,signo_zodiacal_piscis,317,0.5,0.53,0.5224603174603174,0.5399999999999999,0.5253216374269006,0.555,0.603535306197071,5.4,4.8,5.2,4.6
rf,signo_zodiacal_piscis,318,0.5,0.61,0.6576190476190475,0.45999999999999996,0.5261477222467934,0.656,0.6814345752286929,4.6,2.4,7.6,5.4
rf,signo_zodiacal_piscis,319,0.5,0.48,0.48337662337662335,0.43999999999999995,0.4572922502334267,0.488,0.5540559903632658,4.4,4.8,5.2,5.6
rf,signo_zodiacal_piscis,320,0.5,0.5800000000000001,0.5670995670995671,0.6399999999999999,0.5939011968423733,0.576,0.6460055391804618,6.4,4.8,5.2,3.6
rf,signo_zodiacal_piscis,321,0.5,0.48,0.49376623376623385,0.4800000000000001,0.4819760631525337,0.46299999999999997,0.5929500063060434,4.8,5.2,4.8,5.2
rf,signo_zodiacal_piscis,322,0.5,0.4800000000000001,0.4951048951048951,0.48,0.4786858450474011,0.449,0.5293098186643078,4.8,5.2,4.8,5.2
rf,signo_zodiacal_piscis,323,0.5,0.56,0.553030303030303,0.6199999999999999,0.5804473304473304,0.5790000000000001,0.6066687442244717,6.2,5.0,5.0,3.8
rf,signo_zodiacal_piscis,324,0.5,0.48999999999999994,0.46282828282828276,0.4,0.41720197930724245,0.47800000000000004,0.557212899243859,4.0,4.2,5.8,6.0
rf,signo_zodiacal_piscis,325,0.5,0.4499999999999999,0.4966666666666667,0.34,0.39077694235588967,0.4699999999999999,0.5667672931643519,3.4,4.4,5.6,6.6
rf,signo_zodiacal_piscis,326,0.5,0.48,0.5005050505050506,0.4,0.42625882889040784,0.466,0.5472158011407238,4.0,4.4,5.6,6.0
rf,signo_zodiacal_piscis,327,0.5,0.49000000000000005,0.48571428571428577,0.45999999999999996,0.46561747506019946,0.437,0.49835569719238454,4.6,4.8,5.2,5.4
rf,signo_zodiacal_piscis,328,0.5,0.58,0.5811111111111111,0.58,0.5788516746411483,0.5730000000000001,0.5589947172710331,5.8,4.2,5.8,4.2
rf,signo_zodiacal_piscis,329,0.5,0.52,0.5196403596403597,0.48,0.4870052368773597,0.534,0.5790025513701984,4.8,4.4,5.6,5.2
rf,signo_zodiacal_piscis,330,0.5,0.49000000000000005,0.4909090909090909,0.42000000000000004,0.4488328664799253,0.5,0.5639323721514123,4.2,4.4,5.6,5.8
rf,signo_zodiacal_piscis,331,0.5,0.59,0.5923626373626374,0.6199999999999999,0.5969082125603864,0.61,0.628604125836324,6.2,4.4,5.6,3.8
rf,signo_zodiacal_piscis,332,0.5,0.57,0.5735353535353536,0.52,0.5408646616541353,0.564,0.6464814156431803,5.2,3.8,6.2,4.8
rf,signo_zodiacal_piscis,333,0.5,0.43,0.4246153846153846,0.4600000000000001,0.4311198945981555,0.384,0.46544105833966515,4.6,6.0,4.0,5.4
rf,signo_zodiacal_piscis,334,0.5,0.45,0.45714452214452217,0.52,0.4815652173913044,0.398,0.49781852933787923,5.2,6.2,3.8,4.8
rf,signo_zodiacal_piscis,335,0.5,0.5700000000000001,0.5653968253968253,0.6,0.5785964912280701,0.578,0.6022944832944833,6.0,4.6,5.4,4.0
rf,signo_zodiacal_piscis,336,0.5,0.5,0.5070429570429571,0.5,0.49708927049080504,0.45899999999999996,0.511371886283651,5.0,5.0,5.0,5.0
rf,signo_zodiacal_piscis,337,0.5,0.5700000000000001,0.5703185703185703,0.6,0.5818895063746321,0.524,0.5285697548065968,6.0,4.6,5.4,4.0
rf,signo_zodiacal_piscis,338,0.5,0.51,0.49975579975579976,0.5599999999999999,0.5234935163996949,0.613,0.6604828827003749,5.6,5.4,4.6,4.4
rf,signo_zodiacal_piscis,339,0.5,0.49000000000000005,0.48551226551226556,0.4600000000000001,0.47003685684800234,0.41200000000000003,0.4818496987188937,4.6,4.8,5.2,5.4
rf,signo_zodiacal_piscis,340,0.5,0.44000000000000006,0.4217171717171717,0.36,0.3837719298245614,0.4600000000000001,0.5279358235503746,3.6,4.8,5.2,6.4
rf,signo_zodiacal_piscis,341,0.5,0.48999999999999994,0.4809163059163059,0.42000000000000004,0.44569266303012434,0.49399999999999994,0.5288684750921593,4.2,4.4,5.6,5.8
rf,signo_zodiacal_piscis,342,0.5,0.37,0.3685392385392386,0.38,0.3718019686898405,0.409,0.5017730433481207,3.8,6.4,3.6,6.2
rf,signo_zodiacal_piscis,343,0.5,0.5400000000000001,0.5369658119658121,0.5199999999999999,0.5239257564200356,0.556,0.6319085902058037,5.2,4.4,5.6,4.8
rf,signo_zodiacal_piscis,344,0.5,0.4699999999999999,0.46904761904761905,0.4600000000000001,0.45947712418300657,0.4619999999999999,0.5284804552172974,4.6,5.2,4.8,5.4
rf,signo_zodiacal_piscis,345,0.5,0.4699999999999999,0.4849567099567099,0.54,0.5063492063492064,0.44400000000000006,0.5175228568301324,5.4,6.0,4.0,4.6
rf,signo_zodiacal_piscis,346,0.5,0.45,0.43873015873015875,0.36,0.39253869969040245,0.441,0.4953642533936652,3.6,4.6,5.4,6.4
rf,signo_zodiacal_piscis,347,0.5,0.51,0.49258297258297257,0.5199999999999999,0.4972950022114109,0.487,0.5299730649467492,5.2,5.0,5.0,4.8
rf,signo_zodiacal_piscis,348,0.5,0.51,0.5057575757575757,0.56,0.5306493506493506,0.522,0.5800888159827787,5.6,5.4,4.6,4.4
rf,signo_zodiacal_piscis,349,0.5,0.49000000000000005,0.48992673992673985,0.5,0.4888960951553494,0.5269999999999999,0.6203734119337835,5.0,5.2,4.8,5.0
rf,signo_zodiacal_piscis,350,0.5,0.38,0.37898989898989893,0.36,0.3687218045112782,0.356,0.4500250613679406,3.6,6.0,4.0,6.4
rf,signo_zodiacal_piscis,351,0.5,0.53,0.49783549783549785,0.42000000000000004,0.4426273073331896,0.514,0.5677995974613621,4.2,3.6,6.4,5.8
rf,signo_zodiacal_piscis,352,0.5,0.39,0.36730769230769234,0.34,0.3473302822273074,0.365,0.46837853039633226,3.4,5.6,4.4,6.6
rf,signo_zodiacal_piscis,353,0.5,0.51,0.5021428571428571,0.42000000000000004,0.4559477124183006,0.51,0.5725236301366332,4.2,4.0,6.0,5.8
rf,signo_zodiacal_piscis,354,0.5,0.52,0.49833333333333335,0.45999999999999996,0.4761111111111111,0.518,0.645223111254071,4.6,4.2,5.8,5.4
rf,signo_zodiacal_piscis,355,0.5,0.45999999999999996,0.447020202020202,0.42000000000000004,0.4316123642439432,0.453,0.520973229384994,4.2,5.0,5.0,5.8
rf,signo_zodiacal_piscis,356,0.5,0.37,0.33611111111111114,0.3,0.3123072833599149,0.35100000000000003,0.4626584182071798,3.0,5.6,4.4,7.0
rf,signo_zodiacal_piscis,357,0.5,0.51,0.5345238095238095,0.43999999999999995,0.47522281639928704,0.49700000000000005,0.5228935129198288,4.4,4.2,5.8,5.6
rf,signo_zodiacal_piscis,358,0.5,0.52,0.5323809523809524,0.5,0.4895555555555555,0.515,0.5557094361606746,5.0,4.6,5.4,5.0
rf,signo_zodiacal_piscis,359,0.5,0.36999999999999994,0.3783682983682984,0.41999999999999993,0.3964234697415475,0.384,0.5165960014357847,4.2,6.8,3.2,5.8
rf,signo_zodiacal_piscis,360,0.5,0.53,0.5366666666666666,0.5,0.5104306220095693,0.496,0.5750613657068765,5.0,4.4,5.6,5.0
rf,signo_zodiacal_piscis,361,0.5,0.48999999999999994,0.5037179487179486,0.6,0.5414984628897673,0.5589999999999999,0.6403862977407868,6.0,6.2,3.8,4.0
rf,signo_zodiacal_piscis,362,0.5,0.4600000000000001,0.46039682539682547,0.42000000000000004,0.4351383807111361,0.43000000000000005,0.5267937054345723,4.2,5.0,5.0,5.8
rf,signo_zodiacal_piscis,363,0.5,0.48999999999999994,0.48269230769230764,0.47999999999999987,0.47527448397013616,0.44399999999999995,0.5330946415125981,4.8,5.0,5.0,5.2
rf,signo_zodiacal_piscis,364,0.5,0.55,0.5718614718614718,0.4600000000000001,0.5045604206594918,0.5429999999999999,0.5780926634425085,4.6,3.6,6.4,5.4
rf,signo_zodiacal_piscis,365,0.5,0.55,0.5644444444444444,0.52,0.5383944710260499,0.591,0.6474587048658256,5.2,4.2,5.8,4.8
rf,signo_zodiacal_piscis,366,0.5,0.42000000000000004,0.39666666666666667,0.33999999999999997,0.3633333333333334,0.386,0.4622981083244241,3.4,5.0,5.0,6.6
rf,signo_zodiacal_piscis,367,0.5,0.52,0.5148484848484849,0.5999999999999999,0.5525108225108224,0.503,0.582821862348178,6.0,5.6,4.4,4.0
rf,signo_zodiacal_piscis,368,0.5,0.4800000000000001,0.4627272727272727,0.47999999999999987,0.45646320346320346,0.51,0.6125548181608552,4.8,5.2,4.8,5.2
rf,signo_zodiacal_piscis,369,0.5,0.5499999999999999,0.5339393939393939,0.45999999999999996,0.48803921568627445,0.5449999999999999,0.5981483130732357,4.6,3.6,6.4,5.4
rf,signo_zodiacal_piscis,370,0.5,0.54,0.5438034188034189,0.5599999999999999,0.5476372089644401,0.529,0.5714092872212067,5.6,4.8,5.2,4.4
rf,signo_zodiacal_piscis,371,0.5,0.33999999999999997,0.25555555555555554,0.22000000000000003,0.23421052631578948,0.321,0.4401371057563008,2.2,5.4,4.6,7.8
rf,signo_zodiacal_piscis,372,0.5,0.47000000000000003,0.45385281385281384,0.5,0.4628739495798319,0.44000000000000006,0.5396238792167585,5.0,5.6,4.4,5.0
rf,signo_zodiacal_piscis,373,0.5,0.6199999999999999,0.6235714285714286,0.6199999999999999,0.6144444444444443,0.5900000000000001,0.6357094833271304,6.2,3.8,6.2,3.8
rf,signo_zodiacal_piscis,374,0.5,0.45,0.45272727272727264,0.41999999999999993,0.4299872676343265,0.43499999999999994,0.5115745931055529,4.2,5.2,4.8,5.8
rf,signo_zodiacal_piscis,375,0.5,0.5700000000000001,0.5595848595848596,0.62,0.5829900839054156,0.5940000000000001,0.634226023546457,6.2,4.8,5.2,3.8
rf,signo_zodiacal_piscis,376,0.5,0.6,0.6139682539682539,0.5599999999999999,0.5829102167182663,0.586,0.6243202616097353,5.6,3.6,6.4,4.4
rf,signo_zodiacal_piscis,377,0.5,0.48,0.46825396825396826,0.42000000000000004,0.4417956656346749,0.49300000000000005,0.5228898585075056,4.2,4.6,5.4,5.8
rf,signo_zodiacal_piscis,378,0.5,0.43000000000000005,0.41999999999999993,0.45999999999999996,0.4258752228163993,0.43000000000000005,0.5078272734317626,4.6,6.0,4.0,5.4
rf,signo_zodiacal_piscis,379,0.5,0.54,0.5084304584304584,0.5000000000000001,0.4945189059605536,0.5770000000000001,0.5856963124594703,5.0,4.2,5.8,5.0
rf,signo_zodiacal_piscis,380,0.5,0.45999999999999996,0.4532467532467532,0.36,0.38879551820728286,0.41500000000000004,0.4937770562770563,3.6,4.4,5.6,6.4
rf,signo_zodiacal_piscis,381,0.5,0.5599999999999999,0.5981818181818181,0.48,0.5152380952380952,0.629,0.6863002967105134,4.8,3.6,6.4,5.2
rf,signo_zodiacal_piscis,382,0.5,0.5800000000000001,0.5741880341880343,0.6200000000000001,0.5934845017682546,0.584,0.6195768916326191,6.2,4.6,5.4,3.8
rf,signo_zodiacal_piscis,383,0.5,0.5,0.4877622377622378,0.5399999999999999,0.5103172952143205,0.466,0.5409308936677358,5.4,5.4,4.6,4.6
rf,signo_zodiacal_piscis,384,0.5,0.5,0.5018181818181818,0.5800000000000001,0.5362337662337662,0.4779999999999999,0.5809128239321737,5.8,5.8,4.2,4.2
rf,signo_zodiacal_piscis,385,0.5,0.38,0.3559018759018759,0.32,0.3345186495650892,0.38100000000000006,0.4542867437000564,3.2,5.6,4.4,6.8
rf,signo_zodiacal_piscis,386,0.5,0.55,0.5420357420357419,0.5999999999999999,0.5678544186553339,0.5519999999999999,0.5783981645289695,6.0,5.0,5.0,4.0
rf,signo_zodiacal_piscis,387,0.5,0.47000000000000003,0.459018759018759,0.48,0.46460268317853454,0.483,0.5553598984434898,4.8,5.4,4.6,5.2
rf,signo_zodiacal_piscis,388,0.5,0.58,0.5762698412698413,0.5199999999999999,0.5446233230134159,0.549,0.623192004503924,5.2,3.6,6.4,4.8
rf,signo_zodiacal_piscis,389,0.5,0.5700000000000001,0.5666666666666667,0.5599999999999999,0.5523258904837852,0.565,0.6022149055794567,5.6,4.2,5.8,4.4
rf,signo_zodiacal_piscis,390,0.5,0.55,0.5616666666666666,0.48,0.5129824561403508,0.55,0.5863572985322212,4.8,3.8,6.2,5.2
rf,signo_zodiacal_piscis,391,0.5,0.45999999999999996,0.4666666666666666,0.48,0.4712918660287081,0.47400000000000003,0.5431016020443266,4.8,5.6,4.4,5.2
rf,signo_zodiacal_piscis,392,0.5,0.54,0.5347222222222222,0.5599999999999999,0.5378767431399011,0.579,0.5996453148674511,5.6,4.8,5.2,4.4
rf,signo_zodiacal_piscis,393,0.5,0.4800000000000001,0.4785353535353535,0.44000000000000006,0.45697577276524654,0.511,0.5567981170875907,4.4,4.8,5.2,5.6
rf,signo_zodiacal_piscis,394,0.5,0.38,0.3783333333333333,0.42000000000000004,0.39273365231259966,0.406,0.49308181687593444,4.2,6.6,3.4,5.8
rf,signo_zodiacal_piscis,395,0.5,0.44000000000000006,0.40908369408369405,0.34,0.36689960194604154,0.434,0.5055235505808261,3.4,4.6,5.4,6.6
rf,signo_zodiacal_piscis,396,0.5,0.48,0.4756410256410256,0.5,0.48419896909599425,0.46699999999999997,0.5259667252252391,5.0,5.4,4.6,5.0
rf,signo_zodiacal_piscis,397,0.5,0.51,0.474055944055944,0.5,0.4779296066252588,0.483,0.5338119355704495,5.0,4.8,5.2,5.0
rf,signo_zodiacal_piscis,398,0.5,0.52,0.5248174048174048,0.58,0.5482445243543641,0.517,0.5314098570847797,5.8,5.4,4.6,4.2
rf,signo_zodiacal_piscis,399,0.5,0.5199999999999999,0.5322222222222222,0.5,0.503812865497076,0.583,0.6159633036382262,5.0,4.6,5.4,5.0
rf,signo_zodiacal_piscis,400,0.5,0.48,0.4867099567099567,0.4999999999999999,0.48840336134453777,0.461,0.5294588550424464,5.0,5.4,4.6,5.0
rf,signo_zodiacal_piscis,401,0.5,0.47000000000000003,0.4609523809523809,0.5599999999999999,0.5022488038277512,0.42299999999999993,0.47049282356790095,5.6,6.2,3.8,4.4
rf,signo_zodiacal_piscis,402,0.5,0.39,0.3822222222222222,0.36000000000000004,0.3705263157894737,0.34199999999999997,0.43846300921300924,3.6,5.8,4.2,6.4
rf,signo_zodiacal_piscis,403,0.5,0.54,0.5541375291375291,0.5599999999999999,0.5506744463266202,0.5309999999999999,0.5445927842367471,5.6,4.8,5.2,4.4
rf,signo_zodiacal_piscis,404,0.5,0.55,0.5247552447552447,0.6,0.5485714285714286,0.532,0.5792823004309071,6.0,5.0,5.0,4.0
rf,signo_zodiacal_piscis,405,0.5,0.47000000000000003,0.46269841269841266,0.42000000000000004,0.43738311911686517,0.5389999999999999,0.5586035506461202,4.2,4.8,5.2,5.8
rf,signo_zodiacal_piscis,406,0.5,0.53,0.5478754578754579,0.5800000000000001,0.5514984112221964,0.542,0.6251049695918116,5.8,5.2,4.8,4.2
rf,signo_zodiacal_piscis,407,0.5,0.45,0.4082539682539682,0.36000000000000004,0.3789886480908152,0.47300000000000003,0.5770708660104945,3.6,4.6,5.4,6.4
rf,signo_zodiacal_piscis,408,0.5,0.58,0.6082251082251082,0.5199999999999999,0.5404379933791698,0.5710000000000001,0.6059570980275315,5.2,3.6,6.4,4.8
rf,signo_zodiacal_piscis,409,0.5,0.4800000000000001,0.48829836829836826,0.48,0.4709576312322308,0.5,0.5853371171312348,4.8,5.2,4.8,5.2
rf,signo_zodiacal_piscis,410,0.5,0.45999999999999996,0.5207843137254902,0.5199999999999999,0.4910097465886939,0.43900000000000006,0.5609760523274454,5.2,6.0,4.0,4.8
rf,signo_zodiacal_piscis,411,0.5,0.51,0.5351190476190476,0.52,0.5109008638420403,0.514,0.5687210016505683,5.2,5.0,5.0,4.8
rf,signo_zodiacal_piscis,412,0.5,0.4800000000000001,0.4899494949494949,0.48,0.48242120452646764,0.45,0.5320144767513189,4.8,5.2,4.8,5.2
rf,signo_zodiacal_piscis,413,0.5,0.37,0.3853696303696304,0.36,0.36749238825965164,0.406,0.529883591296904,3.6,6.2,3.8,6.4
rf,signo_zodiacal_piscis,414,0.5,0.44000000000000006,0.4616883116883117,0.4,0.4018817783523666,0.43899999999999995,0.545317610923648,4.0,5.2,4.8,6.0
rf,signo_zodiacal_piscis,415,0.5,0.5599999999999999,0.5616666666666666,0.52,0.5258713450292397,0.584,0.6302365226792471,5.2,4.0,6.0,4.8
rf,signo_zodiacal_piscis,416,0.5,0.55,0.5500777000777001,0.5399999999999999,0.5391449638589226,0.5529999999999999,0.6139348135524606,5.4,4.4,5.6,4.6
rf,signo_zodiacal_piscis,417,0.5,0.36,0.3313852813852814,0.31999999999999995,0.3220948985654868,0.352,0.4666799820406631,3.2,6.0,4.0,6.8
rf,signo_zodiacal_piscis,418,0.5,0.4800000000000001,0.47817460317460314,0.36,0.40970072239422084,0.505,0.5799387387638161,3.6,4.0,6.0,6.4
rf,signo_zodiacal_piscis,419,0.5,0.44000000000000006,0.4147186147186147,0.43999999999999995,0.4180544945250827,0.47400000000000003,0.5283873969168087,4.4,5.6,4.4,5.6
rf,signo_zodiacal_piscis,420,0.5,0.53,0.5357142857142858,0.43999999999999995,0.4816993464052287,0.514,0.596980038966881,4.4,3.8,6.2,5.6
rf,signo_zodiacal_piscis,421,0.5,0.55,0.5518686868686868,0.6,0.5677508923824713,0.5810000000000001,0.6597362163979812,6.0,5.0,5.0,4.0
rf,signo_zodiacal_piscis,422,0.5,0.38,0.34238095238095234,0.32,0.3235175282234106,0.30799999999999994,0.44159949063664233,3.2,5.6,4.4,6.8
rf,signo_zodiacal_piscis,423,0.5,0.41000000000000003,0.4108974358974359,0.48,0.43779557589626233,0.41100000000000003,0.48726911976911974,4.8,6.6,3.4,5.2
rf,signo_zodiacal_piscis,424,0.5,0.42000000000000004,0.39344155844155837,0.4,0.3895238095238095,0.442,0.5339996855569611,4.0,5.6,4.4,6.0
rf,signo_zodiacal_piscis,425,0.5,0.4800000000000001,0.48409090909090907,0.43999999999999995,0.4500700280112045,0.476,0.5625398206884276,4.4,4.8,5.2,5.6
rf,signo_zodiacal_piscis,426,0.5,0.4600000000000001,0.47628205128205126,0.54,0.501624945103206,0.5069999999999999,0.5638103095734674,5.4,6.2,3.8,4.6
rf,signo_zodiacal_piscis,427,0.5,0.5199999999999999,0.5266666666666667,0.54,0.514140350877193,0.5429999999999999,0.5831061052810279,5.4,5.0,5.0,4.6
rf,signo_zodiacal_piscis,428,0.5,0.58,0.5765233785822022,0.6799999999999999,0.6142468159859464,0.5919999999999999,0.6672800259595925,6.8,5.2,4.8,3.2
rf,signo_zodiacal_piscis,429,0.5,0.53,0.5442857142857143,0.38,0.44078431372549015,0.532,0.5833926804189962,3.8,3.2,6.8,6.2
rf,signo_zodiacal_piscis,430,0.5,0.42000000000000004,0.3818759018759018,0.36,0.3681320949432404,0.43600000000000005,0.5147147096969078,3.6,5.2,4.8,6.4
rf,signo_zodiacal_piscis,431,0.5,0.45,0.45272727272727276,0.41999999999999993,0.43455304928989136,0.376,0.46603421621378277,4.2,5.2,4.8,5.8
rf,signo_zodiacal_piscis,432,0.5,0.45,0.44098124098124103,0.42000000000000004,0.4264922555944228,0.441,0.5186915774284195,4.2,5.2,4.8,5.8
rf,signo_zodiacal_piscis,433,0.5,0.47000000000000003,0.46893106893106895,0.5,0.47969796614297894,0.479,0.5876605077928607,5.0,5.6,4.4,5.0
rf,signo_zodiacal_piscis,434,0.5,0.53,0.5328282828282828,0.5,0.509768740031898,0.516,0.5658809250604916,5.0,4.4,5.6,5.0
rf,signo_zodiacal_piscis,435,0.5,0.33999999999999997,0.35264069264069264,0.36,0.35252297410192146,0.35,0.4837100055087671,3.6,6.8,3.2,6.4
rf,signo_zodiacal_piscis,436,0.5,0.55,0.5451948051948052,0.54,0.5324603174603174,0.5790000000000001,0.6666483293967814,5.4,4.4,5.6,4.6
rf,signo_zodiacal_piscis,437,0.5,0.5,0.5251082251082251,0.45999999999999996,0.46885663356251583,0.461,0.5282322414427678,4.6,4.6,5.4,5.4
rf,signo_zodiacal_piscis,438,0.5,0.5,0.48428571428571426,0.4,0.43189542483660126,0.46900000000000003,0.5307752047574029,4.0,4.0,6.0,6.0
rf,signo_zodiacal_piscis,439,0.5,0.5,0.5036796536796537,0.56,0.5233384262796028,0.488,0.5508833768570611,5.6,5.6,4.4,4.4
rf,signo_zodiacal_piscis,440,0.5,0.43999999999999995,0.45961538461538465,0.52,0.4834431269213878,0.42799999999999994,0.5107885201313993,5.2,6.4,3.6,4.8
rf,signo_zodiacal_piscis,441,0.5,0.56,0.566025641025641,0.5399999999999999,0.5415371102327624,0.592,0.6336457888516712,5.4,4.2,5.8,4.6
rf,signo_zodiacal_piscis,442,0.5,0.45,0.43238095238095237,0.42000000000000004,0.411921568627451,0.40199999999999997,0.4728931546609566,4.2,5.2,4.8,5.8
rf,signo_zodiacal_piscis,443,0.5,0.54,0.5633333333333334,0.54,0.5208111888111888,0.618,0.62128089145117,5.4,4.6,5.4,4.6
rf,signo_zodiacal_piscis,444,0.5,0.55,0.5490909090909091,0.58,0.5613564213564213,0.5770000000000001,0.5836891300993469,5.8,4.8,5.2,4.2
rf,signo_zodiacal_piscis,445,0.5,0.44000000000000006,0.45041958041958036,0.44000000000000006,0.4319965922711918,0.44299999999999995,0.5096348379862312,4.4,5.6,4.4,5.6
rf,signo_zodiacal_piscis,446,0.5,0.45,0.4478632478632479,0.43999999999999995,0.4411899313501144,0.465,0.5381531889163469,4.4,5.4,4.6,5.6
rf,signo_zodiacal_piscis,447,0.5,0.45999999999999996,0.46591630591630595,0.5,0.4795488721804511,0.446,0.4881706987542901,5.0,5.8,4.2,5.0
rf,signo_zodiacal_piscis,448,0.5,0.52,0.5084498834498834,0.5399999999999999,0.5188531275487798,0.549,0.5715621455427956,5.4,5.0,5.0,4.6
rf,signo_zodiacal_piscis,449,0.5,0.51,0.5224242424242423,0.5199999999999999,0.5124675324675325,0.45099999999999996,0.525679840627209,5.2,5.0,5.0,4.8
rf,signo_zodiacal_piscis,450,0.5,0.43,0.42772727272727273,0.42000000000000004,0.4208369408369408,0.42600000000000005,0.5427855400533419,4.2,5.6,4.4,5.8
rf,signo_zodiacal_piscis,451,0.5,0.4999999999999999,0.4853968253968254,0.48,0.4719298245614034,0.559,0.6263949836712994,4.8,4.8,5.2,5.2
rf,signo_zodiacal_piscis,452,0.5,0.59,0.611965811965812,0.54,0.5635456394609712,0.602,0.6220761738261738,5.4,3.6,6.4,4.6
rf,signo_zodiacal_piscis,453,0.5,0.51,0.48774891774891777,0.5599999999999999,0.5156648841354723,0.45600000000000007,0.5192995456555829,5.6,5.4,4.6,4.4
rf,signo_zodiacal_piscis,454,0.5,0.38,0.375,0.34,0.35459861775651247,0.33399999999999996,0.47432529871229556,3.4,5.8,4.2,6.6
rf,signo_zodiacal_piscis,455,0.5,0.48,0.4766233766233766,0.4,0.4324929971988795,0.514,0.5404674804040128,4.0,4.4,5.6,6.0
rf,signo_zodiacal_piscis,456,0.5,0.4600000000000001,0.4594599844599845,0.45999999999999996,0.45607497003378017,0.45600000000000007,0.5357130642834977,4.6,5.4,4.6,5.4
rf,signo_zodiacal_piscis,457,0.5,0.5900000000000001,0.5819444444444445,0.64,0.6002903529219319,0.6060000000000001,0.6151211725151353,6.4,4.6,5.4,3.6
rf,signo_zodiacal_piscis,458,0.5,0.53,0.5501587301587301,0.38,0.4447402820777434,0.512,0.576673983481259,3.8,3.2,6.8,6.2
rf,signo_zodiacal_piscis,459,0.5,0.47000000000000003,0.4468589743589744,0.54,0.47929157798723016,0.492,0.598230976969367,5.4,6.0,4.0,4.6
rf,signo_zodiacal_piscis,460,0.5,0.5000000000000001,0.49696969696969706,0.58,0.535064935064935,0.48500000000000004,0.5404426482530198,5.8,5.8,4.2,4.2
rf,signo_zodiacal_piscis,461,0.5,0.41,0.4191142191142191,0.42000000000000004,0.4120521164571508,0.41200000000000003,0.5012951966334319,4.2,6.0,4.0,5.8
rf,signo_zodiacal_piscis,462,0.5,0.5599999999999999,0.5565656565656565,0.52,0.5360066833751045,0.546,0.6086984963780628,5.2,4.0,6.0,4.8
rf,signo_zodiacal_piscis,463,0.5,0.58,0.6176767676767676,0.5800000000000001,0.5865914786967419,0.625,0.6774123376623378,5.8,4.2,5.8,4.2
rf,signo_zodiacal_piscis,464,0.5,0.5,0.49818181818181817,0.54,0.5176623376623376,0.503,0.5321218581040563,5.4,5.4,4.6,4.6
rf,signo_zodiacal_piscis,465,0.5,0.45999999999999996,0.4479797979797979,0.4,0.42071846282372594,0.502,0.5487817249829633,4.0,4.8,5.2,6.0
rf,signo_zodiacal_piscis,466,0.5,0.51,0.5152777777777778,0.6,0.5497520023835814,0.522,0.578798970035812,6.0,5.8,4.2,4.0
rf,signo_zodiacal_piscis,467,0.5,0.5,0.4979797979797979,0.41999999999999993,0.4512740183792815,0.536,0.5814720057204577,4.2,4.2,5.8,5.8
rf,signo_zodiacal_piscis,468,0.5,0.51,0.5101587301587301,0.44000000000000006,0.47105607155142754,0.511,0.5446014345131991,4.4,4.2,5.8,5.6
rf,signo_zodiacal_piscis,469,0.5,0.41,0.3962987012987013,0.30000000000000004,0.33527544351073757,0.37100000000000005,0.48275994473362893,3.0,4.8,5.2,7.0
rf,signo_zodiacal_piscis,470,0.5,0.51,0.503896103896104,0.5599999999999999,0.524917239623122,0.47400000000000003,0.5405674607470272,5.6,5.4,4.6,4.4
rf,signo_zodiacal_piscis,471,0.5,0.54,0.5677777777777777,0.48,0.5032262474367737,0.573,0.6436124218918337,4.8,4.0,6.0,5.2
rf,signo_zodiacal_piscis,472,0.5,0.5900000000000001,0.6557142857142857,0.5,0.5364844443482214,0.664,0.722388712165028,5.0,3.2,6.8,5.0
rf,signo_zodiacal_piscis,473,0.5,0.5,0.49428571428571433,0.42000000000000004,0.44543077837195477,0.4659999999999999,0.5357017253472363,4.2,4.2,5.8,5.8
rf,signo_zodiacal_piscis,474,0.5,0.5700000000000001,0.5920079920079921,0.58,0.5740104737547194,0.578,0.620013920290236,5.8,4.4,5.6,4.2
rf,signo_zodiacal_piscis,475,0.5,0.5,0.48571428571428565,0.43999999999999995,0.4564278342916113,0.454,0.5406128793806813,4.4,4.4,5.6,5.6
rf,signo_zodiacal_piscis,476,0.5,0.56,0.5431060606060607,0.5599999999999999,0.529067599067599,0.5569999999999999,0.584201010375933,5.6,4.4,5.6,4.4
rf,signo_zodiacal_piscis,477,0.5,0.63,0.7056060606060606,0.5199999999999999,0.5787301587301587,0.6960000000000001,0.6951631217939267,5.2,2.6,7.4,4.8
rf,signo_zodiacal_piscis,478,0.5,0.4600000000000001,0.46162337662337666,0.42000000000000004,0.43693744164332393,0.45200000000000007,0.5676126045437191,4.2,5.0,5.0,5.8
rf,signo_zodiacal_piscis,479,0.5,0.63,0.6531746031746032,0.56,0.5932803264846609,0.6789999999999999,0.7118632919368214,5.6,3.0,7.0,4.4
rf,signo_zodiacal_piscis,480,0.5,0.4,0.40606060606060607,0.5199999999999999,0.45358441558441553,0.34600000000000003,0.44338491496463633,5.2,7.2,2.8,4.8
rf,signo_zodiacal_piscis,481,0.5,0.44000000000000006,0.42308802308802307,0.38,0.39527495208609764,0.42800000000000005,0.4888246753246753,3.8,5.0,5.0,6.2
rf,signo_zodiacal_piscis,482,0.5,0.4800000000000001,0.4892496392496392,0.45999999999999996,0.4639933166248956,0.523,0.6093729320215389,4.6,5.0,5.0,5.4
rf,signo_zodiacal_piscis,483,0.5,0.5599999999999999,0.5717460317460317,0.52,0.5311733746130031,0.5660000000000001,0.6201338338304283,5.2,4.0,6.0,4.8
rf,signo_zodiacal_piscis,484,0.5,0.48,0.48019480519480523,0.5199999999999999,0.49374952532847266,0.496,0.5789218275704343,5.2,5.6,4.4,4.8
rf,signo_zodiacal_piscis,485,0.5,0.5700000000000001,0.5945454545454545,0.5599999999999999,0.5624242424242424,0.5740000000000001,0.6185760803523961,5.6,4.2,5.8,4.4
rf,signo_zodiacal_piscis,486,0.5,0.5199999999999999,0.5365079365079366,0.42000000000000004,0.46721706226350185,0.506,0.575790729909925,4.2,3.8,6.2,5.8
rf,signo_zodiacal_piscis,487,0.5,0.54,0.541978021978022,0.5599999999999999,0.5449476865845153,0.48100000000000004,0.5569737125619477,5.6,4.8,5.2,4.4
rf,signo_zodiacal_piscis,488,0.5,0.4600000000000001,0.4478138528138528,0.44000000000000006,0.4407877090230031,0.441,0.5441567959903874,4.4,5.2,4.8,5.6
rf,signo_zodiacal_piscis,489,0.5,0.43,0.4333333333333333,0.3,0.3431168831168831,0.42200000000000004,0.5169655277642894,3.0,4.4,5.6,7.0
rf,signo_zodiacal_piscis,490,0.5,0.45999999999999996,0.45634920634920634,0.41999999999999993,0.4287925696594427,0.453,0.5192726652432536,4.2,5.0,5.0,5.8
rf,signo_zodiacal_piscis,491,0.5,0.5599999999999999,0.558986013986014,0.54,0.5404796411318151,0.541,0.5870053653776564,5.4,4.2,5.8,4.6
rf,signo_zodiacal_piscis,492,0.5,0.55,0.5723520923520924,0.54,0.551076085936767,0.5690000000000001,0.631739148708189,5.4,4.4,5.6,4.6
rf,signo_zodiacal_piscis,493,0.5,0.51,0.48571428571428565,0.5800000000000001,0.523249299719888,0.502,0.5720932386327122,5.8,5.6,4.4,4.2
rf,signo_zodiacal_piscis,494,0.5,0.42000000000000004,0.39333333333333337,0.36,0.37186868686868685,0.366,0.5002464886334854,3.6,5.2,4.8,6.4
rf,signo_zodiacal_piscis,495,0.5,0.53,0.5182983682983682,0.54,0.5193148880105402,0.5309999999999999,0.5565691510072316,5.4,4.8,5.2,4.6
rf,signo_zodiacal_piscis,496,0.5,0.61,0.6185353535353536,0.58,0.5969757727652464,0.6,0.6287885692738634,5.8,3.6,6.4,4.2
rf,signo_zodiacal_piscis,497,0.5,0.5199999999999999,0.5145021645021645,0.54,0.5234020881079704,0.502,0.5268679914856385,5.4,5.0,5.0,4.6
rf,signo_zodiacal_piscis,498,0.5,0.49000000000000005,0.5010139860139861,0.45999999999999996,0.4679089026915113,0.495,0.5361393575464783,4.6,4.8,5.2,5.4
rf,signo_zodiacal_piscis,499,0.5,0.4600000000000001,0.4626373626373626,0.42000000000000004,0.4353225348110259,0.476,0.5349339728898552,4.2,5.0,5.0,5.8
rf,signo_zodiacal_piscis,500,0.5,0.4699999999999999,0.4833333333333333,0.52,0.499043062200957,0.4579999999999999,0.5389384792194389,5.2,5.8,4.2,4.8
rf,signo_zodiacal_sagitario,1,0.5,0.45,0.43733766233766236,0.38,0.4030812324929972,0.509,0.6041192120572925,3.8,4.8,5.2,6.2
rf,signo_zodiacal_sagitario,2,0.5,0.45999999999999996,0.4617460317460317,0.42000000000000004,0.43539293867467244,0.44699999999999995,0.5295363437731859,4.2,5.0,5.0,5.8
rf,signo_zodiacal_sagitario,3,0.5,0.55,0.5527777777777778,0.4800000000000001,0.5075358851674642,0.52,0.5833620638047883,4.8,3.8,6.2,5.2
rf,signo_zodiacal_sagitario,4,0.5,0.5599999999999999,0.5611544011544012,0.6000000000000001,0.5608822055137844,0.6120000000000001,0.6752571199010828,6.0,4.8,5.2,4.0
rf,signo_zodiacal_sagitario,5,0.5,0.44000000000000006,0.4458119658119658,0.48,0.460257957145829,0.488,0.5657548197416619,4.8,6.0,4.0,5.2
rf,signo_zodiacal_sagitario,6,0.5,0.49000000000000005,0.4533333333333333,0.45999999999999996,0.44809295967190704,0.517,0.5654705931323578,4.6,4.8,5.2,5.4
rf,signo_zodiacal_sagitario,7,0.5,0.45,0.4262626262626263,0.44000000000000006,0.4298302574618364,0.433,0.4886660720600348,4.4,5.4,4.6,5.6
rf,signo_zodiacal_sagitario,8,0.5,0.48,0.4855555555555555,0.48,0.48143540669856455,0.524,0.6166794316794317,4.8,5.2,4.8,5.2
rf,signo_zodiacal_sagitario,9,0.5,0.51,0.5027777777777779,0.5800000000000001,0.5325358851674642,0.518,0.5934021164593919,5.8,5.6,4.4,4.2
rf,signo_zodiacal_sagitario,10,0.5,0.53,0.5278943278943278,0.54,0.5253789117061428,0.5820000000000001,0.5982891244462453,5.4,4.8,5.2,4.6
rf,signo_zodiacal_sagitario,11,0.5,0.53,0.5356843156843156,0.58,0.549417854098161,0.549,0.5844765751104759,5.8,5.2,4.8,4.2
rf,signo_zodiacal_sagitario,12,0.5,0.51,0.5352564102564102,0.45999999999999996,0.48695652173913045,0.466,0.5328112551363325,4.6,4.4,5.6,5.4
rf,signo_zodiacal_sagitario,13,0.5,0.41999999999999993,0.37682539682539684,0.28,0.3173426212590299,0.39499999999999996,0.4813683369434143,2.8,4.4,5.6,7.2
rf,signo_zodiacal_sagitario,14,0.5,0.49000000000000005,0.4783766233766233,0.5599999999999999,0.510952380952381,0.421,0.5432982505970122,5.6,5.8,4.2,4.4
rf,signo_zodiacal_sagitario,15,0.5,0.5800000000000001,0.6087301587301587,0.5599999999999999,0.5597174755069492,0.677,0.7052828429740193,5.6,4.0,6.0,4.4
rf,signo_zodiacal_sagitario,16,0.5,0.45,0.43924242424242427,0.44000000000000006,0.4362481962481962,0.47000000000000003,0.5914854334691796,4.4,5.4,4.6,5.6
rf,signo_zodiacal_sagitario,17,0.5,0.45999999999999996,0.4588383838383838,0.45999999999999996,0.4572112098427888,0.488,0.5561331805449452,4.6,5.4,4.6,5.4
rf,signo_zodiacal_sagitario,18,0.5,0.56,0.5692002442002442,0.5199999999999999,0.5374942043941908,0.567,0.6027434858742908,5.2,4.0,6.0,4.8
rf,signo_zodiacal_sagitario,19,0.5,0.53,0.5313131313131313,0.5599999999999999,0.5429938482570061,0.504,0.5502761301306193,5.6,5.0,5.0,4.4
rf,signo_zodiacal_sagitario,20,0.5,0.54,0.5383333333333333,0.48,0.5017171717171717,0.521,0.5695805360789881,4.8,4.0,6.0,5.2
rf,signo_zodiacal_sagitario,21,0.5,0.45,0.43896103896103894,0.32,0.3518207282913165,0.51,0.5568666027814635,3.2,4.2,5.8,6.8
rf,signo_zodiacal_sagitario,22,0.5,0.5,0.5074786324786325,0.52,0.5095508864387582,0.51,0.5632205731145359,5.2,5.2,4.8,4.8
rf,signo_zodiacal_sagitario,23,0.5,0.53,0.5276190476190477,0.5399999999999999,0.5285380116959064,0.585,0.6225803275671696,5.4,4.8,5.2,4.6
rf,signo_zodiacal_sagitario,24,0.5,0.53,0.5306915306915307,0.5,0.5068332062039156,0.541,0.5764859672491252,5.0,4.4,5.6,5.0
rf,signo_zodiacal_sagitario,25,0.5,0.48999999999999994,0.47849206349206347,0.42000000000000004,0.44567595459236325,0.45,0.5060205905205906,4.2,4.4,5.6,5.8
rf,signo_zodiacal_sagitario,26,0.5,0.6,0.5954545454545455,0.6,0.5948583580162528,0.5800000000000001,0.6305001120310718,6.0,4.0,6.0,4.0
rf,signo_zodiacal_sagitario,27,0.5,0.56,0.576025641025641,0.58,0.5670724637681159,0.5,0.5719560260001437,5.8,4.6,5.4,4.2
rf,signo_zodiacal_sagitario,28,0.5,0.36,0.34,0.34,0.33619047619047615,0.337,0.46234463171847073,3.4,6.2,3.8,6.6
rf,signo_zodiacal_sagitario,29,0.5,0.45999999999999996,0.4442857142857143,0.4,0.4038095238095238,0.514,0.5971875315946523,4.0,4.8,5.2,6.0
rf,signo_zodiacal_sagitario,30,0.5,0.53,0.54,0.45999999999999996,0.4805555555555556,0.5589999999999999,0.6040828507577733,4.6,4.0,6.0,5.4
rf,signo_zodiacal_sagitario,31,0.5,0.55,0.5606532356532355,0.54,0.5429029832583473,0.532,0.6172541602704141,5.4,4.4,5.6,4.6
rf,signo_zodiacal_sagitario,32,0.5,0.43,0.40829004329004326,0.42000000000000004,0.404937441643324,0.38,0.4758425216854009,4.2,5.6,4.4,5.8
rf,signo_zodiacal_sagitario,33,0.5,0.5599999999999999,0.5427272727272727,0.6599999999999999,0.5925541125541125,0.568,0.5943769526826802,6.6,5.4,4.6,3.4
rf,signo_zodiacal_sagitario,34,0.5,0.49000000000000005,0.49282828282828284,0.5399999999999999,0.5093418394471027,0.496,0.551265111307681,5.4,5.6,4.4,4.6
rf,signo_zodiacal_sagitario,35,0.5,0.47000000000000003,0.47777777777777775,0.43999999999999995,0.4563530037214248,0.48599999999999993,0.5337640857594417,4.4,5.0,5.0,5.6
rf,signo_zodiacal_sagitario,36,0.5,0.47000000000000003,0.4763059163059163,0.43999999999999995,0.4546189001916556,0.4790000000000001,0.5762417566094037,4.4,5.0,5.0,5.6
rf,signo_zodiacal_sagitario,37,0.5,0.6199999999999999,0.6230158730158729,0.6599999999999999,0.631578947368421,0.697,0.7229249977748429,6.6,4.2,5.8,3.4
rf,signo_zodiacal_sagitario,38,0.5,0.52,0.5208236208236208,0.4800000000000001,0.48464639860520864,0.5389999999999999,0.5861241146194707,4.8,4.4,5.6,5.2
rf,signo_zodiacal_sagitario,39,0.5,0.47000000000000003,0.480050505050505,0.48,0.4769803296119085,0.519,0.606650444326915,4.8,5.4,4.6,5.2
rf,signo_zodiacal_sagitario,40,0.5,0.48999999999999994,0.5707070707070707,0.39999999999999997,0.43024227234753554,0.472,0.5237017704517705,4.0,4.2,5.8,6.0
rf,signo_zodiacal_sagitario,41,0.5,0.52,0.5116666666666667,0.5599999999999999,0.532121212121212,0.45899999999999996,0.5117102140205855,5.6,5.2,4.8,4.4
rf,signo_zodiacal_sagitario,42,0.5,0.5800000000000001,0.5728715728715729,0.5199999999999999,0.5391051157305028,0.6039999999999999,0.6216706518455745,5.2,3.6,6.4,4.8
rf,signo_zodiacal_sagitario,43,0.5,0.43,0.41666666666666663,0.4,0.40204678362573104,0.42000000000000004,0.4948839206029609,4.0,5.4,4.6,6.0
rf,signo_zodiacal_sagitario,44,0.5,0.55,0.5334498834498834,0.6199999999999999,0.567219140620675,0.599,0.6515748952629756,6.2,5.2,4.8,3.8
rf,signo_zodiacal_sagitario,45,0.5,0.63,0.6322727272727273,0.6000000000000001,0.6133333333333334,0.619,0.6279303921053148,6.0,3.4,6.6,4.0
rf,signo_zodiacal_sagitario,46,0.5,0.45,0.42428571428571427,0.43999999999999995,0.4222792632204396,0.4029999999999999,0.4715041331217802,4.4,5.4,4.6,5.6
rf,signo_zodiacal_sagitario,47,0.5,0.44000000000000006,0.4336163836163836,0.43999999999999995,0.43221694474891403,0.4499999999999999,0.514150940734532,4.4,5.6,4.4,5.6
rf,signo_zodiacal_sagitario,48,0.5,0.52,0.5283333333333333,0.4600000000000001,0.48464646464646466,0.45899999999999996,0.5340697260256084,4.6,4.2,5.8,5.4
rf,signo_zodiacal_sagitario,49,0.5,0.43,0.43242424242424243,0.52,0.46319480519480527,0.4950000000000001,0.5847789524716769,5.2,6.6,3.4,4.8
rf,signo_zodiacal_sagitario,50,0.5,0.53,0.5361111111111111,0.48,0.5058479532163742,0.568,0.6554382843678509,4.8,4.2,5.8,5.2
rf,signo_zodiacal_sagitario,51,0.5,0.41000000000000003,0.40404761904761904,0.36,0.3770528817587641,0.384,0.46679613850202084,3.6,5.4,4.6,6.4
rf,signo_zodiacal_sagitario,52,0.5,0.44000000000000006,0.40995670995670996,0.36,0.37971521942110176,0.376,0.4830533078033078,3.6,4.8,5.2,6.4
rf,signo_zodiacal_sagitario,53,0.5,0.5,0.5088888888888888,0.45999999999999996,0.473328173374613,0.45,0.5420579436902966,4.6,4.6,5.4,5.4
rf,signo_zodiacal_sagitario,54,0.5,0.41,0.3898834498834499,0.44000000000000006,0.4080707698099003,0.425,0.5218474134224909,4.4,6.2,3.8,5.6
rf,signo_zodiacal_sagitario,55,0.5,0.5799999999999998,0.581868686868687,0.58,0.5779327105642894,0.5740000000000001,0.5824853110425865,5.8,4.2,5.8,4.2
rf,signo_zodiacal_sagitario,56,0.5,0.43999999999999995,0.4309523809523809,0.5,0.45606060606060606,0.477,0.5482644557025361,5.0,6.2,3.8,5.0
rf,signo_zodiacal_sagitario,57,0.5,0.42000000000000004,0.42601398601398605,0.48,0.45033314511575373,0.42300000000000004,0.5098425386103405,4.8,6.4,3.6,5.2
rf,signo_zodiacal_sagitario,58,0.5,0.49000000000000005,0.4938228438228439,0.54,0.5127172344563649,0.4779999999999999,0.5363389476021055,5.4,5.6,4.4,4.6
rf,signo_zodiacal_sagitario,59,0.5,0.45999999999999996,0.45681818181818185,0.48,0.4666666666666666,0.4290000000000001,0.4763228884978112,4.8,5.6,4.4,5.2
rf,signo_zodiacal_sagitario,60,0.5,0.5599999999999999,0.5637529137529137,0.6,0.5706568793525315,0.5860000000000001,0.6192664891867679,6.0,4.8,5.2,4.0
rf,signo_zodiacal_sagitario,61,0.5,0.5,0.47020202020202023,0.44000000000000006,0.4461000987316776,0.546,0.594830888238009,4.4,4.4,5.6,5.6
rf,signo_zodiacal_sagitario,62,0.5,0.64,0.6383838383838384,0.64,0.6385964912280702,0.706,0.717231209966504,6.4,3.6,6.4,3.6
rf,signo_zodiacal_sagitario,63,0.5,0.52,0.513986013986014,0.44000000000000006,0.4554002760524499,0.513,0.5688189669807316,4.4,4.0,6.0,5.6
rf,signo_zodiacal_sagitario,64,0.5,0.52,0.5186147186147185,0.4600000000000001,0.48193277310924365,0.5309999999999999,0.6047158299217122,4.6,4.2,5.8,5.4
rf,signo_zodiacal_sagitario,65,0.5,0.55,0.5518686868686868,0.56,0.5475488721804511,0.596,0.64064142187362,5.6,4.6,5.4,4.4
rf,signo_zodiacal_sagitario,66,0.5,0.48,0.4806637806637807,0.45999999999999996,0.46639593636497656,0.519,0.6019153346653346,4.6,5.0,5.0,5.4
rf,signo_zodiacal_sagitario,67,0.5,0.48,0.4590909090909091,0.4600000000000001,0.4450549450549451,0.502,0.5445578850973588,4.6,5.0,5.0,5.4
rf,signo_zodiacal_sagitario,68,0.5,0.54,0.5238553113553113,0.5800000000000001,0.5338521452971581,0.5970000000000001,0.6152276579629521,5.8,5.0,5.0,4.2
rf,signo_zodiacal_sagitario,69,0.5,0.5,0.4966666666666667,0.5,0.4967464114832536,0.52,0.6101807528556755,5.0,5.0,5.0,5.0
rf,signo_zodiacal_sagitario,70,0.5,0.53,0.5395238095238095,0.4600000000000001,0.48820527253963786,0.5319999999999999,0.5885031737268578,4.6,4.0,6.0,5.4
rf,signo_zodiacal_sagitario,71,0.5,0.48,0.487012987012987,0.42000000000000004,0.4480859010270775,0.499,0.5414753275620149,4.2,4.6,5.4,5.8
rf,signo_zodiacal_sagitario,72,0.5,0.55,0.5474747474747474,0.5599999999999999,0.5528822055137844,0.576,0.6585208039294727,5.6,4.6,5.4,4.4
rf,signo_zodiacal_sagitario,73,0.5,0.4600000000000001,0.4527777777777778,0.43999999999999995,0.444611528822055,0.433,0.5186447735271265,4.4,5.2,4.8,5.6
rf,signo_zodiacal_sagitario,74,0.5,0.48,0.48191808191808194,0.54,0.5035074899525027,0.491,0.5715550082872065,5.4,5.8,4.2,4.6
rf,signo_zodiacal_sagitario,75,0.5,0.41,0.40476190476190477,0.36,0.3770616380523501,0.442,0.5306113612909278,3.6,5.4,4.6,6.4
rf,signo_zodiacal_sagitario,76,0.5,0.49000000000000005,0.4796536796536796,0.4,0.4309683522531819,0.5080000000000001,0.5516265368618309,4.0,4.2,5.8,6.0
rf,signo_zodiacal_sagitario,77,0.5,0.48999999999999994,0.4497002997002998,0.48,0.4501948605529168,0.5080000000000001,0.5543099482217129,4.8,5.0,5.0,5.2
rf,signo_zodiacal_sagitario,78,0.5,0.4,0.40161616161616165,0.4,0.4004010025062657,0.323,0.45421168193691414,4.0,6.0,4.0,6.0
rf,signo_zodiacal_sagitario,79,0.5,0.5,0.5324786324786325,0.52,0.5143488662367381,0.479,0.5698615920543164,5.2,5.2,4.8,4.8
rf,signo_zodiacal_sagitario,80,0.5,0.48,0.47601398601398603,0.5199999999999999,0.4947775895601982,0.5279999999999999,0.5706073181204759,5.2,5.6,4.4,4.8
rf,signo_zodiacal_sagitario,81,0.5,0.53,0.5460606060606061,0.48,0.505079365079365,0.502,0.5658556514864564,4.8,4.2,5.8,5.2
rf,signo_zodiacal_sagitario,82,0.5,0.5199999999999999,0.5218759018759018,0.45999999999999996,0.4772230040341495,0.556,0.6079135395048707,4.6,4.2,5.8,5.4
rf,signo_zodiacal_sagitario,83,0.5,0.48999999999999994,0.48409090909090907,0.42000000000000004,0.4413059163059163,0.45999999999999996,0.5336364176758914,4.2,4.4,5.6,5.8
rf,signo_zodiacal_sagitario,84,0.5,0.54,0.5264102564102564,0.4800000000000001,0.48402942468159865,0.5349999999999999,0.60206776720012,4.8,4.0,6.0,5.2
rf,signo_zodiacal_sagitario,85,0.5,0.53,0.5408369408369408,0.56,0.5392202225019563,0.5549999999999999,0.6106598036466458,5.6,5.0,5.0,4.4
rf,signo_zodiacal_sagitario,86,0.5,0.58,0.5896464646464646,0.5399999999999999,0.561654135338346,0.532,0.5540333924761169,5.4,3.8,6.2,4.6
rf,signo_zodiacal_sagitario,87,0.5,0.45,0.43202020202020197,0.4,0.4021795748111538,0.437,0.534353674533241,4.0,5.0,5.0,6.0
rf,signo_zodiacal_sagitario,88,0.5,0.5599999999999999,0.5547222222222222,0.5599999999999999,0.543987854251012,0.568,0.5671292667600717,5.6,4.4,5.6,4.4
rf,signo_zodiacal_sagitario,89,0.5,0.5,0.5075324675324675,0.5,0.4890644257703081,0.514,0.5695817772698577,5.0,5.0,5.0,5.0
rf,signo_zodiacal_sagitario,90,0.5,0.44000000000000006,0.4434343434343434,0.48,0.45996810207336514,0.45600000000000007,0.5222712004198072,4.8,6.0,4.0,5.2
rf,signo_zodiacal_sagitario,91,0.5,0.5,0.5083333333333333,0.45999999999999996,0.47598899208806333,0.4959999999999999,0.5762998400807998,4.6,4.6,5.4,5.4
rf,signo_zodiacal_sagitario,92,0.5,0.51,0.5127233877233877,0.54,0.5214650592224963,0.477,0.5454682468374419,5.4,5.2,4.8,4.6
rf,signo_zodiacal_sagitario,93,0.5,0.45,0.44848484848484843,0.44000000000000006,0.4425229741019214,0.512,0.5583922090980915,4.4,5.4,4.6,5.6
rf,signo_zodiacal_sagitario,94,0.5,0.54,0.5887723387723388,0.54,0.5444025082469018,0.569,0.653571824804023,5.4,4.6,5.4,4.6
rf,signo_zodiacal_sagitario,95,0.5,0.5,0.5074786324786325,0.5199999999999999,0.5095508864387582,0.45999999999999996,0.5309744499566481,5.2,5.2,4.8,4.8
rf,signo_zodiacal_sagitario,96,0.5,0.44000000000000006,0.4394133644133644,0.48,0.4548109403944644,0.513,0.6322276704203948,4.8,6.0,4.0,5.2
rf,signo_zodiacal_sagitario,97,0.5,0.4699999999999999,0.4822766122766122,0.52,0.4983668657810534,0.502,0.6070318920845237,5.2,5.8,4.2,4.8
rf,signo_zodiacal_sagitario,98,0.5,0.4600000000000001,0.46783216783216786,0.48,0.471668301187752,0.49499999999999994,0.5270290167348991,4.8,5.6,4.4,5.2
rf,signo_zodiacal_sagitario,99,0.5,0.5800000000000001,0.6098484848484849,0.52,0.5535714285714285,0.595,0.6161689656232999,5.2,3.6,6.4,4.8
rf,signo_zodiacal_sagitario,100,0.5,0.5700000000000001,0.5539321789321789,0.4600000000000001,0.4954543220797091,0.5900000000000001,0.6312400530326226,4.6,3.2,6.8,5.4
rf,signo_zodiacal_sagitario,101,0.5,0.37,0.3880952380952381,0.32,0.3284415584415584,0.31,0.4443745001128902,3.2,5.8,4.2,6.8
rf,signo_zodiacal_sagitario,102,0.5,0.5000000000000001,0.49376623376623374,0.38,0.41955182072829134,0.516,0.5742739460402,3.8,3.8,6.2,6.2
rf,signo_zodiacal_sagitario,103,0.5,0.49000000000000005,0.4841208791208791,0.44000000000000006,0.4540267121341291,0.509,0.5522215664452508,4.4,4.6,5.4,5.6
rf,signo_zodiacal_sagitario,104,0.5,0.41,0.3907142857142857,0.32,0.35058823529411764,0.39699999999999996,0.4593213267640513,3.2,5.0,5.0,6.8
rf,signo_zodiacal_sagitario,105,0.5,0.53,0.5316378066378066,0.44000000000000006,0.4757137942896457,0.53,0.588479621685504,4.4,3.8,6.2,5.6
rf,signo_zodiacal_sagitario,106,0.5,0.54,0.5353968253968254,0.6200000000000001,0.5667581073896863,0.531,0.5615719798777075,6.2,5.4,4.6,3.8
rf,signo_zodiacal_sagitario,107,0.5,0.52,0.5175213675213675,0.5399999999999999,0.5247763677969627,0.47000000000000003,0.5284081755877421,5.4,5.0,5.0,4.6
rf,signo_zodiacal_sagitario,108,0.5,0.51,0.5,0.48,0.48750664540138217,0.49399999999999994,0.5769531650839699,4.8,4.6,5.4,5.2
rf,signo_zodiacal_sagitario,109,0.5,0.42000000000000004,0.36111111111111105,0.34,0.3497076023391813,0.418,0.5150861195907636,3.4,5.0,5.0,6.6
rf,signo_zodiacal_sagitario,110,0.5,0.57,0.5821789321789321,0.52,0.5465280849181777,0.618,0.6661567660066112,5.2,3.8,6.2,4.8
rf,signo_zodiacal_sagitario,111,0.5,0.48,0.5097586726998492,0.5,0.4737754355145659,0.508,0.5182582225995539,5.0,5.4,4.6,5.0
rf,signo_zodiacal_sagitario,112,0.5,0.43,0.41829004329004327,0.36,0.3845397808246105,0.42000000000000004,0.5427238066371194,3.6,5.0,5.0,6.4
rf,signo_zodiacal_sagitario,113,0.5,0.54,0.5419780219780219,0.6,0.5616143532511819,0.5790000000000001,0.596774447173054,6.0,5.2,4.8,4.0
rf,signo_zodiacal_sagitario,114,0.5,0.5,0.502020202020202,0.5199999999999999,0.5015882096545712,0.5269999999999999,0.5976123963755542,5.2,5.2,4.8,4.8
rf,signo_zodiacal_sagitario,115,0.5,0.6,0.5953535353535354,0.6,0.5963408521303257,0.5820000000000001,0.6421207963003628,6.0,4.0,6.0,4.0
rf,signo_zodiacal_sagitario,116,0.5,0.42000000000000004,0.38030303030303025,0.34,0.35,0.36500000000000005,0.46131141493525396,3.4,5.0,5.0,6.6
rf,signo_zodiacal_sagitario,117,0.5,0.51,0.511002886002886,0.44000000000000006,0.46955624355005154,0.5479999999999999,0.6039915074605476,4.4,4.2,5.8,5.6
rf,signo_zodiacal_sagitario,118,0.5,0.53,0.5416666666666666,0.4800000000000001,0.5076023391812865,0.546,0.6093004740357681,4.8,4.2,5.8,5.2
rf,signo_zodiacal_sagitario,119,0.5,0.44000000000000006,0.4454545454545455,0.47999999999999987,0.4579365079365079,0.4630000000000001,0.5508765586838342,4.8,6.0,4.0,5.2
rf,signo_zodiacal_sagitario,120,0.5,0.49000000000000005,0.4955555555555556,0.48,0.485826687931951,0.48699999999999993,0.5441514221073044,4.8,5.0,5.0,5.2
rf,signo_zodiacal_sagitario,121,0.5,0.42000000000000004,0.4083333333333334,0.38,0.39149388623072834,0.44299999999999995,0.4949832922495461,3.8,5.4,4.6,6.2
rf,signo_zodiacal_sagitario,122,0.5,0.4,0.3943939393939394,0.34,0.36101503759398496,0.40099999999999997,0.5170194287137012,3.4,5.4,4.6,6.6
rf,signo_zodiacal_sagitario,123,0.5,0.4800000000000001,0.4882117882117882,0.58,0.5284490871447394,0.45999999999999996,0.5308975022225796,5.8,6.2,3.8,4.2
rf,signo_zodiacal_sagitario,124,0.5,0.5,0.4979797979797979,0.48,0.4825871496924128,0.493,0.5404155942097119,4.8,4.8,5.2,5.2
rf,signo_zodiacal_sagitario,125,0.5,0.5,0.513059163059163,0.4800000000000001,0.4912629166499135,0.46799999999999997,0.5120437238200395,4.8,4.8,5.2,5.2
rf,signo_zodiacal_sagitario,126,0.5,0.53,0.5365079365079366,0.5,0.5137348719392063,0.518,0.5555539260361242,5.0,4.4,5.6,5.0
rf,signo_zodiacal_sagitario,127,0.5,0.55,0.5422222222222222,0.5,0.503701754385965,0.509,0.5907471688957757,5.0,4.0,6.0,5.0
rf,signo_zodiacal_sagitario,128,0.5,0.48,0.4511111111111112,0.38,0.4061722488038277,0.4680000000000001,0.5470981612127124,3.8,4.2,5.8,6.2
rf,signo_zodiacal_sagitario,129,0.5,0.54,0.5455988455988456,0.52,0.5280205862249205,0.6060000000000001,0.6186816490183362,5.2,4.4,5.6,4.8
rf,signo_zodiacal_sagitario,130,0.5,0.6,0.607051282051282,0.62,0.6072209509280448,0.6040000000000001,0.6184010427996496,6.2,4.2,5.8,3.8
rf,signo_zodiacal_sagitario,131,0.5,0.32,0.3040659340659341,0.3,0.29845978971298665,0.24900000000000003,0.3984165593608318,3.0,6.6,3.4,7.0
rf,signo_zodiacal_sagitario,132,0.5,0.55,0.5440909090909091,0.5,0.5159523809523809,0.533,0.5721235949293224,5.0,4.0,6.0,5.0
rf,signo_zodiacal_sagitario,133,0.5,0.49000000000000005,0.4975024975024975,0.52,0.5027944774747843,0.501,0.5698677727501257,5.2,5.4,4.6,4.8
rf,signo_zodiacal_sagitario,134,0.5,0.45,0.3753246753246753,0.38,0.37563025210084033,0.4640000000000001,0.5526029336160916,3.8,4.8,5.2,6.2
rf,signo_zodiacal_sagitario,135,0.5,0.49000000000000005,0.47734487734487735,0.48,0.475698604800772,0.542,0.6289020054592809,4.8,5.0,5.0,5.2
rf,signo_zodiacal_sagitario,136,0.5,0.45999999999999996,0.4650349650349651,0.5599999999999999,0.5067287784679089,0.421,0.49971897040008495,5.6,6.4,3.6,4.4
rf,signo_zodiacal_sagitario,137,0.5,0.49000000000000005,0.4996031746031746,0.5199999999999999,0.5008771929824561,0.508,0.5567937242496066,5.2,5.4,4.6,4.8
rf,signo_zodiacal_sagitario,138,0.5,0.43999999999999995,0.42828282828282827,0.44000000000000006,0.43211817422343735,0.376,0.4848053088981882,4.4,5.6,4.4,5.6
rf,signo_zodiacal_sagitario,139,0.5,0.48,0.49848484848484853,0.48,0.48138528138528136,0.45499999999999996,0.5121904549698668,4.8,5.2,4.8,5.2
rf,signo_zodiacal_sagitario,140,0.5,0.5199999999999999,0.5219780219780219,0.45999999999999996,0.4709794326162613,0.545,0.6596434017478909,4.6,4.2,5.8,5.4
rf,signo_zodiacal_sagitario,141,0.5,0.54,0.5472027972027973,0.6,0.567287784679089,0.587,0.6690595319712968,6.0,5.2,4.8,4.0
rf,signo_zodiacal_sagitario,142,0.5,0.55,0.5455555555555556,0.5199999999999999,0.5264832535885167,0.583,0.6295292725850001,5.2,4.2,5.8,4.8
rf,signo_zodiacal_sagitario,143,0.5,0.52,0.5492424242424243,0.5,0.493974624409407,0.5229999999999999,0.5888000873395609,5.0,4.6,5.4,5.0
rf,signo_zodiacal_sagitario,144,0.5,0.43000000000000005,0.4119047619047619,0.42000000000000004,0.41300309597523216,0.4210000000000001,0.4930868318987514,4.2,5.6,4.4,5.8
rf,signo_zodiacal_sagitario,145,0.5,0.4,0.3833333333333333,0.33999999999999997,0.3548511430090377,0.417,0.5136609317754829,3.4,5.4,4.6,6.6
rf,signo_zodiacal_sagitario,146,0.5,0.5,0.49428571428571433,0.5599999999999999,0.518888888888889,0.51,0.5874553965126721,5.6,5.6,4.4,4.4
rf,signo_zodiacal_sagitario,147,0.5,0.5199999999999999,0.514935064935065,0.45999999999999996,0.4802987861811391,0.469,0.5424193690726198,4.6,4.2,5.8,5.4
rf,signo_zodiacal_sagitario,148,0.5,0.49000000000000005,0.4785414585414586,0.48,0.4745812527909715,0.47700000000000004,0.5618416234608185,4.8,5.0,5.0,5.2
rf,signo_zodiacal_sagitario,149,0.5,0.6,0.6303174603174604,0.5399999999999999,0.5787203302373581,0.55,0.5962122718183089,5.4,3.4,6.6,4.6
rf,signo_zodiacal_sagitario,150,0.5,0.5000000000000001,0.5012820512820514,0.6,0.541523935002196,0.49700000000000005,0.559537904475985,6.0,6.0,4.0,4.0
rf,signo_zodiacal_sagitario,151,0.5,0.47000000000000003,0.46601398601398597,0.42000000000000004,0.4323533471359558,0.469,0.5280355559473207,4.2,4.8,5.2,5.8
rf,signo_zodiacal_sagitario,152,0.5,0.57,0.5661005661005661,0.6399999999999999,0.596605644546148,0.586,0.6304934515948448,6.4,5.0,5.0,3.6
rf,signo_zodiacal_sagitario,153,0.5,0.43,0.386984126984127,0.44000000000000006,0.40160268317853454,0.465,0.5526857417608191,4.4,5.8,4.2,5.6
rf,signo_zodiacal_sagitario,154,0.5,0.42000000000000004,0.413044733044733,0.36,0.38157747309450096,0.44299999999999995,0.5215156983539336,3.6,5.2,4.8,6.4
rf,signo_zodiacal_sagitario,155,0.5,0.51,0.5413364413364413,0.5,0.5121717336820312,0.48599999999999993,0.5589835240438955,5.0,4.8,5.2,5.0
rf,signo_zodiacal_sagitario,156,0.5,0.51,0.5149145299145299,0.5599999999999999,0.5290607678616832,0.485,0.5906126285994706,5.6,5.4,4.6,4.4
rf,signo_zodiacal_sagitario,157,0.5,0.65,0.6565811965811965,0.6599999999999999,0.6554233409610984,0.6639999999999999,0.726878971303894,6.6,3.6,6.4,3.4
rf,signo_zodiacal_sagitario,158,0.5,0.47000000000000003,0.46071428571428574,0.4,0.4261437908496732,0.5429999999999999,0.5920129653628105,4.0,4.6,5.4,6.0
rf,signo_zodiacal_sagitario,159,0.5,0.38999999999999996,0.36571428571428577,0.3,0.3283660130718954,0.368,0.4465429036048231,3.0,5.2,4.8,7.0
rf,signo_zodiacal_sagitario,160,0.5,0.4800000000000001,0.4813986013986014,0.45999999999999996,0.4625224292615597,0.4800000000000001,0.5559799911990314,4.6,5.0,5.0,5.4
rf,signo_zodiacal_sagitario,161,0.5,0.41,0.3965367965367966,0.38,0.384386992436528,0.367,0.5290115215881469,3.8,5.6,4.4,6.2
rf,signo_zodiacal_sagitario,162,0.5,0.44000000000000006,0.403986013986014,0.44000000000000006,0.41510218233330354,0.38999999999999996,0.46940959796996945,4.4,5.6,4.4,5.6
rf,signo_zodiacal_sagitario,163,0.5,0.48999999999999994,0.5,0.4,0.43297979797979796,0.5289999999999999,0.5879702611629856,4.0,4.2,5.8,6.0
rf,signo_zodiacal_sagitario,164,0.5,0.52,0.5466666666666666,0.42000000000000004,0.4716666666666667,0.5269999999999999,0.584468383955226,4.2,3.8,6.2,5.8
rf,signo_zodiacal_sagitario,165,0.5,0.39,0.379047619047619,0.38,0.36847340275823254,0.338,0.44882727652464494,3.8,6.0,4.0,6.2
rf,signo_zodiacal_sagitario,166,0.5,0.5900000000000001,0.588939393939394,0.6199999999999999,0.6008080808080807,0.629,0.6479631997689272,6.2,4.4,5.6,3.8
rf,signo_zodiacal_sagitario,167,0.5,0.5199999999999999,0.5188034188034187,0.52,0.5110931974204285,0.5599999999999999,0.6009908214420598,5.2,4.8,5.2,4.8
rf,signo_zodiacal_sagitario,168,0.5,0.53,0.5418315018315019,0.52,0.5251527796473281,0.52,0.5885328162549526,5.2,4.6,5.4,4.8
rf,signo_zodiacal_sagitario,169,0.5,0.39,0.39575757575757575,0.4000000000000001,0.39590187590187587,0.396,0.4766430977003733,4.0,6.2,3.8,6.0
rf,signo_zodiacal_sagitario,170,0.5,0.53,0.5164835164835166,0.5399999999999999,0.5209314847220352,0.549,0.6200270383211559,5.4,4.8,5.2,4.6
rf,signo_zodiacal_sagitario,171,0.5,0.4800000000000001,0.4737373737373737,0.52,0.49260651629072677,0.43899999999999995,0.5426545332032948,5.2,5.6,4.4,4.8
rf,signo_zodiacal_sagitario,172,0.5,0.55,0.5748051948051948,0.4999999999999999,0.5206315253374076,0.558,0.6441261511965846,5.0,4.0,6.0,5.0
rf,signo_zodiacal_sagitario,173,0.5,0.5,0.501978021978022,0.5199999999999999,0.5049476865845153,0.51,0.5819965224833645,5.2,5.2,4.8,4.8
rf,signo_zodiacal_sagitario,174,0.5,0.47000000000000003,0.46207070707070697,0.45999999999999996,0.4594486215538847,0.493,0.5401478325595973,4.6,5.2,4.8,5.4
rf,signo_zodiacal_sagitario,175,0.5,0.41,0.4002020202020202,0.45999999999999996,0.4243909774436091,0.33399999999999996,0.4708353899282692,4.6,6.4,3.6,5.4
rf,signo_zodiacal_sagitario,176,0.5,0.57,0.6376623376623376,0.5599999999999999,0.5507110536522302,0.5930000000000001,0.6270652782889625,5.6,4.2,5.8,4.4
rf,signo_zodiacal_sagitario,177,0.5,0.47000000000000003,0.4774592074592075,0.54,0.5057331074722379,0.49000000000000005,0.5521581284212862,5.4,6.0,4.0,4.6
rf,signo_zodiacal_sagitario,178,0.5,0.4800000000000001,0.48388888888888887,0.32,0.38087719298245615,0.5119999999999999,0.5803371515825075,3.2,3.6,6.4,6.8
rf,signo_zodiacal_sagitario,179,0.5,0.5800000000000001,0.5876190476190477,0.48,0.5243223254213966,0.6199999999999999,0.661240166696049,4.8,3.2,6.8,5.2
rf,signo_zodiacal_sagitario,180,0.5,0.45,0.4166233766233766,0.32,0.35638188608776844,0.373,0.47283966403393646,3.2,4.2,5.8,6.8
rf,signo_zodiacal_sagitario,181,0.5,0.4600000000000001,0.4482828282828283,0.42000000000000004,0.4304010025062657,0.445,0.5037796072176877,4.2,5.0,5.0,5.8
rf,signo_zodiacal_sagitario,182,0.5,0.44000000000000006,0.4284065934065934,0.39999999999999997,0.40788292128445586,0.422,0.5107439680202839,4.0,5.2,4.8,6.0
rf,signo_zodiacal_sagitario,183,0.5,0.54,0.5540909090909091,0.41999999999999993,0.4701027077497666,0.5479999999999999,0.569986603867409,4.2,3.4,6.6,5.8
rf,signo_zodiacal_sagitario,184,0.5,0.41000000000000003,0.39999999999999997,0.28,0.32161654135338347,0.41500000000000004,0.5252319249378072,2.8,4.6,5.4,7.2
rf,signo_zodiacal_sagitario,185,0.5,0.36,0.34098124098124105,0.3,0.31740134650351365,0.34199999999999997,0.47483133945517847,3.0,5.8,4.2,7.0
rf,signo_zodiacal_sagitario,186,0.5,0.58,0.5646353646353647,0.7,0.6239789196310934,0.562,0.5653377249685299,7.0,5.4,4.6,3.0
rf,signo_zodiacal_sagitario,187,0.5,0.47000000000000003,0.4488095238095238,0.41999999999999993,0.42988710635769456,0.45099999999999996,0.5158183560505541,4.2,4.8,5.2,5.8
rf,signo_zodiacal_sagitario,188,0.5,0.5399999999999999,0.5363636363636364,0.5599999999999999,0.5476190476190476,0.497,0.5411198062343574,5.6,4.8,5.2,4.4
rf,signo_zodiacal_sagitario,189,0.5,0.5,0.49880341880341883,0.5,0.49589117721840836,0.485,0.538502376278692,5.0,5.0,5.0,5.0
rf,signo_zodiacal_sagitario,190,0.5,0.36,0.3621212121212122,0.38,0.36960583276372744,0.35900000000000004,0.46342379945475926,3.8,6.6,3.4,6.2
rf,signo_zodiacal_sagitario,191,0.5,0.69,0.6917094017094017,0.72,0.6989626239511824,0.655,0.6929649327280907,7.2,3.4,6.6,2.8
rf,signo_zodiacal_sagitario,192,0.5,0.44000000000000006,0.43000000000000005,0.45999999999999996,0.43315789473684213,0.45099999999999996,0.5370240876254807,4.6,5.8,4.2,5.4
rf,signo_zodiacal_sagitario,193,0.5,0.47000000000000003,0.47721611721611723,0.45999999999999996,0.4625440839951541,0.48600000000000004,0.5565478955169357,4.6,5.2,4.8,5.4
rf,signo_zodiacal_sagitario,194,0.5,0.45999999999999996,0.437040737040737,0.48,0.4545120065916943,0.51,0.5639848468524938,4.8,5.6,4.4,5.2
rf,signo_zodiacal_sagitario,195,0.5,0.44000000000000006,0.4248351648351648,0.42000000000000004,0.4128888630551034,0.383,0.4927712108153285,4.2,5.4,4.6,5.8
rf,signo_zodiacal_sagitario,196,0.5,0.55,0.5653535353535354,0.4800000000000001,0.5061073137388926,0.5860000000000001,0.6778201385817484,4.8,3.8,6.2,5.2
rf,signo_zodiacal_sagitario,197,0.5,0.5700000000000001,0.5777777777777777,0.56,0.5669856459330143,0.565,0.6253734767983994,5.6,4.2,5.8,4.4
rf,signo_zodiacal_sagitario,198,0.5,0.53,0.5261111111111111,0.48,0.49602073365231253,0.518,0.5669215049656227,4.8,4.2,5.8,5.2
rf,signo_zodiacal_sagitario,199,0.5,0.47000000000000003,0.4704761904761905,0.48,0.4572406417112299,0.496,0.5313170146846617,4.8,5.4,4.6,5.2
rf,signo_zodiacal_sagitario,200,0.5,0.53,0.5234065934065933,0.5399999999999999,0.5259158824753116,0.503,0.5272083394761413,5.4,4.8,5.2,4.6
rf,signo_zodiacal_sagitario,201,0.5,0.5,0.49187479187479183,0.5199999999999999,0.5010990624666759,0.46399999999999997,0.551903625614152,5.2,5.2,4.8,4.8
rf,signo_zodiacal_sagitario,202,0.5,0.53,0.5257575757575758,0.54,0.5304473304473304,0.549,0.5262483698791749,5.4,4.8,5.2,4.6
rf,signo_zodiacal_sagitario,203,0.5,0.53,0.5353535353535354,0.5599999999999999,0.5449988607883345,0.5690000000000001,0.6548001779781966,5.6,5.0,5.0,4.4
rf,signo_zodiacal_sagitario,204,0.5,0.49000000000000005,0.5133333333333333,0.52,0.5097161084529505,0.518,0.5882867585630743,5.2,5.4,4.6,4.8
rf,signo_zodiacal_sagitario,205,0.5,0.47000000000000003,0.4832167832167832,0.56,0.5103702350505419,0.48100000000000004,0.5501249588045253,5.6,6.2,3.8,4.4
rf,signo_zodiacal_sagitario,206,0.5,0.42000000000000004,0.4105616605616606,0.42000000000000004,0.41073679315703815,0.37699999999999995,0.4701817641422904,4.2,5.8,4.2,5.8
rf,signo_zodiacal_sagitario,207,0.5,0.54,0.5476190476190477,0.54,0.5390481551472264,0.5429999999999999,0.6326730593967436,5.4,4.6,5.4,4.6
rf,signo_zodiacal_sagitario,208,0.5,0.5800000000000001,0.5935714285714285,0.48,0.5282352941176471,0.6300000000000001,0.6685263990395569,4.8,3.2,6.8,5.2
rf,signo_zodiacal_sagitario,209,0.5,0.51,0.5169108669108669,0.45999999999999996,0.4813688099190859,0.521,0.6004147692692585,4.6,4.4,5.6,5.4
rf,signo_zodiacal_sagitario,210,0.5,0.5,0.47833333333333333,0.5,0.48060606060606065,0.45999999999999996,0.5216325367958494,5.0,5.0,5.0,5.0
rf,signo_zodiacal_sagitario,211,0.5,0.4600000000000001,0.46864468864468867,0.56,0.49985677749360613,0.45099999999999996,0.538585535379653,5.6,6.4,3.6,4.4
rf,signo_zodiacal_sagitario,212,0.5,0.4600000000000001,0.44848484848484843,0.42000000000000004,0.4299498746867168,0.445,0.5301351889424645,4.2,5.0,5.0,5.8
rf,signo_zodiacal_sagitario,213,0.5,0.59,0.6066666666666667,0.58,0.5829824561403509,0.665,0.7001748579937435,5.8,4.0,6.0,4.2
rf,signo_zodiacal_sagitario,214,0.5,0.5000000000000001,0.49662337662337663,0.45999999999999996,0.4747152194211018,0.434,0.49656714896730375,4.6,4.6,5.4,5.4
rf,signo_zodiacal_sagitario,215,0.5,0.42000000000000004,0.40285714285714286,0.33999999999999997,0.3665359477124183,0.454,0.4958136385458366,3.4,5.0,5.0,6.6
rf,signo_zodiacal_sagitario,216,0.5,0.39,0.37708180708180705,0.36,0.36409446463558726,0.396,0.4878699095022624,3.6,5.8,4.2,6.4
rf,signo_zodiacal_sagitario,217,0.5,0.49000000000000005,0.48571428571428577,0.42000000000000004,0.44836601307189544,0.5389999999999999,0.5868480039052794,4.2,4.4,5.6,5.8
rf,signo_zodiacal_sagitario,218,0.5,0.4600000000000001,0.4376923076923077,0.39999999999999997,0.4048704435660958,0.509,0.5487540978113733,4.0,4.8,5.2,6.0
rf,signo_zodiacal_sagitario,219,0.5,0.48,0.490952380952381,0.5,0.48111764705882354,0.4710000000000001,0.5366033231474407,5.0,5.4,4.6,5.0
rf,signo_zodiacal_sagitario,220,0.5,0.52,0.5266666666666666,0.44000000000000006,0.45561771561771564,0.469,0.540571805645335,4.4,4.0,6.0,5.6
rf,signo_zodiacal_sagitario,221,0.5,0.6199999999999999,0.6105494505494505,0.6599999999999999,0.6174967061923583,0.653,0.680173639054444,6.6,4.2,5.8,3.4
rf,signo_zodiacal_sagitario,222,0.5,0.6200000000000001,0.615909090909091,0.64,0.6253968253968253,0.693,0.7120926132690838,6.4,4.0,6.0,3.6
rf,signo_zodiacal_sagitario,223,0.5,0.55,0.5542857142857143,0.4999999999999999,0.5209863339275105,0.575,0.6508109363976236,5.0,4.0,6.0,5.0
rf,signo_zodiacal_sagitario,224,0.5,0.48,0.4800000000000001,0.43999999999999995,0.4399797979797979,0.454,0.5223405950774371,4.4,4.8,5.2,5.6
rf,signo_zodiacal_sagitario,225,0.5,0.49000000000000005,0.4903762903762903,0.6,0.5386222473178994,0.499,0.5891634917370212,6.0,6.2,3.8,4.0
rf,signo_zodiacal_sagitario,226,0.5,0.45999999999999996,0.43809523809523815,0.44000000000000006,0.42956030897207376,0.413,0.5282224364902384,4.4,5.2,4.8,5.6
rf,signo_zodiacal_sagitario,227,0.5,0.56,0.5771367521367521,0.5399999999999999,0.5472043085315397,0.605,0.6664097913610296,5.4,4.2,5.8,4.6
rf,signo_zodiacal_sagitario,228,0.5,0.5,0.5034188034188034,0.5599999999999999,0.5277928021635115,0.479,0.5199290339863095,5.6,5.6,4.4,4.4
rf,signo_zodiacal_sagitario,229,0.5,0.48,0.46424242424242423,0.5599999999999999,0.504046176046176,0.489,0.5258435706020845,5.6,6.0,4.0,4.4
rf,signo_zodiacal_sagitario,230,0.5,0.42000000000000004,0.4241161616161616,0.48,0.4438508859561491,0.369,0.47046231443135467,4.8,6.4,3.6,5.2
rf,signo_zodiacal_sagitario,231,0.5,0.54,0.5431746031746032,0.5199999999999999,0.5278519828984225,0.542,0.5681622246003051,5.2,4.4,5.6,4.8
rf,signo_zodiacal_sagitario,232,0.5,0.51,0.525,0.36000000000000004,0.4242690058479532,0.539,0.6201411289089307,3.6,3.4,6.6,6.4
rf,signo_zodiacal_sagitario,233,0.5,0.47000000000000003,0.4517171717171717,0.41999999999999993,0.4317543859649122,0.41,0.4991894978086928,4.2,4.8,5.2,5.8
rf,signo_zodiacal_sagitario,234,0.5,0.49000000000000005,0.48913308913308917,0.48,0.48019921927581094,0.5309999999999999,0.6171918632622966,4.8,5.0,5.0,5.2
rf,signo_zodiacal_sagitario,235,0.5,0.36,0.3622222222222222,0.38,0.3691866028708134,0.321,0.4575437556939105,3.8,6.6,3.4,6.2
rf,signo_zodiacal_sagitario,236,0.5,0.5700000000000001,0.6030303030303029,0.4600000000000001,0.49804639804639805,0.524,0.5972012725836255,4.6,3.2,6.8,5.4
rf,signo_zodiacal_sagitario,237,0.5,0.38,0.3466666666666666,0.33999999999999997,0.3326666666666667,0.297,0.4403468225101351,3.4,5.8,4.2,6.6
rf,signo_zodiacal_sagitario,238,0.5,0.55,0.5624242424242424,0.5,0.5231746031746032,0.566,0.5946340365001356,5.0,4.0,6.0,5.0
rf,signo_zodiacal_sagitario,239,0.5,0.44000000000000006,0.454048174048174,0.5,0.473461915658712,0.40599999999999986,0.5049669805598598,5.0,6.2,3.8,5.0
rf,signo_zodiacal_sagitario,240,0.5,0.5,0.4866666666666667,0.42000000000000004,0.445,0.515,0.5728410925160151,4.2,4.2,5.8,5.8
rf,signo_zodiacal_sagitario,241,0.5,0.45,0.45555555555555555,0.44000000000000006,0.4438064859117491,0.485,0.5606508101461661,4.4,5.4,4.6,5.6
rf,signo_zodiacal_sagitario,242,0.5,0.51,0.5205194805194805,0.6199999999999999,0.5610257461836409,0.5200000000000001,0.5860365021115794,6.2,6.0,4.0,3.8
rf,signo_zodiacal_sagitario,243,0.5,0.38999999999999996,0.3983877233877234,0.42000000000000004,0.4057990826869545,0.38900000000000007,0.4956495797803847,4.2,6.4,3.6,5.8
rf,signo_zodiacal_sagitario,244,0.5,0.49000000000000005,0.49276213982096334,0.5599999999999999,0.5124319750783609,0.43899999999999995,0.5052620359516644,5.6,5.8,4.2,4.4
rf,signo_zodiacal_sagitario,245,0.5,0.49000000000000005,0.4896464646464647,0.45999999999999996,0.472765246449457,0.487,0.5612739046299418,4.6,4.8,5.2,5.4
rf,signo_zodiacal_sagitario,246,0.5,0.43000000000000005,0.4031385281385281,0.33999999999999997,0.3646985109833407,0.413,0.5094377191436015,3.4,4.8,5.2,6.6
rf,signo_zodiacal_sagitario,247,0.5,0.48,0.44909090909090904,0.48,0.455928226363009,0.49499999999999994,0.600662400894599,4.8,5.2,4.8,5.2
rf,signo_zodiacal_sagitario,248,0.5,0.55,0.5535353535353535,0.48,0.5097535505430242,0.556,0.5967209702062644,4.8,3.8,6.2,5.2
rf,signo_zodiacal_sagitario,249,0.5,0.49000000000000005,0.5145299145299146,0.42000000000000004,0.448558352402746,0.48600000000000004,0.6022980455217298,4.2,4.4,5.6,5.8
rf,signo_zodiacal_sagitario,250,0.5,0.48999999999999994,0.5211111111111111,0.42000000000000004,0.45097744360902253,0.5349999999999999,0.5662933177933178,4.2,4.4,5.6,5.8
rf,signo_zodiacal_sagitario,251,0.5,0.37,0.33939393939393947,0.4,0.3670995670995671,0.304,0.45056737363084104,4.0,6.6,3.4,6.0
rf,signo_zodiacal_sagitario,252,0.5,0.62,0.6227272727272728,0.5800000000000001,0.5968253968253968,0.641,0.6372127394449376,5.8,3.4,6.6,4.2
rf,signo_zodiacal_sagitario,253,0.5,0.5700000000000001,0.5719191919191919,0.6,0.5840783777625883,0.6299999999999999,0.681032844606374,6.0,4.6,5.4,4.0
rf,signo_zodiacal_sagitario,254,0.5,0.51,0.5472960372960373,0.54,0.529184265010352,0.535,0.6021678599178598,5.4,5.2,4.8,4.6
rf,signo_zodiacal_sagitario,255,0.5,0.47000000000000003,0.4675641025641026,0.52,0.480415458937198,0.475,0.5677442553146886,5.2,5.8,4.2,4.8
rf,signo_zodiacal_sagitario,256,0.5,0.5,0.5099567099567099,0.4,0.4436041083099907,0.483,0.5443244614862263,4.0,4.0,6.0,6.0
rf,signo_zodiacal_sagitario,257,0.5,0.5800000000000001,0.5773626373626373,0.56,0.5621369707303211,0.5479999999999999,0.6103284150490033,5.6,4.0,6.0,4.4
rf,signo_zodiacal_sagitario,258,0.5,0.5599999999999999,0.5761904761904761,0.5,0.5328517371861026,0.599,0.624092322108576,5.0,3.8,6.2,5.0
rf,signo_zodiacal_sagitario,259,0.5,0.52,0.5052197802197802,0.4800000000000001,0.4813912785140406,0.501,0.5326778735540346,4.8,4.4,5.6,5.2
rf,signo_zodiacal_sagitario,260,0.5,0.6200000000000001,0.6305339105339105,0.58,0.6005543269939555,0.602,0.6363371442798688,5.8,3.4,6.6,4.2
rf,signo_zodiacal_sagitario,261,0.5,0.49000000000000005,0.49610389610389616,0.45999999999999996,0.4734827264239029,0.46299999999999997,0.5380302105874861,4.6,4.8,5.2,5.4
rf,signo_zodiacal_sagitario,262,0.5,0.35,0.33034188034188033,0.33999999999999997,0.3278540554284261,0.34,0.44719216078039603,3.4,6.4,3.6,6.6
rf,signo_zodiacal_sagitario,263,0.5,0.44000000000000006,0.43519480519480513,0.38,0.4026890756302521,0.42400000000000004,0.5102962162536466,3.8,5.0,5.0,6.2
rf,signo_zodiacal_sagitario,264,0.5,0.55,0.5476923076923077,0.54,0.5401017035341977,0.5349999999999999,0.5852427186676412,5.4,4.4,5.6,4.6
rf,signo_zodiacal_sagitario,265,0.5,0.55,0.5417929292929292,0.6,0.5611850138165927,0.5690000000000001,0.6020696705255528,6.0,5.0,5.0,4.0
rf,signo_zodiacal_sagitario,266,0.5,0.53,0.5438095238095239,0.43999999999999995,0.4838114895080839,0.5509999999999999,0.6253305783483801,4.4,3.8,6.2,5.6
rf,signo_zodiacal_sagitario,267,0.5,0.43,0.429047619047619,0.44000000000000006,0.4305882352941176,0.43000000000000005,0.5503217632041161,4.4,5.8,4.2,5.6
rf,signo_zodiacal_sagitario,268,0.5,0.51,0.5089743589743589,0.4,0.4337129054520359,0.537,0.6079274614274613,4.0,3.8,6.2,6.0
rf,signo_zodiacal_sagitario,269,0.5,0.4600000000000001,0.44840659340659333,0.45999999999999996,0.4417391304347825,0.469,0.5319388111888113,4.6,5.4,4.6,5.4
rf,signo_zodiacal_sagitario,270,0.5,0.51,0.5083333333333333,0.42000000000000004,0.45768833849329205,0.49000000000000005,0.5313064892623716,4.2,4.0,6.0,5.8
rf,signo_zodiacal_sagitario,271,0.5,0.49000000000000005,0.49812409812409814,0.5,0.4937530993258547,0.504,0.5562347919538322,5.0,5.2,4.8,5.0
rf,signo_zodiacal_sagitario,272,0.5,0.58,0.5920707070707071,0.6199999999999999,0.5990509607351713,0.5479999999999999,0.5787048943488571,6.2,4.6,5.4,3.8
rf,signo_zodiacal_sagitario,273,0.5,0.49000000000000005,0.49230769230769234,0.56,0.5229625447016752,0.48,0.5385365749661415,5.6,5.8,4.2,4.4
rf,signo_zodiacal_sagitario,274,0.5,0.52,0.518974358974359,0.54,0.5159969488939741,0.583,0.6419981662644201,5.4,5.0,5.0,4.6
rf,signo_zodiacal_sagitario,275,0.5,0.53,0.5342857142857144,0.48,0.5035913312693499,0.5740000000000001,0.6039465605773655,4.8,4.2,5.8,5.2
rf,signo_zodiacal_sagitario,276,0.5,0.54,0.5390909090909091,0.6200000000000001,0.5731948051948053,0.568,0.6596463161021984,6.2,5.4,4.6,3.8
rf,signo_zodiacal_sagitario,277,0.5,0.45999999999999996,0.45555555555555555,0.5,0.4735588972431078,0.514,0.5871510880760107,5.0,5.8,4.2,5.0
rf,signo_zodiacal_sagitario,278,0.5,0.4699999999999999,0.4800000000000001,0.5,0.48406698564593303,0.449,0.5497292744235469,5.0,5.6,4.4,5.0
rf,signo_zodiacal_sagitario,279,0.5,0.36000000000000004,0.36849206349206354,0.44000000000000006,0.3956810207336523,0.34800000000000003,0.4595392912041518,4.4,7.2,2.8,5.6
rf,signo_zodiacal_sagitario,280,0.5,0.5,0.48588235294117654,0.68,0.5630909090909091,0.55,0.612229973672698,6.8,6.8,3.2,3.2
rf,signo_zodiacal_sagitario,281,0.5,0.6,0.6188034188034188,0.5599999999999999,0.5796338672768878,0.591,0.6288916822771311,5.6,3.6,6.4,4.4
rf,signo_zodiacal_sagitario,282,0.5,0.45,0.43090909090909085,0.44000000000000006,0.4306926406926406,0.43099999999999994,0.51958097724429,4.4,5.4,4.6,5.6
rf,signo_zodiacal_sagitario,283,0.5,0.52,0.5215584415584416,0.48,0.4963398692810457,0.5279999999999999,0.5960670146846618,4.8,4.4,5.6,5.2
rf,signo_zodiacal_sagitario,284,0.5,0.51,0.5028282828282828,0.54,0.5173684210526316,0.522,0.6289654696009185,5.4,5.2,4.8,4.6
rf,signo_zodiacal_sagitario,285,0.5,0.45999999999999996,0.47712509712509715,0.56,0.5115963030104906,0.433,0.5047835960908716,5.6,6.4,3.6,4.4
rf,signo_zodiacal_sagitario,286,0.5,0.53,0.5424603174603174,0.43999999999999995,0.48355693154454765,0.5190000000000001,0.5745647860911018,4.4,3.8,6.2,5.6
rf,signo_zodiacal_sagitario,287,0.5,0.47000000000000003,0.46904761904761905,0.41999999999999993,0.4332144979203803,0.462,0.5531516994357552,4.2,4.8,5.2,5.8
rf,signo_zodiacal_sagitario,288,0.5,0.5599999999999999,0.5791208791208791,0.56,0.5614801943244533,0.5549999999999999,0.5917298149047374,5.6,4.4,5.6,4.4
rf,signo_zodiacal_sagitario,289,0.5,0.44000000000000006,0.42666666666666664,0.42000000000000004,0.4084242424242424,0.46399999999999997,0.5571125192317143,4.2,5.4,4.6,5.8
rf,signo_zodiacal_sagitario,290,0.5,0.52,0.5172727272727273,0.6199999999999999,0.5613333333333334,0.5309999999999999,0.5610910180290986,6.2,5.8,4.2,3.8
rf,signo_zodiacal_sagitario,291,0.5,0.53,0.5516666666666666,0.48,0.4985858585858586,0.592,0.6619059073881055,4.8,4.2,5.8,5.2
rf,signo_zodiacal_sagitario,292,0.5,0.51,0.4821428571428571,0.4800000000000001,0.4645941770647653,0.487,0.5738018990813109,4.8,4.6,5.4,5.2
rf,signo_zodiacal_sagitario,293,0.5,0.55,0.5670995670995671,0.52,0.5392009435353089,0.506,0.6032416411417959,5.2,4.2,5.8,4.8
rf,signo_zodiacal_sagitario,294,0.5,0.5599999999999999,0.5674242424242424,0.5800000000000001,0.5698944330523277,0.584,0.5885972970957492,5.8,4.6,5.4,4.2
rf,signo_zodiacal_sagitario,295,0.5,0.4,0.3980952380952381,0.38,0.3829946524064171,0.339,0.445460671509433,3.8,5.8,4.2,6.2
rf,signo_zodiacal_sagitario,296,0.5,0.55,0.5512709512709513,0.5599999999999999,0.5496913639597716,0.579,0.6009938466246515,5.6,4.6,5.4,4.4
rf,signo_zodiacal_sagitario,297,0.5,0.51,0.5173076923076924,0.5,0.4999827467218771,0.534,0.5616593934960808,5.0,4.8,5.2,5.0
rf,signo_zodiacal_sagitario,298,0.5,0.49000000000000005,0.48571428571428565,0.38,0.4241830065359477,0.47400000000000003,0.556071334496257,3.8,4.0,6.0,6.2
rf,signo_zodiacal_sagitario,299,0.5,0.55,0.557936507936508,0.5,0.5195906432748538,0.5830000000000001,0.6118905159168317,5.0,4.0,6.0,5.0
rf,signo_zodiacal_sagitario,300,0.5,0.43,0.4409090909090909,0.48,0.45685425685425685,0.47000000000000003,0.5215879851143008,4.8,6.2,3.8,5.2
rf,signo_zodiacal_sagitario,301,0.5,0.52,0.540952380952381,0.52,0.5183333333333333,0.539,0.5984624274933873,5.2,4.8,5.2,4.8
rf,signo_zodiacal_sagitario,302,0.5,0.48999999999999994,0.4992424242424242,0.52,0.5063492063492064,0.454,0.53805154262662,5.2,5.4,4.6,4.8
rf,signo_zodiacal_sagitario,303,0.5,0.51,0.5457142857142857,0.44000000000000006,0.47137254901960784,0.403,0.5037848216455026,4.4,4.2,5.8,5.6
rf,signo_zodiacal_sagitario,304,0.5,0.41,0.38476800976800973,0.38,0.3787544308341185,0.41600000000000004,0.5031429101514241,3.8,5.6,4.4,6.2
rf,signo_zodiacal_sagitario,305,0.5,0.42000000000000004,0.3975757575757576,0.36,0.3676623376623377,0.438,0.5325227525312664,3.6,5.2,4.8,6.4
rf,signo_zodiacal_sagitario,306,0.5,0.43,0.42388888888888887,0.41999999999999993,0.4199681020733652,0.43499999999999994,0.5429748250545463,4.2,5.6,4.4,5.8
rf,signo_zodiacal_sagitario,307,0.5,0.4,0.395,0.33999999999999997,0.3616666666666667,0.382,0.49710044857103675,3.4,5.4,4.6,6.6
rf,signo_zodiacal_sagitario,308,0.5,0.47000000000000003,0.4666666666666666,0.5,0.4783891547049442,0.44299999999999995,0.5267448230304268,5.0,5.6,4.4,5.0
rf,signo_zodiacal_sagitario,309,0.5,0.41000000000000003,0.42363636363636364,0.52,0.4640952380952381,0.41400000000000003,0.4827704707573128,5.2,7.0,3.0,4.8
rf,signo_zodiacal_sagitario,310,0.5,0.42000000000000004,0.41222222222222227,0.43999999999999995,0.42065497076023395,0.394,0.48675910364145647,4.4,6.0,4.0,5.6
rf,signo_zodiacal_sagitario,311,0.5,0.6599999999999999,0.7315584415584416,0.54,0.6031652661064426,0.669,0.7462539673948344,5.4,2.2,7.8,4.6
rf,signo_zodiacal_sagitario,312,0.5,0.45,0.4307442557442557,0.44000000000000006,0.43070271586895625,0.404,0.47852130325814535,4.4,5.4,4.6,5.6
rf,signo_zodiacal_sagitario,313,0.5,0.55,0.513986013986014,0.54,0.516528475338544,0.529,0.5607716999203067,5.4,4.4,5.6,4.6
rf,signo_zodiacal_sagitario,314,0.5,0.43000000000000005,0.41803751803751804,0.34,0.3718831392206005,0.47300000000000003,0.571618655424383,3.4,4.8,5.2,6.6
rf,signo_zodiacal_sagitario,315,0.5,0.6399999999999999,0.6515151515151515,0.66,0.6460636886333481,0.633,0.6971559278354944,6.6,3.8,6.2,3.4
rf,signo_zodiacal_sagitario,316,0.5,0.6199999999999999,0.6247402597402598,0.5800000000000001,0.5976097105508871,0.628,0.6603114446612899,5.8,3.4,6.6,4.2
rf,signo_zodiacal_sagitario,317,0.5,0.38,0.3788034188034188,0.41999999999999993,0.39657166631995,0.31100000000000005,0.426473065548143,4.2,6.6,3.4,5.8
rf,signo_zodiacal_sagitario,318,0.5,0.39,0.4086247086247086,0.5199999999999999,0.45688876341050255,0.329,0.4523619461034321,5.2,7.4,2.6,4.8
rf,signo_zodiacal_sagitario,319,0.5,0.47000000000000003,0.45555555555555555,0.42000000000000004,0.42865497076023396,0.48200000000000004,0.5373522735434499,4.2,4.8,5.2,5.8
rf,signo_zodiacal_sagitario,320,0.5,0.43,0.44390720390720395,0.52,0.4713892702771421,0.39899999999999997,0.5049354842783635,5.2,6.6,3.4,4.8
rf,signo_zodiacal_sagitario,321,0.5,0.6000000000000001,0.6174242424242424,0.5599999999999999,0.555161943319838,0.569,0.576272070035228,5.6,3.6,6.4,4.4
rf,signo_zodiacal_sagitario,322,0.5,0.4800000000000001,0.47000000000000003,0.44000000000000006,0.445,0.465,0.5471105124665496,4.4,4.8,5.2,5.6
rf,signo_zodiacal_sagitario,323,0.5,0.47000000000000003,0.4615184815184815,0.48,0.46590914626720253,0.48500000000000004,0.577818801511526,4.8,5.4,4.6,5.2
rf,signo_zodiacal_sagitario,324,0.5,0.5,0.5083694083694084,0.42000000000000004,0.45657280456042065,0.5349999999999999,0.6216518393886815,4.2,4.2,5.8,5.8
rf,signo_zodiacal_sagitario,325,0.5,0.5700000000000001,0.5735714285714286,0.54,0.5474509803921569,0.5830000000000001,0.6605025621952866,5.4,4.0,6.0,4.6
rf,signo_zodiacal_sagitario,326,0.5,0.5,0.495,0.5,0.4937373737373737,0.528,0.6258581708109572,5.0,5.0,5.0,5.0
rf,signo_zodiacal_sagitario,327,0.5,0.45999999999999996,0.4768253968253968,0.44000000000000006,0.4516030271757826,0.4659999999999999,0.5350546414369944,4.4,5.2,4.8,5.6
rf,signo_zodiacal_sagitario,328,0.5,0.5800000000000001,0.6055555555555555,0.5599999999999999,0.5672408293460925,0.616,0.6661324949560243,5.6,4.0,6.0,4.4
rf,signo_zodiacal_sagitario,329,0.5,0.5700000000000001,0.5526739926739926,0.6599999999999999,0.5800124223602484,0.571,0.5769257568197197,6.6,5.2,4.8,3.4
rf,signo_zodiacal_sagitario,330,0.5,0.45,0.4361771561771562,0.44000000000000006,0.42870654898114857,0.4800000000000001,0.5344373218800463,4.4,5.4,4.6,5.6
rf,signo_zodiacal_sagitario,331,0.5,0.47000000000000003,0.4774170274170274,0.44000000000000006,0.453364248410688,0.479,0.5514172684041105,4.4,5.0,5.0,5.6
rf,signo_zodiacal_sagitario,332,0.5,0.48,0.4795238095238095,0.48,0.4717825311942959,0.575,0.5810965025686388,4.8,5.2,4.8,5.2
rf,signo_zodiacal_sagitario,333,0.5,0.5200000000000001,0.5287301587301588,0.48,0.49917878475154015,0.475,0.5389721205866718,4.8,4.4,5.6,5.2
rf,signo_zodiacal_sagitario,334,0.5,0.47000000000000003,0.46811188811188814,0.5199999999999999,0.48855762594893026,0.45699999999999996,0.5322244267600305,5.2,5.8,4.2,4.8
rf,signo_zodiacal_sagitario,335,0.5,0.56,0.5477777777777779,0.52,0.5288516746411484,0.542,0.5633444610944611,5.2,4.0,6.0,4.8
rf,signo_zodiacal_sagitario,336,0.5,0.5,0.5133333333333333,0.54,0.5223157894736842,0.491,0.5567392540380156,5.4,5.4,4.6,4.6
rf,signo_zodiacal_sagitario,337,0.5,0.44000000000000006,0.467099567099567,0.44000000000000006,0.44924879042526095,0.42700000000000005,0.5200235851180124,4.4,5.6,4.4,5.6
rf,signo_zodiacal_sagitario,338,0.5,0.52,0.5326190476190475,0.5199999999999999,0.5172287581699347,0.521,0.5861063925754328,5.2,4.8,5.2,4.8
rf,signo_zodiacal_sagitario,339,0.5,0.43999999999999995,0.41904761904761906,0.32,0.3532266495114792,0.476,0.5053718858540841,3.2,4.4,5.6,6.8
rf,signo_zodiacal_sagitario,340,0.5,0.45999999999999996,0.4682435211846977,0.5800000000000001,0.5133425350816655,0.465,0.5306805302540598,5.8,6.6,3.4,4.2
rf,signo_zodiacal_sagitario,341,0.5,0.6,0.6015584415584415,0.52,0.5521568627450981,0.569,0.5847123601372827,5.2,3.2,6.8,4.8
rf,signo_zodiacal_sagitario,342,0.5,0.56,0.5557575757575757,0.6,0.575146958304853,0.545,0.5981113423040668,6.0,4.8,5.2,4.0
rf,signo_zodiacal_sagitario,343,0.5,0.6100000000000001,0.611111111111111,0.6199999999999999,0.6052631578947368,0.65,0.666975070251386,6.2,4.0,6.0,3.8
rf,signo_zodiacal_sagitario,344,0.5,0.4600000000000001,0.4676495726495727,0.45999999999999996,0.46149504195270785,0.462,0.5474774947274947,4.6,5.4,4.6,5.4
rf,signo_zodiacal_sagitario,345,0.5,0.51,0.5177777777777777,0.48,0.4853099415204678,0.5770000000000001,0.6248334688187629,4.8,4.6,5.4,5.2
rf,signo_zodiacal_sagitario,346,0.5,0.59,0.6172727272727272,0.52,0.5305062656641605,0.6130000000000001,0.6763899690780495,5.2,3.4,6.6,4.8
rf,signo_zodiacal_sagitario,347,0.5,0.49000000000000005,0.47833333333333333,0.5,0.4852046783625731,0.5,0.5544012343865286,5.0,5.2,4.8,5.0
rf,signo_zodiacal_sagitario,348,0.5,0.48999999999999994,0.49562881562881567,0.5399999999999999,0.5122654462242562,0.47000000000000003,0.5376996336996337,5.4,5.6,4.4,4.6
rf,signo_zodiacal_sagitario,349,0.5,0.5399999999999999,0.5540848040848041,0.5599999999999999,0.5498441523478541,0.503,0.5547884045778783,5.6,4.8,5.2,4.4
rf,signo_zodiacal_sagitario,350,0.5,0.5599999999999999,0.5592074592074592,0.62,0.5857172575708045,0.507,0.5437701932570352,6.2,5.0,5.0,3.8
rf,signo_zodiacal_sagitario,351,0.5,0.4,0.41,0.38,0.38834224598930484,0.40499999999999997,0.49700854657897997,3.8,5.8,4.2,6.2
rf,signo_zodiacal_sagitario,352,0.5,0.44000000000000006,0.44968864468864467,0.48,0.4586168319349098,0.479,0.5265885960444784,4.8,6.0,4.0,5.2
rf,signo_zodiacal_sagitario,353,0.5,0.4699999999999999,0.4515873015873016,0.41999999999999993,0.4316414923226068,0.45599999999999996,0.5317769756902884,4.2,4.8,5.2,5.8
rf,signo_zodiacal_sagitario,354,0.5,0.55,0.5906349206349206,0.45999999999999996,0.4953577691658187,0.5170000000000001,0.6026257529020687,4.6,3.6,6.4,5.4
rf,signo_zodiacal_sagitario,355,0.5,0.5,0.5017760017760018,0.52,0.5043963081384,0.492,0.5786463002082197,5.2,5.2,4.8,4.8
rf,signo_zodiacal_sagitario,356,0.5,0.5000000000000001,0.47565323565323564,0.4600000000000001,0.45845853881390297,0.44000000000000006,0.5174347770392662,4.6,4.6,5.4,5.4
rf,signo_zodiacal_sagitario,357,0.5,0.36000000000000004,0.3725,0.5199999999999999,0.4275213675213676,0.35600000000000004,0.48370830313477375,5.2,8.0,2.0,4.8
rf,signo_zodiacal_sagitario,358,0.5,0.38,0.2877272727272727,0.24,0.25785714285714284,0.292,0.4370865395354559,2.4,4.8,5.2,7.6
rf,signo_zodiacal_sagitario,359,0.5,0.5,0.4981818181818182,0.58,0.5343290043290043,0.5469999999999999,0.6248750916266397,5.8,5.8,4.2,4.2
rf,signo_zodiacal_sagitario,360,0.5,0.49000000000000005,0.49028749028749025,0.5,0.4923177508989866,0.45599999999999996,0.5193164254046607,5.0,5.2,4.8,5.0
rf,signo_zodiacal_sagitario,361,0.5,0.5199999999999999,0.5167832167832167,0.5800000000000001,0.543095551791204,0.5670000000000001,0.6434004493958054,5.8,5.4,4.6,4.2
rf,signo_zodiacal_sagitario,362,0.5,0.44000000000000006,0.44202020202020204,0.44000000000000006,0.4405012531328321,0.442,0.5250519762315428,4.4,5.6,4.4,5.6
rf,signo_zodiacal_sagitario,363,0.5,0.45,0.4181746031746032,0.36,0.3807524157988554,0.42400000000000004,0.4930631507295594,3.6,4.6,5.4,6.4
rf,signo_zodiacal_sagitario,364,0.5,0.52,0.5303030303030303,0.52,0.5240601503759399,0.502,0.5451248381821137,5.2,4.8,5.2,4.8
rf,signo_zodiacal_sagitario,365,0.5,0.53,0.5281818181818182,0.58,0.5428441558441558,0.54,0.5909456992955444,5.8,5.2,4.8,4.2
rf,signo_zodiacal_sagitario,366,0.5,0.49000000000000005,0.4666666666666667,0.52,0.4894205209994683,0.515,0.5974570896939317,5.2,5.4,4.6,4.8
rf,signo_zodiacal_sagitario,367,0.5,0.5000000000000001,0.5101010101010102,0.52,0.5140350877192983,0.48599999999999993,0.5434239802165498,5.2,5.2,4.8,4.8
rf,signo_zodiacal_sagitario,368,0.5,0.54,0.5198051948051947,0.5199999999999999,0.503425985778927,0.548,0.5570467093965545,5.2,4.4,5.6,4.8
rf,signo_zodiacal_sagitario,369,0.5,0.52,0.5148051948051948,0.5599999999999999,0.527950872656755,0.548,0.6053568914745385,5.6,5.2,4.8,4.4
rf,signo_zodiacal_sagitario,370,0.5,0.45999999999999996,0.4543589743589743,0.45999999999999996,0.4489879342625338,0.454,0.5167168203313715,4.6,5.4,4.6,5.4
rf,signo_zodiacal_sagitario,371,0.5,0.48999999999999994,0.4988455988455988,0.54,0.514855320118478,0.466,0.5038454041658376,5.4,5.6,4.4,4.6
rf,signo_zodiacal_sagitario,372,0.5,0.6,0.6073593073593073,0.54,0.5669320359722836,0.591,0.6285494962553786,5.4,3.4,6.6,4.6
rf,signo_zodiacal_sagitario,373,0.5,0.47000000000000003,0.46412698412698405,0.36,0.4024458204334366,0.488,0.5724863296318403,3.6,4.2,5.8,6.4
rf,signo_zodiacal_sagitario,374,0.5,0.5199999999999999,0.5192857142857142,0.52,0.5139181286549708,0.522,0.6027303507466046,5.2,4.8,5.2,4.8
rf,signo_zodiacal_sagitario,375,0.5,0.55,0.5533333333333333,0.48,0.5102046783625731,0.534,0.5856199443831023,4.8,3.8,6.2,5.2
rf,signo_zodiacal_sagitario,376,0.5,0.5700000000000001,0.5803535353535353,0.54,0.5579281537176274,0.617,0.6477196747181267,5.4,4.0,6.0,4.6
rf,signo_zodiacal_sagitario,377,0.5,0.45,0.46025641025641023,0.44000000000000006,0.444532279314888,0.45499999999999996,0.5117656695729451,4.4,5.4,4.6,5.6
rf,signo_zodiacal_sagitario,378,0.5,0.51,0.5232767232767233,0.48,0.4933544432265659,0.483,0.5799589048722176,4.8,4.6,5.4,5.2
rf,signo_zodiacal_sagitario,379,0.5,0.55,0.5845238095238096,0.45999999999999996,0.5093137254901962,0.55,0.6033635624781135,4.6,3.6,6.4,5.4
rf,signo_zodiacal_sagitario,380,0.5,0.5,0.5395202020202021,0.54,0.5241026517342307,0.517,0.5905905201609536,5.4,5.4,4.6,4.6
rf,signo_zodiacal_sagitario,381,0.5,0.53,0.5368431568431569,0.54,0.5320155888442334,0.541,0.5905034312093136,5.4,4.8,5.2,4.6
rf,signo_zodiacal_sagitario,382,0.5,0.47000000000000003,0.4727472527472528,0.5,0.4755282750781472,0.49800000000000005,0.5557122044622045,5.0,5.6,4.4,5.0
rf,signo_zodiacal_sagitario,383,0.5,0.54,0.5502020202020202,0.5,0.5217710944026733,0.526,0.602825533513614,5.0,4.2,5.8,5.0
rf,signo_zodiacal_sagitario,384,0.5,0.5999999999999999,0.5924242424242424,0.6,0.5883287764866714,0.579,0.5937911043205161,6.0,4.0,6.0,4.0
rf,signo_zodiacal_sagitario,385,0.5,0.44000000000000006,0.4425324675324675,0.5,0.4662337662337662,0.352,0.4458576921874135,5.0,6.2,3.8,5.0
rf,signo_zodiacal_sagitario,386,0.5,0.52,0.5168253968253969,0.45999999999999996,0.4799423022797636,0.514,0.5441496738555562,4.6,4.2,5.8,5.4
rf,signo_zodiacal_sagitario,387,0.5,0.53,0.5243589743589744,0.54,0.5219916556873079,0.5609999999999999,0.5675443337192563,5.4,4.8,5.2,4.6
rf,signo_zodiacal_sagitario,388,0.5,0.4600000000000001,0.4475757575757576,0.45999999999999996,0.44557142857142856,0.481,0.5872143814218117,4.6,5.4,4.6,5.4
rf,signo_zodiacal_sagitario,389,0.5,0.52,0.54,0.45999999999999996,0.47422016579911314,0.5980000000000001,0.677762060436983,4.6,4.2,5.8,5.4
rf,signo_zodiacal_sagitario,390,0.5,0.6100000000000001,0.6086111111111111,0.64,0.6148358074673863,0.6489999999999999,0.7238701370009419,6.4,4.2,5.8,3.6
rf,signo_zodiacal_sagitario,391,0.5,0.5700000000000001,0.5676573426573426,0.6199999999999999,0.5879227053140097,0.61,0.6503123043107563,6.2,4.8,5.2,3.8
rf,signo_zodiacal_sagitario,392,0.5,0.52,0.5250360750360751,0.4800000000000001,0.494956642944259,0.497,0.5725190108309304,4.8,4.4,5.6,5.2
rf,signo_zodiacal_sagitario,393,0.5,0.51,0.5107142857142858,0.5,0.499881164587047,0.48900000000000005,0.5262472456164408,5.0,4.8,5.2,5.0
rf,signo_zodiacal_sagitario,394,0.5,0.41,0.48238095238095235,0.34,0.3322727272727273,0.39,0.5104168166714607,3.4,5.2,4.8,6.6
rf,signo_zodiacal_sagitario,395,0.5,0.53,0.5384523809523809,0.48,0.48684819136831525,0.5269999999999999,0.5661102349662721,4.8,4.2,5.8,5.2
rf,signo_zodiacal_sagitario,396,0.5,0.44000000000000006,0.43460317460317455,0.38,0.40427244582043337,0.445,0.4938802188523551,3.8,5.0,5.0,6.2
rf,signo_zodiacal_sagitario,397,0.5,0.53,0.5389393939393939,0.5399999999999999,0.5371717171717172,0.4999999999999999,0.5747651874269522,5.4,4.8,5.2,4.6
rf,signo_zodiacal_sagitario,398,0.5,0.51,0.5165306915306915,0.5,0.5031927645199957,0.477,0.5613302824626354,5.0,4.8,5.2,5.0
rf,signo_zodiacal_sagitario,399,0.5,0.64,0.6395804195804196,0.68,0.6576811594202898,0.674,0.6848747374056972,6.8,4.0,6.0,3.2
rf,signo_zodiacal_sagitario,400,0.5,0.41,0.39376623376623376,0.42000000000000004,0.39596207713854775,0.4029999999999999,0.5141854185546135,4.2,6.0,4.0,5.8
rf,signo_zodiacal_sagitario,401,0.5,0.63,0.6527561327561328,0.56,0.5952911690992186,0.639,0.658353406827091,5.6,3.0,7.0,4.4
rf,signo_zodiacal_sagitario,402,0.5,0.43,0.43,0.44000000000000006,0.43406698564593305,0.425,0.5303498760441484,4.4,5.8,4.2,5.6
rf,signo_zodiacal_sagitario,403,0.5,0.55,0.5507142857142857,0.43999999999999995,0.4864052287581699,0.5539999999999999,0.6267650786605895,4.4,3.4,6.6,5.6
rf,signo_zodiacal_sagitario,404,0.5,0.58,0.5654545454545454,0.6,0.5763025210084034,0.613,0.6427834083700956,6.0,4.4,5.6,4.0
rf,signo_zodiacal_sagitario,405,0.5,0.35,0.34647574647574647,0.33999999999999997,0.33899839111846114,0.343,0.46087263819771557,3.4,6.4,3.6,6.6
rf,signo_zodiacal_sagitario,406,0.5,0.43,0.440932400932401,0.45999999999999996,0.44891358831862266,0.49000000000000005,0.5842814958519293,4.6,6.0,4.0,5.4
rf,signo_zodiacal_sagitario,407,0.5,0.44000000000000006,0.4433943833943834,0.52,0.4757652035226406,0.488,0.571113078699766,5.2,6.4,3.6,4.8
rf,signo_zodiacal_sagitario,408,0.5,0.51,0.5358585858585858,0.5,0.509706083390294,0.476,0.5593548391752725,5.0,4.8,5.2,5.0
rf,signo_zodiacal_sagitario,409,0.5,0.53,0.5425024975024975,0.52,0.5248146794949864,0.5439999999999999,0.5920048525605801,5.2,4.6,5.4,4.8
rf,signo_zodiacal_sagitario,410,0.5,0.43,0.45428571428571435,0.4600000000000001,0.45007130124777184,0.40099999999999997,0.5468580247581796,4.6,6.0,4.0,5.4
rf,signo_zodiacal_sagitario,411,0.5,0.52,0.5373015873015874,0.54,0.5257851195931692,0.526,0.5866256494623368,5.4,5.0,5.0,4.6
rf,signo_zodiacal_sagitario,412,0.5,0.5900000000000001,0.6083333333333332,0.45999999999999996,0.521577227382181,0.642,0.6698198353933649,4.6,2.8,7.2,5.4
rf,signo_zodiacal_sagitario,413,0.5,0.64,0.6113886113886113,0.74,0.6677018633540373,0.6639999999999999,0.6775523169640816,7.4,4.6,5.4,2.6
rf,signo_zodiacal_sagitario,414,0.5,0.4,0.3932900432900433,0.36,0.3718869365928189,0.41500000000000004,0.5402978420788018,3.6,5.6,4.4,6.4
rf,signo_zodiacal_sagitario,415,0.5,0.5700000000000001,0.5828571428571429,0.52,0.5471207430340558,0.5509999999999999,0.5929423154245136,5.2,3.8,6.2,4.8
rf,signo_zodiacal_sagitario,416,0.5,0.44000000000000006,0.41976911976911974,0.42000000000000004,0.41773551525873504,0.39799999999999996,0.4891732515850162,4.2,5.4,4.6,5.8
rf,signo_zodiacal_sagitario,417,0.5,0.51,0.5164285714285713,0.5,0.5016993464052288,0.47800000000000004,0.5309062147003323,5.0,4.8,5.2,5.0
rf,signo_zodiacal_sagitario,418,0.5,0.55,0.5521367521367522,0.6,0.5714998959850218,0.49499999999999994,0.5651290027481978,6.0,5.0,5.0,4.0
rf,signo_zodiacal_sagitario,419,0.5,0.5900000000000001,0.6047258297258298,0.5599999999999999,0.5755797693878189,0.616,0.6310068314038902,5.6,3.8,6.2,4.4
rf,signo_zodiacal_sagitario,420,0.5,0.4,0.4112265512265513,0.42000000000000004,0.4116708437761069,0.371,0.49823674124293316,4.2,6.2,3.8,5.8
rf,signo_zodiacal_sagitario,421,0.5,0.48,0.46307692307692305,0.44000000000000006,0.4413526570048309,0.466,0.5587023603331652,4.4,4.8,5.2,5.6
rf,signo_zodiacal_sagitario,422,0.5,0.54,0.5281746031746032,0.5199999999999999,0.5099521049985446,0.5,0.5765949363673822,5.2,4.4,5.6,4.8
rf,signo_zodiacal_sagitario,423,0.5,0.5200000000000001,0.505974025974026,0.5,0.49058823529411766,0.493,0.539714498951341,5.0,4.6,5.4,5.0
rf,signo_zodiacal_sagitario,424,0.5,0.44000000000000006,0.4413986013986014,0.48,0.45863354037267073,0.364,0.4522063702551319,4.8,6.0,4.0,5.2
rf,signo_zodiacal_sagitario,425,0.5,0.51,0.4725407925407926,0.43999999999999995,0.4344131231087752,0.48699999999999993,0.5732099120349894,4.4,4.2,5.8,5.6
rf,signo_zodiacal_sagitario,426,0.5,0.5900000000000001,0.5912121212121212,0.58,0.5831578947368421,0.5660000000000001,0.600156655607894,5.8,4.0,6.0,4.2
rf,signo_zodiacal_sagitario,427,0.5,0.44000000000000006,0.45331196581196576,0.48,0.45663713352500535,0.45600000000000007,0.5588717610219158,4.8,6.0,4.0,5.2
rf,signo_zodiacal_sagitario,428,0.5,0.54,0.5208236208236208,0.6399999999999999,0.5702786610795764,0.548,0.5901142448023253,6.4,5.6,4.4,3.6
rf,signo_zodiacal_sagitario,429,0.5,0.5499999999999999,0.5706349206349206,0.4800000000000001,0.5101829439909935,0.5820000000000001,0.6460346114154164,4.8,3.8,6.2,5.2
rf,signo_zodiacal_sagitario,430,0.5,0.5399999999999999,0.545959595959596,0.56,0.5510594668489406,0.6050000000000001,0.6497201383068255,5.6,4.8,5.2,4.4
rf,signo_zodiacal_sagitario,431,0.5,0.49000000000000005,0.49635531135531136,0.48,0.4730471724921853,0.44099999999999995,0.5260357251108025,4.8,5.0,5.0,5.2
rf,signo_zodiacal_sagitario,432,0.5,0.6200000000000001,0.6217460317460318,0.6199999999999999,0.6145848578665916,0.611,0.609266554738691,6.2,3.8,6.2,3.8
rf,signo_zodiacal_sagitario,433,0.5,0.41,0.38571428571428573,0.3,0.33579291365669073,0.44000000000000006,0.5568439632263162,3.0,4.8,5.2,7.0
rf,signo_zodiacal_sagitario,434,0.5,0.51,0.5268253968253969,0.5,0.507485380116959,0.473,0.5827441663943211,5.0,4.8,5.2,5.0
rf,signo_zodiacal_sagitario,435,0.5,0.6,0.6006493506493507,0.6199999999999999,0.603174603174603,0.5850000000000001,0.5912838262528665,6.2,4.2,5.8,3.8
rf,signo_zodiacal_sagitario,436,0.5,0.39,0.3691330891330892,0.33999999999999997,0.3470413245389689,0.377,0.4569102258250865,3.4,5.6,4.4,6.6
rf,signo_zodiacal_sagitario,437,0.5,0.4,0.4133333333333333,0.45999999999999996,0.43454545454545457,0.354,0.4789773016800881,4.6,6.6,3.4,5.4
rf,signo_zodiacal_sagitario,438,0.5,0.48,0.5023809523809524,0.54,0.509090909090909,0.413,0.4716781190945277,5.4,5.8,4.2,4.6
rf,signo_zodiacal_sagitario,439,0.5,0.5599999999999999,0.5543434343434342,0.5800000000000001,0.5661152882205513,0.528,0.549838390969196,5.8,4.6,5.4,4.2
rf,signo_zodiacal_sagitario,440,0.5,0.4600000000000001,0.44192307692307686,0.4,0.4088252086078173,0.489,0.5566602357910407,4.0,4.8,5.2,6.0
rf,signo_zodiacal_sagitario,441,0.5,0.53,0.5514285714285714,0.42000000000000004,0.47477124183006536,0.534,0.5687832316462347,4.2,3.6,6.4,5.8
rf,signo_zodiacal_sagitario,442,0.5,0.54,0.5537662337662337,0.5,0.5223588382721509,0.533,0.5851530244781019,5.0,4.2,5.8,5.0
rf,signo_zodiacal_sagitario,443,0.5,0.51,0.49738095238095237,0.42000000000000004,0.45169934640522874,0.49300000000000005,0.5626117785723049,4.2,4.0,6.0,5.8
rf,signo_zodiacal_sagitario,444,0.5,0.41,0.41328282828282825,0.38,0.39467000835421884,0.41600000000000004,0.512537185037185,3.8,5.6,4.4,6.2
rf,signo_zodiacal_sagitario,445,0.5,0.5599999999999999,0.5826373626373627,0.62,0.5905572347516082,0.5389999999999999,0.5818473629913258,6.2,5.0,5.0,3.8
rf,signo_zodiacal_sagitario,446,0.5,0.45,0.4588578088578088,0.52,0.4837317272099881,0.515,0.5998083614012406,5.2,6.2,3.8,4.8
rf,signo_zodiacal_sagitario,447,0.5,0.56,0.5611111111111111,0.52,0.5366294524189261,0.5379999999999999,0.5780195166031079,5.2,4.0,6.0,4.8
rf,signo_zodiacal_sagitario,448,0.5,0.4600000000000001,0.4527777777777778,0.38,0.4128654970760234,0.476,0.5698803233230477,3.8,4.6,5.4,6.2
rf,signo_zodiacal_sagitario,449,0.5,0.37,0.36230769230769233,0.38,0.36879227053140096,0.379,0.48325672676137066,3.8,6.4,3.6,6.2
rf,signo_zodiacal_sagitario,450,0.5,0.5200000000000001,0.5177777777777777,0.5800000000000001,0.5427869674185464,0.504,0.5664911183587653,5.8,5.4,4.6,4.2
rf,signo_zodiacal_sagitario,451,0.5,0.49000000000000005,0.49111111111111116,0.45999999999999996,0.46978696741854636,0.45999999999999996,0.5341413880237409,4.6,4.8,5.2,5.4
rf,signo_zodiacal_sagitario,452,0.5,0.5,0.5151515151515151,0.48,0.4904761904761904,0.522,0.6023016428016428,4.8,4.8,5.2,5.2
rf,signo_zodiacal_sagitario,453,0.5,0.51,0.5072161172161171,0.4800000000000001,0.4869885284395986,0.5229999999999999,0.5755571187498433,4.8,4.6,5.4,5.2
rf,signo_zodiacal_sagitario,454,0.5,0.5700000000000001,0.5675757575757576,0.58,0.5713997113997114,0.6079999999999999,0.6443641162758811,5.8,4.4,5.6,4.2
rf,signo_zodiacal_sagitario,455,0.5,0.56,0.5615811965811965,0.54,0.545949656750572,0.571,0.5944049463608287,5.4,4.2,5.8,4.6
rf,signo_zodiacal_sagitario,456,0.5,0.53,0.5403463203463204,0.48,0.5055128016118728,0.5389999999999999,0.630924860485232,4.8,4.2,5.8,5.2
rf,signo_zodiacal_sagitario,457,0.5,0.45,0.4404040404040404,0.44000000000000006,0.4355092276144907,0.389,0.4798995506557426,4.4,5.4,4.6,5.6
rf,signo_zodiacal_sagitario,458,0.5,0.58,0.57011655011655,0.6599999999999999,0.606340634194181,0.611,0.6306816769401908,6.6,5.0,5.0,3.4
rf,signo_zodiacal_sagitario,459,0.5,0.48,0.5111471861471861,0.5,0.4967235379000085,0.488,0.5768035133081573,5.0,5.4,4.6,5.0
rf,signo_zodiacal_sagitario,460,0.5,0.45,0.43896103896103894,0.4,0.41531279178338,0.506,0.5479919220786094,4.0,5.0,5.0,6.0
rf,signo_zodiacal_sagitario,461,0.5,0.54,0.5596825396825397,0.54,0.5429102167182662,0.5730000000000001,0.6144491341991343,5.4,4.6,5.4,4.6
rf,signo_zodiacal_sagitario,462,0.5,0.65,0.6679797979797979,0.6199999999999999,0.6413032581453634,0.74,0.788334053803094,6.2,3.2,6.8,3.8
rf,signo_zodiacal_sagitario,463,0.5,0.33999999999999997,0.32095238095238093,0.32,0.31593582887700533,0.32,0.44639939738623946,3.2,6.4,3.6,6.8
rf,signo_zodiacal_sagitario,464,0.5,0.5199999999999999,0.5609090909090909,0.42000000000000004,0.4589321789321789,0.45899999999999996,0.5590142270010692,4.2,3.8,6.2,5.8
rf,signo_zodiacal_sagitario,465,0.5,0.51,0.5092929292929294,0.5,0.5027234753550542,0.4779999999999999,0.536062956651192,5.0,4.8,5.2,5.0
rf,signo_zodiacal_sagitario,466,0.5,0.49000000000000005,0.4930519480519481,0.36,0.4084080298786181,0.5780000000000001,0.6312072622939496,3.6,3.8,6.2,6.4
rf,signo_zodiacal_sagitario,467,0.5,0.45999999999999996,0.48033273915626856,0.58,0.5181999443052074,0.471,0.548505779136584,5.8,6.6,3.4,4.2
rf,signo_zodiacal_sagitario,468,0.5,0.41,0.3856410256410256,0.4,0.37950572082379863,0.422,0.48051342998247026,4.0,5.8,4.2,6.0
rf,signo_zodiacal_sagitario,469,0.5,0.5399999999999999,0.5363636363636364,0.5199999999999999,0.5214158390628978,0.5879999999999999,0.5963050262431068,5.2,4.4,5.6,4.8
rf,signo_zodiacal_sagitario,470,0.5,0.61,0.6616666666666666,0.43999999999999995,0.5244444444444445,0.642,0.6788797379091497,4.4,2.2,7.8,5.6
rf,signo_zodiacal_sagitario,471,0.5,0.5200000000000001,0.548409090909091,0.5,0.505152625152625,0.476,0.540552778061292,5.0,4.6,5.4,5.0
rf,signo_zodiacal_sagitario,472,0.5,0.5800000000000001,0.5852680652680652,0.6,0.5896088046202462,0.5309999999999999,0.5718275782525009,6.0,4.4,5.6,4.0
rf,signo_zodiacal_sagitario,473,0.5,0.39,0.381018981018981,0.33999999999999997,0.3522216132829944,0.368,0.4710350323910696,3.4,5.6,4.4,6.6
rf,signo_zodiacal_sagitario,474,0.5,0.51,0.5370202020202021,0.42000000000000004,0.46272347535505426,0.538,0.5971971176398421,4.2,4.0,6.0,5.8
rf,signo_zodiacal_sagitario,475,0.5,0.5700000000000001,0.5700577200577202,0.5199999999999999,0.5344524412635867,0.59,0.6340832968201389,5.2,3.8,6.2,4.8
rf,signo_zodiacal_sagitario,476,0.5,0.51,0.5,0.5599999999999999,0.5241199177125951,0.5389999999999999,0.5983798423798423,5.6,5.4,4.6,4.4
rf,signo_zodiacal_sagitario,477,0.5,0.54,0.551060606060606,0.52,0.5336173767752715,0.54,0.6482419268038462,5.2,4.4,5.6,4.8
rf,signo_zodiacal_sagitario,478,0.5,0.33,0.33666666666666667,0.36,0.3467942583732057,0.252,0.411186745487055,3.6,7.0,3.0,6.4
rf,signo_zodiacal_sagitario,479,0.5,0.54,0.5697125097125098,0.54,0.5379979593251905,0.567,0.58071363337385,5.4,4.6,5.4,4.6
rf,signo_zodiacal_sagitario,480,0.5,0.43,0.39230769230769236,0.33999999999999997,0.3532367149758454,0.375,0.4807574598604011,3.4,4.8,5.2,6.6
rf,signo_zodiacal_sagitario,481,0.5,0.54,0.5486868686868687,0.52,0.5259557985873775,0.519,0.5783589374162129,5.2,4.4,5.6,4.8
rf,signo_zodiacal_sagitario,482,0.5,0.38,0.38161616161616163,0.4,0.3894919115971748,0.36,0.45992252295348274,4.0,6.4,3.6,6.0
rf,signo_zodiacal_sagitario,483,0.5,0.57,0.5733333333333333,0.58,0.5724561403508771,0.5469999999999999,0.563539374626062,5.8,4.4,5.6,4.2
rf,signo_zodiacal_sagitario,484,0.5,0.45,0.4440659340659341,0.54,0.48237898163217857,0.471,0.5777000315645826,5.4,6.4,3.6,4.6
rf,signo_zodiacal_sagitario,485,0.5,0.5199999999999999,0.5196031746031746,0.45999999999999996,0.4859098727210182,0.585,0.6290238172560153,4.6,4.2,5.8,5.4
rf,signo_zodiacal_sagitario,486,0.5,0.5599999999999999,0.572020202020202,0.52,0.5427234753550543,0.6359999999999999,0.6827087716205364,5.2,4.0,6.0,4.8
rf,signo_zodiacal_sagitario,487,0.5,0.6,0.6295238095238095,0.5,0.5528517371861026,0.598,0.6604406961287765,5.0,3.0,7.0,5.0
rf,signo_zodiacal_sagitario,488,0.5,0.43,0.4134559884559884,0.4,0.4031308217066731,0.40199999999999997,0.4724158721395564,4.0,5.4,4.6,6.0
rf,signo_zodiacal_sagitario,489,0.5,0.51,0.4981746031746031,0.52,0.5042105263157894,0.549,0.6221103445058553,5.2,5.0,5.0,4.8
rf,signo_zodiacal_sagitario,490,0.5,0.5900000000000001,0.5910256410256409,0.6,0.5894158981115503,0.57,0.612110981553706,6.0,4.2,5.8,4.0
rf,signo_zodiacal_sagitario,491,0.5,0.43000000000000005,0.3932178932178932,0.36000000000000004,0.37202565236620966,0.42400000000000004,0.4772813765182186,3.6,5.0,5.0,6.4
rf,signo_zodiacal_sagitario,492,0.5,0.58,0.6024375624375625,0.54,0.5553282182438193,0.593,0.6176799654593772,5.4,3.8,6.2,4.6
rf,signo_zodiacal_sagitario,493,0.5,0.48,0.487055167055167,0.52,0.5010395554102647,0.51,0.5757076432339591,5.2,5.6,4.4,4.8
rf,signo_zodiacal_sagitario,494,0.5,0.55,0.5433333333333333,0.5800000000000001,0.5472727272727272,0.5860000000000001,0.60667634077309,5.8,4.8,5.2,4.2
rf,signo_zodiacal_sagitario,495,0.5,0.38,0.38893106893106894,0.45999999999999996,0.4195859213250518,0.38200000000000006,0.4770932212782058,4.6,7.0,3.0,5.4
rf,signo_zodiacal_sagitario,496,0.5,0.4800000000000001,0.48238095238095235,0.42000000000000004,0.43871345029239767,0.438,0.5147111793435323,4.2,4.6,5.4,5.8
rf,signo_zodiacal_sagitario,497,0.5,0.48,0.46944444444444444,0.4800000000000001,0.46837426900584794,0.48200000000000004,0.5380628097392803,4.8,5.2,4.8,5.2
rf,signo_zodiacal_sagitario,498,0.5,0.51,0.5159090909090909,0.48,0.4958228905597327,0.44299999999999995,0.5273248352954235,4.8,4.6,5.4,5.2
rf,signo_zodiacal_sagitario,499,0.5,0.5,0.4909090909090909,0.5599999999999999,0.5175815295815296,0.533,0.6260430048108067,5.6,5.6,4.4,4.4
rf,signo_zodiacal_sagitario,500,0.5,0.53,0.5453546453546453,0.58,0.5536719035440263,0.553,0.5941870874223815,5.8,5.2,4.8,4.2
rf,signo_zodiacal_tauro,1,0.5,0.51,0.5260606060606061,0.45999999999999996,0.48566416040100246,0.495,0.5557309014514897,4.6,4.4,5.6,5.4
rf,signo_zodiacal_tauro,2,0.5,0.5700000000000001,0.5623809523809523,0.54,0.5473346467773712,0.522,0.5674565707770041,5.4,4.0,6.0,4.6
rf,signo_zodiacal_tauro,3,0.5,0.5200000000000001,0.5295238095238096,0.52,0.5151207430340558,0.542,0.5932898218912149,5.2,4.8,5.2,4.8
rf,signo_zodiacal_tauro,4,0.5,0.49000000000000005,0.5167521367521367,0.42000000000000004,0.4400383344090438,0.433,0.5005628085364927,4.2,4.4,5.6,5.8
rf,signo_zodiacal_tauro,5,0.5,0.4800000000000001,0.47444444444444445,0.44000000000000006,0.4495055821371611,0.4920000000000001,0.5188833929228666,4.4,4.8,5.2,5.6
rf,signo_zodiacal_tauro,6,0.5,0.43000000000000005,0.43090909090909085,0.48,0.45039598997493735,0.42699999999999994,0.5093059352927775,4.8,6.2,3.8,5.2
rf,signo_zodiacal_tauro,7,0.5,0.53,0.5422222222222223,0.5,0.5137343358395989,0.504,0.5736541699614455,5.0,4.4,5.6,5.0
rf,signo_zodiacal_tauro,8,0.5,0.47000000000000003,0.4507575757575757,0.4,0.40583925878043525,0.42400000000000004,0.48771127934672825,4.0,4.6,5.4,6.0
rf,signo_zodiacal_tauro,9,0.5,0.56,0.5590909090909091,0.4800000000000001,0.5098412698412698,0.5660000000000001,0.6083288492553198,4.8,3.6,6.4,5.2
rf,signo_zodiacal_tauro,10,0.5,0.4,0.39904761904761904,0.38,0.37820439691027924,0.44799999999999995,0.5496252199812571,3.8,5.8,4.2,6.2
rf,signo_zodiacal_tauro,11,0.5,0.57,0.580050505050505,0.5599999999999999,0.5669324827219564,0.608,0.6421929710296583,5.6,4.2,5.8,4.4
rf,signo_zodiacal_tauro,12,0.5,0.4600000000000001,0.45949883449883455,0.52,0.48522492000752865,0.446,0.5058300857209526,5.2,6.0,4.0,4.8
rf,signo_zodiacal_tauro,13,0.5,0.49000000000000005,0.49813852813852816,0.44000000000000006,0.4557830404889229,0.40499999999999997,0.46455200458296436,4.4,4.6,5.4,5.6
rf,signo_zodiacal_tauro,14,0.5,0.4800000000000001,0.4718253968253968,0.45999999999999996,0.4591847265221879,0.503,0.5373118701044397,4.6,5.0,5.0,5.4
rf,signo_zodiacal_tauro,15,0.5,0.33999999999999997,0.34965034965034963,0.38,0.36219006013056354,0.293,0.428134869860102,3.8,7.0,3.0,6.2
rf,signo_zodiacal_tauro,16,0.5,0.44000000000000006,0.42673992673992667,0.44000000000000006,0.4237859140605136,0.434,0.5345836381540716,4.4,5.6,4.4,5.6
rf,signo_zodiacal_tauro,17,0.5,0.53,0.5305555555555556,0.52,0.5225943646996278,0.5919999999999999,0.6862156252759968,5.2,4.6,5.4,4.8
rf,signo_zodiacal_tauro,18,0.5,0.5599999999999999,0.5649350649350648,0.5,0.5247432306255837,0.54,0.5782436715331452,5.0,3.8,6.2,5.0
rf,signo_zodiacal_tauro,19,0.5,0.5599999999999999,0.5606060606060606,0.5399999999999999,0.5465178096757044,0.5750000000000001,0.5863805704099823,5.4,4.2,5.8,4.6
rf,signo_zodiacal_tauro,20,0.5,0.4,0.40779220779220776,0.38,0.38646125116713353,0.39699999999999996,0.4850068460950814,3.8,5.8,4.2,6.2
rf,signo_zodiacal_tauro,21,0.5,0.5,0.4717171717171717,0.38,0.407523616734143,0.542,0.5516080400507646,3.8,3.8,6.2,6.2
rf,signo_zodiacal_tauro,22,0.5,0.55,0.5389180264180264,0.6599999999999999,0.5884164653043372,0.491,0.5571898652602987,6.6,5.6,4.4,3.4
rf,signo_zodiacal_tauro,23,0.5,0.41,0.3767521367521368,0.34,0.3479443173150266,0.41900000000000004,0.5048195139913406,3.4,5.2,4.8,6.6
rf,signo_zodiacal_tauro,24,0.5,0.43,0.43460317460317466,0.4999999999999999,0.4608771929824561,0.42300000000000004,0.5226959076355361,5.0,6.4,3.6,5.0
rf,signo_zodiacal_tauro,25,0.5,0.4800000000000001,0.4895682095682095,0.6,0.5352829900839053,0.462,0.5275398592635435,6.0,6.4,3.6,4.0
rf,signo_zodiacal_tauro,26,0.5,0.43,0.4541125541125541,0.52,0.4810776942355889,0.396,0.48603198212176535,5.2,6.6,3.4,4.8
rf,signo_zodiacal_tauro,27,0.5,0.53,0.5285714285714286,0.42000000000000004,0.4492997198879552,0.541,0.5800829519637569,4.2,3.6,6.4,5.8
rf,signo_zodiacal_tauro,28,0.5,0.44000000000000006,0.43,0.45999999999999996,0.44305916305916304,0.4119999999999999,0.5125354480400921,4.6,5.8,4.2,5.4
rf,signo_zodiacal_tauro,29,0.5,0.43000000000000005,0.4243084693084693,0.44000000000000006,0.42880679960771495,0.49800000000000005,0.5713880667835776,4.4,5.8,4.2,5.6
rf,signo_zodiacal_tauro,30,0.5,0.42000000000000004,0.40960317460317464,0.36,0.3814654282765738,0.4119999999999999,0.4898260542347229,3.6,5.2,4.8,6.4
rf,signo_zodiacal_tauro,31,0.5,0.48,0.4771367521367521,0.47999999999999987,0.4734669347941659,0.476,0.5336412203207869,4.8,5.2,4.8,5.2
rf,signo_zodiacal_tauro,32,0.5,0.55,0.5470707070707072,0.6,0.5694486215538846,0.525,0.5653819713997732,6.0,5.0,5.0,4.0
rf,signo_zodiacal_tauro,33,0.5,0.5800000000000001,0.5715151515151515,0.6399999999999999,0.603116883116883,0.585,0.6436130056733771,6.4,4.8,5.2,3.6
rf,signo_zodiacal_tauro,34,0.5,0.43000000000000005,0.40595238095238095,0.3,0.34411764705882353,0.49000000000000005,0.5173887566681684,3.0,4.4,5.6,7.0
rf,signo_zodiacal_tauro,35,0.5,0.4800000000000001,0.4834188034188035,0.43999999999999995,0.45349987287058224,0.49000000000000005,0.5358571716381314,4.4,4.8,5.2,5.6
rf,signo_zodiacal_tauro,36,0.5,0.6200000000000001,0.644047619047619,0.5399999999999999,0.5857929136566907,0.6119999999999999,0.6676638655462185,5.4,3.0,7.0,4.6
rf,signo_zodiacal_tauro,37,0.5,0.55,0.578168498168498,0.4800000000000001,0.5135038363171356,0.568,0.636720546395469,4.8,3.8,6.2,5.2
rf,signo_zodiacal_tauro,38,0.5,0.58,0.6076923076923076,0.5399999999999999,0.5572946859903383,0.5389999999999999,0.5890114989070098,5.4,3.8,6.2,4.6
rf,signo_zodiacal_tauro,39,0.5,0.53,0.5256410256410257,0.5,0.5039969488939741,0.518,0.5665159752528174,5.0,4.4,5.6,5.0
rf,signo_zodiacal_tauro,40,0.5,0.48,0.475,0.42000000000000004,0.4424242424242424,0.495,0.5828038711374625,4.2,4.6,5.4,5.8
rf,signo_zodiacal_tauro,41,0.5,0.5199999999999999,0.5206060606060607,0.5599999999999999,0.5348070175438596,0.531,0.5944551467624224,5.6,5.2,4.8,4.4
rf,signo_zodiacal_tauro,42,0.5,0.5700000000000001,0.5733333333333335,0.5199999999999999,0.5446783625730994,0.5299999999999999,0.5562837619896444,5.2,3.8,6.2,4.8
rf,signo_zodiacal_tauro,43,0.5,0.43,0.436969696969697,0.45999999999999996,0.43842857142857145,0.4840000000000001,0.5839138371947968,4.6,6.0,4.0,5.4
rf,signo_zodiacal_tauro,44,0.5,0.51,0.518974358974359,0.45999999999999996,0.47639460971268754,0.512,0.5845202652524634,4.6,4.4,5.6,5.4
rf,signo_zodiacal_tauro,45,0.5,0.41,0.41036324786324785,0.4600000000000001,0.4260752214985624,0.359,0.4742773646202439,4.6,6.4,3.6,5.4
rf,signo_zodiacal_tauro,46,0.5,0.55,0.5907142857142856,0.5,0.5266666666666666,0.54,0.5753798033751595,5.0,4.0,6.0,5.0
rf,signo_zodiacal_tauro,47,0.5,0.6599999999999999,0.6751981351981352,0.7000000000000001,0.6708271766372453,0.657,0.6809590805651176,7.0,3.8,6.2,3.0
rf,signo_zodiacal_tauro,48,0.5,0.4600000000000001,0.4515811965811965,0.48,0.4617072325081478,0.438,0.49487435766847526,4.8,5.6,4.4,5.2
rf,signo_zodiacal_tauro,49,0.5,0.49000000000000005,0.4909090909090909,0.43999999999999995,0.4624895572263993,0.42699999999999994,0.5045696360742801,4.4,4.6,5.4,5.6
rf,signo_zodiacal_tauro,50,0.5,0.49000000000000005,0.5217521367521367,0.48,0.4808975336892957,0.53,0.6281792739424318,4.8,5.0,5.0,5.2
rf,signo_zodiacal_tauro,51,0.5,0.52,0.5174242424242423,0.5,0.5052479684058631,0.538,0.5852564461682108,5.0,4.6,5.4,5.0
rf,signo_zodiacal_tauro,52,0.5,0.51,0.503896103896104,0.52,0.5086834733893557,0.5399999999999999,0.6055016768577139,5.2,5.0,5.0,4.8
rf,signo_zodiacal_tauro,53,0.5,0.5800000000000001,0.5915284715284715,0.6000000000000001,0.5896139325295335,0.5809999999999998,0.6644901352517452,6.0,4.4,5.6,4.0
rf,signo_zodiacal_tauro,54,0.5,0.44000000000000006,0.444055944055944,0.52,0.4784490871447392,0.44299999999999995,0.5285430027488851,5.2,6.4,3.6,4.8
rf,signo_zodiacal_tauro,55,0.5,0.5700000000000001,0.5571872571872571,0.6599999999999999,0.6014042022051175,0.591,0.614905676023323,6.6,5.2,4.8,3.4
rf,signo_zodiacal_tauro,56,0.5,0.5,0.4976923076923077,0.64,0.5588300395256918,0.441,0.5136531071267912,6.4,6.4,3.6,3.6
rf,signo_zodiacal_tauro,57,0.5,0.48999999999999994,0.4928571428571429,0.4600000000000001,0.471182412358883,0.485,0.5666299739991689,4.6,4.8,5.2,5.4
rf,signo_zodiacal_tauro,58,0.5,0.43000000000000005,0.4340934065934066,0.56,0.48537346711259755,0.43,0.5297214898964124,5.6,7.0,3.0,4.4
rf,signo_zodiacal_tauro,59,0.5,0.6,0.6072594072594073,0.6,0.5932440960573953,0.574,0.5780694938016919,6.0,4.0,6.0,4.0
rf,signo_zodiacal_tauro,60,0.5,0.54,0.562063492063492,0.48,0.5102898958626512,0.509,0.5854947732006555,4.8,4.0,6.0,5.2
rf,signo_zodiacal_tauro,61,0.5,0.5,0.5,0.5,0.4989974937343359,0.46799999999999997,0.5170760340450743,5.0,5.0,5.0,5.0
rf,signo_zodiacal_tauro,62,0.5,0.38999999999999996,0.39661172161172165,0.42000000000000004,0.40128652251414404,0.37299999999999994,0.514976387819267,4.2,6.4,3.6,5.8
rf,signo_zodiacal_tauro,63,0.5,0.44000000000000006,0.44965034965034967,0.45999999999999996,0.4500156847982934,0.45899999999999996,0.5232812265134246,4.6,5.8,4.2,5.4
rf,signo_zodiacal_tauro,64,0.5,0.44000000000000006,0.44995670995670994,0.43999999999999995,0.43655388471177947,0.398,0.5023032451724403,4.4,5.6,4.4,5.6
rf,signo_zodiacal_tauro,65,0.5,0.39,0.40512820512820513,0.42000000000000004,0.40915331807780325,0.396,0.4867296514974534,4.2,6.4,3.6,5.8
rf,signo_zodiacal_tauro,66,0.5,0.5599999999999999,0.5848484848484848,0.5,0.5285714285714286,0.5519999999999999,0.5892768605663342,5.0,3.8,6.2,5.0
rf,signo_zodiacal_tauro,67,0.5,0.43,0.4364646464646465,0.5,0.46235771246297563,0.40099999999999997,0.5038253260327563,5.0,6.4,3.6,5.0
rf,signo_zodiacal_tauro,68,0.5,0.53,0.5338888888888889,0.48,0.5042105263157894,0.558,0.5941447980124451,4.8,4.2,5.8,5.2
rf,signo_zodiacal_tauro,69,0.5,0.39999999999999997,0.39404761904761904,0.34,0.362028958313788,0.41100000000000003,0.5366894149881765,3.4,5.4,4.6,6.6
rf,signo_zodiacal_tauro,70,0.5,0.48999999999999994,0.4712265512265511,0.5,0.4798407784166298,0.52,0.5683852721925476,5.0,5.2,4.8,5.0
rf,signo_zodiacal_tauro,71,0.5,0.6900000000000001,0.6766666666666665,0.72,0.6954066985645934,0.756,0.774541973334543,7.2,3.4,6.6,2.8
rf,signo_zodiacal_tauro,72,0.5,0.5900000000000001,0.5924242424242425,0.62,0.6021645021645021,0.6220000000000001,0.6327837511645561,6.2,4.4,5.6,3.8
rf,signo_zodiacal_tauro,73,0.5,0.58,0.6595238095238096,0.45999999999999996,0.512227478403949,0.587,0.6434183430948137,4.6,3.0,7.0,5.4
rf,signo_zodiacal_tauro,74,0.5,0.43,0.42161616161616167,0.48,0.44411817422343736,0.41200000000000003,0.4992730335539933,4.8,6.2,3.8,5.2
rf,signo_zodiacal_tauro,75,0.5,0.5900000000000001,0.5714718614718615,0.64,0.5961466768525593,0.665,0.7095952831997723,6.4,4.6,5.4,3.6
rf,signo_zodiacal_tauro,76,0.5,0.51,0.5169934640522876,0.58,0.5376395534290271,0.5200000000000001,0.5584869944297189,5.8,5.6,4.4,4.2
rf,signo_zodiacal_tauro,77,0.5,0.43,0.4373809523809523,0.42000000000000004,0.4235175282234106,0.43600000000000005,0.5138742574934525,4.2,5.6,4.4,5.8
rf,signo_zodiacal_tauro,78,0.5,0.4700000000000001,0.4688888888888889,0.42000000000000004,0.4425730994152047,0.505,0.5968411469851098,4.2,4.8,5.2,5.8
rf,signo_zodiacal_tauro,79,0.5,0.6,0.62,0.54,0.576140350877193,0.6249999999999999,0.6394832667332667,5.4,3.4,6.6,4.6
rf,signo_zodiacal_tauro,80,0.5,0.45999999999999996,0.4323076923076924,0.4,0.4093770658530384,0.445,0.5147494388995937,4.0,4.8,5.2,6.0
rf,signo_zodiacal_tauro,81,0.5,0.5,0.4926223776223776,0.52,0.5029399585921325,0.511,0.5663211504697573,5.2,5.2,4.8,4.8
rf,signo_zodiacal_tauro,82,0.5,0.61,0.6272727272727272,0.5800000000000001,0.5950558213716108,0.63,0.6668283105783106,5.8,3.6,6.4,4.2
rf,signo_zodiacal_tauro,83,0.5,0.42000000000000004,0.4051082251082251,0.39999999999999997,0.3934453781512605,0.38,0.45275550283909416,4.0,5.6,4.4,6.0
rf,signo_zodiacal_tauro,84,0.5,0.5599999999999999,0.5523698523698524,0.62,0.5820559303396833,0.5710000000000001,0.6132474518945108,6.2,5.0,5.0,3.8
rf,signo_zodiacal_tauro,85,0.5,0.4800000000000001,0.4738034188034188,0.43999999999999995,0.4486689549961861,0.46699999999999997,0.5432990332680735,4.4,4.8,5.2,5.6
rf,signo_zodiacal_tauro,86,0.5,0.5,0.4433766233766233,0.45999999999999996,0.440952380952381,0.472,0.5848262303571902,4.6,4.6,5.4,5.4
rf,signo_zodiacal_tauro,87,0.5,0.5599999999999999,0.5702020202020203,0.5800000000000001,0.5648480174795965,0.592,0.6391244023434426,5.8,4.6,5.4,4.2
rf,signo_zodiacal_tauro,88,0.5,0.49000000000000005,0.49111111111111105,0.5,0.4947869674185464,0.492,0.5491785236607218,5.0,5.2,4.8,5.0
rf,signo_zodiacal_tauro,89,0.5,0.53,0.5245238095238095,0.5199999999999999,0.5114716202270382,0.561,0.5863831876757574,5.2,4.6,5.4,4.8
rf,signo_zodiacal_tauro,90,0.5,0.43,0.4190909090909091,0.39999999999999997,0.4076190476190476,0.42000000000000004,0.5121043580602403,4.0,5.4,4.6,6.0
rf,signo_zodiacal_tauro,91,0.5,0.49000000000000005,0.49333333333333335,0.5399999999999999,0.512,0.472,0.5544492925375277,5.4,5.6,4.4,4.6
rf,signo_zodiacal_tauro,92,0.5,0.5700000000000001,0.5655011655011655,0.5800000000000001,0.5686208274308961,0.625,0.6824231585408056,5.8,4.4,5.6,4.2
rf,signo_zodiacal_tauro,93,0.5,0.45999999999999996,0.4599511599511599,0.4800000000000001,0.4610512855027594,0.41900000000000004,0.5287831209038639,4.8,5.6,4.4,5.2
rf,signo_zodiacal_tauro,94,0.5,0.47000000000000003,0.4688888888888889,0.45999999999999996,0.4621903242955874,0.45299999999999996,0.5391814313137843,4.6,5.2,4.8,5.4
rf,signo_zodiacal_tauro,95,0.5,0.47000000000000003,0.4688888888888888,0.43999999999999995,0.44830143540669853,0.495,0.5492780532161337,4.4,5.0,5.0,5.6
rf,signo_zodiacal_tauro,96,0.5,0.45999999999999996,0.44805194805194803,0.45999999999999996,0.45182072829131653,0.433,0.5346746962188138,4.6,5.4,4.6,5.4
rf,signo_zodiacal_tauro,97,0.5,0.53,0.550891330891331,0.54,0.5389576475483058,0.5879999999999999,0.6082341255235992,5.4,4.8,5.2,4.6
rf,signo_zodiacal_tauro,98,0.5,0.55,0.5494949494949495,0.5599999999999999,0.5529505582137161,0.5589999999999999,0.6208530809575701,5.6,4.6,5.4,4.4
rf,signo_zodiacal_tauro,99,0.5,0.4800000000000001,0.4662337662337662,0.43999999999999995,0.4351540616246499,0.471,0.5102534024283251,4.4,4.8,5.2,5.6
rf,signo_zodiacal_tauro,100,0.5,0.42000000000000004,0.40349206349206346,0.32,0.35234262125902993,0.35700000000000004,0.4546819498011449,3.2,4.8,5.2,6.8
rf,signo_zodiacal_tauro,101,0.5,0.5,0.5888888888888889,0.4600000000000001,0.44784688995215305,0.454,0.5794197860962567,4.6,4.6,5.4,5.4
rf,signo_zodiacal_tauro,102,0.5,0.5,0.5083333333333333,0.48,0.4816425120772947,0.526,0.5550216337669898,4.8,4.8,5.2,5.2
rf,signo_zodiacal_tauro,103,0.5,0.51,0.5083333333333334,0.43999999999999995,0.47134502923976607,0.488,0.5381822523881348,4.4,4.2,5.8,5.6
rf,signo_zodiacal_tauro,104,0.5,0.43,0.4292424242424243,0.45999999999999996,0.44190476190476186,0.4050000000000001,0.475523505304465,4.6,6.0,4.0,5.4
rf,signo_zodiacal_tauro,105,0.5,0.44000000000000006,0.41645854145854144,0.39999999999999997,0.4012909511630739,0.458,0.5391014443073266,4.0,5.2,4.8,6.0
rf,signo_zodiacal_tauro,106,0.5,0.38,0.3649206349206349,0.32,0.33686743596960317,0.34900000000000003,0.4503439446690221,3.2,5.6,4.4,6.8
rf,signo_zodiacal_tauro,107,0.5,0.43,0.4333333333333333,0.5,0.46072727272727276,0.374,0.4803448537186926,5.0,6.4,3.6,5.0
rf,signo_zodiacal_tauro,108,0.5,0.49000000000000005,0.5012987012987014,0.4,0.44220354808590107,0.44400000000000006,0.5173117274881981,4.0,4.2,5.8,6.0
rf,signo_zodiacal_tauro,109,0.5,0.4699999999999999,0.4830219780219781,0.5,0.48434782608695653,0.469,0.5096574732457085,5.0,5.6,4.4,5.0
rf,signo_zodiacal_tauro,110,0.5,0.43999999999999995,0.4305555555555555,0.42000000000000004,0.4231259968102073,0.454,0.5123745584480879,4.2,5.4,4.6,5.8
rf,signo_zodiacal_tauro,111,0.5,0.54,0.5326695526695527,0.6,0.5610207336523125,0.5569999999999999,0.6240557024674671,6.0,5.2,4.8,4.0
rf,signo_zodiacal_tauro,112,0.5,0.53,0.5232600732600733,0.5999999999999999,0.553842775581906,0.525,0.5946596922169677,6.0,5.4,4.6,4.0
rf,signo_zodiacal_tauro,113,0.5,0.5,0.49435897435897436,0.5599999999999999,0.5215636918382913,0.534,0.6008107930081615,5.6,5.6,4.4,4.4
rf,signo_zodiacal_tauro,114,0.5,0.42000000000000004,0.373015873015873,0.32,0.33716197802885106,0.44299999999999995,0.5139772417125358,3.2,4.8,5.2,6.8
rf,signo_zodiacal_tauro,115,0.5,0.47000000000000003,0.47821067821067825,0.48,0.4716570838861861,0.42000000000000004,0.4958628670950652,4.8,5.4,4.6,5.2
rf,signo_zodiacal_tauro,116,0.5,0.55,0.5419780219780219,0.6599999999999999,0.5917391304347827,0.554,0.5815992449243224,6.6,5.6,4.4,3.4
rf,signo_zodiacal_tauro,117,0.5,0.4600000000000001,0.4488095238095238,0.41999999999999993,0.43085163890117456,0.45499999999999996,0.51424462568735,4.2,5.0,5.0,5.8
rf,signo_zodiacal_tauro,118,0.5,0.54,0.543045843045843,0.62,0.571633096118222,0.48199999999999993,0.5278575107383157,6.2,5.4,4.6,3.8
rf,signo_zodiacal_tauro,119,0.5,0.45999999999999996,0.451474358974359,0.52,0.474856148174226,0.473,0.5134564524742544,5.2,6.0,4.0,4.8
rf,signo_zodiacal_tauro,120,0.5,0.56,0.5567099567099567,0.5799999999999998,0.5629488158899923,0.5619999999999999,0.6103680388239212,5.8,4.6,5.4,4.2
rf,signo_zodiacal_tauro,121,0.5,0.49000000000000005,0.49035964035964036,0.5,0.48906898727870596,0.48199999999999993,0.5355447967065613,5.0,5.2,4.8,5.0
rf,signo_zodiacal_tauro,122,0.5,0.55,0.5559090909090909,0.58,0.5645310245310244,0.526,0.5909878573438945,5.8,4.8,5.2,4.2
rf,signo_zodiacal_tauro,123,0.5,0.4800000000000001,0.47575757575757577,0.45999999999999996,0.46691729323308273,0.438,0.5062576416531525,4.6,5.0,5.0,5.4
rf,signo_zodiacal_tauro,124,0.5,0.57,0.5481385281385281,0.5800000000000001,0.5576603272888102,0.5900000000000001,0.6007205757778513,5.8,4.4,5.6,4.2
rf,signo_zodiacal_tauro,125,0.5,0.53,0.5456410256410257,0.52,0.5243478260869565,0.5029999999999999,0.6040539785292107,5.2,4.6,5.4,4.8
rf,signo_zodiacal_tauro,126,0.5,0.47000000000000003,0.4746031746031746,0.5,0.48277511961722486,0.493,0.5538719505468731,5.0,5.6,4.4,5.0
rf,signo_zodiacal_tauro,127,0.5,0.49000000000000005,0.48666666666666664,0.3,0.36214285714285716,0.606,0.6320321798084956,3.0,3.2,6.8,7.0
rf,signo_zodiacal_tauro,128,0.5,0.4800000000000001,0.5,0.5,0.48770311813790085,0.506,0.5813316095669037,5.0,5.4,4.6,5.0
rf,signo_zodiacal_tauro,129,0.5,0.59,0.5890909090909091,0.62,0.6033766233766233,0.6279999999999999,0.6517995321671792,6.2,4.4,5.6,3.8
rf,signo_zodiacal_tauro,130,0.5,0.5800000000000001,0.5735353535353536,0.5999999999999999,0.5787535505430241,0.531,0.6002672795041216,6.0,4.4,5.6,4.0
rf,signo_zodiacal_tauro,131,0.5,0.38,0.39555555555555555,0.41999999999999993,0.4018266879319511,0.37900000000000006,0.46393349091568903,4.2,6.6,3.4,5.8
rf,signo_zodiacal_tauro,132,0.5,0.4,0.395,0.4,0.3922222222222222,0.421,0.5317061467943821,4.0,6.0,4.0,6.0
rf,signo_zodiacal_tauro,133,0.5,0.51,0.49575757575757573,0.42000000000000004,0.4457769423558897,0.484,0.5677197530711462,4.2,4.0,6.0,5.8
rf,signo_zodiacal_tauro,134,0.5,0.55,0.5431623931623932,0.6599999999999999,0.592680812703696,0.4790000000000001,0.534111823419099,6.6,5.6,4.4,3.4
rf,signo_zodiacal_tauro,135,0.5,0.5900000000000001,0.5908008658008658,0.62,0.5993316624895572,0.5780000000000001,0.6095469432528255,6.2,4.4,5.6,3.8
rf,signo_zodiacal_tauro,136,0.5,0.45,0.4325757575757576,0.33999999999999997,0.369047619047619,0.385,0.49071988512003994,3.4,4.4,5.6,6.6
rf,signo_zodiacal_tauro,137,0.5,0.48,0.471394618453442,0.54,0.4924610992722448,0.547,0.6475959667267717,5.4,5.8,4.2,4.6
rf,signo_zodiacal_tauro,138,0.5,0.51,0.5002020202020202,0.5199999999999999,0.4989691620355236,0.49000000000000005,0.5213135461030198,5.2,5.0,5.0,4.8
rf,signo_zodiacal_tauro,139,0.5,0.5900000000000001,0.5876190476190477,0.64,0.5977260458839406,0.6359999999999999,0.6562373694417037,6.4,4.6,5.4,3.6
rf,signo_zodiacal_tauro,140,0.5,0.51,0.5174242424242423,0.58,0.5423928728276555,0.502,0.539510273008725,5.8,5.6,4.4,4.2
rf,signo_zodiacal_tauro,141,0.5,0.5,0.505,0.52,0.5077777777777778,0.43200000000000005,0.5198914957591428,5.2,5.2,4.8,4.8
rf,signo_zodiacal_tauro,142,0.5,0.49000000000000005,0.49393939393939396,0.5199999999999999,0.5040404040404041,0.479,0.5366462683343488,5.2,5.4,4.6,4.8
rf,signo_zodiacal_tauro,143,0.5,0.44000000000000006,0.40476190476190477,0.3,0.34395424836601307,0.421,0.49542538163590794,3.0,4.2,5.8,7.0
rf,signo_zodiacal_tauro,144,0.5,0.61,0.6692918192918194,0.54,0.5880681563243146,0.6000000000000001,0.6110995105685507,5.4,3.2,6.8,4.6
rf,signo_zodiacal_tauro,145,0.5,0.53,0.5183333333333333,0.6,0.5513939393939393,0.46699999999999997,0.5392240733123086,6.0,5.4,4.6,4.0
rf,signo_zodiacal_tauro,146,0.5,0.45999999999999996,0.4302197802197802,0.48,0.44730036942313156,0.457,0.5246642887556201,4.8,5.6,4.4,5.2
rf,signo_zodiacal_tauro,147,0.5,0.43000000000000005,0.4385392385392386,0.5,0.4640241909120627,0.44300000000000006,0.5249094675534304,5.0,6.4,3.6,5.0
rf,signo_zodiacal_tauro,148,0.5,0.35,0.35064935064935066,0.32,0.3279645191409898,0.373,0.4760791075969094,3.2,6.2,3.8,6.8
rf,signo_zodiacal_tauro,149,0.5,0.55,0.5446581196581196,0.6,0.5652821117352009,0.604,0.6249319014319015,6.0,5.0,5.0,4.0
rf,signo_zodiacal_tauro,150,0.5,0.52,0.55,0.56,0.5311313131313131,0.49700000000000005,0.5630400243031821,5.6,5.2,4.8,4.4
rf,signo_zodiacal_tauro,151,0.5,0.5199999999999999,0.514012654012654,0.6199999999999999,0.5543273657289003,0.531,0.5813823680619346,6.2,5.8,4.2,3.8
rf,signo_zodiacal_tauro,152,0.5,0.45999999999999996,0.427979797979798,0.42000000000000004,0.4161585782638414,0.43100000000000005,0.49562229170897903,4.2,5.0,5.0,5.8
rf,signo_zodiacal_tauro,153,0.5,0.4200000000000001,0.4082539682539682,0.39999999999999997,0.4014128905150577,0.404,0.498850081119431,4.0,5.6,4.4,6.0
rf,signo_zodiacal_tauro,154,0.5,0.45,0.4640692640692641,0.42000000000000004,0.4379478107032287,0.446,0.529260682729723,4.2,5.2,4.8,5.8
rf,signo_zodiacal_tauro,155,0.5,0.45999999999999996,0.4444083694083695,0.38,0.4063393778564057,0.43999999999999995,0.5363942656930273,3.8,4.6,5.4,6.2
rf,signo_zodiacal_tauro,156,0.5,0.5199999999999999,0.5046176046176045,0.45999999999999996,0.47494102904319624,0.472,0.5412235542235541,4.6,4.2,5.8,5.4
rf,signo_zodiacal_tauro,157,0.5,0.51,0.5183333333333333,0.48,0.4954066985645932,0.499,0.5681886728682394,4.8,4.6,5.4,5.2
rf,signo_zodiacal_tauro,158,0.5,0.5599999999999999,0.55,0.45999999999999996,0.48704716336295284,0.576,0.6148764178717739,4.6,3.4,6.6,5.4
rf,signo_zodiacal_tauro,159,0.5,0.56,0.56,0.48,0.5024242424242424,0.561,0.6434156676656677,4.8,3.6,6.4,5.2
rf,signo_zodiacal_tauro,160,0.5,0.5,0.5107142857142857,0.54,0.5015873015873016,0.41600000000000004,0.4757311669238914,5.4,5.4,4.6,4.6
rf,signo_zodiacal_tauro,161,0.5,0.51,0.510909090909091,0.45999999999999996,0.47994397759103646,0.509,0.6092893952452776,4.6,4.4,5.6,5.4
rf,signo_zodiacal_tauro,162,0.5,0.41,0.4212698412698413,0.48,0.4460287081339713,0.40099999999999997,0.5034787979478381,4.8,6.6,3.4,5.2
rf,signo_zodiacal_tauro,163,0.5,0.43,0.34161616161616165,0.32,0.32282524493050807,0.387,0.504924256342213,3.2,4.6,5.4,6.8
rf,signo_zodiacal_tauro,164,0.5,0.58,0.6080769230769231,0.54,0.5485748792270532,0.6489999999999999,0.6586058653249056,5.4,3.8,6.2,4.6
rf,signo_zodiacal_tauro,165,0.5,0.56,0.5706410256410257,0.58,0.5708656357626609,0.607,0.6476660263541067,5.8,4.6,5.4,4.2
rf,signo_zodiacal_tauro,166,0.5,0.53,0.5460317460317461,0.45999999999999996,0.48764189886480913,0.542,0.6076239234621588,4.6,4.0,6.0,5.4
rf,signo_zodiacal_tauro,167,0.5,0.52,0.5334188034188034,0.5399999999999999,0.5320352264059357,0.564,0.614989611695494,5.4,5.0,5.0,4.6
rf,signo_zodiacal_tauro,168,0.5,0.37,0.3574603174603174,0.34,0.3467830002814523,0.34,0.4477439068499439,3.4,6.0,4.0,6.6
rf,signo_zodiacal_tauro,169,0.5,0.42000000000000004,0.4292307692307692,0.48,0.45130434782608697,0.422,0.4797096710479064,4.8,6.4,3.6,5.2
rf,signo_zodiacal_tauro,170,0.5,0.55,0.5721367521367521,0.52,0.5176316589588901,0.5810000000000001,0.5998085607203254,5.2,4.2,5.8,4.8
rf,signo_zodiacal_tauro,171,0.5,0.5,0.48507326007326,0.38,0.41058133398286856,0.525,0.5836411643911644,3.8,3.8,6.2,6.2
rf,signo_zodiacal_tauro,172,0.5,0.54,0.536965811965812,0.58,0.5511187388761759,0.5940000000000001,0.6184087754350912,5.8,5.0,5.0,4.2
rf,signo_zodiacal_tauro,173,0.5,0.54,0.5719047619047618,0.5199999999999999,0.5140541549953315,0.5770000000000002,0.6213941054645389,5.2,4.4,5.6,4.8
rf,signo_zodiacal_tauro,174,0.5,0.38,0.3793939393939394,0.44000000000000006,0.4054353274490574,0.34900000000000003,0.4555744574482965,4.4,6.8,3.2,5.6
rf,signo_zodiacal_tauro,175,0.5,0.55,0.578888888888889,0.45999999999999996,0.4988137009189641,0.5690000000000001,0.6312013558337087,4.6,3.6,6.4,5.4
rf,signo_zodiacal_tauro,176,0.5,0.5199999999999999,0.525050505050505,0.5,0.5063237639553428,0.49399999999999994,0.5212067911448717,5.0,4.6,5.4,5.0
rf,signo_zodiacal_tauro,177,0.5,0.47000000000000003,0.4745454545454546,0.5,0.4866666666666667,0.502,0.5747095512846288,5.0,5.6,4.4,5.0
rf,signo_zodiacal_tauro,178,0.5,0.45,0.44722222222222224,0.4,0.416786283891547,0.48100000000000004,0.5454302908993311,4.0,5.0,5.0,6.0
rf,signo_zodiacal_tauro,179,0.5,0.41999999999999993,0.4242424242424242,0.4,0.40612326270221005,0.418,0.5071189804347699,4.0,5.6,4.4,6.0
rf,signo_zodiacal_tauro,180,0.5,0.42000000000000004,0.4165367965367965,0.32,0.3552960833456189,0.383,0.502116424854815,3.2,4.8,5.2,6.8
rf,signo_zodiacal_tauro,181,0.5,0.5599999999999999,0.5566666666666666,0.6199999999999999,0.5792385392385392,0.568,0.616452610512982,6.2,5.0,5.0,3.8
rf,signo_zodiacal_tauro,182,0.5,0.5400000000000001,0.5221933621933622,0.56,0.533655314757482,0.501,0.5670938121905614,5.6,4.8,5.2,4.4
rf,signo_zodiacal_tauro,183,0.5,0.5,0.49848484848484853,0.54,0.5177489177489177,0.5429999999999999,0.5757255393385424,5.4,5.4,4.6,4.6
rf,signo_zodiacal_tauro,184,0.5,0.6100000000000001,0.595,0.6,0.5534017094017093,0.673,0.6606332535713341,6.0,3.8,6.2,4.0
rf,signo_zodiacal_tauro,185,0.5,0.5,0.5009523809523809,0.45999999999999996,0.46538011695906434,0.45199999999999996,0.5377844079724884,4.6,4.6,5.4,5.4
rf,signo_zodiacal_tauro,186,0.5,0.55,0.5558441558441558,0.45999999999999996,0.4965686274509804,0.587,0.6578246728331866,4.6,3.6,6.4,5.4
rf,signo_zodiacal_tauro,187,0.5,0.48,0.4682539682539682,0.4600000000000001,0.4618457909479581,0.44499999999999995,0.501743959686684,4.6,5.0,5.0,5.4
rf,signo_zodiacal_tauro,188,0.5,0.42000000000000004,0.38055555555555554,0.36,0.3663078149920255,0.376,0.4851450422642373,3.6,5.2,4.8,6.4
rf,signo_zodiacal_tauro,189,0.5,0.5999999999999999,0.6194444444444444,0.52,0.5649122807017545,0.648,0.6975309206617256,5.2,3.2,6.8,4.8
rf,signo_zodiacal_tauro,190,0.5,0.42000000000000004,0.42363636363636364,0.34,0.36476190476190473,0.39299999999999996,0.47924410067057127,3.4,5.0,5.0,6.6
rf,signo_zodiacal_tauro,191,0.5,0.43,0.3966233766233766,0.36000000000000004,0.37249299719887957,0.469,0.5186369808382192,3.6,5.0,5.0,6.4
rf,signo_zodiacal_tauro,192,0.5,0.47000000000000003,0.4709090909090909,0.45999999999999996,0.4505627705627705,0.5,0.5409637645636097,4.6,5.2,4.8,5.4
rf,signo_zodiacal_tauro,193,0.5,0.44000000000000006,0.4465079365079365,0.42000000000000004,0.4292372642837039,0.41600000000000004,0.4917084292556429,4.2,5.4,4.6,5.8
rf,signo_zodiacal_tauro,194,0.5,0.48,0.4797979797979798,0.4,0.4330433927957148,0.509,0.5697392574745517,4.0,4.4,5.6,6.0
rf,signo_zodiacal_tauro,195,0.5,0.5399999999999999,0.5556410256410257,0.58,0.5585700483091788,0.4960000000000001,0.5648895816086219,5.8,5.0,5.0,4.2
rf,signo_zodiacal_tauro,196,0.5,0.5199999999999999,0.5111843711843711,0.5,0.5007484183604791,0.554,0.5738114620157964,5.0,4.6,5.4,5.0
rf,signo_zodiacal_tauro,197,0.5,0.45,0.47225274725274724,0.45999999999999996,0.45845410628019323,0.4149999999999999,0.5165248570658787,4.6,5.6,4.4,5.4
rf,signo_zodiacal_tauro,198,0.5,0.52,0.5128571428571428,0.42000000000000004,0.4518894830659536,0.508,0.572419915481835,4.2,3.8,6.2,5.8
rf,signo_zodiacal_tauro,199,0.5,0.42000000000000004,0.4155555555555555,0.32000000000000006,0.3534001670843776,0.37699999999999995,0.4878806471306471,3.2,4.8,5.2,6.8
rf,signo_zodiacal_tauro,200,0.5,0.51,0.5111111111111111,0.54,0.521424774056353,0.5280000000000001,0.5926570816524377,5.4,5.2,4.8,4.6
rf,signo_zodiacal_tauro,201,0.5,0.4,0.39877233877233875,0.42000000000000004,0.40695434237768324,0.38099999999999995,0.5158575175254742,4.2,6.2,3.8,5.8
rf,signo_zodiacal_tauro,202,0.5,0.53,0.5221367521367521,0.6199999999999999,0.5622750156022467,0.512,0.5517014170040486,6.2,5.6,4.4,3.8
rf,signo_zodiacal_tauro,203,0.5,0.51,0.519090909090909,0.5,0.5076190476190476,0.48699999999999993,0.5601474271342692,5.0,4.8,5.2,5.0
rf,signo_zodiacal_tauro,204,0.5,0.47000000000000003,0.4630952380952381,0.36,0.40433436532507744,0.4880000000000001,0.5421523737700208,3.6,4.2,5.8,6.4
rf,signo_zodiacal_tauro,205,0.5,0.5599999999999999,0.5704329004329005,0.56,0.560157881334352,0.557,0.5632385206812451,5.6,4.4,5.6,4.4
rf,signo_zodiacal_tauro,206,0.5,0.54,0.5486147186147187,0.54,0.539205500381971,0.508,0.539648311870448,5.4,4.6,5.4,4.6
rf,signo_zodiacal_tauro,207,0.5,0.47000000000000003,0.45757575757575764,0.42000000000000004,0.4341269841269842,0.46799999999999997,0.5461922254731852,4.2,4.8,5.2,5.8
rf,signo_zodiacal_tauro,208,0.5,0.6300000000000001,0.6251923076923076,0.7,0.6513117800074321,0.6719999999999999,0.668852502674484,7.0,4.4,5.6,3.0
rf,signo_zodiacal_tauro,209,0.5,0.53,0.5262470862470863,0.6,0.5551548436308161,0.564,0.6237662315324853,6.0,5.4,4.6,4.0
rf,signo_zodiacal_tauro,210,0.5,0.55,0.5549206349206349,0.45999999999999996,0.4929280420302091,0.557,0.59463440214756,4.6,3.6,6.4,5.4
rf,signo_zodiacal_tauro,211,0.5,0.48999999999999994,0.48269230769230764,0.5199999999999999,0.4979296066252588,0.4779999999999999,0.555540706026,5.2,5.4,4.6,4.8
rf,signo_zodiacal_tauro,212,0.5,0.43999999999999995,0.4594505494505494,0.38,0.39712093533065407,0.465,0.5740571671190866,3.8,5.0,5.0,6.2
rf,signo_zodiacal_tauro,213,0.5,0.51,0.509047619047619,0.5199999999999999,0.5110211357270181,0.518,0.5742721714130383,5.2,5.0,5.0,4.8
rf,signo_zodiacal_tauro,214,0.5,0.45,0.4440836940836941,0.38,0.4068996019460416,0.44699999999999995,0.5197590732281134,3.8,4.8,5.2,6.2
rf,signo_zodiacal_tauro,215,0.5,0.53,0.5374242424242424,0.54,0.5363059163059163,0.595,0.6463843297225649,5.4,4.8,5.2,4.6
rf,signo_zodiacal_tauro,216,0.5,0.55,0.5561111111111111,0.45999999999999996,0.49351712614870513,0.53,0.5869168207093903,4.6,3.6,6.4,5.4
rf,signo_zodiacal_tauro,217,0.5,0.36,0.3447619047619047,0.36000000000000004,0.34588516746411485,0.32399999999999995,0.45766753997636356,3.6,6.4,3.6,6.4
rf,signo_zodiacal_tauro,218,0.5,0.45,0.4082539682539682,0.4,0.3971704662726334,0.426,0.5034750510926982,4.0,5.0,5.0,6.0
rf,signo_zodiacal_tauro,219,0.5,0.4,0.40166666666666667,0.42000000000000004,0.4084848484848485,0.34400000000000003,0.47326292807639553,4.2,6.2,3.8,5.8
rf,signo_zodiacal_tauro,220,0.5,0.5599999999999999,0.5700000000000001,0.5199999999999999,0.5367464114832535,0.562,0.6383036679522747,5.2,4.0,6.0,4.8
rf,signo_zodiacal_tauro,221,0.5,0.5800000000000001,0.6170634920634921,0.5,0.5445828251555807,0.5599999999999999,0.6228614061377219,5.0,3.4,6.6,5.0
rf,signo_zodiacal_tauro,222,0.5,0.53,0.5377777777777778,0.4800000000000001,0.48961069340016705,0.571,0.6368491122740348,4.8,4.2,5.8,5.2
rf,signo_zodiacal_tauro,223,0.5,0.48,0.4853535353535353,0.5,0.49141034404192296,0.514,0.6032363100435856,5.0,5.4,4.6,5.0
rf,signo_zodiacal_tauro,224,0.5,0.53,0.5331313131313131,0.5599999999999999,0.5424310776942356,0.619,0.6621174795276963,5.6,5.0,5.0,4.4
rf,signo_zodiacal_tauro,225,0.5,0.52,0.55,0.4600000000000001,0.4836940836940837,0.505,0.5683810254073413,4.6,4.2,5.8,5.4
rf,signo_zodiacal_tauro,226,0.5,0.5700000000000001,0.5528282828282828,0.54,0.5381499202551834,0.561,0.6099843110106267,5.4,4.0,6.0,4.6
rf,signo_zodiacal_tauro,227,0.5,0.5900000000000001,0.6301948051948052,0.5,0.5517826428817141,0.5800000000000001,0.6210306078510412,5.0,3.2,6.8,5.0
rf,signo_zodiacal_tauro,228,0.5,0.5199999999999999,0.5281746031746032,0.52,0.5151968602432999,0.5810000000000001,0.6209511572878446,5.2,4.8,5.2,4.8
rf,signo_zodiacal_tauro,229,0.5,0.49000000000000005,0.4924242424242424,0.54,0.506049506049506,0.492,0.5787567334626157,5.4,5.6,4.4,4.6
rf,signo_zodiacal_tauro,230,0.5,0.52,0.5352813852813852,0.5,0.5069327731092437,0.522,0.5768673903495884,5.0,4.6,5.4,5.0
rf,signo_zodiacal_tauro,231,0.5,0.45,0.46186036186036183,0.5,0.47469034906105845,0.43499999999999994,0.5197799443418638,5.0,6.0,4.0,5.0
rf,signo_zodiacal_tauro,232,0.5,0.63,0.6392673992673992,0.5999999999999999,0.6119821719687112,0.631,0.6567118306530071,6.0,3.4,6.6,4.0
rf,signo_zodiacal_tauro,233,0.5,0.48,0.48321678321678324,0.52,0.4975657193048497,0.462,0.5154144619570317,5.2,5.6,4.4,4.8
rf,signo_zodiacal_tauro,234,0.5,0.5700000000000001,0.5477777777777779,0.5,0.5096209054103791,0.612,0.6686216920334568,5.0,3.6,6.4,5.0
rf,signo_zodiacal_tauro,235,0.5,0.48,0.48015873015873023,0.4800000000000001,0.4758513931888545,0.484,0.566445288801326,4.8,5.2,4.8,5.2
rf,signo_zodiacal_tauro,236,0.5,0.54,0.5315934065934066,0.5599999999999999,0.5360471724921853,0.49000000000000005,0.5725145781291291,5.6,4.8,5.2,4.4
rf,signo_zodiacal_tauro,237,0.5,0.48,0.48535353535353537,0.5199999999999999,0.5009341535657325,0.48100000000000004,0.549050505050505,5.2,5.6,4.4,4.8
rf,signo_zodiacal_tauro,238,0.5,0.42000000000000004,0.4226373626373626,0.36,0.38225063938618925,0.4,0.4846068449094765,3.6,5.2,4.8,6.4
rf,signo_zodiacal_tauro,239,0.5,0.48,0.4946886446886446,0.56,0.5215727064697316,0.43499999999999994,0.5045147265015686,5.6,6.0,4.0,4.4
rf,signo_zodiacal_tauro,240,0.5,0.49000000000000005,0.4892857142857142,0.42000000000000004,0.4496732026143791,0.476,0.5306871065810694,4.2,4.4,5.6,5.8
rf,signo_zodiacal_tauro,241,0.5,0.52,0.5361111111111111,0.42000000000000004,0.46842105263157896,0.49399999999999994,0.5957805172983192,4.2,3.8,6.2,5.8
rf,signo_zodiacal_tauro,242,0.5,0.53,0.5232600732600734,0.64,0.5705094422485727,0.568,0.6548110398373557,6.4,5.8,4.2,3.6
rf,signo_zodiacal_tauro,243,0.5,0.47000000000000003,0.4652680652680653,0.5,0.48013512040972,0.46900000000000003,0.5391008611271769,5.0,5.6,4.4,5.0
rf,signo_zodiacal_tauro,244,0.5,0.45999999999999996,0.45833333333333337,0.45999999999999996,0.45598845598845605,0.4640000000000001,0.5672329973947621,4.6,5.4,4.6,5.4
rf,signo_zodiacal_tauro,245,0.5,0.47000000000000003,0.44825396825396824,0.36,0.3951289989680082,0.387,0.48265372845249,3.6,4.2,5.8,6.4
rf,signo_zodiacal_tauro,246,0.5,0.53,0.5181818181818182,0.5,0.5019047619047619,0.49499999999999994,0.5468228171037769,5.0,4.4,5.6,5.0
rf,signo_zodiacal_tauro,247,0.5,0.4,0.41060606060606064,0.48,0.4409090909090909,0.39499999999999996,0.4910278722825162,4.8,6.8,3.2,5.2
rf,signo_zodiacal_tauro,248,0.5,0.51,0.4893467643467643,0.45999999999999996,0.46819820224046904,0.48100000000000004,0.5489481645805175,4.6,4.4,5.6,5.4
rf,signo_zodiacal_tauro,249,0.5,0.45,0.45897435897435895,0.5,0.47563969211566465,0.406,0.5031331030510597,5.0,6.0,4.0,5.0
rf,signo_zodiacal_tauro,250,0.5,0.57,0.5465268065268065,0.6,0.5651552795031055,0.5780000000000001,0.6064300101343445,6.0,4.6,5.4,4.0
rf,signo_zodiacal_tauro,251,0.5,0.59,0.5819047619047619,0.58,0.574093567251462,0.582,0.6166854012001071,5.8,4.0,6.0,4.2
rf,signo_zodiacal_tauro,252,0.5,0.5499999999999999,0.6017460317460317,0.44000000000000006,0.4977666760484098,0.5740000000000001,0.6357375669566072,4.4,3.4,6.6,5.6
rf,signo_zodiacal_tauro,253,0.5,0.49000000000000005,0.4813131313131313,0.5,0.4889268626110731,0.45999999999999996,0.5579169945981091,5.0,5.2,4.8,5.0
rf,signo_zodiacal_tauro,254,0.5,0.59,0.5885314685314685,0.64,0.5975983436853002,0.563,0.6253755770373417,6.4,4.6,5.4,3.6
rf,signo_zodiacal_tauro,255,0.5,0.4800000000000001,0.5201010101010102,0.43999999999999995,0.4652449305080883,0.496,0.5501414794355971,4.4,4.8,5.2,5.6
rf,signo_zodiacal_tauro,256,0.5,0.4600000000000001,0.44646464646464645,0.52,0.46944862155388467,0.518,0.5922620963487836,5.2,6.0,4.0,4.8
rf,signo_zodiacal_tauro,257,0.5,0.57,0.5757575757575758,0.5399999999999999,0.5563909774436089,0.572,0.633218315396334,5.4,4.0,6.0,4.6
rf,signo_zodiacal_tauro,258,0.5,0.49000000000000005,0.48409090909090907,0.48,0.4753968253968253,0.5369999999999999,0.5704454401807343,4.8,5.0,5.0,5.2
rf,signo_zodiacal_tauro,259,0.5,0.5700000000000001,0.6135714285714287,0.45999999999999996,0.5151039809863339,0.591,0.6408513388056731,4.6,3.2,6.8,5.4
rf,signo_zodiacal_tauro,260,0.5,0.42000000000000004,0.4046453546453546,0.38,0.3852068363577315,0.44399999999999995,0.5282032509973686,3.8,5.4,4.6,6.2
rf,signo_zodiacal_tauro,261,0.5,0.48,0.46825396825396826,0.43999999999999995,0.4523219814241486,0.477,0.5500987888960025,4.4,4.8,5.2,5.6
rf,signo_zodiacal_tauro,262,0.5,0.4600000000000001,0.46452991452991454,0.43999999999999995,0.4441733256647781,0.43500000000000005,0.5090786989068723,4.4,5.2,4.8,5.6
rf,signo_zodiacal_tauro,263,0.5,0.5199999999999999,0.5143434343434343,0.54,0.5261152882205513,0.533,0.5994162118411344,5.4,5.0,5.0,4.6
rf,signo_zodiacal_tauro,264,0.5,0.45,0.4449062049062049,0.48,0.4542273330384786,0.45499999999999996,0.560885761297526,4.8,5.8,4.2,5.2
rf,signo_zodiacal_tauro,265,0.5,0.5,0.5185836385836385,0.52,0.5116058688921792,0.5229999999999999,0.5879126861270824,5.2,5.2,4.8,4.8
rf,signo_zodiacal_tauro,266,0.5,0.4,0.3893040293040293,0.36,0.36754475703324807,0.32600000000000007,0.43761778254425315,3.6,5.6,4.4,6.4
rf,signo_zodiacal_tauro,267,0.5,0.4600000000000001,0.4492156862745098,0.5,0.45757575757575764,0.376,0.45463635650555156,5.0,5.8,4.2,5.0
rf,signo_zodiacal_tauro,268,0.5,0.49000000000000005,0.4982167832167832,0.58,0.5296061233452537,0.5269999999999999,0.598673325040972,5.8,6.0,4.0,4.2
rf,signo_zodiacal_tauro,269,0.5,0.5999999999999999,0.6161904761904762,0.58,0.5930537573881228,0.6060000000000001,0.6352564167858286,5.8,3.8,6.2,4.2
rf,signo_zodiacal_tauro,270,0.5,0.48,0.4851948051948051,0.45999999999999996,0.4693557422969188,0.514,0.5540892495877016,4.6,5.0,5.0,5.4
rf,signo_zodiacal_tauro,271,0.5,0.5,0.49518259518259516,0.5599999999999999,0.52292688242345,0.483,0.5555868965915407,5.6,5.6,4.4,4.4
rf,signo_zodiacal_tauro,272,0.5,0.49000000000000005,0.5121367521367521,0.42000000000000004,0.4374296387568698,0.531,0.6009991489418735,4.2,4.4,5.6,5.8
rf,signo_zodiacal_tauro,273,0.5,0.5,0.5022222222222222,0.48,0.4905263157894736,0.477,0.5334421026170253,4.8,4.8,5.2,5.2
rf,signo_zodiacal_tauro,274,0.5,0.57,0.6507692307692308,0.5,0.5075362318840579,0.675,0.6959183569268708,5.0,3.6,6.4,5.0
rf,signo_zodiacal_tauro,275,0.5,0.6,0.5943290043290043,0.66,0.6145079365079364,0.619,0.5946725115270006,6.6,4.6,5.4,3.4
rf,signo_zodiacal_tauro,276,0.5,0.48,0.45111111111111113,0.41999999999999993,0.43049441786283893,0.499,0.5514359302548157,4.2,4.6,5.4,5.8
rf,signo_zodiacal_tauro,277,0.5,0.5599999999999999,0.5534065934065934,0.5599999999999999,0.5523273657289003,0.585,0.605691655781439,5.6,4.4,5.6,4.4
rf,signo_zodiacal_tauro,278,0.5,0.38,0.3841486291486292,0.4,0.38802005012531326,0.39299999999999996,0.4893015616134811,4.0,6.4,3.6,6.0
rf,signo_zodiacal_tauro,279,0.5,0.51,0.5088888888888888,0.54,0.5223923444976076,0.4959999999999999,0.5506597564801899,5.4,5.2,4.8,4.6
rf,signo_zodiacal_tauro,280,0.5,0.48999999999999994,0.47653679653679654,0.45999999999999996,0.46640719445673007,0.48600000000000004,0.5311705880119192,4.6,4.8,5.2,5.4
rf,signo_zodiacal_tauro,281,0.5,0.6,0.6067965367965368,0.64,0.6149197860962567,0.578,0.632028312159117,6.4,4.4,5.6,3.6
rf,signo_zodiacal_tauro,282,0.5,0.5,0.4791375291375292,0.52,0.49259363824581215,0.5,0.5505883016192613,5.2,5.2,4.8,4.8
rf,signo_zodiacal_tauro,283,0.5,0.51,0.5016317016317016,0.47999999999999987,0.4821192473938469,0.536,0.5735213829857793,4.8,4.6,5.4,5.2
rf,signo_zodiacal_tauro,284,0.5,0.43000000000000005,0.43597513597513593,0.4,0.38820073900165436,0.334,0.4513424929044124,4.0,5.4,4.6,6.0
rf,signo_zodiacal_tauro,285,0.5,0.4699999999999999,0.45956709956709957,0.44000000000000006,0.4476603272888102,0.40599999999999997,0.5055679814681362,4.4,5.0,5.0,5.6
rf,signo_zodiacal_tauro,286,0.5,0.5000000000000001,0.5103463203463204,0.52,0.5103081232492996,0.5,0.5519227461564922,5.2,5.2,4.8,4.8
rf,signo_zodiacal_tauro,287,0.5,0.61,0.6447619047619046,0.52,0.5557219251336898,0.601,0.6226871641430465,5.2,3.0,7.0,4.8
rf,signo_zodiacal_tauro,288,0.5,0.55,0.5527777777777778,0.62,0.5769803296119085,0.5120000000000001,0.5860987160414404,6.2,5.2,4.8,3.8
rf,signo_zodiacal_tauro,289,0.5,0.5199999999999999,0.532012987012987,0.45999999999999996,0.4903081232492997,0.5690000000000001,0.6423185501289217,4.6,4.2,5.8,5.4
rf,signo_zodiacal_tauro,290,0.5,0.51,0.5161038961038961,0.52,0.5136847466259231,0.518,0.544970370101175,5.2,5.0,5.0,4.8
rf,signo_zodiacal_tauro,291,0.5,0.5,0.4974242424242424,0.48,0.4872681704260652,0.485,0.5591132031882806,4.8,4.8,5.2,5.2
rf,signo_zodiacal_tauro,292,0.5,0.47000000000000003,0.47424242424242424,0.5,0.48614718614718616,0.5730000000000001,0.5962573602867721,5.0,5.6,4.4,5.0
rf,signo_zodiacal_tauro,293,0.5,0.54,0.5483766233766234,0.45999999999999996,0.4972922502334267,0.553,0.6314079341710921,4.6,3.8,6.2,5.4
rf,signo_zodiacal_tauro,294,0.5,0.49000000000000005,0.4895104895104895,0.56,0.5213062300018823,0.45699999999999996,0.5486403915142305,5.6,5.8,4.2,4.4
rf,signo_zodiacal_tauro,295,0.5,0.44000000000000006,0.44165834165834167,0.42000000000000004,0.42136463280964553,0.45299999999999996,0.527735360270964,4.2,5.4,4.6,5.8
rf,signo_zodiacal_tauro,296,0.5,0.43999999999999995,0.433021978021978,0.43999999999999995,0.43069363713864994,0.45499999999999996,0.5040840919486429,4.4,5.6,4.4,5.6
rf,signo_zodiacal_tauro,297,0.5,0.54,0.5813852813852813,0.45999999999999996,0.5019460415745245,0.4969999999999999,0.5903546725032793,4.6,3.8,6.2,5.4
rf,signo_zodiacal_tauro,298,0.5,0.51,0.49944444444444447,0.52,0.506475279106858,0.5129999999999999,0.5611313582358474,5.2,5.0,5.0,4.8
rf,signo_zodiacal_tauro,299,0.5,0.44000000000000006,0.4468919968919969,0.48,0.46049709253370585,0.41600000000000004,0.5152004221268928,4.8,6.0,4.0,5.2
rf,signo_zodiacal_tauro,300,0.5,0.44000000000000006,0.4212337662337662,0.4,0.4080112044817927,0.38399999999999995,0.47283185502148345,4.0,5.2,4.8,6.0
rf,signo_zodiacal_tauro,301,0.5,0.5700000000000001,0.5297402597402596,0.5599999999999999,0.5342857142857143,0.578,0.6241253833885413,5.6,4.2,5.8,4.4
rf,signo_zodiacal_tauro,302,0.5,0.39,0.36714285714285716,0.33999999999999997,0.3494830659536542,0.325,0.4371886200314993,3.4,5.6,4.4,6.6
rf,signo_zodiacal_tauro,303,0.5,0.61,0.7251082251082251,0.45999999999999996,0.5507703081232493,0.6009999999999999,0.714745892995893,4.6,2.4,7.6,5.4
rf,signo_zodiacal_tauro,304,0.5,0.5,0.4947052947052947,0.6,0.5407867494824016,0.517,0.566338279539518,6.0,6.0,4.0,4.0
rf,signo_zodiacal_tauro,305,0.5,0.5599999999999999,0.5499999999999999,0.54,0.5374331550802139,0.508,0.5508957692634163,5.4,4.2,5.8,4.6
rf,signo_zodiacal_tauro,306,0.5,0.43999999999999995,0.4195526695526695,0.4,0.3989139515455305,0.479,0.5744822379203185,4.0,5.2,4.8,6.0
rf,signo_zodiacal_tauro,307,0.5,0.45000000000000007,0.43513819513819507,0.52,0.4682265253927659,0.403,0.4817483952236274,5.2,6.2,3.8,4.8
rf,signo_zodiacal_tauro,308,0.5,0.55,0.5488455988455988,0.5599999999999999,0.5495583879484809,0.5770000000000001,0.6443188455850994,5.6,4.6,5.4,4.4
rf,signo_zodiacal_tauro,309,0.5,0.48,0.4630952380952381,0.4,0.4240047534165182,0.504,0.5447588528602461,4.0,4.4,5.6,6.0
rf,signo_zodiacal_tauro,310,0.5,0.54,0.5333333333333334,0.54,0.5323232323232323,0.5389999999999999,0.5632736207720728,5.4,4.6,5.4,4.6
rf,signo_zodiacal_tauro,311,0.5,0.51,0.5064535464535465,0.4999999999999999,0.4964226850160355,0.506,0.5511198601020582,5.0,4.8,5.2,5.0
rf,signo_zodiacal_tauro,312,0.5,0.4800000000000001,0.4893217893217893,0.45999999999999996,0.4693444842051654,0.4499999999999999,0.5417489110476726,4.6,5.0,5.0,5.4
rf,signo_zodiacal_tauro,313,0.5,0.55,0.5585281385281385,0.5800000000000001,0.5587484548475261,0.612,0.6312260305054422,5.8,4.8,5.2,4.2
rf,signo_zodiacal_tauro,314,0.5,0.4600000000000001,0.4451587301587301,0.44000000000000006,0.43367595459236324,0.507,0.580741165697048,4.4,5.2,4.8,5.6
rf,signo_zodiacal_tauro,315,0.5,0.41,0.3973076923076923,0.44000000000000006,0.4121256038647343,0.418,0.48748834498834503,4.4,6.2,3.8,5.6
rf,signo_zodiacal_tauro,316,0.5,0.51,0.5166666666666667,0.5,0.5066985645933014,0.53,0.5618043988175567,5.0,4.8,5.2,5.0
rf,signo_zodiacal_tauro,317,0.5,0.7200000000000001,0.7077272727272728,0.74,0.7204617604617605,0.7619999999999999,0.7494856505723378,7.4,3.0,7.0,2.6
rf,signo_zodiacal_tauro,318,0.5,0.6199999999999999,0.6186324786324786,0.6200000000000001,0.6159725400457666,0.624,0.6619624721683545,6.2,3.8,6.2,3.8
rf,signo_zodiacal_tauro,319,0.5,0.52,0.5227777777777778,0.45999999999999996,0.48842105263157887,0.492,0.5402141089904247,4.6,4.2,5.8,5.4
rf,signo_zodiacal_tauro,320,0.5,0.52,0.52995670995671,0.48,0.494917239623122,0.5269999999999999,0.6028782514355269,4.8,4.4,5.6,5.2
rf,signo_zodiacal_tauro,321,0.5,0.51,0.504040404040404,0.5599999999999999,0.5292321713374345,0.508,0.57463155471979,5.6,5.4,4.6,4.4
rf,signo_zodiacal_tauro,322,0.5,0.47000000000000003,0.4656410256410256,0.45999999999999996,0.45955250444952955,0.492,0.5488456180042868,4.6,5.2,4.8,5.4
rf,signo_zodiacal_tauro,323,0.5,0.45,0.4597619047619048,0.4,0.41725490196078435,0.45,0.5368333702760947,4.0,5.0,5.0,6.0
rf,signo_zodiacal_tauro,324,0.5,0.53,0.5166666666666667,0.52,0.5089720736779559,0.562,0.592023359595341,5.2,4.6,5.4,4.8
rf,signo_zodiacal_tauro,325,0.5,0.53,0.5361111111111111,0.48,0.5027113237639552,0.5349999999999999,0.5940375370243791,4.8,4.2,5.8,5.2
rf,signo_zodiacal_tauro,326,0.5,0.5,0.49844155844155846,0.48,0.4867787114845939,0.49700000000000005,0.5321712449916783,4.8,4.8,5.2,5.2
rf,signo_zodiacal_tauro,327,0.5,0.51,0.5222222222222223,0.45999999999999996,0.4796172248803828,0.46299999999999997,0.5846650704816339,4.6,4.4,5.6,5.4
rf,signo_zodiacal_tauro,328,0.5,0.49000000000000005,0.4928571428571429,0.5199999999999999,0.4923579688285571,0.49499999999999994,0.5466223765914168,5.2,5.4,4.6,4.8
rf,signo_zodiacal_tauro,329,0.5,0.49000000000000005,0.4798951048951049,0.4999999999999999,0.48516218081435475,0.441,0.5027802022538864,5.0,5.2,4.8,5.0
rf,signo_zodiacal_tauro,330,0.5,0.43000000000000005,0.44383838383838387,0.48,0.457453634085213,0.403,0.49729600095466964,4.8,6.2,3.8,5.2
rf,signo_zodiacal_tauro,331,0.5,0.5800000000000001,0.5829870129870129,0.5199999999999999,0.5461437908496733,0.597,0.6490232430967724,5.2,3.6,6.4,4.8
rf,signo_zodiacal_tauro,332,0.5,0.59,0.593939393939394,0.64,0.6106060606060606,0.635,0.6719880093246967,6.4,4.6,5.4,3.6
rf,signo_zodiacal_tauro,333,0.5,0.58,0.5956410256410256,0.5599999999999999,0.572885837782863,0.5890000000000001,0.6429025865775091,5.6,4.0,6.0,4.4
rf,signo_zodiacal_tauro,334,0.5,0.55,0.568009768009768,0.5,0.5249039051165851,0.608,0.6324118457222172,5.0,4.0,6.0,5.0
rf,signo_zodiacal_tauro,335,0.5,0.5199999999999999,0.5271367521367522,0.48,0.4936689549961861,0.577,0.5912376312198294,4.8,4.4,5.6,5.2
rf,signo_zodiacal_tauro,336,0.5,0.55,0.5555555555555556,0.52,0.5285087719298246,0.5079999999999999,0.5379935321816127,5.2,4.2,5.8,4.8
rf,signo_zodiacal_tauro,337,0.5,0.47000000000000003,0.46904761904761905,0.4800000000000001,0.46705288175876414,0.449,0.5111354201354201,4.8,5.4,4.6,5.2
rf,signo_zodiacal_tauro,338,0.5,0.4,0.3965367965367966,0.45999999999999996,0.4217341482047364,0.363,0.4644766104208829,4.6,6.6,3.4,5.4
rf,signo_zodiacal_tauro,339,0.5,0.54,0.534965034965035,0.5599999999999999,0.5364450127877238,0.5650000000000001,0.583800141207262,5.6,4.8,5.2,4.4
rf,signo_zodiacal_tauro,340,0.5,0.54,0.5505494505494506,0.52,0.528275078147201,0.505,0.5428765323943342,5.2,4.4,5.6,4.8
rf,signo_zodiacal_tauro,341,0.5,0.5700000000000001,0.5765079365079366,0.52,0.5446439628482971,0.5700000000000001,0.6578344721154318,5.2,3.8,6.2,4.8
rf,signo_zodiacal_tauro,342,0.5,0.4800000000000001,0.4698412698412698,0.4,0.42832817337461304,0.45600000000000007,0.5387095980215175,4.0,4.4,5.6,6.0
rf,signo_zodiacal_tauro,343,0.5,0.61,0.6251587301587301,0.54,0.5777227382180943,0.639,0.6457257079006304,5.4,3.2,6.8,4.6
rf,signo_zodiacal_tauro,344,0.5,0.53,0.5444444444444445,0.48,0.5087719298245614,0.607,0.6774857164679146,4.8,4.2,5.8,5.2
rf,signo_zodiacal_tauro,345,0.5,0.53,0.5325757575757576,0.5599999999999999,0.5427128427128427,0.56,0.5909227439227439,5.6,5.0,5.0,4.4
rf,signo_zodiacal_tauro,346,0.5,0.58,0.6138528138528139,0.54,0.5685934980052627,0.5860000000000001,0.6432772668507962,5.4,3.8,6.2,4.6
rf,signo_zodiacal_tauro,347,0.5,0.43,0.4103896103896104,0.4,0.40347928645142267,0.45,0.5220814114506065,4.0,5.4,4.6,6.0
rf,signo_zodiacal_tauro,348,0.5,0.4800000000000001,0.4793939393939394,0.48,0.47934837092731825,0.47700000000000004,0.556954703363372,4.8,5.2,4.8,5.2
rf,signo_zodiacal_tauro,349,0.5,0.5,0.48777777777777775,0.42000000000000004,0.4428389154704944,0.41500000000000004,0.5299043232309486,4.2,4.2,5.8,5.8
rf,signo_zodiacal_tauro,350,0.5,0.49000000000000005,0.50004329004329,0.5599999999999999,0.5204033613445379,0.52,0.5875013515895868,5.6,5.8,4.2,4.4
rf,signo_zodiacal_tauro,351,0.5,0.53,0.5316666666666666,0.58,0.5464368380157854,0.591,0.6087171064229888,5.8,5.2,4.8,4.2
rf,signo_zodiacal_tauro,352,0.5,0.65,0.6442857142857144,0.7,0.6669218500797449,0.625,0.6269339359470938,7.0,4.0,6.0,3.0
rf,signo_zodiacal_tauro,353,0.5,0.53,0.5276923076923077,0.56,0.5397189284145806,0.5349999999999999,0.5737589975384093,5.6,5.0,5.0,4.4
rf,signo_zodiacal_tauro,354,0.5,0.51,0.5063131313131313,0.5,0.5005696058327637,0.533,0.590151404580971,5.0,4.8,5.2,5.0
rf,signo_zodiacal_tauro,355,0.5,0.6,0.621978021978022,0.56,0.5764628380996667,0.604,0.6435862270684252,5.6,3.6,6.4,4.4
rf,signo_zodiacal_tauro,356,0.5,0.47000000000000003,0.4662698412698412,0.41999999999999993,0.4386903086593489,0.5109999999999999,0.5918188663761419,4.2,4.8,5.2,5.8
rf,signo_zodiacal_tauro,357,0.5,0.6,0.5987301587301588,0.58,0.5848353504081059,0.64,0.6917863961803591,5.8,3.8,6.2,4.2
rf,signo_zodiacal_tauro,358,0.5,0.5599999999999999,0.5883333333333334,0.5,0.5322727272727273,0.579,0.6339072594072593,5.0,3.8,6.2,5.0
rf,signo_zodiacal_tauro,359,0.5,0.51,0.5008741258741258,0.5599999999999999,0.526068134763787,0.539,0.6089163793722616,5.6,5.4,4.6,4.4
rf,signo_zodiacal_tauro,360,0.5,0.5599999999999999,0.5885714285714286,0.52,0.5341176470588235,0.528,0.617048201626375,5.2,4.0,6.0,4.8
rf,signo_zodiacal_tauro,361,0.5,0.45,0.4648595848595848,0.5599999999999999,0.50316704805492,0.433,0.5189289985040759,5.6,6.6,3.4,4.4
rf,signo_zodiacal_tauro,362,0.5,0.47000000000000003,0.4536796536796537,0.4600000000000001,0.4436147186147186,0.466,0.5480572889442858,4.6,5.2,4.8,5.4
rf,signo_zodiacal_tauro,363,0.5,0.4700000000000001,0.45777777777777773,0.32,0.3685964912280702,0.40800000000000003,0.4708513800441045,3.2,3.8,6.2,6.8
rf,signo_zodiacal_tauro,364,0.5,0.54,0.5601648351648352,0.52,0.533105996021597,0.496,0.5757013264513265,5.2,4.4,5.6,4.8
rf,signo_zodiacal_tauro,365,0.5,0.55,0.5672222222222223,0.5199999999999999,0.5319883040935671,0.615,0.6313150440031245,5.2,4.2,5.8,4.8
rf,signo_zodiacal_tauro,366,0.5,0.51,0.5155122655122655,0.4600000000000001,0.4833701901813357,0.48,0.5868948469830823,4.6,4.4,5.6,5.4
rf,signo_zodiacal_tauro,367,0.5,0.45999999999999996,0.4431818181818182,0.42000000000000004,0.42857142857142855,0.48199999999999993,0.5174966032419592,4.2,5.0,5.0,5.8
rf,signo_zodiacal_tauro,368,0.5,0.58,0.6064102564102565,0.4800000000000001,0.5158663923235198,0.5710000000000001,0.5616515512351425,4.8,3.2,6.8,5.2
rf,signo_zodiacal_tauro,369,0.5,0.54,0.55,0.48,0.5116959064327485,0.5660000000000001,0.6245225503770395,4.8,4.0,6.0,5.2
rf,signo_zodiacal_tauro,370,0.5,0.41,0.3996031746031746,0.42000000000000004,0.4044125465178096,0.35700000000000004,0.4530799488609086,4.2,6.0,4.0,5.8
rf,signo_zodiacal_tauro,371,0.5,0.42000000000000004,0.418974358974359,0.45999999999999996,0.4365966299147077,0.39499999999999996,0.4839746637950972,4.6,6.2,3.8,5.4
rf,signo_zodiacal_tauro,372,0.5,0.62,0.6111538461538462,0.6599999999999999,0.6293719806763285,0.6700000000000002,0.6575566335109679,6.6,4.2,5.8,3.4
rf,signo_zodiacal_tauro,373,0.5,0.5599999999999999,0.563458110516934,0.62,0.5812030075187969,0.5799999999999998,0.6250030329147978,6.2,5.0,5.0,3.8
rf,signo_zodiacal_tauro,374,0.5,0.52,0.5100732600732601,0.54,0.5196000930016276,0.514,0.5692220008233939,5.4,5.0,5.0,4.6
rf,signo_zodiacal_tauro,375,0.5,0.54,0.5463986013986013,0.52,0.5247446514837819,0.557,0.5985988172474241,5.2,4.4,5.6,4.8
rf,signo_zodiacal_tauro,376,0.5,0.41,0.4113131313131313,0.42000000000000004,0.4143814080656186,0.376,0.4592712673463447,4.2,6.0,4.0,5.8
rf,signo_zodiacal_tauro,377,0.5,0.48,0.5568181818181818,0.38,0.4126984126984127,0.433,0.5571638275724963,3.8,4.2,5.8,6.2
rf,signo_zodiacal_tauro,378,0.5,0.4800000000000001,0.44222222222222224,0.4800000000000001,0.44805468215994526,0.544,0.6103886466990182,4.8,5.2,4.8,5.2
rf,signo_zodiacal_tauro,379,0.5,0.6,0.6083333333333333,0.58,0.5766531713900134,0.658,0.6786546786546787,5.8,3.8,6.2,4.2
rf,signo_zodiacal_tauro,380,0.5,0.5,0.5069444444444444,0.48,0.47390013495276656,0.466,0.5242347729669712,4.8,4.8,5.2,5.2
rf,signo_zodiacal_tauro,381,0.5,0.5800000000000001,0.5697402597402597,0.5599999999999999,0.5523809523809524,0.6160000000000001,0.651057375630905,5.6,4.0,6.0,4.4
rf,signo_zodiacal_tauro,382,0.5,0.45999999999999996,0.4478271728271729,0.42000000000000004,0.4264766776275728,0.4029999999999999,0.4798128009761136,4.2,5.0,5.0,5.8
rf,signo_zodiacal_tauro,383,0.5,0.6100000000000001,0.621948051948052,0.6599999999999999,0.631205500381971,0.641,0.681354367252974,6.6,4.4,5.6,3.4
rf,signo_zodiacal_tauro,384,0.5,0.49000000000000005,0.45999999999999996,0.4600000000000001,0.45619047619047615,0.514,0.5944042089661284,4.6,4.8,5.2,5.4
rf,signo_zodiacal_tauro,385,0.5,0.5,0.48518981018981017,0.52,0.49501887711606385,0.4709999999999999,0.5760619945929543,5.2,5.2,4.8,4.8
rf,signo_zodiacal_tauro,386,0.5,0.47000000000000003,0.45242424242424245,0.38,0.40075036075036075,0.488,0.5502118900191656,3.8,4.4,5.6,6.2
rf,signo_zodiacal_tauro,387,0.5,0.55,0.545959595959596,0.6,0.5701982228298018,0.575,0.5972395578277931,6.0,5.0,5.0,4.0
rf,signo_zodiacal_tauro,388,0.5,0.53,0.5348051948051948,0.41999999999999993,0.4598739495798319,0.5130000000000001,0.5679702889130133,4.2,3.6,6.4,5.8
rf,signo_zodiacal_tauro,389,0.5,0.4600000000000001,0.46913308913308915,0.5,0.47849987287058227,0.41200000000000003,0.5081048504299279,5.0,5.8,4.2,5.0
rf,signo_zodiacal_tauro,390,0.5,0.5900000000000001,0.5766666666666667,0.5800000000000001,0.5762147793726742,0.5920000000000001,0.5741187227804875,5.8,4.0,6.0,4.2
rf,signo_zodiacal_tauro,391,0.5,0.45,0.4404761904761905,0.38,0.40244159864902895,0.40199999999999997,0.47463770525999627,3.8,4.8,5.2,6.2
rf,signo_zodiacal_tauro,392,0.5,0.55,0.5558441558441558,0.5,0.5215686274509804,0.52,0.6188130198834533,5.0,4.0,6.0,5.0
rf,signo_zodiacal_tauro,393,0.5,0.53,0.5261904761904763,0.4600000000000001,0.484393470306783,0.46299999999999997,0.5523382563429003,4.6,4.0,6.0,5.4
rf,signo_zodiacal_tauro,394,0.5,0.54,0.539047619047619,0.43999999999999995,0.48079291365669075,0.55,0.5609287917964388,4.4,3.6,6.4,5.6
rf,signo_zodiacal_tauro,395,0.5,0.44000000000000006,0.4342857142857143,0.33999999999999997,0.3720974450386215,0.42699999999999994,0.5017408065790419,3.4,4.6,5.4,6.6
rf,signo_zodiacal_tauro,396,0.5,0.45999999999999996,0.47594072594072595,0.52,0.49061680007971564,0.49399999999999994,0.6017756230697409,5.2,6.0,4.0,4.8
rf,signo_zodiacal_tauro,397,0.5,0.45,0.4603418803418803,0.5,0.4765675057208238,0.508,0.6234205618942461,5.0,6.0,4.0,5.0
rf,signo_zodiacal_tauro,398,0.5,0.48,0.47555555555555545,0.45999999999999996,0.4673684210526316,0.465,0.5421613037804989,4.6,5.0,5.0,5.4
rf,signo_zodiacal_tauro,399,0.5,0.52,0.5083333333333334,0.48,0.4883838383838384,0.483,0.542488455988456,4.8,4.4,5.6,5.2
rf,signo_zodiacal_tauro,400,0.5,0.49000000000000005,0.44774891774891773,0.4,0.41099821746880566,0.475,0.5491441064954997,4.0,4.2,5.8,6.0
rf,signo_zodiacal_tauro,401,0.5,0.45999999999999996,0.4333333333333334,0.42000000000000004,0.40490043290043287,0.43499999999999994,0.5367537297583737,4.2,5.0,5.0,5.8
rf,signo_zodiacal_tauro,402,0.5,0.48,0.4901587301587301,0.41999999999999993,0.4449423022797635,0.465,0.5526598760716408,4.2,4.6,5.4,5.8
rf,signo_zodiacal_tauro,403,0.5,0.44000000000000006,0.43787878787878787,0.45999999999999996,0.4455532771322245,0.445,0.5344479872552628,4.6,5.8,4.2,5.4
rf,signo_zodiacal_tauro,404,0.5,0.5499999999999999,0.5446353646353645,0.5799999999999998,0.5556723242656746,0.55,0.5770244365197926,5.8,4.8,5.2,4.2
rf,signo_zodiacal_tauro,405,0.5,0.48,0.48813131313131314,0.38,0.42111528822055144,0.487,0.5165559305675405,3.8,4.2,5.8,6.2
rf,signo_zodiacal_tauro,406,0.5,0.49000000000000005,0.4833333333333333,0.5,0.48540669856459323,0.49700000000000005,0.5810892092084042,5.0,5.2,4.8,5.0
rf,signo_zodiacal_tauro,407,0.5,0.47000000000000003,0.47682539682539693,0.43999999999999995,0.44962917096663235,0.4880000000000001,0.5473684463111708,4.4,5.0,5.0,5.6
rf,signo_zodiacal_tauro,408,0.5,0.39999999999999997,0.37717171717171716,0.27999999999999997,0.31385129490392644,0.36100000000000004,0.46262851570514113,2.8,4.8,5.2,7.2
rf,signo_zodiacal_tauro,409,0.5,0.5700000000000001,0.5656565656565656,0.56,0.5614035087719298,0.5960000000000001,0.6524114029245608,5.6,4.2,5.8,4.4
rf,signo_zodiacal_tauro,410,0.5,0.53,0.5382839382839383,0.5,0.5104756776852618,0.5810000000000001,0.612961869829517,5.0,4.4,5.6,5.0
rf,signo_zodiacal_tauro,411,0.5,0.41,0.40246642246642245,0.42000000000000004,0.40613223362987794,0.402,0.5121044059999169,4.2,6.0,4.0,5.8
rf,signo_zodiacal_tauro,412,0.5,0.5900000000000001,0.5869047619047619,0.58,0.5769005847953217,0.5650000000000001,0.6025447716198491,5.8,4.0,6.0,4.2
rf,signo_zodiacal_tauro,413,0.5,0.39,0.3761111111111112,0.34,0.3563742690058479,0.388,0.4827322677322677,3.4,5.6,4.4,6.6
rf,signo_zodiacal_tauro,414,0.5,0.59,0.6248917748917748,0.52,0.558065953654189,0.6490000000000001,0.6848655037772685,5.2,3.4,6.6,4.8
rf,signo_zodiacal_tauro,415,0.5,0.44000000000000006,0.4161172161172161,0.34,0.36611253196930943,0.462,0.5653918950846195,3.4,4.6,5.4,6.6
rf,signo_zodiacal_tauro,416,0.5,0.48,0.46805194805194805,0.4600000000000001,0.45396358543417364,0.493,0.5644297085783154,4.6,5.0,5.0,5.4
rf,signo_zodiacal_tauro,417,0.5,0.54,0.5420634920634921,0.56,0.5448353504081058,0.589,0.6533774258936796,5.6,4.8,5.2,4.4
rf,signo_zodiacal_tauro,418,0.5,0.5,0.5034415584415585,0.43999999999999995,0.4667787114845939,0.537,0.6044018667091422,4.4,4.4,5.6,5.6
rf,signo_zodiacal_tauro,419,0.5,0.52,0.49926739926739916,0.48,0.4830932830798223,0.493,0.5487589899780302,4.8,4.4,5.6,5.2
rf,signo_zodiacal_tauro,420,0.5,0.54,0.5316905316905317,0.64,0.5773128473357306,0.5359999999999999,0.5870048007548008,6.4,5.6,4.4,3.6
rf,signo_zodiacal_tauro,421,0.5,0.52,0.5365079365079365,0.45999999999999996,0.4878519828984225,0.5549999999999999,0.6276100828995566,4.6,4.2,5.8,5.4
rf,signo_zodiacal_tauro,422,0.5,0.48,0.4813131313131313,0.52,0.49849624060150377,0.43900000000000006,0.5115730956350152,5.2,5.6,4.4,4.8
rf,signo_zodiacal_tauro,423,0.5,0.44000000000000006,0.42698412698412697,0.32,0.3635448916408669,0.38100000000000006,0.4876214361833557,3.2,4.4,5.6,6.8
rf,signo_zodiacal_tauro,424,0.5,0.4800000000000001,0.490952380952381,0.5199999999999999,0.49702673796791447,0.5529999999999999,0.6112062459384441,5.2,5.6,4.4,4.8
rf,signo_zodiacal_tauro,425,0.5,0.47000000000000003,0.4480769230769231,0.43999999999999995,0.43971523010424607,0.43200000000000005,0.5376070745559909,4.4,5.0,5.0,5.6
rf,signo_zodiacal_tauro,426,0.5,0.48999999999999994,0.47555555555555556,0.5,0.47996810207336527,0.515,0.5671313100384308,5.0,5.2,4.8,5.0
rf,signo_zodiacal_tauro,427,0.5,0.54,0.5336580086580086,0.5,0.5130571526856357,0.578,0.6645824551265728,5.0,4.2,5.8,5.0
rf,signo_zodiacal_tauro,428,0.5,0.45,0.45559773559773564,0.4,0.4133320513560116,0.46099999999999997,0.547883017309488,4.0,5.0,5.0,6.0
rf,signo_zodiacal_tauro,429,0.5,0.5200000000000001,0.5101898101898101,0.5599999999999999,0.5283522104493972,0.513,0.5902778044968447,5.6,5.2,4.8,4.4
rf,signo_zodiacal_tauro,430,0.5,0.48,0.48556998556998554,0.52,0.49937343358395986,0.425,0.4976343117666647,5.2,5.6,4.4,4.8
rf,signo_zodiacal_tauro,431,0.5,0.51,0.5000999000999,0.5,0.4931433442942395,0.48200000000000004,0.5700903916345093,5.0,4.8,5.2,5.0
rf,signo_zodiacal_tauro,432,0.5,0.51,0.5011111111111111,0.5,0.4987985114300904,0.534,0.5537854500161001,5.0,4.8,5.2,5.0
rf,signo_zodiacal_tauro,433,0.5,0.53,0.5164607614607615,0.54,0.5243935926773455,0.508,0.5369038212389606,5.4,4.8,5.2,4.6
rf,signo_zodiacal_tauro,434,0.5,0.51,0.5040981240981242,0.45999999999999996,0.46692982456140353,0.522,0.5544087677028854,4.6,4.4,5.6,5.4
rf,signo_zodiacal_tauro,435,0.5,0.52,0.5134920634920636,0.4800000000000001,0.492597804672108,0.5359999999999999,0.5458975889091988,4.8,4.4,5.6,5.2
rf,signo_zodiacal_tauro,436,0.5,0.47000000000000003,0.46186147186147186,0.5,0.4708910958322723,0.438,0.5047736419926823,5.0,5.6,4.4,5.0
rf,signo_zodiacal_tauro,437,0.5,0.5399999999999999,0.5333333333333333,0.5399999999999999,0.5257360793287567,0.5210000000000001,0.5251948319138722,5.4,4.6,5.4,4.6
rf,signo_zodiacal_tauro,438,0.5,0.5199999999999999,0.5157575757575757,0.6,0.5478412698412698,0.5509999999999999,0.5807434668874297,6.0,5.6,4.4,4.0
rf,signo_zodiacal_tauro,439,0.5,0.52,0.5387878787878788,0.5199999999999999,0.5036305916305917,0.521,0.6205470532219758,5.2,4.8,5.2,4.8
rf,signo_zodiacal_tauro,440,0.5,0.51,0.4861360861360861,0.48,0.47632636578658916,0.538,0.5678025993614229,4.8,4.6,5.4,5.2
rf,signo_zodiacal_tauro,441,0.5,0.48,0.4698412698412698,0.4800000000000001,0.464792663476874,0.45199999999999996,0.510473803973804,4.8,5.2,4.8,5.2
rf,signo_zodiacal_tauro,442,0.5,0.63,0.6240259740259739,0.58,0.5857142857142856,0.642,0.6595318102949681,5.8,3.2,6.8,4.2
rf,signo_zodiacal_tauro,443,0.5,0.4800000000000001,0.46821178821178816,0.45999999999999996,0.45720131530873226,0.43600000000000005,0.5134361139376619,4.6,5.0,5.0,5.4
rf,signo_zodiacal_tauro,444,0.5,0.45,0.43896103896103894,0.42000000000000004,0.42700869821612847,0.377,0.46181051567971076,4.2,5.2,4.8,5.8
rf,signo_zodiacal_tauro,445,0.5,0.57,0.5735653235653236,0.62,0.5855584380621398,0.636,0.6536842938623124,6.2,4.8,5.2,3.8
rf,signo_zodiacal_tauro,446,0.5,0.5599999999999999,0.5443589743589744,0.6799999999999999,0.5985674132630654,0.5730000000000001,0.6114687330213646,6.8,5.6,4.4,3.2
rf,signo_zodiacal_tauro,447,0.5,0.5599999999999999,0.5630769230769231,0.54,0.5391304347826087,0.5359999999999999,0.5865419015109418,5.4,4.2,5.8,4.6
rf,signo_zodiacal_tauro,448,0.5,0.41,0.3716666666666667,0.3,0.31834498834498837,0.429,0.5052472272309734,3.0,4.8,5.2,7.0
rf,signo_zodiacal_tauro,449,0.5,0.48,0.477979797979798,0.43999999999999995,0.4534962406015038,0.40499999999999997,0.4783993598420843,4.4,4.8,5.2,5.6
rf,signo_zodiacal_tauro,450,0.5,0.54,0.5644444444444444,0.5,0.5132631578947369,0.576,0.6051127738790278,5.0,4.2,5.8,5.0
rf,signo_zodiacal_tauro,451,0.5,0.4800000000000001,0.5016666666666667,0.43999999999999995,0.4513535353535353,0.457,0.5268985252793302,4.4,4.8,5.2,5.6
rf,signo_zodiacal_tauro,452,0.5,0.5000000000000001,0.5034188034188034,0.52,0.5081755772831287,0.45999999999999996,0.5159442034573614,5.2,5.2,4.8,4.8
rf,signo_zodiacal_tauro,453,0.5,0.36,0.35676767676767673,0.33999999999999997,0.3476691729323308,0.341,0.464048389347151,3.4,6.2,3.8,6.6
rf,signo_zodiacal_tauro,454,0.5,0.4600000000000001,0.4504761904761905,0.44000000000000006,0.4424655220940051,0.504,0.5763880455629681,4.4,5.2,4.8,5.6
rf,signo_zodiacal_tauro,455,0.5,0.54,0.5417171717171718,0.54,0.53839447102605,0.5660000000000001,0.6206163177208068,5.4,4.6,5.4,4.6
rf,signo_zodiacal_tauro,456,0.5,0.45,0.44031746031746033,0.33999999999999997,0.36527495208609756,0.44699999999999995,0.5612019396152522,3.4,4.4,5.6,6.6
rf,signo_zodiacal_tauro,457,0.5,0.4699999999999999,0.47242424242424247,0.52,0.4947186147186146,0.465,0.5446441993678836,5.2,5.8,4.2,4.8
rf,signo_zodiacal_tauro,458,0.5,0.41,0.40974025974025974,0.4800000000000001,0.4397812713602187,0.45200000000000007,0.531177229633112,4.8,6.6,3.4,5.2
rf,signo_zodiacal_tauro,459,0.5,0.4600000000000001,0.44441558441558443,0.41999999999999993,0.4298658410732714,0.4119999999999999,0.5062081149844307,4.2,5.0,5.0,5.8
rf,signo_zodiacal_tauro,460,0.5,0.53,0.5257575757575758,0.62,0.5673160173160173,0.5519999999999998,0.6290220526807213,6.2,5.6,4.4,3.8
rf,signo_zodiacal_tauro,461,0.5,0.53,0.5196536796536797,0.5800000000000001,0.5374771241830065,0.592,0.6337232277526395,5.8,5.2,4.8,4.2
rf,signo_zodiacal_tauro,462,0.5,0.55,0.6024242424242424,0.4600000000000001,0.49158175158175155,0.5589999999999999,0.623025771012613,4.6,3.6,6.4,5.4
rf,signo_zodiacal_tauro,463,0.5,0.45999999999999996,0.4600000000000001,0.32,0.36833333333333335,0.48599999999999993,0.5601526699994192,3.2,4.0,6.0,6.8
rf,signo_zodiacal_tauro,464,0.5,0.38,0.39601731601731605,0.4600000000000001,0.4241558441558442,0.34700000000000003,0.4729433381376106,4.6,7.0,3.0,5.4
rf,signo_zodiacal_tauro,465,0.5,0.6,0.611002886002886,0.54,0.5701410388716889,0.593,0.6511652124105685,5.4,3.4,6.6,4.6
rf,signo_zodiacal_tauro,466,0.5,0.52,0.5905194805194804,0.48,0.49909090909090903,0.506,0.6266462457391249,4.8,4.4,5.6,5.2
rf,signo_zodiacal_tauro,467,0.5,0.5900000000000001,0.5794405594405594,0.68,0.623416149068323,0.5730000000000001,0.5875002760397497,6.8,5.0,5.0,3.2
rf,signo_zodiacal_tauro,468,0.5,0.51,0.5013492063492063,0.42000000000000004,0.44717640804328107,0.49800000000000005,0.5549655138463188,4.2,4.0,6.0,5.8
rf,signo_zodiacal_tauro,469,0.5,0.54,0.5454822954822955,0.5399999999999999,0.536264516207981,0.534,0.6284722297826013,5.4,4.6,5.4,4.6
rf,signo_zodiacal_tauro,470,0.5,0.47000000000000003,0.4817857142857143,0.45999999999999996,0.4568099547511312,0.458,0.5089027716349698,4.6,5.2,4.8,5.4
rf,signo_zodiacal_tauro,471,0.5,0.43,0.43391053391053386,0.36,0.38841220698805834,0.42699999999999994,0.5138233890292714,3.6,5.0,5.0,6.4
rf,signo_zodiacal_tauro,472,0.5,0.6,0.6092268842268842,0.62,0.6104464058697467,0.5359999999999999,0.5908163498867832,6.2,4.2,5.8,3.8
rf,signo_zodiacal_tauro,473,0.5,0.45,0.42444444444444435,0.32,0.36064327485380115,0.4680000000000001,0.5404031066972242,3.2,4.2,5.8,6.8
rf,signo_zodiacal_tauro,474,0.5,0.44000000000000006,0.444949494949495,0.42000000000000004,0.4263100934153566,0.43,0.5096611160597229,4.2,5.4,4.6,5.8
rf,signo_zodiacal_tauro,475,0.5,0.43,0.43454545454545457,0.45999999999999996,0.44666666666666666,0.44299999999999995,0.5313159253027674,4.6,6.0,4.0,5.4
rf,signo_zodiacal_tauro,476,0.5,0.5800000000000001,0.5842857142857143,0.6,0.5669393939393939,0.607,0.65201548288313,6.0,4.4,5.6,4.0
rf,signo_zodiacal_tauro,477,0.5,0.5200000000000001,0.5202020202020201,0.48,0.49334566362430143,0.5269999999999999,0.6096817708435356,4.8,4.4,5.6,5.2
rf,signo_zodiacal_tauro,478,0.5,0.5700000000000001,0.5806060606060606,0.5599999999999999,0.5624242424242424,0.5429999999999999,0.598263178599866,5.6,4.2,5.8,4.4
rf,signo_zodiacal_tauro,479,0.5,0.38,0.33757575757575753,0.28,0.2983959899749373,0.344,0.47543990160166627,2.8,5.2,4.8,7.2
rf,signo_zodiacal_tauro,480,0.5,0.5,0.4932539682539683,0.45999999999999996,0.47295690205906926,0.508,0.5610308025308025,4.6,4.6,5.4,5.4
rf,signo_zodiacal_tauro,481,0.5,0.43999999999999995,0.43397435897435893,0.47999999999999987,0.4523542056722835,0.388,0.47836517344025087,4.8,6.0,4.0,5.2
rf,signo_zodiacal_tauro,482,0.5,0.39,0.39450216450216447,0.4,0.3938782785841609,0.30199999999999994,0.42141782666937455,4.0,6.2,3.8,6.0
rf,signo_zodiacal_tauro,483,0.5,0.4,0.40093240093240096,0.38,0.3846445824706694,0.32599999999999996,0.4382141016877859,3.8,5.8,4.2,6.2
rf,signo_zodiacal_tauro,484,0.5,0.55,0.5680341880341879,0.54,0.5505822527332824,0.629,0.6529130858821262,5.4,4.4,5.6,4.6
rf,signo_zodiacal_tauro,485,0.5,0.42000000000000004,0.4127777777777778,0.39999999999999997,0.4041786283891547,0.385,0.4852590118000335,4.0,5.6,4.4,6.0
rf,signo_zodiacal_tauro,486,0.5,0.4699999999999999,0.48857142857142855,0.44000000000000006,0.4438808250572956,0.49799999999999994,0.6069328557579331,4.4,5.0,5.0,5.6
rf,signo_zodiacal_tauro,487,0.5,0.51,0.5082983682983683,0.5399999999999999,0.5213882532418002,0.506,0.5539473869783468,5.4,5.2,4.8,4.6
rf,signo_zodiacal_tauro,488,0.5,0.4600000000000001,0.4553030303030304,0.4999999999999999,0.47445887445887447,0.48600000000000004,0.5733223710414113,5.0,5.8,4.2,5.0
rf,signo_zodiacal_tauro,489,0.5,0.53,0.5160256410256411,0.48,0.48805491990846683,0.5229999999999999,0.555469188104637,4.8,4.2,5.8,5.2
rf,signo_zodiacal_tauro,490,0.5,0.5700000000000001,0.5556060606060607,0.6,0.5745454545454545,0.5970000000000001,0.6142883397132624,6.0,4.6,5.4,4.0
rf,signo_zodiacal_tauro,491,0.5,0.5,0.5065934065934066,0.48,0.4829892826695895,0.5370000000000001,0.5724304269861545,4.8,4.8,5.2,5.2
rf,signo_zodiacal_tauro,492,0.5,0.44000000000000006,0.4523809523809524,0.36,0.39536229164712133,0.42800000000000005,0.5117925979249509,3.6,4.8,5.2,6.4
rf,signo_zodiacal_tauro,493,0.5,0.55,0.5662987012987013,0.48,0.5155368814192343,0.515,0.5677509739142865,4.8,3.8,6.2,5.2
rf,signo_zodiacal_tauro,494,0.5,0.38999999999999996,0.3207792207792208,0.26000000000000006,0.2756302521008403,0.368,0.4556426802471695,2.6,4.8,5.2,7.4
rf,signo_zodiacal_tauro,495,0.5,0.5399999999999999,0.5464646464646464,0.5,0.520969089390142,0.5109999999999999,0.5486863116243922,5.0,4.2,5.8,5.0
rf,signo_zodiacal_tauro,496,0.5,0.64,0.6333533133533134,0.6399999999999999,0.6302885089962758,0.665,0.6574553301875283,6.4,3.6,6.4,3.6
rf,signo_zodiacal_tauro,497,0.5,0.39,0.4072261072261072,0.43999999999999995,0.4200012547838634,0.39299999999999996,0.5176191606810802,4.4,6.6,3.4,5.6
rf,signo_zodiacal_tauro,498,0.5,0.5800000000000001,0.583089133089133,0.5799999999999998,0.5747084521347545,0.586,0.6398410200910201,5.8,4.2,5.8,4.2
rf,signo_zodiacal_tauro,499,0.5,0.5599999999999999,0.5492929292929293,0.6,0.5667234753550543,0.6120000000000001,0.6595860528360528,6.0,4.8,5.2,4.0
rf,signo_zodiacal_tauro,500,0.5,0.57,0.6005194805194806,0.52,0.5445530939648586,0.512,0.5578229825729826,5.2,3.8,6.2,4.8
rf,signo_zodiacal_virgo,1,0.5,0.43,0.4159090909090909,0.44000000000000006,0.423015873015873,0.393,0.4643123994168886,4.4,5.8,4.2,5.6
rf,signo_zodiacal_virgo,2,0.5,0.43,0.41909090909090907,0.38,0.39650793650793653,0.396,0.5312882138501334,3.8,5.2,4.8,6.2
rf,signo_zodiacal_virgo,3,0.5,0.49000000000000005,0.5078632478632479,0.5399999999999999,0.5096492614936551,0.42699999999999994,0.5273042539675667,5.4,5.6,4.4,4.6
rf,signo_zodiacal_virgo,4,0.5,0.48,0.4788455988455988,0.44000000000000006,0.45635264632168654,0.457,0.5160948038889215,4.4,4.8,5.2,5.6
rf,signo_zodiacal_virgo,5,0.5,0.39,0.3902564102564103,0.42000000000000004,0.4023100570926658,0.41899999999999993,0.5185911573806311,4.2,6.4,3.6,5.8
rf,signo_zodiacal_virgo,6,0.5,0.5,0.5017016317016317,0.5800000000000001,0.536901938641069,0.45,0.5068267359575408,5.8,5.8,4.2,4.2
rf,signo_zodiacal_virgo,7,0.5,0.53,0.5292929292929294,0.5,0.5088345864661654,0.592,0.6441845638022109,5.0,4.4,5.6,5.0
rf,signo_zodiacal_virgo,8,0.5,0.42000000000000004,0.4155194805194805,0.42000000000000004,0.4115406162464986,0.4159999999999999,0.5411447739566935,4.2,5.8,4.2,5.8
rf,signo_zodiacal_virgo,9,0.5,0.47000000000000003,0.4638961038961038,0.47999999999999987,0.4682505729564553,0.45200000000000007,0.5216760935143288,4.8,5.4,4.6,5.2
rf,signo_zodiacal_virgo,10,0.5,0.52,0.51,0.66,0.5720000000000001,0.569,0.5911693106515088,6.6,6.2,3.8,3.4
rf,signo_zodiacal_virgo,11,0.5,0.5399999999999999,0.534965034965035,0.5200000000000001,0.514163372859025,0.5650000000000001,0.632127899276506,5.2,4.4,5.6,4.8
rf,signo_zodiacal_virgo,12,0.5,0.51,0.5040909090909091,0.5199999999999999,0.5104761904761904,0.4539999999999999,0.5456133882457411,5.2,5.0,5.0,4.8
rf,signo_zodiacal_virgo,13,0.5,0.43999999999999995,0.4356532356532356,0.38,0.3994952214295329,0.351,0.46154386463209995,3.8,5.0,5.0,6.2
rf,signo_zodiacal_virgo,14,0.5,0.43,0.4206410256410257,0.4999999999999999,0.44501449275362326,0.39899999999999997,0.4779608453122385,5.0,6.4,3.6,5.0
rf,signo_zodiacal_virgo,15,0.5,0.5,0.5096764346764346,0.45999999999999996,0.47695068874231616,0.533,0.5886381412704942,4.6,4.6,5.4,5.4
rf,signo_zodiacal_virgo,16,0.5,0.5599999999999999,0.5603113553113552,0.56,0.5524224340592627,0.5719999999999998,0.6135812488165429,5.6,4.4,5.6,4.4
rf,signo_zodiacal_virgo,17,0.5,0.51,0.5069444444444444,0.5399999999999999,0.512411565043144,0.576,0.6075208859767682,5.4,5.2,4.8,4.6
rf,signo_zodiacal_virgo,18,0.5,0.52,0.5403174603174603,0.5,0.5144779059949338,0.5269999999999999,0.6076546874178452,5.0,4.6,5.4,5.0
rf,signo_zodiacal_virgo,19,0.5,0.5199999999999999,0.5312665112665113,0.4800000000000001,0.4924368893247612,0.5079999999999999,0.6097749766573296,4.8,4.4,5.6,5.2
rf,signo_zodiacal_virgo,20,0.5,0.4,0.4012121212121212,0.36,0.37530075187969925,0.38,0.48429229370560634,3.6,5.6,4.4,6.4
rf,signo_zodiacal_virgo,21,0.5,0.5199999999999999,0.5270129870129869,0.48,0.4991970121381886,0.487,0.5166425698484522,4.8,4.4,5.6,5.2
rf,signo_zodiacal_virgo,22,0.5,0.48,0.47165334665334663,0.48,0.47038525555149596,0.5,0.5659493088610735,4.8,5.2,4.8,5.2
rf,signo_zodiacal_virgo,23,0.5,0.4600000000000001,0.4584415584415584,0.4,0.4245564892623716,0.43900000000000006,0.4943037811861341,4.0,4.8,5.2,6.0
rf,signo_zodiacal_virgo,24,0.5,0.38,0.3334188034188034,0.30000000000000004,0.3050245178162798,0.40499999999999997,0.49136200890612647,3.0,5.4,4.6,7.0
rf,signo_zodiacal_virgo,25,0.5,0.4,0.412987012987013,0.34,0.36392156862745095,0.434,0.5681651712580505,3.4,5.4,4.6,6.6
rf,signo_zodiacal_virgo,26,0.5,0.6200000000000001,0.6195238095238096,0.6599999999999999,0.6276268568033274,0.658,0.6397619484059112,6.6,4.2,5.8,3.4
rf,signo_zodiacal_virgo,27,0.5,0.55,0.5474747474747474,0.6799999999999999,0.5981203007518797,0.5310000000000001,0.5967402788989477,6.8,5.8,4.2,3.2
rf,signo_zodiacal_virgo,28,0.5,0.5599999999999999,0.5633766233766233,0.56,0.5539589169000934,0.57,0.6285690975690975,5.6,4.4,5.6,4.4
rf,signo_zodiacal_virgo,29,0.5,0.5,0.5001165501165501,0.45999999999999996,0.46935817805383023,0.475,0.5495815938447517,4.6,4.6,5.4,5.4
rf,signo_zodiacal_virgo,30,0.5,0.55,0.5621489621489622,0.54,0.5438136921782096,0.532,0.5846686901849439,5.4,4.4,5.6,4.6
rf,signo_zodiacal_virgo,31,0.5,0.5,0.4916305916305916,0.45999999999999996,0.4698162518595955,0.522,0.5766012577893382,4.6,4.6,5.4,5.4
rf,signo_zodiacal_virgo,32,0.5,0.51,0.5174025974025974,0.48,0.4834957983193277,0.508,0.5619205965173457,4.8,4.6,5.4,5.2
rf,signo_zodiacal_virgo,33,0.5,0.52,0.5231746031746031,0.4600000000000001,0.4824190824655221,0.542,0.5907645420455019,4.6,4.2,5.8,5.4
rf,signo_zodiacal_virgo,34,0.5,0.51,0.5483333333333333,0.48,0.49777777777777776,0.537,0.6072422475185634,4.8,4.6,5.4,5.2
rf,signo_zodiacal_virgo,35,0.5,0.48,0.4666666666666666,0.4,0.4289473684210526,0.546,0.5762228023094896,4.0,4.4,5.6,6.0
rf,signo_zodiacal_virgo,36,0.5,0.61,0.6139393939393939,0.58,0.5948538011695907,0.5999999999999999,0.6372510898114613,5.8,3.6,6.4,4.2
rf,signo_zodiacal_virgo,37,0.5,0.49000000000000005,0.5121489621489621,0.38,0.41839028517585525,0.503,0.5465080095343253,3.8,4.0,6.0,6.2
rf,signo_zodiacal_virgo,38,0.5,0.5700000000000001,0.5859340659340659,0.44000000000000006,0.4867774936061381,0.6,0.6302265245074843,4.4,3.0,7.0,5.6
rf,signo_zodiacal_virgo,39,0.5,0.5199999999999999,0.5366161616161615,0.5,0.5139363560416192,0.5,0.5355144295848631,5.0,4.6,5.4,5.0
rf,signo_zodiacal_virgo,40,0.5,0.62,0.6008547008547008,0.64,0.6057093821510298,0.656,0.6977370021619248,6.4,4.0,6.0,3.6
rf,signo_zodiacal_virgo,41,0.5,0.4600000000000001,0.46551226551226554,0.52,0.4889724310776942,0.45599999999999996,0.5018320808878085,5.2,6.0,4.0,4.8
rf,signo_zodiacal_virgo,42,0.5,0.45999999999999996,0.44666666666666666,0.33999999999999997,0.3827777777777778,0.417,0.5046899689577709,3.4,4.2,5.8,6.6
rf,signo_zodiacal_virgo,43,0.5,0.52,0.5226190476190476,0.4800000000000001,0.49265565875472994,0.514,0.549191824515354,4.8,4.4,5.6,5.2
rf,signo_zodiacal_virgo,44,0.5,0.58,0.6129426129426129,0.52,0.553573832278907,0.622,0.6337160894660896,5.2,3.6,6.4,4.8
rf,signo_zodiacal_virgo,45,0.5,0.54,0.5476190476190477,0.41999999999999993,0.4670499778858911,0.5569999999999999,0.614965218390141,4.2,3.4,6.6,5.8
rf,signo_zodiacal_virgo,46,0.5,0.6900000000000001,0.7559523809523809,0.6,0.6535947712418301,0.719,0.7537545689604512,6.0,2.2,7.8,4.0
rf,signo_zodiacal_virgo,47,0.5,0.5599999999999999,0.5811111111111111,0.42000000000000004,0.4833023735810113,0.5489999999999999,0.6067507092151054,4.2,3.0,7.0,5.8
rf,signo_zodiacal_virgo,48,0.5,0.48,0.4747979797979799,0.4,0.42325814536340856,0.499,0.5597622085516821,4.0,4.4,5.6,6.0
rf,signo_zodiacal_virgo,49,0.5,0.51,0.5062937062937063,0.5,0.48474810213940644,0.47400000000000003,0.5612956318707093,5.0,4.8,5.2,5.0
rf,signo_zodiacal_virgo,50,0.5,0.53,0.5226923076923077,0.5199999999999999,0.5172946859903382,0.572,0.6347472225057365,5.2,4.6,5.4,4.8
rf,signo_zodiacal_virgo,51,0.5,0.5200000000000001,0.5238961038961039,0.45999999999999996,0.4791596638655462,0.5030000000000001,0.5215545724485353,4.6,4.2,5.8,5.4
rf,signo_zodiacal_virgo,52,0.5,0.42000000000000004,0.40714285714285714,0.4,0.39910560715514276,0.356,0.4599281495078709,4.0,5.6,4.4,6.0
rf,signo_zodiacal_virgo,53,0.5,0.5,0.49860139860139857,0.58,0.5355919442875965,0.49400000000000005,0.5474516410661922,5.8,5.8,4.2,4.2
rf,signo_zodiacal_virgo,54,0.5,0.57,0.5736111111111111,0.5599999999999999,0.5432917959233748,0.502,0.5355737899871026,5.6,4.2,5.8,4.4
rf,signo_zodiacal_virgo,55,0.5,0.42000000000000004,0.4081973581973582,0.42000000000000004,0.4107951037012822,0.374,0.4914033209652405,4.2,5.8,4.2,5.8
rf,signo_zodiacal_virgo,56,0.5,0.54,0.5465811965811966,0.5,0.5170607678616832,0.522,0.5726492467800517,5.0,4.2,5.8,5.0
rf,signo_zodiacal_virgo,57,0.5,0.5700000000000001,0.5776923076923077,0.54,0.5440118577075099,0.6039999999999999,0.6531110525181731,5.4,4.0,6.0,4.6
rf,signo_zodiacal_virgo,58,0.5,0.48,0.4716233766233766,0.45999999999999996,0.4615839062897886,0.492,0.5398644406848743,4.6,5.0,5.0,5.4
rf,signo_zodiacal_virgo,59,0.5,0.53,0.5277777777777779,0.5199999999999999,0.5130914407230197,0.569,0.6093407939669548,5.2,4.6,5.4,4.8
rf,signo_zodiacal_virgo,60,0.5,0.51,0.5097125097125097,0.5199999999999999,0.511714067778141,0.514,0.5667784154270222,5.2,5.0,5.0,4.8
rf,signo_zodiacal_virgo,61,0.5,0.58,0.5819047619047619,0.6,0.5790909090909091,0.591,0.6415605799429329,6.0,4.4,5.6,4.0
rf,signo_zodiacal_virgo,62,0.5,0.45999999999999996,0.44079254079254077,0.43999999999999995,0.4255932473323778,0.479,0.5605391918023497,4.4,5.2,4.8,5.6
rf,signo_zodiacal_virgo,63,0.5,0.55,0.5494949494949495,0.5599999999999999,0.5529505582137161,0.497,0.5542427407473847,5.6,4.6,5.4,4.4
rf,signo_zodiacal_virgo,64,0.5,0.45999999999999996,0.4526190476190476,0.4,0.4141176470588235,0.40099999999999997,0.48196417634652927,4.0,4.8,5.2,6.0
rf,signo_zodiacal_virgo,65,0.5,0.53,0.5214102564102564,0.5599999999999999,0.5367061923583664,0.5780000000000001,0.6346910491469315,5.6,5.0,5.0,4.4
rf,signo_zodiacal_virgo,66,0.5,0.56,0.5612698412698413,0.5599999999999999,0.554623323013416,0.558,0.6067459088898718,5.6,4.4,5.6,4.4
rf,signo_zodiacal_virgo,67,0.5,0.49000000000000005,0.4935897435897436,0.48,0.47811813790074664,0.49399999999999994,0.5356494904304501,4.8,5.0,5.0,5.2
rf,signo_zodiacal_virgo,68,0.5,0.47000000000000003,0.4722222222222222,0.48,0.4751196172248804,0.4750000000000001,0.5384635268412359,4.8,5.4,4.6,5.2
rf,signo_zodiacal_virgo,69,0.5,0.54,0.5427550227550226,0.54,0.5360093327949029,0.521,0.5668344602593829,5.4,4.6,5.4,4.6
rf,signo_zodiacal_virgo,70,0.5,0.48999999999999994,0.47307692307692306,0.48,0.4704435660957399,0.509,0.5780789832802217,4.8,5.0,5.0,5.2
rf,signo_zodiacal_virgo,71,0.5,0.48,0.46865079365079365,0.4800000000000001,0.46691997373111926,0.453,0.5175916185637548,4.8,5.2,4.8,5.2
rf,signo_zodiacal_virgo,72,0.5,0.48,0.4595238095238095,0.4800000000000001,0.46310160427807484,0.49000000000000005,0.5651588509529686,4.8,5.2,4.8,5.2
rf,signo_zodiacal_virgo,73,0.5,0.53,0.53992673992674,0.5599999999999999,0.5369235836627141,0.49899999999999994,0.5930056728617099,5.6,5.0,5.0,4.4
rf,signo_zodiacal_virgo,74,0.5,0.57,0.5622377622377621,0.6,0.5772946859903382,0.594,0.6176773853081903,6.0,4.6,5.4,4.0
rf,signo_zodiacal_virgo,75,0.5,0.48999999999999994,0.4820707070707071,0.47999999999999987,0.47944862155388474,0.433,0.48301131238902134,4.8,5.0,5.0,5.2
rf,signo_zodiacal_virgo,76,0.5,0.51,0.5348484848484849,0.45999999999999996,0.47744360902255634,0.518,0.6026528646791804,4.6,4.4,5.6,5.4
rf,signo_zodiacal_virgo,77,0.5,0.56,0.5484126984126985,0.56,0.5444897895362291,0.571,0.6172521651035583,5.6,4.4,5.6,4.4
rf,signo_zodiacal_virgo,78,0.5,0.6000000000000001,0.6318686868686869,0.54,0.5756599832915622,0.591,0.6769424011660854,5.4,3.4,6.6,4.6
rf,signo_zodiacal_virgo,79,0.5,0.48999999999999994,0.4820707070707071,0.48,0.47944862155388474,0.495,0.5848894634776988,4.8,5.0,5.0,5.2
rf,signo_zodiacal_virgo,80,0.5,0.53,0.5240981240981241,0.5199999999999999,0.5182756356130969,0.48600000000000004,0.5353217881190017,5.2,4.6,5.4,4.8
rf,signo_zodiacal_virgo,81,0.5,0.55,0.5452991452991454,0.4800000000000001,0.49568849660382835,0.6,0.6185608902621287,4.8,3.8,6.2,5.2
rf,signo_zodiacal_virgo,82,0.5,0.45999999999999996,0.45,0.36,0.39090909090909093,0.45599999999999996,0.537135550294219,3.6,4.4,5.6,6.4
rf,signo_zodiacal_virgo,83,0.5,0.36,0.36909090909090914,0.4,0.38380952380952377,0.349,0.4517759101923189,4.0,6.8,3.2,6.0
rf,signo_zodiacal_virgo,84,0.5,0.56,0.5549650349650349,0.58,0.5639613526570048,0.5650000000000001,0.5952801524241152,5.8,4.6,5.4,4.2
rf,signo_zodiacal_virgo,85,0.5,0.44000000000000006,0.4505050505050505,0.44000000000000006,0.4279904306220096,0.43499999999999994,0.5310568263865477,4.4,5.6,4.4,5.6
rf,signo_zodiacal_virgo,86,0.5,0.45,0.4785897435897436,0.44000000000000006,0.42716164994425865,0.42299999999999993,0.5223222694058607,4.4,5.4,4.6,5.6
rf,signo_zodiacal_virgo,87,0.5,0.63,0.6695238095238095,0.5599999999999999,0.6026470588235294,0.6369999999999999,0.6201702998583803,5.6,3.0,7.0,4.4
rf,signo_zodiacal_virgo,88,0.5,0.53,0.5392857142857143,0.5399999999999999,0.5313157146916738,0.594,0.6254413980412432,5.4,4.8,5.2,4.6
rf,signo_zodiacal_virgo,89,0.5,0.52,0.5303030303030303,0.54,0.533151059466849,0.551,0.6075132634823037,5.4,5.0,5.0,4.6
rf,signo_zodiacal_virgo,90,0.5,0.45,0.45757575757575764,0.54,0.49523809523809526,0.44899999999999995,0.5000547605988782,5.4,6.4,3.6,4.6
rf,signo_zodiacal_virgo,91,0.5,0.53,0.5448773448773448,0.48,0.5022392210472706,0.542,0.5816434841388401,4.8,4.2,5.8,5.2
rf,signo_zodiacal_virgo,92,0.5,0.54,0.5373076923076924,0.6,0.5574387351778657,0.5409999999999999,0.5943223151117888,6.0,5.2,4.8,4.0
rf,signo_zodiacal_virgo,93,0.5,0.62,0.6342857142857143,0.5599999999999999,0.5767320261437909,0.6359999999999999,0.6812728710917564,5.6,3.2,6.8,4.4
rf,signo_zodiacal_virgo,94,0.5,0.52,0.5057142857142856,0.4999999999999999,0.4945098039215686,0.48500000000000004,0.5466138228816246,5.0,4.6,5.4,5.0
rf,signo_zodiacal_virgo,95,0.5,0.37,0.3576590076590077,0.36,0.35265552861460786,0.382,0.49289748426667934,3.6,6.2,3.8,6.4
rf,signo_zodiacal_virgo,96,0.5,0.51,0.5108358308358308,0.5800000000000001,0.5392350441320692,0.554,0.5803269497959901,5.8,5.6,4.4,4.2
rf,signo_zodiacal_virgo,97,0.5,0.5700000000000001,0.5686757686757687,0.56,0.5580601119166202,0.606,0.6736929377811731,5.6,4.2,5.8,4.4
rf,signo_zodiacal_virgo,98,0.5,0.39,0.3937412587412587,0.42000000000000004,0.40409937888198755,0.321,0.45202438677593476,4.2,6.4,3.6,5.8
rf,signo_zodiacal_virgo,99,0.5,0.47000000000000003,0.4727680652680653,0.5599999999999999,0.5078274281020276,0.473,0.5332589148897199,5.6,6.2,3.8,4.4
rf,signo_zodiacal_virgo,100,0.5,0.42000000000000004,0.4055050505050505,0.33999999999999997,0.3646115288220551,0.39299999999999996,0.4861228791847987,3.4,5.0,5.0,6.6
rf,signo_zodiacal_virgo,101,0.5,0.6199999999999999,0.609090909090909,0.7,0.65,0.623,0.5987188057040999,7.0,4.6,5.4,3.0
rf,signo_zodiacal_virgo,102,0.5,0.51,0.483939393939394,0.44000000000000006,0.4564912280701754,0.534,0.6009344358771603,4.4,4.2,5.8,5.6
rf,signo_zodiacal_virgo,103,0.5,0.5200000000000001,0.517027417027417,0.45999999999999996,0.4842891542581945,0.5359999999999999,0.5947380103556574,4.6,4.2,5.8,5.4
rf,signo_zodiacal_virgo,104,0.5,0.5599999999999999,0.5718181818181819,0.5399999999999999,0.5526984126984126,0.5529999999999999,0.6283610706459004,5.4,4.2,5.8,4.6
rf,signo_zodiacal_virgo,105,0.5,0.48,0.4766233766233766,0.44000000000000006,0.449917239623122,0.481,0.521251071425994,4.4,4.8,5.2,5.6
rf,signo_zodiacal_virgo,106,0.5,0.53,0.500909090909091,0.44000000000000006,0.4588095238095238,0.5780000000000001,0.6158630068761648,4.4,3.8,6.2,5.6
rf,signo_zodiacal_virgo,107,0.5,0.6,0.5972222222222221,0.6,0.5943646996278575,0.625,0.7052324460884831,6.0,4.0,6.0,4.0
rf,signo_zodiacal_virgo,108,0.5,0.55,0.5464285714285714,0.38,0.4455648926237162,0.49800000000000005,0.5667934128994501,3.8,2.8,7.2,6.2
rf,signo_zodiacal_virgo,109,0.5,0.5599999999999999,0.5507492507492507,0.6,0.5697412561862689,0.581,0.6043773546714724,6.0,4.8,5.2,4.0
rf,signo_zodiacal_virgo,110,0.5,0.49000000000000005,0.4888888888888888,0.45999999999999996,0.4715121136173767,0.506,0.5658489561693896,4.6,4.8,5.2,5.4
rf,signo_zodiacal_virgo,111,0.5,0.49000000000000005,0.4851282051282051,0.54,0.5045685227561657,0.5880000000000001,0.6762964525154928,5.4,5.6,4.4,4.6
rf,signo_zodiacal_virgo,112,0.5,0.47000000000000003,0.4346969696969697,0.44000000000000006,0.43186147186147184,0.484,0.5570174557984156,4.4,5.0,5.0,5.6
rf,signo_zodiacal_virgo,113,0.5,0.44000000000000006,0.44965034965034967,0.43999999999999995,0.43694378937345685,0.421,0.5118310397033307,4.4,5.6,4.4,5.6
rf,signo_zodiacal_virgo,114,0.5,0.5199999999999999,0.516161616161616,0.52,0.5092105263157894,0.5210000000000001,0.5348450787258837,5.2,4.8,5.2,4.8
rf,signo_zodiacal_virgo,115,0.5,0.58,0.5955194805194806,0.5,0.5371288515406163,0.5660000000000001,0.650892328861369,5.0,3.4,6.6,5.0
rf,signo_zodiacal_virgo,116,0.5,0.6300000000000001,0.650952380952381,0.6000000000000001,0.6129824561403509,0.637,0.658824990798675,6.0,3.4,6.6,4.0
rf,signo_zodiacal_virgo,117,0.5,0.45999999999999996,0.4495670995670995,0.48,0.461344537815126,0.3989999999999999,0.4959075585577134,4.8,5.6,4.4,5.2
rf,signo_zodiacal_virgo,118,0.5,0.41,0.4155977355977356,0.44000000000000006,0.4229014293464422,0.457,0.5714935456700163,4.4,6.2,3.8,5.6
rf,signo_zodiacal_virgo,119,0.5,0.47000000000000003,0.4735353535353536,0.44000000000000006,0.4454818865345181,0.515,0.5842444093574125,4.4,5.0,5.0,5.6
rf,signo_zodiacal_virgo,120,0.5,0.48,0.48196581196581195,0.5,0.48677530453274154,0.49700000000000005,0.527628316557883,5.0,5.4,4.6,5.0
rf,signo_zodiacal_virgo,121,0.5,0.6,0.6264069264069264,0.5800000000000001,0.5881652661064425,0.625,0.6704558382793678,5.8,3.8,6.2,4.2
rf,signo_zodiacal_virgo,122,0.5,0.5200000000000001,0.512063492063492,0.4600000000000001,0.46960302717578256,0.585,0.6279130956762535,4.6,4.2,5.8,5.4
rf,signo_zodiacal_virgo,123,0.5,0.33999999999999997,0.3453846153846154,0.36,0.341256038647343,0.31900000000000006,0.44332568231562036,3.6,6.8,3.2,6.4
rf,signo_zodiacal_virgo,124,0.5,0.51,0.5199999999999999,0.4600000000000001,0.47899749373433576,0.532,0.5611398225957049,4.6,4.4,5.6,5.4
rf,signo_zodiacal_virgo,125,0.5,0.4600000000000001,0.45999999999999996,0.42000000000000004,0.4377777777777778,0.45899999999999996,0.5276927429295851,4.2,5.0,5.0,5.8
rf,signo_zodiacal_virgo,126,0.5,0.4699999999999999,0.46571428571428564,0.38,0.4069281045751634,0.44700000000000006,0.5134774504820945,3.8,4.4,5.6,6.2
rf,signo_zodiacal_virgo,127,0.5,0.5000000000000001,0.5111111111111111,0.48,0.48042105263157897,0.531,0.5667247458423929,4.8,4.8,5.2,5.2
rf,signo_zodiacal_virgo,128,0.5,0.4,0.3615873015873016,0.32,0.33180250090466806,0.409,0.4954206463471169,3.2,5.2,4.8,6.8
rf,signo_zodiacal_virgo,129,0.5,0.6799999999999999,0.7081807081807081,0.6799999999999999,0.6857156842350005,0.7220000000000001,0.755655990036795,6.8,3.2,6.8,3.2
rf,signo_zodiacal_virgo,130,0.5,0.54,0.5477777777777779,0.5199999999999999,0.5216267942583731,0.5740000000000001,0.6078061890809568,5.2,4.4,5.6,4.8
rf,signo_zodiacal_virgo,131,0.5,0.52,0.5073459873459873,0.56,0.5250724637681159,0.527,0.5627211911755255,5.6,5.2,4.8,4.4
rf,signo_zodiacal_virgo,132,0.5,0.51,0.522125097125097,0.52,0.5176165050306927,0.56,0.5997519506637153,5.2,5.0,5.0,4.8
rf,signo_zodiacal_virgo,133,0.5,0.51,0.5161111111111112,0.44000000000000006,0.47137426900584795,0.4879999999999999,0.5582720977852557,4.4,4.2,5.8,5.6
rf,signo_zodiacal_virgo,134,0.5,0.4800000000000001,0.450909090909091,0.48,0.4585714285714285,0.5489999999999999,0.6109109115858342,4.8,5.2,4.8,5.2
rf,signo_zodiacal_virgo,135,0.5,0.6200000000000001,0.6341317016317016,0.68,0.6385340022296544,0.614,0.6213973048795031,6.8,4.4,5.6,3.2
rf,signo_zodiacal_virgo,136,0.5,0.5,0.5,0.44000000000000006,0.45512265512265515,0.477,0.5821676781251084,4.4,4.4,5.6,5.6
rf,signo_zodiacal_virgo,137,0.5,0.5,0.49646464646464655,0.52,0.506721348826612,0.6220000000000001,0.6608643655965638,5.2,5.2,4.8,4.8
rf,signo_zodiacal_virgo,138,0.5,0.5399999999999999,0.5464646464646464,0.5,0.5203842940685046,0.593,0.6713639134343468,5.0,4.2,5.8,5.0
rf,signo_zodiacal_virgo,139,0.5,0.5,0.5034188034188035,0.42000000000000004,0.44294431731502665,0.446,0.49977651210158947,4.2,4.2,5.8,5.8
rf,signo_zodiacal_virgo,140,0.5,0.51,0.508974358974359,0.5599999999999999,0.5296003513394817,0.568,0.5978784703428666,5.6,5.4,4.6,4.4
rf,signo_zodiacal_virgo,141,0.5,0.47000000000000003,0.4776923076923077,0.5799999999999998,0.522042160737813,0.47800000000000004,0.517276601021957,5.8,6.4,3.6,4.2
rf,signo_zodiacal_virgo,142,0.5,0.5,0.5057387057387058,0.48,0.4827904159375421,0.563,0.6665436193493469,4.8,4.8,5.2,5.2
rf,signo_zodiacal_virgo,143,0.5,0.4,0.36571428571428566,0.27999999999999997,0.31374613003095975,0.41,0.47905846990986306,2.8,4.8,5.2,7.2
rf,signo_zodiacal_virgo,144,0.5,0.52,0.521978021978022,0.54,0.5253805870174156,0.57,0.6297308161394849,5.4,5.0,5.0,4.6
rf,signo_zodiacal_virgo,145,0.5,0.44000000000000006,0.4331818181818182,0.43999999999999995,0.4352380952380952,0.44800000000000006,0.5273528677205148,4.4,5.6,4.4,5.6
rf,signo_zodiacal_virgo,146,0.5,0.38,0.3677777777777778,0.4,0.3816267942583732,0.35300000000000004,0.4749793652340092,4.0,6.4,3.6,6.0
rf,signo_zodiacal_virgo,147,0.5,0.44000000000000006,0.4504545454545455,0.41999999999999993,0.43238095238095237,0.39699999999999996,0.4649430667371844,4.2,5.4,4.6,5.8
rf,signo_zodiacal_virgo,148,0.5,0.53,0.5292099567099567,0.5799999999999998,0.5338648998060763,0.564,0.6194261502171718,5.8,5.2,4.8,4.2
rf,signo_zodiacal_virgo,149,0.5,0.38,0.3054545454545455,0.3,0.30126984126984124,0.331,0.4431484369603564,3.0,5.4,4.6,7.0
rf,signo_zodiacal_virgo,150,0.5,0.49000000000000005,0.49564102564102563,0.48,0.4799627993489886,0.526,0.5680020735198754,4.8,5.0,5.0,5.2
rf,signo_zodiacal_virgo,151,0.5,0.5199999999999999,0.5076923076923077,0.48,0.48752860411899307,0.5469999999999999,0.6013551077405566,4.8,4.4,5.6,5.2
rf,signo_zodiacal_virgo,152,0.5,0.62,0.6470779220779221,0.56,0.5940242763772176,0.624,0.6804760872082853,5.6,3.2,6.8,4.4
rf,signo_zodiacal_virgo,153,0.5,0.44000000000000006,0.43500000000000005,0.4,0.4161403508771929,0.438,0.4949691964382367,4.0,5.2,4.8,6.0
rf,signo_zodiacal_virgo,154,0.5,0.5599999999999999,0.5653968253968253,0.48,0.5056145711873266,0.624,0.6300182182798281,4.8,3.6,6.4,5.2
rf,signo_zodiacal_virgo,155,0.5,0.51,0.50007326007326,0.5,0.4850332480818415,0.49000000000000005,0.5441242727860376,5.0,4.8,5.2,5.0
rf,signo_zodiacal_virgo,156,0.5,0.32,0.3072727272727273,0.3,0.3022222222222222,0.27399999999999997,0.4222096006848329,3.0,6.6,3.4,7.0
rf,signo_zodiacal_virgo,157,0.5,0.5700000000000001,0.5968253968253968,0.56,0.5658692185007974,0.614,0.6292647887028692,5.6,4.2,5.8,4.4
rf,signo_zodiacal_virgo,158,0.5,0.42000000000000004,0.434920634920635,0.42000000000000004,0.4208008881383495,0.40499999999999997,0.5161627386201689,4.2,5.8,4.2,5.8
rf,signo_zodiacal_virgo,159,0.5,0.5199999999999999,0.5350732600732601,0.5800000000000001,0.5500751219286688,0.55,0.6140023817771495,5.8,5.4,4.6,4.2
rf,signo_zodiacal_virgo,160,0.5,0.55,0.5515151515151515,0.6199999999999999,0.5806447938026885,0.547,0.5994934875066453,6.2,5.2,4.8,3.8
rf,signo_zodiacal_virgo,161,0.5,0.4600000000000001,0.44480519480519476,0.43999999999999995,0.43884220354808595,0.46699999999999997,0.5679530736721139,4.4,5.2,4.8,5.6
rf,signo_zodiacal_virgo,162,0.5,0.45,0.46203463203463196,0.5,0.4764646464646464,0.41000000000000003,0.4889757568712677,5.0,6.0,4.0,5.0
rf,signo_zodiacal_virgo,163,0.5,0.61,0.6288888888888889,0.5399999999999999,0.561913875598086,0.6599999999999999,0.6595708790693311,5.4,3.2,6.8,4.6
rf,signo_zodiacal_virgo,164,0.5,0.55,0.5440909090909091,0.52,0.5298412698412698,0.55,0.5791591074044634,5.2,4.2,5.8,4.8
rf,signo_zodiacal_virgo,165,0.5,0.5,0.5277777777777778,0.38,0.42241659269523046,0.6,0.6452406918846548,3.8,3.8,6.2,6.2
rf,signo_zodiacal_virgo,166,0.5,0.5399999999999999,0.5295454545454545,0.5,0.5083333333333333,0.571,0.6125208278133976,5.0,4.2,5.8,5.0
rf,signo_zodiacal_virgo,167,0.5,0.49000000000000005,0.41428571428571426,0.36,0.3746732026143791,0.48500000000000004,0.5471407938466762,3.6,3.8,6.2,6.4
rf,signo_zodiacal_virgo,168,0.5,0.53,0.5306915306915307,0.5399999999999999,0.5318332062039156,0.48599999999999993,0.5499592280784231,5.4,4.8,5.2,4.6
rf,signo_zodiacal_virgo,169,0.5,0.38,0.36105006105006104,0.36000000000000004,0.3578543545564679,0.36300000000000004,0.4465602818234397,3.6,6.0,4.0,6.4
rf,signo_zodiacal_virgo,170,0.5,0.5599999999999999,0.5686013986013986,0.5599999999999999,0.5591994478951001,0.506,0.5894524662643856,5.6,4.4,5.6,4.4
rf,signo_zodiacal_virgo,171,0.5,0.5700000000000001,0.531962481962482,0.5,0.5047350997815394,0.5900000000000001,0.5964703542071963,5.0,3.6,6.4,5.0
rf,signo_zodiacal_virgo,172,0.5,0.47000000000000003,0.47206959706959706,0.44000000000000006,0.44754449869539387,0.48500000000000004,0.5360644351348685,4.4,5.0,5.0,5.6
rf,signo_zodiacal_virgo,173,0.5,0.5,0.4898601398601398,0.58,0.5292222651490386,0.537,0.6001358739299916,5.8,5.8,4.2,4.2
rf,signo_zodiacal_virgo,174,0.5,0.55,0.5528943278943279,0.5399999999999999,0.5412880026152337,0.5169999999999999,0.555635623750175,5.4,4.4,5.6,4.6
rf,signo_zodiacal_virgo,175,0.5,0.47000000000000003,0.47408369408369405,0.48,0.47023293527937493,0.46399999999999997,0.516726297953852,4.8,5.4,4.6,5.2
rf,signo_zodiacal_virgo,176,0.5,0.52,0.5355844155844156,0.4600000000000001,0.4777591036414566,0.515,0.5753808897500848,4.6,4.2,5.8,5.4
rf,signo_zodiacal_virgo,177,0.5,0.45,0.4661538461538462,0.44000000000000006,0.4499516908212561,0.41899999999999993,0.5310728383243862,4.4,5.4,4.6,5.6
rf,signo_zodiacal_virgo,178,0.5,0.36,0.36085303585303585,0.34,0.34603089138019816,0.332,0.4329636201431867,3.4,6.2,3.8,6.6
rf,signo_zodiacal_virgo,179,0.5,0.6699999999999999,0.6946608946608946,0.6399999999999999,0.6594266414699852,0.716,0.7117718082571024,6.4,3.0,7.0,3.6
rf,signo_zodiacal_virgo,180,0.5,0.5,0.5034188034188034,0.5,0.49908466819221964,0.4640000000000001,0.5482555863469175,5.0,5.0,5.0,5.0
rf,signo_zodiacal_virgo,181,0.5,0.5900000000000001,0.6741702741702741,0.48,0.5347667812064097,0.5820000000000001,0.6328965729832603,4.8,3.0,7.0,5.2
rf,signo_zodiacal_virgo,182,0.5,0.49000000000000005,0.4923809523809524,0.6,0.5364912280701755,0.51,0.55847640938353,6.0,6.2,3.8,4.0
rf,signo_zodiacal_virgo,183,0.5,0.5199999999999999,0.5291774891774891,0.52,0.5135686274509804,0.502,0.5784472008899253,5.2,4.8,5.2,4.8
rf,signo_zodiacal_virgo,184,0.5,0.48,0.4788455988455988,0.43999999999999995,0.4563526463216866,0.45600000000000007,0.5232041210423563,4.4,4.8,5.2,5.6
rf,signo_zodiacal_virgo,185,0.5,0.45,0.4416666666666666,0.3,0.35167330089930704,0.44399999999999995,0.5666707924858079,3.0,4.0,6.0,7.0
rf,signo_zodiacal_virgo,186,0.5,0.51,0.502012987012987,0.5399999999999999,0.5161904761904762,0.5700000000000001,0.6663725239328955,5.4,5.2,4.8,4.6
rf,signo_zodiacal_virgo,187,0.5,0.5,0.4909523809523809,0.45999999999999996,0.46381461675579316,0.531,0.5961553893303119,4.6,4.6,5.4,5.4
rf,signo_zodiacal_virgo,188,0.5,0.57,0.5611111111111111,0.6599999999999999,0.6040773871437487,0.598,0.653071112496035,6.6,5.2,4.8,3.4
rf,signo_zodiacal_virgo,189,0.5,0.5199999999999999,0.5048484848484848,0.52,0.5076623376623377,0.572,0.6091293679660552,5.2,4.8,5.2,4.8
rf,signo_zodiacal_virgo,190,0.5,0.41,0.3878787878787879,0.4,0.3861471861471862,0.389,0.5046705347456122,4.0,5.8,4.2,6.0
rf,signo_zodiacal_virgo,191,0.5,0.45,0.4523809523809524,0.48,0.4631578947368421,0.47300000000000003,0.5396327853433116,4.8,5.8,4.2,5.2
rf,signo_zodiacal_virgo,192,0.5,0.54,0.5523809523809524,0.54,0.5392198142414861,0.638,0.636267565166172,5.4,4.6,5.4,4.6
rf,signo_zodiacal_virgo,193,0.5,0.62,0.6337912087912088,0.6799999999999999,0.6414180164819552,0.6609999999999999,0.6675101477469898,6.8,4.4,5.6,3.2
rf,signo_zodiacal_virgo,194,0.5,0.36,0.36692307692307696,0.42000000000000004,0.3874009661835749,0.293,0.4188782376034698,4.2,7.0,3.0,5.8
rf,signo_zodiacal_virgo,195,0.5,0.48,0.4718253968253968,0.36,0.4064069487444101,0.523,0.5655136997505419,3.6,4.0,6.0,6.4
rf,signo_zodiacal_virgo,196,0.5,0.5700000000000001,0.551071151071151,0.54,0.5379510156465332,0.608,0.6338613706554883,5.4,4.0,6.0,4.6
rf,signo_zodiacal_virgo,197,0.5,0.51,0.5230158730158729,0.42000000000000004,0.4636738906088751,0.5740000000000001,0.6318506830287015,4.2,4.0,6.0,5.8
rf,signo_zodiacal_virgo,198,0.5,0.6100000000000001,0.6436940836940837,0.6,0.6089482529854047,0.651,0.6853692669559543,6.0,3.8,6.2,4.0
rf,signo_zodiacal_virgo,199,0.5,0.49000000000000005,0.49564102564102563,0.5,0.48545893719806765,0.48999999999999994,0.5823520670935532,5.0,5.2,4.8,5.0
rf,signo_zodiacal_virgo,200,0.5,0.39,0.3933333333333333,0.32,0.3494736842105263,0.358,0.44665992091843487,3.2,5.4,4.6,6.8
rf,signo_zodiacal_virgo,201,0.5,0.47000000000000003,0.44722222222222224,0.45999999999999996,0.44986709197235514,0.414,0.493880632009889,4.6,5.2,4.8,5.4
rf,signo_zodiacal_virgo,202,0.5,0.41000000000000003,0.41531746031746036,0.44000000000000006,0.4233014354066985,0.425,0.4978848096348097,4.4,6.2,3.8,5.6
rf,signo_zodiacal_virgo,203,0.5,0.5,0.49333333333333335,0.64,0.5526666666666666,0.471,0.5385025415760709,6.4,6.4,3.6,3.6
rf,signo_zodiacal_virgo,204,0.5,0.48,0.5073809523809524,0.45999999999999996,0.4716666666666667,0.505,0.5653169128772844,4.6,5.0,5.0,5.4
rf,signo_zodiacal_virgo,205,0.5,0.49000000000000005,0.505,0.4,0.4431578947368421,0.522,0.6227739109016198,4.0,4.2,5.8,6.0
rf,signo_zodiacal_virgo,206,0.5,0.4600000000000001,0.4733333333333333,0.4,0.42947368421052634,0.476,0.5821321564572338,4.0,4.8,5.2,6.0
rf,signo_zodiacal_virgo,207,0.5,0.52,0.4968142968142969,0.52,0.5019123896698268,0.4870000000000001,0.5582195392326971,5.2,4.8,5.2,4.8
rf,signo_zodiacal_virgo,208,0.5,0.5599999999999999,0.5622222222222222,0.52,0.5394152046783626,0.5820000000000001,0.6150481734467802,5.2,4.0,6.0,4.8
rf,signo_zodiacal_virgo,209,0.5,0.54,0.5303607503607504,0.44000000000000006,0.47446459285468573,0.5359999999999999,0.5873268014235506,4.4,3.6,6.4,5.6
rf,signo_zodiacal_virgo,210,0.5,0.5,0.5,0.44000000000000006,0.4618686868686869,0.5379999999999999,0.5706833356701778,4.4,4.4,5.6,5.6
rf,signo_zodiacal_virgo,211,0.5,0.51,0.5246753246753247,0.5,0.5081232492997199,0.49800000000000005,0.5717498339294005,5.0,4.8,5.2,5.0
rf,signo_zodiacal_virgo,212,0.5,0.48,0.46021978021978016,0.45999999999999996,0.45566294252254674,0.495,0.5544857924153589,4.6,5.0,5.0,5.4
rf,signo_zodiacal_virgo,213,0.5,0.5,0.5046153846153846,0.54,0.5181693363844394,0.5,0.5680053290362889,5.4,5.4,4.6,4.6
rf,signo_zodiacal_virgo,214,0.5,0.43000000000000005,0.4502504031915796,0.44000000000000006,0.4295313447016233,0.438,0.53028351490271,4.4,5.8,4.2,5.6
rf,signo_zodiacal_virgo,215,0.5,0.51,0.5113131313131313,0.5399999999999999,0.5214786967418545,0.522,0.5612941774427842,5.4,5.2,4.8,4.6
rf,signo_zodiacal_virgo,216,0.5,0.41,0.3324242424242424,0.36000000000000004,0.33401503759398493,0.36200000000000004,0.45161222111222105,3.6,5.4,4.6,6.4
rf,signo_zodiacal_virgo,217,0.5,0.5999999999999999,0.5969696969696969,0.6,0.596157059314954,0.575,0.6291847303023773,6.0,4.0,6.0,4.0
rf,signo_zodiacal_virgo,218,0.5,0.5,0.5084415584415585,0.5,0.4982938629997453,0.5349999999999999,0.6410643082407789,5.0,5.0,5.0,5.0
rf,signo_zodiacal_virgo,219,0.5,0.52,0.5194444444444445,0.5199999999999999,0.5158958001063264,0.4710000000000001,0.5157814424137953,5.2,4.8,5.2,4.8
rf,signo_zodiacal_virgo,220,0.5,0.4600000000000001,0.45504329004329,0.44000000000000006,0.4433528562940327,0.42399999999999993,0.5276508415904702,4.4,5.2,4.8,5.6
rf,signo_zodiacal_virgo,221,0.5,0.5,0.4721078921078921,0.45999999999999996,0.455464620630861,0.5389999999999999,0.5587548058236913,4.6,4.6,5.4,5.4
rf,signo_zodiacal_virgo,222,0.5,0.53,0.5337179487179488,0.6,0.5554782608695652,0.507,0.5651315896006299,6.0,5.4,4.6,4.0
rf,signo_zodiacal_virgo,223,0.5,0.56,0.5477777777777779,0.52,0.5288516746411482,0.538,0.5700764013248534,5.2,4.0,6.0,4.8
rf,signo_zodiacal_virgo,224,0.5,0.48,0.4894383394383395,0.4800000000000001,0.4776637012200345,0.42800000000000005,0.5359819269997289,4.8,5.2,4.8,5.2
rf,signo_zodiacal_virgo,225,0.5,0.44000000000000006,0.4250721500721501,0.4,0.4094648385670057,0.38,0.4848565154315928,4.0,5.2,4.8,6.0
rf,signo_zodiacal_virgo,226,0.5,0.43,0.420970695970696,0.41999999999999993,0.4146420457094842,0.472,0.5703167763608941,4.2,5.6,4.4,5.8
rf,signo_zodiacal_virgo,227,0.5,0.5,0.4941958041958042,0.5199999999999999,0.5047342995169082,0.469,0.5222856679783924,5.2,5.2,4.8,4.8
rf,signo_zodiacal_virgo,228,0.5,0.61,0.6461111111111111,0.54,0.5711794638110428,0.6839999999999999,0.7328900523281328,5.4,3.2,6.8,4.6
rf,signo_zodiacal_virgo,229,0.5,0.33999999999999997,0.3186813186813187,0.33999999999999997,0.3221795964762717,0.293,0.43878503136010877,3.4,6.6,3.4,6.6
rf,signo_zodiacal_virgo,230,0.5,0.52,0.5188034188034188,0.48,0.493668954996186,0.546,0.6105605407664231,4.8,4.4,5.6,5.2
rf,signo_zodiacal_virgo,231,0.5,0.47000000000000003,0.463974358974359,0.52,0.4873781291172595,0.44799999999999995,0.5184618895895985,5.2,5.8,4.2,4.8
rf,signo_zodiacal_virgo,232,0.5,0.5,0.49282828282828284,0.5399999999999999,0.5139074960127592,0.492,0.5964831830536165,5.4,5.4,4.6,4.6
rf,signo_zodiacal_virgo,233,0.5,0.49000000000000005,0.4920634920634921,0.43999999999999995,0.4625386996904025,0.45299999999999996,0.4986665185519675,4.4,4.6,5.4,5.6
rf,signo_zodiacal_virgo,234,0.5,0.41,0.4,0.38,0.3879851143009037,0.388,0.4928674387188319,3.8,5.6,4.4,6.2
rf,signo_zodiacal_virgo,235,0.5,0.43,0.43272727272727274,0.45999999999999996,0.4457142857142856,0.43,0.5313846447669978,4.6,6.0,4.0,5.4
rf,signo_zodiacal_virgo,236,0.5,0.44000000000000006,0.4305555555555555,0.43999999999999995,0.427766081871345,0.44800000000000006,0.5565207046135838,4.4,5.6,4.4,5.6
rf,signo_zodiacal_virgo,237,0.5,0.41,0.4271950271950272,0.44000000000000006,0.4299510304086963,0.371,0.48189878894755056,4.4,6.2,3.8,5.6
rf,signo_zodiacal_virgo,238,0.5,0.52,0.528138528138528,0.5,0.5053073861123396,0.522,0.5732381223867292,5.0,4.6,5.4,5.0
rf,signo_zodiacal_virgo,239,0.5,0.5700000000000001,0.6059523809523809,0.43999999999999995,0.5052287581699346,0.58,0.6264240116608537,4.4,3.0,7.0,5.6
rf,signo_zodiacal_virgo,240,0.5,0.4699999999999999,0.45777777777777773,0.44000000000000006,0.43842105263157893,0.48,0.5844485802295398,4.4,5.0,5.0,5.6
rf,signo_zodiacal_virgo,241,0.5,0.53,0.5277777777777778,0.5,0.5075358851674642,0.49400000000000005,0.5474948128067322,5.0,4.4,5.6,5.0
rf,signo_zodiacal_virgo,242,0.5,0.5700000000000001,0.5771428571428572,0.5800000000000001,0.5689601901366607,0.5509999999999999,0.5600360195360194,5.8,4.4,5.6,4.2
rf,signo_zodiacal_virgo,243,0.5,0.38,0.38225274725274727,0.32,0.34182011935208867,0.406,0.5116384814016393,3.2,5.6,4.4,6.8
rf,signo_zodiacal_virgo,244,0.5,0.36,0.34931623931623934,0.36,0.3507374661951321,0.295,0.43125239079805644,3.6,6.4,3.6,6.4
rf,signo_zodiacal_virgo,245,0.5,0.52,0.5297619047619048,0.41999999999999993,0.4613784907902555,0.5199999999999999,0.5814143323996265,4.2,3.8,6.2,5.8
rf,signo_zodiacal_virgo,246,0.5,0.57,0.582857142857143,0.42000000000000004,0.46875816993464053,0.522,0.5995759369629339,4.2,2.8,7.2,5.8
rf,signo_zodiacal_virgo,247,0.5,0.42000000000000004,0.423989898989899,0.44000000000000006,0.4290726817042606,0.45,0.5467172451731275,4.4,6.0,4.0,5.6
rf,signo_zodiacal_virgo,248,0.5,0.38999999999999996,0.36714285714285716,0.32,0.34039215686274504,0.42400000000000004,0.5301962667535423,3.2,5.4,4.6,6.8
rf,signo_zodiacal_virgo,249,0.5,0.5,0.5,0.58,0.5333333333333333,0.44700000000000006,0.527535324754365,5.8,5.8,4.2,4.2
rf,signo_zodiacal_virgo,250,0.5,0.5900000000000001,0.5862470862470863,0.6599999999999999,0.6185424034394286,0.632,0.699389385296506,6.6,4.8,5.2,3.4
rf,signo_zodiacal_virgo,251,0.5,0.52,0.5509090909090909,0.44000000000000006,0.47968253968253965,0.544,0.627519489712214,4.4,4.0,6.0,5.6
rf,signo_zodiacal_virgo,252,0.5,0.5,0.5075,0.52,0.5060548807917229,0.512,0.6012541194615497,5.2,5.2,4.8,4.8
rf,signo_zodiacal_virgo,253,0.5,0.5800000000000001,0.5943589743589743,0.5399999999999999,0.5569438087973557,0.561,0.6163932750256279,5.4,3.8,6.2,4.6
rf,signo_zodiacal_virgo,254,0.5,0.42000000000000004,0.4304029304029304,0.44000000000000006,0.42861683193490974,0.4600000000000001,0.5537155354964952,4.4,6.0,4.0,5.6
rf,signo_zodiacal_virgo,255,0.5,0.5900000000000001,0.6071428571428571,0.56,0.5732026143790849,0.5780000000000001,0.6640401985355545,5.6,3.8,6.2,4.4
rf,signo_zodiacal_virgo,256,0.5,0.42000000000000004,0.3998834498834499,0.42000000000000004,0.40088462262375313,0.366,0.4644658762290342,4.2,5.8,4.2,5.8
rf,signo_zodiacal_virgo,257,0.5,0.4600000000000001,0.4703463203463204,0.5,0.4793990323402088,0.4880000000000001,0.5474538049669628,5.0,5.8,4.2,5.0
rf,signo_zodiacal_virgo,258,0.5,0.4,0.40692640692640697,0.44000000000000006,0.4186401833460657,0.39699999999999996,0.5129137273974734,4.4,6.4,3.6,5.6
rf,signo_zodiacal_virgo,259,0.5,0.4600000000000001,0.4294205794205793,0.43999999999999995,0.4221410303251735,0.44800000000000006,0.49878059032470806,4.4,5.2,4.8,5.6
rf,signo_zodiacal_virgo,260,0.5,0.41000000000000003,0.39499999999999996,0.36,0.3690909090909091,0.399,0.5024185383759687,3.6,5.4,4.6,6.4
rf,signo_zodiacal_virgo,261,0.5,0.45999999999999996,0.4490836940836941,0.48,0.4594486215538847,0.44699999999999995,0.5042633575574752,4.8,5.6,4.4,5.2
rf,signo_zodiacal_virgo,262,0.5,0.47000000000000003,0.47000000000000003,0.48,0.45777777777777784,0.499,0.5296847406978985,4.8,5.4,4.6,5.2
rf,signo_zodiacal_virgo,263,0.5,0.39,0.3902564102564103,0.4,0.3852659316274877,0.403,0.5142349514950134,4.0,6.2,3.8,6.0
rf,signo_zodiacal_virgo,264,0.5,0.49000000000000005,0.49379509379509373,0.45999999999999996,0.4735957540911101,0.502,0.5557146562587738,4.6,4.8,5.2,5.4
rf,signo_zodiacal_virgo,265,0.5,0.53,0.5222222222222221,0.44000000000000006,0.462781954887218,0.5810000000000001,0.6161438171391731,4.4,3.8,6.2,5.6
rf,signo_zodiacal_virgo,266,0.5,0.47000000000000003,0.45787878787878783,0.36000000000000004,0.39460317460317457,0.473,0.597626865996061,3.6,4.2,5.8,6.4
rf,signo_zodiacal_virgo,267,0.5,0.55,0.5478787878787879,0.6799999999999999,0.6047536231884058,0.5569999999999999,0.6022008254902992,6.8,5.8,4.2,3.2
rf,signo_zodiacal_virgo,268,0.5,0.4600000000000001,0.4533333333333333,0.48,0.46449760765550235,0.469,0.5690483682983682,4.8,5.6,4.4,5.2
rf,signo_zodiacal_virgo,269,0.5,0.5000000000000001,0.5056410256410256,0.4600000000000001,0.46677206851119896,0.41200000000000003,0.5058166870109594,4.6,4.6,5.4,5.4
rf,signo_zodiacal_virgo,270,0.5,0.38999999999999996,0.3826839826839826,0.36000000000000004,0.36833259619637326,0.40099999999999997,0.49862883461567675,3.6,5.8,4.2,6.4
rf,signo_zodiacal_virgo,271,0.5,0.6299999999999999,0.631111111111111,0.5999999999999999,0.6141520467836257,0.6569999999999999,0.6488390308521886,6.0,3.4,6.6,4.0
rf,signo_zodiacal_virgo,272,0.5,0.51,0.5044444444444445,0.4600000000000001,0.4740031897926634,0.449,0.5360070881131251,4.6,4.4,5.6,5.4
rf,signo_zodiacal_virgo,273,0.5,0.48,0.47069597069597063,0.44000000000000006,0.4484527602040053,0.42800000000000005,0.5117678012561914,4.4,4.8,5.2,5.6
rf,signo_zodiacal_virgo,274,0.5,0.45999999999999996,0.45090909090909087,0.42000000000000004,0.4211269841269841,0.46099999999999997,0.5556375086901403,4.2,5.0,5.0,5.8
rf,signo_zodiacal_virgo,275,0.5,0.4600000000000001,0.43746031746031744,0.48,0.4538268946022345,0.37699999999999995,0.4683957478709801,4.8,5.6,4.4,5.2
rf,signo_zodiacal_virgo,276,0.5,0.48,0.49610389610389605,0.42000000000000004,0.4477517322718561,0.489,0.5775107496562605,4.2,4.6,5.4,5.8
rf,signo_zodiacal_virgo,277,0.5,0.38999999999999996,0.4099067599067599,0.45999999999999996,0.42990149946671685,0.34400000000000003,0.45565322036065065,4.6,6.8,3.2,5.4
rf,signo_zodiacal_virgo,278,0.5,0.51,0.4945804195804196,0.48,0.4776811594202899,0.581,0.603817606799805,4.8,4.6,5.4,5.2
rf,signo_zodiacal_virgo,279,0.5,0.43,0.4365384615384616,0.5,0.46350461133069826,0.43200000000000005,0.5135675097176645,5.0,6.4,3.6,5.0
rf,signo_zodiacal_virgo,280,0.5,0.48,0.4595238095238095,0.38,0.4020626432391138,0.45899999999999996,0.5456546137900627,3.8,4.2,5.8,6.2
rf,signo_zodiacal_virgo,281,0.5,0.53,0.5276923076923077,0.5199999999999999,0.5079728966685488,0.531,0.5762606349618733,5.2,4.6,5.4,4.8
rf,signo_zodiacal_virgo,282,0.5,0.48,0.48090909090909095,0.5199999999999999,0.4983959899749374,0.5389999999999999,0.5776882366000013,5.2,5.6,4.4,4.8
rf,signo_zodiacal_virgo,283,0.5,0.33999999999999997,0.2949206349206349,0.22000000000000003,0.2430912121933794,0.27999999999999997,0.4283895016232478,2.2,5.4,4.6,7.8
rf,signo_zodiacal_virgo,284,0.5,0.43000000000000005,0.4207142857142857,0.44000000000000006,0.4230124777183601,0.38599999999999995,0.4504954777764375,4.4,5.8,4.2,5.6
rf,signo_zodiacal_virgo,285,0.5,0.53,0.5226923076923077,0.6,0.5512808635554631,0.517,0.5795421680143042,6.0,5.4,4.6,4.0
rf,signo_zodiacal_virgo,286,0.5,0.52,0.5091880341880343,0.54,0.5201511684349213,0.564,0.6345771821917332,5.4,5.0,5.0,4.6
rf,signo_zodiacal_virgo,287,0.5,0.48,0.4816161616161616,0.52,0.4923668144720777,0.43999999999999995,0.5124386081754503,5.2,5.6,4.4,4.8
rf,signo_zodiacal_virgo,288,0.5,0.36000000000000004,0.3613386613386614,0.4,0.3764395876927846,0.301,0.42635649034488043,4.0,6.8,3.2,6.0
rf,signo_zodiacal_virgo,289,0.5,0.52,0.5324786324786325,0.5800000000000001,0.5462907547575739,0.4629999999999999,0.5498006976683447,5.8,5.4,4.6,4.2
rf,signo_zodiacal_virgo,290,0.5,0.54,0.5255322455322455,0.5800000000000001,0.5493036940176528,0.5459999999999999,0.5571105224325038,5.8,5.0,5.0,4.2
rf,signo_zodiacal_virgo,291,0.5,0.41000000000000003,0.3884415584415585,0.3,0.33344537815126046,0.398,0.5133830291655369,3.0,4.8,5.2,7.0
rf,signo_zodiacal_virgo,292,0.5,0.5199999999999999,0.5213203463203462,0.5199999999999999,0.5150326797385621,0.49800000000000005,0.5421331642213996,5.2,4.8,5.2,4.8
rf,signo_zodiacal_virgo,293,0.5,0.45999999999999996,0.4481684981684982,0.48,0.4576868428530833,0.47000000000000003,0.5374654918524887,4.8,5.6,4.4,5.2
rf,signo_zodiacal_virgo,294,0.5,0.5599999999999999,0.5587912087912088,0.5599999999999999,0.5525758129338691,0.605,0.6281932762799636,5.6,4.4,5.6,4.4
rf,signo_zodiacal_virgo,295,0.5,0.51,0.49641025641025643,0.6199999999999999,0.5440193236714976,0.5330000000000001,0.5980656561360895,6.2,6.0,4.0,3.8
rf,signo_zodiacal_virgo,296,0.5,0.5,0.49090909090909085,0.44000000000000006,0.4610275689223058,0.477,0.5071189441793157,4.4,4.4,5.6,5.6
rf,signo_zodiacal_virgo,297,0.5,0.49000000000000005,0.5000793650793651,0.48,0.4805242518059855,0.44299999999999995,0.5111965452847805,4.8,5.0,5.0,5.2
rf,signo_zodiacal_virgo,298,0.5,0.56,0.5459052059052059,0.6599999999999999,0.5937652035226406,0.5990000000000001,0.66249456855494,6.6,5.4,4.6,3.4
rf,signo_zodiacal_virgo,299,0.5,0.52,0.5122655122655122,0.54,0.5207184628237259,0.465,0.548827092669972,5.4,5.0,5.0,4.6
rf,signo_zodiacal_virgo,300,0.5,0.45,0.4444444444444445,0.48,0.46115288220551376,0.43599999999999994,0.5185914661533857,4.8,5.8,4.2,5.2
rf,signo_zodiacal_virgo,301,0.5,0.52,0.5322377622377623,0.52,0.5211042097998619,0.45899999999999996,0.5473671159421933,5.2,4.8,5.2,4.8
rf,signo_zodiacal_virgo,302,0.5,0.5599999999999999,0.5630555555555555,0.68,0.6085845382687488,0.568,0.6153658939100116,6.8,5.6,4.4,3.2
rf,signo_zodiacal_virgo,303,0.5,0.61,0.6046464646464645,0.6200000000000001,0.6102665755297334,0.607,0.6197862743551598,6.2,4.0,6.0,3.8
rf,signo_zodiacal_virgo,304,0.5,0.5000000000000001,0.5137795537795538,0.42000000000000004,0.44588844233345515,0.496,0.5931360402583312,4.2,4.2,5.8,5.8
rf,signo_zodiacal_virgo,305,0.5,0.5,0.49182539682539683,0.44000000000000006,0.4625180598555211,0.502,0.5697465600275198,4.4,4.4,5.6,5.6
rf,signo_zodiacal_virgo,306,0.5,0.57,0.5549650349650349,0.5199999999999999,0.5234057971014492,0.576,0.5811747408937812,5.2,3.8,6.2,4.8
rf,signo_zodiacal_virgo,307,0.5,0.44000000000000006,0.4317460317460317,0.45999999999999996,0.43682490540075686,0.446,0.5453942456752054,4.6,5.8,4.2,5.4
rf,signo_zodiacal_virgo,308,0.5,0.5800000000000001,0.5926190476190476,0.5800000000000001,0.5735353535353535,0.625,0.6770053526624735,5.8,4.2,5.8,4.2
rf,signo_zodiacal_virgo,309,0.5,0.55,0.5467857142857142,0.58,0.552579185520362,0.5740000000000001,0.6292125621196829,5.8,4.8,5.2,4.2
rf,signo_zodiacal_virgo,310,0.5,0.52,0.5346153846153847,0.5399999999999999,0.5315026697177727,0.576,0.6293541354586246,5.4,5.0,5.0,4.6
rf,signo_zodiacal_virgo,311,0.5,0.53,0.5253968253968254,0.6000000000000001,0.5567783094098883,0.567,0.5892769322181086,6.0,5.4,4.6,4.0
rf,signo_zodiacal_virgo,312,0.5,0.47000000000000003,0.47435897435897434,0.52,0.49303099646349074,0.495,0.5666766850280782,5.2,5.8,4.2,4.8
rf,signo_zodiacal_virgo,313,0.5,0.5499999999999999,0.5472222222222222,0.48,0.5060136973449667,0.544,0.6206661224911999,4.8,3.8,6.2,5.2
rf,signo_zodiacal_virgo,314,0.5,0.43999999999999995,0.44376623376623375,0.38,0.40621848739495797,0.40800000000000003,0.4959881044308288,3.8,5.0,5.0,6.2
rf,signo_zodiacal_virgo,315,0.5,0.53,0.5107392607392607,0.5,0.4991677830552511,0.5589999999999999,0.6335936563436564,5.0,4.4,5.6,5.0
rf,signo_zodiacal_virgo,316,0.5,0.51,0.5108669108669108,0.45999999999999996,0.4778450815871734,0.532,0.5598619313263276,4.6,4.4,5.6,5.4
rf,signo_zodiacal_virgo,317,0.5,0.49000000000000005,0.475,0.45999999999999996,0.46475279106858053,0.477,0.5556078451991765,4.6,4.8,5.2,5.4
rf,signo_zodiacal_virgo,318,0.5,0.49000000000000005,0.47777777777777786,0.5,0.48135011441647596,0.5040000000000001,0.5517346085287261,5.0,5.2,4.8,5.0
rf,signo_zodiacal_virgo,319,0.5,0.5599999999999999,0.5916666666666667,0.5,0.5346757044125465,0.587,0.6354471141173927,5.0,3.8,6.2,5.0
rf,signo_zodiacal_virgo,320,0.5,0.51,0.5114718614718614,0.52,0.5111897390535162,0.42699999999999994,0.4782576791973077,5.2,5.0,5.0,4.8
rf,signo_zodiacal_virgo,321,0.5,0.45999999999999996,0.46019480519480516,0.42000000000000004,0.43602240896358546,0.457,0.5680008231362721,4.2,5.0,5.0,5.8
rf,signo_zodiacal_virgo,322,0.5,0.52,0.5341330891330891,0.56,0.5407220950928044,0.5469999999999999,0.5998021696226031,5.6,5.2,4.8,4.4
rf,signo_zodiacal_virgo,323,0.5,0.52,0.516161616161616,0.5599999999999999,0.5357256778309409,0.5130000000000001,0.55908112209428,5.6,5.2,4.8,4.4
rf,signo_zodiacal_virgo,324,0.5,0.4699999999999999,0.48761904761904756,0.48,0.4723763955342902,0.45299999999999996,0.54914010129877,4.8,5.4,4.6,5.2
rf,signo_zodiacal_virgo,325,0.5,0.49000000000000005,0.4854700854700855,0.5399999999999999,0.5083420012481797,0.38100000000000006,0.4502531269899691,5.4,5.6,4.4,4.6
rf,signo_zodiacal_virgo,326,0.5,0.5799999999999998,0.5733333333333333,0.5599999999999999,0.5632323232323232,0.6500000000000001,0.6816446947445399,5.6,4.0,6.0,4.4
rf,signo_zodiacal_virgo,327,0.5,0.45999999999999996,0.44147186147186146,0.4,0.41045608674091644,0.507,0.5301052378993555,4.0,4.8,5.2,6.0
rf,signo_zodiacal_virgo,328,0.5,0.49000000000000005,0.48571428571428565,0.5199999999999999,0.49677871148459385,0.536,0.6207541690335807,5.2,5.4,4.6,4.8
rf,signo_zodiacal_virgo,329,0.5,0.48,0.48611111111111105,0.48,0.4795321637426901,0.4840000000000001,0.562391277453197,4.8,5.2,4.8,5.2
rf,signo_zodiacal_virgo,330,0.5,0.63,0.6147130647130646,0.7000000000000001,0.6465293668954996,0.655,0.6891853799794977,7.0,4.4,5.6,3.0
rf,signo_zodiacal_virgo,331,0.5,0.51,0.5083333333333333,0.45999999999999996,0.4753535353535353,0.516,0.5450779673542832,4.6,4.4,5.6,5.4
rf,signo_zodiacal_virgo,332,0.5,0.5,0.502020202020202,0.52,0.5100250626566416,0.509,0.5576926684426684,5.2,5.2,4.8,4.8
rf,signo_zodiacal_virgo,333,0.5,0.53,0.5389865689865689,0.54,0.533610053965418,0.5349999999999999,0.6029093108473914,5.4,4.8,5.2,4.6
rf,signo_zodiacal_virgo,334,0.5,0.5499999999999999,0.561965811965812,0.4600000000000001,0.4853710362863681,0.5429999999999999,0.5975268305825581,4.6,3.6,6.4,5.4
rf,signo_zodiacal_virgo,335,0.5,0.56,0.5692424242424242,0.52,0.5415538847117795,0.594,0.6705301098110695,5.2,4.0,6.0,4.8
rf,signo_zodiacal_virgo,336,0.5,0.45,0.4333333333333333,0.48,0.4475238095238095,0.48200000000000004,0.5382926077190783,4.8,5.8,4.2,5.2
rf,signo_zodiacal_virgo,337,0.5,0.41,0.3843290043290043,0.38,0.38097302078726225,0.43599999999999994,0.5201045184605556,3.8,5.6,4.4,6.2
rf,signo_zodiacal_virgo,338,0.5,0.47000000000000003,0.4819735819735819,0.5199999999999999,0.49828028569447325,0.52,0.5636430226120629,5.2,5.8,4.2,4.8
rf,signo_zodiacal_virgo,339,0.5,0.5799999999999998,0.5819780219780218,0.5399999999999999,0.5508567774936062,0.602,0.6591667945917171,5.4,3.8,6.2,4.6
rf,signo_zodiacal_virgo,340,0.5,0.4800000000000001,0.4837062937062937,0.62,0.5418904573687182,0.48599999999999993,0.5301010094996162,6.2,6.6,3.4,3.8
rf,signo_zodiacal_virgo,341,0.5,0.53,0.5248484848484848,0.58,0.5460451127819549,0.513,0.5859633987443584,5.8,5.2,4.8,4.2
rf,signo_zodiacal_virgo,342,0.5,0.54,0.5218759018759018,0.5199999999999999,0.5071320949432404,0.556,0.6425834437320506,5.2,4.4,5.6,4.8
rf,signo_zodiacal_virgo,343,0.5,0.49000000000000005,0.4915884115884116,0.5800000000000001,0.5303105590062112,0.458,0.5083709999151175,5.8,6.0,4.0,4.2
rf,signo_zodiacal_virgo,344,0.5,0.48999999999999994,0.48590909090909096,0.45999999999999996,0.47137844611528823,0.47000000000000003,0.505941131366054,4.6,4.8,5.2,5.4
rf,signo_zodiacal_virgo,345,0.5,0.6,0.6064102564102564,0.66,0.6218564806665492,0.5810000000000001,0.6194917839298644,6.6,4.6,5.4,3.4
rf,signo_zodiacal_virgo,346,0.5,0.53,0.5433766233766233,0.44000000000000006,0.47787704555506405,0.4840000000000001,0.5206792482543257,4.4,3.8,6.2,5.6
rf,signo_zodiacal_virgo,347,0.5,0.55,0.5599999999999999,0.47999999999999987,0.512046783625731,0.5740000000000001,0.6444261294261294,4.8,3.8,6.2,5.2
rf,signo_zodiacal_virgo,348,0.5,0.35,0.31677489177489176,0.3,0.3043544690603514,0.33799999999999997,0.4298923401160243,3.0,6.0,4.0,7.0
rf,signo_zodiacal_virgo,349,0.5,0.5,0.5031385281385281,0.52,0.5072681704260651,0.526,0.599153345020992,5.2,5.2,4.8,4.8
rf,signo_zodiacal_virgo,350,0.5,0.51,0.5068253968253968,0.5799999999999998,0.5379904306220096,0.523,0.5558724972138285,5.8,5.6,4.4,4.2
rf,signo_zodiacal_virgo,351,0.5,0.53,0.5413156288156288,0.5399999999999999,0.521137537923108,0.5449999999999999,0.5630519278622994,5.4,4.8,5.2,4.6
rf,signo_zodiacal_virgo,352,0.5,0.5399999999999999,0.5343434343434343,0.5599999999999999,0.5461152882205513,0.5660000000000001,0.6236148557325027,5.6,4.8,5.2,4.4
rf,signo_zodiacal_virgo,353,0.5,0.53,0.5428571428571429,0.5599999999999999,0.5438375350140057,0.523,0.5382790444849268,5.6,5.0,5.0,4.4
rf,signo_zodiacal_virgo,354,0.5,0.41999999999999993,0.41793650793650794,0.36,0.3807078525189981,0.41200000000000003,0.5005980222907468,3.6,5.2,4.8,6.4
rf,signo_zodiacal_virgo,355,0.5,0.42000000000000004,0.4284848484848485,0.45999999999999996,0.44320346320346327,0.43699999999999994,0.5119495422877776,4.6,6.2,3.8,5.4
rf,signo_zodiacal_virgo,356,0.5,0.54,0.5420634920634921,0.54,0.5258692185007974,0.549,0.5932398516516163,5.4,4.6,5.4,4.6
rf,signo_zodiacal_virgo,357,0.5,0.42000000000000004,0.42593795093795095,0.38,0.3978475600766623,0.47300000000000003,0.5388078659386709,3.8,5.4,4.6,6.2
rf,signo_zodiacal_virgo,358,0.5,0.43,0.4175757575757576,0.34,0.3699439775910364,0.36100000000000004,0.47131962035212804,3.4,4.8,5.2,6.6
rf,signo_zodiacal_virgo,359,0.5,0.48999999999999994,0.4809523809523809,0.4600000000000001,0.4590934924694515,0.47300000000000003,0.5339888255019835,4.6,4.8,5.2,5.4
rf,signo_zodiacal_virgo,360,0.5,0.5,0.48636363636363644,0.54,0.5051948051948052,0.49800000000000005,0.5375655902405129,5.4,5.4,4.6,4.6
rf,signo_zodiacal_virgo,361,0.5,0.51,0.5064102564102564,0.64,0.5633728590250329,0.599,0.6823619360515646,6.4,6.2,3.8,3.6
rf,signo_zodiacal_virgo,362,0.5,0.48,0.47662337662337667,0.6,0.5283290043290043,0.44700000000000006,0.5023818228555071,6.0,6.4,3.6,4.0
rf,signo_zodiacal_virgo,363,0.5,0.47000000000000003,0.4898656898656899,0.48,0.47737245928119537,0.46299999999999997,0.535000110570544,4.8,5.4,4.6,5.2
rf,signo_zodiacal_virgo,364,0.5,0.6199999999999999,0.5968697968697968,0.7200000000000001,0.6505270092226614,0.6020000000000001,0.6342465039260705,7.2,4.8,5.2,2.8
rf,signo_zodiacal_virgo,365,0.5,0.33999999999999997,0.3441414141414142,0.32,0.32610959216222374,0.328,0.4354221432162609,3.2,6.4,3.6,6.8
rf,signo_zodiacal_virgo,366,0.5,0.49000000000000005,0.48969696969696974,0.5199999999999999,0.4946190476190476,0.44699999999999995,0.4805356442662944,5.2,5.4,4.6,4.8
rf,signo_zodiacal_virgo,367,0.5,0.45,0.40212121212121216,0.38,0.38664995822890563,0.44600000000000006,0.5200436061186835,3.8,4.8,5.2,6.2
rf,signo_zodiacal_virgo,368,0.5,0.52,0.5173160173160173,0.5,0.5048945894147132,0.546,0.5965333522686463,5.0,4.6,5.4,5.0
rf,signo_zodiacal_virgo,369,0.5,0.39,0.39787878787878783,0.34,0.35805194805194807,0.29500000000000004,0.45158967588998544,3.4,5.6,4.4,6.6
rf,signo_zodiacal_virgo,370,0.5,0.55,0.5542929292929293,0.5,0.5199456975772765,0.6359999999999999,0.6619338804470383,5.0,4.0,6.0,5.0
rf,signo_zodiacal_virgo,371,0.5,0.57,0.5655011655011655,0.64,0.5963986052086738,0.589,0.6325705025968185,6.4,5.0,5.0,3.6
rf,signo_zodiacal_virgo,372,0.5,0.61,0.6003463203463204,0.6599999999999999,0.6253634085213032,0.626,0.6563638953066196,6.6,4.4,5.6,3.4
rf,signo_zodiacal_virgo,373,0.5,0.45,0.46280451574569226,0.56,0.5008379534695324,0.48599999999999993,0.5645956332968717,5.6,6.6,3.4,4.4
rf,signo_zodiacal_virgo,374,0.5,0.54,0.5465079365079365,0.5199999999999999,0.5292372642837039,0.5840000000000001,0.6370998821439997,5.2,4.4,5.6,4.8
rf,signo_zodiacal_virgo,375,0.5,0.49000000000000005,0.49812409812409814,0.5,0.49223794781070324,0.54,0.5463885444620737,5.0,5.2,4.8,5.0
rf,signo_zodiacal_virgo,376,0.5,0.62,0.6638528138528138,0.5800000000000001,0.6077349121466769,0.6359999999999999,0.7142581209640032,5.8,3.4,6.6,4.2
rf,signo_zodiacal_virgo,377,0.5,0.55,0.5507575757575757,0.54,0.5367604617604618,0.541,0.5731265128060794,5.4,4.4,5.6,4.6
rf,signo_zodiacal_virgo,378,0.5,0.4,0.40073260073260075,0.41999999999999993,0.39996899945749054,0.337,0.47647822808426527,4.2,6.2,3.8,5.8
rf,signo_zodiacal_virgo,379,0.5,0.4800000000000001,0.4707575757575758,0.45999999999999996,0.4641102756892231,0.48599999999999993,0.5634984274411519,4.6,5.0,5.0,5.4
rf,signo_zodiacal_virgo,380,0.5,0.51,0.5031746031746032,0.48,0.4842105263157895,0.487,0.6038950792069987,4.8,4.6,5.4,5.2
rf,signo_zodiacal_virgo,381,0.5,0.5,0.5002886002886002,0.4800000000000001,0.4803405572755418,0.44699999999999995,0.5365178083870032,4.8,4.8,5.2,5.2
rf,signo_zodiacal_virgo,382,0.5,0.49000000000000005,0.4774314574314575,0.48,0.47511774087625475,0.5,0.5768553956363555,4.8,5.0,5.0,5.2
rf,signo_zodiacal_virgo,383,0.5,0.6599999999999999,0.7086829836829838,0.6,0.633574879227053,0.6969999999999998,0.7308006786814836,6.0,2.8,7.2,4.0
rf,signo_zodiacal_virgo,384,0.5,0.44000000000000006,0.45,0.4,0.41515151515151516,0.4010000000000001,0.4690254467754468,4.0,5.2,4.8,6.0
rf,signo_zodiacal_virgo,385,0.5,0.48,0.47055555555555556,0.5399999999999999,0.49705901116427426,0.479,0.5640429555824292,5.4,5.8,4.2,4.6
rf,signo_zodiacal_virgo,386,0.5,0.39,0.3869696969696969,0.38,0.3821888053467001,0.37500000000000006,0.47163484657757093,3.8,6.0,4.0,6.2
rf,signo_zodiacal_virgo,387,0.5,0.52,0.5497435897435897,0.5,0.507413263065437,0.5239999999999999,0.6186412486722084,5.0,4.6,5.4,5.0
rf,signo_zodiacal_virgo,388,0.5,0.5,0.43611111111111106,0.42000000000000004,0.42546517809675705,0.49800000000000005,0.5157942596619067,4.2,4.2,5.8,5.8
rf,signo_zodiacal_virgo,389,0.5,0.51,0.5314574314574314,0.44000000000000006,0.4755712811440366,0.544,0.5860911469851098,4.4,4.2,5.8,5.6
rf,signo_zodiacal_virgo,390,0.5,0.55,0.5358730158730158,0.5,0.5118941739375176,0.586,0.6115390791698841,5.0,4.0,6.0,5.0
rf,signo_zodiacal_virgo,391,0.5,0.58,0.6077777777777776,0.5,0.5449122807017543,0.6140000000000001,0.6449999140866014,5.0,3.4,6.6,5.0
rf,signo_zodiacal_virgo,392,0.5,0.5,0.5003968253968254,0.45999999999999996,0.4751383807111361,0.454,0.5180168442668442,4.6,4.6,5.4,5.4
rf,signo_zodiacal_virgo,393,0.5,0.5199999999999999,0.5144444444444444,0.4999999999999999,0.5045826687931951,0.5599999999999999,0.6340475876033151,5.0,4.6,5.4,5.0
rf,signo_zodiacal_virgo,394,0.5,0.43,0.432101232101232,0.48,0.44813664596273295,0.394,0.5004842842915598,4.8,6.2,3.8,5.2
rf,signo_zodiacal_virgo,395,0.5,0.5900000000000001,0.5963131313131314,0.5599999999999999,0.575923141186299,0.59,0.6148835963657946,5.6,3.8,6.2,4.4
rf,signo_zodiacal_virgo,396,0.5,0.58,0.61,0.5,0.5178717948717948,0.592,0.6901087350042457,5.0,3.4,6.6,5.0
rf,signo_zodiacal_virgo,397,0.5,0.32999999999999996,0.29267676767676765,0.27999999999999997,0.2838137009189641,0.304,0.4692573388943358,2.8,6.2,3.8,7.2
rf,signo_zodiacal_virgo,398,0.5,0.51,0.5222222222222223,0.6799999999999999,0.566952380952381,0.516,0.583367086130244,6.8,6.6,3.4,3.2
rf,signo_zodiacal_virgo,399,0.5,0.62,0.6548917748917747,0.58,0.5933333333333333,0.639,0.6893512145748988,5.8,3.4,6.6,4.2
rf,signo_zodiacal_virgo,400,0.5,0.6,0.6376190476190475,0.4600000000000001,0.5274509803921569,0.5860000000000001,0.6593242692979535,4.6,2.6,7.4,5.4
rf,signo_zodiacal_virgo,401,0.5,0.51,0.551025641025641,0.44000000000000006,0.4674534161490683,0.516,0.5885121169679992,4.4,4.2,5.8,5.6
rf,signo_zodiacal_virgo,402,0.5,0.43,0.4282539682539682,0.34,0.37547987616099066,0.462,0.5512940649821454,3.4,4.8,5.2,6.6
rf,signo_zodiacal_virgo,403,0.5,0.51,0.5072727272727272,0.5599999999999999,0.5315151515151515,0.5519999999999999,0.5577761200787517,5.6,5.4,4.6,4.4
rf,signo_zodiacal_virgo,404,0.5,0.43,0.37857142857142856,0.32,0.34050802139037434,0.402,0.5004056323793166,3.2,4.6,5.4,6.8
rf,signo_zodiacal_virgo,405,0.5,0.49000000000000005,0.4944877344877344,0.6,0.5376094782410572,0.4,0.484565712495279,6.0,6.2,3.8,4.0
rf,signo_zodiacal_virgo,406,0.5,0.5700000000000001,0.5816239316239316,0.5000000000000001,0.5169372707130144,0.56,0.6247593795093794,5.0,3.6,6.4,5.0
rf,signo_zodiacal_virgo,407,0.5,0.5199999999999999,0.5175757575757576,0.6599999999999999,0.5784502164502164,0.4539999999999999,0.5005989468048291,6.6,6.2,3.8,3.4
rf,signo_zodiacal_virgo,408,0.5,0.45,0.434920634920635,0.4,0.4154798761609907,0.42300000000000004,0.5059116537057713,4.0,5.0,5.0,6.0
rf,signo_zodiacal_virgo,409,0.5,0.4800000000000001,0.4817715617715617,0.52,0.4986858450474011,0.487,0.5568525610096818,5.2,5.6,4.4,4.8
rf,signo_zodiacal_virgo,410,0.5,0.45,0.43896103896103894,0.44000000000000006,0.4375350140056022,0.434,0.5447606672653112,4.4,5.4,4.6,5.6
rf,signo_zodiacal_virgo,411,0.5,0.51,0.5145238095238096,0.4,0.4476470588235294,0.541,0.5677760752319576,4.0,3.8,6.2,6.0
rf,signo_zodiacal_virgo,412,0.5,0.45,0.44333333333333336,0.52,0.4761881977671451,0.42400000000000004,0.5182473213061449,5.2,6.2,3.8,4.8
rf,signo_zodiacal_virgo,413,0.5,0.61,0.6383333333333333,0.4999999999999999,0.5511111111111111,0.6869999999999999,0.7068851030290659,5.0,2.8,7.2,5.0
rf,signo_zodiacal_virgo,414,0.5,0.48,0.4819347319347319,0.48,0.47259219893491,0.43499999999999994,0.5320492481374834,4.8,5.2,4.8,5.2
rf,signo_zodiacal_virgo,415,0.5,0.52,0.5166666666666666,0.54,0.5122222222222221,0.508,0.5512513422250264,5.4,5.0,5.0,4.6
rf,signo_zodiacal_virgo,416,0.5,0.51,0.5057142857142857,0.4600000000000001,0.47745692216280455,0.577,0.608151032575955,4.6,4.4,5.6,5.4
rf,signo_zodiacal_virgo,417,0.5,0.55,0.5444444444444445,0.64,0.5796065922381712,0.5529999999999999,0.5661634841766421,6.4,5.4,4.6,3.6
rf,signo_zodiacal_virgo,418,0.5,0.5199999999999999,0.5160256410256411,0.56,0.5329034047569516,0.506,0.582541625041625,5.6,5.2,4.8,4.4
rf,signo_zodiacal_virgo,419,0.5,0.56,0.5666666666666667,0.6199999999999999,0.5874066985645933,0.5609999999999999,0.6171934542066121,6.2,5.0,5.0,3.8
rf,signo_zodiacal_virgo,420,0.5,0.39,0.3927350427350427,0.4,0.3914569031273837,0.319,0.4476461531244813,4.0,6.2,3.8,6.0
rf,signo_zodiacal_virgo,421,0.5,0.53,0.5242929292929294,0.52,0.5205012531328321,0.5039999999999999,0.589139455144099,5.2,4.6,5.4,4.8
rf,signo_zodiacal_virgo,422,0.5,0.57,0.5942557442557443,0.56,0.5696139325295335,0.526,0.5607334060847993,5.6,4.2,5.8,4.4
rf,signo_zodiacal_virgo,423,0.5,0.48,0.47448051948051945,0.36,0.4034733893557423,0.47400000000000003,0.5613725729035326,3.6,4.0,6.0,6.4
rf,signo_zodiacal_virgo,424,0.5,0.44000000000000006,0.4127955377955378,0.42000000000000004,0.41125191495362445,0.425,0.4967156275097452,4.2,5.4,4.6,5.8
rf,signo_zodiacal_virgo,425,0.5,0.54,0.5440656565656565,0.6,0.5653364179679968,0.5229999999999999,0.5860999751882104,6.0,5.2,4.8,4.0
rf,signo_zodiacal_virgo,426,0.5,0.51,0.5097125097125097,0.45999999999999996,0.47224038356761466,0.5489999999999999,0.5597194004825583,4.6,4.4,5.6,5.4
rf,signo_zodiacal_virgo,427,0.5,0.56,0.5694444444444444,0.45999999999999996,0.5073959408324733,0.5529999999999999,0.5912110753024066,4.6,3.4,6.6,5.4
rf,signo_zodiacal_virgo,428,0.5,0.42000000000000004,0.40888888888888886,0.39999999999999997,0.4027219564061669,0.38299999999999995,0.48328139653604046,4.0,5.6,4.4,6.0
rf,signo_zodiacal_virgo,429,0.5,0.49000000000000005,0.4864646464646464,0.54,0.5074486215538847,0.501,0.5364445729708887,5.4,5.6,4.4,4.6
rf,signo_zodiacal_virgo,430,0.5,0.53,0.5344877344877345,0.48,0.49775742833018377,0.479,0.5226736576117381,4.8,4.2,5.8,5.2
rf,signo_zodiacal_virgo,431,0.5,0.4800000000000001,0.47142857142857136,0.42000000000000004,0.43958916900093364,0.49400000000000005,0.5556827508576735,4.2,4.6,5.4,5.8
rf,signo_zodiacal_virgo,432,0.5,0.41999999999999993,0.3841269841269841,0.36,0.36683084717140446,0.364,0.460149001755039,3.6,5.2,4.8,6.4
rf,signo_zodiacal_virgo,433,0.5,0.48,0.49755799755799757,0.48,0.4821155422851479,0.389,0.4632867416381348,4.8,5.2,4.8,5.2
rf,signo_zodiacal_virgo,434,0.5,0.5700000000000001,0.5787301587301588,0.56,0.5623632610939111,0.598,0.6018088388219968,5.6,4.2,5.8,4.4
rf,signo_zodiacal_virgo,435,0.5,0.6000000000000001,0.6134920634920634,0.6,0.5959345779779216,0.623,0.6530173335436493,6.0,4.0,6.0,4.0
rf,signo_zodiacal_virgo,436,0.5,0.49000000000000005,0.4836940836940837,0.48,0.47817538498653045,0.48,0.5570191834309481,4.8,5.0,5.0,5.2
rf,signo_zodiacal_virgo,437,0.5,0.64,0.680952380952381,0.6199999999999999,0.6321176470588237,0.674,0.7322326182589339,6.2,3.4,6.6,3.8
rf,signo_zodiacal_virgo,438,0.5,0.55,0.5452380952380953,0.52,0.5242690058479532,0.6050000000000001,0.6535624528550226,5.2,4.2,5.8,4.8
rf,signo_zodiacal_virgo,439,0.5,0.51,0.589047619047619,0.5,0.5032167832167833,0.5720000000000001,0.6367286761226391,5.0,4.8,5.2,5.0
rf,signo_zodiacal_virgo,440,0.5,0.54,0.5365079365079365,0.5,0.5078736279200675,0.5519999999999999,0.5888413161485916,5.0,4.2,5.8,5.0
rf,signo_zodiacal_virgo,441,0.5,0.44000000000000006,0.43840909090909086,0.4600000000000001,0.4362637362637362,0.43599999999999994,0.4906941124750722,4.6,5.8,4.2,5.4
rf,signo_zodiacal_virgo,442,0.5,0.51,0.5066666666666666,0.45999999999999996,0.46133333333333343,0.477,0.5453858290831974,4.6,4.4,5.6,5.4
rf,signo_zodiacal_virgo,443,0.5,0.51,0.5198412698412698,0.44000000000000006,0.4687587953841824,0.49000000000000005,0.6010015370766144,4.4,4.2,5.8,5.6
rf,signo_zodiacal_virgo,444,0.5,0.51,0.49133089133089136,0.48,0.48092610041728356,0.5349999999999999,0.6021145869953919,4.8,4.6,5.4,5.2
rf,signo_zodiacal_virgo,445,0.5,0.43,0.4274891774891775,0.4,0.4082760376878024,0.39299999999999996,0.4715152743713116,4.0,5.4,4.6,6.0
rf,signo_zodiacal_virgo,446,0.5,0.51,0.5111111111111112,0.5,0.5042606516290726,0.49899999999999994,0.5762418707023971,5.0,4.8,5.2,5.0
rf,signo_zodiacal_virgo,447,0.5,0.5599999999999999,0.5783333333333334,0.5,0.5269507101086048,0.62,0.6746880974202956,5.0,3.8,6.2,5.0
rf,signo_zodiacal_virgo,448,0.5,0.6100000000000001,0.6206959706959707,0.5799999999999998,0.5868365985878436,0.6079999999999999,0.6721868753881137,5.8,3.6,6.4,4.2
rf,signo_zodiacal_virgo,449,0.5,0.5,0.5008669108669108,0.5599999999999999,0.5189763947184866,0.5599999999999999,0.6210681893785608,5.6,5.6,4.4,4.4
rf,signo_zodiacal_virgo,450,0.5,0.58,0.5976190476190475,0.5199999999999999,0.547706163805235,0.541,0.5760137154726939,5.2,3.6,6.4,4.8
rf,signo_zodiacal_virgo,451,0.5,0.6000000000000001,0.6049145299145299,0.6199999999999999,0.6074913898712525,0.579,0.5950181654430879,6.2,4.2,5.8,3.8
rf,signo_zodiacal_virgo,452,0.5,0.43,0.43606060606060604,0.43999999999999995,0.4311904761904762,0.386,0.48263344215124404,4.4,5.8,4.2,5.6
rf,signo_zodiacal_virgo,453,0.5,0.45,0.45,0.4,0.41795587453482186,0.42400000000000004,0.48513680703541384,4.0,5.0,5.0,6.0
rf,signo_zodiacal_virgo,454,0.5,0.51,0.5090909090909091,0.5399999999999999,0.5219412166780588,0.583,0.6410417982430366,5.4,5.2,4.8,4.6
rf,signo_zodiacal_virgo,455,0.5,0.5,0.502020202020202,0.48,0.4873699400015189,0.5,0.5486531513721916,4.8,4.8,5.2,5.2
rf,signo_zodiacal_virgo,456,0.5,0.53,0.5359090909090909,0.4800000000000001,0.5041269841269841,0.5319999999999999,0.5917117583998389,4.8,4.2,5.8,5.2
rf,signo_zodiacal_virgo,457,0.5,0.48,0.48,0.4600000000000001,0.46409090909090905,0.504,0.5569857821916646,4.6,5.0,5.0,5.4
rf,signo_zodiacal_virgo,458,0.5,0.51,0.5192424242424243,0.44000000000000006,0.4682205513784461,0.511,0.5607040079803237,4.4,4.2,5.8,5.6
rf,signo_zodiacal_virgo,459,0.5,0.45,0.45606060606060606,0.44000000000000006,0.43263492063492065,0.409,0.5130845322548108,4.4,5.4,4.6,5.6
rf,signo_zodiacal_virgo,460,0.5,0.58,0.621904761904762,0.44000000000000006,0.5101066391468867,0.583,0.668757674729811,4.4,2.8,7.2,5.6
rf,signo_zodiacal_virgo,461,0.5,0.52,0.5077655677655677,0.6,0.542066496163683,0.601,0.6790711298505416,6.0,5.6,4.4,4.0
rf,signo_zodiacal_virgo,462,0.5,0.54,0.553968253968254,0.48,0.5123839009287925,0.5609999999999999,0.6057106575914625,4.8,4.0,6.0,5.2
rf,signo_zodiacal_virgo,463,0.5,0.52,0.5199999999999999,0.4600000000000001,0.4844736842105263,0.514,0.5769802985112583,4.6,4.2,5.8,5.4
rf,signo_zodiacal_virgo,464,0.5,0.48999999999999994,0.46944444444444444,0.42000000000000004,0.4380914407230197,0.497,0.5627253183692812,4.2,4.4,5.6,5.8
rf,signo_zodiacal_virgo,465,0.5,0.5900000000000001,0.6187012987012988,0.45999999999999996,0.5192156862745099,0.588,0.6144112841922439,4.6,2.8,7.2,5.4
rf,signo_zodiacal_virgo,466,0.5,0.45000000000000007,0.4215151515151515,0.44000000000000006,0.4261471861471861,0.44400000000000006,0.5113852362807471,4.4,5.4,4.6,5.6
rf,signo_zodiacal_virgo,467,0.5,0.5599999999999999,0.5616666666666668,0.64,0.5917171717171718,0.521,0.5325166679725504,6.4,5.2,4.8,3.6
rf,signo_zodiacal_virgo,468,0.5,0.6,0.615,0.5,0.5491503267973856,0.569,0.6569315417125015,5.0,3.0,7.0,5.0
rf,signo_zodiacal_virgo,469,0.5,0.49000000000000005,0.477979797979798,0.4,0.42960735171261477,0.493,0.5561236551546148,4.0,4.2,5.8,6.0
rf,signo_zodiacal_virgo,470,0.5,0.56,0.5394155844155845,0.5599999999999999,0.5407843137254902,0.5499999999999999,0.6066743528229596,5.6,4.4,5.6,4.4
rf,signo_zodiacal_virgo,471,0.5,0.45999999999999996,0.46341880341880337,0.54,0.49569794050343247,0.417,0.5147940958250555,5.4,6.2,3.8,4.6
rf,signo_zodiacal_virgo,472,0.5,0.61,0.6106493506493507,0.58,0.5906255835667601,0.646,0.6415272849785234,5.8,3.6,6.4,4.2
rf,signo_zodiacal_virgo,473,0.5,0.43,0.36935897435897436,0.43999999999999995,0.3955636918382914,0.441,0.5491117842425892,4.4,5.8,4.2,5.6
rf,signo_zodiacal_virgo,474,0.5,0.45999999999999996,0.43798701298701304,0.42000000000000004,0.4178104575163399,0.42300000000000004,0.5000229649951012,4.2,5.0,5.0,5.8
rf,signo_zodiacal_virgo,475,0.5,0.43,0.44653846153846155,0.5,0.4637532515793385,0.402,0.4745188249143357,5.0,6.4,3.6,5.0
rf,signo_zodiacal_virgo,476,0.5,0.45999999999999996,0.4572222222222222,0.38,0.4121929824561403,0.47800000000000004,0.5060580699829926,3.8,4.6,5.4,6.2
rf,signo_zodiacal_virgo,477,0.5,0.53,0.5606782106782108,0.56,0.5516344336777773,0.5119999999999999,0.6141001402278492,5.6,5.0,5.0,4.4
rf,signo_zodiacal_virgo,478,0.5,0.51,0.521984126984127,0.5,0.5062573099415204,0.503,0.5957841510914267,5.0,4.8,5.2,5.0
rf,signo_zodiacal_virgo,479,0.5,0.5800000000000001,0.5808857808857809,0.6,0.5798983625070582,0.5720000000000001,0.6057018167590923,6.0,4.4,5.6,4.0
rf,signo_zodiacal_virgo,480,0.5,0.49000000000000005,0.4901515151515151,0.48,0.48345864661654137,0.477,0.5642378661070612,4.8,5.0,5.0,5.2
rf,signo_zodiacal_virgo,481,0.5,0.53,0.5279059829059828,0.5,0.49936065460092927,0.46399999999999986,0.5353689278557698,5.0,4.4,5.6,5.0
rf,signo_zodiacal_virgo,482,0.5,0.5,0.5075036075036075,0.45999999999999996,0.4793011941618753,0.5469999999999999,0.6052102668573256,4.6,4.6,5.4,5.4
rf,signo_zodiacal_virgo,483,0.5,0.53,0.5361111111111111,0.42000000000000004,0.46915204678362576,0.514,0.5709939509235175,4.2,3.6,6.4,5.8
rf,signo_zodiacal_virgo,484,0.5,0.44000000000000006,0.43,0.4,0.4133333333333333,0.382,0.49252606853071246,4.0,5.2,4.8,6.0
rf,signo_zodiacal_virgo,485,0.5,0.55,0.5423809523809524,0.52,0.5267498514557338,0.5660000000000001,0.6133821913380737,5.2,4.2,5.8,4.8
rf,signo_zodiacal_virgo,486,0.5,0.54,0.5585414585414584,0.54,0.5394891553459329,0.611,0.6873607672856898,5.4,4.6,5.4,4.6
rf,signo_zodiacal_virgo,487,0.5,0.42000000000000004,0.4152597402597403,0.36,0.3832866479925304,0.43600000000000005,0.5103257982127951,3.6,5.2,4.8,6.4
rf,signo_zodiacal_virgo,488,0.5,0.55,0.544055944055944,0.6200000000000001,0.5784490871447393,0.515,0.5589974988032262,6.2,5.2,4.8,3.8
rf,signo_zodiacal_virgo,489,0.5,0.54,0.5517954267954268,0.52,0.5291254564373423,0.5489999999999999,0.5822536419548804,5.2,4.4,5.6,4.8
rf,signo_zodiacal_virgo,490,0.5,0.49000000000000005,0.48,0.5199999999999999,0.4981362497151971,0.45099999999999996,0.5273029943912296,5.2,5.4,4.6,4.8
rf,signo_zodiacal_virgo,491,0.5,0.5399999999999999,0.5144444444444444,0.45999999999999996,0.48015037593984966,0.537,0.5716905851286657,4.6,3.8,6.2,5.4
rf,signo_zodiacal_virgo,492,0.5,0.54,0.5088888888888888,0.5,0.4999681020733652,0.5840000000000001,0.6295936094349407,5.0,4.2,5.8,5.0
rf,signo_zodiacal_virgo,493,0.5,0.37,0.36111111111111105,0.34,0.34875066454013826,0.32599999999999996,0.4803727610538756,3.4,6.0,4.0,6.6
rf,signo_zodiacal_virgo,494,0.5,0.54,0.5720862470862471,0.5599999999999999,0.5437073844030366,0.5790000000000001,0.6173683328195713,5.6,4.8,5.2,4.4
rf,signo_zodiacal_virgo,495,0.5,0.52,0.5166666666666667,0.44000000000000006,0.4661616161616161,0.45199999999999996,0.5281965620378932,4.4,4.0,6.0,5.6
rf,signo_zodiacal_virgo,496,0.5,0.48,0.4766666666666667,0.52,0.49282828282828284,0.513,0.5530844310488273,5.2,5.6,4.4,4.8
rf,signo_zodiacal_virgo,497,0.5,0.48999999999999994,0.4757524828113063,0.5200000000000001,0.48547152194211013,0.539,0.5728939918011126,5.2,5.4,4.6,4.8
rf,signo_zodiacal_virgo,498,0.5,0.45999999999999996,0.4681385281385282,0.4,0.42487394957983204,0.44000000000000006,0.4990984418058722,4.0,4.8,5.2,6.0
rf,signo_zodiacal_virgo,499,0.5,0.43,0.4269230769230769,0.42000000000000004,0.42028985507246375,0.4,0.4923945715447264,4.2,5.6,4.4,5.8
rf,signo_zodiacal_virgo,500,0.5,0.42000000000000004,0.39948051948051944,0.4,0.396747304982599,0.397,0.4791796553120083,4.0,5.6,4.4,6.0
rf,signo_zodiacal_ofiuco,1,0.5,0.53,0.5548701298701298,0.42000000000000004,0.4740662931839402,0.526,0.6112726990931325,4.2,3.6,6.4,5.8
rf,signo_zodiacal_ofiuco,2,0.5,0.47000000000000003,0.4765934065934066,0.48,0.4725324587917131,0.38299999999999995,0.4748343539845088,4.8,5.4,4.6,5.2
rf,signo_zodiacal_ofiuco,3,0.5,0.64,0.6347474747474747,0.64,0.6366917293233083,0.649,0.68704691404227,6.4,3.6,6.4,3.6
rf,signo_zodiacal_ofiuco,4,0.5,0.4600000000000001,0.45606060606060606,0.42000000000000004,0.43583959899749375,0.453,0.5495959051268648,4.2,5.0,5.0,5.8
rf,signo_zodiacal_ofiuco,5,0.5,0.43,0.4349494949494949,0.45999999999999996,0.44128989139515457,0.493,0.5487344785417541,4.6,6.0,4.0,5.4
rf,signo_zodiacal_ofiuco,6,0.5,0.5900000000000001,0.5878787878787879,0.58,0.5824561403508771,0.626,0.6558850746776443,5.8,4.0,6.0,4.2
rf,signo_zodiacal_ofiuco,7,0.5,0.4800000000000001,0.48650793650793656,0.48,0.467314187360627,0.44899999999999995,0.5035654155785735,4.8,5.2,4.8,5.2
rf,signo_zodiacal_ofiuco,8,0.5,0.49000000000000005,0.47477124183006525,0.5,0.473859649122807,0.491,0.556042050055208,5.0,5.2,4.8,5.0
rf,signo_zodiacal_ofiuco,9,0.5,0.44000000000000006,0.4401587301587302,0.44000000000000006,0.43585139318885446,0.4,0.49193583317267536,4.4,5.6,4.4,5.6
rf,signo_zodiacal_ofiuco,10,0.5,0.49000000000000005,0.48888888888888893,0.45999999999999996,0.4710792131844763,0.51,0.5899502262443439,4.6,4.8,5.2,5.4
rf,signo_zodiacal_ofiuco,11,0.5,0.42000000000000004,0.3996503496503497,0.4,0.38969822448083313,0.396,0.490436481217441,4.0,5.6,4.4,6.0
rf,signo_zodiacal_ofiuco,12,0.5,0.48,0.45537240537240536,0.4800000000000001,0.4601127712717429,0.434,0.495398192880391,4.8,5.2,4.8,5.2
rf,signo_zodiacal_ofiuco,13,0.5,0.49000000000000005,0.4888888888888888,0.48,0.4832080200501253,0.45499999999999996,0.516104620267933,4.8,5.0,5.0,5.2
rf,signo_zodiacal_ofiuco,14,0.5,0.52,0.5313131313131313,0.5,0.5075871496924128,0.577,0.6228167392463059,5.0,4.6,5.4,5.0
rf,signo_zodiacal_ofiuco,15,0.5,0.5,0.5054945054945055,0.42000000000000004,0.44852514919011083,0.49400000000000005,0.5615404487153712,4.2,4.2,5.8,5.8
rf,signo_zodiacal_ofiuco,16,0.5,0.58,0.5726190476190476,0.64,0.598989898989899,0.6359999999999999,0.6792289258728885,6.4,4.8,5.2,3.6
rf,signo_zodiacal_ofiuco,17,0.5,0.54,0.541978021978022,0.5599999999999999,0.5449476865845153,0.631,0.6535852372601598,5.6,4.8,5.2,4.4
rf,signo_zodiacal_ofiuco,18,0.5,0.45,0.4337301587301587,0.4,0.40599415204678363,0.458,0.5389663375839847,4.0,5.0,5.0,6.0
rf,signo_zodiacal_ofiuco,19,0.5,0.39999999999999997,0.4035897435897436,0.45999999999999996,0.4231989459815547,0.42300000000000004,0.49547565463432336,4.6,6.6,3.4,5.4
rf,signo_zodiacal_ofiuco,20,0.5,0.54,0.5468253968253969,0.44000000000000006,0.4869625042999656,0.517,0.5747413764426149,4.4,3.6,6.4,5.6
rf,signo_zodiacal_ofiuco,21,0.5,0.6,0.6118253968253968,0.5199999999999999,0.5602958376332989,0.61,0.643900268462188,5.2,3.2,6.8,4.8
rf,signo_zodiacal_ofiuco,22,0.5,0.57,0.6124242424242424,0.5,0.5290909090909091,0.623,0.679091911958011,5.0,3.6,6.4,5.0
rf,signo_zodiacal_ofiuco,23,0.5,0.43,0.433030303030303,0.42000000000000004,0.4203679653679654,0.36700000000000005,0.44822665260436156,4.2,5.6,4.4,5.8
rf,signo_zodiacal_ofiuco,24,0.5,0.44000000000000006,0.44439393939393945,0.42000000000000004,0.4304594820384294,0.402,0.5261186703733143,4.2,5.4,4.6,5.8
rf,signo_zodiacal_ofiuco,25,0.5,0.41000000000000003,0.3917582417582417,0.42000000000000004,0.39666356661241575,0.437,0.5132476043048799,4.2,6.0,4.0,5.8
rf,signo_zodiacal_ofiuco,26,0.5,0.48,0.473986013986014,0.54,0.503459439111613,0.458,0.508780824180979,5.4,5.8,4.2,4.6
rf,signo_zodiacal_ofiuco,27,0.5,0.55,0.5599999999999999,0.5199999999999999,0.526140350877193,0.563,0.5968775483202728,5.2,4.2,5.8,4.8
rf,signo_zodiacal_ofiuco,28,0.5,0.43,0.45095238095238094,0.36000000000000004,0.3752258721670486,0.413,0.48877351466902547,3.6,5.0,5.0,6.4
rf,signo_zodiacal_ofiuco,29,0.5,0.5700000000000001,0.5575036075036075,0.6,0.5698866149330545,0.579,0.6221490256389637,6.0,4.6,5.4,4.0
rf,signo_zodiacal_ofiuco,30,0.5,0.51,0.5390909090909091,0.4,0.4438888888888889,0.514,0.564690825084788,4.0,3.8,6.2,6.0
rf,signo_zodiacal_ofiuco,31,0.5,0.53,0.5716666666666667,0.54,0.5376666666666667,0.5840000000000001,0.641168563462681,5.4,4.8,5.2,4.6
rf,signo_zodiacal_ofiuco,32,0.5,0.51,0.48353535353535354,0.44000000000000006,0.4544360902255639,0.52,0.5636394808322054,4.4,4.2,5.8,5.6
rf,signo_zodiacal_ofiuco,33,0.5,0.52,0.513458110516934,0.62,0.5538239538239538,0.5369999999999999,0.5755570993334151,6.2,5.8,4.2,3.8
rf,signo_zodiacal_ofiuco,34,0.5,0.51,0.49301587301587296,0.5399999999999999,0.5121052631578947,0.49899999999999994,0.5686863418659084,5.4,5.2,4.8,4.6
rf,signo_zodiacal_ofiuco,35,0.5,0.55,0.5540909090909091,0.48,0.5101027077497666,0.534,0.5857865820969537,4.8,3.8,6.2,5.2
rf,signo_zodiacal_ofiuco,36,0.5,0.52,0.4995670995670995,0.54,0.512354638825227,0.569,0.6403480963480963,5.4,5.0,5.0,4.6
rf,signo_zodiacal_ofiuco,37,0.5,0.48,0.46833333333333327,0.4999999999999999,0.48121212121212115,0.471,0.5033867288542211,5.0,5.4,4.6,5.0
rf,signo_zodiacal_ofiuco,38,0.5,0.49000000000000005,0.469011544011544,0.4600000000000001,0.4605470896492568,0.5549999999999999,0.5626297209842102,4.6,4.8,5.2,5.4
rf,signo_zodiacal_ofiuco,39,0.5,0.44000000000000006,0.4148351648351648,0.44000000000000006,0.42238647071060587,0.495,0.5458334510346894,4.4,5.6,4.4,5.6
rf,signo_zodiacal_ofiuco,40,0.5,0.38,0.3561904761904762,0.26,0.2959803921568628,0.382,0.49456902368357475,2.6,5.0,5.0,7.4
rf,signo_zodiacal_ofiuco,41,0.5,0.41000000000000003,0.3964590964590965,0.33999999999999997,0.3607760877043419,0.409,0.5222006804684824,3.4,5.2,4.8,6.6
rf,signo_zodiacal_ofiuco,42,0.5,0.5900000000000001,0.6422222222222222,0.6199999999999999,0.5944962406015037,0.569,0.601996807286281,6.2,4.4,5.6,3.8
rf,signo_zodiacal_ofiuco,43,0.5,0.5,0.5005050505050506,0.5,0.4976152502468292,0.513,0.5561708101839681,5.0,5.0,5.0,5.0
rf,signo_zodiacal_ofiuco,44,0.5,0.4800000000000001,0.4898051948051948,0.43999999999999995,0.4498412698412698,0.48200000000000004,0.5435084647894245,4.4,4.8,5.2,5.6
rf,signo_zodiacal_ofiuco,45,0.5,0.51,0.5206349206349207,0.48,0.49559192097891785,0.47400000000000003,0.5299642410393184,4.8,4.6,5.4,5.2
rf,signo_zodiacal_ofiuco,46,0.5,0.54,0.5377777777777778,0.5399999999999999,0.5282631578947369,0.5429999999999999,0.5959331383271012,5.4,4.6,5.4,4.6
rf,signo_zodiacal_ofiuco,47,0.5,0.55,0.5725024975024976,0.48,0.506401981082288,0.507,0.5656843995357927,4.8,3.8,6.2,5.2
rf,signo_zodiacal_ofiuco,48,0.5,0.4600000000000001,0.4541691641691642,0.5,0.46614801282831975,0.47400000000000003,0.520963120814514,5.0,5.8,4.2,5.0
rf,signo_zodiacal_ofiuco,49,0.5,0.47000000000000003,0.45476190476190476,0.38,0.4066070925978047,0.502,0.5371721164971939,3.8,4.4,5.6,6.2
rf,signo_zodiacal_ofiuco,50,0.5,0.4600000000000001,0.4489393939393939,0.43999999999999995,0.4431578947368421,0.466,0.5235848971290148,4.4,5.2,4.8,5.6
rf,signo_zodiacal_ofiuco,51,0.5,0.43999999999999995,0.4557808857808858,0.48,0.4646012924273794,0.45599999999999996,0.5420200746965452,4.8,6.0,4.0,5.2
rf,signo_zodiacal_ofiuco,52,0.5,0.5399999999999999,0.5542424242424242,0.45999999999999996,0.49203007518796993,0.496,0.5346817528876352,4.6,3.8,6.2,5.4
rf,signo_zodiacal_ofiuco,53,0.5,0.43000000000000005,0.37643467643467643,0.38000000000000006,0.3679319200116077,0.39799999999999996,0.4909410654704772,3.8,5.2,4.8,6.2
rf,signo_zodiacal_ofiuco,54,0.5,0.47000000000000003,0.4628571428571428,0.45999999999999996,0.4536470588235294,0.479,0.5363907650656876,4.6,5.2,4.8,5.4
rf,signo_zodiacal_ofiuco,55,0.5,0.51,0.5188455988455989,0.54,0.5257644110275689,0.507,0.5738526299981408,5.4,5.2,4.8,4.6
rf,signo_zodiacal_ofiuco,56,0.5,0.54,0.5540836940836942,0.5199999999999999,0.5237241633495504,0.5279999999999999,0.5628851420337488,5.2,4.4,5.6,4.8
rf,signo_zodiacal_ofiuco,57,0.5,0.39999999999999997,0.3688888888888889,0.34,0.3508771929824561,0.42799999999999994,0.5322207602339181,3.4,5.4,4.6,6.6
rf,signo_zodiacal_ofiuco,58,0.5,0.39,0.3466666666666667,0.34,0.3251631701631702,0.37100000000000005,0.47014804596847937,3.4,5.6,4.4,6.6
rf,signo_zodiacal_ofiuco,59,0.5,0.36999999999999994,0.361060606060606,0.33999999999999997,0.3491729323308271,0.32799999999999996,0.43854547576606395,3.4,6.0,4.0,6.6
rf,signo_zodiacal_ofiuco,60,0.5,0.5499999999999999,0.5938383838383838,0.45999999999999996,0.5103425229741019,0.524,0.579440346633071,4.6,3.6,6.4,5.4
rf,signo_zodiacal_ofiuco,61,0.5,0.47000000000000003,0.4415584415584416,0.43999999999999995,0.4322755417956657,0.44699999999999995,0.49395676399623767,4.4,5.0,5.0,5.6
rf,signo_zodiacal_ofiuco,62,0.5,0.54,0.5349567099567099,0.54,0.5314828961887785,0.584,0.6339833467186409,5.4,4.6,5.4,4.6
rf,signo_zodiacal_ofiuco,63,0.5,0.4600000000000001,0.48166666666666663,0.42000000000000004,0.4202051282051282,0.434,0.5037475476020368,4.2,5.0,5.0,5.8
rf,signo_zodiacal_ofiuco,64,0.5,0.49000000000000005,0.4888888888888888,0.48,0.48320802005012525,0.49799999999999994,0.5694285263240371,4.8,5.0,5.0,5.2
rf,signo_zodiacal_ofiuco,65,0.5,0.57,0.5933333333333334,0.5,0.5295238095238094,0.547,0.615230437261397,5.0,3.6,6.4,5.0
rf,signo_zodiacal_ofiuco,66,0.5,0.51,0.5064102564102564,0.5800000000000001,0.5395633352155091,0.49700000000000005,0.5337951399305888,5.8,5.6,4.4,4.2
rf,signo_zodiacal_ofiuco,67,0.5,0.5900000000000001,0.5878210678210679,0.58,0.5791210646938201,0.552,0.5925131551455081,5.8,4.0,6.0,4.2
rf,signo_zodiacal_ofiuco,68,0.5,0.54,0.5341880341880343,0.6200000000000001,0.5674705157542685,0.496,0.5252982182935743,6.2,5.4,4.6,3.8
rf,signo_zodiacal_ofiuco,69,0.5,0.41999999999999993,0.4097125097125097,0.42000000000000004,0.4111292724565036,0.43000000000000005,0.5159240579681756,4.2,5.8,4.2,5.8
rf,signo_zodiacal_ofiuco,70,0.5,0.6100000000000001,0.6200249750249751,0.6000000000000001,0.6021743190029635,0.626,0.6566744915730983,6.0,3.8,6.2,4.0
rf,signo_zodiacal_ofiuco,71,0.5,0.48,0.47575757575757577,0.5,0.48653451811346543,0.453,0.5330361572551975,5.0,5.4,4.6,5.0
rf,signo_zodiacal_ofiuco,72,0.5,0.45999999999999996,0.47503496503496506,0.48,0.46781102955015996,0.44699999999999995,0.5287218826924709,4.8,5.6,4.4,5.2
rf,signo_zodiacal_ofiuco,73,0.5,0.5900000000000001,0.5983333333333334,0.54,0.5565656565656566,0.631,0.6351591884207982,5.4,3.6,6.4,4.6
rf,signo_zodiacal_ofiuco,74,0.5,0.49000000000000005,0.48090909090909095,0.5599999999999999,0.5170562770562771,0.518,0.6131563703754106,5.6,5.8,4.2,4.4
rf,signo_zodiacal_ofiuco,75,0.5,0.49000000000000005,0.4890909090909091,0.4800000000000001,0.4756582633053221,0.497,0.5434004704445881,4.8,5.0,5.0,5.2
rf,signo_zodiacal_ofiuco,76,0.5,0.48,0.4894444444444444,0.54,0.5050409356725146,0.475,0.5780444380181222,5.4,5.8,4.2,4.6
rf,signo_zodiacal_ofiuco,77,0.5,0.45,0.4231746031746032,0.34,0.3738837289301685,0.45199999999999996,0.4855235669043719,3.4,4.4,5.6,6.6
rf,signo_zodiacal_ofiuco,78,0.5,0.51,0.5081746031746032,0.5199999999999999,0.5086549707602339,0.49300000000000005,0.5432062669872268,5.2,5.0,5.0,4.8
rf,signo_zodiacal_ofiuco,79,0.5,0.5800000000000001,0.5827777777777777,0.4800000000000001,0.5151621477937267,0.618,0.656582350226313,4.8,3.2,6.8,5.2
rf,signo_zodiacal_ofiuco,80,0.5,0.55,0.5743589743589743,0.54,0.5453037237362179,0.593,0.6516357973811534,5.4,4.4,5.6,4.6
rf,signo_zodiacal_ofiuco,81,0.5,0.49000000000000005,0.475,0.42000000000000004,0.44000000000000006,0.5229999999999999,0.5956197480709864,4.2,4.4,5.6,5.8
rf,signo_zodiacal_ofiuco,82,0.5,0.53,0.5324675324675325,0.52,0.5206688736100501,0.5630000000000001,0.5796317006007409,5.2,4.6,5.4,4.8
rf,signo_zodiacal_ofiuco,83,0.5,0.54,0.5285714285714287,0.5599999999999999,0.5394736842105263,0.5269999999999999,0.5632047388456057,5.6,4.8,5.2,4.4
rf,signo_zodiacal_ofiuco,84,0.5,0.53,0.5483333333333333,0.4999999999999999,0.49396270396270403,0.517,0.5516487468499852,5.0,4.4,5.6,5.0
rf,signo_zodiacal_ofiuco,85,0.5,0.41000000000000003,0.4092424242424243,0.4,0.4017027417027417,0.43499999999999994,0.5774912326235856,4.0,5.8,4.2,6.0
rf,signo_zodiacal_ofiuco,86,0.5,0.53,0.5451659451659452,0.5,0.5171163202122954,0.5109999999999999,0.6285409066337858,5.0,4.4,5.6,5.0
rf,signo_zodiacal_ofiuco,87,0.5,0.61,0.6228571428571429,0.6,0.6067379679144385,0.567,0.5761155331596508,6.0,3.8,6.2,4.0
rf,signo_zodiacal_ofiuco,88,0.5,0.4800000000000001,0.4925641025641026,0.56,0.5222134387351779,0.51,0.5536963581653984,5.6,6.0,4.0,4.4
rf,signo_zodiacal_ofiuco,89,0.5,0.42000000000000004,0.40897435897435896,0.4,0.40083905415713195,0.41500000000000004,0.4880060115323273,4.0,5.6,4.4,6.0
rf,signo_zodiacal_ofiuco,90,0.5,0.5199999999999999,0.5402020202020201,0.5,0.5122761449077238,0.57,0.5660471238427894,5.0,4.6,5.4,5.0
rf,signo_zodiacal_ofiuco,91,0.5,0.4800000000000001,0.4785897435897436,0.54,0.501623188405797,0.434,0.5171613772364546,5.4,5.8,4.2,4.6
rf,signo_zodiacal_ofiuco,92,0.5,0.63,0.6421139971139971,0.5800000000000001,0.6059305125558996,0.6279999999999999,0.6268344966007504,5.8,3.2,6.8,4.2
rf,signo_zodiacal_ofiuco,93,0.5,0.51,0.49595959595959593,0.48,0.48383458646616545,0.5129999999999999,0.5732821426939074,4.8,4.6,5.4,5.2
rf,signo_zodiacal_ofiuco,94,0.5,0.5700000000000001,0.5901154401154401,0.56,0.5689504509937946,0.5409999999999999,0.6029770203137076,5.6,4.2,5.8,4.4
rf,signo_zodiacal_ofiuco,95,0.5,0.5900000000000001,0.5855194805194806,0.54,0.5463772175536882,0.542,0.5861587948515193,5.4,3.6,6.4,4.6
rf,signo_zodiacal_ofiuco,96,0.5,0.4,0.39126373626373623,0.41999999999999993,0.3987979539641943,0.413,0.5371987185501117,4.2,6.2,3.8,5.8
rf,signo_zodiacal_ofiuco,97,0.5,0.6199999999999999,0.6006993006993007,0.7200000000000001,0.6540184453227932,0.63,0.6425721908810142,7.2,4.8,5.2,2.8
rf,signo_zodiacal_ofiuco,98,0.5,0.43,0.4421356421356421,0.45999999999999996,0.44690893901420214,0.433,0.49669659305263014,4.6,6.0,4.0,5.4
rf,signo_zodiacal_ofiuco,99,0.5,0.52,0.5130952380952382,0.44000000000000006,0.4684491978609627,0.5519999999999999,0.6247862301097594,4.4,4.0,6.0,5.6
rf,signo_zodiacal_ofiuco,100,0.5,0.56,0.5488888888888889,0.5599999999999999,0.5432105263157895,0.5970000000000001,0.6048265586322862,5.6,4.4,5.6,4.4
rf,signo_zodiacal_ofiuco,101,0.5,0.53,0.5251948051948052,0.44000000000000006,0.471577964519141,0.479,0.5640712169667278,4.4,3.8,6.2,5.6
rf,signo_zodiacal_ofiuco,102,0.5,0.62,0.6353632478632478,0.7,0.6548242502475912,0.675,0.6951872088180138,7.0,4.6,5.4,3.0
rf,signo_zodiacal_ofiuco,103,0.5,0.47000000000000003,0.4686868686868687,0.45999999999999996,0.4616389458494721,0.44699999999999995,0.5241617390177762,4.6,5.2,4.8,5.4
rf,signo_zodiacal_ofiuco,104,0.5,0.64,0.649004329004329,0.6599999999999999,0.6473236567354215,0.618,0.6073362456257192,6.6,3.8,6.2,3.4
rf,signo_zodiacal_ofiuco,105,0.5,0.4800000000000001,0.48119658119658126,0.52,0.49764926149365507,0.43200000000000005,0.5173255643565241,5.2,5.6,4.4,4.8
rf,signo_zodiacal_ofiuco,106,0.5,0.43000000000000005,0.4381385281385281,0.5,0.46051031321619557,0.441,0.5217643367124791,5.0,6.4,3.6,5.0
rf,signo_zodiacal_ofiuco,107,0.5,0.5199999999999999,0.5327777777777778,0.44000000000000006,0.47824561403508775,0.516,0.5526383950586736,4.4,4.0,6.0,5.6
rf,signo_zodiacal_ofiuco,108,0.5,0.49000000000000005,0.4805194805194805,0.38,0.4193510737628385,0.484,0.5498996101937278,3.8,4.0,6.0,6.2
rf,signo_zodiacal_ofiuco,109,0.5,0.5199999999999999,0.5265151515151516,0.52,0.5194805194805194,0.5589999999999999,0.5825663102807066,5.2,4.8,5.2,4.8
rf,signo_zodiacal_ofiuco,110,0.5,0.55,0.5390909090909091,0.5599999999999999,0.5378742310321257,0.525,0.5588200308463467,5.6,4.6,5.4,4.4
rf,signo_zodiacal_ofiuco,111,0.5,0.45,0.43896103896103894,0.4600000000000001,0.4466259230965113,0.40099999999999997,0.5054229212479986,4.6,5.6,4.4,5.4
rf,signo_zodiacal_ofiuco,112,0.5,0.4,0.3898701298701298,0.4,0.392340208810797,0.403,0.468807885355099,4.0,6.0,4.0,6.0
rf,signo_zodiacal_ofiuco,113,0.5,0.36000000000000004,0.3657808857808858,0.4,0.3801568479829349,0.38100000000000006,0.4911109462432991,4.0,6.8,3.2,6.0
rf,signo_zodiacal_ofiuco,114,0.5,0.52,0.5279797979797979,0.5399999999999999,0.5284962406015037,0.5529999999999999,0.6362570280596596,5.4,5.0,5.0,4.6
rf,signo_zodiacal_ofiuco,115,0.5,0.5900000000000001,0.5942857142857143,0.58,0.583641456582633,0.5599999999999999,0.5703350523745261,5.8,4.0,6.0,4.2
rf,signo_zodiacal_ofiuco,116,0.5,0.5800000000000001,0.5952380952380952,0.54,0.5579322638146167,0.61,0.6337634561001433,5.4,3.8,6.2,4.6
rf,signo_zodiacal_ofiuco,117,0.5,0.38,0.3734920634920635,0.38,0.37286549707602334,0.34199999999999997,0.4641873600255953,3.8,6.2,3.8,6.2
rf,signo_zodiacal_ofiuco,118,0.5,0.51,0.513888888888889,0.4,0.4453216374269006,0.528,0.5543274021300337,4.0,3.8,6.2,6.0
rf,signo_zodiacal_ofiuco,119,0.5,0.56,0.5233100233100233,0.5399999999999999,0.515862398471094,0.623,0.625751492573474,5.4,4.2,5.8,4.6
rf,signo_zodiacal_ofiuco,120,0.5,0.43000000000000005,0.43939393939393945,0.48,0.45598845598845605,0.418,0.49162521955169014,4.8,6.2,3.8,5.2
rf,signo_zodiacal_ofiuco,121,0.5,0.53,0.5373076923076924,0.54,0.5334387351778657,0.5329999999999999,0.5716485544898857,5.4,4.8,5.2,4.6
rf,signo_zodiacal_ofiuco,122,0.5,0.47000000000000003,0.4605555555555555,0.45999999999999996,0.4581499202551834,0.47400000000000003,0.537731959990474,4.6,5.2,4.8,5.4
rf,signo_zodiacal_ofiuco,123,0.5,0.5599999999999999,0.5918315018315019,0.48,0.5092676121832131,0.618,0.6988662793175177,4.8,3.6,6.4,5.2
rf,signo_zodiacal_ofiuco,124,0.5,0.5,0.5059163059163059,0.48,0.48343776106934,0.48200000000000004,0.5462468638172971,4.8,4.8,5.2,5.2
rf,signo_zodiacal_ofiuco,125,0.5,0.56,0.5756060606060606,0.5599999999999999,0.5529999999999999,0.5569999999999999,0.6094690397321976,5.6,4.4,5.6,4.4
rf,signo_zodiacal_ofiuco,126,0.5,0.5,0.49318181818181817,0.54,0.5134199134199134,0.4600000000000001,0.5214712695285451,5.4,5.4,4.6,4.6
rf,signo_zodiacal_ofiuco,127,0.5,0.51,0.49158730158730163,0.54,0.5075947086968758,0.5660000000000001,0.6128224614223066,5.4,5.2,4.8,4.6
rf,signo_zodiacal_ofiuco,128,0.5,0.5,0.4986013986013987,0.48,0.48145090988340417,0.48500000000000004,0.5827821753409989,4.8,4.8,5.2,5.2
rf,signo_zodiacal_ofiuco,129,0.5,0.52,0.5082972582972582,0.4800000000000001,0.4879980700414137,0.522,0.6005138827460809,4.8,4.4,5.6,5.2
rf,signo_zodiacal_ofiuco,130,0.5,0.54,0.5363636363636364,0.5199999999999999,0.5214158390628978,0.533,0.602844212375172,5.2,4.4,5.6,4.8
rf,signo_zodiacal_ofiuco,131,0.5,0.51,0.5063131313131313,0.52,0.5081453634085212,0.49800000000000005,0.5643027907764748,5.2,5.0,5.0,4.8
rf,signo_zodiacal_ofiuco,132,0.5,0.51,0.5433333333333332,0.42000000000000004,0.4642424242424242,0.519,0.5615274082642503,4.2,4.0,6.0,5.8
rf,signo_zodiacal_ofiuco,133,0.5,0.48999999999999994,0.49857142857142855,0.38,0.42686274509803923,0.48,0.5417963611036367,3.8,4.0,6.0,6.2
rf,signo_zodiacal_ofiuco,134,0.5,0.53,0.5357142857142857,0.42000000000000004,0.4466619981325864,0.5710000000000001,0.6224130210175101,4.2,3.6,6.4,5.8
rf,signo_zodiacal_ofiuco,135,0.5,0.4699999999999999,0.47023809523809523,0.44000000000000006,0.44969040247678016,0.501,0.5847703505644681,4.4,5.0,5.0,5.6
rf,signo_zodiacal_ofiuco,136,0.5,0.5599999999999999,0.5936507936507937,0.48,0.5170536635706915,0.56,0.6244602141924123,4.8,3.6,6.4,5.2
rf,signo_zodiacal_ofiuco,137,0.5,0.55,0.5588888888888889,0.5,0.527017543859649,0.616,0.6955599651466524,5.0,4.0,6.0,5.0
rf,signo_zodiacal_ofiuco,138,0.5,0.39,0.38181818181818183,0.36,0.3638095238095238,0.336,0.4531658187014225,3.6,5.8,4.2,6.4
rf,signo_zodiacal_ofiuco,139,0.5,0.55,0.5611721611721612,0.54,0.5360344595504106,0.549,0.6223729973157217,5.4,4.4,5.6,4.6
rf,signo_zodiacal_ofiuco,140,0.5,0.41999999999999993,0.39696969696969703,0.38,0.38590225563909775,0.406,0.4859044501250384,3.8,5.4,4.6,6.2
rf,signo_zodiacal_ofiuco,141,0.5,0.5700000000000001,0.5873015873015873,0.5599999999999999,0.5658926728586172,0.5279999999999999,0.6191841214341214,5.6,4.2,5.8,4.4
rf,signo_zodiacal_ofiuco,142,0.5,0.45999999999999996,0.4492424242424242,0.41999999999999993,0.429129642287537,0.514,0.5594021544331141,4.2,5.0,5.0,5.8
rf,signo_zodiacal_ofiuco,143,0.5,0.44000000000000006,0.43479797979797985,0.42000000000000004,0.4261152882205514,0.43099999999999994,0.552599743393861,4.2,5.4,4.6,5.8
rf,signo_zodiacal_ofiuco,144,0.5,0.5700000000000001,0.5838827838827838,0.54,0.5545908676208852,0.576,0.579127795579034,5.4,4.0,6.0,4.6
rf,signo_zodiacal_ofiuco,145,0.5,0.45,0.4333333333333333,0.5,0.456969696969697,0.445,0.5712102266498551,5.0,6.0,4.0,5.0
rf,signo_zodiacal_ofiuco,146,0.5,0.55,0.5458823529411765,0.6,0.5622222222222222,0.508,0.5900637664708872,6.0,5.0,5.0,4.0
rf,signo_zodiacal_ofiuco,147,0.5,0.6,0.6304761904761905,0.5,0.5517647058823529,0.634,0.6767569821819048,5.0,3.0,7.0,5.0
rf,signo_zodiacal_ofiuco,148,0.5,0.44000000000000006,0.4512265512265513,0.52,0.47944862155388474,0.398,0.49293638061285117,5.2,6.4,3.6,4.8
rf,signo_zodiacal_ofiuco,149,0.5,0.52,0.5143589743589743,0.6399999999999999,0.5682845849802372,0.52,0.567809595203558,6.4,6.0,4.0,3.6
rf,signo_zodiacal_ofiuco,150,0.5,0.5900000000000001,0.6083333333333334,0.5599999999999999,0.5804359383306752,0.588,0.6721396001659159,5.6,3.8,6.2,4.4
rf,signo_zodiacal_ofiuco,151,0.5,0.61,0.6348051948051948,0.6199999999999999,0.6126567550096962,0.635,0.6700927558853256,6.2,4.0,6.0,3.8
rf,signo_zodiacal_ofiuco,152,0.5,0.54,0.5547125097125096,0.5,0.5133514946787259,0.5720000000000001,0.6484681342049763,5.0,4.2,5.8,5.0
rf,signo_zodiacal_ofiuco,153,0.5,0.49000000000000005,0.48484848484848475,0.48,0.48120300751879697,0.514,0.5723196988769743,4.8,5.0,5.0,5.2
rf,signo_zodiacal_ofiuco,154,0.5,0.53,0.5181818181818182,0.52,0.5139781271360218,0.563,0.5657991720182123,5.2,4.6,5.4,4.8
rf,signo_zodiacal_ofiuco,155,0.5,0.43,0.4289238539238539,0.44000000000000006,0.43141549525988887,0.45,0.5347251086546752,4.4,5.8,4.2,5.6
rf,signo_zodiacal_ofiuco,156,0.5,0.5,0.49662337662337663,0.43999999999999995,0.4636041083099907,0.514,0.5642203341893745,4.4,4.4,5.6,5.6
rf,signo_zodiacal_ofiuco,157,0.5,0.51,0.509090909090909,0.42000000000000004,0.4507769423558898,0.531,0.5428057840851958,4.2,4.0,6.0,5.8
rf,signo_zodiacal_ofiuco,158,0.5,0.51,0.5235353535353535,0.48,0.4904579630895419,0.5269999999999999,0.5995540568822303,4.8,4.6,5.4,5.2
rf,signo_zodiacal_ofiuco,159,0.5,0.45,0.4404761904761904,0.44000000000000006,0.4359477124183006,0.461,0.49324448796817216,4.4,5.4,4.6,5.6
rf,signo_zodiacal_ofiuco,160,0.5,0.51,0.5042735042735043,0.5,0.4923946695382959,0.491,0.5297291217554376,5.0,4.8,5.2,5.0
rf,signo_zodiacal_ofiuco,161,0.5,0.45999999999999996,0.42435897435897435,0.44000000000000006,0.4245674132630654,0.4960000000000001,0.5554557674867272,4.4,5.2,4.8,5.6
rf,signo_zodiacal_ofiuco,162,0.5,0.41000000000000003,0.4075324675324675,0.4,0.4010644257703081,0.386,0.4798886026254447,4.0,5.8,4.2,6.0
rf,signo_zodiacal_ofiuco,163,0.5,0.43,0.4137240537240537,0.38,0.38800848027998386,0.4050000000000001,0.4894538892480069,3.8,5.2,4.8,6.2
rf,signo_zodiacal_ofiuco,164,0.5,0.5399999999999999,0.5453968253968254,0.45999999999999996,0.49715858273133823,0.517,0.620023688300004,4.6,3.8,6.2,5.4
rf,signo_zodiacal_ofiuco,165,0.5,0.41,0.388974358974359,0.33999999999999997,0.353792270531401,0.42300000000000004,0.5245429125398166,3.4,5.2,4.8,6.6
rf,signo_zodiacal_ofiuco,166,0.5,0.53,0.5494949494949495,0.42000000000000004,0.4568600989653621,0.5109999999999999,0.5660799190489592,4.2,3.6,6.4,5.8
rf,signo_zodiacal_ofiuco,167,0.5,0.51,0.5256410256410257,0.56,0.5305383022774327,0.541,0.5860117001161893,5.6,5.4,4.6,4.4
rf,signo_zodiacal_ofiuco,168,0.5,0.52,0.5166666666666666,0.52,0.5167464114832536,0.5039999999999999,0.5784443997694771,5.2,4.8,5.2,4.8
rf,signo_zodiacal_ofiuco,169,0.5,0.53,0.5609523809523809,0.45999999999999996,0.4970974450386215,0.47700000000000004,0.6061081259641632,4.6,4.0,6.0,5.4
rf,signo_zodiacal_ofiuco,170,0.5,0.5199999999999999,0.5213636363636364,0.5599999999999999,0.5353968253968253,0.542,0.5553598798861956,5.6,5.2,4.8,4.4
rf,signo_zodiacal_ofiuco,171,0.5,0.54,0.5442424242424243,0.52,0.5310275689223057,0.5509999999999999,0.6020472566649037,5.2,4.4,5.6,4.8
rf,signo_zodiacal_ofiuco,172,0.5,0.51,0.5393473193473193,0.48,0.49033314511575377,0.534,0.6273005968919281,4.8,4.6,5.4,5.2
rf,signo_zodiacal_ofiuco,173,0.5,0.5,0.49340659340659343,0.44000000000000006,0.45680104993942655,0.48200000000000004,0.5594725773022986,4.4,4.4,5.6,5.6
rf,signo_zodiacal_ofiuco,174,0.5,0.49000000000000005,0.4875757575757576,0.48,0.4802886002886003,0.572,0.6350195339576145,4.8,5.0,5.0,5.2
rf,signo_zodiacal_ofiuco,175,0.5,0.5000000000000001,0.5135642135642136,0.5,0.5014246847064185,0.5189999999999999,0.5696680435147927,5.0,5.0,5.0,5.0
rf,signo_zodiacal_ofiuco,176,0.5,0.5,0.5171428571428571,0.44000000000000006,0.4607961972667855,0.516,0.5838394993379513,4.4,4.4,5.6,5.6
rf,signo_zodiacal_ofiuco,177,0.5,0.5,0.4907575757575757,0.62,0.5411202131202131,0.5370000000000001,0.5773767300810644,6.2,6.2,3.8,3.8
rf,signo_zodiacal_ofiuco,178,0.5,0.4800000000000001,0.44988344988344986,0.48,0.4554300771692076,0.46099999999999997,0.5118820536188957,4.8,5.2,4.8,5.2
rf,signo_zodiacal_ofiuco,179,0.5,0.4800000000000001,0.4681385281385282,0.34,0.37307907778496013,0.47300000000000003,0.547717254967255,3.4,3.8,6.2,6.6
rf,signo_zodiacal_ofiuco,180,0.5,0.5,0.4909090909090909,0.43999999999999995,0.45266233766233765,0.532,0.5917944545134948,4.4,4.4,5.6,5.6
rf,signo_zodiacal_ofiuco,181,0.5,0.5,0.4923809523809524,0.36000000000000004,0.3942000620638392,0.524,0.5846532176973354,3.6,3.6,6.4,6.4
rf,signo_zodiacal_ofiuco,182,0.5,0.5,0.4775335775335775,0.5199999999999999,0.48969578678153186,0.473,0.5585155498096676,5.2,5.2,4.8,4.8
rf,signo_zodiacal_ofiuco,183,0.5,0.47000000000000003,0.47102564102564104,0.52,0.49264822134387354,0.487,0.5591094383772403,5.2,5.8,4.2,4.8
rf,signo_zodiacal_ofiuco,184,0.5,0.45999999999999996,0.4601587301587302,0.42000000000000004,0.4356493729868343,0.5029999999999999,0.5688693871487989,4.2,5.0,5.0,5.8
rf,signo_zodiacal_ofiuco,185,0.5,0.57,0.5844155844155845,0.52,0.5430778371954842,0.5870000000000001,0.6081044484411358,5.2,3.8,6.2,4.8
rf,signo_zodiacal_ofiuco,186,0.5,0.48999999999999994,0.505970695970696,0.5199999999999999,0.5028780903665815,0.49800000000000005,0.5622902632283437,5.2,5.4,4.6,4.8
rf,signo_zodiacal_ofiuco,187,0.5,0.52,0.5351648351648353,0.52,0.5136615515771527,0.547,0.606095625994233,5.2,4.8,5.2,4.8
rf,signo_zodiacal_ofiuco,188,0.5,0.5599999999999999,0.5576190476190476,0.6199999999999999,0.5842424242424242,0.5509999999999999,0.5582072361762763,6.2,5.0,5.0,3.8
rf,signo_zodiacal_ofiuco,189,0.5,0.5,0.5131385281385281,0.5399999999999999,0.5123968253968254,0.5369999999999999,0.5676224504769396,5.4,5.4,4.6,4.6
rf,signo_zodiacal_ofiuco,190,0.5,0.41,0.3244444444444444,0.32,0.3221052631578948,0.309,0.4443857927418299,3.2,5.0,5.0,6.8
rf,signo_zodiacal_ofiuco,191,0.5,0.45999999999999996,0.4632478632478632,0.5,0.47867692947784485,0.43699999999999994,0.5311009823509825,5.0,5.8,4.2,5.0
rf,signo_zodiacal_ofiuco,192,0.5,0.49000000000000005,0.4611111111111111,0.36,0.3889572415888205,0.457,0.5464383671883672,3.6,3.8,6.2,6.4
rf,signo_zodiacal_ofiuco,193,0.5,0.55,0.5642857142857143,0.5599999999999999,0.5496732026143791,0.538,0.5812295831103882,5.6,4.6,5.4,4.4
rf,signo_zodiacal_ofiuco,194,0.5,0.45,0.46601398601398597,0.43999999999999995,0.44124223602484475,0.5109999999999999,0.5530168046607675,4.4,5.4,4.6,5.6
rf,signo_zodiacal_ofiuco,195,0.5,0.5,0.504047619047619,0.44000000000000006,0.46801513587891297,0.471,0.558960376654649,4.4,4.4,5.6,5.6
rf,signo_zodiacal_ofiuco,196,0.5,0.37,0.36025641025641025,0.36,0.3541282389108476,0.313,0.4414508039260362,3.6,6.2,3.8,6.4
rf,signo_zodiacal_ofiuco,197,0.5,0.5900000000000001,0.5948917748917749,0.5999999999999999,0.5904334365325078,0.633,0.6515340645766342,6.0,4.2,5.8,4.0
rf,signo_zodiacal_ofiuco,198,0.5,0.49000000000000005,0.5071428571428571,0.38,0.417296918767507,0.511,0.5545819093187514,3.8,4.0,6.0,6.2
rf,signo_zodiacal_ofiuco,199,0.5,0.55,0.5666666666666667,0.43999999999999995,0.49298245614035086,0.5389999999999999,0.6097524526557034,4.4,3.4,6.6,5.6
rf,signo_zodiacal_ofiuco,200,0.5,0.4,0.3913636363636364,0.36,0.36761904761904757,0.389,0.4610535859049791,3.6,5.6,4.4,6.4
rf,signo_zodiacal_ofiuco,201,0.5,0.51,0.5074747474747474,0.5199999999999999,0.5128822055137845,0.538,0.5836401176223157,5.2,5.0,5.0,4.8
rf,signo_zodiacal_ofiuco,202,0.5,0.52,0.5119658119658119,0.5,0.49632075907819606,0.5010000000000001,0.5460372754180803,5.0,4.6,5.4,5.0
rf,signo_zodiacal_ofiuco,203,0.5,0.5599999999999999,0.5482633053221287,0.6599999999999999,0.5855100853738625,0.562,0.5792500599675522,6.6,5.4,4.6,3.4
rf,signo_zodiacal_ofiuco,204,0.5,0.51,0.49150432900432894,0.54,0.5021488315605963,0.46799999999999997,0.5653536273667853,5.4,5.2,4.8,4.6
rf,signo_zodiacal_ofiuco,205,0.5,0.51,0.5186013986013986,0.48,0.4864509098834041,0.483,0.5553910260705927,4.8,4.6,5.4,5.2
rf,signo_zodiacal_ofiuco,206,0.5,0.53,0.5393217893217894,0.4999999999999999,0.5132572965390303,0.5039999999999999,0.5704895572263993,5.0,4.4,5.6,5.0
rf,signo_zodiacal_ofiuco,207,0.5,0.5200000000000001,0.5116666666666667,0.4999999999999999,0.5034130781499202,0.4699999999999999,0.5228393534570005,5.0,4.6,5.4,5.0
rf,signo_zodiacal_ofiuco,208,0.5,0.4700000000000001,0.39877455877455875,0.48,0.4301312872975277,0.45199999999999996,0.5203825439266616,4.8,5.4,4.6,5.2
rf,signo_zodiacal_ofiuco,209,0.5,0.45999999999999996,0.4528271728271728,0.43999999999999995,0.4398100109609061,0.4630000000000001,0.5537732202438084,4.4,5.2,4.8,5.6
rf,signo_zodiacal_ofiuco,210,0.5,0.47000000000000003,0.4083333333333333,0.42000000000000004,0.41154401154401155,0.3969999999999999,0.4658372746964078,4.2,4.8,5.2,5.8
rf,signo_zodiacal_ofiuco,211,0.5,0.52,0.5236013986013985,0.52,0.5169772256728778,0.537,0.5830094972107356,5.2,4.8,5.2,4.8
rf,signo_zodiacal_ofiuco,212,0.5,0.42000000000000004,0.3932900432900433,0.32,0.3491596638655462,0.37300000000000005,0.4473883508132734,3.2,4.8,5.2,6.8
rf,signo_zodiacal_ofiuco,213,0.5,0.44000000000000006,0.4579365079365079,0.43999999999999995,0.4414594865059261,0.42899999999999994,0.503085117668709,4.4,5.6,4.4,5.6
rf,signo_zodiacal_ofiuco,214,0.5,0.53,0.5367532467532468,0.45999999999999996,0.47781512605042015,0.565,0.6522382888868956,4.6,4.0,6.0,5.4
rf,signo_zodiacal_ofiuco,215,0.5,0.42000000000000004,0.4237529137529138,0.4800000000000001,0.4488386975343497,0.42699999999999994,0.4909315412829344,4.8,6.4,3.6,5.2
rf,signo_zodiacal_ofiuco,216,0.5,0.55,0.55011655011655,0.58,0.560320432173979,0.5189999999999999,0.5616435606876784,5.8,4.8,5.2,4.2
rf,signo_zodiacal_ofiuco,217,0.5,0.45,0.4159090909090909,0.38,0.3891774891774892,0.44799999999999995,0.5379289413716658,3.8,4.8,5.2,6.2
rf,signo_zodiacal_ofiuco,218,0.5,0.5599999999999999,0.5733333333333334,0.47999999999999987,0.5104066985645933,0.5309999999999999,0.6217052300125057,4.8,3.6,6.4,5.2
rf,signo_zodiacal_ofiuco,219,0.5,0.5800000000000001,0.6092857142857142,0.48,0.5276530005941771,0.55,0.6313922390818676,4.8,3.2,6.8,5.2
rf,signo_zodiacal_ofiuco,220,0.5,0.5599999999999999,0.555011655011655,0.6399999999999999,0.5915143590200799,0.62,0.6814754128740196,6.4,5.2,4.8,3.6
rf,signo_zodiacal_ofiuco,221,0.5,0.5700000000000001,0.5900000000000001,0.48,0.5135885167464115,0.5519999999999999,0.6427455979692821,4.8,3.4,6.6,5.2
rf,signo_zodiacal_ofiuco,222,0.5,0.53,0.5186013986013986,0.54,0.5109772256728778,0.532,0.5768807642306095,5.4,4.8,5.2,4.6
rf,signo_zodiacal_ofiuco,223,0.5,0.49000000000000005,0.5060139860139861,0.42000000000000004,0.4459481183777859,0.40800000000000003,0.4860492697876599,4.2,4.4,5.6,5.8
rf,signo_zodiacal_ofiuco,224,0.5,0.4800000000000001,0.4936507936507937,0.48,0.48274853801169587,0.45099999999999996,0.507125338284007,4.8,5.2,4.8,5.2
rf,signo_zodiacal_ofiuco,225,0.5,0.6799999999999999,0.7117965367965369,0.6199999999999999,0.6591675266597867,0.7120000000000001,0.7613402871638165,6.2,2.6,7.4,3.8
rf,signo_zodiacal_ofiuco,226,0.5,0.51,0.5173076923076924,0.56,0.5340736558127862,0.5449999999999999,0.5896079357518985,5.6,5.4,4.6,4.4
rf,signo_zodiacal_ofiuco,227,0.5,0.68,0.6881746031746031,0.64,0.6580517246771117,0.7510000000000001,0.8041646088689431,6.4,2.8,7.2,3.6
rf,signo_zodiacal_ofiuco,228,0.5,0.55,0.5487878787878787,0.5,0.5168253968253967,0.587,0.6621356431666029,5.0,4.0,6.0,5.0
rf,signo_zodiacal_ofiuco,229,0.5,0.5900000000000001,0.5868686868686869,0.62,0.6004101161995898,0.627,0.6880901571768445,6.2,4.4,5.6,3.8
rf,signo_zodiacal_ofiuco,230,0.5,0.53,0.5290909090909091,0.5,0.5080825057295646,0.591,0.6368964244389941,5.0,4.4,5.6,5.0
rf,signo_zodiacal_ofiuco,231,0.5,0.37999999999999995,0.3445238095238095,0.26,0.2943137254901961,0.362,0.4417088385470739,2.6,5.0,5.0,7.4
rf,signo_zodiacal_ofiuco,232,0.5,0.48,0.4914646464646465,0.5599999999999999,0.5145597326649958,0.49000000000000005,0.5428967154276751,5.6,6.0,4.0,4.4
rf,signo_zodiacal_ofiuco,233,0.5,0.53,0.5240909090909092,0.54,0.5300432900432901,0.5279999999999999,0.5544363122257858,5.4,4.8,5.2,4.6
rf,signo_zodiacal_ofiuco,234,0.5,0.44000000000000006,0.4333333333333333,0.42000000000000004,0.41717171717171714,0.5229999999999999,0.571925747626986,4.2,5.4,4.6,5.8
rf,signo_zodiacal_ofiuco,235,0.5,0.44000000000000006,0.44333333333333325,0.45999999999999996,0.4493217893217893,0.41,0.49138851327551014,4.6,5.8,4.2,5.4
rf,signo_zodiacal_ofiuco,236,0.5,0.44000000000000006,0.44646464646464645,0.38,0.4026065162907268,0.40099999999999997,0.49484895642712984,3.8,5.0,5.0,6.2
rf,signo_zodiacal_ofiuco,237,0.5,0.5199999999999999,0.5269480519480519,0.52,0.5152661064425772,0.5449999999999999,0.5587489732489732,5.2,4.8,5.2,4.8
rf,signo_zodiacal_ofiuco,238,0.5,0.55,0.568009768009768,0.48,0.5118320096917486,0.553,0.6083032779913584,4.8,3.8,6.2,5.2
rf,signo_zodiacal_ofiuco,239,0.5,0.49000000000000005,0.4763791763791764,0.5,0.48133129265852376,0.48199999999999993,0.5433813861577019,5.0,5.2,4.8,5.0
rf,signo_zodiacal_ofiuco,240,0.5,0.39,0.3969696969696969,0.4800000000000001,0.4303906619696094,0.383,0.495589466519033,4.8,7.0,3.0,5.2
rf,signo_zodiacal_ofiuco,241,0.5,0.51,0.5233766233766234,0.42000000000000004,0.4604501449702688,0.5109999999999999,0.5485385813017392,4.2,4.0,6.0,5.8
rf,signo_zodiacal_ofiuco,242,0.5,0.4600000000000001,0.4603174603174603,0.45999999999999996,0.4547987616099071,0.47700000000000004,0.5504024678451923,4.6,5.4,4.6,5.4
rf,signo_zodiacal_ofiuco,243,0.5,0.4,0.4192657342657343,0.4,0.40575569358178054,0.366,0.46445600804424336,4.0,6.0,4.0,6.0
rf,signo_zodiacal_ofiuco,244,0.5,0.49000000000000005,0.4974170274170274,0.48,0.4844753595217992,0.521,0.6066774428701673,4.8,5.0,5.0,5.2
rf,signo_zodiacal_ofiuco,245,0.5,0.6399999999999999,0.6593939393939394,0.6,0.6196031746031745,0.65,0.7237908835230816,6.0,3.2,6.8,4.0
rf,signo_zodiacal_ofiuco,246,0.5,0.44000000000000006,0.4146464646464646,0.36,0.3818295739348371,0.43899999999999995,0.5330991400240626,3.6,4.8,5.2,6.4
rf,signo_zodiacal_ofiuco,247,0.5,0.58,0.6056060606060606,0.4800000000000001,0.5244444444444444,0.61,0.6426428483796904,4.8,3.2,6.8,5.2
rf,signo_zodiacal_ofiuco,248,0.5,0.49000000000000005,0.48888888888888893,0.42000000000000004,0.44809941520467833,0.5149999999999999,0.5395929321796195,4.2,4.4,5.6,5.8
rf,signo_zodiacal_ofiuco,249,0.5,0.49000000000000005,0.49111111111111116,0.4999999999999999,0.4923338649654439,0.529,0.6032291680627594,5.0,5.2,4.8,5.0
rf,signo_zodiacal_ofiuco,250,0.5,0.51,0.5111111111111112,0.5,0.5036758563074352,0.47800000000000004,0.5836322678869117,5.0,4.8,5.2,5.0
rf,signo_zodiacal_ofiuco,251,0.5,0.38,0.3658974358974359,0.38,0.3657487922705315,0.311,0.43266450809252666,3.8,6.2,3.8,6.2
rf,signo_zodiacal_ofiuco,252,0.5,0.5,0.5003030303030302,0.52,0.5075901875901876,0.5399999999999999,0.6235881438822616,5.2,5.2,4.8,4.8
rf,signo_zodiacal_ofiuco,253,0.5,0.4600000000000001,0.4873701298701299,0.44000000000000006,0.43665589312648134,0.4710000000000001,0.5467344957244338,4.4,5.2,4.8,5.6
rf,signo_zodiacal_ofiuco,254,0.5,0.43,0.43030303030303035,0.45999999999999996,0.44367737525632267,0.42800000000000005,0.547049061189928,4.6,6.0,4.0,5.4
rf,signo_zodiacal_ofiuco,255,0.5,0.55,0.5553968253968253,0.52,0.5329693216999718,0.5429999999999999,0.5851656954156954,5.2,4.2,5.8,4.8
rf,signo_zodiacal_ofiuco,256,0.5,0.45,0.45499999999999996,0.45999999999999996,0.45426900584795316,0.409,0.5369078992902522,4.6,5.6,4.4,5.4
rf,signo_zodiacal_ofiuco,257,0.5,0.51,0.5072222222222222,0.54,0.5164657097288676,0.51,0.5866908206172912,5.4,5.2,4.8,4.6
rf,signo_zodiacal_ofiuco,258,0.5,0.48,0.47480519480519473,0.45999999999999996,0.46487394957983186,0.469,0.5799851923102697,4.6,5.0,5.0,5.4
rf,signo_zodiacal_ofiuco,259,0.5,0.55,0.5851648351648351,0.5,0.5108060737216749,0.502,0.5604294394116376,5.0,4.0,6.0,5.0
rf,signo_zodiacal_ofiuco,260,0.5,0.63,0.6375541125541125,0.62,0.6218317630082335,0.6300000000000001,0.6637876900361421,6.2,3.6,6.4,3.8
rf,signo_zodiacal_ofiuco,261,0.5,0.45,0.45008547008547006,0.45999999999999996,0.45276887871853544,0.4790000000000001,0.5609561631179278,4.6,5.6,4.4,5.4
rf,signo_zodiacal_ofiuco,262,0.5,0.52,0.5228632478632479,0.5399999999999999,0.5274738228971638,0.49800000000000005,0.5374844501903325,5.4,5.0,5.0,4.6
rf,signo_zodiacal_ofiuco,263,0.5,0.39999999999999997,0.3920940170940171,0.34,0.3593312992626494,0.38899999999999996,0.47936593085277296,3.4,5.4,4.6,6.6
rf,signo_zodiacal_ofiuco,264,0.5,0.4800000000000001,0.48151515151515156,0.52,0.49948051948051947,0.477,0.5578094491507805,5.2,5.6,4.4,4.8
rf,signo_zodiacal_ofiuco,265,0.5,0.42000000000000004,0.4114574314574314,0.36,0.3748376288314369,0.33199999999999996,0.45119152459167944,3.6,5.2,4.8,6.4
rf,signo_zodiacal_ofiuco,266,0.5,0.52,0.511965811965812,0.5599999999999999,0.5294813119755911,0.517,0.5619766438411948,5.6,5.2,4.8,4.4
rf,signo_zodiacal_ofiuco,267,0.5,0.53,0.528968253968254,0.48,0.4934984520123839,0.537,0.6041546976415397,4.8,4.2,5.8,5.2
rf,signo_zodiacal_ofiuco,268,0.5,0.4800000000000001,0.4858741258741259,0.58,0.5263105590062112,0.421,0.4835407072287877,5.8,6.2,3.8,4.2
rf,signo_zodiacal_ofiuco,269,0.5,0.49000000000000005,0.4862937062937062,0.5599999999999999,0.5187163561076604,0.518,0.6068465233596811,5.6,5.8,4.2,4.4
rf,signo_zodiacal_ofiuco,270,0.5,0.49000000000000005,0.47393939393939394,0.4,0.42760233918128654,0.457,0.5200065404152092,4.0,4.2,5.8,6.0
rf,signo_zodiacal_ofiuco,271,0.5,0.45999999999999996,0.4734065934065934,0.5199999999999999,0.48828101991784856,0.485,0.5587449784477647,5.2,6.0,4.0,4.8
rf,signo_zodiacal_ofiuco,272,0.5,0.42000000000000004,0.4235897435897435,0.45999999999999996,0.43566997203152813,0.418,0.5408537773715791,4.6,6.2,3.8,5.4
rf,signo_zodiacal_ofiuco,273,0.5,0.42000000000000004,0.3880341880341881,0.38,0.3737948296300698,0.506,0.5900175096661165,3.8,5.4,4.6,6.2
rf,signo_zodiacal_ofiuco,274,0.5,0.47000000000000003,0.4626262626262626,0.45999999999999996,0.4595655806182122,0.475,0.5353445335194562,4.6,5.2,4.8,5.4
rf,signo_zodiacal_ofiuco,275,0.5,0.42000000000000004,0.4065953654188948,0.44000000000000006,0.41341548315232524,0.37100000000000005,0.47676481181357333,4.4,6.0,4.0,5.6
rf,signo_zodiacal_ofiuco,276,0.5,0.45,0.44333333333333336,0.48,0.4595215311004785,0.5,0.607168823608452,4.8,5.8,4.2,5.2
rf,signo_zodiacal_ofiuco,277,0.5,0.61,0.6097402597402597,0.64,0.617027417027417,0.514,0.5207158751980734,6.4,4.2,5.8,3.6
rf,signo_zodiacal_ofiuco,278,0.5,0.57,0.5540584415584415,0.5599999999999999,0.5392458521870287,0.571,0.6057432442858139,5.6,4.2,5.8,4.4
rf,signo_zodiacal_ofiuco,279,0.5,0.5900000000000001,0.6109090909090908,0.5199999999999999,0.5470084301663249,0.61,0.6407763686262138,5.2,3.4,6.6,4.8
rf,signo_zodiacal_ofiuco,280,0.5,0.5,0.5083333333333333,0.45999999999999996,0.47581699346405226,0.48299999999999993,0.5212981832409077,4.6,4.6,5.4,5.4
rf,signo_zodiacal_ofiuco,281,0.5,0.5200000000000001,0.5329920079920079,0.54,0.528210124629562,0.569,0.6440065094004722,5.4,5.0,5.0,4.6
rf,signo_zodiacal_ofiuco,282,0.5,0.41,0.391990231990232,0.4,0.3931403957463992,0.4640000000000001,0.5686648825031178,4.0,5.8,4.2,6.0
rf,signo_zodiacal_ofiuco,283,0.5,0.52,0.5277020202020202,0.5800000000000001,0.5472411798727588,0.605,0.6517742030930884,5.8,5.4,4.6,4.2
rf,signo_zodiacal_ofiuco,284,0.5,0.54,0.5374542124542124,0.52,0.5132423984086388,0.6329999999999999,0.6576478659799093,5.2,4.4,5.6,4.8
rf,signo_zodiacal_ofiuco,285,0.5,0.55,0.5716666666666665,0.58,0.5688335991493886,0.547,0.6124353712163308,5.8,4.8,5.2,4.2
rf,signo_zodiacal_ofiuco,286,0.5,0.49000000000000005,0.4859163059163059,0.48,0.47922801656547787,0.4789999999999999,0.5765498396512327,4.8,5.0,5.0,5.2
rf,signo_zodiacal_ofiuco,287,0.5,0.5399999999999999,0.5763888888888888,0.5,0.5054880791722897,0.5509999999999999,0.6315822156000175,5.0,4.2,5.8,5.0
rf,signo_zodiacal_ofiuco,288,0.5,0.48999999999999994,0.49111111111111105,0.4,0.43885792913656696,0.399,0.4914213966288269,4.0,4.2,5.8,6.0
rf,signo_zodiacal_ofiuco,289,0.5,0.41,0.39517704517704516,0.38,0.38018759407236996,0.345,0.472093745951331,3.8,5.6,4.4,6.2
rf,signo_zodiacal_ofiuco,290,0.5,0.5399999999999999,0.5462337662337662,0.5599999999999999,0.545266106442577,0.5599999999999999,0.6063916181857358,5.6,4.8,5.2,4.4
rf,signo_zodiacal_ofiuco,291,0.5,0.53,0.5526190476190476,0.43999999999999995,0.4852287581699347,0.541,0.6212477763035038,4.4,3.8,6.2,5.6
rf,signo_zodiacal_ofiuco,292,0.5,0.45,0.44313131313131315,0.38,0.398691045796309,0.43100000000000005,0.5233455464384258,3.8,4.8,5.2,6.2
rf,signo_zodiacal_ofiuco,293,0.5,0.53,0.5526923076923077,0.45999999999999996,0.48300897170462387,0.5429999999999999,0.6212893621686191,4.6,4.0,6.0,5.4
rf,signo_zodiacal_ofiuco,294,0.5,0.56,0.5767521367521368,0.5599999999999999,0.5351494455201549,0.643,0.6832563172121995,5.6,4.4,5.6,4.4
rf,signo_zodiacal_ofiuco,295,0.5,0.55,0.5555555555555556,0.4600000000000001,0.4953482190324296,0.5660000000000001,0.6210354135029057,4.6,3.6,6.4,5.4
rf,signo_zodiacal_ofiuco,296,0.5,0.49000000000000005,0.4909090909090909,0.43999999999999995,0.4619047619047619,0.523,0.5893724417137729,4.4,4.6,5.4,5.6
rf,signo_zodiacal_ofiuco,297,0.5,0.39,0.3949028749028749,0.42000000000000004,0.4054527623406342,0.328,0.4681653942892333,4.2,6.4,3.6,5.8
rf,signo_zodiacal_ofiuco,298,0.5,0.48,0.4613553113553114,0.45999999999999996,0.45220878865380143,0.483,0.5228068495831654,4.6,5.0,5.0,5.4
rf,signo_zodiacal_ofiuco,299,0.5,0.5599999999999999,0.5516483516483517,0.5800000000000001,0.5513657289002558,0.585,0.6398325449060742,5.8,4.6,5.4,4.2
rf,signo_zodiacal_ofiuco,300,0.5,0.41,0.3988888888888889,0.31999999999999995,0.3457978279030911,0.446,0.49422984222519817,3.2,5.0,5.0,6.8
rf,signo_zodiacal_ofiuco,301,0.5,0.41,0.4045454545454545,0.41999999999999993,0.4111111111111111,0.445,0.5141946072503348,4.2,6.0,4.0,5.8
rf,signo_zodiacal_ofiuco,302,0.5,0.51,0.4995670995670995,0.42000000000000004,0.45154921617769916,0.575,0.6018633449453883,4.2,4.0,6.0,5.8
rf,signo_zodiacal_ofiuco,303,0.5,0.53,0.5201695526695527,0.58,0.5329554655870445,0.509,0.5847829038007056,5.8,5.2,4.8,4.2
rf,signo_zodiacal_ofiuco,304,0.5,0.38,0.34285714285714286,0.36,0.34281639928698754,0.369,0.4783300341729134,3.6,6.0,4.0,6.4
rf,signo_zodiacal_ofiuco,305,0.5,0.5599999999999999,0.53001998001998,0.6,0.5565217391304348,0.5589999999999999,0.5650083321391371,6.0,4.8,5.2,4.0
rf,signo_zodiacal_ofiuco,306,0.5,0.61,0.6401981351981353,0.64,0.6236224982746722,0.6699999999999999,0.6475001752633333,6.4,4.2,5.8,3.6
rf,signo_zodiacal_ofiuco,307,0.5,0.47000000000000003,0.4877272727272727,0.42000000000000004,0.42128449328449324,0.499,0.5676288635684921,4.2,4.8,5.2,5.8
rf,signo_zodiacal_ofiuco,308,0.5,0.6,0.605934065934066,0.62,0.6063013031299477,0.5690000000000001,0.5834909524599927,6.2,4.2,5.8,3.8
rf,signo_zodiacal_ofiuco,309,0.5,0.45000000000000007,0.4421778221778222,0.48,0.4566880348977536,0.46399999999999997,0.5283923359921812,4.8,5.8,4.2,5.2
rf,signo_zodiacal_ofiuco,310,0.5,0.51,0.5023809523809524,0.5599999999999999,0.5236185383244207,0.541,0.6011109533741112,5.6,5.4,4.6,4.4
rf,signo_zodiacal_ofiuco,311,0.5,0.45,0.4090476190476191,0.38,0.3876855239703537,0.45699999999999996,0.5064738296619101,3.8,4.8,5.2,6.2
rf,signo_zodiacal_ofiuco,312,0.5,0.5,0.4833333333333334,0.54,0.5085137085137085,0.529,0.6103646337322808,5.4,5.4,4.6,4.6
rf,signo_zodiacal_ofiuco,313,0.5,0.49000000000000005,0.5078921078921079,0.48,0.48765904531148846,0.557,0.6228127880891038,4.8,5.0,5.0,5.2
rf,signo_zodiacal_ofiuco,314,0.5,0.34,0.3456565656565656,0.31999999999999995,0.32697539302802464,0.312,0.45027073399596623,3.2,6.4,3.6,6.8
rf,signo_zodiacal_ofiuco,315,0.5,0.44000000000000006,0.461050061050061,0.42000000000000004,0.4321296148998397,0.42800000000000005,0.5232389493891042,4.2,5.4,4.6,5.8
rf,signo_zodiacal_ofiuco,316,0.5,0.38,0.37131701631701636,0.36000000000000004,0.3598136645962733,0.465,0.5133758351211911,3.6,6.0,4.0,6.4
rf,signo_zodiacal_ofiuco,317,0.5,0.5,0.49880341880341883,0.43999999999999995,0.4570022883295194,0.5029999999999999,0.5990245381553432,4.4,4.4,5.6,5.6
rf,signo_zodiacal_ofiuco,318,0.5,0.51,0.5088888888888888,0.41999999999999993,0.45698830409356717,0.579,0.6384910711923096,4.2,4.0,6.0,5.8
rf,signo_zodiacal_ofiuco,319,0.5,0.5,0.5,0.48,0.481140350877193,0.5029999999999999,0.5375811596384351,4.8,4.8,5.2,5.2
rf,signo_zodiacal_ofiuco,320,0.5,0.42000000000000004,0.418968253968254,0.4,0.4034330925352597,0.42400000000000004,0.5040064478005655,4.0,5.6,4.4,6.0
rf,signo_zodiacal_ofiuco,321,0.5,0.59,0.5998217468805703,0.5599999999999999,0.550125313283208,0.5640000000000001,0.6435825742884567,5.6,3.8,6.2,4.4
rf,signo_zodiacal_ofiuco,322,0.5,0.56,0.5673776223776225,0.6199999999999999,0.5871152518978606,0.5900000000000001,0.6061420132155425,6.2,5.0,5.0,3.8
rf,signo_zodiacal_ofiuco,323,0.5,0.48,0.47833333333333333,0.4600000000000001,0.46646464646464647,0.5170000000000001,0.5895081117712696,4.6,5.0,5.0,5.4
rf,signo_zodiacal_ofiuco,324,0.5,0.57,0.5790909090909091,0.6,0.5827769423558896,0.5189999999999999,0.589437342928829,6.0,4.6,5.4,4.0
rf,signo_zodiacal_ofiuco,325,0.5,0.58,0.5646187146187146,0.6199999999999999,0.5862667596682941,0.612,0.6145603536470409,6.2,4.6,5.4,3.8
rf,signo_zodiacal_ofiuco,326,0.5,0.5,0.4983766233766234,0.48,0.48416093710211355,0.49000000000000005,0.5764081002416915,4.8,4.8,5.2,5.2
rf,signo_zodiacal_ofiuco,327,0.5,0.47000000000000003,0.3986013986013986,0.54,0.4546395633352155,0.5289999999999999,0.583787487624175,5.4,6.0,4.0,4.6
rf,signo_zodiacal_ofiuco,328,0.5,0.5599999999999999,0.5712987012987012,0.56,0.5569747899159664,0.54,0.616216772821262,5.6,4.4,5.6,4.4
rf,signo_zodiacal_ofiuco,329,0.5,0.53,0.5311111111111111,0.54,0.5347869674185464,0.48200000000000004,0.5459319542686416,5.4,4.8,5.2,4.6
rf,signo_zodiacal_ofiuco,330,0.5,0.4800000000000001,0.4734065934065933,0.5,0.48185117525270976,0.46399999999999997,0.5206226459299215,5.0,5.4,4.6,5.0
rf,signo_zodiacal_ofiuco,331,0.5,0.47000000000000003,0.46590909090909094,0.5,0.48051948051948046,0.46099999999999997,0.5446632040130491,5.0,5.6,4.4,5.0
rf,signo_zodiacal_ofiuco,332,0.5,0.4800000000000001,0.48543900543900537,0.5,0.4901122371145254,0.522,0.6352837738456933,5.0,5.4,4.6,5.0
rf,signo_zodiacal_ofiuco,333,0.5,0.49000000000000005,0.47777777777777775,0.4,0.4290599493385871,0.519,0.5674765093867261,4.0,4.2,5.8,6.0
rf,signo_zodiacal_ofiuco,334,0.5,0.36,0.3703174603174603,0.4,0.38161084529505584,0.33499999999999996,0.47317950315937934,4.0,6.8,3.2,6.0
rf,signo_zodiacal_ofiuco,335,0.5,0.49000000000000005,0.4716666666666667,0.38,0.41197860962566846,0.5270000000000001,0.5749700105536019,3.8,4.0,6.0,6.2
rf,signo_zodiacal_ofiuco,336,0.5,0.51,0.509047619047619,0.5,0.49947712418300655,0.48,0.527010851721378,5.0,4.8,5.2,5.0
rf,signo_zodiacal_ofiuco,337,0.5,0.43,0.4022222222222222,0.4,0.3947660818713451,0.372,0.5256150834889225,4.0,5.4,4.6,6.0
rf,signo_zodiacal_ofiuco,338,0.5,0.49000000000000005,0.5047619047619047,0.43999999999999995,0.461883541295306,0.4619999999999999,0.5480571301763252,4.4,4.6,5.4,5.6
rf,signo_zodiacal_ofiuco,339,0.5,0.47000000000000003,0.39004329004329,0.32,0.3465612560813799,0.46699999999999997,0.5491746150306522,3.2,3.8,6.2,6.8
rf,signo_zodiacal_ofiuco,340,0.5,0.5,0.5036363636363637,0.52,0.5094083694083694,0.518,0.6241009180877601,5.2,5.2,4.8,4.8
rf,signo_zodiacal_ofiuco,341,0.5,0.6,0.5793939393939394,0.6199999999999999,0.587047619047619,0.5389999999999999,0.5699941247263229,6.2,4.2,5.8,3.8
rf,signo_zodiacal_ofiuco,342,0.5,0.43999999999999995,0.4268939393939394,0.43999999999999995,0.4240874622453569,0.461,0.5433657921026341,4.4,5.6,4.4,5.6
rf,signo_zodiacal_ofiuco,343,0.5,0.5,0.49909090909090914,0.56,0.5226684894053315,0.48600000000000004,0.5815565674435643,5.6,5.6,4.4,4.4
rf,signo_zodiacal_ofiuco,344,0.5,0.6,0.6164285714285714,0.64,0.6144693998811646,0.631,0.6877505806886612,6.4,4.4,5.6,3.6
rf,signo_zodiacal_ofiuco,345,0.5,0.47000000000000003,0.47292929292929287,0.5,0.4848302574618363,0.523,0.589770810458891,5.0,5.6,4.4,5.0
rf,signo_zodiacal_ofiuco,346,0.5,0.49000000000000005,0.49023199023199027,0.5,0.4866514111365371,0.43200000000000005,0.50885593268101,5.0,5.2,4.8,5.0
rf,signo_zodiacal_ofiuco,347,0.5,0.5,0.4983838383838384,0.5,0.49859649122807015,0.45899999999999996,0.5207982295482296,5.0,5.0,5.0,5.0
rf,signo_zodiacal_ofiuco,348,0.5,0.45999999999999996,0.45,0.42000000000000004,0.4318979266347688,0.43699999999999994,0.5170575350002595,4.2,5.0,5.0,5.8
rf,signo_zodiacal_ofiuco,349,0.5,0.55,0.5387301587301587,0.6,0.5640510366826156,0.514,0.5402586112717691,6.0,5.0,5.0,4.0
rf,signo_zodiacal_ofiuco,350,0.5,0.49000000000000005,0.49230769230769234,0.56,0.5233954451345755,0.554,0.5781597493493777,5.6,5.8,4.2,4.4
rf,signo_zodiacal_ofiuco,351,0.5,0.59,0.5688111888111888,0.6799999999999999,0.6180764163372858,0.5700000000000001,0.5913310480369304,6.8,5.0,5.0,3.2
rf,signo_zodiacal_ofiuco,352,0.5,0.48,0.45939393939393947,0.5,0.46185714285714285,0.48600000000000004,0.5420373672595036,5.0,5.4,4.6,5.0
rf,signo_zodiacal_ofiuco,353,0.5,0.5199999999999999,0.5163636363636364,0.5,0.5053968253968254,0.49700000000000005,0.5546752055134407,5.0,4.6,5.4,5.0
rf,signo_zodiacal_ofiuco,354,0.5,0.38,0.3121428571428571,0.22000000000000003,0.2494947209653092,0.406,0.4915680349062702,2.2,4.6,5.4,7.8
rf,signo_zodiacal_ofiuco,355,0.5,0.49000000000000005,0.5023199023199023,0.48,0.4863373266926908,0.512,0.6047373100755454,4.8,5.0,5.0,5.2
rf,signo_zodiacal_ofiuco,356,0.5,0.44000000000000006,0.4341569541569541,0.45999999999999996,0.44434564672550947,0.39799999999999996,0.5066384740990004,4.6,5.8,4.2,5.4
rf,signo_zodiacal_ofiuco,357,0.5,0.54,0.5474242424242424,0.52,0.5317126148705096,0.5700000000000001,0.5948689329246604,5.2,4.4,5.6,4.8
rf,signo_zodiacal_ofiuco,358,0.5,0.38999999999999996,0.39,0.38,0.3829558745348219,0.32799999999999996,0.4372586349838672,3.8,6.0,4.0,6.2
rf,signo_zodiacal_ofiuco,359,0.5,0.47000000000000003,0.4698051948051948,0.48,0.4704260651629072,0.506,0.5628175116936727,4.8,5.4,4.6,5.2
rf,signo_zodiacal_ofiuco,360,0.5,0.47000000000000003,0.48110389610389614,0.44000000000000006,0.4557049486461251,0.4069999999999999,0.48600494929906696,4.4,5.0,5.0,5.6
rf,signo_zodiacal_ofiuco,361,0.5,0.53,0.5475579975579976,0.5,0.5121394657301239,0.497,0.5378313451254628,5.0,4.4,5.6,5.0
rf,signo_zodiacal_ofiuco,362,0.5,0.45,0.4188888888888889,0.38,0.39076175286701603,0.507,0.5592765002455404,3.8,4.8,5.2,6.2
rf,signo_zodiacal_ofiuco,363,0.5,0.4,0.37575757575757573,0.4,0.37837662337662337,0.473,0.5501783314724491,4.0,6.0,4.0,6.0
rf,signo_zodiacal_ofiuco,364,0.5,0.52,0.5161111111111112,0.5,0.505518341307815,0.528,0.5639031323853305,5.0,4.6,5.4,5.0
rf,signo_zodiacal_ofiuco,365,0.5,0.45,0.4442424242424242,0.52,0.4692380952380953,0.44600000000000006,0.5598608536286555,5.2,6.2,3.8,4.8
rf,signo_zodiacal_ofiuco,366,0.5,0.51,0.5130458430458431,0.5599999999999999,0.5331494744767056,0.567,0.5948436547113019,5.6,5.4,4.6,4.4
rf,signo_zodiacal_ofiuco,367,0.5,0.58,0.6042857142857143,0.5399999999999999,0.5431385281385281,0.61,0.6377761645818921,5.4,3.8,6.2,4.6
rf,signo_zodiacal_ofiuco,368,0.5,0.51,0.49757575757575756,0.52,0.4995538847117794,0.52,0.5901930112371289,5.2,5.0,5.0,4.8
rf,signo_zodiacal_ofiuco,369,0.5,0.4600000000000001,0.45991341991341994,0.5399999999999999,0.4890644257703081,0.44000000000000006,0.5368798993404257,5.4,6.2,3.8,4.6
rf,signo_zodiacal_ofiuco,370,0.5,0.49000000000000005,0.5296153846153847,0.42000000000000004,0.4410766045548654,0.485,0.5843370800166465,4.2,4.4,5.6,5.8
rf,signo_zodiacal_ofiuco,371,0.5,0.43,0.40714285714285714,0.4,0.39857397504456327,0.465,0.5397176624545045,4.0,5.4,4.6,6.0
rf,signo_zodiacal_ofiuco,372,0.5,0.54,0.541025641025641,0.5,0.5127608022614081,0.553,0.6199646464646464,5.0,4.2,5.8,5.0
rf,signo_zodiacal_ofiuco,373,0.5,0.57,0.5981818181818183,0.5399999999999999,0.5552380952380951,0.5890000000000001,0.6561522572714523,5.4,4.0,6.0,4.6
rf,signo_zodiacal_ofiuco,374,0.5,0.44000000000000006,0.4311111111111111,0.38,0.4030409356725146,0.5119999999999999,0.5897291123908771,3.8,5.0,5.0,6.2
rf,signo_zodiacal_ofiuco,375,0.5,0.54,0.5411616161616162,0.52,0.5266347687400319,0.5349999999999999,0.5788690743381145,5.2,4.4,5.6,4.8
rf,signo_zodiacal_ofiuco,376,0.5,0.45000000000000007,0.46590909090909094,0.44000000000000006,0.4437229437229437,0.42600000000000005,0.4955258373377568,4.4,5.4,4.6,5.6
rf,signo_zodiacal_ofiuco,377,0.5,0.45,0.45272727272727276,0.45999999999999996,0.45619047619047615,0.458,0.5177897755838932,4.6,5.6,4.4,5.4
rf,signo_zodiacal_ofiuco,378,0.5,0.43000000000000005,0.418065268065268,0.4600000000000001,0.43532678864486646,0.43,0.5312763368382563,4.6,6.0,4.0,5.4
rf,signo_zodiacal_ofiuco,379,0.5,0.55,0.5520202020202021,0.52,0.5241376167691957,0.4950000000000001,0.5242784149974552,5.2,4.2,5.8,4.8
rf,signo_zodiacal_ofiuco,380,0.5,0.4600000000000001,0.45323565323565324,0.5,0.47070938215102975,0.4499999999999999,0.5250719564233496,5.0,5.8,4.2,5.0
rf,signo_zodiacal_ofiuco,381,0.5,0.45,0.42404761904761906,0.33999999999999997,0.37558823529411767,0.4659999999999999,0.5096101225056333,3.4,4.4,5.6,6.6
rf,signo_zodiacal_ofiuco,382,0.5,0.53,0.5205627705627707,0.5,0.5014323911382735,0.47000000000000003,0.5258427601809955,5.0,4.4,5.6,5.0
rf,signo_zodiacal_ofiuco,383,0.5,0.43999999999999995,0.46418026418026415,0.4600000000000001,0.4517053503323526,0.43,0.5051170779684712,4.6,5.8,4.2,5.4
rf,signo_zodiacal_ofiuco,384,0.5,0.51,0.5078144078144078,0.64,0.5625095347063309,0.46299999999999997,0.5302872889064839,6.4,6.2,3.8,3.6
rf,signo_zodiacal_ofiuco,385,0.5,0.44000000000000006,0.42900432900432894,0.4,0.4086633696540817,0.36800000000000005,0.4732007284081587,4.0,5.2,4.8,6.0
rf,signo_zodiacal_ofiuco,386,0.5,0.5599999999999999,0.5614718614718615,0.52,0.5375055285272003,0.518,0.5548631748368591,5.2,4.0,6.0,4.8
rf,signo_zodiacal_ofiuco,387,0.5,0.45999999999999996,0.44945054945054946,0.44000000000000006,0.4408803338268946,0.47800000000000004,0.5300664911284106,4.4,5.2,4.8,5.6
rf,signo_zodiacal_ofiuco,388,0.5,0.36,0.3484126984126984,0.36,0.34844106701691846,0.289,0.428371227843364,3.6,6.4,3.6,6.4
rf,signo_zodiacal_ofiuco,389,0.5,0.5,0.5004487179487179,0.64,0.5580662815445424,0.48999999999999994,0.5845034965034965,6.4,6.4,3.6,3.6
rf,signo_zodiacal_ofiuco,390,0.5,0.4800000000000001,0.4756410256410257,0.4999999999999999,0.4685879719060497,0.457,0.5445766265897845,5.0,5.4,4.6,5.0
rf,signo_zodiacal_ofiuco,391,0.5,0.5599999999999999,0.5788034188034189,0.6199999999999999,0.5933180778032037,0.539,0.5878918201681359,6.2,5.0,5.0,3.8
rf,signo_zodiacal_ofiuco,392,0.5,0.45,0.42486402486402486,0.4,0.40319276451999564,0.40800000000000003,0.48485350210505007,4.0,5.0,5.0,6.0
rf,signo_zodiacal_ofiuco,393,0.5,0.45,0.46944444444444444,0.45999999999999996,0.46182881446039337,0.44699999999999995,0.5599336378276007,4.6,5.6,4.4,5.4
rf,signo_zodiacal_ofiuco,394,0.5,0.5,0.5087301587301587,0.48,0.4882696938424492,0.477,0.5183627216436815,4.8,4.8,5.2,5.2
rf,signo_zodiacal_ofiuco,395,0.5,0.49000000000000005,0.4674242424242424,0.42000000000000004,0.4344877344877345,0.49800000000000005,0.5354512713808379,4.2,4.4,5.6,5.8
rf,signo_zodiacal_ofiuco,396,0.5,0.5900000000000001,0.6114285714285714,0.5,0.5458823529411765,0.576,0.6079967728350081,5.0,3.2,6.8,5.0
rf,signo_zodiacal_ofiuco,397,0.5,0.5,0.5009523809523809,0.5399999999999999,0.5076732026143791,0.499,0.5639817931466538,5.4,5.4,4.6,4.6
rf,signo_zodiacal_ofiuco,398,0.5,0.49000000000000005,0.4975024975024975,0.52,0.5032273779076848,0.541,0.5778509437758663,5.2,5.4,4.6,4.8
rf,signo_zodiacal_ofiuco,399,0.5,0.6,0.6178932178932179,0.5800000000000001,0.5877045555064131,0.631,0.6668793412469883,5.8,3.8,6.2,4.2
rf,signo_zodiacal_ofiuco,400,0.5,0.51,0.504040404040404,0.5599999999999999,0.5292321713374345,0.519,0.5741864257173853,5.6,5.4,4.6,4.4
rf,signo_zodiacal_ofiuco,401,0.5,0.68,0.7325396825396826,0.6,0.6502275072708509,0.6679999999999999,0.722524243300559,6.0,2.4,7.6,4.0
rf,signo_zodiacal_ofiuco,402,0.5,0.5599999999999999,0.5785714285714285,0.4,0.4676003734827264,0.532,0.6169414131620014,4.0,2.8,7.2,6.0
rf,signo_zodiacal_ofiuco,403,0.5,0.5800000000000001,0.5946103896103896,0.5,0.5341923436041084,0.614,0.6555766645635067,5.0,3.4,6.6,5.0
rf,signo_zodiacal_ofiuco,404,0.5,0.6,0.6367965367965367,0.5,0.5509803921568628,0.608,0.6924112621125005,5.0,3.0,7.0,5.0
rf,signo_zodiacal_ofiuco,405,0.5,0.5399999999999999,0.5448917748917749,0.52,0.5272489601901367,0.562,0.5993841071209492,5.2,4.4,5.6,4.8
rf,signo_zodiacal_ofiuco,406,0.5,0.49000000000000005,0.46979797979797977,0.5199999999999999,0.484721348826612,0.5599999999999999,0.6003654172624759,5.2,5.4,4.6,4.8
rf,signo_zodiacal_ofiuco,407,0.5,0.6399999999999999,0.631904761904762,0.7,0.6578787878787878,0.7,0.6949508901830883,7.0,4.2,5.8,3.0
rf,signo_zodiacal_ofiuco,408,0.5,0.41,0.4131468531468531,0.45999999999999996,0.43412008281573494,0.39,0.46979237532333507,4.6,6.4,3.6,5.4
rf,signo_zodiacal_ofiuco,409,0.5,0.5199999999999999,0.5195804195804196,0.54,0.5245498462889768,0.5740000000000001,0.6119646089204913,5.4,5.0,5.0,4.6
rf,signo_zodiacal_ofiuco,410,0.5,0.53,0.5521428571428572,0.5,0.5167320261437909,0.6020000000000001,0.6536099276540452,5.0,4.4,5.6,5.0
rf,signo_zodiacal_ofiuco,411,0.5,0.48,0.4597402597402597,0.5,0.47518796992481205,0.442,0.5312667251049603,5.0,5.4,4.6,5.0
rf,signo_zodiacal_ofiuco,412,0.5,0.51,0.5226190476190476,0.48,0.4961378490790255,0.507,0.5583431937859183,4.8,4.6,5.4,5.2
rf,signo_zodiacal_ofiuco,413,0.5,0.39,0.40055944055944054,0.45999999999999996,0.42747600225861093,0.43500000000000005,0.5188704520453746,4.6,6.8,3.2,5.4
rf,signo_zodiacal_ofiuco,414,0.5,0.45,0.44764901764901766,0.5,0.4612196499153021,0.472,0.5270599947008616,5.0,6.0,4.0,5.0
rf,signo_zodiacal_ofiuco,415,0.5,0.5599999999999999,0.5672222222222223,0.54,0.5507283359914938,0.5810000000000001,0.6401289070406717,5.4,4.2,5.8,4.6
rf,signo_zodiacal_ofiuco,416,0.5,0.54,0.5406875477463713,0.68,0.5967099567099566,0.568,0.6097328782328783,6.8,6.0,4.0,3.2
rf,signo_zodiacal_ofiuco,417,0.5,0.47000000000000003,0.45757575757575764,0.45999999999999996,0.4507936507936508,0.502,0.6081698758757582,4.6,5.2,4.8,5.4
rf,signo_zodiacal_ofiuco,418,0.5,0.49000000000000005,0.4830724830724831,0.48,0.4766904473459864,0.499,0.5374179400750608,4.8,5.0,5.0,5.2
rf,signo_zodiacal_ofiuco,419,0.5,0.43999999999999995,0.4296969696969697,0.45999999999999996,0.4429725829725829,0.442,0.5449968950897743,4.6,5.8,4.2,5.4
rf,signo_zodiacal_ofiuco,420,0.5,0.6,0.645,0.54,0.5803535353535353,0.658,0.6610605484986289,5.4,3.4,6.6,4.6
rf,signo_zodiacal_ofiuco,421,0.5,0.45,0.43555555555555553,0.44000000000000006,0.43087719298245614,0.49399999999999994,0.5665243198493972,4.4,5.4,4.6,5.6
rf,signo_zodiacal_ofiuco,422,0.5,0.43,0.4352564102564103,0.4600000000000001,0.444532279314888,0.41899999999999993,0.5032267654945674,4.6,6.0,4.0,5.4
rf,signo_zodiacal_ofiuco,423,0.5,0.47000000000000003,0.458974358974359,0.4800000000000001,0.4634387351778656,0.493,0.5582514995324593,4.8,5.4,4.6,5.2
rf,signo_zodiacal_ofiuco,424,0.5,0.4700000000000001,0.472929292929293,0.5,0.4848302574618364,0.426,0.49727466711135443,5.0,5.6,4.4,5.0
rf,signo_zodiacal_ofiuco,425,0.5,0.47000000000000003,0.49653679653679655,0.4,0.4356824548001018,0.45600000000000007,0.528805997923645,4.0,4.6,5.4,6.0
rf,signo_zodiacal_ofiuco,426,0.5,0.54,0.5310522810522811,0.5800000000000001,0.549827836272849,0.524,0.5388908493467317,5.8,5.0,5.0,4.2
rf,signo_zodiacal_ofiuco,427,0.5,0.52,0.49261904761904757,0.54,0.5016023391812865,0.505,0.5286728871403794,5.4,5.0,5.0,4.6
rf,signo_zodiacal_ofiuco,428,0.5,0.5,0.5044444444444445,0.5199999999999999,0.5067368421052632,0.44000000000000006,0.5514232193674917,5.2,5.2,4.8,4.8
rf,signo_zodiacal_ofiuco,429,0.5,0.5200000000000001,0.521025641025641,0.44000000000000006,0.45916337285902503,0.5660000000000001,0.5821305714409429,4.4,4.0,6.0,5.6
rf,signo_zodiacal_ofiuco,430,0.5,0.51,0.5138528138528138,0.4,0.4443510737628385,0.5130000000000001,0.5686022408963585,4.0,3.8,6.2,6.0
rf,signo_zodiacal_ofiuco,431,0.5,0.5200000000000001,0.5302874902874903,0.5,0.5028440666884603,0.5279999999999999,0.5848160152540958,5.0,4.6,5.4,5.0
rf,signo_zodiacal_ofiuco,432,0.5,0.54,0.5420634920634921,0.5399999999999999,0.5361773417500972,0.45,0.5057693413397748,5.4,4.6,5.4,4.6
rf,signo_zodiacal_ofiuco,433,0.5,0.55,0.5826373626373627,0.5,0.5288605465069323,0.5119999999999999,0.552067422945132,5.0,4.0,6.0,5.0
rf,signo_zodiacal_ofiuco,434,0.5,0.45,0.4824242424242424,0.38,0.372952380952381,0.458,0.5659307985616036,3.8,4.8,5.2,6.2
rf,signo_zodiacal_ofiuco,435,0.5,0.4499999999999999,0.4372727272727272,0.44000000000000006,0.4377777777777777,0.418,0.5427690226869792,4.4,5.4,4.6,5.6
rf,signo_zodiacal_ofiuco,436,0.5,0.5900000000000001,0.6053174603174604,0.6,0.5895890171060449,0.611,0.6253311482119532,6.0,4.2,5.8,4.0
rf,signo_zodiacal_ofiuco,437,0.5,0.5,0.5303030303030303,0.45999999999999996,0.4805194805194805,0.501,0.5762732436981663,4.6,4.6,5.4,5.4
rf,signo_zodiacal_ofiuco,438,0.5,0.5900000000000001,0.5868742368742369,0.6,0.5856520515424809,0.584,0.5955676900498882,6.0,4.2,5.8,4.0
rf,signo_zodiacal_ofiuco,439,0.5,0.48,0.498989898989899,0.4800000000000001,0.4828394515701017,0.532,0.637710660254778,4.8,5.2,4.8,5.2
rf,signo_zodiacal_ofiuco,440,0.5,0.5700000000000001,0.5684343434343434,0.5199999999999999,0.5369883040935672,0.601,0.6539488371106018,5.2,3.8,6.2,4.8
rf,signo_zodiacal_ofiuco,441,0.5,0.4999999999999999,0.49150793650793645,0.45999999999999996,0.4704493854958252,0.506,0.5405325117778679,4.6,4.6,5.4,5.4
rf,signo_zodiacal_ofiuco,442,0.5,0.51,0.5014718614718614,0.48,0.47757983193277315,0.45199999999999996,0.5106087697132589,4.8,4.6,5.4,5.2
rf,signo_zodiacal_ofiuco,443,0.5,0.49000000000000005,0.49120879120879124,0.5599999999999999,0.5134716732542819,0.47300000000000003,0.5418404040919521,5.6,5.8,4.2,4.4
rf,signo_zodiacal_ofiuco,444,0.5,0.45,0.4503463203463204,0.4,0.42106835716742835,0.39499999999999996,0.508888103296772,4.0,5.0,5.0,6.0
rf,signo_zodiacal_ofiuco,445,0.5,0.45,0.4228571428571429,0.32,0.360454076367389,0.475,0.5498055914673562,3.2,4.2,5.8,6.8
rf,signo_zodiacal_ofiuco,446,0.5,0.49000000000000005,0.4760606060606061,0.4,0.4247619047619048,0.5450000000000002,0.6117325995298131,4.0,4.2,5.8,6.0
rf,signo_zodiacal_ofiuco,447,0.5,0.55,0.569017649017649,0.52,0.5327511874314943,0.48699999999999993,0.5570011957426818,5.2,4.2,5.8,4.8
rf,signo_zodiacal_ofiuco,448,0.5,0.4699999999999999,0.46911764705882353,0.5599999999999999,0.49773579247263455,0.48599999999999993,0.5496703210789897,5.6,6.2,3.8,4.4
rf,signo_zodiacal_ofiuco,449,0.5,0.43,0.4331196581196581,0.45999999999999996,0.4421815408085431,0.426,0.511875116713352,4.6,6.0,4.0,5.4
rf,signo_zodiacal_ofiuco,450,0.5,0.4,0.39963369963369966,0.38,0.3829904918072909,0.377,0.474840928679164,3.8,5.8,4.2,6.2
rf,signo_zodiacal_ofiuco,451,0.5,0.48,0.4811111111111111,0.36000000000000004,0.3991353383458646,0.5,0.5752889320861457,3.6,4.0,6.0,6.4
rf,signo_zodiacal_ofiuco,452,0.5,0.51,0.5128871128871129,0.5,0.4999837616205903,0.5149999999999999,0.5815319315187737,5.0,4.8,5.2,5.0
rf,signo_zodiacal_ofiuco,453,0.5,0.54,0.5446031746031745,0.48,0.5081320949432404,0.526,0.6003191889809536,4.8,4.0,6.0,5.2
rf,signo_zodiacal_ofiuco,454,0.5,0.43,0.41075036075036075,0.44000000000000006,0.42038429406850464,0.392,0.49567663305047205,4.4,5.8,4.2,5.6
rf,signo_zodiacal_ofiuco,455,0.5,0.4699999999999999,0.4611111111111111,0.42000000000000004,0.4365762892078681,0.40700000000000003,0.502818315928997,4.2,4.8,5.2,5.8
rf,signo_zodiacal_ofiuco,456,0.5,0.5,0.49696969696969695,0.52,0.5063568010936432,0.45999999999999996,0.5172444963017718,5.2,5.2,4.8,4.8
rf,signo_zodiacal_ofiuco,457,0.5,0.53,0.5311111111111111,0.5599999999999999,0.543444976076555,0.594,0.6417135523575151,5.6,5.0,5.0,4.4
rf,signo_zodiacal_ofiuco,458,0.5,0.48,0.46722222222222226,0.5,0.47843274853801165,0.46900000000000003,0.5609861511037981,5.0,5.4,4.6,5.0
rf,signo_zodiacal_ofiuco,459,0.5,0.53,0.5054112554112553,0.5,0.49548001018589255,0.5880000000000001,0.6301618071471013,5.0,4.4,5.6,5.0
rf,signo_zodiacal_ofiuco,460,0.5,0.43,0.3986013986013986,0.36,0.3622779775525771,0.42600000000000005,0.5421353081043483,3.6,5.0,5.0,6.4
rf,signo_zodiacal_ofiuco,461,0.5,0.54,0.5423809523809524,0.47999999999999987,0.4978609625668449,0.5690000000000001,0.61818228993229,4.8,4.0,6.0,5.2
rf,signo_zodiacal_ofiuco,462,0.5,0.52,0.5473199023199024,0.44000000000000006,0.477448437803802,0.502,0.5402045427912301,4.4,4.0,6.0,5.6
rf,signo_zodiacal_ofiuco,463,0.5,0.51,0.5409090909090909,0.4,0.43809523809523804,0.584,0.6164322121806641,4.0,3.8,6.2,6.0
rf,signo_zodiacal_ofiuco,464,0.5,0.37,0.2690476190476191,0.3,0.279066985645933,0.29799999999999993,0.44403521908088467,3.0,5.6,4.4,7.0
rf,signo_zodiacal_ofiuco,465,0.5,0.54,0.5638131313131314,0.6,0.5556244457297088,0.599,0.6326456843809785,6.0,5.2,4.8,4.0
rf,signo_zodiacal_ofiuco,466,0.5,0.5900000000000001,0.6028571428571429,0.5,0.5423529411764705,0.595,0.6313157671362006,5.0,3.2,6.8,5.0
rf,signo_zodiacal_ofiuco,467,0.5,0.44000000000000006,0.44253968253968246,0.44000000000000006,0.43585139318885446,0.42799999999999994,0.510723496661577,4.4,5.6,4.4,5.6
rf,signo_zodiacal_ofiuco,468,0.5,0.47000000000000003,0.4709090909090909,0.4600000000000001,0.4621067821067821,0.4959999999999999,0.5522478165109744,4.6,5.2,4.8,5.4
rf,signo_zodiacal_ofiuco,469,0.5,0.48,0.4866666666666667,0.48,0.47725108225108226,0.41999999999999993,0.5117708978328175,4.8,5.2,4.8,5.2
rf,signo_zodiacal_ofiuco,470,0.5,0.5399999999999999,0.5374242424242424,0.47999999999999987,0.5029991645781119,0.5800000000000001,0.6056226812403283,4.8,4.0,6.0,5.2
rf,signo_zodiacal_ofiuco,471,0.5,0.45,0.4638383838383838,0.52,0.48654454317612206,0.479,0.6035361032156698,5.2,6.2,3.8,4.8
rf,signo_zodiacal_ofiuco,472,0.5,0.42000000000000004,0.3795238095238095,0.3,0.3320915032679738,0.409,0.5003436579760109,3.0,4.6,5.4,7.0
rf,signo_zodiacal_ofiuco,473,0.5,0.51,0.505,0.43999999999999995,0.46300903774587987,0.48200000000000004,0.5838637494256689,4.4,4.2,5.8,5.6
rf,signo_zodiacal_ofiuco,474,0.5,0.5599999999999999,0.5638034188034188,0.5599999999999999,0.5581133994406305,0.5609999999999999,0.6069503176562,5.6,4.4,5.6,4.4
rf,signo_zodiacal_ofiuco,475,0.5,0.52,0.5065656565656567,0.52,0.5076441102756892,0.6060000000000001,0.6506842842400118,5.2,4.8,5.2,4.8
rf,signo_zodiacal_ofiuco,476,0.5,0.47000000000000003,0.4666666666666667,0.54,0.4864242424242424,0.4959999999999999,0.5573602106527803,5.4,6.0,4.0,4.6
rf,signo_zodiacal_ofiuco,477,0.5,0.4699999999999999,0.4731313131313131,0.58,0.5172061973114606,0.5189999999999999,0.5697579718183434,5.8,6.4,3.6,4.2
rf,signo_zodiacal_ofiuco,478,0.5,0.45,0.44935064935064933,0.42000000000000004,0.4314904909332154,0.47800000000000004,0.5815758038830794,4.2,5.2,4.8,5.8
rf,signo_zodiacal_ofiuco,479,0.5,0.4699999999999999,0.489004329004329,0.38,0.4214145658263305,0.379,0.5057804638601853,3.8,4.4,5.6,6.2
rf,signo_zodiacal_ofiuco,480,0.5,0.43,0.4111111111111111,0.4,0.39824561403508774,0.45500000000000007,0.5701217583586005,4.0,5.4,4.6,6.0
rf,signo_zodiacal_ofiuco,481,0.5,0.49000000000000005,0.5292307692307692,0.52,0.5074948240165631,0.472,0.5278206217587023,5.2,5.4,4.6,4.8
rf,signo_zodiacal_ofiuco,482,0.5,0.43000000000000005,0.42929292929292934,0.45999999999999996,0.443403964456596,0.38,0.4837906214013025,4.6,6.0,4.0,5.4
rf,signo_zodiacal_ofiuco,483,0.5,0.5599999999999999,0.5874542124542124,0.5599999999999999,0.5526591907666077,0.5529999999999999,0.6215394388892841,5.6,4.4,5.6,4.4
rf,signo_zodiacal_ofiuco,484,0.5,0.47000000000000003,0.45479797979797976,0.4000000000000001,0.4194486215538847,0.445,0.5266481604910398,4.0,4.6,5.4,6.0
rf,signo_zodiacal_ofiuco,485,0.5,0.5,0.5034920634920634,0.5599999999999999,0.5250877192982456,0.485,0.524770209151014,5.6,5.6,4.4,4.4
rf,signo_zodiacal_ofiuco,486,0.5,0.56,0.5737373737373738,0.5199999999999999,0.5390977443609022,0.5740000000000001,0.6380432161577673,5.2,4.0,6.0,4.8
rf,signo_zodiacal_ofiuco,487,0.5,0.63,0.6678210678210679,0.5599999999999999,0.6046881910659001,0.5900000000000001,0.6476081593844751,5.6,3.0,7.0,4.4
rf,signo_zodiacal_ofiuco,488,0.5,0.56,0.5678821178821178,0.62,0.5806888763410502,0.528,0.5904666820107998,6.2,5.0,5.0,3.8
rf,signo_zodiacal_ofiuco,489,0.5,0.5,0.49393939393939396,0.43999999999999995,0.45245098039215687,0.5139999999999999,0.586319884364002,4.4,4.4,5.6,5.6
rf,signo_zodiacal_ofiuco,490,0.5,0.42000000000000004,0.4133333333333333,0.45999999999999996,0.4320202020202021,0.418,0.5080260366568415,4.6,6.2,3.8,5.4
rf,signo_zodiacal_ofiuco,491,0.5,0.5200000000000001,0.5229797979797979,0.43999999999999995,0.4743132340655561,0.548,0.6458058695690274,4.4,4.0,6.0,5.6
rf,signo_zodiacal_ofiuco,492,0.5,0.53,0.5113863913863914,0.5800000000000001,0.5348236063304039,0.567,0.6257239222765538,5.8,5.2,4.8,4.2
rf,signo_zodiacal_ofiuco,493,0.5,0.4800000000000001,0.4781818181818182,0.5,0.4885714285714286,0.45999999999999996,0.543393114453486,5.0,5.4,4.6,5.0
rf,signo_zodiacal_ofiuco,494,0.5,0.5700000000000001,0.5955555555555556,0.42000000000000004,0.47360218728639775,0.54,0.6027468293660243,4.2,2.8,7.2,5.8
rf,signo_zodiacal_ofiuco,495,0.5,0.54,0.5534188034188035,0.5599999999999999,0.5524681268388363,0.54,0.6218629513761093,5.6,4.8,5.2,4.4
rf,signo_zodiacal_ofiuco,496,0.5,0.47000000000000003,0.4723076923076923,0.54,0.5025296442687747,0.485,0.564162431909336,5.4,6.0,4.0,4.6
rf,signo_zodiacal_ofiuco,497,0.5,0.47000000000000003,0.46007326007326005,0.44000000000000006,0.44437414935463126,0.4720000000000001,0.5367952515320937,4.4,5.0,5.0,5.6
rf,signo_zodiacal_ofiuco,498,0.5,0.54,0.535,0.54,0.5357575757575758,0.5389999999999999,0.5692651494532299,5.4,4.6,5.4,4.6
rf,signo_zodiacal_ofiuco,499,0.5,0.39,0.36357142857142855,0.36,0.35971988795518206,0.43499999999999994,0.5190681793266931,3.6,5.8,4.2,6.4
rf,signo_zodiacal_ofiuco,500,0.5,0.5800000000000001,0.5831168831168831,0.54,0.5549019607843138,0.5549999999999999,0.6325513945119208,5.4,3.8,6.2,4.6
