modelo,signo,iter,pos_rate_bootstrap,cv_accuracy,cv_precision,cv_recall,cv_f1,cv_roc_auc,cv_pr_auc,cv_tp_mean,cv_fp_mean,cv_tn_mean,cv_fn_mean
svm,signo_zodiacal_acuario,1,0.5,0.51,0.5094949494949496,0.6,0.547725677830941,0.538,0.59056152834094,6.0,5.8,4.2,4.0
svm,signo_zodiacal_acuario,2,0.5,0.51,0.5117460317460317,0.4,0.44407980736154107,0.484,0.5893376623376623,4.0,3.8,6.2,6.0
svm,signo_zodiacal_acuario,3,0.5,0.37,0.35784632034632036,0.4,0.3689095218506983,0.262,0.4192961252713575,4.0,6.6,3.4,6.0
svm,signo_zodiacal_acuario,4,0.5,0.4600000000000001,0.4417182817182817,0.52,0.47364949458044087,0.484,0.5545773681083279,5.2,6.0,4.0,4.8
svm,signo_zodiacal_acuario,5,0.5,0.53,0.5275213675213676,0.6599999999999999,0.5821511684349213,0.496,0.5415148448043186,6.6,6.0,4.0,3.4
svm,signo_zodiacal_acuario,6,0.5,0.45999999999999996,0.45116550116550114,0.44000000000000006,0.440527950310559,0.44800000000000006,0.5281436347450279,4.4,5.2,4.8,5.6
svm,signo_zodiacal_acuario,7,0.5,0.5399999999999999,0.5450349650349651,0.5800000000000001,0.5605383022774326,0.476,0.5149407835027031,5.8,5.0,5.0,4.2
svm,signo_zodiacal_acuario,8,0.5,0.5000000000000001,0.5037062937062937,0.6399999999999999,0.5622540937323547,0.506,0.5892295323355695,6.4,6.4,3.6,3.6
svm,signo_zodiacal_acuario,9,0.5,0.6,0.6628571428571428,0.44000000000000006,0.5130744092508799,0.49400000000000005,0.5616377623924064,4.4,2.4,7.6,5.6
svm,signo_zodiacal_acuario,10,0.5,0.5,0.5031746031746032,0.52,0.5056009006473403,0.496,0.5490060017381999,5.2,5.2,4.8,4.8
svm,signo_zodiacal_acuario,11,0.5,0.55,0.5474747474747474,0.6199999999999999,0.5786397812713602,0.586,0.6659545901295127,6.2,5.2,4.8,3.8
svm,signo_zodiacal_acuario,12,0.5,0.54,0.5368253968253969,0.64,0.5787177033492823,0.578,0.6109694255692707,6.4,5.6,4.4,3.6
svm,signo_zodiacal_acuario,13,0.5,0.45,0.4531746031746032,0.54,0.4902711323763955,0.476,0.5718501514825044,5.4,6.4,3.6,4.6
svm,signo_zodiacal_acuario,14,0.5,0.51,0.4981684981684982,0.45999999999999996,0.4728915212156564,0.49800000000000005,0.5329820075864967,4.6,4.4,5.6,5.4
svm,signo_zodiacal_acuario,15,0.5,0.4699999999999999,0.4046153846153846,0.43999999999999995,0.41758454106280196,0.45999999999999996,0.5172624587314989,4.4,5.0,5.0,5.6
svm,signo_zodiacal_acuario,16,0.5,0.4,0.3900854700854701,0.38,0.37961098398169335,0.32999999999999996,0.4502513797691817,3.8,5.8,4.2,6.2
svm,signo_zodiacal_acuario,17,0.5,0.5900000000000001,0.567032967032967,0.78,0.655685618729097,0.5860000000000001,0.6080074065940938,7.8,6.0,4.0,2.2
svm,signo_zodiacal_acuario,18,0.5,0.58,0.5944444444444444,0.4600000000000001,0.5109440267335004,0.61,0.6387454022585601,4.6,3.0,7.0,5.4
svm,signo_zodiacal_acuario,19,0.5,0.48,0.48,0.6,0.5321739130434783,0.445,0.5316684514316092,6.0,6.4,3.6,4.0
svm,signo_zodiacal_acuario,20,0.5,0.45999999999999996,0.4542857142857143,0.33999999999999997,0.38245098039215686,0.445,0.5429892052392052,3.4,4.2,5.8,6.6
svm,signo_zodiacal_acuario,21,0.5,0.47000000000000003,0.46940836940836944,0.4600000000000001,0.4579733647845103,0.45200000000000007,0.5115181669036157,4.6,5.2,4.8,5.4
svm,signo_zodiacal_acuario,22,0.5,0.45999999999999996,0.46992673992673994,0.45999999999999996,0.4582634529437598,0.5000000000000001,0.5642788667301051,4.6,5.4,4.6,5.4
svm,signo_zodiacal_acuario,23,0.5,0.6199999999999999,0.5993406593406594,0.7,0.6397584541062802,0.6100000000000001,0.6538656796419955,7.0,4.6,5.4,3.0
svm,signo_zodiacal_acuario,24,0.5,0.51,0.5142857142857142,0.48,0.49209744503862146,0.506,0.5320483737968258,4.8,4.6,5.4,5.2
svm,signo_zodiacal_acuario,25,0.5,0.49000000000000005,0.48269230769230775,0.45999999999999996,0.46676837020086454,0.5239999999999999,0.5928591043459464,4.6,4.8,5.2,5.4
svm,signo_zodiacal_acuario,26,0.5,0.5599999999999999,0.5410714285714285,0.74,0.6236394040741866,0.562,0.5882768097915156,7.4,6.2,3.8,2.6
svm,signo_zodiacal_acuario,27,0.5,0.5599999999999999,0.5473748473748474,0.72,0.6167458780731091,0.598,0.6218974511900208,7.2,6.0,4.0,2.8
svm,signo_zodiacal_acuario,28,0.5,0.5200000000000001,0.5212820512820513,0.6199999999999999,0.5650592885375494,0.5740000000000001,0.6265952174760223,6.2,5.8,4.2,3.8
svm,signo_zodiacal_acuario,29,0.5,0.45999999999999996,0.49116883116883114,0.4,0.4296358543417367,0.46799999999999997,0.5109968889040097,4.0,4.8,5.2,6.0
svm,signo_zodiacal_acuario,30,0.5,0.42000000000000004,0.4194505494505495,0.45999999999999996,0.4350430132527319,0.394,0.4879172135054488,4.6,6.2,3.8,5.4
svm,signo_zodiacal_acuario,31,0.5,0.41000000000000003,0.42525252525252527,0.6,0.49513457556935825,0.368,0.48958792334256723,6.0,7.8,2.2,4.0
svm,signo_zodiacal_acuario,32,0.5,0.53,0.5506410256410257,0.4,0.43768115942028984,0.504,0.5816230609775501,4.0,3.4,6.6,6.0
svm,signo_zodiacal_acuario,33,0.5,0.52,0.49833333333333335,0.44000000000000006,0.4476581196581197,0.512,0.5601192483986602,4.4,4.0,6.0,5.6
svm,signo_zodiacal_acuario,34,0.5,0.55,0.585,0.54,0.54,0.48600000000000004,0.5560269957081102,5.4,4.4,5.6,4.6
svm,signo_zodiacal_acuario,35,0.5,0.44000000000000006,0.44995670995670994,0.58,0.505056277056277,0.421,0.4890231790053772,5.8,7.0,3.0,4.2
svm,signo_zodiacal_acuario,36,0.5,0.48,0.4866355866355866,0.56,0.5182878143976541,0.4959999999999999,0.6016591211506072,5.6,6.0,4.0,4.4
svm,signo_zodiacal_acuario,37,0.5,0.5,0.5051515151515151,0.54,0.5213852813852814,0.524,0.556258129297603,5.4,5.4,4.6,4.6
svm,signo_zodiacal_acuario,38,0.5,0.53,0.5461038961038961,0.54,0.5345938375350141,0.5660000000000001,0.6297874245637404,5.4,4.8,5.2,4.6
svm,signo_zodiacal_acuario,39,0.5,0.51,0.5256410256410257,0.43999999999999995,0.4682367149758454,0.477,0.5337388079756501,4.4,4.2,5.8,5.6
svm,signo_zodiacal_acuario,40,0.5,0.49000000000000005,0.49340659340659343,0.5800000000000001,0.5288098375054896,0.46799999999999997,0.5203339319778948,5.8,6.0,4.0,4.2
svm,signo_zodiacal_acuario,41,0.5,0.38,0.39337551337551335,0.5,0.43769118448294647,0.33399999999999996,0.46490528245404406,5.0,7.4,2.6,5.0
svm,signo_zodiacal_acuario,42,0.5,0.41,0.3988553113553113,0.42000000000000004,0.39578626381022397,0.374,0.45624509760964865,4.2,6.0,4.0,5.8
svm,signo_zodiacal_acuario,43,0.5,0.5700000000000001,0.5691341991341992,0.58,0.5699618029029794,0.548,0.5752518680150258,5.8,4.4,5.6,4.2
svm,signo_zodiacal_acuario,44,0.5,0.52,0.5234188034188034,0.58,0.5477928021635116,0.546,0.5963691406632583,5.8,5.4,4.6,4.2
svm,signo_zodiacal_acuario,45,0.5,0.5599999999999999,0.5681818181818181,0.48,0.5079365079365079,0.604,0.6547097810170566,4.8,3.6,6.4,5.2
svm,signo_zodiacal_acuario,46,0.5,0.42000000000000004,0.41500000000000004,0.42000000000000004,0.4161904761904762,0.403,0.49038315442727204,4.2,5.8,4.2,5.8
svm,signo_zodiacal_acuario,47,0.5,0.5599999999999999,0.5761904761904761,0.38,0.44713745147181677,0.5399999999999999,0.6294842738960386,3.8,2.6,7.4,6.2
svm,signo_zodiacal_acuario,48,0.5,0.53,0.5176190476190475,0.68,0.5852727272727273,0.532,0.5786851553159602,6.8,6.2,3.8,3.2
svm,signo_zodiacal_acuario,49,0.5,0.48,0.4922727272727273,0.36,0.4015873015873016,0.56,0.5700695219812867,3.6,4.0,6.0,6.4
svm,signo_zodiacal_acuario,50,0.5,0.56,0.5590909090909091,0.6,0.5769651401230348,0.5940000000000001,0.6544656732156732,6.0,4.8,5.2,4.0
svm,signo_zodiacal_acuario,51,0.5,0.42000000000000004,0.3829004329004329,0.27999999999999997,0.3129318394024276,0.40599999999999997,0.4773524900452145,2.8,4.4,5.6,7.2
svm,signo_zodiacal_acuario,52,0.5,0.55,0.5595959595959596,0.56,0.5563454089769879,0.552,0.6279178223737046,5.6,4.6,5.4,4.4
svm,signo_zodiacal_acuario,53,0.5,0.33,0.3521645021645021,0.33999999999999997,0.3358059587471352,0.34,0.49604934384500954,3.4,6.8,3.2,6.6
svm,signo_zodiacal_acuario,54,0.5,0.52,0.5213986013986014,0.6,0.5568153585544889,0.53,0.564233311408234,6.0,5.6,4.4,4.0
svm,signo_zodiacal_acuario,55,0.5,0.5700000000000001,0.5807142857142857,0.52,0.5441235888294711,0.5660000000000001,0.6183485038353459,5.2,3.8,6.2,4.8
svm,signo_zodiacal_acuario,56,0.5,0.49000000000000005,0.4909090909090909,0.6,0.5376623376623377,0.4580000000000001,0.5331353291531309,6.0,6.2,3.8,4.0
svm,signo_zodiacal_acuario,57,0.5,0.45999999999999996,0.45757575757575764,0.41999999999999993,0.4367585630743525,0.51,0.5389251375559425,4.2,5.0,5.0,5.8
svm,signo_zodiacal_acuario,58,0.5,0.5,0.5049000019588255,0.6,0.5369936116739185,0.518,0.5865476755786354,6.0,6.0,4.0,4.0
svm,signo_zodiacal_acuario,59,0.5,0.5599999999999999,0.561025641025641,0.6,0.5736104754640223,0.601,0.6337264473572523,6.0,4.8,5.2,4.0
svm,signo_zodiacal_acuario,60,0.5,0.58,0.5616483516483517,0.7200000000000001,0.628403162055336,0.562,0.5882176146866549,7.2,5.6,4.4,2.8
svm,signo_zodiacal_acuario,61,0.5,0.4699999999999999,0.4685314685314685,0.5,0.48098507137408736,0.477,0.5128709792959019,5.0,5.6,4.4,5.0
svm,signo_zodiacal_acuario,62,0.5,0.5,0.490952380952381,0.62,0.5463636363636364,0.47400000000000003,0.5163709134003253,6.2,6.2,3.8,3.8
svm,signo_zodiacal_acuario,63,0.5,0.45999999999999996,0.47400932400932394,0.5,0.4813773564345647,0.45999999999999996,0.5623305664923312,5.0,5.8,4.2,5.0
svm,signo_zodiacal_acuario,64,0.5,0.5599999999999999,0.5882478632478632,0.54,0.5511516769525923,0.546,0.64023743026839,5.4,4.2,5.8,4.6
svm,signo_zodiacal_acuario,65,0.5,0.51,0.538974358974359,0.36000000000000004,0.4081085098476403,0.588,0.6091499025570233,3.6,3.4,6.6,6.4
svm,signo_zodiacal_acuario,66,0.5,0.5000000000000001,0.49860139860139857,0.4800000000000001,0.48364389233954447,0.526,0.6062899771367263,4.8,4.8,5.2,5.2
svm,signo_zodiacal_acuario,67,0.5,0.51,0.5052680652680652,0.6000000000000001,0.5429570236526758,0.46399999999999997,0.5534776931015319,6.0,5.8,4.2,4.0
svm,signo_zodiacal_acuario,68,0.5,0.51,0.5082539682539682,0.42000000000000004,0.45547987616099067,0.511,0.569749793292363,4.2,4.0,6.0,5.8
svm,signo_zodiacal_acuario,69,0.5,0.54,0.5450349650349651,0.5800000000000001,0.5605383022774326,0.5119999999999999,0.5386848681933821,5.8,5.0,5.0,4.2
svm,signo_zodiacal_acuario,70,0.5,0.5599999999999999,0.5454521458933224,0.7799999999999999,0.63839620604838,0.528,0.56491986505067,7.8,6.6,3.4,2.2
svm,signo_zodiacal_acuario,71,0.5,0.63,0.6319191919191919,0.6200000000000001,0.6238763575605681,0.62,0.6681692768016297,6.2,3.6,6.4,3.8
svm,signo_zodiacal_acuario,72,0.5,0.5900000000000001,0.5686013986013986,0.7,0.6242499529456051,0.5900000000000001,0.6118456357883603,7.0,5.2,4.8,3.0
svm,signo_zodiacal_acuario,73,0.5,0.5,0.48529470529470525,0.45999999999999996,0.46160272804774083,0.518,0.5745415309664536,4.6,4.6,5.4,5.4
svm,signo_zodiacal_acuario,74,0.5,0.48,0.47675213675213673,0.5599999999999999,0.5098597878094446,0.41600000000000004,0.5298105330342172,5.6,6.0,4.0,4.4
svm,signo_zodiacal_acuario,75,0.5,0.5700000000000001,0.6799999999999999,0.4,0.47897435897435897,0.5980000000000001,0.663841223963515,4.0,2.6,7.4,6.0
svm,signo_zodiacal_acuario,76,0.5,0.5,0.4990476190476191,0.45999999999999996,0.4685706914344686,0.4680000000000001,0.5722274402584,4.6,4.6,5.4,5.4
svm,signo_zodiacal_acuario,77,0.5,0.44000000000000006,0.35302197802197804,0.28,0.298745585190598,0.38900000000000007,0.5052436005686779,2.8,4.0,6.0,7.2
svm,signo_zodiacal_acuario,78,0.5,0.39,0.4065837104072399,0.5,0.4416747181964573,0.35,0.45470892592100026,5.0,7.2,2.8,5.0
svm,signo_zodiacal_acuario,79,0.5,0.43,0.43015873015873013,0.45999999999999996,0.43778440754292147,0.38,0.46329581649860285,4.6,6.0,4.0,5.4
svm,signo_zodiacal_acuario,80,0.5,0.45,0.4575757575757575,0.5199999999999999,0.48658008658008656,0.44000000000000006,0.5468768094650447,5.2,6.2,3.8,4.8
svm,signo_zodiacal_acuario,81,0.5,0.5800000000000001,0.592987012987013,0.45999999999999996,0.503921568627451,0.5359999999999999,0.5665155765287344,4.6,3.0,7.0,5.4
svm,signo_zodiacal_acuario,82,0.5,0.53,0.5225829725829725,0.52,0.517409834747296,0.536,0.6116863532923904,5.2,4.6,5.4,4.8
svm,signo_zodiacal_acuario,83,0.5,0.48,0.3944444444444445,0.36,0.36240601503759395,0.48599999999999993,0.5512822177822179,3.6,4.0,6.0,6.4
svm,signo_zodiacal_acuario,84,0.5,0.5700000000000001,0.557965367965368,0.72,0.622034632034632,0.5559999999999999,0.6081570188497432,7.2,5.8,4.2,2.8
svm,signo_zodiacal_acuario,85,0.5,0.45,0.37682539682539684,0.32,0.3447402820777434,0.44800000000000006,0.5416075031779365,3.2,4.2,5.8,6.8
svm,signo_zodiacal_acuario,86,0.5,0.45,0.47503496503496506,0.52,0.48344739318652363,0.44800000000000006,0.5356993670244444,5.2,6.2,3.8,4.8
svm,signo_zodiacal_acuario,87,0.5,0.51,0.5072150072150071,0.5599999999999999,0.5290726817042606,0.518,0.5767837691204564,5.6,5.4,4.6,4.4
svm,signo_zodiacal_acuario,88,0.5,0.53,0.5217171717171717,0.5599999999999999,0.533427150764612,0.504,0.5382969716042472,5.6,5.0,5.0,4.4
svm,signo_zodiacal_acuario,89,0.5,0.44000000000000006,0.44363636363636366,0.36,0.38357142857142856,0.41400000000000003,0.4777515719574543,3.6,4.8,5.2,6.4
svm,signo_zodiacal_acuario,90,0.5,0.43,0.4185897435897436,0.4,0.40362318840579714,0.45299999999999996,0.5288491328932505,4.0,5.4,4.6,6.0
svm,signo_zodiacal_acuario,91,0.5,0.54,0.5260746606334841,0.78,0.6221054308010829,0.512,0.5649873182373182,7.8,7.0,3.0,2.2
svm,signo_zodiacal_acuario,92,0.5,0.44000000000000006,0.44696969696969696,0.42000000000000004,0.424963924963925,0.398,0.5070502471384825,4.2,5.4,4.6,5.8
svm,signo_zodiacal_acuario,93,0.5,0.54,0.5539743589743591,0.5599999999999999,0.5393983311374615,0.526,0.6034095246858404,5.6,4.8,5.2,4.4
svm,signo_zodiacal_acuario,94,0.5,0.48,0.48728095433977786,0.64,0.547966873706004,0.471,0.5446863038921863,6.4,6.8,3.2,3.6
svm,signo_zodiacal_acuario,95,0.5,0.51,0.5057142857142857,0.42000000000000004,0.4477310924369748,0.51,0.5495567271565723,4.2,4.0,6.0,5.8
svm,signo_zodiacal_acuario,96,0.5,0.48,0.488562091503268,0.4800000000000001,0.46822612085769977,0.488,0.5750357044915868,4.8,5.2,4.8,5.2
svm,signo_zodiacal_acuario,97,0.5,0.42000000000000004,0.41,0.36,0.37742424242424244,0.445,0.5223257102374749,3.6,5.2,4.8,6.4
svm,signo_zodiacal_acuario,98,0.5,0.5599999999999999,0.5791208791208791,0.62,0.5886731767805937,0.518,0.5873742475274983,6.2,5.0,5.0,3.8
svm,signo_zodiacal_acuario,99,0.5,0.44000000000000006,0.43597069597069593,0.5,0.4538454106280193,0.404,0.4779934889671732,5.0,6.2,3.8,5.0
svm,signo_zodiacal_acuario,100,0.5,0.51,0.505,0.38,0.4218803418803419,0.4720000000000001,0.5309766530339287,3.8,3.6,6.4,6.2
svm,signo_zodiacal_acuario,101,0.5,0.47000000000000003,0.46590909090909094,0.52,0.4841269841269841,0.522,0.5721734643925046,5.2,5.8,4.2,4.8
svm,signo_zodiacal_acuario,102,0.5,0.41000000000000003,0.3988888888888889,0.41999999999999993,0.3906161207213839,0.414,0.5279612527994881,4.2,6.0,4.0,5.8
svm,signo_zodiacal_acuario,103,0.5,0.38,0.3466666666666666,0.27999999999999997,0.3078637770897833,0.36,0.4540302387670808,2.8,5.2,4.8,7.2
svm,signo_zodiacal_acuario,104,0.5,0.5200000000000001,0.5178088578088578,0.6,0.5447639751552795,0.528,0.5708818860877685,6.0,5.6,4.4,4.0
svm,signo_zodiacal_acuario,105,0.5,0.53,0.5296536796536796,0.5599999999999999,0.5378131156768927,0.55,0.6056981064171466,5.6,5.0,5.0,4.4
svm,signo_zodiacal_acuario,106,0.5,0.5,0.5440476190476191,0.38,0.4364973262032086,0.528,0.6237116298733946,3.8,3.8,6.2,6.2
svm,signo_zodiacal_acuario,107,0.5,0.5700000000000001,0.5721789321789321,0.54,0.5531947515848444,0.576,0.648331833800874,5.4,4.0,6.0,4.6
svm,signo_zodiacal_acuario,108,0.5,0.4699999999999999,0.47030303030303033,0.5199999999999999,0.4912531328320802,0.518,0.6296072183750201,5.2,5.8,4.2,4.8
svm,signo_zodiacal_acuario,109,0.5,0.43999999999999995,0.42320346320346314,0.44000000000000006,0.42870384517443344,0.41000000000000003,0.4956218148896167,4.4,5.6,4.4,5.6
svm,signo_zodiacal_acuario,110,0.5,0.44000000000000006,0.44293650793650796,0.44000000000000006,0.43719298245614036,0.46399999999999997,0.543913843896042,4.4,5.6,4.4,5.6
svm,signo_zodiacal_acuario,111,0.5,0.54,0.5326695526695526,0.52,0.5090726817042606,0.5940000000000001,0.6563362629802258,5.2,4.4,5.6,4.8
svm,signo_zodiacal_acuario,112,0.5,0.5200000000000001,0.5301948051948051,0.45999999999999996,0.4893557422969188,0.549,0.6007213125711577,4.6,4.2,5.8,5.4
svm,signo_zodiacal_acuario,113,0.5,0.5799999999999998,0.6015873015873016,0.5,0.5433436532507739,0.5519999999999999,0.5797522857259699,5.0,3.4,6.6,5.0
svm,signo_zodiacal_acuario,114,0.5,0.5,0.4947979797979798,0.5199999999999999,0.5004310776942356,0.48200000000000004,0.5294493535360408,5.2,5.2,4.8,4.8
svm,signo_zodiacal_acuario,115,0.5,0.45,0.44833333333333336,0.58,0.49632900432900434,0.45400000000000007,0.5642369591193119,5.8,6.8,3.2,4.2
svm,signo_zodiacal_acuario,116,0.5,0.6100000000000001,0.6192207792207792,0.54,0.5624089635854341,0.642,0.6770890498390498,5.4,3.2,6.8,4.6
svm,signo_zodiacal_acuario,117,0.5,0.53,0.5325757575757576,0.5,0.5113997113997113,0.54,0.6161477307522198,5.0,4.4,5.6,5.0
svm,signo_zodiacal_acuario,118,0.5,0.5599999999999999,0.5519347319347319,0.6199999999999999,0.5824317711274233,0.5740000000000001,0.6030391177450001,6.2,5.0,5.0,3.8
svm,signo_zodiacal_acuario,119,0.5,0.45999999999999996,0.4602486402486402,0.4600000000000001,0.44651708322188866,0.45899999999999996,0.532857567269332,4.6,5.4,4.6,5.4
svm,signo_zodiacal_acuario,120,0.5,0.45999999999999996,0.45744255744255746,0.44000000000000006,0.44241870661308,0.475,0.5520299793945305,4.4,5.2,4.8,5.6
svm,signo_zodiacal_acuario,121,0.5,0.56,0.5542857142857143,0.6599999999999999,0.5964102564102565,0.5840000000000001,0.6386336457659987,6.6,5.4,4.6,3.4
svm,signo_zodiacal_acuario,122,0.5,0.6,0.5974314574314573,0.6399999999999999,0.609433530349939,0.6180000000000001,0.6707010462877336,6.4,4.4,5.6,3.6
svm,signo_zodiacal_acuario,123,0.5,0.47000000000000003,0.4648951048951049,0.52,0.48960662525879917,0.45,0.52603726605352,5.2,5.8,4.2,4.8
svm,signo_zodiacal_acuario,124,0.5,0.4,0.32857142857142857,0.25999999999999995,0.2747899159663866,0.382,0.4522077946992808,2.6,4.6,5.4,7.4
svm,signo_zodiacal_acuario,125,0.5,0.54,0.5383838383838384,0.5599999999999999,0.5476874003189792,0.524,0.5475885019693069,5.6,4.8,5.2,4.4
svm,signo_zodiacal_acuario,126,0.5,0.5800000000000001,0.5619780219780219,0.7000000000000001,0.6174158981115502,0.65,0.7076785883535109,7.0,5.4,4.6,3.0
svm,signo_zodiacal_acuario,127,0.5,0.53,0.5123387723387723,0.5199999999999999,0.5102353710362864,0.522,0.5957244607817362,5.2,4.6,5.4,4.8
svm,signo_zodiacal_acuario,128,0.5,0.6,0.6008547008547008,0.64,0.6140905623743151,0.6050000000000001,0.6392487479840421,6.4,4.4,5.6,3.6
svm,signo_zodiacal_acuario,129,0.5,0.48,0.4822222222222222,0.5599999999999999,0.5148252449305081,0.518,0.549728565122528,5.6,6.0,4.0,4.4
svm,signo_zodiacal_acuario,130,0.5,0.45,0.45861111111111114,0.43999999999999995,0.4368443544759334,0.434,0.5262695374800639,4.4,5.4,4.6,5.6
svm,signo_zodiacal_acuario,131,0.5,0.42000000000000004,0.4023809523809524,0.3,0.34207946336429307,0.40800000000000003,0.5028258958963293,3.0,4.6,5.4,7.0
svm,signo_zodiacal_acuario,132,0.5,0.49000000000000005,0.4909430438842204,0.5800000000000001,0.5174468347842961,0.4600000000000001,0.5498718416086837,5.8,6.0,4.0,4.2
svm,signo_zodiacal_acuario,133,0.5,0.54,0.5520202020202021,0.5,0.5233082706766916,0.5820000000000001,0.5941631419835754,5.0,4.2,5.8,5.0
svm,signo_zodiacal_acuario,134,0.5,0.5700000000000001,0.6100432900432899,0.4600000000000001,0.4891575091575091,0.608,0.7016691266250088,4.6,3.2,6.8,5.4
svm,signo_zodiacal_acuario,135,0.5,0.59,0.570952380952381,0.74,0.6412727272727273,0.672,0.7525261839983202,7.4,5.6,4.4,2.6
svm,signo_zodiacal_acuario,136,0.5,0.4800000000000001,0.47020202020202023,0.42000000000000004,0.4389933166248955,0.51,0.5370037354286581,4.2,4.6,5.4,5.8
svm,signo_zodiacal_acuario,137,0.5,0.47000000000000003,0.4715728715728716,0.43999999999999995,0.4525431225121627,0.48999999999999994,0.56399291455019,4.4,5.0,5.0,5.6
svm,signo_zodiacal_acuario,138,0.5,0.63,0.6646353646353647,0.6,0.6165814151747655,0.6759999999999999,0.7230041429159076,6.0,3.4,6.6,4.0
svm,signo_zodiacal_acuario,139,0.5,0.49000000000000005,0.48522727272727273,0.5999999999999999,0.5292984792984793,0.572,0.6643658677923383,6.0,6.2,3.8,4.0
svm,signo_zodiacal_acuario,140,0.5,0.43999999999999995,0.4334415584415584,0.36,0.3884453781512605,0.42800000000000005,0.5210990127004058,3.6,4.8,5.2,6.4
svm,signo_zodiacal_acuario,141,0.5,0.45,0.44671717171717173,0.5,0.46809144072301967,0.43500000000000005,0.5285078918329692,5.0,6.0,4.0,5.0
svm,signo_zodiacal_acuario,142,0.5,0.5,0.47826330532212885,0.5,0.46025490196078434,0.508,0.5582188634379037,5.0,5.0,5.0,5.0
svm,signo_zodiacal_acuario,143,0.5,0.47000000000000003,0.4577620521892968,0.6,0.5045300878972279,0.33599999999999997,0.4399143099762295,6.0,6.6,3.4,4.0
svm,signo_zodiacal_acuario,144,0.5,0.45999999999999996,0.4665501165501166,0.5,0.47938390112303153,0.48,0.5780174084601329,5.0,5.8,4.2,5.0
svm,signo_zodiacal_acuario,145,0.5,0.59,0.6028571428571429,0.5199999999999999,0.5526470588235294,0.6199999999999999,0.6583528389395263,5.2,3.4,6.6,4.8
svm,signo_zodiacal_acuario,146,0.5,0.52,0.5369047619047619,0.43999999999999995,0.479144385026738,0.48200000000000004,0.5498574111646867,4.4,4.0,6.0,5.6
svm,signo_zodiacal_acuario,147,0.5,0.53,0.605,0.38,0.43666666666666665,0.5519999999999999,0.6196671275920502,3.8,3.2,6.8,6.2
svm,signo_zodiacal_acuario,148,0.5,0.44000000000000006,0.4473076923076923,0.45999999999999996,0.444792270531401,0.41200000000000003,0.5219053467172662,4.6,5.8,4.2,5.4
svm,signo_zodiacal_acuario,149,0.5,0.52,0.542142857142857,0.4800000000000001,0.49059417706476527,0.49800000000000005,0.5603330835830835,4.8,4.4,5.6,5.2
svm,signo_zodiacal_acuario,150,0.5,0.5,0.4956843156843157,0.6,0.5410577827969132,0.4960000000000001,0.5321401274164432,6.0,6.0,4.0,4.0
svm,signo_zodiacal_acuario,151,0.5,0.5,0.4677777777777778,0.33999999999999997,0.38383458646616536,0.5359999999999999,0.6037505539695942,3.4,3.4,6.6,6.6
svm,signo_zodiacal_acuario,152,0.5,0.48,0.5075396825396826,0.44000000000000006,0.4628654970760233,0.48199999999999993,0.5466207408003074,4.4,4.8,5.2,5.6
svm,signo_zodiacal_acuario,153,0.5,0.52,0.5245663650075415,0.7,0.5919914986276542,0.5409999999999999,0.6107944549430617,7.0,6.6,3.4,3.0
svm,signo_zodiacal_acuario,154,0.5,0.35,0.3344155844155844,0.32,0.321301247771836,0.358,0.49391481763850187,3.2,6.2,3.8,6.8
svm,signo_zodiacal_acuario,155,0.5,0.53,0.5302297702297702,0.54,0.5298940445743515,0.52,0.6027834661038995,5.4,4.8,5.2,4.6
svm,signo_zodiacal_acuario,156,0.5,0.53,0.5448484848484848,0.42000000000000004,0.4602380952380952,0.594,0.6750322908086066,4.2,3.6,6.4,5.8
svm,signo_zodiacal_acuario,157,0.5,0.56,0.5833333333333333,0.4600000000000001,0.48304761904761906,0.558,0.5921058369734841,4.6,3.4,6.6,5.4
svm,signo_zodiacal_acuario,158,0.5,0.51,0.5111111111111111,0.4,0.44415204678362574,0.5900000000000001,0.6486512818966379,4.0,3.8,6.2,6.0
svm,signo_zodiacal_acuario,159,0.5,0.52,0.5180519480519481,0.45999999999999996,0.4845191409897292,0.5599999999999999,0.5805143740848074,4.6,4.2,5.8,5.4
svm,signo_zodiacal_acuario,160,0.5,0.43,0.4428571428571428,0.52,0.4721033868092691,0.404,0.5095487002677406,5.2,6.6,3.4,4.8
svm,signo_zodiacal_acuario,161,0.5,0.55,0.5539585414585415,0.6399999999999999,0.5821767320488549,0.562,0.6125377182157367,6.4,5.4,4.6,3.6
svm,signo_zodiacal_acuario,162,0.5,0.45,0.4486796536796536,0.42000000000000004,0.4193483709273183,0.43600000000000005,0.5464378517938889,4.2,5.2,4.8,5.8
svm,signo_zodiacal_acuario,163,0.5,0.5900000000000001,0.6072727272727272,0.5999999999999999,0.5916491228070175,0.5980000000000001,0.6299160279864615,6.0,4.2,5.8,4.0
svm,signo_zodiacal_acuario,164,0.5,0.54,0.531068931068931,0.72,0.6093581780538302,0.546,0.6038154617140685,7.2,6.4,3.6,2.8
svm,signo_zodiacal_acuario,165,0.5,0.4,0.40285650022492125,0.52,0.4440972496208036,0.379,0.4848338348957544,5.2,7.2,2.8,4.8
svm,signo_zodiacal_acuario,166,0.5,0.55,0.5733333333333334,0.42000000000000004,0.4704066985645933,0.5149999999999999,0.5914974469974469,4.2,3.2,6.8,5.8
svm,signo_zodiacal_acuario,167,0.5,0.49000000000000005,0.49111111111111116,0.54,0.511350114416476,0.506,0.6143546180341846,5.4,5.6,4.4,4.6
svm,signo_zodiacal_acuario,168,0.5,0.49000000000000005,0.3957167832167833,0.48,0.426936348675479,0.41400000000000003,0.49212893848497563,4.8,5.0,5.0,5.2
svm,signo_zodiacal_acuario,169,0.5,0.47000000000000003,0.47616883116883113,0.44000000000000006,0.4540802987861811,0.41600000000000004,0.4981981378614505,4.4,5.0,5.0,5.6
svm,signo_zodiacal_acuario,170,0.5,0.49000000000000005,0.4898051948051948,0.43999999999999995,0.44820728291316525,0.488,0.5498031315090138,4.4,4.6,5.4,5.6
svm,signo_zodiacal_acuario,171,0.5,0.45,0.44230769230769235,0.5,0.46740698914611956,0.4640000000000001,0.5175010159259386,5.0,6.0,4.0,5.0
svm,signo_zodiacal_acuario,172,0.5,0.45999999999999996,0.45747863247863246,0.43999999999999995,0.4401064419943138,0.44800000000000006,0.5064904905036484,4.4,5.2,4.8,5.6
svm,signo_zodiacal_acuario,173,0.5,0.5200000000000001,0.5175180375180375,0.48,0.49491965207135485,0.554,0.6478081630272032,4.8,4.4,5.6,5.2
svm,signo_zodiacal_acuario,174,0.5,0.56,0.5694444444444444,0.44000000000000006,0.48872180451127817,0.5269999999999999,0.5847099665040841,4.4,3.2,6.8,5.6
svm,signo_zodiacal_acuario,175,0.5,0.48,0.4874098124098124,0.4,0.4363555948695268,0.516,0.5665511134891938,4.0,4.4,5.6,6.0
svm,signo_zodiacal_acuario,176,0.5,0.5599999999999999,0.5731746031746032,0.4600000000000001,0.5066615067079463,0.624,0.6323061644238115,4.6,3.4,6.6,5.4
svm,signo_zodiacal_acuario,177,0.5,0.55,0.5252497502497502,0.6399999999999999,0.5727743271221533,0.532,0.557456246368011,6.4,5.4,4.6,3.6
svm,signo_zodiacal_acuario,178,0.5,0.45999999999999996,0.46633986928104576,0.54,0.4936381357433989,0.476,0.5785728546479321,5.4,6.2,3.8,4.6
svm,signo_zodiacal_acuario,179,0.5,0.5599999999999999,0.512914862914863,0.5800000000000001,0.538864205969469,0.52,0.5917117065940596,5.8,4.6,5.4,4.2
svm,signo_zodiacal_acuario,180,0.5,0.42000000000000004,0.4011904761904762,0.33999999999999997,0.3641117052881759,0.438,0.510946811358576,3.4,5.0,5.0,6.6
svm,signo_zodiacal_acuario,181,0.5,0.4,0.42527472527472526,0.54,0.47391304347826085,0.38599999999999995,0.5043655054096231,5.4,7.4,2.6,4.6
svm,signo_zodiacal_acuario,182,0.5,0.65,0.6569624819624819,0.6599999999999999,0.6517961570593148,0.674,0.7276362885480532,6.6,3.6,6.4,3.4
svm,signo_zodiacal_acuario,183,0.5,0.5199999999999999,0.6090909090909091,0.36,0.3972658920027341,0.538,0.6305362868126025,3.6,3.2,6.8,6.4
svm,signo_zodiacal_acuario,184,0.5,0.5200000000000001,0.5224242424242425,0.42000000000000004,0.45709273182957394,0.5680000000000001,0.5688390575712557,4.2,3.8,6.2,5.8
svm,signo_zodiacal_acuario,185,0.5,0.4600000000000001,0.46583906289788646,0.6,0.5194805194805194,0.41600000000000004,0.5201433941875118,6.0,6.8,3.2,4.0
svm,signo_zodiacal_acuario,186,0.5,0.4699999999999999,0.45555555555555555,0.36,0.3989164086687306,0.508,0.5629441294000117,3.6,4.2,5.8,6.4
svm,signo_zodiacal_acuario,187,0.5,0.47000000000000003,0.45892857142857146,0.5399999999999999,0.48606426253485074,0.44800000000000006,0.545816248079406,5.4,6.0,4.0,4.6
svm,signo_zodiacal_acuario,188,0.5,0.5,0.5159523809523809,0.42000000000000004,0.44778431372549027,0.5280000000000001,0.5738269846768299,4.2,4.2,5.8,5.8
svm,signo_zodiacal_acuario,189,0.5,0.54,0.5513131313131313,0.48,0.5073851294903926,0.536,0.6043971747207042,4.8,4.0,6.0,5.2
svm,signo_zodiacal_acuario,190,0.5,0.45,0.48337662337662335,0.54,0.49999337916984976,0.48,0.5638705498148222,5.4,6.4,3.6,4.6
svm,signo_zodiacal_acuario,191,0.5,0.52,0.5078571428571429,0.42000000000000004,0.45542483660130717,0.49400000000000005,0.5386840947150545,4.2,3.8,6.2,5.8
svm,signo_zodiacal_acuario,192,0.5,0.63,0.6397435897435898,0.62,0.6250953470633104,0.6399999999999999,0.639130654862853,6.2,3.6,6.4,3.8
svm,signo_zodiacal_acuario,193,0.5,0.4699999999999999,0.4751515151515152,0.58,0.5206580086580087,0.47400000000000003,0.5275821498762674,5.8,6.4,3.6,4.2
svm,signo_zodiacal_acuario,194,0.5,0.55,0.5424242424242424,0.68,0.5993766233766233,0.5980000000000001,0.6396889117934009,6.8,5.8,4.2,3.2
svm,signo_zodiacal_acuario,195,0.5,0.5,0.4916666666666666,0.52,0.5005380116959064,0.5660000000000001,0.6271360131096972,5.2,5.2,4.8,4.8
svm,signo_zodiacal_acuario,196,0.5,0.51,0.522105672105672,0.5,0.5060186698630634,0.556,0.6151459553518377,5.0,4.8,5.2,5.0
svm,signo_zodiacal_acuario,197,0.5,0.4600000000000001,0.4679365079365079,0.6,0.5222974828375286,0.44000000000000006,0.5547377843175056,6.0,6.8,3.2,4.0
svm,signo_zodiacal_acuario,198,0.5,0.52,0.5322727272727272,0.54,0.5142539682539683,0.458,0.5419106906165729,5.4,5.0,5.0,4.6
svm,signo_zodiacal_acuario,199,0.5,0.4800000000000001,0.4957142857142857,0.5,0.48258823529411765,0.47400000000000003,0.5246265195073244,5.0,5.4,4.6,5.0
svm,signo_zodiacal_acuario,200,0.5,0.47000000000000003,0.44865800865800864,0.5,0.4667881468376825,0.45599999999999996,0.523869693000498,5.0,5.6,4.4,5.0
svm,signo_zodiacal_acuario,201,0.5,0.45,0.45114607614607616,0.5,0.46913479350550286,0.43999999999999995,0.5138779107029882,5.0,6.0,4.0,5.0
svm,signo_zodiacal_acuario,202,0.5,0.49000000000000005,0.48307692307692307,0.56,0.5177451533973272,0.458,0.5035005641932886,5.6,5.8,4.2,4.4
svm,signo_zodiacal_acuario,203,0.5,0.5199999999999999,0.5304761904761904,0.36,0.4222635018919848,0.53,0.5606852771411595,3.6,3.2,6.8,6.4
svm,signo_zodiacal_acuario,204,0.5,0.6299999999999999,0.6224009324009324,0.7,0.6511884057971014,0.6779999999999999,0.7146496179259337,7.0,4.4,5.6,3.0
svm,signo_zodiacal_acuario,205,0.5,0.45999999999999996,0.40823529411764703,0.4800000000000001,0.41417989417989415,0.48,0.5242441914810336,4.8,5.6,4.4,5.2
svm,signo_zodiacal_acuario,206,0.5,0.39,0.3984415584415585,0.48,0.4313483709273183,0.404,0.4914258237462571,4.8,7.0,3.0,5.2
svm,signo_zodiacal_acuario,207,0.5,0.56,0.5517482517482517,0.62,0.5799861973775018,0.5820000000000001,0.6452255142518301,6.2,5.0,5.0,3.8
svm,signo_zodiacal_acuario,208,0.5,0.35,0.3385714285714286,0.33999999999999997,0.331301247771836,0.3,0.42950918998442217,3.4,6.4,3.6,6.6
svm,signo_zodiacal_acuario,209,0.5,0.53,0.5232600732600732,0.6799999999999999,0.5907114624505929,0.611,0.6915115891160782,6.8,6.2,3.8,3.2
svm,signo_zodiacal_acuario,210,0.5,0.5900000000000001,0.5790054390054389,0.64,0.6056899164908318,0.5700000000000001,0.5597974139723366,6.4,4.6,5.4,3.6
svm,signo_zodiacal_acuario,211,0.5,0.5,0.5126190476190476,0.5,0.4972287581699346,0.51,0.5751535970049902,5.0,5.0,5.0,5.0
svm,signo_zodiacal_acuario,212,0.5,0.5,0.491394618453442,0.54,0.5033701901813357,0.466,0.5287914385236367,5.4,5.4,4.6,4.6
svm,signo_zodiacal_acuario,213,0.5,0.44000000000000006,0.45744255744255746,0.62,0.5243191591017679,0.44399999999999995,0.5528484401735174,6.2,7.4,2.6,3.8
svm,signo_zodiacal_acuario,214,0.5,0.63,0.6386111111111111,0.6399999999999999,0.6281691408007198,0.659,0.6971906775714825,6.4,3.8,6.2,3.6
svm,signo_zodiacal_acuario,215,0.5,0.5,0.5032911532911533,0.5199999999999999,0.5052621090042008,0.5,0.5709375079684678,5.2,5.2,4.8,4.8
svm,signo_zodiacal_acuario,216,0.5,0.5599999999999999,0.5506493506493506,0.6,0.5698412698412698,0.599,0.6383532551899425,6.0,4.8,5.2,4.0
svm,signo_zodiacal_acuario,217,0.5,0.54,0.5355526826115061,0.6599999999999999,0.5800201503526312,0.5239999999999999,0.6130284601019895,6.6,5.8,4.2,3.4
svm,signo_zodiacal_acuario,218,0.5,0.42000000000000004,0.43793650793650796,0.52,0.4711196172248804,0.37,0.468852917550286,5.2,6.8,3.2,4.8
svm,signo_zodiacal_acuario,219,0.5,0.5199999999999999,0.5318181818181819,0.54,0.5329004329004329,0.484,0.5398051948051947,5.4,5.0,5.0,4.6
svm,signo_zodiacal_acuario,220,0.5,0.62,0.6156959706959706,0.6599999999999999,0.6298906687007373,0.6599999999999999,0.6926400610912994,6.6,4.2,5.8,3.4
svm,signo_zodiacal_acuario,221,0.5,0.57,0.5501948051948051,0.7,0.6038685628097393,0.5040000000000001,0.5428410678588697,7.0,5.6,4.4,3.0
svm,signo_zodiacal_acuario,222,0.5,0.41,0.4111111111111111,0.36,0.3793062200956938,0.40800000000000003,0.49011136086136087,3.6,5.4,4.6,6.4
svm,signo_zodiacal_acuario,223,0.5,0.5800000000000001,0.5682983682983682,0.6599999999999999,0.610050818746471,0.556,0.6105302495921692,6.6,5.0,5.0,3.4
svm,signo_zodiacal_acuario,224,0.5,0.45,0.4342890442890443,0.54,0.47780864546081936,0.51,0.6144892623716153,5.4,6.4,3.6,4.6
svm,signo_zodiacal_acuario,225,0.5,0.52,0.5409523809523809,0.52,0.5192489601901367,0.514,0.5929077937885987,5.2,4.8,5.2,4.8
svm,signo_zodiacal_acuario,226,0.5,0.55,0.5051282051282051,0.54,0.5103456929543886,0.628,0.6943142496478409,5.4,4.4,5.6,4.6
svm,signo_zodiacal_acuario,227,0.5,0.41000000000000003,0.4195804195804196,0.54,0.4710144927536232,0.388,0.4782574196529305,5.4,7.2,2.8,4.6
svm,signo_zodiacal_acuario,228,0.5,0.43999999999999995,0.4512820512820513,0.52,0.47940272288098373,0.45,0.5051106270750234,5.2,6.4,3.6,4.8
svm,signo_zodiacal_acuario,229,0.5,0.54,0.5420634920634921,0.6,0.5649122807017544,0.54,0.6174667097608274,6.0,5.2,4.8,4.0
svm,signo_zodiacal_acuario,230,0.5,0.5800000000000001,0.6251948051948053,0.45999999999999996,0.520671531770603,0.5439999999999999,0.6067886545858683,4.6,3.0,7.0,5.4
svm,signo_zodiacal_acuario,231,0.5,0.6100000000000001,0.6375541125541125,0.54,0.5763772175536881,0.584,0.6410384692706673,5.4,3.2,6.8,4.6
svm,signo_zodiacal_acuario,232,0.5,0.42000000000000004,0.3942857142857143,0.36,0.35936507936507933,0.418,0.4881447688018895,3.6,5.2,4.8,6.4
svm,signo_zodiacal_acuario,233,0.5,0.54,0.5751587301587301,0.36,0.4285009658384271,0.53,0.6210229400802155,3.6,2.8,7.2,6.4
svm,signo_zodiacal_acuario,234,0.5,0.5599999999999999,0.5455555555555556,0.6399999999999999,0.5853014354066987,0.5880000000000001,0.6189547833487461,6.4,5.2,4.8,3.6
svm,signo_zodiacal_acuario,235,0.5,0.45999999999999996,0.3803030303030303,0.4,0.3875901875901876,0.43,0.512475725255137,4.0,4.8,5.2,6.0
svm,signo_zodiacal_acuario,236,0.5,0.45,0.4579365079365079,0.4,0.4084529505582137,0.458,0.5582999131071886,4.0,5.0,5.0,6.0
svm,signo_zodiacal_acuario,237,0.5,0.43,0.44531024531024527,0.5,0.4684666210982,0.42200000000000004,0.5112659491351442,5.0,6.4,3.6,5.0
svm,signo_zodiacal_acuario,238,0.5,0.47000000000000003,0.4666666666666666,0.2800000000000001,0.3421428571428572,0.49799999999999994,0.5819240373489599,2.8,3.4,6.6,7.2
svm,signo_zodiacal_acuario,239,0.5,0.44000000000000006,0.43901515151515147,0.5,0.46257952573742045,0.41600000000000004,0.499464453245413,5.0,6.2,3.8,5.0
svm,signo_zodiacal_acuario,240,0.5,0.5900000000000001,0.5734498834498835,0.7000000000000001,0.6272975719932241,0.55,0.6017627994640378,7.0,5.2,4.8,3.0
svm,signo_zodiacal_acuario,241,0.5,0.41000000000000003,0.3548051948051948,0.31999999999999995,0.32095238095238093,0.4,0.504430857326368,3.2,5.0,5.0,6.8
svm,signo_zodiacal_acuario,242,0.5,0.43,0.4246428571428571,0.42000000000000004,0.4125289089994972,0.38000000000000006,0.4673155764084556,4.2,5.6,4.4,5.8
svm,signo_zodiacal_acuario,243,0.5,0.38000000000000006,0.3866452991452991,0.44000000000000006,0.40158662847450033,0.32,0.46329065954685145,4.4,6.8,3.2,5.6
svm,signo_zodiacal_acuario,244,0.5,0.5599999999999999,0.5952991452991452,0.44000000000000006,0.4840552468126839,0.5509999999999999,0.5799240877801249,4.4,3.2,6.8,5.6
svm,signo_zodiacal_acuario,245,0.5,0.51,0.5125,0.5599999999999999,0.5214680744092509,0.4779999999999999,0.574716772821262,5.6,5.4,4.6,4.4
svm,signo_zodiacal_acuario,246,0.5,0.4800000000000001,0.4765584415584415,0.45999999999999996,0.4632085561497326,0.484,0.5766155223345626,4.6,5.0,5.0,5.4
svm,signo_zodiacal_acuario,247,0.5,0.58,0.5604395604395604,0.8,0.6577480490523968,0.528,0.5503353733469832,8.0,6.4,3.6,2.0
svm,signo_zodiacal_acuario,248,0.5,0.43,0.4514285714285714,0.48,0.4576959064327486,0.41600000000000004,0.5114504868196817,4.8,6.2,3.8,5.2
svm,signo_zodiacal_acuario,249,0.5,0.44000000000000006,0.4329004329004329,0.42000000000000004,0.421157059314954,0.36,0.49478686226054647,4.2,5.4,4.6,5.8
svm,signo_zodiacal_acuario,250,0.5,0.43,0.4259018759018759,0.36,0.3878519828984225,0.394,0.5064794398927526,3.6,5.0,5.0,6.4
svm,signo_zodiacal_acuario,251,0.5,0.44000000000000006,0.44623154623154626,0.48,0.45798554356906757,0.426,0.5187407433467804,4.8,6.0,4.0,5.2
svm,signo_zodiacal_acuario,252,0.5,0.47000000000000003,0.4760606060606061,0.5,0.48507936507936505,0.44000000000000006,0.5370847485847486,5.0,5.6,4.4,5.0
svm,signo_zodiacal_acuario,253,0.5,0.54,0.5255744255744256,0.6,0.5548344238881324,0.5740000000000001,0.6315561458665173,6.0,5.2,4.8,4.0
svm,signo_zodiacal_acuario,254,0.5,0.5,0.4942857142857142,0.5399999999999999,0.5113131313131312,0.472,0.5286994763922009,5.4,5.4,4.6,4.6
svm,signo_zodiacal_acuario,255,0.5,0.55,0.5351923076923077,0.7,0.5954387641344163,0.4539999999999999,0.5278778900837725,7.0,6.0,4.0,3.0
svm,signo_zodiacal_acuario,256,0.5,0.4,0.3447619047619047,0.45999999999999996,0.39115789473684215,0.386,0.48050945502725684,4.6,6.6,3.4,5.4
svm,signo_zodiacal_acuario,257,0.5,0.53,0.5516666666666666,0.39999999999999997,0.45666666666666667,0.52,0.6255844084536035,4.0,3.4,6.6,6.0
svm,signo_zodiacal_acuario,258,0.5,0.44000000000000006,0.4147186147186147,0.33999999999999997,0.36729691876750703,0.41600000000000004,0.4819001543691946,3.4,4.6,5.4,6.6
svm,signo_zodiacal_acuario,259,0.5,0.49000000000000005,0.45888888888888885,0.5,0.45897975708502026,0.572,0.5983263572512798,5.0,5.2,4.8,5.0
svm,signo_zodiacal_acuario,260,0.5,0.5599999999999999,0.5531468531468532,0.7,0.6082470669427191,0.64,0.6954463859154261,7.0,5.8,4.2,3.0
svm,signo_zodiacal_acuario,261,0.5,0.4800000000000001,0.48119658119658115,0.6,0.5225551090001217,0.49400000000000005,0.5391665279165279,6.0,6.4,3.6,4.0
svm,signo_zodiacal_acuario,262,0.5,0.52,0.5341666666666666,0.62,0.5627975299554248,0.51,0.58913557787242,6.2,5.8,4.2,3.8
svm,signo_zodiacal_acuario,263,0.5,0.48,0.4616666666666667,0.4000000000000001,0.4255555555555556,0.4640000000000001,0.5498667998667999,4.0,4.4,5.6,6.0
svm,signo_zodiacal_acuario,264,0.5,0.44000000000000006,0.4455122655122655,0.4600000000000001,0.44833751044277365,0.4800000000000001,0.567353858130174,4.6,5.8,4.2,5.4
svm,signo_zodiacal_acuario,265,0.5,0.6,0.5685714285714286,0.7,0.6179215686274511,0.633,0.6614179884443042,7.0,5.0,5.0,3.0
svm,signo_zodiacal_acuario,266,0.5,0.54,0.5469780219780219,0.45999999999999996,0.4908567774936062,0.564,0.6350492089609736,4.6,3.8,6.2,5.4
svm,signo_zodiacal_acuario,267,0.5,0.52,0.5577777777777778,0.5,0.5031390597706387,0.546,0.6159952449511273,5.0,4.6,5.4,5.0
svm,signo_zodiacal_acuario,268,0.5,0.44000000000000006,0.4688888888888889,0.4,0.4075671696724328,0.404,0.5267526754291461,4.0,5.2,4.8,6.0
svm,signo_zodiacal_acuario,269,0.5,0.52,0.5311111111111112,0.45999999999999996,0.4832429558745348,0.47000000000000003,0.5261495069258226,4.6,4.2,5.8,5.4
svm,signo_zodiacal_acuario,270,0.5,0.42000000000000004,0.414514652014652,0.5,0.4459946702913455,0.344,0.4356931608123559,5.0,6.6,3.4,5.0
svm,signo_zodiacal_acuario,271,0.5,0.56,0.558888888888889,0.54,0.5466879319510899,0.596,0.6421352166924922,5.4,4.2,5.8,4.6
svm,signo_zodiacal_acuario,272,0.5,0.5,0.4488888888888889,0.36,0.38885699096225407,0.45,0.5280165569724393,3.6,3.6,6.4,6.4
svm,signo_zodiacal_acuario,273,0.5,0.41000000000000003,0.39880952380952384,0.3,0.3364527629233512,0.466,0.5304326310943959,3.0,4.8,5.2,7.0
svm,signo_zodiacal_acuario,274,0.5,0.51,0.48760683760683765,0.54,0.5049615144580819,0.492,0.554267721442644,5.4,5.2,4.8,4.6
svm,signo_zodiacal_acuario,275,0.5,0.5399999999999999,0.5394805194805194,0.6,0.5593557422969189,0.5640000000000001,0.6083636532885759,6.0,5.2,4.8,4.0
svm,signo_zodiacal_acuario,276,0.5,0.5200000000000001,0.5198752228163993,0.6,0.548965848965849,0.4999999999999999,0.5466743060860708,6.0,5.6,4.4,4.0
svm,signo_zodiacal_acuario,277,0.5,0.48999999999999994,0.493076923076923,0.6599999999999999,0.5631304347826087,0.45400000000000007,0.5104391538114448,6.6,6.8,3.2,3.4
svm,signo_zodiacal_acuario,278,0.5,0.37999999999999995,0.3977622377622378,0.48,0.4327287784679089,0.346,0.45780237005856195,4.8,7.2,2.8,5.2
svm,signo_zodiacal_acuario,279,0.5,0.5800000000000001,0.6000703871292107,0.6799999999999999,0.6147269260106788,0.6539999999999999,0.7054862278244631,6.8,5.2,4.8,3.2
svm,signo_zodiacal_acuario,280,0.5,0.6300000000000001,0.6567832167832168,0.6199999999999999,0.6273406341941812,0.7,0.738587349956545,6.2,3.6,6.4,3.8
svm,signo_zodiacal_acuario,281,0.5,0.53,0.5199999999999999,0.58,0.5421033868092692,0.515,0.5892441987836724,5.8,5.2,4.8,4.2
svm,signo_zodiacal_acuario,282,0.5,0.5,0.5116161616161616,0.48,0.4876737297789929,0.4760000000000001,0.5592057387057388,4.8,4.8,5.2,5.2
svm,signo_zodiacal_acuario,283,0.5,0.43,0.3965909090909091,0.42000000000000004,0.3949938949938949,0.398,0.48662754015849996,4.2,5.6,4.4,5.8
svm,signo_zodiacal_acuario,284,0.5,0.51,0.5169108669108669,0.5,0.501570830121106,0.454,0.5328741068872648,5.0,4.8,5.2,5.0
svm,signo_zodiacal_acuario,285,0.5,0.39,0.3682539682539683,0.31999999999999995,0.3364128905150577,0.32399999999999995,0.4445485472559776,3.2,5.4,4.6,6.8
svm,signo_zodiacal_acuario,286,0.5,0.54,0.5722222222222222,0.48,0.489688381793645,0.592,0.6663258214094128,4.8,4.0,6.0,5.2
svm,signo_zodiacal_acuario,287,0.5,0.6199999999999999,0.634891774891775,0.5599999999999999,0.5874509803921569,0.616,0.6368403961020059,5.6,3.2,6.8,4.4
svm,signo_zodiacal_acuario,288,0.5,0.58,0.5799145299145299,0.6,0.5852691676490303,0.6299999999999999,0.6612246136216725,6.0,4.4,5.6,4.0
svm,signo_zodiacal_acuario,289,0.5,0.43,0.43555555555555553,0.43999999999999995,0.4369377990430622,0.446,0.5505722723269162,4.4,5.8,4.2,5.6
svm,signo_zodiacal_acuario,290,0.5,0.53,0.5275000000000001,0.6799999999999999,0.5898741258741258,0.508,0.5369901940165098,6.8,6.2,3.8,3.2
svm,signo_zodiacal_acuario,291,0.5,0.55,0.5647186147186147,0.4600000000000001,0.5019460415745245,0.6020000000000001,0.6225306068200804,4.6,3.6,6.4,5.4
svm,signo_zodiacal_acuario,292,0.5,0.5,0.5053968253968254,0.48,0.48847171404446943,0.4700000000000001,0.5446807549175969,4.8,4.8,5.2,5.2
svm,signo_zodiacal_acuario,293,0.5,0.58,0.5742857142857143,0.72,0.6307260458839405,0.5619999999999999,0.6011120715369942,7.2,5.6,4.4,2.8
svm,signo_zodiacal_acuario,294,0.5,0.48,0.4494949494949495,0.45999999999999996,0.45163476874003183,0.46799999999999997,0.5555625963303982,4.6,5.0,5.0,5.4
svm,signo_zodiacal_acuario,295,0.5,0.5000000000000001,0.4845299145299145,0.54,0.4971644130088066,0.528,0.5690022928567819,5.4,5.4,4.6,4.6
svm,signo_zodiacal_acuario,296,0.5,0.41,0.40183346065699005,0.5199999999999999,0.44822878646408054,0.37,0.509152618021813,5.2,7.0,3.0,4.8
svm,signo_zodiacal_acuario,297,0.5,0.48,0.4797979797979798,0.6599999999999999,0.5461152882205514,0.44400000000000006,0.5221946207387383,6.6,7.0,3.0,3.4
svm,signo_zodiacal_acuario,298,0.5,0.4,0.4104195804195804,0.5,0.4479965922711918,0.38,0.5064879324322048,5.0,7.0,3.0,5.0
svm,signo_zodiacal_acuario,299,0.5,0.47000000000000003,0.46611111111111114,0.4,0.4269298245614035,0.48600000000000004,0.5290804066934098,4.0,4.6,5.4,6.0
svm,signo_zodiacal_acuario,300,0.5,0.41,0.4139393939393939,0.4800000000000001,0.4413333333333333,0.362,0.4842854759619466,4.8,6.6,3.4,5.2
svm,signo_zodiacal_acuario,301,0.5,0.53,0.5667521367521366,0.4,0.4486586030293124,0.524,0.597068624787665,4.0,3.4,6.6,6.0
svm,signo_zodiacal_acuario,302,0.5,0.51,0.5368253968253968,0.5,0.48369050832208726,0.5740000000000001,0.6148212316579189,5.0,4.8,5.2,5.0
svm,signo_zodiacal_acuario,303,0.5,0.5599999999999999,0.5553113553113553,0.64,0.5909120627656096,0.52,0.5931726355859482,6.4,5.2,4.8,3.6
svm,signo_zodiacal_acuario,304,0.5,0.5800000000000001,0.5645221445221444,0.6599999999999999,0.6072576698663654,0.5860000000000001,0.6625104058308391,6.6,5.0,5.0,3.4
svm,signo_zodiacal_acuario,305,0.5,0.48,0.47071428571428575,0.34,0.39003267973856215,0.462,0.5608737744883255,3.4,3.8,6.2,6.6
svm,signo_zodiacal_acuario,306,0.5,0.5,0.49333333333333335,0.54,0.5125252525252525,0.49800000000000005,0.5745816232271341,5.4,5.4,4.6,4.6
svm,signo_zodiacal_acuario,307,0.5,0.45,0.4482828282828283,0.30000000000000004,0.34754385964912277,0.434,0.5264896482086885,3.0,4.0,6.0,7.0
svm,signo_zodiacal_acuario,308,0.5,0.47000000000000003,0.4479004329004329,0.5,0.4651021135727017,0.5359999999999999,0.6209447366359131,5.0,5.6,4.4,5.0
svm,signo_zodiacal_acuario,309,0.5,0.5399999999999999,0.5266666666666666,0.45999999999999996,0.48777777777777775,0.53,0.6302830143712497,4.6,3.8,6.2,5.4
svm,signo_zodiacal_acuario,310,0.5,0.5900000000000001,0.601025641025641,0.5599999999999999,0.5680549199084669,0.62,0.6838409260158486,5.6,3.8,6.2,4.4
svm,signo_zodiacal_acuario,311,0.5,0.5700000000000001,0.5726923076923077,0.5800000000000001,0.5728502415458937,0.63,0.6804951967537106,5.8,4.4,5.6,4.2
svm,signo_zodiacal_acuario,312,0.5,0.54,0.5444444444444445,0.52,0.531578947368421,0.5519999999999999,0.6092239792371371,5.2,4.4,5.6,4.8
svm,signo_zodiacal_acuario,313,0.5,0.54,0.5334065934065934,0.5199999999999999,0.5218010499394266,0.52,0.533304711628241,5.2,4.4,5.6,4.8
svm,signo_zodiacal_acuario,314,0.5,0.54,0.5561904761904762,0.62,0.5754046345811052,0.558,0.6289749323603812,6.2,5.4,4.6,3.8
svm,signo_zodiacal_acuario,315,0.5,0.5900000000000001,0.5949783549783549,0.64,0.6071189202953909,0.674,0.747514790163397,6.4,4.6,5.4,3.6
svm,signo_zodiacal_acuario,316,0.5,0.52,0.5148051948051948,0.52,0.513964858670741,0.5439999999999999,0.6355436507936508,5.2,4.8,5.2,4.8
svm,signo_zodiacal_acuario,317,0.5,0.5,0.5226190476190476,0.44000000000000006,0.46560887512899896,0.5,0.5862193552061973,4.4,4.4,5.6,5.6
svm,signo_zodiacal_acuario,318,0.5,0.44000000000000006,0.43737373737373736,0.41999999999999993,0.42673350041771096,0.4600000000000001,0.5463799903227147,4.2,5.4,4.6,5.8
svm,signo_zodiacal_acuario,319,0.5,0.5499999999999999,0.5516666666666666,0.5599999999999999,0.5524508240297714,0.6120000000000001,0.6316608832344126,5.6,4.6,5.4,4.4
svm,signo_zodiacal_acuario,320,0.5,0.43,0.425,0.36,0.3844444444444445,0.41,0.5210220726985433,3.6,5.0,5.0,6.4
svm,signo_zodiacal_acuario,321,0.5,0.45,0.48358974358974355,0.42000000000000004,0.4360474308300395,0.492,0.5680071219630043,4.2,5.2,4.8,5.8
svm,signo_zodiacal_acuario,322,0.5,0.5700000000000001,0.5866666666666667,0.45999999999999996,0.5031578947368421,0.6199999999999999,0.6242580170947043,4.6,3.2,6.8,5.4
svm,signo_zodiacal_acuario,323,0.5,0.4600000000000001,0.4539156268568033,0.45999999999999996,0.4401893622946254,0.42800000000000005,0.5371869272798065,4.6,5.4,4.6,5.4
svm,signo_zodiacal_acuario,324,0.5,0.51,0.5134920634920634,0.36,0.4128814683768244,0.5660000000000001,0.5925029768133483,3.6,3.4,6.6,6.4
svm,signo_zodiacal_acuario,325,0.5,0.47000000000000003,0.4386324786324787,0.5800000000000001,0.48891238966982675,0.396,0.4616209074723006,5.8,6.4,3.6,4.2
svm,signo_zodiacal_acuario,326,0.5,0.42000000000000004,0.4345543345543346,0.36,0.388794663555735,0.41200000000000003,0.5109581658451627,3.6,5.2,4.8,6.4
svm,signo_zodiacal_acuario,327,0.5,0.39,0.39904761904761904,0.4,0.3925074272133096,0.358,0.4550174209175758,4.0,6.2,3.8,6.0
svm,signo_zodiacal_acuario,328,0.5,0.55,0.5510822510822512,0.42000000000000004,0.47009803921568627,0.518,0.579124495989047,4.2,3.2,6.8,5.8
svm,signo_zodiacal_acuario,329,0.5,0.45999999999999996,0.4704462204462205,0.62,0.5326195543586849,0.4640000000000001,0.538841608941454,6.2,7.0,3.0,3.8
svm,signo_zodiacal_acuario,330,0.5,0.51,0.5172222222222222,0.38,0.4321929824561403,0.4720000000000001,0.5480252362017068,3.8,3.6,6.4,6.2
svm,signo_zodiacal_acuario,331,0.5,0.45,0.44874847374847376,0.38,0.40447458159465166,0.466,0.5464840606589833,3.8,4.8,5.2,6.2
svm,signo_zodiacal_acuario,332,0.5,0.59,0.641919191919192,0.5599999999999999,0.5733880154932787,0.634,0.6555434379861624,5.6,3.8,6.2,4.4
svm,signo_zodiacal_acuario,333,0.5,0.45,0.44393106893106893,0.5,0.45991774636275917,0.4739999999999999,0.5446235888294713,5.0,6.0,4.0,5.0
svm,signo_zodiacal_acuario,334,0.5,0.45999999999999996,0.4523076923076923,0.58,0.504731664470795,0.51,0.5906613756041,5.8,6.6,3.4,4.2
svm,signo_zodiacal_acuario,335,0.5,0.45,0.45314685314685316,0.52,0.4836438923395446,0.422,0.5369596047227626,5.2,6.2,3.8,4.8
svm,signo_zodiacal_acuario,336,0.5,0.52,0.5035014005602241,0.45999999999999996,0.4560224089635854,0.534,0.606009297290257,4.6,4.2,5.8,5.4
svm,signo_zodiacal_acuario,337,0.5,0.61,0.6561111111111112,0.5,0.561374269005848,0.686,0.70022197797043,5.0,2.8,7.2,5.0
svm,signo_zodiacal_acuario,338,0.5,0.47000000000000003,0.4793040293040294,0.6199999999999999,0.5399868247694334,0.48900000000000005,0.54713314729646,6.2,6.8,3.2,3.8
svm,signo_zodiacal_acuario,339,0.5,0.42000000000000004,0.3975324675324675,0.33999999999999997,0.3588422035480859,0.394,0.4853541289292064,3.4,5.0,5.0,6.6
svm,signo_zodiacal_acuario,340,0.5,0.4699999999999999,0.4692857142857143,0.32,0.37292717086834737,0.47400000000000003,0.5561655115610222,3.2,3.8,6.2,6.8
svm,signo_zodiacal_acuario,341,0.5,0.49000000000000005,0.4873076923076923,0.45999999999999996,0.46879227053140093,0.392,0.5039735111809416,4.6,4.8,5.2,5.4
svm,signo_zodiacal_acuario,342,0.5,0.47000000000000003,0.48442307692307696,0.58,0.5241726389552477,0.46399999999999997,0.5514324950075723,5.8,6.4,3.6,4.2
svm,signo_zodiacal_acuario,343,0.5,0.53,0.5326948051948052,0.64,0.5762637362637363,0.516,0.5652813662945242,6.4,5.8,4.2,3.6
svm,signo_zodiacal_acuario,344,0.5,0.57,0.5772727272727273,0.52,0.5444444444444444,0.5700000000000001,0.6120930160310964,5.2,3.8,6.2,4.8
svm,signo_zodiacal_acuario,345,0.5,0.45,0.46601398601398597,0.62,0.5294100681926768,0.47000000000000003,0.5495617921809872,6.2,7.2,2.8,3.8
svm,signo_zodiacal_acuario,346,0.5,0.57,0.5734920634920634,0.6199999999999999,0.5925358851674641,0.5519999999999999,0.5784750125175822,6.2,4.8,5.2,3.8
svm,signo_zodiacal_acuario,347,0.5,0.47000000000000003,0.4669108669108669,0.44000000000000006,0.44323749678777274,0.45599999999999996,0.5401606355460844,4.4,5.0,5.0,5.6
svm,signo_zodiacal_acuario,348,0.5,0.45,0.4577305047893283,0.6399999999999999,0.5312629399585921,0.394,0.4828777617291549,6.4,7.4,2.6,3.6
svm,signo_zodiacal_acuario,349,0.5,0.52,0.5611111111111111,0.44000000000000006,0.48433014354066983,0.5640000000000001,0.6508809313321697,4.4,4.0,6.0,5.6
svm,signo_zodiacal_acuario,350,0.5,0.37,0.3252380952380952,0.25999999999999995,0.2754548135043491,0.378,0.4825681932446638,2.6,5.2,4.8,7.4
svm,signo_zodiacal_acuario,351,0.5,0.53,0.5301587301587303,0.5199999999999999,0.5203490008443569,0.516,0.6012337127956323,5.2,4.6,5.4,4.8
svm,signo_zodiacal_acuario,352,0.5,0.38,0.3992307692307692,0.48,0.43494071146245056,0.43600000000000005,0.5426926680131015,4.8,7.2,2.8,5.2
svm,signo_zodiacal_acuario,353,0.5,0.58,0.5682251082251082,0.72,0.6332121212121212,0.6000000000000001,0.6267720598115334,7.2,5.6,4.4,2.8
svm,signo_zodiacal_acuario,354,0.5,0.48999999999999994,0.49230769230769234,0.62,0.5482872200263504,0.48200000000000004,0.5534240461121266,6.2,6.4,3.6,3.8
svm,signo_zodiacal_acuario,355,0.5,0.5900000000000001,0.5803030303030303,0.64,0.6082251082251082,0.6220000000000001,0.6884566534256937,6.4,4.6,5.4,3.6
svm,signo_zodiacal_acuario,356,0.5,0.4600000000000001,0.46633986928104576,0.54,0.4936381357433989,0.484,0.5723203807716192,5.4,6.2,3.8,4.6
svm,signo_zodiacal_acuario,357,0.5,0.45,0.45595238095238094,0.58,0.5054655870445345,0.386,0.4808621676740872,5.8,6.8,3.2,4.2
svm,signo_zodiacal_acuario,358,0.5,0.45,0.4440476190476191,0.4,0.4170528817587641,0.472,0.5594628612701368,4.0,5.0,5.0,6.0
svm,signo_zodiacal_acuario,359,0.5,0.41000000000000003,0.4446428571428571,0.56,0.49006870322659796,0.356,0.4721789256495139,5.6,7.4,2.6,4.4
svm,signo_zodiacal_acuario,360,0.5,0.6,0.5919191919191918,0.6199999999999999,0.6035999088630667,0.6799999999999999,0.6932170874361278,6.2,4.2,5.8,3.8
svm,signo_zodiacal_acuario,361,0.5,0.48999999999999994,0.4954545454545454,0.5800000000000001,0.5341991341991342,0.47800000000000004,0.5280728711433046,5.8,6.0,4.0,4.2
svm,signo_zodiacal_acuario,362,0.5,0.54,0.5773076923076923,0.41999999999999993,0.47212560386473434,0.484,0.5503737912414384,4.2,3.4,6.6,5.8
svm,signo_zodiacal_acuario,363,0.5,0.5599999999999999,0.6273193473193472,0.5199999999999999,0.5329920118020804,0.584,0.6389315945492415,5.2,4.0,6.0,4.8
svm,signo_zodiacal_acuario,364,0.5,0.48,0.4866666666666667,0.4,0.4303535353535353,0.41600000000000004,0.557123111580542,4.0,4.4,5.6,6.0
svm,signo_zodiacal_acuario,365,0.5,0.51,0.5054761904761904,0.4,0.44261437908496737,0.4700000000000001,0.5175665353738108,4.0,3.8,6.2,6.0
svm,signo_zodiacal_acuario,366,0.5,0.5,0.5015151515151516,0.56,0.525036075036075,0.5039999999999999,0.5954459064327484,5.6,5.6,4.4,4.4
svm,signo_zodiacal_acuario,367,0.5,0.52,0.5285714285714286,0.44000000000000006,0.47712418300653603,0.542,0.5942502503516435,4.4,4.0,6.0,5.6
svm,signo_zodiacal_acuario,368,0.5,0.53,0.5226190476190476,0.45999999999999996,0.4812388591800357,0.48200000000000004,0.5422366518070852,4.6,4.0,6.0,5.4
svm,signo_zodiacal_acuario,369,0.5,0.49000000000000005,0.48571428571428565,0.45999999999999996,0.4637700534759358,0.558,0.6512847599596825,4.6,4.8,5.2,5.4
svm,signo_zodiacal_acuario,370,0.5,0.55,0.5384848484848485,0.6599999999999999,0.5912034632034632,0.592,0.6165804548908265,6.6,5.6,4.4,3.4
svm,signo_zodiacal_acuario,371,0.5,0.51,0.5180952380952382,0.36,0.4223735810113519,0.52,0.5885419837300642,3.6,3.4,6.6,6.4
svm,signo_zodiacal_acuario,372,0.5,0.48999999999999994,0.4892857142857142,0.38,0.42525799793601654,0.509,0.5809729720743653,3.8,4.0,6.0,6.2
svm,signo_zodiacal_acuario,373,0.5,0.5,0.5076007326007326,0.45999999999999996,0.47117143300007747,0.462,0.5422980810039633,4.6,4.6,5.4,5.4
svm,signo_zodiacal_acuario,374,0.5,0.62,0.6033766233766233,0.74,0.661073593073593,0.5599999999999999,0.5910359240003202,7.4,5.0,5.0,2.6
svm,signo_zodiacal_acuario,375,0.5,0.43,0.43153846153846154,0.5,0.46009661835748794,0.4,0.49396856738033207,5.0,6.4,3.6,5.0
svm,signo_zodiacal_acuario,376,0.5,0.49000000000000005,0.48317460317460315,0.33999999999999997,0.39636738906088753,0.506,0.5728511221320819,3.4,3.6,6.4,6.6
svm,signo_zodiacal_acuario,377,0.5,0.5700000000000001,0.6211904761904762,0.42000000000000004,0.4900280112044818,0.564,0.5677789345157767,4.2,2.8,7.2,5.8
svm,signo_zodiacal_acuario,378,0.5,0.43,0.43495670995671,0.48,0.4528138528138528,0.36,0.4871668927907318,4.8,6.2,3.8,5.2
svm,signo_zodiacal_acuario,379,0.5,0.64,0.6865079365079365,0.52,0.5887082903336773,0.658,0.7027985152102799,5.2,2.4,7.6,4.8
svm,signo_zodiacal_acuario,380,0.5,0.51,0.5025,0.68,0.574037296037296,0.5559999999999999,0.5974890813520843,6.8,6.6,3.4,3.2
svm,signo_zodiacal_acuario,381,0.5,0.53,0.5315934065934066,0.5599999999999999,0.5376811594202898,0.534,0.6179985102616682,5.6,5.0,5.0,4.4
svm,signo_zodiacal_acuario,382,0.5,0.5599999999999999,0.5570512820512821,0.64,0.5909530083443127,0.5,0.5098625508478449,6.4,5.2,4.8,3.6
svm,signo_zodiacal_acuario,383,0.5,0.49000000000000005,0.5165418894830659,0.52,0.48594708994708996,0.594,0.6549870207192188,5.2,5.4,4.6,4.8
svm,signo_zodiacal_acuario,384,0.5,0.43000000000000005,0.4257142857142857,0.45999999999999996,0.4336651583710408,0.454,0.5323333784378675,4.6,6.0,4.0,5.4
svm,signo_zodiacal_acuario,385,0.5,0.5599999999999999,0.5564102564102564,0.62,0.5800193236714976,0.5720000000000001,0.6455111930553107,6.2,5.0,5.0,3.8
svm,signo_zodiacal_acuario,386,0.5,0.5800000000000001,0.5783882783882783,0.5599999999999999,0.556303001749899,0.614,0.6695940058393619,5.6,4.0,6.0,4.4
svm,signo_zodiacal_acuario,387,0.5,0.5200000000000001,0.517027417027417,0.4999999999999999,0.5044911744602147,0.5599999999999999,0.5989653946844349,5.0,4.6,5.4,5.0
svm,signo_zodiacal_acuario,388,0.5,0.5,0.5079365079365079,0.34,0.40479876160990713,0.49800000000000005,0.546206158650431,3.4,3.4,6.6,6.6
svm,signo_zodiacal_acuario,389,0.5,0.52,0.5408119658119658,0.48,0.5009916094584287,0.546,0.6073431378562958,4.8,4.4,5.6,5.2
svm,signo_zodiacal_acuario,390,0.5,0.49000000000000005,0.4890909090909091,0.62,0.5433766233766233,0.45,0.5156768688827512,6.2,6.4,3.6,3.8
svm,signo_zodiacal_acuario,391,0.5,0.49000000000000005,0.48136752136752137,0.31999999999999995,0.36042480783899544,0.504,0.5591431895417964,3.2,3.4,6.6,6.8
svm,signo_zodiacal_acuario,392,0.5,0.5,0.5,0.68,0.5745920745920745,0.48600000000000004,0.5393487227426855,6.8,6.8,3.2,3.2
svm,signo_zodiacal_acuario,393,0.5,0.5,0.4961904761904762,0.5,0.4847379679144385,0.55,0.5904625451947434,5.0,5.0,5.0,5.0
svm,signo_zodiacal_acuario,394,0.5,0.45,0.4477777777777778,0.36,0.38933014354066986,0.47000000000000003,0.5797409175791529,3.6,4.6,5.4,6.4
svm,signo_zodiacal_acuario,395,0.5,0.5800000000000001,0.5572740984505691,0.74,0.6323190497103541,0.5800000000000001,0.6142505358418671,7.4,5.8,4.2,2.6
svm,signo_zodiacal_acuario,396,0.5,0.51,0.5036013986013985,0.7,0.5834900461856984,0.49800000000000005,0.5926793467969939,7.0,6.8,3.2,3.0
svm,signo_zodiacal_acuario,397,0.5,0.65,0.6511111111111111,0.68,0.659578947368421,0.6360000000000001,0.7437482523496455,6.8,3.8,6.2,3.2
svm,signo_zodiacal_acuario,398,0.5,0.5599999999999999,0.5447330447330447,0.6199999999999999,0.5766347687400318,0.5599999999999999,0.5791649918708742,6.2,5.0,5.0,3.8
svm,signo_zodiacal_acuario,399,0.5,0.55,0.5366214177978884,0.72,0.6095868833260137,0.5599999999999999,0.5920106066104518,7.2,6.2,3.8,2.8
svm,signo_zodiacal_acuario,400,0.5,0.5800000000000001,0.601025641025641,0.6199999999999999,0.5920421607378129,0.584,0.6465923313013096,6.2,4.6,5.4,3.8
svm,signo_zodiacal_acuario,401,0.5,0.6,0.6345299145299146,0.6000000000000001,0.6058071562304972,0.6140000000000001,0.7143175708880042,6.0,4.0,6.0,4.0
svm,signo_zodiacal_acuario,402,0.5,0.4800000000000001,0.47297979797979794,0.5,0.4818295739348371,0.526,0.5953308811071969,5.0,5.4,4.6,5.0
svm,signo_zodiacal_acuario,403,0.5,0.6300000000000001,0.6519480519480518,0.5800000000000001,0.6108801415302964,0.6900000000000001,0.7001320695128744,5.8,3.2,6.8,4.2
svm,signo_zodiacal_acuario,404,0.5,0.45999999999999996,0.3846153846153847,0.38,0.3725845410628019,0.40800000000000003,0.48275531211134926,3.8,4.6,5.4,6.2
svm,signo_zodiacal_acuario,405,0.5,0.47000000000000003,0.4662698412698413,0.42000000000000004,0.4386903086593489,0.458,0.5283375796889728,4.2,4.8,5.2,5.8
svm,signo_zodiacal_acuario,406,0.5,0.59,0.5876190476190476,0.66,0.6139649122807018,0.598,0.6007633909777873,6.6,4.8,5.2,3.4
svm,signo_zodiacal_acuario,407,0.5,0.62,0.6031440781440782,0.6599999999999999,0.6228960081362827,0.6260000000000001,0.622213924534358,6.6,4.2,5.8,3.4
svm,signo_zodiacal_acuario,408,0.5,0.5700000000000001,0.5837301587301587,0.5,0.5368077055383557,0.5820000000000001,0.6506790786612767,5.0,3.6,6.4,5.0
svm,signo_zodiacal_acuario,409,0.5,0.4,0.4035897435897436,0.42000000000000004,0.40027231121281465,0.376,0.47458114254166883,4.2,6.2,3.8,5.8
svm,signo_zodiacal_acuario,410,0.5,0.6300000000000001,0.6444444444444445,0.62,0.6211722488038277,0.6699999999999999,0.6891133731249829,6.2,3.6,6.4,3.8
svm,signo_zodiacal_acuario,411,0.5,0.5599999999999999,0.551025641025641,0.6599999999999999,0.5973754940711463,0.52,0.5425424036747566,6.6,5.4,4.6,3.4
svm,signo_zodiacal_acuario,412,0.5,0.51,0.5134920634920636,0.58,0.5380914407230197,0.58,0.6771570096570095,5.8,5.6,4.4,4.2
svm,signo_zodiacal_acuario,413,0.5,0.44000000000000006,0.42444444444444446,0.32,0.3599122807017544,0.47400000000000003,0.5384357478606704,3.2,4.4,5.6,6.8
svm,signo_zodiacal_acuario,414,0.5,0.5,0.5021645021645021,0.54,0.5147717779296727,0.568,0.5838094101460974,5.4,5.4,4.6,4.6
svm,signo_zodiacal_acuario,415,0.5,0.45999999999999996,0.4603535353535354,0.54,0.4866484392800182,0.4720000000000001,0.5325949295802237,5.4,6.2,3.8,4.6
svm,signo_zodiacal_acuario,416,0.5,0.51,0.4974450386215092,0.6199999999999999,0.545778587883851,0.402,0.4878512504866994,6.2,6.0,4.0,3.8
svm,signo_zodiacal_acuario,417,0.5,0.53,0.523076923076923,0.7,0.59738522347218,0.505,0.5392978765300745,7.0,6.4,3.6,3.0
svm,signo_zodiacal_acuario,418,0.5,0.45999999999999996,0.46729797979797977,0.5399999999999999,0.49269648480174794,0.5459999999999999,0.6424710099841678,5.4,6.2,3.8,4.6
svm,signo_zodiacal_acuario,419,0.5,0.53,0.5195054945054945,0.5,0.5005089255728642,0.538,0.5970750377073907,5.0,4.4,5.6,5.0
svm,signo_zodiacal_acuario,420,0.5,0.48,0.46352813852813846,0.44000000000000006,0.4421335200746966,0.43599999999999994,0.5108714053404456,4.4,4.8,5.2,5.6
svm,signo_zodiacal_acuario,421,0.5,0.58,0.6274242424242423,0.45999999999999996,0.5209523809523808,0.5599999999999999,0.551065513519848,4.6,3.0,7.0,5.4
svm,signo_zodiacal_acuario,422,0.5,0.49000000000000005,0.4909090909090909,0.6199999999999999,0.5467532467532468,0.466,0.5338837016956212,6.2,6.4,3.6,3.8
svm,signo_zodiacal_acuario,423,0.5,0.51,0.5143589743589743,0.5800000000000001,0.5435573122529644,0.5200000000000001,0.5693169767109395,5.8,5.6,4.4,4.2
svm,signo_zodiacal_acuario,424,0.5,0.42000000000000004,0.4288888888888889,0.52,0.4659681020733652,0.398,0.5292868839107229,5.2,6.8,3.2,4.8
svm,signo_zodiacal_acuario,425,0.5,0.47000000000000003,0.45519480519480526,0.54,0.4911976911976912,0.5200000000000001,0.5924121695298166,5.4,6.0,4.0,4.6
svm,signo_zodiacal_acuario,426,0.5,0.5399999999999999,0.5333333333333333,0.5199999999999999,0.5148989898989899,0.584,0.6343457447265497,5.2,4.4,5.6,4.8
svm,signo_zodiacal_acuario,427,0.5,0.5900000000000001,0.6033333333333333,0.4600000000000001,0.5155555555555555,0.536,0.580011023290435,4.6,2.8,7.2,5.4
svm,signo_zodiacal_acuario,428,0.5,0.52,0.5116666666666667,0.38,0.4218803418803418,0.554,0.6271063925754328,3.8,3.4,6.6,6.2
svm,signo_zodiacal_acuario,429,0.5,0.54,0.5324675324675325,0.6000000000000001,0.5619047619047619,0.586,0.6368971563352368,6.0,5.2,4.8,4.0
svm,signo_zodiacal_acuario,430,0.5,0.49000000000000005,0.49470085470085473,0.45999999999999996,0.45236253677672444,0.458,0.5150659820056105,4.6,4.8,5.2,5.4
svm,signo_zodiacal_acuario,431,0.5,0.48,0.47777777777777775,0.44000000000000006,0.45294486215538843,0.469,0.5544548872180451,4.4,4.8,5.2,5.6
svm,signo_zodiacal_acuario,432,0.5,0.48,0.4703846153846154,0.54,0.499235836627141,0.49400000000000005,0.5821053931448669,5.4,5.8,4.2,4.6
svm,signo_zodiacal_acuario,433,0.5,0.5,0.46678321678321677,0.5,0.47718646088211303,0.506,0.5776388491109853,5.0,5.0,5.0,5.0
svm,signo_zodiacal_acuario,434,0.5,0.5599999999999999,0.5602020202020201,0.58,0.5686397812713602,0.6519999999999999,0.6766786530462999,5.8,4.6,5.4,4.2
svm,signo_zodiacal_acuario,435,0.5,0.48,0.47519480519480517,0.54,0.5026384142173617,0.46399999999999997,0.5154655134167518,5.4,5.8,4.2,4.6
svm,signo_zodiacal_acuario,436,0.5,0.51,0.5203463203463203,0.52,0.5095238095238095,0.534,0.5695609276344571,5.2,5.0,5.0,4.8
svm,signo_zodiacal_acuario,437,0.5,0.49000000000000005,0.49142857142857144,0.33999999999999997,0.3989542483660131,0.4880000000000001,0.5619068051831209,3.4,3.6,6.4,6.6
svm,signo_zodiacal_acuario,438,0.5,0.47000000000000003,0.45330447330447327,0.41999999999999993,0.4334915720674234,0.505,0.533741597841443,4.2,4.8,5.2,5.8
svm,signo_zodiacal_acuario,439,0.5,0.54,0.5387445887445887,0.6599999999999999,0.5915584415584415,0.548,0.6052683711197643,6.6,5.8,4.2,3.4
svm,signo_zodiacal_acuario,440,0.5,0.52,0.52,0.52,0.5097435897435897,0.572,0.6339833663068957,5.2,4.8,5.2,4.8
svm,signo_zodiacal_acuario,441,0.5,0.52,0.521025641025641,0.58,0.5462367380902851,0.53,0.6101527787657819,5.8,5.4,4.6,4.2
svm,signo_zodiacal_acuario,442,0.5,0.41000000000000003,0.4114285714285715,0.48,0.4344242424242425,0.35,0.45896655717863144,4.8,6.6,3.4,5.2
svm,signo_zodiacal_acuario,443,0.5,0.5,0.5052287581699346,0.5599999999999999,0.5237816764132553,0.45,0.5182786580464599,5.6,5.6,4.4,4.4
svm,signo_zodiacal_acuario,444,0.5,0.41,0.40658119658119657,0.48,0.4293581780538302,0.364,0.4648480788217631,4.8,6.6,3.4,5.2
svm,signo_zodiacal_acuario,445,0.5,0.53,0.5352014652014652,0.6,0.5491699604743083,0.5619999999999999,0.6222717837717837,6.0,5.4,4.6,4.0
svm,signo_zodiacal_acuario,446,0.5,0.56,0.565,0.4800000000000001,0.49981699346405223,0.516,0.5710398947457771,4.8,3.6,6.4,5.2
svm,signo_zodiacal_acuario,447,0.5,0.65,0.6675036075036076,0.6200000000000001,0.6393011941618753,0.628,0.6670938779143113,6.2,3.2,6.8,3.8
svm,signo_zodiacal_acuario,448,0.5,0.67,0.6545454545454545,0.74,0.6943722943722943,0.666,0.6794753938871585,7.4,4.0,6.0,2.6
svm,signo_zodiacal_acuario,449,0.5,0.45999999999999996,0.4551587301587302,0.4,0.42231603965350095,0.49399999999999994,0.5867230542934877,4.0,4.8,5.2,6.0
svm,signo_zodiacal_acuario,450,0.5,0.4800000000000001,0.4928138528138528,0.31999999999999995,0.3787675070028011,0.45400000000000007,0.544751148576226,3.2,3.6,6.4,6.8
svm,signo_zodiacal_acuario,451,0.5,0.5199999999999999,0.5277777777777777,0.32,0.38645255673119455,0.522,0.5695562395121219,3.2,2.8,7.2,6.8
svm,signo_zodiacal_acuario,452,0.5,0.47000000000000003,0.46904761904761905,0.58,0.5105882352941177,0.45099999999999996,0.5510596452051562,5.8,6.4,3.6,4.2
svm,signo_zodiacal_acuario,453,0.5,0.4699999999999999,0.4896153846153847,0.6399999999999999,0.5443781918564528,0.437,0.5258195133899468,6.4,7.0,3.0,3.6
svm,signo_zodiacal_acuario,454,0.5,0.43000000000000005,0.4075457875457875,0.32,0.3467661267405513,0.41400000000000003,0.49943832088104534,3.2,4.6,5.4,6.8
svm,signo_zodiacal_acuario,455,0.5,0.37,0.3424509803921569,0.38000000000000006,0.35018518518518515,0.32599999999999996,0.4339474739227061,3.8,6.4,3.6,6.2
svm,signo_zodiacal_acuario,456,0.5,0.47000000000000003,0.43000000000000005,0.30000000000000004,0.3466106442577031,0.4739999999999999,0.5166288427774496,3.0,3.6,6.4,7.0
svm,signo_zodiacal_acuario,457,0.5,0.5900000000000001,0.5843589743589743,0.7600000000000001,0.655165703861356,0.588,0.6306540006261369,7.6,5.8,4.2,2.4
svm,signo_zodiacal_acuario,458,0.5,0.44000000000000006,0.4303030303030303,0.45999999999999996,0.4396103896103896,0.41600000000000004,0.5060267618518393,4.6,5.8,4.2,5.4
svm,signo_zodiacal_acuario,459,0.5,0.45,0.4371428571428571,0.48,0.4532492997198879,0.508,0.5632751770073752,4.8,5.8,4.2,5.2
svm,signo_zodiacal_acuario,460,0.5,0.44000000000000006,0.41428571428571426,0.33999999999999997,0.3718954248366013,0.392,0.4859462604818642,3.4,4.6,5.4,6.6
svm,signo_zodiacal_acuario,461,0.5,0.44000000000000006,0.42754901960784314,0.48,0.4431578947368421,0.48200000000000004,0.6098141047978508,4.8,6.0,4.0,5.2
svm,signo_zodiacal_acuario,462,0.5,0.47000000000000003,0.46848484848484845,0.5800000000000001,0.5151428571428572,0.44399999999999995,0.5197327131932395,5.8,6.4,3.6,4.2
svm,signo_zodiacal_acuario,463,0.5,0.45999999999999996,0.4476890756302521,0.54,0.47623596447125854,0.42799999999999994,0.5183979266347687,5.4,6.2,3.8,4.6
svm,signo_zodiacal_acuario,464,0.5,0.51,0.5058823529411764,0.52,0.4674242424242424,0.476,0.5402805772658714,5.2,5.0,5.0,4.8
svm,signo_zodiacal_acuario,465,0.5,0.5700000000000001,0.5753607503607503,0.5199999999999999,0.5433534817435746,0.5979999999999999,0.7031650396387239,5.2,3.8,6.2,4.8
svm,signo_zodiacal_acuario,466,0.5,0.56,0.546486013986014,0.6799999999999999,0.6019209775731514,0.576,0.6080026786938552,6.8,5.6,4.4,3.2
svm,signo_zodiacal_acuario,467,0.5,0.51,0.5046464646464646,0.6199999999999999,0.5522538163590796,0.532,0.5435167322357726,6.2,6.0,4.0,3.8
svm,signo_zodiacal_acuario,468,0.5,0.49000000000000005,0.49777777777777776,0.44000000000000006,0.45794486215538843,0.42800000000000005,0.5466425551572611,4.4,4.6,5.4,5.6
svm,signo_zodiacal_acuario,469,0.5,0.51,0.5257020757020757,0.58,0.5443554538520213,0.506,0.6165351701102475,5.8,5.6,4.4,4.2
svm,signo_zodiacal_acuario,470,0.5,0.47000000000000003,0.4357142857142858,0.44000000000000006,0.4252466203872854,0.476,0.5183901011269432,4.4,5.0,5.0,5.6
svm,signo_zodiacal_acuario,471,0.5,0.52,0.5126984126984127,0.4800000000000001,0.48581480439065583,0.56,0.6184007936507936,4.8,4.4,5.6,5.2
svm,signo_zodiacal_acuario,472,0.5,0.49000000000000005,0.478021978021978,0.5599999999999999,0.5080269704719833,0.4600000000000001,0.4939221040397511,5.6,5.8,4.2,4.4
svm,signo_zodiacal_acuario,473,0.5,0.44000000000000006,0.42714285714285716,0.44000000000000006,0.4209679144385027,0.45200000000000007,0.5335407925407926,4.4,5.6,4.4,5.6
svm,signo_zodiacal_acuario,474,0.5,0.54,0.5526695526695526,0.45999999999999996,0.49271413828689364,0.534,0.6189832383818452,4.6,3.8,6.2,5.4
svm,signo_zodiacal_acuario,475,0.5,0.52,0.5215584415584416,0.52,0.5169747899159665,0.5740000000000001,0.6193255318812595,5.2,4.8,5.2,4.8
svm,signo_zodiacal_acuario,476,0.5,0.4600000000000001,0.43040404040404034,0.44000000000000006,0.4303577124629756,0.462,0.5647752998635351,4.4,5.2,4.8,5.6
svm,signo_zodiacal_acuario,477,0.5,0.5199999999999999,0.5376623376623376,0.56,0.5410236822001527,0.5499999999999999,0.598695165515599,5.6,5.2,4.8,4.4
svm,signo_zodiacal_acuario,478,0.5,0.48,0.48666666666666664,0.52,0.5018181818181818,0.476,0.5519605672105671,5.2,5.6,4.4,4.8
svm,signo_zodiacal_acuario,479,0.5,0.43,0.4281835811247576,0.54,0.46920053045372745,0.42000000000000004,0.49858755047841735,5.4,6.8,3.2,4.6
svm,signo_zodiacal_acuario,480,0.5,0.42000000000000004,0.37445054945054945,0.33999999999999997,0.3466447448544635,0.41200000000000003,0.5470948624818593,3.4,5.0,5.0,6.6
svm,signo_zodiacal_acuario,481,0.5,0.45,0.45894327894327896,0.52,0.4841244415386292,0.4069999999999999,0.5160533108961902,5.2,6.2,3.8,4.8
svm,signo_zodiacal_acuario,482,0.5,0.54,0.5553535353535353,0.45999999999999996,0.49570593149540515,0.5459999999999999,0.5867908002729983,4.6,3.8,6.2,5.4
svm,signo_zodiacal_acuario,483,0.5,0.47000000000000003,0.477948717948718,0.6,0.5262512077294687,0.48200000000000004,0.5618901458019104,6.0,6.6,3.4,4.0
svm,signo_zodiacal_acuario,484,0.5,0.52,0.5477272727272727,0.4600000000000001,0.49417293233082704,0.5380000000000001,0.5720067063139818,4.6,4.2,5.8,5.4
svm,signo_zodiacal_acuario,485,0.5,0.55,0.544055944055944,0.6799999999999999,0.6015260102216624,0.534,0.5733833933524336,6.8,5.8,4.2,3.2
svm,signo_zodiacal_acuario,486,0.5,0.6,0.6026767676767676,0.5399999999999999,0.5632581453634085,0.5900000000000001,0.5877215268391739,5.4,3.4,6.6,4.6
svm,signo_zodiacal_acuario,487,0.5,0.51,0.5212087912087913,0.42000000000000004,0.45662972435350946,0.5640000000000001,0.6180132157144541,4.2,4.0,6.0,5.8
svm,signo_zodiacal_acuario,488,0.5,0.51,0.49951298701298696,0.6599999999999999,0.5646520146520146,0.5119999999999999,0.5730406439965263,6.6,6.4,3.6,3.4
svm,signo_zodiacal_acuario,489,0.5,0.45999999999999996,0.46311688311688304,0.43999999999999995,0.439593837535014,0.45,0.5195264622718183,4.4,5.2,4.8,5.6
svm,signo_zodiacal_acuario,490,0.5,0.62,0.6179473304473303,0.74,0.6671819408661513,0.6520000000000001,0.7044044391281232,7.4,5.0,5.0,2.6
svm,signo_zodiacal_acuario,491,0.5,0.5,0.4955555555555556,0.62,0.5448112589165219,0.44399999999999995,0.5474127549437148,6.2,6.2,3.8,3.8
svm,signo_zodiacal_acuario,492,0.5,0.6199999999999999,0.6060372960372961,0.72,0.655699228307924,0.626,0.6186053462361512,7.2,4.8,5.2,2.8
svm,signo_zodiacal_acuario,493,0.5,0.5900000000000001,0.6044155844155844,0.52,0.5539869281045753,0.6240000000000001,0.658611831151305,5.2,3.4,6.6,4.8
svm,signo_zodiacal_acuario,494,0.5,0.44000000000000006,0.4462418300653594,0.45999999999999996,0.4440545808966861,0.49800000000000005,0.5843648132912838,4.6,5.8,4.2,5.4
svm,signo_zodiacal_acuario,495,0.5,0.37,0.3597619047619047,0.34,0.3431578947368421,0.374,0.4567173108968774,3.4,6.0,4.0,6.6
svm,signo_zodiacal_acuario,496,0.5,0.44000000000000006,0.4439743589743589,0.48,0.4501862099253405,0.36,0.44391777666777654,4.8,6.0,4.0,5.2
svm,signo_zodiacal_acuario,497,0.5,0.55,0.5404040404040404,0.6,0.5673274094326726,0.502,0.5336597356891474,6.0,5.0,5.0,4.0
svm,signo_zodiacal_acuario,498,0.5,0.55,0.5374358974358974,0.62,0.5666473429951691,0.631,0.6630393631995799,6.2,5.2,4.8,3.8
svm,signo_zodiacal_acuario,499,0.5,0.45000000000000007,0.4186435786435786,0.38,0.39299425033171165,0.404,0.47980709099981544,3.8,4.8,5.2,6.2
svm,signo_zodiacal_acuario,500,0.5,0.4499999999999999,0.3809090909090909,0.36000000000000004,0.359088630667578,0.472,0.5075534145077489,3.6,4.6,5.4,6.4
svm,signo_zodiacal_aries,1,0.5,0.53,0.548138528138528,0.42000000000000004,0.45530130000718233,0.6,0.6484445544135946,4.2,3.6,6.4,5.8
svm,signo_zodiacal_aries,2,0.5,0.49000000000000005,0.4851948051948051,0.4,0.4321627598407784,0.43599999999999994,0.5006921052803406,4.0,4.2,5.8,6.0
svm,signo_zodiacal_aries,3,0.5,0.5599999999999999,0.54,0.64,0.5771794871794873,0.618,0.6792048866166513,6.4,5.2,4.8,3.6
svm,signo_zodiacal_aries,4,0.5,0.55,0.5386363636363636,0.56,0.5476190476190477,0.5539999999999999,0.5586183152932379,5.6,4.6,5.4,4.4
svm,signo_zodiacal_aries,5,0.5,0.48,0.48995670995670987,0.5599999999999999,0.5161269841269841,0.492,0.5636632240308711,5.6,6.0,4.0,4.4
svm,signo_zodiacal_aries,6,0.5,0.48,0.48321678321678324,0.52,0.4995859213250518,0.5279999999999999,0.6028780663780664,5.2,5.6,4.4,4.8
svm,signo_zodiacal_aries,7,0.5,0.47000000000000003,0.4802161890397185,0.6199999999999999,0.5362014500458436,0.496,0.5658969107088302,6.2,6.8,3.2,3.8
svm,signo_zodiacal_aries,8,0.5,0.5599999999999999,0.5622222222222222,0.52,0.5328229665071771,0.616,0.6759730922672099,5.2,4.0,6.0,4.8
svm,signo_zodiacal_aries,9,0.5,0.53,0.5435425685425685,0.44000000000000006,0.47979876160990714,0.554,0.6153119451927501,4.4,3.8,6.2,5.6
svm,signo_zodiacal_aries,10,0.5,0.55,0.5731623931623931,0.5599999999999999,0.553741418764302,0.538,0.5968154541536894,5.6,4.6,5.4,4.4
svm,signo_zodiacal_aries,11,0.5,0.54,0.5419047619047619,0.44000000000000006,0.469673202614379,0.524,0.5548863821936578,4.4,3.6,6.4,5.6
svm,signo_zodiacal_aries,12,0.5,0.48,0.501043956043956,0.5599999999999999,0.5231400966183575,0.45999999999999996,0.535789279176276,5.6,6.0,4.0,4.4
svm,signo_zodiacal_aries,13,0.5,0.49000000000000005,0.4833333333333334,0.5399999999999999,0.5086124401913875,0.47700000000000004,0.5480818723759899,5.4,5.6,4.4,4.6
svm,signo_zodiacal_aries,14,0.5,0.5700000000000001,0.5888888888888888,0.43999999999999995,0.47814992025518344,0.6399999999999999,0.6604352781721202,4.4,3.0,7.0,5.6
svm,signo_zodiacal_aries,15,0.5,0.48999999999999994,0.48888888888888893,0.42000000000000004,0.443734335839599,0.5479999999999999,0.6304931071680298,4.2,4.4,5.6,5.8
svm,signo_zodiacal_aries,16,0.5,0.6,0.614005439005439,0.6,0.6021067160655261,0.5960000000000001,0.6436357886179866,6.0,4.0,6.0,4.0
svm,signo_zodiacal_aries,17,0.5,0.51,0.5355844155844156,0.4600000000000001,0.47939309056956114,0.438,0.5692397812885429,4.6,4.4,5.6,5.4
svm,signo_zodiacal_aries,18,0.5,0.45,0.4416666666666666,0.32,0.3687134502923976,0.45200000000000007,0.5594588201616064,3.2,4.2,5.8,6.8
svm,signo_zodiacal_aries,19,0.5,0.45,0.4042424242424242,0.32,0.34790309106098577,0.442,0.49938678864994657,3.2,4.2,5.8,6.8
svm,signo_zodiacal_aries,20,0.5,0.48,0.48300653594771237,0.5799999999999998,0.517704890244936,0.43800000000000006,0.49574503171407197,5.8,6.2,3.8,4.2
svm,signo_zodiacal_aries,21,0.5,0.5900000000000001,0.5836635586635587,0.5599999999999999,0.562181722421997,0.642,0.675270117739158,5.6,3.8,6.2,4.4
svm,signo_zodiacal_aries,22,0.5,0.5,0.47912087912087903,0.5599999999999999,0.5112221963884368,0.44800000000000006,0.5087744026699135,5.6,5.6,4.4,4.4
svm,signo_zodiacal_aries,23,0.5,0.45,0.444949494949495,0.42000000000000004,0.42464342674868993,0.438,0.5188743386816143,4.2,5.2,4.8,5.8
svm,signo_zodiacal_aries,24,0.5,0.54,0.5427871148459383,0.52,0.5145510835913313,0.55,0.5965561639942445,5.2,4.4,5.6,4.8
svm,signo_zodiacal_aries,25,0.5,0.48,0.3892857142857143,0.33999999999999997,0.35245098039215683,0.544,0.6088808958499361,3.4,3.8,6.2,6.6
svm,signo_zodiacal_aries,26,0.5,0.54,0.5399145299145299,0.6200000000000001,0.5715381734969835,0.554,0.5950962360652763,6.2,5.4,4.6,3.8
svm,signo_zodiacal_aries,27,0.5,0.48,0.48803418803418797,0.5,0.48388634630053395,0.496,0.5658407882966707,5.0,5.4,4.6,5.0
svm,signo_zodiacal_aries,28,0.5,0.6299999999999999,0.6123845598845599,0.7799999999999999,0.6781156737998844,0.6649999999999999,0.684398721161879,7.8,5.2,4.8,2.2
svm,signo_zodiacal_aries,29,0.5,0.52,0.5317748917748918,0.43999999999999995,0.4756676003734827,0.47599999999999987,0.5539494569757728,4.4,4.0,6.0,5.6
svm,signo_zodiacal_aries,30,0.5,0.51,0.5129870129870129,0.6,0.5515151515151515,0.5280000000000001,0.5990923341364518,6.0,5.8,4.2,4.0
svm,signo_zodiacal_aries,31,0.5,0.41000000000000003,0.43606060606060604,0.34,0.36822055137844617,0.404,0.5160363639628345,3.4,5.2,4.8,6.6
svm,signo_zodiacal_aries,32,0.5,0.64,0.6372727272727273,0.6599999999999999,0.6469218500797448,0.644,0.6578160326086022,6.6,3.8,6.2,3.4
svm,signo_zodiacal_aries,33,0.5,0.55,0.5375457875457876,0.7,0.607707509881423,0.522,0.5685005360136939,7.0,6.0,4.0,3.0
svm,signo_zodiacal_aries,34,0.5,0.6,0.6383333333333334,0.5,0.5529824561403509,0.628,0.6867963582684944,5.0,3.0,7.0,5.0
svm,signo_zodiacal_aries,35,0.5,0.6199999999999999,0.5975524475524476,0.72,0.6526256352343309,0.5960000000000001,0.6196334198996738,7.2,4.8,5.2,2.8
svm,signo_zodiacal_aries,36,0.5,0.6100000000000001,0.5931901431901431,0.72,0.6490118577075098,0.564,0.5628799990858815,7.2,5.0,5.0,2.8
svm,signo_zodiacal_aries,37,0.5,0.54,0.5217171717171718,0.54,0.5249601275917065,0.546,0.6188205687501352,5.4,4.6,5.4,4.6
svm,signo_zodiacal_aries,38,0.5,0.52,0.5011904761904762,0.36,0.4176470588235294,0.454,0.5242113740232935,3.6,3.2,6.8,6.4
svm,signo_zodiacal_aries,39,0.5,0.53,0.5215584415584416,0.6200000000000001,0.5648484848484848,0.49800000000000005,0.5454502545957653,6.2,5.6,4.4,3.8
svm,signo_zodiacal_aries,40,0.5,0.54,0.5534033613445379,0.5599999999999999,0.5437472766884531,0.57,0.6065358901504412,5.6,4.8,5.2,4.4
svm,signo_zodiacal_aries,41,0.5,0.45999999999999996,0.471969696969697,0.45999999999999996,0.46233766233766227,0.514,0.5555689761734653,4.6,5.4,4.6,5.4
svm,signo_zodiacal_aries,42,0.5,0.51,0.5065934065934066,0.6199999999999999,0.5523276240667545,0.48200000000000004,0.526149911749757,6.2,6.0,4.0,3.8
svm,signo_zodiacal_aries,43,0.5,0.45,0.456969696969697,0.5599999999999999,0.5000952380952381,0.41,0.5341015208561648,5.6,6.6,3.4,4.4
svm,signo_zodiacal_aries,44,0.5,0.5700000000000001,0.5690909090909091,0.5599999999999999,0.5583766233766234,0.64,0.6793309560236805,5.6,4.2,5.8,4.4
svm,signo_zodiacal_aries,45,0.5,0.58,0.5714102564102564,0.6,0.5806721679032891,0.604,0.6302319702141684,6.0,4.4,5.6,4.0
svm,signo_zodiacal_aries,46,0.5,0.5,0.5246031746031747,0.38,0.4299867315347191,0.45599999999999996,0.5466644313718617,3.8,3.8,6.2,6.2
svm,signo_zodiacal_aries,47,0.5,0.6,0.5771728271728271,0.72,0.6397044984001506,0.585,0.5885987160414404,7.2,5.2,4.8,2.8
svm,signo_zodiacal_aries,48,0.5,0.53,0.541025641025641,0.5,0.5058300395256917,0.577,0.6543658455407682,5.0,4.4,5.6,5.0
svm,signo_zodiacal_aries,49,0.5,0.4800000000000001,0.48773448773448774,0.58,0.5262588288904079,0.45,0.5077528294718696,5.8,6.2,3.8,4.2
svm,signo_zodiacal_aries,50,0.5,0.53,0.6,0.33999999999999997,0.4145299145299145,0.55,0.6107376224566627,3.4,2.8,7.2,6.6
svm,signo_zodiacal_aries,51,0.5,0.6,0.6755494505494506,0.5,0.5536719035440263,0.546,0.6313251666634019,5.0,3.0,7.0,5.0
svm,signo_zodiacal_aries,52,0.5,0.4600000000000001,0.4541666666666666,0.5,0.46732916206600417,0.41100000000000003,0.4914630167733883,5.0,5.8,4.2,5.0
svm,signo_zodiacal_aries,53,0.5,0.43999999999999995,0.4432900432900433,0.45999999999999996,0.44728487886382623,0.4879999999999999,0.5800938618485059,4.6,5.8,4.2,5.4
svm,signo_zodiacal_aries,54,0.5,0.55,0.5397435897435898,0.6799999999999999,0.6015810276679842,0.502,0.5383680110738934,6.8,5.8,4.2,3.2
svm,signo_zodiacal_aries,55,0.5,0.5599999999999999,0.5431385281385281,0.54,0.536995161701044,0.572,0.6253835788394612,5.4,4.2,5.8,4.6
svm,signo_zodiacal_aries,56,0.5,0.5999999999999999,0.6337662337662338,0.52,0.5684407096171802,0.618,0.6637259860023017,5.2,3.2,6.8,4.8
svm,signo_zodiacal_aries,57,0.5,0.48,0.4692063492063491,0.4,0.4295975232198142,0.524,0.6007877640934917,4.0,4.4,5.6,6.0
svm,signo_zodiacal_aries,58,0.5,0.51,0.5034498834498835,0.6,0.5440248447204968,0.508,0.556621943845628,6.0,5.8,4.2,4.0
svm,signo_zodiacal_aries,59,0.5,0.5700000000000001,0.5801298701298702,0.68,0.6133300425065131,0.557,0.5770855255855256,6.8,5.4,4.6,3.2
svm,signo_zodiacal_aries,60,0.5,0.5900000000000001,0.5861072261072261,0.6799999999999999,0.6250652718753406,0.594,0.6497523663127378,6.8,5.0,5.0,3.2
svm,signo_zodiacal_aries,61,0.5,0.49000000000000005,0.4855616605616606,0.4,0.4249237757650734,0.458,0.5259727223241155,4.0,4.2,5.8,6.0
svm,signo_zodiacal_aries,62,0.5,0.56,0.5588661338661339,0.62,0.5821256038647343,0.576,0.6640462207211433,6.2,5.0,5.0,3.8
svm,signo_zodiacal_aries,63,0.5,0.59,0.6142857142857143,0.42000000000000004,0.48929971988795523,0.576,0.6280374923494119,4.2,2.4,7.6,5.8
svm,signo_zodiacal_aries,64,0.5,0.49000000000000005,0.48769230769230765,0.58,0.5279296066252588,0.44399999999999995,0.5018014577441822,5.8,6.0,4.0,4.2
svm,signo_zodiacal_aries,65,0.5,0.45,0.45874125874125876,0.5800000000000001,0.509600544383153,0.41200000000000003,0.49745421159507847,5.8,6.8,3.2,4.2
svm,signo_zodiacal_aries,66,0.5,0.54,0.5451948051948052,0.5199999999999999,0.5273355402767168,0.608,0.638042612616142,5.2,4.4,5.6,4.8
svm,signo_zodiacal_aries,67,0.5,0.44000000000000006,0.42947330447330445,0.36,0.3891591724409062,0.379,0.5061698699477337,3.6,4.8,5.2,6.4
svm,signo_zodiacal_aries,68,0.5,0.5900000000000001,0.6022727272727273,0.66,0.624066754501537,0.614,0.6484854661162711,6.6,4.8,5.2,3.4
svm,signo_zodiacal_aries,69,0.5,0.47000000000000003,0.47030303030303033,0.5,0.4836773752563227,0.48200000000000004,0.5522103910881,5.0,5.6,4.4,5.0
svm,signo_zodiacal_aries,70,0.5,0.44000000000000006,0.4542424242424243,0.48,0.46026483320600964,0.404,0.47680064319925003,4.8,6.0,4.0,5.2
svm,signo_zodiacal_aries,71,0.5,0.42000000000000004,0.4135281385281385,0.38,0.3913759443171207,0.39,0.5255520186727617,3.8,5.4,4.6,6.2
svm,signo_zodiacal_aries,72,0.5,0.61,0.591911421911422,0.7,0.6398193111236589,0.64,0.6568947306563405,7.0,4.8,5.2,3.0
svm,signo_zodiacal_aries,73,0.5,0.5799999999999998,0.5695970695970696,0.72,0.6232160848529136,0.6060000000000001,0.5875701222582028,7.2,5.6,4.4,2.8
svm,signo_zodiacal_aries,74,0.5,0.43999999999999995,0.45272727272727276,0.54,0.49080519480519486,0.45599999999999985,0.5543050020155282,5.4,6.6,3.4,4.6
svm,signo_zodiacal_aries,75,0.5,0.53,0.5373737373737374,0.5199999999999999,0.5273182957393484,0.548,0.6013874622109916,5.2,4.6,5.4,4.8
svm,signo_zodiacal_aries,76,0.5,0.4600000000000001,0.4548051948051948,0.44000000000000006,0.44487394957983195,0.506,0.5540230553759965,4.4,5.2,4.8,5.6
svm,signo_zodiacal_aries,77,0.5,0.53,0.5690909090909091,0.43999999999999995,0.46282417582417584,0.602,0.6628806987645997,4.4,3.8,6.2,5.6
svm,signo_zodiacal_aries,78,0.5,0.45,0.44682539682539685,0.42000000000000004,0.4299183788347875,0.45600000000000007,0.584615616409734,4.2,5.2,4.8,5.8
svm,signo_zodiacal_aries,79,0.5,0.5399999999999999,0.5283882783882785,0.6799999999999999,0.5942028985507246,0.594,0.6520569065437487,6.8,6.0,4.0,3.2
svm,signo_zodiacal_aries,80,0.5,0.57,0.5574048174048174,0.7200000000000001,0.6215734989648032,0.586,0.6103541344276638,7.2,5.8,4.2,2.8
svm,signo_zodiacal_aries,81,0.5,0.44000000000000006,0.4276190476190476,0.32,0.36265565875472994,0.49800000000000005,0.5524803715376472,3.2,4.4,5.6,6.8
svm,signo_zodiacal_aries,82,0.5,0.53,0.5072594072594072,0.54,0.517427102593343,0.48600000000000004,0.5415696886532799,5.4,4.8,5.2,4.6
svm,signo_zodiacal_aries,83,0.5,0.41000000000000003,0.41411421911421903,0.42000000000000004,0.4146278740329084,0.364,0.4596683784052205,4.2,6.0,4.0,5.8
svm,signo_zodiacal_aries,84,0.5,0.52,0.523015873015873,0.5,0.49862322919598456,0.506,0.5633041670232073,5.0,4.6,5.4,5.0
svm,signo_zodiacal_aries,85,0.5,0.55,0.5255494505494506,0.68,0.5884057971014494,0.526,0.5680128086567715,6.8,5.8,4.2,3.2
svm,signo_zodiacal_aries,86,0.5,0.55,0.5577777777777777,0.62,0.5802456140350878,0.606,0.670661623893822,6.2,5.2,4.8,3.8
svm,signo_zodiacal_aries,87,0.5,0.56,0.558986013986014,0.6,0.5745705502227242,0.5700000000000001,0.6290628605140989,6.0,4.8,5.2,4.0
svm,signo_zodiacal_aries,88,0.5,0.4800000000000001,0.4765811965811966,0.5199999999999999,0.49547346627438166,0.508,0.5657712630506747,5.2,5.6,4.4,4.8
svm,signo_zodiacal_aries,89,0.5,0.4,0.3523076923076923,0.36,0.3532367149758454,0.358,0.482345610100254,3.6,5.6,4.4,6.4
svm,signo_zodiacal_aries,90,0.5,0.5200000000000001,0.5153846153846154,0.56,0.5280020703933748,0.546,0.575233533838023,5.6,5.2,4.8,4.4
svm,signo_zodiacal_aries,91,0.5,0.48999999999999994,0.48611111111111105,0.48,0.48102073365231257,0.49800000000000005,0.577733377561551,4.8,5.0,5.0,5.2
svm,signo_zodiacal_aries,92,0.5,0.5399999999999999,0.5552813852813853,0.54,0.5428418640183346,0.522,0.5847348556156605,5.4,4.6,5.4,4.6
svm,signo_zodiacal_aries,93,0.5,0.55,0.5638888888888889,0.48,0.5114832535885168,0.526,0.5596408493467318,4.8,3.8,6.2,5.2
svm,signo_zodiacal_aries,94,0.5,0.48,0.49214285714285716,0.44000000000000006,0.44825540472599296,0.548,0.6273057595998772,4.4,4.8,5.2,5.6
svm,signo_zodiacal_aries,95,0.5,0.57,0.558974358974359,0.6799999999999999,0.6134387351778656,0.621,0.6539134821147206,6.8,5.4,4.6,3.2
svm,signo_zodiacal_aries,96,0.5,0.44000000000000006,0.4118181818181818,0.36,0.3740476190476191,0.47300000000000003,0.5520070474760876,3.6,4.8,5.2,6.4
svm,signo_zodiacal_aries,97,0.5,0.41000000000000003,0.35,0.21999999999999997,0.2682773109243698,0.371,0.4782214935906886,2.2,4.0,6.0,7.8
svm,signo_zodiacal_aries,98,0.5,0.61,0.64,0.5599999999999999,0.5795454545454545,0.638,0.6950023750759045,5.6,3.4,6.6,4.4
svm,signo_zodiacal_aries,99,0.5,0.5,0.5057142857142857,0.4800000000000001,0.47366515837104073,0.5720000000000001,0.6402688139174206,4.8,4.8,5.2,5.2
svm,signo_zodiacal_aries,100,0.5,0.48,0.516060606060606,0.52,0.49952380952380954,0.529,0.5932143679334081,5.2,5.6,4.4,4.8
svm,signo_zodiacal_aries,101,0.5,0.45,0.4521789321789321,0.36,0.3931947515848444,0.514,0.5890638419887646,3.6,4.6,5.4,6.4
svm,signo_zodiacal_aries,102,0.5,0.52,0.5149732620320855,0.6799999999999999,0.5827969132316958,0.5199999999999999,0.5743206958160518,6.8,6.4,3.6,3.2
svm,signo_zodiacal_aries,103,0.5,0.45999999999999996,0.4652680652680653,0.58,0.5154620741577264,0.40700000000000003,0.4922573343409257,5.8,6.6,3.4,4.2
svm,signo_zodiacal_aries,104,0.5,0.45,0.4603174603174603,0.48,0.46610845295055814,0.458,0.5345083892715472,4.8,5.8,4.2,5.2
svm,signo_zodiacal_aries,105,0.5,0.4800000000000001,0.48317460317460326,0.4,0.433328173374613,0.504,0.5620761538083519,4.0,4.4,5.6,6.0
svm,signo_zodiacal_aries,106,0.5,0.56,0.5682983682983682,0.5,0.5189613526570047,0.534,0.5846831228626893,5.0,3.8,6.2,5.0
svm,signo_zodiacal_aries,107,0.5,0.58,0.5791666666666666,0.72,0.6308367071524966,0.6140000000000001,0.6814615497161937,7.2,5.6,4.4,2.8
svm,signo_zodiacal_aries,108,0.5,0.5599999999999999,0.5442857142857143,0.64,0.5798609625668449,0.526,0.5344408548967372,6.4,5.2,4.8,3.6
svm,signo_zodiacal_aries,109,0.5,0.5199999999999999,0.5338034188034187,0.42000000000000004,0.4536689549961861,0.45600000000000007,0.5241252723884303,4.2,3.8,6.2,5.8
svm,signo_zodiacal_aries,110,0.5,0.51,0.509090909090909,0.41999999999999993,0.45399159663865546,0.532,0.5510145203953253,4.2,4.0,6.0,5.8
svm,signo_zodiacal_aries,111,0.5,0.58,0.5952380952380951,0.48,0.5297557619539044,0.586,0.60429620319481,4.8,3.2,6.8,5.2
svm,signo_zodiacal_aries,112,0.5,0.44000000000000006,0.4429084967320261,0.42000000000000004,0.41551656920077973,0.5359999999999999,0.5529484208601856,4.2,5.4,4.6,5.8
svm,signo_zodiacal_aries,113,0.5,0.45,0.4477344877344877,0.45999999999999996,0.44624738316379187,0.438,0.5284761621247689,4.6,5.6,4.4,5.4
svm,signo_zodiacal_aries,114,0.5,0.55,0.5492063492063493,0.48,0.5070456890890327,0.554,0.6282241538990764,4.8,3.8,6.2,5.2
svm,signo_zodiacal_aries,115,0.5,0.4600000000000001,0.4611111111111111,0.44000000000000006,0.4482190324295588,0.5,0.5573205307764131,4.4,5.2,4.8,5.6
svm,signo_zodiacal_aries,116,0.5,0.39999999999999997,0.3616161616161616,0.36,0.35206766917293236,0.38199999999999995,0.45863056491152465,3.6,5.6,4.4,6.4
svm,signo_zodiacal_aries,117,0.5,0.5700000000000001,0.5582983682983682,0.74,0.6334221141177663,0.534,0.5872179764679764,7.4,6.0,4.0,2.6
svm,signo_zodiacal_aries,118,0.5,0.53,0.5340909090909091,0.52,0.5185786435786435,0.576,0.6508799692739321,5.2,4.6,5.4,4.8
svm,signo_zodiacal_aries,119,0.5,0.5700000000000001,0.5548901098901099,0.52,0.5288093208297812,0.6080000000000001,0.592884650866849,5.2,3.8,6.2,4.8
svm,signo_zodiacal_aries,120,0.5,0.47000000000000003,0.45294261294261295,0.48,0.4552580428052228,0.462,0.560157463881148,4.8,5.4,4.6,5.2
svm,signo_zodiacal_aries,121,0.5,0.37,0.3216386554621849,0.3,0.29305944600062245,0.33399999999999996,0.45501995433187387,3.0,5.6,4.4,7.0
svm,signo_zodiacal_aries,122,0.5,0.47000000000000003,0.4727272727272728,0.52,0.49480519480519475,0.516,0.579603858559741,5.2,5.8,4.2,4.8
svm,signo_zodiacal_aries,123,0.5,0.52,0.5055555555555555,0.48,0.4746022982865088,0.526,0.5546721134043116,4.8,4.4,5.6,5.2
svm,signo_zodiacal_aries,124,0.5,0.5800000000000001,0.5950854700854702,0.6,0.5924392668099763,0.6100000000000001,0.6763708046339625,6.0,4.4,5.6,4.0
svm,signo_zodiacal_aries,125,0.5,0.5700000000000001,0.5491666666666667,0.78,0.6430675990675991,0.54,0.5658116132233778,7.8,6.4,3.6,2.2
svm,signo_zodiacal_aries,126,0.5,0.49000000000000005,0.481978021978022,0.6599999999999999,0.5550724637681159,0.434,0.49278031179346965,6.6,6.8,3.2,3.4
svm,signo_zodiacal_aries,127,0.5,0.5700000000000001,0.5767460317460318,0.5399999999999999,0.5458575851393189,0.672,0.7204328781813301,5.4,4.0,6.0,4.6
svm,signo_zodiacal_aries,128,0.5,0.41999999999999993,0.40013986013986014,0.4600000000000001,0.422300018821758,0.368,0.47758008864200807,4.6,6.2,3.8,5.4
svm,signo_zodiacal_aries,129,0.5,0.42000000000000004,0.42878787878787883,0.5599999999999999,0.4832900432900433,0.358,0.4587499167499168,5.6,7.2,2.8,4.4
svm,signo_zodiacal_aries,130,0.5,0.58,0.6329365079365078,0.45999999999999996,0.5255589955280358,0.5980000000000001,0.6509070455688103,4.6,3.0,7.0,5.4
svm,signo_zodiacal_aries,131,0.5,0.45,0.4673809523809524,0.34,0.38707946336429305,0.536,0.5819545732045731,3.4,4.4,5.6,6.6
svm,signo_zodiacal_aries,132,0.5,0.55,0.5658008658008657,0.4999999999999999,0.5226890756302521,0.6460000000000001,0.6827197863196315,5.0,4.0,6.0,5.0
svm,signo_zodiacal_aries,133,0.5,0.49000000000000005,0.4895104895104895,0.5800000000000001,0.5288819875776397,0.536,0.6161820042702395,5.8,6.0,4.0,4.2
svm,signo_zodiacal_aries,134,0.5,0.4800000000000001,0.4969230769230769,0.43999999999999995,0.447512077294686,0.476,0.5407515925766699,4.4,4.8,5.2,5.6
svm,signo_zodiacal_aries,135,0.5,0.5800000000000001,0.5720512820512822,0.6599999999999999,0.6107509881422925,0.564,0.5919467358406987,6.6,5.0,5.0,3.4
svm,signo_zodiacal_aries,136,0.5,0.51,0.4832034632034632,0.5800000000000001,0.5217947542653425,0.506,0.5299983329364134,5.8,5.6,4.4,4.2
svm,signo_zodiacal_aries,137,0.5,0.43,0.4255050505050505,0.42000000000000004,0.42036910457963084,0.438,0.5520803949232741,4.2,5.6,4.4,5.8
svm,signo_zodiacal_aries,138,0.5,0.5000000000000001,0.5002442002442002,0.5,0.4945532862614569,0.44000000000000006,0.5468110101113196,5.0,5.0,5.0,5.0
svm,signo_zodiacal_aries,139,0.5,0.6,0.622985347985348,0.5599999999999999,0.5761889999741662,0.6860000000000002,0.7161702839644015,5.6,3.6,6.4,4.4
svm,signo_zodiacal_aries,140,0.5,0.48,0.47158119658119657,0.45999999999999996,0.4620900076277651,0.45,0.515453027364792,4.6,5.0,5.0,5.4
svm,signo_zodiacal_aries,141,0.5,0.35,0.3632700632700633,0.4,0.3743271221532091,0.32399999999999995,0.46500169601640196,4.0,7.0,3.0,6.0
svm,signo_zodiacal_aries,142,0.5,0.57,0.61,0.4,0.47970588235294115,0.532,0.5986302580288648,4.0,2.6,7.4,6.0
svm,signo_zodiacal_aries,143,0.5,0.43999999999999995,0.37741702741702743,0.36,0.36447535952179916,0.48600000000000004,0.5739561353679001,3.6,4.8,5.2,6.4
svm,signo_zodiacal_aries,144,0.5,0.43999999999999995,0.40302197802197803,0.4,0.3904589371980677,0.51,0.5981199808962967,4.0,5.2,4.8,6.0
svm,signo_zodiacal_aries,145,0.5,0.5,0.4965079365079365,0.6,0.5386347687400319,0.5199999999999999,0.6107019185664696,6.0,6.0,4.0,4.0
svm,signo_zodiacal_aries,146,0.5,0.5200000000000001,0.503993228993229,0.5,0.4959342089238441,0.522,0.5600530215398636,5.0,4.6,5.4,5.0
svm,signo_zodiacal_aries,147,0.5,0.56,0.5700000000000001,0.56,0.5594736842105263,0.558,0.6039421179096103,5.6,4.4,5.6,4.4
svm,signo_zodiacal_aries,148,0.5,0.4600000000000001,0.4572222222222222,0.5599999999999999,0.4962105263157895,0.488,0.5569922850627185,5.6,6.4,3.6,4.4
svm,signo_zodiacal_aries,149,0.5,0.47000000000000003,0.45206349206349206,0.33999999999999997,0.38271413828689366,0.476,0.5165779481955952,3.4,4.0,6.0,6.6
svm,signo_zodiacal_aries,150,0.5,0.45,0.4516233766233766,0.5199999999999999,0.4800865800865801,0.414,0.513621297433217,5.2,6.2,3.8,4.8
svm,signo_zodiacal_aries,151,0.5,0.36,0.3347041847041847,0.32,0.3239033412408025,0.34400000000000003,0.44471860801736957,3.2,6.0,4.0,6.8
svm,signo_zodiacal_aries,152,0.5,0.53,0.5340909090909091,0.54,0.5349206349206348,0.5239999999999999,0.5994131891500313,5.4,4.8,5.2,4.6
svm,signo_zodiacal_aries,153,0.5,0.5399999999999999,0.5374145299145299,0.7,0.59755173887897,0.492,0.5465272128112685,7.0,6.2,3.8,3.0
svm,signo_zodiacal_aries,154,0.5,0.5199999999999999,0.5274170274170273,0.44000000000000006,0.47488205808639244,0.536,0.5504304747540042,4.4,4.0,6.0,5.6
svm,signo_zodiacal_aries,155,0.5,0.55,0.5074925074925074,0.54,0.5149771370998992,0.546,0.5733106995343837,5.4,4.4,5.6,4.6
svm,signo_zodiacal_aries,156,0.5,0.44000000000000006,0.45442307692307693,0.5599999999999999,0.488557920340529,0.37,0.4782282276546982,5.6,6.8,3.2,4.4
svm,signo_zodiacal_aries,157,0.5,0.4600000000000001,0.4478632478632479,0.48,0.4552250190694127,0.44800000000000006,0.48640555686143916,4.8,5.6,4.4,5.2
svm,signo_zodiacal_aries,158,0.5,0.5200000000000001,0.5209033613445377,0.6399999999999999,0.5566532595944361,0.54,0.5889094783785187,6.4,6.0,4.0,3.6
svm,signo_zodiacal_aries,159,0.5,0.47000000000000003,0.5039627039627039,0.38,0.40253225035833734,0.426,0.4981955385515757,3.8,4.4,5.6,6.2
svm,signo_zodiacal_aries,160,0.5,0.53,0.5257575757575758,0.76,0.6164872164872165,0.6279999999999999,0.6868084774702421,7.6,7.0,3.0,2.4
svm,signo_zodiacal_aries,161,0.5,0.42000000000000004,0.4367463092463092,0.5599999999999999,0.4850548444690321,0.40599999999999997,0.49068699764287993,5.6,7.2,2.8,4.4
svm,signo_zodiacal_aries,162,0.5,0.47000000000000003,0.4805347593582888,0.54,0.5011640211640211,0.446,0.513944618075423,5.4,6.0,4.0,4.6
svm,signo_zodiacal_aries,163,0.5,0.43,0.4121367521367521,0.42000000000000004,0.40626863601691976,0.386,0.4893740273314576,4.2,5.6,4.4,5.8
svm,signo_zodiacal_aries,164,0.5,0.51,0.5024708624708624,0.5800000000000001,0.5327945951836112,0.4880000000000001,0.5268941603632007,5.8,5.6,4.4,4.2
svm,signo_zodiacal_aries,165,0.5,0.5599999999999999,0.5700000000000001,0.45999999999999996,0.5061111111111111,0.598,0.6753033165664745,4.6,3.4,6.6,5.4
svm,signo_zodiacal_aries,166,0.5,0.51,0.49743589743589745,0.5199999999999999,0.5018052377320112,0.471,0.5138381889867958,5.2,5.0,5.0,4.8
svm,signo_zodiacal_aries,167,0.5,0.38999999999999996,0.3455555555555555,0.33999999999999997,0.3351461988304093,0.378,0.4444261098378745,3.4,5.6,4.4,6.6
svm,signo_zodiacal_aries,168,0.5,0.58,0.5561904761904762,0.7,0.6178787878787878,0.62,0.6574150571650572,7.0,5.4,4.6,3.0
svm,signo_zodiacal_aries,169,0.5,0.48999999999999994,0.4924242424242424,0.56,0.5238095238095238,0.462,0.5521440082105716,5.6,5.8,4.2,4.4
svm,signo_zodiacal_aries,170,0.5,0.43000000000000005,0.43232323232323233,0.45999999999999996,0.4437457279562542,0.42200000000000004,0.49766931374439116,4.6,6.0,4.0,5.4
svm,signo_zodiacal_aries,171,0.5,0.5599999999999999,0.5558823529411765,0.6599999999999999,0.5924774056353004,0.592,0.6154737007058989,6.6,5.4,4.6,3.4
svm,signo_zodiacal_aries,172,0.5,0.58,0.5766666666666667,0.6599999999999999,0.6103496503496503,0.5519999999999999,0.5831261403714965,6.6,5.0,5.0,3.4
svm,signo_zodiacal_aries,173,0.5,0.49000000000000005,0.48269230769230764,0.5399999999999999,0.5070205157161679,0.45599999999999996,0.5264663206590451,5.4,5.6,4.4,4.6
svm,signo_zodiacal_aries,174,0.5,0.54,0.5424242424242424,0.52,0.525125313283208,0.556,0.5942555865187444,5.2,4.4,5.6,4.8
svm,signo_zodiacal_aries,175,0.5,0.49000000000000005,0.4922222222222222,0.52,0.5042105263157894,0.514,0.5833103377530622,5.2,5.4,4.6,4.8
svm,signo_zodiacal_aries,176,0.5,0.5,0.4989010989010989,0.6599999999999999,0.5677865612648222,0.49000000000000005,0.5171434382610853,6.6,6.6,3.4,3.4
svm,signo_zodiacal_aries,177,0.5,0.51,0.5117832167832168,0.43999999999999995,0.4576915113871635,0.5199999999999999,0.595630600995152,4.4,4.2,5.8,5.6
svm,signo_zodiacal_aries,178,0.5,0.45999999999999996,0.4227777777777778,0.32,0.35953216374269004,0.434,0.4991063827813054,3.2,4.0,6.0,6.8
svm,signo_zodiacal_aries,179,0.5,0.51,0.527125097125097,0.52,0.5198387272529149,0.4780000000000001,0.5436755368814193,5.2,5.0,5.0,4.8
svm,signo_zodiacal_aries,180,0.5,0.52,0.51,0.4,0.44000000000000006,0.5519999999999999,0.6390781512089561,4.0,3.6,6.4,6.0
svm,signo_zodiacal_aries,181,0.5,0.47000000000000003,0.47424242424242424,0.4,0.42106782106782104,0.42399999999999993,0.5064525952203971,4.0,4.6,5.4,6.0
svm,signo_zodiacal_aries,182,0.5,0.4699999999999999,0.47213962508080154,0.56,0.5025454889905018,0.45600000000000007,0.5196928714560294,5.6,6.2,3.8,4.4
svm,signo_zodiacal_aries,183,0.5,0.45,0.4662914862914863,0.4,0.42788933117106487,0.43800000000000006,0.5354091464091464,4.0,5.0,5.0,6.0
svm,signo_zodiacal_aries,184,0.5,0.45,0.44499999999999995,0.34,0.3760190136660725,0.386,0.5078891433643756,3.4,4.4,5.6,6.6
svm,signo_zodiacal_aries,185,0.5,0.49000000000000005,0.49424242424242426,0.5599999999999999,0.5243290043290043,0.53,0.6158831168831169,5.6,5.8,4.2,4.4
svm,signo_zodiacal_aries,186,0.5,0.53,0.5364718614718614,0.41999999999999993,0.4662464985994398,0.5740000000000001,0.5936398570469777,4.2,3.6,6.4,5.8
svm,signo_zodiacal_aries,187,0.5,0.54,0.532063492063492,0.44000000000000006,0.4581500357227911,0.6099999999999999,0.6459646350381644,4.4,3.6,6.4,5.6
svm,signo_zodiacal_aries,188,0.5,0.55,0.5474603174603174,0.58,0.5566347687400318,0.5599999999999999,0.6172661772352175,5.8,4.8,5.2,4.2
svm,signo_zodiacal_aries,189,0.5,0.5,0.5218181818181818,0.4,0.4393650793650793,0.43200000000000005,0.513099995807426,4.0,4.0,6.0,6.0
svm,signo_zodiacal_aries,190,0.5,0.5700000000000001,0.5819047619047619,0.5,0.5227807486631016,0.54,0.5985463625641645,5.0,3.6,6.4,5.0
svm,signo_zodiacal_aries,191,0.5,0.41000000000000003,0.4178321678321678,0.4800000000000001,0.44535251171406787,0.41100000000000003,0.51091311732643,4.8,6.6,3.4,5.2
svm,signo_zodiacal_aries,192,0.5,0.5399999999999999,0.5522222222222222,0.52,0.5329505582137161,0.542,0.5936516904148482,5.2,4.4,5.6,4.8
svm,signo_zodiacal_aries,193,0.5,0.5599999999999999,0.6176190476190477,0.5,0.5215592055003819,0.606,0.6521447327182621,5.0,3.8,6.2,5.0
svm,signo_zodiacal_aries,194,0.5,0.47000000000000003,0.45,0.42000000000000004,0.4299043062200957,0.508,0.5899577073253544,4.2,4.8,5.2,5.8
svm,signo_zodiacal_aries,195,0.5,0.56,0.5487734487734487,0.7,0.6095488721804511,0.518,0.5783918771287192,7.0,5.8,4.2,3.0
svm,signo_zodiacal_aries,196,0.5,0.45999999999999996,0.4583333333333333,0.38,0.40909090909090906,0.522,0.5886926669821406,3.8,4.6,5.4,6.2
svm,signo_zodiacal_aries,197,0.5,0.58,0.5816317016317016,0.6199999999999999,0.5956785243741765,0.608,0.6692710151046064,6.2,4.6,5.4,3.8
svm,signo_zodiacal_aries,198,0.5,0.54,0.5744444444444444,0.38,0.4443107769423558,0.538,0.599173401761637,3.8,3.0,7.0,6.2
svm,signo_zodiacal_aries,199,0.5,0.53,0.5476190476190476,0.4,0.45882352941176474,0.554,0.6053503620562444,4.0,3.4,6.6,6.0
svm,signo_zodiacal_aries,200,0.5,0.44000000000000006,0.42813852813852815,0.33999999999999997,0.3737628384687209,0.4200000000000001,0.5723632683106367,3.4,4.6,5.4,6.6
svm,signo_zodiacal_aries,201,0.5,0.42000000000000004,0.41843434343434344,0.42000000000000004,0.4175438596491228,0.466,0.5714023825331874,4.2,5.8,4.2,5.8
svm,signo_zodiacal_aries,202,0.5,0.54,0.5668686868686869,0.54,0.5418646616541353,0.51,0.5668421829288703,5.4,4.6,5.4,4.6
svm,signo_zodiacal_aries,203,0.5,0.44000000000000006,0.41238095238095235,0.3,0.3428104575163399,0.344,0.4627616217631697,3.0,4.2,5.8,7.0
svm,signo_zodiacal_aries,204,0.5,0.38,0.3711111111111111,0.36,0.36526315789473685,0.45599999999999985,0.5500498184306234,3.6,6.0,4.0,6.4
svm,signo_zodiacal_aries,205,0.5,0.53,0.5154545454545454,0.5399999999999999,0.5263492063492063,0.5760000000000001,0.6340705160852218,5.4,4.8,5.2,4.6
svm,signo_zodiacal_aries,206,0.5,0.4699999999999999,0.4746031746031746,0.54,0.5023923444976076,0.4640000000000001,0.5251500690571898,5.4,6.0,4.0,4.6
svm,signo_zodiacal_aries,207,0.5,0.43999999999999995,0.4527077497665733,0.58,0.5022328548644338,0.45999999999999996,0.5730709753782508,5.8,7.0,3.0,4.2
svm,signo_zodiacal_aries,208,0.5,0.38,0.386940836940837,0.44000000000000006,0.4072263993316625,0.378,0.4639113407232601,4.4,6.8,3.2,5.6
svm,signo_zodiacal_aries,209,0.5,0.53,0.5106060606060605,0.41999999999999993,0.45555555555555555,0.55,0.6243338503601661,4.2,3.6,6.4,5.8
svm,signo_zodiacal_aries,210,0.5,0.5199999999999999,0.5276806526806527,0.54,0.5285149632975721,0.55,0.6139862327215269,5.4,5.0,5.0,4.6
svm,signo_zodiacal_aries,211,0.5,0.5200000000000001,0.5026695526695526,0.52,0.5052631578947369,0.5850000000000001,0.622950822655157,5.2,4.8,5.2,4.8
svm,signo_zodiacal_aries,212,0.5,0.52,0.48418803418803424,0.42000000000000004,0.4368539101376629,0.45600000000000007,0.5252696388578741,4.2,3.8,6.2,5.8
svm,signo_zodiacal_aries,213,0.5,0.44000000000000006,0.41792207792207786,0.42000000000000004,0.4088795518207283,0.40800000000000003,0.5069946926138876,4.2,5.4,4.6,5.8
svm,signo_zodiacal_aries,214,0.5,0.5900000000000001,0.5731934731934731,0.7,0.6297007340485601,0.6,0.6125446585578165,7.0,5.2,4.8,3.0
svm,signo_zodiacal_aries,215,0.5,0.5299999999999999,0.5412987012987012,0.52,0.5210924369747899,0.528,0.6093473199487132,5.2,4.6,5.4,4.8
svm,signo_zodiacal_aries,216,0.5,0.43000000000000005,0.4100349650349651,0.4,0.39831608005521046,0.39,0.4972995097437821,4.0,5.4,4.6,6.0
svm,signo_zodiacal_aries,217,0.5,0.49000000000000005,0.47192982456140353,0.6599999999999999,0.5370219435736677,0.492,0.5521257512697141,6.6,6.8,3.2,3.4
svm,signo_zodiacal_aries,218,0.5,0.56,0.5881045751633988,0.58,0.5596172248803828,0.632,0.6824857327914603,5.8,4.6,5.4,4.2
svm,signo_zodiacal_aries,219,0.5,0.45,0.325,0.26000000000000006,0.2841269841269841,0.43200000000000005,0.5357668916051269,2.6,3.6,6.4,7.4
svm,signo_zodiacal_aries,220,0.5,0.51,0.5115079365079366,0.41999999999999993,0.4601995184038527,0.536,0.5982532712385653,4.2,4.0,6.0,5.8
svm,signo_zodiacal_aries,221,0.5,0.55,0.5652020202020202,0.4800000000000001,0.5106599832915621,0.572,0.6441829363447009,4.8,3.8,6.2,5.2
svm,signo_zodiacal_aries,222,0.5,0.43000000000000005,0.423065268065268,0.5,0.45330020703933743,0.46399999999999997,0.5795015180897534,5.0,6.4,3.6,5.0
svm,signo_zodiacal_aries,223,0.5,0.51,0.509090909090909,0.56,0.5055555555555555,0.454,0.5577730706685815,5.6,5.4,4.6,4.4
svm,signo_zodiacal_aries,224,0.5,0.39,0.39841269841269844,0.36,0.37351221190230477,0.41200000000000003,0.5282196065888016,3.6,5.8,4.2,6.4
svm,signo_zodiacal_aries,225,0.5,0.51,0.5136086136086135,0.58,0.5412880026152337,0.504,0.615351335540964,5.8,5.6,4.4,4.2
svm,signo_zodiacal_aries,226,0.5,0.53,0.5257575757575758,0.6599999999999999,0.5843120647468474,0.5379999999999999,0.6051359190345258,6.6,6.0,4.0,3.4
svm,signo_zodiacal_aries,227,0.5,0.5599999999999999,0.5549650349650349,0.6599999999999999,0.601159420289855,0.5660000000000001,0.5823837828837829,6.6,5.4,4.6,3.4
svm,signo_zodiacal_aries,228,0.5,0.5900000000000001,0.5944444444444444,0.64,0.6101379932043547,0.618,0.6752208167649343,6.4,4.6,5.4,3.6
svm,signo_zodiacal_aries,229,0.5,0.51,0.5002020202020202,0.45999999999999996,0.47288220551378435,0.5720000000000001,0.6182542257364239,4.6,4.4,5.6,5.4
svm,signo_zodiacal_aries,230,0.5,0.53,0.5277777777777779,0.64,0.5725358851674641,0.58,0.6271669529301108,6.4,5.8,4.2,3.6
svm,signo_zodiacal_aries,231,0.5,0.45,0.43979797979797974,0.5,0.4581152882205514,0.39999999999999997,0.4770984370806352,5.0,6.0,4.0,5.0
svm,signo_zodiacal_aries,232,0.5,0.53,0.5151648351648351,0.6599999999999999,0.5767720685111989,0.5720000000000001,0.6411610694946608,6.6,6.0,4.0,3.4
svm,signo_zodiacal_aries,233,0.5,0.48,0.4568253968253968,0.4,0.4075095128469742,0.49000000000000005,0.5511531805827471,4.0,4.4,5.6,6.0
svm,signo_zodiacal_aries,234,0.5,0.43,0.4387362637362638,0.52,0.4663136380527685,0.34199999999999997,0.46417587400559535,5.2,6.6,3.4,4.8
svm,signo_zodiacal_aries,235,0.5,0.49000000000000005,0.4879365079365079,0.39999999999999997,0.4361145510835914,0.4660000000000001,0.5841935764613784,4.0,4.2,5.8,6.0
svm,signo_zodiacal_aries,236,0.5,0.55,0.5476923076923077,0.56,0.5512128146453089,0.5780000000000001,0.6367436158612628,5.6,4.6,5.4,4.4
svm,signo_zodiacal_aries,237,0.5,0.55,0.55,0.64,0.5891601731601732,0.514,0.5796246808746808,6.4,5.4,4.6,3.6
svm,signo_zodiacal_aries,238,0.5,0.5599999999999999,0.6015151515151514,0.52,0.5444805194805195,0.6300000000000001,0.6904309481368305,5.2,4.0,6.0,4.8
svm,signo_zodiacal_aries,239,0.5,0.51,0.54995670995671,0.44000000000000006,0.46449299719887954,0.592,0.6385409400540979,4.4,4.2,5.8,5.6
svm,signo_zodiacal_aries,240,0.5,0.49000000000000005,0.5025757575757576,0.42000000000000004,0.4495071010860484,0.454,0.5507955018837372,4.2,4.4,5.6,5.8
svm,signo_zodiacal_aries,241,0.5,0.5200000000000001,0.5199999999999999,0.44000000000000006,0.4735947712418301,0.5359999999999999,0.5970748314293205,4.4,4.0,6.0,5.6
svm,signo_zodiacal_aries,242,0.5,0.48999999999999994,0.4715018315018315,0.6399999999999999,0.5367979539641944,0.49400000000000005,0.5675455655455656,6.4,6.6,3.4,3.6
svm,signo_zodiacal_aries,243,0.5,0.58,0.5917171717171716,0.58,0.5752631578947368,0.604,0.5957068768864435,5.8,4.2,5.8,4.2
svm,signo_zodiacal_aries,244,0.5,0.4600000000000001,0.47461288711288707,0.6399999999999999,0.5429925147316452,0.458,0.5287158223613331,6.4,7.2,2.8,3.6
svm,signo_zodiacal_aries,245,0.5,0.48999999999999994,0.5134920634920634,0.39999999999999997,0.43381448273089135,0.53,0.5978838928529331,4.0,4.2,5.8,6.0
svm,signo_zodiacal_aries,246,0.5,0.4699999999999999,0.47979797979797983,0.54,0.5045395306447938,0.524,0.6130213479331127,5.4,6.0,4.0,4.6
svm,signo_zodiacal_aries,247,0.5,0.62,0.6173604173604174,0.6599999999999999,0.6283586203360062,0.6559999999999999,0.7202025813024265,6.6,4.2,5.8,3.4
svm,signo_zodiacal_aries,248,0.5,0.42000000000000004,0.4284848484848485,0.48,0.4522943722943723,0.414,0.5368331117626783,4.8,6.4,3.6,5.2
svm,signo_zodiacal_aries,249,0.5,0.48999999999999994,0.48995670995671,0.5,0.48880878667256367,0.45599999999999996,0.5252764006719114,5.0,5.2,4.8,5.0
svm,signo_zodiacal_aries,250,0.5,0.38999999999999996,0.359047619047619,0.34,0.33828282828282824,0.37,0.47803347426567244,3.4,5.6,4.4,6.6
svm,signo_zodiacal_aries,251,0.5,0.44000000000000006,0.44660894660894657,0.36,0.3946815568332596,0.41,0.4842226678550207,3.6,4.8,5.2,6.4
svm,signo_zodiacal_aries,252,0.5,0.5700000000000001,0.6132478632478633,0.54,0.5554446062455216,0.5719999999999998,0.6350220062015727,5.4,4.0,6.0,4.6
svm,signo_zodiacal_aries,253,0.5,0.45999999999999996,0.3895238095238095,0.28,0.3226470588235294,0.4040000000000001,0.5367207464018608,2.8,3.6,6.4,7.2
svm,signo_zodiacal_aries,254,0.5,0.49000000000000005,0.4666666666666666,0.38,0.404566022213081,0.492,0.5307265034587016,3.8,4.0,6.0,6.2
svm,signo_zodiacal_aries,255,0.5,0.51,0.5031818181818182,0.5800000000000001,0.5345108225108225,0.49800000000000005,0.587908156171314,5.8,5.6,4.4,4.2
svm,signo_zodiacal_aries,256,0.5,0.35,0.36012820512820515,0.38,0.36634630053394357,0.312,0.436200398071141,3.8,6.8,3.2,6.2
svm,signo_zodiacal_aries,257,0.5,0.53,0.5142857142857143,0.4,0.439572192513369,0.5800000000000001,0.6086043009278302,4.0,3.4,6.6,6.0
svm,signo_zodiacal_aries,258,0.5,0.5,0.5099567099567099,0.38,0.42296918767507,0.5039999999999999,0.5801142287365197,3.8,3.8,6.2,6.2
svm,signo_zodiacal_aries,259,0.5,0.5,0.5062470862470863,0.58,0.5394993412384717,0.554,0.5985833872010342,5.8,5.8,4.2,4.2
svm,signo_zodiacal_aries,260,0.5,0.54,0.5794444444444444,0.4,0.46748538011695906,0.548,0.5997688977688977,4.0,3.2,6.8,6.0
svm,signo_zodiacal_aries,261,0.5,0.44000000000000006,0.4353535353535354,0.5,0.46310093415356574,0.4040000000000001,0.4954438351466216,5.0,6.2,3.8,5.0
svm,signo_zodiacal_aries,262,0.5,0.48,0.4966666666666667,0.5399999999999999,0.5042424242424243,0.44399999999999995,0.5294644620085796,5.4,5.8,4.2,4.6
svm,signo_zodiacal_aries,263,0.5,0.56,0.6166666666666667,0.4800000000000001,0.5199210146578568,0.572,0.6225246775068756,4.8,3.6,6.4,5.2
svm,signo_zodiacal_aries,264,0.5,0.57,0.561025641025641,0.68,0.6040207318742787,0.542,0.5977291597291596,6.8,5.4,4.6,3.2
svm,signo_zodiacal_aries,265,0.5,0.48,0.485,0.48,0.48121212121212115,0.5199999999999999,0.606364728408846,4.8,5.2,4.8,5.2
svm,signo_zodiacal_aries,266,0.5,0.45999999999999996,0.4645299145299145,0.5199999999999999,0.48502299886739236,0.472,0.5273624802270314,5.2,6.0,4.0,4.8
svm,signo_zodiacal_aries,267,0.5,0.6100000000000001,0.6030769230769231,0.62,0.6080193236714976,0.65,0.6903835963657945,6.2,4.0,6.0,3.8
svm,signo_zodiacal_aries,268,0.5,0.59,0.5697727272727272,0.7799999999999999,0.655067599067599,0.592,0.6471450189817063,7.8,6.0,4.0,2.2
svm,signo_zodiacal_aries,269,0.5,0.47000000000000003,0.4579220779220779,0.44000000000000006,0.4330952380952381,0.43000000000000005,0.5147946769432836,4.4,5.0,5.0,5.6
svm,signo_zodiacal_aries,270,0.5,0.5,0.4909188034188034,0.5599999999999999,0.5147391891098986,0.43,0.5171713323656049,5.6,5.6,4.4,4.4
svm,signo_zodiacal_aries,271,0.5,0.51,0.510909090909091,0.45999999999999996,0.4819047619047618,0.516,0.5863362193362194,4.6,4.4,5.6,5.4
svm,signo_zodiacal_aries,272,0.5,0.41000000000000003,0.4208333333333333,0.5599999999999999,0.47635897435897434,0.40599999999999997,0.5264806613235405,5.6,7.4,2.6,4.4
svm,signo_zodiacal_aries,273,0.5,0.45,0.4577272727272728,0.38,0.41119047619047616,0.47800000000000004,0.5570139397066642,3.8,4.8,5.2,6.2
svm,signo_zodiacal_aries,274,0.5,0.55,0.5419047619047618,0.66,0.5834509803921569,0.5260000000000001,0.6068718307835955,6.6,5.6,4.4,3.4
svm,signo_zodiacal_aries,275,0.5,0.51,0.5024975024975025,0.54,0.5161368895384241,0.51,0.5695649611826081,5.4,5.2,4.8,4.6
svm,signo_zodiacal_aries,276,0.5,0.45,0.4357142857142858,0.32,0.3610644257703081,0.44399999999999995,0.4950606878501615,3.2,4.2,5.8,6.8
svm,signo_zodiacal_aries,277,0.5,0.43,0.4235897435897436,0.44000000000000006,0.4137257525083612,0.39999999999999997,0.48099765413465106,4.4,5.8,4.2,5.6
svm,signo_zodiacal_aries,278,0.5,0.4600000000000001,0.45589743589743587,0.5200000000000001,0.4726376811594203,0.42600000000000005,0.5527834316526267,5.2,6.0,4.0,4.8
svm,signo_zodiacal_aries,279,0.5,0.4800000000000001,0.4700854700854701,0.44000000000000006,0.44370189307260244,0.389,0.4773036501682012,4.4,4.8,5.2,5.6
svm,signo_zodiacal_aries,280,0.5,0.52,0.5061904761904762,0.6199999999999999,0.5542424242424242,0.532,0.5925605766782237,6.2,5.8,4.2,3.8
svm,signo_zodiacal_aries,281,0.5,0.45,0.46508547008547,0.5,0.47627765064836003,0.472,0.5717466614053301,5.0,6.0,4.0,5.0
svm,signo_zodiacal_aries,282,0.5,0.45,0.4206410256410257,0.5,0.4445859213250517,0.42000000000000004,0.49977198841749926,5.0,6.0,4.0,5.0
svm,signo_zodiacal_aries,283,0.5,0.44000000000000006,0.41515151515151516,0.36,0.3726190476190476,0.4880000000000001,0.5468892573714556,3.6,4.8,5.2,6.4
svm,signo_zodiacal_aries,284,0.5,0.45,0.43650793650793657,0.48,0.45289739500265813,0.332,0.43421035603543345,4.8,5.8,4.2,5.2
svm,signo_zodiacal_aries,285,0.5,0.4800000000000001,0.4824242424242424,0.58,0.5241038961038961,0.516,0.5876130895248541,5.8,6.2,3.8,4.2
svm,signo_zodiacal_aries,286,0.5,0.5399999999999999,0.5496392496392496,0.44000000000000006,0.478077546808197,0.558,0.6134956144646546,4.4,3.6,6.4,5.6
svm,signo_zodiacal_aries,287,0.5,0.45999999999999996,0.46349206349206346,0.44000000000000006,0.4485786659161272,0.4779999999999999,0.5872128812879588,4.4,5.2,4.8,5.6
svm,signo_zodiacal_aries,288,0.5,0.5700000000000001,0.5976190476190476,0.52,0.5343773873185638,0.548,0.5782107892107892,5.2,3.8,6.2,4.8
svm,signo_zodiacal_aries,289,0.5,0.5900000000000001,0.613939393939394,0.5799999999999998,0.5754112554112554,0.642,0.7064359714932469,5.8,4.0,6.0,4.2
svm,signo_zodiacal_aries,290,0.5,0.56,0.5835281385281385,0.48,0.5204668534080299,0.536,0.6018749116380696,4.8,3.6,6.4,5.2
svm,signo_zodiacal_aries,291,0.5,0.42000000000000004,0.42793650793650795,0.4,0.39956406166932484,0.41000000000000003,0.4807487143059898,4.0,5.6,4.4,6.0
svm,signo_zodiacal_aries,292,0.5,0.58,0.5637562437562437,0.6200000000000001,0.5847911338448423,0.56,0.5572967832820774,6.2,4.6,5.4,3.8
svm,signo_zodiacal_aries,293,0.5,0.62,0.6186480186480185,0.66,0.6275362318840579,0.6479999999999999,0.6690766070015295,6.6,4.2,5.8,3.4
svm,signo_zodiacal_aries,294,0.5,0.47000000000000003,0.4532600732600732,0.33999999999999997,0.3767988064791134,0.442,0.514648805442923,3.4,4.0,6.0,6.6
svm,signo_zodiacal_aries,295,0.5,0.55,0.5397727272727273,0.78,0.6348717948717948,0.542,0.5484888059137285,7.8,6.8,3.2,2.2
svm,signo_zodiacal_aries,296,0.5,0.5700000000000001,0.5553113553113553,0.68,0.6096179183135705,0.5999999999999999,0.6423551524155238,6.8,5.4,4.6,3.2
svm,signo_zodiacal_aries,297,0.5,0.41,0.4053174603174603,0.38,0.38476608187134503,0.362,0.470016152578072,3.8,5.6,4.4,6.2
svm,signo_zodiacal_aries,298,0.5,0.45,0.45388888888888895,0.45999999999999996,0.45047953216374265,0.42000000000000004,0.4975943702839988,4.6,5.6,4.4,5.4
svm,signo_zodiacal_aries,299,0.5,0.41,0.39067599067599074,0.45999999999999996,0.41897703745529835,0.395,0.4749586051203698,4.6,6.4,3.6,5.4
svm,signo_zodiacal_aries,300,0.5,0.51,0.5357142857142858,0.38,0.4225362872421695,0.534,0.5767464192154594,3.8,3.6,6.4,6.2
svm,signo_zodiacal_aries,301,0.5,0.39,0.390909090909091,0.4,0.38457142857142856,0.348,0.48794678017201243,4.0,6.2,3.8,6.0
svm,signo_zodiacal_aries,302,0.5,0.5,0.4933333333333333,0.64,0.5400259740259741,0.5860000000000001,0.6392902375402375,6.4,6.4,3.6,3.6
svm,signo_zodiacal_aries,303,0.5,0.56,0.5433766233766233,0.6399999999999999,0.5805079365079365,0.524,0.5479938174140961,6.4,5.2,4.8,3.6
svm,signo_zodiacal_aries,304,0.5,0.54,0.5381818181818182,0.56,0.5485714285714286,0.52,0.5803273664759733,5.6,4.8,5.2,4.4
svm,signo_zodiacal_aries,305,0.5,0.51,0.5072150072150071,0.6,0.5457393483709272,0.568,0.5980647866924956,6.0,5.8,4.2,4.0
svm,signo_zodiacal_aries,306,0.5,0.6,0.6246464646464647,0.56,0.5769332421964,0.5860000000000001,0.612420354327475,5.6,3.6,6.4,4.4
svm,signo_zodiacal_aries,307,0.5,0.5199999999999999,0.5155011655011654,0.58,0.5443252399774139,0.538,0.5879182271976389,5.8,5.4,4.6,4.2
svm,signo_zodiacal_aries,308,0.5,0.49000000000000005,0.4173076923076923,0.36,0.37934782608695655,0.4600000000000001,0.5374574176253744,3.6,3.8,6.2,6.4
svm,signo_zodiacal_aries,309,0.5,0.53,0.5234090909090909,0.64,0.5718814518814519,0.572,0.6297776734789118,6.4,5.8,4.2,3.6
svm,signo_zodiacal_aries,310,0.5,0.5,0.5,0.48,0.4874534821903243,0.5359999999999999,0.5657614128217844,4.8,4.8,5.2,5.2
svm,signo_zodiacal_aries,311,0.5,0.4800000000000001,0.5468253968253968,0.32,0.37585139318885447,0.45999999999999996,0.5473047699634386,3.2,3.6,6.4,6.8
svm,signo_zodiacal_aries,312,0.5,0.5399999999999999,0.5538888888888889,0.44000000000000006,0.48421052631578937,0.511,0.6072356146605372,4.4,3.6,6.4,5.6
svm,signo_zodiacal_aries,313,0.5,0.41,0.4296453546453547,0.52,0.4624818489268617,0.368,0.5020364753925126,5.2,7.0,3.0,4.8
svm,signo_zodiacal_aries,314,0.5,0.43,0.4159090909090909,0.33999999999999997,0.3634920634920634,0.382,0.47256287400250246,3.4,4.8,5.2,6.6
svm,signo_zodiacal_aries,315,0.5,0.55,0.5444721944721944,0.6599999999999999,0.5952569169960473,0.502,0.54549109370162,6.6,5.6,4.4,3.4
svm,signo_zodiacal_aries,316,0.5,0.53,0.5291666666666666,0.6,0.5536662168241115,0.562,0.5979005036930733,6.0,5.4,4.6,4.0
svm,signo_zodiacal_aries,317,0.5,0.4800000000000001,0.48391812865497075,0.66,0.5439696419732717,0.45600000000000007,0.5096792929292929,6.6,7.0,3.0,3.4
svm,signo_zodiacal_aries,318,0.5,0.36,0.3952898082309847,0.5800000000000001,0.4689822866344605,0.36,0.4793713745834488,5.8,8.6,1.4,4.2
svm,signo_zodiacal_aries,319,0.5,0.43000000000000005,0.42385281385281387,0.4,0.40637127578304055,0.362,0.4455079004243091,4.0,5.4,4.6,6.0
svm,signo_zodiacal_aries,320,0.5,0.53,0.5302947052947052,0.58,0.5424574289024416,0.5539999999999999,0.616726930534206,5.8,5.2,4.8,4.2
svm,signo_zodiacal_aries,321,0.5,0.51,0.5177045177045179,0.5599999999999999,0.5298155875622561,0.564,0.614407785025432,5.6,5.4,4.6,4.4
svm,signo_zodiacal_aries,322,0.5,0.51,0.5058164058164059,0.5800000000000001,0.5365260978533289,0.53,0.6106872365680415,5.8,5.6,4.4,4.2
svm,signo_zodiacal_aries,323,0.5,0.47000000000000003,0.47412587412587415,0.6,0.5269918487309793,0.388,0.4875878113114955,6.0,6.6,3.4,4.0
svm,signo_zodiacal_aries,324,0.5,0.6,0.6342857142857142,0.48,0.5427124183006536,0.616,0.6597705519454745,4.8,2.8,7.2,5.2
svm,signo_zodiacal_aries,325,0.5,0.56,0.5495238095238095,0.4600000000000001,0.4969453044375645,0.55,0.580704635234047,4.6,3.4,6.6,5.4
svm,signo_zodiacal_aries,326,0.5,0.45999999999999996,0.47461288711288707,0.6399999999999999,0.5429925147316451,0.426,0.5115856843534863,6.4,7.2,2.8,3.6
svm,signo_zodiacal_aries,327,0.5,0.54,0.5656410256410257,0.54,0.5323478260869565,0.5439999999999999,0.5790457473383169,5.4,4.6,5.4,4.6
svm,signo_zodiacal_aries,328,0.5,0.5,0.4971561771561771,0.54,0.5160771493952272,0.522,0.5964537515288288,5.4,5.4,4.6,4.6
svm,signo_zodiacal_aries,329,0.5,0.4800000000000001,0.4598951048951049,0.45999999999999996,0.44960662525879913,0.5000000000000001,0.587332017655547,4.6,5.0,5.0,5.4
svm,signo_zodiacal_aries,330,0.5,0.45,0.4485042735042735,0.48,0.45957284515636915,0.4640000000000001,0.519112332112332,4.8,5.8,4.2,5.2
svm,signo_zodiacal_aries,331,0.5,0.5,0.5009523809523809,0.43999999999999995,0.46616443068455454,0.562,0.6048955319706093,4.4,4.4,5.6,5.6
svm,signo_zodiacal_aries,332,0.5,0.5,0.4993253968253969,0.6599999999999999,0.5626337872653663,0.546,0.607913901458019,6.6,6.6,3.4,3.4
svm,signo_zodiacal_aries,333,0.5,0.38,0.3177777777777778,0.26,0.27714133819396974,0.31599999999999995,0.4457627240320739,2.6,5.0,5.0,7.4
svm,signo_zodiacal_aries,334,0.5,0.41,0.433968253968254,0.5199999999999999,0.4685964912280702,0.388,0.4717276808159161,5.2,7.0,3.0,4.8
svm,signo_zodiacal_aries,335,0.5,0.6200000000000001,0.6290909090909091,0.62,0.6212075643654591,0.639,0.6408170767141356,6.2,3.8,6.2,3.8
svm,signo_zodiacal_aries,336,0.5,0.6000000000000001,0.5898989898989899,0.6,0.5878814683768243,0.6060000000000001,0.66069665422297,6.0,4.0,6.0,4.0
svm,signo_zodiacal_aries,337,0.5,0.48,0.4688888888888888,0.5199999999999999,0.47996810207336515,0.5079999999999999,0.5771741483490709,5.2,5.6,4.4,4.8
svm,signo_zodiacal_aries,338,0.5,0.51,0.5111111111111111,0.58,0.535410788042367,0.49800000000000005,0.5979621310062486,5.8,5.6,4.4,4.2
svm,signo_zodiacal_aries,339,0.5,0.44000000000000006,0.4155555555555555,0.27999999999999997,0.32903508771929824,0.45199999999999996,0.5201866270983918,2.8,4.0,6.0,7.2
svm,signo_zodiacal_aries,340,0.5,0.56,0.5793650793650794,0.45999999999999996,0.5111799105607154,0.599,0.6457105029473451,4.6,3.4,6.6,5.4
svm,signo_zodiacal_aries,341,0.5,0.49000000000000005,0.49687314319667264,0.68,0.5657434183749974,0.45199999999999996,0.5040093893035069,6.8,7.0,3.0,3.2
svm,signo_zodiacal_aries,342,0.5,0.53,0.5302991452991452,0.5599999999999999,0.5353409610983981,0.52,0.5839620995619448,5.6,5.0,5.0,4.4
svm,signo_zodiacal_aries,343,0.5,0.5,0.5288888888888889,0.48,0.48905901116427425,0.446,0.5426111111111112,4.8,4.8,5.2,5.2
svm,signo_zodiacal_aries,344,0.5,0.5,0.49102564102564095,0.6200000000000001,0.5443375846121842,0.557,0.6306951926642329,6.2,6.2,3.8,3.8
svm,signo_zodiacal_aries,345,0.5,0.45999999999999996,0.4727272727272728,0.4,0.4256641604010025,0.434,0.5097121936371163,4.0,4.8,5.2,6.0
svm,signo_zodiacal_aries,346,0.5,0.51,0.5178571428571429,0.43999999999999995,0.4711824123588829,0.49000000000000005,0.5602720982148226,4.4,4.2,5.8,5.6
svm,signo_zodiacal_aries,347,0.5,0.41000000000000003,0.4206759906759907,0.5,0.45579521927348016,0.356,0.46165090671282616,5.0,6.8,3.2,5.0
svm,signo_zodiacal_aries,348,0.5,0.6100000000000001,0.6402020202020202,0.5599999999999999,0.5862155388471177,0.618,0.6508822458071684,5.6,3.4,6.6,4.4
svm,signo_zodiacal_aries,349,0.5,0.51,0.5008791208791209,0.54,0.48434782608695653,0.4659999999999999,0.5357881362703344,5.4,5.2,4.8,4.6
svm,signo_zodiacal_aries,350,0.5,0.45999999999999996,0.4658119658119658,0.5399999999999999,0.49843977532764716,0.45999999999999996,0.5799129698131246,5.4,6.2,3.8,4.6
svm,signo_zodiacal_aries,351,0.5,0.44000000000000006,0.43939393939393934,0.52,0.47371428571428575,0.358,0.47283397158397156,5.2,6.4,3.6,4.8
svm,signo_zodiacal_aries,352,0.5,0.5,0.5068181818181818,0.48,0.4904761904761905,0.4739999999999999,0.5802187538983204,4.8,4.8,5.2,5.2
svm,signo_zodiacal_aries,353,0.5,0.48,0.4797979797979798,0.58,0.5191922112974745,0.40599999999999997,0.4997319182365622,5.8,6.2,3.8,4.2
svm,signo_zodiacal_aries,354,0.5,0.52,0.5057142857142857,0.4600000000000001,0.4673660130718954,0.532,0.5899208193767016,4.6,4.2,5.8,5.4
svm,signo_zodiacal_aries,355,0.5,0.49000000000000005,0.5155555555555555,0.43999999999999995,0.4635588972431077,0.4739999999999999,0.5587956127120213,4.4,4.6,5.4,5.6
svm,signo_zodiacal_aries,356,0.5,0.5600000000000002,0.5413131313131314,0.68,0.5977689678742311,0.6370000000000001,0.6641685156948316,6.8,5.6,4.4,3.2
svm,signo_zodiacal_aries,357,0.5,0.42000000000000004,0.4318725718725719,0.5599999999999999,0.4824344473223192,0.41000000000000003,0.5311654575214947,5.6,7.2,2.8,4.4
svm,signo_zodiacal_aries,358,0.5,0.42000000000000004,0.4219047619047619,0.43999999999999995,0.40862592309651136,0.34500000000000003,0.4633657196776392,4.4,6.0,4.0,5.6
svm,signo_zodiacal_aries,359,0.5,0.42000000000000004,0.42787878787878786,0.5599999999999999,0.48395708639186896,0.374,0.48686319442511394,5.6,7.2,2.8,4.4
svm,signo_zodiacal_aries,360,0.5,0.5,0.5330158730158729,0.4,0.4460981330331176,0.39,0.48574750455942406,4.0,4.0,6.0,6.0
svm,signo_zodiacal_aries,361,0.5,0.52,0.5153846153846153,0.6599999999999999,0.5756460930373974,0.516,0.55900897202213,6.6,6.2,3.8,3.4
svm,signo_zodiacal_aries,362,0.5,0.55,0.5423076923076924,0.74,0.6194993412384717,0.49800000000000005,0.5600066800244818,7.4,6.4,3.6,2.6
svm,signo_zodiacal_aries,363,0.5,0.43,0.42868686868686867,0.45999999999999996,0.44032581453634084,0.42800000000000005,0.5122957032647435,4.6,6.0,4.0,5.4
svm,signo_zodiacal_aries,364,0.5,0.39,0.3844011544011544,0.38,0.3788406845991986,0.37200000000000005,0.48993095019875205,3.8,6.0,4.0,6.2
svm,signo_zodiacal_aries,365,0.5,0.49000000000000005,0.48409090909090907,0.44000000000000006,0.4587301587301587,0.46799999999999997,0.5412036276417082,4.4,4.6,5.4,5.6
svm,signo_zodiacal_aries,366,0.5,0.5199999999999999,0.5318614718614719,0.45999999999999996,0.47235574229691873,0.514,0.5761057096498273,4.6,4.2,5.8,5.4
svm,signo_zodiacal_aries,367,0.5,0.47000000000000003,0.46590909090909094,0.5199999999999999,0.48809523809523814,0.442,0.4797006763446392,5.2,5.8,4.2,4.8
svm,signo_zodiacal_aries,368,0.5,0.41,0.39571428571428574,0.38,0.37907946336429305,0.43600000000000005,0.49357057502181334,3.8,5.6,4.4,6.2
svm,signo_zodiacal_aries,369,0.5,0.5,0.49682539682539684,0.4,0.4397402820777433,0.48,0.5208893981835159,4.0,4.0,6.0,6.0
svm,signo_zodiacal_aries,370,0.5,0.54,0.5435786435786436,0.54,0.537043142615898,0.571,0.6308982473494857,5.4,4.6,5.4,4.6
svm,signo_zodiacal_aries,371,0.5,0.6799999999999999,0.7433333333333334,0.5599999999999999,0.6329824561403509,0.7180000000000001,0.7681203122642751,5.6,2.0,8.0,4.4
svm,signo_zodiacal_aries,372,0.5,0.53,0.5333333333333333,0.45999999999999996,0.4654358974358975,0.57,0.6042170472286571,4.6,4.0,6.0,5.4
svm,signo_zodiacal_aries,373,0.5,0.5800000000000001,0.5666880341880342,0.7200000000000001,0.625932054215807,0.5840000000000001,0.6565387374063845,7.2,5.6,4.4,2.8
svm,signo_zodiacal_aries,374,0.5,0.45,0.42106782106782104,0.4,0.40518039751785884,0.46399999999999997,0.5339255276886855,4.0,5.0,5.0,6.0
svm,signo_zodiacal_aries,375,0.5,0.45,0.46939393939393936,0.44000000000000006,0.4470995670995671,0.382,0.4947249237690414,4.4,5.4,4.6,5.6
svm,signo_zodiacal_aries,376,0.5,0.58,0.5569047619047619,0.6199999999999999,0.5821212121212122,0.6639999999999999,0.7070772821949293,6.2,4.6,5.4,3.8
svm,signo_zodiacal_aries,377,0.5,0.4800000000000001,0.5042424242424243,0.4,0.4256654456654457,0.41,0.5000251158370353,4.0,4.4,5.6,6.0
svm,signo_zodiacal_aries,378,0.5,0.51,0.499009324009324,0.6599999999999999,0.5660050094832704,0.5549999999999999,0.6312307686293754,6.6,6.4,3.6,3.4
svm,signo_zodiacal_aries,379,0.5,0.5,0.4979797979797979,0.58,0.5336741062141519,0.4800000000000001,0.5222291684923264,5.8,5.8,4.2,4.2
svm,signo_zodiacal_aries,380,0.5,0.41,0.4190909090909091,0.4600000000000001,0.41454545454545455,0.446,0.5352978045346466,4.6,6.4,3.6,5.4
svm,signo_zodiacal_aries,381,0.5,0.5299999999999999,0.5185714285714285,0.42000000000000004,0.46156862745098043,0.506,0.5598310743264303,4.2,3.6,6.4,5.8
svm,signo_zodiacal_aries,382,0.5,0.55,0.5583333333333333,0.36,0.43076923076923085,0.538,0.6143038246583138,3.6,2.6,7.4,6.4
svm,signo_zodiacal_aries,383,0.5,0.5900000000000001,0.5916666666666667,0.5799999999999998,0.5808612440191386,0.626,0.6498663733926893,5.8,4.0,6.0,4.2
svm,signo_zodiacal_aries,384,0.5,0.5599999999999999,0.5454822954822954,0.6599999999999999,0.5946189584633521,0.548,0.5991289543789543,6.6,5.4,4.6,3.4
svm,signo_zodiacal_aries,385,0.5,0.55,0.550487012987013,0.7,0.6059829059829059,0.552,0.5968609245931227,7.0,6.0,4.0,3.0
svm,signo_zodiacal_aries,386,0.5,0.5199999999999999,0.510479797979798,0.68,0.5769577790630421,0.49400000000000005,0.5344620342677618,6.8,6.4,3.6,3.2
svm,signo_zodiacal_aries,387,0.5,0.42000000000000004,0.4307900432900433,0.5399999999999999,0.4751792067581541,0.354,0.45312604225839515,5.4,7.0,3.0,4.6
svm,signo_zodiacal_aries,388,0.5,0.56,0.5405372405372406,0.64,0.5828647706222077,0.54,0.5911899010002725,6.4,5.2,4.8,3.6
svm,signo_zodiacal_aries,389,0.5,0.44000000000000006,0.4179487179487179,0.38,0.38369565217391305,0.522,0.5755813722740968,3.8,5.0,5.0,6.2
svm,signo_zodiacal_aries,390,0.5,0.41,0.36138528138528137,0.26,0.2956302521008404,0.39,0.506272153886705,2.6,4.4,5.6,7.4
svm,signo_zodiacal_aries,391,0.5,0.39,0.35904761904761906,0.4,0.3711111111111111,0.4,0.4934434187243785,4.0,6.2,3.8,6.0
svm,signo_zodiacal_aries,392,0.5,0.5199999999999999,0.5344877344877345,0.5,0.5077841662980982,0.49400000000000005,0.5229492435668905,5.0,4.6,5.4,5.0
svm,signo_zodiacal_aries,393,0.5,0.49000000000000005,0.49333333333333335,0.33999999999999997,0.3907692307692308,0.536,0.5680018272061615,3.4,3.6,6.4,6.6
svm,signo_zodiacal_aries,394,0.5,0.48,0.46602564102564104,0.48,0.4677253079999075,0.418,0.5035217647849226,4.8,5.2,4.8,5.2
svm,signo_zodiacal_aries,395,0.5,0.48,0.4746031746031746,0.45999999999999996,0.4643225711337166,0.434,0.49491984099491837,4.6,5.0,5.0,5.4
svm,signo_zodiacal_aries,396,0.5,0.49000000000000005,0.4696825396825397,0.36,0.40206988058381243,0.52,0.5972132436706741,3.6,3.8,6.2,6.4
svm,signo_zodiacal_aries,397,0.5,0.51,0.4994658119658119,0.54,0.50734905826439,0.44799999999999995,0.5172726990931326,5.4,5.2,4.8,4.6
svm,signo_zodiacal_aries,398,0.5,0.48,0.4813986013986014,0.56,0.516815358554489,0.509,0.5816233766233766,5.6,6.0,4.0,4.4
svm,signo_zodiacal_aries,399,0.5,0.54,0.5319153069153069,0.66,0.578380074032248,0.5730000000000001,0.6497639478684369,6.6,5.8,4.2,3.4
svm,signo_zodiacal_aries,400,0.5,0.6399999999999999,0.6617965367965367,0.58,0.6147230822153423,0.614,0.6838257298257299,5.8,3.0,7.0,4.2
svm,signo_zodiacal_aries,401,0.5,0.5199999999999999,0.5367521367521368,0.4600000000000001,0.48461098398169333,0.5599999999999999,0.6199142503523307,4.6,4.2,5.8,5.4
svm,signo_zodiacal_aries,402,0.5,0.4699999999999999,0.468974358974359,0.5599999999999999,0.5082872200263504,0.475,0.5520947740769722,5.6,6.2,3.8,4.4
svm,signo_zodiacal_aries,403,0.5,0.5,0.5199999999999999,0.42000000000000004,0.44952380952380955,0.4680000000000001,0.5295731833525951,4.2,4.2,5.8,5.8
svm,signo_zodiacal_aries,404,0.5,0.5,0.5066666666666666,0.5199999999999999,0.4956277056277056,0.492,0.5747452336964721,5.2,5.2,4.8,4.8
svm,signo_zodiacal_aries,405,0.5,0.45,0.35757575757575755,0.26,0.2905388471177945,0.526,0.6105625371360665,2.6,3.6,6.4,7.4
svm,signo_zodiacal_aries,406,0.5,0.49000000000000005,0.49226551226551224,0.45999999999999996,0.47261388766032725,0.518,0.5574577648873313,4.6,4.8,5.2,5.4
svm,signo_zodiacal_aries,407,0.5,0.43999999999999995,0.4613852813852814,0.42000000000000004,0.4291596638655462,0.43099999999999994,0.5145113970996323,4.2,5.4,4.6,5.8
svm,signo_zodiacal_aries,408,0.5,0.61,0.5972494172494173,0.72,0.6499936006022963,0.642,0.6602677208412502,7.2,5.0,5.0,2.8
svm,signo_zodiacal_aries,409,0.5,0.55,0.5303496503496503,0.6,0.556385336743393,0.4870000000000001,0.511272946609634,6.0,5.0,5.0,4.0
svm,signo_zodiacal_aries,410,0.5,0.58,0.5809523809523809,0.5599999999999999,0.5638677799668512,0.6220000000000001,0.6628577421030981,5.6,4.0,6.0,4.4
svm,signo_zodiacal_aries,411,0.5,0.51,0.5028943278943279,0.5199999999999999,0.5079546692819004,0.5720000000000001,0.600594560238523,5.2,5.0,5.0,4.8
svm,signo_zodiacal_aries,412,0.5,0.49000000000000005,0.5044444444444445,0.5,0.4910207336523126,0.45,0.5505665101152717,5.0,5.2,4.8,5.0
svm,signo_zodiacal_aries,413,0.5,0.4,0.4027306027306027,0.4800000000000001,0.43562166285278414,0.434,0.5587846516228869,4.8,6.8,3.2,5.2
svm,signo_zodiacal_aries,414,0.5,0.49000000000000005,0.5139156268568034,0.54,0.48750560161086487,0.522,0.5684067305243775,5.4,5.6,4.4,4.6
svm,signo_zodiacal_aries,415,0.5,0.44000000000000006,0.4432167832167832,0.38,0.3929192546583852,0.44000000000000006,0.5000963252433841,3.8,5.0,5.0,6.2
svm,signo_zodiacal_aries,416,0.5,0.5700000000000001,0.5505494505494506,0.76,0.6384057971014492,0.538,0.6136739747180922,7.6,6.2,3.8,2.4
svm,signo_zodiacal_aries,417,0.5,0.4,0.4133333333333333,0.48,0.4421212121212121,0.434,0.5573263484881131,4.8,6.8,3.2,5.2
svm,signo_zodiacal_aries,418,0.5,0.5599999999999999,0.5468939393939395,0.6799999999999999,0.5970358530358529,0.56,0.5537534361063773,6.8,5.6,4.4,3.2
svm,signo_zodiacal_aries,419,0.5,0.4600000000000001,0.45897435897435895,0.48,0.46750572082379865,0.502,0.5959246027450362,4.8,5.6,4.4,5.2
svm,signo_zodiacal_aries,420,0.5,0.53,0.5437637362637362,0.5800000000000001,0.5368824185192471,0.53,0.5953822572336505,5.8,5.2,4.8,4.2
svm,signo_zodiacal_aries,421,0.5,0.4800000000000001,0.48571428571428577,0.7,0.5722408026755853,0.46799999999999997,0.5355901777960601,7.0,7.4,2.6,3.0
svm,signo_zodiacal_aries,422,0.5,0.55,0.5471139971139971,0.5800000000000001,0.5556009006473402,0.574,0.6182160235705128,5.8,4.8,5.2,4.2
svm,signo_zodiacal_aries,423,0.5,0.5000000000000001,0.5002564102564102,0.6599999999999999,0.5653061720887809,0.48,0.538091288398564,6.6,6.6,3.4,3.4
svm,signo_zodiacal_aries,424,0.5,0.49000000000000005,0.4796031746031746,0.36,0.40813209494324043,0.446,0.5288525194275968,3.6,3.8,6.2,6.4
svm,signo_zodiacal_aries,425,0.5,0.4,0.3953296703296703,0.5,0.4400087834870444,0.422,0.5195336340645937,5.0,7.0,3.0,5.0
svm,signo_zodiacal_aries,426,0.5,0.5,0.49757085020242914,0.72,0.5847031029939577,0.516,0.550908661599838,7.2,7.2,2.8,2.8
svm,signo_zodiacal_aries,427,0.5,0.59,0.5672161172161172,0.74,0.6414361001317522,0.542,0.5554841532736269,7.4,5.6,4.4,2.6
svm,signo_zodiacal_aries,428,0.5,0.44000000000000006,0.444009324009324,0.56,0.4928861283643893,0.43600000000000005,0.5119462486258152,5.6,6.8,3.2,4.4
svm,signo_zodiacal_aries,429,0.5,0.47000000000000003,0.4488095238095238,0.44000000000000006,0.44099821746880574,0.516,0.6277873633934006,4.4,5.0,5.0,5.6
svm,signo_zodiacal_aries,430,0.5,0.44000000000000006,0.428051948051948,0.4,0.3961064425770308,0.45,0.513799154062312,4.0,5.2,4.8,6.0
svm,signo_zodiacal_aries,431,0.5,0.56,0.5870995670995671,0.52,0.5419760631525337,0.554,0.6077526810994304,5.2,4.0,6.0,4.8
svm,signo_zodiacal_aries,432,0.5,0.53,0.5285353535353534,0.6599999999999999,0.5809474735790525,0.5860000000000001,0.6279703003394954,6.6,6.0,4.0,3.4
svm,signo_zodiacal_aries,433,0.5,0.43,0.44005439005439007,0.5,0.4664051432930151,0.40800000000000003,0.5201125121009021,5.0,6.4,3.6,5.0
svm,signo_zodiacal_aries,434,0.5,0.54,0.5447330447330447,0.48,0.5057791537667699,0.5700000000000001,0.6417528915013435,4.8,4.0,6.0,5.2
svm,signo_zodiacal_aries,435,0.5,0.54,0.5343589743589744,0.6599999999999999,0.5882845849802372,0.545,0.6275095794298581,6.6,5.8,4.2,3.4
svm,signo_zodiacal_aries,436,0.5,0.5,0.5043040293040293,0.5199999999999999,0.5050195045079955,0.513,0.5874602983016295,5.2,5.2,4.8,4.8
svm,signo_zodiacal_aries,437,0.5,0.56,0.5542857142857143,0.6,0.5717460317460318,0.582,0.6530239184619989,6.0,4.8,5.2,4.0
svm,signo_zodiacal_aries,438,0.5,0.55,0.5473504273504274,0.44000000000000006,0.46676401147797025,0.516,0.585639703863388,4.4,3.4,6.6,5.6
svm,signo_zodiacal_aries,439,0.5,0.48,0.4865418894830659,0.66,0.557046657046657,0.44600000000000006,0.5492636854889177,6.6,7.0,3.0,3.4
svm,signo_zodiacal_aries,440,0.5,0.54,0.5232767232767233,0.7200000000000001,0.6045962732919256,0.5719999999999998,0.6478445084327437,7.2,6.4,3.6,2.8
svm,signo_zodiacal_aries,441,0.5,0.6599999999999999,0.6518037518037518,0.7,0.6682501708817498,0.708,0.7107061370002545,7.0,3.8,6.2,3.0
svm,signo_zodiacal_aries,442,0.5,0.51,0.5226190476190476,0.36,0.4246732026143791,0.516,0.5864868803367255,3.6,3.4,6.6,6.4
svm,signo_zodiacal_aries,443,0.5,0.6100000000000001,0.6142385392385392,0.5999999999999999,0.601118738876176,0.6220000000000001,0.6277498406306457,6.0,3.8,6.2,4.0
svm,signo_zodiacal_aries,444,0.5,0.42000000000000004,0.4214141414141414,0.41999999999999993,0.41984962406015036,0.43599999999999994,0.5420143463347797,4.2,5.8,4.2,5.8
svm,signo_zodiacal_aries,445,0.5,0.5599999999999999,0.5574314574314574,0.6399999999999999,0.5931419457735247,0.6140000000000001,0.6550197374005424,6.4,5.2,4.8,3.6
svm,signo_zodiacal_aries,446,0.5,0.49000000000000005,0.46428571428571425,0.42000000000000004,0.4358640585420771,0.5559999999999999,0.6234502539943717,4.2,4.4,5.6,5.8
svm,signo_zodiacal_aries,447,0.5,0.55,0.5476190476190477,0.58,0.5577540106951872,0.5680000000000001,0.6323172813598509,5.8,4.8,5.2,4.2
svm,signo_zodiacal_aries,448,0.5,0.45,0.45004717504717506,0.5,0.46841015582434337,0.48200000000000004,0.5855130518776029,5.0,6.0,4.0,5.0
svm,signo_zodiacal_aries,449,0.5,0.41999999999999993,0.4014285714285714,0.34,0.3656209150326798,0.40499999999999997,0.5019100554588171,3.4,5.0,5.0,6.6
svm,signo_zodiacal_aries,450,0.5,0.42000000000000004,0.4166666666666667,0.44000000000000006,0.41706698564593303,0.426,0.566185402059241,4.4,6.0,4.0,5.6
svm,signo_zodiacal_aries,451,0.5,0.54,0.5296703296703297,0.7,0.6025691699604743,0.518,0.5496994455492907,7.0,6.2,3.8,3.0
svm,signo_zodiacal_aries,452,0.5,0.5000000000000001,0.5099567099567099,0.42000000000000004,0.45471521942110177,0.49800000000000005,0.563762404863798,4.2,4.2,5.8,5.8
svm,signo_zodiacal_aries,453,0.5,0.39,0.3431168831168831,0.27999999999999997,0.3053781512605042,0.366,0.49265065593161567,2.8,5.0,5.0,7.2
svm,signo_zodiacal_aries,454,0.5,0.5799999999999998,0.5863203463203461,0.64,0.6087400318979267,0.6279999999999999,0.6497143787584964,6.4,4.8,5.2,3.6
svm,signo_zodiacal_aries,455,0.5,0.51,0.5260606060606061,0.5,0.49917293233082705,0.506,0.5749160349454467,5.0,4.8,5.2,5.0
svm,signo_zodiacal_aries,456,0.5,0.54,0.605,0.48,0.5149206349206349,0.5440000000000002,0.6394656187465785,4.8,4.0,6.0,5.2
svm,signo_zodiacal_aries,457,0.5,0.4,0.3950854700854701,0.47999999999999987,0.4271057698975319,0.422,0.5249103129412727,4.8,6.8,3.2,5.2
svm,signo_zodiacal_aries,458,0.5,0.4,0.38888888888888884,0.3,0.33780529755761957,0.372,0.5132079962521139,3.0,5.0,5.0,7.0
svm,signo_zodiacal_aries,459,0.5,0.5700000000000001,0.5696969696969696,0.64,0.6000217936144709,0.562,0.6093302545407808,6.4,5.0,5.0,3.6
svm,signo_zodiacal_aries,460,0.5,0.45999999999999996,0.474090909090909,0.54,0.49806349206349204,0.42000000000000004,0.5286641651262395,5.4,6.2,3.8,4.6
svm,signo_zodiacal_aries,461,0.5,0.49000000000000005,0.48769230769230776,0.6200000000000001,0.544163372859025,0.526,0.5917043593661241,6.2,6.4,3.6,3.8
svm,signo_zodiacal_aries,462,0.5,0.44000000000000006,0.4344988344988344,0.41999999999999993,0.42108350586611454,0.41200000000000003,0.5134674873629981,4.2,5.4,4.6,5.8
svm,signo_zodiacal_aries,463,0.5,0.4699999999999999,0.45233877233877234,0.45999999999999996,0.4502353710362864,0.5,0.5512969432528256,4.6,5.2,4.8,5.4
svm,signo_zodiacal_aries,464,0.5,0.48,0.47787433155080217,0.74,0.5772690272690273,0.35400000000000004,0.4562362718980366,7.4,7.8,2.2,2.6
svm,signo_zodiacal_aries,465,0.5,0.47000000000000003,0.475,0.44000000000000006,0.45406698564593295,0.43,0.5323397343970099,4.4,5.0,5.0,5.6
svm,signo_zodiacal_aries,466,0.5,0.48,0.4776190476190477,0.42000000000000004,0.43836007130124777,0.48200000000000004,0.5610341417268662,4.2,4.6,5.4,5.8
svm,signo_zodiacal_aries,467,0.5,0.41999999999999993,0.3988095238095238,0.3,0.3415892672858617,0.40800000000000003,0.5055748232675477,3.0,4.6,5.4,7.0
svm,signo_zodiacal_aries,468,0.5,0.5399999999999999,0.6,0.36,0.4325123706702653,0.518,0.5741419779051358,3.6,2.8,7.2,6.4
svm,signo_zodiacal_aries,469,0.5,0.51,0.495,0.45999999999999996,0.4690909090909091,0.47800000000000004,0.521180540649581,4.6,4.4,5.6,5.4
svm,signo_zodiacal_aries,470,0.5,0.48999999999999994,0.4833333333333333,0.36,0.4103801169590643,0.45,0.5653839422531373,3.6,3.8,6.2,6.4
svm,signo_zodiacal_aries,471,0.5,0.5800000000000001,0.5644444444444445,0.6399999999999999,0.5926975013290802,0.608,0.5803117411484284,6.4,4.8,5.2,3.6
svm,signo_zodiacal_aries,472,0.5,0.43000000000000005,0.4501190476190476,0.5599999999999999,0.4852755417956657,0.41600000000000004,0.5300719399279771,5.6,7.0,3.0,4.4
svm,signo_zodiacal_aries,473,0.5,0.37,0.30404761904761907,0.33999999999999997,0.31757575757575757,0.304,0.429399521445187,3.4,6.0,4.0,6.6
svm,signo_zodiacal_aries,474,0.5,0.5,0.4775335775335775,0.5599999999999999,0.5110001618010771,0.44000000000000006,0.5215767643089624,5.6,5.6,4.4,4.4
svm,signo_zodiacal_aries,475,0.5,0.47000000000000003,0.4685897435897436,0.6,0.5190855038681126,0.5,0.539239611265927,6.0,6.6,3.4,4.0
svm,signo_zodiacal_aries,476,0.5,0.5700000000000001,0.5566666666666668,0.6799999999999999,0.6079393939393939,0.616,0.620482855551741,6.8,5.4,4.6,3.2
svm,signo_zodiacal_aries,477,0.5,0.54,0.5357142857142857,0.36000000000000004,0.4075262972321796,0.484,0.533708624107231,3.6,2.8,7.2,6.4
svm,signo_zodiacal_aries,478,0.5,0.45,0.4448319327731093,0.54,0.47468251138839374,0.33199999999999996,0.4312301434375739,5.4,6.4,3.6,4.6
svm,signo_zodiacal_aries,479,0.5,0.49000000000000005,0.4851948051948051,0.5800000000000001,0.5267532467532468,0.472,0.5211040425862408,5.8,6.0,4.0,4.2
svm,signo_zodiacal_aries,480,0.5,0.4,0.42738095238095236,0.52,0.463014763014763,0.40599999999999997,0.5112863654233623,5.2,7.2,2.8,4.8
svm,signo_zodiacal_aries,481,0.5,0.53,0.5419469419469419,0.56,0.5381824125531219,0.591,0.6665820374156287,5.6,5.0,5.0,4.4
svm,signo_zodiacal_aries,482,0.5,0.5399999999999999,0.5422161172161173,0.4600000000000001,0.48938618925831195,0.6380000000000001,0.6914831520388796,4.6,3.8,6.2,5.4
svm,signo_zodiacal_aries,483,0.5,0.41,0.4027272727272727,0.32,0.35063492063492063,0.378,0.4589323485252278,3.2,5.0,5.0,6.8
svm,signo_zodiacal_aries,484,0.5,0.47000000000000003,0.4507575757575758,0.36,0.3956582633053221,0.524,0.5701209438136683,3.6,4.2,5.8,6.4
svm,signo_zodiacal_aries,485,0.5,0.53,0.5142857142857143,0.64,0.5664242424242424,0.538,0.6130851915542317,6.4,5.8,4.2,3.6
svm,signo_zodiacal_aries,486,0.5,0.48,0.47575757575757577,0.48,0.47542340700235436,0.4760000000000001,0.5294407171775593,4.8,5.2,4.8,5.2
svm,signo_zodiacal_aries,487,0.5,0.53,0.5462759462759463,0.5599999999999999,0.5439247094718895,0.557,0.6481487303546126,5.6,5.0,5.0,4.4
svm,signo_zodiacal_aries,488,0.5,0.43,0.4238095238095238,0.33999999999999997,0.37338086749851457,0.394,0.5279080580582128,3.4,4.8,5.2,6.6
svm,signo_zodiacal_aries,489,0.5,0.53,0.5057142857142857,0.5,0.4951336898395722,0.558,0.6188007717256943,5.0,4.4,5.6,5.0
svm,signo_zodiacal_aries,490,0.5,0.43000000000000005,0.43454545454545457,0.42000000000000004,0.4216666666666667,0.488,0.5845382368749241,4.2,5.6,4.4,5.8
svm,signo_zodiacal_aries,491,0.5,0.5,0.5266666666666666,0.42000000000000004,0.4539154704944178,0.534,0.6313307160675581,4.2,4.2,5.8,5.8
svm,signo_zodiacal_aries,492,0.5,0.48,0.4614718614718615,0.44000000000000006,0.443964858670741,0.5279999999999999,0.5840365447246252,4.4,4.8,5.2,5.6
svm,signo_zodiacal_aries,493,0.5,0.5599999999999999,0.5694444444444444,0.4600000000000001,0.506578947368421,0.54,0.6196247471998246,4.6,3.4,6.6,5.4
svm,signo_zodiacal_aries,494,0.5,0.5599999999999999,0.5601598401598402,0.5800000000000001,0.5644282060650347,0.55,0.6016348451170431,5.8,4.6,5.4,4.2
svm,signo_zodiacal_aries,495,0.5,0.47000000000000003,0.4866666666666667,0.45999999999999996,0.4608888888888889,0.442,0.5840921135967576,4.6,5.2,4.8,5.4
svm,signo_zodiacal_aries,496,0.5,0.5,0.5061338661338661,0.58,0.5379296066252588,0.512,0.5902665477797056,5.8,5.8,4.2,4.2
svm,signo_zodiacal_aries,497,0.5,0.47000000000000003,0.47721611721611723,0.45999999999999996,0.4625440839951541,0.518,0.5593645500526305,4.6,5.2,4.8,5.4
svm,signo_zodiacal_aries,498,0.5,0.41000000000000003,0.41921568627450984,0.54,0.4678787878787879,0.308,0.4255683350876849,5.4,7.2,2.8,4.6
svm,signo_zodiacal_aries,499,0.5,0.52,0.5372766122766123,0.52,0.5248846754567579,0.5720000000000001,0.6129950861831667,5.2,4.8,5.2,4.8
svm,signo_zodiacal_aries,500,0.5,0.52,0.5106060606060605,0.5800000000000001,0.5419457735247208,0.572,0.6014347211096437,5.8,5.4,4.6,4.2
svm,signo_zodiacal_capricornio,1,0.5,0.47000000000000003,0.4583333333333333,0.44000000000000006,0.44298245614035087,0.42400000000000004,0.5232938548379724,4.4,5.0,5.0,5.6
svm,signo_zodiacal_capricornio,2,0.5,0.55,0.5321338791927027,0.7,0.5990985368559738,0.58,0.6258355600367984,7.0,6.0,4.0,3.0
svm,signo_zodiacal_capricornio,3,0.5,0.44000000000000006,0.375,0.3,0.32251082251082247,0.4,0.47374531024531025,3.0,4.2,5.8,7.0
svm,signo_zodiacal_capricornio,4,0.5,0.53,0.49650793650793645,0.48,0.4753106295149639,0.516,0.5328237775296598,4.8,4.2,5.8,5.2
svm,signo_zodiacal_capricornio,5,0.5,0.55,0.5583682983682984,0.5800000000000001,0.5668540917511169,0.584,0.644617648261611,5.8,4.8,5.2,4.2
svm,signo_zodiacal_capricornio,6,0.5,0.56,0.5622222222222223,0.5599999999999999,0.5600501253132832,0.562,0.5882244020169717,5.6,4.4,5.6,4.4
svm,signo_zodiacal_capricornio,7,0.5,0.5399999999999999,0.5586147186147186,0.45999999999999996,0.4950906678460859,0.538,0.6069680329989928,4.6,3.8,6.2,5.4
svm,signo_zodiacal_capricornio,8,0.5,0.5399999999999999,0.5388528138528138,0.56,0.5414396061454886,0.58,0.665657777465053,5.6,4.8,5.2,4.4
svm,signo_zodiacal_capricornio,9,0.5,0.43000000000000005,0.42733044733044734,0.39999999999999997,0.4026232247284879,0.5079999999999999,0.6029174075838162,4.0,5.4,4.6,6.0
svm,signo_zodiacal_capricornio,10,0.5,0.55,0.535,0.74,0.6188764568764569,0.53,0.5496366684571019,7.4,6.4,3.6,2.6
svm,signo_zodiacal_capricornio,11,0.5,0.51,0.5144230769230769,0.64,0.5673761021587108,0.48900000000000005,0.5503959117078312,6.4,6.2,3.8,3.6
svm,signo_zodiacal_capricornio,12,0.5,0.38,0.32571428571428573,0.22000000000000003,0.25725490196078427,0.382,0.49868870878004,2.2,4.6,5.4,7.8
svm,signo_zodiacal_capricornio,13,0.5,0.57,0.582857142857143,0.4800000000000001,0.5215359477124183,0.5980000000000001,0.6908560442825148,4.8,3.4,6.6,5.2
svm,signo_zodiacal_capricornio,14,0.5,0.43999999999999995,0.44193473193473193,0.43999999999999995,0.42502917372482585,0.472,0.5955186480186481,4.4,5.6,4.4,5.6
svm,signo_zodiacal_capricornio,15,0.5,0.54,0.6617521367521367,0.38,0.41862419299490233,0.576,0.6537449668494559,3.8,3.0,7.0,6.2
svm,signo_zodiacal_capricornio,16,0.5,0.5,0.5005194805194806,0.36,0.41046218487394964,0.45,0.5272836612132278,3.6,3.6,6.4,6.4
svm,signo_zodiacal_capricornio,17,0.5,0.6699999999999999,0.6662948162948162,0.72,0.6841179034542878,0.686,0.7648920334051912,7.2,3.8,6.2,2.8
svm,signo_zodiacal_capricornio,18,0.5,0.39,0.36968253968253967,0.4,0.36626807660863386,0.35000000000000003,0.46213202689982874,4.0,6.2,3.8,6.0
svm,signo_zodiacal_capricornio,19,0.5,0.53,0.5242424242424243,0.6,0.558874458874459,0.542,0.5492981087539912,6.0,5.4,4.6,4.0
svm,signo_zodiacal_capricornio,20,0.5,0.5,0.4868181818181818,0.6399999999999999,0.5473992673992674,0.534,0.6179968528203823,6.4,6.4,3.6,3.6
svm,signo_zodiacal_capricornio,21,0.5,0.38,0.2857142857142857,0.2,0.23374613003095973,0.336,0.48325463691794956,2.0,4.4,5.6,8.0
svm,signo_zodiacal_capricornio,22,0.5,0.42000000000000004,0.41174242424242424,0.44000000000000006,0.41608829766724503,0.324,0.44147565755537893,4.4,6.0,4.0,5.6
svm,signo_zodiacal_capricornio,23,0.5,0.53,0.5326190476190475,0.5799999999999998,0.5474269005847954,0.516,0.5751906961287766,5.8,5.2,4.8,4.2
svm,signo_zodiacal_capricornio,24,0.5,0.58,0.6233766233766234,0.4600000000000001,0.5150700280112044,0.5700000000000001,0.6152244704040368,4.6,3.0,7.0,5.4
svm,signo_zodiacal_capricornio,25,0.5,0.49000000000000005,0.5010989010989011,0.48,0.45426257459505537,0.514,0.6066242025947908,4.8,5.0,5.0,5.2
svm,signo_zodiacal_capricornio,26,0.5,0.54,0.5174242424242423,0.64,0.5667099567099567,0.572,0.6296924664602683,6.4,5.6,4.4,3.6
svm,signo_zodiacal_capricornio,27,0.5,0.5,0.47928571428571426,0.32000000000000006,0.38189542483660127,0.47400000000000003,0.5979253626490468,3.2,3.2,6.8,6.8
svm,signo_zodiacal_capricornio,28,0.5,0.43,0.4643523143523144,0.5,0.4733594623620199,0.414,0.49180543699506546,5.0,6.4,3.6,5.0
svm,signo_zodiacal_capricornio,29,0.5,0.53,0.5442857142857143,0.56,0.539618812559989,0.5269999999999999,0.5379527569953266,5.6,5.0,5.0,4.4
svm,signo_zodiacal_capricornio,30,0.5,0.49000000000000005,0.46182539682539686,0.36,0.40251805985552114,0.49800000000000005,0.5294508716257942,3.6,3.8,6.2,6.4
svm,signo_zodiacal_capricornio,31,0.5,0.42000000000000004,0.3888455988455988,0.36000000000000004,0.3676126144237599,0.352,0.4452926452632335,3.6,5.2,4.8,6.4
svm,signo_zodiacal_capricornio,32,0.5,0.47000000000000003,0.4547186147186147,0.52,0.47938782785841616,0.42000000000000004,0.5376838547589322,5.2,5.8,4.2,4.8
svm,signo_zodiacal_capricornio,33,0.5,0.4600000000000001,0.4586940836940837,0.5800000000000001,0.4943977591036415,0.389,0.49705542969242666,5.8,6.6,3.4,4.2
svm,signo_zodiacal_capricornio,34,0.5,0.44000000000000006,0.4557264957264957,0.54,0.4899588100686499,0.42800000000000005,0.5368553391053391,5.4,6.6,3.4,4.6
svm,signo_zodiacal_capricornio,35,0.5,0.38,0.356474358974359,0.45999999999999996,0.3934845782237087,0.286,0.41795214323000696,4.6,7.0,3.0,5.4
svm,signo_zodiacal_capricornio,36,0.5,0.5,0.5033333333333333,0.52,0.510909090909091,0.542,0.5754996849555674,5.2,5.2,4.8,4.8
svm,signo_zodiacal_capricornio,37,0.5,0.44000000000000006,0.4305555555555555,0.4,0.4057017543859649,0.387,0.5057141327025227,4.0,5.2,4.8,6.0
svm,signo_zodiacal_capricornio,38,0.5,0.4600000000000001,0.4257142857142857,0.38,0.39566760037348275,0.4960000000000001,0.506592543679231,3.8,4.6,5.4,6.2
svm,signo_zodiacal_capricornio,39,0.5,0.48,0.4465811965811966,0.5,0.46027866107957643,0.47400000000000003,0.5295571285439706,5.0,5.4,4.6,5.0
svm,signo_zodiacal_capricornio,40,0.5,0.5,0.4962204462204462,0.5800000000000001,0.5301085388041911,0.548,0.6187720802589224,5.8,5.8,4.2,4.2
svm,signo_zodiacal_capricornio,41,0.5,0.48999999999999994,0.49735819735819736,0.5599999999999999,0.5247624991332085,0.508,0.5568759188008414,5.6,5.8,4.2,4.4
svm,signo_zodiacal_capricornio,42,0.5,0.37,0.2533333333333333,0.26,0.24898245614035086,0.391,0.46184395549411034,2.6,5.2,4.8,7.4
svm,signo_zodiacal_capricornio,43,0.5,0.48,0.4761965811965812,0.48,0.4752250190694126,0.5459999999999999,0.6312859150653267,4.8,5.2,4.8,5.2
svm,signo_zodiacal_capricornio,44,0.5,0.53,0.527979797979798,0.45999999999999996,0.47910230120756436,0.534,0.5768348585538987,4.6,4.0,6.0,5.4
svm,signo_zodiacal_capricornio,45,0.5,0.53,0.522979797979798,0.52,0.518751424014582,0.524,0.5757115370010106,5.2,4.6,5.4,4.8
svm,signo_zodiacal_capricornio,46,0.5,0.48999999999999994,0.48769230769230765,0.4999999999999999,0.49121281464530886,0.534,0.6035620217415882,5.0,5.2,4.8,5.0
svm,signo_zodiacal_capricornio,47,0.5,0.5,0.49682539682539684,0.31999999999999995,0.37902599636345763,0.45,0.5300535116758026,3.2,3.2,6.8,6.8
svm,signo_zodiacal_capricornio,48,0.5,0.5599999999999999,0.5622655122655124,0.58,0.5651629072681704,0.5980000000000001,0.6133781186134126,5.8,4.6,5.4,4.2
svm,signo_zodiacal_capricornio,49,0.5,0.44000000000000006,0.44022578728461087,0.5599999999999999,0.48659147869674185,0.394,0.5051754018255565,5.6,6.8,3.2,4.4
svm,signo_zodiacal_capricornio,50,0.5,0.41,0.36444444444444446,0.26,0.2998830409356725,0.372,0.4887367200223237,2.6,4.4,5.6,7.4
svm,signo_zodiacal_capricornio,51,0.5,0.5000000000000001,0.4884615384615384,0.6,0.5366756812981069,0.434,0.4995718627777451,6.0,6.0,4.0,4.0
svm,signo_zodiacal_capricornio,52,0.5,0.5700000000000001,0.5638034188034188,0.6599999999999999,0.5987800661072973,0.61,0.6273605050779973,6.6,5.2,4.8,3.4
svm,signo_zodiacal_capricornio,53,0.5,0.54,0.5460606060606061,0.52,0.5313951545530492,0.5619999999999999,0.6058665423843441,5.2,4.4,5.6,4.8
svm,signo_zodiacal_capricornio,54,0.5,0.5700000000000001,0.5900000000000001,0.43999999999999995,0.4972222222222221,0.5959999999999999,0.6205663492853896,4.4,3.0,7.0,5.6
svm,signo_zodiacal_capricornio,55,0.5,0.45,0.4591991341991342,0.48,0.4647451963241437,0.434,0.504661080749316,4.8,5.8,4.2,5.2
svm,signo_zodiacal_capricornio,56,0.5,0.5,0.49860139860139857,0.6599999999999999,0.5669772256728779,0.483,0.550724902548432,6.6,6.6,3.4,3.4
svm,signo_zodiacal_capricornio,57,0.5,0.41,0.427972027972028,0.52,0.4687370600414078,0.466,0.5824310432429627,5.2,7.0,3.0,4.8
svm,signo_zodiacal_capricornio,58,0.5,0.38,0.37666666666666665,0.32,0.33436773752563226,0.344,0.4948348883658481,3.2,5.6,4.4,6.8
svm,signo_zodiacal_capricornio,59,0.5,0.41000000000000003,0.40757020757020757,0.41999999999999993,0.4103583767603151,0.442,0.5076538249332366,4.2,6.0,4.0,5.8
svm,signo_zodiacal_capricornio,60,0.5,0.54,0.5690909090909091,0.45999999999999996,0.48761904761904756,0.536,0.6115454612466996,4.6,3.8,6.2,5.4
svm,signo_zodiacal_capricornio,61,0.5,0.58,0.5716483516483517,0.62,0.5804566379911649,0.6080000000000001,0.5927930664107135,6.2,4.6,5.4,3.8
svm,signo_zodiacal_capricornio,62,0.5,0.4600000000000001,0.44666666666666666,0.36,0.3948538011695906,0.4619999999999999,0.5215772071066189,3.6,4.4,5.6,6.4
svm,signo_zodiacal_capricornio,63,0.5,0.6100000000000001,0.6113886113886113,0.64,0.6186822555109,0.634,0.6655512065334046,6.4,4.2,5.8,3.6
svm,signo_zodiacal_capricornio,64,0.5,0.49000000000000005,0.48722943722943723,0.48,0.478957643663526,0.44400000000000006,0.5190668961241716,4.8,5.0,5.0,5.2
svm,signo_zodiacal_capricornio,65,0.5,0.56,0.5555769230769231,0.74,0.6279077627178313,0.53,0.5693511380260606,7.4,6.2,3.8,2.6
svm,signo_zodiacal_capricornio,66,0.5,0.39,0.3785620915032679,0.48,0.4149395711500975,0.334,0.4562337401160931,4.8,7.0,3.0,5.2
svm,signo_zodiacal_capricornio,67,0.5,0.47000000000000003,0.47412587412587415,0.54,0.503914925654056,0.47000000000000003,0.5552768157195402,5.4,6.0,4.0,4.6
svm,signo_zodiacal_capricornio,68,0.5,0.39,0.38476190476190475,0.42000000000000004,0.38782456140350874,0.312,0.4280653143725899,4.2,6.4,3.6,5.8
svm,signo_zodiacal_capricornio,69,0.5,0.5000000000000001,0.4985281385281385,0.6199999999999999,0.5496623376623376,0.54,0.6181023110876052,6.2,6.2,3.8,3.8
svm,signo_zodiacal_capricornio,70,0.5,0.47000000000000003,0.4662082362082362,0.52,0.4894881472455843,0.466,0.5571803023258132,5.2,5.8,4.2,4.8
svm,signo_zodiacal_capricornio,71,0.5,0.54,0.5366233766233766,0.5199999999999999,0.5258263305322128,0.558,0.6441959980164315,5.2,4.4,5.6,4.8
svm,signo_zodiacal_capricornio,72,0.5,0.5200000000000001,0.5291330891330891,0.62,0.5639267734553777,0.492,0.5432121212121211,6.2,5.8,4.2,3.8
svm,signo_zodiacal_capricornio,73,0.5,0.55,0.5310023310023311,0.6199999999999999,0.5699901928734881,0.5560000000000002,0.6012454893747463,6.2,5.2,4.8,3.8
svm,signo_zodiacal_capricornio,74,0.5,0.51,0.49575757575757573,0.5399999999999999,0.5100432900432901,0.52,0.5756475829811742,5.4,5.2,4.8,4.6
svm,signo_zodiacal_capricornio,75,0.5,0.45,0.44102564102564107,0.5399999999999999,0.4828502415458937,0.488,0.6082404082845259,5.4,6.4,3.6,4.6
svm,signo_zodiacal_capricornio,76,0.5,0.51,0.49833333333333335,0.64,0.5552727272727273,0.5660000000000001,0.6249057235334324,6.4,6.2,3.8,3.6
svm,signo_zodiacal_capricornio,77,0.5,0.5700000000000001,0.5691341991341992,0.58,0.5699618029029794,0.5780000000000001,0.6040311977324361,5.8,4.4,5.6,4.2
svm,signo_zodiacal_capricornio,78,0.5,0.4800000000000001,0.48428321678321673,0.6399999999999999,0.5467940754897276,0.5,0.5449816651356899,6.4,6.8,3.2,3.6
svm,signo_zodiacal_capricornio,79,0.5,0.51,0.5367521367521368,0.48,0.47670500107571046,0.5820000000000001,0.6206247114598508,4.8,4.6,5.4,5.2
svm,signo_zodiacal_capricornio,80,0.5,0.58,0.5716880341880343,0.7,0.624813173096926,0.53,0.5364611205787677,7.0,5.4,4.6,3.0
svm,signo_zodiacal_capricornio,81,0.5,0.51,0.5266666666666666,0.5399999999999999,0.5215238095238095,0.5200000000000001,0.6131011755702158,5.4,5.2,4.8,4.6
svm,signo_zodiacal_capricornio,82,0.5,0.58,0.5976800976800977,0.45999999999999996,0.49362555266781943,0.64,0.6722502199383004,4.6,3.0,7.0,5.4
svm,signo_zodiacal_capricornio,83,0.5,0.5700000000000001,0.6188888888888888,0.42000000000000004,0.4930994152046783,0.602,0.660134643134643,4.2,2.8,7.2,5.8
svm,signo_zodiacal_capricornio,84,0.5,0.45999999999999996,0.45,0.3,0.35172932330827067,0.39399999999999996,0.5057018029270351,3.0,3.8,6.2,7.0
svm,signo_zodiacal_capricornio,85,0.5,0.5599999999999999,0.6060606060606061,0.5,0.5365971747550695,0.5700000000000001,0.5863387610841171,5.0,3.8,6.2,5.0
svm,signo_zodiacal_capricornio,86,0.5,0.5700000000000001,0.5832478632478632,0.5399999999999999,0.5522654462242562,0.568,0.6489644864938982,5.4,4.0,6.0,4.6
svm,signo_zodiacal_capricornio,87,0.5,0.5,0.4844444444444444,0.38,0.4191520467836257,0.49800000000000005,0.5879236411163655,3.8,3.8,6.2,6.2
svm,signo_zodiacal_capricornio,88,0.5,0.51,0.4963636363636364,0.5599999999999999,0.5187099567099567,0.592,0.6614139106507527,5.6,5.4,4.6,4.4
svm,signo_zodiacal_capricornio,89,0.5,0.5,0.5417460317460318,0.4,0.4475718708536046,0.51,0.5876596300156671,4.0,4.0,6.0,6.0
svm,signo_zodiacal_capricornio,90,0.5,0.52,0.52,0.58,0.538045112781955,0.5700000000000001,0.5963993306315288,5.8,5.4,4.6,4.2
svm,signo_zodiacal_capricornio,91,0.5,0.56,0.5761904761904761,0.52,0.5423755467099121,0.562,0.6302446432136835,5.2,4.0,6.0,4.8
svm,signo_zodiacal_capricornio,92,0.5,0.5,0.46678321678321677,0.4800000000000001,0.4645962732919255,0.476,0.5112429190176868,4.8,4.8,5.2,5.2
svm,signo_zodiacal_capricornio,93,0.5,0.4999999999999999,0.5040743570155335,0.6799999999999999,0.5758778258778259,0.4779999999999999,0.5492050074108897,6.8,6.8,3.2,3.2
svm,signo_zodiacal_capricornio,94,0.5,0.43000000000000005,0.4177777777777778,0.36,0.3563973478847621,0.41400000000000003,0.49928622315077426,3.6,5.0,5.0,6.4
svm,signo_zodiacal_capricornio,95,0.5,0.55,0.5761904761904761,0.38000000000000006,0.4565359477124183,0.59,0.6398528240765082,3.8,2.8,7.2,6.2
svm,signo_zodiacal_capricornio,96,0.5,0.52,0.5218614718614718,0.48,0.49440624734742383,0.48,0.5817266083589612,4.8,4.4,5.6,5.2
svm,signo_zodiacal_capricornio,97,0.5,0.5,0.5083333333333333,0.36,0.41944444444444445,0.538,0.55827637232049,3.6,3.6,6.4,6.4
svm,signo_zodiacal_capricornio,98,0.5,0.54,0.5427045177045177,0.6,0.5631463375170469,0.582,0.6053945021267003,6.0,5.2,4.8,4.0
svm,signo_zodiacal_capricornio,99,0.5,0.5900000000000001,0.6005555555555555,0.6,0.5951461988304094,0.6359999999999999,0.6803642327744495,6.0,4.2,5.8,4.0
svm,signo_zodiacal_capricornio,100,0.5,0.45999999999999996,0.4617582417582418,0.42000000000000004,0.4246433645922137,0.392,0.49137514137049737,4.2,5.0,5.0,5.8
svm,signo_zodiacal_capricornio,101,0.5,0.51,0.5111111111111111,0.43999999999999995,0.4671318447634237,0.542,0.5764908686085157,4.4,4.2,5.8,5.6
svm,signo_zodiacal_capricornio,102,0.5,0.4800000000000001,0.5136752136752136,0.39999999999999997,0.41524882440214245,0.5279999999999999,0.5969084341011585,4.0,4.4,5.6,6.0
svm,signo_zodiacal_capricornio,103,0.5,0.55,0.5144444444444444,0.54,0.5132412850307586,0.52,0.5639573559395541,5.4,4.4,5.6,4.6
svm,signo_zodiacal_capricornio,104,0.5,0.56,0.5596464646464646,0.54,0.5483208020050125,0.6060000000000001,0.6563793679660552,5.4,4.2,5.8,4.6
svm,signo_zodiacal_capricornio,105,0.5,0.48,0.5,0.43999999999999995,0.4595959595959596,0.48200000000000004,0.5617483072483072,4.4,4.8,5.2,5.6
svm,signo_zodiacal_capricornio,106,0.5,0.45999999999999996,0.46113886113886104,0.6,0.5205815923207228,0.52,0.6045228725522842,6.0,6.8,3.2,4.0
svm,signo_zodiacal_capricornio,107,0.5,0.52,0.5301587301587302,0.6,0.5573365231259968,0.502,0.5445142434964416,6.0,5.6,4.4,4.0
svm,signo_zodiacal_capricornio,108,0.5,0.5,0.49428571428571433,0.4800000000000001,0.4772222222222222,0.5349999999999999,0.5847140343316812,4.8,4.8,5.2,5.2
svm,signo_zodiacal_capricornio,109,0.5,0.52,0.5266233766233765,0.4,0.42643239113827347,0.522,0.5961552979184559,4.0,3.6,6.4,6.0
svm,signo_zodiacal_capricornio,110,0.5,0.35,0.3472693972693973,0.42000000000000004,0.3775855006034034,0.32700000000000007,0.45842461606161294,4.2,7.2,2.8,5.8
svm,signo_zodiacal_capricornio,111,0.5,0.5599999999999999,0.5615584415584415,0.41999999999999993,0.45578431372549016,0.5720000000000001,0.6267916805416804,4.2,3.0,7.0,5.8
svm,signo_zodiacal_capricornio,112,0.5,0.5700000000000001,0.571590909090909,0.7,0.6194139194139194,0.6260000000000001,0.6901452219950671,7.0,5.6,4.4,3.0
svm,signo_zodiacal_capricornio,113,0.5,0.5599999999999999,0.5506060606060605,0.72,0.621939393939394,0.5479999999999999,0.6117000966869387,7.2,6.0,4.0,2.8
svm,signo_zodiacal_capricornio,114,0.5,0.4,0.36787878787878786,0.24000000000000005,0.28349206349206346,0.41500000000000004,0.5143692057856144,2.4,4.4,5.6,7.6
svm,signo_zodiacal_capricornio,115,0.5,0.5700000000000001,0.5531934731934731,0.74,0.6311552795031056,0.624,0.6673921901112303,7.4,6.0,4.0,2.6
svm,signo_zodiacal_capricornio,116,0.5,0.4600000000000001,0.4637529137529137,0.5,0.47772758642323854,0.48,0.5683169499918727,5.0,5.8,4.2,5.0
svm,signo_zodiacal_capricornio,117,0.5,0.45,0.42646464646464644,0.45999999999999996,0.43644862155388464,0.48999999999999994,0.5209118006176829,4.6,5.6,4.4,5.4
svm,signo_zodiacal_capricornio,118,0.5,0.45,0.4575396825396825,0.4600000000000001,0.4469298245614035,0.41,0.5381721295560304,4.6,5.6,4.4,5.4
svm,signo_zodiacal_capricornio,119,0.5,0.56,0.5743589743589743,0.58,0.5647215865751335,0.5599999999999999,0.5912649191194083,5.8,4.6,5.4,4.2
svm,signo_zodiacal_capricornio,120,0.5,0.5,0.502987012987013,0.6599999999999999,0.5689090909090909,0.44800000000000006,0.49291449322950864,6.6,6.6,3.4,3.4
svm,signo_zodiacal_capricornio,121,0.5,0.52,0.530952380952381,0.5800000000000001,0.5424242424242424,0.49399999999999994,0.5700049913107188,5.8,5.4,4.6,4.2
svm,signo_zodiacal_capricornio,122,0.5,0.47000000000000003,0.4727272727272728,0.29999999999999993,0.3551820728291316,0.51,0.5729443877416014,3.0,3.6,6.4,7.0
svm,signo_zodiacal_capricornio,123,0.5,0.52,0.5190476190476191,0.43999999999999995,0.47526659786721714,0.51,0.5449429269560848,4.4,4.0,6.0,5.6
svm,signo_zodiacal_capricornio,124,0.5,0.51,0.5173076923076924,0.5,0.5043478260869565,0.446,0.5181538657421011,5.0,4.8,5.2,5.0
svm,signo_zodiacal_capricornio,125,0.5,0.49000000000000005,0.45852813852813845,0.36,0.39567153177060294,0.442,0.5322189034735474,3.6,3.8,6.2,6.4
svm,signo_zodiacal_capricornio,126,0.5,0.48,0.4765811965811966,0.5,0.47761632341723875,0.524,0.5798251727632532,5.0,5.4,4.6,5.0
svm,signo_zodiacal_capricornio,127,0.5,0.45,0.43802197802197806,0.44000000000000006,0.4249360613810742,0.39,0.48169311407546694,4.4,5.4,4.6,5.6
svm,signo_zodiacal_capricornio,128,0.5,0.53,0.4892857142857142,0.36,0.4000339529751294,0.51,0.5585056163306937,3.6,3.0,7.0,6.4
svm,signo_zodiacal_capricornio,129,0.5,0.5,0.4866666666666667,0.45999999999999996,0.4694949494949495,0.5,0.585718899951098,4.6,4.6,5.4,5.4
svm,signo_zodiacal_capricornio,130,0.5,0.41000000000000003,0.40484126984126984,0.44000000000000006,0.41693779904306216,0.43,0.520368292869841,4.4,6.2,3.8,5.6
svm,signo_zodiacal_capricornio,131,0.5,0.53,0.5340909090909091,0.44000000000000006,0.4789915966386554,0.568,0.5832570534041122,4.4,3.8,6.2,5.6
svm,signo_zodiacal_capricornio,132,0.5,0.54,0.5333333333333333,0.48,0.49343434343434345,0.522,0.5592852688247425,4.8,4.0,6.0,5.2
svm,signo_zodiacal_capricornio,133,0.5,0.52,0.5039393939393939,0.48,0.4828282828282829,0.5399999999999999,0.59904178947987,4.8,4.4,5.6,5.2
svm,signo_zodiacal_capricornio,134,0.5,0.6200000000000001,0.6053724053724053,0.6599999999999999,0.624280767018686,0.615,0.6531046355605179,6.6,4.2,5.8,3.4
svm,signo_zodiacal_capricornio,135,0.5,0.5,0.5034188034188034,0.42000000000000004,0.4318332062039156,0.438,0.4864700854700855,4.2,4.2,5.8,5.8
svm,signo_zodiacal_capricornio,136,0.5,0.5800000000000001,0.6066666666666667,0.44000000000000006,0.5015204678362573,0.612,0.6378073839645046,4.4,2.8,7.2,5.6
svm,signo_zodiacal_capricornio,137,0.5,0.5199999999999999,0.5284188034188034,0.54,0.530245904616614,0.55,0.604092868947358,5.4,5.0,5.0,4.6
svm,signo_zodiacal_capricornio,138,0.5,0.54,0.5451948051948052,0.5599999999999999,0.547537560478737,0.5519999999999999,0.6481304153362977,5.6,4.8,5.2,4.4
svm,signo_zodiacal_capricornio,139,0.5,0.45999999999999996,0.45904761904761904,0.32,0.3627671674730498,0.45,0.5376283922475873,3.2,4.0,6.0,6.8
svm,signo_zodiacal_capricornio,140,0.5,0.32,0.3022186147186147,0.33999999999999997,0.31314712119665683,0.35,0.48213398692810455,3.4,7.0,3.0,6.6
svm,signo_zodiacal_capricornio,141,0.5,0.47000000000000003,0.4603174603174603,0.42000000000000004,0.4349108064278343,0.53,0.6233235365425767,4.2,4.8,5.2,5.8
svm,signo_zodiacal_capricornio,142,0.5,0.59,0.5924242424242424,0.54,0.5513328776486672,0.6380000000000001,0.6589583739274142,5.4,3.6,6.4,4.6
svm,signo_zodiacal_capricornio,143,0.5,0.52,0.5119658119658119,0.5599999999999999,0.5304116681691052,0.522,0.6093467541230699,5.6,5.2,4.8,4.4
svm,signo_zodiacal_capricornio,144,0.5,0.55,0.562857142857143,0.58,0.5637340153452686,0.562,0.631543909908461,5.8,4.8,5.2,4.2
svm,signo_zodiacal_capricornio,145,0.5,0.4,0.42699966699966696,0.44000000000000006,0.4222153209109731,0.40800000000000003,0.5076346720874584,4.4,6.4,3.6,5.6
svm,signo_zodiacal_capricornio,146,0.5,0.52,0.5077922077922078,0.44000000000000006,0.46379551820728293,0.476,0.5289758395199572,4.4,4.0,6.0,5.6
svm,signo_zodiacal_capricornio,147,0.5,0.51,0.5199999999999999,0.34,0.4018487394957983,0.492,0.5453598988730568,3.4,3.2,6.8,6.6
svm,signo_zodiacal_capricornio,148,0.5,0.54,0.5392857142857143,0.58,0.5505847953216374,0.512,0.526850857261074,5.8,5.0,5.0,4.2
svm,signo_zodiacal_capricornio,149,0.5,0.48999999999999994,0.5025396825396825,0.58,0.5346834477498092,0.4659999999999999,0.5454302837685191,5.8,6.0,4.0,4.2
svm,signo_zodiacal_capricornio,150,0.5,0.54,0.5536940836940836,0.44000000000000006,0.4824178092289547,0.538,0.5781064099299393,4.4,3.6,6.4,5.6
svm,signo_zodiacal_capricornio,151,0.5,0.5199999999999999,0.5167832167832167,0.6,0.5526915113871635,0.53,0.5392980249025141,6.0,5.6,4.4,4.0
svm,signo_zodiacal_capricornio,152,0.5,0.51,0.5002020202020202,0.4600000000000001,0.45310198573356464,0.45999999999999996,0.5165486992367797,4.6,4.4,5.6,5.4
svm,signo_zodiacal_capricornio,153,0.5,0.48,0.48851981351981355,0.52,0.499874521613652,0.48599999999999993,0.5375461950330371,5.2,5.6,4.4,4.8
svm,signo_zodiacal_capricornio,154,0.5,0.4600000000000001,0.4639156268568033,0.6,0.516876230981494,0.458,0.5356186580876983,6.0,6.8,3.2,4.0
svm,signo_zodiacal_capricornio,155,0.5,0.37,0.37653679653679656,0.42000000000000004,0.38952380952380955,0.33799999999999997,0.46156439458374443,4.2,6.8,3.2,5.8
svm,signo_zodiacal_capricornio,156,0.5,0.53,0.5440476190476191,0.48,0.49366515837104075,0.5479999999999999,0.576294020908572,4.8,4.2,5.8,5.2
svm,signo_zodiacal_capricornio,157,0.5,0.42000000000000004,0.3078321678321679,0.38,0.33519461697722563,0.36000000000000004,0.4399615101101169,3.8,5.4,4.6,6.2
svm,signo_zodiacal_capricornio,158,0.5,0.55,0.5506410256410257,0.54,0.5359134826526131,0.5920000000000001,0.6444652369474351,5.4,4.4,5.6,4.6
svm,signo_zodiacal_capricornio,159,0.5,0.51,0.509090909090909,0.42000000000000004,0.4567693744164332,0.5640000000000001,0.621816339920829,4.2,4.0,6.0,5.8
svm,signo_zodiacal_capricornio,160,0.5,0.41999999999999993,0.4261849261849262,0.42000000000000004,0.42010824161853905,0.43599999999999994,0.5263530146324263,4.2,5.8,4.2,5.8
svm,signo_zodiacal_capricornio,161,0.5,0.62,0.6888888888888889,0.48,0.5558771929824561,0.6300000000000001,0.6984804351994753,4.8,2.4,7.6,5.2
svm,signo_zodiacal_capricornio,162,0.5,0.5700000000000001,0.5961616161616161,0.47999999999999987,0.5192105263157895,0.585,0.624319865806708,4.8,3.4,6.6,5.2
svm,signo_zodiacal_capricornio,163,0.5,0.53,0.5433766233766233,0.52,0.511480284421461,0.5599999999999999,0.6134800085535379,5.2,4.6,5.4,4.8
svm,signo_zodiacal_capricornio,164,0.5,0.4600000000000001,0.45817460317460323,0.4,0.4249948400412797,0.466,0.5616671665967331,4.0,4.8,5.2,6.0
svm,signo_zodiacal_capricornio,165,0.5,0.39,0.39294039294039296,0.44000000000000006,0.40838509316770183,0.404,0.47950292964689256,4.4,6.6,3.4,5.6
svm,signo_zodiacal_capricornio,166,0.5,0.54,0.5602020202020203,0.42000000000000004,0.46843776106934004,0.5700000000000001,0.6032457722016545,4.2,3.4,6.6,5.8
svm,signo_zodiacal_capricornio,167,0.5,0.51,0.49133089133089136,0.54,0.5034182281725693,0.502,0.5695097010832304,5.4,5.2,4.8,4.6
svm,signo_zodiacal_capricornio,168,0.5,0.4,0.4046031746031746,0.36000000000000004,0.37823310504425056,0.274,0.4484670387232307,3.6,5.6,4.4,6.4
svm,signo_zodiacal_capricornio,169,0.5,0.6,0.5893284493284494,0.6199999999999999,0.5965890429398304,0.616,0.643703219381238,6.2,4.2,5.8,3.8
svm,signo_zodiacal_capricornio,170,0.5,0.43,0.4495770895770896,0.5199999999999999,0.4736124710753867,0.426,0.5037321175556471,5.2,6.6,3.4,4.8
svm,signo_zodiacal_capricornio,171,0.5,0.56,0.5549650349650349,0.6799999999999999,0.6084057971014493,0.58,0.6202180966608211,6.8,5.6,4.4,3.2
svm,signo_zodiacal_capricornio,172,0.5,0.45000000000000007,0.4405677655677655,0.52,0.4718535469107552,0.472,0.5387116043571152,5.2,6.2,3.8,4.8
svm,signo_zodiacal_capricornio,173,0.5,0.55,0.5411111111111111,0.68,0.5976267942583733,0.584,0.641206514245988,6.8,5.8,4.2,3.2
svm,signo_zodiacal_capricornio,174,0.5,0.54,0.5381396381396382,0.6,0.556477560219652,0.596,0.6572038861551246,6.0,5.2,4.8,4.0
svm,signo_zodiacal_capricornio,175,0.5,0.55,0.5928571428571429,0.42000000000000004,0.4817239176372302,0.49800000000000005,0.5733888158625,4.2,3.2,6.8,5.8
svm,signo_zodiacal_capricornio,176,0.5,0.48,0.4766666666666667,0.3,0.35471861471861466,0.48599999999999993,0.5666167341430499,3.0,3.4,6.6,7.0
svm,signo_zodiacal_capricornio,177,0.5,0.61,0.5906837606837607,0.7,0.6360049927189515,0.634,0.6567359205122363,7.0,4.8,5.2,3.0
svm,signo_zodiacal_capricornio,178,0.5,0.47000000000000003,0.4989010989010989,0.56,0.5187669534216849,0.418,0.5034825946327495,5.6,6.2,3.8,4.4
svm,signo_zodiacal_capricornio,179,0.5,0.55,0.5526355996944232,0.58,0.550140056022409,0.554,0.5791237167545218,5.8,4.8,5.2,4.2
svm,signo_zodiacal_capricornio,180,0.5,0.5700000000000001,0.5748917748917749,0.4999999999999999,0.5315445476436189,0.576,0.5909077284944158,5.0,3.6,6.4,5.0
svm,signo_zodiacal_capricornio,181,0.5,0.5000000000000001,0.5214285714285715,0.36,0.4163644405130474,0.49000000000000005,0.599343665965957,3.6,3.6,6.4,6.4
svm,signo_zodiacal_capricornio,182,0.5,0.55,0.5630555555555555,0.58,0.5645344129554655,0.5700000000000001,0.61660641525657,5.8,4.8,5.2,4.2
svm,signo_zodiacal_capricornio,183,0.5,0.48999999999999994,0.5073109243697479,0.54,0.505,0.534,0.6015732302613108,5.4,5.6,4.4,4.6
svm,signo_zodiacal_capricornio,184,0.5,0.5,0.48623376623376624,0.4600000000000001,0.4708182220256523,0.516,0.5613259616200792,4.6,4.6,5.4,5.4
svm,signo_zodiacal_capricornio,185,0.5,0.5,0.5161172161172162,0.52,0.5021642253739441,0.538,0.5961532623723026,5.2,5.2,4.8,4.8
svm,signo_zodiacal_capricornio,186,0.5,0.5700000000000001,0.5822161172161172,0.5800000000000001,0.5673861892583121,0.609,0.6684741071621876,5.8,4.4,5.6,4.2
svm,signo_zodiacal_capricornio,187,0.5,0.4699999999999999,0.46582463288345644,0.58,0.5090726817042606,0.476,0.5758053521126276,5.8,6.4,3.6,4.2
svm,signo_zodiacal_capricornio,188,0.5,0.54,0.5200854700854701,0.62,0.5600416059912627,0.5359999999999999,0.5628937082009837,6.2,5.4,4.6,3.8
svm,signo_zodiacal_capricornio,189,0.5,0.4,0.42059052059052054,0.52,0.4614154952598889,0.38,0.4889246221614642,5.2,7.2,2.8,4.8
svm,signo_zodiacal_capricornio,190,0.5,0.54,0.5082478632478632,0.52,0.4918299986309139,0.529,0.5812334883039219,5.2,4.4,5.6,4.8
svm,signo_zodiacal_capricornio,191,0.5,0.42000000000000004,0.4321428571428571,0.58,0.4897435897435898,0.388,0.4971975092331129,5.8,7.4,2.6,4.2
svm,signo_zodiacal_capricornio,192,0.5,0.47000000000000003,0.48571428571428565,0.34,0.38417348045831023,0.44800000000000006,0.5308208376590728,3.4,4.0,6.0,6.6
svm,signo_zodiacal_capricornio,193,0.5,0.43,0.4331002331002331,0.5,0.4623297373869456,0.418,0.5515040900791675,5.0,6.4,3.6,5.0
svm,signo_zodiacal_capricornio,194,0.5,0.5700000000000001,0.5832167832167832,0.6,0.5865077714047965,0.548,0.587207087803837,6.0,4.6,5.4,4.0
svm,signo_zodiacal_capricornio,195,0.5,0.55,0.5419191919191919,0.5599999999999999,0.5479911900964533,0.571,0.5938774266669002,5.6,4.6,5.4,4.4
svm,signo_zodiacal_capricornio,196,0.5,0.59,0.5974747474747474,0.5599999999999999,0.5751044277360066,0.6039999999999999,0.6112343842947559,5.6,3.8,6.2,4.4
svm,signo_zodiacal_capricornio,197,0.5,0.34,0.31846405228758173,0.31999999999999995,0.30692007797270954,0.22000000000000003,0.39058013211418785,3.2,6.4,3.6,6.8
svm,signo_zodiacal_capricornio,198,0.5,0.5800000000000001,0.6057142857142856,0.48,0.5330718954248367,0.584,0.6415888370315613,4.8,3.2,6.8,5.2
svm,signo_zodiacal_capricornio,199,0.5,0.48,0.4666666666666667,0.44000000000000006,0.4416666666666667,0.41200000000000003,0.4930647151266346,4.4,4.8,5.2,5.6
svm,signo_zodiacal_capricornio,200,0.5,0.55,0.61,0.4,0.4661777438248026,0.5040000000000001,0.5697896095132936,4.0,3.0,7.0,6.0
svm,signo_zodiacal_capricornio,201,0.5,0.5,0.4790476190476191,0.38000000000000006,0.3982463549522373,0.483,0.5470036048402921,3.8,3.8,6.2,6.2
svm,signo_zodiacal_capricornio,202,0.5,0.33999999999999997,0.35809523809523813,0.42000000000000004,0.3851515151515152,0.328,0.45186891213361796,4.2,7.4,2.6,5.8
svm,signo_zodiacal_capricornio,203,0.5,0.45,0.42698412698412697,0.4000000000000001,0.40276057791537667,0.426,0.48350898997803016,4.0,5.0,5.0,6.0
svm,signo_zodiacal_capricornio,204,0.5,0.51,0.5138528138528138,0.5599999999999999,0.5278564057201828,0.576,0.6201102585924567,5.6,5.4,4.6,4.4
svm,signo_zodiacal_capricornio,205,0.5,0.48,0.4769230769230769,0.58,0.5200474308300395,0.466,0.518066026079184,5.8,6.2,3.8,4.2
svm,signo_zodiacal_capricornio,206,0.5,0.4699999999999999,0.4622994652406417,0.54,0.49153439153439155,0.502,0.575880896279503,5.4,6.0,4.0,4.6
svm,signo_zodiacal_capricornio,207,0.5,0.56,0.5766666666666667,0.45999999999999996,0.5053801169590644,0.6,0.6583916459357635,4.6,3.4,6.6,5.4
svm,signo_zodiacal_capricornio,208,0.5,0.55,0.5673076923076923,0.45999999999999996,0.49482401656314695,0.512,0.5644556179115002,4.6,3.6,6.4,5.4
svm,signo_zodiacal_capricornio,209,0.5,0.49000000000000005,0.5088711288711288,0.48,0.48777818373726306,0.5359999999999999,0.628941261353026,4.8,5.0,5.0,5.2
svm,signo_zodiacal_capricornio,210,0.5,0.49000000000000005,0.49730769230769234,0.58,0.5276267693658998,0.49800000000000005,0.5512561943560396,5.8,6.0,4.0,4.2
svm,signo_zodiacal_capricornio,211,0.5,0.42000000000000004,0.37681818181818183,0.32000000000000006,0.3371428571428571,0.45999999999999996,0.5544249757810128,3.2,4.8,5.2,6.8
svm,signo_zodiacal_capricornio,212,0.5,0.51,0.5067099567099567,0.6,0.5440836940836942,0.48,0.5300006372196775,6.0,5.8,4.2,4.0
svm,signo_zodiacal_capricornio,213,0.5,0.41,0.38,0.33999999999999997,0.3461227661227661,0.442,0.5203514818514818,3.4,5.2,4.8,6.6
svm,signo_zodiacal_capricornio,214,0.5,0.55,0.5714285714285714,0.52,0.5319693094629157,0.548,0.6109486032543308,5.2,4.2,5.8,4.8
svm,signo_zodiacal_capricornio,215,0.5,0.49000000000000005,0.4952247752247752,0.58,0.532215320910973,0.53,0.5990890421068439,5.8,6.0,4.0,4.2
svm,signo_zodiacal_capricornio,216,0.5,0.44000000000000006,0.44025974025974024,0.5,0.4625795772854596,0.4840000000000001,0.5589038994201533,5.0,6.2,3.8,5.0
svm,signo_zodiacal_capricornio,217,0.5,0.5,0.5010256410256411,0.5999999999999999,0.5424664031620554,0.4960000000000001,0.5845761301821673,6.0,6.0,4.0,4.0
svm,signo_zodiacal_capricornio,218,0.5,0.49000000000000005,0.45575757575757575,0.38,0.40782372598162075,0.49000000000000005,0.5194685934980052,3.8,4.0,6.0,6.2
svm,signo_zodiacal_capricornio,219,0.5,0.54,0.5398412698412699,0.5800000000000001,0.5486778237242633,0.542,0.6246450212154546,5.8,5.0,5.0,4.2
svm,signo_zodiacal_capricornio,220,0.5,0.47000000000000003,0.47745098039215694,0.7,0.5660942760942762,0.45,0.5127040196645459,7.0,7.6,2.4,3.0
svm,signo_zodiacal_capricornio,221,0.5,0.55,0.5256959706959707,0.6200000000000001,0.5645849802371542,0.6439999999999999,0.7133142370185713,6.2,5.2,4.8,3.8
svm,signo_zodiacal_capricornio,222,0.5,0.42000000000000004,0.3784090909090909,0.4,0.3779304029304029,0.386,0.4942384586517714,4.0,5.6,4.4,6.0
svm,signo_zodiacal_capricornio,223,0.5,0.52,0.5283333333333333,0.45999999999999996,0.4866666666666667,0.5740000000000001,0.6605708191017787,4.6,4.2,5.8,5.4
svm,signo_zodiacal_capricornio,224,0.5,0.48,0.48,0.48,0.477979797979798,0.48600000000000004,0.537691593923792,4.8,5.2,4.8,5.2
svm,signo_zodiacal_capricornio,225,0.5,0.6,0.5876623376623377,0.6799999999999999,0.6269651401230348,0.567,0.595198338641063,6.8,4.8,5.2,3.2
svm,signo_zodiacal_capricornio,226,0.5,0.5,0.5068764568764569,0.6,0.5488048183700357,0.458,0.5054380613366681,6.0,6.0,4.0,4.0
svm,signo_zodiacal_capricornio,227,0.5,0.49000000000000005,0.49777777777777776,0.43999999999999995,0.457511961722488,0.458,0.5580840172898995,4.4,4.6,5.4,5.6
svm,signo_zodiacal_capricornio,228,0.5,0.42000000000000004,0.43487179487179484,0.5599999999999999,0.48732279314888005,0.39599999999999996,0.5061065154315928,5.6,7.2,2.8,4.4
svm,signo_zodiacal_capricornio,229,0.5,0.6,0.586153846153846,0.7200000000000001,0.6443478260869565,0.6759999999999999,0.7178962318211544,7.2,5.2,4.8,2.8
svm,signo_zodiacal_capricornio,230,0.5,0.41,0.4173426573426574,0.45999999999999996,0.43377501725327805,0.48200000000000004,0.5462200191449418,4.6,6.4,3.6,5.4
svm,signo_zodiacal_capricornio,231,0.5,0.51,0.5226984126984127,0.45999999999999996,0.4832479594708697,0.4960000000000001,0.5826984692294289,4.6,4.4,5.6,5.4
svm,signo_zodiacal_capricornio,232,0.5,0.44000000000000006,0.3787637362637363,0.43999999999999995,0.39230150923245555,0.42400000000000004,0.4905736187616993,4.4,5.6,4.4,5.6
svm,signo_zodiacal_capricornio,233,0.5,0.53,0.5861904761904762,0.36,0.43029663147310215,0.49399999999999994,0.5891095191358348,3.6,3.0,7.0,6.4
svm,signo_zodiacal_capricornio,234,0.5,0.32999999999999996,0.3328860028860029,0.4,0.35874018379281536,0.31,0.46863224297202627,4.0,7.4,2.6,6.0
svm,signo_zodiacal_capricornio,235,0.5,0.58,0.5852014652014652,0.6399999999999999,0.5982608695652174,0.5780000000000001,0.6604631736512541,6.4,4.8,5.2,3.6
svm,signo_zodiacal_capricornio,236,0.5,0.56,0.5876068376068376,0.5399999999999999,0.5397188623733247,0.5940000000000001,0.6232560962429383,5.4,4.2,5.8,4.6
svm,signo_zodiacal_capricornio,237,0.5,0.48999999999999994,0.4885353535353535,0.5199999999999999,0.49821553884711783,0.55,0.5997441241249291,5.2,5.4,4.6,4.8
svm,signo_zodiacal_capricornio,238,0.5,0.54,0.5533333333333333,0.48,0.5068686868686868,0.508,0.5738866776498355,4.8,4.0,6.0,5.2
svm,signo_zodiacal_capricornio,239,0.5,0.4800000000000001,0.47197802197802197,0.38,0.41030122193805063,0.5279999999999999,0.5974356923606149,3.8,4.2,5.8,6.2
svm,signo_zodiacal_capricornio,240,0.5,0.47000000000000003,0.4268686868686869,0.36,0.38510442773600667,0.476,0.5450178514296161,3.6,4.2,5.8,6.4
svm,signo_zodiacal_capricornio,241,0.5,0.54,0.5416666666666667,0.58,0.555050505050505,0.5980000000000001,0.6453009115067938,5.8,5.0,5.0,4.2
svm,signo_zodiacal_capricornio,242,0.5,0.53,0.6488888888888888,0.32,0.40788124156545214,0.55,0.6152265783751851,3.2,2.6,7.4,6.8
svm,signo_zodiacal_capricornio,243,0.5,0.56,0.5558333333333334,0.6399999999999999,0.5790500552079499,0.5660000000000001,0.6152040002481178,6.4,5.2,4.8,3.6
svm,signo_zodiacal_capricornio,244,0.5,0.45,0.4409090909090909,0.44000000000000006,0.43766233766233764,0.43200000000000005,0.5286209737974443,4.4,5.4,4.6,5.6
svm,signo_zodiacal_capricornio,245,0.5,0.4800000000000001,0.46761904761904755,0.42000000000000004,0.42749776401788786,0.538,0.5932713267125032,4.2,4.6,5.4,5.8
svm,signo_zodiacal_capricornio,246,0.5,0.6000000000000001,0.5938311688311687,0.6,0.586111111111111,0.604,0.6274671141551946,6.0,4.0,6.0,4.0
svm,signo_zodiacal_capricornio,247,0.5,0.5199999999999999,0.5232539682539683,0.5,0.5029102167182662,0.534,0.6142265371367539,5.0,4.6,5.4,5.0
svm,signo_zodiacal_capricornio,248,0.5,0.41,0.40340909090909094,0.45999999999999996,0.42313242313242316,0.42400000000000004,0.5520903392273361,4.6,6.4,3.6,5.4
svm,signo_zodiacal_capricornio,249,0.5,0.43000000000000005,0.4035714285714286,0.32,0.35490196078431374,0.368,0.46923893856401594,3.2,4.6,5.4,6.8
svm,signo_zodiacal_capricornio,250,0.5,0.5299999999999999,0.5468614718614718,0.54,0.5293290043290043,0.512,0.5509741632636369,5.4,4.8,5.2,4.6
svm,signo_zodiacal_capricornio,251,0.5,0.54,0.5490909090909091,0.52,0.5238095238095238,0.53,0.5925557116602008,5.2,4.4,5.6,4.8
svm,signo_zodiacal_capricornio,252,0.5,0.5599999999999999,0.5916666666666667,0.33999999999999997,0.41547619047619044,0.512,0.5875741305478146,3.4,2.2,7.8,6.6
svm,signo_zodiacal_capricornio,253,0.5,0.5599999999999999,0.5913986013986013,0.5399999999999999,0.5443478260869565,0.5959999999999999,0.6909246221614642,5.4,4.2,5.8,4.6
svm,signo_zodiacal_capricornio,254,0.5,0.54,0.6004329004329004,0.43999999999999995,0.4895085306850012,0.508,0.6191180692372642,4.4,3.6,6.4,5.6
svm,signo_zodiacal_capricornio,255,0.5,0.5700000000000001,0.5595848595848596,0.64,0.5920809929963248,0.592,0.6474036986405407,6.4,5.0,5.0,3.6
svm,signo_zodiacal_capricornio,256,0.5,0.36,0.3134310134310134,0.27999999999999997,0.29028469511374344,0.344,0.4656366509307686,2.8,5.6,4.4,7.2
svm,signo_zodiacal_capricornio,257,0.5,0.49000000000000005,0.4603174603174603,0.42000000000000004,0.43346780498483295,0.45599999999999996,0.5663410966398583,4.2,4.4,5.6,5.8
svm,signo_zodiacal_capricornio,258,0.5,0.5,0.47806637806637803,0.44000000000000006,0.45627794977640174,0.45999999999999996,0.5548128285543147,4.4,4.4,5.6,5.6
svm,signo_zodiacal_capricornio,259,0.5,0.4600000000000001,0.38095238095238093,0.27999999999999997,0.3174509803921569,0.508,0.5925723088401107,2.8,3.6,6.4,7.2
svm,signo_zodiacal_capricornio,260,0.5,0.5299999999999999,0.5424242424242425,0.42000000000000004,0.4678804855275443,0.54,0.5926196923991041,4.2,3.6,6.4,5.8
svm,signo_zodiacal_capricornio,261,0.5,0.38,0.36637806637806636,0.36000000000000004,0.3576232247284879,0.32799999999999996,0.441464262088101,3.6,6.0,4.0,6.4
svm,signo_zodiacal_capricornio,262,0.5,0.48,0.48589743589743584,0.58,0.5276679841897234,0.48599999999999993,0.5626326553563396,5.8,6.2,3.8,4.2
svm,signo_zodiacal_capricornio,263,0.5,0.51,0.5121245421245421,0.5,0.4897186700767263,0.568,0.6221594769179908,5.0,4.8,5.2,5.0
svm,signo_zodiacal_capricornio,264,0.5,0.55,0.5345148315736551,0.6799999999999999,0.5930379307953679,0.6160000000000001,0.6822080305315599,6.8,5.8,4.2,3.2
svm,signo_zodiacal_capricornio,265,0.5,0.5800000000000001,0.5852380952380952,0.6799999999999999,0.6183743315508022,0.556,0.552250287294405,6.8,5.2,4.8,3.2
svm,signo_zodiacal_capricornio,266,0.5,0.45,0.44647435897435905,0.56,0.4795004512395817,0.48,0.5318096913406511,5.6,6.6,3.4,4.4
svm,signo_zodiacal_capricornio,267,0.5,0.38,0.40287878787878795,0.5799999999999998,0.4732547452547452,0.366,0.4869889761081712,5.8,8.2,1.8,4.2
svm,signo_zodiacal_capricornio,268,0.5,0.4600000000000001,0.3939393939393939,0.42000000000000004,0.4004127966976264,0.4720000000000001,0.5004060728573112,4.2,5.0,5.0,5.8
svm,signo_zodiacal_capricornio,269,0.5,0.55,0.5915934065934065,0.48,0.5162432509235579,0.606,0.6231321886747583,4.8,3.8,6.2,5.2
svm,signo_zodiacal_capricornio,270,0.5,0.6000000000000001,0.6013636363636363,0.6,0.5987301587301588,0.612,0.6605360205669804,6.0,4.0,6.0,4.0
svm,signo_zodiacal_capricornio,271,0.5,0.5800000000000001,0.5752525252525252,0.6,0.5854180906812486,0.594,0.6147743890096831,6.0,4.4,5.6,4.0
svm,signo_zodiacal_capricornio,272,0.5,0.49000000000000005,0.4943278943278943,0.5599999999999999,0.5215157458864553,0.458,0.5368462164770215,5.6,5.8,4.2,4.4
svm,signo_zodiacal_capricornio,273,0.5,0.44000000000000006,0.4492063492063492,0.45999999999999996,0.45175438596491224,0.3519999999999999,0.4929958432520352,4.6,5.8,4.2,5.4
svm,signo_zodiacal_capricornio,274,0.5,0.47000000000000003,0.44333333333333336,0.38000000000000006,0.4014646464646464,0.434,0.5005305321613371,3.8,4.4,5.6,6.2
svm,signo_zodiacal_capricornio,275,0.5,0.51,0.49555555555555547,0.4,0.43719298245614036,0.481,0.5569103190411241,4.0,3.8,6.2,6.0
svm,signo_zodiacal_capricornio,276,0.5,0.49000000000000005,0.4953535353535353,0.54,0.5125012531328321,0.549,0.6270921943553522,5.4,5.6,4.4,4.6
svm,signo_zodiacal_capricornio,277,0.5,0.45999999999999996,0.4416666666666666,0.38,0.39803921568627454,0.394,0.4771311199120797,3.8,4.6,5.4,6.2
svm,signo_zodiacal_capricornio,278,0.5,0.53,0.5408333333333333,0.6599999999999999,0.5873414304993252,0.471,0.5341618216664656,6.6,6.0,4.0,3.4
svm,signo_zodiacal_capricornio,279,0.5,0.5199999999999999,0.49416666666666664,0.6599999999999999,0.5595804195804195,0.5359999999999999,0.5894973925283522,6.6,6.2,3.8,3.4
svm,signo_zodiacal_capricornio,280,0.5,0.54,0.5614718614718615,0.54,0.5406015037593985,0.526,0.6566034455740338,5.4,4.6,5.4,4.6
svm,signo_zodiacal_capricornio,281,0.5,0.51,0.5034188034188034,0.5,0.4950176825462867,0.512,0.5442499732809332,5.0,4.8,5.2,5.0
svm,signo_zodiacal_capricornio,282,0.5,0.41,0.3951381951381951,0.41999999999999993,0.40338442012960785,0.352,0.45605071888895415,4.2,6.0,4.0,5.8
svm,signo_zodiacal_capricornio,283,0.5,0.5599999999999999,0.5543711843711844,0.6399999999999999,0.5902170445877539,0.6140000000000001,0.6452539215170793,6.4,5.2,4.8,3.6
svm,signo_zodiacal_capricornio,284,0.5,0.5,0.49412087912087915,0.5199999999999999,0.49899403239556694,0.5289999999999999,0.5806344935594161,5.2,5.2,4.8,4.8
svm,signo_zodiacal_capricornio,285,0.5,0.42000000000000004,0.4353646353646353,0.5399999999999999,0.4813288161114248,0.364,0.47662401530358184,5.4,7.0,3.0,4.6
svm,signo_zodiacal_capricornio,286,0.5,0.47000000000000003,0.46249028749028753,0.5,0.47694532774624304,0.42800000000000005,0.5287196996330124,5.0,5.6,4.4,5.0
svm,signo_zodiacal_capricornio,287,0.5,0.36,0.3369230769230769,0.38,0.35648033126293993,0.37,0.5067673180792376,3.8,6.6,3.4,6.2
svm,signo_zodiacal_capricornio,288,0.5,0.4800000000000001,0.46571428571428564,0.36,0.40169934640522875,0.49800000000000005,0.5564860015285711,3.6,4.0,6.0,6.4
svm,signo_zodiacal_capricornio,289,0.5,0.5900000000000001,0.5856959706959707,0.5599999999999999,0.566230537981783,0.64,0.6846480524978977,5.6,3.8,6.2,4.4
svm,signo_zodiacal_capricornio,290,0.5,0.48,0.48119658119658115,0.4600000000000001,0.46692092550216124,0.506,0.5212077068957874,4.6,5.0,5.0,5.4
svm,signo_zodiacal_capricornio,291,0.5,0.56,0.5372527472527473,0.6599999999999999,0.5851495001162521,0.51,0.5340067052830211,6.6,5.4,4.6,3.4
svm,signo_zodiacal_capricornio,292,0.5,0.54,0.5248917748917749,0.68,0.5903030303030303,0.53,0.5873261630010855,6.8,6.0,4.0,3.2
svm,signo_zodiacal_capricornio,293,0.5,0.5200000000000001,0.5077777777777779,0.43999999999999995,0.45210298473456356,0.492,0.6169288330348701,4.4,4.0,6.0,5.6
svm,signo_zodiacal_capricornio,294,0.5,0.5800000000000001,0.5966666666666667,0.5999999999999999,0.5868181818181818,0.6040000000000001,0.6421911323970149,6.0,4.4,5.6,4.0
svm,signo_zodiacal_capricornio,295,0.5,0.53,0.5326923076923078,0.56,0.5419411506368028,0.5439999999999999,0.6242677312367715,5.6,5.0,5.0,4.4
svm,signo_zodiacal_capricornio,296,0.5,0.45,0.411025641025641,0.42000000000000004,0.4017391304347826,0.446,0.49403411088395605,4.2,5.2,4.8,5.8
svm,signo_zodiacal_capricornio,297,0.5,0.51,0.51492673992674,0.43999999999999995,0.46644792928613094,0.5259999999999999,0.5687703130203131,4.4,4.2,5.8,5.6
svm,signo_zodiacal_capricornio,298,0.5,0.53,0.5306526806526806,0.54,0.5308597580908794,0.49800000000000005,0.5750632515059759,5.4,4.8,5.2,4.6
svm,signo_zodiacal_capricornio,299,0.5,0.42000000000000004,0.4012820512820513,0.4600000000000001,0.424604743083004,0.398,0.5274291937852309,4.6,6.2,3.8,5.4
svm,signo_zodiacal_capricornio,300,0.5,0.52,0.5166666666666667,0.5,0.505050505050505,0.49400000000000005,0.5482518711079083,5.0,4.6,5.4,5.0
svm,signo_zodiacal_capricornio,301,0.5,0.5200000000000001,0.5147222222222222,0.6,0.5456545209176787,0.529,0.5660830999066293,6.0,5.6,4.4,4.0
svm,signo_zodiacal_capricornio,302,0.5,0.38,0.37059052059052056,0.37999999999999995,0.3723511677745087,0.34800000000000003,0.4620485384928109,3.8,6.2,3.8,6.2
svm,signo_zodiacal_capricornio,303,0.5,0.56,0.5467171717171716,0.5599999999999999,0.5507177033492823,0.576,0.6181571371524932,5.6,4.4,5.6,4.4
svm,signo_zodiacal_capricornio,304,0.5,0.47000000000000003,0.4607142857142857,0.36,0.3963458110516934,0.5039999999999999,0.5507293970219667,3.6,4.2,5.8,6.4
svm,signo_zodiacal_capricornio,305,0.5,0.49000000000000005,0.4947319347319348,0.54,0.5084113181504486,0.5650000000000001,0.6182537729728131,5.4,5.6,4.4,4.6
svm,signo_zodiacal_capricornio,306,0.5,0.54,0.5457575757575757,0.5599999999999999,0.5445079365079365,0.54,0.6051218956482114,5.6,4.8,5.2,4.4
svm,signo_zodiacal_capricornio,307,0.5,0.53,0.5262937062937063,0.64,0.5753830227743271,0.558,0.5800758218389797,6.4,5.8,4.2,3.6
svm,signo_zodiacal_capricornio,308,0.5,0.64,0.633939393939394,0.64,0.6339925571504519,0.651,0.648800872330284,6.4,3.6,6.4,3.6
svm,signo_zodiacal_capricornio,309,0.5,0.39,0.404009324009324,0.48,0.4376134010916619,0.386,0.5033690198690198,4.8,7.0,3.0,5.2
svm,signo_zodiacal_capricornio,310,0.5,0.6599999999999999,0.6484848484848484,0.7,0.6717703349282296,0.647,0.6322831108519964,7.0,3.8,6.2,3.0
svm,signo_zodiacal_capricornio,311,0.5,0.53,0.5409090909090909,0.5,0.5174603174603174,0.528,0.6259715480597834,5.0,4.4,5.6,5.0
svm,signo_zodiacal_capricornio,312,0.5,0.6,0.578041958041958,0.74,0.6472938076416337,0.61,0.5897657517920675,7.4,5.4,4.6,2.6
svm,signo_zodiacal_capricornio,313,0.5,0.55,0.580952380952381,0.4600000000000001,0.5080065359477124,0.55,0.5973873328254132,4.6,3.6,6.4,5.4
svm,signo_zodiacal_capricornio,314,0.5,0.53,0.5244755244755245,0.6599999999999999,0.5838509316770186,0.558,0.615479732256048,6.6,6.0,4.0,3.4
svm,signo_zodiacal_capricornio,315,0.5,0.44000000000000006,0.42095238095238097,0.32,0.3574509803921569,0.392,0.5135882179396111,3.2,4.4,5.6,6.8
svm,signo_zodiacal_capricornio,316,0.5,0.54,0.5495238095238096,0.4,0.44618962736609785,0.628,0.6277519512651091,4.0,3.2,6.8,6.0
svm,signo_zodiacal_capricornio,317,0.5,0.44000000000000006,0.44859307359307354,0.42000000000000004,0.42975129445717686,0.43000000000000005,0.4953617216117216,4.2,5.4,4.6,5.8
svm,signo_zodiacal_capricornio,318,0.5,0.5700000000000001,0.6187301587301587,0.43999999999999995,0.506047471620227,0.506,0.5765839446930777,4.4,3.0,7.0,5.6
svm,signo_zodiacal_capricornio,319,0.5,0.5,0.5155555555555555,0.39999999999999997,0.4423684210526315,0.504,0.5901687103745927,4.0,4.0,6.0,6.0
svm,signo_zodiacal_capricornio,320,0.5,0.42000000000000004,0.4014285714285714,0.32,0.3545098039215686,0.47000000000000003,0.5273184319979987,3.2,4.8,5.2,6.8
svm,signo_zodiacal_capricornio,321,0.5,0.4600000000000001,0.4257142857142857,0.32000000000000006,0.3401120448179272,0.41600000000000004,0.4859663202294781,3.2,4.0,6.0,6.8
svm,signo_zodiacal_capricornio,322,0.5,0.4,0.3759307359307359,0.4,0.3774397759103641,0.41,0.4828770308638729,4.0,6.0,4.0,6.0
svm,signo_zodiacal_capricornio,323,0.5,0.43999999999999995,0.4251082251082251,0.52,0.4484270631329455,0.321,0.43190112321459073,5.2,6.4,3.6,4.8
svm,signo_zodiacal_capricornio,324,0.5,0.49000000000000005,0.47214285714285714,0.42000000000000004,0.44261437908496737,0.491,0.5656026463216866,4.2,4.4,5.6,5.8
svm,signo_zodiacal_capricornio,325,0.5,0.55,0.5602564102564103,0.54,0.543522178304787,0.508,0.6262433883625833,5.4,4.4,5.6,4.6
svm,signo_zodiacal_capricornio,326,0.5,0.44000000000000006,0.4155555555555555,0.45999999999999996,0.42478195488721804,0.36,0.44923863082222215,4.6,5.8,4.2,5.4
svm,signo_zodiacal_capricornio,327,0.5,0.48,0.5,0.44000000000000006,0.43934282092176835,0.493,0.6041020568698586,4.4,4.8,5.2,5.6
svm,signo_zodiacal_capricornio,328,0.5,0.5700000000000001,0.5508547008547009,0.7,0.6092603049124788,0.5720000000000001,0.5643614604349899,7.0,5.6,4.4,3.0
svm,signo_zodiacal_capricornio,329,0.5,0.37,0.3499389499389499,0.3,0.31729707901467225,0.363,0.5080073080514257,3.0,5.6,4.4,7.0
svm,signo_zodiacal_capricornio,330,0.5,0.55,0.5557142857142856,0.62,0.5826794258373205,0.5700000000000001,0.6102895400952676,6.2,5.2,4.8,3.8
svm,signo_zodiacal_capricornio,331,0.5,0.52,0.5484126984126985,0.42000000000000004,0.4677666760484098,0.48100000000000004,0.5634524848216799,4.2,3.8,6.2,5.8
svm,signo_zodiacal_capricornio,332,0.5,0.5200000000000001,0.5140836940836941,0.5399999999999999,0.5175662686127083,0.558,0.6023280500029726,5.4,5.0,5.0,4.6
svm,signo_zodiacal_capricornio,333,0.5,0.45999999999999996,0.49725274725274726,0.38,0.4147566272885966,0.504,0.5898619087311038,3.8,4.6,5.4,6.2
svm,signo_zodiacal_capricornio,334,0.5,0.49000000000000005,0.493045843045843,0.5,0.4881494744767056,0.5299999999999999,0.5677825948561244,5.0,5.2,4.8,5.0
svm,signo_zodiacal_capricornio,335,0.5,0.45,0.44722222222222224,0.39999999999999997,0.4216374269005848,0.446,0.5623172230246534,4.0,5.0,5.0,6.0
svm,signo_zodiacal_capricornio,336,0.5,0.56,0.5908730158730159,0.54,0.5575507395940832,0.5780000000000001,0.6760451950010773,5.4,4.2,5.8,4.6
svm,signo_zodiacal_capricornio,337,0.5,0.6100000000000001,0.5965783236371471,0.8,0.6777971014492754,0.5760000000000001,0.606754532447257,8.0,5.8,4.2,2.0
svm,signo_zodiacal_capricornio,338,0.5,0.58,0.5842857142857143,0.6200000000000001,0.5957575757575757,0.5850000000000001,0.6405177877677877,6.2,4.6,5.4,3.8
svm,signo_zodiacal_capricornio,339,0.5,0.62,0.6924242424242424,0.48,0.5453634085213033,0.6540000000000001,0.7089962510829383,4.8,2.4,7.6,5.2
svm,signo_zodiacal_capricornio,340,0.5,0.5,0.5027777777777779,0.42000000000000004,0.4573099415204679,0.421,0.4980389898199496,4.2,4.2,5.8,5.8
svm,signo_zodiacal_capricornio,341,0.5,0.45999999999999996,0.4579365079365079,0.34,0.3679300747412203,0.414,0.48975146155873706,3.4,4.2,5.8,6.6
svm,signo_zodiacal_capricornio,342,0.5,0.5700000000000001,0.5553968253968253,0.52,0.5254414110141664,0.5389999999999999,0.5678159346673278,5.2,3.8,6.2,4.8
svm,signo_zodiacal_capricornio,343,0.5,0.5399999999999999,0.5467460317460318,0.45999999999999996,0.49741314069487447,0.6040000000000001,0.6408627369362664,4.6,3.8,6.2,5.4
svm,signo_zodiacal_capricornio,344,0.5,0.43,0.4435930735930736,0.41999999999999993,0.4153068500127324,0.506,0.5651447816888994,4.2,5.6,4.4,5.8
svm,signo_zodiacal_capricornio,345,0.5,0.59,0.5861555111555112,0.6,0.5848407347128575,0.584,0.577683648652689,6.0,4.2,5.8,4.0
svm,signo_zodiacal_capricornio,346,0.5,0.48,0.4833333333333334,0.6199999999999999,0.5397435897435898,0.41,0.4781540050936336,6.2,6.6,3.4,3.8
svm,signo_zodiacal_capricornio,347,0.5,0.49000000000000005,0.4715018315018315,0.54,0.49679795396419435,0.446,0.522297840618274,5.4,5.6,4.4,4.6
svm,signo_zodiacal_capricornio,348,0.5,0.4699999999999999,0.4042424242424242,0.45999999999999996,0.4083809523809524,0.41600000000000004,0.47995143298394066,4.6,5.2,4.8,5.4
svm,signo_zodiacal_capricornio,349,0.5,0.35,0.3533177933177933,0.43999999999999995,0.3897814100468563,0.3,0.4668725386240866,4.4,7.4,2.6,5.6
svm,signo_zodiacal_capricornio,350,0.5,0.5,0.5045998445998446,0.56,0.5244368893247613,0.5,0.5791955452528208,5.6,5.6,4.4,4.4
svm,signo_zodiacal_capricornio,351,0.5,0.51,0.5111111111111111,0.5,0.5012227538543328,0.534,0.6113031674208145,5.0,4.8,5.2,5.0
svm,signo_zodiacal_capricornio,352,0.5,0.51,0.5382395382395383,0.4600000000000001,0.4909332153914197,0.504,0.6037170859755998,4.6,4.4,5.6,5.4
svm,signo_zodiacal_capricornio,353,0.5,0.55,0.544055944055944,0.6599999999999999,0.5954451345755694,0.5159999999999999,0.5552922432744414,6.6,5.6,4.4,3.4
svm,signo_zodiacal_capricornio,354,0.5,0.6,0.5806993006993008,0.6799999999999999,0.624927536231884,0.588,0.6029827584696006,6.8,4.8,5.2,3.2
svm,signo_zodiacal_capricornio,355,0.5,0.5000000000000001,0.5023809523809524,0.38,0.4317853457172343,0.5119999999999999,0.5993786048832488,3.8,3.8,6.2,6.2
svm,signo_zodiacal_capricornio,356,0.5,0.47000000000000003,0.465,0.38,0.40853535353535353,0.42799999999999994,0.5474297477548251,3.8,4.4,5.6,6.2
svm,signo_zodiacal_capricornio,357,0.5,0.42000000000000004,0.41641414141414135,0.4,0.406516290726817,0.462,0.5113774538155342,4.0,5.6,4.4,6.0
svm,signo_zodiacal_capricornio,358,0.5,0.43999999999999995,0.4066666666666666,0.45999999999999996,0.41701587301587306,0.4159999999999999,0.4925778131397326,4.6,5.8,4.2,5.4
svm,signo_zodiacal_capricornio,359,0.5,0.54,0.5621367521367521,0.5199999999999999,0.5240995770057555,0.518,0.6098074636062252,5.2,4.4,5.6,4.8
svm,signo_zodiacal_capricornio,360,0.5,0.4600000000000001,0.4633697838109604,0.56,0.48343314622490824,0.392,0.49407440864948604,5.6,6.4,3.6,4.4
svm,signo_zodiacal_capricornio,361,0.5,0.53,0.5227777777777779,0.48,0.49420255183413075,0.554,0.6075865584364036,4.8,4.2,5.8,5.2
svm,signo_zodiacal_capricornio,362,0.5,0.45999999999999996,0.44761904761904764,0.3,0.3572755417956656,0.48199999999999993,0.5240873082885467,3.0,3.8,6.2,7.0
svm,signo_zodiacal_capricornio,363,0.5,0.64,0.6325757575757576,0.6799999999999999,0.6522366522366522,0.692,0.716544143764732,6.8,4.0,6.0,3.2
svm,signo_zodiacal_capricornio,364,0.5,0.55,0.5607142857142857,0.4,0.4610644257703081,0.44799999999999995,0.5562010630408463,4.0,3.0,7.0,6.0
svm,signo_zodiacal_capricornio,365,0.5,0.5,0.5229426129426129,0.5599999999999999,0.5301671337143137,0.51,0.5196500629573385,5.6,5.6,4.4,4.4
svm,signo_zodiacal_capricornio,366,0.5,0.56,0.5426923076923077,0.5000000000000001,0.5128502415458938,0.554,0.5823230729538779,5.0,3.8,6.2,5.0
svm,signo_zodiacal_capricornio,367,0.5,0.52,0.509090909090909,0.45999999999999996,0.47709273182957385,0.5619999999999999,0.6105227344035393,4.6,4.2,5.8,5.4
svm,signo_zodiacal_capricornio,368,0.5,0.47000000000000003,0.43064102564102563,0.36,0.3792350441320692,0.47000000000000003,0.5432390197521776,3.6,4.2,5.8,6.4
svm,signo_zodiacal_capricornio,369,0.5,0.54,0.5883333333333334,0.43999999999999995,0.4886868686868687,0.5479999999999998,0.634053196201803,4.4,3.6,6.4,5.6
svm,signo_zodiacal_capricornio,370,0.5,0.49000000000000005,0.481474358974359,0.5599999999999999,0.5050820918212222,0.42600000000000005,0.5093643854425588,5.6,5.8,4.2,4.4
svm,signo_zodiacal_capricornio,371,0.5,0.49000000000000005,0.5051948051948052,0.3,0.3580370609782374,0.466,0.541356100813531,3.0,3.2,6.8,7.0
svm,signo_zodiacal_capricornio,372,0.5,0.52,0.5203296703296703,0.66,0.5814229249011859,0.5940000000000001,0.6834312419606536,6.6,6.2,3.8,3.4
svm,signo_zodiacal_capricornio,373,0.5,0.5599999999999999,0.5633333333333332,0.5599999999999999,0.539007659007659,0.58,0.6369366158437366,5.6,4.4,5.6,4.4
svm,signo_zodiacal_capricornio,374,0.5,0.65,0.6422688422688423,0.6599999999999999,0.6474011114743379,0.644,0.6713503222783409,6.6,3.6,6.4,3.4
svm,signo_zodiacal_capricornio,375,0.5,0.5200000000000001,0.5305916305916305,0.44000000000000006,0.47762543613936803,0.54,0.6113108182667005,4.4,4.0,6.0,5.6
svm,signo_zodiacal_capricornio,376,0.5,0.55,0.5817099567099567,0.44000000000000006,0.48105293399411053,0.5780000000000001,0.6234453591643994,4.4,3.4,6.6,5.6
svm,signo_zodiacal_capricornio,377,0.5,0.6100000000000001,0.6357464757464758,0.56,0.578511239736169,0.636,0.6578767419371134,5.6,3.4,6.6,4.4
svm,signo_zodiacal_capricornio,378,0.5,0.54,0.6319347319347319,0.42000000000000004,0.45971226840792057,0.534,0.5827798671916319,4.2,3.4,6.6,5.8
svm,signo_zodiacal_capricornio,379,0.5,0.44000000000000006,0.4246031746031746,0.4,0.40479876160990713,0.421,0.48473390601486577,4.0,5.2,4.8,6.0
svm,signo_zodiacal_capricornio,380,0.5,0.47000000000000003,0.4133333333333333,0.4,0.39670588235294124,0.404,0.4800447073566268,4.0,4.6,5.4,6.0
svm,signo_zodiacal_capricornio,381,0.5,0.47000000000000003,0.4721056721056721,0.48,0.4576059714503651,0.506,0.5816178898500879,4.8,5.4,4.6,5.2
svm,signo_zodiacal_capricornio,382,0.5,0.42000000000000004,0.3993939393939394,0.28,0.321015037593985,0.384,0.47264914763598975,2.8,4.4,5.6,7.2
svm,signo_zodiacal_capricornio,383,0.5,0.53,0.539949494949495,0.5,0.5178279030910609,0.5760000000000001,0.5721900223959048,5.0,4.4,5.6,5.0
svm,signo_zodiacal_capricornio,384,0.5,0.5700000000000001,0.5968253968253968,0.44000000000000006,0.5044461644306846,0.554,0.6309451288305776,4.4,3.0,7.0,5.6
svm,signo_zodiacal_capricornio,385,0.5,0.4600000000000001,0.48611111111111116,0.38,0.41171109592162225,0.506,0.5638765739764191,3.8,4.6,5.4,6.2
svm,signo_zodiacal_capricornio,386,0.5,0.56,0.5701587301587302,0.4600000000000001,0.5021671826625387,0.558,0.5931981988599635,4.6,3.4,6.6,5.4
svm,signo_zodiacal_capricornio,387,0.5,0.4800000000000001,0.4754761904761905,0.4600000000000001,0.4596436188510492,0.44800000000000006,0.5725756110934129,4.6,5.0,5.0,5.4
svm,signo_zodiacal_capricornio,388,0.5,0.44000000000000006,0.44000000000000006,0.56,0.4852380952380953,0.388,0.4876368278264563,5.6,6.8,3.2,4.4
svm,signo_zodiacal_capricornio,389,0.5,0.6100000000000001,0.5844139194139194,0.6799999999999999,0.6237944664031619,0.64,0.6646646027690919,6.8,4.6,5.4,3.2
svm,signo_zodiacal_capricornio,390,0.5,0.45999999999999996,0.44988344988344986,0.44000000000000006,0.4390596055355781,0.489,0.5575143077596637,4.4,5.2,4.8,5.6
svm,signo_zodiacal_capricornio,391,0.5,0.45,0.44792207792207783,0.42000000000000004,0.4299906629318394,0.418,0.5214092127342902,4.2,5.2,4.8,5.8
svm,signo_zodiacal_capricornio,392,0.5,0.51,0.5076923076923077,0.6199999999999999,0.558102766798419,0.544,0.6256336969703843,6.2,6.0,4.0,3.8
svm,signo_zodiacal_capricornio,393,0.5,0.6100000000000001,0.634018759018759,0.54,0.5796353629170966,0.5900000000000001,0.5960352784470432,5.4,3.2,6.8,4.6
svm,signo_zodiacal_capricornio,394,0.5,0.56,0.5836111111111111,0.62,0.573468286099865,0.5640000000000001,0.605993959686684,6.2,5.0,5.0,3.8
svm,signo_zodiacal_capricornio,395,0.5,0.54,0.5716666666666667,0.33999999999999997,0.4227777777777778,0.526,0.6357023362774135,3.4,2.6,7.4,6.6
svm,signo_zodiacal_capricornio,396,0.5,0.51,0.5,0.38,0.4193650793650794,0.4640000000000001,0.5562868937048504,3.8,3.6,6.4,6.2
svm,signo_zodiacal_capricornio,397,0.5,0.55,0.538030303030303,0.6199999999999999,0.5717402597402599,0.5120000000000001,0.5442307888190242,6.2,5.2,4.8,3.8
svm,signo_zodiacal_capricornio,398,0.5,0.57,0.5820707070707071,0.54,0.5572263993316624,0.56,0.6328268408578005,5.4,4.0,6.0,4.6
svm,signo_zodiacal_capricornio,399,0.5,0.51,0.528138528138528,0.45999999999999996,0.47817460317460314,0.564,0.6093900445959269,4.6,4.4,5.6,5.4
svm,signo_zodiacal_capricornio,400,0.5,0.5,0.5059090909090909,0.58,0.5343492063492062,0.558,0.6166378867950074,5.8,5.8,4.2,4.2
svm,signo_zodiacal_capricornio,401,0.5,0.51,0.5203968253968254,0.38,0.4349363605091159,0.502,0.5455581542640366,3.8,3.6,6.4,6.2
svm,signo_zodiacal_capricornio,402,0.5,0.47000000000000003,0.4769230769230769,0.56,0.5127140974967062,0.4029999999999999,0.4946341473284198,5.6,6.2,3.8,4.4
svm,signo_zodiacal_capricornio,403,0.5,0.5599999999999999,0.5,0.45999999999999996,0.475,0.548,0.5887547823693333,4.6,3.4,6.6,5.4
svm,signo_zodiacal_capricornio,404,0.5,0.52,0.5181818181818182,0.5399999999999999,0.5114718614718614,0.484,0.5411217383407786,5.4,5.0,5.0,4.6
svm,signo_zodiacal_capricornio,405,0.5,0.36,0.33653846153846156,0.3,0.31327866768370205,0.41,0.49345186246502043,3.0,5.8,4.2,7.0
svm,signo_zodiacal_capricornio,406,0.5,0.48,0.4969230769230769,0.54,0.495527950310559,0.5160000000000001,0.5882666793990323,5.4,5.8,4.2,4.6
svm,signo_zodiacal_capricornio,407,0.5,0.5,0.4911843711843712,0.4,0.4275905236236371,0.5359999999999999,0.5727915576855205,4.0,4.0,6.0,6.0
svm,signo_zodiacal_capricornio,408,0.5,0.45999999999999996,0.46794871794871795,0.54,0.4975845410628019,0.418,0.506037621906817,5.4,6.2,3.8,4.6
svm,signo_zodiacal_capricornio,409,0.5,0.63,0.6057342657342657,0.74,0.6629459815546772,0.5940000000000001,0.6342878608319784,7.4,4.8,5.2,2.6
svm,signo_zodiacal_capricornio,410,0.5,0.4800000000000001,0.5054584304584304,0.42000000000000004,0.4347105221247098,0.47299999999999986,0.5724435929567508,4.2,4.6,5.4,5.8
svm,signo_zodiacal_capricornio,411,0.5,0.43999999999999995,0.38571428571428573,0.3,0.33725490196078434,0.388,0.49536666541233104,3.0,4.2,5.8,7.0
svm,signo_zodiacal_capricornio,412,0.5,0.53,0.530952380952381,0.64,0.5705542539302131,0.5479999999999999,0.5631380445320073,6.4,5.8,4.2,3.6
svm,signo_zodiacal_capricornio,413,0.5,0.51,0.5087912087912086,0.6199999999999999,0.5541062801932368,0.524,0.6027339594529997,6.2,6.0,4.0,3.8
svm,signo_zodiacal_capricornio,414,0.5,0.5800000000000001,0.621056721056721,0.54,0.5598488976063347,0.588,0.6425177573544446,5.4,3.8,6.2,4.6
svm,signo_zodiacal_capricornio,415,0.5,0.45999999999999996,0.4828724216959511,0.62,0.537989417989418,0.48599999999999993,0.53480115206431,6.2,7.0,3.0,3.8
svm,signo_zodiacal_capricornio,416,0.5,0.52,0.5188034188034187,0.62,0.5558911772184084,0.546,0.563318502361072,6.2,5.8,4.2,3.8
svm,signo_zodiacal_capricornio,417,0.5,0.48,0.4709090909090909,0.34,0.3882773109243698,0.49399999999999994,0.5191042927660575,3.4,3.8,6.2,6.6
svm,signo_zodiacal_capricornio,418,0.5,0.51,0.5028749028749029,0.5399999999999999,0.5165588543162913,0.56,0.6476767578826401,5.4,5.2,4.8,4.6
svm,signo_zodiacal_capricornio,419,0.5,0.52,0.5123076923076924,0.66,0.5745383022774326,0.564,0.6215702973497091,6.6,6.2,3.8,3.4
svm,signo_zodiacal_capricornio,420,0.5,0.52,0.541013986013986,0.52,0.5256866804692891,0.57,0.6333870363382748,5.2,4.8,5.2,4.8
svm,signo_zodiacal_capricornio,421,0.5,0.39,0.327979797979798,0.31999999999999995,0.32294068504594825,0.392,0.4889976700286297,3.2,5.4,4.6,6.8
svm,signo_zodiacal_capricornio,422,0.5,0.4600000000000001,0.4497008547008547,0.42000000000000004,0.4288863463005339,0.4539999999999999,0.5178034455224857,4.2,5.0,5.0,5.8
svm,signo_zodiacal_capricornio,423,0.5,0.45999999999999996,0.45962566844919783,0.54,0.49057239057239055,0.47400000000000003,0.5222853808558142,5.4,6.2,3.8,4.6
svm,signo_zodiacal_capricornio,424,0.5,0.5599999999999999,0.5534498834498834,0.6799999999999999,0.6063744950701473,0.59,0.6102076889398871,6.8,5.6,4.4,3.2
svm,signo_zodiacal_capricornio,425,0.5,0.53,0.5232142857142857,0.44000000000000006,0.45349421820010055,0.604,0.642464727652808,4.4,3.8,6.2,5.6
svm,signo_zodiacal_capricornio,426,0.5,0.5800000000000001,0.6229304029304028,0.45999999999999996,0.5149744245524297,0.55,0.5921873028931852,4.6,3.0,7.0,5.4
svm,signo_zodiacal_capricornio,427,0.5,0.41000000000000003,0.408511586452763,0.45999999999999996,0.42453355611250343,0.384,0.476841529385647,4.6,6.4,3.6,5.4
svm,signo_zodiacal_capricornio,428,0.5,0.59,0.6292857142857142,0.45999999999999996,0.5198319327731091,0.5880000000000001,0.6186263932146285,4.6,2.8,7.2,5.4
svm,signo_zodiacal_capricornio,429,0.5,0.54,0.5272460872460872,0.7,0.6000496894409937,0.484,0.5122583968319263,7.0,6.2,3.8,3.0
svm,signo_zodiacal_capricornio,430,0.5,0.4,0.3180952380952381,0.3,0.29410256410256413,0.36,0.4623719156660333,3.0,5.0,5.0,7.0
svm,signo_zodiacal_capricornio,431,0.5,0.47000000000000003,0.4485425685425685,0.4,0.41813209494324044,0.45200000000000007,0.5589821957368397,4.0,4.6,5.4,6.0
svm,signo_zodiacal_capricornio,432,0.5,0.53,0.4544877344877345,0.48,0.45766651923927465,0.528,0.5422734852866432,4.8,4.2,5.8,5.2
svm,signo_zodiacal_capricornio,433,0.5,0.45000000000000007,0.4527777777777778,0.42000000000000004,0.43359914938862304,0.41600000000000004,0.49712967751203047,4.2,5.2,4.8,5.8
svm,signo_zodiacal_capricornio,434,0.5,0.57,0.5598135198135197,0.6799999999999999,0.6116438923395444,0.5559999999999999,0.5741182581608278,6.8,5.4,4.6,3.2
svm,signo_zodiacal_capricornio,435,0.5,0.45999999999999996,0.466060606060606,0.6,0.5203583083583083,0.426,0.49947428551840317,6.0,6.8,3.2,4.0
svm,signo_zodiacal_capricornio,436,0.5,0.48999999999999994,0.5034632034632034,0.4,0.4276037687802393,0.5519999999999999,0.6045884578957335,4.0,4.2,5.8,6.0
svm,signo_zodiacal_capricornio,437,0.5,0.4600000000000001,0.4616161616161616,0.43999999999999995,0.4492898913951546,0.512,0.5714583722950597,4.4,5.2,4.8,5.6
svm,signo_zodiacal_capricornio,438,0.5,0.54,0.47034965034965037,0.4,0.4096066252587992,0.554,0.6091471655279704,4.0,3.2,6.8,6.0
svm,signo_zodiacal_capricornio,439,0.5,0.62,0.594981684981685,0.7799999999999999,0.6738577075098815,0.6559999999999999,0.659465811536245,7.8,5.4,4.6,2.2
svm,signo_zodiacal_capricornio,440,0.5,0.41000000000000003,0.4175757575757576,0.44000000000000006,0.427965367965368,0.366,0.4666272924701717,4.4,6.2,3.8,5.6
svm,signo_zodiacal_capricornio,441,0.5,0.49000000000000005,0.49120879120879113,0.54,0.50976353928299,0.518,0.5696462154976086,5.4,5.6,4.4,4.6
svm,signo_zodiacal_capricornio,442,0.5,0.4600000000000001,0.46363636363636357,0.41999999999999993,0.43613445378151267,0.44399999999999995,0.5285512716557609,4.2,5.0,5.0,5.8
svm,signo_zodiacal_capricornio,443,0.5,0.5,0.5100432900432901,0.4,0.4404501449702688,0.4880000000000001,0.5443687440010969,4.0,4.0,6.0,6.0
svm,signo_zodiacal_capricornio,444,0.5,0.5599999999999999,0.5694444444444444,0.54,0.5482456140350876,0.5740000000000001,0.5768944491181333,5.4,4.2,5.8,4.6
svm,signo_zodiacal_capricornio,445,0.5,0.5700000000000001,0.5421678321678323,0.56,0.5350944707466446,0.664,0.6934797218605268,5.6,4.2,5.8,4.4
svm,signo_zodiacal_capricornio,446,0.5,0.48,0.48725718725718725,0.48,0.4799535069557953,0.438,0.5308004412168498,4.8,5.2,4.8,5.2
svm,signo_zodiacal_capricornio,447,0.5,0.45999999999999996,0.4776190476190476,0.52,0.4845756101483655,0.477,0.5046603119103119,5.2,6.0,4.0,4.8
svm,signo_zodiacal_capricornio,448,0.5,0.5700000000000001,0.5902020202020202,0.43999999999999995,0.49002506265664153,0.702,0.7123896191527769,4.4,3.0,7.0,5.6
svm,signo_zodiacal_capricornio,449,0.5,0.45999999999999996,0.46551226551226554,0.54,0.4961152882205514,0.434,0.5033595309918839,5.4,6.2,3.8,4.6
svm,signo_zodiacal_capricornio,450,0.5,0.51,0.5496031746031746,0.38,0.443687650498796,0.48599999999999993,0.5530495435936611,3.8,3.6,6.4,6.2
svm,signo_zodiacal_capricornio,451,0.5,0.49000000000000005,0.46877344877344873,0.5399999999999999,0.4916497125165856,0.48,0.5686077817091748,5.4,5.6,4.4,4.6
svm,signo_zodiacal_capricornio,452,0.5,0.48999999999999994,0.47777777777777775,0.3,0.36359649122807014,0.5040000000000001,0.56461246983151,3.0,3.2,6.8,7.0
svm,signo_zodiacal_capricornio,453,0.5,0.44000000000000006,0.42979797979797973,0.48,0.44965064175590497,0.406,0.4727129090379864,4.8,6.0,4.0,5.2
svm,signo_zodiacal_capricornio,454,0.5,0.45,0.46923076923076923,0.4800000000000001,0.46355315165383815,0.48600000000000004,0.5787665312843331,4.8,5.8,4.2,5.2
svm,signo_zodiacal_capricornio,455,0.5,0.6,0.6202020202020202,0.5599999999999999,0.5801549327865118,0.578,0.6265803440625421,5.6,3.6,6.4,4.4
svm,signo_zodiacal_capricornio,456,0.5,0.45,0.4111111111111111,0.31999999999999995,0.35526315789473684,0.446,0.4934177987475201,3.2,4.2,5.8,6.8
svm,signo_zodiacal_capricornio,457,0.5,0.45,0.43500000000000005,0.42000000000000004,0.4166666666666667,0.404,0.5092706382884401,4.2,5.2,4.8,5.8
svm,signo_zodiacal_capricornio,458,0.5,0.58,0.5745454545454546,0.58,0.5755555555555555,0.554,0.6425783487238595,5.8,4.2,5.8,4.2
svm,signo_zodiacal_capricornio,459,0.5,0.39999999999999997,0.4025641025641026,0.42000000000000004,0.4065090261886601,0.346,0.45177727664492373,4.2,6.2,3.8,5.8
svm,signo_zodiacal_capricornio,460,0.5,0.53,0.517979797979798,0.42000000000000004,0.4492654713707346,0.476,0.5540679696120872,4.2,3.6,6.4,5.8
svm,signo_zodiacal_capricornio,461,0.5,0.44000000000000006,0.45642135642135634,0.45999999999999996,0.4521376971841368,0.40199999999999997,0.5460362260718298,4.6,5.8,4.2,5.4
svm,signo_zodiacal_capricornio,462,0.5,0.5,0.5066666666666666,0.3,0.37470588235294117,0.44800000000000006,0.5650178273738646,3.0,3.0,7.0,7.0
svm,signo_zodiacal_capricornio,463,0.5,0.43,0.3844988344988345,0.34,0.34153527631788505,0.418,0.48469343771123957,3.4,4.8,5.2,6.6
svm,signo_zodiacal_capricornio,464,0.5,0.51,0.46685897435897433,0.56,0.4898673355629877,0.44799999999999995,0.5085167312048117,5.6,5.4,4.6,4.4
svm,signo_zodiacal_capricornio,465,0.5,0.51,0.5079822954822955,0.5599999999999999,0.521137537923108,0.572,0.6532989884212794,5.6,5.4,4.6,4.4
svm,signo_zodiacal_capricornio,466,0.5,0.53,0.5686013986013986,0.45999999999999996,0.48269151138716354,0.5519999999999999,0.598072693216656,4.6,4.0,6.0,5.4
svm,signo_zodiacal_capricornio,467,0.5,0.52,0.5129765659177424,0.6599999999999999,0.5713625852069788,0.51,0.5896725713227261,6.6,6.2,3.8,3.4
svm,signo_zodiacal_capricornio,468,0.5,0.34,0.3191017316017316,0.33999999999999997,0.3193169575522517,0.27799999999999997,0.4206402039652814,3.4,6.6,3.4,6.6
svm,signo_zodiacal_capricornio,469,0.5,0.43999999999999995,0.44333333333333336,0.6,0.5025574425574425,0.46799999999999997,0.565772184300048,6.0,7.2,2.8,4.0
svm,signo_zodiacal_capricornio,470,0.5,0.52,0.5222222222222223,0.41999999999999993,0.4633040935672515,0.5940000000000001,0.66593345277014,4.2,3.8,6.2,5.8
svm,signo_zodiacal_capricornio,471,0.5,0.51,0.48571428571428577,0.34,0.3963818860877685,0.488,0.5761783504593102,3.4,3.2,6.8,6.6
svm,signo_zodiacal_capricornio,472,0.5,0.5,0.48458763458763465,0.48,0.47702461610120783,0.5210000000000001,0.6131554464627219,4.8,4.8,5.2,5.2
svm,signo_zodiacal_capricornio,473,0.5,0.49000000000000005,0.4805194805194805,0.4,0.43046218487394955,0.5329999999999999,0.5761246053568035,4.0,4.2,5.8,6.0
svm,signo_zodiacal_capricornio,474,0.5,0.52,0.5167832167832167,0.6199999999999999,0.5617824204780727,0.492,0.5586614327365101,6.2,5.8,4.2,3.8
svm,signo_zodiacal_capricornio,475,0.5,0.5599999999999999,0.5900432900432901,0.4600000000000001,0.4963903743315507,0.55,0.5836168908490891,4.6,3.4,6.6,5.4
svm,signo_zodiacal_capricornio,476,0.5,0.56,0.563030303030303,0.6599999999999999,0.6026015037593985,0.594,0.6494397242764115,6.6,5.4,4.6,3.4
svm,signo_zodiacal_capricornio,477,0.5,0.56,0.5714285714285714,0.6399999999999999,0.5909090909090909,0.616,0.6507593044210691,6.4,5.2,4.8,3.6
svm,signo_zodiacal_capricornio,478,0.5,0.41,0.3821789321789322,0.38,0.3711779448621554,0.36,0.4512493346007277,3.8,5.6,4.4,6.2
svm,signo_zodiacal_capricornio,479,0.5,0.45999999999999996,0.47475867269984917,0.6399999999999999,0.5406285823677128,0.43600000000000005,0.5603728242861369,6.4,7.2,2.8,3.6
svm,signo_zodiacal_capricornio,480,0.5,0.5,0.6599999999999999,0.32,0.38280701754385965,0.524,0.5943762163189408,3.2,3.2,6.8,6.8
svm,signo_zodiacal_capricornio,481,0.5,0.42000000000000004,0.4179084967320262,0.38,0.3794054580896686,0.382,0.48397657021341234,3.8,5.4,4.6,6.2
svm,signo_zodiacal_capricornio,482,0.5,0.6100000000000001,0.6345238095238096,0.5800000000000001,0.5984551396316102,0.63,0.7363649565089194,5.8,3.6,6.4,4.2
svm,signo_zodiacal_capricornio,483,0.5,0.55,0.5918181818181819,0.44000000000000006,0.48761904761904756,0.564,0.6154168315344786,4.4,3.4,6.6,5.6
svm,signo_zodiacal_capricornio,484,0.5,0.63,0.6025641025641025,0.72,0.6517347386912605,0.612,0.660234394690277,7.2,4.6,5.4,2.8
svm,signo_zodiacal_capricornio,485,0.5,0.55,0.5642857142857143,0.48,0.5143196672608438,0.61,0.6642640598995088,4.8,3.8,6.2,5.2
svm,signo_zodiacal_capricornio,486,0.5,0.5,0.5811965811965811,0.4,0.4330027968471904,0.476,0.5897946216150549,4.0,4.0,6.0,6.0
svm,signo_zodiacal_capricornio,487,0.5,0.44000000000000006,0.4476923076923077,0.52,0.4753552920509442,0.40800000000000003,0.5224041242555174,5.2,6.4,3.6,4.8
svm,signo_zodiacal_capricornio,488,0.5,0.56,0.5581818181818182,0.6,0.5776623376623377,0.5660000000000001,0.6543115779129711,6.0,4.8,5.2,4.0
svm,signo_zodiacal_capricornio,489,0.5,0.49000000000000005,0.4975024975024976,0.45999999999999996,0.4687035683838753,0.4720000000000001,0.5526453099703874,4.6,4.8,5.2,5.4
svm,signo_zodiacal_capricornio,490,0.5,0.5900000000000001,0.5907251082251082,0.5999999999999999,0.5731852461264225,0.5760000000000002,0.6072367354867355,6.0,4.2,5.8,4.0
svm,signo_zodiacal_capricornio,491,0.5,0.57,0.5633766233766233,0.6,0.5707467956879722,0.524,0.5580631945453927,6.0,4.6,5.4,4.0
svm,signo_zodiacal_capricornio,492,0.5,0.45,0.4514285714285714,0.3,0.34380952380952384,0.406,0.5319352700103475,3.0,4.0,6.0,7.0
svm,signo_zodiacal_capricornio,493,0.5,0.51,0.509090909090909,0.5800000000000001,0.541991341991342,0.538,0.6490855337472984,5.8,5.6,4.4,4.2
svm,signo_zodiacal_capricornio,494,0.5,0.52,0.5442424242424242,0.3,0.36571428571428577,0.54,0.5809223097164273,3.0,2.6,7.4,7.0
svm,signo_zodiacal_capricornio,495,0.5,0.48,0.48015151515151516,0.5199999999999999,0.4927451963241437,0.48200000000000004,0.5777640692640693,5.2,5.6,4.4,4.8
svm,signo_zodiacal_capricornio,496,0.5,0.45999999999999996,0.4627272727272727,0.58,0.5132813852813853,0.49000000000000005,0.5672874425196406,5.8,6.6,3.4,4.2
svm,signo_zodiacal_capricornio,497,0.5,0.55,0.5476923076923077,0.5399999999999999,0.5367391304347826,0.521,0.5561356421356421,5.4,4.4,5.6,4.6
svm,signo_zodiacal_capricornio,498,0.5,0.42000000000000004,0.3873992673992674,0.33999999999999997,0.34794247077461504,0.421,0.5057294182425761,3.4,5.0,5.0,6.6
svm,signo_zodiacal_capricornio,499,0.5,0.4600000000000001,0.45215829921712275,0.5599999999999999,0.4900031408444384,0.422,0.5085364188614963,5.6,6.4,3.6,4.4
svm,signo_zodiacal_capricornio,500,0.5,0.5,0.48590909090909096,0.44000000000000006,0.45822055137844603,0.506,0.5310528164645811,4.4,4.4,5.6,5.6
svm,signo_zodiacal_cancer,1,0.5,0.36000000000000004,0.38530776413129353,0.56,0.4480047632579602,0.32799999999999996,0.48471238445077447,5.6,8.4,1.6,4.4
svm,signo_zodiacal_cancer,2,0.5,0.53,0.5512987012987013,0.44000000000000006,0.4866479925303454,0.5439999999999999,0.6293096707214353,4.4,3.8,6.2,5.6
svm,signo_zodiacal_cancer,3,0.5,0.45999999999999996,0.4574725274725274,0.41999999999999993,0.42412048877522024,0.39199999999999996,0.48332417745653034,4.2,5.0,5.0,5.8
svm,signo_zodiacal_cancer,4,0.5,0.45999999999999996,0.4521056721056721,0.48,0.45379644764084126,0.438,0.5314001255882062,4.8,5.6,4.4,5.2
svm,signo_zodiacal_cancer,5,0.5,0.5200000000000001,0.5194711824123589,0.6599999999999999,0.5742924989240779,0.54,0.5798530805280031,6.6,6.2,3.8,3.4
svm,signo_zodiacal_cancer,6,0.5,0.55,0.5793650793650794,0.4,0.47097523219814247,0.6359999999999999,0.6313052388787682,4.0,3.0,7.0,6.0
svm,signo_zodiacal_cancer,7,0.5,0.67,0.6578571428571429,0.66,0.6414141414141414,0.726,0.7492437431849196,6.6,3.2,6.8,3.4
svm,signo_zodiacal_cancer,8,0.5,0.5200000000000001,0.5190045248868778,0.78,0.6209835253313514,0.48999999999999994,0.5691248206557804,7.8,7.4,2.6,2.2
svm,signo_zodiacal_cancer,9,0.5,0.5,0.48769230769230765,0.5,0.48459627329192545,0.512,0.5705874768506347,5.0,5.0,5.0,5.0
svm,signo_zodiacal_cancer,10,0.5,0.51,0.5126948051948053,0.64,0.5653546453546453,0.481,0.5468113183685939,6.4,6.2,3.8,3.6
svm,signo_zodiacal_cancer,11,0.5,0.43999999999999995,0.468974358974359,0.52,0.47998418972332013,0.508,0.5889163510208402,5.2,6.4,3.6,4.8
svm,signo_zodiacal_cancer,12,0.5,0.49000000000000005,0.5083333333333333,0.43999999999999995,0.44681984681984677,0.53,0.5956629861366703,4.4,4.6,5.4,5.6
svm,signo_zodiacal_cancer,13,0.5,0.5199999999999999,0.5122655122655122,0.54,0.5213032581453634,0.546,0.6021616259557435,5.4,5.0,5.0,4.6
svm,signo_zodiacal_cancer,14,0.5,0.55,0.5761904761904761,0.4,0.4636788048552754,0.504,0.5783920554849347,4.0,3.0,7.0,6.0
svm,signo_zodiacal_cancer,15,0.5,0.48,0.4881561085972851,0.62,0.5354341632602503,0.43200000000000005,0.4924379525703054,6.2,6.6,3.4,3.8
svm,signo_zodiacal_cancer,16,0.5,0.53,0.49444444444444446,0.38,0.42748538011695913,0.562,0.5963464292845099,3.8,3.2,6.8,6.2
svm,signo_zodiacal_cancer,17,0.5,0.45999999999999996,0.4416666666666667,0.44000000000000006,0.43636363636363634,0.42600000000000005,0.5214368952341089,4.4,5.2,4.8,5.6
svm,signo_zodiacal_cancer,18,0.5,0.4600000000000001,0.4651948051948052,0.5,0.4751133180544945,0.453,0.5634180176548598,5.0,5.8,4.2,5.0
svm,signo_zodiacal_cancer,19,0.5,0.56,0.5387037798802504,0.74,0.6143462521036892,0.5660000000000001,0.5825012199702602,7.4,6.2,3.8,2.6
svm,signo_zodiacal_cancer,20,0.5,0.5700000000000001,0.59002997002997,0.58,0.5781536962611131,0.5780000000000001,0.6271358733285978,5.8,4.4,5.6,4.2
svm,signo_zodiacal_cancer,21,0.5,0.52,0.5385281385281384,0.44000000000000006,0.4788294265074451,0.54,0.6279551653197164,4.4,4.0,6.0,5.6
svm,signo_zodiacal_cancer,22,0.5,0.5199999999999999,0.5244988344988345,0.6199999999999999,0.5637831337236372,0.528,0.6143584850821693,6.2,5.8,4.2,3.8
svm,signo_zodiacal_cancer,23,0.5,0.48999999999999994,0.49102564102564095,0.62,0.5448160535117057,0.454,0.5479186728304375,6.2,6.4,3.6,3.8
svm,signo_zodiacal_cancer,24,0.5,0.62,0.6168026418026418,0.68,0.6374472412916348,0.6679999999999999,0.6908333039509509,6.8,4.4,5.6,3.2
svm,signo_zodiacal_cancer,25,0.5,0.48,0.5208333333333334,0.4800000000000001,0.46840659340659335,0.42200000000000004,0.5289928502869679,4.8,5.2,4.8,5.2
svm,signo_zodiacal_cancer,26,0.5,0.53,0.5319347319347318,0.5799999999999998,0.5528168246703716,0.538,0.5665662078719355,5.8,5.2,4.8,4.2
svm,signo_zodiacal_cancer,27,0.5,0.38,0.3787878787878788,0.41999999999999993,0.39536340852130325,0.392,0.5004407912349088,4.2,6.6,3.4,5.8
svm,signo_zodiacal_cancer,28,0.5,0.45,0.46256410256410263,0.6399999999999999,0.5366376811594203,0.38,0.470477107258067,6.4,7.4,2.6,3.6
svm,signo_zodiacal_cancer,29,0.5,0.51,0.513095238095238,0.32,0.39117647058823535,0.49399999999999994,0.5954820353365244,3.2,3.0,7.0,6.8
svm,signo_zodiacal_cancer,30,0.5,0.41000000000000003,0.39047619047619053,0.33999999999999997,0.3574123588829471,0.36200000000000004,0.48701521990221674,3.4,5.2,4.8,6.6
svm,signo_zodiacal_cancer,31,0.5,0.5700000000000001,0.5578088578088579,0.6799999999999999,0.6123094297007341,0.5700000000000001,0.6044659486540291,6.8,5.4,4.6,3.2
svm,signo_zodiacal_cancer,32,0.5,0.5900000000000001,0.5907575757575757,0.6399999999999999,0.6069853421432369,0.64,0.6643871085914428,6.4,4.6,5.4,3.6
svm,signo_zodiacal_cancer,33,0.5,0.6399999999999999,0.745,0.48,0.5703968253968255,0.6439999999999999,0.7247891357009004,4.8,2.0,8.0,5.2
svm,signo_zodiacal_cancer,34,0.5,0.55,0.543030303030303,0.6,0.5597099567099567,0.602,0.6081994084347025,6.0,5.0,5.0,4.0
svm,signo_zodiacal_cancer,35,0.5,0.47000000000000003,0.4538095238095238,0.5,0.47251336898395724,0.44399999999999995,0.5235192785370805,5.0,5.6,4.4,5.0
svm,signo_zodiacal_cancer,36,0.5,0.56,0.5623626373626374,0.52,0.5338328771630697,0.624,0.664679919925276,5.2,4.0,6.0,4.8
svm,signo_zodiacal_cancer,37,0.5,0.41,0.4129870129870129,0.52,0.4573333333333334,0.442,0.5578448059508431,5.2,7.0,3.0,4.8
svm,signo_zodiacal_cancer,38,0.5,0.61,0.604024864024864,0.6599999999999999,0.6283988627695721,0.6380000000000001,0.6801737792651105,6.6,4.4,5.6,3.4
svm,signo_zodiacal_cancer,39,0.5,0.54,0.55,0.4600000000000001,0.4980392156862745,0.576,0.660693676636401,4.6,3.8,6.2,5.4
svm,signo_zodiacal_cancer,40,0.5,0.4600000000000001,0.460952380952381,0.4,0.4261644306845545,0.476,0.5314291850220643,4.0,4.8,5.2,6.0
svm,signo_zodiacal_cancer,41,0.5,0.54,0.5342857142857143,0.58,0.5517460317460318,0.526,0.5605311169738414,5.8,5.0,5.0,4.2
svm,signo_zodiacal_cancer,42,0.5,0.55,0.5638888888888889,0.5800000000000001,0.5613544350386456,0.49800000000000005,0.5468375801185398,5.8,4.8,5.2,4.2
svm,signo_zodiacal_cancer,43,0.5,0.39,0.38564102564102565,0.4,0.3906636155606407,0.404,0.5335617633999986,4.0,6.2,3.8,6.0
svm,signo_zodiacal_cancer,44,0.5,0.5800000000000001,0.5867424242424242,0.62,0.5933487565066511,0.576,0.6001452556731194,6.2,4.6,5.4,3.8
svm,signo_zodiacal_cancer,45,0.5,0.47000000000000003,0.4755555555555556,0.45999999999999996,0.46102870813397134,0.45600000000000007,0.5663741175405261,4.6,5.2,4.8,5.4
svm,signo_zodiacal_cancer,46,0.5,0.43,0.4276923076923077,0.45999999999999996,0.4417391304347825,0.42399999999999993,0.5299653602331621,4.6,6.0,4.0,5.4
svm,signo_zodiacal_cancer,47,0.5,0.5799999999999998,0.5731934731934732,0.7,0.6271552795031056,0.6060000000000001,0.6481210619445912,7.0,5.4,4.6,3.0
svm,signo_zodiacal_cancer,48,0.5,0.5,0.5259740259740259,0.4,0.4519140989729225,0.504,0.5549514205264978,4.0,4.0,6.0,6.0
svm,signo_zodiacal_cancer,49,0.5,0.49000000000000005,0.4833333333333333,0.42000000000000004,0.4404306220095694,0.5379999999999999,0.6490374996520507,4.2,4.4,5.6,5.8
svm,signo_zodiacal_cancer,50,0.5,0.6,0.5925407925407924,0.6599999999999999,0.6220808939344409,0.606,0.665592574092574,6.6,4.6,5.4,3.4
svm,signo_zodiacal_cancer,51,0.5,0.55,0.5324009324009323,0.5399999999999999,0.5307907449783881,0.536,0.5874182498787762,5.4,4.4,5.6,4.6
svm,signo_zodiacal_cancer,52,0.5,0.53,0.5232600732600733,0.7200000000000001,0.6026162243553548,0.46799999999999997,0.5335644541217297,7.2,6.6,3.4,2.8
svm,signo_zodiacal_cancer,53,0.5,0.41999999999999993,0.4015384615384615,0.4,0.39479647735940643,0.45199999999999996,0.5119152497828969,4.0,5.6,4.4,6.0
svm,signo_zodiacal_cancer,54,0.5,0.53,0.5356410256410256,0.6399999999999999,0.5790272519242772,0.5599999999999999,0.6130685019315051,6.4,5.8,4.2,3.6
svm,signo_zodiacal_cancer,55,0.5,0.52,0.5285353535353535,0.5599999999999999,0.5382357408673197,0.496,0.5931566952139707,5.6,5.2,4.8,4.4
svm,signo_zodiacal_cancer,56,0.5,0.51,0.5197586726998492,0.58,0.5380710229680481,0.562,0.6281909823922207,5.8,5.6,4.4,4.2
svm,signo_zodiacal_cancer,57,0.5,0.47000000000000003,0.4716666666666667,0.54,0.49866666666666665,0.44400000000000006,0.5349781966399613,5.4,6.0,4.0,4.6
svm,signo_zodiacal_cancer,58,0.5,0.5,0.475,0.39999999999999997,0.3987734487734488,0.506,0.5576929290180063,4.0,4.0,6.0,6.0
svm,signo_zodiacal_cancer,59,0.5,0.47000000000000003,0.48399517149517146,0.5,0.47385308638505574,0.43200000000000005,0.49343635956406856,5.0,5.6,4.4,5.0
svm,signo_zodiacal_cancer,60,0.5,0.48,0.48995670995670987,0.4,0.43471521942110175,0.466,0.5362722245075185,4.0,4.4,5.6,6.0
svm,signo_zodiacal_cancer,61,0.5,0.39,0.38285714285714284,0.27999999999999997,0.31764705882352945,0.376,0.48781101578160396,2.8,5.0,5.0,7.2
svm,signo_zodiacal_cancer,62,0.5,0.4,0.3333333333333333,0.26,0.2794805194805195,0.354,0.4571584255098188,2.6,4.6,5.4,7.4
svm,signo_zodiacal_cancer,63,0.5,0.6,0.6106060606060606,0.5599999999999999,0.5824561403508771,0.592,0.6063839477515949,5.6,3.6,6.4,4.4
svm,signo_zodiacal_cancer,64,0.5,0.42000000000000004,0.42824675324675326,0.4800000000000001,0.4495670995670995,0.43600000000000005,0.5613562297695424,4.8,6.4,3.6,5.2
svm,signo_zodiacal_cancer,65,0.5,0.5799999999999998,0.5886446886446887,0.5800000000000001,0.5764628380996667,0.625,0.6467029126704048,5.8,4.2,5.8,4.2
svm,signo_zodiacal_cancer,66,0.5,0.4600000000000001,0.4704761904761904,0.42000000000000004,0.43253250773993807,0.43200000000000005,0.5296906078098028,4.2,5.0,5.0,5.8
svm,signo_zodiacal_cancer,67,0.5,0.52,0.5397619047619047,0.44000000000000006,0.47653000594177064,0.558,0.6132716994907396,4.4,4.0,6.0,5.6
svm,signo_zodiacal_cancer,68,0.5,0.48,0.486984126984127,0.6,0.5340893141945773,0.516,0.5949981760585474,6.0,6.4,3.6,4.0
svm,signo_zodiacal_cancer,69,0.5,0.4,0.3962193362193362,0.45999999999999996,0.41755064130915526,0.32600000000000007,0.42255045058141044,4.6,6.6,3.4,5.4
svm,signo_zodiacal_cancer,70,0.5,0.43000000000000005,0.468095238095238,0.34,0.36931623931623936,0.45200000000000007,0.5123973151031974,3.4,4.8,5.2,6.6
svm,signo_zodiacal_cancer,71,0.5,0.56,0.5734188034188035,0.5399999999999999,0.5431995007281049,0.5980000000000001,0.6361641132345466,5.4,4.2,5.8,4.6
svm,signo_zodiacal_cancer,72,0.5,0.5,0.49935897435897436,0.54,0.5147215865751334,0.538,0.6376564079195657,5.4,5.4,4.6,4.6
svm,signo_zodiacal_cancer,73,0.5,0.56,0.6,0.43999999999999995,0.5,0.52,0.60508739609204,4.4,3.2,6.8,5.6
svm,signo_zodiacal_cancer,74,0.5,0.6,0.5953113553113553,0.6599999999999999,0.6213882532418001,0.5900000000000001,0.582348621107135,6.6,4.6,5.4,3.4
svm,signo_zodiacal_cancer,75,0.5,0.48,0.485,0.5,0.4830769230769231,0.45,0.5303347404229757,5.0,5.4,4.6,5.0
svm,signo_zodiacal_cancer,76,0.5,0.52,0.531060606060606,0.48,0.5025062656641605,0.52,0.599858677700009,4.8,4.4,5.6,5.2
svm,signo_zodiacal_cancer,77,0.5,0.59,0.6168253968253968,0.48,0.5355572755417957,0.6040000000000001,0.6403887387122682,4.8,3.0,7.0,5.2
svm,signo_zodiacal_cancer,78,0.5,0.43,0.40714285714285714,0.28,0.3303921568627451,0.30400000000000005,0.44379656987319527,2.8,4.2,5.8,7.2
svm,signo_zodiacal_cancer,79,0.5,0.52,0.5387301587301587,0.4,0.45438080495356037,0.5740000000000001,0.6280952625805567,4.0,3.6,6.4,6.0
svm,signo_zodiacal_cancer,80,0.5,0.55,0.545959595959596,0.5599999999999999,0.5499962026277816,0.61,0.5887296386104436,5.6,4.6,5.4,4.4
svm,signo_zodiacal_cancer,81,0.5,0.49000000000000005,0.4924603174603175,0.38,0.4280013759889921,0.45299999999999996,0.5133532856032856,3.8,4.0,6.0,6.2
svm,signo_zodiacal_cancer,82,0.5,0.38,0.37111111111111106,0.38,0.37435406698564594,0.39799999999999996,0.5334446968580095,3.8,6.2,3.8,6.2
svm,signo_zodiacal_cancer,83,0.5,0.51,0.5228438228438228,0.5800000000000001,0.5352922439878962,0.47000000000000003,0.5430836189953838,5.8,5.6,4.4,4.2
svm,signo_zodiacal_cancer,84,0.5,0.45,0.4601010101010101,0.5,0.47524493050808836,0.39399999999999996,0.4897351362088204,5.0,6.0,4.0,5.0
svm,signo_zodiacal_cancer,85,0.5,0.5700000000000001,0.5497313797313798,0.7,0.6120049927189515,0.5720000000000001,0.5660728530155775,7.0,5.6,4.4,3.0
svm,signo_zodiacal_cancer,86,0.5,0.54,0.5495238095238095,0.54,0.5270196078431373,0.558,0.5953974419972872,5.4,4.6,5.4,4.6
svm,signo_zodiacal_cancer,87,0.5,0.52,0.5117647058823529,0.7,0.5813131313131312,0.532,0.5697644306158238,7.0,6.6,3.4,3.0
svm,signo_zodiacal_cancer,88,0.5,0.54,0.5407575757575758,0.5399999999999999,0.5196305916305916,0.5740000000000001,0.5957517076147106,5.4,4.6,5.4,4.6
svm,signo_zodiacal_cancer,89,0.5,0.37,0.3782051282051282,0.4800000000000001,0.41800966183574884,0.4,0.5211307058954118,4.8,7.4,2.6,5.2
svm,signo_zodiacal_cancer,90,0.5,0.43,0.4403491932903698,0.56,0.4876151731986972,0.378,0.48288213137052144,5.6,7.0,3.0,4.4
svm,signo_zodiacal_cancer,91,0.5,0.4,0.36111111111111105,0.3,0.3267543859649123,0.4,0.47832829116188247,3.0,5.0,5.0,7.0
svm,signo_zodiacal_cancer,92,0.5,0.51,0.5075757575757576,0.48,0.4872167048637637,0.5720000000000001,0.6512252828870475,4.8,4.6,5.4,5.2
svm,signo_zodiacal_cancer,93,0.5,0.4600000000000001,0.4154761904761905,0.3,0.3347933112638995,0.43199999999999994,0.49866283046159215,3.0,3.8,6.2,7.0
svm,signo_zodiacal_cancer,94,0.5,0.51,0.5052059052059052,0.5799999999999998,0.538266615154487,0.514,0.5758316581079739,5.8,5.6,4.4,4.2
svm,signo_zodiacal_cancer,95,0.5,0.47000000000000003,0.4727272727272728,0.4999999999999999,0.47727743271221534,0.49800000000000005,0.5887796827355651,5.0,5.6,4.4,5.0
svm,signo_zodiacal_cancer,96,0.5,0.55,0.5678571428571428,0.42000000000000004,0.4711824123588829,0.604,0.6381597383524628,4.2,3.2,6.8,5.8
svm,signo_zodiacal_cancer,97,0.5,0.47000000000000003,0.4798076923076923,0.5199999999999999,0.49040270687867943,0.5720000000000001,0.6108600635690419,5.2,5.8,4.2,4.8
svm,signo_zodiacal_cancer,98,0.5,0.43000000000000005,0.4261904761904762,0.34,0.3685561497326203,0.4379999999999999,0.5453477562169512,3.4,4.8,5.2,6.6
svm,signo_zodiacal_cancer,99,0.5,0.43,0.4323426573426573,0.5599999999999999,0.4801242236024845,0.384,0.537011594442709,5.6,7.0,3.0,4.4
svm,signo_zodiacal_cancer,100,0.5,0.53,0.5556709956709958,0.42000000000000004,0.46939702196668137,0.578,0.6464091345530973,4.2,3.6,6.4,5.8
svm,signo_zodiacal_cancer,101,0.5,0.5,0.4968686868686869,0.52,0.5068215994531784,0.518,0.5662404888712939,5.2,5.2,4.8,4.8
svm,signo_zodiacal_cancer,102,0.5,0.54,0.5798051948051948,0.52,0.5320634920634921,0.582,0.6441008709213044,5.2,4.4,5.6,4.8
svm,signo_zodiacal_cancer,103,0.5,0.5399999999999999,0.5621428571428572,0.5,0.5151699346405229,0.528,0.6100956276265874,5.0,4.2,5.8,5.0
svm,signo_zodiacal_cancer,104,0.5,0.64,0.6553535353535354,0.6199999999999999,0.6362907268170426,0.6559999999999999,0.6803614702291172,6.2,3.4,6.6,3.8
svm,signo_zodiacal_cancer,105,0.5,0.5700000000000001,0.5696581196581196,0.6599999999999999,0.6082379862700229,0.642,0.6455873472932296,6.6,5.2,4.8,3.4
svm,signo_zodiacal_cancer,106,0.5,0.6199999999999999,0.6463203463203463,0.54,0.5838321293429652,0.638,0.6701809654913369,5.4,3.0,7.0,4.6
svm,signo_zodiacal_cancer,107,0.5,0.4800000000000001,0.4764835164835165,0.5800000000000001,0.5208695652173914,0.476,0.531224978667703,5.8,6.2,3.8,4.2
svm,signo_zodiacal_cancer,108,0.5,0.47000000000000003,0.46464646464646464,0.38,0.4076858813700919,0.45999999999999996,0.5651368194928567,3.8,4.4,5.6,6.2
svm,signo_zodiacal_cancer,109,0.5,0.52,0.5260606060606061,0.5,0.5119799498746866,0.47400000000000003,0.5993068994129366,5.0,4.6,5.4,5.0
svm,signo_zodiacal_cancer,110,0.5,0.45,0.3951923076923077,0.52,0.44761325630890847,0.44499999999999995,0.5317926224102695,5.2,6.2,3.8,4.8
svm,signo_zodiacal_cancer,111,0.5,0.52,0.5242857142857142,0.6200000000000001,0.5625582137161085,0.476,0.49487369063684844,6.2,5.8,4.2,3.8
svm,signo_zodiacal_cancer,112,0.5,0.51,0.5130158730158729,0.48,0.484656346749226,0.556,0.6364367464321024,4.8,4.6,5.4,5.2
svm,signo_zodiacal_cancer,113,0.5,0.5599999999999999,0.5518759018759019,0.5399999999999999,0.5417206116896519,0.558,0.5889872160003738,5.4,4.2,5.8,4.6
svm,signo_zodiacal_cancer,114,0.5,0.5399999999999999,0.5361616161616161,0.5,0.5125438596491227,0.5559999999999999,0.6008823568072794,5.0,4.2,5.8,5.0
svm,signo_zodiacal_cancer,115,0.5,0.54,0.5453463203463202,0.54,0.5359646889058653,0.532,0.6020415144710809,5.4,4.6,5.4,4.6
svm,signo_zodiacal_cancer,116,0.5,0.51,0.5111111111111111,0.6,0.5492025518341308,0.502,0.5986334144012162,6.0,5.8,4.2,4.0
svm,signo_zodiacal_cancer,117,0.5,0.36,0.33111111111111113,0.26,0.2786420596946913,0.414,0.47518484027152763,2.6,5.4,4.6,7.4
svm,signo_zodiacal_cancer,118,0.5,0.59,0.5838383838383838,0.6199999999999999,0.600501253132832,0.5720000000000001,0.603186109212425,6.2,4.4,5.6,3.8
svm,signo_zodiacal_cancer,119,0.5,0.36,0.3461471861471862,0.38,0.36058568882098296,0.346,0.4884256244271724,3.8,6.6,3.4,6.2
svm,signo_zodiacal_cancer,120,0.5,0.6,0.6659090909090909,0.5,0.5567693744164333,0.642,0.6937169034096279,5.0,3.0,7.0,5.0
svm,signo_zodiacal_cancer,121,0.5,0.61,0.6477777777777778,0.5399999999999999,0.5715835042150831,0.7,0.743114800404274,5.4,3.2,6.8,4.6
svm,signo_zodiacal_cancer,122,0.5,0.44000000000000006,0.38571428571428573,0.3,0.33447712418300657,0.45999999999999996,0.5757664480342498,3.0,4.2,5.8,7.0
svm,signo_zodiacal_cancer,123,0.5,0.38,0.37976190476190474,0.33999999999999997,0.3510010319917441,0.374,0.4559861260170857,3.4,5.8,4.2,6.6
svm,signo_zodiacal_cancer,124,0.5,0.5700000000000001,0.5598290598290598,0.64,0.5941959642188476,0.5900000000000001,0.6395703914248806,6.4,5.0,5.0,3.6
svm,signo_zodiacal_cancer,125,0.5,0.55,0.5581818181818182,0.52,0.5285714285714286,0.5800000000000001,0.6584346754037156,5.2,4.2,5.8,4.8
svm,signo_zodiacal_cancer,126,0.5,0.44000000000000006,0.42205294705294705,0.4,0.4046035805626599,0.41400000000000003,0.5148878627392559,4.0,5.2,4.8,6.0
svm,signo_zodiacal_cancer,127,0.5,0.53,0.5199299719887954,0.64,0.5654545454545454,0.5599999999999999,0.6316358261621419,6.4,5.8,4.2,3.6
svm,signo_zodiacal_cancer,128,0.5,0.43,0.4083333333333333,0.38,0.3889154704944178,0.386,0.48534720121639624,3.8,5.2,4.8,6.2
svm,signo_zodiacal_cancer,129,0.5,0.53,0.5351648351648352,0.5199999999999999,0.5148053424268257,0.43200000000000005,0.5232088134603614,5.2,4.6,5.4,4.8
svm,signo_zodiacal_cancer,130,0.5,0.4600000000000001,0.453021978021978,0.41999999999999993,0.4310764122582671,0.46799999999999997,0.515770718445641,4.2,5.0,5.0,5.8
svm,signo_zodiacal_cancer,131,0.5,0.42000000000000004,0.41305194805194806,0.38,0.3934080298786181,0.41800000000000004,0.49330152973961017,3.8,5.4,4.6,6.2
svm,signo_zodiacal_cancer,132,0.5,0.51,0.5172222222222222,0.38,0.4321929824561403,0.493,0.5527624247097931,3.8,3.6,6.4,6.2
svm,signo_zodiacal_cancer,133,0.5,0.45999999999999996,0.47145743145743146,0.38,0.4124133864071945,0.434,0.5156965452847806,3.8,4.6,5.4,6.2
svm,signo_zodiacal_cancer,134,0.5,0.55,0.5377233877233878,0.58,0.5537882915457286,0.618,0.6801088808851967,5.8,4.8,5.2,4.2
svm,signo_zodiacal_cancer,135,0.5,0.45,0.45930402930402925,0.5399999999999999,0.4942292490118576,0.4700000000000001,0.6015586270454691,5.4,6.4,3.6,4.6
svm,signo_zodiacal_cancer,136,0.5,0.42000000000000004,0.3703463203463203,0.26,0.29280667732680116,0.376,0.4738748663617084,2.6,4.2,5.8,7.4
svm,signo_zodiacal_cancer,137,0.5,0.54,0.5458791208791208,0.54,0.5317988064791134,0.5369999999999999,0.6245538252597076,5.4,4.6,5.4,4.6
svm,signo_zodiacal_cancer,138,0.5,0.53,0.5143467643467644,0.5199999999999999,0.510090812554132,0.5359999999999999,0.5833294493604091,5.2,4.6,5.4,4.8
svm,signo_zodiacal_cancer,139,0.5,0.5800000000000001,0.5732323232323233,0.6399999999999999,0.6030986557302346,0.594,0.630978151964994,6.4,4.8,5.2,3.6
svm,signo_zodiacal_cancer,140,0.5,0.61,0.6383333333333333,0.5599999999999999,0.5832323232323233,0.696,0.7463935786435785,5.6,3.4,6.6,4.4
svm,signo_zodiacal_cancer,141,0.5,0.63,0.6286868686868687,0.7200000000000001,0.6587012987012988,0.7140000000000001,0.7388192897573702,7.2,4.6,5.4,2.8
svm,signo_zodiacal_cancer,142,0.5,0.38,0.3936868686868687,0.45999999999999996,0.4205601416127732,0.37,0.5027499116810261,4.6,7.0,3.0,5.4
svm,signo_zodiacal_cancer,143,0.5,0.5200000000000001,0.5415811965811965,0.45999999999999996,0.4783306091315245,0.562,0.636553834624268,4.6,4.2,5.8,5.4
svm,signo_zodiacal_cancer,144,0.5,0.45999999999999996,0.47272727272727266,0.5,0.47586367880485525,0.41200000000000003,0.48233394383394385,5.0,5.8,4.2,5.0
svm,signo_zodiacal_cancer,145,0.5,0.45,0.4342424242424242,0.45999999999999996,0.44160173160173155,0.45600000000000007,0.5300815193578352,4.6,5.6,4.4,5.4
svm,signo_zodiacal_cancer,146,0.5,0.43999999999999995,0.4216233766233766,0.38,0.396937441643324,0.42800000000000005,0.524776438473807,3.8,5.0,5.0,6.2
svm,signo_zodiacal_cancer,147,0.5,0.44000000000000006,0.43367965367965366,0.38,0.4003081232492997,0.434,0.5650901445475748,3.8,5.0,5.0,6.2
svm,signo_zodiacal_cancer,148,0.5,0.45,0.4209090909090909,0.32,0.3538095238095238,0.404,0.48656294685706447,3.2,4.2,5.8,6.8
svm,signo_zodiacal_cancer,149,0.5,0.5,0.5,0.44000000000000006,0.46268568033273916,0.48599999999999993,0.5685924090529354,4.4,4.4,5.6,5.6
svm,signo_zodiacal_cancer,150,0.5,0.49000000000000005,0.4889228418640183,0.5599999999999999,0.5124833771892596,0.544,0.5892406629318393,5.6,5.8,4.2,4.4
svm,signo_zodiacal_cancer,151,0.5,0.42000000000000004,0.43506493506493504,0.45999999999999996,0.44423558897243104,0.368,0.4829496286307432,4.6,6.2,3.8,5.4
svm,signo_zodiacal_cancer,152,0.5,0.55,0.5778138528138528,0.44000000000000006,0.4945845004668534,0.568,0.6311604892355667,4.4,3.4,6.6,5.6
svm,signo_zodiacal_cancer,153,0.5,0.5700000000000001,0.5983333333333334,0.43999999999999995,0.5,0.526,0.6062623852755431,4.4,3.0,7.0,5.6
svm,signo_zodiacal_cancer,154,0.5,0.52,0.5238888888888888,0.5599999999999999,0.5345943646996278,0.532,0.5897284280047439,5.6,5.2,4.8,4.4
svm,signo_zodiacal_cancer,155,0.5,0.55,0.5757575757575757,0.41999999999999993,0.47817460317460314,0.5800000000000001,0.6089941524763506,4.2,3.2,6.8,5.8
svm,signo_zodiacal_cancer,156,0.5,0.52,0.5333624708624709,0.6199999999999999,0.5663660011486098,0.5549999999999999,0.6068943660398769,6.2,5.8,4.2,3.8
svm,signo_zodiacal_cancer,157,0.5,0.52,0.5314574314574314,0.43999999999999995,0.47688707061772073,0.524,0.5315681801858273,4.4,4.0,6.0,5.6
svm,signo_zodiacal_cancer,158,0.5,0.43,0.4428571428571429,0.5599999999999999,0.48725490196078436,0.379,0.47397487849268033,5.6,7.0,3.0,4.4
svm,signo_zodiacal_cancer,159,0.5,0.43,0.4328005328005329,0.44000000000000006,0.43013400353553805,0.49000000000000005,0.5380913781780655,4.4,5.8,4.2,5.6
svm,signo_zodiacal_cancer,160,0.5,0.43000000000000005,0.42000000000000004,0.32,0.3342051282051282,0.38799999999999996,0.4990552278818533,3.2,4.6,5.4,6.8
svm,signo_zodiacal_cancer,161,0.5,0.57,0.5610494081082316,0.6799999999999999,0.6079546692819005,0.5199999999999999,0.5947199471495137,6.8,5.4,4.6,3.2
svm,signo_zodiacal_cancer,162,0.5,0.51,0.4974747474747475,0.5599999999999999,0.5260879471405787,0.576,0.6251605312472186,5.6,5.4,4.6,4.4
svm,signo_zodiacal_cancer,163,0.5,0.51,0.5161111111111112,0.45999999999999996,0.4852631578947369,0.5199999999999999,0.55170664423296,4.6,4.4,5.6,5.4
svm,signo_zodiacal_cancer,164,0.5,0.6199999999999999,0.6051370851370852,0.6799999999999999,0.6367350193665983,0.656,0.7012619124941105,6.8,4.4,5.6,3.2
svm,signo_zodiacal_cancer,165,0.5,0.55,0.5608791208791208,0.64,0.5859948849104859,0.588,0.6309140942476856,6.4,5.4,4.6,3.6
svm,signo_zodiacal_cancer,166,0.5,0.6299999999999999,0.6733333333333333,0.54,0.5913157894736842,0.632,0.6420220320615058,5.4,2.8,7.2,4.6
svm,signo_zodiacal_cancer,167,0.5,0.5599999999999999,0.5525718725718726,0.6599999999999999,0.598128839886277,0.554,0.6662148901150449,6.6,5.4,4.6,3.4
svm,signo_zodiacal_cancer,168,0.5,0.5,0.49499999999999994,0.42000000000000004,0.4513725490196078,0.43,0.5299926036296005,4.2,4.2,5.8,5.8
svm,signo_zodiacal_cancer,169,0.5,0.5,0.508021978021978,0.45999999999999996,0.47715828360329643,0.528,0.5785625485625485,4.6,4.6,5.4,5.4
svm,signo_zodiacal_cancer,170,0.5,0.55,0.5928571428571429,0.38,0.45002801120448177,0.5279999999999999,0.6124894354012002,3.8,2.8,7.2,6.2
svm,signo_zodiacal_cancer,171,0.5,0.37,0.3872261072261072,0.44000000000000006,0.4111123658949746,0.384,0.5251836164351644,4.4,7.0,3.0,5.6
svm,signo_zodiacal_cancer,172,0.5,0.42000000000000004,0.41025641025641024,0.41999999999999993,0.40920532556688166,0.358,0.48158135801247254,4.2,5.8,4.2,5.8
svm,signo_zodiacal_cancer,173,0.5,0.54,0.55,0.4,0.4583333333333333,0.5520000000000002,0.5831292569659443,4.0,3.2,6.8,6.0
svm,signo_zodiacal_cancer,174,0.5,0.4800000000000001,0.48935064935064937,0.5399999999999999,0.5114285714285715,0.45,0.5233657915012404,5.4,5.8,4.2,4.6
svm,signo_zodiacal_cancer,175,0.5,0.4800000000000001,0.46277777777777773,0.52,0.48404465709728867,0.532,0.623024281875675,5.2,5.6,4.4,4.8
svm,signo_zodiacal_cancer,176,0.5,0.5200000000000001,0.49190476190476196,0.36,0.39961058549293843,0.418,0.5234338286412589,3.6,3.2,6.8,6.4
svm,signo_zodiacal_cancer,177,0.5,0.58,0.58,0.68,0.6200733652312599,0.61,0.675514652014652,6.8,5.2,4.8,3.2
svm,signo_zodiacal_cancer,178,0.5,0.44000000000000006,0.44081196581196574,0.38,0.4017226036104754,0.4600000000000001,0.5354950790523546,3.8,5.0,5.0,6.2
svm,signo_zodiacal_cancer,179,0.5,0.51,0.5238095238095237,0.4,0.45042139662882696,0.53,0.5867839531469562,4.0,3.8,6.2,6.0
svm,signo_zodiacal_cancer,180,0.5,0.56,0.5453968253968254,0.72,0.6147643233959024,0.5880000000000001,0.6006841573459221,7.2,6.0,4.0,2.8
svm,signo_zodiacal_cancer,181,0.5,0.36,0.3338095238095238,0.33999999999999997,0.3243575248281131,0.396,0.49142566807117893,3.4,6.2,3.8,6.6
svm,signo_zodiacal_cancer,182,0.5,0.43000000000000005,0.4217027417027417,0.36000000000000004,0.3829780333185906,0.426,0.5385309510750687,3.6,5.0,5.0,6.4
svm,signo_zodiacal_cancer,183,0.5,0.44000000000000006,0.4260606060606061,0.4800000000000001,0.4432813852813853,0.466,0.5659199389361927,4.8,6.0,4.0,5.2
svm,signo_zodiacal_cancer,184,0.5,0.5200000000000001,0.5333333333333334,0.44000000000000006,0.4783625730994152,0.542,0.5936677750354221,4.4,4.0,6.0,5.6
svm,signo_zodiacal_cancer,185,0.5,0.54,0.5378210678210679,0.6000000000000001,0.5637912964228754,0.5599999999999999,0.6018990890430519,6.0,5.2,4.8,4.0
svm,signo_zodiacal_cancer,186,0.5,0.5700000000000001,0.58,0.42000000000000004,0.4809649122807017,0.535,0.5779715833701902,4.2,2.8,7.2,5.8
svm,signo_zodiacal_cancer,187,0.5,0.47000000000000003,0.4842307692307692,0.45999999999999996,0.4579710144927536,0.45,0.5425190914176982,4.6,5.2,4.8,5.4
svm,signo_zodiacal_cancer,188,0.5,0.43,0.4304195804195804,0.45999999999999996,0.4408854811600807,0.402,0.5078082011727523,4.6,6.0,4.0,5.4
svm,signo_zodiacal_cancer,189,0.5,0.49000000000000005,0.48571428571428565,0.5599999999999999,0.5133418584825236,0.454,0.5499305241542083,5.6,5.8,4.2,4.4
svm,signo_zodiacal_cancer,190,0.5,0.5700000000000001,0.5416916416916417,0.64,0.5832407104718318,0.5700000000000001,0.6283272175021402,6.4,5.0,5.0,3.6
svm,signo_zodiacal_cancer,191,0.5,0.45,0.4409523809523809,0.32,0.3612605042016807,0.42800000000000005,0.5311122966300985,3.2,4.2,5.8,6.8
svm,signo_zodiacal_cancer,192,0.5,0.48,0.47522281639928704,0.5999999999999999,0.5141904391904393,0.514,0.584543049485774,6.0,6.4,3.6,4.0
svm,signo_zodiacal_cancer,193,0.5,0.4600000000000001,0.4732467532467532,0.44000000000000006,0.4410644257703081,0.49400000000000005,0.5776466670584318,4.4,5.2,4.8,5.6
svm,signo_zodiacal_cancer,194,0.5,0.6,0.5946536796536798,0.5800000000000001,0.5823054070112894,0.6479999999999999,0.690357429120587,5.8,3.8,6.2,4.2
svm,signo_zodiacal_cancer,195,0.5,0.53,0.51995670995671,0.5800000000000001,0.5410990578049402,0.55,0.6338012182176268,5.8,5.2,4.8,4.2
svm,signo_zodiacal_cancer,196,0.5,0.5700000000000001,0.5873376623376624,0.54,0.5514472455648927,0.6359999999999999,0.6385904742831988,5.4,4.0,6.0,4.6
svm,signo_zodiacal_cancer,197,0.5,0.49000000000000005,0.48126984126984135,0.48,0.471687650498796,0.518,0.5750673215673217,4.8,5.0,5.0,5.2
svm,signo_zodiacal_cancer,198,0.5,0.45,0.4536796536796537,0.38,0.39969978421990804,0.4159999999999999,0.5639593478417008,3.8,4.8,5.2,6.2
svm,signo_zodiacal_cancer,199,0.5,0.49000000000000005,0.48686868686868684,0.4000000000000001,0.43270676691729326,0.504,0.5540336205761902,4.0,4.2,5.8,6.0
svm,signo_zodiacal_cancer,200,0.5,0.5,0.46991452991452987,0.5,0.4755987795575896,0.5820000000000001,0.6187041836732239,5.0,5.0,5.0,5.0
svm,signo_zodiacal_cancer,201,0.5,0.51,0.508974358974359,0.62,0.5573781291172596,0.57,0.643427347334468,6.2,6.0,4.0,3.8
svm,signo_zodiacal_cancer,202,0.5,0.49000000000000005,0.4807142857142857,0.33999999999999997,0.3905882352941177,0.466,0.5384079260093191,3.4,3.6,6.4,6.6
svm,signo_zodiacal_cancer,203,0.5,0.4600000000000001,0.4561147186147186,0.5599999999999999,0.496309572780161,0.44800000000000006,0.5496964912452529,5.6,6.4,3.6,4.4
svm,signo_zodiacal_cancer,204,0.5,0.53,0.514996114996115,0.5599999999999999,0.5341179034542878,0.5359999999999999,0.59492478763067,5.6,5.0,5.0,4.4
svm,signo_zodiacal_cancer,205,0.5,0.36,0.34636752136752136,0.36,0.34926380509904537,0.286,0.43514403407050467,3.6,6.4,3.6,6.4
svm,signo_zodiacal_cancer,206,0.5,0.41000000000000003,0.355034965034965,0.3,0.31077639751552794,0.33299999999999996,0.4456018246459423,3.0,4.8,5.2,7.0
svm,signo_zodiacal_cancer,207,0.5,0.4600000000000001,0.46349206349206346,0.36,0.39900928792569657,0.49400000000000005,0.5675019431033362,3.6,4.4,5.6,6.4
svm,signo_zodiacal_cancer,208,0.5,0.57,0.5742857142857142,0.5399999999999999,0.5541176470588235,0.568,0.5966456121278101,5.4,4.0,6.0,4.6
svm,signo_zodiacal_cancer,209,0.5,0.43000000000000005,0.4313888888888888,0.4600000000000001,0.4385695006747638,0.41200000000000003,0.5046868050250403,4.6,6.0,4.0,5.4
svm,signo_zodiacal_cancer,210,0.5,0.47000000000000003,0.4731746031746032,0.5,0.47723726428370394,0.42000000000000004,0.5104819055213792,5.0,5.6,4.4,5.0
svm,signo_zodiacal_cancer,211,0.5,0.47000000000000003,0.4688888888888889,0.4,0.4130200501253133,0.49400000000000005,0.5791371863430685,4.0,4.6,5.4,6.0
svm,signo_zodiacal_cancer,212,0.5,0.49000000000000005,0.4719347319347319,0.42000000000000004,0.43253278122843336,0.499,0.5234975738915367,4.2,4.4,5.6,5.8
svm,signo_zodiacal_cancer,213,0.5,0.51,0.513888888888889,0.4,0.44891640866873067,0.5040000000000001,0.5374885006634232,4.0,3.8,6.2,6.0
svm,signo_zodiacal_cancer,214,0.5,0.41000000000000003,0.38155122655122653,0.36,0.36869231903287625,0.39,0.5078456553766151,3.6,5.4,4.6,6.4
svm,signo_zodiacal_cancer,215,0.5,0.53,0.530952380952381,0.38,0.4285332314744079,0.518,0.5755659253027673,3.8,3.2,6.8,6.2
svm,signo_zodiacal_cancer,216,0.5,0.49000000000000005,0.5052045177045177,0.5399999999999999,0.5114209387328246,0.526,0.5957206686502351,5.4,5.6,4.4,4.6
svm,signo_zodiacal_cancer,217,0.5,0.5,0.49650793650793645,0.4,0.44037495700034396,0.454,0.4994196918492584,4.0,4.0,6.0,6.0
svm,signo_zodiacal_cancer,218,0.5,0.58,0.5955555555555556,0.52,0.5505263157894736,0.628,0.6615917960608363,5.2,3.6,6.4,4.8
svm,signo_zodiacal_cancer,219,0.5,0.55,0.5415584415584415,0.68,0.5932178932178932,0.506,0.5843809317617367,6.8,5.8,4.2,3.2
svm,signo_zodiacal_cancer,220,0.5,0.52,0.5193614718614719,0.7,0.5937182817182818,0.522,0.5844901399769821,7.0,6.6,3.4,3.0
svm,signo_zodiacal_cancer,221,0.5,0.37,0.34923076923076923,0.38,0.3594622425629291,0.30799999999999994,0.42461572861263264,3.8,6.4,3.6,6.2
svm,signo_zodiacal_cancer,222,0.5,0.5200000000000001,0.525,0.58,0.5467218771566598,0.538,0.6417314085123682,5.8,5.4,4.6,4.2
svm,signo_zodiacal_cancer,223,0.5,0.59,0.5930065359477125,0.74,0.6506142122984229,0.6140000000000001,0.6332981842718686,7.4,5.6,4.4,2.6
svm,signo_zodiacal_cancer,224,0.5,0.5,0.4966666666666667,0.4800000000000001,0.485050505050505,0.49399999999999994,0.5647125076505881,4.8,4.8,5.2,5.2
svm,signo_zodiacal_cancer,225,0.5,0.5700000000000001,0.5954545454545455,0.52,0.5297619047619048,0.564,0.6486423761996518,5.2,3.8,6.2,4.8
svm,signo_zodiacal_cancer,226,0.5,0.54,0.54,0.52,0.5274534821903243,0.518,0.5737571486820713,5.2,4.4,5.6,4.8
svm,signo_zodiacal_cancer,227,0.5,0.6300000000000001,0.74,0.41999999999999993,0.5198717948717949,0.6209999999999999,0.692726853383974,4.2,1.6,8.4,5.8
svm,signo_zodiacal_cancer,228,0.5,0.44000000000000006,0.44794871794871793,0.54,0.4886956521739131,0.426,0.5018657839408613,5.4,6.6,3.4,4.6
svm,signo_zodiacal_cancer,229,0.5,0.6599999999999999,0.6567965367965367,0.68,0.6618894830659536,0.671,0.6820607156001893,6.8,3.6,6.4,3.2
svm,signo_zodiacal_cancer,230,0.5,0.5900000000000001,0.5994934640522877,0.6399999999999999,0.5903913630229419,0.6479999999999999,0.6498923021423022,6.4,4.6,5.4,3.6
svm,signo_zodiacal_cancer,231,0.5,0.36,0.38,0.4,0.37372727272727274,0.294,0.4261120845958307,4.0,6.8,3.2,6.0
svm,signo_zodiacal_cancer,232,0.5,0.45999999999999996,0.46918858918858913,0.5800000000000001,0.5147860956739674,0.506,0.5753901458019104,5.8,6.6,3.4,4.2
svm,signo_zodiacal_cancer,233,0.5,0.5199999999999999,0.5173809523809524,0.54,0.5192231559290382,0.49399999999999994,0.5103281126338401,5.4,5.0,5.0,4.6
svm,signo_zodiacal_cancer,234,0.5,0.53,0.5139743589743591,0.6599999999999999,0.5745576162967467,0.548,0.5628642637891864,6.6,6.0,4.0,3.4
svm,signo_zodiacal_cancer,235,0.5,0.5700000000000001,0.6007326007326007,0.52,0.5513528065688518,0.5740000000000001,0.6532902350487488,5.2,3.8,6.2,4.8
svm,signo_zodiacal_cancer,236,0.5,0.55,0.5828571428571429,0.28,0.36812324929971985,0.5920000000000001,0.635848288965936,2.8,1.8,8.2,7.2
svm,signo_zodiacal_cancer,237,0.5,0.5200000000000001,0.5271367521367522,0.48,0.4936689549961861,0.574,0.6211924906878468,4.8,4.4,5.6,5.2
svm,signo_zodiacal_cancer,238,0.5,0.47000000000000003,0.44393939393939397,0.38,0.4055555555555556,0.45600000000000007,0.5328652936330954,3.8,4.4,5.6,6.2
svm,signo_zodiacal_cancer,239,0.5,0.41,0.3387362637362637,0.29999999999999993,0.3121909633418585,0.438,0.5071548065797292,3.0,4.8,5.2,7.0
svm,signo_zodiacal_cancer,240,0.5,0.5599999999999999,0.5471717171717172,0.54,0.5352198678514467,0.558,0.6267005863933109,5.4,4.2,5.8,4.6
svm,signo_zodiacal_cancer,241,0.5,0.47000000000000003,0.46098124098124094,0.4,0.4235124576146248,0.46399999999999997,0.5163151848151848,4.0,4.6,5.4,6.0
svm,signo_zodiacal_cancer,242,0.5,0.42000000000000004,0.43058608058608067,0.45999999999999996,0.4405863531183224,0.374,0.46783335085966654,4.6,6.2,3.8,5.4
svm,signo_zodiacal_cancer,243,0.5,0.5,0.49948051948051947,0.66,0.5669956709956709,0.49800000000000005,0.545962356099353,6.6,6.6,3.4,3.4
svm,signo_zodiacal_cancer,244,0.5,0.53,0.530952380952381,0.58,0.547580850522027,0.483,0.5634052424184003,5.8,5.2,4.8,4.2
svm,signo_zodiacal_cancer,245,0.5,0.53,0.5156410256410257,0.5,0.49662055335968375,0.522,0.6208664585328671,5.0,4.4,5.6,5.0
svm,signo_zodiacal_cancer,246,0.5,0.47000000000000003,0.4501648351648352,0.38,0.4042171071327082,0.52,0.5820022473226807,3.8,4.4,5.6,6.2
svm,signo_zodiacal_cancer,247,0.5,0.5599999999999999,0.5783365653953889,0.7,0.6173398434472603,0.506,0.5682548927680506,7.0,5.8,4.2,3.0
svm,signo_zodiacal_cancer,248,0.5,0.54,0.5377355977355978,0.6599999999999999,0.5812194148562435,0.6159999999999999,0.6426486350766536,6.6,5.8,4.2,3.4
svm,signo_zodiacal_cancer,249,0.5,0.5,0.4866666666666667,0.3,0.36354700854700855,0.558,0.5963386033471172,3.0,3.0,7.0,7.0
svm,signo_zodiacal_cancer,250,0.5,0.43999999999999995,0.45107376283846873,0.6,0.5000979069090524,0.42000000000000004,0.5232989161681112,6.0,7.2,2.8,4.0
svm,signo_zodiacal_cancer,251,0.5,0.6,0.6576923076923077,0.62,0.5958650045606567,0.616,0.7103978794683129,6.2,4.2,5.8,3.8
svm,signo_zodiacal_cancer,252,0.5,0.54,0.5157575757575757,0.45999999999999996,0.4691458541458541,0.5720000000000001,0.598832277801318,4.6,3.8,6.2,5.4
svm,signo_zodiacal_cancer,253,0.5,0.62,0.6367521367521368,0.6799999999999999,0.6500416059912627,0.664,0.6865965951832825,6.8,4.4,5.6,3.2
svm,signo_zodiacal_cancer,254,0.5,0.52,0.5161616161616162,0.6,0.5523923444976077,0.48200000000000004,0.5673722182530232,6.0,5.6,4.4,4.0
svm,signo_zodiacal_cancer,255,0.5,0.41000000000000003,0.4027272727272728,0.4800000000000001,0.43462109820004563,0.38400000000000006,0.46649189965521237,4.8,6.6,3.4,5.2
svm,signo_zodiacal_cancer,256,0.5,0.6,0.576046176046176,0.7799999999999999,0.6571428571428571,0.5980000000000001,0.5822707380338958,7.8,5.8,4.2,2.2
svm,signo_zodiacal_cancer,257,0.5,0.63,0.6794444444444444,0.52,0.582690058479532,0.684,0.701785775885621,5.2,2.6,7.4,4.8
svm,signo_zodiacal_cancer,258,0.5,0.57,0.5924242424242424,0.5,0.5304473304473305,0.546,0.5926191283776422,5.0,3.6,6.4,5.0
svm,signo_zodiacal_cancer,259,0.5,0.58,0.5865584415584415,0.5199999999999999,0.5474509803921569,0.588,0.5846736564089505,5.2,3.6,6.4,4.8
svm,signo_zodiacal_cancer,260,0.5,0.53,0.5440836940836941,0.4600000000000001,0.49578849083493043,0.55,0.588202648658531,4.6,4.0,6.0,5.4
svm,signo_zodiacal_cancer,261,0.5,0.52,0.521025641025641,0.5,0.5058326976862446,0.5519999999999999,0.5978747543306366,5.0,4.6,5.4,5.0
svm,signo_zodiacal_cancer,262,0.5,0.62,0.6722727272727272,0.56,0.5977777777777777,0.692,0.7207804315567473,5.6,3.2,6.8,4.4
svm,signo_zodiacal_cancer,263,0.5,0.45999999999999996,0.4666666666666667,0.34,0.38743315508021386,0.47400000000000003,0.5226248957440908,3.4,4.2,5.8,6.6
svm,signo_zodiacal_cancer,264,0.5,0.4,0.2928571428571428,0.22000000000000003,0.246218487394958,0.388,0.45922996447996445,2.2,4.2,5.8,7.8
svm,signo_zodiacal_cancer,265,0.5,0.54,0.5680652680652681,0.54,0.5436335403726708,0.55,0.5968752440370088,5.4,4.6,5.4,4.6
svm,signo_zodiacal_cancer,266,0.5,0.45,0.4176923076923077,0.42000000000000004,0.4004684537430533,0.471,0.572889049289204,4.2,5.2,4.8,5.8
svm,signo_zodiacal_cancer,267,0.5,0.49000000000000005,0.5126251526251526,0.52,0.5048927177278235,0.43999999999999995,0.5280944903050167,5.2,5.4,4.6,4.8
svm,signo_zodiacal_cancer,268,0.5,0.41,0.4228571428571429,0.4,0.40572786690433754,0.43400000000000005,0.5340375524887909,4.0,5.8,4.2,6.0
svm,signo_zodiacal_cancer,269,0.5,0.53,0.5463675213675214,0.52,0.5296465802186626,0.5940000000000001,0.6492500267190668,5.2,4.6,5.4,4.8
svm,signo_zodiacal_cancer,270,0.5,0.53,0.531973581973582,0.6,0.561916649330837,0.548,0.6299515298942543,6.0,5.4,4.6,4.0
svm,signo_zodiacal_cancer,271,0.5,0.5,0.49452380952380953,0.5199999999999999,0.49465110740652535,0.462,0.5527707015207015,5.2,5.2,4.8,4.8
svm,signo_zodiacal_cancer,272,0.5,0.55,0.5666666666666667,0.45999999999999996,0.49833333333333335,0.564,0.6374416143711809,4.6,3.6,6.4,5.4
svm,signo_zodiacal_cancer,273,0.5,0.58,0.6531468531468532,0.54,0.5387665474621997,0.55,0.5711737592472886,5.4,3.8,6.2,4.6
svm,signo_zodiacal_cancer,274,0.5,0.5900000000000001,0.6167832167832168,0.54,0.5623406341941811,0.596,0.6136875336565739,5.4,3.6,6.4,4.6
svm,signo_zodiacal_cancer,275,0.5,0.45999999999999996,0.4703463203463203,0.42000000000000004,0.4389949919361684,0.479,0.5818231027658273,4.2,5.0,5.0,5.8
svm,signo_zodiacal_cancer,276,0.5,0.41000000000000003,0.38545454545454544,0.33999999999999997,0.3568253968253968,0.372,0.4634455375206149,3.4,5.2,4.8,6.6
svm,signo_zodiacal_cancer,277,0.5,0.5900000000000001,0.6097435897435897,0.5799999999999998,0.5721174477696216,0.6099999999999999,0.6517888930814628,5.8,4.0,6.0,4.2
svm,signo_zodiacal_cancer,278,0.5,0.6599999999999999,0.6935714285714286,0.62,0.6432679738562092,0.622,0.6908874089446845,6.2,3.0,7.0,3.8
svm,signo_zodiacal_cancer,279,0.5,0.55,0.5867832167832168,0.47999999999999987,0.5017391304347826,0.6079999999999999,0.6700088522588523,4.8,3.8,6.2,5.2
svm,signo_zodiacal_cancer,280,0.5,0.47000000000000003,0.4746031746031746,0.56,0.5114832535885168,0.43999999999999995,0.4953907654952546,5.6,6.2,3.8,4.4
svm,signo_zodiacal_cancer,281,0.5,0.5700000000000001,0.5658741258741259,0.6599999999999999,0.6069772256728779,0.59,0.5977752688487983,6.6,5.2,4.8,3.4
svm,signo_zodiacal_cancer,282,0.5,0.47000000000000003,0.45658119658119656,0.5,0.4679496567505721,0.45,0.5285641025641026,5.0,5.6,4.4,5.0
svm,signo_zodiacal_cancer,283,0.5,0.48,0.48888888888888893,0.38,0.4223684210526316,0.48,0.6042745120376699,3.8,4.2,5.8,6.2
svm,signo_zodiacal_cancer,284,0.5,0.51,0.5183333333333333,0.4600000000000001,0.4767058823529412,0.52,0.5544438786188012,4.6,4.4,5.6,5.4
svm,signo_zodiacal_cancer,285,0.5,0.54,0.5444444444444444,0.5199999999999999,0.5182756356130969,0.484,0.5300780679588729,5.2,4.4,5.6,4.8
svm,signo_zodiacal_cancer,286,0.5,0.5999999999999999,0.6013636363636363,0.6599999999999999,0.6218070818070818,0.654,0.6488443555928076,6.6,4.6,5.4,3.4
svm,signo_zodiacal_cancer,287,0.5,0.48,0.4888888888888888,0.33999999999999997,0.39421052631578946,0.43,0.5205695411399744,3.4,3.8,6.2,6.6
svm,signo_zodiacal_cancer,288,0.5,0.45999999999999996,0.45999999999999996,0.48,0.46909090909090906,0.41400000000000003,0.4820684315684316,4.8,5.6,4.4,5.2
svm,signo_zodiacal_cancer,289,0.5,0.54,0.6183816183816184,0.52,0.535866520521252,0.5860000000000001,0.6937596930932843,5.2,4.4,5.6,4.8
svm,signo_zodiacal_cancer,290,0.5,0.61,0.60010101010101,0.64,0.6181499202551833,0.634,0.674746168434249,6.4,4.2,5.8,3.6
svm,signo_zodiacal_cancer,291,0.5,0.43,0.3972222222222222,0.24000000000000005,0.2901629072681704,0.47000000000000003,0.5358655988834007,2.4,3.8,6.2,7.6
svm,signo_zodiacal_cancer,292,0.5,0.5,0.502020202020202,0.5399999999999999,0.5076690853006642,0.4640000000000001,0.5173843456165438,5.4,5.4,4.6,4.6
svm,signo_zodiacal_cancer,293,0.5,0.4800000000000001,0.4700432900432901,0.42000000000000004,0.43840336134453783,0.5640000000000001,0.6093003799605967,4.2,4.6,5.4,5.8
svm,signo_zodiacal_cancer,294,0.5,0.53,0.5473015873015873,0.54,0.5349102167182662,0.47800000000000004,0.5676827420945069,5.4,4.8,5.2,4.6
svm,signo_zodiacal_cancer,295,0.5,0.45,0.4375,0.5199999999999999,0.4647895963685437,0.44800000000000006,0.5348531935900357,5.2,6.2,3.8,4.8
svm,signo_zodiacal_cancer,296,0.5,0.4600000000000001,0.45555555555555555,0.54,0.489792663476874,0.429,0.5001017979268754,5.4,6.2,3.8,4.6
svm,signo_zodiacal_cancer,297,0.5,0.48,0.47333333333333344,0.5399999999999999,0.5036363636363635,0.502,0.5576351509687423,5.4,5.8,4.2,4.6
svm,signo_zodiacal_cancer,298,0.5,0.6199999999999999,0.6424358974358975,0.6200000000000001,0.6169806763285024,0.604,0.6532377981495627,6.2,3.8,6.2,3.8
svm,signo_zodiacal_cancer,299,0.5,0.33999999999999997,0.32997002997003,0.34,0.33105184102626556,0.272,0.4234259790776818,3.4,6.6,3.4,6.6
svm,signo_zodiacal_cancer,300,0.5,0.4800000000000001,0.4822222222222222,0.54,0.5057343358395989,0.511,0.5592046825723296,5.4,5.8,4.2,4.6
svm,signo_zodiacal_cancer,301,0.5,0.45,0.43999999999999995,0.44000000000000006,0.4284912280701755,0.48,0.5744174538911381,4.4,5.4,4.6,5.6
svm,signo_zodiacal_cancer,302,0.5,0.45,0.45444444444444443,0.48,0.4652631578947369,0.406,0.5108687270761574,4.8,5.8,4.2,5.2
svm,signo_zodiacal_cancer,303,0.5,0.64,0.6568831168831168,0.6199999999999999,0.6335574229691876,0.6759999999999999,0.7216518922254215,6.2,3.4,6.6,3.8
svm,signo_zodiacal_cancer,304,0.5,0.54,0.5356410256410257,0.56,0.5129538866930171,0.5740000000000001,0.6318331735344118,5.6,4.8,5.2,4.4
svm,signo_zodiacal_cancer,305,0.5,0.57,0.5765079365079364,0.52,0.5446439628482972,0.5880000000000001,0.6298454770203995,5.2,3.8,6.2,4.8
svm,signo_zodiacal_cancer,306,0.5,0.47000000000000003,0.4621428571428572,0.36,0.40205882352941175,0.45199999999999996,0.51423217425849,3.6,4.2,5.8,6.4
svm,signo_zodiacal_cancer,307,0.5,0.5700000000000001,0.6373626373626374,0.44000000000000006,0.48944466303801343,0.6,0.6400058901366951,4.4,3.0,7.0,5.6
svm,signo_zodiacal_cancer,308,0.5,0.42000000000000004,0.3555555555555555,0.26,0.2807017543859649,0.41200000000000003,0.4756334745405953,2.6,4.2,5.8,7.4
svm,signo_zodiacal_cancer,309,0.5,0.5,0.5,0.4,0.424593837535014,0.5619999999999999,0.6064621658870885,4.0,4.0,6.0,6.0
svm,signo_zodiacal_cancer,310,0.5,0.47000000000000003,0.46893106893106895,0.45999999999999996,0.45964784082969573,0.398,0.5072538664465909,4.6,5.2,4.8,5.4
svm,signo_zodiacal_cancer,311,0.5,0.43,0.4119047619047619,0.3,0.3362872421695951,0.426,0.49313795518207276,3.0,4.4,5.6,7.0
svm,signo_zodiacal_cancer,312,0.5,0.52,0.52,0.44000000000000006,0.4616666666666667,0.554,0.5828726808107613,4.4,4.0,6.0,5.6
svm,signo_zodiacal_cancer,313,0.5,0.5,0.5061111111111112,0.42000000000000004,0.45508771929824565,0.562,0.6409773528844736,4.2,4.2,5.8,5.8
svm,signo_zodiacal_cancer,314,0.5,0.5599999999999999,0.553030303030303,0.54,0.5387806637806637,0.592,0.6372028418777644,5.4,4.2,5.8,4.6
svm,signo_zodiacal_cancer,315,0.5,0.44000000000000006,0.4364635364635364,0.36,0.37885763000852507,0.41400000000000003,0.5230529660398082,3.6,4.8,5.2,6.4
svm,signo_zodiacal_cancer,316,0.5,0.5,0.4925,0.5599999999999999,0.5116433566433567,0.4640000000000001,0.5474405137346314,5.6,5.6,4.4,4.4
svm,signo_zodiacal_cancer,317,0.5,0.52,0.5201298701298701,0.44000000000000006,0.4668894830659537,0.514,0.5911573155087086,4.4,4.0,6.0,5.6
svm,signo_zodiacal_cancer,318,0.5,0.55,0.5642857142857143,0.36000000000000004,0.4246732026143791,0.5840000000000001,0.6621947394710552,3.6,2.6,7.4,6.4
svm,signo_zodiacal_cancer,319,0.5,0.49000000000000005,0.4756410256410256,0.45999999999999996,0.45939833113746154,0.422,0.5054759313613804,4.6,4.8,5.2,5.4
svm,signo_zodiacal_cancer,320,0.5,0.44000000000000006,0.44666666666666666,0.5,0.46737373737373733,0.458,0.5264858670741024,5.0,6.2,3.8,5.0
svm,signo_zodiacal_cancer,321,0.5,0.6,0.5955710955710956,0.6799999999999999,0.6313882532418,0.6100000000000001,0.6628596023859181,6.8,4.8,5.2,3.2
svm,signo_zodiacal_cancer,322,0.5,0.5399999999999999,0.5363636363636364,0.54,0.5365079365079365,0.54,0.5719170561980159,5.4,4.6,5.4,4.6
svm,signo_zodiacal_cancer,323,0.5,0.4600000000000001,0.4666666666666666,0.36000000000000004,0.40131578947368424,0.434,0.5398072879133251,3.6,4.4,5.6,6.4
svm,signo_zodiacal_cancer,324,0.5,0.49000000000000005,0.4909090909090909,0.4800000000000001,0.47579365079365077,0.536,0.5743427020176247,4.8,5.0,5.0,5.2
svm,signo_zodiacal_cancer,325,0.5,0.41,0.3888888888888889,0.4,0.38536842105263164,0.384,0.4863442123751721,4.0,5.8,4.2,6.0
svm,signo_zodiacal_cancer,326,0.5,0.54,0.5452020202020202,0.58,0.5537369063684853,0.496,0.519283556484795,5.8,5.0,5.0,4.2
svm,signo_zodiacal_cancer,327,0.5,0.4800000000000001,0.45500000000000007,0.38,0.409156223893066,0.422,0.5005189569632293,3.8,4.2,5.8,6.2
svm,signo_zodiacal_cancer,328,0.5,0.39,0.369047619047619,0.33999999999999997,0.35043937830315536,0.37,0.5084016179898533,3.4,5.6,4.4,6.6
svm,signo_zodiacal_cancer,329,0.5,0.48,0.47904761904761906,0.48,0.4671120448179272,0.523,0.5723762795512022,4.8,5.2,4.8,5.2
svm,signo_zodiacal_cancer,330,0.5,0.5800000000000001,0.5702020202020202,0.7,0.6208475734791524,0.532,0.555117197130355,7.0,5.4,4.6,3.0
svm,signo_zodiacal_cancer,331,0.5,0.48,0.4856410256410257,0.66,0.5563478260869565,0.47400000000000003,0.5483322326967838,6.6,7.0,3.0,3.4
svm,signo_zodiacal_cancer,332,0.5,0.51,0.5121245421245421,0.62,0.5591304347826087,0.5359999999999999,0.5945693185383587,6.2,6.0,4.0,3.8
svm,signo_zodiacal_cancer,333,0.5,0.54,0.5709873459873461,0.5599999999999999,0.5499827467218772,0.5740000000000001,0.6346336236862552,5.6,4.8,5.2,4.4
svm,signo_zodiacal_cancer,334,0.5,0.45999999999999996,0.4603174603174603,0.44000000000000006,0.43046218487394955,0.414,0.49418165065069086,4.4,5.2,4.8,5.6
svm,signo_zodiacal_cancer,335,0.5,0.38999999999999996,0.39571428571428574,0.42000000000000004,0.3911336898395722,0.33399999999999996,0.4575833364262157,4.2,6.4,3.6,5.8
svm,signo_zodiacal_cancer,336,0.5,0.52,0.5333333333333333,0.38,0.40868131868131863,0.52,0.5599214386404789,3.8,3.4,6.6,6.2
svm,signo_zodiacal_cancer,337,0.5,0.45,0.4443278943278943,0.44000000000000006,0.4381824125531219,0.458,0.5131679076857095,4.4,5.4,4.6,5.6
svm,signo_zodiacal_cancer,338,0.5,0.49000000000000005,0.4852680652680652,0.44000000000000006,0.44697722567287784,0.5519999999999999,0.5884343985048319,4.4,4.6,5.4,5.6
svm,signo_zodiacal_cancer,339,0.5,0.43000000000000005,0.4374891774891775,0.48,0.4476676003734827,0.386,0.5083903339522535,4.8,6.2,3.8,5.2
svm,signo_zodiacal_cancer,340,0.5,0.47000000000000003,0.47424242424242424,0.64,0.5428138528138529,0.476,0.56100318085767,6.4,7.0,3.0,3.6
svm,signo_zodiacal_cancer,341,0.5,0.49000000000000005,0.5261904761904762,0.33999999999999997,0.387227478403949,0.48599999999999993,0.5738005303090443,3.4,3.6,6.4,6.6
svm,signo_zodiacal_cancer,342,0.5,0.45999999999999996,0.424090909090909,0.32,0.3536507936507936,0.42400000000000004,0.5096955293588421,3.2,4.0,6.0,6.8
svm,signo_zodiacal_cancer,343,0.5,0.5599999999999999,0.6003968253968254,0.45999999999999996,0.5052971108698663,0.5720000000000001,0.6229917767990523,4.6,3.4,6.6,5.4
svm,signo_zodiacal_cancer,344,0.5,0.5700000000000001,0.5912337662337663,0.45999999999999996,0.5121615312791783,0.594,0.6709556446305672,4.6,3.2,6.8,5.4
svm,signo_zodiacal_cancer,345,0.5,0.41,0.4095959595959596,0.4,0.3984905445431761,0.404,0.5217960932256598,4.0,5.8,4.2,6.0
svm,signo_zodiacal_cancer,346,0.5,0.45,0.4584415584415584,0.5599999999999999,0.5022774327122154,0.466,0.5488545888236291,5.6,6.6,3.4,4.4
svm,signo_zodiacal_cancer,347,0.5,0.5599999999999999,0.6166666666666667,0.5799999999999998,0.5595487845487845,0.529,0.6184046437738389,5.8,4.6,5.4,4.2
svm,signo_zodiacal_cancer,348,0.5,0.53,0.5171717171717172,0.5599999999999999,0.5308297481672094,0.5280000000000001,0.5717985250044073,5.6,5.0,5.0,4.4
svm,signo_zodiacal_cancer,349,0.5,0.47000000000000003,0.47028749028749034,0.5,0.48284406668846025,0.45200000000000007,0.5326451701892878,5.0,5.6,4.4,5.0
svm,signo_zodiacal_cancer,350,0.5,0.4800000000000001,0.47813852813852814,0.5399999999999999,0.5015406162464986,0.44799999999999995,0.4816038581301739,5.4,5.8,4.2,4.6
svm,signo_zodiacal_cancer,351,0.5,0.47000000000000003,0.4802272727272728,0.6,0.5296403596403596,0.44399999999999995,0.5244198285374756,6.0,6.6,3.4,4.0
svm,signo_zodiacal_cancer,352,0.5,0.42000000000000004,0.37424242424242427,0.36,0.35917748917748915,0.37399999999999994,0.4616364577115351,3.6,5.2,4.8,6.4
svm,signo_zodiacal_cancer,353,0.5,0.5900000000000001,0.580955710955711,0.66,0.6167061923583662,0.6020000000000001,0.6538367259675308,6.6,4.8,5.2,3.4
svm,signo_zodiacal_cancer,354,0.5,0.45,0.418095238095238,0.28,0.32694570135746603,0.454,0.48770897669581875,2.8,3.8,6.2,7.2
svm,signo_zodiacal_cancer,355,0.5,0.55,0.6142857142857142,0.38,0.43386123680241334,0.5740000000000001,0.6261123457725624,3.8,2.8,7.2,6.2
svm,signo_zodiacal_cancer,356,0.5,0.5599999999999999,0.5833333333333333,0.42000000000000004,0.48611111111111105,0.5980000000000001,0.641375242404654,4.2,3.0,7.0,5.8
svm,signo_zodiacal_cancer,357,0.5,0.51,0.5037962037962037,0.6599999999999999,0.5686255773212295,0.5599999999999999,0.6077884964193013,6.6,6.4,3.6,3.4
svm,signo_zodiacal_cancer,358,0.5,0.49000000000000005,0.4909090909090909,0.52,0.5043290043290043,0.476,0.5444550247653963,5.2,5.4,4.6,4.8
svm,signo_zodiacal_cancer,359,0.5,0.54,0.5283333333333333,0.6599999999999999,0.5814219114219114,0.6,0.6301806232982703,6.6,5.8,4.2,3.4
svm,signo_zodiacal_cancer,360,0.5,0.6,0.586488413547237,0.72,0.6412121212121211,0.635,0.63277730233303,7.2,5.2,4.8,2.8
svm,signo_zodiacal_cancer,361,0.5,0.45,0.41868686868686866,0.4,0.40132148553201186,0.434,0.5060121514192721,4.0,5.0,5.0,6.0
svm,signo_zodiacal_cancer,362,0.5,0.49000000000000005,0.49498834498834493,0.6,0.5419536984754376,0.5,0.5978032631283404,6.0,6.2,3.8,4.0
svm,signo_zodiacal_cancer,363,0.5,0.51,0.5173076923076924,0.48,0.4871761089152393,0.528,0.5385627879172771,4.8,4.6,5.4,5.2
svm,signo_zodiacal_cancer,364,0.5,0.44000000000000006,0.4004761904761905,0.26,0.3089635854341736,0.45,0.5468601490528735,2.6,3.8,6.2,7.4
svm,signo_zodiacal_cancer,365,0.5,0.49000000000000005,0.49333333333333335,0.6199999999999999,0.5433131313131313,0.48200000000000004,0.5614003131371551,6.2,6.4,3.6,3.8
svm,signo_zodiacal_cancer,366,0.5,0.53,0.5444444444444445,0.36,0.42629490392648284,0.592,0.617280765588041,3.6,3.0,7.0,6.4
svm,signo_zodiacal_cancer,367,0.5,0.5599999999999999,0.6144444444444445,0.54,0.5585964912280701,0.6,0.7085924439337751,5.4,4.2,5.8,4.6
svm,signo_zodiacal_cancer,368,0.5,0.4,0.3696886446886447,0.32,0.3360471724921853,0.348,0.48571269786285265,3.2,5.2,4.8,6.8
svm,signo_zodiacal_cancer,369,0.5,0.6,0.6117965367965368,0.54,0.5643642305407011,0.5800000000000001,0.6416975791666193,5.4,3.4,6.6,4.6
svm,signo_zodiacal_cancer,370,0.5,0.48,0.47257575757575754,0.5599999999999999,0.5065714285714286,0.49800000000000005,0.5558003199930445,5.6,6.0,4.0,4.4
svm,signo_zodiacal_cancer,371,0.5,0.6,0.6090909090909091,0.6599999999999999,0.6242844874423822,0.6100000000000001,0.6454261941189186,6.6,4.6,5.4,3.4
svm,signo_zodiacal_cancer,372,0.5,0.5800000000000001,0.6194444444444445,0.48,0.5223571749887539,0.584,0.6304735525911995,4.8,3.2,6.8,5.2
svm,signo_zodiacal_cancer,373,0.5,0.39,0.3947802197802198,0.43999999999999995,0.40600218196126125,0.384,0.4890797819311752,4.4,6.6,3.4,5.6
svm,signo_zodiacal_cancer,374,0.5,0.48,0.47473776223776215,0.6,0.5268673355629877,0.48199999999999993,0.5516046567811272,6.0,6.4,3.6,4.0
svm,signo_zodiacal_cancer,375,0.5,0.6199999999999999,0.6340293040293041,0.5599999999999999,0.578560024800434,0.654,0.6465990300549125,5.6,3.2,6.8,4.4
svm,signo_zodiacal_cancer,376,0.5,0.47000000000000003,0.46428571428571425,0.4600000000000001,0.45320855614973266,0.473,0.530777914465995,4.6,5.2,4.8,5.4
svm,signo_zodiacal_cancer,377,0.5,0.5200000000000001,0.5351648351648352,0.56,0.5406096035252046,0.526,0.5978195682886085,5.6,5.2,4.8,4.4
svm,signo_zodiacal_cancer,378,0.5,0.45999999999999996,0.43983516483516477,0.41999999999999993,0.4195555297217702,0.484,0.5486759259832015,4.2,5.0,5.0,5.8
svm,signo_zodiacal_cancer,379,0.5,0.4,0.36158730158730157,0.33999999999999997,0.34641289051505775,0.392,0.4620531217148864,3.4,5.4,4.6,6.6
svm,signo_zodiacal_cancer,380,0.5,0.49000000000000005,0.4618614718614718,0.4,0.4182951362363127,0.4960000000000001,0.5711391386391387,4.0,4.2,5.8,6.0
svm,signo_zodiacal_cancer,381,0.5,0.51,0.5068686868686868,0.5399999999999999,0.5193734335839599,0.546,0.5639677050675502,5.4,5.2,4.8,4.6
svm,signo_zodiacal_cancer,382,0.5,0.51,0.5186868686868686,0.38,0.4169847696163485,0.506,0.5735646379764027,3.8,3.6,6.4,6.2
svm,signo_zodiacal_cancer,383,0.5,0.55,0.5461904761904762,0.45999999999999996,0.4723556835321541,0.6199999999999999,0.6642265093867261,4.6,3.6,6.4,5.4
svm,signo_zodiacal_cancer,384,0.5,0.6,0.5827594627594628,0.64,0.6032824815662343,0.592,0.6192781897325241,6.4,4.4,5.6,3.6
svm,signo_zodiacal_cancer,385,0.5,0.5,0.5220995670995671,0.5,0.5018676102019756,0.49800000000000005,0.5600449827949828,5.0,5.0,5.0,5.0
svm,signo_zodiacal_cancer,386,0.5,0.39,0.3394505494505495,0.38,0.3455946838044025,0.36499999999999994,0.453543539621713,3.8,6.0,4.0,6.2
svm,signo_zodiacal_cancer,387,0.5,0.47000000000000003,0.5511688311688312,0.33999999999999997,0.39527687998276234,0.454,0.529284815459738,3.4,4.0,6.0,6.6
svm,signo_zodiacal_cancer,388,0.5,0.51,0.5041569541569542,0.6199999999999999,0.5515374023383177,0.49400000000000005,0.5327334620144218,6.2,6.0,4.0,3.8
svm,signo_zodiacal_cancer,389,0.5,0.56,0.5583333333333333,0.5,0.5116883116883117,0.548,0.5716768837457693,5.0,3.8,6.2,5.0
svm,signo_zodiacal_cancer,390,0.5,0.53,0.5553968253968253,0.48,0.5037141382868937,0.5,0.5633903318903318,4.8,4.2,5.8,5.2
svm,signo_zodiacal_cancer,391,0.5,0.45,0.4556410256410257,0.5,0.47525691699604744,0.392,0.4824368805429177,5.0,6.0,4.0,5.0
svm,signo_zodiacal_cancer,392,0.5,0.48,0.47852813852813847,0.6,0.5292987012987013,0.43,0.512130157424275,6.0,6.4,3.6,4.0
svm,signo_zodiacal_cancer,393,0.5,0.53,0.5264957264957265,0.5599999999999999,0.537630307653191,0.5440000000000002,0.5788379110569513,5.6,5.0,5.0,4.4
svm,signo_zodiacal_cancer,394,0.5,0.45,0.4607326007326007,0.4,0.4031582024113994,0.438,0.5183920626157469,4.0,5.0,5.0,6.0
svm,signo_zodiacal_cancer,395,0.5,0.53,0.5500721500721502,0.48,0.5075040542532803,0.5920000000000001,0.6469765114486477,4.8,4.2,5.8,5.2
svm,signo_zodiacal_cancer,396,0.5,0.44000000000000006,0.40806526806526805,0.4,0.3973469906650685,0.45600000000000007,0.520983089837579,4.0,5.2,4.8,6.0
svm,signo_zodiacal_cancer,397,0.5,0.51,0.49519230769230765,0.5599999999999999,0.5163410197735141,0.49800000000000005,0.5260746926791817,5.6,5.4,4.6,4.4
svm,signo_zodiacal_cancer,398,0.5,0.4600000000000001,0.4639775910364145,0.66,0.5413333333333333,0.38999999999999996,0.4776941685765215,6.6,7.4,2.6,3.4
svm,signo_zodiacal_cancer,399,0.5,0.42000000000000004,0.3757142857142857,0.26,0.3055882352941176,0.33799999999999997,0.4615462373024292,2.6,4.2,5.8,7.4
svm,signo_zodiacal_cancer,400,0.5,0.5599999999999999,0.5521212121212121,0.74,0.6303809523809525,0.54,0.5869242234373814,7.4,6.2,3.8,2.6
svm,signo_zodiacal_cancer,401,0.5,0.48999999999999994,0.49120879120879124,0.6,0.5389045736871824,0.4880000000000001,0.5293085407025035,6.0,6.2,3.8,4.0
svm,signo_zodiacal_cancer,402,0.5,0.4800000000000001,0.47158119658119657,0.4600000000000001,0.45670723250814776,0.55,0.6067547703414575,4.6,5.0,5.0,5.4
svm,signo_zodiacal_cancer,403,0.5,0.5700000000000001,0.5709090909090909,0.5599999999999999,0.564126984126984,0.542,0.5576152999047734,5.6,4.2,5.8,4.4
svm,signo_zodiacal_cancer,404,0.5,0.42000000000000004,0.4116161616161616,0.42000000000000004,0.41040100250626566,0.394,0.49327678083870036,4.2,5.8,4.2,5.8
svm,signo_zodiacal_cancer,405,0.5,0.49000000000000005,0.495,0.36,0.3954761904761905,0.484,0.5672658344407571,3.6,3.8,6.2,6.4
svm,signo_zodiacal_cancer,406,0.5,0.54,0.5366666666666666,0.52,0.5210695187165776,0.632,0.6716536884168463,5.2,4.4,5.6,4.8
svm,signo_zodiacal_cancer,407,0.5,0.61,0.6366666666666666,0.5,0.5546491228070175,0.578,0.6517883766560236,5.0,2.8,7.2,5.0
svm,signo_zodiacal_cancer,408,0.5,0.54,0.5409523809523809,0.6399999999999999,0.5807400318979266,0.49800000000000005,0.5543912111280532,6.4,5.6,4.4,3.6
svm,signo_zodiacal_cancer,409,0.5,0.47000000000000003,0.44646464646464645,0.42000000000000004,0.41974166184692496,0.502,0.5851807173734418,4.2,4.8,5.2,5.8
svm,signo_zodiacal_cancer,410,0.5,0.51,0.5473809523809524,0.41999999999999993,0.4605555555555556,0.48599999999999993,0.5662918568359745,4.2,4.0,6.0,5.8
svm,signo_zodiacal_cancer,411,0.5,0.54,0.5339393939393939,0.52,0.5113333333333333,0.5559999999999999,0.5756612554112553,5.2,4.4,5.6,4.8
svm,signo_zodiacal_cancer,412,0.5,0.53,0.5292929292929293,0.48,0.4977234753550543,0.558,0.6188393920321165,4.8,4.2,5.8,5.2
svm,signo_zodiacal_cancer,413,0.5,0.52,0.5274242424242425,0.5599999999999999,0.529063492063492,0.558,0.5541737402604275,5.6,5.2,4.8,4.4
svm,signo_zodiacal_cancer,414,0.5,0.39,0.39494949494949494,0.4,0.39628616997038046,0.382,0.4852546467120771,4.0,6.2,3.8,6.0
svm,signo_zodiacal_cancer,415,0.5,0.5200000000000001,0.5200854700854702,0.6,0.5550655294362388,0.5720000000000001,0.6227033060678572,6.0,5.6,4.4,4.0
svm,signo_zodiacal_cancer,416,0.5,0.54,0.5638528138528138,0.5,0.5241490535608182,0.586,0.6159434503405092,5.0,4.2,5.8,5.0
svm,signo_zodiacal_cancer,417,0.5,0.44000000000000006,0.4105555555555556,0.27999999999999997,0.318789280894544,0.392,0.5071631650942796,2.8,4.0,6.0,7.2
svm,signo_zodiacal_cancer,418,0.5,0.54,0.5330769230769231,0.6599999999999999,0.5874940711462451,0.5920000000000001,0.6320151884579129,6.6,5.8,4.2,3.4
svm,signo_zodiacal_cancer,419,0.5,0.5,0.49682539682539684,0.4,0.44032507739938076,0.502,0.5672780085411665,4.0,4.0,6.0,6.0
svm,signo_zodiacal_cancer,420,0.5,0.42000000000000004,0.4387878787878788,0.41999999999999993,0.4214718614718615,0.44000000000000006,0.5614649243944909,4.2,5.8,4.2,5.8
svm,signo_zodiacal_cancer,421,0.5,0.48,0.45942890442890444,0.45999999999999996,0.4533954451345755,0.53,0.5997025264037648,4.6,5.0,5.0,5.4
svm,signo_zodiacal_cancer,422,0.5,0.5499999999999999,0.5243137254901961,0.72,0.6001481481481481,0.5720000000000001,0.6004875222816399,7.2,6.2,3.8,2.8
svm,signo_zodiacal_cancer,423,0.5,0.4,0.3954761904761905,0.42000000000000004,0.4006345811051693,0.402,0.5151974600047355,4.2,6.2,3.8,5.8
svm,signo_zodiacal_cancer,424,0.5,0.51,0.5148351648351648,0.42000000000000004,0.45294828076158,0.49799999999999994,0.5355035889463134,4.2,4.0,6.0,5.8
svm,signo_zodiacal_cancer,425,0.5,0.48,0.4877777777777778,0.5,0.4866535322262876,0.45599999999999996,0.5276044433722452,5.0,5.4,4.6,5.0
svm,signo_zodiacal_cancer,426,0.5,0.53,0.5263888888888889,0.52,0.5115609536662168,0.5479999999999999,0.6261116907688115,5.2,4.6,5.4,4.8
svm,signo_zodiacal_cancer,427,0.5,0.6100000000000001,0.5896825396825397,0.7,0.6370813397129186,0.6260000000000001,0.6668040950277792,7.0,4.8,5.2,3.0
svm,signo_zodiacal_cancer,428,0.5,0.44000000000000006,0.45384615384615384,0.5,0.4718928414580589,0.438,0.5096104183913781,5.0,6.2,3.8,5.0
svm,signo_zodiacal_cancer,429,0.5,0.54,0.5571428571428572,0.48,0.509744503862151,0.542,0.6152119634751214,4.8,4.0,6.0,5.2
svm,signo_zodiacal_cancer,430,0.5,0.58,0.5893467643467643,0.64,0.6067008760372604,0.6,0.633497825274141,6.4,4.8,5.2,3.6
svm,signo_zodiacal_cancer,431,0.5,0.52,0.46333333333333326,0.42000000000000004,0.4396491228070175,0.5640000000000001,0.6154890828126123,4.2,3.8,6.2,5.8
svm,signo_zodiacal_cancer,432,0.5,0.55,0.5426573426573427,0.6199999999999999,0.5747913921826965,0.5,0.5350451040187882,6.2,5.2,4.8,3.8
svm,signo_zodiacal_cancer,433,0.5,0.64,0.6590259740259741,0.64,0.6411391223155929,0.6300000000000001,0.7014857638061972,6.4,3.6,6.4,3.6
svm,signo_zodiacal_cancer,434,0.5,0.4800000000000001,0.48578754578754574,0.6599999999999999,0.5588300395256918,0.47800000000000004,0.5269074552898083,6.6,7.0,3.0,3.4
svm,signo_zodiacal_cancer,435,0.5,0.5,0.49000000000000005,0.42000000000000004,0.44158730158730164,0.47000000000000003,0.5243990716885454,4.2,4.2,5.8,5.8
svm,signo_zodiacal_cancer,436,0.5,0.53,0.5684981684981685,0.4,0.4474222353378363,0.536,0.5803249240439643,4.0,3.4,6.6,6.0
svm,signo_zodiacal_cancer,437,0.5,0.43,0.4417748917748917,0.5,0.4670995670995671,0.417,0.47979270686314035,5.0,6.4,3.6,5.0
svm,signo_zodiacal_cancer,438,0.5,0.52,0.5866666666666667,0.4,0.45542340700235434,0.534,0.5731109723609723,4.0,3.6,6.4,6.0
svm,signo_zodiacal_cancer,439,0.5,0.54,0.5620046620046619,0.56,0.5301720019111323,0.5079999999999999,0.5837998749616397,5.6,4.8,5.2,4.4
svm,signo_zodiacal_cancer,440,0.5,0.39999999999999997,0.398562091503268,0.5,0.4357816764132553,0.422,0.5232913654972478,5.0,7.0,3.0,5.0
svm,signo_zodiacal_cancer,441,0.5,0.45999999999999996,0.4527777777777778,0.38,0.41008771929824556,0.446,0.5108336561099719,3.8,4.6,5.4,6.2
svm,signo_zodiacal_cancer,442,0.5,0.43000000000000005,0.42979797979797973,0.44000000000000006,0.4335156071998177,0.43000000000000005,0.47518722737530783,4.4,5.8,4.2,5.6
svm,signo_zodiacal_cancer,443,0.5,0.48,0.4508658008658008,0.4,0.4159516438154209,0.488,0.5696184817934045,4.0,4.4,5.6,6.0
svm,signo_zodiacal_cancer,444,0.5,0.51,0.5222727272727272,0.6199999999999999,0.5593535353535353,0.5,0.5457444652870349,6.2,6.0,4.0,3.8
svm,signo_zodiacal_cancer,445,0.5,0.48,0.49207459207459203,0.48,0.47874850168900507,0.49000000000000005,0.5946888306052391,4.8,5.2,4.8,5.2
svm,signo_zodiacal_cancer,446,0.5,0.5199999999999999,0.5227777777777778,0.52,0.5161988304093568,0.522,0.6163515450837431,5.2,4.8,5.2,4.8
svm,signo_zodiacal_cancer,447,0.5,0.45999999999999996,0.4342857142857143,0.34,0.378562091503268,0.45200000000000007,0.5197024276892698,3.4,4.2,5.8,6.6
svm,signo_zodiacal_cancer,448,0.5,0.47000000000000003,0.48691086691086694,0.44000000000000006,0.443558352402746,0.502,0.5331753697798589,4.4,5.0,5.0,5.6
svm,signo_zodiacal_cancer,449,0.5,0.61,0.7144444444444444,0.42000000000000004,0.5058492384808174,0.5680000000000001,0.6225483030041853,4.2,2.0,8.0,5.8
svm,signo_zodiacal_cancer,450,0.5,0.4600000000000001,0.4542424242424242,0.48,0.45766233766233766,0.402,0.5014102666339507,4.8,5.6,4.4,5.2
svm,signo_zodiacal_cancer,451,0.5,0.5800000000000001,0.5936507936507937,0.48,0.5280185758513932,0.6,0.6710446548635403,4.8,3.2,6.8,5.2
svm,signo_zodiacal_cancer,452,0.5,0.48,0.48995670995671,0.6599999999999999,0.5558095238095239,0.49000000000000005,0.5621955081382326,6.6,7.0,3.0,3.4
svm,signo_zodiacal_cancer,453,0.5,0.41,0.3873015873015873,0.4,0.3855098977389999,0.329,0.453281842168839,4.0,5.8,4.2,6.0
svm,signo_zodiacal_cancer,454,0.5,0.57,0.5698412698412698,0.6,0.5792663476874003,0.548,0.6004824697146678,6.0,4.6,5.4,4.0
svm,signo_zodiacal_cancer,455,0.5,0.43,0.4107142857142857,0.36000000000000004,0.3794266191325015,0.45,0.531772238167749,3.6,5.0,5.0,6.4
svm,signo_zodiacal_cancer,456,0.5,0.51,0.5285714285714286,0.54,0.523202614379085,0.5660000000000001,0.6350147064837467,5.4,5.2,4.8,4.6
svm,signo_zodiacal_cancer,457,0.5,0.6300000000000001,0.6569658119658119,0.54,0.5776099669463515,0.718,0.7203747614614487,5.4,2.8,7.2,4.6
svm,signo_zodiacal_cancer,458,0.5,0.56,0.5625,0.6599999999999999,0.5914918414918415,0.51,0.5801234145970987,6.6,5.4,4.6,3.4
svm,signo_zodiacal_cancer,459,0.5,0.39999999999999997,0.3747186147186147,0.31999999999999995,0.3387881468376824,0.344,0.4581309658693559,3.2,5.2,4.8,6.8
svm,signo_zodiacal_cancer,460,0.5,0.49000000000000005,0.4929292929292929,0.44000000000000006,0.45288220551378444,0.40800000000000003,0.5066003538944714,4.4,4.6,5.4,5.6
svm,signo_zodiacal_cancer,461,0.5,0.45999999999999996,0.466060606060606,0.5000000000000001,0.47191774891774896,0.446,0.517752514857004,5.0,5.8,4.2,5.0
svm,signo_zodiacal_cancer,462,0.5,0.5,0.5136507936507936,0.34,0.4053869969040248,0.4720000000000001,0.5470877357936181,3.4,3.4,6.6,6.6
svm,signo_zodiacal_cancer,463,0.5,0.53,0.5230769230769231,0.5800000000000001,0.5466340422862161,0.564,0.5876269096400676,5.8,5.2,4.8,4.2
svm,signo_zodiacal_cancer,464,0.5,0.39,0.3569230769230769,0.32,0.3269565217391304,0.39799999999999996,0.45448114690606944,3.2,5.4,4.6,6.8
svm,signo_zodiacal_cancer,465,0.5,0.43,0.43090909090909085,0.48,0.45039598997493735,0.45999999999999996,0.530976808107613,4.8,6.2,3.8,5.2
svm,signo_zodiacal_cancer,466,0.5,0.44000000000000006,0.42415584415584406,0.36,0.3797911892029539,0.43600000000000005,0.5270728334273226,3.6,4.8,5.2,6.4
svm,signo_zodiacal_cancer,467,0.5,0.55,0.5444444444444445,0.52,0.5284954811270601,0.5780000000000001,0.6167024425522878,5.2,4.2,5.8,4.8
svm,signo_zodiacal_cancer,468,0.5,0.43000000000000005,0.428034188034188,0.5800000000000001,0.4903951182303586,0.41200000000000003,0.4929402602901055,5.8,7.2,2.8,4.2
svm,signo_zodiacal_cancer,469,0.5,0.51,0.5077777777777778,0.4600000000000001,0.47724176752040537,0.49799999999999994,0.5875238470679648,4.6,4.4,5.6,5.4
svm,signo_zodiacal_cancer,470,0.5,0.5399999999999999,0.5409090909090909,0.6000000000000001,0.5607924239503188,0.54,0.6031045512794738,6.0,5.2,4.8,4.0
svm,signo_zodiacal_cancer,471,0.5,0.61,0.5995970695970695,0.7,0.6426482213438736,0.6319999999999999,0.6545380283631057,7.0,4.8,5.2,3.0
svm,signo_zodiacal_cancer,472,0.5,0.45999999999999996,0.4666666666666666,0.42000000000000004,0.4287134502923976,0.491,0.565247825703708,4.2,5.0,5.0,5.8
svm,signo_zodiacal_cancer,473,0.5,0.45,0.4351648351648351,0.44000000000000006,0.43151869443429547,0.458,0.5276671826625388,4.4,5.4,4.6,5.6
svm,signo_zodiacal_cancer,474,0.5,0.57,0.5708823529411764,0.62,0.5844444444444444,0.514,0.5720491632550456,6.2,4.8,5.2,3.8
svm,signo_zodiacal_cancer,475,0.5,0.63,0.6037878787878789,0.76,0.6698634698634699,0.6439999999999999,0.6330028549881491,7.6,5.0,5.0,2.4
svm,signo_zodiacal_cancer,476,0.5,0.51,0.4955555555555556,0.62,0.5449377990430623,0.535,0.6012038913099284,6.2,6.0,4.0,3.8
svm,signo_zodiacal_cancer,477,0.5,0.53,0.5552380952380952,0.36000000000000004,0.4337908496732026,0.472,0.5263743315508022,3.6,3.0,7.0,6.4
svm,signo_zodiacal_cancer,478,0.5,0.53,0.5295682095682096,0.48,0.489871225378023,0.538,0.5739279392777845,4.8,4.2,5.8,5.2
svm,signo_zodiacal_cancer,479,0.5,0.55,0.5582417582417583,0.7,0.60636341493119,0.5900000000000001,0.6341327453076679,7.0,6.0,4.0,3.0
svm,signo_zodiacal_cancer,480,0.5,0.48,0.4807142857142857,0.38,0.41725490196078424,0.516,0.5728430746240343,3.8,4.2,5.8,6.2
svm,signo_zodiacal_cancer,481,0.5,0.44000000000000006,0.42772727272727273,0.38,0.3941702741702741,0.4459999999999999,0.5456753530267461,3.8,5.0,5.0,6.2
svm,signo_zodiacal_cancer,482,0.5,0.42000000000000004,0.4581351981351981,0.38,0.4028128291743852,0.418,0.5315880685362109,3.8,5.4,4.6,6.2
svm,signo_zodiacal_cancer,483,0.5,0.55,0.5611111111111111,0.4,0.4497076023391813,0.502,0.5718657182171114,4.0,3.0,7.0,6.0
svm,signo_zodiacal_cancer,484,0.5,0.42000000000000004,0.4226190476190476,0.36,0.3855583700784939,0.44000000000000006,0.5209008944272101,3.6,5.2,4.8,6.4
svm,signo_zodiacal_cancer,485,0.5,0.44000000000000006,0.4386446886446886,0.5599999999999999,0.4894424797170792,0.434,0.5343903335226864,5.6,6.8,3.2,4.4
svm,signo_zodiacal_cancer,486,0.5,0.44000000000000006,0.4338383838383838,0.36000000000000004,0.3906039608825987,0.47800000000000004,0.5850600433278451,3.6,4.8,5.2,6.4
svm,signo_zodiacal_cancer,487,0.5,0.6,0.6,0.62,0.5997889107796228,0.672,0.7210942945942944,6.2,4.2,5.8,3.8
svm,signo_zodiacal_cancer,488,0.5,0.51,0.5165079365079365,0.5,0.4992170622635019,0.55,0.5968858996180978,5.0,4.8,5.2,5.0
svm,signo_zodiacal_cancer,489,0.5,0.6,0.6091880341880341,0.64,0.6181309664147192,0.632,0.6533808746293266,6.4,4.4,5.6,3.6
svm,signo_zodiacal_cancer,490,0.5,0.43,0.44106060606060604,0.36000000000000004,0.39174603174603173,0.404,0.4887744473448808,3.6,5.0,5.0,6.4
svm,signo_zodiacal_cancer,491,0.5,0.5199999999999999,0.5205555555555555,0.5800000000000001,0.5399883040935672,0.524,0.606733545264505,5.8,5.4,4.6,4.2
svm,signo_zodiacal_cancer,492,0.5,0.49000000000000005,0.47365079365079354,0.38,0.4185448916408669,0.5050000000000001,0.5652341057635175,3.8,4.0,6.0,6.2
svm,signo_zodiacal_cancer,493,0.5,0.4800000000000001,0.4692857142857143,0.42000000000000004,0.4307843137254902,0.426,0.47789140434728666,4.2,4.6,5.4,5.8
svm,signo_zodiacal_cancer,494,0.5,0.4699999999999999,0.4856893106893107,0.48,0.47559925155833094,0.45599999999999996,0.5369469060351413,4.8,5.4,4.6,5.2
svm,signo_zodiacal_cancer,495,0.5,0.5900000000000001,0.5766666666666667,0.72,0.6373939393939395,0.639,0.6923712480330126,7.2,5.4,4.6,2.8
svm,signo_zodiacal_cancer,496,0.5,0.5,0.5047979797979798,0.42000000000000004,0.45444862155388466,0.44000000000000006,0.48994695113967557,4.2,4.2,5.8,5.8
svm,signo_zodiacal_cancer,497,0.5,0.6199999999999999,0.6987012987012987,0.5599999999999999,0.6068861994558589,0.6479999999999999,0.7378613802777889,5.6,3.2,6.8,4.4
svm,signo_zodiacal_cancer,498,0.5,0.39,0.3886113886113886,0.42000000000000004,0.40068201193520886,0.41,0.5111419799670573,4.2,6.4,3.6,5.8
svm,signo_zodiacal_cancer,499,0.5,0.6300000000000001,0.6155844155844156,0.6599999999999999,0.6298319327731092,0.6880000000000001,0.6808075606883657,6.6,4.0,6.0,3.4
svm,signo_zodiacal_cancer,500,0.5,0.45,0.45126984126984127,0.54,0.4866411483253589,0.414,0.4994115967451881,5.4,6.4,3.6,4.6
svm,signo_zodiacal_escorpio,1,0.5,0.59,0.5815584415584415,0.6799999999999999,0.6248484848484848,0.6439999999999999,0.6693524749244563,6.8,5.0,5.0,3.2
svm,signo_zodiacal_escorpio,2,0.5,0.44000000000000006,0.42642857142857143,0.38,0.396934046345811,0.47000000000000003,0.5523816261138242,3.8,5.0,5.0,6.2
svm,signo_zodiacal_escorpio,3,0.5,0.52,0.5238095238095238,0.39999999999999997,0.45065359477124184,0.536,0.5974115122923173,4.0,3.6,6.4,6.0
svm,signo_zodiacal_escorpio,4,0.5,0.55,0.5717171717171717,0.44000000000000006,0.4779127305443094,0.596,0.630198595522125,4.4,3.4,6.6,5.6
svm,signo_zodiacal_escorpio,5,0.5,0.5,0.5181240981240981,0.4,0.4444601700329255,0.5199999999999999,0.6483084882953303,4.0,4.0,6.0,6.0
svm,signo_zodiacal_escorpio,6,0.5,0.55,0.5394871794871795,0.7,0.6084426877470356,0.522,0.5517203346189414,7.0,6.0,4.0,3.0
svm,signo_zodiacal_escorpio,7,0.5,0.47000000000000003,0.475,0.42000000000000004,0.43619047619047624,0.44799999999999995,0.5117408512540091,4.2,4.8,5.2,5.8
svm,signo_zodiacal_escorpio,8,0.5,0.5,0.4890656565656565,0.62,0.5401056487372277,0.55,0.6087170894980491,6.2,6.2,3.8,3.8
svm,signo_zodiacal_escorpio,9,0.5,0.56,0.5583333333333333,0.48,0.5107602339181286,0.556,0.5909751447383027,4.8,3.6,6.4,5.2
svm,signo_zodiacal_escorpio,10,0.5,0.44000000000000006,0.44820956820956825,0.43999999999999995,0.43886647565204573,0.44400000000000006,0.5359159827101003,4.4,5.6,4.4,5.6
svm,signo_zodiacal_escorpio,11,0.5,0.48,0.4612698412698412,0.39999999999999997,0.42479876160990704,0.386,0.4794240410432361,4.0,4.4,5.6,6.0
svm,signo_zodiacal_escorpio,12,0.5,0.4600000000000001,0.4537795537795538,0.42000000000000004,0.42737967040363056,0.43,0.5596100521425599,4.2,5.0,5.0,5.8
svm,signo_zodiacal_escorpio,13,0.5,0.57,0.5932251082251082,0.44000000000000006,0.49522875816993456,0.63,0.6277780999530226,4.4,3.0,7.0,5.6
svm,signo_zodiacal_escorpio,14,0.5,0.5900000000000001,0.6006493506493507,0.5599999999999999,0.5690094219505984,0.572,0.6290737683369263,5.6,3.8,6.2,4.4
svm,signo_zodiacal_escorpio,15,0.5,0.45,0.4517676767676768,0.42000000000000004,0.43433583959899746,0.4699999999999999,0.5465444288253887,4.2,5.2,4.8,5.8
svm,signo_zodiacal_escorpio,16,0.5,0.49000000000000005,0.4971717171717172,0.5800000000000001,0.5301203007518798,0.4840000000000001,0.5531888758816004,5.8,6.0,4.0,4.2
svm,signo_zodiacal_escorpio,17,0.5,0.49000000000000005,0.49333333333333335,0.54,0.5070292397660818,0.5120000000000001,0.6056523737700208,5.4,5.6,4.4,4.6
svm,signo_zodiacal_escorpio,18,0.5,0.51,0.5057142857142857,0.38,0.42690402476780187,0.516,0.5841572594072593,3.8,3.6,6.4,6.2
svm,signo_zodiacal_escorpio,19,0.5,0.55,0.5506493506493506,0.45999999999999996,0.49173669467787107,0.566,0.6136041925910346,4.6,3.6,6.4,5.4
svm,signo_zodiacal_escorpio,20,0.5,0.5900000000000001,0.6168253968253967,0.48,0.5355572755417957,0.614,0.6472253993856161,4.8,3.0,7.0,5.2
svm,signo_zodiacal_escorpio,21,0.5,0.53,0.5327705627705628,0.54,0.5318665648077413,0.558,0.5977626246302716,5.4,4.8,5.2,4.6
svm,signo_zodiacal_escorpio,22,0.5,0.38,0.39102564102564097,0.45999999999999996,0.4212606615352611,0.394,0.5063447294020049,4.6,7.0,3.0,5.4
svm,signo_zodiacal_escorpio,23,0.5,0.49000000000000005,0.47480519480519473,0.43999999999999995,0.4472981920040743,0.556,0.6184903307047269,4.4,4.6,5.4,5.6
svm,signo_zodiacal_escorpio,24,0.5,0.5599999999999999,0.5571678321678322,0.64,0.5819875776397515,0.616,0.6653573813527374,6.4,5.2,4.8,3.6
svm,signo_zodiacal_escorpio,25,0.5,0.51,0.48888888888888893,0.42000000000000004,0.4440950862003493,0.514,0.5687033403473032,4.2,4.0,6.0,5.8
svm,signo_zodiacal_escorpio,26,0.5,0.6199999999999999,0.5995970695970696,0.76,0.6670118577075099,0.5640000000000001,0.5631825570370463,7.6,5.2,4.8,2.4
svm,signo_zodiacal_escorpio,27,0.5,0.49000000000000005,0.48269230769230764,0.4800000000000001,0.47729468599033814,0.47000000000000003,0.5230274502759024,4.8,5.0,5.0,5.2
svm,signo_zodiacal_escorpio,28,0.5,0.54,0.5410256410256411,0.54,0.5369438087973557,0.5439999999999999,0.603609113109113,5.4,4.6,5.4,4.6
svm,signo_zodiacal_escorpio,29,0.5,0.45,0.4392496392496392,0.43999999999999995,0.43270676691729315,0.422,0.5222663103150719,4.4,5.4,4.6,5.6
svm,signo_zodiacal_escorpio,30,0.5,0.56,0.5665584415584416,0.5199999999999999,0.5302287581699346,0.5780000000000001,0.6465020802211205,5.2,4.0,6.0,4.8
svm,signo_zodiacal_escorpio,31,0.5,0.51,0.5097125097125097,0.5599999999999999,0.5277959391231702,0.48,0.529494410989767,5.6,5.4,4.6,4.4
svm,signo_zodiacal_escorpio,32,0.5,0.5900000000000001,0.5950937950937951,0.5599999999999999,0.5733156420462922,0.648,0.6845039194551579,5.6,3.8,6.2,4.4
svm,signo_zodiacal_escorpio,33,0.5,0.53,0.525,0.47999999999999987,0.4864889496468444,0.514,0.560856709681787,4.8,4.2,5.8,5.2
svm,signo_zodiacal_escorpio,34,0.5,0.38,0.3754273504273504,0.4,0.3746548645862147,0.352,0.4416137679829631,4.0,6.4,3.6,6.0
svm,signo_zodiacal_escorpio,35,0.5,0.48,0.49226551226551224,0.5399999999999999,0.5052805543269939,0.4659999999999999,0.5202985064471133,5.4,5.8,4.2,4.6
svm,signo_zodiacal_escorpio,36,0.5,0.42000000000000004,0.4238095238095238,0.38,0.3920794633642931,0.35600000000000004,0.4870833823039705,3.8,5.4,4.6,6.2
svm,signo_zodiacal_escorpio,37,0.5,0.55,0.5333333333333333,0.38,0.43425229741019217,0.538,0.6370445655136058,3.8,2.8,7.2,6.2
svm,signo_zodiacal_escorpio,38,0.5,0.55,0.5542673992673992,0.52,0.529759949746489,0.614,0.6408930395370024,5.2,4.2,5.8,4.8
svm,signo_zodiacal_escorpio,39,0.5,0.44000000000000006,0.3946031746031746,0.30000000000000004,0.3347987616099071,0.43600000000000005,0.48256767166442094,3.0,4.2,5.8,7.0
svm,signo_zodiacal_escorpio,40,0.5,0.41000000000000003,0.3975757575757576,0.38,0.37457142857142856,0.40099999999999997,0.5044333715819783,3.8,5.6,4.4,6.2
svm,signo_zodiacal_escorpio,41,0.5,0.4600000000000001,0.46325757575757576,0.54,0.4946597262386736,0.392,0.49506019960431724,5.4,6.2,3.8,4.6
svm,signo_zodiacal_escorpio,42,0.5,0.53,0.5357264957264957,0.58,0.5539588100686499,0.572,0.6278305187244816,5.8,5.2,4.8,4.2
svm,signo_zodiacal_escorpio,43,0.5,0.5900000000000001,0.5814607614607614,0.7,0.6262983545821074,0.602,0.6188571038524598,7.0,5.2,4.8,3.0
svm,signo_zodiacal_escorpio,44,0.5,0.6,0.6366666666666666,0.5599999999999999,0.5885406698564594,0.626,0.6530204491071364,5.6,3.6,6.4,4.4
svm,signo_zodiacal_escorpio,45,0.5,0.49000000000000005,0.48571428571428565,0.38,0.42476780185758517,0.536,0.5715969646968099,3.8,4.0,6.0,6.2
svm,signo_zodiacal_escorpio,46,0.5,0.5599999999999999,0.5535531135531135,0.54,0.5352801674029296,0.557,0.5600644170071415,5.4,4.2,5.8,4.6
svm,signo_zodiacal_escorpio,47,0.5,0.5299999999999999,0.509090909090909,0.5399999999999999,0.5188311688311688,0.558,0.5839116244952158,5.4,4.8,5.2,4.6
svm,signo_zodiacal_escorpio,48,0.5,0.54,0.55,0.45999999999999996,0.5,0.5279999999999999,0.5960395150085553,4.6,3.8,6.2,5.4
svm,signo_zodiacal_escorpio,49,0.5,0.43,0.44649859943977593,0.6199999999999999,0.5091067538126361,0.434,0.5226909218232748,6.2,7.6,2.4,3.8
svm,signo_zodiacal_escorpio,50,0.5,0.47000000000000003,0.45512265512265504,0.45999999999999996,0.45464597322182454,0.45200000000000007,0.5480772602010993,4.6,5.2,4.8,5.4
svm,signo_zodiacal_escorpio,51,0.5,0.5800000000000001,0.5755555555555556,0.5599999999999999,0.5551196172248805,0.602,0.6528016417706819,5.6,4.0,6.0,4.4
svm,signo_zodiacal_escorpio,52,0.5,0.38,0.37166666666666665,0.36,0.3591578947368421,0.33699999999999997,0.47304988887961025,3.6,6.0,4.0,6.4
svm,signo_zodiacal_escorpio,53,0.5,0.47000000000000003,0.49509157509157503,0.38,0.3972929372417864,0.442,0.5567142118287628,3.8,4.4,5.6,6.2
svm,signo_zodiacal_escorpio,54,0.5,0.5,0.49735819735819736,0.54,0.5151931211427778,0.476,0.5244030785176296,5.4,5.4,4.6,4.6
svm,signo_zodiacal_escorpio,55,0.5,0.45,0.4317460317460317,0.3,0.34788933117106496,0.45199999999999996,0.5506201113128357,3.0,4.0,6.0,7.0
svm,signo_zodiacal_escorpio,56,0.5,0.5000000000000001,0.5077777777777779,0.6799999999999999,0.5737739804055594,0.4680000000000001,0.5089248035246488,6.8,6.8,3.2,3.2
svm,signo_zodiacal_escorpio,57,0.5,0.5199999999999999,0.527485380116959,0.62,0.5478991365561239,0.49799999999999994,0.5515532712901133,6.2,5.8,4.2,3.8
svm,signo_zodiacal_escorpio,58,0.5,0.44000000000000006,0.44135531135531136,0.5,0.45768115942028986,0.388,0.46529206294221764,5.0,6.2,3.8,5.0
svm,signo_zodiacal_escorpio,59,0.5,0.5200000000000001,0.5576923076923077,0.39999999999999997,0.44245341614906836,0.53,0.5880676159925387,4.0,3.6,6.4,6.0
svm,signo_zodiacal_escorpio,60,0.5,0.5700000000000001,0.5613636363636363,0.5799999999999998,0.5678742310321258,0.594,0.6612119330617782,5.8,4.4,5.6,4.2
svm,signo_zodiacal_escorpio,61,0.5,0.5,0.5010989010989011,0.5800000000000001,0.5323671497584541,0.4880000000000001,0.5422669342181725,5.8,5.8,4.2,4.2
svm,signo_zodiacal_escorpio,62,0.5,0.52,0.52,0.52,0.5185645933014353,0.548,0.5641677664440823,5.2,4.8,5.2,4.8
svm,signo_zodiacal_escorpio,63,0.5,0.49000000000000005,0.49575757575757573,0.48,0.4638345864661654,0.469,0.5511638280020633,4.8,5.0,5.0,5.2
svm,signo_zodiacal_escorpio,64,0.5,0.47000000000000003,0.4321367521367521,0.36,0.38033562166285273,0.492,0.5417335987026389,3.6,4.2,5.8,6.4
svm,signo_zodiacal_escorpio,65,0.5,0.45,0.4609523809523809,0.42000000000000004,0.4363186039966226,0.39,0.485929063196865,4.2,5.2,4.8,5.8
svm,signo_zodiacal_escorpio,66,0.5,0.5,0.5137662337662338,0.5,0.5019760631525337,0.524,0.5775785119593169,5.0,5.0,5.0,5.0
svm,signo_zodiacal_escorpio,67,0.5,0.5800000000000001,0.6031385281385281,0.6,0.596157059314954,0.6,0.6470494679039571,6.0,4.4,5.6,4.0
svm,signo_zodiacal_escorpio,68,0.5,0.41,0.4159090909090909,0.42000000000000004,0.4144300144300145,0.422,0.4909569592773927,4.2,6.0,4.0,5.8
svm,signo_zodiacal_escorpio,69,0.5,0.4,0.4211017740429505,0.54,0.4678805599858231,0.362,0.44875321084144615,5.4,7.4,2.6,4.6
svm,signo_zodiacal_escorpio,70,0.5,0.54,0.5176470588235293,0.72,0.592069716775599,0.48600000000000004,0.5245138466624535,7.2,6.4,3.6,2.8
svm,signo_zodiacal_escorpio,71,0.5,0.48,0.45555555555555555,0.36,0.392757534862798,0.506,0.536699846507122,3.6,4.0,6.0,6.4
svm,signo_zodiacal_escorpio,72,0.5,0.63,0.6890909090909091,0.54,0.5922681704260653,0.614,0.6446216154846186,5.4,2.8,7.2,4.6
svm,signo_zodiacal_escorpio,73,0.5,0.5599999999999999,0.5676923076923076,0.6,0.5674967061923584,0.5720000000000001,0.6291756288946692,6.0,4.8,5.2,4.0
svm,signo_zodiacal_escorpio,74,0.5,0.47000000000000003,0.4587179487179487,0.52,0.4749227053140097,0.454,0.5149514727618442,5.2,5.8,4.2,4.8
svm,signo_zodiacal_escorpio,75,0.5,0.5900000000000001,0.5922222222222222,0.7,0.6346411483253589,0.568,0.5934014682427995,7.0,5.2,4.8,3.0
svm,signo_zodiacal_escorpio,76,0.5,0.4800000000000001,0.48589743589743595,0.5599999999999999,0.5165568730786122,0.5279999999999999,0.5735616040306443,5.6,6.0,4.0,4.4
svm,signo_zodiacal_escorpio,77,0.5,0.54,0.5253968253968254,0.48,0.48974028207774334,0.548,0.5743530130000719,4.8,4.0,6.0,5.2
svm,signo_zodiacal_escorpio,78,0.5,0.52,0.5083090928679164,0.74,0.6003851221242525,0.5360000000000001,0.5970193489001538,7.4,7.0,3.0,2.6
svm,signo_zodiacal_escorpio,79,0.5,0.53,0.5348917748917749,0.33999999999999997,0.39565610859728506,0.558,0.6367317198625247,3.4,2.8,7.2,6.6
svm,signo_zodiacal_escorpio,80,0.5,0.47000000000000003,0.46322843822843823,0.52,0.4871823828345567,0.48199999999999993,0.5982809967809968,5.2,5.8,4.2,4.8
svm,signo_zodiacal_escorpio,81,0.5,0.53,0.5214285714285714,0.48,0.49476498733464674,0.558,0.6231515892088646,4.8,4.2,5.8,5.2
svm,signo_zodiacal_escorpio,82,0.5,0.5,0.47817460317460314,0.36000000000000004,0.4020798602841946,0.518,0.5325057056806284,3.6,3.6,6.4,6.4
svm,signo_zodiacal_escorpio,83,0.5,0.42000000000000004,0.4,0.36,0.3707070707070707,0.382,0.5023021149816815,3.6,5.2,4.8,6.4
svm,signo_zodiacal_escorpio,84,0.5,0.51,0.5311904761904762,0.32,0.3880744092508798,0.5039999999999999,0.5492280127852884,3.2,3.0,7.0,6.8
svm,signo_zodiacal_escorpio,85,0.5,0.55,0.5666666666666667,0.5399999999999999,0.5384453781512606,0.52,0.6068188119070471,5.4,4.4,5.6,4.6
svm,signo_zodiacal_escorpio,86,0.5,0.6,0.5908838383838384,0.6599999999999999,0.6170580296896085,0.6319999999999999,0.6778498692569899,6.6,4.6,5.4,3.4
svm,signo_zodiacal_escorpio,87,0.5,0.44000000000000006,0.42666666666666664,0.58,0.47623376623376623,0.378,0.49941121846849396,5.8,7.0,3.0,4.2
svm,signo_zodiacal_escorpio,88,0.5,0.5,0.5066666666666666,0.42000000000000004,0.45204678362573103,0.506,0.5620263047925587,4.2,4.2,5.8,5.8
svm,signo_zodiacal_escorpio,89,0.5,0.49000000000000005,0.4834090909090909,0.62,0.5397865902213729,0.4760000000000001,0.5343002461075217,6.2,6.4,3.6,3.8
svm,signo_zodiacal_escorpio,90,0.5,0.53,0.5245177045177045,0.6,0.5461619521950657,0.54,0.6313006792828773,6.0,5.4,4.6,4.0
svm,signo_zodiacal_escorpio,91,0.5,0.43,0.43606060606060604,0.38,0.3931313131313131,0.4640000000000001,0.5391727715009449,3.8,5.2,4.8,6.2
svm,signo_zodiacal_escorpio,92,0.5,0.49000000000000005,0.49564102564102563,0.52,0.5041458058849363,0.454,0.5252826797385621,5.2,5.4,4.6,4.8
svm,signo_zodiacal_escorpio,93,0.5,0.5200000000000001,0.5215584415584417,0.5399999999999999,0.525632798573975,0.5660000000000001,0.6133508784816835,5.4,5.0,5.0,4.6
svm,signo_zodiacal_escorpio,94,0.5,0.53,0.53992673992674,0.44000000000000006,0.47081300865121023,0.6,0.6456765158645963,4.4,3.8,6.2,5.6
svm,signo_zodiacal_escorpio,95,0.5,0.5,0.5046153846153846,0.5,0.4934015345268542,0.534,0.6139175181543601,5.0,5.0,5.0,5.0
svm,signo_zodiacal_escorpio,96,0.5,0.55,0.5664224664224664,0.48,0.5100088242772319,0.526,0.5588540517789744,4.8,3.8,6.2,5.2
svm,signo_zodiacal_escorpio,97,0.5,0.49000000000000005,0.49000000000000005,0.6599999999999999,0.5586526806526807,0.458,0.5033364321437077,6.6,6.8,3.2,3.4
svm,signo_zodiacal_escorpio,98,0.5,0.54,0.5307692307692308,0.62,0.5679402722880984,0.55,0.596920798327919,6.2,5.4,4.6,3.8
svm,signo_zodiacal_escorpio,99,0.5,0.54,0.5291025641025641,0.6,0.5584453227931488,0.52,0.5949148819017239,6.0,5.2,4.8,4.0
svm,signo_zodiacal_escorpio,100,0.5,0.44000000000000006,0.428051948051948,0.36000000000000004,0.3870028011204482,0.442,0.5173666421298,3.6,4.8,5.2,6.4
svm,signo_zodiacal_escorpio,101,0.5,0.5800000000000001,0.595934065934066,0.5,0.5272536840823285,0.69,0.6981586981130325,5.0,3.4,6.6,5.0
svm,signo_zodiacal_escorpio,102,0.5,0.54,0.538986013986014,0.62,0.5715665976535542,0.506,0.5392286057595655,6.2,5.4,4.6,3.8
svm,signo_zodiacal_escorpio,103,0.5,0.5,0.4975829725829726,0.44000000000000006,0.464406113322522,0.4880000000000001,0.5639318751424015,4.4,4.4,5.6,5.6
svm,signo_zodiacal_escorpio,104,0.5,0.45,0.4348051948051948,0.33999999999999997,0.3732072829131653,0.45600000000000007,0.5006181498240322,3.4,4.4,5.6,6.6
svm,signo_zodiacal_escorpio,105,0.5,0.47000000000000003,0.44848484848484843,0.38,0.3962454212454213,0.45999999999999996,0.5085092593165349,3.8,4.4,5.6,6.2
svm,signo_zodiacal_escorpio,106,0.5,0.54,0.5511111111111111,0.42000000000000004,0.46996904024767805,0.526,0.5917685827244651,4.2,3.4,6.6,5.8
svm,signo_zodiacal_escorpio,107,0.5,0.47000000000000003,0.4753142282554047,0.5800000000000001,0.516600680445074,0.514,0.5715624283697038,5.8,6.4,3.6,4.2
svm,signo_zodiacal_escorpio,108,0.5,0.53,0.548968253968254,0.4,0.45846577227382185,0.49399999999999994,0.5641315916625513,4.0,3.4,6.6,6.0
svm,signo_zodiacal_escorpio,109,0.5,0.47000000000000003,0.45777777777777773,0.33999999999999997,0.38646026831785346,0.49800000000000005,0.5777290646230274,3.4,4.0,6.0,6.6
svm,signo_zodiacal_escorpio,110,0.5,0.62,0.603916083916084,0.6399999999999999,0.6129936006022962,0.664,0.6630536495668075,6.4,4.0,6.0,3.6
svm,signo_zodiacal_escorpio,111,0.5,0.43,0.40897435897435896,0.4,0.39512021159618416,0.42000000000000004,0.5003412533458973,4.0,5.4,4.6,6.0
svm,signo_zodiacal_escorpio,112,0.5,0.55,0.564024864024864,0.5599999999999999,0.5520352264059357,0.554,0.6350606882797285,5.6,4.6,5.4,4.4
svm,signo_zodiacal_escorpio,113,0.5,0.4800000000000001,0.49408369408369407,0.5399999999999999,0.503641456582633,0.49800000000000005,0.5835909564291917,5.4,5.8,4.2,4.6
svm,signo_zodiacal_escorpio,114,0.5,0.5599999999999999,0.5511544011544011,0.64,0.5892458418774208,0.6060000000000001,0.6350669047155115,6.4,5.2,4.8,3.6
svm,signo_zodiacal_escorpio,115,0.5,0.43,0.41953823953823954,0.42000000000000004,0.4089724310776942,0.442,0.5133318072536338,4.2,5.6,4.4,5.8
svm,signo_zodiacal_escorpio,116,0.5,0.6599999999999999,0.6408857808857809,0.72,0.6762619988706946,0.6719999999999999,0.6752012529953706,7.2,4.0,6.0,2.8
svm,signo_zodiacal_escorpio,117,0.5,0.6399999999999999,0.6116083916083916,0.76,0.6746418219461698,0.648,0.6673925329056907,7.6,4.8,5.2,2.4
svm,signo_zodiacal_escorpio,118,0.5,0.49000000000000005,0.5069805194805195,0.52,0.5002566061389591,0.45,0.5149280174589772,5.2,5.4,4.6,4.8
svm,signo_zodiacal_escorpio,119,0.5,0.31999999999999995,0.24343434343434342,0.22000000000000003,0.23024227234753553,0.32999999999999996,0.4288386674385126,2.2,5.8,4.2,7.8
svm,signo_zodiacal_escorpio,120,0.5,0.53,0.5679653679653679,0.45999999999999996,0.4985166793990324,0.5370000000000001,0.5552378265009843,4.6,4.0,6.0,5.4
svm,signo_zodiacal_escorpio,121,0.5,0.56,0.5916666666666667,0.45999999999999996,0.5078282828282827,0.55,0.63472467195687,4.6,3.4,6.6,5.4
svm,signo_zodiacal_escorpio,122,0.5,0.47000000000000003,0.4688888888888889,0.4,0.42868421052631583,0.426,0.5854299899446958,4.0,4.6,5.4,6.0
svm,signo_zodiacal_escorpio,123,0.5,0.5700000000000001,0.5639177489177489,0.6799999999999999,0.6029564161328868,0.604,0.6014904627536206,6.8,5.4,4.6,3.2
svm,signo_zodiacal_escorpio,124,0.5,0.5199999999999999,0.5047619047619047,0.45999999999999996,0.47610470025330703,0.476,0.5633176180544601,4.6,4.2,5.8,5.4
svm,signo_zodiacal_escorpio,125,0.5,0.43,0.43595433977786924,0.5199999999999999,0.46734759604324827,0.442,0.5304702709571131,5.2,6.6,3.4,4.8
svm,signo_zodiacal_escorpio,126,0.5,0.51,0.5166666666666667,0.48,0.49500265816055294,0.479,0.5499894251775056,4.8,4.6,5.4,5.2
svm,signo_zodiacal_escorpio,127,0.5,0.53,0.5693278943278944,0.48,0.5016744760451853,0.5429999999999999,0.5833191518663654,4.8,4.2,5.8,5.2
svm,signo_zodiacal_escorpio,128,0.5,0.58,0.5957575757575757,0.5399999999999999,0.5606015037593984,0.586,0.5946648139442257,5.4,3.8,6.2,4.6
svm,signo_zodiacal_escorpio,129,0.5,0.53,0.5252991452991453,0.68,0.5832507355344884,0.524,0.576482749706434,6.8,6.2,3.8,3.2
svm,signo_zodiacal_escorpio,130,0.5,0.39,0.39506493506493506,0.42000000000000004,0.4020168067226891,0.42400000000000004,0.497734839120288,4.2,6.4,3.6,5.8
svm,signo_zodiacal_escorpio,131,0.5,0.5399999999999999,0.5399999999999999,0.6,0.5622222222222222,0.586,0.6372599693907743,6.0,5.2,4.8,4.0
svm,signo_zodiacal_escorpio,132,0.5,0.5,0.5399999999999999,0.42000000000000004,0.45619047619047615,0.438,0.5275138684844567,4.2,4.2,5.8,5.8
svm,signo_zodiacal_escorpio,133,0.5,0.49000000000000005,0.5099567099567099,0.52,0.5007936507936508,0.4760000000000001,0.5653786476681214,5.2,5.4,4.6,4.8
svm,signo_zodiacal_escorpio,134,0.5,0.48,0.4780952380952381,0.5,0.47636601307189547,0.48,0.5457354481603708,5.0,5.4,4.6,5.0
svm,signo_zodiacal_escorpio,135,0.5,0.5,0.4638888888888889,0.32,0.3644624381466487,0.54,0.6108274102918065,3.2,3.2,6.8,6.8
svm,signo_zodiacal_escorpio,136,0.5,0.47000000000000003,0.4753632478632478,0.6599999999999999,0.5473275831719768,0.512,0.5810111108361883,6.6,7.2,2.8,3.4
svm,signo_zodiacal_escorpio,137,0.5,0.5200000000000001,0.5143589743589743,0.6799999999999999,0.5849169960474309,0.5880000000000001,0.6898839140735425,6.8,6.4,3.6,3.2
svm,signo_zodiacal_escorpio,138,0.5,0.4800000000000001,0.49071428571428577,0.3,0.36519140989729226,0.417,0.5256506379757153,3.0,3.4,6.6,7.0
svm,signo_zodiacal_escorpio,139,0.5,0.6,0.5896969696969696,0.68,0.6297402597402598,0.6319999999999999,0.636744939271255,6.8,4.8,5.2,3.2
svm,signo_zodiacal_escorpio,140,0.5,0.45000000000000007,0.45662337662337665,0.48,0.4647117794486215,0.472,0.5631726535418486,4.8,5.8,4.2,5.2
svm,signo_zodiacal_escorpio,141,0.5,0.58,0.5863636363636364,0.6,0.5839826839826839,0.61,0.6530625093860387,6.0,4.4,5.6,4.0
svm,signo_zodiacal_escorpio,142,0.5,0.5800000000000001,0.6215873015873015,0.48,0.5319711042311661,0.582,0.614455033098996,4.8,3.2,6.8,5.2
svm,signo_zodiacal_escorpio,143,0.5,0.51,0.5333333333333334,0.45999999999999996,0.48300653594771237,0.48,0.5973152784607892,4.6,4.4,5.6,5.4
svm,signo_zodiacal_escorpio,144,0.5,0.49000000000000005,0.48778998778998783,0.6000000000000001,0.5353304209139449,0.506,0.5646023396108536,6.0,6.2,3.8,4.0
svm,signo_zodiacal_escorpio,145,0.5,0.53,0.55,0.4,0.4428515928515928,0.53,0.6132451710656045,4.0,3.4,6.6,6.0
svm,signo_zodiacal_escorpio,146,0.5,0.54,0.5346153846153846,0.6599999999999999,0.5905138339920948,0.5519999999999999,0.5780332789845174,6.6,5.8,4.2,3.4
svm,signo_zodiacal_escorpio,147,0.5,0.5,0.5016666666666667,0.42000000000000004,0.4542982456140351,0.5619999999999999,0.5793893938878459,4.2,4.2,5.8,5.8
svm,signo_zodiacal_escorpio,148,0.5,0.4,0.39692307692307693,0.36,0.36917874396135264,0.398,0.5081081624773576,3.6,5.6,4.4,6.4
svm,signo_zodiacal_escorpio,149,0.5,0.39,0.37858974358974357,0.38,0.36039241917502784,0.358,0.467210258523726,3.8,6.0,4.0,6.2
svm,signo_zodiacal_escorpio,150,0.5,0.45,0.43702380952380954,0.42000000000000004,0.41516392791934587,0.44000000000000006,0.5064356878931182,4.2,5.2,4.8,5.8
svm,signo_zodiacal_escorpio,151,0.5,0.43,0.4385198135198135,0.42000000000000004,0.42464857796665567,0.44800000000000006,0.5223416377224426,4.2,5.6,4.4,5.8
svm,signo_zodiacal_escorpio,152,0.5,0.54,0.5305916305916306,0.5599999999999999,0.539390142021721,0.5820000000000001,0.6325732945245329,5.6,4.8,5.2,4.4
svm,signo_zodiacal_escorpio,153,0.5,0.5800000000000001,0.586978021978022,0.6,0.5812836780784015,0.5980000000000001,0.6296815765933413,6.0,4.4,5.6,4.0
svm,signo_zodiacal_escorpio,154,0.5,0.53,0.5272727272727272,0.6799999999999999,0.5885780885780886,0.524,0.5439205037308753,6.8,6.2,3.8,3.2
svm,signo_zodiacal_escorpio,155,0.5,0.45999999999999996,0.4688888888888888,0.27999999999999997,0.33849624060150374,0.43200000000000005,0.5370581110495971,2.8,3.6,6.4,7.2
svm,signo_zodiacal_escorpio,156,0.5,0.41000000000000003,0.39954212454212457,0.4,0.39372701302974555,0.40599999999999997,0.48854178114627034,4.0,5.8,4.2,6.0
svm,signo_zodiacal_escorpio,157,0.5,0.35,0.36282828282828283,0.4,0.37670175438596487,0.368,0.5272408933515743,4.0,7.0,3.0,6.0
svm,signo_zodiacal_escorpio,158,0.5,0.54,0.5540909090909091,0.42000000000000004,0.4692857142857143,0.5599999999999999,0.5902369195132353,4.2,3.4,6.6,5.8
svm,signo_zodiacal_escorpio,159,0.5,0.49000000000000005,0.48571428571428565,0.5,0.48313884258156703,0.52,0.5749304768159258,5.0,5.2,4.8,5.0
svm,signo_zodiacal_escorpio,160,0.5,0.43000000000000005,0.4275757575757576,0.42000000000000004,0.4175108225108225,0.43200000000000005,0.531898178017373,4.2,5.6,4.4,5.8
svm,signo_zodiacal_escorpio,161,0.5,0.45999999999999996,0.453021978021978,0.45999999999999996,0.4511265375715504,0.476,0.6166665860798988,4.6,5.4,4.6,5.4
svm,signo_zodiacal_escorpio,162,0.5,0.47000000000000003,0.46409090909090905,0.48,0.4700432900432901,0.446,0.4927788671596721,4.8,5.4,4.6,5.2
svm,signo_zodiacal_escorpio,163,0.5,0.49000000000000005,0.492929292929293,0.52,0.5052631578947369,0.47400000000000003,0.5375426419985244,5.2,5.4,4.6,4.8
svm,signo_zodiacal_escorpio,164,0.5,0.47000000000000003,0.47995670995671,0.52,0.49503607503607505,0.46799999999999997,0.552291330616408,5.2,5.8,4.2,4.8
svm,signo_zodiacal_escorpio,165,0.5,0.45999999999999996,0.4579920079920079,0.48,0.4615434579628953,0.484,0.5360727981169158,4.8,5.6,4.4,5.2
svm,signo_zodiacal_escorpio,166,0.5,0.54,0.5208041958041958,0.72,0.6013348969870709,0.598,0.6356508464875337,7.2,6.4,3.6,2.8
svm,signo_zodiacal_escorpio,167,0.5,0.5,0.45575757575757575,0.52,0.47928571428571426,0.54,0.5819239443047491,5.2,5.2,4.8,4.8
svm,signo_zodiacal_escorpio,168,0.5,0.52,0.5283333333333333,0.42000000000000004,0.4570733652312599,0.526,0.5787285934739496,4.2,3.8,6.2,5.8
svm,signo_zodiacal_escorpio,169,0.5,0.45999999999999996,0.42813852813852815,0.36,0.38487394957983195,0.406,0.4964521430581802,3.6,4.4,5.6,6.4
svm,signo_zodiacal_escorpio,170,0.5,0.53,0.5342857142857144,0.5599999999999999,0.5402046035805628,0.53,0.6011831414199835,5.6,5.0,5.0,4.4
svm,signo_zodiacal_escorpio,171,0.5,0.5700000000000001,0.5757575757575758,0.58,0.5760082023239917,0.5840000000000001,0.6441238930488156,5.8,4.4,5.6,4.2
svm,signo_zodiacal_escorpio,172,0.5,0.48999999999999994,0.49261072261072264,0.56,0.5230491247882553,0.45200000000000007,0.5516637170019523,5.6,5.8,4.2,4.4
svm,signo_zodiacal_escorpio,173,0.5,0.48999999999999994,0.48,0.4,0.4311111111111111,0.51,0.5789099399052959,4.0,4.2,5.8,6.0
svm,signo_zodiacal_escorpio,174,0.5,0.5700000000000001,0.671111111111111,0.4,0.48201529464687365,0.483,0.5854324560028895,4.0,2.6,7.4,6.0
svm,signo_zodiacal_escorpio,175,0.5,0.42000000000000004,0.436013986013986,0.5599999999999999,0.4879555227381315,0.406,0.5253635490756234,5.6,7.2,2.8,4.4
svm,signo_zodiacal_escorpio,176,0.5,0.51,0.5063131313131313,0.54,0.5145556198187776,0.5469999999999999,0.6416207850457076,5.4,5.2,4.8,4.6
svm,signo_zodiacal_escorpio,177,0.5,0.55,0.5321678321678321,0.54,0.5267494824016563,0.5330000000000001,0.5741010841583597,5.4,4.4,5.6,4.6
svm,signo_zodiacal_escorpio,178,0.5,0.45999999999999996,0.4542857142857143,0.3,0.35411764705882354,0.39199999999999996,0.5150859906347522,3.0,3.8,6.2,7.0
svm,signo_zodiacal_escorpio,179,0.5,0.43,0.43692307692307697,0.44000000000000006,0.43382520860781726,0.40199999999999997,0.5242935512200217,4.4,5.8,4.2,5.6
svm,signo_zodiacal_escorpio,180,0.5,0.39,0.39404761904761904,0.38,0.38270944741532975,0.392,0.48776013752329533,3.8,6.0,4.0,6.2
svm,signo_zodiacal_escorpio,181,0.5,0.44000000000000006,0.4396381396381396,0.48,0.45200373055400656,0.41,0.48922918034837537,4.8,6.0,4.0,5.2
svm,signo_zodiacal_escorpio,182,0.5,0.61,0.5900000000000001,0.7,0.6367272727272727,0.6220000000000001,0.6708714428846007,7.0,4.8,5.2,3.0
svm,signo_zodiacal_escorpio,183,0.5,0.5900000000000001,0.5913308913308913,0.6199999999999999,0.5953739848342082,0.634,0.6830246752731273,6.2,4.4,5.6,3.8
svm,signo_zodiacal_escorpio,184,0.5,0.4699999999999999,0.47106060606060607,0.52,0.49043290043290033,0.516,0.5789118098104166,5.2,5.8,4.2,4.8
svm,signo_zodiacal_escorpio,185,0.5,0.53,0.5454822954822954,0.4999999999999999,0.5099487267342968,0.512,0.5832696861961568,5.0,4.4,5.6,5.0
svm,signo_zodiacal_escorpio,186,0.5,0.49000000000000005,0.4735353535353536,0.54,0.49890240753398646,0.492,0.5946999940204274,5.4,5.6,4.4,4.6
svm,signo_zodiacal_escorpio,187,0.5,0.39,0.36532356532356525,0.31999999999999995,0.33468838336249834,0.4119999999999999,0.5128897491397492,3.2,5.4,4.6,6.8
svm,signo_zodiacal_escorpio,188,0.5,0.37,0.34525641025641024,0.3,0.31362318840579706,0.368,0.4433295027985431,3.0,5.6,4.4,7.0
svm,signo_zodiacal_escorpio,189,0.5,0.59,0.586002886002886,0.62,0.5982456140350877,0.6540000000000001,0.7103807124248299,6.2,4.4,5.6,3.8
svm,signo_zodiacal_escorpio,190,0.5,0.49000000000000005,0.4927272727272728,0.5,0.49417027417027415,0.534,0.5790026531775757,5.0,5.2,4.8,5.0
svm,signo_zodiacal_escorpio,191,0.5,0.51,0.509090909090909,0.62,0.5522655122655122,0.518,0.5913215211860722,6.2,6.0,4.0,3.8
svm,signo_zodiacal_escorpio,192,0.5,0.53,0.5374314574314574,0.4999999999999999,0.5011847265221878,0.522,0.5825763207380854,5.0,4.4,5.6,5.0
svm,signo_zodiacal_escorpio,193,0.5,0.5800000000000001,0.5812698412698414,0.5599999999999999,0.5670475654376583,0.5800000000000001,0.6438932183227848,5.6,4.0,6.0,4.4
svm,signo_zodiacal_escorpio,194,0.5,0.56,0.5755555555555556,0.48,0.513705475810739,0.565,0.5735970043028866,4.8,3.6,6.4,5.2
svm,signo_zodiacal_escorpio,195,0.5,0.51,0.5098051948051948,0.58,0.5352681704260651,0.544,0.5805119874105942,5.8,5.6,4.4,4.2
svm,signo_zodiacal_escorpio,196,0.5,0.61,0.5980419580419579,0.7,0.6432938076416337,0.682,0.7168344200519122,7.0,4.8,5.2,3.0
svm,signo_zodiacal_escorpio,197,0.5,0.53,0.5478354978354978,0.58,0.5523809523809524,0.49800000000000005,0.5539462473371142,5.8,5.2,4.8,4.2
svm,signo_zodiacal_escorpio,198,0.5,0.49000000000000005,0.4857997557997559,0.5,0.4874719465485383,0.4720000000000001,0.5421185003506983,5.0,5.2,4.8,5.0
svm,signo_zodiacal_escorpio,199,0.5,0.4800000000000001,0.48571428571428565,0.33999999999999997,0.39529411764705885,0.516,0.5679876775271511,3.4,3.8,6.2,6.6
svm,signo_zodiacal_escorpio,200,0.5,0.5199999999999999,0.5235353535353535,0.52,0.5193468519784309,0.484,0.570121315990511,5.2,4.8,5.2,4.8
svm,signo_zodiacal_escorpio,201,0.5,0.5599999999999999,0.562063492063492,0.5599999999999999,0.5557444413171967,0.61,0.633901856313621,5.6,4.4,5.6,4.4
svm,signo_zodiacal_escorpio,202,0.5,0.65,0.6566378066378067,0.68,0.6589548738155548,0.652,0.6842680995475112,6.8,3.8,6.2,3.2
svm,signo_zodiacal_escorpio,203,0.5,0.52,0.5538888888888889,0.45999999999999996,0.49107921318447634,0.52,0.5913248103805377,4.6,4.2,5.8,5.4
svm,signo_zodiacal_escorpio,204,0.5,0.53,0.5456410256410257,0.5399999999999999,0.5273302822273074,0.514,0.5761519489282647,5.4,4.8,5.2,4.6
svm,signo_zodiacal_escorpio,205,0.5,0.5700000000000001,0.5997979797979798,0.4,0.45593984962406015,0.525,0.5992803123948635,4.0,2.6,7.4,6.0
svm,signo_zodiacal_escorpio,206,0.5,0.43,0.429047619047619,0.26,0.309904474610357,0.394,0.5080023973274747,2.6,4.0,6.0,7.4
svm,signo_zodiacal_escorpio,207,0.5,0.45,0.42222222222222217,0.44000000000000006,0.42782524493050805,0.446,0.5023710445900849,4.4,5.4,4.6,5.6
svm,signo_zodiacal_escorpio,208,0.5,0.44000000000000006,0.44203574203574203,0.5,0.46742151822243355,0.426,0.48730269747452404,5.0,6.2,3.8,5.0
svm,signo_zodiacal_escorpio,209,0.5,0.4,0.3487412587412587,0.34,0.3326708074534161,0.40199999999999997,0.5029480262599457,3.4,5.4,4.6,6.6
svm,signo_zodiacal_escorpio,210,0.5,0.47000000000000003,0.4686868686868687,0.44000000000000006,0.45254803675856303,0.518,0.5709281449544609,4.4,5.0,5.0,5.6
svm,signo_zodiacal_escorpio,211,0.5,0.54,0.5311888111888112,0.52,0.509855072463768,0.548,0.6138614065672888,5.2,4.4,5.6,4.8
svm,signo_zodiacal_escorpio,212,0.5,0.43000000000000005,0.4365190365190365,0.4600000000000001,0.4458537648468999,0.41500000000000004,0.48870899465171913,4.6,6.0,4.0,5.4
svm,signo_zodiacal_escorpio,213,0.5,0.6,0.5769022644022643,0.76,0.6532742619699141,0.6380000000000001,0.6641568319021879,7.6,5.6,4.4,2.4
svm,signo_zodiacal_escorpio,214,0.5,0.6,0.6414718614718615,0.45999999999999996,0.5279131652661064,0.5730000000000001,0.6369940537618556,4.6,2.6,7.4,5.4
svm,signo_zodiacal_escorpio,215,0.5,0.53,0.5092857142857142,0.5599999999999999,0.5189999999999999,0.552,0.6166562408180054,5.6,5.0,5.0,4.4
svm,signo_zodiacal_escorpio,216,0.5,0.4600000000000001,0.4663170163170164,0.5199999999999999,0.4904197252023339,0.422,0.5111250816606854,5.2,6.0,4.0,4.8
svm,signo_zodiacal_escorpio,217,0.5,0.45999999999999996,0.44813852813852806,0.44000000000000006,0.4402274849333673,0.42799999999999994,0.4920256965256965,4.4,5.2,4.8,5.6
svm,signo_zodiacal_escorpio,218,0.5,0.5,0.5240196078431373,0.5800000000000001,0.5362051891463656,0.504,0.5508512700749542,5.8,5.8,4.2,4.2
svm,signo_zodiacal_escorpio,219,0.5,0.41999999999999993,0.4041666666666666,0.4,0.3910256410256411,0.394,0.48167032047759595,4.0,5.6,4.4,6.0
svm,signo_zodiacal_escorpio,220,0.5,0.48999999999999994,0.4938888888888888,0.48,0.4849441786283892,0.4880000000000001,0.5441417253197438,4.8,5.0,5.0,5.2
svm,signo_zodiacal_escorpio,221,0.5,0.61,0.6719780219780219,0.5,0.5482377298745585,0.626,0.6886877844377843,5.0,2.8,7.2,5.0
svm,signo_zodiacal_escorpio,222,0.5,0.45000000000000007,0.45894660894660894,0.52,0.4849168375484164,0.45199999999999996,0.5389850814819855,5.2,6.2,3.8,4.8
svm,signo_zodiacal_escorpio,223,0.5,0.5200000000000001,0.5174242424242423,0.48,0.4967418546365915,0.5,0.5486628724732441,4.8,4.4,5.6,5.2
svm,signo_zodiacal_escorpio,224,0.5,0.49000000000000005,0.47734487734487735,0.44000000000000006,0.45549658459875175,0.53,0.5541701235640863,4.4,4.6,5.4,5.6
svm,signo_zodiacal_escorpio,225,0.5,0.43,0.42261072261072263,0.4800000000000001,0.4424430641821946,0.44800000000000006,0.5671334345908648,4.8,6.2,3.8,5.2
svm,signo_zodiacal_escorpio,226,0.5,0.49000000000000005,0.4902486402486403,0.52,0.5003820486658015,0.508,0.5669568405450758,5.2,5.4,4.6,4.8
svm,signo_zodiacal_escorpio,227,0.5,0.5900000000000001,0.6128571428571429,0.52,0.5604540763673891,0.5700000000000001,0.5787941655867352,5.2,3.4,6.6,4.8
svm,signo_zodiacal_escorpio,228,0.5,0.4800000000000001,0.4819347319347319,0.52,0.49677520547085763,0.418,0.5003139756700128,5.2,5.6,4.4,4.8
svm,signo_zodiacal_escorpio,229,0.5,0.44000000000000006,0.4334188034188034,0.44000000000000006,0.4287258165175786,0.43599999999999994,0.5388433449934997,4.4,5.6,4.4,5.6
svm,signo_zodiacal_escorpio,230,0.5,0.49000000000000005,0.4852564102564102,0.44000000000000006,0.45327231121281464,0.532,0.6240906881216478,4.4,4.6,5.4,5.6
svm,signo_zodiacal_escorpio,231,0.5,0.5,0.4954822954822955,0.54,0.5113653699466056,0.496,0.553323628384,5.4,5.4,4.6,4.6
svm,signo_zodiacal_escorpio,232,0.5,0.44000000000000006,0.43212121212121213,0.4,0.41126984126984123,0.38099999999999995,0.47281725893645393,4.0,5.2,4.8,6.0
svm,signo_zodiacal_escorpio,233,0.5,0.5800000000000001,0.5944444444444444,0.5,0.5338516746411484,0.58,0.6460305435878191,5.0,3.4,6.6,5.0
svm,signo_zodiacal_escorpio,234,0.5,0.52,0.5112398712398712,0.6399999999999999,0.5641774000217936,0.54,0.6134397269397269,6.4,6.0,4.0,3.6
svm,signo_zodiacal_escorpio,235,0.5,0.47000000000000003,0.47242424242424247,0.43999999999999995,0.4490836940836941,0.458,0.5405659177423883,4.4,5.0,5.0,5.6
svm,signo_zodiacal_escorpio,236,0.5,0.4800000000000001,0.4833333333333334,0.5599999999999999,0.514975845410628,0.45999999999999996,0.5589951098952647,5.6,6.0,4.0,4.4
svm,signo_zodiacal_escorpio,237,0.5,0.4800000000000001,0.43888888888888894,0.3,0.3462406015037594,0.41,0.4914297461224706,3.0,3.4,6.6,7.0
svm,signo_zodiacal_escorpio,238,0.5,0.5900000000000001,0.613939393939394,0.58,0.5754112554112554,0.624,0.6266263503438425,5.8,4.0,6.0,4.2
svm,signo_zodiacal_escorpio,239,0.5,0.48999999999999994,0.5054761904761905,0.38,0.42670794633642933,0.546,0.6050708093076513,3.8,4.0,6.0,6.2
svm,signo_zodiacal_escorpio,240,0.5,0.49000000000000005,0.48818181818181816,0.42000000000000004,0.4419047619047619,0.5640000000000001,0.6214576681488446,4.2,4.4,5.6,5.8
svm,signo_zodiacal_escorpio,241,0.5,0.44000000000000006,0.4292063492063492,0.38,0.3923426212590299,0.396,0.4755799935358759,3.8,5.0,5.0,6.2
svm,signo_zodiacal_escorpio,242,0.5,0.64,0.6654545454545454,0.5399999999999999,0.5850125313283208,0.658,0.7172422222600241,5.4,2.6,7.4,4.6
svm,signo_zodiacal_escorpio,243,0.5,0.55,0.5700000000000001,0.42000000000000004,0.4631385281385281,0.556,0.5834432279107201,4.2,3.2,6.8,5.8
svm,signo_zodiacal_escorpio,244,0.5,0.48,0.49848151848151845,0.58,0.527074168797954,0.434,0.5159471290663241,5.8,6.2,3.8,4.2
svm,signo_zodiacal_escorpio,245,0.5,0.49000000000000005,0.4890909090909091,0.54,0.5124675324675325,0.47999999999999987,0.5369888501591287,5.4,5.6,4.4,4.6
svm,signo_zodiacal_escorpio,246,0.5,0.43,0.4523076923076923,0.44000000000000006,0.43707509881422923,0.43600000000000005,0.5309693670622464,4.4,5.8,4.2,5.6
svm,signo_zodiacal_escorpio,247,0.5,0.48,0.4776190476190476,0.5599999999999999,0.5137662337662338,0.43600000000000005,0.5232356173238525,5.6,6.0,4.0,4.4
svm,signo_zodiacal_escorpio,248,0.5,0.49000000000000005,0.49230769230769234,0.4,0.42619656558275487,0.48200000000000004,0.5718786038522882,4.0,4.2,5.8,6.0
svm,signo_zodiacal_escorpio,249,0.5,0.45,0.44444444444444436,0.54,0.479497975708502,0.422,0.5052969155027979,5.4,6.4,3.6,4.6
svm,signo_zodiacal_escorpio,250,0.5,0.5700000000000001,0.5833333333333333,0.54,0.5535885167464114,0.596,0.5880835465703887,5.4,4.0,6.0,4.6
svm,signo_zodiacal_escorpio,251,0.5,0.55,0.5366666666666666,0.5,0.5094949494949494,0.528,0.5707190740116437,5.0,4.0,6.0,5.0
svm,signo_zodiacal_escorpio,252,0.5,0.37,0.37812409812409814,0.38,0.37157128114403654,0.362,0.5208044702975043,3.8,6.4,3.6,6.2
svm,signo_zodiacal_escorpio,253,0.5,0.51,0.5173076923076924,0.5199999999999999,0.5138716356107661,0.514,0.5760699202758025,5.2,5.0,5.0,4.8
svm,signo_zodiacal_escorpio,254,0.5,0.54,0.5333333333333333,0.6599999999999999,0.5855238095238096,0.466,0.5231217381689518,6.6,5.8,4.2,3.4
svm,signo_zodiacal_escorpio,255,0.5,0.5800000000000001,0.5664535464535465,0.6799999999999999,0.6158403914925653,0.609,0.6408609990800394,6.8,5.2,4.8,3.2
svm,signo_zodiacal_escorpio,256,0.5,0.53,0.5923626373626374,0.38,0.41991474850809885,0.532,0.5897388259315505,3.8,3.2,6.8,6.2
svm,signo_zodiacal_escorpio,257,0.5,0.43,0.42095238095238097,0.5,0.4516491228070175,0.4640000000000001,0.5452672023538896,5.0,6.4,3.6,5.0
svm,signo_zodiacal_escorpio,258,0.5,0.6100000000000001,0.595952380952381,0.7,0.6357171717171717,0.61,0.6401339950898775,7.0,4.8,5.2,3.0
svm,signo_zodiacal_escorpio,259,0.5,0.61,0.592124542124542,0.7399999999999999,0.657312252964427,0.601,0.5944244901125707,7.4,5.2,4.8,2.6
svm,signo_zodiacal_escorpio,260,0.5,0.5700000000000001,0.5386324786324787,0.52,0.5220544113907958,0.636,0.667260368286684,5.2,3.8,6.2,4.8
svm,signo_zodiacal_escorpio,261,0.5,0.5700000000000001,0.565952380952381,0.4,0.4559979889391654,0.588,0.6504085446717025,4.0,2.6,7.4,6.0
svm,signo_zodiacal_escorpio,262,0.5,0.41,0.41090909090909095,0.36,0.37238095238095237,0.384,0.4833060452619276,3.6,5.4,4.6,6.4
svm,signo_zodiacal_escorpio,263,0.5,0.47000000000000003,0.4761460761460762,0.48,0.47469034906105845,0.472,0.5544306814616411,4.8,5.4,4.6,5.2
svm,signo_zodiacal_escorpio,264,0.5,0.47000000000000003,0.45396825396825397,0.34,0.3876160990712075,0.5119999999999999,0.5783172187289835,3.4,4.0,6.0,6.6
svm,signo_zodiacal_escorpio,265,0.5,0.5799999999999998,0.5678210678210678,0.6799999999999999,0.6058059587471352,0.63,0.6416396544631839,6.8,5.2,4.8,3.2
svm,signo_zodiacal_escorpio,266,0.5,0.43999999999999995,0.44893106893106893,0.52,0.4795859213250518,0.438,0.5023191628632804,5.2,6.4,3.6,4.8
svm,signo_zodiacal_escorpio,267,0.5,0.54,0.5373076923076924,0.5000000000000001,0.49279227053140096,0.6140000000000001,0.6219616406984827,5.0,4.2,5.8,5.0
svm,signo_zodiacal_escorpio,268,0.5,0.51,0.44761904761904764,0.36,0.3866672027662739,0.5509999999999999,0.6032763162190407,3.6,3.4,6.6,6.4
svm,signo_zodiacal_escorpio,269,0.5,0.43000000000000005,0.42738095238095236,0.26,0.31195125823608794,0.364,0.5092303017759673,2.6,4.0,6.0,7.4
svm,signo_zodiacal_escorpio,270,0.5,0.52,0.5281746031746031,0.45999999999999996,0.4894392844857241,0.49800000000000005,0.5664107002388736,4.6,4.2,5.8,5.4
svm,signo_zodiacal_escorpio,271,0.5,0.63,0.6561616161616162,0.5599999999999999,0.5930994152046783,0.668,0.7216669333418559,5.6,3.0,7.0,4.4
svm,signo_zodiacal_escorpio,272,0.5,0.6,0.6678571428571429,0.4,0.4902966314731021,0.538,0.5919783904605886,4.0,2.0,8.0,6.0
svm,signo_zodiacal_escorpio,273,0.5,0.49000000000000005,0.4532600732600732,0.6200000000000001,0.5154247491638796,0.4029999999999999,0.46011606041017805,6.2,6.4,3.6,3.8
svm,signo_zodiacal_escorpio,274,0.5,0.54,0.5346930846930847,0.5800000000000001,0.5531199540352858,0.528,0.5982062859740879,5.8,5.0,5.0,4.2
svm,signo_zodiacal_escorpio,275,0.5,0.49000000000000005,0.49313131313131314,0.5,0.49485532011847794,0.504,0.5602891167140394,5.0,5.2,4.8,5.0
svm,signo_zodiacal_escorpio,276,0.5,0.53,0.5272727272727272,0.5599999999999999,0.5340909090909091,0.568,0.6209444340489231,5.6,5.0,5.0,4.4
svm,signo_zodiacal_escorpio,277,0.5,0.55,0.5347222222222223,0.6799999999999999,0.593884185989449,0.5860000000000001,0.6285427688926141,6.8,5.8,4.2,3.2
svm,signo_zodiacal_escorpio,278,0.5,0.5900000000000001,0.6082251082251082,0.6799999999999999,0.625,0.6719999999999999,0.7132349882659479,6.8,5.0,5.0,3.2
svm,signo_zodiacal_escorpio,279,0.5,0.45999999999999996,0.4313131313131313,0.33999999999999997,0.37349624060150377,0.41400000000000003,0.5379409971693254,3.4,4.2,5.8,6.6
svm,signo_zodiacal_escorpio,280,0.5,0.5,0.5176190476190476,0.32,0.3793124522536287,0.462,0.5463637402329352,3.2,3.2,6.8,6.8
svm,signo_zodiacal_escorpio,281,0.5,0.51,0.5067832167832167,0.6399999999999999,0.5640248447204969,0.538,0.578923711909006,6.4,6.2,3.8,3.6
svm,signo_zodiacal_escorpio,282,0.5,0.55,0.5323626373626374,0.62,0.5682213438735177,0.5519999999999999,0.609840048238655,6.2,5.2,4.8,3.8
svm,signo_zodiacal_escorpio,283,0.5,0.4600000000000001,0.47111111111111115,0.34,0.38240601503759397,0.45099999999999996,0.5196103042983848,3.4,4.2,5.8,6.6
svm,signo_zodiacal_escorpio,284,0.5,0.5,0.5126373626373626,0.48,0.4848174843059754,0.49000000000000005,0.516597270118942,4.8,4.8,5.2,5.2
svm,signo_zodiacal_escorpio,285,0.5,0.4800000000000001,0.4840811965811966,0.5399999999999999,0.5025308533317686,0.506,0.570965172684213,5.4,5.8,4.2,4.6
svm,signo_zodiacal_escorpio,286,0.5,0.53,0.522020202020202,0.4800000000000001,0.49681704260651627,0.526,0.5753068571435445,4.8,4.2,5.8,5.2
svm,signo_zodiacal_escorpio,287,0.5,0.47000000000000003,0.45694805194805194,0.36,0.3963772175536881,0.5,0.5777285763771832,3.6,4.2,5.8,6.4
svm,signo_zodiacal_escorpio,288,0.5,0.48,0.44631313131313133,0.44000000000000006,0.42393213803740126,0.466,0.5168512414657925,4.4,4.8,5.2,5.6
svm,signo_zodiacal_escorpio,289,0.5,0.43,0.4295454545454545,0.38,0.402172096908939,0.4,0.49788743875663377,3.8,5.2,4.8,6.2
svm,signo_zodiacal_escorpio,290,0.5,0.5,0.4614718614718615,0.48,0.461344537815126,0.534,0.5312527370290528,4.8,4.8,5.2,5.2
svm,signo_zodiacal_escorpio,291,0.5,0.48,0.44035714285714284,0.4,0.40057746175393233,0.531,0.5723528948691488,4.0,4.4,5.6,6.0
svm,signo_zodiacal_escorpio,292,0.5,0.49000000000000005,0.4909090909090909,0.54,0.5113997113997113,0.48600000000000004,0.5594811304106969,5.4,5.6,4.4,4.6
svm,signo_zodiacal_escorpio,293,0.5,0.45999999999999996,0.45213675213675214,0.5199999999999999,0.47639500088012676,0.44800000000000006,0.5050166135034555,5.2,6.0,4.0,4.8
svm,signo_zodiacal_escorpio,294,0.5,0.45,0.4446857717445953,0.5399999999999999,0.48033562166285276,0.4419999999999999,0.5307988610976226,5.4,6.4,3.6,4.6
svm,signo_zodiacal_escorpio,295,0.5,0.5,0.493986013986014,0.56,0.5238923395445134,0.537,0.5843932419489695,5.6,5.6,4.4,4.4
svm,signo_zodiacal_escorpio,296,0.5,0.6,0.6333333333333334,0.5199999999999999,0.5570733652312599,0.5760000000000001,0.6784308742513077,5.2,3.2,6.8,4.8
svm,signo_zodiacal_escorpio,297,0.5,0.38,0.37545454545454543,0.36,0.3657142857142857,0.375,0.4569371837313014,3.6,6.0,4.0,6.4
svm,signo_zodiacal_escorpio,298,0.5,0.5599999999999999,0.5396825396825398,0.5200000000000001,0.5026990553306343,0.624,0.6808468155511498,5.2,4.0,6.0,4.8
svm,signo_zodiacal_escorpio,299,0.5,0.51,0.5180555555555555,0.58,0.5393775814828446,0.5499999999999999,0.6308036869391358,5.8,5.6,4.4,4.2
svm,signo_zodiacal_escorpio,300,0.5,0.51,0.5009803921568627,0.74,0.5957239057239058,0.492,0.5247204282645459,7.4,7.2,2.8,2.6
svm,signo_zodiacal_escorpio,301,0.5,0.5,0.5088888888888888,0.48,0.4808771929824561,0.49800000000000005,0.5944490801596064,4.8,4.8,5.2,5.2
svm,signo_zodiacal_escorpio,302,0.5,0.45,0.3952380952380952,0.27999999999999997,0.32639318885448915,0.40199999999999997,0.4936515173852635,2.8,3.8,6.2,7.2
svm,signo_zodiacal_escorpio,303,0.5,0.5199999999999999,0.5385620915032681,0.62,0.5660974658869395,0.5820000000000001,0.6261669616932775,6.2,5.8,4.2,3.8
svm,signo_zodiacal_escorpio,304,0.5,0.48,0.48119658119658115,0.48,0.47744724129163496,0.532,0.5688502228765386,4.8,5.2,4.8,5.2
svm,signo_zodiacal_escorpio,305,0.5,0.58,0.5725829725829725,0.5599999999999999,0.5619074424027983,0.59,0.6585676000985599,5.6,4.0,6.0,4.4
svm,signo_zodiacal_escorpio,306,0.5,0.56,0.5922161172161172,0.48,0.5199417448138676,0.55,0.6184502191135318,4.8,3.6,6.4,5.2
svm,signo_zodiacal_escorpio,307,0.5,0.53,0.5346403596403596,0.5599999999999999,0.5370052368773597,0.61,0.655762282437205,5.6,5.0,5.0,4.4
svm,signo_zodiacal_escorpio,308,0.5,0.5499999999999999,0.5414393939393939,0.72,0.613025641025641,0.522,0.5648488178488178,7.2,6.2,3.8,2.8
svm,signo_zodiacal_escorpio,309,0.5,0.4600000000000001,0.4678571428571428,0.38,0.4106209150326798,0.398,0.4899829035773308,3.8,4.6,5.4,6.2
svm,signo_zodiacal_escorpio,310,0.5,0.44000000000000006,0.4435897435897436,0.48,0.4477408354646206,0.4159999999999999,0.5202839290912047,4.8,6.0,4.0,5.2
svm,signo_zodiacal_escorpio,311,0.5,0.49000000000000005,0.49111111111111116,0.54,0.5125358851674641,0.462,0.5566287317773385,5.4,5.6,4.4,4.6
svm,signo_zodiacal_escorpio,312,0.5,0.48,0.48551226551226545,0.52,0.49944862155388475,0.466,0.5099347678465326,5.2,5.6,4.4,4.8
svm,signo_zodiacal_escorpio,313,0.5,0.58,0.5787878787878787,0.5599999999999999,0.5632205513784461,0.5720000000000001,0.6679696522947297,5.6,4.0,6.0,4.4
svm,signo_zodiacal_escorpio,314,0.5,0.4800000000000001,0.49428571428571433,0.42000000000000004,0.43673418841220696,0.4579999999999999,0.5585408943481698,4.2,4.6,5.4,5.8
svm,signo_zodiacal_escorpio,315,0.5,0.47000000000000003,0.4611111111111111,0.42000000000000004,0.43379851143009035,0.48999999999999994,0.5975382117882118,4.2,4.8,5.2,5.8
svm,signo_zodiacal_escorpio,316,0.5,0.47000000000000003,0.45767565767565765,0.4800000000000001,0.45826939471440753,0.51,0.5976542711674291,4.8,5.4,4.6,5.2
svm,signo_zodiacal_escorpio,317,0.5,0.4600000000000001,0.4694327894327895,0.52,0.490853220006538,0.429,0.5203196264519793,5.2,6.0,4.0,4.8
svm,signo_zodiacal_escorpio,318,0.5,0.51,0.5180219780219779,0.6599999999999999,0.5765156582547887,0.47800000000000004,0.5367786292654714,6.6,6.4,3.6,3.4
svm,signo_zodiacal_escorpio,319,0.5,0.4699999999999999,0.45366300366300366,0.56,0.4966635666124158,0.41800000000000004,0.5354905152467072,5.6,6.2,3.8,4.4
svm,signo_zodiacal_escorpio,320,0.5,0.5,0.5155555555555555,0.30000000000000004,0.37421052631578944,0.47400000000000003,0.5794462986274131,3.0,3.0,7.0,7.0
svm,signo_zodiacal_escorpio,321,0.5,0.54,0.5352680652680653,0.58,0.553138841834494,0.626,0.6816045306602583,5.8,5.0,5.0,4.2
svm,signo_zodiacal_escorpio,322,0.5,0.5199999999999999,0.5271128871128872,0.6,0.5586335403726708,0.5239999999999999,0.5890632047690871,6.0,5.6,4.4,4.0
svm,signo_zodiacal_escorpio,323,0.5,0.45,0.4503607503607503,0.45999999999999996,0.4509026577138032,0.4800000000000001,0.551660258042611,4.6,5.6,4.4,5.4
svm,signo_zodiacal_escorpio,324,0.5,0.4600000000000001,0.4416666666666667,0.52,0.4565714285714286,0.47000000000000003,0.5300919944348738,5.2,6.0,4.0,4.8
svm,signo_zodiacal_escorpio,325,0.5,0.53,0.5253846153846154,0.68,0.5918418972332016,0.512,0.5661475736166138,6.8,6.2,3.8,3.2
svm,signo_zodiacal_escorpio,326,0.5,0.47000000000000003,0.44904761904761903,0.33999999999999997,0.3835706914344685,0.538,0.5847541049421854,3.4,4.0,6.0,6.6
svm,signo_zodiacal_escorpio,327,0.5,0.38999999999999996,0.3817016317016317,0.38,0.3770295303476081,0.382,0.483863056276369,3.8,6.0,4.0,6.2
svm,signo_zodiacal_escorpio,328,0.5,0.54,0.5392857142857143,0.5800000000000001,0.5455314009661836,0.514,0.5817321491717775,5.8,5.0,5.0,4.2
svm,signo_zodiacal_escorpio,329,0.5,0.54,0.5526190476190476,0.45999999999999996,0.5004334365325077,0.557,0.6193283444281896,4.6,3.8,6.2,5.4
svm,signo_zodiacal_escorpio,330,0.5,0.53,0.5190934065934065,0.66,0.5761426978818284,0.512,0.5885707354221286,6.6,6.0,4.0,3.4
svm,signo_zodiacal_escorpio,331,0.5,0.52,0.5153846153846153,0.52,0.5081841432225065,0.53,0.527772242033852,5.2,4.8,5.2,4.8
svm,signo_zodiacal_escorpio,332,0.5,0.5000000000000001,0.5909090909090909,0.4,0.42107541581225794,0.492,0.5595035252844851,4.0,4.0,6.0,6.0
svm,signo_zodiacal_escorpio,333,0.5,0.47000000000000003,0.48461538461538467,0.6,0.5282445243543642,0.44800000000000006,0.5111200405201952,6.0,6.6,3.4,4.0
svm,signo_zodiacal_escorpio,334,0.5,0.54,0.5600732600732601,0.4,0.43954958795112253,0.514,0.5671519497873987,4.0,3.2,6.8,6.0
svm,signo_zodiacal_escorpio,335,0.5,0.5199999999999999,0.5198051948051947,0.44000000000000006,0.4737628384687208,0.5209999999999999,0.5638534890462136,4.4,4.0,6.0,5.6
svm,signo_zodiacal_escorpio,336,0.5,0.42000000000000004,0.39290043290043286,0.33999999999999997,0.3602334267040149,0.366,0.4504617692249271,3.4,5.0,5.0,6.6
svm,signo_zodiacal_escorpio,337,0.5,0.5599999999999999,0.5628571428571428,0.58,0.5602116521249647,0.562,0.5829443122237239,5.8,4.6,5.4,4.2
svm,signo_zodiacal_escorpio,338,0.5,0.5,0.4989010989010989,0.6599999999999999,0.5594893029675638,0.5,0.5367657501597131,6.6,6.6,3.4,3.4
svm,signo_zodiacal_escorpio,339,0.5,0.51,0.5085897435897435,0.41999999999999993,0.4452104899930987,0.47800000000000004,0.5743632113500534,4.2,4.0,6.0,5.8
svm,signo_zodiacal_escorpio,340,0.5,0.4699999999999999,0.45750572956455304,0.52,0.47491723962312193,0.462,0.5209478591583855,5.2,5.8,4.2,4.8
svm,signo_zodiacal_escorpio,341,0.5,0.5,0.5283333333333333,0.27999999999999997,0.35820512820512823,0.516,0.581162543167187,2.8,2.8,7.2,7.2
svm,signo_zodiacal_escorpio,342,0.5,0.53,0.522002262443439,0.72,0.6004583178496221,0.546,0.6033289390348214,7.2,6.6,3.4,2.8
svm,signo_zodiacal_escorpio,343,0.5,0.52,0.5109090909090909,0.64,0.5614603174603173,0.542,0.6217045829987006,6.4,6.0,4.0,3.6
svm,signo_zodiacal_escorpio,344,0.5,0.5,0.4983766233766234,0.43999999999999995,0.4488795518207283,0.516,0.5756490819122397,4.4,4.4,5.6,5.6
svm,signo_zodiacal_escorpio,345,0.5,0.5599999999999999,0.5551282051282052,0.58,0.5632203037237361,0.616,0.6541517911912649,5.8,4.6,5.4,4.2
svm,signo_zodiacal_escorpio,346,0.5,0.5,0.5023931623931623,0.64,0.5586254767353165,0.47400000000000003,0.5347948342507165,6.4,6.4,3.6,3.6
svm,signo_zodiacal_escorpio,347,0.5,0.47000000000000003,0.4424242424242424,0.39999999999999997,0.4055194805194805,0.45999999999999996,0.5244239547002704,4.0,4.6,5.4,6.0
svm,signo_zodiacal_escorpio,348,0.5,0.67,0.6539160839160839,0.7200000000000001,0.6824912082577985,0.6960000000000001,0.6992324752131254,7.2,3.8,6.2,2.8
svm,signo_zodiacal_escorpio,349,0.5,0.5700000000000001,0.5988034188034188,0.5399999999999999,0.5536689549961861,0.558,0.6135103491279962,5.4,4.0,6.0,4.6
svm,signo_zodiacal_escorpio,350,0.5,0.5,0.4911038961038961,0.54,0.5104761904761904,0.5309999999999999,0.6074641186127254,5.4,5.4,4.6,4.6
svm,signo_zodiacal_escorpio,351,0.5,0.54,0.5494444444444444,0.44000000000000006,0.4787985114300904,0.564,0.6292881923717836,4.4,3.6,6.4,5.6
svm,signo_zodiacal_escorpio,352,0.5,0.51,0.5053846153846154,0.64,0.5627509881422925,0.54,0.592162133188449,6.4,6.2,3.8,3.6
svm,signo_zodiacal_escorpio,353,0.5,0.47000000000000003,0.48995670995670987,0.54,0.49831501831501834,0.446,0.5608197625388028,5.4,6.0,4.0,4.6
svm,signo_zodiacal_escorpio,354,0.5,0.44000000000000006,0.42439393939393943,0.34,0.37063492063492065,0.44799999999999995,0.534538562744445,3.4,4.6,5.4,6.6
svm,signo_zodiacal_escorpio,355,0.5,0.56,0.5444444444444445,0.54,0.5331419457735247,0.526,0.6209419577670351,5.4,4.2,5.8,4.6
svm,signo_zodiacal_escorpio,356,0.5,0.49000000000000005,0.48409090909090907,0.54,0.5071428571428571,0.45600000000000007,0.5213037332464576,5.4,5.6,4.4,4.6
svm,signo_zodiacal_escorpio,357,0.5,0.54,0.5295970695970695,0.6799999999999999,0.5928300395256917,0.5719999999999998,0.6134712509712509,6.8,6.0,4.0,3.2
svm,signo_zodiacal_escorpio,358,0.5,0.53,0.5374242424242424,0.4,0.44441102756892226,0.53,0.5835530570220973,4.0,3.4,6.6,6.0
svm,signo_zodiacal_escorpio,359,0.5,0.51,0.5134065934065933,0.6,0.5508300395256918,0.426,0.49125473709297235,6.0,5.8,4.2,4.0
svm,signo_zodiacal_escorpio,360,0.5,0.45,0.4409090909090909,0.36,0.3932773109243698,0.38999999999999996,0.4630327650505669,3.6,4.6,5.4,6.4
svm,signo_zodiacal_escorpio,361,0.5,0.5700000000000001,0.5687912087912088,0.6199999999999999,0.5823247306827869,0.6020000000000001,0.670421430478706,6.2,4.8,5.2,3.8
svm,signo_zodiacal_escorpio,362,0.5,0.53,0.5642857142857143,0.43999999999999995,0.4798319327731092,0.502,0.6001973565650036,4.4,3.8,6.2,5.6
svm,signo_zodiacal_escorpio,363,0.5,0.62,0.6637878787878788,0.5599999999999999,0.5868253968253969,0.64,0.6682288534478936,5.6,3.2,6.8,4.4
svm,signo_zodiacal_escorpio,364,0.5,0.42000000000000004,0.42494949494949497,0.4800000000000001,0.44797676008202325,0.43599999999999994,0.5662049441786283,4.8,6.4,3.6,5.2
svm,signo_zodiacal_escorpio,365,0.5,0.51,0.5536796536796537,0.34,0.40425195719313367,0.466,0.5468371459122233,3.4,3.2,6.8,6.6
svm,signo_zodiacal_escorpio,366,0.5,0.48,0.5140476190476191,0.48,0.4742222222222222,0.38999999999999996,0.5004032664961457,4.8,5.2,4.8,5.2
svm,signo_zodiacal_escorpio,367,0.5,0.53,0.5272727272727272,0.42000000000000004,0.4583333333333333,0.534,0.5821082902305813,4.2,3.6,6.4,5.8
svm,signo_zodiacal_escorpio,368,0.5,0.5900000000000001,0.5718614718614718,0.74,0.6405714285714286,0.538,0.5657925942306747,7.4,5.6,4.4,2.6
svm,signo_zodiacal_escorpio,369,0.5,0.41,0.395,0.26,0.29333333333333333,0.382,0.4751572871572871,2.6,4.4,5.6,7.4
svm,signo_zodiacal_escorpio,370,0.5,0.43999999999999995,0.45190365190365195,0.5,0.47281444718515664,0.502,0.5985104519663342,5.0,6.2,3.8,5.0
svm,signo_zodiacal_escorpio,371,0.5,0.39,0.4095726495726496,0.44000000000000006,0.42178489702517163,0.355,0.48073422312122005,4.4,6.6,3.4,5.6
svm,signo_zodiacal_escorpio,372,0.5,0.44000000000000006,0.396025641025641,0.34,0.34917502787068005,0.45600000000000007,0.5096886044811741,3.4,4.6,5.4,6.6
svm,signo_zodiacal_escorpio,373,0.5,0.39,0.36825396825396817,0.32,0.34179566563467495,0.352,0.48606957258427846,3.2,5.4,4.6,6.8
svm,signo_zodiacal_escorpio,374,0.5,0.59,0.5759018759018759,0.6799999999999999,0.6199248120300751,0.6119999999999999,0.6652361962083324,6.8,5.0,5.0,3.2
svm,signo_zodiacal_escorpio,375,0.5,0.45,0.4662698412698413,0.42000000000000004,0.41941976152502464,0.46799999999999997,0.5420108682167506,4.2,5.2,4.8,5.8
svm,signo_zodiacal_escorpio,376,0.5,0.42000000000000004,0.4166666666666667,0.44000000000000006,0.4242424242424242,0.40199999999999997,0.5158871216502795,4.4,6.0,4.0,5.6
svm,signo_zodiacal_escorpio,377,0.5,0.54,0.5218939393939395,0.6599999999999999,0.5748136308136307,0.538,0.5572799402180207,6.6,5.8,4.2,3.4
svm,signo_zodiacal_escorpio,378,0.5,0.53,0.5526190476190476,0.54,0.536635456734528,0.5660000000000001,0.6348890635508282,5.4,4.8,5.2,4.6
svm,signo_zodiacal_escorpio,379,0.5,0.56,0.5894444444444444,0.45999999999999996,0.4979127305443095,0.656,0.6592494978361851,4.6,3.4,6.6,5.4
svm,signo_zodiacal_escorpio,380,0.5,0.6200000000000001,0.6276923076923077,0.64,0.6286609805145275,0.626,0.6534346831359216,6.4,4.0,6.0,3.6
svm,signo_zodiacal_escorpio,381,0.5,0.47000000000000003,0.47030303030303033,0.48,0.44185281385281383,0.5279999999999999,0.6236338100324168,4.8,5.4,4.6,5.2
svm,signo_zodiacal_escorpio,382,0.5,0.52,0.5336796536796536,0.4,0.4499572460563172,0.508,0.5748043823221841,4.0,3.6,6.4,6.0
svm,signo_zodiacal_escorpio,383,0.5,0.54,0.5406410256410257,0.52,0.5164690382081687,0.5319999999999999,0.6437120406253533,5.2,4.4,5.6,4.8
svm,signo_zodiacal_escorpio,384,0.5,0.4800000000000001,0.352020202020202,0.32,0.32907268170426063,0.462,0.5116480986333928,3.2,3.6,6.4,6.8
svm,signo_zodiacal_escorpio,385,0.5,0.54,0.5483333333333333,0.42000000000000004,0.461010101010101,0.542,0.6038074513206092,4.2,3.4,6.6,5.8
svm,signo_zodiacal_escorpio,386,0.5,0.56,0.5416361416361417,0.64,0.5831565078704666,0.552,0.5944589007483744,6.4,5.2,4.8,3.6
svm,signo_zodiacal_escorpio,387,0.5,0.41000000000000003,0.4247619047619048,0.38,0.3875757575757576,0.36200000000000004,0.4874002515372484,3.8,5.6,4.4,6.2
svm,signo_zodiacal_escorpio,388,0.5,0.6,0.65,0.5,0.5435064935064935,0.6719999999999999,0.6926536296520817,5.0,3.0,7.0,5.0
svm,signo_zodiacal_escorpio,389,0.5,0.48,0.5071428571428571,0.3,0.3709310039805396,0.458,0.5559580892963245,3.0,3.4,6.6,7.0
svm,signo_zodiacal_escorpio,390,0.5,0.52,0.5076490176490176,0.6,0.5428381882397229,0.5399999999999999,0.5886413955841201,6.0,5.6,4.4,4.0
svm,signo_zodiacal_escorpio,391,0.5,0.58,0.638888888888889,0.43999999999999995,0.514766081871345,0.612,0.6322445522313943,4.4,2.8,7.2,5.6
svm,signo_zodiacal_escorpio,392,0.5,0.5,0.49424242424242426,0.45999999999999996,0.47488721804511275,0.522,0.5230056289599633,4.6,4.6,5.4,5.4
svm,signo_zodiacal_escorpio,393,0.5,0.42000000000000004,0.40976800976800976,0.42000000000000004,0.40620541122627535,0.37,0.4523638948770527,4.2,5.8,4.2,5.8
svm,signo_zodiacal_escorpio,394,0.5,0.47000000000000003,0.47393939393939394,0.48,0.4701515151515151,0.466,0.5390109988051165,4.8,5.4,4.6,5.2
svm,signo_zodiacal_escorpio,395,0.5,0.58,0.5961904761904762,0.48,0.506387090721456,0.6439999999999999,0.6762440486070516,4.8,3.2,6.8,5.2
svm,signo_zodiacal_escorpio,396,0.5,0.62,0.5852380952380953,0.8200000000000001,0.681939393939394,0.558,0.5578690602483172,8.2,5.8,4.2,1.8
svm,signo_zodiacal_escorpio,397,0.5,0.48,0.48119658119658115,0.52,0.4980821619265555,0.41,0.5024496336996337,5.2,5.6,4.4,4.8
svm,signo_zodiacal_escorpio,398,0.5,0.5599999999999999,0.5476623376623377,0.7,0.6126493506493506,0.5439999999999999,0.5840780500029725,7.0,5.8,4.2,3.0
svm,signo_zodiacal_escorpio,399,0.5,0.54,0.524965034965035,0.6,0.556183574879227,0.532,0.5722515345851259,6.0,5.2,4.8,4.0
svm,signo_zodiacal_escorpio,400,0.5,0.5,0.5122222222222221,0.44000000000000006,0.4640085061137693,0.532,0.5825747759292651,4.4,4.4,5.6,5.6
svm,signo_zodiacal_escorpio,401,0.5,0.59,0.6333333333333333,0.54,0.5656565656565655,0.674,0.6884056370186401,5.4,3.6,6.4,4.6
svm,signo_zodiacal_escorpio,402,0.5,0.54,0.565952380952381,0.36,0.43689542483660126,0.502,0.5594343783151833,3.6,2.8,7.2,6.4
svm,signo_zodiacal_escorpio,403,0.5,0.4800000000000001,0.470479797979798,0.5399999999999999,0.49695777906304217,0.5,0.5273434110609033,5.4,5.8,4.2,4.6
svm,signo_zodiacal_escorpio,404,0.5,0.4699999999999999,0.47132867132867134,0.48,0.4709454796411318,0.48199999999999993,0.557419302919303,4.8,5.4,4.6,5.2
svm,signo_zodiacal_escorpio,405,0.5,0.53,0.5346031746031745,0.36,0.40813209494324043,0.5599999999999999,0.593383115852156,3.6,3.0,7.0,6.4
svm,signo_zodiacal_escorpio,406,0.5,0.5700000000000001,0.5755555555555556,0.4999999999999999,0.5312573099415204,0.6180000000000001,0.6186907608215658,5.0,3.6,6.4,5.0
svm,signo_zodiacal_escorpio,407,0.5,0.49000000000000005,0.49340659340659343,0.5599999999999999,0.5197189284145807,0.45999999999999996,0.5222888027005674,5.6,5.8,4.2,4.4
svm,signo_zodiacal_escorpio,408,0.5,0.45,0.44988344988344986,0.38,0.3960771493952272,0.44200000000000006,0.5326340240426928,3.8,4.8,5.2,6.2
svm,signo_zodiacal_escorpio,409,0.5,0.55,0.558888888888889,0.6,0.5737990430622009,0.592,0.6486107211501948,6.0,5.0,5.0,4.0
svm,signo_zodiacal_escorpio,410,0.5,0.58,0.6083333333333333,0.43999999999999995,0.5091503267973856,0.586,0.6401456680574327,4.4,2.8,7.2,5.6
svm,signo_zodiacal_escorpio,411,0.5,0.43999999999999995,0.3972222222222222,0.27999999999999997,0.3205353126405758,0.42000000000000004,0.5034266967123004,2.8,4.0,6.0,7.2
svm,signo_zodiacal_escorpio,412,0.5,0.49000000000000005,0.48749028749028744,0.52,0.5011877519886674,0.5000000000000001,0.597138233283744,5.2,5.4,4.6,4.8
svm,signo_zodiacal_escorpio,413,0.5,0.5,0.5054195804195805,0.5599999999999999,0.5272225359181881,0.496,0.5796613870305821,5.6,5.6,4.4,4.4
svm,signo_zodiacal_escorpio,414,0.5,0.54,0.545,0.4,0.4453968253968254,0.534,0.5873555327541395,4.0,3.2,6.8,6.0
svm,signo_zodiacal_escorpio,415,0.5,0.53,0.5199999999999999,0.6200000000000001,0.5625454545454546,0.518,0.5851280951590548,6.2,5.6,4.4,3.8
svm,signo_zodiacal_escorpio,416,0.5,0.49000000000000005,0.47520202020202024,0.4000000000000001,0.42843776106934,0.524,0.5898085123510819,4.0,4.2,5.8,6.0
svm,signo_zodiacal_escorpio,417,0.5,0.5800000000000001,0.555122655122655,0.7,0.6151629072681704,0.6139999999999999,0.6753410441467718,7.0,5.4,4.6,3.0
svm,signo_zodiacal_escorpio,418,0.5,0.53,0.5333333333333333,0.54,0.5338193969772916,0.548,0.6136454748381992,5.4,4.8,5.2,4.6
svm,signo_zodiacal_escorpio,419,0.5,0.49000000000000005,0.4993162393162393,0.5800000000000001,0.5319192843769502,0.41999999999999993,0.5259707330852842,5.8,6.0,4.0,4.2
svm,signo_zodiacal_escorpio,420,0.5,0.57,0.5705011655011655,0.5800000000000001,0.5708430496531183,0.628,0.6625143914393139,5.8,4.4,5.6,4.2
svm,signo_zodiacal_escorpio,421,0.5,0.5800000000000001,0.5676190476190476,0.58,0.5613499702911467,0.5940000000000001,0.6082470107292088,5.8,4.2,5.8,4.2
svm,signo_zodiacal_escorpio,422,0.5,0.45999999999999996,0.45999999999999996,0.44000000000000006,0.44452380952380943,0.454,0.5242615623970113,4.4,5.2,4.8,5.6
svm,signo_zodiacal_escorpio,423,0.5,0.47000000000000003,0.4515151515151515,0.45999999999999996,0.4476890756302521,0.44399999999999995,0.538031111475384,4.6,5.2,4.8,5.4
svm,signo_zodiacal_escorpio,424,0.5,0.5,0.4984848484848484,0.5599999999999999,0.5272727272727271,0.53,0.5933798423798423,5.6,5.6,4.4,4.4
svm,signo_zodiacal_escorpio,425,0.5,0.47000000000000003,0.46923076923076923,0.6,0.5243952569169961,0.44800000000000006,0.4904602513070005,6.0,6.6,3.4,4.0
svm,signo_zodiacal_escorpio,426,0.5,0.64,0.6572727272727272,0.5599999999999999,0.5977777777777777,0.656,0.6787404035592889,5.6,2.8,7.2,4.4
svm,signo_zodiacal_escorpio,427,0.5,0.5700000000000001,0.5599456099456099,0.6199999999999999,0.5859520342357871,0.5860000000000001,0.6129784280047438,6.2,4.8,5.2,3.8
svm,signo_zodiacal_escorpio,428,0.5,0.45,0.4212698412698413,0.30000000000000004,0.3405679923791379,0.446,0.5221736247928199,3.0,4.0,6.0,7.0
svm,signo_zodiacal_escorpio,429,0.5,0.58,0.5801282051282051,0.62,0.59394863971523,0.546,0.6054399293516941,6.2,4.6,5.4,3.8
svm,signo_zodiacal_escorpio,430,0.5,0.5799999999999998,0.5633766233766233,0.62,0.583964858670741,0.6140000000000001,0.635820604232369,6.2,4.6,5.4,3.8
svm,signo_zodiacal_escorpio,431,0.5,0.4600000000000001,0.46980769230769226,0.6799999999999999,0.5540261477652783,0.44399999999999995,0.5069757921816745,6.8,7.6,2.4,3.2
svm,signo_zodiacal_escorpio,432,0.5,0.44000000000000006,0.4329004329004329,0.4600000000000001,0.4396273660979543,0.388,0.4674193502575855,4.6,5.8,4.2,5.4
svm,signo_zodiacal_escorpio,433,0.5,0.35,0.3498701298701299,0.4,0.3679765724471607,0.376,0.4990171593112769,4.0,7.0,3.0,6.0
svm,signo_zodiacal_escorpio,434,0.5,0.45,0.44875291375291376,0.4999999999999999,0.46548516218081437,0.466,0.5629745346672591,5.0,6.0,4.0,5.0
svm,signo_zodiacal_escorpio,435,0.5,0.54,0.5377777777777777,0.58,0.5545080091533181,0.514,0.5911216196084617,5.8,5.0,5.0,4.2
svm,signo_zodiacal_escorpio,436,0.5,0.39,0.3944230769230769,0.48,0.42818418296679167,0.33999999999999997,0.47224099515895174,4.8,7.0,3.0,5.2
svm,signo_zodiacal_escorpio,437,0.5,0.47000000000000003,0.4654700854700854,0.5599999999999999,0.5040931974204286,0.49000000000000005,0.5612791195732372,5.6,6.2,3.8,4.4
svm,signo_zodiacal_escorpio,438,0.5,0.36,0.32126984126984126,0.24000000000000005,0.26556799237913786,0.37,0.4542222493708562,2.4,5.2,4.8,7.6
svm,signo_zodiacal_escorpio,439,0.5,0.52,0.5041269841269841,0.58,0.5340350877192982,0.54,0.5992258662390241,5.8,5.4,4.6,4.2
svm,signo_zodiacal_escorpio,440,0.5,0.49000000000000005,0.49111111111111116,0.45999999999999996,0.4666357069143447,0.466,0.5376673403995385,4.6,4.8,5.2,5.4
svm,signo_zodiacal_escorpio,441,0.5,0.6,0.5846353646353646,0.7,0.6348880105401844,0.672,0.6906963375461826,7.0,5.0,5.0,3.0
svm,signo_zodiacal_escorpio,442,0.5,0.52,0.49924585218702866,0.5800000000000001,0.5250402576489532,0.602,0.6444466997570713,5.8,5.4,4.6,4.2
svm,signo_zodiacal_escorpio,443,0.5,0.6300000000000001,0.6226007326007327,0.6,0.5973835542121987,0.624,0.6251908985407437,6.0,3.4,6.6,4.0
svm,signo_zodiacal_escorpio,444,0.5,0.6599999999999999,0.7044444444444444,0.5599999999999999,0.6166081871345029,0.6960000000000002,0.7343874915933739,5.6,2.4,7.6,4.4
svm,signo_zodiacal_escorpio,445,0.5,0.54,0.5617460317460317,0.45999999999999996,0.5040798073615411,0.5900000000000001,0.6838575411516586,4.6,3.8,6.2,5.4
svm,signo_zodiacal_escorpio,446,0.5,0.4800000000000001,0.47435897435897434,0.44000000000000006,0.45156369183829137,0.506,0.5651221180780004,4.4,4.8,5.2,5.6
svm,signo_zodiacal_escorpio,447,0.5,0.54,0.5583333333333333,0.36,0.4333333333333333,0.47800000000000004,0.5627715623729556,3.6,2.8,7.2,6.4
svm,signo_zodiacal_escorpio,448,0.5,0.53,0.5636940836940837,0.4,0.4557511425622881,0.5040000000000001,0.5320967165789148,4.0,3.4,6.6,6.0
svm,signo_zodiacal_escorpio,449,0.5,0.4600000000000001,0.4822222222222222,0.52,0.49318022328548644,0.38999999999999996,0.5186884896149602,5.2,6.0,4.0,4.8
svm,signo_zodiacal_escorpio,450,0.5,0.59,0.5944888444888445,0.6399999999999999,0.6090831589552816,0.5860000000000001,0.6377101950337244,6.4,4.6,5.4,3.6
svm,signo_zodiacal_escorpio,451,0.5,0.43,0.41666666666666663,0.4,0.4055821371610845,0.43800000000000006,0.4976946854315275,4.0,5.4,4.6,6.0
svm,signo_zodiacal_escorpio,452,0.5,0.5,0.5,0.6399999999999999,0.5609354413702239,0.48600000000000004,0.5683627946700701,6.4,6.4,3.6,3.6
svm,signo_zodiacal_escorpio,453,0.5,0.54,0.5387445887445887,0.6199999999999999,0.5748917748917749,0.522,0.5604497991688394,6.2,5.4,4.6,3.8
svm,signo_zodiacal_escorpio,454,0.5,0.45000000000000007,0.4698426573426574,0.56,0.503689547167808,0.48200000000000004,0.5595248625643363,5.6,6.6,3.4,4.4
svm,signo_zodiacal_escorpio,455,0.5,0.55,0.5376623376623376,0.7200000000000001,0.6142857142857143,0.546,0.5909922387553965,7.2,6.2,3.8,2.8
svm,signo_zodiacal_escorpio,456,0.5,0.55,0.5885714285714286,0.4,0.4726797385620915,0.5599999999999999,0.6344279805162157,4.0,3.0,7.0,6.0
svm,signo_zodiacal_escorpio,457,0.5,0.51,0.5185281385281385,0.52,0.5123381984372697,0.514,0.6423913176606675,5.2,5.0,5.0,4.8
svm,signo_zodiacal_escorpio,458,0.5,0.43,0.4492424242424242,0.54,0.487978687978688,0.366,0.4544842673666203,5.4,6.8,3.2,4.6
svm,signo_zodiacal_escorpio,459,0.5,0.4600000000000001,0.43503607503607505,0.4800000000000001,0.45097803331859065,0.532,0.5926902427637721,4.8,5.6,4.4,5.2
svm,signo_zodiacal_escorpio,460,0.5,0.47000000000000003,0.46424242424242423,0.4,0.4001098901098901,0.44600000000000006,0.5317169666418892,4.0,4.6,5.4,6.0
svm,signo_zodiacal_escorpio,461,0.5,0.5700000000000001,0.5618506493506493,0.6599999999999999,0.5993637941006362,0.608,0.65187204298969,6.6,5.2,4.8,3.4
svm,signo_zodiacal_escorpio,462,0.5,0.5399999999999999,0.559090909090909,0.52,0.5315105946684894,0.5660000000000001,0.634263496307614,5.2,4.4,5.6,4.8
svm,signo_zodiacal_escorpio,463,0.5,0.33999999999999997,0.3586111111111111,0.45999999999999996,0.3985248435774751,0.42700000000000005,0.512105626399744,4.6,7.8,2.2,5.4
svm,signo_zodiacal_escorpio,464,0.5,0.41999999999999993,0.4399286987522282,0.58,0.49742664742664744,0.45599999999999996,0.5279702411451638,5.8,7.4,2.6,4.2
svm,signo_zodiacal_escorpio,465,0.5,0.53,0.5337662337662338,0.4,0.44336134453781517,0.488,0.5413301316846209,4.0,3.4,6.6,6.0
svm,signo_zodiacal_escorpio,466,0.5,0.37,0.3873809523809524,0.45999999999999996,0.4154655870445344,0.33799999999999997,0.48931480980319986,4.6,7.2,2.8,5.4
svm,signo_zodiacal_escorpio,467,0.5,0.54,0.5655555555555556,0.38,0.4492105263157894,0.524,0.5842515370766145,3.8,3.0,7.0,6.2
svm,signo_zodiacal_escorpio,468,0.5,0.49000000000000005,0.47646464646464654,0.42000000000000004,0.4350546821599453,0.516,0.5498306415806417,4.2,4.4,5.6,5.8
svm,signo_zodiacal_escorpio,469,0.5,0.52,0.5891176470588235,0.5399999999999999,0.5141595441595442,0.526,0.5893086990408972,5.4,5.0,5.0,4.6
svm,signo_zodiacal_escorpio,470,0.5,0.45,0.44848484848484843,0.42000000000000004,0.4314118629908103,0.454,0.5633590957546065,4.2,5.2,4.8,5.8
svm,signo_zodiacal_escorpio,471,0.5,0.48,0.4734065934065934,0.56,0.5056606990622335,0.48,0.573620148856991,5.6,6.0,4.0,4.4
svm,signo_zodiacal_escorpio,472,0.5,0.45,0.46256410256410263,0.6,0.5199710144927537,0.38599999999999995,0.47700583833091575,6.0,7.0,3.0,4.0
svm,signo_zodiacal_escorpio,473,0.5,0.51,0.54,0.3,0.37587301587301586,0.4959999999999999,0.5686018236149815,3.0,2.8,7.2,7.0
svm,signo_zodiacal_escorpio,474,0.5,0.38999999999999996,0.34686147186147187,0.28,0.3060224089635854,0.33399999999999996,0.4572405146453134,2.8,5.0,5.0,7.2
svm,signo_zodiacal_escorpio,475,0.5,0.54,0.6192424242424243,0.4,0.4605282436861384,0.558,0.630753459560735,4.0,3.2,6.8,6.0
svm,signo_zodiacal_escorpio,476,0.5,0.4600000000000001,0.467012987012987,0.45999999999999996,0.44952380952380955,0.434,0.5492111326066433,4.6,5.4,4.6,5.4
svm,signo_zodiacal_escorpio,477,0.5,0.54,0.5286446886446885,0.6199999999999999,0.5580724637681159,0.548,0.62000803771392,6.2,5.4,4.6,3.8
svm,signo_zodiacal_escorpio,478,0.5,0.5800000000000001,0.5828554778554779,0.6199999999999999,0.5955404981491939,0.578,0.697387716858305,6.2,4.6,5.4,3.8
svm,signo_zodiacal_escorpio,479,0.5,0.48,0.49772727272727274,0.38,0.4223015873015873,0.49000000000000005,0.5493366433188415,3.8,4.2,5.8,6.2
svm,signo_zodiacal_escorpio,480,0.5,0.5800000000000001,0.5762515262515263,0.58,0.5710471249036331,0.6280000000000001,0.6224543756896698,5.8,4.2,5.8,4.2
svm,signo_zodiacal_escorpio,481,0.5,0.49000000000000005,0.49696969696969695,0.5,0.4957241588820536,0.42399999999999993,0.5013601857378948,5.0,5.2,4.8,5.0
svm,signo_zodiacal_escorpio,482,0.5,0.52,0.5357142857142857,0.43999999999999995,0.4573792220851044,0.502,0.5557972001338874,4.4,4.0,6.0,5.6
svm,signo_zodiacal_escorpio,483,0.5,0.38,0.357983682983683,0.32,0.32981366459627326,0.30599999999999994,0.4315993404600215,3.2,5.6,4.4,6.8
svm,signo_zodiacal_escorpio,484,0.5,0.5,0.5042424242424242,0.48,0.49102756892230576,0.55,0.6087235613543663,4.8,4.8,5.2,5.2
svm,signo_zodiacal_escorpio,485,0.5,0.45999999999999996,0.4626418026418026,0.58,0.510806799607715,0.46399999999999997,0.5333950940700166,5.8,6.6,3.4,4.2
svm,signo_zodiacal_escorpio,486,0.5,0.53,0.5462204462204461,0.44000000000000006,0.46823772987455853,0.5279999999999999,0.5508361062741868,4.4,3.8,6.2,5.6
svm,signo_zodiacal_escorpio,487,0.5,0.4800000000000001,0.4031746031746032,0.30000000000000004,0.3430340557275542,0.502,0.609485459415026,3.0,3.4,6.6,7.0
svm,signo_zodiacal_escorpio,488,0.5,0.56,0.5597435897435898,0.6599999999999999,0.6020395256916996,0.557,0.6282601826278297,6.6,5.4,4.6,3.4
svm,signo_zodiacal_escorpio,489,0.5,0.47000000000000003,0.4257575757575758,0.36,0.37934837092731827,0.516,0.5967908033658806,3.6,4.2,5.8,6.4
svm,signo_zodiacal_escorpio,490,0.5,0.45,0.468008658008658,0.45999999999999996,0.45903234020881084,0.476,0.5343494915816897,4.6,5.6,4.4,5.4
svm,signo_zodiacal_escorpio,491,0.5,0.62,0.6138095238095238,0.7,0.6422531194295901,0.62,0.6794201617096354,7.0,4.6,5.4,3.0
svm,signo_zodiacal_escorpio,492,0.5,0.45,0.4525252525252526,0.5,0.4738209159261791,0.41200000000000003,0.4960581040906118,5.0,6.0,4.0,5.0
svm,signo_zodiacal_escorpio,493,0.5,0.43,0.41666666666666663,0.32,0.35421888053467,0.31799999999999995,0.4389838264590587,3.2,4.6,5.4,6.8
svm,signo_zodiacal_escorpio,494,0.5,0.58,0.5646678321678322,0.66,0.6007665764187503,0.596,0.6297224517828233,6.6,5.0,5.0,3.4
svm,signo_zodiacal_escorpio,495,0.5,0.55,0.5476190476190477,0.6799999999999999,0.6038787878787878,0.536,0.5742894148335325,6.8,5.8,4.2,3.2
svm,signo_zodiacal_escorpio,496,0.5,0.4800000000000001,0.47158119658119657,0.43999999999999995,0.4476163234172388,0.49399999999999994,0.5863533399005535,4.4,4.8,5.2,5.6
svm,signo_zodiacal_escorpio,497,0.5,0.43000000000000005,0.4472527472527473,0.5599999999999999,0.49565217391304345,0.44799999999999995,0.5564852179983758,5.6,7.0,3.0,4.4
svm,signo_zodiacal_escorpio,498,0.5,0.5800000000000001,0.5890909090909091,0.6199999999999999,0.5917402597402598,0.6699999999999999,0.7317096128845354,6.2,4.6,5.4,3.8
svm,signo_zodiacal_escorpio,499,0.5,0.54,0.5507936507936508,0.5,0.49574898785425103,0.616,0.6615492295801892,5.0,4.2,5.8,5.0
svm,signo_zodiacal_escorpio,500,0.5,0.44000000000000006,0.44082362082362075,0.52,0.4731877519886673,0.394,0.4823406048715646,5.2,6.4,3.6,4.8
svm,signo_zodiacal_geminis,1,0.5,0.5900000000000001,0.5602380952380952,0.78,0.6438119658119659,0.524,0.5576996418614065,7.8,6.0,4.0,2.2
svm,signo_zodiacal_geminis,2,0.5,0.51,0.5755050505050505,0.44000000000000006,0.46770072033229926,0.514,0.5807180293047167,4.4,4.2,5.8,5.6
svm,signo_zodiacal_geminis,3,0.5,0.51,0.5057142857142857,0.45999999999999996,0.4751120448179272,0.5,0.5772060260001436,4.6,4.4,5.6,5.4
svm,signo_zodiacal_geminis,4,0.5,0.48,0.48540792540792543,0.6,0.5348872576698663,0.45999999999999996,0.5368512779789869,6.0,6.4,3.6,4.0
svm,signo_zodiacal_geminis,5,0.5,0.44000000000000006,0.41540616246498596,0.43999999999999995,0.41413828689370485,0.476,0.5275855312558099,4.4,5.6,4.4,5.6
svm,signo_zodiacal_geminis,6,0.5,0.41,0.4351082251082251,0.58,0.49546320346320344,0.442,0.5421577672413587,5.8,7.6,2.4,4.2
svm,signo_zodiacal_geminis,7,0.5,0.6300000000000001,0.700873015873016,0.48,0.5642174062607499,0.588,0.6469751447383025,4.8,2.2,7.8,5.2
svm,signo_zodiacal_geminis,8,0.5,0.55,0.5494949494949495,0.5599999999999999,0.552950558213716,0.542,0.5642423018158312,5.6,4.6,5.4,4.4
svm,signo_zodiacal_geminis,9,0.5,0.5599999999999999,0.5533333333333333,0.5199999999999999,0.5163475355054302,0.558,0.5862215088832736,5.2,4.0,6.0,4.8
svm,signo_zodiacal_geminis,10,0.5,0.48,0.4820512820512821,0.64,0.5483733657646701,0.44400000000000006,0.5264073088074637,6.4,6.8,3.2,3.6
svm,signo_zodiacal_geminis,11,0.5,0.38,0.3621031746031746,0.36,0.35137995819110374,0.329,0.44940296081627346,3.6,6.0,4.0,6.4
svm,signo_zodiacal_geminis,12,0.5,0.5900000000000001,0.6619480519480521,0.45999999999999996,0.524313725490196,0.5720000000000001,0.6379282630853839,4.6,2.8,7.2,5.4
svm,signo_zodiacal_geminis,13,0.5,0.4600000000000001,0.4607326007326007,0.54,0.4889978014088931,0.45199999999999996,0.536971668682195,5.4,6.2,3.8,4.6
svm,signo_zodiacal_geminis,14,0.5,0.4699999999999999,0.4647319347319347,0.5399999999999999,0.49507798481711535,0.44399999999999995,0.5426238412430362,5.4,6.0,4.0,4.6
svm,signo_zodiacal_geminis,15,0.5,0.4699999999999999,0.47794871794871796,0.64,0.5464532279314889,0.479,0.6031034172226122,6.4,7.0,3.0,3.6
svm,signo_zodiacal_geminis,16,0.5,0.55,0.5963924963924965,0.48,0.5138193076273572,0.522,0.5806140799345133,4.8,3.8,6.2,5.2
svm,signo_zodiacal_geminis,17,0.5,0.6,0.595995670995671,0.64,0.6108035239614187,0.5780000000000001,0.6019546549941286,6.4,4.4,5.6,3.6
svm,signo_zodiacal_geminis,18,0.5,0.48,0.45952380952380956,0.41999999999999993,0.43380867498514564,0.55,0.5870081656389706,4.2,4.6,5.4,5.8
svm,signo_zodiacal_geminis,19,0.5,0.38,0.39642857142857146,0.48,0.4303030303030303,0.284,0.40578468976843596,4.8,7.2,2.8,5.2
svm,signo_zodiacal_geminis,20,0.5,0.48999999999999994,0.4964646464646464,0.45999999999999996,0.4716735019366598,0.41000000000000003,0.5078454878454879,4.6,4.8,5.2,5.4
svm,signo_zodiacal_geminis,21,0.5,0.47000000000000003,0.4666666666666667,0.58,0.507921568627451,0.45099999999999996,0.5347443889959369,5.8,6.4,3.6,4.2
svm,signo_zodiacal_geminis,22,0.5,0.49000000000000005,0.48611111111111116,0.5399999999999999,0.5045305571621361,0.44699999999999995,0.5119430296225962,5.4,5.6,4.4,4.6
svm,signo_zodiacal_geminis,23,0.5,0.55,0.5642424242424242,0.6,0.5685714285714285,0.556,0.5870011002069826,6.0,5.0,5.0,4.0
svm,signo_zodiacal_geminis,24,0.5,0.4600000000000001,0.45555555555555555,0.42000000000000004,0.4347687400318979,0.49400000000000005,0.5660102191410241,4.2,5.0,5.0,5.8
svm,signo_zodiacal_geminis,25,0.5,0.5199999999999999,0.5166666666666667,0.45999999999999996,0.47525252525252526,0.538,0.5849808422571581,4.6,4.2,5.8,5.4
svm,signo_zodiacal_geminis,26,0.5,0.54,0.55,0.45999999999999996,0.4911616161616162,0.5439999999999999,0.5742047017310175,4.6,3.8,6.2,5.4
svm,signo_zodiacal_geminis,27,0.5,0.52,0.5184848484848484,0.54,0.5266378066378066,0.5850000000000001,0.6681406083596485,5.4,5.0,5.0,4.6
svm,signo_zodiacal_geminis,28,0.5,0.4800000000000001,0.46805194805194805,0.42000000000000004,0.44007469654528475,0.43,0.5021234543750024,4.2,4.6,5.4,5.8
svm,signo_zodiacal_geminis,29,0.5,0.53,0.5811965811965812,0.4,0.4552250190694127,0.5740000000000001,0.619114846539769,4.0,3.4,6.6,6.0
svm,signo_zodiacal_geminis,30,0.5,0.39,0.346031746031746,0.26,0.2929360165118679,0.332,0.449457747103258,2.6,4.8,5.2,7.4
svm,signo_zodiacal_geminis,31,0.5,0.5199999999999999,0.5107692307692308,0.6200000000000001,0.557536231884058,0.508,0.6077280040221215,6.2,5.8,4.2,3.8
svm,signo_zodiacal_geminis,32,0.5,0.45999999999999996,0.45555555555555555,0.5399999999999999,0.48979266347687406,0.442,0.5445035536359065,5.4,6.2,3.8,4.6
svm,signo_zodiacal_geminis,33,0.5,0.5599999999999999,0.5688422688422689,0.6,0.5819439904108096,0.526,0.5647914938518653,6.0,4.8,5.2,4.0
svm,signo_zodiacal_geminis,34,0.5,0.45,0.45473193473193474,0.5599999999999999,0.4997244494635799,0.394,0.4920841678960873,5.6,6.6,3.4,4.4
svm,signo_zodiacal_geminis,35,0.5,0.45,0.4598834498834499,0.62,0.5255719353110658,0.44299999999999995,0.5281688687129863,6.2,7.2,2.8,3.8
svm,signo_zodiacal_geminis,36,0.5,0.51,0.502020202020202,0.54,0.5182046024151287,0.506,0.5422024539787698,5.4,5.2,4.8,4.6
svm,signo_zodiacal_geminis,37,0.5,0.55,0.5692929292929293,0.45999999999999996,0.49383458646616535,0.5770000000000001,0.6340951085378329,4.6,3.6,6.4,5.4
svm,signo_zodiacal_geminis,38,0.5,0.4800000000000001,0.4847319347319347,0.54,0.5075224292615597,0.442,0.5083530636030635,5.4,5.8,4.2,4.6
svm,signo_zodiacal_geminis,39,0.5,0.4600000000000001,0.46878454878454867,0.45999999999999996,0.4594701587728913,0.466,0.5538514367469476,4.6,5.4,4.6,5.4
svm,signo_zodiacal_geminis,40,0.5,0.5200000000000001,0.5103535353535353,0.5599999999999999,0.5292891319207109,0.496,0.5809370994502572,5.6,5.2,4.8,4.4
svm,signo_zodiacal_geminis,41,0.5,0.51,0.509090909090909,0.5,0.5011544011544011,0.508,0.5681614567922618,5.0,4.8,5.2,5.0
svm,signo_zodiacal_geminis,42,0.5,0.47000000000000003,0.4683333333333334,0.52,0.4877575757575757,0.48999999999999994,0.5624549694371677,5.2,5.8,4.2,4.8
svm,signo_zodiacal_geminis,43,0.5,0.41000000000000003,0.4097619047619047,0.42000000000000004,0.40816399286987515,0.413,0.5227454326719032,4.2,6.0,4.0,5.8
svm,signo_zodiacal_geminis,44,0.5,0.47000000000000003,0.46311688311688304,0.5199999999999999,0.4788095238095238,0.45,0.555354588394062,5.2,5.8,4.2,4.8
svm,signo_zodiacal_geminis,45,0.5,0.47000000000000003,0.4832900432900432,0.4800000000000001,0.4665536032594856,0.43599999999999994,0.5004470915221689,4.8,5.4,4.6,5.2
svm,signo_zodiacal_geminis,46,0.5,0.47000000000000003,0.4606593406593406,0.54,0.4916965046888321,0.4620000000000001,0.5400759414304306,5.4,6.0,4.0,4.6
svm,signo_zodiacal_geminis,47,0.5,0.53,0.5257142857142857,0.5,0.4945882352941176,0.514,0.5483073109381159,5.0,4.4,5.6,5.0
svm,signo_zodiacal_geminis,48,0.5,0.45999999999999996,0.4115200588884799,0.54,0.4601627757549796,0.392,0.5314958591460138,5.4,6.2,3.8,4.6
svm,signo_zodiacal_geminis,49,0.5,0.38,0.3900649350649351,0.42000000000000004,0.4014285714285714,0.39,0.49320842435857914,4.2,6.6,3.4,5.8
svm,signo_zodiacal_geminis,50,0.5,0.55,0.5551948051948051,0.5599999999999999,0.5520351681342394,0.6239999999999999,0.6380632504750151,5.6,4.6,5.4,4.4
svm,signo_zodiacal_geminis,51,0.5,0.48,0.4862179487179487,0.64,0.5511705685618729,0.47800000000000004,0.5544682447755203,6.4,6.8,3.2,3.6
svm,signo_zodiacal_geminis,52,0.5,0.49000000000000005,0.485,0.42000000000000004,0.4424242424242424,0.4720000000000001,0.5330950079332433,4.2,4.4,5.6,5.8
svm,signo_zodiacal_geminis,53,0.5,0.39,0.37924242424242427,0.38,0.3772582972582973,0.406,0.5363763746573345,3.8,6.0,4.0,6.2
svm,signo_zodiacal_geminis,54,0.5,0.53,0.5209523809523808,0.72,0.6040869565217392,0.476,0.5498086635586634,7.2,6.6,3.4,2.8
svm,signo_zodiacal_geminis,55,0.5,0.5,0.5188419913419914,0.6,0.5438155569920277,0.514,0.5886371020620247,6.0,6.0,4.0,4.0
svm,signo_zodiacal_geminis,56,0.5,0.41000000000000003,0.37507326007326003,0.4,0.378230358504958,0.398,0.5421630818441964,4.0,5.8,4.2,6.0
svm,signo_zodiacal_geminis,57,0.5,0.35,0.3726406926406926,0.4,0.37463408521303254,0.366,0.5035359975421895,4.0,7.0,3.0,6.0
svm,signo_zodiacal_geminis,58,0.5,0.53,0.5248917748917749,0.6000000000000001,0.5555555555555556,0.5399999999999999,0.6065861464816573,6.0,5.4,4.6,4.0
svm,signo_zodiacal_geminis,59,0.5,0.53,0.5016317016317016,0.48,0.47531537874787305,0.5660000000000001,0.5967695441813089,4.8,4.2,5.8,5.2
svm,signo_zodiacal_geminis,60,0.5,0.6100000000000001,0.5886324786324786,0.7,0.6342500520074891,0.5680000000000001,0.5885211645080066,7.0,4.8,5.2,3.0
svm,signo_zodiacal_geminis,61,0.5,0.51,0.4113636363636363,0.39999999999999997,0.4031746031746032,0.48,0.5343862228243033,4.0,3.8,6.2,6.0
svm,signo_zodiacal_geminis,62,0.5,0.54,0.5426190476190476,0.6,0.5644444444444444,0.556,0.5774638690343025,6.0,5.2,4.8,4.0
svm,signo_zodiacal_geminis,63,0.5,0.44000000000000006,0.4442424242424242,0.44000000000000006,0.4243809523809524,0.466,0.5215967416656271,4.4,5.6,4.4,5.6
svm,signo_zodiacal_geminis,64,0.5,0.41,0.42601398601398605,0.5,0.45724223602484465,0.442,0.5462563737432158,5.0,6.8,3.2,5.0
svm,signo_zodiacal_geminis,65,0.5,0.7,0.6708857808857809,0.82,0.7356039902126859,0.733,0.7617568075199653,8.2,4.2,5.8,1.8
svm,signo_zodiacal_geminis,66,0.5,0.42000000000000004,0.4223809523809524,0.48,0.4425882352941176,0.48,0.5886573698059767,4.8,6.4,3.6,5.2
svm,signo_zodiacal_geminis,67,0.5,0.38999999999999996,0.3538095238095238,0.27999999999999997,0.3103921568627451,0.358,0.4479500977178995,2.8,5.0,5.0,7.2
svm,signo_zodiacal_geminis,68,0.5,0.51,0.5128282828282829,0.62,0.5548917748917749,0.5109999999999999,0.5340557851161567,6.2,6.0,4.0,3.8
svm,signo_zodiacal_geminis,69,0.5,0.45,0.44904761904761903,0.45999999999999996,0.4505882352941176,0.504,0.5891152160532965,4.6,5.6,4.4,5.4
svm,signo_zodiacal_geminis,70,0.5,0.4600000000000001,0.4688131313131313,0.5599999999999999,0.5061885482938114,0.46000000000000013,0.5218072385131208,5.6,6.4,3.6,4.4
svm,signo_zodiacal_geminis,71,0.5,0.5599999999999999,0.53990231990232,0.6,0.5589818279714632,0.552,0.5832578620210199,6.0,4.8,5.2,4.0
svm,signo_zodiacal_geminis,72,0.5,0.5900000000000001,0.5911470985155196,0.7,0.6295841552907757,0.5780000000000001,0.6355077981873646,7.0,5.2,4.8,3.0
svm,signo_zodiacal_geminis,73,0.5,0.5,0.4987179487179487,0.6399999999999999,0.5601449275362318,0.538,0.5807613295717011,6.4,6.4,3.6,3.6
svm,signo_zodiacal_geminis,74,0.5,0.4,0.3952380952380952,0.18,0.23613785595209746,0.384,0.5026555234411271,1.8,3.8,6.2,8.2
svm,signo_zodiacal_geminis,75,0.5,0.65,0.6310622710622711,0.78,0.6852992327365729,0.634,0.6563846061918817,7.8,4.8,5.2,2.2
svm,signo_zodiacal_geminis,76,0.5,0.6,0.602857142857143,0.68,0.6218770510535216,0.61,0.6632869989487636,6.8,4.8,5.2,3.2
svm,signo_zodiacal_geminis,77,0.5,0.45999999999999996,0.5383394383394384,0.44000000000000006,0.45839962224401576,0.40199999999999997,0.550759956160111,4.4,5.2,4.8,5.6
svm,signo_zodiacal_geminis,78,0.5,0.4800000000000001,0.49117965367965366,0.4999999999999999,0.48027315821433464,0.44699999999999995,0.4983652256755972,5.0,5.4,4.6,5.0
svm,signo_zodiacal_geminis,79,0.5,0.55,0.553030303030303,0.64,0.5905281385281386,0.6159999999999999,0.6586243745934148,6.4,5.4,4.6,3.6
svm,signo_zodiacal_geminis,80,0.5,0.45,0.42333333333333334,0.4,0.38257142857142856,0.472,0.5787576610695805,4.0,5.0,5.0,6.0
svm,signo_zodiacal_geminis,81,0.5,0.43000000000000005,0.4276190476190476,0.32,0.35833614785627177,0.39799999999999996,0.4871561047311821,3.2,4.6,5.4,6.8
svm,signo_zodiacal_geminis,82,0.5,0.43,0.38555555555555554,0.3,0.3292731829573935,0.38799999999999996,0.48320060761392025,3.0,4.4,5.6,7.0
svm,signo_zodiacal_geminis,83,0.5,0.44000000000000006,0.4377622377622378,0.38,0.3874980092371397,0.37799999999999995,0.49531692696708174,3.8,5.0,5.0,6.2
svm,signo_zodiacal_geminis,84,0.5,0.45,0.45555555555555555,0.42000000000000004,0.4084529505582137,0.41800000000000004,0.5442612397921994,4.2,5.2,4.8,5.8
svm,signo_zodiacal_geminis,85,0.5,0.58,0.5748484848484848,0.6199999999999999,0.5958441558441558,0.572,0.6264502704897442,6.2,4.6,5.4,3.8
svm,signo_zodiacal_geminis,86,0.5,0.47000000000000003,0.4416666666666666,0.4,0.4124629756208703,0.512,0.5468834003114189,4.0,4.6,5.4,6.0
svm,signo_zodiacal_geminis,87,0.5,0.5499999999999999,0.545050505050505,0.45999999999999996,0.48859649122807014,0.502,0.579380325986363,4.6,3.6,6.4,5.4
svm,signo_zodiacal_geminis,88,0.5,0.43,0.4401398601398602,0.52,0.47563335215509134,0.45200000000000007,0.5326133223501645,5.2,6.6,3.4,4.8
svm,signo_zodiacal_geminis,89,0.5,0.49000000000000005,0.5052813852813853,0.38,0.425266106442577,0.558,0.6165865431438186,3.8,4.0,6.0,6.2
svm,signo_zodiacal_geminis,90,0.5,0.4800000000000001,0.4834188034188034,0.52,0.4991347935055028,0.43600000000000005,0.48032925098637175,5.2,5.6,4.4,4.8
svm,signo_zodiacal_geminis,91,0.5,0.43000000000000005,0.4125757575757576,0.26,0.3017765567765568,0.41,0.5303841283415587,2.6,4.0,6.0,7.4
svm,signo_zodiacal_geminis,92,0.5,0.45,0.4357142857142858,0.36000000000000004,0.39281045751633986,0.39999999999999997,0.46463816781773437,3.6,4.6,5.4,6.4
svm,signo_zodiacal_geminis,93,0.5,0.49000000000000005,0.5019230769230769,0.48,0.4786231884057971,0.502,0.5764585985909514,4.8,5.0,5.0,5.2
svm,signo_zodiacal_geminis,94,0.5,0.6399999999999999,0.6513186813186813,0.6,0.6163910201761864,0.676,0.7017522542816661,6.0,3.2,6.8,4.0
svm,signo_zodiacal_geminis,95,0.5,0.5700000000000001,0.5688888888888889,0.5999999999999999,0.581913875598086,0.576,0.6376716241275064,6.0,4.6,5.4,4.0
svm,signo_zodiacal_geminis,96,0.5,0.41000000000000003,0.4038095238095238,0.5199999999999999,0.44772549019607844,0.41800000000000004,0.5304145962396737,5.2,7.0,3.0,4.8
svm,signo_zodiacal_geminis,97,0.5,0.49000000000000005,0.49050505050505055,0.56,0.5185445431761221,0.558,0.6262376963421855,5.6,5.8,4.2,4.4
svm,signo_zodiacal_geminis,98,0.5,0.41,0.42666666666666664,0.52,0.4669090909090909,0.354,0.45447836623301024,5.2,7.0,3.0,4.8
svm,signo_zodiacal_geminis,99,0.5,0.47000000000000003,0.4372222222222222,0.36,0.39274853801169585,0.46399999999999997,0.5656605616605616,3.6,4.2,5.8,6.4
svm,signo_zodiacal_geminis,100,0.5,0.45999999999999996,0.4819230769230769,0.54,0.49962318840579717,0.398,0.4828477941906734,5.4,6.2,3.8,4.6
svm,signo_zodiacal_geminis,101,0.5,0.44000000000000006,0.4076190476190476,0.28,0.32745098039215687,0.44400000000000006,0.521433418061127,2.8,4.0,6.0,7.2
svm,signo_zodiacal_geminis,102,0.5,0.5,0.498974358974359,0.6,0.5384881769641495,0.558,0.6025444441179734,6.0,6.0,4.0,4.0
svm,signo_zodiacal_geminis,103,0.5,0.5,0.501958041958042,0.6199999999999999,0.5514948240165631,0.544,0.5991973679914857,6.2,6.2,3.8,3.8
svm,signo_zodiacal_geminis,104,0.5,0.5800000000000001,0.5803535353535354,0.58,0.5770669096984886,0.6279999999999999,0.6491498399261557,5.8,4.2,5.8,4.2
svm,signo_zodiacal_geminis,105,0.5,0.43000000000000005,0.44257964257964255,0.5199999999999999,0.47544949329846353,0.41200000000000003,0.5248404769465141,5.2,6.6,3.4,4.8
svm,signo_zodiacal_geminis,106,0.5,0.53,0.5374603174603174,0.45999999999999996,0.4924458204334366,0.554,0.6010576608633885,4.6,4.0,6.0,5.4
svm,signo_zodiacal_geminis,107,0.5,0.5599999999999999,0.5467099567099567,0.7,0.611982683982684,0.6,0.6551651393841795,7.0,5.8,4.2,3.0
svm,signo_zodiacal_geminis,108,0.5,0.52,0.5119658119658119,0.6,0.5506136883711255,0.5860000000000001,0.6687205745750636,6.0,5.6,4.4,4.0
svm,signo_zodiacal_geminis,109,0.5,0.5,0.4948484848484848,0.54,0.5158441558441558,0.53,0.5969462298107808,5.4,5.4,4.6,4.6
svm,signo_zodiacal_geminis,110,0.5,0.51,0.5099456099456099,0.6,0.5480732463569992,0.536,0.6012437089054735,6.0,5.8,4.2,4.0
svm,signo_zodiacal_geminis,111,0.5,0.54,0.5549999999999999,0.38,0.4341700404858299,0.506,0.535576865944513,3.8,3.0,7.0,6.2
svm,signo_zodiacal_geminis,112,0.5,0.49000000000000005,0.46818181818181814,0.43999999999999995,0.4463492063492064,0.492,0.608987901417468,4.4,4.6,5.4,5.6
svm,signo_zodiacal_geminis,113,0.5,0.6,0.6006526806526806,0.6199999999999999,0.6070001089680723,0.6119999999999999,0.6815207635501753,6.2,4.2,5.8,3.8
svm,signo_zodiacal_geminis,114,0.5,0.41000000000000003,0.46045454545454556,0.28,0.3123809523809523,0.418,0.5136407769217366,2.8,4.6,5.4,7.2
svm,signo_zodiacal_geminis,115,0.5,0.54,0.5283449883449884,0.6399999999999999,0.5729965493443755,0.526,0.5852708200811916,6.4,5.6,4.4,3.6
svm,signo_zodiacal_geminis,116,0.5,0.48,0.4778199578199578,0.48,0.47438468293495883,0.4640000000000001,0.56586001296605,4.8,5.2,4.8,5.2
svm,signo_zodiacal_geminis,117,0.5,0.49000000000000005,0.48269230769230764,0.5,0.4869703904028847,0.508,0.5858734588424992,5.0,5.2,4.8,5.0
svm,signo_zodiacal_geminis,118,0.5,0.4,0.3609523809523809,0.28,0.3107843137254902,0.42000000000000004,0.5334068648070196,2.8,4.8,5.2,7.2
svm,signo_zodiacal_geminis,119,0.5,0.53,0.5311111111111111,0.52,0.5238277511961723,0.5700000000000001,0.6433874720051189,5.2,4.6,5.4,4.8
svm,signo_zodiacal_geminis,120,0.5,0.55,0.5688095238095239,0.45999999999999996,0.5031699346405228,0.576,0.6658111425038669,4.6,3.6,6.4,5.4
svm,signo_zodiacal_geminis,121,0.5,0.53,0.5342857142857144,0.41999999999999993,0.46411764705882347,0.5980000000000001,0.6097109824300226,4.2,3.6,6.4,5.8
svm,signo_zodiacal_geminis,122,0.5,0.55,0.5437373737373737,0.58,0.5600546821599452,0.5860000000000001,0.6398807266864541,5.8,4.8,5.2,4.2
svm,signo_zodiacal_geminis,123,0.5,0.49000000000000005,0.47516806722689076,0.45999999999999996,0.44745098039215686,0.44799999999999995,0.5231706800251692,4.6,4.8,5.2,5.4
svm,signo_zodiacal_geminis,124,0.5,0.5,0.5075757575757576,0.52,0.5083959899749374,0.45499999999999996,0.5089856177534197,5.2,5.2,4.8,4.8
svm,signo_zodiacal_geminis,125,0.5,0.38,0.3543939393939394,0.32,0.3311399711399711,0.37,0.5211030683283006,3.2,5.6,4.4,6.8
svm,signo_zodiacal_geminis,126,0.5,0.6100000000000001,0.6024009324009325,0.6200000000000001,0.5971277997364954,0.652,0.7337388140755012,6.2,4.0,6.0,3.8
svm,signo_zodiacal_geminis,127,0.5,0.5700000000000001,0.5634343434343434,0.5599999999999999,0.5597660818713449,0.546,0.5911287313477717,5.6,4.2,5.8,4.4
svm,signo_zodiacal_geminis,128,0.5,0.45999999999999996,0.45626984126984127,0.5,0.46776608187134505,0.418,0.504488816137423,5.0,5.8,4.2,5.0
svm,signo_zodiacal_geminis,129,0.5,0.5,0.5277272727272727,0.36,0.4152380952380952,0.45,0.52389766932414,3.6,3.6,6.4,6.4
svm,signo_zodiacal_geminis,130,0.5,0.51,0.509090909090909,0.4600000000000001,0.47489177489177486,0.528,0.5694229457333172,4.6,4.4,5.6,5.4
svm,signo_zodiacal_geminis,131,0.5,0.51,0.5087912087912088,0.64,0.5652173913043479,0.546,0.5902644844835248,6.4,6.2,3.8,3.6
svm,signo_zodiacal_geminis,132,0.5,0.5599999999999999,0.5513986013986014,0.64,0.5917937135328438,0.5880000000000001,0.6533938334627188,6.4,5.2,4.8,3.6
svm,signo_zodiacal_geminis,133,0.5,0.53,0.5440476190476191,0.34,0.41384220354808593,0.49400000000000005,0.5723807962763071,3.4,2.8,7.2,6.6
svm,signo_zodiacal_geminis,134,0.5,0.45999999999999996,0.4714285714285714,0.48,0.4696312974950746,0.41400000000000003,0.49031288156288155,4.8,5.6,4.4,5.2
svm,signo_zodiacal_geminis,135,0.5,0.6,0.5960224089635854,0.7,0.6348343079922028,0.54,0.5754818427186847,7.0,5.0,5.0,3.0
svm,signo_zodiacal_geminis,136,0.5,0.47000000000000003,0.4583333333333333,0.32,0.3742690058479532,0.46799999999999997,0.5566880629690227,3.2,3.8,6.2,6.8
svm,signo_zodiacal_geminis,137,0.5,0.55,0.5800000000000001,0.4,0.4655555555555555,0.546,0.5754047172297947,4.0,3.0,7.0,6.0
svm,signo_zodiacal_geminis,138,0.5,0.4,0.37825396825396823,0.38,0.3719243206054352,0.418,0.499633135869978,3.8,5.8,4.2,6.2
svm,signo_zodiacal_geminis,139,0.5,0.55,0.5686013986013986,0.5199999999999999,0.5303105590062112,0.48600000000000004,0.5494265348514574,5.2,4.2,5.8,4.8
svm,signo_zodiacal_geminis,140,0.5,0.45,0.4405194805194805,0.42000000000000004,0.4245530939648587,0.5,0.5683597503287906,4.2,5.2,4.8,5.8
svm,signo_zodiacal_geminis,141,0.5,0.6900000000000001,0.6879797979797979,0.72,0.694987468671679,0.712,0.7635071970513146,7.2,3.4,6.6,2.8
svm,signo_zodiacal_geminis,142,0.5,0.6,0.6698412698412698,0.44000000000000006,0.5196606712860582,0.646,0.6873863528112755,4.4,2.4,7.6,5.6
svm,signo_zodiacal_geminis,143,0.5,0.43,0.4225507825507825,0.5,0.45249153574473266,0.41600000000000004,0.5484194447623241,5.0,6.4,3.6,5.0
svm,signo_zodiacal_geminis,144,0.5,0.53,0.5215909090909091,0.66,0.58001998001998,0.5159999999999999,0.5636087609500923,6.6,6.0,4.0,3.4
svm,signo_zodiacal_geminis,145,0.5,0.41,0.4207070707070707,0.45999999999999996,0.43832308042834356,0.4720000000000001,0.5527738182869761,4.6,6.4,3.6,5.4
svm,signo_zodiacal_geminis,146,0.5,0.5200000000000001,0.5131890331890332,0.5,0.503470440807902,0.5359999999999999,0.6435443435133837,5.0,4.6,5.4,5.0
svm,signo_zodiacal_geminis,147,0.5,0.39,0.3996886446886446,0.45999999999999996,0.423741765480896,0.336,0.46372631762802036,4.6,6.8,3.2,5.4
svm,signo_zodiacal_geminis,148,0.5,0.47000000000000003,0.4593650793650793,0.42000000000000004,0.4375851393188855,0.41600000000000004,0.4998064162359827,4.2,4.8,5.2,5.8
svm,signo_zodiacal_geminis,149,0.5,0.6399999999999999,0.7328571428571429,0.52,0.5832880844645552,0.68,0.7521967907393603,5.2,2.4,7.6,4.8
svm,signo_zodiacal_geminis,150,0.5,0.49000000000000005,0.4702741702741703,0.44000000000000006,0.4469619905378419,0.47800000000000004,0.5757759107937126,4.4,4.6,5.4,5.6
svm,signo_zodiacal_geminis,151,0.5,0.49000000000000005,0.4807575757575758,0.44000000000000006,0.45539682539682536,0.4779999999999999,0.5673328334032668,4.4,4.6,5.4,5.6
svm,signo_zodiacal_geminis,152,0.5,0.44000000000000006,0.43781995781995775,0.43999999999999995,0.4343846829349588,0.47400000000000003,0.5592721989912393,4.4,5.6,4.4,5.6
svm,signo_zodiacal_geminis,153,0.5,0.5,0.45986013986013985,0.52,0.48182194616977225,0.4879999999999999,0.5362342075708948,5.2,5.2,4.8,4.8
svm,signo_zodiacal_geminis,154,0.5,0.54,0.5267399267399268,0.5800000000000001,0.5468728202743548,0.5199999999999999,0.541370580571819,5.8,5.0,5.0,4.2
svm,signo_zodiacal_geminis,155,0.5,0.5599999999999999,0.5789393939393939,0.52,0.5339393939393939,0.5,0.5555408294835539,5.2,4.0,6.0,4.8
svm,signo_zodiacal_geminis,156,0.5,0.54,0.5693156843156844,0.48,0.5053432387447734,0.537,0.563574810810105,4.8,4.0,6.0,5.2
svm,signo_zodiacal_geminis,157,0.5,0.42000000000000004,0.4255050505050505,0.38000000000000006,0.3958475734791524,0.426,0.533303142334102,3.8,5.4,4.6,6.2
svm,signo_zodiacal_geminis,158,0.5,0.49000000000000005,0.4746031746031746,0.42000000000000004,0.44020546017450035,0.554,0.5849179176516638,4.2,4.4,5.6,5.8
svm,signo_zodiacal_geminis,159,0.5,0.5199999999999999,0.5111111111111111,0.44000000000000006,0.47105263157894733,0.492,0.6049317647436843,4.4,4.0,6.0,5.6
svm,signo_zodiacal_geminis,160,0.5,0.5,0.5019265048676813,0.6599999999999999,0.5671915845828889,0.594,0.7017507590448766,6.6,6.6,3.4,3.4
svm,signo_zodiacal_geminis,161,0.5,0.45,0.46031746031746035,0.54,0.49481658692185004,0.418,0.5067775702969202,5.4,6.4,3.6,4.6
svm,signo_zodiacal_geminis,162,0.5,0.42000000000000004,0.40793650793650793,0.36,0.3790411858523314,0.45,0.513875281151597,3.6,5.2,4.8,6.4
svm,signo_zodiacal_geminis,163,0.5,0.43,0.36161616161616167,0.3,0.3235588972431077,0.404,0.4888770410875674,3.0,4.4,5.6,7.0
svm,signo_zodiacal_geminis,164,0.5,0.5499999999999999,0.5665384615384614,0.5599999999999999,0.5576460254721124,0.5079999999999999,0.5643612221112221,5.6,4.6,5.4,4.4
svm,signo_zodiacal_geminis,165,0.5,0.49000000000000005,0.48579688285570644,0.6199999999999999,0.5392829900839053,0.47000000000000003,0.528199207225523,6.2,6.4,3.6,3.8
svm,signo_zodiacal_geminis,166,0.5,0.5800000000000001,0.6833333333333333,0.36,0.45188536953242836,0.591,0.6314973708781759,3.6,2.0,8.0,6.4
svm,signo_zodiacal_geminis,167,0.5,0.51,0.5066666666666666,0.58,0.5355036075036075,0.476,0.5611204226629922,5.8,5.6,4.4,4.2
svm,signo_zodiacal_geminis,168,0.5,0.54,0.569047619047619,0.36,0.4296358543417368,0.5279999999999999,0.6332351624983203,3.6,2.8,7.2,6.4
svm,signo_zodiacal_geminis,169,0.5,0.55,0.5416763791763792,0.6599999999999999,0.5896309640016735,0.5720000000000001,0.6249039185788412,6.6,5.6,4.4,3.4
svm,signo_zodiacal_geminis,170,0.5,0.53,0.5549999999999999,0.42000000000000004,0.45956709956709957,0.507,0.5593264801074399,4.2,3.6,6.4,5.8
svm,signo_zodiacal_geminis,171,0.5,0.48,0.488095238095238,0.4800000000000001,0.47531194295900175,0.466,0.5209492827434004,4.8,5.2,4.8,5.2
svm,signo_zodiacal_geminis,172,0.5,0.52,0.5291375291375292,0.48,0.4903209109730849,0.49400000000000005,0.5598994904304502,4.8,4.4,5.6,5.2
svm,signo_zodiacal_geminis,173,0.5,0.49000000000000005,0.48967320261437913,0.5800000000000001,0.5148199539252171,0.43599999999999994,0.5158579208888806,5.8,6.0,4.0,4.2
svm,signo_zodiacal_geminis,174,0.5,0.4600000000000001,0.4436507936507936,0.4,0.41581761891359414,0.484,0.5560087598160353,4.0,4.8,5.2,6.0
svm,signo_zodiacal_geminis,175,0.5,0.5700000000000001,0.5674747474747475,0.6200000000000001,0.589548872180451,0.549,0.5787019359209762,6.2,4.8,5.2,3.8
svm,signo_zodiacal_geminis,176,0.5,0.51,0.5005627705627705,0.5199999999999999,0.5064323911382734,0.506,0.559226678120641,5.2,5.0,5.0,4.8
svm,signo_zodiacal_geminis,177,0.5,0.53,0.5399999999999999,0.5399999999999999,0.5264126984126984,0.586,0.6351347602346055,5.4,4.8,5.2,4.6
svm,signo_zodiacal_geminis,178,0.5,0.42000000000000004,0.41802197802197805,0.43999999999999995,0.4176811594202898,0.4119999999999999,0.5172170611466277,4.4,6.0,4.0,5.6
svm,signo_zodiacal_geminis,179,0.5,0.45,0.4492424242424242,0.5,0.4648185148185148,0.43999999999999995,0.5511851688043637,5.0,6.0,4.0,5.0
svm,signo_zodiacal_geminis,180,0.5,0.5,0.5021367521367521,0.5199999999999999,0.5073850634491366,0.558,0.640205489385056,5.2,5.2,4.8,4.8
svm,signo_zodiacal_geminis,181,0.5,0.44000000000000006,0.4096031746031746,0.27999999999999997,0.3281320949432404,0.374,0.4863708746533824,2.8,4.0,6.0,7.2
svm,signo_zodiacal_geminis,182,0.5,0.6100000000000001,0.6444444444444444,0.4800000000000001,0.5400375939849624,0.624,0.6578297623429202,4.8,2.6,7.4,5.2
svm,signo_zodiacal_geminis,183,0.5,0.5900000000000001,0.5639560439560439,0.7799999999999999,0.654144927536232,0.634,0.6624637943755591,7.8,6.0,4.0,2.2
svm,signo_zodiacal_geminis,184,0.5,0.5700000000000001,0.6105494505494505,0.45999999999999996,0.51075873827792,0.5439999999999999,0.6039141042995532,4.6,3.2,6.8,5.4
svm,signo_zodiacal_geminis,185,0.5,0.45999999999999996,0.4637917637917638,0.44000000000000006,0.4446632886564236,0.4,0.5312132522620139,4.4,5.2,4.8,5.6
svm,signo_zodiacal_geminis,186,0.5,0.51,0.5142857142857142,0.4,0.4496732026143791,0.5519999999999999,0.6111477739666593,4.0,3.8,6.2,6.0
svm,signo_zodiacal_geminis,187,0.5,0.6399999999999999,0.6181274281274282,0.7799999999999999,0.6825936382458122,0.6300000000000001,0.6373881571644728,7.8,5.0,5.0,2.2
svm,signo_zodiacal_geminis,188,0.5,0.55,0.5702020202020203,0.48,0.5128822055137844,0.504,0.5643164345973943,4.8,3.8,6.2,5.2
svm,signo_zodiacal_geminis,189,0.5,0.5700000000000001,0.5808441558441558,0.4800000000000001,0.5215686274509804,0.58,0.6496415153473978,4.8,3.4,6.6,5.2
svm,signo_zodiacal_geminis,190,0.5,0.5599999999999999,0.5807142857142857,0.4600000000000001,0.5108496732026143,0.5700000000000001,0.6086452795570443,4.6,3.4,6.6,5.4
svm,signo_zodiacal_geminis,191,0.5,0.54,0.5920634920634921,0.42000000000000004,0.4847609219126247,0.5000000000000001,0.5677609818801769,4.2,3.4,6.6,5.8
svm,signo_zodiacal_geminis,192,0.5,0.5800000000000001,0.5944444444444444,0.5599999999999999,0.5704678362573099,0.5980000000000001,0.6825302669466755,5.6,4.0,6.0,4.4
svm,signo_zodiacal_geminis,193,0.5,0.53,0.5226890756302521,0.74,0.6061808561808562,0.55,0.6123621739457652,7.4,6.8,3.2,2.6
svm,signo_zodiacal_geminis,194,0.5,0.38,0.3811807800043094,0.47999999999999987,0.4150785260964289,0.33799999999999997,0.45672884064679725,4.8,7.2,2.8,5.2
svm,signo_zodiacal_geminis,195,0.5,0.45,0.46535353535353535,0.54,0.49650125313283205,0.499,0.581698690800084,5.4,6.4,3.6,4.6
svm,signo_zodiacal_geminis,196,0.5,0.51,0.5023809523809524,0.5199999999999999,0.5035885167464115,0.56,0.6009372724798421,5.2,5.0,5.0,4.8
svm,signo_zodiacal_geminis,197,0.5,0.5,0.49083184789067136,0.6399999999999999,0.5490070631123263,0.5539999999999999,0.6105462490725648,6.4,6.4,3.6,3.6
svm,signo_zodiacal_geminis,198,0.5,0.4800000000000001,0.49184981684981677,0.52,0.4913043478260869,0.4720000000000001,0.5716495088159175,5.2,5.6,4.4,4.8
svm,signo_zodiacal_geminis,199,0.5,0.4699999999999999,0.4357142857142858,0.3,0.3457762052189296,0.4720000000000001,0.5567811514251143,3.0,3.6,6.4,7.0
svm,signo_zodiacal_geminis,200,0.5,0.5,0.5142857142857142,0.43999999999999995,0.4632085561497326,0.45,0.5738324298680336,4.4,4.4,5.6,5.6
svm,signo_zodiacal_geminis,201,0.5,0.4800000000000001,0.49252525252525253,0.43999999999999995,0.4556390977443609,0.46799999999999997,0.5129890365052904,4.4,4.8,5.2,5.6
svm,signo_zodiacal_geminis,202,0.5,0.47000000000000003,0.4774592074592075,0.54,0.5057331074722379,0.51,0.6348975213812674,5.4,6.0,4.0,4.6
svm,signo_zodiacal_geminis,203,0.5,0.4,0.3766666666666666,0.42000000000000004,0.3855475051264525,0.33399999999999996,0.4459515031751874,4.2,6.2,3.8,5.8
svm,signo_zodiacal_geminis,204,0.5,0.45,0.43939393939393934,0.52,0.46385281385281385,0.42400000000000004,0.5195689500557921,5.2,6.2,3.8,4.8
svm,signo_zodiacal_geminis,205,0.5,0.6,0.6095238095238096,0.62,0.6075992119335772,0.6499999999999999,0.7191033302782528,6.2,4.2,5.8,3.8
svm,signo_zodiacal_geminis,206,0.5,0.44000000000000006,0.4501782531194296,0.5599999999999999,0.4947089947089947,0.398,0.4878967713572977,5.6,6.8,3.2,4.4
svm,signo_zodiacal_geminis,207,0.5,0.44000000000000006,0.44363636363636366,0.45999999999999996,0.4430952380952381,0.4800000000000001,0.5676402019033598,4.6,5.8,4.2,5.4
svm,signo_zodiacal_geminis,208,0.5,0.6100000000000001,0.6111388611388612,0.6799999999999999,0.6376811594202898,0.63,0.6593520815270042,6.8,4.6,5.4,3.2
svm,signo_zodiacal_geminis,209,0.5,0.41000000000000003,0.4174353424353424,0.45999999999999996,0.4330718099596818,0.42000000000000004,0.5270759546610939,4.6,6.4,3.6,5.4
svm,signo_zodiacal_geminis,210,0.5,0.52,0.525,0.44000000000000006,0.4783625730994152,0.526,0.6053925220806026,4.4,4.0,6.0,5.6
svm,signo_zodiacal_geminis,211,0.5,0.49000000000000005,0.48761904761904756,0.5599999999999999,0.5142222222222221,0.476,0.5377219724719724,5.6,5.8,4.2,4.4
svm,signo_zodiacal_geminis,212,0.5,0.45,0.4452680652680653,0.4,0.4069772256728778,0.4,0.48558820651312906,4.0,5.0,5.0,6.0
svm,signo_zodiacal_geminis,213,0.5,0.43,0.43277777777777776,0.36,0.38877192982456144,0.42799999999999994,0.5161900136327381,3.6,5.0,5.0,6.4
svm,signo_zodiacal_geminis,214,0.5,0.5700000000000001,0.5576623376623375,0.7,0.6176190476190476,0.612,0.664304129908619,7.0,5.6,4.4,3.0
svm,signo_zodiacal_geminis,215,0.5,0.54,0.5283150183150183,0.72,0.6087061923583662,0.565,0.5858786850404497,7.2,6.4,3.6,2.8
svm,signo_zodiacal_geminis,216,0.5,0.5900000000000001,0.6724542124542123,0.5,0.5462056443130612,0.636,0.6972173469805047,5.0,3.2,6.8,5.0
svm,signo_zodiacal_geminis,217,0.5,0.47000000000000003,0.45353535353535357,0.39999999999999997,0.4215956558061821,0.44799999999999995,0.5712192909429751,4.0,4.6,5.4,6.0
svm,signo_zodiacal_geminis,218,0.5,0.51,0.5055555555555555,0.56,0.5264590989991448,0.584,0.6589974722559861,5.6,5.4,4.6,4.4
svm,signo_zodiacal_geminis,219,0.5,0.4600000000000001,0.46483294483294485,0.5,0.47998692383131747,0.46799999999999997,0.5579050518624821,5.0,5.8,4.2,5.0
svm,signo_zodiacal_geminis,220,0.5,0.4,0.3985897435897436,0.32,0.33011441647597256,0.40599999999999997,0.5126831589463168,3.2,5.2,4.8,6.8
svm,signo_zodiacal_geminis,221,0.5,0.5000000000000001,0.500412267471091,0.5800000000000001,0.5282074752097635,0.368,0.46131129878033905,5.8,5.8,4.2,4.2
svm,signo_zodiacal_geminis,222,0.5,0.59,0.605,0.5,0.5399999999999999,0.692,0.7344183926668446,5.0,3.2,6.8,5.0
svm,signo_zodiacal_geminis,223,0.5,0.42000000000000004,0.42023486317603964,0.5599999999999999,0.47283425904397774,0.33999999999999997,0.43202808405904375,5.6,7.2,2.8,4.4
svm,signo_zodiacal_geminis,224,0.5,0.43000000000000005,0.42786324786324786,0.4600000000000001,0.4408071562304972,0.44000000000000006,0.546258630860024,4.6,6.0,4.0,5.4
svm,signo_zodiacal_geminis,225,0.5,0.45,0.4523809523809524,0.31999999999999995,0.36874613003095974,0.4029999999999999,0.4946063036550653,3.2,4.2,5.8,6.8
svm,signo_zodiacal_geminis,226,0.5,0.5,0.49594405594405594,0.6,0.5397763975155279,0.4779999999999999,0.5471689133879536,6.0,6.0,4.0,4.0
svm,signo_zodiacal_geminis,227,0.5,0.4999999999999999,0.49460317460317454,0.64,0.5539681020733652,0.594,0.6659215969788724,6.4,6.4,3.6,3.6
svm,signo_zodiacal_geminis,228,0.5,0.5900000000000001,0.573076923076923,0.72,0.6376152832674572,0.5740000000000001,0.5832558976970741,7.2,5.4,4.6,2.8
svm,signo_zodiacal_geminis,229,0.5,0.54,0.545,0.44000000000000006,0.4811111111111111,0.532,0.6173305420070125,4.4,3.6,6.4,5.6
svm,signo_zodiacal_geminis,230,0.5,0.51,0.538888888888889,0.42000000000000004,0.4567934988987621,0.4920000000000001,0.5721634034180474,4.2,4.0,6.0,5.8
svm,signo_zodiacal_geminis,231,0.5,0.41000000000000003,0.3761904761904762,0.24,0.28794781070322867,0.42800000000000005,0.5115672193303772,2.4,4.2,5.8,7.6
svm,signo_zodiacal_geminis,232,0.5,0.53,0.515222816399287,0.74,0.6035540755540756,0.496,0.5242805701350594,7.4,6.8,3.2,2.6
svm,signo_zodiacal_geminis,233,0.5,0.51,0.5146031746031745,0.6199999999999999,0.5551929824561403,0.5,0.5402888598329774,6.2,6.0,4.0,3.8
svm,signo_zodiacal_geminis,234,0.5,0.48,0.45,0.22000000000000003,0.29404761904761906,0.396,0.4988364248410688,2.2,2.6,7.4,7.8
svm,signo_zodiacal_geminis,235,0.5,0.45,0.4596056721056721,0.5599999999999999,0.500579664424058,0.48600000000000004,0.5265470368984301,5.6,6.6,3.4,4.4
svm,signo_zodiacal_geminis,236,0.5,0.55,0.5718253968253968,0.45999999999999996,0.5072239422084623,0.602,0.6329944032575612,4.6,3.6,6.4,5.4
svm,signo_zodiacal_geminis,237,0.5,0.55,0.5576923076923077,0.6000000000000001,0.5732542819499341,0.6220000000000001,0.6736552593433398,6.0,5.0,5.0,4.0
svm,signo_zodiacal_geminis,238,0.5,0.47000000000000003,0.4346969696969697,0.44000000000000006,0.43186147186147184,0.48,0.5583893416524995,4.4,5.0,5.0,5.6
svm,signo_zodiacal_geminis,239,0.5,0.41000000000000003,0.4064513264513264,0.45999999999999996,0.42519895647046,0.34600000000000003,0.432872479429755,4.6,6.4,3.6,5.4
svm,signo_zodiacal_geminis,240,0.5,0.51,0.5568181818181819,0.41999999999999993,0.46547619047619043,0.5700000000000001,0.6376341244754558,4.2,4.0,6.0,5.8
svm,signo_zodiacal_geminis,241,0.5,0.4,0.35227272727272724,0.33999999999999997,0.34371345029239764,0.394,0.5048955330015701,3.4,5.4,4.6,6.6
svm,signo_zodiacal_geminis,242,0.5,0.58,0.5753496503496504,0.6,0.5835748792270532,0.6039999999999999,0.6126314673458637,6.0,4.4,5.6,4.0
svm,signo_zodiacal_geminis,243,0.5,0.56,0.6119047619047618,0.36,0.4489495798319328,0.526,0.6040393293497008,3.6,2.4,7.6,6.4
svm,signo_zodiacal_geminis,244,0.5,0.54,0.5859090909090909,0.43999999999999995,0.48115440115440117,0.546,0.5612685714698098,4.4,3.6,6.4,5.6
svm,signo_zodiacal_geminis,245,0.5,0.53,0.5619047619047619,0.39999999999999997,0.4497737556561086,0.462,0.5484535572786347,4.0,3.4,6.6,6.0
svm,signo_zodiacal_geminis,246,0.5,0.38,0.3277777777777778,0.26000000000000006,0.2878654970760234,0.334,0.4617939123999496,2.6,5.0,5.0,7.4
svm,signo_zodiacal_geminis,247,0.5,0.44000000000000006,0.42666666666666664,0.45999999999999996,0.43619047619047613,0.336,0.4332457856900581,4.6,5.8,4.2,5.4
svm,signo_zodiacal_geminis,248,0.5,0.53,0.5428571428571429,0.4,0.46013071895424834,0.504,0.578302021078337,4.0,3.4,6.6,6.0
svm,signo_zodiacal_geminis,249,0.5,0.45,0.43737373737373736,0.45999999999999996,0.4413533834586466,0.41000000000000003,0.47892513978969087,4.6,5.6,4.4,5.4
svm,signo_zodiacal_geminis,250,0.5,0.4600000000000001,0.4606171606171606,0.45999999999999996,0.4560409976347518,0.45600000000000007,0.5613499113545554,4.6,5.4,4.6,5.4
svm,signo_zodiacal_geminis,251,0.5,0.65,0.6811111111111112,0.62,0.6435575569940895,0.6779999999999999,0.6909671352039772,6.2,3.2,6.8,3.8
svm,signo_zodiacal_geminis,252,0.5,0.53,0.5230769230769231,0.5399999999999999,0.528604118993135,0.51,0.574241987974186,5.4,4.8,5.2,4.6
svm,signo_zodiacal_geminis,253,0.5,0.47000000000000003,0.4732600732600732,0.4,0.4040476103068646,0.4680000000000001,0.5248368820721762,4.0,4.6,5.4,6.0
svm,signo_zodiacal_geminis,254,0.5,0.4,0.41997863247863243,0.5199999999999999,0.4606775375654094,0.48200000000000004,0.6131549665504774,5.2,7.2,2.8,4.8
svm,signo_zodiacal_geminis,255,0.5,0.5900000000000001,0.5883838383838385,0.6599999999999999,0.617505582137161,0.614,0.6474418914418915,6.6,4.8,5.2,3.4
svm,signo_zodiacal_geminis,256,0.5,0.58,0.6005194805194806,0.5,0.5401680672268907,0.5860000000000001,0.6101509754435451,5.0,3.4,6.6,5.0
svm,signo_zodiacal_geminis,257,0.5,0.5,0.47816849816849816,0.42000000000000004,0.4373359656601008,0.488,0.550897259603142,4.2,4.2,5.8,5.8
svm,signo_zodiacal_geminis,258,0.5,0.48,0.477979797979798,0.52,0.4904620525673157,0.47400000000000003,0.5442483333659804,5.2,5.6,4.4,4.8
svm,signo_zodiacal_geminis,259,0.5,0.43999999999999995,0.43460317460317455,0.5,0.45303357942367234,0.404,0.4815955125026333,5.0,6.2,3.8,5.0
svm,signo_zodiacal_geminis,260,0.5,0.43,0.45499999999999996,0.5,0.47074747474747475,0.414,0.5387934212330496,5.0,6.4,3.6,5.0
svm,signo_zodiacal_geminis,261,0.5,0.53,0.5399999999999999,0.48,0.4984126984126984,0.518,0.5502661756028628,4.8,4.2,5.8,5.2
svm,signo_zodiacal_geminis,262,0.5,0.47000000000000003,0.4784090909090909,0.54,0.5009102009102009,0.446,0.5346387619947992,5.4,6.0,4.0,4.6
svm,signo_zodiacal_geminis,263,0.5,0.5,0.49738095238095237,0.45999999999999996,0.47394815023298,0.506,0.5860681822477488,4.6,4.6,5.4,5.4
svm,signo_zodiacal_geminis,264,0.5,0.6399999999999999,0.6606060606060605,0.64,0.6465178096757044,0.661,0.7266817061507463,6.4,3.6,6.4,3.6
svm,signo_zodiacal_geminis,265,0.5,0.48,0.47344155844155844,0.44000000000000006,0.4534453781512605,0.526,0.6378075051883101,4.4,4.8,5.2,5.6
svm,signo_zodiacal_geminis,266,0.5,0.54,0.5468181818181818,0.54,0.5415873015873016,0.538,0.5949821120571894,5.4,4.6,5.4,4.6
svm,signo_zodiacal_geminis,267,0.5,0.51,0.5203463203463203,0.5,0.49430812324929974,0.522,0.58288260758849,5.0,4.8,5.2,5.0
svm,signo_zodiacal_geminis,268,0.5,0.5900000000000001,0.6003968253968254,0.54,0.5640804328110829,0.5660000000000001,0.5924850608627699,5.4,3.6,6.4,4.6
svm,signo_zodiacal_geminis,269,0.5,0.5900000000000001,0.6257575757575757,0.44000000000000006,0.49484126984126975,0.5780000000000001,0.6163745415231483,4.4,2.6,7.4,5.6
svm,signo_zodiacal_geminis,270,0.5,0.38,0.350989010989011,0.38,0.3567294427652484,0.368,0.4897257589331893,3.8,6.2,3.8,6.2
svm,signo_zodiacal_geminis,271,0.5,0.45,0.43666666666666665,0.24,0.3065873015873016,0.4800000000000001,0.5611205822041735,2.4,3.4,6.6,7.6
svm,signo_zodiacal_geminis,272,0.5,0.5,0.4905555555555555,0.5800000000000001,0.5219541160593792,0.5199999999999999,0.6028762457013231,5.8,5.8,4.2,4.2
svm,signo_zodiacal_geminis,273,0.5,0.5,0.4916666666666666,0.38,0.425,0.53,0.5757848046346499,3.8,3.8,6.2,6.2
svm,signo_zodiacal_geminis,274,0.5,0.5399999999999999,0.5348124098124099,0.45999999999999996,0.49088407292741654,0.5539999999999999,0.6245781316207013,4.6,3.8,6.2,5.4
svm,signo_zodiacal_geminis,275,0.5,0.5000000000000001,0.5038062917474682,0.6,0.5325656910107038,0.5349999999999999,0.5732352004720425,6.0,6.0,4.0,4.0
svm,signo_zodiacal_geminis,276,0.5,0.52,0.5276190476190475,0.4800000000000001,0.4713650793650793,0.524,0.5738951942450394,4.8,4.4,5.6,5.2
svm,signo_zodiacal_geminis,277,0.5,0.5599999999999999,0.5510281385281385,0.7,0.6100154231733179,0.576,0.6024438416760398,7.0,5.8,4.2,3.0
svm,signo_zodiacal_geminis,278,0.5,0.51,0.4966666666666667,0.43999999999999995,0.45838383838383834,0.49800000000000005,0.5431149406149405,4.4,4.2,5.8,5.6
svm,signo_zodiacal_geminis,279,0.5,0.5800000000000001,0.5690909090909091,0.7,0.6262857142857143,0.576,0.5812551316932122,7.0,5.4,4.6,3.0
svm,signo_zodiacal_geminis,280,0.5,0.45,0.4323809523809524,0.36,0.3870794633642931,0.368,0.4802410235103734,3.6,4.6,5.4,6.4
svm,signo_zodiacal_geminis,281,0.5,0.51,0.5111111111111111,0.44000000000000006,0.46996904024767805,0.502,0.6012451806879051,4.4,4.2,5.8,5.6
svm,signo_zodiacal_geminis,282,0.5,0.45,0.4542424242424243,0.45999999999999996,0.45503607503607507,0.458,0.5548614908483328,4.6,5.6,4.4,5.4
svm,signo_zodiacal_geminis,283,0.5,0.5199999999999999,0.5342857142857143,0.38,0.43800653594771244,0.557,0.6066141625832028,3.8,3.4,6.6,6.2
svm,signo_zodiacal_geminis,284,0.5,0.52,0.5373076923076923,0.5199999999999999,0.5121256038647344,0.44399999999999995,0.5128064733683929,5.2,4.8,5.2,4.8
svm,signo_zodiacal_geminis,285,0.5,0.4800000000000001,0.49100899100899104,0.5800000000000001,0.5305383022774327,0.5199999999999999,0.6074494759626339,5.8,6.2,3.8,4.2
svm,signo_zodiacal_geminis,286,0.5,0.43,0.419047619047619,0.34,0.37468180254557965,0.398,0.47326185965737044,3.4,4.8,5.2,6.6
svm,signo_zodiacal_geminis,287,0.5,0.54,0.5253628724216959,0.76,0.6183150183150183,0.51,0.5376657119110679,7.6,6.8,3.2,2.4
svm,signo_zodiacal_geminis,288,0.5,0.48,0.4726190476190476,0.54,0.49646464646464644,0.406,0.4847802013947525,5.4,5.8,4.2,4.6
svm,signo_zodiacal_geminis,289,0.5,0.45,0.43897435897435894,0.38,0.39905370843989774,0.49400000000000005,0.5391860318903663,3.8,4.8,5.2,6.2
svm,signo_zodiacal_geminis,290,0.5,0.5199999999999999,0.5318181818181819,0.6000000000000001,0.555977355977356,0.518,0.575253395297513,6.0,5.6,4.4,4.0
svm,signo_zodiacal_geminis,291,0.5,0.5900000000000001,0.635,0.42000000000000004,0.47838383838383836,0.5820000000000001,0.6181919269241251,4.2,2.4,7.6,5.8
svm,signo_zodiacal_geminis,292,0.5,0.52,0.5238369963369963,0.6599999999999999,0.5732882156206964,0.5720000000000001,0.6269727505037102,6.6,6.2,3.8,3.4
svm,signo_zodiacal_geminis,293,0.5,0.51,0.5063131313131313,0.44000000000000006,0.46647869674185455,0.543,0.6025706325837905,4.4,4.2,5.8,5.6
svm,signo_zodiacal_geminis,294,0.5,0.5700000000000001,0.5815079365079365,0.5,0.5357550739594082,0.61,0.6783328501563795,5.0,3.6,6.4,5.0
svm,signo_zodiacal_geminis,295,0.5,0.47000000000000003,0.48225108225108215,0.38,0.42170131210378886,0.5640000000000001,0.6177196414696416,3.8,4.4,5.6,6.2
svm,signo_zodiacal_geminis,296,0.5,0.38,0.3693939393939394,0.33999999999999997,0.3466955266955267,0.36400000000000005,0.47408873032712034,3.4,5.8,4.2,6.6
svm,signo_zodiacal_geminis,297,0.5,0.64,0.6363636363636364,0.6799999999999999,0.6567099567099566,0.64,0.6470190267249091,6.8,4.0,6.0,3.2
svm,signo_zodiacal_geminis,298,0.5,0.39,0.39064102564102565,0.42000000000000004,0.4019235836627141,0.394,0.5083411676043255,4.2,6.4,3.6,5.8
svm,signo_zodiacal_geminis,299,0.5,0.49000000000000005,0.5123076923076924,0.5,0.48923671497584537,0.496,0.5853046953046953,5.0,5.2,4.8,5.0
svm,signo_zodiacal_geminis,300,0.5,0.5900000000000001,0.6524242424242425,0.43999999999999995,0.5079824561403509,0.601,0.6513385580707561,4.4,2.6,7.4,5.6
svm,signo_zodiacal_geminis,301,0.5,0.61,0.6109523809523809,0.6399999999999999,0.6180570409982176,0.6679999999999999,0.7102025464215866,6.4,4.2,5.8,3.6
svm,signo_zodiacal_geminis,302,0.5,0.52,0.5224242424242423,0.5,0.5046924128503075,0.548,0.5869924036232085,5.0,4.6,5.4,5.0
svm,signo_zodiacal_geminis,303,0.5,0.5900000000000001,0.62,0.48,0.5333333333333334,0.6599999999999999,0.6542439390674685,4.8,3.0,7.0,5.2
svm,signo_zodiacal_geminis,304,0.5,0.47000000000000003,0.45606060606060606,0.44000000000000006,0.440079365079365,0.49000000000000005,0.568746688553964,4.4,5.0,5.0,5.6
svm,signo_zodiacal_geminis,305,0.5,0.44000000000000006,0.4517424242424243,0.6599999999999999,0.5322291042291043,0.45899999999999996,0.5455857002474649,6.6,7.8,2.2,3.4
svm,signo_zodiacal_geminis,306,0.5,0.5199999999999999,0.5203267973856209,0.6,0.549505582137161,0.506,0.580669922612647,6.0,5.6,4.4,4.0
svm,signo_zodiacal_geminis,307,0.5,0.42000000000000004,0.4441558441558441,0.48,0.45364145658263305,0.398,0.502159631046628,4.8,6.4,3.6,5.2
svm,signo_zodiacal_geminis,308,0.5,0.6,0.6575757575757575,0.48,0.5406015037593985,0.6380000000000001,0.6824904235771108,4.8,2.8,7.2,5.2
svm,signo_zodiacal_geminis,309,0.5,0.5800000000000001,0.5696678321678321,0.68,0.6120797077318816,0.5459999999999999,0.5882442922574501,6.8,5.2,4.8,3.2
svm,signo_zodiacal_geminis,310,0.5,0.5299999999999999,0.5805616605616606,0.45999999999999996,0.4909555217968194,0.53,0.5965368699927522,4.6,4.0,6.0,5.4
svm,signo_zodiacal_geminis,311,0.5,0.4600000000000001,0.4516233766233766,0.36,0.39719887955182076,0.43200000000000005,0.478773838304798,3.6,4.4,5.6,6.4
svm,signo_zodiacal_geminis,312,0.5,0.6,0.6361904761904762,0.45999999999999996,0.5265359477124183,0.572,0.6013902188282993,4.6,2.6,7.4,5.4
svm,signo_zodiacal_geminis,313,0.5,0.4,0.43049450549450546,0.36,0.3697296309828279,0.365,0.48104970502493716,3.6,5.6,4.4,6.4
svm,signo_zodiacal_geminis,314,0.5,0.44000000000000006,0.43,0.42000000000000004,0.407577964519141,0.362,0.4577661782661783,4.2,5.4,4.6,5.8
svm,signo_zodiacal_geminis,315,0.5,0.52,0.5112154512154512,0.6,0.5450952934533497,0.47800000000000004,0.531226678550208,6.0,5.6,4.4,4.0
svm,signo_zodiacal_geminis,316,0.5,0.5900000000000001,0.6151298701298702,0.44000000000000006,0.499234360410831,0.602,0.6324473567368304,4.4,2.6,7.4,5.6
svm,signo_zodiacal_geminis,317,0.5,0.53,0.5933333333333334,0.54,0.5358095238095238,0.554,0.605149635452267,5.4,4.8,5.2,4.6
svm,signo_zodiacal_geminis,318,0.5,0.5800000000000001,0.5619047619047619,0.6399999999999999,0.5954545454545455,0.632,0.6431556939792233,6.4,4.8,5.2,3.6
svm,signo_zodiacal_geminis,319,0.5,0.47000000000000003,0.4781196581196581,0.56,0.5121815408085431,0.458,0.5161544382689894,5.6,6.2,3.8,4.4
svm,signo_zodiacal_geminis,320,0.5,0.44000000000000006,0.428005328005328,0.45999999999999996,0.43959748242962676,0.466,0.5174125982376756,4.6,5.8,4.2,5.4
svm,signo_zodiacal_geminis,321,0.5,0.39,0.3879365079365079,0.34,0.353586640397786,0.344,0.45863922601306506,3.4,5.6,4.4,6.6
svm,signo_zodiacal_geminis,322,0.5,0.5,0.5023076923076923,0.6,0.5432569169960475,0.5280000000000001,0.6032190185115882,6.0,6.0,4.0,4.0
svm,signo_zodiacal_geminis,323,0.5,0.48999999999999994,0.4796536796536796,0.42000000000000004,0.4420794633642931,0.47599999999999987,0.5520230592420995,4.2,4.4,5.6,5.8
svm,signo_zodiacal_geminis,324,0.5,0.38,0.38058608058608057,0.36,0.3628807254126947,0.32199999999999995,0.4493632037896743,3.6,6.0,4.0,6.4
svm,signo_zodiacal_geminis,325,0.5,0.41000000000000003,0.3793040293040293,0.33999999999999997,0.3418493413378324,0.274,0.42767466339989557,3.4,5.2,4.8,6.6
svm,signo_zodiacal_geminis,326,0.5,0.6,0.605916305916306,0.5399999999999999,0.5684996805739839,0.6060000000000001,0.6778525537070428,5.4,3.4,6.6,4.6
svm,signo_zodiacal_geminis,327,0.5,0.54,0.5348484848484849,0.6399999999999999,0.5816017316017316,0.59,0.6557796908973379,6.4,5.6,4.4,3.6
svm,signo_zodiacal_geminis,328,0.5,0.57,0.5558441558441558,0.64,0.5928571428571429,0.554,0.564524374318492,6.4,5.0,5.0,3.6
svm,signo_zodiacal_geminis,329,0.5,0.42000000000000004,0.3059090909090909,0.24000000000000005,0.2635714285714285,0.40599999999999997,0.528598300392418,2.4,4.0,6.0,7.6
svm,signo_zodiacal_geminis,330,0.5,0.47000000000000003,0.477979797979798,0.54,0.5040200501253133,0.4619999999999999,0.5240224672987831,5.4,6.0,4.0,4.6
svm,signo_zodiacal_geminis,331,0.5,0.5,0.4938034188034188,0.48,0.4777598640870952,0.546,0.5718135938708694,4.8,4.8,5.2,5.2
svm,signo_zodiacal_geminis,332,0.5,0.44000000000000006,0.39682539682539686,0.26,0.30799425033171157,0.4,0.4969894005203603,2.6,3.8,6.2,7.4
svm,signo_zodiacal_geminis,333,0.5,0.47000000000000003,0.45361111111111113,0.5,0.4681691408007197,0.484,0.5691104555059663,5.0,5.6,4.4,5.0
svm,signo_zodiacal_geminis,334,0.5,0.55,0.5630591630591631,0.44000000000000006,0.4705292643373139,0.5740000000000001,0.6565344173370489,4.4,3.4,6.6,5.6
svm,signo_zodiacal_geminis,335,0.5,0.41,0.4175757575757576,0.5,0.45372294372294375,0.42400000000000004,0.5034016092266866,5.0,6.8,3.2,5.0
svm,signo_zodiacal_geminis,336,0.5,0.49000000000000005,0.5209090909090909,0.5,0.4932987012987013,0.465,0.5348110392359617,5.0,5.2,4.8,5.0
svm,signo_zodiacal_geminis,337,0.5,0.5199999999999999,0.5137529137529138,0.6,0.5529079616036137,0.522,0.6466274775276324,6.0,5.6,4.4,4.0
svm,signo_zodiacal_geminis,338,0.5,0.45,0.4613553113553113,0.42000000000000004,0.4095426312817617,0.44000000000000006,0.5598624712920378,4.2,5.2,4.8,5.8
svm,signo_zodiacal_geminis,339,0.5,0.43999999999999995,0.45487179487179497,0.6,0.5167430830039526,0.4779999999999999,0.5736861918611145,6.0,7.2,2.8,4.0
svm,signo_zodiacal_geminis,340,0.5,0.4,0.38989898989898986,0.36,0.3708020050125313,0.426,0.5036368529131687,3.6,5.6,4.4,6.4
svm,signo_zodiacal_geminis,341,0.5,0.45999999999999996,0.48662337662337657,0.54,0.49814718614718617,0.42200000000000004,0.5046881086749508,5.4,6.2,3.8,4.6
svm,signo_zodiacal_geminis,342,0.5,0.42000000000000004,0.4292424242424243,0.48,0.4488138528138528,0.42300000000000004,0.5448948398522703,4.8,6.4,3.6,5.2
svm,signo_zodiacal_geminis,343,0.5,0.48,0.4732600732600732,0.6,0.5265966299147078,0.45199999999999996,0.5288669843228666,6.0,6.4,3.6,4.0
svm,signo_zodiacal_geminis,344,0.5,0.53,0.545,0.48,0.5033599149388623,0.532,0.5690437689245739,4.8,4.2,5.8,5.2
svm,signo_zodiacal_geminis,345,0.5,0.4800000000000001,0.4669934640522876,0.58,0.5118022328548644,0.506,0.5813336746672659,5.8,6.2,3.8,4.2
svm,signo_zodiacal_geminis,346,0.5,0.52,0.527012987012987,0.5,0.5103081232492996,0.5700000000000001,0.6014684004505986,5.0,4.6,5.4,5.0
svm,signo_zodiacal_geminis,347,0.5,0.43000000000000005,0.46333333333333326,0.38,0.3935930735930736,0.45,0.5131216926348505,3.8,5.2,4.8,6.2
svm,signo_zodiacal_geminis,348,0.5,0.5200000000000001,0.5195804195804196,0.6,0.5562958780350085,0.522,0.5988106044282515,6.0,5.6,4.4,4.0
svm,signo_zodiacal_geminis,349,0.5,0.47000000000000003,0.47196137196137194,0.5399999999999999,0.5008390541571319,0.48100000000000004,0.5344269162210338,5.4,6.0,4.0,4.6
svm,signo_zodiacal_geminis,350,0.5,0.55,0.550952380952381,0.6199999999999999,0.5735582064993829,0.522,0.6037853180531199,6.2,5.2,4.8,3.8
svm,signo_zodiacal_geminis,351,0.5,0.43,0.42741702741702736,0.38,0.39988205808639243,0.35600000000000004,0.4655071523763474,3.8,5.2,4.8,6.2
svm,signo_zodiacal_geminis,352,0.5,0.45,0.4492485292485292,0.4,0.410855271170253,0.42799999999999994,0.49911687289318873,4.0,5.0,5.0,6.0
svm,signo_zodiacal_geminis,353,0.5,0.51,0.49913021618903974,0.62,0.5465557173566327,0.43600000000000005,0.48305817995214284,6.2,6.0,4.0,3.8
svm,signo_zodiacal_geminis,354,0.5,0.5,0.4963383838383838,0.58,0.5290060816376606,0.504,0.5534081078020707,5.8,5.8,4.2,4.2
svm,signo_zodiacal_geminis,355,0.5,0.5800000000000001,0.5750505050505051,0.6199999999999999,0.5949601275917065,0.5860000000000001,0.5925582554700202,6.2,4.6,5.4,3.8
svm,signo_zodiacal_geminis,356,0.5,0.4800000000000001,0.4734065934065934,0.44000000000000006,0.450105143506678,0.5090000000000001,0.5550935906199064,4.4,4.8,5.2,5.6
svm,signo_zodiacal_geminis,357,0.5,0.5700000000000001,0.5626470588235295,0.6599999999999999,0.595925925925926,0.5700000000000001,0.6104675663174115,6.6,5.2,4.8,3.4
svm,signo_zodiacal_geminis,358,0.5,0.53,0.5248773448773449,0.5399999999999999,0.5246189001916556,0.484,0.5288568184481497,5.4,4.8,5.2,4.6
svm,signo_zodiacal_geminis,359,0.5,0.45000000000000007,0.4575396825396826,0.44000000000000006,0.4447368421052632,0.492,0.6013426871546066,4.4,5.4,4.6,5.6
svm,signo_zodiacal_geminis,360,0.5,0.47000000000000003,0.4626190476190476,0.45999999999999996,0.4519422084623323,0.4699999999999999,0.5408705538527518,4.6,5.2,4.8,5.4
svm,signo_zodiacal_geminis,361,0.5,0.45,0.45224497724497714,0.5,0.4698594311866623,0.446,0.530578902521627,5.0,6.0,4.0,5.0
svm,signo_zodiacal_geminis,362,0.5,0.55,0.5612698412698413,0.44000000000000006,0.4874303405572755,0.562,0.5913885277089612,4.4,3.4,6.6,5.6
svm,signo_zodiacal_geminis,363,0.5,0.51,0.5353174603174603,0.4600000000000001,0.48617131062951496,0.504,0.5720605305427287,4.6,4.4,5.6,5.4
svm,signo_zodiacal_geminis,364,0.5,0.5200000000000001,0.5064718614718615,0.62,0.5522251082251082,0.5760000000000001,0.58563344558778,6.2,5.8,4.2,3.8
svm,signo_zodiacal_geminis,365,0.5,0.49000000000000005,0.4975024975024975,0.54,0.5103702350505419,0.454,0.5377089305603238,5.4,5.6,4.4,4.6
svm,signo_zodiacal_geminis,366,0.5,0.5599999999999999,0.5482251082251082,0.6799999999999999,0.6002222222222222,0.552,0.6009485281660204,6.8,5.6,4.4,3.2
svm,signo_zodiacal_geminis,367,0.5,0.45999999999999996,0.42444444444444446,0.42000000000000004,0.4178628389154705,0.44399999999999995,0.5400468626660577,4.2,5.0,5.0,5.8
svm,signo_zodiacal_geminis,368,0.5,0.52,0.52,0.5,0.5088888888888888,0.477,0.5851167731477329,5.0,4.6,5.4,5.0
svm,signo_zodiacal_geminis,369,0.5,0.54,0.5319047619047619,0.5,0.4968413547237077,0.576,0.6535676072293718,5.0,4.2,5.8,5.0
svm,signo_zodiacal_geminis,370,0.5,0.45999999999999996,0.4664335664335664,0.5,0.4741718426501035,0.492,0.558101794833993,5.0,5.8,4.2,5.0
svm,signo_zodiacal_geminis,371,0.5,0.6100000000000001,0.6301298701298702,0.64,0.6235864527629233,0.6599999999999999,0.6909385952884405,6.4,4.2,5.8,3.6
svm,signo_zodiacal_geminis,372,0.5,0.49000000000000005,0.4881746031746032,0.5,0.4886549707602339,0.5799999999999998,0.6587046723486351,5.0,5.2,4.8,5.0
svm,signo_zodiacal_geminis,373,0.5,0.45,0.4601398601398602,0.5,0.4754313319530711,0.44399999999999995,0.5307141644904803,5.0,6.0,4.0,5.0
svm,signo_zodiacal_geminis,374,0.5,0.55,0.5777777777777777,0.4,0.4631996658312447,0.6060000000000001,0.6083819307627357,4.0,3.0,7.0,6.0
svm,signo_zodiacal_geminis,375,0.5,0.48,0.515970695970696,0.4999999999999999,0.48530233279082385,0.4880000000000001,0.6116321764750556,5.0,5.4,4.6,5.0
svm,signo_zodiacal_geminis,376,0.5,0.4600000000000001,0.4636363636363637,0.58,0.5126873126873127,0.4779999999999999,0.5477911320705438,5.8,6.6,3.4,4.2
svm,signo_zodiacal_geminis,377,0.5,0.6,0.5963203463203463,0.5799999999999998,0.5838258748475467,0.6439999999999999,0.6863530142028594,5.8,3.8,6.2,4.2
svm,signo_zodiacal_geminis,378,0.5,0.5400000000000001,0.5455844155844156,0.64,0.5771102622867328,0.5559999999999999,0.6033271989448459,6.4,5.6,4.4,3.6
svm,signo_zodiacal_geminis,379,0.5,0.54,0.5438034188034188,0.58,0.5547800661072972,0.48200000000000004,0.5210494701377055,5.8,5.0,5.0,4.2
svm,signo_zodiacal_geminis,380,0.5,0.48,0.48230769230769227,0.6199999999999999,0.5399235836627142,0.487,0.5843673897481947,6.2,6.6,3.4,3.8
svm,signo_zodiacal_geminis,381,0.5,0.5700000000000001,0.5978571428571429,0.44000000000000006,0.4992343604108309,0.66,0.6680892969259843,4.4,3.0,7.0,5.6
svm,signo_zodiacal_geminis,382,0.5,0.55,0.5624242424242424,0.56,0.550952380952381,0.47400000000000003,0.5968347222952486,5.6,4.6,5.4,4.4
svm,signo_zodiacal_geminis,383,0.5,0.51,0.5039860139860141,0.6599999999999999,0.5699442875964615,0.48999999999999994,0.5271235606498764,6.6,6.4,3.6,3.4
svm,signo_zodiacal_geminis,384,0.5,0.48999999999999994,0.5011904761904763,0.5399999999999999,0.5073906485671191,0.507,0.5673404803830501,5.4,5.6,4.4,4.6
svm,signo_zodiacal_geminis,385,0.5,0.5399999999999999,0.5669047619047618,0.42000000000000004,0.47934640522875815,0.5700000000000001,0.6179551004551004,4.2,3.4,6.6,5.8
svm,signo_zodiacal_geminis,386,0.5,0.4600000000000001,0.46624274418392064,0.54,0.49169057910476666,0.45,0.5270239107297932,5.4,6.2,3.8,4.6
svm,signo_zodiacal_geminis,387,0.5,0.5,0.5033333333333333,0.58,0.5366666666666667,0.442,0.494257907726948,5.8,5.8,4.2,4.2
svm,signo_zodiacal_geminis,388,0.5,0.6,0.5863344988344988,0.7,0.6302615259136999,0.637,0.6747515072646652,7.0,5.0,5.0,3.0
svm,signo_zodiacal_geminis,389,0.5,0.43999999999999995,0.44696969696969696,0.48,0.4623376623376624,0.422,0.5201774440729549,4.8,6.0,4.0,5.2
svm,signo_zodiacal_geminis,390,0.5,0.48,0.48079975579975576,0.44000000000000006,0.4544682251237642,0.48,0.5517044503484131,4.4,4.8,5.2,5.6
svm,signo_zodiacal_geminis,391,0.5,0.58,0.5644444444444444,0.74,0.6313547505126452,0.6119999999999999,0.6401567311257713,7.4,5.8,4.2,2.6
svm,signo_zodiacal_geminis,392,0.5,0.5700000000000001,0.6397435897435898,0.4,0.4479216435738175,0.628,0.6382975260034083,4.0,2.6,7.4,6.0
svm,signo_zodiacal_geminis,393,0.5,0.38,0.3727272727272727,0.36,0.36566416040100247,0.322,0.420203176510452,3.6,6.0,4.0,6.4
svm,signo_zodiacal_geminis,394,0.5,0.4800000000000001,0.47861111111111115,0.6,0.5115268941584732,0.454,0.5380112491567599,6.0,6.4,3.6,4.0
svm,signo_zodiacal_geminis,395,0.5,0.49000000000000005,0.4894444444444444,0.5,0.49192982456140355,0.48200000000000004,0.5406122129504481,5.0,5.2,4.8,5.0
svm,signo_zodiacal_geminis,396,0.5,0.56,0.553030303030303,0.6199999999999999,0.5804473304473304,0.6020000000000001,0.657098510536591,6.2,5.0,5.0,3.8
svm,signo_zodiacal_geminis,397,0.5,0.45,0.43813131313131315,0.48,0.4536708437761069,0.43,0.5366186987247359,4.8,5.8,4.2,5.2
svm,signo_zodiacal_geminis,398,0.5,0.5,0.49111111111111116,0.5599999999999999,0.5133099415204678,0.4779999999999999,0.5157098077361235,5.6,5.6,4.4,4.4
svm,signo_zodiacal_geminis,399,0.5,0.52,0.5182900432900432,0.5,0.5042101689160512,0.54,0.580086522095036,5.0,4.6,5.4,5.0
svm,signo_zodiacal_geminis,400,0.5,0.49000000000000005,0.49555555555555547,0.54,0.5112535885167464,0.5720000000000001,0.6585544259661906,5.4,5.6,4.4,4.6
svm,signo_zodiacal_geminis,401,0.5,0.52,0.5184766214177979,0.6599999999999999,0.5770541857498379,0.554,0.5718304652863476,6.6,6.2,3.8,3.4
svm,signo_zodiacal_geminis,402,0.5,0.54,0.5442557442557442,0.56,0.5402021678236512,0.546,0.5652398885943779,5.6,4.8,5.2,4.4
svm,signo_zodiacal_geminis,403,0.5,0.4600000000000001,0.47619047619047616,0.38,0.40336134453781514,0.41500000000000004,0.517394124880967,3.8,4.6,5.4,6.2
svm,signo_zodiacal_geminis,404,0.5,0.43999999999999995,0.44428571428571423,0.33999999999999997,0.3689228418640183,0.45200000000000007,0.5571606469725664,3.4,4.6,5.4,6.6
svm,signo_zodiacal_geminis,405,0.5,0.5,0.5140443869855634,0.5599999999999999,0.5232997811379827,0.49799999999999994,0.5336721256899276,5.6,5.6,4.4,4.4
svm,signo_zodiacal_geminis,406,0.5,0.57,0.5587301587301587,0.6199999999999999,0.5820308346624136,0.6519999999999999,0.6959984051895816,6.2,4.8,5.2,3.8
svm,signo_zodiacal_geminis,407,0.5,0.49000000000000005,0.48168654874537226,0.6599999999999999,0.5517311673833413,0.496,0.5611371410667075,6.6,6.8,3.2,3.4
svm,signo_zodiacal_geminis,408,0.5,0.5900000000000001,0.5813020313020313,0.6,0.5827430313363816,0.5940000000000001,0.6114776693894342,6.0,4.2,5.8,4.0
svm,signo_zodiacal_geminis,409,0.5,0.55,0.5617832167832167,0.52,0.527135955831608,0.542,0.5906702758026288,5.2,4.2,5.8,4.8
svm,signo_zodiacal_geminis,410,0.5,0.49000000000000005,0.47904761904761906,0.44000000000000006,0.44666666666666666,0.45999999999999996,0.5433750340646625,4.4,4.6,5.4,5.6
svm,signo_zodiacal_geminis,411,0.5,0.6199999999999999,0.6772727272727272,0.5,0.5647058823529412,0.6199999999999999,0.6774163495603124,5.0,2.6,7.4,5.0
svm,signo_zodiacal_geminis,412,0.5,0.47000000000000003,0.4715306915306915,0.58,0.5117641930914242,0.502,0.573468200100553,5.8,6.4,3.6,4.2
svm,signo_zodiacal_geminis,413,0.5,0.43,0.4256410256410256,0.48,0.437778284517415,0.438,0.5109220301542282,4.8,6.2,3.8,5.2
svm,signo_zodiacal_geminis,414,0.5,0.47000000000000003,0.47714285714285715,0.33999999999999997,0.39021671826625387,0.42299999999999993,0.4997234336011426,3.4,4.0,6.0,6.6
svm,signo_zodiacal_geminis,415,0.5,0.55,0.5792857142857144,0.33999999999999997,0.42237161531279177,0.504,0.5677002235810285,3.4,2.4,7.6,6.6
svm,signo_zodiacal_geminis,416,0.5,0.48,0.4836940836940837,0.5599999999999999,0.5151629072681705,0.526,0.5973501851605567,5.6,6.0,4.0,4.4
svm,signo_zodiacal_geminis,417,0.5,0.43999999999999995,0.45,0.45999999999999996,0.4525252525252525,0.5,0.6029491341991342,4.6,5.8,4.2,5.4
svm,signo_zodiacal_geminis,418,0.5,0.57,0.5568681318681319,0.5800000000000001,0.5599602159704461,0.5660000000000001,0.5727925956912026,5.8,4.4,5.6,4.2
svm,signo_zodiacal_geminis,419,0.5,0.6200000000000001,0.6193650793650793,0.48,0.5299023577042152,0.6100000000000001,0.6507763206865373,4.8,2.4,7.6,5.2
svm,signo_zodiacal_geminis,420,0.5,0.45,0.45559773559773564,0.48,0.46290142934644213,0.38,0.49130458902982116,4.8,5.8,4.2,5.2
svm,signo_zodiacal_geminis,421,0.5,0.55,0.533089133089133,0.7799999999999999,0.630097438793091,0.604,0.6254143797379091,7.8,6.8,3.2,2.2
svm,signo_zodiacal_geminis,422,0.5,0.42000000000000004,0.35961538461538456,0.36,0.35036231884057967,0.433,0.5096259400214508,3.6,5.2,4.8,6.4
svm,signo_zodiacal_geminis,423,0.5,0.53,0.5334033613445378,0.6199999999999999,0.5609427609427609,0.4840000000000001,0.5284809726736972,6.2,5.6,4.4,3.8
svm,signo_zodiacal_geminis,424,0.5,0.48,0.4624242424242424,0.48,0.45601298701298704,0.48600000000000004,0.5510904634581104,4.8,5.2,4.8,5.2
svm,signo_zodiacal_geminis,425,0.5,0.52,0.5755555555555556,0.4,0.4607017543859649,0.608,0.6802766465560582,4.0,3.6,6.4,6.0
svm,signo_zodiacal_geminis,426,0.5,0.51,0.5277777777777778,0.48,0.4961722488038277,0.514,0.5610203576952802,4.8,4.6,5.4,5.2
svm,signo_zodiacal_geminis,427,0.5,0.43,0.4036075036075036,0.34,0.3653963339721854,0.4630000000000001,0.5359655142758857,3.4,4.8,5.2,6.6
svm,signo_zodiacal_geminis,428,0.5,0.48,0.4736013986013986,0.4,0.4157867494824017,0.47000000000000003,0.5149946360828713,4.0,4.4,5.6,6.0
svm,signo_zodiacal_geminis,429,0.5,0.54,0.5333333333333333,0.6799999999999999,0.5949783549783549,0.522,0.5660793726397442,6.8,6.0,4.0,3.2
svm,signo_zodiacal_geminis,430,0.5,0.5199999999999999,0.5327777777777778,0.5,0.49678985342143234,0.5,0.6051315536888293,5.0,4.6,5.4,5.0
svm,signo_zodiacal_geminis,431,0.5,0.45,0.44666666666666666,0.3,0.3371717171717172,0.42200000000000004,0.551592528386646,3.0,4.0,6.0,7.0
svm,signo_zodiacal_geminis,432,0.5,0.58,0.5773504273504273,0.5599999999999999,0.5629544876684465,0.5459999999999999,0.5882613122171946,5.6,4.0,6.0,4.4
svm,signo_zodiacal_geminis,433,0.5,0.5900000000000001,0.6696969696969697,0.48,0.5156015037593985,0.612,0.6438803304538598,4.8,3.0,7.0,5.2
svm,signo_zodiacal_geminis,434,0.5,0.43,0.4024475524475524,0.4,0.3854715332976203,0.44699999999999995,0.5024366564807742,4.0,5.4,4.6,6.0
svm,signo_zodiacal_geminis,435,0.5,0.5199999999999999,0.525,0.45999999999999996,0.48409090909090907,0.48500000000000004,0.5541146810705635,4.6,4.2,5.8,5.4
svm,signo_zodiacal_geminis,436,0.5,0.52,0.5444444444444445,0.42000000000000004,0.46842105263157896,0.608,0.6495452951761,4.2,3.8,6.2,5.8
svm,signo_zodiacal_geminis,437,0.5,0.5,0.49786324786324787,0.48,0.4797199685643621,0.53,0.5981054670303896,4.8,4.8,5.2,5.2
svm,signo_zodiacal_geminis,438,0.5,0.58,0.5916666666666667,0.6,0.5919191919191918,0.624,0.6332140681815603,6.0,4.4,5.6,4.0
svm,signo_zodiacal_geminis,439,0.5,0.44000000000000006,0.4351648351648351,0.48,0.45140664961636834,0.42400000000000004,0.5299171569744325,4.8,6.0,4.0,5.2
svm,signo_zodiacal_geminis,440,0.5,0.5,0.48759018759018763,0.41999999999999993,0.447609219126247,0.546,0.6022506354154961,4.2,4.2,5.8,5.8
svm,signo_zodiacal_geminis,441,0.5,0.37,0.37666666666666665,0.45999999999999996,0.41098989898989896,0.358,0.450019046313164,4.6,7.2,2.8,5.4
svm,signo_zodiacal_geminis,442,0.5,0.49000000000000005,0.48571428571428565,0.62,0.5319638966697791,0.508,0.5499810734501137,6.2,6.4,3.6,3.8
svm,signo_zodiacal_geminis,443,0.5,0.31999999999999995,0.29047619047619044,0.25999999999999995,0.2718328798824155,0.315,0.43646190024285997,2.6,6.2,3.8,7.4
svm,signo_zodiacal_geminis,444,0.5,0.49000000000000005,0.4908669108669109,0.45999999999999996,0.4689561926982845,0.516,0.6011458170312658,4.6,4.8,5.2,5.4
svm,signo_zodiacal_geminis,445,0.5,0.42000000000000004,0.37564102564102564,0.44000000000000006,0.4043478260869565,0.476,0.5278168737007747,4.4,6.0,4.0,5.6
svm,signo_zodiacal_geminis,446,0.5,0.5,0.4990476190476191,0.5,0.4935706914344685,0.547,0.636003885003885,5.0,5.0,5.0,5.0
svm,signo_zodiacal_geminis,447,0.5,0.44000000000000006,0.42333333333333334,0.42000000000000004,0.4133801169590644,0.48200000000000004,0.5850389728950101,4.2,5.4,4.6,5.8
svm,signo_zodiacal_geminis,448,0.5,0.6199999999999999,0.6285714285714284,0.58,0.5874509803921569,0.7180000000000001,0.7437419030917483,5.8,3.4,6.6,4.2
svm,signo_zodiacal_geminis,449,0.5,0.49000000000000005,0.48448773448773447,0.39999999999999997,0.43311096368371904,0.526,0.5874298285134197,4.0,4.2,5.8,6.0
svm,signo_zodiacal_geminis,450,0.5,0.48,0.47393939393939394,0.52,0.49164912280701756,0.4960000000000001,0.551881294574019,5.2,5.6,4.4,4.8
svm,signo_zodiacal_geminis,451,0.5,0.51,0.5109523809523809,0.4999999999999999,0.5013903743315508,0.518,0.6252724134310821,5.0,4.8,5.2,5.0
svm,signo_zodiacal_geminis,452,0.5,0.54,0.5343589743589744,0.72,0.6097391304347826,0.572,0.5888827257194129,7.2,6.4,3.6,2.8
svm,signo_zodiacal_geminis,453,0.5,0.51,0.4978438228438228,0.5599999999999999,0.5243365330321852,0.566,0.6439362179787875,5.6,5.4,4.6,4.4
svm,signo_zodiacal_geminis,454,0.5,0.41000000000000003,0.40723776223776226,0.36,0.36999309868875085,0.40199999999999997,0.5040645645204469,3.6,5.4,4.6,6.4
svm,signo_zodiacal_geminis,455,0.5,0.55,0.5650793650793651,0.44000000000000006,0.4920622635018919,0.562,0.6039987295985748,4.4,3.4,6.6,5.6
svm,signo_zodiacal_geminis,456,0.5,0.38999999999999996,0.41090909090909095,0.5,0.4472380952380952,0.37,0.4940167985609162,5.0,7.2,2.8,5.0
svm,signo_zodiacal_geminis,457,0.5,0.51,0.5142857142857142,0.4,0.448297213622291,0.4960000000000001,0.530863775113775,4.0,3.8,6.2,6.0
svm,signo_zodiacal_geminis,458,0.5,0.4800000000000001,0.4774242424242424,0.5599999999999999,0.5049181929181928,0.43,0.4792685827244651,5.6,6.0,4.0,4.4
svm,signo_zodiacal_geminis,459,0.5,0.66,0.673939393939394,0.62,0.6396491228070176,0.6799999999999999,0.7071630479084039,6.2,3.0,7.0,3.8
svm,signo_zodiacal_geminis,460,0.5,0.52,0.522536450477627,0.7000000000000001,0.5859255076646381,0.4960000000000001,0.5775977072463141,7.0,6.6,3.4,3.0
svm,signo_zodiacal_geminis,461,0.5,0.5,0.49682539682539684,0.36,0.41077202810948943,0.512,0.5602246440350156,3.6,3.6,6.4,6.4
svm,signo_zodiacal_geminis,462,0.5,0.48999999999999994,0.4983766233766233,0.4,0.43507002801120453,0.544,0.6342461072639092,4.0,4.2,5.8,6.0
svm,signo_zodiacal_geminis,463,0.5,0.45999999999999996,0.4451587301587302,0.38,0.40824905400756795,0.4920000000000001,0.5981704704823899,3.8,4.6,5.4,6.2
svm,signo_zodiacal_geminis,464,0.5,0.5499999999999999,0.5811904761904763,0.48,0.5165864527629234,0.568,0.5947215186774011,4.8,3.8,6.2,5.2
svm,signo_zodiacal_geminis,465,0.5,0.49000000000000005,0.494949494949495,0.36000000000000004,0.40100250626566414,0.485,0.6008479586289183,3.6,3.8,6.2,6.4
svm,signo_zodiacal_geminis,466,0.5,0.57,0.5644022644022644,0.7,0.6187508906044374,0.585,0.6209871192618871,7.0,5.6,4.4,3.0
svm,signo_zodiacal_geminis,467,0.5,0.54,0.5666666666666667,0.4,0.4666666666666666,0.5,0.5442485308808838,4.0,3.2,6.8,6.0
svm,signo_zodiacal_geminis,468,0.5,0.51,0.5092857142857142,0.48,0.49030812324929973,0.5359999999999999,0.6018585107702755,4.8,4.6,5.4,5.2
svm,signo_zodiacal_geminis,469,0.5,0.5399999999999999,0.5399999999999999,0.5800000000000001,0.5522955874534823,0.55,0.5847430234883795,5.8,5.0,5.0,4.2
svm,signo_zodiacal_geminis,470,0.5,0.56,0.5487912087912087,0.66,0.5871113826273338,0.564,0.5955259260862975,6.6,5.4,4.6,3.4
svm,signo_zodiacal_geminis,471,0.5,0.5,0.509742218565748,0.64,0.5639709726666248,0.45400000000000007,0.5052643380011801,6.4,6.4,3.6,3.6
svm,signo_zodiacal_geminis,472,0.5,0.5199999999999999,0.5503030303030303,0.5,0.5164285714285713,0.518,0.6014899975325672,5.0,4.6,5.4,5.0
svm,signo_zodiacal_geminis,473,0.5,0.48,0.48500000000000004,0.3,0.35598290598290594,0.554,0.5800565104829811,3.0,3.4,6.6,7.0
svm,signo_zodiacal_geminis,474,0.5,0.4800000000000001,0.4881385281385281,0.6199999999999999,0.542952380952381,0.52,0.6009854497927254,6.2,6.6,3.4,3.8
svm,signo_zodiacal_geminis,475,0.5,0.54,0.5417099567099567,0.62,0.5707301587301588,0.541,0.603199077668118,6.2,5.4,4.6,3.8
svm,signo_zodiacal_geminis,476,0.5,0.47000000000000003,0.4675324675324675,0.44000000000000006,0.449953314659197,0.426,0.5069209324387343,4.4,5.0,5.0,5.6
svm,signo_zodiacal_geminis,477,0.5,0.4800000000000001,0.47051948051948056,0.5,0.4743712757830405,0.558,0.6128564360476124,5.0,5.4,4.6,5.0
svm,signo_zodiacal_geminis,478,0.5,0.43,0.41823953823953824,0.36,0.3795606663718119,0.365,0.4910878035792896,3.6,5.0,5.0,6.4
svm,signo_zodiacal_geminis,479,0.5,0.51,0.5192857142857142,0.48,0.4943196672608437,0.558,0.6169622301503106,4.8,4.6,5.4,5.2
svm,signo_zodiacal_geminis,480,0.5,0.55,0.5910256410256409,0.5,0.5169772256728778,0.6020000000000001,0.6565158409701753,5.0,4.0,6.0,5.0
svm,signo_zodiacal_geminis,481,0.5,0.45999999999999996,0.4771367521367521,0.6200000000000001,0.5332959946232257,0.43200000000000005,0.5201956685385478,6.2,7.0,3.0,3.8
svm,signo_zodiacal_geminis,482,0.5,0.59,0.573939393939394,0.76,0.6514545454545455,0.62,0.6451483896220738,7.6,5.8,4.2,2.4
svm,signo_zodiacal_geminis,483,0.5,0.41999999999999993,0.42222222222222217,0.4,0.4041866028708134,0.42600000000000005,0.48543595190499217,4.0,5.6,4.4,6.0
svm,signo_zodiacal_geminis,484,0.5,0.48999999999999994,0.4996031746031746,0.5800000000000001,0.5274894695947328,0.53,0.5795519557841539,5.8,6.0,4.0,4.2
svm,signo_zodiacal_geminis,485,0.5,0.4800000000000001,0.47324786324786317,0.5199999999999999,0.4887098906687008,0.483,0.588785520465087,5.2,5.6,4.4,4.8
svm,signo_zodiacal_geminis,486,0.5,0.43999999999999995,0.4075324675324675,0.38,0.3877310924369748,0.42799999999999994,0.500103257251864,3.8,5.0,5.0,6.2
svm,signo_zodiacal_geminis,487,0.5,0.44000000000000006,0.4397402597402597,0.5599999999999999,0.48879120879120874,0.462,0.5458776136144557,5.6,6.8,3.2,4.4
svm,signo_zodiacal_geminis,488,0.5,0.53,0.5503163503163504,0.54,0.5387868648603606,0.5279999999999999,0.5834376471481735,5.4,4.8,5.2,4.6
svm,signo_zodiacal_geminis,489,0.5,0.47000000000000003,0.47102564102564104,0.5,0.4821219055543998,0.49400000000000005,0.537450593094556,5.0,5.6,4.4,5.0
svm,signo_zodiacal_geminis,490,0.5,0.5700000000000001,0.6185714285714285,0.43999999999999995,0.508235294117647,0.5439999999999999,0.5931956915633385,4.4,3.0,7.0,5.6
svm,signo_zodiacal_geminis,491,0.5,0.6499999999999999,0.6773448773448774,0.58,0.6207872622733304,0.6940000000000001,0.7225735065588006,5.8,2.8,7.2,4.2
svm,signo_zodiacal_geminis,492,0.5,0.51,0.505874125874126,0.5599999999999999,0.5303105590062112,0.5559999999999999,0.6114784098770167,5.6,5.4,4.6,4.4
svm,signo_zodiacal_geminis,493,0.5,0.43,0.4452287581699347,0.54,0.47978167641325536,0.39799999999999996,0.47336876805684847,5.4,6.8,3.2,4.6
svm,signo_zodiacal_geminis,494,0.5,0.61,0.6718614718614718,0.56,0.5957282913165267,0.604,0.6537440414762395,5.6,3.4,6.6,4.4
svm,signo_zodiacal_geminis,495,0.5,0.5,0.5137662337662336,0.5199999999999999,0.5080430487984668,0.5,0.5836288913185197,5.2,5.2,4.8,4.8
svm,signo_zodiacal_geminis,496,0.5,0.5700000000000001,0.5888888888888888,0.5399999999999999,0.5535087719298245,0.5640000000000001,0.6005951636083215,5.4,4.0,6.0,4.6
svm,signo_zodiacal_geminis,497,0.5,0.51,0.5076923076923077,0.6399999999999999,0.56600790513834,0.484,0.5348975001606581,6.4,6.2,3.8,3.6
svm,signo_zodiacal_geminis,498,0.5,0.53,0.53,0.38,0.4326984126984127,0.588,0.6442791175113156,3.8,3.2,6.8,6.2
svm,signo_zodiacal_geminis,499,0.5,0.5599999999999999,0.5676068376068375,0.6799999999999999,0.614119409194924,0.604,0.6729956344824766,6.8,5.6,4.4,3.2
svm,signo_zodiacal_geminis,500,0.5,0.5900000000000001,0.5959595959595958,0.5799999999999998,0.5864661654135339,0.592,0.6306108782858009,5.8,4.0,6.0,4.2
svm,signo_zodiacal_leo,1,0.5,0.44000000000000006,0.4436507936507936,0.34,0.3655130473241928,0.382,0.5033122720932318,3.4,4.6,5.4,6.6
svm,signo_zodiacal_leo,2,0.5,0.56,0.5936147186147186,0.44000000000000006,0.49859943977591037,0.5439999999999999,0.5977635981149912,4.4,3.2,6.8,5.6
svm,signo_zodiacal_leo,3,0.5,0.48,0.4832167832167832,0.5599999999999999,0.5162525879917184,0.48600000000000004,0.5604750233426704,5.6,6.0,4.0,4.4
svm,signo_zodiacal_leo,4,0.5,0.53,0.5442424242424242,0.5,0.511077694235589,0.548,0.5919754320327075,5.0,4.4,5.6,5.0
svm,signo_zodiacal_leo,5,0.5,0.36,0.3396825396825397,0.24,0.26725805154597726,0.32599999999999996,0.44515537197580535,2.4,5.2,4.8,7.6
svm,signo_zodiacal_leo,6,0.5,0.4,0.3666666666666667,0.32,0.3327272727272727,0.45400000000000007,0.5166669076537498,3.2,5.2,4.8,6.8
svm,signo_zodiacal_leo,7,0.5,0.47000000000000003,0.45257575757575763,0.38,0.4069047619047619,0.526,0.5400045656957422,3.8,4.4,5.6,6.2
svm,signo_zodiacal_leo,8,0.5,0.5800000000000001,0.6235281385281384,0.48,0.5334493095483808,0.612,0.6328591763413745,4.8,3.2,6.8,5.2
svm,signo_zodiacal_leo,9,0.5,0.5700000000000001,0.573015873015873,0.54,0.5480439065578385,0.5820000000000001,0.6386146616541353,5.4,4.0,6.0,4.6
svm,signo_zodiacal_leo,10,0.5,0.4699999999999999,0.48555555555555563,0.48,0.47064114832535886,0.45600000000000007,0.5170252525252526,4.8,5.4,4.6,5.2
svm,signo_zodiacal_leo,11,0.5,0.43000000000000005,0.4143589743589743,0.38,0.3867391304347826,0.45600000000000007,0.5154767258884906,3.8,5.2,4.8,6.2
svm,signo_zodiacal_leo,12,0.5,0.53,0.5516666666666666,0.39999999999999997,0.4572514619883041,0.556,0.6156525506657086,4.0,3.4,6.6,6.0
svm,signo_zodiacal_leo,13,0.5,0.39,0.32,0.38,0.3433535353535354,0.32999999999999996,0.4264594392535569,3.8,6.0,4.0,6.2
svm,signo_zodiacal_leo,14,0.5,0.53,0.5166666666666666,0.4600000000000001,0.480103668261563,0.49400000000000005,0.5518118178690934,4.6,4.0,6.0,5.4
svm,signo_zodiacal_leo,15,0.5,0.49000000000000005,0.4593589743589743,0.62,0.525052261747914,0.4800000000000001,0.5171396489647264,6.2,6.4,3.6,3.8
svm,signo_zodiacal_leo,16,0.5,0.63,0.6228438228438228,0.6799999999999999,0.6480549199084669,0.588,0.5733283464901112,6.8,4.2,5.8,3.2
svm,signo_zodiacal_leo,17,0.5,0.5800000000000001,0.6011688311688312,0.5,0.5286834733893557,0.6320000000000001,0.6580244667613089,5.0,3.4,6.6,5.0
svm,signo_zodiacal_leo,18,0.5,0.48999999999999994,0.5048076923076923,0.56,0.5231512448903753,0.4379999999999999,0.5636100786898,5.6,5.8,4.2,4.4
svm,signo_zodiacal_leo,19,0.5,0.55,0.5419047619047619,0.5599999999999999,0.5457894736842104,0.52,0.5573697105268312,5.6,4.6,5.4,4.4
svm,signo_zodiacal_leo,20,0.5,0.51,0.5088888888888888,0.4800000000000001,0.4936842105263158,0.502,0.5613710727696796,4.8,4.6,5.4,5.2
svm,signo_zodiacal_leo,21,0.5,0.51,0.5195804195804196,0.58,0.5458151307121559,0.4879999999999999,0.5462335734440997,5.8,5.6,4.4,4.2
svm,signo_zodiacal_leo,22,0.5,0.47000000000000003,0.45008547008547006,0.43999999999999995,0.43466148903219837,0.49399999999999994,0.5772427099044746,4.4,5.0,5.0,5.6
svm,signo_zodiacal_leo,23,0.5,0.6300000000000001,0.5988795518207282,0.8400000000000001,0.6973063973063972,0.57,0.5678817926139907,8.4,5.8,4.2,1.6
svm,signo_zodiacal_leo,24,0.5,0.52,0.4133333333333333,0.38,0.36222222222222217,0.5640000000000001,0.5907938358511113,3.8,3.4,6.6,6.2
svm,signo_zodiacal_leo,25,0.5,0.39,0.3945454545454546,0.44000000000000006,0.4123007518796992,0.4079999999999999,0.5276807110158503,4.4,6.6,3.4,5.6
svm,signo_zodiacal_leo,26,0.5,0.36,0.35118411000763944,0.36,0.3438530967942732,0.384,0.5118500774251549,3.6,6.4,3.6,6.4
svm,signo_zodiacal_leo,27,0.5,0.52,0.5166666666666667,0.6,0.5533596837944664,0.54,0.6061567588757992,6.0,5.6,4.4,4.0
svm,signo_zodiacal_leo,28,0.5,0.48,0.4792424242424242,0.5,0.4848872180451128,0.43000000000000005,0.5319357505239858,5.0,5.4,4.6,5.0
svm,signo_zodiacal_leo,29,0.5,0.38,0.400909090909091,0.5,0.43893972693972694,0.308,0.4341777262984693,5.0,7.4,2.6,5.0
svm,signo_zodiacal_leo,30,0.5,0.47000000000000003,0.4817460317460317,0.45999999999999996,0.46501547987616093,0.404,0.4881228720539865,4.6,5.2,4.8,5.4
svm,signo_zodiacal_leo,31,0.5,0.5,0.49720279720279725,0.64,0.5570313744226787,0.5,0.5629991685301283,6.4,6.4,3.6,3.6
svm,signo_zodiacal_leo,32,0.5,0.53,0.5341269841269842,0.41999999999999993,0.45686140484902094,0.5359999999999999,0.6229517616886037,4.2,3.6,6.4,5.8
svm,signo_zodiacal_leo,33,0.5,0.47000000000000003,0.47897435897435897,0.66,0.5514247491638796,0.484,0.5442212319843899,6.6,7.2,2.8,3.4
svm,signo_zodiacal_leo,34,0.5,0.44000000000000006,0.4357142857142858,0.4,0.4087461300309598,0.40800000000000003,0.501263496307614,4.0,5.2,4.8,6.0
svm,signo_zodiacal_leo,35,0.5,0.56,0.5700000000000001,0.5800000000000001,0.5715151515151515,0.602,0.6763245632936036,5.8,4.6,5.4,4.2
svm,signo_zodiacal_leo,36,0.5,0.41999999999999993,0.40078431372549017,0.4800000000000001,0.42700336700336694,0.37,0.45930006062049406,4.8,6.4,3.6,5.2
svm,signo_zodiacal_leo,37,0.5,0.45,0.46153846153846156,0.54,0.49565217391304345,0.45599999999999985,0.5215620321371095,5.4,6.4,3.6,4.6
svm,signo_zodiacal_leo,38,0.5,0.32999999999999996,0.2697835497835498,0.22000000000000003,0.2373389355742297,0.304,0.4500701710570132,2.2,5.6,4.4,7.8
svm,signo_zodiacal_leo,39,0.5,0.49000000000000005,0.47644512350394697,0.5399999999999999,0.49565089193572154,0.5159999999999999,0.5352332456844839,5.4,5.6,4.4,4.6
svm,signo_zodiacal_leo,40,0.5,0.54,0.5263791763791763,0.64,0.5731494744767056,0.536,0.5868885826076229,6.4,5.6,4.4,3.6
svm,signo_zodiacal_leo,41,0.5,0.4800000000000001,0.47936507936507927,0.34,0.3959752321981424,0.45199999999999996,0.5461601756516616,3.4,3.8,6.2,6.6
svm,signo_zodiacal_leo,42,0.5,0.5900000000000001,0.5900000000000001,0.56,0.5616161616161616,0.636,0.6804257215093129,5.6,3.8,6.2,4.4
svm,signo_zodiacal_leo,43,0.5,0.52,0.49873015873015875,0.42000000000000004,0.4402631578947368,0.49000000000000005,0.552908110894953,4.2,3.8,6.2,5.8
svm,signo_zodiacal_leo,44,0.5,0.53,0.5456410256410257,0.4600000000000001,0.4814906832298137,0.548,0.6059546917650633,4.6,4.0,6.0,5.4
svm,signo_zodiacal_leo,45,0.5,0.38999999999999996,0.37772727272727274,0.34,0.3502574618364092,0.382,0.47774506925822713,3.4,5.6,4.4,6.6
svm,signo_zodiacal_leo,46,0.5,0.45,0.4540404040404041,0.5399999999999999,0.4886727307779939,0.48600000000000004,0.5304211699033681,5.4,6.4,3.6,4.6
svm,signo_zodiacal_leo,47,0.5,0.4700000000000001,0.4276623376623377,0.4800000000000001,0.4419480519480519,0.422,0.4784018003839986,4.8,5.4,4.6,5.2
svm,signo_zodiacal_leo,48,0.5,0.45999999999999996,0.44552669552669555,0.44000000000000006,0.4397223004034149,0.42399999999999993,0.5004736005308761,4.4,5.2,4.8,5.6
svm,signo_zodiacal_leo,49,0.5,0.53,0.5191919191919192,0.54,0.5283208020050125,0.5010000000000001,0.5608594832240342,5.4,4.8,5.2,4.6
svm,signo_zodiacal_leo,50,0.5,0.55,0.5916666666666666,0.36,0.4297924297924299,0.5579999999999999,0.5810833147760393,3.6,2.6,7.4,6.4
svm,signo_zodiacal_leo,51,0.5,0.48999999999999994,0.47575757575757577,0.44000000000000006,0.4511544011544011,0.514,0.5702014261967823,4.4,4.6,5.4,5.6
svm,signo_zodiacal_leo,52,0.5,0.4600000000000001,0.4315233785822022,0.54,0.4662525879917184,0.492,0.5426160975247662,5.4,6.2,3.8,4.6
svm,signo_zodiacal_leo,53,0.5,0.38,0.37025641025641026,0.4,0.3818315881931443,0.421,0.5078267102694347,4.0,6.4,3.6,6.0
svm,signo_zodiacal_leo,54,0.5,0.53,0.6,0.5,0.5022533022533022,0.5599999999999999,0.6077671941921168,5.0,4.4,5.6,5.0
svm,signo_zodiacal_leo,55,0.5,0.53,0.5225732600732601,0.7,0.5965643052599574,0.508,0.5394198030211963,7.0,6.4,3.6,3.0
svm,signo_zodiacal_leo,56,0.5,0.5,0.4934766214177979,0.6,0.5341970428926951,0.43599999999999994,0.5047283005092602,6.0,6.0,4.0,4.0
svm,signo_zodiacal_leo,57,0.5,0.51,0.5092521367521368,0.62,0.5489614113321207,0.502,0.5548319164495634,6.2,6.0,4.0,3.8
svm,signo_zodiacal_leo,58,0.5,0.55,0.5225974025974025,0.6000000000000001,0.5529635854341736,0.538,0.6057562813003989,6.0,5.0,5.0,4.0
svm,signo_zodiacal_leo,59,0.5,0.49000000000000005,0.5184415584415584,0.32,0.38677871148459386,0.41400000000000003,0.5193753946431965,3.2,3.4,6.6,6.8
svm,signo_zodiacal_leo,60,0.5,0.38,0.4,0.5199999999999999,0.4501818181818182,0.37799999999999995,0.4778647304707676,5.2,7.6,2.4,4.8
svm,signo_zodiacal_leo,61,0.5,0.52,0.5112179487179487,0.6399999999999999,0.5617377791290835,0.564,0.6053223045444407,6.4,6.0,4.0,3.6
svm,signo_zodiacal_leo,62,0.5,0.55,0.5761904761904761,0.4,0.47124183006535947,0.576,0.603559844352414,4.0,3.0,7.0,6.0
svm,signo_zodiacal_leo,63,0.5,0.5599999999999999,0.5492025518341308,0.8,0.6446909412426653,0.556,0.598182603344368,8.0,6.8,3.2,2.0
svm,signo_zodiacal_leo,64,0.5,0.55,0.5596825396825397,0.48,0.5134984520123839,0.5690000000000002,0.5744519914210316,4.8,3.8,6.2,5.2
svm,signo_zodiacal_leo,65,0.5,0.5599999999999999,0.6457142857142857,0.42000000000000004,0.45642555586828026,0.504,0.5522502764693167,4.2,3.0,7.0,5.8
svm,signo_zodiacal_leo,66,0.5,0.48,0.47272727272727266,0.47999999999999987,0.46420295390883626,0.488,0.5364352542881955,4.8,5.2,4.8,5.2
svm,signo_zodiacal_leo,67,0.5,0.56,0.5562826062826062,0.58,0.5610973492788004,0.5359999999999999,0.5738509170567994,5.8,4.6,5.4,4.2
svm,signo_zodiacal_leo,68,0.5,0.4699999999999999,0.47272727272727266,0.44000000000000006,0.4545530492898914,0.47000000000000003,0.5094029847001984,4.4,5.0,5.0,5.6
svm,signo_zodiacal_leo,69,0.5,0.52,0.5257936507936508,0.42000000000000004,0.4654282765737873,0.508,0.600581409388685,4.2,3.8,6.2,5.8
svm,signo_zodiacal_leo,70,0.5,0.5900000000000001,0.5862587412587412,0.62,0.5988129744651485,0.5980000000000001,0.6637501279250504,6.2,4.4,5.6,3.8
svm,signo_zodiacal_leo,71,0.5,0.5,0.5018181818181817,0.5199999999999999,0.5104761904761904,0.446,0.5313161428354928,5.2,5.2,4.8,4.8
svm,signo_zodiacal_leo,72,0.5,0.55,0.5501298701298701,0.44000000000000006,0.48209150326797384,0.516,0.5840339470471049,4.4,3.4,6.6,5.6
svm,signo_zodiacal_leo,73,0.5,0.37000000000000005,0.27936507936507937,0.22000000000000003,0.24442724458204332,0.34400000000000003,0.44817520611483463,2.2,4.8,5.2,7.8
svm,signo_zodiacal_leo,74,0.5,0.5599999999999999,0.5442002442002442,0.6599999999999999,0.5938284446293599,0.528,0.5739017997826047,6.6,5.4,4.6,3.4
svm,signo_zodiacal_leo,75,0.5,0.51,0.5071428571428571,0.38,0.4264239028944911,0.558,0.6097472984531808,3.8,3.6,6.4,6.2
svm,signo_zodiacal_leo,76,0.5,0.58,0.5838095238095239,0.68,0.6175258467023172,0.5449999999999999,0.5900646482000971,6.8,5.2,4.8,3.2
svm,signo_zodiacal_leo,77,0.5,0.43,0.43598484848484853,0.5199999999999999,0.47041730199624937,0.368,0.4685949734819704,5.2,6.6,3.4,4.8
svm,signo_zodiacal_leo,78,0.5,0.5599999999999999,0.5822222222222223,0.44000000000000006,0.4930994152046784,0.6040000000000001,0.6311569988319213,4.4,3.2,6.8,5.6
svm,signo_zodiacal_leo,79,0.5,0.49000000000000005,0.5316161616161617,0.36000000000000004,0.41500417710944026,0.434,0.517603889832218,3.6,3.8,6.2,6.4
svm,signo_zodiacal_leo,80,0.5,0.5,0.4883333333333333,0.6199999999999999,0.5346324786324786,0.572,0.5867641782022588,6.2,6.2,3.8,3.8
svm,signo_zodiacal_leo,81,0.5,0.55,0.5555555555555556,0.43999999999999995,0.48985208118335055,0.603,0.6272684788551661,4.4,3.4,6.6,5.6
svm,signo_zodiacal_leo,82,0.5,0.49000000000000005,0.5216666666666667,0.3,0.37363408521303254,0.402,0.5317184780303975,3.0,3.2,6.8,7.0
svm,signo_zodiacal_leo,83,0.5,0.49000000000000005,0.5096153846153847,0.41999999999999993,0.43134522482348564,0.43599999999999994,0.5555294813545587,4.2,4.4,5.6,5.8
svm,signo_zodiacal_leo,84,0.5,0.59,0.57075311942959,0.72,0.6262588094167041,0.584,0.6123710266341845,7.2,5.4,4.6,2.8
svm,signo_zodiacal_leo,85,0.5,0.51,0.4708791208791208,0.6,0.5162525879917184,0.48,0.5143043602424408,6.0,5.8,4.2,4.0
svm,signo_zodiacal_leo,86,0.5,0.42000000000000004,0.3741558441558442,0.25999999999999995,0.2992717086834734,0.36800000000000005,0.47373607378173943,2.6,4.2,5.8,7.4
svm,signo_zodiacal_leo,87,0.5,0.6100000000000001,0.6522222222222223,0.6199999999999999,0.621956937799043,0.64,0.6662701336331367,6.2,4.0,6.0,3.8
svm,signo_zodiacal_leo,88,0.5,0.47000000000000003,0.426073926073926,0.4800000000000001,0.44030990322550423,0.45,0.5140758751052867,4.8,5.4,4.6,5.2
svm,signo_zodiacal_leo,89,0.5,0.52,0.5708333333333332,0.48,0.49860139860139857,0.524,0.6173977077274291,4.8,4.4,5.6,5.2
svm,signo_zodiacal_leo,90,0.5,0.4800000000000001,0.47297979797979794,0.52,0.49124986378990954,0.49000000000000005,0.5801386223855263,5.2,5.6,4.4,4.8
svm,signo_zodiacal_leo,91,0.5,0.53,0.5100577200577201,0.4800000000000001,0.49162415843530394,0.552,0.6270803728435307,4.8,4.2,5.8,5.2
svm,signo_zodiacal_leo,92,0.5,0.5700000000000001,0.5738888888888889,0.58,0.5719883040935673,0.562,0.6234420493507181,5.8,4.4,5.6,4.2
svm,signo_zodiacal_leo,93,0.5,0.49000000000000005,0.49761904761904774,0.43999999999999995,0.46338931106732967,0.542,0.57697443913156,4.4,4.6,5.4,5.6
svm,signo_zodiacal_leo,94,0.5,0.52,0.5311111111111112,0.38,0.43129490392648284,0.492,0.5495639262698087,3.8,3.4,6.6,6.2
svm,signo_zodiacal_leo,95,0.5,0.55,0.5709235209235209,0.5599999999999999,0.5605263157894737,0.602,0.6882399349016995,5.6,4.6,5.4,4.4
svm,signo_zodiacal_leo,96,0.5,0.54,0.5267614738202974,0.7,0.5972049689440994,0.5519999999999999,0.5943165431060168,7.0,6.2,3.8,3.0
svm,signo_zodiacal_leo,97,0.5,0.49000000000000005,0.5060139860139861,0.5399999999999999,0.5073291925465838,0.418,0.5053570226642983,5.4,5.6,4.4,4.6
svm,signo_zodiacal_leo,98,0.5,0.4600000000000001,0.4584415584415584,0.47999999999999987,0.4617545568952218,0.4600000000000001,0.5716373914183511,4.8,5.6,4.4,5.2
svm,signo_zodiacal_leo,99,0.5,0.48,0.5357142857142858,0.28,0.31961420932009166,0.5559999999999999,0.6052892442095228,2.8,3.2,6.8,7.2
svm,signo_zodiacal_leo,100,0.5,0.5200000000000001,0.541025641025641,0.44000000000000006,0.4570743834170944,0.538,0.6076518459180997,4.4,4.0,6.0,5.6
svm,signo_zodiacal_leo,101,0.5,0.38,0.3778291316526611,0.42000000000000004,0.38833828480887306,0.372,0.4455290999849823,4.2,6.6,3.4,5.8
svm,signo_zodiacal_leo,102,0.5,0.51,0.5482478632478631,0.4800000000000001,0.4964547072556226,0.596,0.6471256223137027,4.8,4.6,5.4,5.2
svm,signo_zodiacal_leo,103,0.5,0.42000000000000004,0.40499999999999997,0.33999999999999997,0.35311111111111115,0.43599999999999994,0.4943117890881049,3.4,5.0,5.0,6.6
svm,signo_zodiacal_leo,104,0.5,0.53,0.5206959706959707,0.68,0.5891304347826087,0.5700000000000001,0.5934139903783867,6.8,6.2,3.8,3.2
svm,signo_zodiacal_leo,105,0.5,0.53,0.5291763791763792,0.58,0.5511694255401349,0.52,0.5745847008168989,5.8,5.2,4.8,4.2
svm,signo_zodiacal_leo,106,0.5,0.53,0.5058441558441559,0.45999999999999996,0.47384135472370764,0.534,0.5897092711210358,4.6,4.0,6.0,5.4
svm,signo_zodiacal_leo,107,0.5,0.53,0.5365079365079366,0.52,0.5213106295149639,0.56,0.6217382792645949,5.2,4.6,5.4,4.8
svm,signo_zodiacal_leo,108,0.5,0.55,0.5678571428571428,0.5,0.5287581699346405,0.57,0.6003695383563805,5.0,4.0,6.0,5.0
svm,signo_zodiacal_leo,109,0.5,0.44000000000000006,0.4561965811965812,0.58,0.5039429677873615,0.45199999999999996,0.5473457570121656,5.8,7.0,3.0,4.2
svm,signo_zodiacal_leo,110,0.5,0.38,0.3433333333333334,0.3,0.31488721804511277,0.386,0.4602402689329933,3.0,5.4,4.6,7.0
svm,signo_zodiacal_leo,111,0.5,0.43000000000000005,0.4305555555555555,0.39999999999999997,0.4130781499202552,0.414,0.4960462805168688,4.0,5.4,4.6,6.0
svm,signo_zodiacal_leo,112,0.5,0.38,0.3956643356643357,0.45999999999999996,0.42438923395445133,0.35,0.4950489367873268,4.6,7.0,3.0,5.4
svm,signo_zodiacal_leo,113,0.5,0.57,0.5980158730158729,0.44000000000000006,0.504609563123495,0.57,0.6103476790667193,4.4,3.0,7.0,5.6
svm,signo_zodiacal_leo,114,0.5,0.45999999999999996,0.4664718614718614,0.44000000000000006,0.4487123334182158,0.426,0.521623230141032,4.4,5.2,4.8,5.6
svm,signo_zodiacal_leo,115,0.5,0.51,0.5900000000000001,0.32,0.3842424242424242,0.512,0.5815162054148123,3.2,3.0,7.0,6.8
svm,signo_zodiacal_leo,116,0.5,0.51,0.5287662337662338,0.4,0.4484407096171802,0.53,0.6231307030602696,4.0,3.8,6.2,6.0
svm,signo_zodiacal_leo,117,0.5,0.44000000000000006,0.4215873015873016,0.36,0.37539785292107275,0.4039999999999999,0.48533742401389457,3.6,4.8,5.2,6.4
svm,signo_zodiacal_leo,118,0.5,0.54,0.5301165501165501,0.6199999999999999,0.5705702992659514,0.539,0.5684541281731683,6.2,5.4,4.6,3.8
svm,signo_zodiacal_leo,119,0.5,0.4,0.3953968253968254,0.5,0.438347687400319,0.36,0.48997526639167505,5.0,7.0,3.0,5.0
svm,signo_zodiacal_leo,120,0.5,0.49000000000000005,0.48571428571428577,0.36000000000000004,0.41225490196078435,0.502,0.5536561298178946,3.6,3.8,6.2,6.4
svm,signo_zodiacal_leo,121,0.5,0.48999999999999994,0.5134865134865135,0.5,0.5014979905005481,0.48200000000000004,0.5750494324217235,5.0,5.2,4.8,5.0
svm,signo_zodiacal_leo,122,0.5,0.52,0.5202020202020202,0.48,0.4973266499582289,0.5559999999999999,0.5642857948724822,4.8,4.4,5.6,5.2
svm,signo_zodiacal_leo,123,0.5,0.45,0.45064102564102565,0.48,0.46192358366271413,0.44800000000000006,0.5556777313673599,4.8,5.8,4.2,5.2
svm,signo_zodiacal_leo,124,0.5,0.37,0.34549783549783547,0.27999999999999997,0.3029898275099513,0.318,0.44283121926233376,2.8,5.4,4.6,7.2
svm,signo_zodiacal_leo,125,0.5,0.53,0.5548051948051947,0.5399999999999999,0.5222857142857144,0.53,0.5696102133160956,5.4,4.8,5.2,4.6
svm,signo_zodiacal_leo,126,0.5,0.43000000000000005,0.43170163170163167,0.4,0.40840207936721595,0.491,0.5709594818666026,4.0,5.4,4.6,6.0
svm,signo_zodiacal_leo,127,0.5,0.54,0.5407575757575758,0.6599999999999999,0.5855646575646576,0.558,0.6210757010447412,6.6,5.8,4.2,3.4
svm,signo_zodiacal_leo,128,0.5,0.38,0.37025641025641026,0.36,0.36011441647597253,0.358,0.4664409793852518,3.6,6.0,4.0,6.4
svm,signo_zodiacal_leo,129,0.5,0.49000000000000005,0.48666666666666664,0.4,0.4255821371610845,0.44399999999999995,0.5541344329904702,4.0,4.2,5.8,6.0
svm,signo_zodiacal_leo,130,0.5,0.45,0.45090909090909087,0.4,0.4191269841269841,0.458,0.5445634900015704,4.0,5.0,5.0,6.0
svm,signo_zodiacal_leo,131,0.5,0.4800000000000001,0.45512265512265504,0.4000000000000001,0.42187085360459975,0.532,0.5905757651361366,4.0,4.4,5.6,6.0
svm,signo_zodiacal_leo,132,0.5,0.5,0.495,0.4,0.44026143790849676,0.553,0.5936658488570253,4.0,4.0,6.0,6.0
svm,signo_zodiacal_leo,133,0.5,0.36,0.3512354312354312,0.36000000000000004,0.33899378881987574,0.35,0.483697397803435,3.6,6.4,3.6,6.4
svm,signo_zodiacal_leo,134,0.5,0.4800000000000001,0.4818181818181818,0.6,0.5332298136645963,0.518,0.5880302393684746,6.0,6.4,3.6,4.0
svm,signo_zodiacal_leo,135,0.5,0.49000000000000005,0.48852813852813853,0.52,0.4972582972582972,0.516,0.5315276647157452,5.2,5.4,4.6,4.8
svm,signo_zodiacal_leo,136,0.5,0.52,0.5202020202020202,0.45999999999999996,0.4840225563909774,0.512,0.547983357715556,4.6,4.2,5.8,5.4
svm,signo_zodiacal_leo,137,0.5,0.5599999999999999,0.5795238095238096,0.48,0.514393470306783,0.5920000000000001,0.6243920954346651,4.8,3.6,6.4,5.2
svm,signo_zodiacal_leo,138,0.5,0.49000000000000005,0.49912587412587417,0.5599999999999999,0.5226017943409247,0.512,0.576231886964085,5.6,5.8,4.2,4.4
svm,signo_zodiacal_leo,139,0.5,0.56,0.5464102564102564,0.72,0.6201607378129117,0.54,0.5666116362997167,7.2,6.0,4.0,2.8
svm,signo_zodiacal_leo,140,0.5,0.47000000000000003,0.45286324786324783,0.38,0.4030027968471904,0.496,0.5648001257428502,3.8,4.4,5.6,6.2
svm,signo_zodiacal_leo,141,0.5,0.4600000000000001,0.44230769230769235,0.5,0.46180474824976103,0.43999999999999995,0.501815444359562,5.0,5.8,4.2,5.0
svm,signo_zodiacal_leo,142,0.5,0.52,0.5082251082251082,0.6,0.5464912280701755,0.48200000000000004,0.5131015079691551,6.0,5.6,4.4,4.0
svm,signo_zodiacal_leo,143,0.5,0.58,0.5774242424242424,0.64,0.6006695526695526,0.6320000000000001,0.6716835627392903,6.4,4.8,5.2,3.6
svm,signo_zodiacal_leo,144,0.5,0.55,0.585952380952381,0.44000000000000006,0.4950533195734435,0.5559999999999999,0.5787128318877546,4.4,3.4,6.6,5.6
svm,signo_zodiacal_leo,145,0.5,0.5700000000000001,0.5867521367521367,0.5599999999999998,0.5631995007281049,0.622,0.6814447933387562,5.6,4.2,5.8,4.4
svm,signo_zodiacal_leo,146,0.5,0.4,0.42051948051948057,0.5,0.4536190476190477,0.384,0.4944292282365038,5.0,7.0,3.0,5.0
svm,signo_zodiacal_leo,147,0.5,0.47000000000000003,0.48238095238095235,0.32,0.37519140989729227,0.47000000000000003,0.5766344493140159,3.2,3.8,6.2,6.8
svm,signo_zodiacal_leo,148,0.5,0.54,0.5172222222222222,0.54,0.519766081871345,0.52,0.5450496992687395,5.4,4.6,5.4,4.6
svm,signo_zodiacal_leo,149,0.5,0.5700000000000001,0.6073015873015872,0.42000000000000004,0.4917991056071552,0.5680000000000001,0.6027717109172217,4.2,2.8,7.2,5.8
svm,signo_zodiacal_leo,150,0.5,0.5399999999999999,0.5645238095238095,0.4,0.4609803921568628,0.5740000000000001,0.631335849822692,4.0,3.2,6.8,6.0
svm,signo_zodiacal_leo,151,0.5,0.48,0.4907900432900433,0.6399999999999999,0.550930402930403,0.5469999999999999,0.6123306595365419,6.4,6.8,3.2,3.6
svm,signo_zodiacal_leo,152,0.5,0.51,0.5177045177045176,0.45999999999999996,0.48150640881829465,0.45899999999999996,0.5018965756465756,4.6,4.4,5.6,5.4
svm,signo_zodiacal_leo,153,0.5,0.44000000000000006,0.44419340463458107,0.6,0.504945424945425,0.476,0.555154428474862,6.0,7.2,2.8,4.0
svm,signo_zodiacal_leo,154,0.5,0.4800000000000001,0.4818181818181818,0.52,0.5,0.488,0.5881856476856476,5.2,5.6,4.4,4.8
svm,signo_zodiacal_leo,155,0.5,0.4600000000000001,0.4675757575757576,0.5,0.4815538847117794,0.398,0.5125361526158739,5.0,5.8,4.2,5.0
svm,signo_zodiacal_leo,156,0.5,0.5,0.5083333333333334,0.5,0.4964646464646464,0.5279999999999999,0.6252612464934446,5.0,5.0,5.0,5.0
svm,signo_zodiacal_leo,157,0.5,0.6199999999999999,0.6143589743589744,0.6799999999999999,0.6426003744539214,0.711,0.7490884650265455,6.8,4.4,5.6,3.2
svm,signo_zodiacal_leo,158,0.5,0.4600000000000001,0.45460317460317456,0.4,0.423687650498796,0.41200000000000003,0.4986702925557414,4.0,4.8,5.2,6.0
svm,signo_zodiacal_leo,159,0.5,0.45,0.4488888888888889,0.33999999999999997,0.38391640866873067,0.38899999999999996,0.4878723808870868,3.4,4.4,5.6,6.6
svm,signo_zodiacal_leo,160,0.5,0.5200000000000001,0.5236471861471861,0.62,0.557654110595287,0.45,0.5266476389107968,6.2,5.8,4.2,3.8
svm,signo_zodiacal_leo,161,0.5,0.37,0.37653679653679656,0.38,0.37285714285714283,0.36400000000000005,0.47111061264157233,3.8,6.4,3.6,6.2
svm,signo_zodiacal_leo,162,0.5,0.48999999999999994,0.4677777777777778,0.42000000000000004,0.42183458646616534,0.438,0.5331957950030706,4.2,4.4,5.6,5.8
svm,signo_zodiacal_leo,163,0.5,0.45999999999999996,0.4671128871128872,0.54,0.49863354037267077,0.462,0.5187946698124717,5.4,6.2,3.8,4.6
svm,signo_zodiacal_leo,164,0.5,0.5700000000000001,0.5733766233766234,0.5599999999999999,0.5619918780909493,0.516,0.5867082921378587,5.6,4.2,5.8,4.4
svm,signo_zodiacal_leo,165,0.5,0.43,0.39995670995670995,0.44000000000000006,0.4064790111848936,0.43599999999999994,0.4928597344348119,4.4,5.8,4.2,5.6
svm,signo_zodiacal_leo,166,0.5,0.44000000000000006,0.45062937062937064,0.52,0.48203274985883676,0.396,0.4956807359307359,5.2,6.4,3.6,4.8
svm,signo_zodiacal_leo,167,0.5,0.5199999999999999,0.5275757575757576,0.5199999999999999,0.508066378066378,0.536,0.6248632380691205,5.2,4.8,5.2,4.8
svm,signo_zodiacal_leo,168,0.5,0.47000000000000003,0.4590909090909091,0.5,0.4706959706959707,0.488,0.5370806760319145,5.0,5.6,4.4,5.0
svm,signo_zodiacal_leo,169,0.5,0.53,0.5431746031746032,0.45999999999999996,0.4874190824655221,0.526,0.5775462843829717,4.6,4.0,6.0,5.4
svm,signo_zodiacal_leo,170,0.5,0.51,0.5325396825396825,0.39999999999999997,0.45404196766425875,0.5479999999999999,0.6138293628456167,4.0,3.8,6.2,6.0
svm,signo_zodiacal_leo,171,0.5,0.5200000000000001,0.5224708624708624,0.6599999999999999,0.5793209109730849,0.48599999999999993,0.5875884944089278,6.6,6.2,3.8,3.4
svm,signo_zodiacal_leo,172,0.5,0.6,0.6483333333333332,0.43999999999999995,0.5118253968253967,0.628,0.7024184116537058,4.4,2.4,7.6,5.6
svm,signo_zodiacal_leo,173,0.5,0.41,0.40820512820512816,0.33999999999999997,0.3634541062801932,0.366,0.48792233909880967,3.4,5.2,4.8,6.6
svm,signo_zodiacal_leo,174,0.5,0.5,0.5222222222222223,0.48,0.4730217151269783,0.526,0.5988051356108631,4.8,4.8,5.2,5.2
svm,signo_zodiacal_leo,175,0.5,0.4699999999999999,0.4688888888888889,0.5,0.4823923444976076,0.532,0.6237657983571296,5.0,5.6,4.4,5.0
svm,signo_zodiacal_leo,176,0.5,0.43,0.4227272727272727,0.45999999999999996,0.42843290043290044,0.502,0.6247734040984814,4.6,6.0,4.0,5.4
svm,signo_zodiacal_leo,177,0.5,0.54,0.5600288600288601,0.52,0.5345073914733358,0.618,0.6922635697635697,5.2,4.4,5.6,4.8
svm,signo_zodiacal_leo,178,0.5,0.48,0.450909090909091,0.4,0.41690476190476194,0.45600000000000007,0.5324626947699703,4.0,4.4,5.6,6.0
svm,signo_zodiacal_leo,179,0.5,0.48,0.4726190476190476,0.38,0.4204334365325078,0.47800000000000004,0.5478028087323753,3.8,4.2,5.8,6.2
svm,signo_zodiacal_leo,180,0.5,0.41,0.4012121212121212,0.33999999999999997,0.3621428571428571,0.426,0.5109094130843357,3.4,5.2,4.8,6.6
svm,signo_zodiacal_leo,181,0.5,0.45999999999999996,0.46223776223776225,0.48,0.468355671788166,0.46799999999999997,0.5800969694220468,4.8,5.6,4.4,5.2
svm,signo_zodiacal_leo,182,0.5,0.55,0.5692424242424242,0.52,0.5354401154401154,0.608,0.6803711327372317,5.2,4.2,5.8,4.8
svm,signo_zodiacal_leo,183,0.5,0.52,0.5284033613445378,0.66,0.5651851851851852,0.6119999999999999,0.6656515245160756,6.6,6.2,3.8,3.4
svm,signo_zodiacal_leo,184,0.5,0.49000000000000005,0.4935042735042735,0.52,0.5017950673785914,0.462,0.5348567090803933,5.2,5.4,4.6,4.8
svm,signo_zodiacal_leo,185,0.5,0.55,0.5642857142857143,0.4,0.46237161531279175,0.546,0.6071222856091276,4.0,3.0,7.0,6.0
svm,signo_zodiacal_leo,186,0.5,0.48,0.4723076923076923,0.4,0.42238704177323105,0.426,0.5036823752442948,4.0,4.4,5.6,6.0
svm,signo_zodiacal_leo,187,0.5,0.49000000000000005,0.4612698412698412,0.36000000000000004,0.39064291745406293,0.48600000000000004,0.5413303363303363,3.6,3.8,6.2,6.4
svm,signo_zodiacal_leo,188,0.5,0.4,0.4037878787878788,0.44000000000000006,0.419047619047619,0.37499999999999994,0.48268378276350415,4.4,6.4,3.6,5.6
svm,signo_zodiacal_leo,189,0.5,0.44000000000000006,0.4390909090909091,0.4800000000000001,0.45744360902255643,0.45599999999999996,0.5740889594581544,4.8,6.0,4.0,5.2
svm,signo_zodiacal_leo,190,0.5,0.5700000000000001,0.5980519480519482,0.48,0.5292250233426704,0.604,0.6485287196463667,4.8,3.4,6.6,5.2
svm,signo_zodiacal_leo,191,0.5,0.4600000000000001,0.44682539682539685,0.36,0.3980736154110767,0.41100000000000003,0.4684039930657578,3.6,4.4,5.6,6.4
svm,signo_zodiacal_leo,192,0.5,0.52,0.505952380952381,0.45999999999999996,0.45941558441558444,0.47000000000000003,0.5469822954822955,4.6,4.2,5.8,5.4
svm,signo_zodiacal_leo,193,0.5,0.4,0.39646464646464646,0.4,0.3966203387256019,0.4120000000000001,0.5297546722283564,4.0,6.0,4.0,6.0
svm,signo_zodiacal_leo,194,0.5,0.35,0.3560606060606061,0.38,0.3625541125541125,0.372,0.5026780441780442,3.8,6.8,3.2,6.2
svm,signo_zodiacal_leo,195,0.5,0.53,0.5186324786324785,0.7,0.591084550841988,0.536,0.5959563763549831,7.0,6.4,3.6,3.0
svm,signo_zodiacal_leo,196,0.5,0.52,0.505050505050505,0.5,0.49415204678362573,0.49000000000000005,0.5363891571964328,5.0,4.6,5.4,5.0
svm,signo_zodiacal_leo,197,0.5,0.5199999999999999,0.5240404040404041,0.52,0.5210025062656641,0.5289999999999999,0.5833442478574057,5.2,4.8,5.2,4.8
svm,signo_zodiacal_leo,198,0.5,0.51,0.519047619047619,0.68,0.5827260458839406,0.48599999999999993,0.5942281307443846,6.8,6.6,3.4,3.2
svm,signo_zodiacal_leo,199,0.5,0.54,0.5416666666666666,0.38,0.4444444444444445,0.556,0.6003137875196699,3.8,3.0,7.0,6.2
svm,signo_zodiacal_leo,200,0.5,0.51,0.49474969474969466,0.52,0.5010634001884506,0.49800000000000005,0.5467524603879093,5.2,5.0,5.0,4.8
svm,signo_zodiacal_leo,201,0.5,0.48,0.4647619047619048,0.5599999999999999,0.5014830659536542,0.506,0.5750003515576271,5.6,6.0,4.0,4.4
svm,signo_zodiacal_leo,202,0.5,0.55,0.5558441558441558,0.48,0.5056595365418894,0.588,0.6430685876730768,4.8,3.8,6.2,5.2
svm,signo_zodiacal_leo,203,0.5,0.49000000000000005,0.47435897435897434,0.5399999999999999,0.4979296066252588,0.504,0.5808158055394896,5.4,5.6,4.4,4.6
svm,signo_zodiacal_leo,204,0.5,0.41000000000000003,0.4239156268568033,0.52,0.4616035037087669,0.4779999999999999,0.5935887512899896,5.2,7.0,3.0,4.8
svm,signo_zodiacal_leo,205,0.5,0.43000000000000005,0.38805194805194804,0.34,0.35843726964469996,0.4600000000000001,0.5276187207185659,3.4,4.8,5.2,6.6
svm,signo_zodiacal_leo,206,0.5,0.52,0.5166666666666667,0.45999999999999996,0.46616161616161617,0.45,0.5181763796059461,4.6,4.2,5.8,5.4
svm,signo_zodiacal_leo,207,0.5,0.6599999999999999,0.6606959706959706,0.7,0.6721128909229594,0.622,0.6365300614418261,7.0,3.8,6.2,3.0
svm,signo_zodiacal_leo,208,0.5,0.47000000000000003,0.4514102564102564,0.48,0.4611506368028107,0.476,0.5512513695454873,4.8,5.4,4.6,5.2
svm,signo_zodiacal_leo,209,0.5,0.4,0.3790476190476191,0.42000000000000004,0.38857142857142857,0.352,0.46562512856940097,4.2,6.2,3.8,5.8
svm,signo_zodiacal_leo,210,0.5,0.53,0.5558823529411765,0.5,0.492027417027417,0.6020000000000001,0.6517694233870703,5.0,4.4,5.6,5.0
svm,signo_zodiacal_leo,211,0.5,0.5900000000000001,0.5916666666666666,0.6199999999999999,0.5974545454545455,0.608,0.691571679352639,6.2,4.4,5.6,3.8
svm,signo_zodiacal_leo,212,0.5,0.48,0.4682900432900433,0.33999999999999997,0.38408029878618116,0.438,0.5505594246654617,3.4,3.8,6.2,6.6
svm,signo_zodiacal_leo,213,0.5,0.51,0.5156843156843157,0.5399999999999999,0.5222749969553039,0.511,0.5513679163973281,5.4,5.2,4.8,4.6
svm,signo_zodiacal_leo,214,0.5,0.37,0.38370518370518375,0.45999999999999996,0.4167241225593628,0.43599999999999994,0.5409692725575078,4.6,7.2,2.8,5.4
svm,signo_zodiacal_leo,215,0.5,0.47000000000000003,0.4685897435897436,0.5,0.4808959156785244,0.422,0.5340683560505542,5.0,5.6,4.4,5.0
svm,signo_zodiacal_leo,216,0.5,0.52,0.5233333333333333,0.56,0.5364646464646465,0.568,0.6092478626464695,5.6,5.2,4.8,4.4
svm,signo_zodiacal_leo,217,0.5,0.48999999999999994,0.4892857142857143,0.44000000000000006,0.45522875816993463,0.441,0.5133949769700543,4.4,4.6,5.4,5.6
svm,signo_zodiacal_leo,218,0.5,0.61,0.65,0.54,0.5800000000000001,0.584,0.6295204686953914,5.4,3.2,6.8,4.6
svm,signo_zodiacal_leo,219,0.5,0.38999999999999996,0.3488095238095238,0.32,0.32411510058568876,0.37200000000000005,0.4705790037276105,3.2,5.4,4.6,6.8
svm,signo_zodiacal_leo,220,0.5,0.51,0.5152777777777777,0.6199999999999999,0.5584100110415899,0.533,0.5824316059757237,6.2,6.0,4.0,3.8
svm,signo_zodiacal_leo,221,0.5,0.53,0.5566666666666666,0.52,0.5253333333333333,0.5359999999999999,0.6153604630663454,5.2,4.6,5.4,4.8
svm,signo_zodiacal_leo,222,0.5,0.48,0.4805555555555555,0.48,0.47719298245614034,0.518,0.5937877477699459,4.8,5.2,4.8,5.2
svm,signo_zodiacal_leo,223,0.5,0.53,0.538888888888889,0.43999999999999995,0.4814327485380117,0.48600000000000004,0.5905308980665017,4.4,3.8,6.2,5.6
svm,signo_zodiacal_leo,224,0.5,0.51,0.526073926073926,0.62,0.5572329801485811,0.55,0.636725560387325,6.2,6.0,4.0,3.8
svm,signo_zodiacal_leo,225,0.5,0.51,0.5030769230769231,0.5599999999999999,0.5286542443064182,0.55,0.5999278762173499,5.6,5.4,4.6,4.4
svm,signo_zodiacal_leo,226,0.5,0.53,0.5195054945054945,0.5,0.5005089255728642,0.6260000000000001,0.7009348692243429,5.0,4.4,5.6,5.0
svm,signo_zodiacal_leo,227,0.5,0.41000000000000003,0.3846153846153846,0.43999999999999995,0.4044532279314888,0.32,0.4275432088551283,4.4,6.2,3.8,5.6
svm,signo_zodiacal_leo,228,0.5,0.58,0.5616605616605617,0.6799999999999999,0.6103356216628527,0.607,0.6660171854289502,6.8,5.2,4.8,3.2
svm,signo_zodiacal_leo,229,0.5,0.54,0.53052790346908,0.72,0.602537842190016,0.5660000000000001,0.5737273647405227,7.2,6.4,3.6,2.8
svm,signo_zodiacal_leo,230,0.5,0.39,0.38611111111111107,0.36,0.37038809144072304,0.30999999999999994,0.44708240538271493,3.6,5.8,4.2,6.4
svm,signo_zodiacal_leo,231,0.5,0.55,0.5746464646464646,0.5800000000000001,0.5627689678742309,0.5579999999999999,0.5704794541543767,5.8,4.8,5.2,4.2
svm,signo_zodiacal_leo,232,0.5,0.53,0.5533333333333333,0.4,0.4460121457489878,0.5399999999999999,0.6173312896254072,4.0,3.4,6.6,6.0
svm,signo_zodiacal_leo,233,0.5,0.35,0.3175824175824176,0.26,0.2676501035196687,0.292,0.4306488836241158,2.6,5.6,4.4,7.4
svm,signo_zodiacal_leo,234,0.5,0.55,0.5612698412698413,0.45999999999999996,0.48179176860291417,0.562,0.5940897486586341,4.6,3.6,6.4,5.4
svm,signo_zodiacal_leo,235,0.5,0.45,0.44904761904761903,0.38,0.4053862150920975,0.45199999999999996,0.5438302253302253,3.8,4.8,5.2,6.2
svm,signo_zodiacal_leo,236,0.5,0.41,0.43353174603174605,0.6199999999999999,0.5038075959128591,0.3529999999999999,0.47661166877498146,6.2,8.0,2.0,3.8
svm,signo_zodiacal_leo,237,0.5,0.5,0.47813852813852814,0.48,0.4612165612165612,0.48,0.5502845755036158,4.8,4.8,5.2,5.2
svm,signo_zodiacal_leo,238,0.5,0.45,0.4445887445887446,0.34,0.3726890756302521,0.48,0.5559660416982398,3.4,4.4,5.6,6.6
svm,signo_zodiacal_leo,239,0.5,0.54,0.531904761904762,0.38,0.4262772521596051,0.558,0.5999647046280172,3.8,3.0,7.0,6.2
svm,signo_zodiacal_leo,240,0.5,0.43000000000000005,0.4286655011655012,0.54,0.4678869246695333,0.502,0.5390786153990488,5.4,6.8,3.2,4.6
svm,signo_zodiacal_leo,241,0.5,0.4600000000000001,0.4704545454545455,0.44000000000000006,0.44758297258297264,0.45999999999999996,0.5707152780140397,4.4,5.2,4.8,5.6
svm,signo_zodiacal_leo,242,0.5,0.5399999999999999,0.5731313131313132,0.45999999999999996,0.5013199665831245,0.546,0.5910701134950361,4.6,3.8,6.2,5.4
svm,signo_zodiacal_leo,243,0.5,0.47000000000000003,0.4997802197802198,0.52,0.4985833785424578,0.4720000000000001,0.5828799446167867,5.2,5.8,4.2,4.8
svm,signo_zodiacal_leo,244,0.5,0.54,0.5399999999999999,0.6,0.5622222222222222,0.5189999999999999,0.5912850117718539,6.0,5.2,4.8,4.0
svm,signo_zodiacal_leo,245,0.5,0.49000000000000005,0.4914141414141414,0.5599999999999999,0.5206311232627022,0.49499999999999994,0.5699781780826672,5.6,5.8,4.2,4.4
svm,signo_zodiacal_leo,246,0.5,0.53,0.5200854700854702,0.6599999999999999,0.5744776962168266,0.536,0.5842874347874348,6.6,6.0,4.0,3.4
svm,signo_zodiacal_leo,247,0.5,0.52,0.5088888888888888,0.34,0.4011152882205514,0.522,0.6021703302717235,3.4,3.0,7.0,6.6
svm,signo_zodiacal_leo,248,0.5,0.4,0.3597846597846598,0.36,0.35419895647046007,0.326,0.4579455575384368,3.6,5.6,4.4,6.4
svm,signo_zodiacal_leo,249,0.5,0.41000000000000003,0.4121056721056721,0.44000000000000006,0.42379644764084123,0.40800000000000003,0.5049142442524795,4.4,6.2,3.8,5.6
svm,signo_zodiacal_leo,250,0.5,0.58,0.5732983682983683,0.7,0.6221835748792272,0.5599999999999999,0.5954712117947413,7.0,5.4,4.6,3.0
svm,signo_zodiacal_leo,251,0.5,0.48999999999999994,0.4617099567099567,0.36000000000000004,0.3978478057889822,0.402,0.48786690210374417,3.6,3.8,6.2,6.4
svm,signo_zodiacal_leo,252,0.5,0.4,0.3942424242424242,0.44000000000000006,0.40814718614718615,0.421,0.5125379326555797,4.4,6.4,3.6,5.6
svm,signo_zodiacal_leo,253,0.5,0.5200000000000001,0.5342857142857143,0.38,0.42565610859728514,0.49000000000000005,0.6226932895965402,3.8,3.4,6.6,6.2
svm,signo_zodiacal_leo,254,0.5,0.4600000000000001,0.4693939393939394,0.52,0.4889368876737297,0.4720000000000001,0.5598903884213481,5.2,6.0,4.0,4.8
svm,signo_zodiacal_leo,255,0.5,0.44000000000000006,0.4523376623376623,0.58,0.5065714285714286,0.42000000000000004,0.5032163506428212,5.8,7.0,3.0,4.2
svm,signo_zodiacal_leo,256,0.5,0.49000000000000005,0.468974358974359,0.54,0.4834806932198236,0.42800000000000005,0.5242512679099367,5.4,5.6,4.4,4.6
svm,signo_zodiacal_leo,257,0.5,0.66,0.6494949494949495,0.76,0.692701754385965,0.6459999999999999,0.6480554249671897,7.6,4.4,5.6,2.4
svm,signo_zodiacal_leo,258,0.5,0.51,0.539047619047619,0.42000000000000004,0.4561005008063831,0.546,0.6147230814421217,4.2,4.0,6.0,5.8
svm,signo_zodiacal_leo,259,0.5,0.53,0.5428571428571429,0.4,0.44145658263305326,0.5780000000000001,0.6019766879147683,4.0,3.4,6.6,6.0
svm,signo_zodiacal_leo,260,0.5,0.47000000000000003,0.4766233766233766,0.4800000000000001,0.4614718614718615,0.41600000000000004,0.49867925658792533,4.8,5.4,4.6,5.2
svm,signo_zodiacal_leo,261,0.5,0.45999999999999996,0.4478787878787879,0.58,0.502900432900433,0.462,0.520141433729669,5.8,6.6,3.4,4.2
svm,signo_zodiacal_leo,262,0.5,0.5700000000000001,0.6171428571428571,0.4600000000000001,0.5184313725490196,0.6400000000000001,0.6805477273844146,4.6,3.2,6.8,5.4
svm,signo_zodiacal_leo,263,0.5,0.5800000000000001,0.5727161727161727,0.64,0.5992808107224583,0.584,0.6371018501622217,6.4,4.8,5.2,3.6
svm,signo_zodiacal_leo,264,0.5,0.43999999999999995,0.4337662337662337,0.52,0.4653738418444301,0.4600000000000001,0.5140290630422208,5.2,6.4,3.6,4.8
svm,signo_zodiacal_leo,265,0.5,0.42000000000000004,0.4119047619047619,0.36,0.36569900687547746,0.38,0.47711854012860205,3.6,5.2,4.8,6.4
svm,signo_zodiacal_leo,266,0.5,0.49000000000000005,0.49393939393939396,0.36,0.3969185784975259,0.49000000000000005,0.5727514907692925,3.6,3.8,6.2,6.4
svm,signo_zodiacal_leo,267,0.5,0.45,0.45074925074925076,0.4800000000000001,0.46021744666245945,0.4640000000000001,0.5475144557025363,4.8,5.8,4.2,5.2
svm,signo_zodiacal_leo,268,0.5,0.44000000000000006,0.4325757575757576,0.5,0.458995670995671,0.4,0.48305803656268054,5.0,6.2,3.8,5.0
svm,signo_zodiacal_leo,269,0.5,0.55,0.5343011563599799,0.74,0.6134571378278472,0.588,0.6658346190273434,7.4,6.4,3.6,2.6
svm,signo_zodiacal_leo,270,0.5,0.48,0.47839937839937835,0.5,0.48531473611565146,0.458,0.5233433778124181,5.0,5.4,4.6,5.0
svm,signo_zodiacal_leo,271,0.5,0.5399999999999999,0.5344444444444444,0.62,0.5692631578947368,0.566,0.6078011145201547,6.2,5.4,4.6,3.8
svm,signo_zodiacal_leo,272,0.5,0.42000000000000004,0.42606060606060614,0.54,0.47427743271221534,0.43600000000000005,0.5306848778156827,5.4,7.0,3.0,4.6
svm,signo_zodiacal_leo,273,0.5,0.52,0.5112087912087911,0.6599999999999999,0.5738136645962733,0.546,0.5782713942404345,6.6,6.2,3.8,3.4
svm,signo_zodiacal_leo,274,0.5,0.45999999999999996,0.45325396825396824,0.33999999999999997,0.3805759496781168,0.434,0.5480828350356214,3.4,4.2,5.8,6.6
svm,signo_zodiacal_leo,275,0.5,0.4600000000000001,0.44666666666666666,0.41999999999999993,0.4294949494949495,0.502,0.6079714256331903,4.2,5.0,5.0,5.8
svm,signo_zodiacal_leo,276,0.5,0.65,0.7039682539682539,0.5599999999999999,0.6087688025768522,0.6719999999999999,0.6881017099515551,5.6,2.6,7.4,4.4
svm,signo_zodiacal_leo,277,0.5,0.56,0.551126651126651,0.6199999999999999,0.5817072325081478,0.5660000000000001,0.6277003700633731,6.2,5.0,5.0,3.8
svm,signo_zodiacal_leo,278,0.5,0.5599999999999999,0.545515873015873,0.6799999999999999,0.5946135852451642,0.534,0.6064424829556408,6.8,5.6,4.4,3.2
svm,signo_zodiacal_leo,279,0.5,0.5700000000000001,0.6609090909090909,0.42000000000000004,0.49428571428571433,0.554,0.6523887412037567,4.2,2.8,7.2,5.8
svm,signo_zodiacal_leo,280,0.5,0.49000000000000005,0.48991452991452994,0.6399999999999999,0.5512829900839054,0.41,0.5009593199198463,6.4,6.6,3.4,3.6
svm,signo_zodiacal_leo,281,0.5,0.6,0.5844022644022643,0.7,0.6348127235083757,0.6399999999999999,0.7037657860715135,7.0,5.0,5.0,3.0
svm,signo_zodiacal_leo,282,0.5,0.54,0.5152136752136751,0.6,0.5441327231121281,0.556,0.6380242247432649,6.0,5.2,4.8,4.0
svm,signo_zodiacal_leo,283,0.5,0.57,0.5733333333333333,0.6399999999999999,0.5984836216415164,0.597,0.6736725855843502,6.4,5.0,5.0,3.6
svm,signo_zodiacal_leo,284,0.5,0.51,0.5057575757575757,0.6199999999999999,0.5537262737262737,0.49799999999999994,0.5629643520394294,6.2,6.0,4.0,3.8
svm,signo_zodiacal_leo,285,0.5,0.49000000000000005,0.4805555555555555,0.43999999999999995,0.45087719298245615,0.52,0.5576393230952055,4.4,4.6,5.4,5.6
svm,signo_zodiacal_leo,286,0.5,0.52,0.5231746031746031,0.45999999999999996,0.48721706226350187,0.492,0.5433352007469654,4.6,4.2,5.8,5.4
svm,signo_zodiacal_leo,287,0.5,0.51,0.5053968253968254,0.6,0.5446834477498093,0.506,0.5860970865220091,6.0,5.8,4.2,4.0
svm,signo_zodiacal_leo,288,0.5,0.53,0.5290909090909091,0.5,0.5126482873851295,0.53,0.5598056551291846,5.0,4.4,5.6,5.0
svm,signo_zodiacal_leo,289,0.5,0.54,0.5529870129870129,0.42000000000000004,0.46392156862745093,0.564,0.6221673234745989,4.2,3.4,6.6,5.8
svm,signo_zodiacal_leo,290,0.5,0.41000000000000003,0.4208225108225109,0.5,0.4496878023936848,0.36,0.47056966442570153,5.0,6.8,3.2,5.0
svm,signo_zodiacal_leo,291,0.5,0.53,0.538888888888889,0.48,0.4955741626794258,0.511,0.5505981514185849,4.8,4.2,5.8,5.2
svm,signo_zodiacal_leo,292,0.5,0.4800000000000001,0.4725097125097125,0.6,0.5214906832298137,0.5359999999999999,0.5828659216600393,6.0,6.4,3.6,4.0
svm,signo_zodiacal_leo,293,0.5,0.45999999999999996,0.46761904761904755,0.4,0.42932232542139664,0.44400000000000006,0.5264473108590756,4.0,4.8,5.2,6.0
svm,signo_zodiacal_leo,294,0.5,0.48,0.43845598845598843,0.38,0.4004422821760283,0.48599999999999993,0.522189623070428,3.8,4.2,5.8,6.2
svm,signo_zodiacal_leo,295,0.5,0.36,0.36095238095238097,0.48,0.4089233511586453,0.366,0.48522832825928797,4.8,7.6,2.4,5.2
svm,signo_zodiacal_leo,296,0.5,0.49000000000000005,0.48999999999999994,0.6199999999999999,0.5461818181818182,0.502,0.5531570271833429,6.2,6.4,3.6,3.8
svm,signo_zodiacal_leo,297,0.5,0.45,0.37529072234954586,0.48,0.4151629072681704,0.536,0.600833433508356,4.8,5.8,4.2,5.2
svm,signo_zodiacal_leo,298,0.5,0.49000000000000005,0.48060606060606065,0.38,0.41538011695906435,0.502,0.564148655867696,3.8,4.0,6.0,6.2
svm,signo_zodiacal_leo,299,0.5,0.48999999999999994,0.47984126984126985,0.5800000000000001,0.5199744816586922,0.48599999999999993,0.5466291486291486,5.8,6.0,4.0,4.2
svm,signo_zodiacal_leo,300,0.5,0.5799999999999998,0.5863247863247864,0.58,0.5682379862700229,0.588,0.6430202195465353,5.8,4.2,5.8,4.2
svm,signo_zodiacal_leo,301,0.5,0.58,0.5943722943722943,0.5399999999999999,0.561423165757531,0.6040000000000001,0.6572153504390347,5.4,3.8,6.2,4.6
svm,signo_zodiacal_leo,302,0.5,0.5199999999999999,0.5118686868686868,0.5199999999999999,0.513488266119845,0.5940000000000001,0.6427427551808356,5.2,4.8,5.2,4.8
svm,signo_zodiacal_leo,303,0.5,0.52,0.5224830724830725,0.5399999999999999,0.5245831388515464,0.586,0.6651273405816749,5.4,5.0,5.0,4.6
svm,signo_zodiacal_leo,304,0.5,0.4600000000000001,0.47726440226440225,0.38,0.39837928482429763,0.426,0.5101211643533625,3.8,4.6,5.4,6.2
svm,signo_zodiacal_leo,305,0.5,0.44000000000000006,0.44666666666666666,0.4,0.41275266597867216,0.47800000000000004,0.5752222005720458,4.0,5.2,4.8,6.0
svm,signo_zodiacal_leo,306,0.5,0.47000000000000003,0.46691086691086686,0.45999999999999996,0.4571263856766616,0.534,0.5980754884090796,4.6,5.2,4.8,5.4
svm,signo_zodiacal_leo,307,0.5,0.48,0.4805555555555555,0.48,0.47719298245614034,0.418,0.5243541170731574,4.8,5.2,4.8,5.2
svm,signo_zodiacal_leo,308,0.5,0.52,0.5047702297702297,0.5199999999999999,0.5066130800146145,0.514,0.580943970632051,5.2,4.8,5.2,4.8
svm,signo_zodiacal_leo,309,0.5,0.56,0.5476923076923077,0.7,0.6133754940711462,0.572,0.6301249759012917,7.0,5.8,4.2,3.0
svm,signo_zodiacal_leo,310,0.5,0.48,0.4817857142857143,0.45999999999999996,0.45514328808446464,0.44400000000000006,0.5206995967568723,4.6,5.0,5.0,5.4
svm,signo_zodiacal_leo,311,0.5,0.48,0.48238095238095235,0.5399999999999999,0.5072727272727272,0.47400000000000003,0.5762958281828251,5.4,5.8,4.2,4.6
svm,signo_zodiacal_leo,312,0.5,0.47000000000000003,0.47904761904761906,0.5999999999999999,0.5269758454106281,0.44699999999999995,0.523679931781325,6.0,6.6,3.4,4.0
svm,signo_zodiacal_leo,313,0.5,0.6,0.614047619047619,0.54,0.5724595803233574,0.627,0.670587605806646,5.4,3.4,6.6,4.6
svm,signo_zodiacal_leo,314,0.5,0.43,0.3988888888888889,0.36,0.37278195488721805,0.45,0.5349447960020715,3.6,5.0,5.0,6.4
svm,signo_zodiacal_leo,315,0.5,0.52,0.5184981684981685,0.45999999999999996,0.4742676121832132,0.534,0.5552763533336289,4.6,4.2,5.8,5.4
svm,signo_zodiacal_leo,316,0.5,0.44000000000000006,0.44015151515151524,0.45999999999999996,0.44805194805194803,0.43900000000000006,0.5226979605361958,4.6,5.8,4.2,5.4
svm,signo_zodiacal_leo,317,0.5,0.6,0.6353968253968254,0.5199999999999999,0.5596359883666385,0.638,0.6576996706423951,5.2,3.2,6.8,4.8
svm,signo_zodiacal_leo,318,0.5,0.54,0.5508276037687803,0.5800000000000001,0.5532376693367406,0.6060000000000001,0.6794828198976806,5.8,5.0,5.0,4.2
svm,signo_zodiacal_leo,319,0.5,0.37,0.38701298701298703,0.4,0.3863081232492997,0.42400000000000004,0.5589864487937243,4.0,6.6,3.4,6.0
svm,signo_zodiacal_leo,320,0.5,0.5599999999999999,0.5689393939393939,0.5,0.5298245614035089,0.6279999999999999,0.667451925095888,5.0,3.8,6.2,5.0
svm,signo_zodiacal_leo,321,0.5,0.5700000000000001,0.5837301587301587,0.52,0.5385964912280702,0.62,0.6645548067343733,5.2,3.8,6.2,4.8
svm,signo_zodiacal_leo,322,0.5,0.53,0.5634188034188035,0.54,0.5344594688301781,0.496,0.5772412311630577,5.4,4.8,5.2,4.6
svm,signo_zodiacal_leo,323,0.5,0.5800000000000001,0.5825396825396825,0.48,0.5248022015823873,0.618,0.6309161394161393,4.8,3.2,6.8,5.2
svm,signo_zodiacal_leo,324,0.5,0.6,0.655,0.48,0.5434920634920635,0.61,0.6349115775865002,4.8,2.8,7.2,5.2
svm,signo_zodiacal_leo,325,0.5,0.48,0.4742857142857143,0.5800000000000001,0.519090909090909,0.40599999999999997,0.471852304987754,5.8,6.2,3.8,4.2
svm,signo_zodiacal_leo,326,0.5,0.41,0.39978021978021977,0.34,0.3444915357447327,0.385,0.4894994456008387,3.4,5.2,4.8,6.6
svm,signo_zodiacal_leo,327,0.5,0.4699999999999999,0.4762626262626263,0.45999999999999996,0.46164843928001814,0.49399999999999994,0.5811971731398976,4.6,5.2,4.8,5.4
svm,signo_zodiacal_leo,328,0.5,0.53,0.5277777777777779,0.5,0.5075358851674641,0.559,0.5697986545618126,5.0,4.4,5.6,5.0
svm,signo_zodiacal_leo,329,0.5,0.47000000000000003,0.4714646464646465,0.44000000000000006,0.4537176274018379,0.473,0.569868770720164,4.4,5.0,5.0,5.6
svm,signo_zodiacal_leo,330,0.5,0.5,0.5034188034188034,0.6599999999999999,0.561259335630045,0.5199999999999999,0.5850231512553494,6.6,6.6,3.4,3.4
svm,signo_zodiacal_leo,331,0.5,0.44000000000000006,0.4341666666666667,0.45999999999999996,0.4376923076923077,0.36800000000000005,0.46669932277904413,4.6,5.8,4.2,5.4
svm,signo_zodiacal_leo,332,0.5,0.5,0.5339743589743591,0.43999999999999995,0.4730612763793542,0.48600000000000004,0.589473320968677,4.4,4.4,5.6,5.6
svm,signo_zodiacal_leo,333,0.5,0.49000000000000005,0.5416666666666666,0.42000000000000004,0.4536340852130326,0.546,0.6329191286869305,4.2,4.4,5.6,5.8
svm,signo_zodiacal_leo,334,0.5,0.36,0.3652489177489177,0.45999999999999996,0.40008446455505275,0.298,0.43283656522356206,4.6,7.4,2.6,5.4
svm,signo_zodiacal_leo,335,0.5,0.49000000000000005,0.46933621933621933,0.5,0.47953216374269003,0.52,0.5734201364510962,5.0,5.2,4.8,5.0
svm,signo_zodiacal_leo,336,0.5,0.51,0.5070707070707071,0.56,0.5309637730690362,0.502,0.5686543892983521,5.6,5.4,4.6,4.4
svm,signo_zodiacal_leo,337,0.5,0.55,0.5468253968253969,0.6,0.5668793195108984,0.542,0.6120399349532477,6.0,5.0,5.0,4.0
svm,signo_zodiacal_leo,338,0.5,0.6299999999999999,0.6923809523809524,0.48,0.5586274509803921,0.6239999999999999,0.7081545686855284,4.8,2.2,7.8,5.2
svm,signo_zodiacal_leo,339,0.5,0.5,0.49682539682539684,0.42000000000000004,0.45362917096663224,0.4979999999999999,0.5554567011935433,4.2,4.2,5.8,5.8
svm,signo_zodiacal_leo,340,0.5,0.5,0.4869658119658119,0.52,0.49953143728887434,0.514,0.5601965709728868,5.2,5.2,4.8,4.8
svm,signo_zodiacal_leo,341,0.5,0.51,0.5120862470862471,0.64,0.5601176408132931,0.466,0.5388713698582119,6.4,6.2,3.8,3.6
svm,signo_zodiacal_leo,342,0.5,0.52,0.5163636363636364,0.5,0.5053968253968254,0.49800000000000005,0.645574948357456,5.0,4.6,5.4,5.0
svm,signo_zodiacal_leo,343,0.5,0.5900000000000001,0.610079365079365,0.52,0.5592844857241142,0.5599999999999999,0.6260600314717962,5.2,3.4,6.6,4.8
svm,signo_zodiacal_leo,344,0.5,0.51,0.5125097125097126,0.4600000000000001,0.46992844429915365,0.48200000000000004,0.5620819566570341,4.6,4.4,5.6,5.4
svm,signo_zodiacal_leo,345,0.5,0.54,0.575,0.4,0.45591630591630594,0.55,0.6386296373045599,4.0,3.2,6.8,6.0
svm,signo_zodiacal_leo,346,0.5,0.51,0.509090909090909,0.6199999999999999,0.5555444555444555,0.528,0.5610751725914265,6.2,6.0,4.0,3.8
svm,signo_zodiacal_leo,347,0.5,0.5,0.49662337662337663,0.44000000000000006,0.46082633053221284,0.49000000000000005,0.5043952197613188,4.4,4.4,5.6,5.6
svm,signo_zodiacal_leo,348,0.5,0.54,0.5354700854700856,0.64,0.5803619721239859,0.558,0.6282065352947706,6.4,5.6,4.4,3.6
svm,signo_zodiacal_leo,349,0.5,0.6499999999999999,0.6288111888111888,0.74,0.6780764163372859,0.624,0.6582942221177515,7.4,4.4,5.6,2.6
svm,signo_zodiacal_leo,350,0.5,0.43000000000000005,0.44475524475524475,0.52,0.4786749482401656,0.45,0.5654181749622926,5.2,6.6,3.4,4.8
svm,signo_zodiacal_leo,351,0.5,0.37,0.3966161616161616,0.4999999999999999,0.43743596754123076,0.292,0.4331588495783542,5.0,7.6,2.4,5.0
svm,signo_zodiacal_leo,352,0.5,0.5399999999999999,0.5378871128871129,0.64,0.578088336783989,0.562,0.6447762413025571,6.4,5.6,4.4,3.6
svm,signo_zodiacal_leo,353,0.5,0.51,0.5132539682539682,0.42000000000000004,0.4525240016261688,0.504,0.5602333201714007,4.2,4.0,6.0,5.8
svm,signo_zodiacal_leo,354,0.5,0.39,0.3874458874458875,0.42000000000000004,0.40030557677616496,0.308,0.4418487017798164,4.2,6.4,3.6,5.8
svm,signo_zodiacal_leo,355,0.5,0.45999999999999996,0.45655011655011657,0.5799999999999998,0.5074104827285606,0.426,0.4774585306334532,5.8,6.6,3.4,4.2
svm,signo_zodiacal_leo,356,0.5,0.56,0.6050000000000001,0.44000000000000006,0.49777777777777776,0.508,0.5548724310605115,4.4,3.2,6.8,5.6
svm,signo_zodiacal_leo,357,0.5,0.6,0.6118614718614718,0.6,0.5948872180451128,0.6060000000000001,0.6280062880016442,6.0,4.0,6.0,4.0
svm,signo_zodiacal_leo,358,0.5,0.51,0.5133333333333333,0.54,0.5165238095238095,0.496,0.5733951418378662,5.4,5.2,4.8,4.6
svm,signo_zodiacal_leo,359,0.5,0.5,0.4975024975024975,0.54,0.5106970324361628,0.516,0.5775068064890047,5.4,5.4,4.6,4.6
svm,signo_zodiacal_leo,360,0.5,0.43999999999999995,0.43460317460317455,0.33999999999999997,0.37194161875276427,0.4880000000000001,0.5220754127193755,3.4,4.6,5.4,6.6
svm,signo_zodiacal_leo,361,0.5,0.49000000000000005,0.4892857142857142,0.44000000000000006,0.45245098039215687,0.55,0.5672982633981085,4.4,4.6,5.4,5.6
svm,signo_zodiacal_leo,362,0.5,0.53,0.5404329004329005,0.56,0.5408851540616247,0.54,0.6119307245042538,5.6,5.0,5.0,4.4
svm,signo_zodiacal_leo,363,0.5,0.54,0.5372571872571873,0.6,0.5651817290261226,0.55,0.5761195075134704,6.0,5.2,4.8,4.0
svm,signo_zodiacal_leo,364,0.5,0.43999999999999995,0.36666666666666664,0.3,0.3277777777777778,0.384,0.5204340973783699,3.0,4.2,5.8,7.0
svm,signo_zodiacal_leo,365,0.5,0.48999999999999994,0.4912698412698412,0.45999999999999996,0.4720236419926822,0.422,0.4752402691048202,4.6,4.8,5.2,5.4
svm,signo_zodiacal_leo,366,0.5,0.52,0.5244444444444445,0.43999999999999995,0.4540031897926634,0.51,0.6160310714397401,4.4,4.0,6.0,5.6
svm,signo_zodiacal_leo,367,0.5,0.55,0.5529725829725829,0.5399999999999999,0.5418916274643829,0.5120000000000001,0.5591080694331467,5.4,4.4,5.6,4.6
svm,signo_zodiacal_leo,368,0.5,0.52,0.5399999999999999,0.4600000000000001,0.4766666666666667,0.48200000000000004,0.5258844821329342,4.6,4.2,5.8,5.4
svm,signo_zodiacal_leo,369,0.5,0.48999999999999994,0.5004329004329005,0.42000000000000004,0.45382082657624456,0.5359999999999999,0.5915018961946206,4.2,4.4,5.6,5.8
svm,signo_zodiacal_leo,370,0.5,0.36,0.355,0.32,0.3295238095238095,0.31799999999999995,0.476653545027384,3.2,6.0,4.0,6.8
svm,signo_zodiacal_leo,371,0.5,0.43999999999999995,0.4395238095238095,0.36,0.3885561497326203,0.43,0.5444902417843595,3.6,4.8,5.2,6.4
svm,signo_zodiacal_leo,372,0.5,0.51,0.5161111111111112,0.45999999999999996,0.4852631578947368,0.516,0.611470760233918,4.6,4.4,5.6,5.4
svm,signo_zodiacal_leo,373,0.5,0.41,0.4209090909090909,0.48,0.4453050808840282,0.38599999999999995,0.4850111200289219,4.8,6.6,3.4,5.2
svm,signo_zodiacal_leo,374,0.5,0.6199999999999999,0.6190476190476191,0.6,0.5995184038527692,0.6159999999999999,0.6775059946073878,6.0,3.6,6.4,4.0
svm,signo_zodiacal_leo,375,0.5,0.45,0.4553357753357753,0.4,0.41881410687844933,0.45599999999999996,0.515894844319767,4.0,5.0,5.0,6.0
svm,signo_zodiacal_leo,376,0.5,0.38,0.3742424242424242,0.36,0.36445659603554337,0.31300000000000006,0.4485416134433162,3.6,6.0,4.0,6.4
svm,signo_zodiacal_leo,377,0.5,0.5599999999999999,0.5924242424242424,0.52,0.5448678514467987,0.501,0.5572800789681593,5.2,4.0,6.0,4.8
svm,signo_zodiacal_leo,378,0.5,0.52,0.5107692307692308,0.62,0.5590513833992095,0.532,0.5518571314306608,6.2,5.8,4.2,3.8
svm,signo_zodiacal_leo,379,0.5,0.52,0.5178787878787878,0.6399999999999999,0.5713246753246752,0.45600000000000007,0.5337933367801788,6.4,6.0,4.0,3.6
svm,signo_zodiacal_leo,380,0.5,0.5399999999999999,0.5460606060606061,0.6399999999999999,0.5811938938254728,0.572,0.6232550700933054,6.4,5.6,4.4,3.6
svm,signo_zodiacal_leo,381,0.5,0.56,0.6095238095238095,0.34,0.4291855203619909,0.587,0.6422958871194165,3.4,2.2,7.8,6.6
svm,signo_zodiacal_leo,382,0.5,0.54,0.5874242424242424,0.44000000000000006,0.48202020202020196,0.5,0.5649406510242423,4.4,3.6,6.4,5.6
svm,signo_zodiacal_leo,383,0.5,0.4800000000000001,0.47523809523809524,0.38,0.4182352941176471,0.42600000000000005,0.5181906524847701,3.8,4.2,5.8,6.2
svm,signo_zodiacal_leo,384,0.5,0.65,0.6561616161616162,0.6199999999999999,0.635906432748538,0.678,0.6800185115022577,6.2,3.2,6.8,3.8
svm,signo_zodiacal_leo,385,0.5,0.54,0.5557142857142857,0.4,0.4496358543417367,0.528,0.6159334733893557,4.0,3.2,6.8,6.0
svm,signo_zodiacal_leo,386,0.5,0.54,0.5598124098124098,0.41999999999999993,0.4654872475305911,0.5119999999999999,0.5612893479069949,4.2,3.4,6.6,5.8
svm,signo_zodiacal_leo,387,0.5,0.4800000000000001,0.46678321678321677,0.5399999999999999,0.497135955831608,0.49800000000000005,0.5610408541406994,5.4,5.8,4.2,4.6
svm,signo_zodiacal_leo,388,0.5,0.5700000000000001,0.6088888888888889,0.5,0.5307409700722394,0.594,0.6474486505926134,5.0,3.6,6.4,5.0
svm,signo_zodiacal_leo,389,0.5,0.61,0.6599999999999999,0.56,0.5852991452991454,0.614,0.6467575079719043,5.6,3.4,6.6,4.4
svm,signo_zodiacal_leo,390,0.5,0.45,0.4624542124542124,0.5800000000000001,0.5126482213438736,0.42200000000000004,0.48855289155289156,5.8,6.8,3.2,4.2
svm,signo_zodiacal_leo,391,0.5,0.55,0.5424242424242424,0.5,0.5097402597402597,0.516,0.5405091564781968,5.0,4.0,6.0,5.0
svm,signo_zodiacal_leo,392,0.5,0.5199999999999999,0.49444444444444446,0.52,0.4890626916942706,0.42800000000000005,0.5110900412796697,5.2,4.8,5.2,4.8
svm,signo_zodiacal_leo,393,0.5,0.43999999999999995,0.41501831501831504,0.4600000000000001,0.4264395876927846,0.43,0.500204857234269,4.6,5.8,4.2,5.4
svm,signo_zodiacal_leo,394,0.5,0.49000000000000005,0.48888888888888893,0.44000000000000006,0.4625730994152047,0.5259999999999999,0.6209097748656571,4.4,4.6,5.4,5.6
svm,signo_zodiacal_leo,395,0.5,0.52,0.594047619047619,0.34,0.4184514831573655,0.508,0.5914519102328699,3.4,3.0,7.0,6.6
svm,signo_zodiacal_leo,396,0.5,0.5,0.49920079920079913,0.7,0.5790890269151139,0.5,0.585948357799751,7.0,7.0,3.0,3.0
svm,signo_zodiacal_leo,397,0.5,0.41000000000000003,0.41998001998002,0.42000000000000004,0.4163439288758982,0.32599999999999996,0.42796097486964363,4.2,6.0,4.0,5.8
svm,signo_zodiacal_leo,398,0.5,0.55,0.5425524475524475,0.45999999999999996,0.47461697722567286,0.556,0.6007297049355873,4.6,3.6,6.4,5.4
svm,signo_zodiacal_leo,399,0.5,0.51,0.5111843711843711,0.68,0.5780792114064426,0.4699999999999999,0.5555093446285396,6.8,6.6,3.4,3.2
svm,signo_zodiacal_leo,400,0.5,0.49000000000000005,0.49111111111111116,0.45999999999999996,0.4741520467836257,0.48600000000000004,0.5747299110418306,4.6,4.8,5.2,5.4
svm,signo_zodiacal_leo,401,0.5,0.5399999999999999,0.551948051948052,0.52,0.5251145912910619,0.528,0.5864608981489787,5.2,4.4,5.6,4.8
svm,signo_zodiacal_leo,402,0.5,0.48,0.4833333333333333,0.6,0.5351778656126482,0.492,0.552145215293822,6.0,6.4,3.6,4.0
svm,signo_zodiacal_leo,403,0.5,0.54,0.6,0.34,0.4214285714285714,0.548,0.6198584285511529,3.4,2.6,7.4,6.6
svm,signo_zodiacal_leo,404,0.5,0.47000000000000003,0.4309523809523809,0.36,0.37824463118580764,0.49399999999999994,0.5991046906310065,3.6,4.2,5.8,6.4
svm,signo_zodiacal_leo,405,0.5,0.62,0.6228282828282828,0.6599999999999999,0.638883572567783,0.662,0.693207103955556,6.6,4.2,5.8,3.4
svm,signo_zodiacal_leo,406,0.5,0.6199999999999999,0.6219624819624819,0.6199999999999999,0.6107559093812964,0.63,0.6477274392274393,6.2,3.8,6.2,3.8
svm,signo_zodiacal_leo,407,0.5,0.5,0.5037723387723387,0.5599999999999999,0.5229075587519524,0.51,0.5663879525187575,5.6,5.6,4.4,4.4
svm,signo_zodiacal_leo,408,0.5,0.5599999999999999,0.5545454545454545,0.6,0.5761904761904761,0.54,0.5896263469073066,6.0,4.8,5.2,4.0
svm,signo_zodiacal_leo,409,0.5,0.54,0.5557142857142857,0.4,0.4589215686274509,0.5439999999999999,0.6085869126573461,4.0,3.2,6.8,6.0
svm,signo_zodiacal_leo,410,0.5,0.54,0.5452380952380953,0.44000000000000006,0.47265087853323146,0.529,0.5565053902066286,4.4,3.6,6.4,5.6
svm,signo_zodiacal_leo,411,0.5,0.58,0.565054945054945,0.7,0.6232938076416337,0.544,0.6156291219100817,7.0,5.4,4.6,3.0
svm,signo_zodiacal_leo,412,0.5,0.51,0.5083333333333333,0.45999999999999996,0.4571289821289821,0.5479999999999998,0.5923797117914765,4.6,4.4,5.6,5.4
svm,signo_zodiacal_leo,413,0.5,0.47000000000000003,0.4916666666666667,0.4,0.4170940170940171,0.394,0.5025524589789295,4.0,4.6,5.4,6.0
svm,signo_zodiacal_leo,414,0.5,0.5,0.5150793650793651,0.44000000000000006,0.4705444538261875,0.522,0.544921913054266,4.4,4.4,5.6,5.6
svm,signo_zodiacal_leo,415,0.5,0.49000000000000005,0.4543434343434344,0.4,0.4182581453634085,0.46799999999999997,0.550559665222978,4.0,4.2,5.8,6.0
svm,signo_zodiacal_leo,416,0.5,0.5,0.5016317016317016,0.68,0.5730378317334839,0.5040000000000001,0.5589697791888194,6.8,6.8,3.2,3.2
svm,signo_zodiacal_leo,417,0.5,0.6,0.6033189033189034,0.5,0.5399270234409552,0.592,0.5939254526003751,5.0,3.0,7.0,5.0
svm,signo_zodiacal_leo,418,0.5,0.65,0.6404545454545454,0.64,0.6390476190476191,0.638,0.6401251875059925,6.4,3.4,6.6,3.6
svm,signo_zodiacal_leo,419,0.5,0.53,0.5381385281385281,0.5199999999999999,0.5190961718020541,0.55,0.6034272492213668,5.2,4.6,5.4,4.8
svm,signo_zodiacal_leo,420,0.5,0.44000000000000006,0.40582972582972576,0.31999999999999995,0.35089340999557717,0.41600000000000004,0.4972738572916591,3.2,4.4,5.6,6.8
svm,signo_zodiacal_leo,421,0.5,0.5,0.5015811965811965,0.43999999999999995,0.45420362500454037,0.4880000000000001,0.5485911490470314,4.4,4.4,5.6,5.6
svm,signo_zodiacal_leo,422,0.5,0.4,0.3678321678321679,0.34,0.3421946169772257,0.362,0.4443985203822665,3.4,5.4,4.6,6.6
svm,signo_zodiacal_leo,423,0.5,0.52,0.5438528138528139,0.6,0.562952380952381,0.4739999999999999,0.540500351987194,6.0,5.6,4.4,4.0
svm,signo_zodiacal_leo,424,0.5,0.5700000000000001,0.5548809523809524,0.62,0.5763225010283833,0.5980000000000001,0.6637616364543609,6.2,4.8,5.2,3.8
svm,signo_zodiacal_leo,425,0.5,0.38,0.39623931623931624,0.41999999999999993,0.4049427917620137,0.362,0.4841948452304489,4.2,6.6,3.4,5.8
svm,signo_zodiacal_leo,426,0.5,0.56,0.5566122766122766,0.6399999999999999,0.5906793069630598,0.502,0.5335784576620489,6.4,5.2,4.8,3.6
svm,signo_zodiacal_leo,427,0.5,0.5,0.5007936507936508,0.52,0.5025705976170373,0.524,0.6049520458901264,5.2,5.2,4.8,4.8
svm,signo_zodiacal_leo,428,0.5,0.38,0.3338383838383838,0.3,0.31478696741854634,0.338,0.45736215787995976,3.0,5.4,4.6,7.0
svm,signo_zodiacal_leo,429,0.5,0.5399999999999999,0.5319846819846819,0.68,0.5957745153397328,0.5660000000000001,0.628791442046086,6.8,6.0,4.0,3.2
svm,signo_zodiacal_leo,430,0.5,0.48999999999999994,0.4912554112554113,0.5,0.49100076394194037,0.466,0.5375256071757619,5.0,5.2,4.8,5.0
svm,signo_zodiacal_leo,431,0.5,0.55,0.5792424242424242,0.42000000000000004,0.47171261487050964,0.5439999999999999,0.6209423909423909,4.2,3.2,6.8,5.8
svm,signo_zodiacal_leo,432,0.5,0.38,0.36,0.36,0.3478851674641149,0.386,0.5318806698117844,3.6,6.0,4.0,6.4
svm,signo_zodiacal_leo,433,0.5,0.55,0.5444755244755245,0.66,0.5944306418219462,0.5439999999999999,0.6004151604329623,6.6,5.6,4.4,3.4
svm,signo_zodiacal_leo,434,0.5,0.5199999999999999,0.5198412698412698,0.64,0.5633401686033265,0.515,0.5964079429342588,6.4,6.0,4.0,3.6
svm,signo_zodiacal_leo,435,0.5,0.5900000000000001,0.5733766233766234,0.7,0.6294372294372295,0.5820000000000001,0.6149439167643502,7.0,5.2,4.8,3.0
svm,signo_zodiacal_leo,436,0.5,0.5,0.474993894993895,0.48,0.46129537398483417,0.457,0.552975794243596,4.8,4.8,5.2,5.2
svm,signo_zodiacal_leo,437,0.5,0.47000000000000003,0.495,0.54,0.5064253393665158,0.462,0.5517484111176062,5.4,6.0,4.0,4.6
svm,signo_zodiacal_leo,438,0.5,0.5900000000000001,0.6005952380952382,0.6599999999999999,0.6137232048996755,0.5700000000000001,0.6057239508857155,6.6,4.8,5.2,3.4
svm,signo_zodiacal_leo,439,0.5,0.4699999999999999,0.4674242424242424,0.48,0.4698412698412698,0.502,0.5665243989756373,4.8,5.4,4.6,5.2
svm,signo_zodiacal_leo,440,0.5,0.43000000000000005,0.4095959595959596,0.42000000000000004,0.41164843928001826,0.42600000000000005,0.47727620521892966,4.2,5.6,4.4,5.8
svm,signo_zodiacal_leo,441,0.5,0.47000000000000003,0.44825396825396824,0.29999999999999993,0.3556553147574819,0.458,0.5104379694952451,3.0,3.6,6.4,7.0
svm,signo_zodiacal_leo,442,0.5,0.55,0.5466666666666666,0.74,0.6223290043290044,0.532,0.5867176881426107,7.4,6.4,3.6,2.6
svm,signo_zodiacal_leo,443,0.5,0.5399999999999999,0.5722222222222222,0.43999999999999995,0.4945906432748538,0.5,0.5626820026378849,4.4,3.6,6.4,5.6
svm,signo_zodiacal_leo,444,0.5,0.47000000000000003,0.46149572649572657,0.5,0.4754080854309688,0.502,0.6105127558200313,5.0,5.6,4.4,5.0
svm,signo_zodiacal_leo,445,0.5,0.6799999999999999,0.703939393939394,0.6599999999999999,0.6672727272727272,0.7460000000000001,0.7584159229143749,6.6,3.0,7.0,3.4
svm,signo_zodiacal_leo,446,0.5,0.5700000000000001,0.5633333333333334,0.6799999999999999,0.6138181818181818,0.5720000000000001,0.6391991962286079,6.8,5.4,4.6,3.2
svm,signo_zodiacal_leo,447,0.5,0.43,0.43692640692640694,0.54,0.48108225108225106,0.43,0.5396530587575479,5.4,6.8,3.2,4.6
svm,signo_zodiacal_leo,448,0.5,0.49000000000000005,0.481965811965812,0.4800000000000001,0.4644520722095093,0.5159999999999999,0.5591220519246834,4.8,5.0,5.0,5.2
svm,signo_zodiacal_leo,449,0.5,0.5199999999999999,0.5444444444444444,0.4,0.4418016194331983,0.5479999999999999,0.6112021122152701,4.0,3.6,6.4,6.0
svm,signo_zodiacal_leo,450,0.5,0.53,0.5265934065934066,0.6,0.5576811594202898,0.46799999999999997,0.5038025281392156,6.0,5.4,4.6,4.0
svm,signo_zodiacal_leo,451,0.5,0.5599999999999999,0.5381274281274282,0.7,0.6025936382458121,0.564,0.6186337089982601,7.0,5.8,4.2,3.0
svm,signo_zodiacal_leo,452,0.5,0.53,0.5396825396825397,0.38,0.4434984520123839,0.548,0.5837675265910559,3.8,3.2,6.8,6.2
svm,signo_zodiacal_leo,453,0.5,0.57,0.5577777777777777,0.47999999999999987,0.5102631578947369,0.6079999999999999,0.6773913292589763,4.8,3.4,6.6,5.2
svm,signo_zodiacal_leo,454,0.5,0.45,0.4634188034188035,0.5,0.47449987287058215,0.496,0.545272560171167,5.0,6.0,4.0,5.0
svm,signo_zodiacal_leo,455,0.5,0.5900000000000001,0.5782972582972583,0.5800000000000001,0.5678832375055285,0.584,0.6788970376029199,5.8,4.0,6.0,4.2
svm,signo_zodiacal_leo,456,0.5,0.55,0.5792857142857143,0.38,0.4541176470588235,0.569,0.638523593022045,3.8,2.8,7.2,6.2
svm,signo_zodiacal_leo,457,0.5,0.5800000000000001,0.6335746606334842,0.64,0.5987391304347826,0.502,0.569265344734385,6.4,4.8,5.2,3.6
svm,signo_zodiacal_leo,458,0.5,0.4,0.3996212121212121,0.39999999999999997,0.38507326007326004,0.36100000000000004,0.47594796259811745,4.0,6.0,4.0,6.0
svm,signo_zodiacal_leo,459,0.5,0.37,0.383030303030303,0.41999999999999993,0.39523293081187816,0.352,0.48998894062593756,4.2,6.8,3.2,5.8
svm,signo_zodiacal_leo,460,0.5,0.5700000000000001,0.5742857142857143,0.52,0.5430065359477124,0.658,0.6580778274013568,5.2,3.8,6.2,4.8
svm,signo_zodiacal_leo,461,0.5,0.5,0.5089285714285714,0.5399999999999999,0.5106837606837606,0.5640000000000001,0.6446401680534807,5.4,5.4,4.6,4.6
svm,signo_zodiacal_leo,462,0.5,0.43000000000000005,0.438974358974359,0.45999999999999996,0.4411660079051384,0.44700000000000006,0.5285024948391821,4.6,6.0,4.0,5.4
svm,signo_zodiacal_leo,463,0.5,0.49000000000000005,0.48888888888888893,0.4,0.43698830409356726,0.5459999999999999,0.5969282476209721,4.0,4.2,5.8,6.0
svm,signo_zodiacal_leo,464,0.5,0.55,0.542979242979243,0.6799999999999999,0.6001906941266208,0.5700000000000001,0.653276038718763,6.8,5.8,4.2,3.2
svm,signo_zodiacal_leo,465,0.5,0.4699999999999999,0.4365584415584415,0.4,0.4141176470588236,0.528,0.5467041661468907,4.0,4.6,5.4,6.0
svm,signo_zodiacal_leo,466,0.5,0.5,0.4943833943833944,0.62,0.5469246238124956,0.5319999999999999,0.5667626997185821,6.2,6.2,3.8,3.8
svm,signo_zodiacal_leo,467,0.5,0.48,0.4855555555555555,0.36,0.40345295055821373,0.462,0.5405759910024616,3.6,4.0,6.0,6.4
svm,signo_zodiacal_leo,468,0.5,0.48,0.44178321678321675,0.4800000000000001,0.4549642386598908,0.49800000000000005,0.5518778776263297,4.8,5.2,4.8,5.2
svm,signo_zodiacal_leo,469,0.5,0.4699999999999999,0.48769230769230765,0.54,0.5056710815246284,0.43,0.5418806497939624,5.4,6.0,4.0,4.6
svm,signo_zodiacal_leo,470,0.5,0.5,0.49686147186147184,0.4,0.4393557422969188,0.502,0.615787935318895,4.0,4.0,6.0,6.0
svm,signo_zodiacal_leo,471,0.5,0.4800000000000001,0.5036363636363637,0.38,0.4203174603174603,0.45600000000000007,0.5325894846467601,3.8,4.2,5.8,6.2
svm,signo_zodiacal_leo,472,0.5,0.45999999999999996,0.4523809523809524,0.4800000000000001,0.4480769230769231,0.47400000000000003,0.5507795652060358,4.8,5.6,4.4,5.2
svm,signo_zodiacal_leo,473,0.5,0.45999999999999996,0.45499999999999996,0.56,0.4966666666666667,0.40800000000000003,0.501445843801881,5.6,6.4,3.6,4.4
svm,signo_zodiacal_leo,474,0.5,0.38,0.33075757575757575,0.36,0.34011027568922303,0.354,0.4613019423816637,3.6,6.0,4.0,6.4
svm,signo_zodiacal_leo,475,0.5,0.35,0.3254545454545455,0.34,0.3281385281385281,0.337,0.4631827839343319,3.4,6.4,3.6,6.6
svm,signo_zodiacal_leo,476,0.5,0.5800000000000001,0.5956493506493507,0.4999999999999999,0.5328478057889823,0.6140000000000001,0.602865004276769,5.0,3.4,6.6,5.0
svm,signo_zodiacal_leo,477,0.5,0.4,0.3988888888888889,0.42000000000000004,0.40736842105263155,0.422,0.5151831691700113,4.2,6.2,3.8,5.8
svm,signo_zodiacal_leo,478,0.5,0.59,0.593939393939394,0.5199999999999999,0.5434937611408199,0.66,0.7200117278662169,5.2,3.4,6.6,4.8
svm,signo_zodiacal_leo,479,0.5,0.53,0.5272727272727272,0.41999999999999993,0.4507575757575757,0.5549999999999999,0.6107807850044693,4.2,3.6,6.4,5.8
svm,signo_zodiacal_leo,480,0.5,0.52,0.5084737484737485,0.58,0.5377269260106788,0.554,0.588269386873876,5.8,5.4,4.6,4.2
svm,signo_zodiacal_leo,481,0.5,0.52,0.5572222222222223,0.42000000000000004,0.4678973950026582,0.546,0.6179135092633544,4.2,3.8,6.2,5.8
svm,signo_zodiacal_leo,482,0.5,0.51,0.5655122655122655,0.52,0.5218728639781272,0.5399999999999999,0.6217639023343358,5.2,5.0,5.0,4.8
svm,signo_zodiacal_leo,483,0.5,0.6,0.5949650349650348,0.7,0.6270724637681159,0.64,0.6556136304356118,7.0,5.0,5.0,3.0
svm,signo_zodiacal_leo,484,0.5,0.39,0.36757575757575756,0.33999999999999997,0.3496825396825397,0.358,0.48211165081908114,3.4,5.6,4.4,6.6
svm,signo_zodiacal_leo,485,0.5,0.57,0.5757575757575758,0.5,0.5316231755860239,0.612,0.7100703348938642,5.0,3.6,6.4,5.0
svm,signo_zodiacal_leo,486,0.5,0.55,0.5463661338661339,0.6599999999999999,0.5869270116073184,0.5599999999999999,0.5642148670043408,6.6,5.6,4.4,3.4
svm,signo_zodiacal_leo,487,0.5,0.54,0.5329870129870129,0.54,0.5334453781512605,0.516,0.5410165647046451,5.4,4.6,5.4,4.6
svm,signo_zodiacal_leo,488,0.5,0.43,0.4471794871794872,0.56,0.49543685300207035,0.45599999999999996,0.5434242799683975,5.6,7.0,3.0,4.4
svm,signo_zodiacal_leo,489,0.5,0.44000000000000006,0.3977777777777778,0.34,0.36192982456140343,0.4779999999999999,0.5078760026523185,3.4,4.6,5.4,6.6
svm,signo_zodiacal_leo,490,0.5,0.53,0.5340909090909091,0.54,0.534920634920635,0.546,0.5890177126794773,5.4,4.8,5.2,4.6
svm,signo_zodiacal_leo,491,0.5,0.5199999999999999,0.5125829725829726,0.5799999999999998,0.5348037741412355,0.48599999999999993,0.5345313483386238,5.8,5.4,4.6,4.2
svm,signo_zodiacal_leo,492,0.5,0.45,0.4682843137254902,0.72,0.5668774928774929,0.42200000000000004,0.4925198057876076,7.2,8.2,1.8,2.8
svm,signo_zodiacal_leo,493,0.5,0.49000000000000005,0.4909090909090909,0.6200000000000001,0.5445054945054946,0.508,0.5379466993275043,6.2,6.4,3.6,3.8
svm,signo_zodiacal_leo,494,0.5,0.5599999999999999,0.5753968253968254,0.4,0.4549363605091158,0.47400000000000003,0.5750209724915607,4.0,2.8,7.2,6.0
svm,signo_zodiacal_leo,495,0.5,0.48,0.47685425685425686,0.66,0.5484761904761906,0.5549999999999999,0.6359922489790911,6.6,7.0,3.0,3.4
svm,signo_zodiacal_leo,496,0.5,0.43999999999999995,0.443974358974359,0.5399999999999999,0.4830144927536232,0.43,0.5178025652538036,5.4,6.6,3.4,4.6
svm,signo_zodiacal_leo,497,0.5,0.53,0.5353113553113553,0.6,0.5569476865845153,0.5199999999999999,0.5817686388259143,6.0,5.4,4.6,4.0
svm,signo_zodiacal_leo,498,0.5,0.52,0.5363553113553113,0.45999999999999996,0.48604717249218526,0.5339999999999999,0.6060494962553786,4.6,4.2,5.8,5.4
svm,signo_zodiacal_leo,499,0.5,0.42000000000000004,0.4041666666666667,0.54,0.4569347319347319,0.399,0.48233457082992687,5.4,7.0,3.0,4.6
svm,signo_zodiacal_leo,500,0.5,0.43000000000000005,0.3937662337662337,0.4,0.38896358543417364,0.418,0.5238390698568718,4.0,5.4,4.6,6.0
svm,signo_zodiacal_libra,1,0.5,0.49000000000000005,0.49444444444444446,0.52,0.5032429558745347,0.484,0.5527552622815781,5.2,5.4,4.6,4.8
svm,signo_zodiacal_libra,2,0.5,0.51,0.5051948051948052,0.58,0.5376623376623376,0.434,0.5254114162411376,5.8,5.6,4.4,4.2
svm,signo_zodiacal_libra,3,0.5,0.47000000000000003,0.4735897435897436,0.5800000000000001,0.5199868247694335,0.46399999999999997,0.5714797908489858,5.8,6.4,3.6,4.2
svm,signo_zodiacal_libra,4,0.5,0.43999999999999995,0.43,0.45999999999999996,0.4390909090909091,0.359,0.48562328667204835,4.6,5.8,4.2,5.4
svm,signo_zodiacal_libra,5,0.5,0.55,0.5361471861471861,0.7,0.6046786546786548,0.5549999999999999,0.5989633776955758,7.0,6.0,4.0,3.0
svm,signo_zodiacal_libra,6,0.5,0.5199999999999999,0.546868686868687,0.45999999999999996,0.4893734335839598,0.5740000000000001,0.6113094672785074,4.6,4.2,5.8,5.4
svm,signo_zodiacal_libra,7,0.5,0.51,0.5190476190476191,0.43999999999999995,0.46856803327391566,0.48200000000000004,0.5457537750347348,4.4,4.2,5.8,5.6
svm,signo_zodiacal_libra,8,0.5,0.37,0.3263170163170163,0.42000000000000004,0.36605608883869756,0.33,0.47669573546508526,4.2,6.8,3.2,5.8
svm,signo_zodiacal_libra,9,0.5,0.47000000000000003,0.47992424242424236,0.54,0.5023607970976391,0.462,0.5404851743543693,5.4,6.0,4.0,4.6
svm,signo_zodiacal_libra,10,0.5,0.53,0.611111111111111,0.38,0.4149601275917066,0.518,0.6164029767102522,3.8,3.2,6.8,6.2
svm,signo_zodiacal_libra,11,0.5,0.54,0.5352918323506558,0.6599999999999999,0.5845780459052771,0.54,0.5814528233204703,6.6,5.8,4.2,3.4
svm,signo_zodiacal_libra,12,0.5,0.5199999999999999,0.515,0.5199999999999999,0.5157575757575757,0.588,0.627595226239189,5.2,4.8,5.2,4.8
svm,signo_zodiacal_libra,13,0.5,0.49000000000000005,0.48465367965367967,0.45999999999999996,0.4609356725146199,0.45,0.5385164459723284,4.6,4.8,5.2,5.4
svm,signo_zodiacal_libra,14,0.5,0.4699999999999999,0.45595238095238094,0.36,0.39487522281639925,0.506,0.5650784672843495,3.6,4.2,5.8,6.4
svm,signo_zodiacal_libra,15,0.5,0.55,0.5592207792207793,0.5599999999999999,0.5543570155334862,0.522,0.60190438216754,5.6,4.6,5.4,4.4
svm,signo_zodiacal_libra,16,0.5,0.54,0.5444444444444445,0.42000000000000004,0.46649958228905597,0.5,0.5511691539454697,4.2,3.4,6.6,5.8
svm,signo_zodiacal_libra,17,0.5,0.5,0.5090909090909091,0.6000000000000001,0.5484675324675325,0.508,0.592995199846593,6.0,6.0,4.0,4.0
svm,signo_zodiacal_libra,18,0.5,0.53,0.5412087912087913,0.5599999999999999,0.53645147123408,0.466,0.574301228613148,5.6,5.0,5.0,4.4
svm,signo_zodiacal_libra,19,0.5,0.43999999999999995,0.4439285714285714,0.58,0.49846153846153846,0.396,0.49733072689264635,5.8,7.0,3.0,4.2
svm,signo_zodiacal_libra,20,0.5,0.48999999999999994,0.49825017088174983,0.74,0.590341290893015,0.454,0.5433545800604624,7.4,7.6,2.4,2.6
svm,signo_zodiacal_libra,21,0.5,0.53,0.5361111111111111,0.33999999999999997,0.4068504594820384,0.516,0.5875263696571746,3.4,2.8,7.2,6.6
svm,signo_zodiacal_libra,22,0.5,0.5800000000000001,0.5541666666666667,0.78,0.6456673761021587,0.5469999999999999,0.5312044503484132,7.8,6.2,3.8,2.2
svm,signo_zodiacal_libra,23,0.5,0.49000000000000005,0.48708624708624704,0.6,0.5354534161490683,0.509,0.5788463109817599,6.0,6.2,3.8,4.0
svm,signo_zodiacal_libra,24,0.5,0.5599999999999999,0.5503496503496503,0.6199999999999999,0.5795344751866491,0.492,0.5574634542444139,6.2,5.0,5.0,3.8
svm,signo_zodiacal_libra,25,0.5,0.38,0.3551082251082251,0.3,0.3212231559290383,0.42799999999999994,0.5201492941183343,3.0,5.4,4.6,7.0
svm,signo_zodiacal_libra,26,0.5,0.42000000000000004,0.41655011655011653,0.44000000000000006,0.423828345567476,0.434,0.5247101689160513,4.4,6.0,4.0,5.6
svm,signo_zodiacal_libra,27,0.5,0.47999999999999987,0.4901587301587301,0.48,0.4795562435500515,0.42800000000000005,0.528790075765308,4.8,5.2,4.8,5.2
svm,signo_zodiacal_libra,28,0.5,0.5200000000000001,0.5243589743589744,0.7,0.591637652964884,0.488,0.5495398469779275,7.0,6.6,3.4,3.0
svm,signo_zodiacal_libra,29,0.5,0.5,0.489423811482635,0.56,0.510136808346527,0.553,0.6157339131456778,5.6,5.6,4.4,4.4
svm,signo_zodiacal_libra,30,0.5,0.4600000000000001,0.46137196137196135,0.5,0.4718718150875912,0.358,0.45747456654112995,5.0,5.8,4.2,5.0
svm,signo_zodiacal_libra,31,0.5,0.36,0.3613428401663696,0.31999999999999995,0.31342801448064606,0.316,0.4754839548136761,3.2,6.0,4.0,6.8
svm,signo_zodiacal_libra,32,0.5,0.4699999999999999,0.4412698412698413,0.4,0.4087203302373581,0.506,0.5603970663839084,4.0,4.6,5.4,6.0
svm,signo_zodiacal_libra,33,0.5,0.6200000000000001,0.6594877344877345,0.54,0.589483512703327,0.682,0.6964355356545759,5.4,3.0,7.0,4.6
svm,signo_zodiacal_libra,34,0.5,0.47000000000000003,0.4586324786324786,0.44000000000000006,0.4414988558352403,0.492,0.5346125596110116,4.4,5.0,5.0,5.6
svm,signo_zodiacal_libra,35,0.5,0.45,0.4557997557997558,0.45999999999999996,0.45292649200308366,0.42000000000000004,0.487156806042255,4.6,5.6,4.4,5.4
svm,signo_zodiacal_libra,36,0.5,0.5,0.5256410256410257,0.38,0.42149068322981365,0.4920000000000001,0.5753103752972174,3.8,3.8,6.2,6.2
svm,signo_zodiacal_libra,37,0.5,0.43999999999999995,0.43849206349206343,0.38,0.40360258936110327,0.438,0.5612176877130437,3.8,5.0,5.0,6.2
svm,signo_zodiacal_libra,38,0.5,0.5,0.5438311688311688,0.36,0.42507002801120447,0.44400000000000006,0.5487604709531955,3.6,3.6,6.4,6.4
svm,signo_zodiacal_libra,39,0.5,0.45999999999999996,0.45679144385026743,0.52,0.47746031746031736,0.41200000000000003,0.4963376460141166,5.2,6.0,4.0,4.8
svm,signo_zodiacal_libra,40,0.5,0.5900000000000001,0.6087662337662338,0.56,0.5775847819191473,0.5960000000000001,0.6205745822804646,5.6,3.8,6.2,4.4
svm,signo_zodiacal_libra,41,0.5,0.6,0.6287012987012986,0.54,0.5767320261437908,0.632,0.6814917294607696,5.4,3.4,6.6,4.6
svm,signo_zodiacal_libra,42,0.5,0.39,0.3961105561105561,0.4,0.3833335769090245,0.37,0.46879614382865153,4.0,6.2,3.8,6.0
svm,signo_zodiacal_libra,43,0.5,0.44000000000000006,0.4382900432900433,0.5,0.45649299719887954,0.446,0.5749490062740836,5.0,6.2,3.8,5.0
svm,signo_zodiacal_libra,44,0.5,0.5,0.5031746031746032,0.33999999999999997,0.399359919406359,0.44400000000000006,0.5434487493930218,3.4,3.4,6.6,6.6
svm,signo_zodiacal_libra,45,0.5,0.41,0.41351981351981354,0.4,0.40242635574443353,0.44400000000000006,0.5303761773142577,4.0,5.8,4.2,6.0
svm,signo_zodiacal_libra,46,0.5,0.51,0.5285714285714286,0.64,0.5668109384221915,0.47800000000000004,0.5365449072771055,6.4,6.2,3.8,3.6
svm,signo_zodiacal_libra,47,0.5,0.51,0.5021245421245422,0.5800000000000001,0.5308095791676355,0.48100000000000004,0.5329495117026076,5.8,5.6,4.4,4.2
svm,signo_zodiacal_libra,48,0.5,0.5599999999999999,0.5676190476190476,0.4800000000000001,0.49338171632289285,0.522,0.5675220694338341,4.8,3.6,6.4,5.2
svm,signo_zodiacal_libra,49,0.5,0.53,0.5041569541569542,0.5,0.492917075296938,0.526,0.6037597131111063,5.0,4.4,5.6,5.0
svm,signo_zodiacal_libra,50,0.5,0.5700000000000001,0.5808547008547008,0.54,0.5507093821510297,0.586,0.670571783221938,5.4,4.0,6.0,4.6
svm,signo_zodiacal_libra,51,0.5,0.45,0.46914529914529907,0.5,0.4651530620409338,0.45999999999999996,0.5303903792286144,5.0,6.0,4.0,5.0
svm,signo_zodiacal_libra,52,0.5,0.51,0.5381746031746031,0.41999999999999993,0.46075241579885545,0.49400000000000005,0.5727457352588932,4.2,4.0,6.0,5.8
svm,signo_zodiacal_libra,53,0.5,0.49000000000000005,0.4762193362193362,0.42000000000000004,0.4420418693793307,0.45600000000000007,0.5157369960620735,4.2,4.4,5.6,5.8
svm,signo_zodiacal_libra,54,0.5,0.52,0.5034798534798536,0.54,0.5119274587305278,0.5519999999999999,0.6133591243637683,5.4,5.0,5.0,4.6
svm,signo_zodiacal_libra,55,0.5,0.5,0.48143939393939394,0.58,0.5182860998650473,0.476,0.5329486151103798,5.8,5.8,4.2,4.2
svm,signo_zodiacal_libra,56,0.5,0.5700000000000001,0.5828571428571429,0.56,0.56143653250774,0.5720000000000001,0.6201278072632561,5.6,4.2,5.8,4.4
svm,signo_zodiacal_libra,57,0.5,0.35,0.3551082251082251,0.4,0.3733621933621934,0.31800000000000006,0.42731280870831945,4.0,7.0,3.0,6.0
svm,signo_zodiacal_libra,58,0.5,0.45999999999999996,0.4705050505050504,0.5599999999999999,0.505453634085213,0.421,0.5213355641606415,5.6,6.4,3.6,4.4
svm,signo_zodiacal_libra,59,0.5,0.47000000000000003,0.48196969696969694,0.5199999999999999,0.4945396825396825,0.524,0.5887394349716331,5.2,5.8,4.2,4.8
svm,signo_zodiacal_libra,60,0.5,0.53,0.5298412698412698,0.6,0.555859649122807,0.492,0.5395878267759072,6.0,5.4,4.6,4.0
svm,signo_zodiacal_libra,61,0.5,0.48,0.4851307189542483,0.5199999999999999,0.49179514442672334,0.532,0.6054430471489296,5.2,5.6,4.4,4.8
svm,signo_zodiacal_libra,62,0.5,0.5,0.5084415584415585,0.42000000000000004,0.45788982259570493,0.49799999999999994,0.5581903945727476,4.2,4.2,5.8,5.8
svm,signo_zodiacal_libra,63,0.5,0.51,0.5407142857142857,0.32,0.398921568627451,0.49799999999999994,0.5582514572630672,3.2,3.0,7.0,6.8
svm,signo_zodiacal_libra,64,0.5,0.4800000000000001,0.4507575757575758,0.4,0.40970140970140967,0.516,0.5503008843581598,4.0,4.4,5.6,6.0
svm,signo_zodiacal_libra,65,0.5,0.53,0.530952380952381,0.54,0.5284610814022578,0.554,0.5931748769806046,5.4,4.8,5.2,4.6
svm,signo_zodiacal_libra,66,0.5,0.43000000000000005,0.39468864468864473,0.3,0.323808241832202,0.41600000000000004,0.5069243903671148,3.0,4.4,5.6,7.0
svm,signo_zodiacal_libra,67,0.5,0.52,0.5196969696969697,0.6599999999999999,0.5782717282717283,0.5,0.551908803614686,6.6,6.2,3.8,3.4
svm,signo_zodiacal_libra,68,0.5,0.51,0.5097125097125097,0.54,0.5222403835676147,0.508,0.5504950486390114,5.4,5.2,4.8,4.6
svm,signo_zodiacal_libra,69,0.5,0.4600000000000001,0.46079365079365076,0.4800000000000001,0.4625705976170372,0.508,0.6035764878396457,4.8,5.6,4.4,5.2
svm,signo_zodiacal_libra,70,0.5,0.51,0.5057142857142857,0.42000000000000004,0.455061919504644,0.42699999999999994,0.5125582253144173,4.2,4.0,6.0,5.8
svm,signo_zodiacal_libra,71,0.5,0.44000000000000006,0.42646464646464644,0.4,0.40944862155388473,0.46799999999999997,0.5607887112887113,4.0,5.2,4.8,6.0
svm,signo_zodiacal_libra,72,0.5,0.48999999999999994,0.4932900432900433,0.58,0.5316017316017316,0.534,0.5929450088095598,5.8,6.0,4.0,4.2
svm,signo_zodiacal_libra,73,0.5,0.45,0.4542424242424243,0.42000000000000004,0.4308530685001274,0.41600000000000004,0.4988905718464543,4.2,5.2,4.8,5.8
svm,signo_zodiacal_libra,74,0.5,0.45,0.41999999999999993,0.4,0.405231259968102,0.42200000000000004,0.5183861412065746,4.0,5.0,5.0,6.0
svm,signo_zodiacal_libra,75,0.5,0.45,0.42813852813852815,0.5,0.45746753246753247,0.414,0.48094449427421565,5.0,6.0,4.0,5.0
svm,signo_zodiacal_libra,76,0.5,0.51,0.5174603174603174,0.38,0.41487006285767897,0.418,0.5352890997890998,3.8,3.6,6.4,6.2
svm,signo_zodiacal_libra,77,0.5,0.62,0.6176767676767676,0.6200000000000001,0.6164957849168375,0.642,0.6900423563364739,6.2,3.8,6.2,3.8
svm,signo_zodiacal_libra,78,0.5,0.51,0.5496031746031746,0.42000000000000004,0.4560359231411863,0.47800000000000004,0.5231961628842434,4.2,4.0,6.0,5.8
svm,signo_zodiacal_libra,79,0.5,0.58,0.5658008658008657,0.68,0.6164502164502164,0.624,0.6555201259009309,6.8,5.2,4.8,3.2
svm,signo_zodiacal_libra,80,0.5,0.49000000000000005,0.4721367521367522,0.45999999999999996,0.4486689549961861,0.438,0.5084256403211512,4.6,4.8,5.2,5.4
svm,signo_zodiacal_libra,81,0.5,0.63,0.668939393939394,0.54,0.5827903091060985,0.7040000000000001,0.7742632804072432,5.4,2.8,7.2,4.6
svm,signo_zodiacal_libra,82,0.5,0.39,0.35785391079508727,0.5,0.41529058702971744,0.297,0.4604233303676028,5.0,7.2,2.8,5.0
svm,signo_zodiacal_libra,83,0.5,0.47000000000000003,0.48353535353535354,0.52,0.495346851978431,0.4779999999999999,0.5704517951089159,5.2,5.8,4.2,4.8
svm,signo_zodiacal_libra,84,0.5,0.54,0.5424242424242425,0.54,0.5391660970608338,0.562,0.647725200238358,5.4,4.6,5.4,4.6
svm,signo_zodiacal_libra,85,0.5,0.56,0.5421703296703296,0.74,0.624364041755346,0.554,0.5765175163673615,7.4,6.2,3.8,2.6
svm,signo_zodiacal_libra,86,0.5,0.39999999999999997,0.395,0.42000000000000004,0.4018245614035088,0.46799999999999997,0.5643559773559773,4.2,6.2,3.8,5.8
svm,signo_zodiacal_libra,87,0.5,0.55,0.5923076923076923,0.38,0.4317287784679089,0.49499999999999994,0.5518900158149384,3.8,2.8,7.2,6.2
svm,signo_zodiacal_libra,88,0.5,0.53,0.5272727272727272,0.64,0.5733333333333334,0.542,0.5777593584605969,6.4,5.8,4.2,3.6
svm,signo_zodiacal_libra,89,0.5,0.42000000000000004,0.3975757575757576,0.32,0.3446320346320347,0.454,0.5667545336500445,3.2,4.8,5.2,6.8
svm,signo_zodiacal_libra,90,0.5,0.43,0.4242424242424242,0.4999999999999999,0.44923809523809527,0.354,0.47175052768009423,5.0,6.4,3.6,5.0
svm,signo_zodiacal_libra,91,0.5,0.41,0.4294808949220714,0.5800000000000001,0.48749645134084496,0.40199999999999997,0.5211727824978598,5.8,7.6,2.4,4.2
svm,signo_zodiacal_libra,92,0.5,0.53,0.5240981240981241,0.5,0.5071645245019858,0.518,0.609958459668986,5.0,4.4,5.6,5.0
svm,signo_zodiacal_libra,93,0.5,0.54,0.5755555555555556,0.4,0.46421052631578946,0.562,0.6392977208549964,4.0,3.2,6.8,6.0
svm,signo_zodiacal_libra,94,0.5,0.38,0.37333333333333335,0.4,0.36875213675213675,0.29,0.45857651052078285,4.0,6.4,3.6,6.0
svm,signo_zodiacal_libra,95,0.5,0.5599999999999999,0.5767099567099567,0.4800000000000001,0.5172922502334266,0.518,0.5789226164272604,4.8,3.6,6.4,5.2
svm,signo_zodiacal_libra,96,0.5,0.45,0.4627838827838827,0.5,0.464073316283035,0.45200000000000007,0.5360640207745471,5.0,6.0,4.0,5.0
svm,signo_zodiacal_libra,97,0.5,0.48,0.5047979797979798,0.4,0.4318295739348371,0.4920000000000001,0.5620185384790648,4.0,4.4,5.6,6.0
svm,signo_zodiacal_libra,98,0.5,0.41000000000000003,0.4021312021312021,0.44000000000000006,0.41580678037805513,0.43200000000000005,0.5314223462296218,4.4,6.2,3.8,5.6
svm,signo_zodiacal_libra,99,0.5,0.48,0.47750249750249757,0.62,0.5359961777353082,0.47400000000000003,0.547071510790551,6.2,6.6,3.4,3.8
svm,signo_zodiacal_libra,100,0.5,0.5700000000000001,0.5638383838383838,0.54,0.5459774436090226,0.6,0.6318849396217817,5.4,4.0,6.0,4.6
svm,signo_zodiacal_libra,101,0.5,0.48,0.491488413547237,0.64,0.5498834498834498,0.48200000000000004,0.5398177204632313,6.4,6.8,3.2,3.6
svm,signo_zodiacal_libra,102,0.5,0.53,0.5307503607503608,0.5199999999999999,0.5208389958854356,0.568,0.588302602626132,5.2,4.6,5.4,4.8
svm,signo_zodiacal_libra,103,0.5,0.5,0.5,0.5800000000000001,0.5305805305805306,0.522,0.5949215116668677,5.8,5.8,4.2,4.2
svm,signo_zodiacal_libra,104,0.5,0.51,0.4980769230769231,0.56,0.5239789196310936,0.518,0.5768194762753586,5.6,5.4,4.6,4.4
svm,signo_zodiacal_libra,105,0.5,0.6,0.5852813852813852,0.6799999999999999,0.6205245734657499,0.6369999999999999,0.687708610790654,6.8,4.8,5.2,3.2
svm,signo_zodiacal_libra,106,0.5,0.62,0.6165306915306916,0.64,0.6238276851549163,0.692,0.7223150264767911,6.4,4.0,6.0,3.6
svm,signo_zodiacal_libra,107,0.5,0.5800000000000001,0.576984126984127,0.6199999999999999,0.5882212215029552,0.624,0.6592951650173011,6.2,4.6,5.4,3.8
svm,signo_zodiacal_libra,108,0.5,0.49000000000000005,0.49115329115329115,0.5800000000000001,0.5292509930953867,0.47400000000000003,0.5536234871939206,5.8,6.0,4.0,4.2
svm,signo_zodiacal_libra,109,0.5,0.55,0.5371212121212121,0.48,0.5023809523809524,0.53,0.5606781367926879,4.8,3.8,6.2,5.2
svm,signo_zodiacal_libra,110,0.5,0.47000000000000003,0.43871794871794867,0.48,0.44994290733421166,0.47000000000000003,0.5471547706679286,4.8,5.4,4.6,5.2
svm,signo_zodiacal_libra,111,0.5,0.5900000000000001,0.58008658008658,0.64,0.6048872180451127,0.648,0.6777182976122604,6.4,4.6,5.4,3.6
svm,signo_zodiacal_libra,112,0.5,0.45,0.44261294261294254,0.45999999999999996,0.44678838458620396,0.41200000000000003,0.517896539734775,4.6,5.6,4.4,5.4
svm,signo_zodiacal_libra,113,0.5,0.47000000000000003,0.46944444444444444,0.4,0.4267278043593833,0.48,0.5677179111737936,4.0,4.6,5.4,6.0
svm,signo_zodiacal_libra,114,0.5,0.54,0.5466666666666666,0.62,0.5764976076555024,0.6020000000000001,0.6578979061873799,6.2,5.4,4.6,3.8
svm,signo_zodiacal_libra,115,0.5,0.44000000000000006,0.4542424242424242,0.54,0.49123809523809525,0.41,0.47053232775136794,5.4,6.6,3.4,4.6
svm,signo_zodiacal_libra,116,0.5,0.45999999999999996,0.43095238095238103,0.4,0.3954182787942379,0.392,0.47903950117649813,4.0,4.8,5.2,6.0
svm,signo_zodiacal_libra,117,0.5,0.55,0.5633333333333334,0.4,0.4516378066378066,0.562,0.6155009522641101,4.0,3.0,7.0,6.0
svm,signo_zodiacal_libra,118,0.5,0.49000000000000005,0.581060606060606,0.36000000000000004,0.4095238095238095,0.546,0.5954267835707464,3.6,3.8,6.2,6.4
svm,signo_zodiacal_libra,119,0.5,0.43,0.4450349650349651,0.42000000000000004,0.42053830227743266,0.438,0.5206717808335455,4.2,5.6,4.4,5.8
svm,signo_zodiacal_libra,120,0.5,0.45,0.4612387612387613,0.56,0.5039337474120082,0.43000000000000005,0.5467229104744584,5.6,6.6,3.4,4.4
svm,signo_zodiacal_libra,121,0.5,0.38999999999999996,0.3385281385281385,0.26,0.28328286780299167,0.392,0.481716255536689,2.6,4.8,5.2,7.4
svm,signo_zodiacal_libra,122,0.5,0.6,0.6058669108669109,0.6399999999999999,0.6148385456394609,0.612,0.6412026686763529,6.4,4.4,5.6,3.6
svm,signo_zodiacal_libra,123,0.5,0.6,0.6098484848484848,0.5800000000000001,0.5851370851370852,0.656,0.6557096487963361,5.8,3.8,6.2,4.2
svm,signo_zodiacal_libra,124,0.5,0.44000000000000006,0.43994227994227997,0.5199999999999999,0.47089724310776937,0.43,0.5221316198421462,5.2,6.4,3.6,4.8
svm,signo_zodiacal_libra,125,0.5,0.5199999999999999,0.5165501165501165,0.66,0.5772082989474294,0.5660000000000001,0.6216677113735937,6.6,6.2,3.8,3.4
svm,signo_zodiacal_libra,126,0.5,0.6,0.6,0.64,0.608935508935509,0.546,0.5999960507328929,6.4,4.4,5.6,3.6
svm,signo_zodiacal_libra,127,0.5,0.56,0.5616666666666668,0.48,0.5044155844155844,0.624,0.6170288583965055,4.8,3.6,6.4,5.2
svm,signo_zodiacal_libra,128,0.5,0.5199999999999999,0.5071678321678321,0.52,0.5089717046238785,0.554,0.6114696953373424,5.2,4.8,5.2,4.8
svm,signo_zodiacal_libra,129,0.5,0.4999999999999999,0.4922222222222222,0.4600000000000001,0.4622748538011695,0.5440000000000002,0.6103238505560487,4.6,4.6,5.4,5.4
svm,signo_zodiacal_libra,130,0.5,0.47000000000000003,0.4709090909090909,0.4,0.428015873015873,0.542,0.5638805901700639,4.0,4.6,5.4,6.0
svm,signo_zodiacal_libra,131,0.5,0.5,0.5114718614718614,0.5599999999999999,0.5274436090225564,0.48599999999999993,0.5487552980215519,5.6,5.6,4.4,4.4
svm,signo_zodiacal_libra,132,0.5,0.5199999999999999,0.5206793206793207,0.62,0.5645962732919255,0.61,0.6471189541452699,6.2,5.8,4.2,3.8
svm,signo_zodiacal_libra,133,0.5,0.5900000000000001,0.5911111111111111,0.6199999999999999,0.603444976076555,0.634,0.7021473130412759,6.2,4.4,5.6,3.8
svm,signo_zodiacal_libra,134,0.5,0.54,0.5470313999725764,0.64,0.5825154674124926,0.55,0.6028839395898219,6.4,5.6,4.4,3.6
svm,signo_zodiacal_libra,135,0.5,0.6199999999999999,0.6757575757575758,0.5,0.5686974789915966,0.684,0.7436062260752664,5.0,2.6,7.4,5.0
svm,signo_zodiacal_libra,136,0.5,0.47000000000000003,0.46630591630591633,0.52,0.4879015721120984,0.43200000000000005,0.513566248079406,5.2,5.8,4.2,4.8
svm,signo_zodiacal_libra,137,0.5,0.49000000000000005,0.4800000000000001,0.4,0.4271301247771836,0.449,0.5140877794376246,4.0,4.2,5.8,6.0
svm,signo_zodiacal_libra,138,0.5,0.53,0.5433333333333333,0.45999999999999996,0.4839393939393939,0.554,0.5886745372790265,4.6,4.0,6.0,5.4
svm,signo_zodiacal_libra,139,0.5,0.47000000000000003,0.4616666666666667,0.42000000000000004,0.4339154704944178,0.44800000000000006,0.5585739450607872,4.2,4.8,5.2,5.8
svm,signo_zodiacal_libra,140,0.5,0.5700000000000001,0.5567099567099567,0.6599999999999999,0.6025974025974026,0.587,0.6158183754669823,6.6,5.2,4.8,3.4
svm,signo_zodiacal_libra,141,0.5,0.49000000000000005,0.4962037962037963,0.62,0.5495859213250518,0.502,0.5719958179075826,6.2,6.4,3.6,3.8
svm,signo_zodiacal_libra,142,0.5,0.47000000000000003,0.461940836940837,0.4,0.4265074450832965,0.39,0.5019045327737277,4.0,4.6,5.4,6.0
svm,signo_zodiacal_libra,143,0.5,0.41000000000000003,0.3656410256410256,0.38,0.3608390541571319,0.378,0.45613045227905913,3.8,5.6,4.4,6.2
svm,signo_zodiacal_libra,144,0.5,0.5,0.5,0.4,0.4228070175438596,0.5740000000000001,0.599818031641561,4.0,4.0,6.0,6.0
svm,signo_zodiacal_libra,145,0.5,0.49000000000000005,0.475,0.36000000000000004,0.40768833849329206,0.49800000000000005,0.5641903635580106,3.6,3.8,6.2,6.4
svm,signo_zodiacal_libra,146,0.5,0.5,0.5051948051948052,0.44000000000000006,0.4677183153963339,0.49800000000000005,0.5596338928529331,4.4,4.4,5.6,5.6
svm,signo_zodiacal_libra,147,0.5,0.43000000000000005,0.39,0.4600000000000001,0.41562626262626257,0.442,0.5260777925205169,4.6,6.0,4.0,5.4
svm,signo_zodiacal_libra,148,0.5,0.48,0.47857142857142854,0.4,0.4291443850267379,0.528,0.5839737992485671,4.0,4.4,5.6,6.0
svm,signo_zodiacal_libra,149,0.5,0.6,0.6342857142857143,0.48,0.5435294117647059,0.604,0.6428247930260313,4.8,2.8,7.2,5.2
svm,signo_zodiacal_libra,150,0.5,0.54,0.5431818181818182,0.64,0.5794261294261294,0.5660000000000001,0.5980765521028678,6.4,5.6,4.4,3.6
svm,signo_zodiacal_libra,151,0.5,0.51,0.5032900432900432,0.56,0.522917239623122,0.568,0.6140790283847559,5.6,5.4,4.6,4.4
svm,signo_zodiacal_libra,152,0.5,0.41,0.3973076923076923,0.4,0.39604373251970504,0.36000000000000004,0.4697641910892685,4.0,5.8,4.2,6.0
svm,signo_zodiacal_libra,153,0.5,0.45,0.43499999999999994,0.44000000000000006,0.4230769230769231,0.472,0.5312149486220693,4.4,5.4,4.6,5.6
svm,signo_zodiacal_libra,154,0.5,0.54,0.5369780219780219,0.5199999999999999,0.5225234441602729,0.5399999999999999,0.611750444430011,5.2,4.4,5.6,4.8
svm,signo_zodiacal_libra,155,0.5,0.43,0.4242424242424242,0.44000000000000006,0.4222582972582972,0.398,0.5268424651543846,4.4,5.8,4.2,5.6
svm,signo_zodiacal_libra,156,0.5,0.47000000000000003,0.43888888888888894,0.38,0.4022556390977443,0.45600000000000007,0.5169921939086025,3.8,4.4,5.6,6.2
svm,signo_zodiacal_libra,157,0.5,0.47000000000000003,0.4723076923076923,0.5399999999999999,0.49899429073342116,0.4739999999999999,0.5111277127585178,5.4,6.0,4.0,4.6
svm,signo_zodiacal_libra,158,0.5,0.59,0.6096825396825397,0.5,0.5468317853457172,0.576,0.6420408202908202,5.0,3.2,6.8,5.0
svm,signo_zodiacal_libra,159,0.5,0.53,0.5428571428571429,0.42000000000000004,0.47182662538699693,0.55,0.5921943128251177,4.2,3.6,6.4,5.8
svm,signo_zodiacal_libra,160,0.5,0.61,0.601025641025641,0.74,0.6543451910408432,0.6020000000000001,0.6294683910860381,7.4,5.2,4.8,2.6
svm,signo_zodiacal_libra,161,0.5,0.47000000000000003,0.4675757575757575,0.5399999999999999,0.49609933925723393,0.48,0.5724150592269787,5.4,6.0,4.0,4.6
svm,signo_zodiacal_libra,162,0.5,0.45999999999999996,0.46317460317460313,0.38,0.4026615067079463,0.462,0.5809198775081128,3.8,4.6,5.4,6.2
svm,signo_zodiacal_libra,163,0.5,0.45,0.46025641025641023,0.36,0.3861989459815547,0.42799999999999994,0.5285543459808165,3.6,4.6,5.4,6.4
svm,signo_zodiacal_libra,164,0.5,0.54,0.5072727272727272,0.45999999999999996,0.471010101010101,0.623,0.6372111940347234,4.6,3.8,6.2,5.4
svm,signo_zodiacal_libra,165,0.5,0.5399999999999999,0.553076923076923,0.6,0.5620395256916997,0.5860000000000001,0.6224315761637743,6.0,5.2,4.8,4.0
svm,signo_zodiacal_libra,166,0.5,0.53,0.5342857142857144,0.45999999999999996,0.4918954248366013,0.514,0.5864804819363643,4.6,4.0,6.0,5.4
svm,signo_zodiacal_libra,167,0.5,0.5700000000000001,0.5774059274059274,0.64,0.5983359351645797,0.5900000000000001,0.6377194380267135,6.4,5.0,5.0,3.6
svm,signo_zodiacal_libra,168,0.5,0.59,0.6025974025974026,0.5,0.5419234360410832,0.609,0.6340245577435979,5.0,3.2,6.8,5.0
svm,signo_zodiacal_libra,169,0.5,0.41999999999999993,0.41728271728271726,0.44000000000000006,0.42249015548248287,0.396,0.4979083030832257,4.4,6.0,4.0,5.6
svm,signo_zodiacal_libra,170,0.5,0.41000000000000003,0.38836940836940836,0.38,0.3829780333185906,0.32,0.4332667194346761,3.8,5.6,4.4,6.2
svm,signo_zodiacal_libra,171,0.5,0.55,0.5355444555444555,0.5199999999999999,0.5151528437461941,0.5810000000000001,0.577368268556349,5.2,4.2,5.8,4.8
svm,signo_zodiacal_libra,172,0.5,0.52,0.52,0.52,0.5184126984126983,0.496,0.5750020422473983,5.2,4.8,5.2,4.8
svm,signo_zodiacal_libra,173,0.5,0.37,0.33535353535353535,0.32,0.32401002506265664,0.376,0.47668657323069086,3.2,5.8,4.2,6.8
svm,signo_zodiacal_libra,174,0.5,0.44000000000000006,0.4296031746031746,0.38,0.4014654282765737,0.44400000000000006,0.49845692379515905,3.8,5.0,5.0,6.2
svm,signo_zodiacal_libra,175,0.5,0.56,0.5438131313131314,0.6599999999999999,0.5915032336084967,0.5369999999999999,0.5647267340502634,6.6,5.4,4.6,3.4
svm,signo_zodiacal_libra,176,0.5,0.53,0.5253968253968253,0.4,0.4278822055137844,0.508,0.5558806177482649,4.0,3.4,6.6,6.0
svm,signo_zodiacal_libra,177,0.5,0.41,0.43483044733044734,0.5800000000000001,0.4870573870573871,0.398,0.5097496690615885,5.8,7.6,2.4,4.2
svm,signo_zodiacal_libra,178,0.5,0.54,0.5403846153846154,0.6199999999999999,0.5727711901624944,0.4720000000000001,0.5156625694566871,6.2,5.4,4.6,3.8
svm,signo_zodiacal_libra,179,0.5,0.55,0.5859523809523809,0.36000000000000004,0.44189542483660127,0.554,0.5584305498423145,3.6,2.6,7.4,6.4
svm,signo_zodiacal_libra,180,0.5,0.5700000000000001,0.5654817404817405,0.58,0.5681341033743779,0.6260000000000001,0.6727733716232168,5.8,4.4,5.6,4.2
svm,signo_zodiacal_libra,181,0.5,0.5599999999999999,0.5656410256410256,0.58,0.5686434135404387,0.586,0.6312017241444486,5.8,4.6,5.4,4.2
svm,signo_zodiacal_libra,182,0.5,0.48,0.4641233766233766,0.48,0.4598434245493069,0.536,0.6011212665903068,4.8,5.2,4.8,5.2
svm,signo_zodiacal_libra,183,0.5,0.49000000000000005,0.4916666666666667,0.42000000000000004,0.44724880382775123,0.5319999999999999,0.5955217278421613,4.2,4.4,5.6,5.8
svm,signo_zodiacal_libra,184,0.5,0.42000000000000004,0.4321056721056721,0.5,0.45979644764084127,0.434,0.5155024899421184,5.0,6.6,3.4,5.0
svm,signo_zodiacal_libra,185,0.5,0.44000000000000006,0.4276190476190476,0.38,0.38670505964623614,0.437,0.5160284735903932,3.8,5.0,5.0,6.2
svm,signo_zodiacal_libra,186,0.5,0.47000000000000003,0.4686868686868687,0.45999999999999996,0.4636591478696742,0.49300000000000005,0.5762165334665335,4.6,5.2,4.8,5.4
svm,signo_zodiacal_libra,187,0.5,0.58,0.5676190476190477,0.76,0.6433927125506071,0.567,0.5844089403029031,7.6,6.0,4.0,2.4
svm,signo_zodiacal_libra,188,0.5,0.5,0.4766233766233766,0.45999999999999996,0.4612808759867583,0.45999999999999996,0.5427535885167464,4.6,4.6,5.4,5.4
svm,signo_zodiacal_libra,189,0.5,0.49000000000000005,0.48349206349206353,0.5,0.4838513931888545,0.48200000000000004,0.5649272651153455,5.0,5.2,4.8,5.0
svm,signo_zodiacal_libra,190,0.5,0.45,0.4522222222222222,0.44000000000000006,0.43921052631578944,0.458,0.5061389994594329,4.4,5.4,4.6,5.6
svm,signo_zodiacal_libra,191,0.5,0.38,0.3677344877344878,0.33999999999999997,0.3510894884269497,0.34199999999999997,0.4386643018144566,3.4,5.8,4.2,6.6
svm,signo_zodiacal_libra,192,0.5,0.5599999999999999,0.5417948717948717,0.6599999999999999,0.5830974967061924,0.588,0.6400386274372343,6.6,5.4,4.6,3.4
svm,signo_zodiacal_libra,193,0.5,0.53,0.5207575757575758,0.5,0.5044877344877345,0.538,0.5820042914601737,5.0,4.4,5.6,5.0
svm,signo_zodiacal_libra,194,0.5,0.54,0.538888888888889,0.5599999999999999,0.5468899521531101,0.554,0.6044497899761059,5.6,4.8,5.2,4.4
svm,signo_zodiacal_libra,195,0.5,0.51,0.5083333333333333,0.52,0.5049482681061628,0.522,0.604097706816747,5.2,5.0,5.0,4.8
svm,signo_zodiacal_libra,196,0.5,0.47000000000000003,0.4616666666666667,0.4,0.42760233918128654,0.442,0.506748725131078,4.0,4.6,5.4,6.0
svm,signo_zodiacal_libra,197,0.5,0.52,0.5404761904761904,0.45999999999999996,0.4867647058823529,0.5080000000000001,0.6089743867243866,4.6,4.2,5.8,5.4
svm,signo_zodiacal_libra,198,0.5,0.4800000000000001,0.5015384615384615,0.45999999999999996,0.461231884057971,0.484,0.5520785680607662,4.6,5.0,5.0,5.4
svm,signo_zodiacal_libra,199,0.5,0.44000000000000006,0.41742424242424236,0.36,0.3829991645781119,0.45600000000000007,0.561148094165896,3.6,4.8,5.2,6.4
svm,signo_zodiacal_libra,200,0.5,0.56,0.5549547511312217,0.6799999999999999,0.6002737520128825,0.542,0.5977708745502862,6.8,5.6,4.4,3.2
svm,signo_zodiacal_libra,201,0.5,0.57,0.5651948051948052,0.64,0.5976623376623376,0.58,0.6082817537639519,6.4,5.0,5.0,3.6
svm,signo_zodiacal_libra,202,0.5,0.53,0.52,0.38,0.43303921568627446,0.536,0.5928187280555701,3.8,3.2,6.8,6.2
svm,signo_zodiacal_libra,203,0.5,0.5199999999999999,0.527039627039627,0.5800000000000001,0.5492971559333115,0.548,0.6392049220988849,5.8,5.4,4.6,4.2
svm,signo_zodiacal_libra,204,0.5,0.55,0.5411421911421911,0.6799999999999999,0.6017033690946734,0.5479999999999999,0.5830046048722519,6.8,5.8,4.2,3.2
svm,signo_zodiacal_libra,205,0.5,0.5,0.49754901960784315,0.4,0.405982905982906,0.55,0.6056995596422841,4.0,4.0,6.0,6.0
svm,signo_zodiacal_libra,206,0.5,0.52,0.5583333333333333,0.44000000000000006,0.4705627705627705,0.526,0.5974034931356912,4.4,4.0,6.0,5.6
svm,signo_zodiacal_libra,207,0.5,0.43,0.4414529914529915,0.5399999999999999,0.483090631717634,0.44799999999999995,0.5580316191376562,5.4,6.8,3.2,4.6
svm,signo_zodiacal_libra,208,0.5,0.53,0.5631746031746031,0.4,0.46277261781905743,0.51,0.6032090321958743,4.0,3.4,6.6,6.0
svm,signo_zodiacal_libra,209,0.5,0.51,0.5266666666666666,0.44000000000000006,0.462,0.568,0.6018391771627065,4.4,4.2,5.8,5.6
svm,signo_zodiacal_libra,210,0.5,0.35,0.31606060606060604,0.3,0.3020995670995671,0.31,0.41814537423360953,3.0,6.0,4.0,7.0
svm,signo_zodiacal_libra,211,0.5,0.52,0.5132600732600732,0.7,0.588758082497213,0.512,0.5345689485952644,7.0,6.6,3.4,3.0
svm,signo_zodiacal_libra,212,0.5,0.51,0.504434731934732,0.68,0.5765296732253253,0.554,0.5922363275699188,6.8,6.6,3.4,3.2
svm,signo_zodiacal_libra,213,0.5,0.4,0.3622222222222222,0.32,0.3371929824561403,0.36400000000000005,0.48329159935351884,3.2,5.2,4.8,6.8
svm,signo_zodiacal_libra,214,0.5,0.36,0.35494505494505496,0.4,0.3687553282182438,0.31999999999999995,0.47948680447519454,4.0,6.8,3.2,6.0
svm,signo_zodiacal_libra,215,0.5,0.53,0.5322655122655122,0.5399999999999999,0.5292805543269938,0.52,0.5574153891344293,5.4,4.8,5.2,4.6
svm,signo_zodiacal_libra,216,0.5,0.41,0.3987301587301587,0.3,0.33561684961065763,0.356,0.48604613076981495,3.0,4.8,5.2,7.0
svm,signo_zodiacal_libra,217,0.5,0.49000000000000005,0.49428571428571433,0.3,0.3553142282554047,0.43200000000000005,0.528017093587527,3.0,3.2,6.8,7.0
svm,signo_zodiacal_libra,218,0.5,0.51,0.5076490176490176,0.6599999999999999,0.5722499529456051,0.516,0.5921782753709998,6.6,6.4,3.6,3.4
svm,signo_zodiacal_libra,219,0.5,0.51,0.5205017205017205,0.52,0.5149087552641193,0.558,0.5911464820009712,5.2,5.0,5.0,4.8
svm,signo_zodiacal_libra,220,0.5,0.5900000000000001,0.594978354978355,0.6799999999999999,0.6237855869620577,0.6000000000000001,0.6455866885952025,6.8,5.0,5.0,3.2
svm,signo_zodiacal_libra,221,0.5,0.39,0.37761904761904763,0.52,0.43407486631016046,0.406,0.5042398887662045,5.2,7.4,2.6,4.8
svm,signo_zodiacal_libra,222,0.5,0.39,0.3538461538461538,0.3,0.30724637681159417,0.358,0.45257284528337155,3.0,5.2,4.8,7.0
svm,signo_zodiacal_libra,223,0.5,0.56,0.5467857142857142,0.66,0.5821347410759176,0.5359999999999999,0.5808870198429023,6.6,5.4,4.6,3.4
svm,signo_zodiacal_libra,224,0.5,0.45,0.43939393939393934,0.36000000000000004,0.3852813852813853,0.394,0.4720633716988205,3.6,4.6,5.4,6.4
svm,signo_zodiacal_libra,225,0.5,0.5900000000000001,0.6082417582417582,0.5800000000000001,0.5833475419153169,0.6100000000000001,0.6552609685636,5.8,4.0,6.0,4.2
svm,signo_zodiacal_libra,226,0.5,0.41000000000000003,0.40850427350427354,0.43999999999999995,0.4195728451563691,0.39999999999999997,0.5030668867596113,4.4,6.2,3.8,5.6
svm,signo_zodiacal_libra,227,0.5,0.5700000000000001,0.67,0.34,0.4438888888888889,0.5800000000000001,0.6489628051686875,3.4,2.0,8.0,6.6
svm,signo_zodiacal_libra,228,0.5,0.4699999999999999,0.4727272727272728,0.5599999999999999,0.5114718614718614,0.43599999999999994,0.47615922802687505,5.6,6.2,3.8,4.4
svm,signo_zodiacal_libra,229,0.5,0.49000000000000005,0.49833333333333324,0.52,0.5007272727272728,0.554,0.6276348532788161,5.2,5.4,4.6,4.8
svm,signo_zodiacal_libra,230,0.5,0.45999999999999996,0.4765811965811966,0.4,0.4161083869093023,0.48200000000000004,0.5524464228581876,4.0,4.8,5.2,6.0
svm,signo_zodiacal_libra,231,0.5,0.45999999999999996,0.4496031746031746,0.4,0.41944522625637176,0.5289999999999999,0.6166044135602958,4.0,4.8,5.2,6.0
svm,signo_zodiacal_libra,232,0.5,0.4600000000000001,0.46909090909090906,0.5199999999999999,0.4835612560813799,0.4600000000000001,0.5752762901013675,5.2,6.0,4.0,4.8
svm,signo_zodiacal_libra,233,0.5,0.43,0.4208333333333333,0.4,0.3986279802069276,0.3879999999999999,0.5096353395486523,4.0,5.4,4.6,6.0
svm,signo_zodiacal_libra,234,0.5,0.5700000000000001,0.5743589743589743,0.6599999999999999,0.6081027667984189,0.5640000000000001,0.6040716668951963,6.6,5.2,4.8,3.4
svm,signo_zodiacal_libra,235,0.5,0.35,0.3043134643134643,0.3,0.2958972879769757,0.3,0.4309880042558061,3.0,6.0,4.0,7.0
svm,signo_zodiacal_libra,236,0.5,0.55,0.5583333333333333,0.54,0.5444976076555024,0.58,0.6617831706477217,5.4,4.4,5.6,4.6
svm,signo_zodiacal_libra,237,0.5,0.45,0.45555555555555555,0.48,0.46252631578947356,0.399,0.49870272314544756,4.8,5.8,4.2,5.2
svm,signo_zodiacal_libra,238,0.5,0.5,0.4809046345811052,0.62,0.5292170792170792,0.538,0.5694896543085398,6.2,6.2,3.8,3.8
svm,signo_zodiacal_libra,239,0.5,0.5700000000000001,0.5726190476190476,0.52,0.5347742127153892,0.612,0.6192143097700372,5.2,3.8,6.2,4.8
svm,signo_zodiacal_libra,240,0.5,0.41,0.41002331002331005,0.38,0.3850414078674948,0.384,0.4508316781257958,3.8,5.6,4.4,6.2
svm,signo_zodiacal_libra,241,0.5,0.6,0.6161616161616161,0.54,0.5701754385964912,0.612,0.6848486774663244,5.4,3.4,6.6,4.6
svm,signo_zodiacal_libra,242,0.5,0.52,0.5215584415584416,0.56,0.5332085561497326,0.538,0.5978260613655351,5.6,5.2,4.8,4.4
svm,signo_zodiacal_libra,243,0.5,0.5399999999999999,0.4883823529411765,0.7,0.568067599067599,0.5880000000000001,0.6207541043407916,7.0,6.2,3.8,3.0
svm,signo_zodiacal_libra,244,0.5,0.5800000000000001,0.6386363636363637,0.5,0.551984126984127,0.582,0.6452252851207959,5.0,3.4,6.6,5.0
svm,signo_zodiacal_libra,245,0.5,0.53,0.5291763791763792,0.6,0.560260334631044,0.516,0.5626356215164264,6.0,5.4,4.6,4.0
svm,signo_zodiacal_libra,246,0.5,0.6,0.6111288711288712,0.5800000000000001,0.5861332359030569,0.666,0.7046626679993553,5.8,3.8,6.2,4.2
svm,signo_zodiacal_libra,247,0.5,0.5599999999999999,0.555952380952381,0.66,0.5978041282389108,0.614,0.6645775217214845,6.6,5.4,4.6,3.4
svm,signo_zodiacal_libra,248,0.5,0.35,0.3569264069264069,0.42000000000000004,0.3834054834054834,0.34,0.4605276108480442,4.2,7.2,2.8,5.8
svm,signo_zodiacal_libra,249,0.5,0.5600000000000002,0.5910256410256409,0.54,0.5432930151465621,0.5980000000000001,0.6628974642488574,5.4,4.2,5.8,4.6
svm,signo_zodiacal_libra,250,0.5,0.5,0.4924242424242424,0.36,0.3938692886061307,0.47400000000000003,0.5420772863187724,3.6,3.6,6.4,6.4
svm,signo_zodiacal_libra,251,0.5,0.45999999999999996,0.44761904761904764,0.5599999999999999,0.49477382520860774,0.47000000000000003,0.5323554788864386,5.6,6.4,3.6,4.4
svm,signo_zodiacal_libra,252,0.5,0.54,0.5604761904761905,0.38,0.44928104575163397,0.634,0.6620612828863602,3.8,3.0,7.0,6.2
svm,signo_zodiacal_libra,253,0.5,0.48,0.4864253393665159,0.64,0.5486239203630509,0.515,0.5575244020685197,6.4,6.8,3.2,3.6
svm,signo_zodiacal_libra,254,0.5,0.59,0.5974025974025974,0.5599999999999999,0.5684046345811051,0.581,0.6310147515882811,5.6,3.8,6.2,4.4
svm,signo_zodiacal_libra,255,0.5,0.53,0.5367521367521368,0.6,0.5590036965323006,0.546,0.6185100995495733,6.0,5.4,4.6,4.0
svm,signo_zodiacal_libra,256,0.5,0.45,0.44352092352092354,0.54,0.4824010025062657,0.46799999999999997,0.5674263796059462,5.4,6.4,3.6,4.6
svm,signo_zodiacal_libra,257,0.5,0.6,0.6106060606060606,0.5799999999999998,0.5658762290341237,0.5439999999999999,0.6078004099443727,5.8,3.8,6.2,4.2
svm,signo_zodiacal_libra,258,0.5,0.49000000000000005,0.4978571428571429,0.5199999999999999,0.4976470588235295,0.518,0.5983954862646813,5.2,5.4,4.6,4.8
svm,signo_zodiacal_libra,259,0.5,0.53,0.5288888888888889,0.4600000000000001,0.48809941520467837,0.51,0.5849117836927434,4.6,4.0,6.0,5.4
svm,signo_zodiacal_libra,260,0.5,0.43,0.40366300366300367,0.44000000000000006,0.4133747965589398,0.392,0.508782163313123,4.4,5.8,4.2,5.6
svm,signo_zodiacal_libra,261,0.5,0.52,0.5197979797979798,0.5800000000000001,0.542855320118478,0.534,0.5989556533937338,5.8,5.4,4.6,4.2
svm,signo_zodiacal_libra,262,0.5,0.6,0.6,0.5599999999999999,0.5777777777777778,0.6200000000000001,0.6297065126136333,5.6,3.6,6.4,4.4
svm,signo_zodiacal_libra,263,0.5,0.45,0.45626984126984127,0.54,0.48419736300850846,0.4699999999999999,0.5176445884696659,5.4,6.4,3.6,4.6
svm,signo_zodiacal_libra,264,0.5,0.4600000000000001,0.44603174603174606,0.34,0.3812693498452012,0.462,0.5237872731843319,3.4,4.2,5.8,6.6
svm,signo_zodiacal_libra,265,0.5,0.5700000000000001,0.574891774891775,0.5199999999999999,0.5432404540763673,0.584,0.6594426509163351,5.2,3.8,6.2,4.8
svm,signo_zodiacal_libra,266,0.5,0.6,0.5957575757575757,0.64,0.6151469583048529,0.6380000000000001,0.6939877612068014,6.4,4.4,5.6,3.6
svm,signo_zodiacal_libra,267,0.5,0.41,0.39912587412587414,0.41999999999999993,0.4059351276742581,0.336,0.4585765541647895,4.2,6.0,4.0,5.8
svm,signo_zodiacal_libra,268,0.5,0.39999999999999997,0.41349206349206347,0.27999999999999997,0.32472357363998233,0.40199999999999997,0.488749724132077,2.8,4.8,5.2,7.2
svm,signo_zodiacal_libra,269,0.5,0.45999999999999996,0.4526190476190476,0.3,0.33836007130124773,0.425,0.4953375133638291,3.0,3.8,6.2,7.0
svm,signo_zodiacal_libra,270,0.5,0.45999999999999996,0.4690909090909091,0.52,0.4882655122655123,0.41,0.5161842514210935,5.2,6.0,4.0,4.8
svm,signo_zodiacal_libra,271,0.5,0.53,0.5183177933177934,0.5599999999999999,0.5348786987230922,0.48999999999999994,0.5286070492115382,5.6,5.0,5.0,4.4
svm,signo_zodiacal_libra,272,0.5,0.49000000000000005,0.49526806526806527,0.54,0.514202106055653,0.414,0.49765357114505715,5.4,5.6,4.4,4.6
svm,signo_zodiacal_libra,273,0.5,0.55,0.5401190476190476,0.6599999999999999,0.5872015703594651,0.6060000000000001,0.6370664472266638,6.6,5.6,4.4,3.4
svm,signo_zodiacal_libra,274,0.5,0.4,0.36238095238095236,0.38,0.36112358882947115,0.394,0.5121656497097673,3.8,5.8,4.2,6.2
svm,signo_zodiacal_libra,275,0.5,0.45,0.4626373626373626,0.52,0.48493631971892837,0.42800000000000005,0.5559111748244875,5.2,6.2,3.8,4.8
svm,signo_zodiacal_libra,276,0.5,0.54,0.5700000000000001,0.54,0.5204578754578755,0.57,0.6004870962370962,5.4,4.6,5.4,4.6
svm,signo_zodiacal_libra,277,0.5,0.54,0.5361616161616161,0.38,0.4283130904183535,0.58,0.5786921683407751,3.8,3.0,7.0,6.2
svm,signo_zodiacal_libra,278,0.5,0.45999999999999996,0.47416666666666674,0.39999999999999997,0.4147390913180387,0.42800000000000005,0.5307229937245417,4.0,4.8,5.2,6.0
svm,signo_zodiacal_libra,279,0.5,0.53,0.5305555555555556,0.56,0.5345601766654398,0.5680000000000001,0.6405955423145826,5.6,5.0,5.0,4.4
svm,signo_zodiacal_libra,280,0.5,0.62,0.6722222222222222,0.5,0.5593984962406016,0.5980000000000001,0.6623993959257117,5.0,2.6,7.4,5.0
svm,signo_zodiacal_libra,281,0.5,0.5,0.4901165501165501,0.5399999999999999,0.5013581780538303,0.47400000000000003,0.5299589201648025,5.4,5.4,4.6,4.6
svm,signo_zodiacal_libra,282,0.5,0.52,0.5035714285714286,0.62,0.5518445322793148,0.524,0.5678705430276637,6.2,5.8,4.2,3.8
svm,signo_zodiacal_libra,283,0.5,0.47000000000000003,0.4788131313131313,0.6199999999999999,0.5348552149604782,0.45,0.5051060324264659,6.2,6.8,3.2,3.8
svm,signo_zodiacal_libra,284,0.5,0.5700000000000001,0.586038961038961,0.54,0.5573295985060691,0.6040000000000001,0.6244192353913717,5.4,4.0,6.0,4.6
svm,signo_zodiacal_libra,285,0.5,0.48,0.48181818181818176,0.62,0.5404761904761906,0.4680000000000001,0.5117642933262128,6.2,6.6,3.4,3.8
svm,signo_zodiacal_libra,286,0.5,0.48999999999999994,0.38349206349206344,0.38,0.37526315789473685,0.438,0.5048201716584069,3.8,4.0,6.0,6.2
svm,signo_zodiacal_libra,287,0.5,0.55,0.5590476190476191,0.45999999999999996,0.49690402476780193,0.562,0.5451449183771165,4.6,3.6,6.4,5.4
svm,signo_zodiacal_libra,288,0.5,0.44000000000000006,0.4241558441558442,0.36,0.3797911892029539,0.47000000000000003,0.5161490447976516,3.6,4.8,5.2,6.4
svm,signo_zodiacal_libra,289,0.5,0.45999999999999996,0.417979797979798,0.34,0.3673851294903926,0.384,0.49063432422410747,3.4,4.2,5.8,6.6
svm,signo_zodiacal_libra,290,0.5,0.52,0.5161616161616162,0.45999999999999996,0.4726665147717779,0.5159999999999999,0.5798166200844219,4.6,4.2,5.8,5.4
svm,signo_zodiacal_libra,291,0.5,0.5700000000000001,0.5761904761904761,0.6,0.5777480689245396,0.5409999999999999,0.5861114157600226,6.0,4.6,5.4,4.0
svm,signo_zodiacal_libra,292,0.5,0.55,0.5397435897435898,0.62,0.573473869126043,0.6219999999999999,0.6551268617003909,6.2,5.2,4.8,3.8
svm,signo_zodiacal_libra,293,0.5,0.45,0.4492857142857143,0.44000000000000006,0.4374509803921568,0.44600000000000006,0.5489755914020619,4.4,5.4,4.6,5.6
svm,signo_zodiacal_libra,294,0.5,0.5,0.4992156862745098,0.62,0.5453333333333333,0.48600000000000004,0.5451413381939697,6.2,6.2,3.8,3.8
svm,signo_zodiacal_libra,295,0.5,0.45999999999999996,0.46119658119658113,0.48,0.466538150382544,0.496,0.5774911673294026,4.8,5.6,4.4,5.2
svm,signo_zodiacal_libra,296,0.5,0.38999999999999996,0.3935897435897436,0.45999999999999996,0.41725955204216075,0.35200000000000004,0.5008724727285099,4.6,6.8,3.2,5.4
svm,signo_zodiacal_libra,297,0.5,0.45,0.44940476190476186,0.47999999999999987,0.4516551559895213,0.47400000000000003,0.5317451806879051,4.8,5.8,4.2,5.2
svm,signo_zodiacal_libra,298,0.5,0.55,0.6142857142857143,0.44000000000000006,0.4972922502334267,0.5360000000000001,0.6212428580191738,4.4,3.4,6.6,5.6
svm,signo_zodiacal_libra,299,0.5,0.54,0.5457575757575757,0.6599999999999999,0.5942251082251082,0.492,0.5740044024602847,6.6,5.8,4.2,3.4
svm,signo_zodiacal_libra,300,0.5,0.39,0.3797802197802198,0.36,0.36460358056265985,0.378,0.4796004642931887,3.6,5.8,4.2,6.4
svm,signo_zodiacal_libra,301,0.5,0.54,0.520576923076923,0.56,0.5220364176885915,0.562,0.625758148714031,5.6,4.8,5.2,4.4
svm,signo_zodiacal_libra,302,0.5,0.5800000000000001,0.5793206793206793,0.58,0.5730686477489547,0.6340000000000001,0.6732739810928664,5.8,4.2,5.8,4.2
svm,signo_zodiacal_libra,303,0.5,0.5,0.49865689865689866,0.41999999999999993,0.44784627809934047,0.4709999999999999,0.5173238977225045,4.2,4.2,5.8,5.8
svm,signo_zodiacal_libra,304,0.5,0.44000000000000006,0.4409523809523809,0.38,0.4067492260061919,0.462,0.5571202969716901,3.8,5.0,5.0,6.2
svm,signo_zodiacal_libra,305,0.5,0.39,0.3853030303030303,0.38,0.3812531328320802,0.39,0.4709539147642863,3.8,6.0,4.0,6.2
svm,signo_zodiacal_libra,306,0.5,0.6200000000000001,0.6994444444444445,0.42000000000000004,0.5090238416554206,0.5810000000000001,0.6462626448199202,4.2,1.8,8.2,5.8
svm,signo_zodiacal_libra,307,0.5,0.5599999999999999,0.5679076479076479,0.52,0.5394014447884417,0.586,0.6141846558154607,5.2,4.0,6.0,4.8
svm,signo_zodiacal_libra,308,0.5,0.56,0.5867521367521368,0.5,0.5318332062039156,0.568,0.6203225467343115,5.0,3.8,6.2,5.0
svm,signo_zodiacal_libra,309,0.5,0.5,0.4882600732600732,0.54,0.5075057208237986,0.514,0.5842044538708625,5.4,5.4,4.6,4.6
svm,signo_zodiacal_libra,310,0.5,0.43999999999999995,0.4896503496503497,0.5399999999999999,0.4888905876731964,0.404,0.5326534062772452,5.4,6.6,3.4,4.6
svm,signo_zodiacal_libra,311,0.5,0.5200000000000001,0.5139476210064445,0.74,0.6030437967829272,0.588,0.6350991214667683,7.4,7.0,3.0,2.6
svm,signo_zodiacal_libra,312,0.5,0.62,0.6181852461264226,0.7000000000000001,0.645800491567082,0.662,0.6778759029068626,7.0,4.6,5.4,3.0
svm,signo_zodiacal_libra,313,0.5,0.51,0.5107142857142857,0.43999999999999995,0.4645276292335116,0.466,0.5504645730086906,4.4,4.2,5.8,5.6
svm,signo_zodiacal_libra,314,0.5,0.52,0.5149814890991362,0.7,0.5862525879917184,0.512,0.5949337235691725,7.0,6.6,3.4,3.0
svm,signo_zodiacal_libra,315,0.5,0.52,0.5128871128871129,0.64,0.5684923771880294,0.506,0.5754371918930742,6.4,6.0,4.0,3.6
svm,signo_zodiacal_libra,316,0.5,0.48,0.4911655011655012,0.54,0.4971037078863166,0.552,0.6304544344544345,5.4,5.8,4.2,4.6
svm,signo_zodiacal_libra,317,0.5,0.4800000000000001,0.46317460317460324,0.42000000000000004,0.4210974041438438,0.40199999999999997,0.5070791739220532,4.2,4.6,5.4,5.8
svm,signo_zodiacal_libra,318,0.5,0.43,0.3903596403596404,0.36000000000000004,0.36410506231478096,0.39599999999999996,0.45805130877034905,3.6,5.0,5.0,6.4
svm,signo_zodiacal_libra,319,0.5,0.4800000000000001,0.4825396825396826,0.48,0.4758513931888545,0.492,0.5839955424692267,4.8,5.2,4.8,5.2
svm,signo_zodiacal_libra,320,0.5,0.4999999999999999,0.49545787545787545,0.5399999999999999,0.5115368518949082,0.522,0.5717527733704204,5.4,5.4,4.6,4.6
svm,signo_zodiacal_libra,321,0.5,0.45,0.4323076923076924,0.4,0.4032632965813744,0.504,0.5779718151645395,4.0,5.0,5.0,6.0
svm,signo_zodiacal_libra,322,0.5,0.49000000000000005,0.49325396825396817,0.38,0.42659098727210176,0.47800000000000004,0.5617782968665321,3.8,4.0,6.0,6.2
svm,signo_zodiacal_libra,323,0.5,0.56,0.62,0.4800000000000001,0.5183766233766234,0.562,0.6302584149596533,4.8,3.6,6.4,5.2
svm,signo_zodiacal_libra,324,0.5,0.51,0.5413553113553113,0.5599999999999999,0.5366205533596837,0.45600000000000007,0.5548938118984559,5.6,5.4,4.6,4.4
svm,signo_zodiacal_libra,325,0.5,0.58,0.5697474747474749,0.5800000000000001,0.5498412698412698,0.5740000000000001,0.5886819650937298,5.8,4.2,5.8,4.2
svm,signo_zodiacal_libra,326,0.5,0.43999999999999995,0.4326984126984127,0.44000000000000006,0.433087531663383,0.446,0.5305840733913489,4.4,5.6,4.4,5.6
svm,signo_zodiacal_libra,327,0.5,0.45,0.4675976800976801,0.54,0.48964366947271787,0.44000000000000006,0.5553843476784653,5.4,6.4,3.6,4.6
svm,signo_zodiacal_libra,328,0.5,0.47000000000000003,0.4525757575757575,0.30000000000000004,0.3476739926739926,0.476,0.5335198325066746,3.0,3.6,6.4,7.0
svm,signo_zodiacal_libra,329,0.5,0.61,0.5778138528138528,0.74,0.6445387945387945,0.654,0.6662875251683301,7.4,5.2,4.8,2.6
svm,signo_zodiacal_libra,330,0.5,0.42000000000000004,0.4125757575757576,0.38,0.38290476190476186,0.49400000000000005,0.5704285714285714,3.8,5.4,4.6,6.2
svm,signo_zodiacal_libra,331,0.5,0.51,0.4804473304473305,0.42000000000000004,0.4402329352793749,0.42800000000000005,0.5234976896168846,4.2,4.0,6.0,5.8
svm,signo_zodiacal_libra,332,0.5,0.49000000000000005,0.48507936507936505,0.36000000000000004,0.4081733746130031,0.52,0.5682438693057887,3.6,3.8,6.2,6.4
svm,signo_zodiacal_libra,333,0.5,0.45,0.4440476190476191,0.38,0.40316399286987525,0.4779999999999999,0.5698002667267372,3.8,4.8,5.2,6.2
svm,signo_zodiacal_libra,334,0.5,0.4600000000000001,0.4397504456327986,0.5800000000000001,0.4906084656084656,0.484,0.5581807081807082,5.8,6.6,3.4,4.2
svm,signo_zodiacal_libra,335,0.5,0.5700000000000001,0.5600757575757576,0.6599999999999999,0.600972360972361,0.6020000000000001,0.6482917915417916,6.6,5.2,4.8,3.4
svm,signo_zodiacal_libra,336,0.5,0.63,0.7184126984126984,0.5,0.5662120610727422,0.64,0.6931578390649598,5.0,2.4,7.6,5.0
svm,signo_zodiacal_libra,337,0.5,0.53,0.5222222222222223,0.5199999999999999,0.5185539606592238,0.532,0.6032149506839909,5.2,4.6,5.4,4.8
svm,signo_zodiacal_libra,338,0.5,0.5000000000000001,0.4969590643274854,0.5,0.4768864690461786,0.43600000000000005,0.5032650148269343,5.0,5.0,5.0,5.0
svm,signo_zodiacal_libra,339,0.5,0.43999999999999995,0.4458333333333333,0.5599999999999999,0.493006993006993,0.386,0.4668475947856753,5.6,6.8,3.2,4.4
svm,signo_zodiacal_libra,340,0.5,0.5,0.49848484848484853,0.54,0.5177489177489177,0.51,0.6158992869875222,5.4,5.4,4.6,4.6
svm,signo_zodiacal_libra,341,0.5,0.53,0.5290909090909091,0.52,0.5237593984962405,0.508,0.5663219733482892,5.2,4.6,5.4,4.8
svm,signo_zodiacal_libra,342,0.5,0.43,0.4389661319073084,0.54,0.4798172198172198,0.39799999999999996,0.47754281726185754,5.4,6.8,3.2,4.6
svm,signo_zodiacal_libra,343,0.5,0.54,0.5366666666666667,0.4600000000000001,0.4694949494949495,0.536,0.5866213231213232,4.6,3.8,6.2,5.4
svm,signo_zodiacal_libra,344,0.5,0.56,0.5606060606060607,0.6399999999999999,0.5944242424242424,0.584,0.6212675559734382,6.4,5.2,4.8,3.6
svm,signo_zodiacal_libra,345,0.5,0.42000000000000004,0.4191142191142191,0.44000000000000006,0.4254093732354602,0.396,0.494106247124049,4.4,6.0,4.0,5.6
svm,signo_zodiacal_libra,346,0.5,0.32,0.34064353946706893,0.44000000000000006,0.3797220103398593,0.354,0.5177584848072463,4.4,8.0,2.0,5.6
svm,signo_zodiacal_libra,347,0.5,0.53,0.5398773448773448,0.48,0.5048149786230282,0.554,0.6311885238944062,4.8,4.2,5.8,5.2
svm,signo_zodiacal_libra,348,0.5,0.52,0.5213986013986014,0.56,0.5386335403726707,0.512,0.579247186851676,5.6,5.2,4.8,4.4
svm,signo_zodiacal_libra,349,0.5,0.6300000000000001,0.7685714285714285,0.44000000000000006,0.5348287007110536,0.6040000000000001,0.6917321197893953,4.4,1.8,8.2,5.6
svm,signo_zodiacal_libra,350,0.5,0.37,0.3695238095238095,0.38,0.36039215686274506,0.33399999999999996,0.4611569939348577,3.8,6.4,3.6,6.2
svm,signo_zodiacal_libra,351,0.5,0.53,0.5230769230769232,0.56,0.537695028084044,0.546,0.6320581732508976,5.6,5.0,5.0,4.4
svm,signo_zodiacal_libra,352,0.5,0.5700000000000001,0.558939393939394,0.5799999999999998,0.5672727272727273,0.5980000000000001,0.6193349515981095,5.8,4.4,5.6,4.2
svm,signo_zodiacal_libra,353,0.5,0.44000000000000006,0.45384615384615384,0.54,0.492094861660079,0.43000000000000005,0.5044441118736784,5.4,6.6,3.4,4.6
svm,signo_zodiacal_libra,354,0.5,0.5800000000000001,0.5666161616161616,0.52,0.5343692564745195,0.5959999999999999,0.6518611670407336,5.2,3.6,6.4,4.8
svm,signo_zodiacal_libra,355,0.5,0.48999999999999994,0.518021978021978,0.45999999999999996,0.4706936371386499,0.466,0.540036565773408,4.6,4.8,5.2,5.4
svm,signo_zodiacal_libra,356,0.5,0.54,0.5658791208791208,0.43999999999999995,0.4836942313157146,0.5640000000000001,0.6050472660294641,4.4,3.6,6.4,5.6
svm,signo_zodiacal_libra,357,0.5,0.5000000000000001,0.5137484737484738,0.5800000000000001,0.5413105887247763,0.48200000000000004,0.5456797287679641,5.8,5.8,4.2,4.2
svm,signo_zodiacal_libra,358,0.5,0.48999999999999994,0.4811111111111111,0.5399999999999999,0.5036937799043062,0.51,0.5877309065203802,5.4,5.6,4.4,4.6
svm,signo_zodiacal_libra,359,0.5,0.5399999999999999,0.5491774891774891,0.5199999999999999,0.5224575163398693,0.538,0.5992556136673783,5.2,4.4,5.6,4.8
svm,signo_zodiacal_libra,360,0.5,0.61,0.5966017316017316,0.7,0.6367301587301587,0.658,0.6909413060279933,7.0,4.8,5.2,3.0
svm,signo_zodiacal_libra,361,0.5,0.38999999999999996,0.29331501831501827,0.32,0.302053785941254,0.386,0.48168129196225173,3.2,5.4,4.6,6.8
svm,signo_zodiacal_libra,362,0.5,0.51,0.509041889483066,0.74,0.599932437932438,0.43,0.49197932683072,7.4,7.2,2.8,2.6
svm,signo_zodiacal_libra,363,0.5,0.54,0.5452020202020202,0.45999999999999996,0.4953658656445034,0.626,0.6836257147565197,4.6,3.8,6.2,5.4
svm,signo_zodiacal_libra,364,0.5,0.5,0.5042857142857142,0.5599999999999999,0.5185822935234701,0.438,0.5084641751437416,5.6,5.6,4.4,4.4
svm,signo_zodiacal_libra,365,0.5,0.5,0.4892857142857142,0.4,0.4218487394957983,0.48,0.5549264167205343,4.0,4.0,6.0,6.0
svm,signo_zodiacal_libra,366,0.5,0.45,0.4546309246309247,0.4999999999999999,0.4740265683972777,0.422,0.5262369699444003,5.0,6.0,4.0,5.0
svm,signo_zodiacal_libra,367,0.5,0.45999999999999996,0.4632167832167832,0.5,0.4775657193048497,0.4109999999999999,0.469909343322656,5.0,5.8,4.2,5.0
svm,signo_zodiacal_libra,368,0.5,0.4800000000000001,0.4793939393939394,0.6,0.5264126984126984,0.41,0.4910157261039614,6.0,6.4,3.6,4.0
svm,signo_zodiacal_libra,369,0.5,0.39,0.4,0.42000000000000004,0.4095238095238095,0.394,0.4905099443040619,4.2,6.4,3.6,5.8
svm,signo_zodiacal_libra,370,0.5,0.6199999999999999,0.6826190476190475,0.52,0.5805822935234699,0.674,0.6751494040874847,5.2,2.8,7.2,4.8
svm,signo_zodiacal_libra,371,0.5,0.49000000000000005,0.48015873015873023,0.44000000000000006,0.45517090408731276,0.49800000000000005,0.5258153039770688,4.4,4.6,5.4,5.6
svm,signo_zodiacal_libra,372,0.5,0.54,0.5383644133644133,0.58,0.5530856125821801,0.61,0.6389452661201886,5.8,5.0,5.0,4.2
svm,signo_zodiacal_libra,373,0.5,0.4,0.41505050505050506,0.4800000000000001,0.44150558213716107,0.41600000000000004,0.5395888576507771,4.8,6.8,3.2,5.2
svm,signo_zodiacal_libra,374,0.5,0.38,0.3244206773618538,0.4,0.35310498468393203,0.33799999999999997,0.4294404588359696,4.0,6.4,3.6,6.0
svm,signo_zodiacal_libra,375,0.5,0.4699999999999999,0.4975324675324675,0.4,0.42677871148459373,0.476,0.5753513147499215,4.0,4.6,5.4,6.0
svm,signo_zodiacal_libra,376,0.5,0.52,0.5093706293706294,0.5399999999999999,0.520648723257419,0.5740000000000001,0.6352853061970709,5.4,5.0,5.0,4.6
svm,signo_zodiacal_libra,377,0.5,0.5800000000000001,0.6146464646464647,0.52,0.5473684210526315,0.55,0.5686732238349885,5.2,3.6,6.4,4.8
svm,signo_zodiacal_libra,378,0.5,0.38,0.34305555555555556,0.33999999999999997,0.33006072874493925,0.42400000000000004,0.5110344193989705,3.4,5.8,4.2,6.6
svm,signo_zodiacal_libra,379,0.5,0.51,0.5333333333333333,0.36,0.42388888888888887,0.4459999999999999,0.5262271735832107,3.6,3.4,6.6,6.4
svm,signo_zodiacal_libra,380,0.5,0.41,0.41692307692307695,0.5,0.45304347826086955,0.39,0.5045608980802478,5.0,6.8,3.2,5.0
svm,signo_zodiacal_libra,381,0.5,0.55,0.583974358974359,0.54,0.5499827467218772,0.5330000000000001,0.613289764758805,5.4,4.4,5.6,4.6
svm,signo_zodiacal_libra,382,0.5,0.45999999999999996,0.45681818181818185,0.48,0.4662337662337662,0.42000000000000004,0.540416057626584,4.8,5.6,4.4,5.2
svm,signo_zodiacal_libra,383,0.5,0.49000000000000005,0.48939393939393944,0.5199999999999999,0.5014430014430015,0.544,0.5734855591604816,5.2,5.4,4.6,4.8
svm,signo_zodiacal_libra,384,0.5,0.44000000000000006,0.4432900432900433,0.4,0.41633138103726336,0.47400000000000003,0.5922336542026944,4.0,5.2,4.8,6.0
svm,signo_zodiacal_libra,385,0.5,0.58,0.5517857142857142,0.78,0.6423076923076924,0.576,0.5602716162406566,7.8,6.2,3.8,2.2
svm,signo_zodiacal_libra,386,0.5,0.43,0.44722222222222224,0.52,0.4765182186234818,0.34199999999999997,0.4427208841210389,5.2,6.6,3.4,4.8
svm,signo_zodiacal_libra,387,0.5,0.47000000000000003,0.4641691641691642,0.5800000000000001,0.5127438160618939,0.542,0.6459060559323716,5.8,6.4,3.6,4.2
svm,signo_zodiacal_libra,388,0.5,0.5399999999999999,0.5368253968253968,0.45999999999999996,0.4936291709666323,0.5359999999999999,0.6153101220245183,4.6,3.8,6.2,5.4
svm,signo_zodiacal_libra,389,0.5,0.47000000000000003,0.4612698412698412,0.4,0.4155263157894737,0.514,0.6066930363238412,4.0,4.6,5.4,6.0
svm,signo_zodiacal_libra,390,0.5,0.51,0.5054545454545455,0.5599999999999999,0.5305627705627705,0.4760000000000001,0.550419647775685,5.6,5.4,4.6,4.4
svm,signo_zodiacal_libra,391,0.5,0.58,0.6083333333333334,0.48,0.5058080808080808,0.6380000000000001,0.6637324978942626,4.8,3.2,6.8,5.2
svm,signo_zodiacal_libra,392,0.5,0.53,0.5377272727272727,0.4600000000000001,0.4911904761904761,0.524,0.6077304758365129,4.6,4.0,6.0,5.4
svm,signo_zodiacal_libra,393,0.5,0.63,0.6777922077922078,0.56,0.5945098039215686,0.634,0.6706642317950366,5.6,3.0,7.0,4.4
svm,signo_zodiacal_libra,394,0.5,0.58,0.5657342657342657,0.6199999999999999,0.5898550724637681,0.5900000000000001,0.639834073820916,6.2,4.6,5.4,3.8
svm,signo_zodiacal_libra,395,0.5,0.54,0.5565079365079365,0.45999999999999996,0.49373487193920634,0.5509999999999999,0.6191939255275167,4.6,3.8,6.2,5.4
svm,signo_zodiacal_libra,396,0.5,0.42000000000000004,0.4115909090909091,0.54,0.46310933510933516,0.362,0.4589066662611554,5.4,7.0,3.0,4.6
svm,signo_zodiacal_libra,397,0.5,0.5,0.5033333333333333,0.4,0.4348511430090377,0.512,0.5782668328403622,4.0,4.0,6.0,6.0
svm,signo_zodiacal_libra,398,0.5,0.5,0.502020202020202,0.5,0.4936830713146502,0.44400000000000006,0.5294565542816316,5.0,5.0,5.0,5.0
svm,signo_zodiacal_libra,399,0.5,0.53,0.5272727272727272,0.4,0.44803921568627453,0.554,0.6053376133670251,4.0,3.4,6.6,6.0
svm,signo_zodiacal_libra,400,0.5,0.48,0.4609523809523809,0.32,0.3687757667169432,0.5,0.5401059757236227,3.2,3.6,6.4,6.8
svm,signo_zodiacal_libra,401,0.5,0.51,0.5466233766233766,0.45999999999999996,0.4860224089635854,0.53,0.6119792717602315,4.6,4.4,5.6,5.4
svm,signo_zodiacal_libra,402,0.5,0.5,0.49520202020202025,0.38,0.40843776106934,0.466,0.542285270886664,3.8,3.8,6.2,6.2
svm,signo_zodiacal_libra,403,0.5,0.6100000000000001,0.6294155844155844,0.5399999999999999,0.5762091503267974,0.578,0.6681255790992633,5.4,3.2,6.8,4.6
svm,signo_zodiacal_libra,404,0.5,0.4600000000000001,0.4420129870129871,0.4,0.4045238095238095,0.4720000000000001,0.5447168083034956,4.0,4.8,5.2,6.0
svm,signo_zodiacal_libra,405,0.5,0.44000000000000006,0.44988344988344986,0.44000000000000006,0.42945605119518165,0.41400000000000003,0.5040669063478661,4.4,5.6,4.4,5.6
svm,signo_zodiacal_libra,406,0.5,0.6,0.6034188034188034,0.6399999999999999,0.6156715900422994,0.6859999999999999,0.7352645132645131,6.4,4.4,5.6,3.6
svm,signo_zodiacal_libra,407,0.5,0.43999999999999995,0.39485181485181486,0.36000000000000004,0.36424247960053585,0.4,0.4756787478946921,3.6,4.8,5.2,6.4
svm,signo_zodiacal_libra,408,0.5,0.5,0.4965476190476191,0.6199999999999999,0.5426441793500618,0.518,0.5526287574654447,6.2,6.2,3.8,3.8
svm,signo_zodiacal_libra,409,0.5,0.56,0.548014208014208,0.5599999999999999,0.5485636085097655,0.5599999999999999,0.5833211053652231,5.6,4.4,5.6,4.4
svm,signo_zodiacal_libra,410,0.5,0.6599999999999999,0.646060606060606,0.72,0.6802597402597402,0.6759999999999999,0.6963902943461766,7.2,4.0,6.0,2.8
svm,signo_zodiacal_libra,411,0.5,0.5700000000000001,0.6033766233766233,0.48,0.5239589169000934,0.5399999999999999,0.6214521209784366,4.8,3.4,6.6,5.2
svm,signo_zodiacal_libra,412,0.5,0.41000000000000003,0.4070818070818071,0.44000000000000006,0.417831838372961,0.39,0.4910117182439164,4.4,6.2,3.8,5.6
svm,signo_zodiacal_libra,413,0.5,0.38999999999999996,0.37309523809523804,0.3,0.3310010319917441,0.34400000000000003,0.4804550378242329,3.0,5.2,4.8,7.0
svm,signo_zodiacal_libra,414,0.5,0.47000000000000003,0.47494949494949495,0.5199999999999999,0.4924010025062657,0.442,0.5596527484383521,5.2,5.8,4.2,4.8
svm,signo_zodiacal_libra,415,0.5,0.41,0.4136363636363637,0.45999999999999996,0.4345864661654136,0.488,0.5907772227772228,4.6,6.4,3.6,5.4
svm,signo_zodiacal_libra,416,0.5,0.45,0.43699633699633705,0.4600000000000001,0.43837479655893985,0.43199999999999994,0.5035845985799546,4.6,5.6,4.4,5.4
svm,signo_zodiacal_libra,417,0.5,0.54,0.5635281385281384,0.4,0.457609710550887,0.46399999999999997,0.5033926896117299,4.0,3.2,6.8,6.0
svm,signo_zodiacal_libra,418,0.5,0.53,0.5511904761904762,0.38,0.44145658263305326,0.558,0.6006837617147214,3.8,3.2,6.8,6.2
svm,signo_zodiacal_libra,419,0.5,0.55,0.5540909090909091,0.4600000000000001,0.4914285714285714,0.592,0.6386228289254604,4.6,3.6,6.4,5.4
svm,signo_zodiacal_libra,420,0.5,0.44000000000000006,0.4736904761904762,0.5599999999999999,0.5009757301522008,0.446,0.5474585620777571,5.6,6.8,3.2,4.4
svm,signo_zodiacal_libra,421,0.5,0.42000000000000004,0.4016233766233766,0.34,0.36582633053221286,0.42600000000000005,0.5487034940463733,3.4,5.0,5.0,6.6
svm,signo_zodiacal_libra,422,0.5,0.5,0.5098051948051948,0.36,0.4115406162464986,0.512,0.5674376985243857,3.6,3.6,6.4,6.4
svm,signo_zodiacal_libra,423,0.5,0.55,0.5608441558441559,0.48,0.5126797385620915,0.5680000000000001,0.6389612605316939,4.8,3.8,6.2,5.2
svm,signo_zodiacal_libra,424,0.5,0.54,0.5660606060606062,0.38,0.43994216310005785,0.611,0.6317851566218439,3.8,3.0,7.0,6.2
svm,signo_zodiacal_libra,425,0.5,0.53,0.5222222222222223,0.5599999999999999,0.5345263157894736,0.576,0.6427393335938227,5.6,5.0,5.0,4.4
svm,signo_zodiacal_libra,426,0.5,0.5599999999999999,0.6461038961038961,0.44000000000000006,0.503641456582633,0.5740000000000001,0.6037630321175212,4.4,3.2,6.8,5.6
svm,signo_zodiacal_libra,427,0.5,0.54,0.5293706293706294,0.58,0.55175983436853,0.598,0.6315193570619269,5.8,5.0,5.0,4.2
svm,signo_zodiacal_libra,428,0.5,0.45999999999999996,0.47242424242424247,0.56,0.5067503607503607,0.4720000000000001,0.5403240740167984,5.6,6.4,3.6,4.4
svm,signo_zodiacal_libra,429,0.5,0.51,0.5066161616161616,0.5599999999999999,0.5246030227082858,0.542,0.6044378568627795,5.6,5.4,4.6,4.4
svm,signo_zodiacal_libra,430,0.5,0.47000000000000003,0.4749299719887955,0.6599999999999999,0.5473193473193473,0.41600000000000004,0.48387036003212475,6.6,7.2,2.8,3.4
svm,signo_zodiacal_libra,431,0.5,0.56,0.5557142857142857,0.5599999999999999,0.5444973262032086,0.548,0.5645990104666575,5.6,4.4,5.6,4.4
svm,signo_zodiacal_libra,432,0.5,0.51,0.5145299145299146,0.52,0.5148741418764302,0.538,0.5915402740534319,5.2,5.0,5.0,4.8
svm,signo_zodiacal_libra,433,0.5,0.54,0.5605194805194805,0.5,0.5243510737628384,0.55,0.6272073934837092,5.0,4.2,5.8,5.0
svm,signo_zodiacal_libra,434,0.5,0.51,0.5107142857142857,0.4,0.4455882352941177,0.493,0.5088890717126012,4.0,3.8,6.2,6.0
svm,signo_zodiacal_libra,435,0.5,0.5,0.518065268065268,0.52,0.5095426312817618,0.542,0.6110458975149378,5.2,5.2,4.8,4.8
svm,signo_zodiacal_libra,436,0.5,0.53,0.5444444444444445,0.48,0.5072833599149389,0.52,0.5897931512931514,4.8,4.2,5.8,5.2
svm,signo_zodiacal_libra,437,0.5,0.51,0.5317460317460317,0.4,0.4507464740282078,0.53,0.6078879906643064,4.0,3.8,6.2,6.0
svm,signo_zodiacal_libra,438,0.5,0.55,0.5316239316239317,0.5399999999999999,0.5318077803203661,0.534,0.6043622313359156,5.4,4.4,5.6,4.6
svm,signo_zodiacal_libra,439,0.5,0.5,0.4916666666666666,0.36,0.40772765246449455,0.48600000000000004,0.5533863826232247,3.6,3.6,6.4,6.4
svm,signo_zodiacal_libra,440,0.5,0.5,0.4981313131313131,0.5,0.49601427811954124,0.48600000000000004,0.5851854344485922,5.0,5.0,5.0,5.0
svm,signo_zodiacal_libra,441,0.5,0.30999999999999994,0.26676656676656674,0.32,0.28893429225237,0.268,0.43739087529257803,3.2,7.0,3.0,6.8
svm,signo_zodiacal_libra,442,0.5,0.51,0.48761904761904756,0.5200000000000001,0.4891111111111111,0.476,0.5384458494721652,5.2,5.0,5.0,4.8
svm,signo_zodiacal_libra,443,0.5,0.5,0.5051948051948052,0.48,0.4873355402767167,0.5279999999999999,0.5513557216777032,4.8,4.8,5.2,5.2
svm,signo_zodiacal_libra,444,0.5,0.44000000000000006,0.42333333333333323,0.36,0.37757575757575756,0.426,0.5130271189079239,3.6,4.8,5.2,6.4
svm,signo_zodiacal_libra,445,0.5,0.45999999999999996,0.46893106893106895,0.4600000000000001,0.4495859213250518,0.44000000000000006,0.4981048365119573,4.6,5.4,4.6,5.4
svm,signo_zodiacal_libra,446,0.5,0.4,0.40900432900432904,0.44000000000000006,0.4217293233082707,0.422,0.49676741722329953,4.4,6.4,3.6,5.6
svm,signo_zodiacal_libra,447,0.5,0.45,0.42333333333333334,0.41999999999999993,0.4175757575757575,0.496,0.5980052263697775,4.2,5.2,4.8,5.8
svm,signo_zodiacal_libra,448,0.5,0.53,0.5398051948051947,0.5399999999999999,0.5342857142857144,0.578,0.6162735391543441,5.4,4.8,5.2,4.6
svm,signo_zodiacal_libra,449,0.5,0.45,0.4325,0.48,0.4479352226720648,0.44399999999999995,0.5547151382329402,4.8,5.8,4.2,5.2
svm,signo_zodiacal_libra,450,0.5,0.48,0.48383838383838385,0.4,0.43504840532704303,0.45600000000000007,0.5360832315259559,4.0,4.4,5.6,6.0
svm,signo_zodiacal_libra,451,0.5,0.38,0.37445054945054945,0.4,0.3817096799193985,0.41000000000000003,0.5158073582763986,4.0,6.4,3.6,6.0
svm,signo_zodiacal_libra,452,0.5,0.55,0.5330036630036631,0.72,0.6117206851119895,0.536,0.5869955518337872,7.2,6.2,3.8,2.8
svm,signo_zodiacal_libra,453,0.5,0.48,0.4876456876456877,0.58,0.5290419725202333,0.52,0.5989173028553832,5.8,6.2,3.8,4.2
svm,signo_zodiacal_libra,454,0.5,0.5199999999999999,0.5476190476190476,0.32,0.39454499748617394,0.536,0.6153890449935341,3.2,2.8,7.2,6.8
svm,signo_zodiacal_libra,455,0.5,0.5199999999999999,0.5047313797313797,0.58,0.5346716593856182,0.546,0.6337030398222349,5.8,5.4,4.6,4.2
svm,signo_zodiacal_libra,456,0.5,0.45999999999999996,0.4370129870129871,0.27999999999999997,0.3310224089635854,0.46799999999999997,0.5336851379614538,2.8,3.6,6.4,7.2
svm,signo_zodiacal_libra,457,0.5,0.6199999999999999,0.6699999999999999,0.4600000000000001,0.5396491228070175,0.6340000000000001,0.6738075437634261,4.6,2.2,7.8,5.4
svm,signo_zodiacal_libra,458,0.5,0.5,0.5542857142857143,0.31999999999999995,0.3967366946778711,0.5559999999999999,0.6065966239642709,3.2,3.2,6.8,6.8
svm,signo_zodiacal_libra,459,0.5,0.49000000000000005,0.47939542483660136,0.62,0.525473984105563,0.48,0.5502267917840673,6.2,6.4,3.6,3.8
svm,signo_zodiacal_libra,460,0.5,0.5,0.4990981240981241,0.52,0.5052631578947369,0.534,0.5892469460364198,5.2,5.2,4.8,4.8
svm,signo_zodiacal_libra,461,0.5,0.51,0.5174708624708625,0.6,0.5497047493569232,0.55,0.6150141433214188,6.0,5.8,4.2,4.0
svm,signo_zodiacal_libra,462,0.5,0.5,0.5192857142857144,0.54,0.5131945701357467,0.512,0.5690598470157294,5.4,5.4,4.6,4.6
svm,signo_zodiacal_libra,463,0.5,0.5599999999999999,0.5433766233766233,0.7,0.6098008658008658,0.5440000000000002,0.5636926200734251,7.0,5.8,4.2,3.0
svm,signo_zodiacal_libra,464,0.5,0.45,0.45242424242424245,0.33999999999999997,0.3556709956709957,0.477,0.5529382839382839,3.4,4.4,5.6,6.6
svm,signo_zodiacal_libra,465,0.5,0.48,0.4809766214177979,0.72,0.5745233832190354,0.4760000000000001,0.5564342514210935,7.2,7.6,2.4,2.8
svm,signo_zodiacal_libra,466,0.5,0.48,0.47628205128205126,0.56,0.511725955204216,0.44400000000000006,0.5294764618766166,5.6,6.0,4.0,4.4
svm,signo_zodiacal_libra,467,0.5,0.48,0.41785714285714287,0.3,0.34145658263305323,0.5379999999999999,0.588419218036865,3.0,3.4,6.6,7.0
svm,signo_zodiacal_libra,468,0.5,0.5,0.48809523809523814,0.45999999999999996,0.46844919786096256,0.522,0.6159204014939308,4.6,4.6,5.4,5.4
svm,signo_zodiacal_libra,469,0.5,0.41,0.37936507936507935,0.32,0.3444272445820433,0.4119999999999999,0.4885527164613851,3.2,5.0,5.0,6.8
svm,signo_zodiacal_libra,470,0.5,0.48,0.48555555555555563,0.34,0.3855958077010708,0.43600000000000005,0.5416124996434595,3.4,3.8,6.2,6.6
svm,signo_zodiacal_libra,471,0.5,0.47000000000000003,0.4609523809523809,0.5599999999999999,0.4995681511470985,0.41999999999999993,0.49241269841269836,5.6,6.2,3.8,4.4
svm,signo_zodiacal_libra,472,0.5,0.45,0.44988344988344986,0.5599999999999999,0.4949116482297261,0.4,0.5123194999874566,5.6,6.6,3.4,4.4
svm,signo_zodiacal_libra,473,0.5,0.45999999999999996,0.4632900432900433,0.5399999999999999,0.4898263305322129,0.43099999999999994,0.4809401725725255,5.4,6.2,3.8,4.6
svm,signo_zodiacal_libra,474,0.5,0.44000000000000006,0.4432167832167832,0.44000000000000006,0.4095859213250518,0.38,0.47255409459821224,4.4,5.6,4.4,5.6
svm,signo_zodiacal_libra,475,0.5,0.6,0.5785714285714285,0.72,0.6397233201581028,0.65,0.6959644342585518,7.2,5.2,4.8,2.8
svm,signo_zodiacal_libra,476,0.5,0.4800000000000001,0.4552777777777778,0.54,0.47861780324938213,0.386,0.4667779375766991,5.4,5.8,4.2,4.6
svm,signo_zodiacal_libra,477,0.5,0.43,0.41939393939393943,0.48,0.43268170426065167,0.442,0.5295915767239296,4.8,6.2,3.8,5.2
svm,signo_zodiacal_libra,478,0.5,0.5800000000000001,0.6233333333333333,0.4600000000000001,0.5146031746031745,0.599,0.6106129297259328,4.6,3.0,7.0,5.4
svm,signo_zodiacal_libra,479,0.5,0.41,0.3740659340659341,0.39999999999999997,0.3773486786018755,0.41,0.540853869384829,4.0,5.8,4.2,6.0
svm,signo_zodiacal_libra,480,0.5,0.43,0.38984126984126977,0.3,0.33499484004127966,0.43000000000000005,0.5054696984302247,3.0,4.4,5.6,7.0
svm,signo_zodiacal_libra,481,0.5,0.47000000000000003,0.45499999999999996,0.42000000000000004,0.43207336523126,0.46499999999999997,0.5874277856646277,4.2,4.8,5.2,5.8
svm,signo_zodiacal_libra,482,0.5,0.4600000000000001,0.45919191919191926,0.4600000000000001,0.44078195488721805,0.514,0.59362786499706,4.6,5.4,4.6,5.4
svm,signo_zodiacal_libra,483,0.5,0.45,0.4376082251082251,0.56,0.4813186813186814,0.454,0.525231037538313,5.6,6.6,3.4,4.4
svm,signo_zodiacal_libra,484,0.5,0.4,0.39502164502164505,0.32,0.34511077158135983,0.36,0.4539289605303537,3.2,5.2,4.8,6.8
svm,signo_zodiacal_libra,485,0.5,0.48,0.4842424242424242,0.52,0.49671177944862155,0.39599999999999996,0.47001000856728414,5.2,5.6,4.4,4.8
svm,signo_zodiacal_libra,486,0.5,0.51,0.5178754578754579,0.58,0.533605644546148,0.496,0.5890874501315677,5.8,5.6,4.4,4.2
svm,signo_zodiacal_libra,487,0.5,0.44000000000000006,0.45272727272727276,0.45999999999999996,0.45523353839143316,0.44399999999999995,0.539773207614539,4.6,5.8,4.2,5.4
svm,signo_zodiacal_libra,488,0.5,0.45,0.4333333333333333,0.42000000000000004,0.4222488038277512,0.454,0.5611229711980485,4.2,5.2,4.8,5.8
svm,signo_zodiacal_libra,489,0.5,0.4800000000000001,0.4761111111111111,0.52,0.49083891547049446,0.48600000000000004,0.5740117839676662,5.2,5.6,4.4,4.8
svm,signo_zodiacal_libra,490,0.5,0.6,0.6319047619047619,0.54,0.5594810555801267,0.62,0.669174604205564,5.4,3.4,6.6,4.6
svm,signo_zodiacal_libra,491,0.5,0.55,0.544977244977245,0.6599999999999999,0.5929443173150266,0.569,0.6066478701037524,6.6,5.6,4.4,3.4
svm,signo_zodiacal_libra,492,0.5,0.43,0.4483682983682983,0.43999999999999995,0.4314473931865236,0.4120000000000001,0.49443792524984476,4.4,5.8,4.2,5.6
svm,signo_zodiacal_libra,493,0.5,0.54,0.5537240537240538,0.45999999999999996,0.49271436263292506,0.556,0.5922773876450347,4.6,3.8,6.2,5.4
svm,signo_zodiacal_libra,494,0.5,0.45999999999999996,0.4416666666666666,0.28,0.3416666666666667,0.42000000000000004,0.5043072952159638,2.8,3.6,6.4,7.2
svm,signo_zodiacal_libra,495,0.5,0.44000000000000006,0.41825396825396827,0.38,0.3914368139600338,0.45299999999999996,0.5063053951552403,3.8,5.0,5.0,6.2
svm,signo_zodiacal_libra,496,0.5,0.54,0.5762637362637364,0.45999999999999996,0.49664109121909633,0.5480000000000002,0.5957231357393896,4.6,3.8,6.2,5.4
svm,signo_zodiacal_libra,497,0.5,0.62,0.631080586080586,0.5599999999999999,0.5817504973003694,0.674,0.6891459712458164,5.6,3.2,6.8,4.4
svm,signo_zodiacal_libra,498,0.5,0.4600000000000001,0.48295482295482295,0.41999999999999993,0.4339834473419074,0.4880000000000001,0.5815004739842201,4.2,5.0,5.0,5.8
svm,signo_zodiacal_libra,499,0.5,0.48,0.4609090909090908,0.44000000000000006,0.4379271708683473,0.4779999999999999,0.55142971021067,4.4,4.8,5.2,5.6
svm,signo_zodiacal_libra,500,0.5,0.5900000000000001,0.6576623376623376,0.44000000000000006,0.5158543417366946,0.5800000000000001,0.6406185733770873,4.4,2.6,7.4,5.6
svm,signo_zodiacal_piscis,1,0.5,0.51,0.49523809523809526,0.4800000000000001,0.48413547237076643,0.49800000000000005,0.5523703404438699,4.8,4.6,5.4,5.2
svm,signo_zodiacal_piscis,2,0.5,0.54,0.5363636363636364,0.6,0.5642857142857143,0.55,0.5707906238068776,6.0,5.2,4.8,4.0
svm,signo_zodiacal_piscis,3,0.5,0.61,0.6357575757575757,0.6,0.6083766233766232,0.626,0.6469970629645554,6.0,3.8,6.2,4.0
svm,signo_zodiacal_piscis,4,0.5,0.4800000000000001,0.46512376512376513,0.42000000000000004,0.4249088193629854,0.502,0.5460002095427792,4.2,4.6,5.4,5.8
svm,signo_zodiacal_piscis,5,0.5,0.51,0.4890909090909091,0.42000000000000004,0.4409523809523809,0.47800000000000004,0.5584466187407364,4.2,4.0,6.0,5.8
svm,signo_zodiacal_piscis,6,0.5,0.58,0.5776923076923077,0.7,0.625159420289855,0.538,0.5929846536332605,7.0,5.4,4.6,3.0
svm,signo_zodiacal_piscis,7,0.5,0.55,0.5424242424242425,0.68,0.6009990009990009,0.5439999999999999,0.5741144770262416,6.8,5.8,4.2,3.2
svm,signo_zodiacal_piscis,8,0.5,0.5000000000000001,0.5074592074592075,0.5599999999999999,0.5302307151277403,0.492,0.5655432900432901,5.6,5.6,4.4,4.4
svm,signo_zodiacal_piscis,9,0.5,0.54,0.5398834498834499,0.6199999999999999,0.575949557688688,0.556,0.630483107965306,6.2,5.4,4.6,3.8
svm,signo_zodiacal_piscis,10,0.5,0.53,0.5290909090909091,0.6,0.5615584415584415,0.5279999999999999,0.5876924529718648,6.0,5.4,4.6,4.0
svm,signo_zodiacal_piscis,11,0.5,0.41,0.4143939393939394,0.5199999999999999,0.4532467532467532,0.356,0.46581006291610005,5.2,7.0,3.0,4.8
svm,signo_zodiacal_piscis,12,0.5,0.47000000000000003,0.4686868686868687,0.5199999999999999,0.48941672362724997,0.5,0.602410024615907,5.2,5.8,4.2,4.8
svm,signo_zodiacal_piscis,13,0.5,0.47000000000000003,0.45164835164835165,0.5599999999999999,0.4935225916453538,0.5660000000000001,0.613420993609074,5.6,6.2,3.8,4.4
svm,signo_zodiacal_piscis,14,0.5,0.49000000000000005,0.485,0.36,0.4083333333333333,0.508,0.5754873243371695,3.6,3.8,6.2,6.4
svm,signo_zodiacal_piscis,15,0.5,0.53,0.5223509823509824,0.6599999999999999,0.5799668737060041,0.538,0.5898220435395357,6.6,6.0,4.0,3.4
svm,signo_zodiacal_piscis,16,0.5,0.5000000000000001,0.5023809523809524,0.38,0.4317853457172343,0.49000000000000005,0.5733942550397659,3.8,3.8,6.2,6.2
svm,signo_zodiacal_piscis,17,0.5,0.6,0.6979797979797979,0.5199999999999999,0.5334244702665755,0.6639999999999999,0.7175541876424228,5.2,3.2,6.8,4.8
svm,signo_zodiacal_piscis,18,0.5,0.5200000000000001,0.5181013431013431,0.58,0.540578554422948,0.524,0.6047592309651133,5.8,5.4,4.6,4.2
svm,signo_zodiacal_piscis,19,0.5,0.53,0.5474747474747474,0.54,0.5288822055137844,0.49899999999999994,0.5902011960347874,5.4,4.8,5.2,4.6
svm,signo_zodiacal_piscis,20,0.5,0.56,0.5599650349650349,0.5199999999999999,0.5308894572321682,0.604,0.6355635449002321,5.2,4.0,6.0,4.8
svm,signo_zodiacal_piscis,21,0.5,0.44000000000000006,0.45833333333333337,0.5599999999999999,0.49786324786324787,0.44400000000000006,0.5676721813618097,5.6,6.8,3.2,4.4
svm,signo_zodiacal_piscis,22,0.5,0.5900000000000001,0.621025641025641,0.5199999999999999,0.5427492314448836,0.5940000000000001,0.6359704168380638,5.2,3.4,6.6,4.8
svm,signo_zodiacal_piscis,23,0.5,0.6,0.6102813852813853,0.58,0.5884984296749003,0.616,0.6087027112893986,5.8,3.8,6.2,4.2
svm,signo_zodiacal_piscis,24,0.5,0.49000000000000005,0.4924242424242424,0.42000000000000004,0.44893483709273185,0.506,0.5379030603899025,4.2,4.4,5.6,5.8
svm,signo_zodiacal_piscis,25,0.5,0.54,0.5753968253968254,0.42000000000000004,0.473983979556735,0.5479999999999999,0.5993862244566579,4.2,3.4,6.6,5.8
svm,signo_zodiacal_piscis,26,0.5,0.5,0.48647186147186144,0.45999999999999996,0.46770223240811476,0.4739999999999999,0.5282436081290569,4.6,4.6,5.4,5.4
svm,signo_zodiacal_piscis,27,0.5,0.58,0.5701298701298702,0.6399999999999999,0.5941176470588235,0.6,0.602963924534358,6.4,4.8,5.2,3.6
svm,signo_zodiacal_piscis,28,0.5,0.53,0.5174603174603175,0.64,0.5630994152046783,0.53,0.6171484271662291,6.4,5.8,4.2,3.6
svm,signo_zodiacal_piscis,29,0.5,0.47000000000000003,0.4769230769230769,0.5599999999999999,0.5110232762406676,0.48599999999999993,0.5358595827976632,5.6,6.2,3.8,4.4
svm,signo_zodiacal_piscis,30,0.5,0.39,0.3956060606060606,0.45999999999999996,0.42109090909090907,0.33599999999999997,0.45948570057393595,4.6,6.8,3.2,5.4
svm,signo_zodiacal_piscis,31,0.5,0.47000000000000003,0.4792424242424242,0.36,0.4033959899749373,0.376,0.515068021074213,3.6,4.2,5.8,6.4
svm,signo_zodiacal_piscis,32,0.5,0.6,0.6018759018759019,0.5599999999999999,0.5776057791537668,0.6300000000000001,0.6521218374848405,5.6,3.6,6.4,4.4
svm,signo_zodiacal_piscis,33,0.5,0.45999999999999996,0.43968253968253973,0.45999999999999996,0.4434390343059073,0.502,0.6048170928658545,4.6,5.4,4.6,5.4
svm,signo_zodiacal_piscis,34,0.5,0.5800000000000001,0.5761471861471861,0.7000000000000001,0.6232380952380951,0.5820000000000001,0.6385386084503731,7.0,5.4,4.6,3.0
svm,signo_zodiacal_piscis,35,0.5,0.44000000000000006,0.4592796092796093,0.56,0.5012447125719437,0.454,0.5323465788597368,5.6,6.8,3.2,4.4
svm,signo_zodiacal_piscis,36,0.5,0.58,0.5673160173160173,0.7,0.6248917748917748,0.564,0.5711570282143038,7.0,5.4,4.6,3.0
svm,signo_zodiacal_piscis,37,0.5,0.58,0.5842857142857143,0.5599999999999999,0.5603398692810456,0.5700000000000001,0.6478865127820235,5.6,4.0,6.0,4.4
svm,signo_zodiacal_piscis,38,0.5,0.39,0.344011544011544,0.27999999999999997,0.30344980097302077,0.39,0.4769866338511849,2.8,5.0,5.0,7.2
svm,signo_zodiacal_piscis,39,0.5,0.6299999999999999,0.6275,0.7200000000000001,0.6563605283605284,0.5740000000000001,0.6038982596351017,7.2,4.6,5.4,2.8
svm,signo_zodiacal_piscis,40,0.5,0.5000000000000001,0.49507825507825515,0.64,0.5561573498964804,0.532,0.5656066494564946,6.4,6.4,3.6,3.6
svm,signo_zodiacal_piscis,41,0.5,0.42000000000000004,0.3837362637362637,0.42000000000000004,0.3965700483091787,0.48100000000000004,0.5530246795687972,4.2,5.8,4.2,5.8
svm,signo_zodiacal_piscis,42,0.5,0.47000000000000003,0.4536796536796537,0.38,0.4010773540185305,0.4959999999999999,0.5880544255366237,3.8,4.4,5.6,6.2
svm,signo_zodiacal_piscis,43,0.5,0.53,0.528138528138528,0.5,0.5111897390535162,0.492,0.5549034227726178,5.0,4.4,5.6,5.0
svm,signo_zodiacal_piscis,44,0.5,0.49000000000000005,0.487936507936508,0.4,0.43611455108359126,0.45200000000000007,0.5982949407833308,4.0,4.2,5.8,6.0
svm,signo_zodiacal_piscis,45,0.5,0.54,0.5399267399267399,0.6,0.5556636155606408,0.539,0.5984629897965811,6.0,5.2,4.8,4.0
svm,signo_zodiacal_piscis,46,0.5,0.5,0.49575757575757573,0.5,0.47942857142857137,0.526,0.6128046861119616,5.0,5.0,5.0,5.0
svm,signo_zodiacal_piscis,47,0.5,0.41,0.3702380952380952,0.28,0.31519607843137254,0.396,0.47600517293164346,2.8,4.6,5.4,7.2
svm,signo_zodiacal_piscis,48,0.5,0.51,0.5009803921568627,0.62,0.5485810485810486,0.534,0.5956965153010044,6.2,6.0,4.0,3.8
svm,signo_zodiacal_piscis,49,0.5,0.49000000000000005,0.49572649572649574,0.5599999999999999,0.5195143656242054,0.522,0.626062362474127,5.6,5.8,4.2,4.4
svm,signo_zodiacal_piscis,50,0.5,0.5,0.4996270396270397,0.62,0.5507163561076605,0.502,0.5430723529136843,6.2,6.2,3.8,3.8
svm,signo_zodiacal_piscis,51,0.5,0.51,0.5199999999999999,0.5599999999999999,0.533979797979798,0.49400000000000005,0.5653158147322234,5.6,5.4,4.6,4.4
svm,signo_zodiacal_piscis,52,0.5,0.5800000000000001,0.5718686868686869,0.66,0.6026599832915622,0.6180000000000001,0.6116199617376087,6.6,5.0,5.0,3.4
svm,signo_zodiacal_piscis,53,0.5,0.57,0.5894444444444444,0.45999999999999996,0.511578947368421,0.6040000000000001,0.6449573096322322,4.6,3.2,6.8,5.4
svm,signo_zodiacal_piscis,54,0.5,0.43000000000000005,0.4472527472527473,0.52,0.4790890269151139,0.43,0.5156741048768912,5.2,6.6,3.4,4.8
svm,signo_zodiacal_piscis,55,0.5,0.5,0.49595959595959604,0.44000000000000006,0.4541353383458647,0.466,0.5222752792443195,4.4,4.4,5.6,5.6
svm,signo_zodiacal_piscis,56,0.5,0.42000000000000004,0.40906593406593406,0.41999999999999993,0.4062375674907644,0.38,0.4868648143222446,4.2,5.8,4.2,5.8
svm,signo_zodiacal_piscis,57,0.5,0.5,0.4979797979797979,0.52,0.5040517961570593,0.49000000000000005,0.5791444866622885,5.2,5.2,4.8,4.8
svm,signo_zodiacal_piscis,58,0.5,0.63,0.613030303030303,0.74,0.6687099567099567,0.676,0.7456012490261716,7.4,4.8,5.2,2.6
svm,signo_zodiacal_piscis,59,0.5,0.49000000000000005,0.48571428571428565,0.28,0.35273109243697476,0.43599999999999994,0.5309385261281545,2.8,3.0,7.0,7.2
svm,signo_zodiacal_piscis,60,0.5,0.58,0.5857142857142856,0.66,0.6075757575757577,0.538,0.6071391364053902,6.6,5.0,5.0,3.4
svm,signo_zodiacal_piscis,61,0.5,0.5700000000000001,0.5838228438228438,0.58,0.572919254658385,0.598,0.6354644799644799,5.8,4.4,5.6,4.2
svm,signo_zodiacal_piscis,62,0.5,0.53,0.5434981684981686,0.66,0.5833934863090874,0.55,0.6385851936161533,6.6,6.0,4.0,3.4
svm,signo_zodiacal_piscis,63,0.5,0.49000000000000005,0.5476190476190477,0.32,0.3884721229922468,0.49800000000000005,0.6067115296983717,3.2,3.4,6.6,6.8
svm,signo_zodiacal_piscis,64,0.5,0.54,0.5212121212121212,0.6,0.55,0.616,0.6452430424752406,6.0,5.2,4.8,4.0
svm,signo_zodiacal_piscis,65,0.5,0.55,0.5769230769230769,0.5,0.5314009661835749,0.536,0.5594578630004327,5.0,4.0,6.0,5.0
svm,signo_zodiacal_piscis,66,0.5,0.47000000000000003,0.4913602187286398,0.5399999999999999,0.4882649151614669,0.5,0.5450389132711114,5.4,6.0,4.0,4.6
svm,signo_zodiacal_piscis,67,0.5,0.53,0.5290826820238584,0.68,0.5902576489533011,0.532,0.5943889180994444,6.8,6.2,3.8,3.2
svm,signo_zodiacal_piscis,68,0.5,0.4699999999999999,0.4707070707070707,0.4600000000000001,0.4641604010025063,0.525,0.5801309513499917,4.6,5.2,4.8,5.4
svm,signo_zodiacal_piscis,69,0.5,0.43,0.43247863247863244,0.4600000000000001,0.44384875231557147,0.462,0.5519199134199134,4.6,6.0,4.0,5.4
svm,signo_zodiacal_piscis,70,0.5,0.41,0.39999999999999997,0.44000000000000006,0.41523125996810206,0.44000000000000006,0.5258831801153783,4.4,6.2,3.8,5.6
svm,signo_zodiacal_piscis,71,0.5,0.45,0.4519230769230769,0.45999999999999996,0.45218778170723245,0.47400000000000003,0.5548059985250389,4.6,5.6,4.4,5.4
svm,signo_zodiacal_piscis,72,0.5,0.44000000000000006,0.439020979020979,0.5199999999999999,0.4749068322981366,0.4680000000000001,0.5617977021258754,5.2,6.4,3.6,4.8
svm,signo_zodiacal_piscis,73,0.5,0.52,0.522020202020202,0.54,0.5295921622237412,0.5439999999999999,0.6216983304792902,5.4,5.0,5.0,4.6
svm,signo_zodiacal_piscis,74,0.5,0.44000000000000006,0.35277777777777775,0.3,0.3239766081871345,0.398,0.5306906355598306,3.0,4.2,5.8,7.0
svm,signo_zodiacal_piscis,75,0.5,0.44000000000000006,0.4380341880341881,0.38,0.3938069812211688,0.484,0.6009586343309252,3.8,5.0,5.0,6.2
svm,signo_zodiacal_piscis,76,0.5,0.55,0.5526923076923077,0.6,0.571032059727712,0.5700000000000001,0.6445751640000865,6.0,5.0,5.0,4.0
svm,signo_zodiacal_piscis,77,0.5,0.56,0.5499456099456099,0.64,0.5866793069630598,0.594,0.6439170802537675,6.4,5.2,4.8,3.6
svm,signo_zodiacal_piscis,78,0.5,0.53,0.5106060606060607,0.5,0.5000797448165869,0.5599999999999999,0.6374998042892779,5.0,4.4,5.6,5.0
svm,signo_zodiacal_piscis,79,0.5,0.55,0.5657142857142856,0.4,0.4641262469900241,0.54,0.5665055010349128,4.0,3.0,7.0,6.0
svm,signo_zodiacal_piscis,80,0.5,0.6300000000000001,0.6937662337662338,0.62,0.6185714285714285,0.5740000000000001,0.63113473557746,6.2,3.6,6.4,3.8
svm,signo_zodiacal_piscis,81,0.5,0.45,0.4649286987522282,0.5599999999999999,0.49628772786667524,0.476,0.5639240389813145,5.6,6.6,3.4,4.4
svm,signo_zodiacal_piscis,82,0.5,0.38,0.3555555555555555,0.3,0.32514619883040935,0.33399999999999996,0.4472820898571673,3.0,5.4,4.6,7.0
svm,signo_zodiacal_piscis,83,0.5,0.55,0.5507478632478632,0.64,0.5807214278071728,0.546,0.5653314350767912,6.4,5.4,4.6,3.6
svm,signo_zodiacal_piscis,84,0.5,0.48,0.49532967032967035,0.6,0.5364734299516908,0.49399999999999994,0.6087349961699806,6.0,6.4,3.6,4.0
svm,signo_zodiacal_piscis,85,0.5,0.52,0.54002886002886,0.48,0.5054164823824265,0.514,0.6089560243677891,4.8,4.4,5.6,5.2
svm,signo_zodiacal_piscis,86,0.5,0.41,0.4185148185148185,0.45999999999999996,0.4333097235843232,0.426,0.5397182627314205,4.6,6.4,3.6,5.4
svm,signo_zodiacal_piscis,87,0.5,0.61,0.6039682539682539,0.6799999999999999,0.6310207336523125,0.5820000000000001,0.6086057620570005,6.8,4.6,5.4,3.2
svm,signo_zodiacal_piscis,88,0.5,0.59,0.5859340659340659,0.6399999999999999,0.598757291585936,0.61,0.6433054712745114,6.4,4.6,5.4,3.6
svm,signo_zodiacal_piscis,89,0.5,0.56,0.6033333333333334,0.4600000000000001,0.5049567099567099,0.592,0.6430647201955251,4.6,3.4,6.6,5.4
svm,signo_zodiacal_piscis,90,0.5,0.5700000000000001,0.5726923076923077,0.5599999999999999,0.5617391304347826,0.558,0.6514411246648087,5.6,4.2,5.8,4.4
svm,signo_zodiacal_piscis,91,0.5,0.53,0.49641025641025643,0.52,0.4867885544407283,0.5299999999999999,0.5431401464033043,5.2,4.6,5.4,4.8
svm,signo_zodiacal_piscis,92,0.5,0.51,0.5095104895104895,0.5599999999999999,0.5322153209109731,0.544,0.5983747892114766,5.6,5.4,4.6,4.4
svm,signo_zodiacal_piscis,93,0.5,0.42000000000000004,0.42095571095571105,0.4800000000000001,0.4471823828345567,0.41600000000000004,0.5047182458064811,4.8,6.4,3.6,5.2
svm,signo_zodiacal_piscis,94,0.5,0.54,0.5252380952380953,0.62,0.5553496503496503,0.526,0.6000146883560196,6.2,5.4,4.6,3.8
svm,signo_zodiacal_piscis,95,0.5,0.49000000000000005,0.5219047619047619,0.36,0.421217750257998,0.526,0.5840337223835675,3.6,3.8,6.2,6.4
svm,signo_zodiacal_piscis,96,0.5,0.5800000000000001,0.624047619047619,0.44000000000000006,0.5083660130718954,0.524,0.6218966866466866,4.4,2.8,7.2,5.6
svm,signo_zodiacal_piscis,97,0.5,0.47999999999999987,0.45816849816849814,0.48,0.4631413883076287,0.47000000000000003,0.5707410659515922,4.8,5.2,4.8,5.2
svm,signo_zodiacal_piscis,98,0.5,0.55,0.5590909090909091,0.4600000000000001,0.5003968253968254,0.534,0.5444921543025257,4.6,3.6,6.4,5.4
svm,signo_zodiacal_piscis,99,0.5,0.48,0.4742857142857142,0.4,0.42745098039215684,0.496,0.55817106706503,4.0,4.4,5.6,6.0
svm,signo_zodiacal_piscis,100,0.5,0.49000000000000005,0.4748601398601398,0.54,0.5018219461697722,0.492,0.5724655446892288,5.4,5.6,4.4,4.6
svm,signo_zodiacal_piscis,101,0.5,0.5700000000000001,0.5486471861471862,0.74,0.6276390276390276,0.5319999999999999,0.5345235407866987,7.4,6.0,4.0,2.6
svm,signo_zodiacal_piscis,102,0.5,0.45999999999999996,0.4650349650349651,0.5399999999999999,0.488871635610766,0.414,0.5229677781798524,5.4,6.2,3.8,4.6
svm,signo_zodiacal_piscis,103,0.5,0.48,0.4902564102564103,0.62,0.5450434782608695,0.512,0.5689104322749834,6.2,6.6,3.4,3.8
svm,signo_zodiacal_piscis,104,0.5,0.56,0.56504329004329,0.58,0.563453866395043,0.628,0.6559037802582693,5.8,4.6,5.4,4.2
svm,signo_zodiacal_piscis,105,0.5,0.44000000000000006,0.4493939393939394,0.54,0.4885541125541125,0.434,0.5353532403269246,5.4,6.6,3.4,4.6
svm,signo_zodiacal_piscis,106,0.5,0.54,0.529047619047619,0.6,0.5549518716577541,0.5599999999999999,0.5694005134872008,6.0,5.2,4.8,4.0
svm,signo_zodiacal_piscis,107,0.5,0.48999999999999994,0.49480519480519475,0.58,0.5289321789321789,0.454,0.5413865023865024,5.8,6.0,4.0,4.2
svm,signo_zodiacal_piscis,108,0.5,0.55,0.573015873015873,0.4,0.46849845201238394,0.492,0.5528881580236069,4.0,3.0,7.0,6.0
svm,signo_zodiacal_piscis,109,0.5,0.4,0.3950757575757576,0.44000000000000006,0.4105327421116895,0.33199999999999996,0.43766597764120985,4.4,6.4,3.6,5.6
svm,signo_zodiacal_piscis,110,0.5,0.45999999999999996,0.44646464646464645,0.42000000000000004,0.42742841953368266,0.45,0.4944628971819373,4.2,5.0,5.0,5.8
svm,signo_zodiacal_piscis,111,0.5,0.5199999999999999,0.5314285714285715,0.54,0.5322222222222223,0.5519999999999999,0.6003681410608656,5.4,5.0,5.0,4.6
svm,signo_zodiacal_piscis,112,0.5,0.53,0.5493589743589743,0.45999999999999996,0.47765543635108854,0.546,0.6388043226982856,4.6,4.0,6.0,5.4
svm,signo_zodiacal_piscis,113,0.5,0.57,0.5956843156843157,0.6000000000000001,0.5786335403726708,0.6,0.6522180211429438,6.0,4.6,5.4,4.0
svm,signo_zodiacal_piscis,114,0.5,0.45,0.43000000000000005,0.32,0.34025518341307814,0.4619999999999999,0.5587243508125861,3.2,4.2,5.8,6.8
svm,signo_zodiacal_piscis,115,0.5,0.45,0.4411111111111111,0.4,0.4185964912280701,0.52,0.6284509471436717,4.0,5.0,5.0,6.0
svm,signo_zodiacal_piscis,116,0.5,0.53,0.5361111111111111,0.4600000000000001,0.49017106044969816,0.54,0.5603635053457034,4.6,4.0,6.0,5.4
svm,signo_zodiacal_piscis,117,0.5,0.48,0.475,0.33999999999999997,0.37777777777777777,0.574,0.6422094931212579,3.4,3.8,6.2,6.6
svm,signo_zodiacal_piscis,118,0.5,0.41,0.3568253968253968,0.41999999999999993,0.38042105263157894,0.35,0.4385366588176186,4.2,6.0,4.0,5.8
svm,signo_zodiacal_piscis,119,0.5,0.45,0.45496503496503493,0.54,0.4917391304347826,0.45999999999999996,0.5513165358033779,5.4,6.4,3.6,4.6
svm,signo_zodiacal_piscis,120,0.5,0.48,0.49118437118437114,0.56,0.5197295610567922,0.532,0.6190315403550698,5.6,6.0,4.0,4.4
svm,signo_zodiacal_piscis,121,0.5,0.43,0.40987012987012983,0.32,0.3515826330532213,0.324,0.4350641072893395,3.2,4.6,5.4,6.8
svm,signo_zodiacal_piscis,122,0.5,0.57,0.5764102564102564,0.45999999999999996,0.49147797028803886,0.63,0.7012718458012575,4.6,3.2,6.8,5.4
svm,signo_zodiacal_piscis,123,0.5,0.45,0.42869047619047623,0.5000000000000001,0.4481085972850679,0.466,0.49787051450441544,5.0,6.0,4.0,5.0
svm,signo_zodiacal_piscis,124,0.5,0.45999999999999996,0.46375291375291383,0.36,0.38364389233954455,0.526,0.5710069436067888,3.6,4.4,5.6,6.4
svm,signo_zodiacal_piscis,125,0.5,0.54,0.5722222222222222,0.45999999999999996,0.4846378767431399,0.534,0.5847514054572878,4.6,3.8,6.2,5.4
svm,signo_zodiacal_piscis,126,0.5,0.6100000000000001,0.5766666666666667,0.8200000000000001,0.675939393939394,0.6140000000000001,0.6188846045595271,8.2,6.0,4.0,1.8
svm,signo_zodiacal_piscis,127,0.5,0.55,0.5676190476190477,0.48,0.4985103596094308,0.5599999999999999,0.63184000210316,4.8,3.8,6.2,5.2
svm,signo_zodiacal_piscis,128,0.5,0.5900000000000001,0.5873326673326674,0.6799999999999999,0.6194110339788089,0.5750000000000001,0.6162108246930227,6.8,5.0,5.0,3.2
svm,signo_zodiacal_piscis,129,0.5,0.53,0.5345454545454545,0.6199999999999999,0.5713939393939393,0.532,0.5959791843863051,6.2,5.6,4.4,3.8
svm,signo_zodiacal_piscis,130,0.5,0.45,0.45124125874125876,0.5599999999999999,0.49589425067685944,0.442,0.5026713280699349,5.6,6.6,3.4,4.4
svm,signo_zodiacal_piscis,131,0.5,0.41,0.3980952380952381,0.3,0.33933436532507744,0.378,0.4934424495353288,3.0,4.8,5.2,7.0
svm,signo_zodiacal_piscis,132,0.5,0.51,0.5369230769230768,0.44000000000000006,0.46695652173913044,0.51,0.6229905461755307,4.4,4.2,5.8,5.6
svm,signo_zodiacal_piscis,133,0.5,0.4600000000000001,0.4632167832167832,0.52,0.4886768304159609,0.4720000000000001,0.5620215711361223,5.2,6.0,4.0,4.8
svm,signo_zodiacal_piscis,134,0.5,0.53,0.5496947496947497,0.54,0.5368690267869162,0.528,0.5636462971153374,5.4,4.8,5.2,4.6
svm,signo_zodiacal_piscis,135,0.5,0.55,0.5553571428571429,0.52,0.5199974861739568,0.536,0.6224932187695346,5.2,4.2,5.8,4.8
svm,signo_zodiacal_piscis,136,0.5,0.45,0.4378510378510378,0.41999999999999993,0.42390631309732135,0.44000000000000006,0.5525284201522591,4.2,5.2,4.8,5.8
svm,signo_zodiacal_piscis,137,0.5,0.36,0.31333333333333335,0.30000000000000004,0.3047740563530037,0.316,0.4209572459704039,3.0,5.8,4.2,7.0
svm,signo_zodiacal_piscis,138,0.5,0.54,0.5467171717171717,0.48,0.5052631578947369,0.55,0.6053652907120399,4.8,4.0,6.0,5.2
svm,signo_zodiacal_piscis,139,0.5,0.45,0.4242424242424242,0.36,0.36904761904761907,0.446,0.5059375505815134,3.6,4.6,5.4,6.4
svm,signo_zodiacal_piscis,140,0.5,0.54,0.5378871128871129,0.5599999999999999,0.5364216701173222,0.568,0.644022946609634,5.6,4.8,5.2,4.4
svm,signo_zodiacal_piscis,141,0.5,0.4600000000000001,0.4723809523809524,0.66,0.5497575757575757,0.43599999999999994,0.5127194461884864,6.6,7.4,2.6,3.4
svm,signo_zodiacal_piscis,142,0.5,0.55,0.5533333333333333,0.5,0.5240935672514621,0.546,0.5817992068990521,5.0,4.0,6.0,5.0
svm,signo_zodiacal_piscis,143,0.5,0.51,0.5079365079365079,0.48,0.4902054601745004,0.532,0.5935708185003851,4.8,4.6,5.4,5.2
svm,signo_zodiacal_piscis,144,0.5,0.45,0.44829004329004335,0.4,0.42009533638016616,0.47400000000000003,0.5671846851978432,4.0,5.0,5.0,6.0
svm,signo_zodiacal_piscis,145,0.5,0.5,0.47738095238095235,0.4,0.42749565535943246,0.476,0.5148257200316023,4.0,4.0,6.0,6.0
svm,signo_zodiacal_piscis,146,0.5,0.5,0.49102564102564106,0.6599999999999999,0.5583235985981981,0.506,0.5580318076316528,6.6,6.6,3.4,3.4
svm,signo_zodiacal_piscis,147,0.5,0.5199999999999999,0.5277777777777779,0.6,0.5576267942583731,0.528,0.5677002339765498,6.0,5.6,4.4,4.0
svm,signo_zodiacal_piscis,148,0.5,0.52,0.514024864024864,0.5599999999999999,0.533374939324596,0.54,0.6054262938643744,5.6,5.2,4.8,4.4
svm,signo_zodiacal_piscis,149,0.5,0.58,0.6100793650793651,0.6,0.5743704056521394,0.642,0.7045477212845632,6.0,4.4,5.6,4.0
svm,signo_zodiacal_piscis,150,0.5,0.5199999999999999,0.5035964035964036,0.54,0.5112592863232249,0.634,0.7041168433389794,5.4,5.0,5.0,4.6
svm,signo_zodiacal_piscis,151,0.5,0.41,0.39883116883116887,0.3,0.3379271708683473,0.39,0.49206181176924213,3.0,4.8,5.2,7.0
svm,signo_zodiacal_piscis,152,0.5,0.53,0.5292857142857142,0.45999999999999996,0.48967320261437913,0.552,0.6403107905166727,4.6,4.0,6.0,5.4
svm,signo_zodiacal_piscis,153,0.5,0.42000000000000004,0.4555844155844156,0.5,0.4658375350140056,0.404,0.5030110826565934,5.0,6.6,3.4,5.0
svm,signo_zodiacal_piscis,154,0.5,0.55,0.5429137529137529,0.6599999999999999,0.5929538866930171,0.592,0.6144875816477983,6.6,5.6,4.4,3.4
svm,signo_zodiacal_piscis,155,0.5,0.5700000000000001,0.5544877344877344,0.68,0.6059731146046935,0.6039999999999999,0.6428495748317729,6.8,5.4,4.6,3.2
svm,signo_zodiacal_piscis,156,0.5,0.5700000000000001,0.595050505050505,0.42000000000000004,0.47597744360902255,0.5980000000000001,0.6104704876307043,4.2,2.8,7.2,5.8
svm,signo_zodiacal_piscis,157,0.5,0.5599999999999999,0.5467532467532468,0.7,0.611904761904762,0.5680000000000001,0.5850577614679782,7.0,5.8,4.2,3.0
svm,signo_zodiacal_piscis,158,0.5,0.44000000000000006,0.41424242424242425,0.4600000000000001,0.430995670995671,0.42000000000000004,0.49002742415822914,4.6,5.8,4.2,5.4
svm,signo_zodiacal_piscis,159,0.5,0.51,0.501437908496732,0.64,0.5546347687400319,0.46399999999999997,0.5269061669324826,6.4,6.2,3.8,3.6
svm,signo_zodiacal_piscis,160,0.5,0.53,0.5708333333333333,0.44000000000000006,0.4672699849170437,0.5720000000000001,0.6142003160238454,4.4,3.8,6.2,5.6
svm,signo_zodiacal_piscis,161,0.5,0.47000000000000003,0.5078632478632479,0.41999999999999993,0.4429522917966854,0.43000000000000005,0.5344004159754933,4.2,4.8,5.2,5.8
svm,signo_zodiacal_piscis,162,0.5,0.47000000000000003,0.46571428571428564,0.44000000000000006,0.44900093370681604,0.504,0.5872832526950174,4.4,5.0,5.0,5.6
svm,signo_zodiacal_piscis,163,0.5,0.51,0.5111111111111111,0.6,0.5469547995863785,0.47400000000000003,0.5302330620875513,6.0,5.8,4.2,4.0
svm,signo_zodiacal_piscis,164,0.5,0.39,0.3962703962703963,0.4600000000000001,0.42355229311751047,0.32599999999999996,0.43924055072894086,4.6,6.8,3.2,5.4
svm,signo_zodiacal_piscis,165,0.5,0.45,0.45320855614973266,0.52,0.4757601073390546,0.48,0.5686093006580623,5.2,6.2,3.8,4.8
svm,signo_zodiacal_piscis,166,0.5,0.42000000000000004,0.3412698412698413,0.22000000000000003,0.2619416187527642,0.42000000000000004,0.5131719767160944,2.2,3.8,6.2,7.8
svm,signo_zodiacal_piscis,167,0.5,0.45999999999999996,0.4636363636363637,0.6,0.5202630702630703,0.40800000000000003,0.4912667434904277,6.0,6.8,3.2,4.0
svm,signo_zodiacal_piscis,168,0.5,0.6300000000000001,0.63008658008658,0.6599999999999999,0.6382205513784461,0.642,0.6792115727409845,6.6,4.0,6.0,3.4
svm,signo_zodiacal_piscis,169,0.5,0.4800000000000001,0.48,0.44000000000000006,0.45379679144385027,0.514,0.590003918853764,4.4,4.8,5.2,5.6
svm,signo_zodiacal_piscis,170,0.5,0.51,0.5243589743589743,0.4,0.4209815546772068,0.49000000000000005,0.5769479413775079,4.0,3.8,6.2,6.0
svm,signo_zodiacal_piscis,171,0.5,0.43,0.42008547008547004,0.42000000000000004,0.41721332316297993,0.42200000000000004,0.5122760742009967,4.2,5.6,4.4,5.8
svm,signo_zodiacal_piscis,172,0.5,0.44000000000000006,0.4416666666666667,0.44000000000000006,0.43939393939393945,0.39,0.5116346647848194,4.4,5.6,4.4,5.6
svm,signo_zodiacal_piscis,173,0.5,0.5,0.505,0.42000000000000004,0.45499999999999996,0.5040000000000001,0.5694419828537475,4.2,4.2,5.8,5.8
svm,signo_zodiacal_piscis,174,0.5,0.5700000000000001,0.5868686868686869,0.54,0.5549555707450444,0.618,0.6366729561288385,5.4,4.0,6.0,4.6
svm,signo_zodiacal_piscis,175,0.5,0.5700000000000001,0.5611471861471862,0.6599999999999999,0.6002886002886002,0.576,0.5920475521210815,6.6,5.2,4.8,3.4
svm,signo_zodiacal_piscis,176,0.5,0.6,0.5911111111111111,0.6799999999999999,0.6278086124401914,0.6300000000000001,0.6718349499657549,6.8,4.8,5.2,3.2
svm,signo_zodiacal_piscis,177,0.5,0.5800000000000001,0.6244444444444446,0.43999999999999995,0.5069298245614035,0.597,0.6553263094834303,4.4,2.8,7.2,5.6
svm,signo_zodiacal_piscis,178,0.5,0.55,0.5559462759462759,0.45999999999999996,0.4921003275452057,0.6279999999999999,0.6864928390323126,4.6,3.6,6.4,5.4
svm,signo_zodiacal_piscis,179,0.5,0.52,0.5359090909090909,0.5,0.503015873015873,0.508,0.5517739580680757,5.0,4.6,5.4,5.0
svm,signo_zodiacal_piscis,180,0.5,0.36000000000000004,0.26320346320346316,0.24000000000000005,0.24597657244716067,0.38000000000000006,0.5234272590154943,2.4,5.2,4.8,7.6
svm,signo_zodiacal_piscis,181,0.5,0.5399999999999999,0.527972027972028,0.6599999999999999,0.5854037267080745,0.5800000000000001,0.6025424030733627,6.6,5.8,4.2,3.4
svm,signo_zodiacal_piscis,182,0.5,0.42000000000000004,0.39072039072039066,0.33999999999999997,0.3562054112262754,0.316,0.4453216351072388,3.4,5.0,5.0,6.6
svm,signo_zodiacal_piscis,183,0.5,0.51,0.49063492063492065,0.45999999999999996,0.47018294399099353,0.52,0.5311344472520944,4.6,4.4,5.6,5.4
svm,signo_zodiacal_piscis,184,0.5,0.52,0.5242857142857142,0.6599999999999999,0.5792248803827751,0.49400000000000005,0.5313072821571273,6.6,6.2,3.8,3.4
svm,signo_zodiacal_piscis,185,0.5,0.61,0.6828282828282829,0.5199999999999999,0.5618983355825462,0.688,0.7395052986229456,5.2,3.0,7.0,4.8
svm,signo_zodiacal_piscis,186,0.5,0.5,0.49880341880341883,0.5599999999999999,0.5236689549961862,0.504,0.5878035206107961,5.6,5.6,4.4,4.4
svm,signo_zodiacal_piscis,187,0.5,0.43,0.3904761904761905,0.31999999999999995,0.34705882352941175,0.384,0.5023616061441138,3.2,4.6,5.4,6.8
svm,signo_zodiacal_piscis,188,0.5,0.5,0.5060606060606061,0.5399999999999999,0.5206880838459786,0.542,0.6096839338851723,5.4,5.4,4.6,4.6
svm,signo_zodiacal_piscis,189,0.5,0.5,0.46333333333333326,0.36,0.39710944026733497,0.5,0.5512437470510226,3.6,3.6,6.4,6.4
svm,signo_zodiacal_piscis,190,0.5,0.44000000000000006,0.3861038961038961,0.32,0.3398319327731092,0.438,0.49649786161550863,3.2,4.4,5.6,6.8
svm,signo_zodiacal_piscis,191,0.5,0.55,0.5557575757575758,0.58,0.5614903926482875,0.584,0.6226842401664383,5.8,4.8,5.2,4.2
svm,signo_zodiacal_piscis,192,0.5,0.55,0.5491341991341991,0.6,0.5666284695696461,0.526,0.5881565291433712,6.0,5.0,5.0,4.0
svm,signo_zodiacal_piscis,193,0.5,0.52,0.5239393939393939,0.5800000000000001,0.5454949494949495,0.526,0.6241542928176055,5.8,5.4,4.6,4.2
svm,signo_zodiacal_piscis,194,0.5,0.5,0.5041758241758242,0.64,0.5616126482213438,0.4779999999999999,0.5376207089264365,6.4,6.4,3.6,3.6
svm,signo_zodiacal_piscis,195,0.5,0.5800000000000001,0.583189033189033,0.5399999999999999,0.5568037741412354,0.548,0.5938097720992459,5.4,3.8,6.2,4.6
svm,signo_zodiacal_piscis,196,0.5,0.47000000000000003,0.4607142857142857,0.43999999999999995,0.43927510398098635,0.485,0.5605964127891372,4.4,5.0,5.0,5.6
svm,signo_zodiacal_piscis,197,0.5,0.5799999999999998,0.5767399267399267,0.68,0.6136286135007363,0.5900000000000001,0.6009379956129182,6.8,5.2,4.8,3.2
svm,signo_zodiacal_piscis,198,0.5,0.4800000000000001,0.4747052947052947,0.4,0.42038058701741565,0.42600000000000005,0.5025319515365955,4.0,4.4,5.6,6.0
svm,signo_zodiacal_piscis,199,0.5,0.45999999999999996,0.4688311688311688,0.5,0.47745098039215683,0.517,0.5823350734233087,5.0,5.8,4.2,5.0
svm,signo_zodiacal_piscis,200,0.5,0.47000000000000003,0.4816161616161617,0.43999999999999995,0.4459565580618213,0.458,0.5524288587229764,4.4,5.0,5.0,5.6
svm,signo_zodiacal_piscis,201,0.5,0.42000000000000004,0.4324475524475525,0.54,0.4769711447972318,0.42400000000000004,0.4996166694502608,5.4,7.0,3.0,4.6
svm,signo_zodiacal_piscis,202,0.5,0.45999999999999996,0.4584415584415584,0.4,0.4245564892623716,0.492,0.5550888653829831,4.0,4.8,5.2,6.0
svm,signo_zodiacal_piscis,203,0.5,0.4800000000000001,0.4818181818181818,0.58,0.5256540560888386,0.502,0.56188295871655,5.8,6.2,3.8,4.2
svm,signo_zodiacal_piscis,204,0.5,0.5,0.4807142857142857,0.4,0.4305882352941176,0.5320000000000001,0.5701758319080301,4.0,4.0,6.0,6.0
svm,signo_zodiacal_piscis,205,0.5,0.5,0.49526806526806527,0.58,0.5333408620365142,0.5349999999999999,0.5776004258898995,5.8,5.8,4.2,4.2
svm,signo_zodiacal_piscis,206,0.5,0.47000000000000003,0.4688311688311687,0.48,0.45714285714285713,0.45999999999999996,0.5469841286164815,4.8,5.4,4.6,5.2
svm,signo_zodiacal_piscis,207,0.5,0.52,0.5166666666666667,0.5799999999999998,0.5383838383838384,0.5159999999999999,0.5630492738255896,5.8,5.4,4.6,4.2
svm,signo_zodiacal_piscis,208,0.5,0.5000000000000001,0.49848484848484853,0.52,0.5018398268398268,0.55,0.59213911844949,5.2,5.2,4.8,4.8
svm,signo_zodiacal_piscis,209,0.5,0.5700000000000001,0.5725829725829725,0.5199999999999999,0.5427686864219372,0.5599999999999999,0.6044901585342761,5.2,3.8,6.2,4.8
svm,signo_zodiacal_piscis,210,0.5,0.51,0.5108697838109603,0.7000000000000001,0.5841295025002118,0.466,0.5174479070980619,7.0,6.8,3.2,3.0
svm,signo_zodiacal_piscis,211,0.5,0.4600000000000001,0.42380952380952375,0.44000000000000006,0.4176470588235294,0.5,0.5132656950892245,4.4,5.2,4.8,5.6
svm,signo_zodiacal_piscis,212,0.5,0.4,0.40965034965034963,0.4800000000000001,0.4291469979296066,0.374,0.48839358989823384,4.8,6.8,3.2,5.2
svm,signo_zodiacal_piscis,213,0.5,0.6,0.5617948717948719,0.7,0.6148247694334652,0.6819999999999999,0.6833363727775492,7.0,5.0,5.0,3.0
svm,signo_zodiacal_piscis,214,0.5,0.4999999999999999,0.49904761904761896,0.44000000000000006,0.45920067548550525,0.512,0.5547597282318645,4.4,4.4,5.6,5.6
svm,signo_zodiacal_piscis,215,0.5,0.5700000000000001,0.5944444444444444,0.44000000000000006,0.5024853801169591,0.51,0.5938244255744255,4.4,3.0,7.0,5.6
svm,signo_zodiacal_piscis,216,0.5,0.55,0.590952380952381,0.44000000000000006,0.49300919410826527,0.526,0.6076062913694493,4.4,3.4,6.6,5.6
svm,signo_zodiacal_piscis,217,0.5,0.4600000000000001,0.46190476190476193,0.4,0.41457855869620575,0.46799999999999997,0.5458551083419504,4.0,4.8,5.2,6.0
svm,signo_zodiacal_piscis,218,0.5,0.45,0.4548051948051947,0.52,0.48337662337662335,0.446,0.5328615181687937,5.2,6.2,3.8,4.8
svm,signo_zodiacal_piscis,219,0.5,0.53,0.5165079365079365,0.4,0.4449948400412797,0.518,0.6018416372928757,4.0,3.4,6.6,6.0
svm,signo_zodiacal_piscis,220,0.5,0.55,0.5706349206349206,0.52,0.5401350971010414,0.552,0.5913681663194047,5.2,4.2,5.8,4.8
svm,signo_zodiacal_piscis,221,0.5,0.41000000000000003,0.38666666666666666,0.44000000000000006,0.4009350649350649,0.402,0.5045944072267602,4.4,6.2,3.8,5.6
svm,signo_zodiacal_piscis,222,0.5,0.58,0.6048618048618049,0.56,0.5696139325295335,0.5519999999999999,0.564700731243301,5.6,4.0,6.0,4.4
svm,signo_zodiacal_piscis,223,0.5,0.44000000000000006,0.4343589743589743,0.5,0.4586280193236715,0.438,0.5571055729616101,5.0,6.2,3.8,5.0
svm,signo_zodiacal_piscis,224,0.5,0.59,0.5983333333333334,0.5399999999999999,0.5615178096757043,0.6200000000000001,0.6412423030186188,5.4,3.6,6.4,4.6
svm,signo_zodiacal_piscis,225,0.5,0.51,0.5313675213675214,0.5800000000000001,0.5466439220581096,0.534,0.6300234775544372,5.8,5.6,4.4,4.2
svm,signo_zodiacal_piscis,226,0.5,0.5,0.5058974358974359,0.6199999999999999,0.5552437417654809,0.492,0.5658394404013599,6.2,6.2,3.8,3.8
svm,signo_zodiacal_piscis,227,0.5,0.38,0.33619047619047615,0.24,0.27764705882352947,0.32799999999999996,0.42928381096028145,2.4,4.8,5.2,7.6
svm,signo_zodiacal_piscis,228,0.5,0.54,0.5422222222222223,0.54,0.5396172248803828,0.526,0.5906683239361257,5.4,4.6,5.4,4.6
svm,signo_zodiacal_piscis,229,0.5,0.55,0.5252272727272728,0.74,0.6117429237429237,0.48,0.520816959356433,7.4,6.4,3.6,2.6
svm,signo_zodiacal_piscis,230,0.5,0.41000000000000003,0.37238095238095237,0.33999999999999997,0.3495037057885355,0.37400000000000005,0.47615001828237113,3.4,5.2,4.8,6.6
svm,signo_zodiacal_piscis,231,0.5,0.43,0.4133333333333333,0.4,0.40376395534290266,0.484,0.5802839078705953,4.0,5.4,4.6,6.0
svm,signo_zodiacal_piscis,232,0.5,0.5,0.47137111254758307,0.5399999999999999,0.49004551731702095,0.46799999999999997,0.5261103047279517,5.4,5.4,4.6,4.6
svm,signo_zodiacal_piscis,233,0.5,0.53,0.514938394938395,0.6599999999999999,0.5757018633540373,0.53,0.6196605061605062,6.6,6.0,4.0,3.4
svm,signo_zodiacal_piscis,234,0.5,0.56,0.5897619047619047,0.42000000000000004,0.4852700378396973,0.5609999999999999,0.6093418972668199,4.2,3.0,7.0,5.8
svm,signo_zodiacal_piscis,235,0.5,0.5900000000000001,0.5772727272727273,0.6599999999999999,0.615151515151515,0.5900000000000001,0.595746684859688,6.6,4.8,5.2,3.4
svm,signo_zodiacal_piscis,236,0.5,0.58,0.6066666666666667,0.58,0.5816666666666668,0.5820000000000001,0.6364445538122008,5.8,4.2,5.8,4.2
svm,signo_zodiacal_piscis,237,0.5,0.39999999999999997,0.35523809523809524,0.27999999999999997,0.29267226890756304,0.392,0.48900470427405407,2.8,4.8,5.2,7.2
svm,signo_zodiacal_piscis,238,0.5,0.36,0.345,0.36,0.3477777777777778,0.384,0.5228394959014154,3.6,6.4,3.6,6.4
svm,signo_zodiacal_piscis,239,0.5,0.4,0.3816849816849817,0.4,0.3825447570332481,0.29999999999999993,0.4236758382656215,4.0,6.0,4.0,6.0
svm,signo_zodiacal_piscis,240,0.5,0.4,0.41298368298368304,0.4999999999999999,0.4507227555053642,0.45999999999999996,0.5632949797021004,5.0,7.0,3.0,5.0
svm,signo_zodiacal_piscis,241,0.5,0.45999999999999996,0.47494505494505496,0.6,0.5279710144927536,0.504,0.583173398496928,6.0,6.8,3.2,4.0
svm,signo_zodiacal_piscis,242,0.5,0.45999999999999996,0.4656676656676657,0.5,0.47789107737956843,0.398,0.4885094850110329,5.0,5.8,4.2,5.0
svm,signo_zodiacal_piscis,243,0.5,0.5599999999999999,0.5543589743589743,0.64,0.5897391304347825,0.5719999999999998,0.6251761294261293,6.4,5.2,4.8,3.6
svm,signo_zodiacal_piscis,244,0.5,0.54,0.5224358974358975,0.5599999999999999,0.5310715854194115,0.568,0.6385957361352098,5.6,4.8,5.2,4.4
svm,signo_zodiacal_piscis,245,0.5,0.43,0.46805555555555556,0.52,0.4751196172248804,0.418,0.551466175809055,5.2,6.6,3.4,4.8
svm,signo_zodiacal_piscis,246,0.5,0.53,0.5642857142857143,0.48,0.5100267379679144,0.48600000000000004,0.5475206923279679,4.8,4.2,5.8,5.2
svm,signo_zodiacal_piscis,247,0.5,0.41,0.4069230769230769,0.45999999999999996,0.4280676328502415,0.38199999999999995,0.4804151775297286,4.6,6.4,3.6,5.4
svm,signo_zodiacal_piscis,248,0.5,0.53,0.546031746031746,0.48,0.5054990417219519,0.4780000000000001,0.5966598720337111,4.8,4.2,5.8,5.2
svm,signo_zodiacal_piscis,249,0.5,0.51,0.6111904761904762,0.36,0.40699315132751657,0.504,0.5888976964727738,3.6,3.4,6.6,6.4
svm,signo_zodiacal_piscis,250,0.5,0.48,0.478021978021978,0.6,0.5240269704719833,0.5,0.5643647447323918,6.0,6.4,3.6,4.0
svm,signo_zodiacal_piscis,251,0.5,0.48,0.47860139860139855,0.5399999999999999,0.5065010351966873,0.5,0.5448008719007171,5.4,5.8,4.2,4.6
svm,signo_zodiacal_piscis,252,0.5,0.52,0.5107142857142857,0.4,0.443921568627451,0.514,0.5570568222627047,4.0,3.6,6.4,6.0
svm,signo_zodiacal_piscis,253,0.5,0.56,0.5466666666666666,0.64,0.5890909090909091,0.578,0.632173091614268,6.4,5.2,4.8,3.6
svm,signo_zodiacal_piscis,254,0.5,0.49000000000000005,0.5094794094794095,0.44000000000000006,0.46080146017216955,0.4800000000000001,0.5551254403491245,4.4,4.6,5.4,5.6
svm,signo_zodiacal_piscis,255,0.5,0.47000000000000003,0.4568253968253968,0.42000000000000004,0.4267402820777434,0.479,0.5258475397151867,4.2,4.8,5.2,5.8
svm,signo_zodiacal_piscis,256,0.5,0.6,0.5897727272727272,0.68,0.6253833885412832,0.584,0.6035329268254965,6.8,4.8,5.2,3.2
svm,signo_zodiacal_piscis,257,0.5,0.61,0.5884615384615385,0.74,0.6553359683794466,0.61,0.6305375261992909,7.4,5.2,4.8,2.6
svm,signo_zodiacal_piscis,258,0.5,0.45,0.46047979797979793,0.58,0.5078668699721332,0.394,0.4957823318752112,5.8,6.8,3.2,4.2
svm,signo_zodiacal_piscis,259,0.5,0.5199999999999999,0.49861111111111106,0.5,0.47651412914570807,0.5200000000000001,0.563071545499564,5.0,4.6,5.4,5.0
svm,signo_zodiacal_piscis,260,0.5,0.54,0.5911111111111111,0.38,0.45508771929824565,0.5640000000000001,0.6440140296579925,3.8,3.0,7.0,6.2
svm,signo_zodiacal_piscis,261,0.5,0.5700000000000001,0.5649816849816849,0.58,0.5580193236714976,0.628,0.662157784595865,5.8,4.4,5.6,4.2
svm,signo_zodiacal_piscis,262,0.5,0.48,0.4723076923076923,0.5599999999999999,0.5083478260869565,0.514,0.5745826477444124,5.6,6.0,4.0,4.4
svm,signo_zodiacal_piscis,263,0.5,0.53,0.5328138528138529,0.4600000000000001,0.47602240896358544,0.48599999999999993,0.5329463402094982,4.6,4.0,6.0,5.4
svm,signo_zodiacal_piscis,264,0.5,0.45,0.4618253968253968,0.45999999999999996,0.45637426900584793,0.406,0.49726794507522054,4.6,5.6,4.4,5.4
svm,signo_zodiacal_piscis,265,0.5,0.5700000000000001,0.568138528138528,0.5399999999999999,0.5511897390535161,0.522,0.586095219108377,5.4,4.0,6.0,4.6
svm,signo_zodiacal_piscis,266,0.5,0.43,0.42404761904761906,0.4,0.40816399286987526,0.392,0.5016885440840549,4.0,5.4,4.6,6.0
svm,signo_zodiacal_piscis,267,0.5,0.47000000000000003,0.4820499108734403,0.58,0.5222318422318423,0.462,0.5540531809092182,5.8,6.4,3.6,4.2
svm,signo_zodiacal_piscis,268,0.5,0.47000000000000003,0.4625396825396826,0.4,0.4264396284829721,0.466,0.5497089468838695,4.0,4.6,5.4,6.0
svm,signo_zodiacal_piscis,269,0.5,0.44000000000000006,0.44257575757575757,0.45999999999999996,0.43981385281385277,0.4,0.5266423782615732,4.6,5.8,4.2,5.4
svm,signo_zodiacal_piscis,270,0.5,0.5,0.5133333333333333,0.43999999999999995,0.46947368421052627,0.488,0.5477731619086109,4.4,4.4,5.6,5.6
svm,signo_zodiacal_piscis,271,0.5,0.5700000000000001,0.5776923076923077,0.5399999999999999,0.5528502415458937,0.5900000000000001,0.6419644979203802,5.4,4.0,6.0,4.6
svm,signo_zodiacal_piscis,272,0.5,0.44000000000000006,0.43650793650793657,0.44000000000000006,0.430348375394815,0.42299999999999993,0.5123373864697394,4.4,5.6,4.4,5.6
svm,signo_zodiacal_piscis,273,0.5,0.52,0.5222222222222221,0.4,0.45023219814241483,0.4959999999999999,0.5677793503366259,4.0,3.6,6.4,6.0
svm,signo_zodiacal_piscis,274,0.5,0.5200000000000001,0.5118614718614718,0.64,0.5656623376623376,0.554,0.6176141058803598,6.4,6.0,4.0,3.6
svm,signo_zodiacal_piscis,275,0.5,0.41,0.42597069597069603,0.5,0.45786561264822134,0.38199999999999995,0.5056793669866425,5.0,6.8,3.2,5.0
svm,signo_zodiacal_piscis,276,0.5,0.49000000000000005,0.4720634920634921,0.31999999999999995,0.3777141382868937,0.47400000000000003,0.5632266232219794,3.2,3.4,6.6,6.8
svm,signo_zodiacal_piscis,277,0.5,0.42000000000000004,0.4278321678321678,0.48,0.4477501725327812,0.38,0.4662109582024443,4.8,6.4,3.6,5.2
svm,signo_zodiacal_piscis,278,0.5,0.51,0.5044910644910645,0.6,0.543822164105917,0.506,0.5505810490678912,6.0,5.8,4.2,4.0
svm,signo_zodiacal_piscis,279,0.5,0.53,0.5316666666666666,0.5,0.5122488038277512,0.5559999999999999,0.6534296279915475,5.0,4.4,5.6,5.0
svm,signo_zodiacal_piscis,280,0.5,0.44000000000000006,0.4305555555555555,0.42000000000000004,0.4235588972431077,0.3909999999999999,0.47865792807124075,4.2,5.4,4.6,5.8
svm,signo_zodiacal_piscis,281,0.5,0.4699999999999999,0.4641558441558441,0.4,0.42625583566760045,0.5389999999999999,0.550178828911027,4.0,4.6,5.4,6.0
svm,signo_zodiacal_piscis,282,0.5,0.5900000000000001,0.6144155844155844,0.52,0.5584313725490195,0.624,0.6613678425118052,5.2,3.4,6.6,4.8
svm,signo_zodiacal_piscis,283,0.5,0.54,0.5442460317460317,0.6399999999999999,0.5736524569341908,0.522,0.6032753090562688,6.4,5.6,4.4,3.6
svm,signo_zodiacal_piscis,284,0.5,0.45,0.4569230769230769,0.6,0.5169565217391304,0.39,0.4719433626229292,6.0,7.0,3.0,4.0
svm,signo_zodiacal_piscis,285,0.5,0.4699999999999999,0.46904761904761905,0.38,0.4075290722349546,0.39399999999999996,0.46800079968191427,3.8,4.4,5.6,6.2
svm,signo_zodiacal_piscis,286,0.5,0.52,0.5275757575757576,0.4600000000000001,0.4859983291562239,0.49800000000000005,0.5518748757262688,4.6,4.2,5.8,5.4
svm,signo_zodiacal_piscis,287,0.5,0.47000000000000003,0.4704462204462205,0.5599999999999999,0.5090641623822402,0.42799999999999994,0.48696074144293966,5.6,6.2,3.8,4.4
svm,signo_zodiacal_piscis,288,0.5,0.47000000000000003,0.48495670995671,0.45999999999999996,0.4619047619047619,0.45600000000000007,0.537640591864276,4.6,5.2,4.8,5.4
svm,signo_zodiacal_piscis,289,0.5,0.44000000000000006,0.434920634920635,0.5599999999999999,0.47772289629874776,0.31399999999999995,0.46319736292259506,5.6,6.8,3.2,4.4
svm,signo_zodiacal_piscis,290,0.5,0.52,0.5216666666666667,0.5,0.5072727272727272,0.5159999999999999,0.5631736216999375,5.0,4.6,5.4,5.0
svm,signo_zodiacal_piscis,291,0.5,0.45999999999999996,0.44000000000000006,0.36000000000000004,0.3846464646464646,0.508,0.5706986237017195,3.6,4.4,5.6,6.4
svm,signo_zodiacal_piscis,292,0.5,0.54,0.5318681318681319,0.6799999999999999,0.5818322981366459,0.538,0.559687939081902,6.8,6.0,4.0,3.2
svm,signo_zodiacal_piscis,293,0.5,0.47000000000000003,0.4340909090909091,0.33999999999999997,0.37341269841269836,0.43200000000000005,0.5446064589005765,3.4,4.0,6.0,6.6
svm,signo_zodiacal_piscis,294,0.5,0.49000000000000005,0.5113131313131313,0.4600000000000001,0.4694962406015037,0.49399999999999994,0.5381249208308032,4.6,4.8,5.2,5.4
svm,signo_zodiacal_piscis,295,0.5,0.56,0.5594444444444445,0.5599999999999999,0.5549122807017544,0.5700000000000001,0.674352748129064,5.6,4.4,5.6,4.4
svm,signo_zodiacal_piscis,296,0.5,0.5599999999999999,0.5857575757575757,0.48,0.5133766233766234,0.583,0.6339437769832507,4.8,3.6,6.4,5.2
svm,signo_zodiacal_piscis,297,0.5,0.48999999999999994,0.4990476190476191,0.42000000000000004,0.4505882352941176,0.4839999999999999,0.5850513565381986,4.2,4.4,5.6,5.8
svm,signo_zodiacal_piscis,298,0.5,0.51,0.5088888888888888,0.52,0.5052974828375285,0.542,0.5628849914275611,5.2,5.0,5.0,4.8
svm,signo_zodiacal_piscis,299,0.5,0.53,0.5247752247752248,0.6199999999999999,0.5662525879917184,0.528,0.5584766910076507,6.2,5.6,4.4,3.8
svm,signo_zodiacal_piscis,300,0.5,0.55,0.5444755244755244,0.6599999999999999,0.5944306418219463,0.608,0.6419221297278572,6.6,5.6,4.4,3.4
svm,signo_zodiacal_piscis,301,0.5,0.5199999999999999,0.5209523809523808,0.38,0.4330065359477124,0.531,0.5994567444079828,3.8,3.4,6.6,6.2
svm,signo_zodiacal_piscis,302,0.5,0.47000000000000003,0.4673076923076923,0.52,0.4835651000410726,0.5299999999999999,0.6105500851058127,5.2,5.8,4.2,4.8
svm,signo_zodiacal_piscis,303,0.5,0.48,0.4966666666666667,0.43999999999999995,0.44679797979797986,0.446,0.5436245245982088,4.4,4.8,5.2,5.6
svm,signo_zodiacal_piscis,304,0.5,0.42000000000000004,0.4088461538461539,0.4,0.39359558316080057,0.45,0.5580963393331814,4.0,5.6,4.4,6.0
svm,signo_zodiacal_piscis,305,0.5,0.44000000000000006,0.4473076923076923,0.58,0.4955859213250518,0.47800000000000004,0.5477338037779214,5.8,7.0,3.0,4.2
svm,signo_zodiacal_piscis,306,0.5,0.43000000000000005,0.43172105672105665,0.4,0.4080718099596818,0.4,0.5112283194961214,4.0,5.4,4.6,6.0
svm,signo_zodiacal_piscis,307,0.5,0.5599999999999999,0.5745054945054945,0.62,0.5860644811284198,0.516,0.6012965019156968,6.2,5.0,5.0,3.8
svm,signo_zodiacal_piscis,308,0.5,0.51,0.5056721056721056,0.58,0.536902037702953,0.556,0.6146042835733238,5.8,5.6,4.4,4.2
svm,signo_zodiacal_piscis,309,0.5,0.5399999999999999,0.549047619047619,0.6199999999999999,0.5643333333333332,0.548,0.6118088588398185,6.2,5.4,4.6,3.8
svm,signo_zodiacal_piscis,310,0.5,0.5399999999999999,0.5466666666666666,0.45999999999999996,0.4965204678362573,0.536,0.568918571624454,4.6,3.8,6.2,5.4
svm,signo_zodiacal_piscis,311,0.5,0.45999999999999996,0.4735523789935554,0.68,0.555188051883704,0.40199999999999997,0.5009846460728813,6.8,7.6,2.4,3.2
svm,signo_zodiacal_piscis,312,0.5,0.54,0.5488888888888889,0.6000000000000001,0.5552874493927126,0.5640000000000001,0.5848441988867685,6.0,5.2,4.8,4.0
svm,signo_zodiacal_piscis,313,0.5,0.48,0.5030219780219781,0.52,0.5020008266811337,0.542,0.5652103900571392,5.2,5.6,4.4,4.8
svm,signo_zodiacal_piscis,314,0.5,0.36,0.38555555555555554,0.4600000000000001,0.41427751196172247,0.328,0.4729058778338963,4.6,7.4,2.6,5.4
svm,signo_zodiacal_piscis,315,0.5,0.47000000000000003,0.46551226551226554,0.48,0.45360828541943093,0.45,0.5405893812070282,4.8,5.4,4.6,5.2
svm,signo_zodiacal_piscis,316,0.5,0.43999999999999995,0.4162698412698413,0.4,0.4021929824561402,0.43,0.4979481270363624,4.0,5.2,4.8,6.0
svm,signo_zodiacal_piscis,317,0.5,0.55,0.5466666666666666,0.56,0.5455204678362573,0.5740000000000001,0.6385721978399996,5.6,4.6,5.4,4.4
svm,signo_zodiacal_piscis,318,0.5,0.5900000000000001,0.5844877344877345,0.58,0.5734704408079021,0.576,0.6124334080951728,5.8,4.0,6.0,4.2
svm,signo_zodiacal_piscis,319,0.5,0.52,0.52,0.5599999999999999,0.539047619047619,0.518,0.5864565403636611,5.6,5.2,4.8,4.4
svm,signo_zodiacal_piscis,320,0.5,0.44000000000000006,0.4121428571428572,0.32,0.35653250773993805,0.442,0.5344090049956922,3.2,4.4,5.6,6.8
svm,signo_zodiacal_piscis,321,0.5,0.5199999999999999,0.522077922077922,0.58,0.5476190476190477,0.5279999999999999,0.6210996046437224,5.8,5.4,4.6,4.2
svm,signo_zodiacal_piscis,322,0.5,0.43,0.45555555555555555,0.36,0.38163415531836586,0.378,0.5089571551599414,3.6,5.0,5.0,6.4
svm,signo_zodiacal_piscis,323,0.5,0.58,0.5659174159174158,0.74,0.6387554474510997,0.5820000000000001,0.6320203674894077,7.4,5.8,4.2,2.6
svm,signo_zodiacal_piscis,324,0.5,0.51,0.5937062937062937,0.5,0.489648033126294,0.466,0.5636216110171217,5.0,4.8,5.2,5.0
svm,signo_zodiacal_piscis,325,0.5,0.4699999999999999,0.46904761904761905,0.32,0.378921568627451,0.466,0.5544105992047168,3.2,3.8,6.2,6.8
svm,signo_zodiacal_piscis,326,0.5,0.5,0.3142857142857143,0.32,0.31111111111111106,0.466,0.5331696256959415,3.2,3.2,6.8,6.8
svm,signo_zodiacal_piscis,327,0.5,0.45,0.4198412698412698,0.45999999999999996,0.4334529505582137,0.41400000000000003,0.48631584935532307,4.6,5.6,4.4,5.4
svm,signo_zodiacal_piscis,328,0.5,0.5800000000000001,0.5687179487179487,0.6599999999999999,0.6089328063241106,0.568,0.5727925077158823,6.6,5.0,5.0,3.4
svm,signo_zodiacal_piscis,329,0.5,0.5700000000000001,0.5775757575757575,0.44000000000000006,0.4815628815628815,0.538,0.6369163881354283,4.4,3.0,7.0,5.6
svm,signo_zodiacal_piscis,330,0.5,0.4800000000000001,0.468974358974359,0.48,0.4649538866930172,0.45,0.5366685073612318,4.8,5.2,4.8,5.2
svm,signo_zodiacal_piscis,331,0.5,0.5700000000000001,0.586002886002886,0.52,0.5418050473778028,0.58,0.6447956102205328,5.2,3.8,6.2,4.8
svm,signo_zodiacal_piscis,332,0.5,0.38,0.3629939668174962,0.42000000000000004,0.37971819645732685,0.43,0.564231964114317,4.2,6.6,3.4,5.8
svm,signo_zodiacal_piscis,333,0.5,0.45,0.4603174603174603,0.52,0.48615857826384135,0.39399999999999996,0.4812116145808096,5.2,6.2,3.8,4.8
svm,signo_zodiacal_piscis,334,0.5,0.47000000000000003,0.4794805194805195,0.42000000000000004,0.4434733893557423,0.418,0.5261101322997608,4.2,4.8,5.2,5.8
svm,signo_zodiacal_piscis,335,0.5,0.54,0.5317882117882118,0.6399999999999999,0.5786768304159609,0.545,0.5980026644322309,6.4,5.6,4.4,3.6
svm,signo_zodiacal_piscis,336,0.5,0.5800000000000001,0.5651695526695526,0.74,0.633468286099865,0.528,0.5763976831561971,7.4,5.8,4.2,2.6
svm,signo_zodiacal_piscis,337,0.5,0.5,0.44512987012987015,0.38,0.4065359477124183,0.508,0.5497732163777055,3.8,3.8,6.2,6.2
svm,signo_zodiacal_piscis,338,0.5,0.5700000000000001,0.571111111111111,0.54,0.5547368421052632,0.65,0.6861367962103255,5.4,4.0,6.0,4.6
svm,signo_zodiacal_piscis,339,0.5,0.45,0.42777777777777776,0.33999999999999997,0.3711722488038277,0.43000000000000005,0.5012581893510686,3.4,4.4,5.6,6.6
svm,signo_zodiacal_piscis,340,0.5,0.5700000000000001,0.5944805194805195,0.44000000000000006,0.496171802054155,0.462,0.5760255618994009,4.4,3.0,7.0,5.6
svm,signo_zodiacal_piscis,341,0.5,0.5,0.49575757575757573,0.5399999999999999,0.5117593984962405,0.504,0.5608355990414814,5.4,5.4,4.6,4.6
svm,signo_zodiacal_piscis,342,0.5,0.45,0.4306349206349206,0.4,0.41018294399099353,0.43499999999999994,0.5287087177528353,4.0,5.0,5.0,6.0
svm,signo_zodiacal_piscis,343,0.5,0.57,0.5792857142857143,0.52,0.5368954248366014,0.6060000000000001,0.6915751823855538,5.2,3.8,6.2,4.8
svm,signo_zodiacal_piscis,344,0.5,0.45999999999999996,0.45500000000000007,0.4,0.4141176470588236,0.45599999999999996,0.5226922609554189,4.0,4.8,5.2,6.0
svm,signo_zodiacal_piscis,345,0.5,0.49000000000000005,0.49185897435897435,0.7,0.5763405290361813,0.506,0.5474861337492916,7.0,7.2,2.8,3.0
svm,signo_zodiacal_piscis,346,0.5,0.5,0.5095238095238095,0.48,0.4831847890671421,0.477,0.5513827838827839,4.8,4.8,5.2,5.2
svm,signo_zodiacal_piscis,347,0.5,0.55,0.5447940947940948,0.64,0.5853026835864364,0.52,0.561378232276839,6.4,5.4,4.6,3.6
svm,signo_zodiacal_piscis,348,0.5,0.43999999999999995,0.41904761904761906,0.38,0.38970588235294124,0.44800000000000006,0.5095104432031676,3.8,5.0,5.0,6.2
svm,signo_zodiacal_piscis,349,0.5,0.53,0.5391375291375292,0.6199999999999999,0.5697451533973272,0.524,0.6167308051425698,6.2,5.6,4.4,3.8
svm,signo_zodiacal_piscis,350,0.5,0.36,0.31212121212121213,0.26000000000000006,0.2753968253968254,0.3,0.42743436611548064,2.6,5.4,4.6,7.4
svm,signo_zodiacal_piscis,351,0.5,0.48,0.45849206349206345,0.45999999999999996,0.44967595459236326,0.512,0.5784800930064089,4.6,5.0,5.0,5.4
svm,signo_zodiacal_piscis,352,0.5,0.38,0.36888888888888893,0.29999999999999993,0.32542264752791067,0.316,0.44424513884808,3.0,5.4,4.6,7.0
svm,signo_zodiacal_piscis,353,0.5,0.53,0.5457142857142857,0.36,0.4285706914344686,0.546,0.6282508679830661,3.6,3.0,7.0,6.4
svm,signo_zodiacal_piscis,354,0.5,0.48,0.425,0.24000000000000005,0.30158730158730157,0.526,0.5994946432136834,2.4,2.8,7.2,7.6
svm,signo_zodiacal_piscis,355,0.5,0.4800000000000001,0.46324786324786327,0.6599999999999999,0.5400348697831536,0.44799999999999995,0.49398267418855646,6.6,7.0,3.0,3.4
svm,signo_zodiacal_piscis,356,0.5,0.34,0.2916666666666667,0.31999999999999995,0.2962424242424243,0.34400000000000003,0.4677910988220586,3.2,6.4,3.6,6.8
svm,signo_zodiacal_piscis,357,0.5,0.54,0.5533333333333335,0.43999999999999995,0.4846783625730994,0.502,0.5418059044498673,4.4,3.6,6.4,5.6
svm,signo_zodiacal_piscis,358,0.5,0.51,0.509059829059829,0.5,0.49360793287566745,0.55,0.585801825195788,5.0,4.8,5.2,5.0
svm,signo_zodiacal_piscis,359,0.5,0.44000000000000006,0.43280053280053277,0.54,0.4710065297021819,0.4119999999999999,0.5159761647880842,5.4,6.6,3.4,4.6
svm,signo_zodiacal_piscis,360,0.5,0.5700000000000001,0.5825757575757575,0.52,0.5406926406926407,0.568,0.6269164642546995,5.2,3.8,6.2,4.8
svm,signo_zodiacal_piscis,361,0.5,0.51,0.5163203463203463,0.5999999999999999,0.5533333333333333,0.5800000000000001,0.6386182597931823,6.0,5.8,4.2,4.0
svm,signo_zodiacal_piscis,362,0.5,0.58,0.6174603174603175,0.48,0.5371517027863778,0.598,0.691548977338451,4.8,3.2,6.8,5.2
svm,signo_zodiacal_piscis,363,0.5,0.53,0.5476800976800977,0.42000000000000004,0.4546434821068015,0.4619999999999999,0.5575120096621644,4.2,3.6,6.4,5.8
svm,signo_zodiacal_piscis,364,0.5,0.4800000000000001,0.4824242424242424,0.5199999999999999,0.49517460317460316,0.488,0.5859066005374055,5.2,5.6,4.4,4.8
svm,signo_zodiacal_piscis,365,0.5,0.49000000000000005,0.48451048951048953,0.52,0.4988819875776397,0.538,0.6303881467689517,5.2,5.4,4.6,4.8
svm,signo_zodiacal_piscis,366,0.5,0.44000000000000006,0.4319230769230769,0.36,0.3819565217391304,0.395,0.4640007390270549,3.6,4.8,5.2,6.4
svm,signo_zodiacal_piscis,367,0.5,0.53,0.5185037185037185,0.72,0.5989648033126295,0.558,0.6168335461408216,7.2,6.6,3.4,2.8
svm,signo_zodiacal_piscis,368,0.5,0.38999999999999996,0.36626984126984125,0.31999999999999995,0.3314327485380117,0.372,0.4968746574203231,3.2,5.4,4.6,6.8
svm,signo_zodiacal_piscis,369,0.5,0.48,0.45011655011655016,0.5199999999999999,0.47469151138716353,0.394,0.475050570344688,5.2,5.6,4.4,4.8
svm,signo_zodiacal_piscis,370,0.5,0.52,0.5288888888888889,0.42000000000000004,0.4619883040935672,0.523,0.5772262280203456,4.2,3.8,6.2,5.8
svm,signo_zodiacal_piscis,371,0.5,0.45,0.41714285714285715,0.22000000000000003,0.28586834733893557,0.46399999999999997,0.5454359278492404,2.2,3.2,6.8,7.8
svm,signo_zodiacal_piscis,372,0.5,0.51,0.5096678321678322,0.6799999999999999,0.5800175476697216,0.51,0.5481282606282606,6.8,6.6,3.4,3.2
svm,signo_zodiacal_piscis,373,0.5,0.5199999999999999,0.5220512820512819,0.64,0.5655959079283888,0.568,0.6082127300803772,6.4,6.0,4.0,3.6
svm,signo_zodiacal_piscis,374,0.5,0.45999999999999996,0.46930402930402926,0.6,0.5244803312629399,0.492,0.5251744909717047,6.0,6.8,3.2,4.0
svm,signo_zodiacal_piscis,375,0.5,0.57,0.5748484848484849,0.6000000000000001,0.5857963089542035,0.5720000000000001,0.6278484570984572,6.0,4.6,5.4,4.0
svm,signo_zodiacal_piscis,376,0.5,0.4800000000000001,0.4722222222222222,0.38,0.40857826384142165,0.5,0.6062922370027632,3.8,4.2,5.8,6.2
svm,signo_zodiacal_piscis,377,0.5,0.51,0.5159090909090909,0.5,0.5049137996506416,0.516,0.5500009126580334,5.0,4.8,5.2,5.0
svm,signo_zodiacal_piscis,378,0.5,0.48,0.4914574314574315,0.5399999999999999,0.5042379478107033,0.40800000000000003,0.5200104803177559,5.4,5.8,4.2,4.6
svm,signo_zodiacal_piscis,379,0.5,0.5199999999999999,0.5342857142857143,0.4,0.4518954248366013,0.523,0.5663030853735188,4.0,3.6,6.4,6.0
svm,signo_zodiacal_piscis,380,0.5,0.48,0.49516483516483517,0.5,0.4915186944342954,0.48,0.5460041424863407,5.0,5.4,4.6,5.0
svm,signo_zodiacal_piscis,381,0.5,0.5599999999999999,0.5789682539682539,0.52,0.5435451373531869,0.6380000000000001,0.6743094656461529,5.2,4.0,6.0,4.8
svm,signo_zodiacal_piscis,382,0.5,0.51,0.5072727272727272,0.5199999999999999,0.5113131313131313,0.5740000000000001,0.6117117845175122,5.2,5.0,5.0,4.8
svm,signo_zodiacal_piscis,383,0.5,0.51,0.4565934065934066,0.44000000000000006,0.4408897155700225,0.446,0.5392346840466036,4.4,4.2,5.8,5.6
svm,signo_zodiacal_piscis,384,0.5,0.53,0.5294949494949495,0.5199999999999999,0.5238596491228069,0.548,0.6273885167120461,5.2,4.6,5.4,4.8
svm,signo_zodiacal_piscis,385,0.5,0.34,0.28,0.24000000000000005,0.24930508088402825,0.28800000000000003,0.4124499703942428,2.4,5.6,4.4,7.6
svm,signo_zodiacal_piscis,386,0.5,0.52,0.5147940947940948,0.6,0.5497269260106787,0.502,0.5326945060443513,6.0,5.6,4.4,4.0
svm,signo_zodiacal_piscis,387,0.5,0.5199999999999999,0.5144639674051439,0.6799999999999999,0.5825877825877825,0.5879999999999999,0.6306190933249756,6.8,6.4,3.6,3.2
svm,signo_zodiacal_piscis,388,0.5,0.55,0.552972582972583,0.5399999999999999,0.5418916274643829,0.5599999999999999,0.6251902531592933,5.4,4.4,5.6,4.6
svm,signo_zodiacal_piscis,389,0.5,0.53,0.5240321769733535,0.68,0.5865893873903028,0.5279999999999999,0.5787348017479597,6.8,6.2,3.8,3.2
svm,signo_zodiacal_piscis,390,0.5,0.45999999999999996,0.4268686868686869,0.38,0.3982623224728488,0.502,0.5761970806970806,3.8,4.6,5.4,6.2
svm,signo_zodiacal_piscis,391,0.5,0.5399999999999999,0.562857142857143,0.45999999999999996,0.4889075630252101,0.496,0.5659651655534008,4.6,3.8,6.2,5.4
svm,signo_zodiacal_piscis,392,0.5,0.5600000000000002,0.5638228438228439,0.6,0.5792350441320693,0.562,0.6166162426324965,6.0,4.8,5.2,4.0
svm,signo_zodiacal_piscis,393,0.5,0.48,0.47297979797979794,0.48,0.4746867167919799,0.532,0.5892876371994019,4.8,5.2,4.8,5.2
svm,signo_zodiacal_piscis,394,0.5,0.47000000000000003,0.4800000000000001,0.5199999999999999,0.48918181818181816,0.49800000000000005,0.5833748098306922,5.2,5.8,4.2,4.8
svm,signo_zodiacal_piscis,395,0.5,0.51,0.4815584415584415,0.42000000000000004,0.4435913312693499,0.4800000000000001,0.5404622420063597,4.2,4.0,6.0,5.8
svm,signo_zodiacal_piscis,396,0.5,0.47000000000000003,0.45897435897435895,0.42000000000000004,0.42972794304602085,0.48600000000000004,0.5600864033627191,4.2,4.8,5.2,5.8
svm,signo_zodiacal_piscis,397,0.5,0.5200000000000001,0.5227045177045178,0.44000000000000006,0.4681730754849613,0.514,0.5707799053371809,4.4,4.0,6.0,5.6
svm,signo_zodiacal_piscis,398,0.5,0.5700000000000001,0.5837301587301587,0.48,0.5256965944272446,0.578,0.6123275684583733,4.8,3.4,6.6,5.2
svm,signo_zodiacal_piscis,399,0.5,0.56,0.5541880341880343,0.5800000000000001,0.5623733906571435,0.5940000000000001,0.6095418172298978,5.8,4.6,5.4,4.2
svm,signo_zodiacal_piscis,400,0.5,0.44000000000000006,0.4488311688311688,0.5599999999999999,0.496,0.44800000000000006,0.5535909631304368,5.6,6.8,3.2,4.4
svm,signo_zodiacal_piscis,401,0.5,0.47000000000000003,0.469004329004329,0.5599999999999999,0.5029172396231221,0.46399999999999997,0.5197399534589937,5.6,6.2,3.8,4.4
svm,signo_zodiacal_piscis,402,0.5,0.48,0.4776923076923077,0.62,0.5373148880105402,0.45599999999999996,0.512536924891414,6.2,6.6,3.4,3.8
svm,signo_zodiacal_piscis,403,0.5,0.49000000000000005,0.5111111111111112,0.4800000000000001,0.47475172780435937,0.472,0.5541261969025127,4.8,5.0,5.0,5.2
svm,signo_zodiacal_piscis,404,0.5,0.54,0.5448051948051947,0.45999999999999996,0.4932072829131653,0.544,0.6122852882411706,4.6,3.8,6.2,5.4
svm,signo_zodiacal_piscis,405,0.5,0.48999999999999994,0.48388888888888887,0.4800000000000001,0.47996810207336515,0.45200000000000007,0.5143379661274399,4.8,5.0,5.0,5.2
svm,signo_zodiacal_piscis,406,0.5,0.48,0.48818181818181816,0.62,0.5434805194805195,0.449,0.5522329886315955,6.2,6.6,3.4,3.8
svm,signo_zodiacal_piscis,407,0.5,0.42000000000000004,0.4377777777777777,0.32,0.36210526315789476,0.43600000000000005,0.5465561846134601,3.2,4.8,5.2,6.8
svm,signo_zodiacal_piscis,408,0.5,0.53,0.5329004329004329,0.38,0.43319327731092433,0.5780000000000001,0.5997642906628974,3.8,3.2,6.8,6.2
svm,signo_zodiacal_piscis,409,0.5,0.4800000000000001,0.468974358974359,0.54,0.49679227053140107,0.492,0.5647698859448085,5.4,5.8,4.2,4.6
svm,signo_zodiacal_piscis,410,0.5,0.42000000000000004,0.42494949494949497,0.42000000000000004,0.42019898230424546,0.414,0.507259695584773,4.2,5.8,4.2,5.8
svm,signo_zodiacal_piscis,411,0.5,0.4699999999999999,0.4889432789432789,0.48,0.4807911082052958,0.47800000000000004,0.5459616755793226,4.8,5.4,4.6,5.2
svm,signo_zodiacal_piscis,412,0.5,0.53,0.5265584415584416,0.6,0.5544444444444444,0.546,0.6001039511743846,6.0,5.4,4.6,4.0
svm,signo_zodiacal_piscis,413,0.5,0.44000000000000006,0.4473809523809524,0.5,0.44780952380952377,0.384,0.5324927505415121,5.0,6.2,3.8,5.0
svm,signo_zodiacal_piscis,414,0.5,0.44000000000000006,0.4468531468531468,0.44000000000000006,0.43649068322981366,0.376,0.4939292307279922,4.4,5.6,4.4,5.6
svm,signo_zodiacal_piscis,415,0.5,0.6100000000000001,0.6296403596403597,0.6,0.6070052368773596,0.6219999999999999,0.6949263575262027,6.0,3.8,6.2,4.0
svm,signo_zodiacal_piscis,416,0.5,0.44000000000000006,0.4503463203463204,0.4,0.41621721415839064,0.49399999999999994,0.5850890836889289,4.0,5.2,4.8,6.0
svm,signo_zodiacal_piscis,417,0.5,0.42000000000000004,0.38,0.3,0.3288888888888889,0.35400000000000004,0.46548166255828793,3.0,4.6,5.4,7.0
svm,signo_zodiacal_piscis,418,0.5,0.55,0.5301282051282051,0.64,0.5762187088274044,0.546,0.6044561357974669,6.4,5.4,4.6,3.6
svm,signo_zodiacal_piscis,419,0.5,0.4800000000000001,0.5038095238095238,0.4600000000000001,0.4291687136393019,0.46799999999999997,0.5831815608711892,4.6,5.0,5.0,5.4
svm,signo_zodiacal_piscis,420,0.5,0.5900000000000001,0.5985858585858586,0.56,0.571829573934837,0.5660000000000001,0.6268706109851621,5.6,3.8,6.2,4.4
svm,signo_zodiacal_piscis,421,0.5,0.53,0.5517460317460318,0.5,0.5079445416610581,0.5960000000000001,0.6348587790778193,5.0,4.4,5.6,5.0
svm,signo_zodiacal_piscis,422,0.5,0.38,0.37142857142857144,0.36000000000000004,0.34658823529411764,0.304,0.4379454492016411,3.6,6.0,4.0,6.4
svm,signo_zodiacal_piscis,423,0.5,0.5900000000000001,0.5793290043290044,0.6599999999999999,0.6117604617604617,0.538,0.5455363513335649,6.6,4.8,5.2,3.4
svm,signo_zodiacal_piscis,424,0.5,0.47000000000000003,0.46652337858220216,0.6,0.5163478260869565,0.40800000000000003,0.5021576854518031,6.0,6.6,3.4,4.0
svm,signo_zodiacal_piscis,425,0.5,0.55,0.5478438228438228,0.6,0.5687809774766297,0.538,0.583499878002974,6.0,5.0,5.0,4.0
svm,signo_zodiacal_piscis,426,0.5,0.41,0.4429237429237429,0.52,0.4744524354364172,0.382,0.5004733020677292,5.2,7.0,3.0,4.8
svm,signo_zodiacal_piscis,427,0.5,0.55,0.5622222222222222,0.4800000000000001,0.5105263157894736,0.5960000000000001,0.6471712998903401,4.8,3.8,6.2,5.2
svm,signo_zodiacal_piscis,428,0.5,0.49000000000000005,0.4930769230769231,0.5800000000000001,0.5291974204285417,0.544,0.6216206936338515,5.8,6.0,4.0,4.2
svm,signo_zodiacal_piscis,429,0.5,0.48,0.4768253968253968,0.4999999999999999,0.48160896894643024,0.492,0.5796704133499798,5.0,5.4,4.6,5.0
svm,signo_zodiacal_piscis,430,0.5,0.42000000000000004,0.4227272727272727,0.5,0.456015037593985,0.372,0.4752689891807539,5.0,6.6,3.4,5.0
svm,signo_zodiacal_piscis,431,0.5,0.49000000000000005,0.45678321678321676,0.34,0.3549992036948558,0.5280000000000001,0.5366105452854678,3.4,3.6,6.4,6.6
svm,signo_zodiacal_piscis,432,0.5,0.49000000000000005,0.4828220798809035,0.6599999999999999,0.554780726519857,0.522,0.5789310858560085,6.6,6.8,3.2,3.4
svm,signo_zodiacal_piscis,433,0.5,0.58,0.5690909090909091,0.66,0.6077402597402598,0.524,0.5787693797430639,6.6,5.0,5.0,3.4
svm,signo_zodiacal_piscis,434,0.5,0.5800000000000001,0.5576190476190476,0.7799999999999999,0.6492727272727273,0.5589999999999999,0.5796998899793017,7.8,6.2,3.8,2.2
svm,signo_zodiacal_piscis,435,0.5,0.43,0.43025641025641026,0.32,0.3551144164759725,0.39699999999999996,0.49961369332421957,3.2,4.6,5.4,6.8
svm,signo_zodiacal_piscis,436,0.5,0.55,0.5370995670995671,0.45999999999999996,0.4877723721067374,0.5640000000000001,0.6612961929711154,4.6,3.6,6.4,5.4
svm,signo_zodiacal_piscis,437,0.5,0.6,0.6411904761904762,0.45999999999999996,0.5287581699346405,0.5980000000000001,0.6466146276324294,4.6,2.6,7.4,5.4
svm,signo_zodiacal_piscis,438,0.5,0.5,0.5016317016317016,0.4999999999999999,0.4916886253842776,0.48,0.5565534194048125,5.0,5.0,5.0,5.0
svm,signo_zodiacal_piscis,439,0.5,0.52,0.5309090909090909,0.6,0.5565714285714285,0.5559999999999999,0.6229129846761425,6.0,5.6,4.4,4.0
svm,signo_zodiacal_piscis,440,0.5,0.43000000000000005,0.44676767676767676,0.36,0.3872624743677375,0.4760000000000001,0.5733878909188508,3.6,5.0,5.0,6.4
svm,signo_zodiacal_piscis,441,0.5,0.47000000000000003,0.46333333333333326,0.48,0.4624242424242424,0.51,0.5688276790289175,4.8,5.4,4.6,5.2
svm,signo_zodiacal_piscis,442,0.5,0.5000000000000001,0.5010256410256411,0.6,0.5398794813119756,0.47400000000000003,0.5667062531551694,6.0,6.0,4.0,4.0
svm,signo_zodiacal_piscis,443,0.5,0.52,0.5427314515549809,0.6,0.5566534461136695,0.568,0.590304738776875,6.0,5.6,4.4,4.0
svm,signo_zodiacal_piscis,444,0.5,0.61,0.6071872571872572,0.7,0.6463802787601415,0.5880000000000001,0.5862666179709524,7.0,4.8,5.2,3.0
svm,signo_zodiacal_piscis,445,0.5,0.39,0.3712820512820513,0.36000000000000004,0.3520289855072464,0.386,0.48545499151691107,3.6,5.8,4.2,6.4
svm,signo_zodiacal_piscis,446,0.5,0.44000000000000006,0.4412698412698413,0.36,0.384668891480037,0.46399999999999997,0.56714490102261,3.6,4.8,5.2,6.4
svm,signo_zodiacal_piscis,447,0.5,0.45999999999999996,0.4611111111111111,0.42000000000000004,0.4371079213184476,0.426,0.48669087448499215,4.2,5.0,5.0,5.8
svm,signo_zodiacal_piscis,448,0.5,0.4800000000000001,0.4653679653679653,0.48,0.4607446217353338,0.466,0.5589967716322205,4.8,5.2,4.8,5.2
svm,signo_zodiacal_piscis,449,0.5,0.45,0.45809523809523806,0.58,0.508,0.446,0.553098005967201,5.8,6.8,3.2,4.2
svm,signo_zodiacal_piscis,450,0.5,0.47000000000000003,0.46931818181818186,0.6,0.5221684981684981,0.46799999999999997,0.5634216251584673,6.0,6.6,3.4,4.0
svm,signo_zodiacal_piscis,451,0.5,0.54,0.5327020202020202,0.5399999999999999,0.5227162929949307,0.5860000000000001,0.6535786158286158,5.4,4.6,5.4,4.6
svm,signo_zodiacal_piscis,452,0.5,0.5199999999999999,0.518065268065268,0.62,0.5640880858272161,0.55,0.5907624658623111,6.2,5.8,4.2,3.8
svm,signo_zodiacal_piscis,453,0.5,0.44000000000000006,0.4127272727272727,0.42000000000000004,0.3986709956709957,0.526,0.5964396785704834,4.2,5.4,4.6,5.8
svm,signo_zodiacal_piscis,454,0.5,0.39,0.335,0.22000000000000003,0.26149122807017544,0.344,0.49915996301600024,2.2,4.4,5.6,7.8
svm,signo_zodiacal_piscis,455,0.5,0.51,0.502020202020202,0.5,0.49853421432368805,0.45200000000000007,0.49385831712147504,5.0,4.8,5.2,5.0
svm,signo_zodiacal_piscis,456,0.5,0.43000000000000005,0.33174603174603173,0.26,0.29074647402820775,0.40800000000000003,0.4633816287771396,2.6,4.0,6.0,7.4
svm,signo_zodiacal_piscis,457,0.5,0.6599999999999999,0.6162337662337662,0.8200000000000001,0.7015584415584415,0.68,0.6725459062781043,8.2,5.0,5.0,1.8
svm,signo_zodiacal_piscis,458,0.5,0.5599999999999999,0.6004761904761904,0.42000000000000004,0.4870588235294117,0.596,0.6530205072705073,4.2,3.0,7.0,5.8
svm,signo_zodiacal_piscis,459,0.5,0.54,0.5535353535353535,0.54,0.5377306903622692,0.516,0.5728885193753614,5.4,4.6,5.4,4.6
svm,signo_zodiacal_piscis,460,0.5,0.5200000000000001,0.5220862470862471,0.6,0.5529801116757639,0.4720000000000001,0.5288747510659275,6.0,5.6,4.4,4.0
svm,signo_zodiacal_piscis,461,0.5,0.49000000000000005,0.5040909090909091,0.58,0.5361172161172162,0.476,0.5621031679019295,5.8,6.0,4.0,4.2
svm,signo_zodiacal_piscis,462,0.5,0.5700000000000001,0.5647330447330448,0.58,0.5649948400412796,0.556,0.6327859450491029,5.8,4.4,5.6,4.2
svm,signo_zodiacal_piscis,463,0.5,0.49000000000000005,0.5002997002997003,0.6,0.535103472827258,0.4840000000000001,0.5698873795623022,6.0,6.2,3.8,4.0
svm,signo_zodiacal_piscis,464,0.5,0.49000000000000005,0.4919347319347319,0.6,0.538068134763787,0.518,0.594927654217128,6.0,6.2,3.8,4.0
svm,signo_zodiacal_piscis,465,0.5,0.53,0.5234188034188034,0.5,0.5029443173150268,0.532,0.562235909687148,5.0,4.4,5.6,5.0
svm,signo_zodiacal_piscis,466,0.5,0.47000000000000003,0.47132867132867134,0.6,0.5265010351966875,0.543,0.6043586588849746,6.0,6.6,3.4,4.0
svm,signo_zodiacal_piscis,467,0.5,0.4,0.3571428571428571,0.33999999999999997,0.3428163992869875,0.422,0.4985442325132728,3.4,5.4,4.6,6.6
svm,signo_zodiacal_piscis,468,0.5,0.53,0.5365079365079365,0.42000000000000004,0.4617868199911544,0.556,0.598130785279392,4.2,3.6,6.4,5.8
svm,signo_zodiacal_piscis,469,0.5,0.44000000000000006,0.44385281385281383,0.48,0.4557830404889229,0.406,0.5229399238532366,4.8,6.0,4.0,5.2
svm,signo_zodiacal_piscis,470,0.5,0.52,0.5131313131313131,0.58,0.5430849851902483,0.526,0.6362901618505333,5.8,5.4,4.6,4.2
svm,signo_zodiacal_piscis,471,0.5,0.5599999999999999,0.5515584415584416,0.7200000000000001,0.6226060606060606,0.5660000000000001,0.6222618112881271,7.2,6.0,4.0,2.8
svm,signo_zodiacal_piscis,472,0.5,0.5800000000000001,0.6683766233766233,0.45999999999999996,0.5061811391223155,0.648,0.6859744677407216,4.6,3.0,7.0,5.4
svm,signo_zodiacal_piscis,473,0.5,0.4800000000000001,0.48701298701298706,0.42000000000000004,0.43697478991596633,0.45600000000000007,0.5200734532924935,4.2,4.6,5.4,5.8
svm,signo_zodiacal_piscis,474,0.5,0.5800000000000001,0.58,0.5,0.53,0.556,0.6288027142276368,5.0,3.4,6.6,5.0
svm,signo_zodiacal_piscis,475,0.5,0.5200000000000001,0.5186868686868688,0.5599999999999999,0.533329535961115,0.5269999999999999,0.6019818704687125,5.6,5.2,4.8,4.4
svm,signo_zodiacal_piscis,476,0.5,0.54,0.5161538461538462,0.56,0.5315942028985507,0.592,0.6123845186461285,5.6,4.8,5.2,4.4
svm,signo_zodiacal_piscis,477,0.5,0.62,0.6325541125541125,0.6,0.6115818959162612,0.6519999999999999,0.6798068043068043,6.0,3.6,6.4,4.0
svm,signo_zodiacal_piscis,478,0.5,0.43000000000000005,0.44454212454212455,0.45999999999999996,0.44196305768684285,0.40800000000000003,0.5268926849724063,4.6,6.0,4.0,5.4
svm,signo_zodiacal_piscis,479,0.5,0.6,0.6238095238095238,0.52,0.5612596553773024,0.632,0.6346266125515351,5.2,3.2,6.8,4.8
svm,signo_zodiacal_piscis,480,0.5,0.31999999999999995,0.2633333333333333,0.3,0.27632961190855926,0.272,0.42370762733998024,3.0,6.6,3.4,7.0
svm,signo_zodiacal_piscis,481,0.5,0.53,0.5616666666666666,0.36000000000000004,0.42340980656770133,0.526,0.5743551623814782,3.6,3.0,7.0,6.4
svm,signo_zodiacal_piscis,482,0.5,0.54,0.546002886002886,0.5599999999999999,0.5447141382868936,0.5240000000000001,0.587877252864095,5.6,4.8,5.2,4.4
svm,signo_zodiacal_piscis,483,0.5,0.5900000000000001,0.6015656565656566,0.4800000000000001,0.5237552213868003,0.57,0.591249111569545,4.8,3.0,7.0,5.2
svm,signo_zodiacal_piscis,484,0.5,0.44000000000000006,0.3997435897435898,0.45999999999999996,0.4170395256916996,0.398,0.5000954529646481,4.6,5.8,4.2,5.4
svm,signo_zodiacal_piscis,485,0.5,0.55,0.6178571428571429,0.42000000000000004,0.4874883286647992,0.558,0.6440307553643466,4.2,3.2,6.8,5.8
svm,signo_zodiacal_piscis,486,0.5,0.49000000000000005,0.48571428571428565,0.42000000000000004,0.4455882352941177,0.476,0.5351187156496755,4.2,4.4,5.6,5.8
svm,signo_zodiacal_piscis,487,0.5,0.5199999999999999,0.4934523809523809,0.48,0.46132821426939075,0.51,0.5557167832167832,4.8,4.4,5.6,5.2
svm,signo_zodiacal_piscis,488,0.5,0.47000000000000003,0.4767399267399267,0.5199999999999999,0.4828502415458938,0.446,0.5579102841602841,5.2,5.8,4.2,4.8
svm,signo_zodiacal_piscis,489,0.5,0.4600000000000001,0.4583333333333333,0.3,0.35714285714285715,0.422,0.5292006898330428,3.0,3.8,6.2,7.0
svm,signo_zodiacal_piscis,490,0.5,0.41,0.40388888888888885,0.4,0.3999681020733652,0.47000000000000003,0.5754951333496224,4.0,5.8,4.2,6.0
svm,signo_zodiacal_piscis,491,0.5,0.5599999999999999,0.5874603174603175,0.42000000000000004,0.48577915376676983,0.5640000000000001,0.6142715519774343,4.2,3.0,7.0,5.8
svm,signo_zodiacal_piscis,492,0.5,0.55,0.5488034188034188,0.6399999999999999,0.5862750156022467,0.502,0.5455363041671091,6.4,5.4,4.6,3.6
svm,signo_zodiacal_piscis,493,0.5,0.49000000000000005,0.4890909090909091,0.6799999999999999,0.5635164835164835,0.522,0.5845627227949209,6.8,7.0,3.0,3.2
svm,signo_zodiacal_piscis,494,0.5,0.44000000000000006,0.3333333333333333,0.2,0.25,0.392,0.47673316655824394,2.0,3.2,6.8,8.0
svm,signo_zodiacal_piscis,495,0.5,0.53,0.5273809523809524,0.52,0.5184958832017655,0.568,0.6221525604598359,5.2,4.6,5.4,4.8
svm,signo_zodiacal_piscis,496,0.5,0.5599999999999999,0.5499145299145298,0.64,0.5880708688717842,0.5720000000000001,0.621494709538827,6.4,5.2,4.8,3.6
svm,signo_zodiacal_piscis,497,0.5,0.39,0.3836247086247086,0.4,0.3841614906832298,0.402,0.491402710035063,4.0,6.2,3.8,6.0
svm,signo_zodiacal_piscis,498,0.5,0.54,0.55,0.4800000000000001,0.5022727272727272,0.512,0.5814259537332293,4.8,4.0,6.0,5.2
svm,signo_zodiacal_piscis,499,0.5,0.43,0.43896103896103894,0.45999999999999996,0.4443977591036415,0.434,0.5393303085803086,4.6,6.0,4.0,5.4
svm,signo_zodiacal_piscis,500,0.5,0.45999999999999996,0.4558191808191808,0.45999999999999996,0.4527828522713434,0.41000000000000003,0.507275346170857,4.6,5.4,4.6,5.4
svm,signo_zodiacal_sagitario,1,0.5,0.55,0.5922222222222222,0.38,0.4470676691729323,0.5740000000000001,0.6487422854922855,3.8,2.8,7.2,6.2
svm,signo_zodiacal_sagitario,2,0.5,0.42000000000000004,0.3912820512820513,0.48,0.42485354691075516,0.346,0.48186168776184257,4.8,6.4,3.6,5.2
svm,signo_zodiacal_sagitario,3,0.5,0.5800000000000001,0.5876767676767678,0.4800000000000001,0.5179072681704261,0.5740000000000001,0.617474710961553,4.8,3.2,6.8,5.2
svm,signo_zodiacal_sagitario,4,0.5,0.5700000000000001,0.6375457875457876,0.5800000000000001,0.5482872200263504,0.556,0.5973333202744967,5.8,4.4,5.6,4.2
svm,signo_zodiacal_sagitario,5,0.5,0.44000000000000006,0.44848484848484843,0.4600000000000001,0.44729437229437224,0.40800000000000003,0.4845636595946193,4.6,5.8,4.2,5.4
svm,signo_zodiacal_sagitario,6,0.5,0.43000000000000005,0.4069347319347319,0.4,0.3968017870763866,0.406,0.485343259681495,4.0,5.4,4.6,6.0
svm,signo_zodiacal_sagitario,7,0.5,0.43000000000000005,0.37230769230769234,0.36,0.3576811594202899,0.47800000000000004,0.5440199326816973,3.6,5.0,5.0,6.4
svm,signo_zodiacal_sagitario,8,0.5,0.6,0.6248917748917748,0.5,0.5496732026143791,0.5740000000000001,0.6615465002833424,5.0,3.0,7.0,5.0
svm,signo_zodiacal_sagitario,9,0.5,0.55,0.5393589743589743,0.5800000000000001,0.5556785243741766,0.6079999999999999,0.6545840158293718,5.8,4.8,5.2,4.2
svm,signo_zodiacal_sagitario,10,0.5,0.5599999999999999,0.5666666666666667,0.56,0.5585858585858585,0.576,0.6443086517026145,5.6,4.4,5.6,4.4
svm,signo_zodiacal_sagitario,11,0.5,0.5399999999999999,0.6076190476190476,0.6,0.5359999999999999,0.532,0.6008299761813694,6.0,5.2,4.8,4.0
svm,signo_zodiacal_sagitario,12,0.5,0.43000000000000005,0.4295454545454545,0.44000000000000006,0.4333333333333333,0.38,0.484861724275037,4.4,5.8,4.2,5.6
svm,signo_zodiacal_sagitario,13,0.5,0.39,0.37222222222222223,0.38,0.3730994152046784,0.426,0.4879201256260079,3.8,6.0,4.0,6.2
svm,signo_zodiacal_sagitario,14,0.5,0.51,0.5007575757575757,0.5599999999999999,0.524891774891775,0.528,0.5860492018301615,5.6,5.4,4.6,4.4
svm,signo_zodiacal_sagitario,15,0.5,0.62,0.6144444444444443,0.64,0.6243062200956938,0.71,0.7172223419855,6.4,4.0,6.0,3.6
svm,signo_zodiacal_sagitario,16,0.5,0.39,0.39154761904761903,0.45999999999999996,0.3990573870573871,0.322,0.4864490099683598,4.6,6.8,3.2,5.4
svm,signo_zodiacal_sagitario,17,0.5,0.4600000000000001,0.4636630036630037,0.5599999999999999,0.5003747965589398,0.476,0.5443137793578969,5.6,6.4,3.6,4.4
svm,signo_zodiacal_sagitario,18,0.5,0.49000000000000005,0.490909090909091,0.4999999999999999,0.4902673350041771,0.555,0.5898159326054062,5.0,5.2,4.8,5.0
svm,signo_zodiacal_sagitario,19,0.5,0.4800000000000001,0.4844444444444444,0.64,0.5457340203655994,0.43600000000000005,0.5068918510110461,6.4,6.8,3.2,3.6
svm,signo_zodiacal_sagitario,20,0.5,0.53,0.5712121212121213,0.4600000000000001,0.4983044733044733,0.519,0.5943486590808573,4.6,4.0,6.0,5.4
svm,signo_zodiacal_sagitario,21,0.5,0.45999999999999996,0.4603535353535353,0.42000000000000004,0.4379281537176274,0.492,0.565795739777938,4.2,5.0,5.0,5.8
svm,signo_zodiacal_sagitario,22,0.5,0.41,0.40979797979797983,0.33999999999999997,0.36389306599832916,0.4699999999999999,0.5462546605441342,3.4,5.2,4.8,6.6
svm,signo_zodiacal_sagitario,23,0.5,0.51,0.5155555555555555,0.48,0.48168421052631577,0.5730000000000001,0.6220978912728139,4.8,4.6,5.4,5.2
svm,signo_zodiacal_sagitario,24,0.5,0.5900000000000001,0.611038961038961,0.5,0.5366946778711484,0.602,0.6071835468453116,5.0,3.2,6.8,5.0
svm,signo_zodiacal_sagitario,25,0.5,0.4,0.3852564102564102,0.38,0.3758719922335483,0.316,0.44209716676512345,3.8,5.8,4.2,6.2
svm,signo_zodiacal_sagitario,26,0.5,0.5200000000000001,0.513968253968254,0.34,0.4045768833849329,0.536,0.5683340440089666,3.4,3.0,7.0,6.6
svm,signo_zodiacal_sagitario,27,0.5,0.55,0.548989898989899,0.56,0.5517278043593832,0.55,0.6333386129694178,5.6,4.6,5.4,4.4
svm,signo_zodiacal_sagitario,28,0.5,0.43,0.4011388611388611,0.5,0.4381573498964803,0.32,0.4453992106964243,5.0,6.4,3.6,5.0
svm,signo_zodiacal_sagitario,29,0.5,0.5700000000000001,0.6100000000000001,0.42000000000000004,0.4647142857142857,0.6000000000000001,0.6815215046391517,4.2,2.8,7.2,5.8
svm,signo_zodiacal_sagitario,30,0.5,0.5,0.5266233766233765,0.36000000000000004,0.39396485867074105,0.48599999999999993,0.5624908141394209,3.6,3.6,6.4,6.4
svm,signo_zodiacal_sagitario,31,0.5,0.55,0.550050505050505,0.52,0.5328654970760234,0.57,0.6344893146069617,5.2,4.2,5.8,4.8
svm,signo_zodiacal_sagitario,32,0.5,0.43,0.4212698412698412,0.31999999999999995,0.3558593676705132,0.44000000000000006,0.5181121547870774,3.2,4.6,5.4,6.8
svm,signo_zodiacal_sagitario,33,0.5,0.45,0.4203907203907204,0.42000000000000004,0.41209938937089297,0.488,0.5622855375618533,4.2,5.2,4.8,5.8
svm,signo_zodiacal_sagitario,34,0.5,0.5399999999999999,0.540530303030303,0.6599999999999999,0.5916749916749916,0.54,0.576053528772569,6.6,5.8,4.2,3.4
svm,signo_zodiacal_sagitario,35,0.5,0.5,0.5088383838383839,0.45999999999999996,0.481453634085213,0.506,0.6020343812534215,4.6,4.6,5.4,5.4
svm,signo_zodiacal_sagitario,36,0.5,0.45,0.42272727272727273,0.4,0.39920634920634923,0.4660000000000001,0.5327351433396326,4.0,5.0,5.0,6.0
svm,signo_zodiacal_sagitario,37,0.5,0.5800000000000001,0.5773626373626373,0.62,0.5875638713151166,0.611,0.6515055957114779,6.2,4.6,5.4,3.8
svm,signo_zodiacal_sagitario,38,0.5,0.55,0.5490909090909091,0.58,0.5574903926482874,0.47800000000000004,0.5222504619563443,5.8,4.8,5.2,4.2
svm,signo_zodiacal_sagitario,39,0.5,0.55,0.5386446886446887,0.6599999999999999,0.5918690005646526,0.54,0.5840388592315837,6.6,5.6,4.4,3.4
svm,signo_zodiacal_sagitario,40,0.5,0.53,0.6272222222222222,0.4,0.4380010632642211,0.45099999999999996,0.5778906665230195,4.0,3.4,6.6,6.0
svm,signo_zodiacal_sagitario,41,0.5,0.5,0.5024908424908425,0.6599999999999999,0.5694440052700922,0.5189999999999999,0.5755092238343013,6.6,6.6,3.4,3.4
svm,signo_zodiacal_sagitario,42,0.5,0.58,0.6031746031746031,0.45999999999999996,0.5193498452012384,0.536,0.582668942770336,4.6,3.0,7.0,5.4
svm,signo_zodiacal_sagitario,43,0.5,0.53,0.5402020202020201,0.44000000000000006,0.4773266499582289,0.506,0.5823439693261674,4.4,3.8,6.2,5.6
svm,signo_zodiacal_sagitario,44,0.5,0.55,0.53992673992674,0.6199999999999999,0.5726093890853616,0.5960000000000001,0.6421880217305913,6.2,5.2,4.8,3.8
svm,signo_zodiacal_sagitario,45,0.5,0.5900000000000001,0.5876190476190476,0.6,0.5844334365325077,0.6199999999999999,0.650125437857636,6.0,4.2,5.8,4.0
svm,signo_zodiacal_sagitario,46,0.5,0.45,0.46535947712418296,0.6,0.5155236576289208,0.392,0.4664638056302143,6.0,7.0,3.0,4.0
svm,signo_zodiacal_sagitario,47,0.5,0.43000000000000005,0.4216666666666667,0.38,0.3992982456140351,0.454,0.5180853739483771,3.8,5.2,4.8,6.2
svm,signo_zodiacal_sagitario,48,0.5,0.49000000000000005,0.5083333333333333,0.38,0.4127289377289377,0.49399999999999994,0.5557709049636294,3.8,4.0,6.0,6.2
svm,signo_zodiacal_sagitario,49,0.5,0.5,0.49979797979797985,0.5199999999999999,0.5050041771094402,0.538,0.6160503919884723,5.2,5.2,4.8,4.8
svm,signo_zodiacal_sagitario,50,0.5,0.56,0.5757142857142857,0.5399999999999999,0.5511111111111111,0.558,0.6330343282448545,5.4,4.2,5.8,4.6
svm,signo_zodiacal_sagitario,51,0.5,0.45,0.41802197802197794,0.38,0.39107641225826717,0.48599999999999993,0.5357783960105942,3.8,4.8,5.2,6.2
svm,signo_zodiacal_sagitario,52,0.5,0.41000000000000003,0.4042577030812325,0.36,0.36056644880174293,0.299,0.4452026533837679,3.6,5.4,4.6,6.4
svm,signo_zodiacal_sagitario,53,0.5,0.49000000000000005,0.508974358974359,0.48,0.47934782608695653,0.418,0.5166383061383062,4.8,5.0,5.0,5.2
svm,signo_zodiacal_sagitario,54,0.5,0.45999999999999996,0.43177489177489176,0.45999999999999996,0.4425062656641604,0.47800000000000004,0.5667087613968418,4.6,5.4,4.6,5.4
svm,signo_zodiacal_sagitario,55,0.5,0.51,0.4892857142857142,0.45999999999999996,0.46503267973856205,0.568,0.5973349695540098,4.6,4.4,5.6,5.4
svm,signo_zodiacal_sagitario,56,0.5,0.5,0.48809523809523814,0.48,0.47797300738477216,0.533,0.60309734666778,4.8,4.8,5.2,5.2
svm,signo_zodiacal_sagitario,57,0.5,0.53,0.5246031746031747,0.5,0.5083872783563186,0.502,0.5546155223345626,5.0,4.4,5.6,5.0
svm,signo_zodiacal_sagitario,58,0.5,0.45,0.4666666666666666,0.52,0.48502673796791446,0.40800000000000003,0.5055949697876942,5.2,6.2,3.8,4.8
svm,signo_zodiacal_sagitario,59,0.5,0.5599999999999999,0.5574675324675324,0.64,0.5896825396825397,0.558,0.5803670747037619,6.4,5.2,4.8,3.6
svm,signo_zodiacal_sagitario,60,0.5,0.5599999999999999,0.5696678321678321,0.68,0.6111084567606306,0.6140000000000001,0.6698031315090137,6.8,5.6,4.4,3.2
svm,signo_zodiacal_sagitario,61,0.5,0.57,0.5453968253968254,0.6199999999999999,0.565384370015949,0.554,0.546525269020625,6.2,4.8,5.2,3.8
svm,signo_zodiacal_sagitario,62,0.5,0.7,0.7407142857142857,0.58,0.6458496732026144,0.6759999999999999,0.7225043361351411,5.8,1.8,8.2,4.2
svm,signo_zodiacal_sagitario,63,0.5,0.54,0.569047619047619,0.39999999999999997,0.46707946336429307,0.55,0.6053546653724672,4.0,3.2,6.8,6.0
svm,signo_zodiacal_sagitario,64,0.5,0.47000000000000003,0.46491452991453,0.5199999999999999,0.4846163234172387,0.518,0.5987653288404061,5.2,5.8,4.2,4.8
svm,signo_zodiacal_sagitario,65,0.5,0.55,0.5402777777777779,0.62,0.5689772216088006,0.548,0.5995716652628417,6.2,5.2,4.8,3.8
svm,signo_zodiacal_sagitario,66,0.5,0.5599999999999999,0.5650000000000001,0.45999999999999996,0.5038888888888888,0.5239999999999999,0.5927407947229927,4.6,3.4,6.6,5.4
svm,signo_zodiacal_sagitario,67,0.5,0.5200000000000001,0.5085281385281386,0.4,0.43792717086834737,0.5680000000000001,0.6105558134675781,4.0,3.6,6.4,6.0
svm,signo_zodiacal_sagitario,68,0.5,0.45999999999999996,0.4504761904761905,0.5200000000000001,0.4776042780748663,0.48200000000000004,0.5274824315691189,5.2,6.0,4.0,4.8
svm,signo_zodiacal_sagitario,69,0.5,0.5199999999999999,0.5133838383838383,0.54,0.5234449760765549,0.52,0.5491093638903235,5.4,5.0,5.0,4.6
svm,signo_zodiacal_sagitario,70,0.5,0.4600000000000001,0.4355555555555556,0.44000000000000006,0.42106671360675935,0.49000000000000005,0.5645245532761013,4.4,5.2,4.8,5.6
svm,signo_zodiacal_sagitario,71,0.5,0.49000000000000005,0.4793650793650793,0.36,0.40361688535063145,0.5319999999999999,0.5514203808747152,3.6,3.8,6.2,6.4
svm,signo_zodiacal_sagitario,72,0.5,0.54,0.5166666666666666,0.36,0.41453634085213037,0.5,0.5763263941940412,3.6,2.8,7.2,6.4
svm,signo_zodiacal_sagitario,73,0.5,0.5900000000000001,0.6022222222222222,0.4800000000000001,0.527017543859649,0.5199999999999999,0.5843811291048133,4.8,3.0,7.0,5.2
svm,signo_zodiacal_sagitario,74,0.5,0.51,0.5128787878787879,0.62,0.5518981018981018,0.516,0.6019050302123057,6.2,6.0,4.0,3.8
svm,signo_zodiacal_sagitario,75,0.5,0.38,0.38,0.4,0.388080808080808,0.357,0.4608479608626667,4.0,6.4,3.6,6.0
svm,signo_zodiacal_sagitario,76,0.5,0.53,0.5480158730158731,0.4,0.46016511867905063,0.506,0.5470949812141762,4.0,3.4,6.6,6.0
svm,signo_zodiacal_sagitario,77,0.5,0.53,0.5493589743589744,0.5399999999999999,0.5180594767551289,0.5820000000000001,0.6360343729198218,5.4,4.8,5.2,4.6
svm,signo_zodiacal_sagitario,78,0.5,0.49000000000000005,0.4958791208791209,0.43999999999999995,0.45924978687127027,0.41,0.5125071595071595,4.4,4.6,5.4,5.6
svm,signo_zodiacal_sagitario,79,0.5,0.52,0.5164285714285715,0.44000000000000006,0.4722875816993464,0.522,0.593684537083144,4.4,4.0,6.0,5.6
svm,signo_zodiacal_sagitario,80,0.5,0.51,0.5165501165501165,0.62,0.5592350441320694,0.538,0.6064366118058068,6.2,6.0,4.0,3.8
svm,signo_zodiacal_sagitario,81,0.5,0.51,0.5116666666666667,0.44000000000000006,0.472046783625731,0.462,0.5285542041377955,4.4,4.2,5.8,5.6
svm,signo_zodiacal_sagitario,82,0.5,0.49000000000000005,0.48409090909090907,0.56,0.5158008658008658,0.5199999999999999,0.5848646174087351,5.6,5.8,4.2,4.4
svm,signo_zodiacal_sagitario,83,0.5,0.43999999999999995,0.4532034632034632,0.33999999999999997,0.3741583906289788,0.45600000000000007,0.5534486700090415,3.4,4.6,5.4,6.6
svm,signo_zodiacal_sagitario,84,0.5,0.4600000000000001,0.4535606060606061,0.5599999999999999,0.4933186813186813,0.45999999999999996,0.5432264243324615,5.6,6.4,3.6,4.4
svm,signo_zodiacal_sagitario,85,0.5,0.47000000000000003,0.46883116883116893,0.54,0.5,0.45,0.522794622044622,5.4,6.0,4.0,4.6
svm,signo_zodiacal_sagitario,86,0.5,0.52,0.5094877344877344,0.5,0.4945488721804511,0.48200000000000004,0.5231808638557864,5.0,4.6,5.4,5.0
svm,signo_zodiacal_sagitario,87,0.5,0.53,0.5476800976800977,0.41999999999999993,0.4546434821068015,0.557,0.5830389594066064,4.2,3.6,6.4,5.8
svm,signo_zodiacal_sagitario,88,0.5,0.54,0.5424242424242424,0.42000000000000004,0.4626190476190476,0.56,0.5597359111476758,4.2,3.4,6.6,5.8
svm,signo_zodiacal_sagitario,89,0.5,0.5,0.497979797979798,0.4,0.43820212295444494,0.488,0.532136243443519,4.0,4.0,6.0,6.0
svm,signo_zodiacal_sagitario,90,0.5,0.43000000000000005,0.44135531135531136,0.52,0.47525691699604744,0.446,0.5291324306928022,5.2,6.6,3.4,4.8
svm,signo_zodiacal_sagitario,91,0.5,0.52,0.4714285714285714,0.4,0.42173202614379085,0.48200000000000004,0.5397265261398388,4.0,3.6,6.4,6.0
svm,signo_zodiacal_sagitario,92,0.5,0.45999999999999996,0.4688311688311688,0.4999999999999999,0.4785332314744079,0.48600000000000004,0.5744339857768651,5.0,5.8,4.2,5.0
svm,signo_zodiacal_sagitario,93,0.5,0.48,0.4809523809523809,0.54,0.5046251993620414,0.44399999999999995,0.509331335932729,5.4,5.8,4.2,4.6
svm,signo_zodiacal_sagitario,94,0.5,0.47000000000000003,0.47067932067932067,0.5599999999999999,0.509139449414049,0.4640000000000001,0.5784052640685768,5.6,6.2,3.8,4.4
svm,signo_zodiacal_sagitario,95,0.5,0.5399999999999999,0.5564574314574314,0.48,0.5129981817288318,0.554,0.5933102081956572,4.8,4.0,6.0,5.2
svm,signo_zodiacal_sagitario,96,0.5,0.45,0.4569230769230769,0.42000000000000004,0.42409937888198757,0.44800000000000006,0.5914070111175375,4.2,5.2,4.8,5.8
svm,signo_zodiacal_sagitario,97,0.5,0.4600000000000001,0.46754218004218,0.52,0.4831296222062139,0.484,0.5644855889724312,5.2,6.0,4.0,4.8
svm,signo_zodiacal_sagitario,98,0.5,0.48,0.47298701298701296,0.48,0.4666666666666666,0.49800000000000005,0.5586742309977604,4.8,5.2,4.8,5.2
svm,signo_zodiacal_sagitario,99,0.5,0.63,0.6186480186480187,0.7,0.6538520213577421,0.6880000000000001,0.6995071666379715,7.0,4.4,5.6,3.0
svm,signo_zodiacal_sagitario,100,0.5,0.5,0.48441558441558435,0.54,0.5076648841354723,0.484,0.5420653631714003,5.4,5.4,4.6,4.6
svm,signo_zodiacal_sagitario,101,0.5,0.47000000000000003,0.44595238095238104,0.48,0.43672327672327665,0.376,0.46645940540367786,4.8,5.4,4.6,5.2
svm,signo_zodiacal_sagitario,102,0.5,0.53,0.5577777777777778,0.5,0.5193540669856459,0.534,0.6041364560791804,5.0,4.4,5.6,5.0
svm,signo_zodiacal_sagitario,103,0.5,0.45,0.48126984126984124,0.38000000000000006,0.41419270100384653,0.417,0.4834919612551191,3.8,4.8,5.2,6.2
svm,signo_zodiacal_sagitario,104,0.5,0.5000000000000001,0.4825036075036075,0.38,0.4135791968609306,0.466,0.5121608279061839,3.8,3.8,6.2,6.2
svm,signo_zodiacal_sagitario,105,0.5,0.48,0.48,0.48,0.4716666666666667,0.48,0.5508118372855215,4.8,5.2,4.8,5.2
svm,signo_zodiacal_sagitario,106,0.5,0.55,0.5477777777777778,0.6599999999999999,0.5922794749110538,0.572,0.5899984445379183,6.6,5.6,4.4,3.4
svm,signo_zodiacal_sagitario,107,0.5,0.42000000000000004,0.42987012987012985,0.43999999999999995,0.42809184279772516,0.40599999999999997,0.4785377753481469,4.4,6.0,4.0,5.6
svm,signo_zodiacal_sagitario,108,0.5,0.43000000000000005,0.4257575757575758,0.42000000000000004,0.4203463203463203,0.434,0.5390901963533542,4.2,5.6,4.4,5.8
svm,signo_zodiacal_sagitario,109,0.5,0.54,0.6367832167832168,0.38,0.4095313382269904,0.544,0.5861020929534861,3.8,3.0,7.0,6.2
svm,signo_zodiacal_sagitario,110,0.5,0.58,0.6140476190476191,0.52,0.5573143196672609,0.584,0.6003238889593379,5.2,3.6,6.4,4.8
svm,signo_zodiacal_sagitario,111,0.5,0.44000000000000006,0.34663865546218486,0.44000000000000006,0.3779461279461279,0.504,0.5607235454603876,4.4,5.6,4.4,5.6
svm,signo_zodiacal_sagitario,112,0.5,0.49000000000000005,0.49682539682539684,0.38,0.4278981768145854,0.512,0.5628142303173262,3.8,4.0,6.0,6.2
svm,signo_zodiacal_sagitario,113,0.5,0.51,0.5194444444444445,0.48,0.4961722488038277,0.5880000000000001,0.6339565968946774,4.8,4.6,5.4,5.2
svm,signo_zodiacal_sagitario,114,0.5,0.48999999999999994,0.48321678321678324,0.52,0.48958592132505174,0.5039999999999999,0.5796457976148378,5.2,5.4,4.6,4.8
svm,signo_zodiacal_sagitario,115,0.5,0.55,0.5473809523809524,0.5,0.5178609625668449,0.502,0.5623464127891372,5.0,4.0,6.0,5.0
svm,signo_zodiacal_sagitario,116,0.5,0.42000000000000004,0.4216666666666667,0.36,0.37266666666666665,0.36,0.45031933958714143,3.6,5.2,4.8,6.4
svm,signo_zodiacal_sagitario,117,0.5,0.48,0.4733766233766234,0.44000000000000006,0.45284780578898226,0.508,0.5723125632537396,4.4,4.8,5.2,5.6
svm,signo_zodiacal_sagitario,118,0.5,0.5200000000000001,0.5585714285714285,0.38000000000000006,0.44283846872082167,0.552,0.5798753283180527,3.8,3.4,6.6,6.2
svm,signo_zodiacal_sagitario,119,0.5,0.4600000000000001,0.48901098901098894,0.34,0.3920431940892299,0.429,0.5255388896449268,3.4,4.2,5.8,6.6
svm,signo_zodiacal_sagitario,120,0.5,0.48,0.498888888888889,0.38,0.420675172780436,0.512,0.5677592309651133,3.8,4.2,5.8,6.2
svm,signo_zodiacal_sagitario,121,0.5,0.42000000000000004,0.41425796425796424,0.44000000000000006,0.42382768515491626,0.388,0.492896551590824,4.4,6.0,4.0,5.6
svm,signo_zodiacal_sagitario,122,0.5,0.45,0.4503607503607504,0.4600000000000001,0.4509026577138032,0.40800000000000003,0.5011650581960179,4.6,5.6,4.4,5.4
svm,signo_zodiacal_sagitario,123,0.5,0.54,0.53,0.76,0.6232727272727273,0.532,0.5778471893603472,7.6,6.8,3.2,2.4
svm,signo_zodiacal_sagitario,124,0.5,0.49000000000000005,0.45379120879120877,0.42000000000000004,0.4274964478545041,0.526,0.5942349035553369,4.2,4.4,5.6,5.8
svm,signo_zodiacal_sagitario,125,0.5,0.49000000000000005,0.4759090909090909,0.5399999999999999,0.49797313797313797,0.5280000000000001,0.5674611854433835,5.4,5.6,4.4,4.6
svm,signo_zodiacal_sagitario,126,0.5,0.43,0.4247619047619048,0.45999999999999996,0.43063101604278076,0.45,0.5568986208150294,4.6,6.0,4.0,5.4
svm,signo_zodiacal_sagitario,127,0.5,0.55,0.5657142857142857,0.4,0.4594771241830065,0.49000000000000005,0.5556034618975796,4.0,3.0,7.0,6.0
svm,signo_zodiacal_sagitario,128,0.5,0.5200000000000001,0.5457142857142856,0.41999999999999993,0.4617787114845939,0.472,0.5339673763628873,4.2,3.8,6.2,5.8
svm,signo_zodiacal_sagitario,129,0.5,0.56,0.5577380952380953,0.6799999999999999,0.5960372960372959,0.618,0.6251295540544766,6.8,5.6,4.4,3.2
svm,signo_zodiacal_sagitario,130,0.5,0.54,0.5358441558441558,0.62,0.5682222222222222,0.492,0.57271301024397,6.2,5.4,4.6,3.8
svm,signo_zodiacal_sagitario,131,0.5,0.4,0.40512820512820513,0.4600000000000001,0.4184875510962467,0.35200000000000004,0.46598740088600765,4.6,6.6,3.4,5.4
svm,signo_zodiacal_sagitario,132,0.5,0.53,0.5231060606060607,0.6599999999999999,0.5808857808857808,0.5660000000000001,0.5777086204129548,6.6,6.0,4.0,3.4
svm,signo_zodiacal_sagitario,133,0.5,0.48,0.5023809523809524,0.4,0.42303578774167006,0.4720000000000001,0.5181715310832958,4.0,4.4,5.6,6.0
svm,signo_zodiacal_sagitario,134,0.5,0.52,0.47103174603174597,0.36,0.40708634330925353,0.568,0.6263030466265761,3.6,3.2,6.8,6.4
svm,signo_zodiacal_sagitario,135,0.5,0.6199999999999999,0.6112121212121211,0.6599999999999999,0.6179393939393939,0.644,0.699756105006105,6.6,4.2,5.8,3.4
svm,signo_zodiacal_sagitario,136,0.5,0.53,0.5202413273001507,0.7,0.592163372859025,0.522,0.5614359447741799,7.0,6.4,3.6,3.0
svm,signo_zodiacal_sagitario,137,0.5,0.55,0.5624242424242424,0.54,0.5433766233766233,0.5279999999999999,0.5808071285439707,5.4,4.4,5.6,4.6
svm,signo_zodiacal_sagitario,138,0.5,0.38,0.366926406926407,0.44000000000000006,0.3886233766233766,0.286,0.45055459719159413,4.4,6.8,3.2,5.6
svm,signo_zodiacal_sagitario,139,0.5,0.45999999999999996,0.47321428571428575,0.5599999999999999,0.5021367521367521,0.42799999999999994,0.5041319962287455,5.6,6.4,3.6,4.4
svm,signo_zodiacal_sagitario,140,0.5,0.62,0.6352813852813852,0.5800000000000001,0.5996095407860114,0.64,0.7151568682435555,5.8,3.4,6.6,4.2
svm,signo_zodiacal_sagitario,141,0.5,0.5,0.5198412698412699,0.42000000000000004,0.45812615317259275,0.526,0.6265875709258062,4.2,4.2,5.8,5.8
svm,signo_zodiacal_sagitario,142,0.5,0.52,0.5916666666666667,0.36,0.42371955529850264,0.5820000000000001,0.6465620207106275,3.6,3.2,6.8,6.4
svm,signo_zodiacal_sagitario,143,0.5,0.53,0.5213564213564215,0.5800000000000001,0.5461152882205513,0.527,0.6128542013542013,5.8,5.2,4.8,4.2
svm,signo_zodiacal_sagitario,144,0.5,0.41,0.3869047619047619,0.4,0.39062897886427295,0.346,0.44585392651723926,4.0,5.8,4.2,6.0
svm,signo_zodiacal_sagitario,145,0.5,0.5800000000000001,0.5923809523809525,0.45999999999999996,0.5119040247678018,0.5760000000000001,0.6244158249731006,4.6,3.0,7.0,5.4
svm,signo_zodiacal_sagitario,146,0.5,0.5700000000000001,0.6097435897435897,0.52,0.5413792386103599,0.558,0.630662122191534,5.2,3.8,6.2,4.8
svm,signo_zodiacal_sagitario,147,0.5,0.51,0.4954761904761905,0.36,0.41281905744754044,0.47400000000000003,0.5417757371627341,3.6,3.4,6.6,6.4
svm,signo_zodiacal_sagitario,148,0.5,0.53,0.5285714285714285,0.6200000000000001,0.5600517129928895,0.5740000000000001,0.6362168376858779,6.2,5.6,4.4,3.8
svm,signo_zodiacal_sagitario,149,0.5,0.47000000000000003,0.5333333333333333,0.36,0.38934837092731833,0.45199999999999996,0.5652725705666882,3.6,4.2,5.8,6.4
svm,signo_zodiacal_sagitario,150,0.5,0.5700000000000001,0.5808441558441558,0.52,0.5417706476530005,0.548,0.5704731096217165,5.2,3.8,6.2,4.8
svm,signo_zodiacal_sagitario,151,0.5,0.52,0.5215584415584416,0.6000000000000001,0.5521403508771929,0.5,0.5387265677219237,6.0,5.6,4.4,4.0
svm,signo_zodiacal_sagitario,152,0.5,0.6,0.5796536796536796,0.64,0.6039215686274509,0.677,0.709880425130425,6.4,4.4,5.6,3.6
svm,signo_zodiacal_sagitario,153,0.5,0.41,0.39494949494949494,0.32,0.3485588972431078,0.484,0.5569126604389762,3.2,5.0,5.0,6.8
svm,signo_zodiacal_sagitario,154,0.5,0.42000000000000004,0.43166666666666675,0.5199999999999999,0.46557575757575764,0.40800000000000003,0.49549133159582076,5.2,6.8,3.2,4.8
svm,signo_zodiacal_sagitario,155,0.5,0.42000000000000004,0.4541666666666667,0.56,0.49582627898417375,0.47800000000000004,0.5788548792109163,5.6,7.2,2.8,4.4
svm,signo_zodiacal_sagitario,156,0.5,0.41999999999999993,0.4359523809523809,0.42000000000000004,0.41847212299224684,0.41200000000000003,0.5428925082485454,4.2,5.8,4.2,5.8
svm,signo_zodiacal_sagitario,157,0.5,0.61,0.6744949494949495,0.5199999999999999,0.5692564745196325,0.6619999999999999,0.6968548016311173,5.2,3.0,7.0,4.8
svm,signo_zodiacal_sagitario,158,0.5,0.43000000000000005,0.43238095238095237,0.4600000000000001,0.4392699395547693,0.42400000000000004,0.5253308744059517,4.6,6.0,4.0,5.4
svm,signo_zodiacal_sagitario,159,0.5,0.41999999999999993,0.4238383838383838,0.4,0.4103425229741019,0.38,0.4600175196320707,4.0,5.6,4.4,6.0
svm,signo_zodiacal_sagitario,160,0.5,0.44000000000000006,0.45139860139860144,0.52,0.4776078993470298,0.396,0.5344378328070278,5.2,6.4,3.6,4.8
svm,signo_zodiacal_sagitario,161,0.5,0.41,0.360995670995671,0.36,0.35539088362617777,0.364,0.4991970011412735,3.6,5.4,4.6,6.4
svm,signo_zodiacal_sagitario,162,0.5,0.43,0.4371428571428571,0.5800000000000001,0.48282051282051286,0.372,0.45815190408147066,5.8,7.2,2.8,4.2
svm,signo_zodiacal_sagitario,163,0.5,0.44000000000000006,0.42193362193362194,0.38,0.3828111001485614,0.421,0.5605910699207912,3.8,5.0,5.0,6.2
svm,signo_zodiacal_sagitario,164,0.5,0.45999999999999996,0.45802197802197797,0.52,0.4723963788413917,0.44600000000000006,0.5425387678197275,5.2,6.0,4.0,4.8
svm,signo_zodiacal_sagitario,165,0.5,0.41,0.4038529014844804,0.5,0.42052858186291464,0.356,0.4811219377457768,5.0,6.8,3.2,5.0
svm,signo_zodiacal_sagitario,166,0.5,0.4699999999999999,0.44000000000000006,0.5,0.46194805194805194,0.558,0.609443423793269,5.0,5.6,4.4,5.0
svm,signo_zodiacal_sagitario,167,0.5,0.52,0.5162698412698413,0.4,0.4485122119023048,0.6,0.6220115980510716,4.0,3.6,6.4,6.0
svm,signo_zodiacal_sagitario,168,0.5,0.43,0.39535353535353546,0.34,0.3588345864661654,0.38,0.4718329813461392,3.4,4.8,5.2,6.6
svm,signo_zodiacal_sagitario,169,0.5,0.38,0.36591408591408586,0.42000000000000004,0.38841554012909507,0.354,0.45979856461048413,4.2,6.6,3.4,5.8
svm,signo_zodiacal_sagitario,170,0.5,0.55,0.541978021978022,0.5599999999999999,0.5397783461210571,0.571,0.6631887648814893,5.6,4.6,5.4,4.4
svm,signo_zodiacal_sagitario,171,0.5,0.38,0.4004761904761905,0.45999999999999996,0.42313131313131314,0.332,0.4514536492918846,4.6,7.0,3.0,5.4
svm,signo_zodiacal_sagitario,172,0.5,0.5900000000000001,0.572121212121212,0.68,0.6138546365914787,0.6740000000000002,0.7504297632192368,6.8,5.0,5.0,3.2
svm,signo_zodiacal_sagitario,173,0.5,0.53,0.5459956709956709,0.48,0.5045412104235634,0.542,0.5931561369487067,4.8,4.2,5.8,5.2
svm,signo_zodiacal_sagitario,174,0.5,0.54,0.531025641025641,0.6599999999999999,0.5865356672313193,0.506,0.5578177557736381,6.6,5.8,4.2,3.4
svm,signo_zodiacal_sagitario,175,0.5,0.43,0.440497737556561,0.6,0.50566534914361,0.372,0.477233407545327,6.0,7.4,2.6,4.0
svm,signo_zodiacal_sagitario,176,0.5,0.51,0.501098901098901,0.6,0.5401534526854219,0.5,0.5952157548334018,6.0,5.8,4.2,4.0
svm,signo_zodiacal_sagitario,177,0.5,0.53,0.5253478057889822,0.74,0.6075765482081271,0.484,0.5283451060463443,7.4,6.8,3.2,2.6
svm,signo_zodiacal_sagitario,178,0.5,0.54,0.5676190476190476,0.44000000000000006,0.483641456582633,0.558,0.5940418927477751,4.4,3.6,6.4,5.6
svm,signo_zodiacal_sagitario,179,0.5,0.5800000000000001,0.5916666666666666,0.52,0.5532163742690057,0.626,0.6738287627405274,5.2,3.6,6.4,4.8
svm,signo_zodiacal_sagitario,180,0.5,0.4,0.4366666666666667,0.32,0.3419829059829059,0.372,0.5198726202418152,3.2,5.2,4.8,6.8
svm,signo_zodiacal_sagitario,181,0.5,0.56,0.5532356532356532,0.5599999999999999,0.5503885265360565,0.514,0.5457975743726518,5.6,4.4,5.6,4.4
svm,signo_zodiacal_sagitario,182,0.5,0.52,0.5255555555555556,0.45999999999999996,0.4803721424774056,0.484,0.5601837894647492,4.6,4.2,5.8,5.4
svm,signo_zodiacal_sagitario,183,0.5,0.54,0.5369852369852369,0.58,0.555573716900948,0.49800000000000005,0.5326729369701506,5.8,5.0,5.0,4.2
svm,signo_zodiacal_sagitario,184,0.5,0.48,0.4888383838383838,0.4,0.42970760233918137,0.44799999999999995,0.5404587912087911,4.0,4.4,5.6,6.0
svm,signo_zodiacal_sagitario,185,0.5,0.4,0.39666666666666667,0.33999999999999997,0.361060606060606,0.362,0.49043009097885265,3.4,5.4,4.6,6.6
svm,signo_zodiacal_sagitario,186,0.5,0.5,0.5,0.6199999999999999,0.5533596837944664,0.512,0.5554916908856538,6.2,6.2,3.8,3.8
svm,signo_zodiacal_sagitario,187,0.5,0.44000000000000006,0.45175500969618615,0.44000000000000006,0.42272994221843324,0.496,0.5774100713527958,4.4,5.6,4.4,5.6
svm,signo_zodiacal_sagitario,188,0.5,0.49000000000000005,0.48921568627450984,0.66,0.5594202898550724,0.506,0.6010735673854869,6.6,6.8,3.2,3.4
svm,signo_zodiacal_sagitario,189,0.5,0.4,0.38018648018648016,0.42000000000000004,0.3960144927536232,0.358,0.47184939406998233,4.2,6.2,3.8,5.8
svm,signo_zodiacal_sagitario,190,0.5,0.43999999999999995,0.3616161616161616,0.38,0.36949191159717476,0.374,0.44529170829170833,3.8,5.0,5.0,6.2
svm,signo_zodiacal_sagitario,191,0.5,0.55,0.5435353535353535,0.6399999999999999,0.5839125085440875,0.6060000000000001,0.6749029189764484,6.4,5.4,4.6,3.6
svm,signo_zodiacal_sagitario,192,0.5,0.4,0.4,0.5,0.429076923076923,0.374,0.4668811199120796,5.0,7.0,3.0,5.0
svm,signo_zodiacal_sagitario,193,0.5,0.53,0.5204122674710909,0.66,0.5764371402815339,0.5439999999999999,0.6150605778810112,6.6,6.0,4.0,3.4
svm,signo_zodiacal_sagitario,194,0.5,0.5199999999999999,0.5102453102453102,0.4600000000000001,0.47795223352498895,0.5960000000000001,0.6336704304467462,4.6,4.2,5.8,5.4
svm,signo_zodiacal_sagitario,195,0.5,0.38999999999999996,0.40136752136752135,0.42000000000000004,0.4081048470979821,0.374,0.46770253052760796,4.2,6.4,3.6,5.8
svm,signo_zodiacal_sagitario,196,0.5,0.45999999999999996,0.44135531135531136,0.52,0.46491925465838513,0.534,0.6267974443856797,5.2,6.0,4.0,4.8
svm,signo_zodiacal_sagitario,197,0.5,0.55,0.5417965367965368,0.44000000000000006,0.47286073403720463,0.578,0.6542864620759358,4.4,3.4,6.6,5.6
svm,signo_zodiacal_sagitario,198,0.5,0.51,0.514083694083694,0.48,0.4935662686127082,0.514,0.5935271580844337,4.8,4.6,5.4,5.2
svm,signo_zodiacal_sagitario,199,0.5,0.54,0.5311421911421911,0.6599999999999999,0.5857639751552794,0.476,0.5256500607235901,6.6,5.8,4.2,3.4
svm,signo_zodiacal_sagitario,200,0.5,0.4,0.3988888888888889,0.42000000000000004,0.40736842105263155,0.402,0.49951872104503686,4.2,6.2,3.8,5.8
svm,signo_zodiacal_sagitario,201,0.5,0.45000000000000007,0.4561038961038961,0.44000000000000006,0.444593837535014,0.47000000000000003,0.5431502200929446,4.4,5.4,4.6,5.6
svm,signo_zodiacal_sagitario,202,0.5,0.54,0.5296561771561772,0.7000000000000001,0.5993807931199235,0.497,0.500939260086319,7.0,6.2,3.8,3.0
svm,signo_zodiacal_sagitario,203,0.5,0.5799999999999998,0.5755011655011655,0.6399999999999999,0.6043252399774138,0.638,0.7038045565545564,6.4,4.8,5.2,3.6
svm,signo_zodiacal_sagitario,204,0.5,0.47000000000000003,0.48409090909090907,0.62,0.53992673992674,0.502,0.5823500131619326,6.2,6.8,3.2,3.8
svm,signo_zodiacal_sagitario,205,0.5,0.45,0.4582070707070708,0.52,0.48237902448428766,0.484,0.5538173780983378,5.2,6.2,3.8,4.8
svm,signo_zodiacal_sagitario,206,0.5,0.4,0.4064646464646464,0.4600000000000001,0.42144862155388474,0.367,0.49141253457584727,4.6,6.6,3.4,5.4
svm,signo_zodiacal_sagitario,207,0.5,0.52,0.5924242424242424,0.56,0.5308358308358307,0.5239999999999999,0.6619231319935653,5.6,5.2,4.8,4.4
svm,signo_zodiacal_sagitario,208,0.5,0.57,0.5747619047619048,0.52,0.539964349376114,0.586,0.6362098616038244,5.2,3.8,6.2,4.8
svm,signo_zodiacal_sagitario,209,0.5,0.51,0.501978021978022,0.5,0.4858567774936062,0.492,0.6040561213811987,5.0,4.8,5.2,5.0
svm,signo_zodiacal_sagitario,210,0.5,0.45,0.45313131313131316,0.5,0.47144862155388473,0.396,0.5017082839760858,5.0,6.0,4.0,5.0
svm,signo_zodiacal_sagitario,211,0.5,0.5,0.5,0.6599999999999999,0.5685111989459816,0.492,0.5488657510360296,6.6,6.6,3.4,3.4
svm,signo_zodiacal_sagitario,212,0.5,0.49000000000000005,0.501037851037851,0.42000000000000004,0.42797105528294105,0.514,0.5921974671355476,4.2,4.4,5.6,5.8
svm,signo_zodiacal_sagitario,213,0.5,0.55,0.57,0.6,0.57052790346908,0.569,0.6024049839049839,6.0,5.0,5.0,4.0
svm,signo_zodiacal_sagitario,214,0.5,0.45,0.40909090909090906,0.36,0.3630952380952381,0.508,0.5506961818711045,3.6,4.6,5.4,6.4
svm,signo_zodiacal_sagitario,215,0.5,0.38,0.3328515928515928,0.32,0.31972812465947476,0.43,0.5218307417556642,3.2,5.6,4.4,6.8
svm,signo_zodiacal_sagitario,216,0.5,0.41,0.41515151515151516,0.45999999999999996,0.43545226703121437,0.366,0.46044276045591837,4.6,6.4,3.6,5.4
svm,signo_zodiacal_sagitario,217,0.5,0.45999999999999996,0.47285714285714286,0.42000000000000004,0.4406029333583513,0.458,0.5259019869019869,4.2,5.0,5.0,5.8
svm,signo_zodiacal_sagitario,218,0.5,0.45,0.4396536796536797,0.4,0.41596835225318196,0.45999999999999996,0.5042331336534123,4.0,5.0,5.0,6.0
svm,signo_zodiacal_sagitario,219,0.5,0.44000000000000006,0.425,0.38,0.397979797979798,0.44800000000000006,0.5246303259863632,3.8,5.0,5.0,6.2
svm,signo_zodiacal_sagitario,220,0.5,0.51,0.49667832167832165,0.5799999999999998,0.5318652362130624,0.44799999999999995,0.5482753856051069,5.8,5.6,4.4,4.2
svm,signo_zodiacal_sagitario,221,0.5,0.57,0.5416605616605616,0.6200000000000001,0.5636689549961861,0.596,0.629909377172535,6.2,4.8,5.2,3.8
svm,signo_zodiacal_sagitario,222,0.5,0.6199999999999999,0.609090909090909,0.6599999999999999,0.6315105946684895,0.6860000000000002,0.7311680437725329,6.6,4.2,5.8,3.4
svm,signo_zodiacal_sagitario,223,0.5,0.53,0.5142191142191141,0.5399999999999999,0.5180562572439003,0.49800000000000005,0.5835493499448607,5.4,4.8,5.2,4.6
svm,signo_zodiacal_sagitario,224,0.5,0.5199999999999999,0.5142857142857142,0.5,0.4897058823529412,0.523,0.5759965034965034,5.0,4.6,5.4,5.0
svm,signo_zodiacal_sagitario,225,0.5,0.53,0.521978021978022,0.72,0.6042363433667781,0.546,0.5846017762766988,7.2,6.6,3.4,2.8
svm,signo_zodiacal_sagitario,226,0.5,0.45,0.42624708624708624,0.44000000000000006,0.4175412992804297,0.392,0.5081321956337436,4.4,5.4,4.6,5.6
svm,signo_zodiacal_sagitario,227,0.5,0.6300000000000001,0.611978021978022,0.7599999999999999,0.6753754940711463,0.654,0.6740448866578896,7.6,5.0,5.0,2.4
svm,signo_zodiacal_sagitario,228,0.5,0.41000000000000003,0.39444444444444443,0.36000000000000004,0.37602339181286554,0.44000000000000006,0.5345521526976634,3.6,5.4,4.6,6.4
svm,signo_zodiacal_sagitario,229,0.5,0.55,0.5349383949383949,0.72,0.612368530020704,0.5660000000000001,0.5879587244540805,7.2,6.2,3.8,2.8
svm,signo_zodiacal_sagitario,230,0.5,0.42000000000000004,0.4251082251082251,0.43999999999999995,0.4288220551378446,0.394,0.4845489783694118,4.4,6.0,4.0,5.6
svm,signo_zodiacal_sagitario,231,0.5,0.5799999999999998,0.5957142857142858,0.45999999999999996,0.5128104575163399,0.6020000000000001,0.6161726041416443,4.6,3.0,7.0,5.4
svm,signo_zodiacal_sagitario,232,0.5,0.55,0.5438034188034188,0.5599999999999999,0.5467258396320182,0.561,0.5654984149837091,5.6,4.6,5.4,4.4
svm,signo_zodiacal_sagitario,233,0.5,0.45999999999999996,0.44666666666666666,0.38,0.402979797979798,0.45,0.5211290845377532,3.8,4.6,5.4,6.2
svm,signo_zodiacal_sagitario,234,0.5,0.52,0.5292060880296174,0.68,0.5913848631239935,0.528,0.5974675161439866,6.8,6.4,3.6,3.2
svm,signo_zodiacal_sagitario,235,0.5,0.36,0.32772727272727276,0.3,0.3095238095238095,0.362,0.47907741295512196,3.0,5.8,4.2,7.0
svm,signo_zodiacal_sagitario,236,0.5,0.5900000000000001,0.7136446886446887,0.43999999999999995,0.48833152496835364,0.5479999999999999,0.611920125626008,4.4,2.6,7.4,5.6
svm,signo_zodiacal_sagitario,237,0.5,0.44000000000000006,0.4541486291486292,0.48,0.4615554036606667,0.442,0.5056470571911749,4.8,6.0,4.0,5.2
svm,signo_zodiacal_sagitario,238,0.5,0.55,0.5466666666666666,0.5800000000000001,0.5608612440191387,0.54,0.5442442802295743,5.8,4.8,5.2,4.2
svm,signo_zodiacal_sagitario,239,0.5,0.45999999999999996,0.4647319347319348,0.48,0.46454263128176165,0.42400000000000004,0.518955795236755,4.8,5.6,4.4,5.2
svm,signo_zodiacal_sagitario,240,0.5,0.49000000000000005,0.47174603174603186,0.38,0.41799793601651186,0.5120000000000001,0.5559256566446968,3.8,4.0,6.0,6.2
svm,signo_zodiacal_sagitario,241,0.5,0.56,0.5577200577200576,0.6,0.5680717631182027,0.556,0.6327631808336143,6.0,4.8,5.2,4.0
svm,signo_zodiacal_sagitario,242,0.5,0.53,0.5290909090909091,0.52,0.5237593984962406,0.536,0.6148415930474754,5.2,4.6,5.4,4.8
svm,signo_zodiacal_sagitario,243,0.5,0.43000000000000005,0.4492857142857143,0.5,0.46187522281639926,0.35600000000000004,0.45314859529875007,5.0,6.4,3.6,5.0
svm,signo_zodiacal_sagitario,244,0.5,0.55,0.544098124098124,0.76,0.6247619047619047,0.45,0.503409749177551,7.6,6.6,3.4,2.4
svm,signo_zodiacal_sagitario,245,0.5,0.5900000000000001,0.6076923076923076,0.6,0.5914361001317523,0.5820000000000001,0.5998864001495581,6.0,4.2,5.8,4.0
svm,signo_zodiacal_sagitario,246,0.5,0.49000000000000005,0.4909090909090909,0.6,0.5380952380952382,0.47800000000000004,0.5794161055662602,6.0,6.2,3.8,4.0
svm,signo_zodiacal_sagitario,247,0.5,0.45,0.4598051948051948,0.4800000000000001,0.4653968253968254,0.48,0.5811070677688325,4.8,5.8,4.2,5.2
svm,signo_zodiacal_sagitario,248,0.5,0.5900000000000001,0.5933838383838383,0.48,0.5224853801169591,0.592,0.6340049564298791,4.8,3.0,7.0,5.2
svm,signo_zodiacal_sagitario,249,0.5,0.47000000000000003,0.48531746031746026,0.5399999999999999,0.5047419272819731,0.492,0.594006456993299,5.4,6.0,4.0,4.6
svm,signo_zodiacal_sagitario,250,0.5,0.52,0.5235714285714286,0.42000000000000004,0.46379084967320255,0.526,0.5387006865683336,4.2,3.8,6.2,5.8
svm,signo_zodiacal_sagitario,251,0.5,0.3,0.25415584415584414,0.28,0.26396825396825396,0.26199999999999996,0.4254460401139967,2.8,6.8,3.2,7.2
svm,signo_zodiacal_sagitario,252,0.5,0.5599999999999999,0.5920634920634921,0.42000000000000004,0.4882696938424493,0.63,0.6589166646047451,4.2,3.0,7.0,5.8
svm,signo_zodiacal_sagitario,253,0.5,0.5700000000000001,0.6164646464646465,0.4,0.46546365914786964,0.608,0.6758885913707895,4.0,2.6,7.4,6.0
svm,signo_zodiacal_sagitario,254,0.5,0.41000000000000003,0.3778321678321679,0.34,0.3440993788819876,0.44800000000000006,0.5200358447022533,3.4,5.2,4.8,6.6
svm,signo_zodiacal_sagitario,255,0.5,0.52,0.4956598956598956,0.5199999999999999,0.4894485377322906,0.536,0.598508933876581,5.2,4.8,5.2,4.8
svm,signo_zodiacal_sagitario,256,0.5,0.51,0.5349999999999999,0.36,0.4261111111111111,0.47400000000000003,0.5395858108180089,3.6,3.4,6.6,6.4
svm,signo_zodiacal_sagitario,257,0.5,0.55,0.5453968253968254,0.6399999999999999,0.5755486371213926,0.596,0.6577693972693972,6.4,5.4,4.6,3.6
svm,signo_zodiacal_sagitario,258,0.5,0.6,0.6253968253968254,0.5,0.5549363605091158,0.618,0.6558376623376623,5.0,3.0,7.0,5.0
svm,signo_zodiacal_sagitario,259,0.5,0.49000000000000005,0.4553113553113553,0.54,0.48364389233954447,0.53,0.5716154548066312,5.4,5.6,4.4,4.6
svm,signo_zodiacal_sagitario,260,0.5,0.53,0.5678571428571428,0.4,0.45950169541500807,0.479,0.5765449199922884,4.0,3.4,6.6,6.0
svm,signo_zodiacal_sagitario,261,0.5,0.5,0.5043156843156843,0.5599999999999999,0.5258661145617667,0.47800000000000004,0.5234817296566522,5.6,5.6,4.4,4.4
svm,signo_zodiacal_sagitario,262,0.5,0.35,0.3563125763125763,0.34,0.3365013984235952,0.25999999999999995,0.4200539158983432,3.4,6.4,3.6,6.6
svm,signo_zodiacal_sagitario,263,0.5,0.4600000000000001,0.4488888888888889,0.42000000000000004,0.42706766917293226,0.43900000000000006,0.5174927219323504,4.2,5.0,5.0,5.8
svm,signo_zodiacal_sagitario,264,0.5,0.51,0.501978021978022,0.5800000000000001,0.5350724637681159,0.5360000000000001,0.6163285048285048,5.8,5.6,4.4,4.2
svm,signo_zodiacal_sagitario,265,0.5,0.43,0.4155555555555555,0.4,0.4033014354066985,0.508,0.577103283541364,4.0,5.4,4.6,6.0
svm,signo_zodiacal_sagitario,266,0.5,0.45999999999999996,0.4543907073318838,0.6,0.5122147155327934,0.4600000000000001,0.5743833131952327,6.0,6.8,3.2,4.0
svm,signo_zodiacal_sagitario,267,0.5,0.45,0.4721631309866604,0.56,0.5017550981745356,0.45199999999999996,0.5383940781440781,5.6,6.6,3.4,4.4
svm,signo_zodiacal_sagitario,268,0.5,0.5199999999999999,0.5317460317460319,0.4,0.45545235638114895,0.54,0.6003661991603166,4.0,3.6,6.4,6.0
svm,signo_zodiacal_sagitario,269,0.5,0.48,0.4768253968253968,0.4600000000000001,0.465375202712664,0.489,0.5410918787095258,4.6,5.0,5.0,5.4
svm,signo_zodiacal_sagitario,270,0.5,0.54,0.5904761904761904,0.42000000000000004,0.47727697139461844,0.551,0.6239671243788891,4.2,3.4,6.6,5.8
svm,signo_zodiacal_sagitario,271,0.5,0.45,0.44988344988344986,0.44000000000000006,0.4405215938396716,0.45,0.510735588542864,4.4,5.4,4.6,5.6
svm,signo_zodiacal_sagitario,272,0.5,0.51,0.5233333333333333,0.4999999999999999,0.503157894736842,0.534,0.6185149203221958,5.0,4.8,5.2,5.0
svm,signo_zodiacal_sagitario,273,0.5,0.48,0.4892929292929293,0.54,0.5098345864661653,0.442,0.5291248386116807,5.4,5.8,4.2,4.6
svm,signo_zodiacal_sagitario,274,0.5,0.54,0.5545299145299145,0.5599999999999999,0.5528007766451702,0.568,0.6205744794421265,5.6,4.8,5.2,4.4
svm,signo_zodiacal_sagitario,275,0.5,0.5900000000000001,0.5753113553113552,0.7,0.6296179183135704,0.5479999999999999,0.5535175102675102,7.0,5.2,4.8,3.0
svm,signo_zodiacal_sagitario,276,0.5,0.54,0.5449267399267399,0.64,0.580792270531401,0.49399999999999994,0.5316552779006338,6.4,5.6,4.4,3.6
svm,signo_zodiacal_sagitario,277,0.5,0.49000000000000005,0.48409090909090907,0.42000000000000004,0.4454260651629072,0.45999999999999996,0.5186966018157969,4.2,4.4,5.6,5.8
svm,signo_zodiacal_sagitario,278,0.5,0.4800000000000001,0.4958974358974359,0.5800000000000001,0.5159710144927537,0.481,0.5522219082087503,5.8,6.2,3.8,4.2
svm,signo_zodiacal_sagitario,279,0.5,0.34,0.34706959706959706,0.38,0.35538450870258653,0.276,0.4264844647096969,3.8,7.0,3.0,6.2
svm,signo_zodiacal_sagitario,280,0.5,0.55,0.5624358974358975,0.58,0.5412505175983437,0.5700000000000001,0.640610330845625,5.8,4.8,5.2,4.2
svm,signo_zodiacal_sagitario,281,0.5,0.5,0.4942857142857142,0.5,0.4916959064327485,0.484,0.5464718690322405,5.0,5.0,5.0,5.0
svm,signo_zodiacal_sagitario,282,0.5,0.52,0.5106060606060606,0.5599999999999999,0.5332877648667123,0.45199999999999996,0.5295532261855791,5.6,5.2,4.8,4.4
svm,signo_zodiacal_sagitario,283,0.5,0.4800000000000001,0.45166666666666666,0.38,0.4006060606060606,0.46799999999999997,0.5582125811065439,3.8,4.2,5.8,6.2
svm,signo_zodiacal_sagitario,284,0.5,0.4699999999999999,0.4624242424242424,0.5,0.47873015873015873,0.458,0.5859132385502354,5.0,5.6,4.4,5.0
svm,signo_zodiacal_sagitario,285,0.5,0.42000000000000004,0.4598076923076924,0.48,0.44779770953683995,0.42400000000000004,0.5083657551598728,4.8,6.4,3.6,5.2
svm,signo_zodiacal_sagitario,286,0.5,0.51,0.510909090909091,0.48,0.4936006683375104,0.556,0.629017193161156,4.8,4.6,5.4,5.2
svm,signo_zodiacal_sagitario,287,0.5,0.51,0.4124242424242424,0.34,0.3628571428571429,0.484,0.5308863379482575,3.4,3.2,6.8,6.6
svm,signo_zodiacal_sagitario,288,0.5,0.52,0.5195804195804196,0.5199999999999999,0.5154589371980677,0.5740000000000001,0.6027464736845543,5.2,4.8,5.2,4.8
svm,signo_zodiacal_sagitario,289,0.5,0.47000000000000003,0.4902564102564103,0.6,0.5353592677345538,0.465,0.5847748748499522,6.0,6.6,3.4,4.0
svm,signo_zodiacal_sagitario,290,0.5,0.5,0.4917521367521367,0.6,0.53227765064836,0.568,0.5868209819076692,6.0,6.0,4.0,4.0
svm,signo_zodiacal_sagitario,291,0.5,0.6,0.5988034188034188,0.5599999999999999,0.5641451454723765,0.638,0.6896401637578108,5.6,3.6,6.4,4.4
svm,signo_zodiacal_sagitario,292,0.5,0.44000000000000006,0.3884065934065934,0.32,0.33899403239556697,0.466,0.5244336599073441,3.2,4.4,5.6,6.8
svm,signo_zodiacal_sagitario,293,0.5,0.5000000000000001,0.5266666666666666,0.45999999999999996,0.47934837092731836,0.512,0.5798052039979285,4.6,4.6,5.4,5.4
svm,signo_zodiacal_sagitario,294,0.5,0.54,0.5472222222222222,0.6,0.5616374269005847,0.528,0.553795980765021,6.0,5.2,4.8,4.0
svm,signo_zodiacal_sagitario,295,0.5,0.39,0.4097236097236097,0.52,0.45761340109166204,0.414,0.53200816057008,5.2,7.4,2.6,4.8
svm,signo_zodiacal_sagitario,296,0.5,0.53,0.5456277056277056,0.54,0.5302408963585434,0.5980000000000001,0.624493855989212,5.4,4.8,5.2,4.6
svm,signo_zodiacal_sagitario,297,0.5,0.5199999999999999,0.5175213675213676,0.52,0.5145690312738368,0.514,0.5785607802929784,5.2,4.8,5.2,4.8
svm,signo_zodiacal_sagitario,298,0.5,0.49000000000000005,0.4457575757575757,0.32,0.3536263736263736,0.5700000000000001,0.6299926533734583,3.2,3.4,6.6,6.8
svm,signo_zodiacal_sagitario,299,0.5,0.53,0.5397186147186147,0.42000000000000004,0.4681139122315593,0.534,0.5954332134154116,4.2,3.6,6.4,5.8
svm,signo_zodiacal_sagitario,300,0.5,0.51,0.5070707070707071,0.5999999999999999,0.5461152882205513,0.5029999999999999,0.5198627097876323,6.0,5.8,4.2,4.0
svm,signo_zodiacal_sagitario,301,0.5,0.51,0.5055555555555555,0.6199999999999999,0.5511196172248805,0.526,0.5897618584545828,6.2,6.0,4.0,3.8
svm,signo_zodiacal_sagitario,302,0.5,0.49000000000000005,0.4969994058229353,0.6200000000000001,0.5461393382446014,0.496,0.5894273428669713,6.2,6.4,3.6,3.8
svm,signo_zodiacal_sagitario,303,0.5,0.52,0.5311111111111111,0.6,0.5416734143049933,0.458,0.5212982495660514,6.0,5.6,4.4,4.0
svm,signo_zodiacal_sagitario,304,0.5,0.45999999999999996,0.4576923076923077,0.5399999999999999,0.4833781450149737,0.47800000000000004,0.542676904364985,5.4,6.2,3.8,4.6
svm,signo_zodiacal_sagitario,305,0.5,0.45,0.43737373737373736,0.43999999999999995,0.43377762588288904,0.404,0.5070846304538255,4.4,5.4,4.6,5.6
svm,signo_zodiacal_sagitario,306,0.5,0.44000000000000006,0.45897631779984716,0.6,0.5171236171236171,0.45200000000000007,0.5816929655312009,6.0,7.2,2.8,4.0
svm,signo_zodiacal_sagitario,307,0.5,0.4800000000000001,0.4723809523809524,0.30000000000000004,0.3644771241830066,0.39799999999999996,0.5031212233758673,3.0,3.4,6.6,7.0
svm,signo_zodiacal_sagitario,308,0.5,0.4,0.41260822510822504,0.5199999999999999,0.4561315877105351,0.364,0.470551156188153,5.2,7.2,2.8,4.8
svm,signo_zodiacal_sagitario,309,0.5,0.56,0.5553113553113553,0.7000000000000001,0.6165270092226615,0.52,0.5613499282794947,7.0,5.8,4.2,3.0
svm,signo_zodiacal_sagitario,310,0.5,0.45999999999999996,0.456954156954157,0.5399999999999999,0.4890788845022255,0.382,0.4727332308214661,5.4,6.2,3.8,4.6
svm,signo_zodiacal_sagitario,311,0.5,0.53,0.5924242424242424,0.44000000000000006,0.4841864018334606,0.588,0.6775063896371945,4.4,3.8,6.2,5.6
svm,signo_zodiacal_sagitario,312,0.5,0.52,0.5167099567099567,0.34,0.3958392587804352,0.524,0.5745566573948928,3.4,3.0,7.0,6.6
svm,signo_zodiacal_sagitario,313,0.5,0.5599999999999999,0.5924242424242424,0.5,0.5263157894736843,0.562,0.5966498393247619,5.0,3.8,6.2,5.0
svm,signo_zodiacal_sagitario,314,0.5,0.45,0.4535464535464535,0.5,0.46944951893801,0.45600000000000007,0.5429113469949384,5.0,6.0,4.0,5.0
svm,signo_zodiacal_sagitario,315,0.5,0.63,0.6755555555555556,0.5599999999999999,0.6062573099415204,0.662,0.7221784892094489,5.6,3.0,7.0,4.4
svm,signo_zodiacal_sagitario,316,0.5,0.55,0.5444658119658119,0.6599999999999999,0.5861443799018169,0.532,0.5933537932655579,6.6,5.6,4.4,3.4
svm,signo_zodiacal_sagitario,317,0.5,0.33999999999999997,0.34647058823529414,0.48,0.39676767676767677,0.30599999999999994,0.4721390621762138,4.8,8.0,2.0,5.2
svm,signo_zodiacal_sagitario,318,0.5,0.44000000000000006,0.45921568627450976,0.64,0.5262222222222223,0.386,0.46789127659406304,6.4,7.6,2.4,3.6
svm,signo_zodiacal_sagitario,319,0.5,0.51,0.5177777777777778,0.45999999999999996,0.477511961722488,0.524,0.5515351305041707,4.6,4.4,5.6,5.4
svm,signo_zodiacal_sagitario,320,0.5,0.43999999999999995,0.4357142857142858,0.52,0.4717171717171717,0.43600000000000005,0.5006332540009011,5.2,6.4,3.6,4.8
svm,signo_zodiacal_sagitario,321,0.5,0.5800000000000001,0.6192857142857143,0.4600000000000001,0.5249346405228759,0.562,0.6156905947509662,4.6,3.0,7.0,5.4
svm,signo_zodiacal_sagitario,322,0.5,0.5,0.5007575757575757,0.44000000000000006,0.4635547201336675,0.48600000000000004,0.5630508570376991,4.4,4.4,5.6,5.6
svm,signo_zodiacal_sagitario,323,0.5,0.45999999999999996,0.47000000000000003,0.52,0.4796149732620322,0.47000000000000003,0.5297259119449522,5.2,6.0,4.0,4.8
svm,signo_zodiacal_sagitario,324,0.5,0.64,0.6711111111111112,0.5800000000000001,0.6119298245614034,0.656,0.683769597018049,5.8,3.0,7.0,4.2
svm,signo_zodiacal_sagitario,325,0.5,0.5700000000000001,0.5839826839826839,0.5599999999999999,0.5424908424908426,0.582,0.6646327165266793,5.6,4.2,5.8,4.4
svm,signo_zodiacal_sagitario,326,0.5,0.43,0.404040404040404,0.38,0.3885756056808688,0.434,0.5580827434519385,3.8,5.2,4.8,6.2
svm,signo_zodiacal_sagitario,327,0.5,0.42000000000000004,0.43536463536463543,0.42000000000000004,0.4091787439613527,0.356,0.4999029155399124,4.2,5.8,4.2,5.8
svm,signo_zodiacal_sagitario,328,0.5,0.5800000000000001,0.5907226107226107,0.5399999999999999,0.5476915113871635,0.61,0.676388110857151,5.4,3.8,6.2,4.6
svm,signo_zodiacal_sagitario,329,0.5,0.5700000000000001,0.5661538461538462,0.6599999999999999,0.5915942028985508,0.602,0.6126811964265524,6.6,5.2,4.8,3.4
svm,signo_zodiacal_sagitario,330,0.5,0.52,0.45111111111111113,0.44000000000000006,0.44526315789473686,0.52,0.6003547069545521,4.4,4.0,6.0,5.6
svm,signo_zodiacal_sagitario,331,0.5,0.47000000000000003,0.47424242424242424,0.48,0.47301587301587295,0.458,0.5775369667312391,4.8,5.4,4.6,5.2
svm,signo_zodiacal_sagitario,332,0.5,0.5199999999999999,0.5471861471861471,0.52,0.5239348370927319,0.4840000000000001,0.536057525206132,5.2,4.8,5.2,4.8
svm,signo_zodiacal_sagitario,333,0.5,0.47000000000000003,0.44142857142857145,0.44000000000000006,0.4337254901960784,0.48200000000000004,0.5138181334489385,4.4,5.0,5.0,5.6
svm,signo_zodiacal_sagitario,334,0.5,0.4,0.38158508158508164,0.44000000000000006,0.40512422360248446,0.40700000000000003,0.49541669441669445,4.4,6.4,3.6,5.6
svm,signo_zodiacal_sagitario,335,0.5,0.51,0.503968253968254,0.36,0.4114816452896948,0.586,0.6177582962273365,3.6,3.4,6.6,6.4
svm,signo_zodiacal_sagitario,336,0.5,0.48,0.4841958041958042,0.54,0.5093807641633729,0.476,0.5416418401859577,5.4,5.8,4.2,4.6
svm,signo_zodiacal_sagitario,337,0.5,0.38,0.3535897435897436,0.44000000000000006,0.38986561264822134,0.33999999999999997,0.45356252493636395,4.4,6.8,3.2,5.6
svm,signo_zodiacal_sagitario,338,0.5,0.5,0.5055555555555555,0.52,0.5105263157894736,0.48200000000000004,0.548298036328996,5.2,5.2,4.8,4.8
svm,signo_zodiacal_sagitario,339,0.5,0.41000000000000003,0.4293706293706293,0.45999999999999996,0.4406487232574189,0.42400000000000004,0.4872703213539126,4.6,6.4,3.6,5.4
svm,signo_zodiacal_sagitario,340,0.5,0.52,0.52,0.6799999999999999,0.5774603174603175,0.484,0.5276659833114941,6.8,6.4,3.6,3.2
svm,signo_zodiacal_sagitario,341,0.5,0.44000000000000006,0.44601398601398595,0.5399999999999999,0.4843191591017678,0.44800000000000006,0.5499675787748542,5.4,6.6,3.4,4.6
svm,signo_zodiacal_sagitario,342,0.5,0.48999999999999994,0.47307692307692306,0.54,0.5021895978417718,0.47400000000000003,0.5400492813859687,5.4,5.6,4.4,4.6
svm,signo_zodiacal_sagitario,343,0.5,0.54,0.54004329004329,0.48,0.4781003310415074,0.5860000000000001,0.6121584505965311,4.8,4.0,6.0,5.2
svm,signo_zodiacal_sagitario,344,0.5,0.36,0.36119658119658116,0.4,0.3781277303931766,0.40800000000000003,0.5239411191663514,4.0,6.8,3.2,6.0
svm,signo_zodiacal_sagitario,345,0.5,0.59,0.6333333333333333,0.48,0.5307575757575757,0.588,0.6334425753984577,4.8,3.0,7.0,5.2
svm,signo_zodiacal_sagitario,346,0.5,0.58,0.6176190476190475,0.52,0.5360570409982175,0.611,0.6734320662997134,5.2,3.6,6.4,4.8
svm,signo_zodiacal_sagitario,347,0.5,0.42000000000000004,0.39626373626373623,0.4,0.3947422264100148,0.4640000000000001,0.5202199179389583,4.0,5.6,4.4,6.0
svm,signo_zodiacal_sagitario,348,0.5,0.55,0.5664224664224664,0.41999999999999993,0.4544532687216763,0.55,0.624411179893378,4.2,3.2,6.8,5.8
svm,signo_zodiacal_sagitario,349,0.5,0.43000000000000005,0.41222222222222227,0.33999999999999997,0.361786283891547,0.362,0.4787553363389277,3.4,4.8,5.2,6.6
svm,signo_zodiacal_sagitario,350,0.5,0.53,0.5230769230769231,0.6599999999999999,0.5819875776397516,0.5599999999999999,0.5926094891520588,6.6,6.0,4.0,3.4
svm,signo_zodiacal_sagitario,351,0.5,0.49000000000000005,0.48645021645021647,0.56,0.5180519480519481,0.4960000000000001,0.5506671569744326,5.6,5.8,4.2,4.4
svm,signo_zodiacal_sagitario,352,0.5,0.54,0.5387878787878788,0.6599999999999999,0.5905714285714285,0.534,0.6088985469295067,6.6,5.8,4.2,3.4
svm,signo_zodiacal_sagitario,353,0.5,0.55,0.5444444444444445,0.4600000000000001,0.48960659223817127,0.5660000000000001,0.5807572492866611,4.6,3.6,6.4,5.4
svm,signo_zodiacal_sagitario,354,0.5,0.53,0.4309523809523809,0.4,0.4108640585420771,0.54,0.5823622668181492,4.0,3.4,6.6,6.0
svm,signo_zodiacal_sagitario,355,0.5,0.47000000000000003,0.45499999999999996,0.32,0.37,0.4619999999999999,0.5151079465769868,3.2,3.8,6.2,6.8
svm,signo_zodiacal_sagitario,356,0.5,0.47000000000000003,0.48515151515151517,0.52,0.49580952380952387,0.48199999999999993,0.554407008024655,5.2,5.8,4.2,4.8
svm,signo_zodiacal_sagitario,357,0.5,0.43,0.46025641025641023,0.52,0.47053227931488795,0.362,0.46368266923994483,5.2,6.6,3.4,4.8
svm,signo_zodiacal_sagitario,358,0.5,0.41,0.4193040293040293,0.48,0.4431181379007466,0.354,0.48747861718604757,4.8,6.6,3.4,5.2
svm,signo_zodiacal_sagitario,359,0.5,0.55,0.5672222222222223,0.42000000000000004,0.47663742690058475,0.51,0.580139091300856,4.2,3.2,6.8,5.8
svm,signo_zodiacal_sagitario,360,0.5,0.41000000000000003,0.38763736263736265,0.38,0.3710835058661145,0.434,0.5126724037915988,3.8,5.6,4.4,6.2
svm,signo_zodiacal_sagitario,361,0.5,0.53,0.5383838383838384,0.5799999999999998,0.5493808049535603,0.616,0.7072734750629486,5.8,5.2,4.8,4.2
svm,signo_zodiacal_sagitario,362,0.5,0.5200000000000001,0.602020202020202,0.45999999999999996,0.46524484287642187,0.418,0.5046806275939403,4.6,4.2,5.8,5.4
svm,signo_zodiacal_sagitario,363,0.5,0.45999999999999996,0.4438888888888889,0.37999999999999995,0.40719298245614033,0.47400000000000003,0.5389277487218662,3.8,4.6,5.4,6.2
svm,signo_zodiacal_sagitario,364,0.5,0.49000000000000005,0.5157997557997558,0.42000000000000004,0.4500237806793198,0.5120000000000001,0.5518165096857047,4.2,4.4,5.6,5.8
svm,signo_zodiacal_sagitario,365,0.5,0.5,0.4972222222222221,0.39999999999999997,0.44108187134502924,0.516,0.5573392995892996,4.0,4.0,6.0,6.0
svm,signo_zodiacal_sagitario,366,0.5,0.5,0.4969264069264069,0.52,0.5040947288006111,0.492,0.5761874977447732,5.2,5.2,4.8,4.8
svm,signo_zodiacal_sagitario,367,0.5,0.4800000000000001,0.4047008547008547,0.44000000000000006,0.4194924069065945,0.41,0.4652985811058567,4.4,4.8,5.2,5.6
svm,signo_zodiacal_sagitario,368,0.5,0.5700000000000001,0.5652380952380953,0.5800000000000001,0.563612596553773,0.556,0.5935033283709753,5.8,4.4,5.6,4.2
svm,signo_zodiacal_sagitario,369,0.5,0.56,0.5650000000000001,0.5599999999999999,0.5549005847953217,0.5660000000000001,0.6162258091066141,5.6,4.4,5.6,4.4
svm,signo_zodiacal_sagitario,370,0.5,0.49000000000000005,0.4800000000000001,0.32,0.36502923976608187,0.514,0.5865545273440009,3.2,3.4,6.6,6.8
svm,signo_zodiacal_sagitario,371,0.5,0.55,0.5441691641691642,0.68,0.600919254658385,0.484,0.5267296423047197,6.8,5.8,4.2,3.2
svm,signo_zodiacal_sagitario,372,0.5,0.54,0.5302197802197802,0.45999999999999996,0.484228473998295,0.5339999999999999,0.5958099384275855,4.6,3.8,6.2,5.4
svm,signo_zodiacal_sagitario,373,0.5,0.51,0.5266666666666666,0.36,0.4117893217893217,0.484,0.5459501697133275,3.6,3.4,6.6,6.4
svm,signo_zodiacal_sagitario,374,0.5,0.5199999999999999,0.5214285714285714,0.45999999999999996,0.4840336134453781,0.568,0.5837833173878065,4.6,4.2,5.8,5.4
svm,signo_zodiacal_sagitario,375,0.5,0.6100000000000001,0.5891774891774892,0.7,0.6378787878787878,0.636,0.667237142114851,7.0,4.8,5.2,3.0
svm,signo_zodiacal_sagitario,376,0.5,0.47000000000000003,0.4623376623376624,0.4,0.42588825003685676,0.4720000000000001,0.5268595744640636,4.0,4.6,5.4,6.0
svm,signo_zodiacal_sagitario,377,0.5,0.36000000000000004,0.329044289044289,0.32,0.31600414078674943,0.33799999999999997,0.46860401999101686,3.2,6.0,4.0,6.8
svm,signo_zodiacal_sagitario,378,0.5,0.45,0.43281385281385276,0.42000000000000004,0.4250832964764853,0.458,0.5575240500813256,4.2,5.2,4.8,5.8
svm,signo_zodiacal_sagitario,379,0.5,0.5,0.5023809523809524,0.42000000000000004,0.455968352253182,0.58,0.6065293758529051,4.2,4.2,5.8,5.8
svm,signo_zodiacal_sagitario,380,0.5,0.47000000000000003,0.4688888888888889,0.45999999999999996,0.45587719298245616,0.4720000000000001,0.5410589883972237,4.6,5.2,4.8,5.4
svm,signo_zodiacal_sagitario,381,0.5,0.53,0.5411555111555111,0.5599999999999999,0.5436286135007362,0.546,0.6220246969233036,5.6,5.0,5.0,4.4
svm,signo_zodiacal_sagitario,382,0.5,0.5,0.49032967032967034,0.58,0.5232838874680307,0.49400000000000005,0.5807909575804312,5.8,5.8,4.2,4.2
svm,signo_zodiacal_sagitario,383,0.5,0.5200000000000001,0.48539682539682544,0.4800000000000001,0.47415204678362566,0.576,0.6264589175014872,4.8,4.4,5.6,5.2
svm,signo_zodiacal_sagitario,384,0.5,0.55,0.5356060606060606,0.5599999999999999,0.5383838383838384,0.4960000000000001,0.5237361408801038,5.6,4.6,5.4,4.4
svm,signo_zodiacal_sagitario,385,0.5,0.41000000000000003,0.39414529914529917,0.32,0.3428337147215866,0.341,0.4577356291799016,3.2,5.0,5.0,6.8
svm,signo_zodiacal_sagitario,386,0.5,0.5,0.5006410256410256,0.45999999999999996,0.47510806000508526,0.48199999999999993,0.5239985814838757,4.6,4.6,5.4,5.4
svm,signo_zodiacal_sagitario,387,0.5,0.52,0.5311111111111111,0.5,0.503444976076555,0.516,0.5305167501916728,5.0,4.6,5.4,5.0
svm,signo_zodiacal_sagitario,388,0.5,0.45999999999999996,0.452000777000777,0.5,0.4705459300424975,0.48200000000000004,0.568860066833751,5.0,5.8,4.2,5.0
svm,signo_zodiacal_sagitario,389,0.5,0.57,0.5800000000000001,0.5,0.5294736842105263,0.5960000000000001,0.6724539257612012,5.0,3.6,6.4,5.0
svm,signo_zodiacal_sagitario,390,0.5,0.5900000000000001,0.6009523809523809,0.5800000000000001,0.5796491228070175,0.7020000000000001,0.7626903882151559,5.8,4.0,6.0,4.2
svm,signo_zodiacal_sagitario,391,0.5,0.54,0.5976190476190476,0.6,0.5642857142857143,0.5479999999999999,0.6221675813866216,6.0,5.2,4.8,4.0
svm,signo_zodiacal_sagitario,392,0.5,0.43999999999999995,0.43714285714285717,0.4,0.4072549019607843,0.40199999999999997,0.48948522109125825,4.0,5.2,4.8,6.0
svm,signo_zodiacal_sagitario,393,0.5,0.48999999999999994,0.4804112554112554,0.47999999999999987,0.4757830404889229,0.462,0.5327304562482581,4.8,5.0,5.0,5.2
svm,signo_zodiacal_sagitario,394,0.5,0.4800000000000001,0.2909090909090909,0.24000000000000005,0.2599439775910364,0.388,0.46491877566877565,2.4,2.8,7.2,7.6
svm,signo_zodiacal_sagitario,395,0.5,0.52,0.48694444444444446,0.42000000000000004,0.4256294582610372,0.5780000000000001,0.6070219563718016,4.2,3.8,6.2,5.8
svm,signo_zodiacal_sagitario,396,0.5,0.43000000000000005,0.4367156862745098,0.5799999999999998,0.4919347319347319,0.338,0.4314861353816462,5.8,7.2,2.8,4.2
svm,signo_zodiacal_sagitario,397,0.5,0.51,0.5323809523809524,0.4,0.4505882352941176,0.514,0.5568679914856385,4.0,3.8,6.2,6.0
svm,signo_zodiacal_sagitario,398,0.5,0.47000000000000003,0.4809163059163059,0.44000000000000006,0.4557936731311344,0.46399999999999997,0.5598367090425913,4.4,5.0,5.0,5.6
svm,signo_zodiacal_sagitario,399,0.5,0.64,0.6133333333333333,0.74,0.664,0.6399999999999999,0.689823803647333,7.4,4.6,5.4,2.6
svm,signo_zodiacal_sagitario,400,0.5,0.48999999999999994,0.4966666666666666,0.5199999999999999,0.5027804359383307,0.41600000000000004,0.491919954056951,5.2,5.4,4.6,4.8
svm,signo_zodiacal_sagitario,401,0.5,0.63,0.6683333333333333,0.5599999999999999,0.5922320953899901,0.6759999999999999,0.6883072837894819,5.6,3.0,7.0,4.4
svm,signo_zodiacal_sagitario,402,0.5,0.55,0.5484188034188034,0.62,0.5738130041837135,0.586,0.632138119448491,6.2,5.2,4.8,3.8
svm,signo_zodiacal_sagitario,403,0.5,0.4600000000000001,0.4516233766233766,0.44000000000000006,0.442016806722689,0.48,0.543203720514092,4.4,5.2,4.8,5.6
svm,signo_zodiacal_sagitario,404,0.5,0.5599999999999999,0.575,0.56,0.563059163059163,0.576,0.6145070180937053,5.6,4.4,5.6,4.4
svm,signo_zodiacal_sagitario,405,0.5,0.5,0.5076190476190476,0.6,0.5394509803921569,0.426,0.480393863876062,6.0,6.0,4.0,4.0
svm,signo_zodiacal_sagitario,406,0.5,0.53,0.5475579975579976,0.56,0.5462303748210331,0.55,0.6349345109654706,5.6,5.0,5.0,4.4
svm,signo_zodiacal_sagitario,407,0.5,0.47000000000000003,0.462012987012987,0.5399999999999999,0.4928571428571429,0.4800000000000001,0.5614287342344617,5.4,6.0,4.0,4.6
svm,signo_zodiacal_sagitario,408,0.5,0.53,0.5356132756132755,0.62,0.5696441102756892,0.512,0.5797356150901042,6.2,5.6,4.4,3.8
svm,signo_zodiacal_sagitario,409,0.5,0.5,0.4955555555555556,0.5,0.4899883040935672,0.5730000000000001,0.5981352803543206,5.0,5.0,5.0,5.0
svm,signo_zodiacal_sagitario,410,0.5,0.38,0.3676373626373627,0.36,0.35140096618357486,0.372,0.48645759838716496,3.6,6.0,4.0,6.4
svm,signo_zodiacal_sagitario,411,0.5,0.5,0.4979797979797979,0.45999999999999996,0.46119465329991643,0.49400000000000005,0.5574470148015039,4.6,4.6,5.4,5.4
svm,signo_zodiacal_sagitario,412,0.5,0.5199999999999999,0.5051526251526252,0.5799999999999998,0.535949656750572,0.588,0.6064217726717727,5.8,5.4,4.6,4.2
svm,signo_zodiacal_sagitario,413,0.5,0.6299999999999999,0.6272727272727273,0.7399999999999999,0.6733333333333335,0.682,0.679670320477596,7.4,4.8,5.2,2.6
svm,signo_zodiacal_sagitario,414,0.5,0.42000000000000004,0.42257575757575766,0.48,0.4448138528138529,0.43600000000000005,0.5524712340463114,4.8,6.4,3.6,5.2
svm,signo_zodiacal_sagitario,415,0.5,0.53,0.537156177156177,0.6199999999999999,0.5712350441320694,0.556,0.5942097054991792,6.2,5.6,4.4,3.8
svm,signo_zodiacal_sagitario,416,0.5,0.5700000000000001,0.5928571428571427,0.45999999999999996,0.5154540763673892,0.554,0.609386787017592,4.6,3.2,6.8,5.4
svm,signo_zodiacal_sagitario,417,0.5,0.49000000000000005,0.47444444444444445,0.4800000000000001,0.4751621477937268,0.4960000000000001,0.5488193652752477,4.8,5.0,5.0,5.2
svm,signo_zodiacal_sagitario,418,0.5,0.5000000000000001,0.5136807636807637,0.52,0.5097439017212877,0.492,0.5808410196614531,5.2,5.2,4.8,4.8
svm,signo_zodiacal_sagitario,419,0.5,0.5700000000000001,0.5599747474747474,0.6799999999999999,0.6080104106419896,0.5519999999999999,0.5871271593903172,6.8,5.4,4.6,3.2
svm,signo_zodiacal_sagitario,420,0.5,0.45,0.4626540126540126,0.48,0.4655650402453471,0.41200000000000003,0.4848516771326369,4.8,5.8,4.2,5.2
svm,signo_zodiacal_sagitario,421,0.5,0.53,0.5231934731934731,0.6599999999999999,0.5827310370788632,0.506,0.5964539092658286,6.6,6.0,4.0,3.4
svm,signo_zodiacal_sagitario,422,0.5,0.47000000000000003,0.4624902874902874,0.54,0.49093134173225705,0.4640000000000001,0.50886292156416,5.4,6.0,4.0,4.6
svm,signo_zodiacal_sagitario,423,0.5,0.5599999999999999,0.5371760592348827,0.76,0.6258958432871476,0.524,0.5836287791156212,7.6,6.4,3.6,2.4
svm,signo_zodiacal_sagitario,424,0.5,0.51,0.5117735042735043,0.62,0.5553810948776624,0.472,0.5193734243912262,6.2,6.0,4.0,3.8
svm,signo_zodiacal_sagitario,425,0.5,0.56,0.4930735930735931,0.44000000000000006,0.461703277802349,0.544,0.6096688974939749,4.4,3.2,6.8,5.6
svm,signo_zodiacal_sagitario,426,0.5,0.53,0.5294949494949495,0.52,0.523859649122807,0.55,0.5829344142269839,5.2,4.6,5.4,4.8
svm,signo_zodiacal_sagitario,427,0.5,0.42000000000000004,0.4371428571428571,0.5,0.4594453781512605,0.39,0.5487803736511166,5.0,6.6,3.4,5.0
svm,signo_zodiacal_sagitario,428,0.5,0.58,0.5680769230769231,0.6,0.5692415458937198,0.542,0.5723507109505561,6.0,4.4,5.6,4.0
svm,signo_zodiacal_sagitario,429,0.5,0.4800000000000001,0.48321678321678324,0.5199999999999999,0.49276773950687,0.484,0.5523585642084095,5.2,5.6,4.4,4.8
svm,signo_zodiacal_sagitario,430,0.5,0.5,0.5073376623376624,0.38,0.42752567693744165,0.542,0.6091826865944513,3.8,3.8,6.2,6.2
svm,signo_zodiacal_sagitario,431,0.5,0.45999999999999996,0.43992673992674,0.45999999999999996,0.4300665518056822,0.421,0.5248002400076703,4.6,5.4,4.6,5.4
svm,signo_zodiacal_sagitario,432,0.5,0.6,0.6261904761904762,0.54,0.571235575569941,0.6300000000000001,0.6483487515236741,5.4,3.4,6.6,4.6
svm,signo_zodiacal_sagitario,433,0.5,0.47000000000000003,0.4444444444444445,0.31999999999999995,0.369969040247678,0.46699999999999997,0.5601861384229806,3.2,3.8,6.2,6.8
svm,signo_zodiacal_sagitario,434,0.5,0.48,0.5084415584415585,0.34,0.39719887955182076,0.4680000000000001,0.535277639457206,3.4,3.8,6.2,6.6
svm,signo_zodiacal_sagitario,435,0.5,0.5299999999999999,0.5041758241758242,0.6399999999999999,0.5570345596432553,0.538,0.5618738652987879,6.4,5.8,4.2,3.6
svm,signo_zodiacal_sagitario,436,0.5,0.35,0.30436507936507934,0.28,0.2888451074209588,0.322,0.4465649742414448,2.8,5.8,4.2,7.2
svm,signo_zodiacal_sagitario,437,0.5,0.49000000000000005,0.5116666666666667,0.45999999999999996,0.472929292929293,0.442,0.5374349065966713,4.6,4.8,5.2,5.4
svm,signo_zodiacal_sagitario,438,0.5,0.54,0.5364102564102564,0.74,0.6172842809364549,0.42200000000000004,0.4844142687377982,7.4,6.6,3.4,2.6
svm,signo_zodiacal_sagitario,439,0.5,0.5799999999999998,0.5575091575091575,0.6599999999999999,0.598651476400837,0.558,0.5940680979667048,6.6,5.0,5.0,3.4
svm,signo_zodiacal_sagitario,440,0.5,0.59,0.6150299700299701,0.58,0.5892648073722243,0.5800000000000001,0.6302581209640032,5.8,4.0,6.0,4.2
svm,signo_zodiacal_sagitario,441,0.5,0.58,0.5850000000000001,0.5,0.535,0.5820000000000001,0.6091927876045522,5.0,3.4,6.6,5.0
svm,signo_zodiacal_sagitario,442,0.5,0.48,0.487012987012987,0.6000000000000001,0.525552878494055,0.518,0.6118188749674818,6.0,6.4,3.6,4.0
svm,signo_zodiacal_sagitario,443,0.5,0.51,0.49757575757575756,0.54,0.506025974025974,0.4800000000000001,0.5552839038326655,5.4,5.2,4.8,4.6
svm,signo_zodiacal_sagitario,444,0.5,0.43000000000000005,0.4577289377289377,0.4800000000000001,0.45921227621483374,0.434,0.5207917860433341,4.8,6.2,3.8,5.2
svm,signo_zodiacal_sagitario,445,0.5,0.57,0.5775757575757576,0.6000000000000001,0.5849350649350649,0.5680000000000001,0.5806733719496877,6.0,4.6,5.4,4.0
svm,signo_zodiacal_sagitario,446,0.5,0.49000000000000005,0.4884920634920634,0.38,0.42512039903680776,0.48200000000000004,0.5861305720423367,3.8,4.0,6.0,6.2
svm,signo_zodiacal_sagitario,447,0.5,0.5199999999999999,0.5152597402597403,0.5799999999999998,0.5424242424242423,0.514,0.5500594585153409,5.8,5.4,4.6,4.2
svm,signo_zodiacal_sagitario,448,0.5,0.53,0.5460317460317461,0.4,0.4598641210870313,0.526,0.6319442318087829,4.0,3.4,6.6,6.0
svm,signo_zodiacal_sagitario,449,0.5,0.44000000000000006,0.425,0.48,0.44000000000000006,0.42800000000000005,0.5057519168138362,4.8,6.0,4.0,5.2
svm,signo_zodiacal_sagitario,450,0.5,0.5,0.538888888888889,0.4800000000000001,0.48563454089769886,0.492,0.5575256667137471,4.8,4.8,5.2,5.2
svm,signo_zodiacal_sagitario,451,0.5,0.5,0.5022222222222222,0.5,0.4996172248803828,0.4640000000000001,0.5357286520668874,5.0,5.0,5.0,5.0
svm,signo_zodiacal_sagitario,452,0.5,0.45,0.44935064935064933,0.4,0.4170168067226891,0.429,0.5082382998838108,4.0,5.0,5.0,6.0
svm,signo_zodiacal_sagitario,453,0.5,0.4800000000000001,0.492948717948718,0.45999999999999996,0.4642512077294686,0.508,0.5946384624147782,4.6,5.0,5.0,5.4
svm,signo_zodiacal_sagitario,454,0.5,0.51,0.498076923076923,0.45999999999999996,0.4702707856598017,0.6289999999999999,0.6672055793363841,4.6,4.4,5.6,5.4
svm,signo_zodiacal_sagitario,455,0.5,0.55,0.55,0.6000000000000001,0.5685643621570394,0.5599999999999999,0.5819524805260099,6.0,5.0,5.0,4.0
svm,signo_zodiacal_sagitario,456,0.5,0.51,0.5777777777777778,0.42000000000000004,0.4401116427432217,0.5239999999999999,0.5976712819344399,4.2,4.0,6.0,5.8
svm,signo_zodiacal_sagitario,457,0.5,0.42000000000000004,0.4251082251082251,0.5,0.4528393175451999,0.4,0.4778970331354232,5.0,6.6,3.4,5.0
svm,signo_zodiacal_sagitario,458,0.5,0.56,0.5778117307529073,0.64,0.591524563041591,0.5640000000000001,0.592769662312232,6.4,5.2,4.8,3.6
svm,signo_zodiacal_sagitario,459,0.5,0.49000000000000005,0.4907356532356532,0.5599999999999999,0.5135832265728617,0.4640000000000001,0.5318681986228426,5.6,5.8,4.2,4.4
svm,signo_zodiacal_sagitario,460,0.5,0.45999999999999996,0.44603174603174606,0.4600000000000001,0.4494511680270194,0.52,0.5871418005798811,4.6,5.4,4.6,5.4
svm,signo_zodiacal_sagitario,461,0.5,0.47000000000000003,0.47545787545787543,0.6,0.5300395256916997,0.462,0.5573901829164987,6.0,6.6,3.4,4.0
svm,signo_zodiacal_sagitario,462,0.5,0.55,0.5856410256410256,0.4600000000000001,0.5020361645802487,0.5940000000000001,0.6825345477535879,4.6,3.6,6.4,5.4
svm,signo_zodiacal_sagitario,463,0.5,0.34,0.31238095238095237,0.32,0.3101782531194296,0.336,0.4487980014481563,3.2,6.4,3.6,6.8
svm,signo_zodiacal_sagitario,464,0.5,0.45999999999999996,0.4648051948051948,0.45999999999999996,0.4478210678210678,0.438,0.5165589667470473,4.6,5.4,4.6,5.4
svm,signo_zodiacal_sagitario,465,0.5,0.5,0.49480519480519475,0.45999999999999996,0.47434763379035816,0.462,0.5203447117038449,4.6,4.6,5.4,5.4
svm,signo_zodiacal_sagitario,466,0.5,0.53,0.5166666666666667,0.39999999999999997,0.4485380116959064,0.538,0.5892712914020963,4.0,3.4,6.6,6.0
svm,signo_zodiacal_sagitario,467,0.5,0.54,0.5276680672268907,0.78,0.6274498834498834,0.536,0.5581254856254857,7.8,7.0,3.0,2.2
svm,signo_zodiacal_sagitario,468,0.5,0.41000000000000003,0.37384559884559887,0.32,0.341703523514669,0.37,0.4434199597272352,3.2,5.0,5.0,6.8
svm,signo_zodiacal_sagitario,469,0.5,0.5900000000000001,0.574891774891775,0.72,0.6378787878787879,0.5599999999999999,0.5737572133748603,7.2,5.4,4.6,2.8
svm,signo_zodiacal_sagitario,470,0.5,0.59,0.6266666666666667,0.4800000000000001,0.5370760233918128,0.6459999999999999,0.7103548195870177,4.8,3.0,7.0,5.2
svm,signo_zodiacal_sagitario,471,0.5,0.5700000000000001,0.5590025660613895,0.7,0.6088671294604799,0.52,0.5768301677682481,7.0,5.6,4.4,3.0
svm,signo_zodiacal_sagitario,472,0.5,0.5599999999999999,0.5726190476190476,0.5799999999999998,0.5648778809769521,0.532,0.5583081158607475,5.8,4.6,5.4,4.2
svm,signo_zodiacal_sagitario,473,0.5,0.43,0.39,0.3,0.33499999999999996,0.385,0.46451890043221306,3.0,4.4,5.6,7.0
svm,signo_zodiacal_sagitario,474,0.5,0.53,0.5451515151515152,0.52,0.530125313283208,0.5599999999999999,0.6010600494276964,5.2,4.6,5.4,4.8
svm,signo_zodiacal_sagitario,475,0.5,0.47000000000000003,0.4703968253968254,0.34,0.39049191606467143,0.514,0.6043721648148892,3.4,4.0,6.0,6.6
svm,signo_zodiacal_sagitario,476,0.5,0.5700000000000001,0.5755555555555556,0.56,0.56481658692185,0.5280000000000001,0.5825954611264208,5.6,4.2,5.8,4.4
svm,signo_zodiacal_sagitario,477,0.5,0.5999999999999999,0.5993589743589742,0.6,0.5935094653630124,0.6039999999999999,0.666260304453029,6.0,4.0,6.0,4.0
svm,signo_zodiacal_sagitario,478,0.5,0.48,0.4742857142857142,0.64,0.5418245614035089,0.43,0.5046499828001376,6.4,6.8,3.2,3.6
svm,signo_zodiacal_sagitario,479,0.5,0.53,0.5397435897435897,0.56,0.5395633352155091,0.55,0.6170871046737918,5.6,5.0,5.0,4.4
svm,signo_zodiacal_sagitario,480,0.5,0.45,0.42888888888888876,0.38,0.38251127819548875,0.35,0.4512302630290247,3.8,4.8,5.2,6.2
svm,signo_zodiacal_sagitario,481,0.5,0.51,0.508095238095238,0.5399999999999999,0.5178609625668449,0.572,0.6220318929436577,5.4,5.2,4.8,4.6
svm,signo_zodiacal_sagitario,482,0.5,0.4,0.39861111111111114,0.44000000000000006,0.411466895677422,0.35,0.4901650629212549,4.4,6.4,3.6,5.6
svm,signo_zodiacal_sagitario,483,0.5,0.6100000000000001,0.600387847446671,0.76,0.6567774936061381,0.544,0.6016249306249306,7.6,5.4,4.6,2.4
svm,signo_zodiacal_sagitario,484,0.5,0.5,0.5136363636363636,0.58,0.5369297369297369,0.55,0.5981081712405242,5.8,5.8,4.2,4.2
svm,signo_zodiacal_sagitario,485,0.5,0.53,0.5476190476190477,0.44000000000000006,0.4809863339275104,0.508,0.5721131337702545,4.4,3.8,6.2,5.6
svm,signo_zodiacal_sagitario,486,0.5,0.59,0.6205555555555555,0.52,0.5603216374269004,0.626,0.6543409635600037,5.2,3.4,6.6,4.8
svm,signo_zodiacal_sagitario,487,0.5,0.47000000000000003,0.47272727272727266,0.42000000000000004,0.4317460317460317,0.458,0.546256576155183,4.2,4.8,5.2,5.8
svm,signo_zodiacal_sagitario,488,0.5,0.45,0.4322222222222222,0.44000000000000006,0.43057416267942583,0.45099999999999996,0.5146108422021735,4.4,5.4,4.6,5.6
svm,signo_zodiacal_sagitario,489,0.5,0.5900000000000001,0.6577777777777778,0.45999999999999996,0.5352631578947369,0.588,0.6314926848177622,4.6,2.8,7.2,5.4
svm,signo_zodiacal_sagitario,490,0.5,0.53,0.528974358974359,0.6799999999999999,0.5916205533596839,0.586,0.6417471052339472,6.8,6.2,3.8,3.2
svm,signo_zodiacal_sagitario,491,0.5,0.5,0.5013986013986014,0.56,0.5281573498964802,0.47400000000000003,0.517088697680029,5.6,5.6,4.4,4.4
svm,signo_zodiacal_sagitario,492,0.5,0.54,0.5523809523809524,0.4,0.46307189542483657,0.568,0.6118035842726245,4.0,3.2,6.8,6.0
svm,signo_zodiacal_sagitario,493,0.5,0.54,0.5405011655011656,0.6,0.5645272601794341,0.524,0.5634347864038267,6.0,5.2,4.8,4.0
svm,signo_zodiacal_sagitario,494,0.5,0.5199999999999999,0.5127428127428126,0.5,0.49849351639969486,0.572,0.6127091596913578,5.0,4.6,5.4,5.0
svm,signo_zodiacal_sagitario,495,0.5,0.5200000000000001,0.5146464646464646,0.56,0.5352927773980406,0.4960000000000001,0.5789613909482331,5.6,5.2,4.8,4.4
svm,signo_zodiacal_sagitario,496,0.5,0.55,0.5563131313131313,0.5599999999999999,0.5525898078529657,0.556,0.6118933217625167,5.6,4.6,5.4,4.4
svm,signo_zodiacal_sagitario,497,0.5,0.5,0.5376190476190477,0.38,0.4051652661064426,0.45199999999999996,0.571484746247904,3.8,3.8,6.2,6.2
svm,signo_zodiacal_sagitario,498,0.5,0.43,0.393021978021978,0.4,0.38493606138107417,0.396,0.4794364056995636,4.0,5.4,4.6,6.0
svm,signo_zodiacal_sagitario,499,0.5,0.5200000000000001,0.5195848595848596,0.5599999999999999,0.5294586081572217,0.5279999999999999,0.6188983608410853,5.6,5.2,4.8,4.4
svm,signo_zodiacal_sagitario,500,0.5,0.5599999999999999,0.5644022644022644,0.6199999999999999,0.5784490871447392,0.5860000000000001,0.6084520469210871,6.2,5.0,5.0,3.8
svm,signo_zodiacal_tauro,1,0.5,0.5599999999999999,0.5957575757575757,0.4600000000000001,0.4958241758241758,0.518,0.5713845033535436,4.6,3.4,6.6,5.4
svm,signo_zodiacal_tauro,2,0.5,0.45,0.4482983682983683,0.6,0.511072463768116,0.45600000000000007,0.5268442221692996,6.0,7.0,3.0,4.0
svm,signo_zodiacal_tauro,3,0.5,0.5700000000000001,0.5705710955710955,0.56,0.555072463768116,0.55,0.6025854396721269,5.6,4.2,5.8,4.4
svm,signo_zodiacal_tauro,4,0.5,0.45999999999999996,0.45725108225108235,0.36000000000000004,0.3993930905695612,0.458,0.5429058914941268,3.6,4.4,5.6,6.4
svm,signo_zodiacal_tauro,5,0.5,0.5,0.4916666666666667,0.5799999999999998,0.5291172595520421,0.5,0.563101500838343,5.8,5.8,4.2,4.2
svm,signo_zodiacal_tauro,6,0.5,0.5299999999999999,0.5167832167832167,0.58,0.5446372849118845,0.5199999999999999,0.5730954421395598,5.8,5.2,4.8,4.2
svm,signo_zodiacal_tauro,7,0.5,0.4600000000000001,0.46333333333333326,0.38,0.40979797979797983,0.45,0.5207639701200073,3.8,4.6,5.4,6.2
svm,signo_zodiacal_tauro,8,0.5,0.45,0.45852564102564103,0.5,0.4574833861790383,0.4,0.5027388444888444,5.0,6.0,4.0,5.0
svm,signo_zodiacal_tauro,9,0.5,0.5800000000000001,0.5696969696969696,0.58,0.5593073593073592,0.624,0.6947008726567548,5.8,4.2,5.8,4.2
svm,signo_zodiacal_tauro,10,0.5,0.47000000000000003,0.4821518350930115,0.52,0.48851597593016355,0.44000000000000006,0.5134885315063334,5.2,5.8,4.2,4.8
svm,signo_zodiacal_tauro,11,0.5,0.47000000000000003,0.44871794871794873,0.44000000000000006,0.43163615560640733,0.49000000000000005,0.5322167734226558,4.4,5.0,5.0,5.6
svm,signo_zodiacal_tauro,12,0.5,0.41,0.409047619047619,0.38,0.3903862150920975,0.40800000000000003,0.4697140549508971,3.8,5.6,4.4,6.2
svm,signo_zodiacal_tauro,13,0.5,0.43000000000000005,0.40392385392385394,0.4,0.39332025716465074,0.372,0.46942687111649956,4.0,5.4,4.6,6.0
svm,signo_zodiacal_tauro,14,0.5,0.51,0.49067460317460315,0.5599999999999999,0.5115609536662168,0.5760000000000001,0.587342777105935,5.6,5.4,4.6,4.4
svm,signo_zodiacal_tauro,15,0.5,0.4,0.31222222222222223,0.29999999999999993,0.29398830409356724,0.302,0.4360895442706588,3.0,5.0,5.0,7.0
svm,signo_zodiacal_tauro,16,0.5,0.47000000000000003,0.47991452991453,0.6199999999999999,0.5360248447204968,0.414,0.507387346313817,6.2,6.8,3.2,3.8
svm,signo_zodiacal_tauro,17,0.5,0.5700000000000001,0.6023809523809524,0.42000000000000004,0.4928104575163399,0.5880000000000001,0.6938723874165051,4.2,2.8,7.2,5.8
svm,signo_zodiacal_tauro,18,0.5,0.51,0.4973387723387724,0.48,0.4813464821473975,0.534,0.5639424084687242,4.8,4.6,5.4,5.2
svm,signo_zodiacal_tauro,19,0.5,0.47000000000000003,0.46272727272727276,0.5399999999999999,0.4946210982000456,0.5349999999999999,0.5523984599851472,5.4,6.0,4.0,4.6
svm,signo_zodiacal_tauro,20,0.5,0.42000000000000004,0.4257142857142857,0.42000000000000004,0.41067914438502673,0.356,0.5000507852140978,4.2,5.8,4.2,5.8
svm,signo_zodiacal_tauro,21,0.5,0.5599999999999999,0.5497990897990898,0.6799999999999999,0.6032880026152337,0.546,0.5647539100905974,6.8,5.6,4.4,3.2
svm,signo_zodiacal_tauro,22,0.5,0.5700000000000001,0.5593557422969189,0.7,0.6157912457912458,0.5730000000000001,0.6202134897266476,7.0,5.6,4.4,3.0
svm,signo_zodiacal_tauro,23,0.5,0.39,0.3953632478632479,0.45999999999999996,0.41940855483189576,0.39399999999999996,0.4965377216522728,4.6,6.8,3.2,5.4
svm,signo_zodiacal_tauro,24,0.5,0.5199999999999999,0.5156060606060606,0.5799999999999998,0.5410909090909091,0.5319999999999999,0.6094791499350322,5.8,5.4,4.6,4.2
svm,signo_zodiacal_tauro,25,0.5,0.39,0.40597069597069596,0.45999999999999996,0.4267545015371102,0.34,0.4499161241235544,4.6,6.8,3.2,5.4
svm,signo_zodiacal_tauro,26,0.5,0.51,0.4986879786879787,0.64,0.558024844720497,0.558,0.6326630422381196,6.4,6.2,3.8,3.6
svm,signo_zodiacal_tauro,27,0.5,0.48,0.49187479187479183,0.38,0.4022308254405441,0.46799999999999997,0.5455085916835143,3.8,4.2,5.8,6.2
svm,signo_zodiacal_tauro,28,0.5,0.4,0.3742424242424242,0.42000000000000004,0.3909717475506949,0.391,0.5340620615194919,4.2,6.2,3.8,5.8
svm,signo_zodiacal_tauro,29,0.5,0.53,0.5198692810457517,0.6599999999999999,0.5734495835548467,0.538,0.5971325731372172,6.6,6.0,4.0,3.4
svm,signo_zodiacal_tauro,30,0.5,0.38,0.38506493506493505,0.42000000000000004,0.39567099567099573,0.34199999999999997,0.47504172891092394,4.2,6.6,3.4,5.8
svm,signo_zodiacal_tauro,31,0.5,0.45999999999999996,0.4693473193473194,0.56,0.5103331451157538,0.458,0.523456943383414,5.6,6.4,3.6,4.4
svm,signo_zodiacal_tauro,32,0.5,0.5700000000000001,0.5709090909090909,0.6,0.5843290043290044,0.5820000000000001,0.6609895382395382,6.0,4.6,5.4,4.0
svm,signo_zodiacal_tauro,33,0.5,0.58,0.5640293040293041,0.7,0.6204637681159421,0.6300000000000001,0.6299182098431324,7.0,5.4,4.6,3.0
svm,signo_zodiacal_tauro,34,0.5,0.52,0.4953968253968254,0.4,0.4368411224138778,0.5200000000000001,0.5662322089675029,4.0,3.6,6.4,6.0
svm,signo_zodiacal_tauro,35,0.5,0.5,0.49984126984126986,0.37999999999999995,0.4230733696987567,0.5399999999999999,0.6001852108160157,3.8,3.8,6.2,6.2
svm,signo_zodiacal_tauro,36,0.5,0.5700000000000001,0.5757575757575757,0.5799999999999998,0.5652958152958153,0.6100000000000001,0.6512900226708276,5.8,4.4,5.6,4.2
svm,signo_zodiacal_tauro,37,0.5,0.5700000000000001,0.5741414141414141,0.6199999999999999,0.5911979949874687,0.5780000000000001,0.642057081205688,6.2,4.8,5.2,3.8
svm,signo_zodiacal_tauro,38,0.5,0.52,0.5183333333333333,0.58,0.5413460925039872,0.502,0.5824481274659293,5.8,5.4,4.6,4.2
svm,signo_zodiacal_tauro,39,0.5,0.53,0.5222222222222223,0.44000000000000006,0.4727485380116958,0.506,0.6116061073429494,4.4,3.8,6.2,5.6
svm,signo_zodiacal_tauro,40,0.5,0.42000000000000004,0.40844155844155844,0.27999999999999997,0.32336601307189544,0.44000000000000006,0.4869037592094868,2.8,4.4,5.6,7.2
svm,signo_zodiacal_tauro,41,0.5,0.4699999999999999,0.4688888888888888,0.43999999999999995,0.4510792131844763,0.47000000000000003,0.5493437669142004,4.4,5.0,5.0,5.6
svm,signo_zodiacal_tauro,42,0.5,0.49000000000000005,0.47480519480519484,0.37999999999999995,0.4159850606909431,0.46799999999999997,0.5621318038686459,3.8,4.0,6.0,6.2
svm,signo_zodiacal_tauro,43,0.5,0.48,0.4842424242424242,0.5599999999999999,0.5133784461152882,0.514,0.6102550248169443,5.6,6.0,4.0,4.4
svm,signo_zodiacal_tauro,44,0.5,0.51,0.4987012987012987,0.33999999999999997,0.38879551820728286,0.472,0.5510994658935835,3.4,3.2,6.8,6.6
svm,signo_zodiacal_tauro,45,0.5,0.38,0.3682539682539682,0.38,0.3709822685054883,0.33799999999999997,0.44903956483832647,3.8,6.2,3.8,6.2
svm,signo_zodiacal_tauro,46,0.5,0.54,0.5541702741702741,0.5,0.5224590888987174,0.525,0.5805777165730726,5.0,4.2,5.8,5.0
svm,signo_zodiacal_tauro,47,0.5,0.61,0.613030303030303,0.64,0.6248439280018226,0.618,0.6508427026190183,6.4,4.2,5.8,3.6
svm,signo_zodiacal_tauro,48,0.5,0.52,0.5173777203188968,0.72,0.6001390718782023,0.4800000000000001,0.5378261630010857,7.2,6.8,3.2,2.8
svm,signo_zodiacal_tauro,49,0.5,0.32999999999999996,0.30666666666666664,0.3,0.29843700159489633,0.31799999999999995,0.4487806762381066,3.0,6.4,3.6,7.0
svm,signo_zodiacal_tauro,50,0.5,0.52,0.4990620490620491,0.5199999999999999,0.5061611247369762,0.528,0.604960437223595,5.2,4.8,5.2,4.8
svm,signo_zodiacal_tauro,51,0.5,0.51,0.4333333333333333,0.2,0.27142857142857146,0.534,0.6079061210547279,2.0,1.8,8.2,8.0
svm,signo_zodiacal_tauro,52,0.5,0.49000000000000005,0.4833333333333333,0.43999999999999995,0.4576289207868155,0.47400000000000003,0.5487562062120885,4.4,4.6,5.4,5.6
svm,signo_zodiacal_tauro,53,0.5,0.5599999999999999,0.5580891330891331,0.6,0.5714467327739639,0.568,0.6457560762251164,6.0,4.8,5.2,4.0
svm,signo_zodiacal_tauro,54,0.5,0.4,0.3612698412698413,0.32,0.33795665634674926,0.36,0.4571304924865297,3.2,5.2,4.8,6.8
svm,signo_zodiacal_tauro,55,0.5,0.5399999999999999,0.5333766233766234,0.6799999999999999,0.595982683982684,0.5700000000000001,0.6231883928764734,6.8,6.0,4.0,3.2
svm,signo_zodiacal_tauro,56,0.5,0.41000000000000003,0.4251082251082251,0.52,0.46558441558441566,0.394,0.5094505576123224,5.2,7.0,3.0,4.8
svm,signo_zodiacal_tauro,57,0.5,0.39,0.3549206349206349,0.36,0.34716408668730653,0.31599999999999995,0.4387426607620106,3.6,5.8,4.2,6.4
svm,signo_zodiacal_tauro,58,0.5,0.43,0.44805194805194803,0.6199999999999999,0.5183150183150184,0.398,0.5195583440467341,6.2,7.6,2.4,3.8
svm,signo_zodiacal_tauro,59,0.5,0.49000000000000005,0.4738034188034188,0.44000000000000006,0.4470022883295194,0.518,0.5510802493859769,4.4,4.6,5.4,5.6
svm,signo_zodiacal_tauro,60,0.5,0.51,0.54,0.38,0.42987012987012985,0.458,0.5244259722905233,3.8,3.6,6.4,6.2
svm,signo_zodiacal_tauro,61,0.5,0.45999999999999996,0.4450267379679144,0.42000000000000004,0.40931216931216935,0.514,0.5699959217768814,4.2,5.0,5.0,5.8
svm,signo_zodiacal_tauro,62,0.5,0.5,0.5140836940836941,0.38,0.42856626861270825,0.458,0.561939772645655,3.8,3.8,6.2,6.2
svm,signo_zodiacal_tauro,63,0.5,0.45999999999999996,0.4844627594627594,0.48,0.4755530129672006,0.44800000000000006,0.501609588553861,4.8,5.6,4.4,5.2
svm,signo_zodiacal_tauro,64,0.5,0.5,0.5057142857142857,0.6,0.5457575757575757,0.522,0.5792721249338897,6.0,6.0,4.0,4.0
svm,signo_zodiacal_tauro,65,0.5,0.38,0.3790909090909091,0.4,0.3883526999316473,0.39399999999999996,0.5205284698961169,4.0,6.4,3.6,6.0
svm,signo_zodiacal_tauro,66,0.5,0.49000000000000005,0.49411764705882355,0.6599999999999999,0.5627872932220759,0.506,0.5779271951818392,6.6,6.8,3.2,3.4
svm,signo_zodiacal_tauro,67,0.5,0.38,0.39567099567099573,0.45999999999999996,0.4235475051264525,0.36400000000000005,0.5174242187980578,4.6,7.0,3.0,5.4
svm,signo_zodiacal_tauro,68,0.5,0.55,0.5824242424242424,0.4,0.46317460317460313,0.506,0.5539325658002128,4.0,3.0,7.0,6.0
svm,signo_zodiacal_tauro,69,0.5,0.53,0.5717748917748918,0.4,0.45976116762494473,0.48599999999999993,0.5534112249979123,4.0,3.4,6.6,6.0
svm,signo_zodiacal_tauro,70,0.5,0.47000000000000003,0.4712358882947119,0.5599999999999999,0.5047436773752563,0.48200000000000004,0.5527806264083354,5.6,6.2,3.8,4.4
svm,signo_zodiacal_tauro,71,0.5,0.65,0.6277777777777778,0.7,0.6598086124401915,0.6839999999999999,0.7319514517130615,7.0,4.0,6.0,3.0
svm,signo_zodiacal_tauro,72,0.5,0.54,0.5297868797868798,0.6599999999999999,0.5867494824016564,0.6060000000000001,0.6359774261686025,6.6,5.8,4.2,3.4
svm,signo_zodiacal_tauro,73,0.5,0.45,0.48252525252525247,0.4,0.4213533834586466,0.476,0.5684925903130237,4.0,5.0,5.0,6.0
svm,signo_zodiacal_tauro,74,0.5,0.52,0.5091880341880343,0.54,0.5091371824209352,0.548,0.6268080997949418,5.4,5.0,5.0,4.6
svm,signo_zodiacal_tauro,75,0.5,0.5800000000000001,0.574090909090909,0.68,0.6155180375180376,0.626,0.6935847736714609,6.8,5.2,4.8,3.2
svm,signo_zodiacal_tauro,76,0.5,0.48,0.4956060606060606,0.7,0.5776410256410257,0.45,0.48988412627963707,7.0,7.4,2.6,3.0
svm,signo_zodiacal_tauro,77,0.5,0.44000000000000006,0.453962703962704,0.56,0.5008469791078486,0.40800000000000003,0.4781574269383867,5.6,6.8,3.2,4.4
svm,signo_zodiacal_tauro,78,0.5,0.51,0.5083333333333334,0.42000000000000004,0.45768833849329205,0.5,0.5592742145195705,4.2,4.0,6.0,5.8
svm,signo_zodiacal_tauro,79,0.5,0.5700000000000001,0.5664607614607615,0.5799999999999998,0.5688380371217899,0.616,0.6341490443680846,5.8,4.4,5.6,4.2
svm,signo_zodiacal_tauro,80,0.5,0.42000000000000004,0.3866666666666666,0.3,0.3305050505050505,0.382,0.4954295637283253,3.0,4.6,5.4,7.0
svm,signo_zodiacal_tauro,81,0.5,0.5599999999999999,0.5464393939393939,0.76,0.631962703962704,0.558,0.5961522633713036,7.6,6.4,3.6,2.4
svm,signo_zodiacal_tauro,82,0.5,0.6300000000000001,0.6104395604395604,0.74,0.6651827196449622,0.63,0.6324584359568879,7.4,4.8,5.2,2.6
svm,signo_zodiacal_tauro,83,0.5,0.45,0.4412698412698413,0.32,0.35128998968008257,0.425,0.4892000762395498,3.2,4.2,5.8,6.8
svm,signo_zodiacal_tauro,84,0.5,0.51,0.5214574314574314,0.5,0.5064803720531275,0.532,0.6000002132370554,5.0,4.8,5.2,5.0
svm,signo_zodiacal_tauro,85,0.5,0.5200000000000001,0.5143589743589743,0.6,0.5481518288474809,0.518,0.5811541324172903,6.0,5.6,4.4,4.0
svm,signo_zodiacal_tauro,86,0.5,0.54,0.5272222222222223,0.42000000000000004,0.4603216374269007,0.542,0.5984656464966063,4.2,3.4,6.6,5.8
svm,signo_zodiacal_tauro,87,0.5,0.6100000000000001,0.6219155844155844,0.6,0.5946706887883358,0.6759999999999999,0.7370273794832618,6.0,3.8,6.2,4.0
svm,signo_zodiacal_tauro,88,0.5,0.48,0.4843156843156843,0.6,0.535159043854696,0.488,0.5243292232363439,6.0,6.4,3.6,4.0
svm,signo_zodiacal_tauro,89,0.5,0.51,0.5106997577585812,0.6399999999999999,0.5615778576876975,0.562,0.6035104427736007,6.4,6.2,3.8,3.6
svm,signo_zodiacal_tauro,90,0.5,0.51,0.5011965811965812,0.66,0.5647261845705781,0.4600000000000001,0.5266734197175373,6.6,6.4,3.6,3.4
svm,signo_zodiacal_tauro,91,0.5,0.53,0.5453968253968254,0.4,0.45715858273133814,0.55,0.5868727661227661,4.0,3.4,6.6,6.0
svm,signo_zodiacal_tauro,92,0.5,0.5199999999999999,0.5231973581973581,0.5799999999999998,0.5423038756311068,0.6060000000000001,0.658414341764187,5.8,5.4,4.6,4.2
svm,signo_zodiacal_tauro,93,0.5,0.42000000000000004,0.4256410256410256,0.4800000000000001,0.4493239026419804,0.41400000000000003,0.5461927182724395,4.8,6.4,3.6,5.2
svm,signo_zodiacal_tauro,94,0.5,0.45999999999999996,0.5036507936507937,0.44000000000000006,0.45400850611376925,0.45600000000000007,0.5556188919439693,4.4,5.2,4.8,5.6
svm,signo_zodiacal_tauro,95,0.5,0.48,0.47445054945054943,0.4600000000000001,0.4604975587072774,0.476,0.5552613928039624,4.6,5.0,5.0,5.4
svm,signo_zodiacal_tauro,96,0.5,0.5399999999999999,0.5077777777777778,0.48,0.4880914407230197,0.526,0.5623246926791818,4.8,4.0,6.0,5.2
svm,signo_zodiacal_tauro,97,0.5,0.58,0.5724675324675325,0.6199999999999999,0.5866890756302521,0.584,0.6176133757882983,6.2,4.6,5.4,3.8
svm,signo_zodiacal_tauro,98,0.5,0.47000000000000003,0.48,0.62,0.5399393939393939,0.4699999999999999,0.552535983624219,6.2,6.8,3.2,3.8
svm,signo_zodiacal_tauro,99,0.5,0.49000000000000005,0.4633333333333334,0.4,0.4194949494949494,0.518,0.5589736725263041,4.0,4.2,5.8,6.0
svm,signo_zodiacal_tauro,100,0.5,0.45,0.4256410256410256,0.34,0.34677206851119896,0.42400000000000004,0.4987932616918685,3.4,4.4,5.6,6.6
svm,signo_zodiacal_tauro,101,0.5,0.45999999999999996,0.4664335664335664,0.52,0.4880607315389923,0.49400000000000005,0.6030729656480431,5.2,6.0,4.0,4.8
svm,signo_zodiacal_tauro,102,0.5,0.53,0.4846031746031746,0.33999999999999997,0.39479876160990707,0.5640000000000001,0.6038458943017766,3.4,2.8,7.2,6.6
svm,signo_zodiacal_tauro,103,0.5,0.52,0.5172727272727273,0.64,0.5704242424242424,0.49799999999999994,0.5634341861269105,6.4,6.0,4.0,3.6
svm,signo_zodiacal_tauro,104,0.5,0.4,0.4175757575757576,0.5,0.45305627705627705,0.386,0.5035146730634347,5.0,7.0,3.0,5.0
svm,signo_zodiacal_tauro,105,0.5,0.49000000000000005,0.48,0.4,0.4217936507936508,0.454,0.5174004539492155,4.0,4.2,5.8,6.0
svm,signo_zodiacal_tauro,106,0.5,0.44000000000000006,0.44701298701298703,0.38,0.4053081232492997,0.378,0.47439972325576035,3.8,5.0,5.0,6.2
svm,signo_zodiacal_tauro,107,0.5,0.56,0.5757575757575757,0.43999999999999995,0.4906015037593985,0.49800000000000005,0.5716618473545718,4.4,3.2,6.8,5.6
svm,signo_zodiacal_tauro,108,0.5,0.42000000000000004,0.42804150098267746,0.52,0.46326734711174067,0.352,0.4789099909378547,5.2,6.8,3.2,4.8
svm,signo_zodiacal_tauro,109,0.5,0.47000000000000003,0.4833333333333334,0.54,0.5048888888888888,0.42200000000000004,0.4856255503182747,5.4,6.0,4.0,4.6
svm,signo_zodiacal_tauro,110,0.5,0.43999999999999995,0.44666666666666666,0.44000000000000006,0.44220095693779904,0.426,0.4848990905035796,4.4,5.6,4.4,5.6
svm,signo_zodiacal_tauro,111,0.5,0.54,0.5424242424242425,0.54,0.5391660970608338,0.5740000000000001,0.6476524400951644,5.4,4.6,5.4,4.6
svm,signo_zodiacal_tauro,112,0.5,0.48,0.48411033411033416,0.5599999999999999,0.5171486027321267,0.48600000000000004,0.5899914334031982,5.6,6.0,4.0,4.4
svm,signo_zodiacal_tauro,113,0.5,0.5599999999999999,0.5355627705627706,0.66,0.5810058177117,0.5479999999999999,0.5864108852963342,6.6,5.4,4.6,3.4
svm,signo_zodiacal_tauro,114,0.5,0.45999999999999996,0.4523809523809524,0.42000000000000004,0.4317259280107577,0.44000000000000006,0.5128875644479359,4.2,5.0,5.0,5.8
svm,signo_zodiacal_tauro,115,0.5,0.53,0.5272727272727272,0.6,0.5606060606060607,0.462,0.5048740436550034,6.0,5.4,4.6,4.0
svm,signo_zodiacal_tauro,116,0.5,0.53,0.5279220779220779,0.5800000000000001,0.5458492487904253,0.6020000000000001,0.6438525918525919,5.8,5.2,4.8,4.2
svm,signo_zodiacal_tauro,117,0.5,0.43999999999999995,0.4171428571428571,0.27999999999999997,0.3303921568627451,0.388,0.49264703923527453,2.8,4.0,6.0,7.2
svm,signo_zodiacal_tauro,118,0.5,0.48999999999999994,0.4802442002442002,0.43999999999999995,0.4523044824337058,0.49000000000000005,0.5526681082075819,4.4,4.6,5.4,5.6
svm,signo_zodiacal_tauro,119,0.5,0.49000000000000005,0.478021978021978,0.5399999999999999,0.4989360613810742,0.492,0.5325499582117229,5.4,5.6,4.4,4.6
svm,signo_zodiacal_tauro,120,0.5,0.58,0.6183838383838384,0.45999999999999996,0.5141520467836258,0.5700000000000001,0.6418081091595023,4.6,3.0,7.0,5.4
svm,signo_zodiacal_tauro,121,0.5,0.45999999999999996,0.4692496392496392,0.52,0.49045796308954204,0.43600000000000005,0.516124183006536,5.2,6.0,4.0,4.8
svm,signo_zodiacal_tauro,122,0.5,0.45,0.45226440226440223,0.45999999999999996,0.4499721364171492,0.43,0.49365712881889345,4.6,5.6,4.4,5.4
svm,signo_zodiacal_tauro,123,0.5,0.5,0.5077020202020203,0.6,0.5439078465394255,0.534,0.6009245178625984,6.0,6.0,4.0,4.0
svm,signo_zodiacal_tauro,124,0.5,0.45999999999999996,0.44523809523809527,0.38,0.3986249045072575,0.45600000000000007,0.5251506512063787,3.8,4.6,5.4,6.2
svm,signo_zodiacal_tauro,125,0.5,0.52,0.49833333333333335,0.44000000000000006,0.45412914570809304,0.528,0.5633254419299311,4.4,4.0,6.0,5.6
svm,signo_zodiacal_tauro,126,0.5,0.5,0.5128968253968254,0.54,0.5161640217367771,0.538,0.5998075056178772,5.4,5.4,4.6,4.6
svm,signo_zodiacal_tauro,127,0.5,0.5200000000000001,0.5142857142857143,0.56,0.5317460317460317,0.554,0.5982902724210774,5.6,5.2,4.8,4.4
svm,signo_zodiacal_tauro,128,0.5,0.47000000000000003,0.4821178821178821,0.45999999999999996,0.46520115292493813,0.44000000000000006,0.5277651890593067,4.6,5.2,4.8,5.4
svm,signo_zodiacal_tauro,129,0.5,0.5499999999999999,0.5572727272727274,0.56,0.5561904761904761,0.6,0.6543759443171207,5.6,4.6,5.4,4.4
svm,signo_zodiacal_tauro,130,0.5,0.58,0.5788888888888889,0.6,0.5804189261031366,0.536,0.598709596389163,6.0,4.4,5.6,4.0
svm,signo_zodiacal_tauro,131,0.5,0.34,0.345483682983683,0.43999999999999995,0.3839706187532274,0.31799999999999995,0.4217426723603195,4.4,7.6,2.4,5.6
svm,signo_zodiacal_tauro,132,0.5,0.42000000000000004,0.39138528138528145,0.38,0.3795696460402343,0.462,0.5749892695024273,3.8,5.4,4.6,6.2
svm,signo_zodiacal_tauro,133,0.5,0.45999999999999996,0.40857142857142853,0.2800000000000001,0.3253781512605042,0.462,0.5437179656428881,2.8,3.6,6.4,7.2
svm,signo_zodiacal_tauro,134,0.5,0.52,0.5171994671994672,0.6399999999999999,0.5710144927536231,0.49000000000000005,0.565758436438003,6.4,6.0,4.0,3.6
svm,signo_zodiacal_tauro,135,0.5,0.5000000000000001,0.4859163059163059,0.42000000000000004,0.4434704408079021,0.618,0.6531272328462732,4.2,4.2,5.8,5.8
svm,signo_zodiacal_tauro,136,0.5,0.42000000000000004,0.4089238539238539,0.38,0.3847488285932221,0.374,0.5019703497396997,3.8,5.4,4.6,6.2
svm,signo_zodiacal_tauro,137,0.5,0.64,0.6599567099567099,0.6,0.6204843659952018,0.674,0.7281691641691641,6.0,3.2,6.8,4.0
svm,signo_zodiacal_tauro,138,0.5,0.49000000000000005,0.4742857142857143,0.52,0.4848070175438596,0.45699999999999996,0.5170438815570395,5.2,5.4,4.6,4.8
svm,signo_zodiacal_tauro,139,0.5,0.53,0.5217893217893217,0.5599999999999999,0.5347999153894968,0.572,0.6509653016402243,5.6,5.0,5.0,4.4
svm,signo_zodiacal_tauro,140,0.5,0.53,0.5341176470588235,0.7200000000000001,0.6061676413255361,0.534,0.5341325771751467,7.2,6.6,3.4,2.8
svm,signo_zodiacal_tauro,141,0.5,0.51,0.5074358974358975,0.7,0.5868555792034054,0.442,0.5085387935078337,7.0,6.8,3.2,3.0
svm,signo_zodiacal_tauro,142,0.5,0.5200000000000001,0.5101923076923077,0.74,0.6021866828823351,0.49399999999999994,0.5461339114102272,7.4,7.0,3.0,2.6
svm,signo_zodiacal_tauro,143,0.5,0.4600000000000001,0.45906593406593404,0.44000000000000006,0.4451264563796533,0.462,0.5403073403204982,4.4,5.2,4.8,5.6
svm,signo_zodiacal_tauro,144,0.5,0.54,0.5507142857142857,0.6,0.5692929292929293,0.5439999999999999,0.5953068414213925,6.0,5.2,4.8,4.0
svm,signo_zodiacal_tauro,145,0.5,0.5599999999999999,0.5755555555555556,0.5,0.52578111946533,0.502,0.5918766070530777,5.0,3.8,6.2,5.0
svm,signo_zodiacal_tauro,146,0.5,0.51,0.5225291375291375,0.64,0.5664778892604979,0.45999999999999996,0.537839153106955,6.4,6.2,3.8,3.6
svm,signo_zodiacal_tauro,147,0.5,0.41000000000000003,0.41454545454545455,0.42000000000000004,0.4155555555555555,0.43600000000000005,0.508335596807733,4.2,6.0,4.0,5.8
svm,signo_zodiacal_tauro,148,0.5,0.42000000000000004,0.4177777777777777,0.38,0.3862631578947368,0.396,0.5195112414245541,3.8,5.4,4.6,6.2
svm,signo_zodiacal_tauro,149,0.5,0.5199999999999999,0.517979797979798,0.42000000000000004,0.45481203007518795,0.5660000000000001,0.6164302060168934,4.2,3.8,6.2,5.8
svm,signo_zodiacal_tauro,150,0.5,0.51,0.5106060606060605,0.5800000000000001,0.5428571428571428,0.526,0.5935541098907972,5.8,5.6,4.4,4.2
svm,signo_zodiacal_tauro,151,0.5,0.51,0.509090909090909,0.64,0.5661302465650292,0.538,0.6005147956618544,6.4,6.2,3.8,3.6
svm,signo_zodiacal_tauro,152,0.5,0.41,0.348989898989899,0.4,0.3699817726133515,0.4119999999999999,0.49859202991710727,4.0,5.8,4.2,6.0
svm,signo_zodiacal_tauro,153,0.5,0.49000000000000005,0.45,0.33999999999999997,0.3681385281385281,0.46799999999999997,0.5177172292791488,3.4,3.6,6.4,6.6
svm,signo_zodiacal_tauro,154,0.5,0.53,0.5309090909090909,0.64,0.5779917184265011,0.504,0.5695653039770686,6.4,5.8,4.2,3.6
svm,signo_zodiacal_tauro,155,0.5,0.47000000000000003,0.46904761904761905,0.44000000000000006,0.4509710104137349,0.434,0.5175539358302516,4.4,5.0,5.0,5.6
svm,signo_zodiacal_tauro,156,0.5,0.55,0.5361111111111111,0.6199999999999999,0.5677340203655994,0.49399999999999994,0.5569534339929076,6.2,5.2,4.8,3.8
svm,signo_zodiacal_tauro,157,0.5,0.47000000000000003,0.4715151515151515,0.5800000000000001,0.5172380952380953,0.49400000000000005,0.558510794159401,5.8,6.4,3.6,4.2
svm,signo_zodiacal_tauro,158,0.5,0.6100000000000001,0.6781385281385282,0.45999999999999996,0.5352941176470588,0.638,0.6747229606478833,4.6,2.4,7.6,5.4
svm,signo_zodiacal_tauro,159,0.5,0.58,0.6104761904761904,0.45999999999999996,0.5180804953560372,0.5700000000000001,0.6205516330075154,4.6,3.0,7.0,5.4
svm,signo_zodiacal_tauro,160,0.5,0.42000000000000004,0.40915750915750915,0.4,0.3922542930215564,0.41,0.48290420853656146,4.0,5.6,4.4,6.0
svm,signo_zodiacal_tauro,161,0.5,0.4600000000000001,0.45590909090909093,0.4,0.4196825396825397,0.4800000000000001,0.5288226103961399,4.0,4.8,5.2,6.0
svm,signo_zodiacal_tauro,162,0.5,0.35,0.35454545454545455,0.36,0.35411255411255416,0.30299999999999994,0.4226309626046468,3.6,6.6,3.4,6.4
svm,signo_zodiacal_tauro,163,0.5,0.43,0.4301698301698302,0.42000000000000004,0.4186091828035562,0.33999999999999997,0.48005372104675514,4.2,5.6,4.4,5.8
svm,signo_zodiacal_tauro,164,0.5,0.52,0.5129870129870129,0.4,0.4261437908496732,0.5800000000000001,0.615389906876749,4.0,3.6,6.4,6.0
svm,signo_zodiacal_tauro,165,0.5,0.61,0.6235353535353536,0.58,0.5991979949874685,0.655,0.6955223083589956,5.8,3.6,6.4,4.2
svm,signo_zodiacal_tauro,166,0.5,0.51,0.5272222222222223,0.45999999999999996,0.4831499202551834,0.5640000000000001,0.6155929784869414,4.6,4.4,5.6,5.4
svm,signo_zodiacal_tauro,167,0.5,0.4,0.3793939393939394,0.38,0.3681904761904762,0.40800000000000003,0.4983770051757667,3.8,5.8,4.2,6.2
svm,signo_zodiacal_tauro,168,0.5,0.35,0.2816666666666666,0.24000000000000005,0.2524242424242424,0.35,0.4603288682421809,2.4,5.4,4.6,7.6
svm,signo_zodiacal_tauro,169,0.5,0.44000000000000006,0.45809523809523806,0.5599999999999999,0.5018181818181818,0.44000000000000006,0.5253841473284198,5.6,6.8,3.2,4.4
svm,signo_zodiacal_tauro,170,0.5,0.58,0.5527472527472528,0.6799999999999999,0.6028675501821281,0.562,0.5723379190468973,6.8,5.2,4.8,3.2
svm,signo_zodiacal_tauro,171,0.5,0.53,0.5186868686868686,0.5,0.5011073137388926,0.48,0.5907760044393171,5.0,4.4,5.6,5.0
svm,signo_zodiacal_tauro,172,0.5,0.54,0.5355555555555556,0.62,0.570755980861244,0.596,0.6270072329631153,6.2,5.4,4.6,3.8
svm,signo_zodiacal_tauro,173,0.5,0.49000000000000005,0.4967282717282718,0.45999999999999996,0.4718304713189624,0.53,0.5727564630931503,4.6,4.8,5.2,5.4
svm,signo_zodiacal_tauro,174,0.5,0.44000000000000006,0.3690909090909091,0.34,0.3405194805194805,0.442,0.5248123553433152,3.4,4.6,5.4,6.6
svm,signo_zodiacal_tauro,175,0.5,0.5900000000000001,0.6361111111111111,0.42000000000000004,0.49256474519632415,0.5359999999999999,0.6144624183006535,4.2,2.4,7.6,5.8
svm,signo_zodiacal_tauro,176,0.5,0.5599999999999999,0.5467171717171717,0.52,0.5269803296119085,0.508,0.5452786545240105,5.2,4.0,6.0,4.8
svm,signo_zodiacal_tauro,177,0.5,0.54,0.5375213675213676,0.58,0.5553026835864364,0.588,0.6376549180094072,5.8,5.0,5.0,4.2
svm,signo_zodiacal_tauro,178,0.5,0.48999999999999994,0.4666666666666666,0.36,0.3957963089542037,0.523,0.5962401563005278,3.6,3.8,6.2,6.4
svm,signo_zodiacal_tauro,179,0.5,0.42000000000000004,0.39999999999999997,0.32,0.35131578947368425,0.4,0.5059211832199448,3.2,4.8,5.2,6.8
svm,signo_zodiacal_tauro,180,0.5,0.42000000000000004,0.43633644133644134,0.38,0.39568050561185575,0.46399999999999997,0.5149283880034654,3.8,5.4,4.6,6.2
svm,signo_zodiacal_tauro,181,0.5,0.43,0.4444444444444445,0.5,0.46011240221766536,0.47800000000000004,0.5605657039039391,5.0,6.4,3.6,5.0
svm,signo_zodiacal_tauro,182,0.5,0.53,0.5311111111111112,0.42000000000000004,0.46415204678362565,0.506,0.5660573125704704,4.2,3.6,6.4,5.8
svm,signo_zodiacal_tauro,183,0.5,0.58,0.565917415917416,0.74,0.6387554474510996,0.584,0.6343714885905287,7.4,5.8,4.2,2.6
svm,signo_zodiacal_tauro,184,0.5,0.5900000000000001,0.5674242424242424,0.5199999999999999,0.5279363910942858,0.67,0.684675847630182,5.2,3.4,6.6,4.8
svm,signo_zodiacal_tauro,185,0.5,0.43999999999999995,0.4276190476190476,0.36,0.38727554179566565,0.426,0.519776157021513,3.6,4.8,5.2,6.4
svm,signo_zodiacal_tauro,186,0.5,0.57,0.5777777777777777,0.52,0.5401913875598086,0.608,0.6774358409048811,5.2,3.8,6.2,4.8
svm,signo_zodiacal_tauro,187,0.5,0.37,0.3687878787878788,0.36,0.3566233766233766,0.346,0.46452941829412414,3.6,6.2,3.8,6.4
svm,signo_zodiacal_tauro,188,0.5,0.45,0.4303030303030303,0.33999999999999997,0.3669036845507434,0.42800000000000005,0.4986734660248591,3.4,4.4,5.6,6.6
svm,signo_zodiacal_tauro,189,0.5,0.5599999999999999,0.5652680652680653,0.5800000000000001,0.5696088046202463,0.588,0.6412187328495378,5.8,4.6,5.4,4.2
svm,signo_zodiacal_tauro,190,0.5,0.49000000000000005,0.4904761904761904,0.36000000000000004,0.4109477124183007,0.48599999999999993,0.5342930925283866,3.6,3.8,6.2,6.4
svm,signo_zodiacal_tauro,191,0.5,0.4600000000000001,0.45753246753246746,0.5199999999999999,0.479973516679399,0.44699999999999995,0.4858385956149114,5.2,6.0,4.0,4.8
svm,signo_zodiacal_tauro,192,0.5,0.41000000000000003,0.3773992673992674,0.36,0.3495867738399708,0.44699999999999995,0.5228254055885635,3.6,5.4,4.6,6.4
svm,signo_zodiacal_tauro,193,0.5,0.56,0.5654700854700854,0.48,0.506651411136537,0.5469999999999999,0.5696273069036227,4.8,3.6,6.4,5.2
svm,signo_zodiacal_tauro,194,0.5,0.4800000000000001,0.468974358974359,0.45999999999999996,0.453842775581906,0.466,0.5291486477059232,4.6,5.0,5.0,5.4
svm,signo_zodiacal_tauro,195,0.5,0.49000000000000005,0.4967156862745098,0.6199999999999999,0.5408236208236208,0.49399999999999994,0.5115897713397712,6.2,6.4,3.6,3.8
svm,signo_zodiacal_tauro,196,0.5,0.5900000000000001,0.5942857142857143,0.5599999999999999,0.5741176470588234,0.602,0.6268566221360338,5.6,3.8,6.2,4.4
svm,signo_zodiacal_tauro,197,0.5,0.41,0.39944444444444444,0.34,0.3665497076023391,0.418,0.5360313591637121,3.4,5.2,4.8,6.6
svm,signo_zodiacal_tauro,198,0.5,0.4699999999999999,0.474537227478404,0.58,0.5164481251437774,0.48999999999999994,0.5896770925153276,5.8,6.4,3.6,4.2
svm,signo_zodiacal_tauro,199,0.5,0.43,0.3988455988455989,0.32,0.34396398235407527,0.414,0.5293309098881853,3.2,4.6,5.4,6.8
svm,signo_zodiacal_tauro,200,0.5,0.52,0.5784415584415584,0.38000000000000006,0.44900093370681604,0.5780000000000001,0.6348170805802384,3.8,3.4,6.6,6.2
svm,signo_zodiacal_tauro,201,0.5,0.4800000000000001,0.471008991008991,0.45999999999999996,0.45885763000852514,0.39,0.49934378796298307,4.6,5.0,5.0,5.4
svm,signo_zodiacal_tauro,202,0.5,0.5,0.5042857142857142,0.36000000000000004,0.4064985994397759,0.506,0.57107686637408,3.6,3.6,6.4,6.4
svm,signo_zodiacal_tauro,203,0.5,0.47000000000000003,0.4688888888888889,0.5,0.4823923444976076,0.532,0.5888067483771817,5.0,5.6,4.4,5.0
svm,signo_zodiacal_tauro,204,0.5,0.5900000000000001,0.5933333333333334,0.48,0.5184586466165413,0.55,0.5702384092515671,4.8,3.0,7.0,5.2
svm,signo_zodiacal_tauro,205,0.5,0.5700000000000001,0.6585414585414585,0.48,0.522705938562716,0.568,0.633326904090062,4.8,3.4,6.6,5.2
svm,signo_zodiacal_tauro,206,0.5,0.38,0.2288095238095238,0.12,0.1533836098541981,0.42400000000000004,0.4990876568392048,1.2,3.6,6.4,8.8
svm,signo_zodiacal_tauro,207,0.5,0.52,0.6166666666666666,0.38,0.4107313738892686,0.524,0.6102877661554131,3.8,3.4,6.6,6.2
svm,signo_zodiacal_tauro,208,0.5,0.65,0.640995670995671,0.7,0.663073593073593,0.6859999999999999,0.6714479741964261,7.0,4.0,6.0,3.0
svm,signo_zodiacal_tauro,209,0.5,0.49000000000000005,0.4931313131313132,0.5,0.49485532011847794,0.514,0.6166031087075978,5.0,5.2,4.8,5.0
svm,signo_zodiacal_tauro,210,0.5,0.54,0.5542857142857142,0.39999999999999997,0.45882352941176474,0.558,0.6198092391784342,4.0,3.2,6.8,6.0
svm,signo_zodiacal_tauro,211,0.5,0.47000000000000003,0.4723076923076923,0.5599999999999999,0.5065700483091787,0.514,0.5786017480971041,5.6,6.2,3.8,4.4
svm,signo_zodiacal_tauro,212,0.5,0.49000000000000005,0.4738095238095238,0.5599999999999999,0.5095094164147873,0.514,0.6129155366477347,5.6,5.8,4.2,4.4
svm,signo_zodiacal_tauro,213,0.5,0.43999999999999995,0.4483682983682984,0.5399999999999999,0.4896292113683418,0.466,0.5458540066744402,5.4,6.6,3.4,4.6
svm,signo_zodiacal_tauro,214,0.5,0.48,0.483021978021978,0.42000000000000004,0.44104717249218534,0.4740000000000001,0.530402645170447,4.2,4.6,5.4,5.8
svm,signo_zodiacal_tauro,215,0.5,0.5599999999999999,0.5644022644022644,0.56,0.5564582812530047,0.592,0.6521276566570684,5.6,4.4,5.6,4.4
svm,signo_zodiacal_tauro,216,0.5,0.55,0.5761904761904761,0.42000000000000004,0.4821207430340557,0.5599999999999999,0.6213910425659651,4.2,3.2,6.8,5.8
svm,signo_zodiacal_tauro,217,0.5,0.44000000000000006,0.4278321678321679,0.48,0.4340547568373655,0.406,0.5066607220608768,4.8,6.0,4.0,5.2
svm,signo_zodiacal_tauro,218,0.5,0.37,0.31135531135531136,0.31999999999999995,0.310821228845189,0.317,0.42366722536149776,3.2,5.8,4.2,6.8
svm,signo_zodiacal_tauro,219,0.5,0.41999999999999993,0.42680652680652675,0.48,0.4497003378010243,0.34199999999999997,0.4687525011967736,4.8,6.4,3.6,5.2
svm,signo_zodiacal_tauro,220,0.5,0.5299999999999999,0.5347052947052946,0.5,0.5070472536840823,0.584,0.6206556368468132,5.0,4.4,5.6,5.0
svm,signo_zodiacal_tauro,221,0.5,0.48999999999999994,0.49028749028749025,0.52,0.5028440666884603,0.502,0.5982051014860612,5.2,5.4,4.6,4.8
svm,signo_zodiacal_tauro,222,0.5,0.49000000000000005,0.48376411170528816,0.5599999999999999,0.5109541530594163,0.5960000000000001,0.6565684778757535,5.6,5.8,4.2,4.4
svm,signo_zodiacal_tauro,223,0.5,0.47000000000000003,0.4779220779220779,0.44000000000000006,0.45443510737628384,0.484,0.6006899315854424,4.4,5.0,5.0,5.6
svm,signo_zodiacal_tauro,224,0.5,0.5,0.4923809523809524,0.5,0.48545692216280456,0.515,0.573847205254326,5.0,5.0,5.0,5.0
svm,signo_zodiacal_tauro,225,0.5,0.47000000000000003,0.4817016317016317,0.5,0.48665207154909673,0.49399999999999994,0.5448184223756979,5.0,5.6,4.4,5.0
svm,signo_zodiacal_tauro,226,0.5,0.53,0.5277777777777778,0.56,0.5416267942583732,0.5680000000000001,0.6261900409531989,5.6,5.0,5.0,4.4
svm,signo_zodiacal_tauro,227,0.5,0.5800000000000001,0.5743506493506493,0.5599999999999999,0.5626517273576097,0.586,0.6166674883424109,5.6,4.0,6.0,4.4
svm,signo_zodiacal_tauro,228,0.5,0.5800000000000001,0.6,0.56,0.5722222222222222,0.574,0.6109109305726952,5.6,4.0,6.0,4.4
svm,signo_zodiacal_tauro,229,0.5,0.4800000000000001,0.4818181818181818,0.5,0.4836580086580087,0.508,0.6131927984296405,5.0,5.4,4.6,5.0
svm,signo_zodiacal_tauro,230,0.5,0.49000000000000005,0.4643711843711844,0.36,0.38783119514308095,0.5040000000000001,0.6040091395532572,3.6,3.8,6.2,6.4
svm,signo_zodiacal_tauro,231,0.5,0.5,0.5130341880341881,0.48,0.4928044749555047,0.42400000000000004,0.5159494692613887,4.8,4.8,5.2,5.2
svm,signo_zodiacal_tauro,232,0.5,0.6,0.6255494505494505,0.4800000000000001,0.5282750781472009,0.643,0.6762439853747902,4.8,2.8,7.2,5.2
svm,signo_zodiacal_tauro,233,0.5,0.37,0.35093795093795094,0.31999999999999995,0.33118089340999557,0.37299999999999994,0.4643943911265893,3.2,5.8,4.2,6.8
svm,signo_zodiacal_tauro,234,0.5,0.64,0.7087301587301587,0.5,0.5761167624944714,0.65,0.7171320444261621,5.0,2.2,7.8,5.0
svm,signo_zodiacal_tauro,235,0.5,0.51,0.5159090909090909,0.36,0.3968253968253968,0.502,0.5486595343081411,3.6,3.4,6.6,6.4
svm,signo_zodiacal_tauro,236,0.5,0.52,0.52,0.5,0.502070707070707,0.46799999999999997,0.5495777549763619,5.0,4.6,5.4,5.0
svm,signo_zodiacal_tauro,237,0.5,0.45999999999999996,0.449949494949495,0.38,0.4067167919799498,0.398,0.47696257603765346,3.8,4.6,5.4,6.2
svm,signo_zodiacal_tauro,238,0.5,0.38999999999999996,0.38344155844155847,0.4,0.38376623376623376,0.37600000000000006,0.4832492517802116,4.0,6.2,3.8,6.0
svm,signo_zodiacal_tauro,239,0.5,0.48,0.49000000000000005,0.5599999999999999,0.5183157894736843,0.43999999999999995,0.5162653000594176,5.6,6.0,4.0,4.4
svm,signo_zodiacal_tauro,240,0.5,0.49000000000000005,0.48409090909090907,0.5,0.4904761904761904,0.502,0.5589826649958229,5.0,5.2,4.8,5.0
svm,signo_zodiacal_tauro,241,0.5,0.53,0.5684415584415584,0.41999999999999993,0.4756676003734827,0.508,0.5935952217716923,4.2,3.6,6.4,5.8
svm,signo_zodiacal_tauro,242,0.5,0.47000000000000003,0.47424242424242424,0.42000000000000004,0.43766233766233764,0.44799999999999995,0.56577022143663,4.2,4.8,5.2,5.8
svm,signo_zodiacal_tauro,243,0.5,0.55,0.5356843156843156,0.72,0.6126335403726708,0.542,0.5789515463896269,7.2,6.2,3.8,2.8
svm,signo_zodiacal_tauro,244,0.5,0.53,0.5296703296703296,0.6,0.5542625745950555,0.508,0.599203314659197,6.0,5.4,4.6,4.0
svm,signo_zodiacal_tauro,245,0.5,0.4800000000000001,0.4542857142857143,0.38,0.4076530005941771,0.44000000000000006,0.4763936679935131,3.8,4.2,5.8,6.2
svm,signo_zodiacal_tauro,246,0.5,0.5199999999999999,0.5157575757575757,0.6599999999999999,0.5774635798983625,0.5630000000000001,0.6020135583370878,6.6,6.2,3.8,3.4
svm,signo_zodiacal_tauro,247,0.5,0.44000000000000006,0.451025641025641,0.52,0.47717347386912606,0.454,0.5460112869586554,5.2,6.4,3.6,4.8
svm,signo_zodiacal_tauro,248,0.5,0.5399999999999999,0.5183838383838384,0.5,0.5005422647527911,0.522,0.5660099437026681,5.0,4.2,5.8,5.0
svm,signo_zodiacal_tauro,249,0.5,0.43,0.45320512820512826,0.4,0.41602986385595087,0.406,0.5241106610108158,4.0,5.4,4.6,6.0
svm,signo_zodiacal_tauro,250,0.5,0.5599999999999999,0.5293595293595293,0.66,0.5853764846899858,0.558,0.6064456387265984,6.6,5.4,4.6,3.4
svm,signo_zodiacal_tauro,251,0.5,0.54,0.560952380952381,0.4,0.46192466460268317,0.514,0.5836552646699704,4.0,3.2,6.8,6.0
svm,signo_zodiacal_tauro,252,0.5,0.58,0.6011904761904762,0.58,0.5811609159300639,0.5820000000000001,0.6415196182386584,5.8,4.2,5.8,4.2
svm,signo_zodiacal_tauro,253,0.5,0.47000000000000003,0.4495670995670995,0.43999999999999995,0.4406640487135844,0.44699999999999995,0.5577092464638904,4.4,5.0,5.0,5.6
svm,signo_zodiacal_tauro,254,0.5,0.53,0.5456410256410256,0.45999999999999996,0.46677206851119896,0.484,0.6043381861516535,4.6,4.0,6.0,5.4
svm,signo_zodiacal_tauro,255,0.5,0.4600000000000001,0.4166233766233766,0.27999999999999997,0.3232622279681103,0.4779999999999999,0.5282079505461859,2.8,3.6,6.4,7.2
svm,signo_zodiacal_tauro,256,0.5,0.44000000000000006,0.43,0.36,0.3633333333333334,0.44800000000000006,0.5481132941705698,3.6,4.8,5.2,6.4
svm,signo_zodiacal_tauro,257,0.5,0.6100000000000001,0.6154545454545455,0.6,0.5996536796536797,0.626,0.6497904697641539,6.0,3.8,6.2,4.0
svm,signo_zodiacal_tauro,258,0.5,0.55,0.5305219780219781,0.6599999999999999,0.5773975998426126,0.602,0.6014941977527116,6.6,5.6,4.4,3.4
svm,signo_zodiacal_tauro,259,0.5,0.5199999999999999,0.5172979797979798,0.58,0.5381121802174433,0.49000000000000005,0.5895469726352079,5.8,5.4,4.6,4.2
svm,signo_zodiacal_tauro,260,0.5,0.51,0.4796536796536796,0.39999999999999997,0.4272549019607843,0.5579999999999999,0.5864219365086238,4.0,3.8,6.2,6.0
svm,signo_zodiacal_tauro,261,0.5,0.52,0.511025641025641,0.5599999999999999,0.499072463768116,0.48,0.5785588782562466,5.6,5.2,4.8,4.4
svm,signo_zodiacal_tauro,262,0.5,0.44000000000000006,0.44366883116883116,0.5599999999999999,0.49084249084249076,0.364,0.4567183100697033,5.6,6.8,3.2,4.4
svm,signo_zodiacal_tauro,263,0.5,0.54,0.5438539238539238,0.52,0.5192829900839053,0.556,0.5797535581034033,5.2,4.4,5.6,4.8
svm,signo_zodiacal_tauro,264,0.5,0.48,0.48636363636363633,0.54,0.5112554112554112,0.47400000000000003,0.527822111067467,5.4,5.8,4.2,4.6
svm,signo_zodiacal_tauro,265,0.5,0.56,0.5633766233766233,0.58,0.5567099567099567,0.5700000000000001,0.6398268381944853,5.8,4.6,5.4,4.2
svm,signo_zodiacal_tauro,266,0.5,0.37,0.3480952380952381,0.32,0.315011655011655,0.34,0.4493477002873288,3.2,5.8,4.2,6.8
svm,signo_zodiacal_tauro,267,0.5,0.37,0.35395021645021646,0.27999999999999997,0.27847446670976084,0.35600000000000004,0.47738337539653336,2.8,5.4,4.6,7.2
svm,signo_zodiacal_tauro,268,0.5,0.57,0.5632659007659008,0.66,0.5976083592451878,0.6060000000000001,0.635254010695187,6.6,5.2,4.8,3.4
svm,signo_zodiacal_tauro,269,0.5,0.5599999999999999,0.543034743034743,0.6599999999999999,0.5926991391522284,0.5650000000000001,0.6001805571449534,6.6,5.4,4.6,3.4
svm,signo_zodiacal_tauro,270,0.5,0.5599999999999999,0.5465811965811966,0.64,0.5877678385687539,0.5619999999999999,0.62588869300634,6.4,5.2,4.8,3.6
svm,signo_zodiacal_tauro,271,0.5,0.44000000000000006,0.46952380952380957,0.5,0.47546524064171125,0.43000000000000005,0.5365330256259049,5.0,6.2,3.8,5.0
svm,signo_zodiacal_tauro,272,0.5,0.5599999999999999,0.5639249639249638,0.52,0.5341910927050246,0.5740000000000001,0.6565444745313166,5.2,4.0,6.0,4.8
svm,signo_zodiacal_tauro,273,0.5,0.44000000000000006,0.4451648351648352,0.42000000000000004,0.4264393293549304,0.45,0.5148060240413181,4.2,5.4,4.6,5.8
svm,signo_zodiacal_tauro,274,0.5,0.53,0.6126923076923078,0.36,0.3975472112428634,0.5900000000000001,0.6577960372960373,3.6,3.0,7.0,6.4
svm,signo_zodiacal_tauro,275,0.5,0.55,0.5581252081252082,0.5199999999999999,0.5190398689119917,0.596,0.5982765557455959,5.2,4.2,5.8,4.8
svm,signo_zodiacal_tauro,276,0.5,0.49000000000000005,0.48571428571428565,0.45999999999999996,0.47058823529411764,0.49000000000000005,0.5404513448367938,4.6,4.8,5.2,5.4
svm,signo_zodiacal_tauro,277,0.5,0.5399999999999999,0.527987012987013,0.47999999999999987,0.49947712418300655,0.602,0.6533093165004928,4.8,4.0,6.0,5.2
svm,signo_zodiacal_tauro,278,0.5,0.4,0.4247619047619047,0.5,0.4494509803921569,0.36,0.4727343977831594,5.0,7.0,3.0,5.0
svm,signo_zodiacal_tauro,279,0.5,0.5399999999999999,0.5878571428571429,0.36000000000000004,0.425192846369317,0.538,0.5937469927733086,3.6,2.8,7.2,6.4
svm,signo_zodiacal_tauro,280,0.5,0.4600000000000001,0.45773559773559774,0.45999999999999996,0.45330038651616256,0.45200000000000007,0.5313624249847161,4.6,5.4,4.6,5.4
svm,signo_zodiacal_tauro,281,0.5,0.55,0.5396825396825398,0.64,0.5814536340852131,0.614,0.6470813706417421,6.4,5.4,4.6,3.6
svm,signo_zodiacal_tauro,282,0.5,0.52,0.5242424242424242,0.54,0.5306447938026886,0.522,0.592827412353728,5.4,5.0,5.0,4.6
svm,signo_zodiacal_tauro,283,0.5,0.5,0.4870573870573871,0.5399999999999999,0.5024011928305911,0.51,0.5304993776433404,5.4,5.4,4.6,4.6
svm,signo_zodiacal_tauro,284,0.5,0.45999999999999996,0.47111111111111104,0.5,0.4788793195108984,0.42200000000000004,0.524723803973804,5.0,5.8,4.2,5.0
svm,signo_zodiacal_tauro,285,0.5,0.41,0.41944444444444445,0.52,0.46168568273831434,0.358,0.5057850540412459,5.2,7.0,3.0,4.8
svm,signo_zodiacal_tauro,286,0.5,0.56,0.5461538461538462,0.6599999999999999,0.596875588179936,0.532,0.5756423184658479,6.6,5.4,4.6,3.4
svm,signo_zodiacal_tauro,287,0.5,0.45,0.44237984237984235,0.45999999999999996,0.44714599798729554,0.4699999999999999,0.5627591483164238,4.6,5.6,4.4,5.4
svm,signo_zodiacal_tauro,288,0.5,0.5800000000000001,0.5817171717171717,0.64,0.6041850079744816,0.524,0.5592161988338458,6.4,4.8,5.2,3.6
svm,signo_zodiacal_tauro,289,0.5,0.52,0.5099804770393006,0.5599999999999999,0.5225180598555211,0.49399999999999994,0.5983389692522818,5.6,5.2,4.8,4.4
svm,signo_zodiacal_tauro,290,0.5,0.51,0.5074902874902876,0.48,0.4783306091315245,0.532,0.5728031037589861,4.8,4.6,5.4,5.2
svm,signo_zodiacal_tauro,291,0.5,0.47000000000000003,0.4523809523809524,0.42000000000000004,0.4311942959001783,0.47800000000000004,0.5384667005680936,4.2,4.8,5.2,5.8
svm,signo_zodiacal_tauro,292,0.5,0.5499999999999999,0.541025641025641,0.62,0.5762845849802372,0.588,0.6824290339863095,6.2,5.2,4.8,3.8
svm,signo_zodiacal_tauro,293,0.5,0.49000000000000005,0.49111111111111116,0.5,0.4943540669856459,0.48200000000000004,0.5416318587673077,5.0,5.2,4.8,5.0
svm,signo_zodiacal_tauro,294,0.5,0.4600000000000001,0.4632167832167832,0.5599999999999999,0.5053434970826276,0.43200000000000005,0.5291046361619116,5.6,6.4,3.6,4.4
svm,signo_zodiacal_tauro,295,0.5,0.45999999999999996,0.4600000000000001,0.64,0.5315681511470985,0.386,0.49303861154325557,6.4,7.2,2.8,3.6
svm,signo_zodiacal_tauro,296,0.5,0.45,0.4166233766233766,0.38,0.3924929971988795,0.42400000000000004,0.48591343176946894,3.8,4.8,5.2,6.2
svm,signo_zodiacal_tauro,297,0.5,0.45999999999999996,0.4638095238095238,0.43999999999999995,0.4390588235294118,0.43600000000000005,0.5166702998583804,4.4,5.2,4.8,5.6
svm,signo_zodiacal_tauro,298,0.5,0.51,0.5011937082525317,0.7000000000000001,0.5804057971014492,0.57,0.5803005121813171,7.0,6.8,3.2,3.0
svm,signo_zodiacal_tauro,299,0.5,0.48,0.4716666666666667,0.5,0.48303030303030303,0.45899999999999996,0.5256698312007909,5.0,5.4,4.6,5.0
svm,signo_zodiacal_tauro,300,0.5,0.52,0.5307142857142858,0.32,0.3950326797385621,0.48200000000000004,0.5697180413325924,3.2,2.8,7.2,6.8
svm,signo_zodiacal_tauro,301,0.5,0.58,0.5796825396825396,0.6,0.5818050473778028,0.6,0.6273326821956852,6.0,4.4,5.6,4.0
svm,signo_zodiacal_tauro,302,0.5,0.47000000000000003,0.46868686868686876,0.48,0.47275005696058325,0.364,0.48178787878787876,4.8,5.4,4.6,5.2
svm,signo_zodiacal_tauro,303,0.5,0.48999999999999994,0.52,0.4,0.43004329004329006,0.466,0.5762845775655372,4.0,4.2,5.8,6.0
svm,signo_zodiacal_tauro,304,0.5,0.52,0.5219780219780219,0.48,0.4896535689374564,0.5680000000000001,0.6555503283266442,4.8,4.4,5.6,5.2
svm,signo_zodiacal_tauro,305,0.5,0.5599999999999999,0.5887301587301588,0.4600000000000001,0.5127141382868936,0.534,0.5978466435525258,4.6,3.4,6.6,5.4
svm,signo_zodiacal_tauro,306,0.5,0.37,0.3612698412698413,0.36,0.3542105263157895,0.392,0.5065815028624626,3.6,6.2,3.8,6.4
svm,signo_zodiacal_tauro,307,0.5,0.39,0.35793650793650794,0.36,0.35257059761703724,0.41,0.4951398884912817,3.6,5.8,4.2,6.4
svm,signo_zodiacal_tauro,308,0.5,0.54,0.5383333333333333,0.4600000000000001,0.4907602339181286,0.548,0.6122007175830705,4.6,3.8,6.2,5.4
svm,signo_zodiacal_tauro,309,0.5,0.48,0.48761904761904756,0.36,0.4074509803921568,0.446,0.5329238441297265,3.6,4.0,6.0,6.4
svm,signo_zodiacal_tauro,310,0.5,0.51,0.5124242424242424,0.5,0.4914285714285714,0.5439999999999999,0.5776709625943373,5.0,4.8,5.2,5.0
svm,signo_zodiacal_tauro,311,0.5,0.48,0.48218623481781375,0.7,0.5676411794102949,0.454,0.5169416947002087,7.0,7.4,2.6,3.0
svm,signo_zodiacal_tauro,312,0.5,0.48999999999999994,0.4829365079365079,0.45999999999999996,0.4644478844169247,0.472,0.529041670747553,4.6,4.8,5.2,5.4
svm,signo_zodiacal_tauro,313,0.5,0.5900000000000001,0.6142857142857142,0.5599999999999999,0.5774509803921568,0.588,0.6359573547367664,5.6,3.8,6.2,4.4
svm,signo_zodiacal_tauro,314,0.5,0.42000000000000004,0.42286324786324786,0.44000000000000006,0.42795229179668537,0.368,0.503983713826593,4.4,6.0,4.0,5.6
svm,signo_zodiacal_tauro,315,0.5,0.43000000000000005,0.41497113997114,0.4,0.40399662257247393,0.392,0.49744089613516856,4.0,5.4,4.6,6.0
svm,signo_zodiacal_tauro,316,0.5,0.51,0.5126190476190475,0.56,0.5253333333333333,0.536,0.5697051379992557,5.6,5.4,4.6,4.4
svm,signo_zodiacal_tauro,317,0.5,0.6499999999999999,0.6152661064425771,0.76,0.6655723905723907,0.7180000000000001,0.72896972308737,7.6,4.6,5.4,2.4
svm,signo_zodiacal_tauro,318,0.5,0.5700000000000001,0.5642579642579643,0.6199999999999999,0.5889070502342812,0.595,0.6270591157208805,6.2,4.8,5.2,3.8
svm,signo_zodiacal_tauro,319,0.5,0.54,0.5342857142857144,0.52,0.5172222222222222,0.546,0.5925449905271887,5.2,4.4,5.6,4.8
svm,signo_zodiacal_tauro,320,0.5,0.41,0.4027272727272727,0.38,0.38952380952380955,0.34600000000000003,0.4536638578140126,3.8,5.6,4.4,6.2
svm,signo_zodiacal_tauro,321,0.5,0.51,0.509090909090909,0.4600000000000001,0.48153717627401826,0.45999999999999996,0.5356940761337047,4.6,4.4,5.6,5.4
svm,signo_zodiacal_tauro,322,0.5,0.44000000000000006,0.4285547785547785,0.48,0.44963132468853295,0.42400000000000004,0.4912793950115931,4.8,6.0,4.0,5.2
svm,signo_zodiacal_tauro,323,0.5,0.51,0.4956793206793207,0.45999999999999996,0.46732736572890027,0.528,0.5693156641260356,4.6,4.4,5.6,5.4
svm,signo_zodiacal_tauro,324,0.5,0.44000000000000006,0.4366883116883117,0.5,0.4553127917833801,0.52,0.572750516425439,5.0,6.2,3.8,5.0
svm,signo_zodiacal_tauro,325,0.5,0.4600000000000001,0.46071428571428574,0.34,0.38614379084967315,0.41600000000000004,0.48920090246870435,3.4,4.2,5.8,6.6
svm,signo_zodiacal_tauro,326,0.5,0.49000000000000005,0.48666666666666664,0.56,0.5153257269046743,0.5119999999999999,0.5651156790406017,5.6,5.8,4.2,4.4
svm,signo_zodiacal_tauro,327,0.5,0.55,0.5761904761904761,0.36,0.4394957983193278,0.538,0.598044936058094,3.6,2.6,7.4,6.4
svm,signo_zodiacal_tauro,328,0.5,0.51,0.5076923076923077,0.6199999999999999,0.5439613526570047,0.552,0.592732729688612,6.2,6.0,4.0,3.8
svm,signo_zodiacal_tauro,329,0.5,0.5,0.49480519480519475,0.54,0.5121466768525592,0.438,0.49132865277137716,5.4,5.4,4.6,4.6
svm,signo_zodiacal_tauro,330,0.5,0.51,0.5151515151515151,0.6,0.550125313283208,0.504,0.5695986754044029,6.0,5.8,4.2,4.0
svm,signo_zodiacal_tauro,331,0.5,0.55,0.5650793650793651,0.52,0.5376971841368127,0.558,0.5866850279923035,5.2,4.2,5.8,4.8
svm,signo_zodiacal_tauro,332,0.5,0.5900000000000001,0.5866666666666667,0.7,0.6310769230769231,0.552,0.5862104727058287,7.0,5.2,4.8,3.0
svm,signo_zodiacal_tauro,333,0.5,0.5900000000000001,0.6233838383838384,0.5199999999999999,0.556374269005848,0.554,0.6266557444103884,5.2,3.4,6.6,4.8
svm,signo_zodiacal_tauro,334,0.5,0.55,0.5769347319347319,0.48,0.5080883367839889,0.538,0.5970441129218219,4.8,3.8,6.2,5.2
svm,signo_zodiacal_tauro,335,0.5,0.5700000000000001,0.5924242424242424,0.44000000000000006,0.4936507936507937,0.642,0.6792671001169454,4.4,3.0,7.0,5.6
svm,signo_zodiacal_tauro,336,0.5,0.55,0.5463203463203463,0.64,0.5878787878787878,0.5579999999999999,0.5945832843626961,6.4,5.4,4.6,3.6
svm,signo_zodiacal_tauro,337,0.5,0.43,0.4117882117882118,0.4800000000000001,0.4350811450555696,0.386,0.4730467669585317,4.8,6.2,3.8,5.2
svm,signo_zodiacal_tauro,338,0.5,0.44000000000000006,0.460609857978279,0.62,0.5203101798383105,0.42800000000000005,0.5282345371346919,6.2,7.4,2.6,3.8
svm,signo_zodiacal_tauro,339,0.5,0.49000000000000005,0.4759462759462759,0.5,0.4835849213827408,0.4959999999999999,0.546770718445641,5.0,5.2,4.8,5.0
svm,signo_zodiacal_tauro,340,0.5,0.45,0.45972222222222225,0.52,0.48281192491718805,0.45,0.5004738302633039,5.2,6.2,3.8,4.8
svm,signo_zodiacal_tauro,341,0.5,0.51,0.5291774891774892,0.5599999999999998,0.5295686274509804,0.5239999999999999,0.5933145084189976,5.6,5.4,4.6,4.4
svm,signo_zodiacal_tauro,342,0.5,0.43000000000000005,0.4215018315018315,0.5,0.4517070448732853,0.372,0.4622477805991737,5.0,6.4,3.6,5.0
svm,signo_zodiacal_tauro,343,0.5,0.54,0.5675213675213675,0.43999999999999995,0.4690899489526492,0.604,0.6482143120037857,4.4,3.6,6.4,5.6
svm,signo_zodiacal_tauro,344,0.5,0.6399999999999999,0.6550505050505049,0.6,0.6245614035087719,0.6620000000000001,0.7128465755950275,6.0,3.2,6.8,4.0
svm,signo_zodiacal_tauro,345,0.5,0.56,0.5803174603174603,0.45999999999999996,0.5092758857929136,0.5900000000000001,0.6368724690342337,4.6,3.4,6.6,5.4
svm,signo_zodiacal_tauro,346,0.5,0.53,0.53504329004329,0.66,0.5827301587301588,0.534,0.5591123941418059,6.6,6.0,4.0,3.4
svm,signo_zodiacal_tauro,347,0.5,0.54,0.5421245421245422,0.52,0.5188095791676355,0.534,0.6064506855373727,5.2,4.4,5.6,4.8
svm,signo_zodiacal_tauro,348,0.5,0.43000000000000005,0.4187912087912088,0.44000000000000006,0.42378565572265936,0.41600000000000004,0.5386920067376724,4.4,5.8,4.2,5.6
svm,signo_zodiacal_tauro,349,0.5,0.43000000000000005,0.43692307692307697,0.5199999999999999,0.471638225999782,0.40700000000000003,0.5232810096680065,5.2,6.6,3.4,4.8
svm,signo_zodiacal_tauro,350,0.5,0.44000000000000006,0.46650793650793654,0.45999999999999996,0.4561000093817431,0.43599999999999994,0.5525622633300651,4.6,5.8,4.2,5.4
svm,signo_zodiacal_tauro,351,0.5,0.62,0.601486013986014,0.72,0.6475775432297171,0.6199999999999999,0.6607094643402692,7.2,4.8,5.2,2.8
svm,signo_zodiacal_tauro,352,0.5,0.6199999999999999,0.5940293040293041,0.7799999999999999,0.6731910408432148,0.6460000000000001,0.653423474186632,7.8,5.4,4.6,2.2
svm,signo_zodiacal_tauro,353,0.5,0.51,0.51008547008547,0.6399999999999999,0.5633685597392691,0.542,0.5671876332302028,6.4,6.2,3.8,3.6
svm,signo_zodiacal_tauro,354,0.5,0.4600000000000001,0.46769230769230774,0.5,0.4807821926357395,0.472,0.5264792909189194,5.0,5.8,4.2,5.0
svm,signo_zodiacal_tauro,355,0.5,0.5900000000000001,0.6090909090909091,0.52,0.5587301587301587,0.584,0.584678201485477,5.2,3.4,6.6,4.8
svm,signo_zodiacal_tauro,356,0.5,0.5,0.4988888888888889,0.5399999999999999,0.5129569377990431,0.5700000000000001,0.6481667488857892,5.4,5.4,4.6,4.6
svm,signo_zodiacal_tauro,357,0.5,0.5200000000000001,0.5229797979797979,0.45999999999999996,0.48738512949039264,0.6140000000000001,0.6752394800761674,4.6,4.2,5.8,5.4
svm,signo_zodiacal_tauro,358,0.5,0.5700000000000001,0.6029304029304029,0.45999999999999996,0.5099744245524297,0.63,0.6858682952754159,4.6,3.2,6.8,5.4
svm,signo_zodiacal_tauro,359,0.5,0.5599999999999999,0.5434498834498834,0.6599999999999999,0.5830248447204969,0.5980000000000001,0.6513321009056303,6.6,5.4,4.6,3.4
svm,signo_zodiacal_tauro,360,0.5,0.5599999999999999,0.6211111111111111,0.45999999999999996,0.5071679197994987,0.514,0.6124895855778207,4.6,3.4,6.6,5.4
svm,signo_zodiacal_tauro,361,0.5,0.43,0.435022755022755,0.5,0.4621401329410483,0.426,0.578809546490661,5.0,6.4,3.6,5.0
svm,signo_zodiacal_tauro,362,0.5,0.4600000000000001,0.4625,0.5399999999999999,0.48900543900543897,0.48600000000000004,0.5516200578747018,5.4,6.2,3.8,4.6
svm,signo_zodiacal_tauro,363,0.5,0.47000000000000003,0.52015873015873,0.31999999999999995,0.3600938174312788,0.396,0.5167343510462705,3.2,3.8,6.2,6.8
svm,signo_zodiacal_tauro,364,0.5,0.54,0.5846320346320347,0.4,0.4592975651799181,0.542,0.5963593242842469,4.0,3.2,6.8,6.0
svm,signo_zodiacal_tauro,365,0.5,0.51,0.5033766233766233,0.44000000000000006,0.4617366946778711,0.5,0.5567678889737714,4.4,4.2,5.8,5.6
svm,signo_zodiacal_tauro,366,0.5,0.5,0.528888888888889,0.28,0.35730576441102757,0.47000000000000003,0.5410487202855624,2.8,2.8,7.2,7.2
svm,signo_zodiacal_tauro,367,0.5,0.47000000000000003,0.4541208791208791,0.42000000000000004,0.42958226768968455,0.47800000000000004,0.5341174823628384,4.2,4.8,5.2,5.8
svm,signo_zodiacal_tauro,368,0.5,0.58,0.6008441558441558,0.45999999999999996,0.5126797385620915,0.608,0.6277867008292706,4.6,3.0,7.0,5.4
svm,signo_zodiacal_tauro,369,0.5,0.58,0.6206060606060606,0.5199999999999999,0.5455555555555555,0.5900000000000001,0.6143191308175828,5.2,3.6,6.4,4.8
svm,signo_zodiacal_tauro,370,0.5,0.47000000000000003,0.4770862470862471,0.52,0.4951544870080339,0.44000000000000006,0.530035921594745,5.2,5.8,4.2,4.8
svm,signo_zodiacal_tauro,371,0.5,0.42000000000000004,0.39555555555555555,0.33999999999999997,0.35663476874003186,0.336,0.46552925222352465,3.4,5.0,5.0,6.6
svm,signo_zodiacal_tauro,372,0.5,0.55,0.5404395604395604,0.5999999999999999,0.56146942571495,0.554,0.5878429856177534,6.0,5.0,5.0,4.0
svm,signo_zodiacal_tauro,373,0.5,0.56,0.5582251082251083,0.52,0.5209574738986503,0.5720000000000001,0.5992307578042873,5.2,4.0,6.0,4.8
svm,signo_zodiacal_tauro,374,0.5,0.49000000000000005,0.49519230769230765,0.58,0.5278441365397887,0.546,0.639528572304888,5.8,6.0,4.0,4.2
svm,signo_zodiacal_tauro,375,0.5,0.52,0.5392857142857143,0.4,0.4541176470588235,0.506,0.5936609958668783,4.0,3.6,6.4,6.0
svm,signo_zodiacal_tauro,376,0.5,0.51,0.5075757575757576,0.6399999999999999,0.5652644456992284,0.42800000000000005,0.48348406065898325,6.4,6.2,3.8,3.6
svm,signo_zodiacal_tauro,377,0.5,0.45999999999999996,0.4562770562770562,0.43999999999999995,0.44247517188693664,0.472,0.5627223703369213,4.4,5.2,4.8,5.6
svm,signo_zodiacal_tauro,378,0.5,0.5900000000000001,0.5686879786879786,0.74,0.6412975719932241,0.562,0.5887377051053522,7.4,5.6,4.4,2.6
svm,signo_zodiacal_tauro,379,0.5,0.6100000000000001,0.6501587301587302,0.5,0.5605572755417957,0.62,0.6965014593249887,5.0,2.8,7.2,5.0
svm,signo_zodiacal_tauro,380,0.5,0.41000000000000003,0.3823809523809524,0.27999999999999997,0.32041279669762635,0.34800000000000003,0.4550599692704956,2.8,4.6,5.4,7.2
svm,signo_zodiacal_tauro,381,0.5,0.53,0.52245670995671,0.6,0.5472703251341022,0.578,0.6324473371485755,6.0,5.4,4.6,4.0
svm,signo_zodiacal_tauro,382,0.5,0.39,0.3921212121212121,0.36,0.3705388471177945,0.39,0.46413772605103876,3.6,5.8,4.2,6.4
svm,signo_zodiacal_tauro,383,0.5,0.6399999999999999,0.6484615384615384,0.62,0.6053329279416236,0.656,0.7111466311466311,6.2,3.4,6.6,3.8
svm,signo_zodiacal_tauro,384,0.5,0.5199999999999999,0.5387301587301587,0.44000000000000006,0.47938080495356034,0.518,0.5944906749597152,4.4,4.0,6.0,5.6
svm,signo_zodiacal_tauro,385,0.5,0.52,0.5047619047619047,0.54,0.5047848694133524,0.542,0.5933485870854291,5.4,5.0,5.0,4.6
svm,signo_zodiacal_tauro,386,0.5,0.47000000000000003,0.3875757575757576,0.38,0.3758441558441558,0.534,0.5846277600968003,3.8,4.4,5.6,6.2
svm,signo_zodiacal_tauro,387,0.5,0.4800000000000001,0.47788461538461535,0.6199999999999999,0.5345039018952062,0.512,0.5678254506930978,6.2,6.6,3.4,3.8
svm,signo_zodiacal_tauro,388,0.5,0.5700000000000001,0.5610256410256411,0.6,0.5712845849802372,0.562,0.6040714171449465,6.0,4.6,5.4,4.0
svm,signo_zodiacal_tauro,389,0.5,0.41,0.4038095238095238,0.4,0.3997860962566845,0.395,0.48782742567030485,4.0,5.8,4.2,6.0
svm,signo_zodiacal_tauro,390,0.5,0.49000000000000005,0.48571428571428565,0.4,0.4378396972824217,0.542,0.573049376492101,4.0,4.2,5.8,6.0
svm,signo_zodiacal_tauro,391,0.5,0.36,0.32380952380952377,0.24,0.2703921568627451,0.368,0.47446943132546854,2.4,5.2,4.8,7.6
svm,signo_zodiacal_tauro,392,0.5,0.42000000000000004,0.41868686868686866,0.42000000000000004,0.41772613351560717,0.438,0.561137613418573,4.2,5.8,4.2,5.8
svm,signo_zodiacal_tauro,393,0.5,0.51,0.5442857142857143,0.38,0.4321473366674605,0.4680000000000001,0.5514011472703423,3.8,3.6,6.4,6.2
svm,signo_zodiacal_tauro,394,0.5,0.55,0.5616666666666666,0.41999999999999993,0.470125313283208,0.5359999999999999,0.589977087669812,4.2,3.2,6.8,5.8
svm,signo_zodiacal_tauro,395,0.5,0.43,0.420981240981241,0.42000000000000004,0.41760336670553383,0.42700000000000005,0.5117644289834693,4.2,5.6,4.4,5.8
svm,signo_zodiacal_tauro,396,0.5,0.52,0.5280303030303031,0.5199999999999999,0.5203463203463203,0.5519999999999999,0.6670372960372959,5.2,4.8,5.2,4.8
svm,signo_zodiacal_tauro,397,0.5,0.47000000000000003,0.4512820512820513,0.48,0.44855579203405294,0.446,0.5449297385620915,4.8,5.4,4.6,5.2
svm,signo_zodiacal_tauro,398,0.5,0.4800000000000001,0.4726839826839827,0.5399999999999999,0.49728953399541637,0.442,0.5286642250937916,5.4,5.8,4.2,4.6
svm,signo_zodiacal_tauro,399,0.5,0.5700000000000001,0.593051948051948,0.5,0.5381139122315594,0.538,0.5880537693300851,5.0,3.6,6.4,5.0
svm,signo_zodiacal_tauro,400,0.5,0.44000000000000006,0.4616666666666666,0.4,0.40020512820512827,0.414,0.5483594034964004,4.0,5.2,4.8,6.0
svm,signo_zodiacal_tauro,401,0.5,0.47000000000000003,0.5516233766233766,0.44000000000000006,0.43766233766233764,0.43199999999999994,0.529684168772404,4.4,5.0,5.0,5.6
svm,signo_zodiacal_tauro,402,0.5,0.5,0.5017205017205018,0.5800000000000001,0.5348697831535361,0.49399999999999994,0.5742450517318938,5.8,5.8,4.2,4.2
svm,signo_zodiacal_tauro,403,0.5,0.44000000000000006,0.43454545454545457,0.5599999999999999,0.48539166097060826,0.42800000000000005,0.5312124362565538,5.6,6.8,3.2,4.4
svm,signo_zodiacal_tauro,404,0.5,0.51,0.5023809523809524,0.45999999999999996,0.4716577540106952,0.534,0.5720414934222984,4.6,4.4,5.6,5.4
svm,signo_zodiacal_tauro,405,0.5,0.48,0.48397435897435903,0.42000000000000004,0.43575968907776697,0.5000000000000001,0.5556471202516093,4.2,4.6,5.4,5.8
svm,signo_zodiacal_tauro,406,0.5,0.5,0.5204298642533937,0.6799999999999999,0.5842327398849138,0.48900000000000005,0.5876905523097473,6.8,6.8,3.2,3.2
svm,signo_zodiacal_tauro,407,0.5,0.48,0.49444444444444435,0.45999999999999996,0.4652898958626513,0.524,0.5753144992262639,4.6,5.0,5.0,5.4
svm,signo_zodiacal_tauro,408,0.5,0.47000000000000003,0.4639285714285714,0.56,0.4917948717948718,0.44399999999999995,0.4811773053228161,5.6,6.2,3.8,4.4
svm,signo_zodiacal_tauro,409,0.5,0.53,0.5248484848484848,0.6200000000000001,0.5621269841269841,0.5820000000000001,0.6646873218800462,6.2,5.6,4.4,3.8
svm,signo_zodiacal_tauro,410,0.5,0.5700000000000001,0.5631590631590632,0.66,0.6044161787868881,0.624,0.6590987488603588,6.6,5.2,4.8,3.4
svm,signo_zodiacal_tauro,411,0.5,0.55,0.5155011655011654,0.5,0.49719225600232464,0.5519999999999999,0.5984000895045787,5.0,4.0,6.0,5.0
svm,signo_zodiacal_tauro,412,0.5,0.51,0.503030303030303,0.58,0.5368638988776289,0.526,0.5927317029375853,5.8,5.6,4.4,4.2
svm,signo_zodiacal_tauro,413,0.5,0.47000000000000003,0.4658308358308358,0.5,0.4775221709237055,0.48,0.5173978692446186,5.0,5.6,4.4,5.0
svm,signo_zodiacal_tauro,414,0.5,0.5900000000000001,0.6063936063936064,0.6599999999999999,0.622006510113927,0.618,0.7138504098240939,6.6,4.8,5.2,3.4
svm,signo_zodiacal_tauro,415,0.5,0.43000000000000005,0.43288711288711285,0.44000000000000006,0.43109487273170133,0.42200000000000004,0.5162882232146938,4.4,5.8,4.2,5.6
svm,signo_zodiacal_tauro,416,0.5,0.43,0.4256410256410256,0.44000000000000006,0.4270750988142293,0.48,0.5769801391419038,4.4,5.8,4.2,5.6
svm,signo_zodiacal_tauro,417,0.5,0.51,0.5312337662337663,0.42000000000000004,0.4591223155929039,0.5359999999999999,0.627980326261286,4.2,4.0,6.0,5.8
svm,signo_zodiacal_tauro,418,0.5,0.51,0.5034382284382285,0.5599999999999999,0.5276491624317712,0.526,0.6440671648612826,5.6,5.4,4.6,4.4
svm,signo_zodiacal_tauro,419,0.5,0.45,0.41753246753246753,0.36000000000000004,0.37852474323062557,0.484,0.5358961671283653,3.6,4.6,5.4,6.4
svm,signo_zodiacal_tauro,420,0.5,0.56,0.5631818181818182,0.6,0.5763492063492064,0.5439999999999999,0.6181531323853304,6.0,4.8,5.2,4.0
svm,signo_zodiacal_tauro,421,0.5,0.54,0.54,0.42000000000000004,0.4622222222222222,0.5660000000000001,0.6228999693117341,4.2,3.4,6.6,5.8
svm,signo_zodiacal_tauro,422,0.5,0.43,0.41809523809523813,0.42000000000000004,0.4036263736263736,0.42000000000000004,0.5187578091842797,4.2,5.6,4.4,5.8
svm,signo_zodiacal_tauro,423,0.5,0.43,0.42230769230769233,0.28,0.31366406540319586,0.40199999999999997,0.5033494587627715,2.8,4.2,5.8,7.2
svm,signo_zodiacal_tauro,424,0.5,0.6,0.5783333333333334,0.76,0.6514685314685316,0.6300000000000001,0.6598291791627704,7.6,5.6,4.4,2.4
svm,signo_zodiacal_tauro,425,0.5,0.52,0.5119658119658119,0.5199999999999999,0.512229849987287,0.48,0.5621225363903383,5.2,4.8,5.2,4.8
svm,signo_zodiacal_tauro,426,0.5,0.51,0.4989393939393939,0.4,0.4315873015873016,0.5370000000000001,0.5916657307261023,4.0,3.8,6.2,6.0
svm,signo_zodiacal_tauro,427,0.5,0.45,0.45027417027417027,0.38,0.4065074450832965,0.544,0.6494348064216485,3.8,4.8,5.2,6.2
svm,signo_zodiacal_tauro,428,0.5,0.45,0.4585464535464535,0.45999999999999996,0.4466390614216701,0.458,0.5622812014267122,4.6,5.6,4.4,5.4
svm,signo_zodiacal_tauro,429,0.5,0.45,0.4409090909090909,0.45999999999999996,0.44882661198450674,0.39,0.48555537195862264,4.6,5.6,4.4,5.4
svm,signo_zodiacal_tauro,430,0.5,0.43999999999999995,0.4274891774891775,0.44000000000000006,0.4240514387573211,0.38,0.4700545770019454,4.4,5.6,4.4,5.6
svm,signo_zodiacal_tauro,431,0.5,0.52,0.5333333333333334,0.54,0.5333333333333333,0.4640000000000001,0.5297387412209394,5.4,5.0,5.0,4.6
svm,signo_zodiacal_tauro,432,0.5,0.51,0.5100432900432901,0.52,0.5082279227480466,0.506,0.544268728605416,5.2,5.0,5.0,4.8
svm,signo_zodiacal_tauro,433,0.5,0.47000000000000003,0.4317832167832168,0.45999999999999996,0.4384490871447393,0.42400000000000004,0.5004838325589099,4.6,5.2,4.8,5.4
svm,signo_zodiacal_tauro,434,0.5,0.5,0.5224664224664225,0.4,0.43062656970316143,0.495,0.5513487423309404,4.0,4.0,6.0,6.0
svm,signo_zodiacal_tauro,435,0.5,0.52,0.5164058164058164,0.5199999999999999,0.5135325526091443,0.536,0.5571023688214091,5.2,4.8,5.2,4.8
svm,signo_zodiacal_tauro,436,0.5,0.44000000000000006,0.41293040293040295,0.41999999999999993,0.4075412694722158,0.42000000000000004,0.5055417556299908,4.2,5.4,4.6,5.8
svm,signo_zodiacal_tauro,437,0.5,0.4800000000000001,0.47793650793650794,0.41999999999999993,0.4407078525189981,0.4880000000000001,0.543811834192639,4.2,4.6,5.4,5.8
svm,signo_zodiacal_tauro,438,0.5,0.49000000000000005,0.49404761904761896,0.38,0.4261437908496732,0.558,0.5773753725634532,3.8,4.0,6.0,6.2
svm,signo_zodiacal_tauro,439,0.5,0.44000000000000006,0.46366550116550115,0.54,0.49190712668973535,0.43,0.550560958649194,5.4,6.6,3.4,4.6
svm,signo_zodiacal_tauro,440,0.5,0.5,0.5068376068376068,0.52,0.5081108568522756,0.592,0.6045108296416346,5.2,5.2,4.8,4.8
svm,signo_zodiacal_tauro,441,0.5,0.47000000000000003,0.5045454545454545,0.4,0.4166666666666667,0.51,0.5876867935985584,4.0,4.6,5.4,6.0
svm,signo_zodiacal_tauro,442,0.5,0.53,0.5368431568431569,0.4800000000000001,0.48915844598709046,0.504,0.5718343404961053,4.8,4.2,5.8,5.2
svm,signo_zodiacal_tauro,443,0.5,0.45,0.43571428571428567,0.36000000000000004,0.39281045751633986,0.43199999999999994,0.5547014743941988,3.6,4.6,5.4,6.4
svm,signo_zodiacal_tauro,444,0.5,0.44000000000000006,0.4537484737484737,0.44000000000000006,0.42936253677672437,0.40700000000000003,0.49932993760625344,4.4,5.6,4.4,5.6
svm,signo_zodiacal_tauro,445,0.5,0.59,0.5889393939393939,0.6199999999999999,0.5983157894736842,0.6679999999999999,0.6653974075460143,6.2,4.4,5.6,3.8
svm,signo_zodiacal_tauro,446,0.5,0.5700000000000001,0.571948051948052,0.6799999999999999,0.6081006052770759,0.658,0.7160659607850011,6.8,5.4,4.6,3.2
svm,signo_zodiacal_tauro,447,0.5,0.49000000000000005,0.4705627705627705,0.44000000000000006,0.44915966386554623,0.496,0.5640878839083173,4.4,4.6,5.4,5.6
svm,signo_zodiacal_tauro,448,0.5,0.5,0.5024975024975025,0.58,0.5340046427002948,0.466,0.5233501308632887,5.8,5.8,4.2,4.2
svm,signo_zodiacal_tauro,449,0.5,0.34,0.3385353535353535,0.38,0.3537710944026733,0.309,0.45438260209003245,3.8,7.0,3.0,6.2
svm,signo_zodiacal_tauro,450,0.5,0.57,0.6244444444444445,0.4,0.48081871345029237,0.552,0.6153955134133152,4.0,2.6,7.4,6.0
svm,signo_zodiacal_tauro,451,0.5,0.6199999999999999,0.6085714285714285,0.64,0.6064509803921568,0.6300000000000001,0.6447069586759989,6.4,4.0,6.0,3.6
svm,signo_zodiacal_tauro,452,0.5,0.52,0.525,0.45999999999999996,0.4900584795321638,0.514,0.5643629981129981,4.6,4.2,5.8,5.4
svm,signo_zodiacal_tauro,453,0.5,0.4600000000000001,0.45888888888888885,0.38,0.40663476874003185,0.42799999999999994,0.5120801594346486,3.8,4.6,5.4,6.2
svm,signo_zodiacal_tauro,454,0.5,0.45,0.41868686868686866,0.36000000000000004,0.38111946532999164,0.46799999999999997,0.5452244052816808,3.6,4.6,5.4,6.4
svm,signo_zodiacal_tauro,455,0.5,0.5399999999999999,0.553968253968254,0.5,0.5208900146980642,0.546,0.6141354750340818,5.0,4.2,5.8,5.0
svm,signo_zodiacal_tauro,456,0.5,0.45,0.42353535353535354,0.42000000000000004,0.4171246297562087,0.45199999999999996,0.5493303840981858,4.2,5.2,4.8,5.8
svm,signo_zodiacal_tauro,457,0.5,0.53,0.5172727272727272,0.6,0.5511111111111111,0.47000000000000003,0.5444132554751749,6.0,5.4,4.6,4.0
svm,signo_zodiacal_tauro,458,0.5,0.47000000000000003,0.46909090909090906,0.4999999999999999,0.47984126984126985,0.44399999999999995,0.5213638208197031,5.0,5.6,4.4,5.0
svm,signo_zodiacal_tauro,459,0.5,0.45999999999999996,0.45,0.3,0.3583333333333333,0.44400000000000006,0.4990734918676095,3.0,3.8,6.2,7.0
svm,signo_zodiacal_tauro,460,0.5,0.54,0.5467954267954267,0.54,0.5380143453262312,0.516,0.6118225957049486,5.4,4.6,5.4,4.6
svm,signo_zodiacal_tauro,461,0.5,0.55,0.5686111111111111,0.5800000000000001,0.5602281928597718,0.5700000000000001,0.616771966165929,5.8,4.8,5.2,4.2
svm,signo_zodiacal_tauro,462,0.5,0.48,0.44580419580419584,0.45999999999999996,0.43555900621118016,0.526,0.587871675709911,4.6,5.0,5.0,5.4
svm,signo_zodiacal_tauro,463,0.5,0.5599999999999999,0.5771428571428572,0.42000000000000004,0.48176470588235293,0.5459999999999999,0.5919646187146188,4.2,3.0,7.0,5.8
svm,signo_zodiacal_tauro,464,0.5,0.4,0.41961926961926965,0.45999999999999996,0.4371660376237035,0.376,0.48113912051141144,4.6,6.6,3.4,5.4
svm,signo_zodiacal_tauro,465,0.5,0.6599999999999999,0.7701298701298701,0.52,0.604154995331466,0.68,0.7140553149980394,5.2,2.0,8.0,4.8
svm,signo_zodiacal_tauro,466,0.5,0.48,0.558021978021978,0.4,0.4216027280477408,0.42400000000000004,0.5619912522118404,4.0,4.4,5.6,6.0
svm,signo_zodiacal_tauro,467,0.5,0.6,0.5873193473193472,0.7,0.6364897421419161,0.6279999999999999,0.6355547542412866,7.0,5.0,5.0,3.0
svm,signo_zodiacal_tauro,468,0.5,0.5000000000000001,0.5012698412698413,0.54,0.5072105263157896,0.51,0.5664729975906446,5.4,5.4,4.6,4.6
svm,signo_zodiacal_tauro,469,0.5,0.61,0.6279942279942279,0.6,0.608344390387734,0.54,0.6220533561725512,6.0,3.8,6.2,4.0
svm,signo_zodiacal_tauro,470,0.5,0.49000000000000005,0.48888888888888893,0.48,0.48277511961722486,0.476,0.5126530130516198,4.8,5.0,5.0,5.2
svm,signo_zodiacal_tauro,471,0.5,0.43,0.4107142857142857,0.34,0.3683155080213904,0.458,0.5573274307391954,3.4,4.8,5.2,6.6
svm,signo_zodiacal_tauro,472,0.5,0.47000000000000003,0.48,0.52,0.48918181818181816,0.47000000000000003,0.5219204298453525,5.2,5.8,4.2,4.8
svm,signo_zodiacal_tauro,473,0.5,0.49000000000000005,0.4688888888888889,0.32,0.36802005012531325,0.454,0.5493034547152194,3.2,3.4,6.6,6.8
svm,signo_zodiacal_tauro,474,0.5,0.4600000000000001,0.41909340659340655,0.54,0.462809364548495,0.43600000000000005,0.5233825427238739,5.4,6.2,3.8,4.6
svm,signo_zodiacal_tauro,475,0.5,0.52,0.5273051948051948,0.54,0.5236773683832507,0.5429999999999999,0.5442771307639729,5.4,5.0,5.0,4.6
svm,signo_zodiacal_tauro,476,0.5,0.5,0.5171428571428571,0.42000000000000004,0.4606535947712418,0.548,0.6263507391301509,4.2,4.2,5.8,5.8
svm,signo_zodiacal_tauro,477,0.5,0.59,0.5876923076923076,0.62,0.6017391304347826,0.6180000000000001,0.6680755078255077,6.2,4.4,5.6,3.8
svm,signo_zodiacal_tauro,478,0.5,0.54,0.5472222222222222,0.52,0.5307283359914938,0.5760000000000001,0.6094096999491736,5.2,4.4,5.6,4.8
svm,signo_zodiacal_tauro,479,0.5,0.43000000000000005,0.422035742035742,0.42000000000000004,0.41166394246485777,0.41200000000000003,0.48142381595013173,4.2,5.6,4.4,5.8
svm,signo_zodiacal_tauro,480,0.5,0.5200000000000001,0.5061111111111112,0.44000000000000006,0.4682456140350877,0.5640000000000001,0.6254293217102814,4.4,4.0,6.0,5.6
svm,signo_zodiacal_tauro,481,0.5,0.47000000000000003,0.4723809523809524,0.58,0.5153257269046743,0.44399999999999995,0.5388885471253893,5.8,6.4,3.6,4.2
svm,signo_zodiacal_tauro,482,0.5,0.38,0.3914952694364459,0.4800000000000001,0.42452265930526795,0.31999999999999995,0.4480555694735261,4.8,7.2,2.8,5.2
svm,signo_zodiacal_tauro,483,0.5,0.5,0.49683760683760686,0.62,0.5481789057624298,0.42800000000000005,0.48046687419907236,6.2,6.2,3.8,3.8
svm,signo_zodiacal_tauro,484,0.5,0.52,0.526133866133866,0.5999999999999999,0.5579296066252588,0.58,0.6385657844907071,6.0,5.6,4.4,4.0
svm,signo_zodiacal_tauro,485,0.5,0.5,0.4871489621489621,0.5599999999999999,0.5158310796754733,0.446,0.5161486507988056,5.6,5.6,4.4,4.4
svm,signo_zodiacal_tauro,486,0.5,0.49000000000000005,0.5001831501831502,0.5,0.4876947221576377,0.516,0.5521689858129486,5.0,5.2,4.8,5.0
svm,signo_zodiacal_tauro,487,0.5,0.47000000000000003,0.47435897435897434,0.54,0.5000219587176109,0.4720000000000001,0.5689090348076415,5.4,6.0,4.0,4.6
svm,signo_zodiacal_tauro,488,0.5,0.4600000000000001,0.46086580086580087,0.45999999999999996,0.4480644257703081,0.5,0.6342864100983295,4.6,5.4,4.6,5.4
svm,signo_zodiacal_tauro,489,0.5,0.6199999999999999,0.6073015873015872,0.6399999999999999,0.6148353504081058,0.6219999999999999,0.6493653203521624,6.4,4.0,6.0,3.6
svm,signo_zodiacal_tauro,490,0.5,0.6,0.635,0.45999999999999996,0.513968253968254,0.648,0.6893344586270282,4.6,2.6,7.4,5.4
svm,signo_zodiacal_tauro,491,0.5,0.58,0.615,0.5199999999999999,0.5459163059163059,0.5680000000000001,0.5695808707116756,5.2,3.6,6.4,4.8
svm,signo_zodiacal_tauro,492,0.5,0.45999999999999996,0.46565656565656566,0.48,0.47192982456140353,0.35,0.44668571607271296,4.8,5.6,4.4,5.2
svm,signo_zodiacal_tauro,493,0.5,0.5399999999999999,0.5297979797979798,0.64,0.5752528173580805,0.522,0.585194694796088,6.4,5.6,4.4,3.6
svm,signo_zodiacal_tauro,494,0.5,0.38,0.34534632034632035,0.27999999999999997,0.3064192343604108,0.362,0.44583682923543605,2.8,5.2,4.8,7.2
svm,signo_zodiacal_tauro,495,0.5,0.51,0.513997113997114,0.45999999999999996,0.4836208167477517,0.534,0.5716242913433316,4.6,4.4,5.6,5.4
svm,signo_zodiacal_tauro,496,0.5,0.6,0.5835714285714285,0.6599999999999999,0.6138383838383838,0.611,0.6220325954575181,6.6,4.6,5.4,3.4
svm,signo_zodiacal_tauro,497,0.5,0.5000000000000001,0.4976068376068376,0.6799999999999999,0.5682602157567833,0.446,0.537678665503743,6.8,6.8,3.2,3.2
svm,signo_zodiacal_tauro,498,0.5,0.5900000000000001,0.6317460317460318,0.45999999999999996,0.5281733746130032,0.571,0.5983285397093446,4.6,2.8,7.2,5.4
svm,signo_zodiacal_tauro,499,0.5,0.54,0.5297435897435897,0.72,0.6068740245261985,0.576,0.6147950160434681,7.2,6.4,3.6,2.8
svm,signo_zodiacal_tauro,500,0.5,0.44000000000000006,0.43854145854145854,0.5,0.46169236390208257,0.491,0.5688433963697122,5.0,6.2,3.8,5.0
svm,signo_zodiacal_virgo,1,0.5,0.53,0.5311111111111112,0.6199999999999999,0.5680167810831427,0.496,0.5571271716759333,6.2,5.6,4.4,3.8
svm,signo_zodiacal_virgo,2,0.5,0.4699999999999999,0.5086363636363637,0.36,0.4038095238095238,0.4659999999999999,0.5430518854210804,3.6,4.2,5.8,6.4
svm,signo_zodiacal_virgo,3,0.5,0.49000000000000005,0.597948717948718,0.39999999999999997,0.41690078037904127,0.504,0.605202380952381,4.0,4.2,5.8,6.0
svm,signo_zodiacal_virgo,4,0.5,0.5,0.5076190476190476,0.3,0.3757843137254902,0.47800000000000004,0.5529680952002932,3.0,3.0,7.0,7.0
svm,signo_zodiacal_virgo,5,0.5,0.54,0.597979797979798,0.45999999999999996,0.5016708437761069,0.5639999999999998,0.6195324540440639,4.6,3.8,6.2,5.4
svm,signo_zodiacal_virgo,6,0.5,0.4600000000000001,0.4613553113553114,0.5199999999999999,0.4840269704719833,0.396,0.48144029173440944,5.2,6.0,4.0,4.8
svm,signo_zodiacal_virgo,7,0.5,0.58,0.62,0.44000000000000006,0.5029365079365079,0.616,0.664956097823745,4.4,2.8,7.2,5.6
svm,signo_zodiacal_virgo,8,0.5,0.32999999999999996,0.33426573426573425,0.33999999999999997,0.3352293777923069,0.32799999999999996,0.4672625673260348,3.4,6.8,3.2,6.6
svm,signo_zodiacal_virgo,9,0.5,0.42000000000000004,0.41995670995671,0.42000000000000004,0.4167354214413038,0.398,0.478809744778785,4.2,5.8,4.2,5.8
svm,signo_zodiacal_virgo,10,0.5,0.55,0.526934731934732,0.64,0.57309843779409,0.5960000000000001,0.6254176460794107,6.4,5.4,4.6,3.6
svm,signo_zodiacal_virgo,11,0.5,0.5900000000000001,0.6316666666666666,0.5,0.526965362123257,0.6260000000000001,0.6480045771222243,5.0,3.2,6.8,5.0
svm,signo_zodiacal_virgo,12,0.5,0.44000000000000006,0.44868686868686875,0.48,0.4623194349510139,0.426,0.5234660823352774,4.8,6.0,4.0,5.2
svm,signo_zodiacal_virgo,13,0.5,0.45999999999999996,0.4623376623376624,0.45999999999999996,0.4553000147427392,0.418,0.5075950373156255,4.6,5.4,4.6,5.4
svm,signo_zodiacal_virgo,14,0.5,0.44000000000000006,0.3591880341880342,0.33999999999999997,0.3423468090516145,0.43200000000000005,0.4863779892278345,3.4,4.6,5.4,6.6
svm,signo_zodiacal_virgo,15,0.5,0.52,0.5311111111111112,0.32,0.39359649122807017,0.602,0.6391087682527311,3.2,2.8,7.2,6.8
svm,signo_zodiacal_virgo,16,0.5,0.51,0.5136446886446887,0.5199999999999999,0.506792450008226,0.53,0.6046677484881819,5.2,5.0,5.0,4.8
svm,signo_zodiacal_virgo,17,0.5,0.53,0.523611111111111,0.5999999999999999,0.5498650472334683,0.538,0.6013887007385459,6.0,5.4,4.6,4.0
svm,signo_zodiacal_virgo,18,0.5,0.42000000000000004,0.4031746031746032,0.45999999999999996,0.4244066047471621,0.434,0.5470541496687008,4.6,6.2,3.8,5.4
svm,signo_zodiacal_virgo,19,0.5,0.63,0.7076190476190477,0.44000000000000006,0.5404901960784314,0.5980000000000001,0.6771814866420129,4.4,1.8,8.2,5.6
svm,signo_zodiacal_virgo,20,0.5,0.48,0.487112887112887,0.62,0.5447204968944099,0.44800000000000006,0.5199463957095536,6.2,6.6,3.4,3.8
svm,signo_zodiacal_virgo,21,0.5,0.43999999999999995,0.44081196581196574,0.36,0.3838654607533326,0.476,0.5251763149131571,3.6,4.8,5.2,6.4
svm,signo_zodiacal_virgo,22,0.5,0.51,0.5119997649409413,0.6799999999999999,0.5810255766777506,0.506,0.5407519975724309,6.8,6.6,3.4,3.2
svm,signo_zodiacal_virgo,23,0.5,0.51,0.5297979797979797,0.48,0.4966735019366598,0.5269999999999999,0.5530447881152216,4.8,4.6,5.4,5.2
svm,signo_zodiacal_virgo,24,0.5,0.4,0.2692307692307693,0.32,0.29130434782608694,0.396,0.4887788247184532,3.2,5.2,4.8,6.8
svm,signo_zodiacal_virgo,25,0.5,0.45,0.46025641025641023,0.5,0.47104743083003947,0.434,0.529524653880691,5.0,6.0,4.0,5.0
svm,signo_zodiacal_virgo,26,0.5,0.6399999999999999,0.6325396825396825,0.68,0.6456374894455389,0.6719999999999999,0.6927734389793213,6.8,4.0,6.0,3.2
svm,signo_zodiacal_virgo,27,0.5,0.5900000000000001,0.5836363636363636,0.7,0.6295238095238095,0.608,0.6253889694756568,7.0,5.2,4.8,3.0
svm,signo_zodiacal_virgo,28,0.5,0.45,0.4561616161616161,0.4999999999999999,0.4735438596491228,0.516,0.5943444692562339,5.0,6.0,4.0,5.0
svm,signo_zodiacal_virgo,29,0.5,0.5700000000000001,0.6197619047619047,0.38,0.4678431372549019,0.5900000000000001,0.6313264611205788,3.8,2.4,7.6,6.2
svm,signo_zodiacal_virgo,30,0.5,0.51,0.5122222222222221,0.45999999999999996,0.47226247436773755,0.556,0.6421452718248384,4.6,4.4,5.6,5.4
svm,signo_zodiacal_virgo,31,0.5,0.51,0.5267399267399268,0.52,0.5106280193236715,0.51,0.5601422913172139,5.2,5.0,5.0,4.8
svm,signo_zodiacal_virgo,32,0.5,0.49000000000000005,0.49111111111111116,0.54,0.5086698564593302,0.48,0.5636414702428635,5.4,5.6,4.4,4.6
svm,signo_zodiacal_virgo,33,0.5,0.51,0.5111111111111111,0.5199999999999999,0.5108187134502924,0.562,0.6370677574059926,5.2,5.0,5.0,4.8
svm,signo_zodiacal_virgo,34,0.5,0.57,0.5521367521367522,0.6199999999999999,0.5758911772184083,0.592,0.6419463277520553,6.2,4.8,5.2,3.8
svm,signo_zodiacal_virgo,35,0.5,0.5700000000000001,0.5595021645021645,0.52,0.5359516438154209,0.618,0.6701643248392475,5.2,3.8,6.2,4.8
svm,signo_zodiacal_virgo,36,0.5,0.5,0.5013986013986014,0.52,0.5075224292615597,0.532,0.6090896032072503,5.2,5.2,4.8,4.8
svm,signo_zodiacal_virgo,37,0.5,0.49000000000000005,0.49696969696969695,0.5599999999999999,0.5235019366598314,0.51,0.5999051107990736,5.6,5.8,4.2,4.4
svm,signo_zodiacal_virgo,38,0.5,0.5,0.5243589743589744,0.42000000000000004,0.4483890886636882,0.518,0.5705571073233612,4.2,4.2,5.8,5.8
svm,signo_zodiacal_virgo,39,0.5,0.41,0.4191558441558441,0.45999999999999996,0.4317460317460317,0.43,0.49468782034958503,4.6,6.4,3.6,5.4
svm,signo_zodiacal_virgo,40,0.5,0.63,0.6642857142857143,0.5599999999999999,0.5883333333333333,0.654,0.6889218444953739,5.6,3.0,7.0,4.4
svm,signo_zodiacal_virgo,41,0.5,0.51,0.5178787878787878,0.58,0.5423677375256322,0.48600000000000004,0.5172873402826964,5.8,5.6,4.4,4.2
svm,signo_zodiacal_virgo,42,0.5,0.41,0.40031746031746024,0.33999999999999997,0.36538699690402476,0.396,0.5105393516012711,3.4,5.2,4.8,6.6
svm,signo_zodiacal_virgo,43,0.5,0.51,0.5544011544011545,0.42000000000000004,0.46758071649712507,0.48999999999999994,0.5863863344258082,4.2,4.0,6.0,5.8
svm,signo_zodiacal_virgo,44,0.5,0.47000000000000003,0.4723351648351648,0.41999999999999993,0.41363311879935916,0.45599999999999996,0.5164347864038266,4.2,4.8,5.2,5.8
svm,signo_zodiacal_virgo,45,0.5,0.5499999999999999,0.5195804195804196,0.54,0.5243478260869565,0.5399999999999999,0.5974110791169615,5.4,4.4,5.6,4.6
svm,signo_zodiacal_virgo,46,0.5,0.5399999999999999,0.5430769230769231,0.45999999999999996,0.4782213438735178,0.6020000000000001,0.6637682215445373,4.6,3.8,6.2,5.4
svm,signo_zodiacal_virgo,47,0.5,0.5700000000000001,0.5738095238095238,0.4,0.46475615887380595,0.5479999999999999,0.6032877179579965,4.0,2.6,7.4,6.0
svm,signo_zodiacal_virgo,48,0.5,0.45,0.4427655677655678,0.5199999999999999,0.47330282227307396,0.44399999999999995,0.5209578107650863,5.2,6.2,3.8,4.8
svm,signo_zodiacal_virgo,49,0.5,0.48,0.4779895104895105,0.54,0.4939448956840261,0.524,0.5653810258369082,5.4,5.8,4.2,4.6
svm,signo_zodiacal_virgo,50,0.5,0.6100000000000001,0.6231746031746032,0.54,0.5766907464740282,0.619,0.6674383732882185,5.4,3.2,6.8,4.6
svm,signo_zodiacal_virgo,51,0.5,0.4600000000000001,0.46238095238095245,0.5599999999999999,0.5039393939393939,0.52,0.5408718275188863,5.6,6.4,3.6,4.4
svm,signo_zodiacal_virgo,52,0.5,0.45999999999999996,0.452014652014652,0.38,0.3954119197085949,0.442,0.5105171978863929,3.8,4.6,5.4,6.2
svm,signo_zodiacal_virgo,53,0.5,0.47000000000000003,0.4673076923076923,0.5399999999999999,0.4982872200263505,0.526,0.5869278919395018,5.4,6.0,4.0,4.6
svm,signo_zodiacal_virgo,54,0.5,0.4699999999999999,0.4751515151515152,0.6399999999999999,0.5401385281385281,0.5360000000000001,0.6193087082336308,6.4,7.0,3.0,3.6
svm,signo_zodiacal_virgo,55,0.5,0.49000000000000005,0.4909090909090909,0.5800000000000001,0.5300865800865802,0.48,0.5720736314768823,5.8,6.0,4.0,4.2
svm,signo_zodiacal_virgo,56,0.5,0.42000000000000004,0.41595238095238096,0.4,0.40060887512899895,0.4779999999999999,0.5327556785319942,4.0,5.6,4.4,6.0
svm,signo_zodiacal_virgo,57,0.5,0.5900000000000001,0.630909090909091,0.5,0.5465538847117795,0.6540000000000001,0.6869000068558891,5.0,3.2,6.8,5.0
svm,signo_zodiacal_virgo,58,0.5,0.53,0.5408369408369409,0.4600000000000001,0.4939210772028109,0.53,0.5789050851109674,4.6,4.0,6.0,5.4
svm,signo_zodiacal_virgo,59,0.5,0.54,0.5613636363636363,0.4800000000000001,0.5,0.5900000000000001,0.6227068193244664,4.8,4.0,6.0,5.2
svm,signo_zodiacal_virgo,60,0.5,0.49000000000000005,0.4975024975024976,0.48,0.47779447747478443,0.44800000000000006,0.5332462727331148,4.8,5.0,5.0,5.2
svm,signo_zodiacal_virgo,61,0.5,0.53,0.523611111111111,0.56,0.5305933832249622,0.5,0.5957912651503983,5.6,5.0,5.0,4.4
svm,signo_zodiacal_virgo,62,0.5,0.5,0.4823376623376623,0.5,0.4845191409897292,0.4789999999999999,0.5144976314535138,5.0,5.0,5.0,5.0
svm,signo_zodiacal_virgo,63,0.5,0.4600000000000001,0.4684343434343434,0.45999999999999996,0.4619883040935672,0.458,0.5149356097119254,4.6,5.4,4.6,5.4
svm,signo_zodiacal_virgo,64,0.5,0.4800000000000001,0.47477124183006536,0.5,0.46499484004127967,0.46399999999999997,0.5263710362564853,5.0,5.4,4.6,5.0
svm,signo_zodiacal_virgo,65,0.5,0.52,0.5,0.36000000000000004,0.4146825396825397,0.592,0.6382336536013006,3.6,3.2,6.8,6.4
svm,signo_zodiacal_virgo,66,0.5,0.54,0.5442002442002442,0.5800000000000001,0.5520673038093956,0.5579999999999999,0.5990065763270097,5.8,5.0,5.0,4.2
svm,signo_zodiacal_virgo,67,0.5,0.5,0.49682539682539684,0.4,0.43299425033171157,0.514,0.5519282092176829,4.0,4.0,6.0,6.0
svm,signo_zodiacal_virgo,68,0.5,0.45,0.4603729603729604,0.5599999999999999,0.5047995482778092,0.4720000000000001,0.5571343472488983,5.6,6.6,3.4,4.4
svm,signo_zodiacal_virgo,69,0.5,0.5599999999999999,0.5397435897435898,0.64,0.5792920509442248,0.622,0.6696299415239044,6.4,5.2,4.8,3.6
svm,signo_zodiacal_virgo,70,0.5,0.5,0.5092857142857143,0.44000000000000006,0.4574509803921569,0.54,0.575079372811571,4.4,4.4,5.6,5.6
svm,signo_zodiacal_virgo,71,0.5,0.55,0.5502287581699348,0.6199999999999999,0.5677816764132554,0.534,0.607057264201227,6.2,5.2,4.8,3.8
svm,signo_zodiacal_virgo,72,0.5,0.5000000000000001,0.503174603174603,0.36,0.41803405572755425,0.488,0.5282494717185119,3.6,3.6,6.4,6.4
svm,signo_zodiacal_virgo,73,0.5,0.48,0.46909090909090906,0.5599999999999999,0.5023726708074534,0.426,0.5124110340124272,5.6,6.0,4.0,4.4
svm,signo_zodiacal_virgo,74,0.5,0.58,0.5533613445378152,0.72,0.6145405792464617,0.622,0.6552022962417698,7.2,5.6,4.4,2.8
svm,signo_zodiacal_virgo,75,0.5,0.54,0.5356843156843156,0.62,0.5719668737060041,0.45199999999999996,0.5408363801661015,6.2,5.4,4.6,3.8
svm,signo_zodiacal_virgo,76,0.5,0.45,0.47726939726939727,0.42000000000000004,0.4372646449884302,0.438,0.5134326523150052,4.2,5.2,4.8,5.8
svm,signo_zodiacal_virgo,77,0.5,0.5700000000000001,0.578066378066378,0.5399999999999999,0.5290823211875844,0.574,0.6429385059385059,5.4,4.0,6.0,4.6
svm,signo_zodiacal_virgo,78,0.5,0.63,0.713968253968254,0.45999999999999996,0.5545768833849329,0.696,0.7346010470437714,4.6,2.0,8.0,5.4
svm,signo_zodiacal_virgo,79,0.5,0.5,0.5104317904317904,0.5,0.4999191072309931,0.54,0.6085928777105247,5.0,5.0,5.0,5.0
svm,signo_zodiacal_virgo,80,0.5,0.51,0.5053113553113553,0.6200000000000001,0.5555053642010164,0.47000000000000003,0.5472613487303889,6.2,6.0,4.0,3.8
svm,signo_zodiacal_virgo,81,0.5,0.5200000000000001,0.5342857142857144,0.4,0.4518954248366013,0.5940000000000001,0.6214249057615929,4.0,3.6,6.4,6.0
svm,signo_zodiacal_virgo,82,0.5,0.5700000000000001,0.5867521367521367,0.5199999999999999,0.544260106788711,0.5199999999999999,0.5753799333621314,5.2,3.8,6.2,4.8
svm,signo_zodiacal_virgo,83,0.5,0.41,0.42635531135531135,0.5599999999999999,0.4790144927536232,0.43199999999999994,0.5136570465997711,5.6,7.4,2.6,4.4
svm,signo_zodiacal_virgo,84,0.5,0.54,0.5446031746031746,0.45999999999999996,0.4970209838321293,0.504,0.5772563445326603,4.6,3.8,6.2,5.4
svm,signo_zodiacal_virgo,85,0.5,0.47000000000000003,0.4340909090909092,0.42000000000000004,0.4221139971139971,0.386,0.48461378654025716,4.2,4.8,5.2,5.8
svm,signo_zodiacal_virgo,86,0.5,0.55,0.5595238095238095,0.5,0.5232823591956718,0.527,0.5727620892179714,5.0,4.0,6.0,5.0
svm,signo_zodiacal_virgo,87,0.5,0.5700000000000001,0.6076923076923075,0.5399999999999999,0.5509940860055276,0.5279999999999999,0.584982369539645,5.4,4.0,6.0,4.6
svm,signo_zodiacal_virgo,88,0.5,0.49000000000000005,0.497948717948718,0.58,0.5295845410628021,0.506,0.5989252136752136,5.8,6.0,4.0,4.2
svm,signo_zodiacal_virgo,89,0.5,0.55,0.5472727272727274,0.6399999999999999,0.5881818181818181,0.578,0.6689593794578315,6.4,5.4,4.6,3.6
svm,signo_zodiacal_virgo,90,0.5,0.44000000000000006,0.43797979797979797,0.45999999999999996,0.4480200501253133,0.41400000000000003,0.5223431480799902,4.6,5.8,4.2,5.4
svm,signo_zodiacal_virgo,91,0.5,0.6,0.640079365079365,0.52,0.567035681896363,0.596,0.6492698510639686,5.2,3.2,6.8,4.8
svm,signo_zodiacal_virgo,92,0.5,0.49000000000000005,0.49026806526806527,0.52,0.5003371406117402,0.5,0.5902170417301995,5.2,5.4,4.6,4.8
svm,signo_zodiacal_virgo,93,0.5,0.6300000000000001,0.6480769230769231,0.6,0.6018288474810214,0.6519999999999999,0.6997169470536344,6.0,3.4,6.6,4.0
svm,signo_zodiacal_virgo,94,0.5,0.5599999999999999,0.5862082362082361,0.52,0.5306091315244632,0.502,0.5547490271166742,5.2,4.0,6.0,4.8
svm,signo_zodiacal_virgo,95,0.5,0.41,0.3890476190476191,0.32,0.33833333333333326,0.33999999999999997,0.4851326380018331,3.2,5.0,5.0,6.8
svm,signo_zodiacal_virgo,96,0.5,0.57,0.5508857808857808,0.6799999999999999,0.6060801806888764,0.6060000000000001,0.6329290256527099,6.8,5.4,4.6,3.2
svm,signo_zodiacal_virgo,97,0.5,0.52,0.510952380952381,0.62,0.5525718725718726,0.5879999999999999,0.6395486268117847,6.2,5.8,4.2,3.8
svm,signo_zodiacal_virgo,98,0.5,0.41,0.38476190476190475,0.42000000000000004,0.3957456922162804,0.43199999999999994,0.49515680398033346,4.2,6.0,4.0,5.8
svm,signo_zodiacal_virgo,99,0.5,0.5599999999999999,0.5506493506493506,0.6599999999999999,0.599134199134199,0.586,0.6102006224769382,6.6,5.4,4.6,3.4
svm,signo_zodiacal_virgo,100,0.5,0.42000000000000004,0.43226495726495723,0.48,0.4501906941266209,0.4,0.5225364023661236,4.8,6.4,3.6,5.2
svm,signo_zodiacal_virgo,101,0.5,0.55,0.5263203463203463,0.45999999999999996,0.4777094474153298,0.546,0.5633561069133826,4.6,3.6,6.4,5.4
svm,signo_zodiacal_virgo,102,0.5,0.49000000000000005,0.48611111111111105,0.5399999999999999,0.5052631578947369,0.4840000000000001,0.5492719959778783,5.4,5.6,4.4,4.6
svm,signo_zodiacal_virgo,103,0.5,0.5599999999999999,0.6609090909090909,0.4,0.47523809523809524,0.578,0.6930859787787031,4.0,2.8,7.2,6.0
svm,signo_zodiacal_virgo,104,0.5,0.49000000000000005,0.4996825396825397,0.4,0.4423873409012728,0.51,0.5766666199297779,4.0,4.2,5.8,6.0
svm,signo_zodiacal_virgo,105,0.5,0.5800000000000001,0.5747252747252747,0.6000000000000001,0.5755870727737735,0.548,0.5647759915523073,6.0,4.4,5.6,4.0
svm,signo_zodiacal_virgo,106,0.5,0.57,0.5725615887380593,0.6,0.5652089160098314,0.6040000000000001,0.632677224907875,6.0,4.6,5.4,4.0
svm,signo_zodiacal_virgo,107,0.5,0.58,0.5833333333333333,0.5599999999999999,0.5639952153110048,0.5539999999999999,0.6224714729714729,5.6,4.0,6.0,4.4
svm,signo_zodiacal_virgo,108,0.5,0.48999999999999994,0.49388888888888893,0.42000000000000004,0.4503216374269006,0.47400000000000003,0.5289256729682426,4.2,4.4,5.6,5.8
svm,signo_zodiacal_virgo,109,0.5,0.54,0.5267857142857142,0.6599999999999999,0.5808857808857809,0.516,0.5452153781890623,6.6,5.8,4.2,3.4
svm,signo_zodiacal_virgo,110,0.5,0.4800000000000001,0.4486013986013986,0.44000000000000006,0.43443754313319527,0.556,0.5911558425234895,4.4,4.8,5.2,5.6
svm,signo_zodiacal_virgo,111,0.5,0.51,0.5099567099567099,0.56,0.530166324903167,0.518,0.5983277735336558,5.6,5.4,4.6,4.4
svm,signo_zodiacal_virgo,112,0.5,0.5199999999999999,0.5167399267399267,0.68,0.5861027667984191,0.48900000000000005,0.5442326207504226,6.8,6.4,3.6,3.2
svm,signo_zodiacal_virgo,113,0.5,0.41,0.4130952380952381,0.45999999999999996,0.4298245614035087,0.356,0.49820116467639686,4.6,6.4,3.6,5.4
svm,signo_zodiacal_virgo,114,0.5,0.48,0.5199999999999999,0.38,0.4197812713602187,0.5210000000000001,0.5361859241549644,3.8,4.2,5.8,6.2
svm,signo_zodiacal_virgo,115,0.5,0.51,0.49480519480519475,0.48,0.48290691077068787,0.536,0.5596947399006222,4.8,4.6,5.4,5.2
svm,signo_zodiacal_virgo,116,0.5,0.6499999999999999,0.6833333333333333,0.58,0.6202551834130781,0.642,0.6694232413613218,5.8,2.8,7.2,4.2
svm,signo_zodiacal_virgo,117,0.5,0.41000000000000003,0.3576623376623376,0.36000000000000004,0.35357270180799594,0.36900000000000005,0.46407209560305535,3.6,5.4,4.6,6.4
svm,signo_zodiacal_virgo,118,0.5,0.51,0.4954761904761904,0.38,0.4267079463364293,0.534,0.6249589736029364,3.8,3.6,6.4,6.2
svm,signo_zodiacal_virgo,119,0.5,0.49000000000000005,0.49111111111111116,0.48,0.4852631578947368,0.554,0.5796219880910284,4.8,5.0,5.0,5.2
svm,signo_zodiacal_virgo,120,0.5,0.53,0.5478632478632479,0.52,0.5239650509673394,0.558,0.5890862932217422,5.2,4.6,5.4,4.8
svm,signo_zodiacal_virgo,121,0.5,0.49000000000000005,0.49428571428571433,0.4,0.4388235294117647,0.538,0.6028660685719509,4.0,4.2,5.8,6.0
svm,signo_zodiacal_virgo,122,0.5,0.4600000000000001,0.45555555555555555,0.39999999999999997,0.41721706226350186,0.49400000000000005,0.5340018767781924,4.0,4.8,5.2,6.0
svm,signo_zodiacal_virgo,123,0.5,0.39,0.40777777777777774,0.45999999999999996,0.42570760233918126,0.381,0.5195459022401746,4.6,6.8,3.2,5.4
svm,signo_zodiacal_virgo,124,0.5,0.52,0.5257575757575758,0.45999999999999996,0.4797163362952837,0.5740000000000001,0.6291863285493317,4.6,4.2,5.8,5.4
svm,signo_zodiacal_virgo,125,0.5,0.51,0.5097735597735598,0.64,0.5667137210615472,0.534,0.5964150447076144,6.4,6.2,3.8,3.6
svm,signo_zodiacal_virgo,126,0.5,0.38,0.36614718614718617,0.42000000000000004,0.3870163108305523,0.41400000000000003,0.48870071534932213,4.2,6.6,3.4,5.8
svm,signo_zodiacal_virgo,127,0.5,0.52,0.5317460317460319,0.5,0.5074131406948744,0.517,0.5275357763151881,5.0,4.6,5.4,5.0
svm,signo_zodiacal_virgo,128,0.5,0.49000000000000005,0.5118614718614718,0.36,0.4125136370337608,0.532,0.5689458972400148,3.6,3.8,6.2,6.4
svm,signo_zodiacal_virgo,129,0.5,0.6599999999999999,0.652136752136752,0.76,0.6977359406421192,0.682,0.7170156287640806,7.6,4.4,5.6,2.4
svm,signo_zodiacal_virgo,130,0.5,0.52,0.5263986013986014,0.58,0.5479264696656,0.514,0.5669804345980817,5.8,5.4,4.6,4.2
svm,signo_zodiacal_virgo,131,0.5,0.5599999999999999,0.5661616161616161,0.5199999999999999,0.539766081871345,0.5640000000000001,0.6043156261523135,5.2,4.0,6.0,4.8
svm,signo_zodiacal_virgo,132,0.5,0.5199999999999999,0.5132478632478632,0.6,0.5514042022051175,0.5519999999999999,0.6293145814453863,6.0,5.6,4.4,4.0
svm,signo_zodiacal_virgo,133,0.5,0.49000000000000005,0.49205128205128207,0.5599999999999999,0.5207031412523403,0.518,0.5886220348279172,5.6,5.8,4.2,4.4
svm,signo_zodiacal_virgo,134,0.5,0.5,0.509090909090909,0.48,0.4838095238095238,0.532,0.547271671740712,4.8,4.8,5.2,5.2
svm,signo_zodiacal_virgo,135,0.5,0.5700000000000001,0.5746392496392497,0.5800000000000001,0.5712614870509608,0.598,0.6326056106775921,5.8,4.4,5.6,4.2
svm,signo_zodiacal_virgo,136,0.5,0.44000000000000006,0.43773448773448775,0.4600000000000001,0.441410344041923,0.42800000000000005,0.5106744921744921,4.6,5.8,4.2,5.4
svm,signo_zodiacal_virgo,137,0.5,0.5599999999999999,0.5519480519480519,0.6,0.5639589169000934,0.608,0.6270271950271951,6.0,4.8,5.2,4.0
svm,signo_zodiacal_virgo,138,0.5,0.51,0.5134920634920634,0.44000000000000006,0.4723426212590299,0.5840000000000001,0.6476981233420862,4.4,4.2,5.8,5.6
svm,signo_zodiacal_virgo,139,0.5,0.37,0.3664085914085914,0.36000000000000004,0.359481183777859,0.41400000000000003,0.5277888027005673,3.6,6.2,3.8,6.4
svm,signo_zodiacal_virgo,140,0.5,0.58,0.6011904761904762,0.45999999999999996,0.5189628482972136,0.5599999999999999,0.5990138262150646,4.6,3.0,7.0,5.4
svm,signo_zodiacal_virgo,141,0.5,0.47000000000000003,0.4740384615384615,0.6399999999999999,0.5432046214654911,0.41600000000000004,0.49002540820033075,6.4,7.0,3.0,3.6
svm,signo_zodiacal_virgo,142,0.5,0.58,0.5968253968253969,0.5,0.536457453794915,0.59,0.6302948609697835,5.0,3.4,6.6,5.0
svm,signo_zodiacal_virgo,143,0.5,0.5,0.4961904761904762,0.3,0.3591855203619909,0.48600000000000004,0.526325056092858,3.0,3.0,7.0,7.0
svm,signo_zodiacal_virgo,144,0.5,0.5599999999999999,0.5624542124542125,0.62,0.580295280167403,0.6180000000000001,0.6727399257089659,6.2,5.0,5.0,3.8
svm,signo_zodiacal_virgo,145,0.5,0.4800000000000001,0.47897435897435897,0.6799999999999999,0.5575859213250518,0.476,0.5398505450517834,6.8,7.2,2.8,3.2
svm,signo_zodiacal_virgo,146,0.5,0.4,0.3890947940947941,0.45999999999999996,0.415918927754168,0.384,0.4945465096479028,4.6,6.6,3.4,5.4
svm,signo_zodiacal_virgo,147,0.5,0.4,0.37050505050505045,0.34,0.35127819548872175,0.362,0.4631447358111444,3.4,5.4,4.6,6.6
svm,signo_zodiacal_virgo,148,0.5,0.48,0.47131313131313135,0.45999999999999996,0.45271846282372596,0.522,0.5865075643310937,4.6,5.0,5.0,5.4
svm,signo_zodiacal_virgo,149,0.5,0.39,0.3760606060606061,0.38,0.36596825396825394,0.324,0.43923880857704384,3.8,6.0,4.0,6.2
svm,signo_zodiacal_virgo,150,0.5,0.5599999999999999,0.5497435897435897,0.6599999999999999,0.5962213438735178,0.562,0.5618284395343218,6.6,5.4,4.6,3.4
svm,signo_zodiacal_virgo,151,0.5,0.5199999999999999,0.5339438502673797,0.64,0.5697842897842897,0.522,0.5849580892963246,6.4,6.0,4.0,3.6
svm,signo_zodiacal_virgo,152,0.5,0.59,0.5794871794871794,0.7,0.6302608695652174,0.588,0.6639766693574742,7.0,5.2,4.8,3.0
svm,signo_zodiacal_virgo,153,0.5,0.45,0.4296031746031746,0.33999999999999997,0.3747987616099071,0.426,0.49880257753941964,3.4,4.4,5.6,6.6
svm,signo_zodiacal_virgo,154,0.5,0.5900000000000001,0.5805250305250305,0.6199999999999999,0.5922661804476315,0.624,0.6568145341071038,6.2,4.4,5.6,3.8
svm,signo_zodiacal_virgo,155,0.5,0.55,0.5809523809523809,0.6399999999999999,0.5810224089635854,0.5159999999999999,0.5808018627399433,6.4,5.4,4.6,3.6
svm,signo_zodiacal_virgo,156,0.5,0.43,0.4435775335775336,0.5599999999999999,0.49146744331183695,0.312,0.42231987929511144,5.6,7.0,3.0,4.4
svm,signo_zodiacal_virgo,157,0.5,0.51,0.5107142857142858,0.6199999999999999,0.5447762694821519,0.5,0.6022555207949944,6.2,6.0,4.0,3.8
svm,signo_zodiacal_virgo,158,0.5,0.49000000000000005,0.46571428571428575,0.38,0.40767325553703265,0.476,0.5744015629193647,3.8,4.0,6.0,6.2
svm,signo_zodiacal_virgo,159,0.5,0.47000000000000003,0.4754079254079254,0.5599999999999999,0.5137963485789573,0.534,0.6141777266421228,5.6,6.2,3.8,4.4
svm,signo_zodiacal_virgo,160,0.5,0.53,0.5309065934065933,0.6799999999999999,0.5879784466740989,0.5980000000000001,0.6691058294131049,6.8,6.2,3.8,3.2
svm,signo_zodiacal_virgo,161,0.5,0.51,0.5174242424242423,0.42000000000000004,0.4587301587301587,0.5279999999999999,0.5811220348279172,4.2,4.0,6.0,5.8
svm,signo_zodiacal_virgo,162,0.5,0.45,0.4517016317016317,0.52,0.4774271911663216,0.434,0.5241338851207272,5.2,6.2,3.8,4.8
svm,signo_zodiacal_virgo,163,0.5,0.65,0.6987878787878788,0.5000000000000001,0.5445021645021645,0.7060000000000001,0.737227833827679,5.0,2.0,8.0,5.0
svm,signo_zodiacal_virgo,164,0.5,0.49000000000000005,0.47174603174603175,0.38,0.41261516089689465,0.5439999999999999,0.5510993163183566,3.8,4.0,6.0,6.2
svm,signo_zodiacal_virgo,165,0.5,0.53,0.5267399267399266,0.4999999999999999,0.5075320440914733,0.5800000000000001,0.6564274614274613,5.0,4.4,5.6,5.0
svm,signo_zodiacal_virgo,166,0.5,0.6,0.5802413273001508,0.74,0.6459815546772069,0.6159999999999999,0.6514490509490509,7.4,5.4,4.6,2.6
svm,signo_zodiacal_virgo,167,0.5,0.5,0.5171428571428571,0.4,0.43165266106442574,0.538,0.6114733310205447,4.0,4.0,6.0,6.0
svm,signo_zodiacal_virgo,168,0.5,0.5199999999999999,0.5317460317460319,0.42000000000000004,0.4685242518059855,0.508,0.5765726218226218,4.2,3.8,6.2,5.8
svm,signo_zodiacal_virgo,169,0.5,0.37,0.3494017094017094,0.36,0.34794813119755913,0.354,0.48365450399273924,3.6,6.2,3.8,6.4
svm,signo_zodiacal_virgo,170,0.5,0.45999999999999996,0.4647979797979798,0.44000000000000006,0.4505597326649958,0.45199999999999996,0.5540533468079907,4.4,5.2,4.8,5.6
svm,signo_zodiacal_virgo,171,0.5,0.57,0.568939393939394,0.4,0.45515873015873015,0.588,0.6174066946125769,4.0,2.6,7.4,6.0
svm,signo_zodiacal_virgo,172,0.5,0.49000000000000005,0.4988888888888889,0.48,0.4870676691729322,0.43599999999999994,0.519127964141122,4.8,5.0,5.0,5.2
svm,signo_zodiacal_virgo,173,0.5,0.5200000000000001,0.5177045177045176,0.4600000000000001,0.457230031600741,0.446,0.5272086171482456,4.6,4.2,5.8,5.4
svm,signo_zodiacal_virgo,174,0.5,0.39,0.38066378066378065,0.36,0.3663427731539187,0.386,0.4805237261018995,3.6,5.8,4.2,6.4
svm,signo_zodiacal_virgo,175,0.5,0.45999999999999996,0.456025641025641,0.54,0.489133069828722,0.43200000000000005,0.48833444393583714,5.4,6.2,3.8,4.6
svm,signo_zodiacal_virgo,176,0.5,0.53,0.5424242424242424,0.4,0.4539915966386555,0.5379999999999999,0.6026687571114815,4.0,3.4,6.6,6.0
svm,signo_zodiacal_virgo,177,0.5,0.49000000000000005,0.49682539682539684,0.45999999999999996,0.47489445538981145,0.458,0.537684804789294,4.6,4.8,5.2,5.4
svm,signo_zodiacal_virgo,178,0.5,0.43,0.4409090909090909,0.48,0.45592390066074273,0.38599999999999995,0.5123141803157283,4.8,6.2,3.8,5.2
svm,signo_zodiacal_virgo,179,0.5,0.59,0.6204329004329004,0.52,0.5534912146676852,0.64,0.6629836629658611,5.2,3.4,6.6,4.8
svm,signo_zodiacal_virgo,180,0.5,0.49000000000000005,0.48665112665112664,0.4999999999999999,0.4898281936725872,0.4720000000000001,0.5400862287007797,5.0,5.2,4.8,5.0
svm,signo_zodiacal_virgo,181,0.5,0.5800000000000001,0.6742857142857144,0.38,0.46642533936651587,0.6519999999999999,0.7194835523953171,3.8,2.2,7.8,6.2
svm,signo_zodiacal_virgo,182,0.5,0.4800000000000001,0.47757575757575754,0.44000000000000006,0.43657142857142855,0.48600000000000004,0.540314842622118,4.4,4.8,5.2,5.6
svm,signo_zodiacal_virgo,183,0.5,0.58,0.6167110667110667,0.52,0.5426443346217205,0.5760000000000001,0.6360794832102881,5.2,3.6,6.4,4.8
svm,signo_zodiacal_virgo,184,0.5,0.51,0.5046464646464646,0.64,0.5586640727693359,0.43199999999999994,0.49861147186147187,6.4,6.2,3.8,3.6
svm,signo_zodiacal_virgo,185,0.5,0.45,0.4686868686868687,0.4,0.41383458646616533,0.366,0.5026031054428887,4.0,5.0,5.0,6.0
svm,signo_zodiacal_virgo,186,0.5,0.6,0.595944055944056,0.66,0.6253002070393373,0.5960000000000001,0.6482922267790687,6.6,4.6,5.4,3.4
svm,signo_zodiacal_virgo,187,0.5,0.56,0.5464102564102564,0.7000000000000001,0.606368974021148,0.5599999999999999,0.5956028862778088,7.0,5.8,4.2,3.0
svm,signo_zodiacal_virgo,188,0.5,0.56,0.5583333333333333,0.56,0.554978354978355,0.61,0.611921013626896,5.6,4.4,5.6,4.4
svm,signo_zodiacal_virgo,189,0.5,0.53,0.49777777777777776,0.5,0.49019822282980174,0.5619999999999999,0.5949271176020402,5.0,4.4,5.6,5.0
svm,signo_zodiacal_virgo,190,0.5,0.35,0.28358974358974354,0.3,0.2901144164759725,0.33,0.47190773442244033,3.0,6.0,4.0,7.0
svm,signo_zodiacal_virgo,191,0.5,0.41,0.4121789321789322,0.43999999999999995,0.4226065162907268,0.356,0.49103669679134077,4.4,6.2,3.8,5.6
svm,signo_zodiacal_virgo,192,0.5,0.5,0.49958041958041954,0.5,0.4954589371980676,0.544,0.6133164254046606,5.0,5.0,5.0,5.0
svm,signo_zodiacal_virgo,193,0.5,0.53,0.5501298701298701,0.5599999999999999,0.5469803921568628,0.594,0.6228100200453142,5.6,5.0,5.0,4.4
svm,signo_zodiacal_virgo,194,0.5,0.36000000000000004,0.3652924852924853,0.5,0.4160097430276458,0.246,0.39641779771655933,5.0,7.8,2.2,5.0
svm,signo_zodiacal_virgo,195,0.5,0.4600000000000001,0.4513131313131312,0.45999999999999996,0.4538497759550391,0.484,0.5396002326706661,4.6,5.4,4.6,5.4
svm,signo_zodiacal_virgo,196,0.5,0.54,0.5222222222222221,0.5599999999999999,0.5335866403977859,0.6060000000000001,0.6332947222196449,5.6,4.8,5.2,4.4
svm,signo_zodiacal_virgo,197,0.5,0.59,0.6190476190476191,0.44000000000000006,0.5116099071207431,0.614,0.6575899265852827,4.4,2.6,7.4,5.6
svm,signo_zodiacal_virgo,198,0.5,0.5,0.5916666666666667,0.36,0.4114219114219114,0.533,0.6135060768265101,3.6,3.6,6.4,6.4
svm,signo_zodiacal_virgo,199,0.5,0.48,0.48803418803418797,0.5,0.4866641240783117,0.4800000000000001,0.5828732672556203,5.0,5.4,4.6,5.0
svm,signo_zodiacal_virgo,200,0.5,0.37,0.36666666666666664,0.32,0.33992557150451885,0.372,0.4692322554466517,3.2,5.8,4.2,6.8
svm,signo_zodiacal_virgo,201,0.5,0.45,0.4461471861471861,0.4,0.4036543848308554,0.40800000000000003,0.49444436162392813,4.0,5.0,5.0,6.0
svm,signo_zodiacal_virgo,202,0.5,0.43999999999999995,0.4284848484848485,0.42000000000000004,0.4204761904761905,0.4130000000000001,0.4794751082251082,4.2,5.4,4.6,5.8
svm,signo_zodiacal_virgo,203,0.5,0.5700000000000001,0.5681478652066886,0.6599999999999999,0.5984962406015037,0.55,0.5991091239342012,6.6,5.2,4.8,3.4
svm,signo_zodiacal_virgo,204,0.5,0.4800000000000001,0.4901948051948052,0.44000000000000006,0.46046685340802984,0.49799999999999994,0.5661293422779491,4.4,4.8,5.2,5.6
svm,signo_zodiacal_virgo,205,0.5,0.53,0.5299145299145298,0.54,0.5322654462242562,0.534,0.6454919530933463,5.4,4.8,5.2,4.6
svm,signo_zodiacal_virgo,206,0.5,0.5299999999999999,0.5386013986013986,0.6200000000000001,0.5729772256728778,0.53,0.6087844573726926,6.2,5.6,4.4,3.8
svm,signo_zodiacal_virgo,207,0.5,0.44000000000000006,0.45494505494505494,0.58,0.49487577639751557,0.46799999999999997,0.5614960625889418,5.8,7.0,3.0,4.2
svm,signo_zodiacal_virgo,208,0.5,0.58,0.5702020202020203,0.6200000000000001,0.5922761449077238,0.5700000000000001,0.6079482625217919,6.2,4.6,5.4,3.8
svm,signo_zodiacal_virgo,209,0.5,0.49000000000000005,0.47603174603174603,0.32,0.3750788736547251,0.516,0.5977048939192902,3.2,3.4,6.6,6.8
svm,signo_zodiacal_virgo,210,0.5,0.5900000000000001,0.5932983682983684,0.6,0.5924993643529113,0.6039999999999999,0.6495031983840034,6.0,4.2,5.8,4.0
svm,signo_zodiacal_virgo,211,0.5,0.49000000000000005,0.49007326007326,0.58,0.5246910020925366,0.496,0.536383180716772,5.8,6.0,4.0,4.2
svm,signo_zodiacal_virgo,212,0.5,0.54,0.5441958041958042,0.6399999999999999,0.5863768115942029,0.533,0.5868531370590194,6.4,5.6,4.4,3.6
svm,signo_zodiacal_virgo,213,0.5,0.52,0.5222222222222221,0.4600000000000001,0.4883040935672514,0.44799999999999995,0.5239580703094635,4.6,4.2,5.8,5.4
svm,signo_zodiacal_virgo,214,0.5,0.54,0.54,0.76,0.6229004329004328,0.49799999999999994,0.5444987055428232,7.6,6.8,3.2,2.4
svm,signo_zodiacal_virgo,215,0.5,0.44000000000000006,0.43170163170163167,0.48,0.44720496894409933,0.466,0.5441063740181387,4.8,6.0,4.0,5.2
svm,signo_zodiacal_virgo,216,0.5,0.45,0.36818181818181817,0.38,0.37301587301587297,0.39,0.46581238369473665,3.8,4.8,5.2,6.2
svm,signo_zodiacal_virgo,217,0.5,0.5,0.47807692307692307,0.36,0.39127329192546584,0.4760000000000001,0.5278605577429107,3.6,3.6,6.4,6.4
svm,signo_zodiacal_virgo,218,0.5,0.54,0.5388888888888889,0.6200000000000001,0.5699668752300331,0.554,0.6553738765534429,6.2,5.4,4.6,3.8
svm,signo_zodiacal_virgo,219,0.5,0.45,0.4476165501165501,0.58,0.500161596857249,0.44800000000000006,0.5084323525631576,5.8,6.8,3.2,4.2
svm,signo_zodiacal_virgo,220,0.5,0.44000000000000006,0.38864468864468865,0.38,0.3632926749295036,0.398,0.5080444663695437,3.8,5.0,5.0,6.2
svm,signo_zodiacal_virgo,221,0.5,0.51,0.502972582972583,0.6,0.5418345864661653,0.5820000000000001,0.6337919647432031,6.0,5.8,4.2,4.0
svm,signo_zodiacal_virgo,222,0.5,0.44000000000000006,0.43321678321678325,0.42000000000000004,0.42180814354727403,0.48200000000000004,0.5470272494962897,4.2,5.4,4.6,5.8
svm,signo_zodiacal_virgo,223,0.5,0.5900000000000001,0.6107503607503608,0.5,0.5450574966828837,0.5880000000000001,0.6425573360248282,5.0,3.2,6.8,5.0
svm,signo_zodiacal_virgo,224,0.5,0.45,0.44980519480519476,0.4600000000000001,0.4498412698412698,0.364,0.472852040546313,4.6,5.6,4.4,5.4
svm,signo_zodiacal_virgo,225,0.5,0.5,0.4958823529411764,0.6599999999999999,0.5616969696969697,0.45,0.4899688526128155,6.6,6.6,3.4,3.4
svm,signo_zodiacal_virgo,226,0.5,0.43,0.4102564102564103,0.42000000000000004,0.40643704121964996,0.392,0.4591121455943437,4.2,5.6,4.4,5.8
svm,signo_zodiacal_virgo,227,0.5,0.45,0.4561771561771561,0.5599999999999999,0.5016092603049126,0.446,0.5376156610847014,5.6,6.6,3.4,4.4
svm,signo_zodiacal_virgo,228,0.5,0.6599999999999999,0.7,0.5599999999999999,0.6066666666666667,0.726,0.7371720958779782,5.6,2.4,7.6,4.4
svm,signo_zodiacal_virgo,229,0.5,0.45999999999999996,0.46581196581196577,0.45999999999999996,0.4606407322654462,0.4,0.4907004148242538,4.6,5.4,4.6,5.4
svm,signo_zodiacal_virgo,230,0.5,0.54,0.5366666666666667,0.52,0.5202525252525253,0.572,0.6393669185991168,5.2,4.4,5.6,4.8
svm,signo_zodiacal_virgo,231,0.5,0.44000000000000006,0.37254901960784315,0.43999999999999995,0.3950026581605529,0.41,0.5170042436923242,4.4,5.6,4.4,5.6
svm,signo_zodiacal_virgo,232,0.5,0.53,0.5255011655011655,0.5599999999999999,0.5245740438051651,0.44700000000000006,0.5140539260361241,5.6,5.0,5.0,4.4
svm,signo_zodiacal_virgo,233,0.5,0.5000000000000001,0.508986568986569,0.58,0.5310039933593576,0.532,0.5560175730702046,5.8,5.8,4.2,4.2
svm,signo_zodiacal_virgo,234,0.5,0.4,0.40914862914862915,0.38,0.3829416187527642,0.38499999999999995,0.5218002024635151,3.8,5.8,4.2,6.2
svm,signo_zodiacal_virgo,235,0.5,0.53,0.5357142857142857,0.41999999999999993,0.46301247771836007,0.536,0.5954463118580764,4.2,3.6,6.4,5.8
svm,signo_zodiacal_virgo,236,0.5,0.41000000000000003,0.41162587412587415,0.5,0.4469607686998991,0.374,0.4862059621664884,5.0,6.8,3.2,5.0
svm,signo_zodiacal_virgo,237,0.5,0.4800000000000001,0.4909090909090909,0.4,0.43301587301587297,0.43,0.5105660106147722,4.0,4.4,5.6,6.0
svm,signo_zodiacal_virgo,238,0.5,0.48,0.49142857142857144,0.42000000000000004,0.43547619047619046,0.492,0.5406501743870165,4.2,4.6,5.4,5.8
svm,signo_zodiacal_virgo,239,0.5,0.6,0.6414285714285715,0.44000000000000006,0.5192156862745099,0.6280000000000001,0.6760768588137009,4.4,2.4,7.6,5.6
svm,signo_zodiacal_virgo,240,0.5,0.55,0.5606060606060607,0.52,0.5333333333333333,0.558,0.5958092081636973,5.2,4.2,5.8,4.8
svm,signo_zodiacal_virgo,241,0.5,0.5599999999999999,0.5976190476190476,0.4,0.46676721970839613,0.55,0.6407066728421217,4.0,2.8,7.2,6.0
svm,signo_zodiacal_virgo,242,0.5,0.48,0.49120879120879113,0.6,0.5299086676324529,0.46799999999999997,0.4995451019568666,6.0,6.4,3.6,4.0
svm,signo_zodiacal_virgo,243,0.5,0.45999999999999996,0.47111111111111104,0.36,0.4034210526315789,0.488,0.5959101819233398,3.6,4.4,5.6,6.4
svm,signo_zodiacal_virgo,244,0.5,0.4,0.40939393939393937,0.36000000000000004,0.3734153565732513,0.36200000000000004,0.4805464654025025,3.6,5.6,4.4,6.4
svm,signo_zodiacal_virgo,245,0.5,0.5,0.4999999999999999,0.5,0.490463458110517,0.5640000000000001,0.6735036922142186,5.0,5.0,5.0,5.0
svm,signo_zodiacal_virgo,246,0.5,0.5700000000000001,0.59,0.58,0.5708571428571428,0.596,0.6380420772038418,5.8,4.4,5.6,4.2
svm,signo_zodiacal_virgo,247,0.5,0.44000000000000006,0.42621212121212115,0.36,0.3794155844155844,0.43200000000000005,0.5115193062871082,3.6,4.8,5.2,6.4
svm,signo_zodiacal_virgo,248,0.5,0.48,0.4661172161172161,0.6,0.5163417145514332,0.41200000000000003,0.5034940255822609,6.0,6.4,3.6,4.0
svm,signo_zodiacal_virgo,249,0.5,0.49000000000000005,0.5014957264957265,0.6,0.5410491110719944,0.48200000000000004,0.556996838558758,6.0,6.2,3.8,4.0
svm,signo_zodiacal_virgo,250,0.5,0.5700000000000001,0.5596703296703296,0.6,0.5634782608695652,0.63,0.6582587767409749,6.0,4.6,5.4,4.0
svm,signo_zodiacal_virgo,251,0.5,0.5,0.4866666666666667,0.5,0.48969696969696963,0.466,0.5745758232995074,5.0,5.0,5.0,5.0
svm,signo_zodiacal_virgo,252,0.5,0.47000000000000003,0.5059829059829061,0.4,0.4379862700228833,0.458,0.5789274701906282,4.0,4.6,5.4,6.0
svm,signo_zodiacal_virgo,253,0.5,0.48,0.4967748917748918,0.32,0.3727616174674998,0.534,0.614515068866462,3.2,3.6,6.4,6.8
svm,signo_zodiacal_virgo,254,0.5,0.42000000000000004,0.41477411477411474,0.48,0.43805581729259213,0.45199999999999996,0.5483310974371346,4.8,6.4,3.6,5.2
svm,signo_zodiacal_virgo,255,0.5,0.44000000000000006,0.4429632459044224,0.5,0.4594644662756118,0.476,0.5675023881347411,5.0,6.2,3.8,5.0
svm,signo_zodiacal_virgo,256,0.5,0.43,0.42103386809269167,0.52,0.4591630591630592,0.27999999999999997,0.40791878752482463,5.2,6.6,3.4,4.8
svm,signo_zodiacal_virgo,257,0.5,0.51,0.5033766233766234,0.56,0.5276190476190475,0.5289999999999999,0.5788621531547229,5.6,5.4,4.6,4.4
svm,signo_zodiacal_virgo,258,0.5,0.45,0.4701373626373626,0.58,0.5146488294314382,0.42400000000000004,0.5514266783268331,5.8,6.8,3.2,4.2
svm,signo_zodiacal_virgo,259,0.5,0.5,0.4901587301587301,0.4,0.43550051599587203,0.518,0.6089250369513527,4.0,4.0,6.0,6.0
svm,signo_zodiacal_virgo,260,0.5,0.47000000000000003,0.47605866355866355,0.6,0.5251946756523415,0.45199999999999996,0.5218457571839925,6.0,6.6,3.4,4.0
svm,signo_zodiacal_virgo,261,0.5,0.54,0.5700000000000001,0.36,0.4148429348429348,0.47400000000000003,0.5568128811333145,3.6,2.8,7.2,6.4
svm,signo_zodiacal_virgo,262,0.5,0.39,0.386969696969697,0.44000000000000006,0.4078730158730159,0.42000000000000004,0.5163956696897873,4.4,6.6,3.4,5.6
svm,signo_zodiacal_virgo,263,0.5,0.35,0.328021978021978,0.42000000000000004,0.3679841897233202,0.33999999999999997,0.47946008832928333,4.2,7.2,2.8,5.8
svm,signo_zodiacal_virgo,264,0.5,0.5700000000000001,0.5967171717171718,0.48,0.5172932330827067,0.566,0.5865169819860222,4.8,3.4,6.6,5.2
svm,signo_zodiacal_virgo,265,0.5,0.52,0.5138034188034188,0.44000000000000006,0.44700228832951944,0.5399999999999999,0.5594877138685188,4.4,4.0,6.0,5.6
svm,signo_zodiacal_virgo,266,0.5,0.5399999999999999,0.5633333333333332,0.42000000000000004,0.4522698354277302,0.4960000000000001,0.6459378446630768,4.2,3.4,6.6,5.8
svm,signo_zodiacal_virgo,267,0.5,0.48,0.4841569541569541,0.58,0.5244604792613946,0.48600000000000004,0.542774852598382,5.8,6.2,3.8,4.2
svm,signo_zodiacal_virgo,268,0.5,0.38,0.3883333333333333,0.4,0.3921212121212121,0.39,0.5214413570605521,4.0,6.4,3.6,6.0
svm,signo_zodiacal_virgo,269,0.5,0.4699999999999999,0.4688888888888888,0.5199999999999999,0.4904010025062656,0.42000000000000004,0.49560087031991057,5.2,5.8,4.2,4.8
svm,signo_zodiacal_virgo,270,0.5,0.4800000000000001,0.48761655011655014,0.64,0.5512929099885622,0.48600000000000004,0.5683875214053232,6.4,6.8,3.2,3.6
svm,signo_zodiacal_virgo,271,0.5,0.5700000000000001,0.5992424242424244,0.52,0.5475108225108226,0.65,0.6879104565884752,5.2,3.8,6.2,4.8
svm,signo_zodiacal_virgo,272,0.5,0.48,0.4666666666666666,0.38,0.41186868686868683,0.47800000000000004,0.5607570028011204,3.8,4.2,5.8,6.2
svm,signo_zodiacal_virgo,273,0.5,0.48,0.45619047619047615,0.34,0.38618507051943585,0.42400000000000004,0.500837101237256,3.4,3.8,6.2,6.6
svm,signo_zodiacal_virgo,274,0.5,0.49000000000000005,0.46718614718614704,0.48,0.4626200796107917,0.472,0.5345200045052986,4.8,5.0,5.0,5.2
svm,signo_zodiacal_virgo,275,0.5,0.4600000000000001,0.4674902874902875,0.6199999999999999,0.5257591805600959,0.42200000000000004,0.48026352508860254,6.2,7.0,3.0,3.8
svm,signo_zodiacal_virgo,276,0.5,0.6300000000000001,0.6416666666666666,0.5599999999999999,0.5899521531100479,0.6000000000000002,0.677905243449361,5.6,3.0,7.0,4.4
svm,signo_zodiacal_virgo,277,0.5,0.36,0.36708180708180704,0.38,0.3640617848970252,0.386,0.5170690473956727,3.8,6.6,3.4,6.2
svm,signo_zodiacal_virgo,278,0.5,0.6300000000000001,0.6164957264957265,0.7,0.6523777824006658,0.5820000000000001,0.5969860602933358,7.0,4.4,5.6,3.0
svm,signo_zodiacal_virgo,279,0.5,0.45000000000000007,0.45489510489510493,0.58,0.5072290028811768,0.42400000000000004,0.5177339729414033,5.8,6.8,3.2,4.2
svm,signo_zodiacal_virgo,280,0.5,0.42000000000000004,0.4022222222222222,0.34,0.3602711323763955,0.426,0.48460822467865816,3.4,5.0,5.0,6.6
svm,signo_zodiacal_virgo,281,0.5,0.48,0.4765811965811966,0.5399999999999999,0.5026163234172387,0.51,0.5522711907975065,5.4,5.8,4.2,4.6
svm,signo_zodiacal_virgo,282,0.5,0.48999999999999994,0.47424242424242424,0.45999999999999996,0.4629148629148629,0.546,0.614608428121586,4.6,4.8,5.2,5.4
svm,signo_zodiacal_virgo,283,0.5,0.42000000000000004,0.3557575757575758,0.28,0.3042857142857143,0.306,0.4380626730510631,2.8,4.4,5.6,7.2
svm,signo_zodiacal_virgo,284,0.5,0.43000000000000005,0.40714285714285714,0.32,0.3553921568627451,0.36,0.4507681244623969,3.2,4.6,5.4,6.8
svm,signo_zodiacal_virgo,285,0.5,0.54,0.5504329004329004,0.5199999999999999,0.5296315655448782,0.5269999999999999,0.6140961559080753,5.2,4.4,5.6,4.8
svm,signo_zodiacal_virgo,286,0.5,0.44000000000000006,0.43813131313131315,0.45999999999999996,0.44611528822055135,0.484,0.5354787114330458,4.6,5.8,4.2,5.4
svm,signo_zodiacal_virgo,287,0.5,0.51,0.5018759018759018,0.5599999999999999,0.5261562998405104,0.53,0.5829753753298644,5.6,5.4,4.6,4.4
svm,signo_zodiacal_virgo,288,0.5,0.37,0.346031746031746,0.30000000000000004,0.3207430340557275,0.34,0.4494529653353182,3.0,5.6,4.4,7.0
svm,signo_zodiacal_virgo,289,0.5,0.49000000000000005,0.495970695970696,0.45999999999999996,0.47333423071745867,0.45600000000000007,0.5528241338125239,4.6,4.8,5.2,5.4
svm,signo_zodiacal_virgo,290,0.5,0.5599999999999999,0.5515151515151515,0.66,0.5997835497835498,0.572,0.5982754898180593,6.6,5.4,4.6,3.4
svm,signo_zodiacal_virgo,291,0.5,0.4600000000000001,0.4609523809523809,0.42000000000000004,0.4290065359477124,0.45600000000000007,0.5229023954201973,4.2,5.0,5.0,5.8
svm,signo_zodiacal_virgo,292,0.5,0.43000000000000005,0.40499999999999997,0.44000000000000006,0.41457575757575754,0.5,0.5716148459383753,4.4,5.8,4.2,5.6
svm,signo_zodiacal_virgo,293,0.5,0.47000000000000003,0.5077200577200577,0.36,0.41007420512064474,0.4119999999999999,0.5228291075969095,3.6,4.2,5.8,6.4
svm,signo_zodiacal_virgo,294,0.5,0.5900000000000001,0.598974358974359,0.58,0.5799538866930171,0.6319999999999999,0.6257996611231905,5.8,4.0,6.0,4.2
svm,signo_zodiacal_virgo,295,0.5,0.52,0.5276190476190477,0.4800000000000001,0.4984132345123057,0.479,0.5309385238944062,4.8,4.4,5.6,5.2
svm,signo_zodiacal_virgo,296,0.5,0.45999999999999996,0.47857142857142854,0.4,0.4268716577540107,0.45600000000000007,0.5340810006986477,4.0,4.8,5.2,6.0
svm,signo_zodiacal_virgo,297,0.5,0.47000000000000003,0.4723076923076923,0.5599999999999999,0.5105383022774327,0.44800000000000006,0.5368049542476787,5.6,6.2,3.8,4.4
svm,signo_zodiacal_virgo,298,0.5,0.57,0.5576923076923077,0.7200000000000001,0.6277997364953887,0.57,0.5926531883149531,7.2,5.8,4.2,2.8
svm,signo_zodiacal_virgo,299,0.5,0.5399999999999999,0.5297435897435897,0.72,0.6098840579710145,0.546,0.5969248986307809,7.2,6.4,3.6,2.8
svm,signo_zodiacal_virgo,300,0.5,0.44000000000000006,0.4541991341991342,0.6,0.5144761904761905,0.4539999999999999,0.5653837993791553,6.0,7.2,2.8,4.0
svm,signo_zodiacal_virgo,301,0.5,0.48,0.495,0.56,0.5142279942279944,0.49399999999999994,0.592357107546736,5.6,6.0,4.0,4.4
svm,signo_zodiacal_virgo,302,0.5,0.58,0.5709090909090909,0.6799999999999999,0.6119434951013899,0.616,0.6699816937448515,6.8,5.2,4.8,3.2
svm,signo_zodiacal_virgo,303,0.5,0.61,0.6021212121212121,0.6599999999999999,0.6291774891774892,0.612,0.6518073311277646,6.6,4.4,5.6,3.4
svm,signo_zodiacal_virgo,304,0.5,0.52,0.5338888888888889,0.54,0.5150652271704903,0.42400000000000004,0.5379755916598021,5.4,5.0,5.0,4.6
svm,signo_zodiacal_virgo,305,0.5,0.49000000000000005,0.5041176470588236,0.52,0.49594276094276085,0.532,0.5817271533935621,5.2,5.4,4.6,4.8
svm,signo_zodiacal_virgo,306,0.5,0.58,0.5824242424242424,0.54,0.5556015037593985,0.576,0.6170895944440835,5.4,3.8,6.2,4.6
svm,signo_zodiacal_virgo,307,0.5,0.58,0.5613986013986014,0.74,0.6360880858272162,0.6020000000000001,0.5945023689760531,7.4,5.8,4.2,2.6
svm,signo_zodiacal_virgo,308,0.5,0.53,0.5533333333333333,0.38,0.44030075187969925,0.618,0.6604631644585204,3.8,3.2,6.8,6.2
svm,signo_zodiacal_virgo,309,0.5,0.53,0.5290909090909091,0.58,0.550952380952381,0.522,0.5701939073997898,5.8,5.2,4.8,4.2
svm,signo_zodiacal_virgo,310,0.5,0.54,0.5832972582972583,0.52,0.5389933166248955,0.572,0.6214861249861249,5.2,4.4,5.6,4.8
svm,signo_zodiacal_virgo,311,0.5,0.55,0.5460567210567211,0.54,0.5376266753841124,0.616,0.6703696848387249,5.4,4.4,5.6,4.6
svm,signo_zodiacal_virgo,312,0.5,0.43999999999999995,0.4473809523809524,0.5,0.46848484848484845,0.422,0.507294844044844,5.0,6.2,3.8,5.0
svm,signo_zodiacal_virgo,313,0.5,0.52,0.5271306471306472,0.5399999999999999,0.5253358460088842,0.5760000000000001,0.6650637211945261,5.4,5.0,5.0,4.6
svm,signo_zodiacal_virgo,314,0.5,0.44000000000000006,0.43397435897435893,0.42000000000000004,0.4170750988142292,0.404,0.489691502511936,4.2,5.4,4.6,5.8
svm,signo_zodiacal_virgo,315,0.5,0.51,0.4782251082251082,0.54,0.5025757575757576,0.492,0.531906858019861,5.4,5.2,4.8,4.6
svm,signo_zodiacal_virgo,316,0.5,0.53,0.5444444444444445,0.44000000000000006,0.4830409356725146,0.6050000000000001,0.6053118707058335,4.4,3.8,6.2,5.6
svm,signo_zodiacal_virgo,317,0.5,0.5,0.4942857142857142,0.62,0.5455011655011655,0.49399999999999994,0.5608496025818006,6.2,6.2,3.8,3.8
svm,signo_zodiacal_virgo,318,0.5,0.5900000000000001,0.6170995670995671,0.52,0.561423165757531,0.6050000000000001,0.6512775988201684,5.2,3.4,6.6,4.8
svm,signo_zodiacal_virgo,319,0.5,0.54,0.5595238095238095,0.45999999999999996,0.49957782155924574,0.608,0.680124098124098,4.6,3.8,6.2,5.4
svm,signo_zodiacal_virgo,320,0.5,0.36,0.36946275946275947,0.4,0.37999745741164503,0.304,0.45440273984701224,4.0,6.8,3.2,6.0
svm,signo_zodiacal_virgo,321,0.5,0.42000000000000004,0.44571428571428573,0.6,0.5086666666666667,0.42400000000000004,0.5360166074036042,6.0,7.6,2.4,4.0
svm,signo_zodiacal_virgo,322,0.5,0.54,0.5587301587301587,0.42000000000000004,0.4656145711873266,0.55,0.6211150750694093,4.2,3.4,6.6,5.8
svm,signo_zodiacal_virgo,323,0.5,0.5399999999999999,0.5506410256410257,0.52,0.5306636155606407,0.542,0.5618056485997662,5.2,4.4,5.6,4.8
svm,signo_zodiacal_virgo,324,0.5,0.44000000000000006,0.42936507936507934,0.27999999999999997,0.3328566514325028,0.40800000000000003,0.5129380723335831,2.8,4.0,6.0,7.2
svm,signo_zodiacal_virgo,325,0.5,0.5,0.5016983016983018,0.62,0.5532091097308488,0.476,0.5270167050871385,6.2,6.2,3.8,3.8
svm,signo_zodiacal_virgo,326,0.5,0.5,0.4983766233766234,0.45999999999999996,0.4730498259910024,0.5279999999999999,0.562834635093149,4.6,4.6,5.4,5.4
svm,signo_zodiacal_virgo,327,0.5,0.37,0.37268065268065265,0.4,0.38440013076168683,0.374,0.4697852039601266,4.0,6.6,3.4,6.0
svm,signo_zodiacal_virgo,328,0.5,0.47000000000000003,0.4683333333333334,0.6199999999999999,0.5277575757575759,0.492,0.5565011185924498,6.2,6.8,3.2,3.8
svm,signo_zodiacal_virgo,329,0.5,0.44000000000000006,0.44935064935064933,0.5599999999999999,0.49718614718614723,0.45,0.5575000210487826,5.6,6.8,3.2,4.4
svm,signo_zodiacal_virgo,330,0.5,0.5399999999999999,0.5505036630036629,0.6599999999999999,0.5845039018952062,0.548,0.599359871123029,6.6,5.8,4.2,3.4
svm,signo_zodiacal_virgo,331,0.5,0.56,0.5676190476190476,0.54,0.5499572460563172,0.5680000000000001,0.6056012398334379,5.4,4.2,5.8,4.6
svm,signo_zodiacal_virgo,332,0.5,0.53,0.5575396825396826,0.41999999999999993,0.4762641898864809,0.541,0.6159147247661179,4.2,3.6,6.4,5.8
svm,signo_zodiacal_virgo,333,0.5,0.4800000000000001,0.48,0.45999999999999996,0.46947368421052627,0.492,0.5708652889078586,4.6,5.0,5.0,5.4
svm,signo_zodiacal_virgo,334,0.5,0.4800000000000001,0.4866666666666667,0.56,0.5112085561497326,0.508,0.5666135514811985,5.6,6.0,4.0,4.4
svm,signo_zodiacal_virgo,335,0.5,0.6,0.6032478632478633,0.6199999999999999,0.6091075514874141,0.618,0.6838177641072378,6.2,4.2,5.8,3.8
svm,signo_zodiacal_virgo,336,0.5,0.4800000000000001,0.4767399267399267,0.5,0.4832364566379912,0.49399999999999994,0.5668362738053141,5.0,5.4,4.6,5.0
svm,signo_zodiacal_virgo,337,0.5,0.51,0.5165079365079365,0.38,0.43166150670794634,0.45200000000000007,0.5154211915535445,3.8,3.6,6.4,6.2
svm,signo_zodiacal_virgo,338,0.5,0.48999999999999994,0.5028205128205128,0.6,0.5455335968379447,0.4,0.4838279879734988,6.0,6.2,3.8,4.0
svm,signo_zodiacal_virgo,339,0.5,0.5900000000000001,0.5961904761904762,0.42000000000000004,0.4706295149638803,0.638,0.6652754914504141,4.2,2.4,7.6,5.8
svm,signo_zodiacal_virgo,340,0.5,0.47000000000000003,0.44896019013666066,0.52,0.47296017822333614,0.49000000000000005,0.5470757467506693,5.2,5.8,4.2,4.8
svm,signo_zodiacal_virgo,341,0.5,0.5599999999999999,0.5774747474747475,0.45999999999999996,0.49192982456140344,0.578,0.6173432478254459,4.6,3.4,6.6,5.4
svm,signo_zodiacal_virgo,342,0.5,0.49000000000000005,0.4943084693084693,0.48,0.4821401329410483,0.47000000000000003,0.5486564360991606,4.8,5.0,5.0,5.2
svm,signo_zodiacal_virgo,343,0.5,0.5,0.5102175602175603,0.52,0.5107115615124769,0.472,0.54120620109165,5.2,5.2,4.8,4.8
svm,signo_zodiacal_virgo,344,0.5,0.53,0.5407936507936508,0.48,0.5033549113425274,0.5090000000000001,0.5455194778561652,4.8,4.2,5.8,5.2
svm,signo_zodiacal_virgo,345,0.5,0.51,0.5032478632478632,0.58,0.53192945473037,0.514,0.5696627692053389,5.8,5.6,4.4,4.2
svm,signo_zodiacal_virgo,346,0.5,0.47000000000000003,0.4688888888888888,0.42000000000000004,0.4419883040935672,0.476,0.5129202278629523,4.2,4.8,5.2,5.8
svm,signo_zodiacal_virgo,347,0.5,0.53,0.5238095238095238,0.38,0.43509803921568624,0.504,0.6027740639992961,3.8,3.2,6.8,6.2
svm,signo_zodiacal_virgo,348,0.5,0.45999999999999996,0.4498051948051948,0.34,0.36487394957983194,0.462,0.5508047518357115,3.4,4.2,5.8,6.6
svm,signo_zodiacal_virgo,349,0.5,0.45,0.46341880341880337,0.48,0.4606109839816933,0.5200000000000001,0.6178057324512433,4.8,5.8,4.2,5.2
svm,signo_zodiacal_virgo,350,0.5,0.51,0.5134498834498834,0.52,0.5125160727906724,0.534,0.6103512772057662,5.2,5.0,5.0,4.8
svm,signo_zodiacal_virgo,351,0.5,0.51,0.5075147075147075,0.58,0.5374577748719626,0.518,0.5787307039365863,5.8,5.6,4.4,4.2
svm,signo_zodiacal_virgo,352,0.5,0.47000000000000003,0.4611111111111111,0.6199999999999999,0.523011085024815,0.462,0.5175866078366079,6.2,6.8,3.2,3.8
svm,signo_zodiacal_virgo,353,0.5,0.45999999999999996,0.46719457013574656,0.62,0.5303762260284,0.514,0.5847565973757924,6.2,7.0,3.0,3.8
svm,signo_zodiacal_virgo,354,0.5,0.45,0.4545454545454545,0.4999999999999999,0.45703933747412007,0.395,0.4810098436994722,5.0,6.0,4.0,5.0
svm,signo_zodiacal_virgo,355,0.5,0.4600000000000001,0.4704462204462204,0.5399999999999999,0.4984315201706506,0.42600000000000005,0.5195763495190739,5.4,6.2,3.8,4.6
svm,signo_zodiacal_virgo,356,0.5,0.5700000000000001,0.5698412698412698,0.5,0.5250985083028427,0.636,0.6638544511044511,5.0,3.6,6.4,5.0
svm,signo_zodiacal_virgo,357,0.5,0.45,0.44987012987012986,0.3,0.35324929971988794,0.45199999999999996,0.5400101389838231,3.0,4.0,6.0,7.0
svm,signo_zodiacal_virgo,358,0.5,0.38,0.38808080808080814,0.34,0.35353383458646614,0.34,0.44926023469134924,3.4,5.8,4.2,6.6
svm,signo_zodiacal_virgo,359,0.5,0.4800000000000001,0.4714285714285714,0.28,0.34435107376283847,0.45999999999999996,0.5521961849639868,2.8,3.2,6.8,7.2
svm,signo_zodiacal_virgo,360,0.5,0.53,0.5226190476190476,0.5599999999999999,0.5316993464052288,0.5319999999999999,0.578707069074716,5.6,5.0,5.0,4.4
svm,signo_zodiacal_virgo,361,0.5,0.52,0.5277344877344877,0.6,0.5571679197994988,0.5640000000000001,0.643777547014389,6.0,5.6,4.4,4.0
svm,signo_zodiacal_virgo,362,0.5,0.5,0.51,0.5399999999999999,0.5083636363636364,0.49499999999999994,0.5364919796405865,5.4,5.4,4.6,4.6
svm,signo_zodiacal_virgo,363,0.5,0.48999999999999994,0.5081349206349207,0.5,0.49376041914741603,0.5119999999999999,0.5959429828857072,5.0,5.2,4.8,5.0
svm,signo_zodiacal_virgo,364,0.5,0.5700000000000001,0.5558441558441558,0.6799999999999999,0.6095238095238095,0.5820000000000001,0.6052967098261216,6.8,5.4,4.6,3.2
svm,signo_zodiacal_virgo,365,0.5,0.36999999999999994,0.3941558441558442,0.5,0.4398268398268398,0.344,0.4619006961390862,5.0,7.6,2.4,5.0
svm,signo_zodiacal_virgo,366,0.5,0.51,0.5236496836496837,0.58,0.5404710753866764,0.48,0.5241377947817576,5.8,5.6,4.4,4.2
svm,signo_zodiacal_virgo,367,0.5,0.53,0.5511111111111112,0.32,0.39859649122807017,0.492,0.5599913832297733,3.2,2.6,7.4,6.8
svm,signo_zodiacal_virgo,368,0.5,0.5599999999999999,0.586111111111111,0.4600000000000001,0.5097076023391813,0.5319999999999999,0.5836235725059253,4.6,3.4,6.6,5.4
svm,signo_zodiacal_virgo,369,0.5,0.4800000000000001,0.45476190476190476,0.32,0.3697478991596639,0.45200000000000007,0.5741312874432069,3.2,3.6,6.4,6.8
svm,signo_zodiacal_virgo,370,0.5,0.59,0.5695970695970696,0.74,0.6429512516469038,0.554,0.5543184305374707,7.4,5.6,4.4,2.6
svm,signo_zodiacal_virgo,371,0.5,0.54,0.5066666666666666,0.47999999999999987,0.4825279106858054,0.558,0.597663882471158,4.8,4.0,6.0,5.2
svm,signo_zodiacal_virgo,372,0.5,0.61,0.5978787878787879,0.72,0.6513939393939394,0.6020000000000001,0.643246761408526,7.2,5.0,5.0,2.8
svm,signo_zodiacal_virgo,373,0.5,0.47000000000000003,0.4759090909090909,0.4,0.4302380952380952,0.5240000000000001,0.6039682898800546,4.0,4.6,5.4,6.0
svm,signo_zodiacal_virgo,374,0.5,0.58,0.5792568542568542,0.5,0.5329893360853114,0.55,0.6103201602319249,5.0,3.4,6.6,5.0
svm,signo_zodiacal_virgo,375,0.5,0.5,0.5087301587301587,0.5,0.4998137053864607,0.548,0.5697925456896045,5.0,5.0,5.0,5.0
svm,signo_zodiacal_virgo,376,0.5,0.44000000000000006,0.4334188034188034,0.44000000000000006,0.43052007489078425,0.49399999999999994,0.5972630631322582,4.4,5.6,4.4,5.6
svm,signo_zodiacal_virgo,377,0.5,0.45,0.4466991341991342,0.5599999999999999,0.49209562367457094,0.458,0.5225796313249873,5.6,6.6,3.4,4.4
svm,signo_zodiacal_virgo,378,0.5,0.38,0.37934731934731936,0.39999999999999997,0.3875580254985289,0.33799999999999997,0.46309652482020897,4.0,6.4,3.6,6.0
svm,signo_zodiacal_virgo,379,0.5,0.5199999999999999,0.5382539682539682,0.38,0.44147230822153416,0.502,0.5627701285642461,3.8,3.4,6.6,6.2
svm,signo_zodiacal_virgo,380,0.5,0.54,0.5565079365079365,0.43999999999999995,0.48464396284829714,0.508,0.6043619056382215,4.4,3.6,6.4,5.6
svm,signo_zodiacal_virgo,381,0.5,0.45,0.46571428571428564,0.48,0.45112265512265515,0.45,0.5393879551820728,4.8,5.8,4.2,5.2
svm,signo_zodiacal_virgo,382,0.5,0.4600000000000001,0.48999999999999994,0.38,0.4151879699248121,0.5,0.5835988009238784,3.8,4.6,5.4,6.2
svm,signo_zodiacal_virgo,383,0.5,0.6599999999999999,0.6795238095238095,0.62,0.6427507270850924,0.728,0.7529381888321516,6.2,3.0,7.0,3.8
svm,signo_zodiacal_virgo,384,0.5,0.54,0.5415306915306916,0.5799999999999998,0.5567812812664071,0.504,0.5331642052477965,5.8,5.0,5.0,4.2
svm,signo_zodiacal_virgo,385,0.5,0.38,0.31662337662337664,0.26,0.2806508919357217,0.362,0.47140900052819557,2.6,5.0,5.0,7.4
svm,signo_zodiacal_virgo,386,0.5,0.45,0.4444444444444445,0.52,0.4772831287705429,0.422,0.5122967953099533,5.2,6.2,3.8,4.8
svm,signo_zodiacal_virgo,387,0.5,0.4800000000000001,0.49833333333333335,0.6,0.5372929292929294,0.5,0.595157104161748,6.0,6.4,3.6,4.0
svm,signo_zodiacal_virgo,388,0.5,0.56,0.5636980666392432,0.68,0.6097881946852197,0.522,0.5563164711105888,6.8,5.6,4.4,3.2
svm,signo_zodiacal_virgo,389,0.5,0.5599999999999999,0.5525252525252525,0.58,0.5651629072681704,0.5599999999999999,0.617807210763093,5.8,4.6,5.4,4.2
svm,signo_zodiacal_virgo,390,0.5,0.5599999999999999,0.5487734487734487,0.64,0.5862155388471179,0.5740000000000001,0.6129306500173373,6.4,5.2,4.8,3.6
svm,signo_zodiacal_virgo,391,0.5,0.57,0.5580988455988456,0.66,0.5966069018700597,0.5509999999999999,0.5749294675912322,6.6,5.2,4.8,3.4
svm,signo_zodiacal_virgo,392,0.5,0.47000000000000003,0.48535353535353537,0.5,0.4904534062428799,0.446,0.5409435384876561,5.0,5.6,4.4,5.0
svm,signo_zodiacal_virgo,393,0.5,0.51,0.5055555555555555,0.5399999999999999,0.5210070631123263,0.562,0.624767238867084,5.4,5.2,4.8,4.6
svm,signo_zodiacal_virgo,394,0.5,0.41,0.4181746031746032,0.4,0.40099484004127967,0.384,0.5117973350179232,4.0,5.8,4.2,6.0
svm,signo_zodiacal_virgo,395,0.5,0.53,0.5388888888888889,0.52,0.5277511961722487,0.563,0.5978769939211116,5.2,4.6,5.4,4.8
svm,signo_zodiacal_virgo,396,0.5,0.6,0.6006060606060606,0.48,0.5139348370927317,0.6579999999999999,0.7211057363688942,4.8,2.8,7.2,5.2
svm,signo_zodiacal_virgo,397,0.5,0.39,0.4097968697968698,0.5399999999999999,0.46459890833803874,0.40199999999999997,0.505786615173612,5.4,7.6,2.4,4.6
svm,signo_zodiacal_virgo,398,0.5,0.55,0.5423809523809523,0.5,0.5040947288006111,0.6220000000000001,0.6946315078110743,5.0,4.0,6.0,5.0
svm,signo_zodiacal_virgo,399,0.5,0.6,0.6559523809523811,0.5199999999999999,0.5671568627450981,0.606,0.6912606929534174,5.2,3.2,6.8,4.8
svm,signo_zodiacal_virgo,400,0.5,0.55,0.5885714285714286,0.44000000000000006,0.49288175876411167,0.602,0.6604843087768784,4.4,3.4,6.6,5.6
svm,signo_zodiacal_virgo,401,0.5,0.51,0.5193939393939393,0.48,0.4977109440267335,0.55,0.6302516274575097,4.8,4.6,5.4,5.2
svm,signo_zodiacal_virgo,402,0.5,0.53,0.5494949494949495,0.44000000000000006,0.4679712100764732,0.516,0.5400966347893592,4.4,3.8,6.2,5.6
svm,signo_zodiacal_virgo,403,0.5,0.52,0.5297202797202797,0.5799999999999998,0.5517251627091444,0.5119999999999999,0.5635517806926476,5.8,5.4,4.6,4.2
svm,signo_zodiacal_virgo,404,0.5,0.43000000000000005,0.4333333333333333,0.5,0.46164274322169063,0.44000000000000006,0.5651801182993134,5.0,6.4,3.6,5.0
svm,signo_zodiacal_virgo,405,0.5,0.45999999999999996,0.4444805194805195,0.48,0.455636193871488,0.374,0.4773452679071874,4.8,5.6,4.4,5.2
svm,signo_zodiacal_virgo,406,0.5,0.5,0.571031746031746,0.3,0.36618998476583614,0.512,0.6311060540766424,3.0,3.0,7.0,7.0
svm,signo_zodiacal_virgo,407,0.5,0.44000000000000006,0.45892857142857146,0.58,0.5056721056721056,0.41400000000000003,0.4930125240256819,5.8,7.0,3.0,4.2
svm,signo_zodiacal_virgo,408,0.5,0.49000000000000005,0.48939393939393944,0.4800000000000001,0.48182577656261866,0.49800000000000005,0.5527909970146812,4.8,5.0,5.0,5.2
svm,signo_zodiacal_virgo,409,0.5,0.49000000000000005,0.4882600732600732,0.5399999999999999,0.5022230489033558,0.476,0.5409220213910616,5.4,5.6,4.4,4.6
svm,signo_zodiacal_virgo,410,0.5,0.44000000000000006,0.4420634920634921,0.38,0.4054414110141664,0.426,0.5133397913575931,3.8,5.0,5.0,6.2
svm,signo_zodiacal_virgo,411,0.5,0.49000000000000005,0.46282828282828276,0.4,0.41720197930724245,0.52,0.6163583926393523,4.0,4.2,5.8,6.0
svm,signo_zodiacal_virgo,412,0.5,0.43999999999999995,0.4508333333333333,0.5599999999999999,0.49375929333824076,0.4299999999999999,0.5314681450300645,5.6,6.8,3.2,4.4
svm,signo_zodiacal_virgo,413,0.5,0.6,0.665952380952381,0.41999999999999993,0.5118954248366013,0.616,0.6871290735408382,4.2,2.2,7.8,5.8
svm,signo_zodiacal_virgo,414,0.5,0.47000000000000003,0.4716666666666667,0.4800000000000001,0.4709356725146199,0.458,0.5430747950879529,4.8,5.4,4.6,5.2
svm,signo_zodiacal_virgo,415,0.5,0.6,0.5853968253968252,0.5799999999999998,0.5719298245614035,0.616,0.6577801165123146,5.8,3.8,6.2,4.2
svm,signo_zodiacal_virgo,416,0.5,0.48,0.46051587301587305,0.44000000000000006,0.4339207747876478,0.53,0.5752290085215782,4.4,4.8,5.2,5.6
svm,signo_zodiacal_virgo,417,0.5,0.44000000000000006,0.4375757575757576,0.45999999999999996,0.44748689906584643,0.44000000000000006,0.5201556956115779,4.6,5.8,4.2,5.4
svm,signo_zodiacal_virgo,418,0.5,0.45999999999999996,0.46515151515151515,0.52,0.4904761904761904,0.4800000000000001,0.5822753441089353,5.2,6.0,4.0,4.8
svm,signo_zodiacal_virgo,419,0.5,0.55,0.5639311668723433,0.64,0.5835476922433445,0.51,0.5958365725262009,6.4,5.4,4.6,3.6
svm,signo_zodiacal_virgo,420,0.5,0.45,0.43015873015873013,0.3,0.34615214506855374,0.37799999999999995,0.4626320726057568,3.0,4.0,6.0,7.0
svm,signo_zodiacal_virgo,421,0.5,0.52,0.5177777777777778,0.62,0.5563400809716599,0.497,0.5466076695062764,6.2,5.8,4.2,3.8
svm,signo_zodiacal_virgo,422,0.5,0.58,0.5806060606060606,0.5999999999999999,0.589172932330827,0.5519999999999999,0.6001727716727716,6.0,4.4,5.6,4.0
svm,signo_zodiacal_virgo,423,0.5,0.54,0.5551587301587302,0.4,0.46196250429996566,0.58,0.6275414410151251,4.0,3.2,6.8,6.0
svm,signo_zodiacal_virgo,424,0.5,0.41000000000000003,0.3909090909090909,0.4,0.38822055137844613,0.37600000000000006,0.47215190631521897,4.0,5.8,4.2,6.0
svm,signo_zodiacal_virgo,425,0.5,0.64,0.6333333333333333,0.7000000000000001,0.6597703349282297,0.6059999999999999,0.6139114937350232,7.0,4.2,5.8,3.0
svm,signo_zodiacal_virgo,426,0.5,0.53,0.5244755244755244,0.6199999999999999,0.5672877846790889,0.55,0.5889905998714048,6.2,5.6,4.4,3.8
svm,signo_zodiacal_virgo,427,0.5,0.55,0.5609090909090909,0.5,0.5263492063492065,0.58,0.5985855055677037,5.0,4.0,6.0,5.0
svm,signo_zodiacal_virgo,428,0.5,0.53,0.5033333333333333,0.31999999999999995,0.3653634085213032,0.492,0.5921656686966285,3.2,2.6,7.4,6.8
svm,signo_zodiacal_virgo,429,0.5,0.45,0.4357142857142858,0.44000000000000006,0.4332144979203803,0.49000000000000005,0.533039317493652,4.4,5.4,4.6,5.6
svm,signo_zodiacal_virgo,430,0.5,0.54,0.548138528138528,0.45999999999999996,0.49376283846872077,0.48599999999999993,0.502462515382794,4.6,3.8,6.2,5.4
svm,signo_zodiacal_virgo,431,0.5,0.48,0.475,0.43999999999999995,0.45614035087719296,0.552,0.6164732371171999,4.4,4.8,5.2,5.6
svm,signo_zodiacal_virgo,432,0.5,0.5199999999999999,0.5014585414585414,0.64,0.5603105590062112,0.49000000000000005,0.5272027586276813,6.4,6.0,4.0,3.6
svm,signo_zodiacal_virgo,433,0.5,0.43,0.4256410256410256,0.5,0.45550572082379864,0.4,0.47671321016444856,5.0,6.4,3.6,5.0
svm,signo_zodiacal_virgo,434,0.5,0.5199999999999999,0.5137820512820512,0.64,0.5633188067970677,0.5479999999999999,0.6099678730282445,6.4,6.0,4.0,3.6
svm,signo_zodiacal_virgo,435,0.5,0.5399999999999999,0.5433333333333333,0.5800000000000001,0.5492549019607843,0.596,0.6290652660033464,5.8,5.0,5.0,4.2
svm,signo_zodiacal_virgo,436,0.5,0.44000000000000006,0.44696969696969696,0.5,0.47142857142857136,0.438,0.5173022831142027,5.0,6.2,3.8,5.0
svm,signo_zodiacal_virgo,437,0.5,0.5199999999999999,0.5181818181818182,0.48,0.49523809523809526,0.618,0.6503366704674753,4.8,4.4,5.6,5.2
svm,signo_zodiacal_virgo,438,0.5,0.52,0.5202380952380953,0.56,0.5318181818181817,0.562,0.6422755022755021,5.6,5.2,4.8,4.4
svm,signo_zodiacal_virgo,439,0.5,0.52,0.5242424242424242,0.66,0.5767986399565347,0.5900000000000001,0.657971192378313,6.6,6.2,3.8,3.4
svm,signo_zodiacal_virgo,440,0.5,0.5700000000000001,0.5623015873015873,0.45999999999999996,0.4920632858713354,0.524,0.5709249073939475,4.6,3.2,6.8,5.4
svm,signo_zodiacal_virgo,441,0.5,0.4800000000000001,0.4888986013986014,0.5399999999999999,0.5041036258427563,0.472,0.5288480869835359,5.4,5.8,4.2,4.6
svm,signo_zodiacal_virgo,442,0.5,0.45,0.4166233766233766,0.34,0.35872676343264576,0.43200000000000005,0.49963027761711964,3.4,4.4,5.6,6.6
svm,signo_zodiacal_virgo,443,0.5,0.53,0.555952380952381,0.38,0.4496732026143791,0.5,0.6322600650983004,3.8,3.2,6.8,6.2
svm,signo_zodiacal_virgo,444,0.5,0.49000000000000005,0.4904895104895105,0.52,0.5018081435472739,0.43600000000000005,0.554940469059664,5.2,5.4,4.6,4.8
svm,signo_zodiacal_virgo,445,0.5,0.38999999999999996,0.40525252525252525,0.42000000000000004,0.39211528822055136,0.39,0.48321043885594966,4.2,6.4,3.6,5.8
svm,signo_zodiacal_virgo,446,0.5,0.45,0.4538579067990833,0.54,0.4792328042328042,0.48599999999999993,0.535324535543576,5.4,6.4,3.6,4.6
svm,signo_zodiacal_virgo,447,0.5,0.58,0.59004329004329,0.54,0.5610349402919063,0.6459999999999999,0.6696846443889786,5.4,3.8,6.2,4.6
svm,signo_zodiacal_virgo,448,0.5,0.4800000000000001,0.49230769230769234,0.45999999999999996,0.4643478260869565,0.5199999999999999,0.638463232244192,4.6,5.0,5.0,5.4
svm,signo_zodiacal_virgo,449,0.5,0.4600000000000001,0.4583394383394384,0.38,0.4045060648210467,0.4960000000000001,0.5801583128773531,3.8,4.6,5.4,6.2
svm,signo_zodiacal_virgo,450,0.5,0.5700000000000001,0.5876623376623377,0.48,0.5247432306255835,0.6060000000000001,0.6718603602280072,4.8,3.4,6.6,5.2
svm,signo_zodiacal_virgo,451,0.5,0.47000000000000003,0.4493589743589744,0.45999999999999996,0.4474967061923584,0.42400000000000004,0.473243117993118,4.6,5.2,4.8,5.4
svm,signo_zodiacal_virgo,452,0.5,0.37,0.3442857142857142,0.32,0.32818463270475656,0.352,0.44756445412172957,3.2,5.8,4.2,6.8
svm,signo_zodiacal_virgo,453,0.5,0.48999999999999994,0.48166666666666663,0.5,0.4864912280701755,0.45599999999999996,0.4848858163680145,5.0,5.2,4.8,5.0
svm,signo_zodiacal_virgo,454,0.5,0.55,0.5557692307692308,0.5399999999999999,0.5319806763285024,0.5640000000000001,0.6438347769361701,5.4,4.4,5.6,4.6
svm,signo_zodiacal_virgo,455,0.5,0.5,0.49111111111111116,0.5,0.48918472652218775,0.52,0.5717252357205916,5.0,5.0,5.0,5.0
svm,signo_zodiacal_virgo,456,0.5,0.48,0.4766666666666667,0.52,0.4963636363636364,0.476,0.562715283684324,5.2,5.6,4.4,4.8
svm,signo_zodiacal_virgo,457,0.5,0.51,0.5084766214177978,0.6200000000000001,0.5432576489533012,0.584,0.620112615712461,6.2,6.0,4.0,3.8
svm,signo_zodiacal_virgo,458,0.5,0.5,0.5033333333333333,0.34,0.39056721056721055,0.534,0.5715717399215852,3.4,3.4,6.6,6.6
svm,signo_zodiacal_virgo,459,0.5,0.49000000000000005,0.5166666666666666,0.36000000000000004,0.41334586466165407,0.438,0.5524805760115357,3.6,3.8,6.2,6.4
svm,signo_zodiacal_virgo,460,0.5,0.53,0.5346853146853148,0.62,0.5727762092979485,0.5860000000000001,0.6622338670101827,6.2,5.6,4.4,3.8
svm,signo_zodiacal_virgo,461,0.5,0.5000000000000001,0.4975024975024975,0.62,0.5495859213250518,0.522,0.6250440023512778,6.2,6.2,3.8,3.8
svm,signo_zodiacal_virgo,462,0.5,0.53,0.5082539682539682,0.44000000000000006,0.46863777089783276,0.517,0.5695049021326112,4.4,3.8,6.2,5.6
svm,signo_zodiacal_virgo,463,0.5,0.54,0.5281746031746032,0.52,0.5177221127685524,0.557,0.6056930085738135,5.2,4.4,5.6,4.8
svm,signo_zodiacal_virgo,464,0.5,0.45999999999999996,0.4504761904761905,0.54,0.48514578005115094,0.4620000000000001,0.5487488134500518,5.4,6.2,3.8,4.6
svm,signo_zodiacal_virgo,465,0.5,0.59,0.5756060606060606,0.5199999999999999,0.5427777777777777,0.5740000000000001,0.5822846042846044,5.2,3.4,6.6,4.8
svm,signo_zodiacal_virgo,466,0.5,0.55,0.5388344988344989,0.7,0.6075031055900622,0.526,0.560130165586048,7.0,6.0,4.0,3.0
svm,signo_zodiacal_virgo,467,0.5,0.5,0.5075757575757576,0.6,0.5446308077887025,0.44600000000000006,0.4908880439306135,6.0,6.0,4.0,4.0
svm,signo_zodiacal_virgo,468,0.5,0.4800000000000001,0.49022875816993466,0.5,0.48378167641325537,0.524,0.610873497417615,5.0,5.4,4.6,5.0
svm,signo_zodiacal_virgo,469,0.5,0.45,0.443824802648332,0.42000000000000004,0.41357765328353563,0.43,0.5190146885278464,4.2,5.2,4.8,5.8
svm,signo_zodiacal_virgo,470,0.5,0.48,0.46086691086691084,0.54,0.4922867115086794,0.48200000000000004,0.542333452237477,5.4,5.8,4.2,4.6
svm,signo_zodiacal_virgo,471,0.5,0.51,0.5057142857142857,0.48,0.49058823529411766,0.476,0.5604496908320438,4.8,4.6,5.4,5.2
svm,signo_zodiacal_virgo,472,0.5,0.41999999999999993,0.39785714285714285,0.36,0.3734046345811052,0.442,0.5168597791097791,3.6,5.2,4.8,6.4
svm,signo_zodiacal_virgo,473,0.5,0.47000000000000003,0.4564102564102564,0.6,0.5142275598797339,0.506,0.586716607523883,6.0,6.6,3.4,4.0
svm,signo_zodiacal_virgo,474,0.5,0.43,0.43015873015873013,0.48,0.44824561403508767,0.434,0.5483162795237099,4.8,6.2,3.8,5.2
svm,signo_zodiacal_virgo,475,0.5,0.42000000000000004,0.413044733044733,0.36,0.38157747309450096,0.422,0.49165360576815686,3.6,5.2,4.8,6.4
svm,signo_zodiacal_virgo,476,0.5,0.43,0.3977777777777778,0.34,0.3639766081871345,0.4680000000000001,0.48754894898702955,3.4,4.8,5.2,6.6
svm,signo_zodiacal_virgo,477,0.5,0.51,0.5142857142857142,0.64,0.5645442277021224,0.48,0.5697175704412547,6.4,6.2,3.8,3.6
svm,signo_zodiacal_virgo,478,0.5,0.53,0.5197979797979798,0.58,0.5434486215538847,0.5559999999999999,0.624606716383032,5.8,5.2,4.8,4.2
svm,signo_zodiacal_virgo,479,0.5,0.54,0.5305555555555556,0.5,0.5115364167995746,0.576,0.6209807861557087,5.0,4.2,5.8,5.0
svm,signo_zodiacal_virgo,480,0.5,0.51,0.49518481518481516,0.6,0.5372617220801363,0.48200000000000004,0.5485065331125701,6.0,5.8,4.2,4.0
svm,signo_zodiacal_virgo,481,0.5,0.55,0.5762265512265513,0.44000000000000006,0.48887906039608825,0.576,0.6109909883717932,4.4,3.4,6.6,5.6
svm,signo_zodiacal_virgo,482,0.5,0.53,0.5432767232767233,0.5199999999999999,0.5244655543376772,0.518,0.6157961103224261,5.2,4.6,5.4,4.8
svm,signo_zodiacal_virgo,483,0.5,0.5700000000000001,0.6513131313131313,0.42000000000000004,0.492781954887218,0.6020000000000001,0.6541959137353874,4.2,2.8,7.2,5.8
svm,signo_zodiacal_virgo,484,0.5,0.48,0.48538961038961037,0.42000000000000004,0.44537815126050423,0.434,0.5063017460695478,4.2,4.6,5.4,5.8
svm,signo_zodiacal_virgo,485,0.5,0.52,0.5199999999999999,0.4800000000000001,0.49836257309941523,0.562,0.6189674014495996,4.8,4.4,5.6,5.2
svm,signo_zodiacal_virgo,486,0.5,0.5700000000000001,0.5672727272727273,0.6,0.5824242424242424,0.5800000000000001,0.629542577907129,6.0,4.6,5.4,4.0
svm,signo_zodiacal_virgo,487,0.5,0.4600000000000001,0.4512121212121212,0.33999999999999997,0.37108225108225107,0.396,0.492969448250408,3.4,4.2,5.8,6.6
svm,signo_zodiacal_virgo,488,0.5,0.5700000000000001,0.5589126559714794,0.7200000000000001,0.6248917748917748,0.596,0.5857348839670821,7.2,5.8,4.2,2.8
svm,signo_zodiacal_virgo,489,0.5,0.54,0.5338986013986015,0.64,0.5770950788342093,0.576,0.5779698422492541,6.4,5.6,4.4,3.6
svm,signo_zodiacal_virgo,490,0.5,0.48,0.47885281385281386,0.5800000000000001,0.5195584415584416,0.4720000000000001,0.5537530988103743,5.8,6.2,3.8,4.2
svm,signo_zodiacal_virgo,491,0.5,0.45999999999999996,0.44480519480519476,0.45999999999999996,0.4475002122060946,0.48999999999999994,0.5310220035382573,4.6,5.4,4.6,5.4
svm,signo_zodiacal_virgo,492,0.5,0.49000000000000005,0.49257575757575756,0.5,0.49362193362193363,0.519,0.5686291676160098,5.0,5.2,4.8,5.0
svm,signo_zodiacal_virgo,493,0.5,0.43,0.40634920634920635,0.36,0.37291021671826624,0.364,0.5068982274175773,3.6,5.0,5.0,6.4
svm,signo_zodiacal_virgo,494,0.5,0.53,0.5482142857142858,0.45999999999999996,0.4725418372477196,0.5479999999999999,0.5834810463014797,4.6,4.0,6.0,5.4
svm,signo_zodiacal_virgo,495,0.5,0.51,0.5070707070707071,0.48,0.49055973266499586,0.522,0.5856089466089467,4.8,4.6,5.4,5.2
svm,signo_zodiacal_virgo,496,0.5,0.45,0.4426923076923077,0.5,0.46507246376811595,0.43599999999999994,0.5057013529985667,5.0,6.0,4.0,5.0
svm,signo_zodiacal_virgo,497,0.5,0.5199999999999999,0.5158730158730158,0.42000000000000004,0.46164430684554525,0.5439999999999999,0.5901867654189635,4.2,3.8,6.2,5.8
svm,signo_zodiacal_virgo,498,0.5,0.47000000000000003,0.4819230769230769,0.45999999999999996,0.4675413170607678,0.42799999999999994,0.5134543326470571,4.6,5.2,4.8,5.4
svm,signo_zodiacal_virgo,499,0.5,0.5,0.5053923853923854,0.5599999999999999,0.5288482074752097,0.4119999999999999,0.49795429733665025,5.6,5.6,4.4,4.4
svm,signo_zodiacal_virgo,500,0.5,0.48,0.4903811874400109,0.6,0.5327528306933341,0.458,0.5178047770942508,6.0,6.4,3.6,4.0
svm,signo_zodiacal_ofiuco,1,0.5,0.5,0.4959090909090909,0.41999999999999993,0.44857142857142857,0.532,0.6232954545454545,4.2,4.2,5.8,5.8
svm,signo_zodiacal_ofiuco,2,0.5,0.38,0.3801984126984127,0.44000000000000006,0.398119552274351,0.306,0.4277266936709661,4.4,6.8,3.2,5.6
svm,signo_zodiacal_ofiuco,3,0.5,0.6300000000000001,0.7076190476190476,0.4800000000000001,0.554572192513369,0.6100000000000001,0.6623039470849068,4.8,2.2,7.8,5.2
svm,signo_zodiacal_ofiuco,4,0.5,0.53,0.5420634920634921,0.43999999999999995,0.4847609219126247,0.534,0.5754614927556104,4.4,3.8,6.2,5.6
svm,signo_zodiacal_ofiuco,5,0.5,0.55,0.5462049062049061,0.58,0.5539472209936607,0.488,0.5516967189157591,5.8,4.8,5.2,4.2
svm,signo_zodiacal_ofiuco,6,0.5,0.55,0.5644444444444444,0.5,0.5252631578947369,0.5539999999999999,0.5882396841204891,5.0,4.0,6.0,5.0
svm,signo_zodiacal_ofiuco,7,0.5,0.52,0.5337662337662338,0.45999999999999996,0.4878851540616247,0.536,0.5519995925127504,4.6,4.2,5.8,5.4
svm,signo_zodiacal_ofiuco,8,0.5,0.6699999999999999,0.7834126984126983,0.5,0.597078971939653,0.5700000000000001,0.6436149869222625,5.0,1.6,8.4,5.0
svm,signo_zodiacal_ofiuco,9,0.5,0.35,0.32987012987012987,0.36,0.33452380952380956,0.34800000000000003,0.44909776455055084,3.6,6.6,3.4,6.4
svm,signo_zodiacal_ofiuco,10,0.5,0.45999999999999996,0.4636363636363637,0.48,0.4714285714285714,0.45,0.565895900453176,4.8,5.6,4.4,5.2
svm,signo_zodiacal_ofiuco,11,0.5,0.49000000000000005,0.5291208791208791,0.5799999999999998,0.524120082815735,0.522,0.6077804962495365,5.8,6.0,4.0,4.2
svm,signo_zodiacal_ofiuco,12,0.5,0.54,0.5253871128871129,0.7,0.5978630065586586,0.555,0.584714774389697,7.0,6.2,3.8,3.0
svm,signo_zodiacal_ofiuco,13,0.5,0.43999999999999995,0.43025641025641026,0.5,0.45519894598155475,0.41400000000000003,0.5511569643806485,5.0,6.2,3.8,5.0
svm,signo_zodiacal_ofiuco,14,0.5,0.49000000000000005,0.4832900432900432,0.54,0.49938188608776846,0.532,0.5805308645602764,5.4,5.6,4.4,4.6
svm,signo_zodiacal_ofiuco,15,0.5,0.51,0.5168253968253969,0.44000000000000006,0.46537520271266397,0.496,0.592310200635278,4.4,4.2,5.8,5.6
svm,signo_zodiacal_ofiuco,16,0.5,0.6,0.5860761460761461,0.6799999999999999,0.6243356216628528,0.578,0.5867140410329265,6.8,4.8,5.2,3.2
svm,signo_zodiacal_ofiuco,17,0.5,0.5,0.5143589743589744,0.5,0.49446640316205537,0.514,0.5898242317537983,5.0,5.0,5.0,5.0
svm,signo_zodiacal_ofiuco,18,0.5,0.48,0.48920634920634926,0.6,0.5347783094098884,0.502,0.5816804482067639,6.0,6.4,3.6,4.0
svm,signo_zodiacal_ofiuco,19,0.5,0.4699999999999999,0.4618437118437118,0.5,0.47564213952691536,0.45600000000000007,0.5220297645251205,5.0,5.6,4.4,5.0
svm,signo_zodiacal_ofiuco,20,0.5,0.58,0.5791880341880342,0.5599999999999999,0.5643935926773455,0.588,0.6134777336526562,5.6,4.0,6.0,4.4
svm,signo_zodiacal_ofiuco,21,0.5,0.59,0.5742424242424243,0.68,0.6225108225108225,0.5820000000000001,0.6231238494048091,6.8,5.0,5.0,3.2
svm,signo_zodiacal_ofiuco,22,0.5,0.63,0.6328282828282827,0.62,0.6226475279106858,0.676,0.731936691361614,6.2,3.6,6.4,3.8
svm,signo_zodiacal_ofiuco,23,0.5,0.45999999999999996,0.4625396825396826,0.5,0.47251805985552114,0.45000000000000007,0.5235989539356412,5.0,5.8,4.2,5.0
svm,signo_zodiacal_ofiuco,24,0.5,0.4,0.3894444444444445,0.3,0.33321637426900585,0.4,0.5245354208914581,3.0,5.0,5.0,7.0
svm,signo_zodiacal_ofiuco,25,0.5,0.55,0.5599267399267399,0.58,0.561447929286131,0.5119999999999999,0.584535780181291,5.8,4.8,5.2,4.2
svm,signo_zodiacal_ofiuco,26,0.5,0.45999999999999996,0.4507575757575758,0.44000000000000006,0.44411027568922307,0.43599999999999994,0.5349344493655639,4.4,5.2,4.8,5.6
svm,signo_zodiacal_ofiuco,27,0.5,0.49000000000000005,0.5056532356532356,0.5,0.4972464176017818,0.504,0.6267320353365244,5.0,5.2,4.8,5.0
svm,signo_zodiacal_ofiuco,28,0.5,0.48,0.49136363636363634,0.5399999999999999,0.5088156288156288,0.426,0.49009935815818173,5.4,5.8,4.2,4.6
svm,signo_zodiacal_ofiuco,29,0.5,0.55,0.5551226551226551,0.5599999999999999,0.5494766327583666,0.5379999999999999,0.5405272952022178,5.6,4.6,5.4,4.4
svm,signo_zodiacal_ofiuco,30,0.5,0.4600000000000001,0.4709090909090909,0.43999999999999995,0.44748689906584643,0.48,0.5557387714624558,4.4,5.2,4.8,5.6
svm,signo_zodiacal_ofiuco,31,0.5,0.51,0.5180065359477124,0.6199999999999999,0.5531128832181464,0.526,0.5984084902026078,6.2,6.0,4.0,3.8
svm,signo_zodiacal_ofiuco,32,0.5,0.4800000000000001,0.4818181818181818,0.48,0.4793650793650793,0.4640000000000001,0.5351338193969772,4.8,5.2,4.8,5.2
svm,signo_zodiacal_ofiuco,33,0.5,0.49000000000000005,0.4866666666666667,0.54,0.508,0.532,0.610056277056277,5.4,5.6,4.4,4.6
svm,signo_zodiacal_ofiuco,34,0.5,0.45999999999999996,0.45,0.42000000000000004,0.42777777777777776,0.45,0.5384406541171247,4.2,5.0,5.0,5.8
svm,signo_zodiacal_ofiuco,35,0.5,0.51,0.522020202020202,0.42000000000000004,0.4555012531328321,0.54,0.6135368608000187,4.2,4.0,6.0,5.8
svm,signo_zodiacal_ofiuco,36,0.5,0.5,0.49222222222222217,0.5200000000000001,0.5037320574162679,0.522,0.6075071795249813,5.2,5.2,4.8,4.8
svm,signo_zodiacal_ofiuco,37,0.5,0.5700000000000001,0.5869047619047618,0.45999999999999996,0.5145510835913314,0.514,0.5261675156628717,4.6,3.2,6.8,5.4
svm,signo_zodiacal_ofiuco,38,0.5,0.53,0.5285425685425685,0.5399999999999999,0.5264478844169246,0.538,0.5572604133912183,5.4,4.8,5.2,4.6
svm,signo_zodiacal_ofiuco,39,0.5,0.51,0.5355555555555556,0.4,0.4343403964456596,0.502,0.5894346939610098,4.0,3.8,6.2,6.0
svm,signo_zodiacal_ofiuco,40,0.5,0.4,0.3626373626373626,0.4,0.37290423415743107,0.346,0.45869508638935874,4.0,6.0,4.0,6.0
svm,signo_zodiacal_ofiuco,41,0.5,0.38,0.3524603174603175,0.3,0.3232954936360509,0.39,0.4836371508608351,3.0,5.4,4.6,7.0
svm,signo_zodiacal_ofiuco,42,0.5,0.6,0.5854978354978355,0.72,0.6439393939393938,0.6040000000000001,0.6533657992334463,7.2,5.2,4.8,2.8
svm,signo_zodiacal_ofiuco,43,0.5,0.59,0.617063492063492,0.48,0.5368077055383557,0.5999999999999999,0.6351820303879128,4.8,3.0,7.0,5.2
svm,signo_zodiacal_ofiuco,44,0.5,0.45,0.451934731934732,0.54,0.4889772256728778,0.462,0.5417324342324342,5.4,6.4,3.6,4.6
svm,signo_zodiacal_ofiuco,45,0.5,0.51,0.5390909090909091,0.36,0.4133333333333333,0.4720000000000001,0.5318505542445171,3.6,3.4,6.6,6.4
svm,signo_zodiacal_ofiuco,46,0.5,0.48,0.47447209653092004,0.5799999999999998,0.5142292490118576,0.48600000000000004,0.5431245019170716,5.8,6.2,3.8,4.2
svm,signo_zodiacal_ofiuco,47,0.5,0.5900000000000001,0.638095238095238,0.5399999999999999,0.5669340463458111,0.613,0.6550849042598268,5.4,3.6,6.4,4.6
svm,signo_zodiacal_ofiuco,48,0.5,0.51,0.4723076923076923,0.4800000000000001,0.45057160231073273,0.515,0.5555909635600037,4.8,4.6,5.4,5.2
svm,signo_zodiacal_ofiuco,49,0.5,0.5,0.5164468864468865,0.5,0.500765196724276,0.466,0.522057340921892,5.0,5.0,5.0,5.0
svm,signo_zodiacal_ofiuco,50,0.5,0.51,0.5092074592074591,0.54,0.5162196499153021,0.4720000000000001,0.5129704892630589,5.4,5.2,4.8,4.6
svm,signo_zodiacal_ofiuco,51,0.5,0.5399999999999999,0.5646753246753247,0.48,0.50812324929972,0.562,0.5976935466494291,4.8,4.0,6.0,5.2
svm,signo_zodiacal_ofiuco,52,0.5,0.52,0.5175213675213676,0.52,0.5015364498202026,0.5040000000000001,0.5642573711118603,5.2,4.8,5.2,4.8
svm,signo_zodiacal_ofiuco,53,0.5,0.39,0.4053081232492997,0.5799999999999998,0.4698850343556226,0.388,0.48224357135812246,5.8,8.0,2.0,4.2
svm,signo_zodiacal_ofiuco,54,0.5,0.5,0.48083583083583087,0.4600000000000001,0.4517455264258333,0.45999999999999996,0.5486561098000726,4.6,4.6,5.4,5.4
svm,signo_zodiacal_ofiuco,55,0.5,0.55,0.5694444444444444,0.42000000000000004,0.48026315789473684,0.52,0.558419218036865,4.2,3.2,6.8,5.8
svm,signo_zodiacal_ofiuco,56,0.5,0.5,0.4875,0.5399999999999999,0.4983100233100233,0.51,0.5552507737360679,5.4,5.4,4.6,4.6
svm,signo_zodiacal_ofiuco,57,0.5,0.47000000000000003,0.4882034632034632,0.36,0.39589887236946064,0.41,0.5344088905590454,3.6,4.2,5.8,6.4
svm,signo_zodiacal_ofiuco,58,0.5,0.35,0.3235606060606061,0.36,0.32812520812520807,0.35,0.49306871130245744,3.6,6.6,3.4,6.4
svm,signo_zodiacal_ofiuco,59,0.5,0.41,0.3416666666666667,0.2,0.24545177045177047,0.31199999999999994,0.45315437709864953,2.0,3.8,6.2,8.0
svm,signo_zodiacal_ofiuco,60,0.5,0.5900000000000001,0.6245421245421244,0.6,0.5979214340198322,0.6460000000000001,0.6893982014717308,6.0,4.2,5.8,4.0
svm,signo_zodiacal_ofiuco,61,0.5,0.47000000000000003,0.4803596403596403,0.45999999999999996,0.436183206392925,0.445,0.5085522163594919,4.6,5.2,4.8,5.4
svm,signo_zodiacal_ofiuco,62,0.5,0.51,0.5333333333333333,0.31999999999999995,0.3843454790823212,0.5039999999999999,0.549292976631212,3.2,3.0,7.0,6.8
svm,signo_zodiacal_ofiuco,63,0.5,0.4600000000000001,0.375,0.44000000000000006,0.393734335839599,0.43600000000000005,0.515404769465141,4.4,5.2,4.8,5.6
svm,signo_zodiacal_ofiuco,64,0.5,0.54,0.5444444444444445,0.48,0.5099415204678361,0.54,0.6198076353471089,4.8,4.0,6.0,5.2
svm,signo_zodiacal_ofiuco,65,0.5,0.52,0.5404761904761906,0.44000000000000006,0.48045157456922166,0.514,0.5857536738287512,4.4,4.0,6.0,5.6
svm,signo_zodiacal_ofiuco,66,0.5,0.49000000000000005,0.47777777777777775,0.48,0.473444976076555,0.462,0.52036370672671,4.8,5.0,5.0,5.2
svm,signo_zodiacal_ofiuco,67,0.5,0.6100000000000001,0.6017182817182818,0.6599999999999999,0.6215710632078919,0.5599999999999999,0.5793139895020699,6.6,4.4,5.6,3.4
svm,signo_zodiacal_ofiuco,68,0.5,0.41999999999999993,0.38595238095238094,0.38,0.37444444444444447,0.458,0.5055755525004751,3.8,5.4,4.6,6.2
svm,signo_zodiacal_ofiuco,69,0.5,0.54,0.55011655011655,0.41999999999999993,0.4503105590062112,0.496,0.5631618381618381,4.2,3.4,6.6,5.8
svm,signo_zodiacal_ofiuco,70,0.5,0.62,0.6147685647685648,0.6799999999999999,0.6374663699471884,0.6719999999999999,0.7226661273882635,6.8,4.4,5.6,3.2
svm,signo_zodiacal_ofiuco,71,0.5,0.41000000000000003,0.4254079254079254,0.45999999999999996,0.4390488738314825,0.42400000000000004,0.515211640097089,4.6,6.4,3.6,5.4
svm,signo_zodiacal_ofiuco,72,0.5,0.4699999999999999,0.4772222222222222,0.33999999999999997,0.38802005012531326,0.434,0.4975395911278264,3.4,4.0,6.0,6.6
svm,signo_zodiacal_ofiuco,73,0.5,0.5700000000000001,0.6171428571428571,0.44000000000000006,0.5073202614379084,0.6120000000000001,0.6434986283925912,4.4,3.0,7.0,5.6
svm,signo_zodiacal_ofiuco,74,0.5,0.38,0.3516666666666666,0.31999999999999995,0.3322222222222222,0.33999999999999997,0.4982425574941054,3.2,5.6,4.4,6.8
svm,signo_zodiacal_ofiuco,75,0.5,0.48,0.4435714285714285,0.38,0.39578431372549017,0.47800000000000004,0.5260005337799456,3.8,4.2,5.8,6.2
svm,signo_zodiacal_ofiuco,76,0.5,0.4999999999999999,0.4937229437229437,0.5599999999999999,0.5202741702741702,0.47400000000000003,0.5442375577638734,5.6,5.6,4.4,4.4
svm,signo_zodiacal_ofiuco,77,0.5,0.4600000000000001,0.42777777777777776,0.32,0.3519414795730585,0.4699999999999999,0.5276438726392286,3.2,4.0,6.0,6.8
svm,signo_zodiacal_ofiuco,78,0.5,0.55,0.5243290043290043,0.5599999999999999,0.5342857142857144,0.5720000000000001,0.6223724429165605,5.6,4.6,5.4,4.4
svm,signo_zodiacal_ofiuco,79,0.5,0.55,0.5791341991341991,0.4999999999999999,0.5276890756302521,0.592,0.63102373546646,5.0,4.0,6.0,5.0
svm,signo_zodiacal_ofiuco,80,0.5,0.55,0.594047619047619,0.42000000000000004,0.4752419149477974,0.56,0.6563671232448322,4.2,3.2,6.8,5.8
svm,signo_zodiacal_ofiuco,81,0.5,0.5199999999999999,0.5357142857142858,0.3,0.37596064066652307,0.534,0.6133793994103591,3.0,2.6,7.4,7.0
svm,signo_zodiacal_ofiuco,82,0.5,0.5399999999999999,0.5440909090909092,0.5199999999999999,0.5176190476190476,0.5900000000000001,0.5904481325348199,5.2,4.4,5.6,4.8
svm,signo_zodiacal_ofiuco,83,0.5,0.5200000000000001,0.5252813852813853,0.54,0.5230906678460858,0.558,0.6231576458457264,5.4,5.0,5.0,4.6
svm,signo_zodiacal_ofiuco,84,0.5,0.57,0.5985714285714285,0.4,0.4765686274509804,0.546,0.6010197492565914,4.0,2.6,7.4,6.0
svm,signo_zodiacal_ofiuco,85,0.5,0.5,0.49909090909090914,0.5800000000000001,0.5311746031746031,0.5,0.5497827085195507,5.8,5.8,4.2,4.2
svm,signo_zodiacal_ofiuco,86,0.5,0.5199999999999999,0.5106060606060606,0.6,0.5482424242424242,0.5660000000000001,0.6276810601679023,6.0,5.6,4.4,4.0
svm,signo_zodiacal_ofiuco,87,0.5,0.5299999999999999,0.5857142857142856,0.32,0.40672268907563025,0.5479999999999999,0.585056682481605,3.2,2.6,7.4,6.8
svm,signo_zodiacal_ofiuco,88,0.5,0.56,0.5635353535353536,0.6,0.5795488721804511,0.5459999999999999,0.5785024436347965,6.0,4.8,5.2,4.0
svm,signo_zodiacal_ofiuco,89,0.5,0.45999999999999996,0.45519480519480526,0.38,0.4088001867413632,0.42699999999999994,0.4965678298309877,3.8,4.6,5.4,6.2
svm,signo_zodiacal_ofiuco,90,0.5,0.52,0.5,0.5199999999999999,0.4962121212121212,0.6100000000000001,0.62364460273129,5.2,4.8,5.2,4.8
svm,signo_zodiacal_ofiuco,91,0.5,0.48,0.47777777777777775,0.54,0.5035989182442272,0.414,0.5108310888457946,5.4,5.8,4.2,4.6
svm,signo_zodiacal_ofiuco,92,0.5,0.61,0.6676190476190477,0.44000000000000006,0.5254334365325077,0.575,0.6170900918826614,4.4,2.2,7.8,5.6
svm,signo_zodiacal_ofiuco,93,0.5,0.55,0.5464957264957265,0.6,0.5687414187643021,0.61,0.6522545848544301,6.0,5.0,5.0,4.0
svm,signo_zodiacal_ofiuco,94,0.5,0.53,0.5361111111111111,0.54,0.5349889876205666,0.5,0.5810492742551565,5.4,4.8,5.2,4.6
svm,signo_zodiacal_ofiuco,95,0.5,0.54,0.5405372405372406,0.52,0.5206671643069544,0.568,0.6037914846591316,5.2,4.4,5.6,4.8
svm,signo_zodiacal_ofiuco,96,0.5,0.4,0.3866666666666666,0.43999999999999995,0.4018888888888889,0.4,0.48223491377903144,4.4,6.4,3.6,5.6
svm,signo_zodiacal_ofiuco,97,0.5,0.64,0.6408547008547009,0.64,0.637025171624714,0.666,0.6506649124868938,6.4,3.6,6.4,3.6
svm,signo_zodiacal_ofiuco,98,0.5,0.49000000000000005,0.5060897435897436,0.6,0.5421235769061856,0.466,0.5330028505206523,6.0,6.2,3.8,4.0
svm,signo_zodiacal_ofiuco,99,0.5,0.5700000000000001,0.5852813852813853,0.52,0.5477222467934542,0.562,0.6559602629912227,5.2,3.8,6.2,4.8
svm,signo_zodiacal_ofiuco,100,0.5,0.5399999999999999,0.5441452991452992,0.62,0.5661879336021213,0.636,0.6723761810085339,6.2,5.4,4.6,3.8
svm,signo_zodiacal_ofiuco,101,0.5,0.5199999999999999,0.5666666666666667,0.38,0.4513157894736842,0.492,0.5793830814008831,3.8,3.4,6.6,6.2
svm,signo_zodiacal_ofiuco,102,0.5,0.58,0.5791666666666667,0.7,0.6232609495767389,0.592,0.6471535029298188,7.0,5.4,4.6,3.0
svm,signo_zodiacal_ofiuco,103,0.5,0.54,0.5366666666666667,0.48,0.5013131313131313,0.546,0.6049221899531497,4.8,4.0,6.0,5.2
svm,signo_zodiacal_ofiuco,104,0.5,0.4800000000000001,0.48693528693528687,0.6,0.5342486651411137,0.536,0.6083081983376101,6.0,6.4,3.6,4.0
svm,signo_zodiacal_ofiuco,105,0.5,0.4,0.4142968142968143,0.45999999999999996,0.4343705112583831,0.394,0.5112948389759535,4.6,6.6,3.4,5.4
svm,signo_zodiacal_ofiuco,106,0.5,0.47000000000000003,0.4866361579596873,0.6799999999999999,0.564087522783175,0.438,0.5143634529385303,6.8,7.4,2.6,3.2
svm,signo_zodiacal_ofiuco,107,0.5,0.51,0.5093939393939394,0.56,0.5329870129870129,0.544,0.5624700022200022,5.6,5.4,4.6,4.4
svm,signo_zodiacal_ofiuco,108,0.5,0.47000000000000003,0.43,0.32,0.35968253968253966,0.548,0.5616907624539204,3.2,3.8,6.2,6.8
svm,signo_zodiacal_ofiuco,109,0.5,0.5900000000000001,0.5843589743589743,0.7,0.6327821926357396,0.604,0.6328352003173985,7.0,5.2,4.8,3.0
svm,signo_zodiacal_ofiuco,110,0.5,0.5599999999999999,0.5803113553113552,0.5199999999999999,0.5166109253065775,0.5720000000000001,0.5839016904148483,5.2,4.0,6.0,4.8
svm,signo_zodiacal_ofiuco,111,0.5,0.51,0.5052813852813853,0.41999999999999993,0.4519327731092437,0.42799999999999994,0.4999811581607248,4.2,4.0,6.0,5.8
svm,signo_zodiacal_ofiuco,112,0.5,0.55,0.5386446886446886,0.7000000000000001,0.6081027667984189,0.46799999999999997,0.4789265887191584,7.0,6.0,4.0,3.0
svm,signo_zodiacal_ofiuco,113,0.5,0.42000000000000004,0.3704761904761905,0.34,0.3460608741104097,0.39799999999999996,0.49585967584187396,3.4,5.0,5.0,6.6
svm,signo_zodiacal_ofiuco,114,0.5,0.5700000000000001,0.5721367521367521,0.56,0.5622069666920926,0.616,0.6607181033620663,5.6,4.2,5.8,4.4
svm,signo_zodiacal_ofiuco,115,0.5,0.53,0.5504329004329005,0.5800000000000001,0.556157881334352,0.534,0.5937712201798888,5.8,5.2,4.8,4.2
svm,signo_zodiacal_ofiuco,116,0.5,0.49000000000000005,0.4859523809523809,0.4,0.43522875816993467,0.556,0.6488579090328316,4.0,4.2,5.8,6.0
svm,signo_zodiacal_ofiuco,117,0.5,0.44000000000000006,0.4492307692307692,0.62,0.5174581939799331,0.429,0.4993226403799159,6.2,7.4,2.6,3.8
svm,signo_zodiacal_ofiuco,118,0.5,0.5000000000000001,0.5047008547008548,0.6199999999999999,0.5528257402399279,0.532,0.5748147679633747,6.2,6.2,3.8,3.8
svm,signo_zodiacal_ofiuco,119,0.5,0.59,0.635909090909091,0.48,0.5376649958228905,0.622,0.647778875321445,4.8,3.0,7.0,5.2
svm,signo_zodiacal_ofiuco,120,0.5,0.5200000000000001,0.5068686868686869,0.41999999999999993,0.44669172932330825,0.484,0.5266178447455537,4.2,3.8,6.2,5.8
svm,signo_zodiacal_ofiuco,121,0.5,0.5900000000000001,0.6233333333333333,0.5399999999999999,0.5664646464646464,0.532,0.5977908682304967,5.4,3.6,6.4,4.6
svm,signo_zodiacal_ofiuco,122,0.5,0.45,0.45836829836829834,0.6199999999999999,0.5247061344452649,0.43600000000000005,0.5182541608718079,6.2,7.2,2.8,3.8
svm,signo_zodiacal_ofiuco,123,0.5,0.52,0.5327777777777778,0.33999999999999997,0.40542188805346696,0.514,0.6149533522033521,3.4,3.0,7.0,6.6
svm,signo_zodiacal_ofiuco,124,0.5,0.54,0.5533333333333333,0.64,0.5746583850931677,0.564,0.6103611563874721,6.4,5.6,4.4,3.6
svm,signo_zodiacal_ofiuco,125,0.5,0.47000000000000003,0.478021978021978,0.47999999999999987,0.4531573498964804,0.48999999999999994,0.542005779136584,4.8,5.4,4.6,5.2
svm,signo_zodiacal_ofiuco,126,0.5,0.49000000000000005,0.46904761904761905,0.43999999999999995,0.44786096256684493,0.454,0.5097772207153012,4.4,4.6,5.4,5.6
svm,signo_zodiacal_ofiuco,127,0.5,0.52,0.5147712418300653,0.62,0.5542105263157895,0.5640000000000001,0.59288628871988,6.2,5.8,4.2,3.8
svm,signo_zodiacal_ofiuco,128,0.5,0.55,0.5542857142857144,0.4,0.44840336134453784,0.522,0.6148282191664545,4.0,3.0,7.0,6.0
svm,signo_zodiacal_ofiuco,129,0.5,0.48999999999999994,0.49822399822399815,0.6000000000000001,0.5405633649340744,0.49400000000000005,0.5809393106893106,6.0,6.2,3.8,4.0
svm,signo_zodiacal_ofiuco,130,0.5,0.45,0.46011904761904765,0.4999999999999999,0.4684766214177979,0.454,0.5837840411222764,5.0,6.0,4.0,5.0
svm,signo_zodiacal_ofiuco,131,0.5,0.49000000000000005,0.473015873015873,0.36000000000000004,0.40738734090127277,0.49700000000000005,0.5559922191671418,3.6,3.8,6.2,6.4
svm,signo_zodiacal_ofiuco,132,0.5,0.51,0.5194805194805195,0.38,0.41680672268907565,0.518,0.5566217383407785,3.8,3.6,6.4,6.2
svm,signo_zodiacal_ofiuco,133,0.5,0.4800000000000001,0.5189898989898991,0.44000000000000006,0.4560726817042607,0.49399999999999994,0.5418552568862166,4.4,4.8,5.2,5.6
svm,signo_zodiacal_ofiuco,134,0.5,0.4800000000000001,0.451010101010101,0.38000000000000006,0.4060359231411863,0.5359999999999999,0.6016557500806726,3.8,4.2,5.8,6.2
svm,signo_zodiacal_ofiuco,135,0.5,0.42000000000000004,0.39555555555555555,0.42000000000000004,0.401786283891547,0.508,0.6146444297017052,4.2,5.8,4.2,5.8
svm,signo_zodiacal_ofiuco,136,0.5,0.49000000000000005,0.4788034188034188,0.45999999999999996,0.4603356216628528,0.548,0.5703050454017946,4.6,4.8,5.2,5.4
svm,signo_zodiacal_ofiuco,137,0.5,0.5700000000000001,0.5892857142857142,0.48,0.5213903743315507,0.5900000000000001,0.6346846831359214,4.8,3.4,6.6,5.2
svm,signo_zodiacal_ofiuco,138,0.5,0.42000000000000004,0.40828282828282825,0.33999999999999997,0.3654010025062656,0.382,0.47988007417419176,3.4,5.0,5.0,6.6
svm,signo_zodiacal_ofiuco,139,0.5,0.47000000000000003,0.44646464646464645,0.36,0.387907268170426,0.396,0.49920876552068505,3.6,4.2,5.8,6.4
svm,signo_zodiacal_ofiuco,140,0.5,0.55,0.5682539682539682,0.45999999999999996,0.5059167526659787,0.526,0.5869903538154313,4.6,3.6,6.4,5.4
svm,signo_zodiacal_ofiuco,141,0.5,0.44000000000000006,0.44333333333333336,0.44000000000000006,0.4377777777777777,0.43200000000000005,0.5269724670754081,4.4,5.6,4.4,5.6
svm,signo_zodiacal_ofiuco,142,0.5,0.5,0.512063492063492,0.4999999999999999,0.49853869969040254,0.47800000000000004,0.5687041210423562,5.0,5.0,5.0,5.0
svm,signo_zodiacal_ofiuco,143,0.5,0.51,0.5194805194805194,0.48,0.49256429844665145,0.45199999999999996,0.5126389052124346,4.8,4.6,5.4,5.2
svm,signo_zodiacal_ofiuco,144,0.5,0.55,0.5592424242424243,0.6,0.5719377230956179,0.5700000000000001,0.627223922104727,6.0,5.0,5.0,4.0
svm,signo_zodiacal_ofiuco,145,0.5,0.47000000000000003,0.48666666666666664,0.5399999999999999,0.5032046783625731,0.492,0.5434521791418077,5.4,6.0,4.0,4.6
svm,signo_zodiacal_ofiuco,146,0.5,0.54,0.5183150183150184,0.7,0.5920319192630406,0.484,0.5256916581870141,7.0,6.2,3.8,3.0
svm,signo_zodiacal_ofiuco,147,0.5,0.5700000000000001,0.6900793650793651,0.38,0.4493323326140663,0.5740000000000001,0.6040968726835599,3.8,2.4,7.6,6.2
svm,signo_zodiacal_ofiuco,148,0.5,0.4,0.41279609279609286,0.6,0.4851469979296067,0.366,0.4938626281699037,6.0,8.0,2.0,4.0
svm,signo_zodiacal_ofiuco,149,0.5,0.5199999999999999,0.5523809523809523,0.5,0.5131313131313131,0.466,0.5414328455342388,5.0,4.6,5.4,5.0
svm,signo_zodiacal_ofiuco,150,0.5,0.55,0.5483333333333333,0.52,0.5329824561403509,0.584,0.6266933693241743,5.2,4.2,5.8,4.8
svm,signo_zodiacal_ofiuco,151,0.5,0.5700000000000001,0.5700432900432901,0.6,0.5764033613445378,0.6220000000000001,0.6530939236202393,6.0,4.6,5.4,4.0
svm,signo_zodiacal_ofiuco,152,0.5,0.58,0.6528571428571428,0.38,0.4739169000933707,0.564,0.6491000296573052,3.8,2.2,7.8,6.2
svm,signo_zodiacal_ofiuco,153,0.5,0.58,0.5966666666666667,0.6,0.5951515151515151,0.58,0.6378516746411482,6.0,4.4,5.6,4.0
svm,signo_zodiacal_ofiuco,154,0.5,0.55,0.542957042957043,0.66,0.5943911161302465,0.5660000000000001,0.5790786774285227,6.6,5.6,4.4,3.4
svm,signo_zodiacal_ofiuco,155,0.5,0.45,0.4488888888888889,0.52,0.4793883919284377,0.374,0.47321745901157664,5.2,6.2,3.8,4.8
svm,signo_zodiacal_ofiuco,156,0.5,0.5,0.48,0.4600000000000001,0.45540669856459337,0.488,0.5522392248274601,4.6,4.6,5.4,5.4
svm,signo_zodiacal_ofiuco,157,0.5,0.53,0.5161421911421911,0.6,0.5517033690946734,0.53,0.5634966053038808,6.0,5.4,4.6,4.0
svm,signo_zodiacal_ofiuco,158,0.5,0.42000000000000004,0.4097222222222222,0.38,0.37039933750460063,0.42000000000000004,0.5377334707775885,3.8,5.4,4.6,6.2
svm,signo_zodiacal_ofiuco,159,0.5,0.48,0.48119658119658126,0.45999999999999996,0.4552250190694127,0.46399999999999997,0.5034682349813929,4.6,5.0,5.0,5.4
svm,signo_zodiacal_ofiuco,160,0.5,0.5199999999999999,0.5037179487179487,0.6599999999999999,0.5661449275362319,0.49000000000000005,0.5686720218206285,6.6,6.2,3.8,3.4
svm,signo_zodiacal_ofiuco,161,0.5,0.47000000000000003,0.3938095238095238,0.38,0.38428370391218686,0.492,0.5588627287744934,3.8,4.4,5.6,6.2
svm,signo_zodiacal_ofiuco,162,0.5,0.54,0.5333333333333334,0.5,0.5127060074428496,0.496,0.5772738850416869,5.0,4.2,5.8,5.0
svm,signo_zodiacal_ofiuco,163,0.5,0.44000000000000006,0.41904761904761906,0.36,0.3837461300309598,0.48200000000000004,0.567002376708259,3.6,4.8,5.2,6.4
svm,signo_zodiacal_ofiuco,164,0.5,0.51,0.5246392496392496,0.42000000000000004,0.46128556685832234,0.5740000000000001,0.6283408978362539,4.2,4.0,6.0,5.8
svm,signo_zodiacal_ofiuco,165,0.5,0.49000000000000005,0.4892857142857143,0.42000000000000004,0.43610898905016554,0.5,0.5707083810582262,4.2,4.4,5.6,5.8
svm,signo_zodiacal_ofiuco,166,0.5,0.42000000000000004,0.41510822510822515,0.44000000000000006,0.42314234784823024,0.44399999999999995,0.5583153770034575,4.4,6.0,4.0,5.6
svm,signo_zodiacal_ofiuco,167,0.5,0.4,0.40494949494949495,0.42000000000000004,0.4113100934153565,0.426,0.5012224436210505,4.2,6.2,3.8,5.8
svm,signo_zodiacal_ofiuco,168,0.5,0.57,0.5707575757575757,0.5399999999999999,0.5464069264069263,0.562,0.6010105166591234,5.4,4.0,6.0,4.6
svm,signo_zodiacal_ofiuco,169,0.5,0.55,0.6055988455988455,0.4,0.4608190158654555,0.5519999999999999,0.6495089628293963,4.0,3.0,7.0,6.0
svm,signo_zodiacal_ofiuco,170,0.5,0.53,0.542004662004662,0.58,0.5439668737060042,0.5640000000000001,0.5962523740449436,5.8,5.2,4.8,4.2
svm,signo_zodiacal_ofiuco,171,0.5,0.56,0.5685714285714286,0.5,0.528235294117647,0.578,0.655629851143009,5.0,3.8,6.2,5.0
svm,signo_zodiacal_ofiuco,172,0.5,0.52,0.5366666666666666,0.42000000000000004,0.456940836940837,0.564,0.6330787898891614,4.2,3.8,6.2,5.8
svm,signo_zodiacal_ofiuco,173,0.5,0.41000000000000003,0.3822222222222222,0.32,0.3442105263157894,0.44000000000000006,0.5092298710061869,3.2,5.0,5.0,6.8
svm,signo_zodiacal_ofiuco,174,0.5,0.49000000000000005,0.48769230769230765,0.45999999999999996,0.4608300395256917,0.45999999999999996,0.565477302539222,4.6,4.8,5.2,5.4
svm,signo_zodiacal_ofiuco,175,0.5,0.55,0.541978021978022,0.64,0.584163372859025,0.518,0.5453839636455735,6.4,5.4,4.6,3.6
svm,signo_zodiacal_ofiuco,176,0.5,0.43000000000000005,0.43944444444444447,0.24000000000000005,0.30031039136302295,0.418,0.5464056211246613,2.4,3.8,6.2,7.6
svm,signo_zodiacal_ofiuco,177,0.5,0.58,0.563510101010101,0.7200000000000001,0.6254026675079306,0.5800000000000001,0.5965326868693742,7.2,5.6,4.4,2.8
svm,signo_zodiacal_ofiuco,178,0.5,0.52,0.5087912087912088,0.5799999999999998,0.5354762458343021,0.53,0.5650181566799214,5.8,5.4,4.6,4.2
svm,signo_zodiacal_ofiuco,179,0.5,0.4,0.28888888888888886,0.22000000000000003,0.24611528822055137,0.43000000000000005,0.5110335687704108,2.2,4.2,5.8,7.8
svm,signo_zodiacal_ofiuco,180,0.5,0.5700000000000001,0.605,0.56,0.5552380952380952,0.516,0.604564295353769,5.6,4.2,5.8,4.4
svm,signo_zodiacal_ofiuco,181,0.5,0.42000000000000004,0.4218614718614718,0.5,0.4529029793735676,0.44799999999999995,0.5360142080142081,5.0,6.6,3.4,5.0
svm,signo_zodiacal_ofiuco,182,0.5,0.51,0.5737012987012986,0.36,0.40784313725490196,0.5079999999999999,0.6185301196051969,3.6,3.4,6.6,6.4
svm,signo_zodiacal_ofiuco,183,0.5,0.54,0.519036519036519,0.54,0.5229650212487741,0.53,0.6482800651361023,5.4,4.6,5.4,4.6
svm,signo_zodiacal_ofiuco,184,0.5,0.49000000000000005,0.48888888888888893,0.6,0.5333014354066986,0.426,0.5208803130993533,6.0,6.2,3.8,4.0
svm,signo_zodiacal_ofiuco,185,0.5,0.57,0.5497435897435897,0.7,0.6111304347826086,0.572,0.5723810047881256,7.0,5.6,4.4,3.0
svm,signo_zodiacal_ofiuco,186,0.5,0.48,0.4821245421245421,0.5599999999999999,0.5061304347826087,0.5730000000000001,0.6360261721422712,5.6,6.0,4.0,4.4
svm,signo_zodiacal_ofiuco,187,0.5,0.45,0.43939393939393945,0.4,0.413059163059163,0.48200000000000004,0.5321324308646289,4.0,5.0,5.0,6.0
svm,signo_zodiacal_ofiuco,188,0.5,0.5,0.5024242424242424,0.52,0.5096924128503076,0.49000000000000005,0.5708193206002804,5.2,5.2,4.8,4.8
svm,signo_zodiacal_ofiuco,189,0.5,0.54,0.5528571428571428,0.6,0.5664435956200662,0.52,0.573648434297041,6.0,5.2,4.8,4.0
svm,signo_zodiacal_ofiuco,190,0.5,0.35,0.3013461538461538,0.4,0.3416053511705685,0.25,0.40432581067023793,4.0,7.0,3.0,6.0
svm,signo_zodiacal_ofiuco,191,0.5,0.45,0.44803862803862804,0.5800000000000001,0.5032629399585922,0.44800000000000006,0.533160675753555,5.8,6.8,3.2,4.2
svm,signo_zodiacal_ofiuco,192,0.5,0.43000000000000005,0.32222222222222224,0.36,0.33496810207336525,0.442,0.5627942186812156,3.6,5.0,5.0,6.4
svm,signo_zodiacal_ofiuco,193,0.5,0.52,0.5378321678321678,0.5199999999999999,0.5157831337236372,0.5660000000000001,0.6086584608202256,5.2,4.8,5.2,4.8
svm,signo_zodiacal_ofiuco,194,0.5,0.48,0.4931013431013431,0.4600000000000001,0.46770273742948393,0.465,0.545676081056886,4.6,5.0,5.0,5.4
svm,signo_zodiacal_ofiuco,195,0.5,0.48,0.4618315018315019,0.36,0.38609744901305004,0.49399999999999994,0.5735780710517553,3.6,4.0,6.0,6.4
svm,signo_zodiacal_ofiuco,196,0.5,0.43,0.3866666666666666,0.24000000000000005,0.2888095238095238,0.372,0.4655044426677553,2.4,3.8,6.2,7.6
svm,signo_zodiacal_ofiuco,197,0.5,0.61,0.5945970695970695,0.7,0.6373956960913484,0.6679999999999999,0.6680218464026513,7.0,4.8,5.2,3.0
svm,signo_zodiacal_ofiuco,198,0.5,0.49000000000000005,0.4673626373626374,0.54,0.4933728590250329,0.48699999999999993,0.5129635136105725,5.4,5.6,4.4,4.6
svm,signo_zodiacal_ofiuco,199,0.5,0.6,0.6118315018315019,0.62,0.6092676121832132,0.5959999999999999,0.630597022258787,6.2,4.2,5.8,3.8
svm,signo_zodiacal_ofiuco,200,0.5,0.42000000000000004,0.4323809523809524,0.54,0.471123706702654,0.378,0.4771647288899611,5.4,7.0,3.0,4.6
svm,signo_zodiacal_ofiuco,201,0.5,0.54,0.5653174603174603,0.4600000000000001,0.5053869969040248,0.516,0.6090805485364308,4.6,3.8,6.2,5.4
svm,signo_zodiacal_ofiuco,202,0.5,0.4600000000000001,0.44833333333333336,0.44000000000000006,0.42997979797979796,0.39199999999999996,0.4934734803380314,4.4,5.2,4.8,5.6
svm,signo_zodiacal_ofiuco,203,0.5,0.49000000000000005,0.4953535353535353,0.52,0.5019749373433584,0.534,0.5591815016768578,5.2,5.4,4.6,4.8
svm,signo_zodiacal_ofiuco,204,0.5,0.53,0.5254700854700856,0.58,0.5468268497330283,0.5720000000000001,0.6458620443883603,5.8,5.2,4.8,4.2
svm,signo_zodiacal_ofiuco,205,0.5,0.55,0.5961904761904762,0.38,0.46080495356037154,0.532,0.6003201526715458,3.8,2.8,7.2,6.2
svm,signo_zodiacal_ofiuco,206,0.5,0.6,0.6473015873015873,0.5,0.5558926728586171,0.5639999999999998,0.6573146847132916,5.0,3.0,7.0,5.0
svm,signo_zodiacal_ofiuco,207,0.5,0.47000000000000003,0.45294705294705295,0.44000000000000006,0.44015751228027444,0.372,0.4487748656572187,4.4,5.0,5.0,5.6
svm,signo_zodiacal_ofiuco,208,0.5,0.45999999999999996,0.44666666666666666,0.38,0.39666666666666667,0.4699999999999999,0.5240844721154319,3.8,4.6,5.4,6.2
svm,signo_zodiacal_ofiuco,209,0.5,0.4800000000000001,0.4702991452991453,0.52,0.4900076277650648,0.53,0.6397178114283377,5.2,5.6,4.4,4.8
svm,signo_zodiacal_ofiuco,210,0.5,0.39,0.35621212121212115,0.38,0.3584761904761905,0.32599999999999996,0.432290186335852,3.8,6.0,4.0,6.2
svm,signo_zodiacal_ofiuco,211,0.5,0.55,0.5509090909090909,0.62,0.5786447938026885,0.53,0.5527636966576595,6.2,5.2,4.8,3.8
svm,signo_zodiacal_ofiuco,212,0.5,0.41000000000000003,0.41135531135531134,0.44000000000000006,0.41470136144049186,0.33399999999999996,0.4354913507545087,4.4,6.2,3.8,5.6
svm,signo_zodiacal_ofiuco,213,0.5,0.43,0.4137529137529138,0.39999999999999997,0.39997639025098974,0.438,0.5000526691231025,4.0,5.4,4.6,6.0
svm,signo_zodiacal_ofiuco,214,0.5,0.48,0.48621212121212115,0.5599999999999999,0.5082197802197802,0.522,0.6147590844827686,5.6,6.0,4.0,4.4
svm,signo_zodiacal_ofiuco,215,0.5,0.5,0.49682539682539684,0.36,0.4107720281094894,0.44000000000000006,0.5226035472095842,3.6,3.6,6.4,6.4
svm,signo_zodiacal_ofiuco,216,0.5,0.48,0.5,0.43999999999999995,0.43934282092176835,0.476,0.5669408651204317,4.4,4.8,5.2,5.6
svm,signo_zodiacal_ofiuco,217,0.5,0.6300000000000001,0.7083333333333333,0.44000000000000006,0.5302840434419382,0.58,0.649607187961677,4.4,1.8,8.2,5.6
svm,signo_zodiacal_ofiuco,218,0.5,0.56,0.5580891330891331,0.64,0.5881133994406305,0.5399999999999999,0.6296349869600643,6.4,5.2,4.8,3.6
svm,signo_zodiacal_ofiuco,219,0.5,0.55,0.5467832167832167,0.5,0.5115804002760524,0.55,0.632491047566125,5.0,4.0,6.0,5.0
svm,signo_zodiacal_ofiuco,220,0.5,0.6,0.6272727272727273,0.5999999999999999,0.5981818181818181,0.5820000000000001,0.6298849016480594,6.0,4.0,6.0,4.0
svm,signo_zodiacal_ofiuco,221,0.5,0.5,0.5113553113553113,0.5,0.4931178795628924,0.516,0.6234880864749285,5.0,5.0,5.0,5.0
svm,signo_zodiacal_ofiuco,222,0.5,0.55,0.5290798090798091,0.62,0.56790236460717,0.526,0.5927844438842891,6.2,5.2,4.8,3.8
svm,signo_zodiacal_ofiuco,223,0.5,0.52,0.56,0.38,0.4416666666666667,0.4919999999999999,0.5779560184397645,3.8,3.4,6.6,6.2
svm,signo_zodiacal_ofiuco,224,0.5,0.5000000000000001,0.513562091503268,0.5,0.490448343079922,0.46799999999999997,0.5407792199200868,5.0,5.0,5.0,5.0
svm,signo_zodiacal_ofiuco,225,0.5,0.65,0.7248917748917748,0.5399999999999999,0.6013858174848886,0.664,0.7285580406006101,5.4,2.4,7.6,4.6
svm,signo_zodiacal_ofiuco,226,0.5,0.52,0.5133755133755133,0.5399999999999999,0.5208918599684518,0.5040000000000001,0.5589579760624652,5.4,5.0,5.0,4.6
svm,signo_zodiacal_ofiuco,227,0.5,0.61,0.6440476190476191,0.52,0.5727210182318542,0.718,0.7604347478287106,5.2,3.0,7.0,4.8
svm,signo_zodiacal_ofiuco,228,0.5,0.6199999999999999,0.6677272727272727,0.52,0.5750793650793651,0.628,0.7109425486793907,5.2,2.8,7.2,4.8
svm,signo_zodiacal_ofiuco,229,0.5,0.5200000000000001,0.5200854700854701,0.58,0.5459746203453297,0.5640000000000001,0.6204118469250048,5.8,5.4,4.6,4.2
svm,signo_zodiacal_ofiuco,230,0.5,0.5200000000000001,0.5253968253968255,0.45999999999999996,0.48885448916408664,0.5800000000000001,0.6232984211351085,4.6,4.2,5.8,5.4
svm,signo_zodiacal_ofiuco,231,0.5,0.4,0.34246031746031746,0.26,0.2938510491916065,0.42400000000000004,0.4928804240994643,2.6,4.6,5.4,7.4
svm,signo_zodiacal_ofiuco,232,0.5,0.61,0.6056565656565656,0.6599999999999999,0.6285964912280702,0.543,0.5676248271851987,6.6,4.4,5.6,3.4
svm,signo_zodiacal_ofiuco,233,0.5,0.55,0.5607142857142857,0.45999999999999996,0.5045063639490884,0.5740000000000001,0.6553584003715581,4.6,3.6,6.4,5.4
svm,signo_zodiacal_ofiuco,234,0.5,0.6,0.6065584415584416,0.54,0.5674509803921568,0.5800000000000001,0.5981058924735396,5.4,3.4,6.6,4.6
svm,signo_zodiacal_ofiuco,235,0.5,0.54,0.5475,0.68,0.6010256410256412,0.532,0.5926029530325195,6.8,6.0,4.0,3.2
svm,signo_zodiacal_ofiuco,236,0.5,0.44000000000000006,0.4516233766233766,0.5599999999999999,0.4903018550077373,0.41600000000000004,0.5010610723126204,5.6,6.8,3.2,4.4
svm,signo_zodiacal_ofiuco,237,0.5,0.5700000000000001,0.5552529823118058,0.7,0.6141840767927724,0.5660000000000001,0.5858305758568917,7.0,5.6,4.4,3.0
svm,signo_zodiacal_ofiuco,238,0.5,0.5700000000000001,0.5577991452991453,0.6799999999999999,0.6047849557002876,0.642,0.6916134394501268,6.8,5.4,4.6,3.2
svm,signo_zodiacal_ofiuco,239,0.5,0.53,0.5366666666666666,0.38,0.4253724053724053,0.512,0.5759490591108237,3.8,3.2,6.8,6.2
svm,signo_zodiacal_ofiuco,240,0.5,0.45,0.45513736263736265,0.6,0.514508969291578,0.39799999999999996,0.49132653870037757,6.0,7.0,3.0,4.0
svm,signo_zodiacal_ofiuco,241,0.5,0.51,0.5137917637917637,0.5199999999999999,0.5087781211923088,0.47800000000000004,0.5357215562215563,5.2,5.0,5.0,4.8
svm,signo_zodiacal_ofiuco,242,0.5,0.5,0.5024242424242423,0.48,0.48949039264828736,0.506,0.5722840400913156,4.8,4.8,5.2,5.2
svm,signo_zodiacal_ofiuco,243,0.5,0.36,0.3313492063492064,0.27999999999999997,0.30306157550739593,0.35,0.453299272622802,2.8,5.6,4.4,7.2
svm,signo_zodiacal_ofiuco,244,0.5,0.45,0.4432900432900433,0.5,0.46695526695526696,0.48599999999999993,0.5702766014515241,5.0,6.0,4.0,5.0
svm,signo_zodiacal_ofiuco,245,0.5,0.62,0.6655555555555556,0.5,0.5651461988304094,0.624,0.7322721074075563,5.0,2.6,7.4,5.0
svm,signo_zodiacal_ofiuco,246,0.5,0.4800000000000001,0.46571428571428564,0.38,0.41281045751633993,0.47000000000000003,0.5219903419593821,3.8,4.2,5.8,6.2
svm,signo_zodiacal_ofiuco,247,0.5,0.6000000000000001,0.6068070818070818,0.56,0.5759381403209642,0.5980000000000001,0.6089387442622737,5.6,3.6,6.4,4.4
svm,signo_zodiacal_ofiuco,248,0.5,0.5,0.5142857142857142,0.32,0.3874509803921568,0.4600000000000001,0.5304086191586193,3.2,3.2,6.8,6.8
svm,signo_zodiacal_ofiuco,249,0.5,0.52,0.5273076923076923,0.6,0.5543680281071586,0.5940000000000001,0.6533190126866598,6.0,5.6,4.4,4.0
svm,signo_zodiacal_ofiuco,250,0.5,0.52,0.5109523809523809,0.38,0.4307843137254902,0.49000000000000005,0.5709262610454561,3.8,3.4,6.6,6.2
svm,signo_zodiacal_ofiuco,251,0.5,0.41,0.3672619047619048,0.42000000000000004,0.37975113122171944,0.43499999999999994,0.49403616601836414,4.2,6.0,4.0,5.8
svm,signo_zodiacal_ofiuco,252,0.5,0.4800000000000001,0.4694423223834988,0.52,0.4830376595082477,0.538,0.594015788133435,5.2,5.6,4.4,4.8
svm,signo_zodiacal_ofiuco,253,0.5,0.41,0.4197742127153892,0.44000000000000006,0.4159245335561125,0.372,0.4981062385327091,4.4,6.2,3.8,5.6
svm,signo_zodiacal_ofiuco,254,0.5,0.44000000000000006,0.39772727272727276,0.42000000000000004,0.4054834054834055,0.466,0.5521220980601785,4.2,5.4,4.6,5.8
svm,signo_zodiacal_ofiuco,255,0.5,0.51,0.5282106782106781,0.5,0.5090574028654524,0.512,0.5746192222809869,5.0,4.8,5.2,5.0
svm,signo_zodiacal_ofiuco,256,0.5,0.42000000000000004,0.4352597402597403,0.44000000000000006,0.4204761904761905,0.37399999999999994,0.48959368821752725,4.4,6.0,4.0,5.6
svm,signo_zodiacal_ofiuco,257,0.5,0.49000000000000005,0.48119658119658115,0.43999999999999995,0.4507805746249682,0.43200000000000005,0.5250168530300108,4.4,4.6,5.4,5.6
svm,signo_zodiacal_ofiuco,258,0.5,0.4,0.41500000000000004,0.42000000000000004,0.41474747474747475,0.454,0.5570924075924075,4.2,6.2,3.8,5.8
svm,signo_zodiacal_ofiuco,259,0.5,0.47000000000000003,0.44000000000000006,0.32,0.36,0.4670000000000001,0.5257778512337336,3.2,3.8,6.2,6.8
svm,signo_zodiacal_ofiuco,260,0.5,0.62,0.6347402597402597,0.6000000000000001,0.6036967418546366,0.6700000000000002,0.6860539901275194,6.0,3.6,6.4,4.0
svm,signo_zodiacal_ofiuco,261,0.5,0.53,0.5233333333333333,0.5399999999999999,0.5304306220095694,0.508,0.5499559102747957,5.4,4.8,5.2,4.6
svm,signo_zodiacal_ofiuco,262,0.5,0.51,0.5117424242424243,0.6599999999999999,0.5741425241425241,0.4999999999999999,0.5589622203561831,6.6,6.4,3.6,3.4
svm,signo_zodiacal_ofiuco,263,0.5,0.42000000000000004,0.39247863247863246,0.3,0.32783371472158657,0.392,0.4903429815798237,3.0,4.6,5.4,7.0
svm,signo_zodiacal_ofiuco,264,0.5,0.43,0.4621212121212121,0.41999999999999993,0.4139194139194139,0.43600000000000005,0.5336947029578608,4.2,5.6,4.4,5.8
svm,signo_zodiacal_ofiuco,265,0.5,0.32999999999999996,0.33470085470085476,0.39999999999999997,0.36041532025056056,0.324,0.4542506501066873,4.0,7.4,2.6,6.0
svm,signo_zodiacal_ofiuco,266,0.5,0.5900000000000001,0.5817099567099568,0.6599999999999999,0.6132756132756132,0.6300000000000001,0.636632308438036,6.6,4.8,5.2,3.4
svm,signo_zodiacal_ofiuco,267,0.5,0.53,0.5473015873015873,0.6199999999999999,0.5682435500515997,0.5660000000000001,0.6331914002749917,6.2,5.6,4.4,3.8
svm,signo_zodiacal_ofiuco,268,0.5,0.39,0.37272727272727274,0.3,0.32285714285714284,0.362,0.47445379010394484,3.0,5.2,4.8,7.0
svm,signo_zodiacal_ofiuco,269,0.5,0.58,0.5900000000000001,0.54,0.5622222222222222,0.5519999999999999,0.6541010574392927,5.4,3.8,6.2,4.6
svm,signo_zodiacal_ofiuco,270,0.5,0.4,0.41541514041514044,0.45999999999999996,0.43161361902780665,0.45199999999999996,0.5478791294704607,4.6,6.6,3.4,5.4
svm,signo_zodiacal_ofiuco,271,0.5,0.4800000000000001,0.4878210678210678,0.34,0.38765148164528973,0.42600000000000005,0.5147836362983422,3.4,3.8,6.2,6.6
svm,signo_zodiacal_ofiuco,272,0.5,0.52,0.5181818181818182,0.45999999999999996,0.47857142857142854,0.534,0.5955832500832502,4.6,4.2,5.8,5.4
svm,signo_zodiacal_ofiuco,273,0.5,0.55,0.5582417582417583,0.5399999999999999,0.5389030974708725,0.5980000000000001,0.6328120213120212,5.4,4.4,5.6,4.6
svm,signo_zodiacal_ofiuco,274,0.5,0.44000000000000006,0.4450349650349651,0.5,0.4696292113683418,0.40199999999999997,0.4630509104758331,5.0,6.2,3.8,5.0
svm,signo_zodiacal_ofiuco,275,0.5,0.43,0.40930402930402937,0.34,0.3572028766913678,0.316,0.4323734090986413,3.4,4.8,5.2,6.6
svm,signo_zodiacal_ofiuco,276,0.5,0.5399999999999999,0.5129870129870129,0.4800000000000001,0.4882650029708853,0.548,0.60713524444252,4.8,4.0,6.0,5.2
svm,signo_zodiacal_ofiuco,277,0.5,0.51,0.5114285714285713,0.68,0.5806666666666668,0.5800000000000001,0.6360566002624826,6.8,6.6,3.4,3.2
svm,signo_zodiacal_ofiuco,278,0.5,0.55,0.531948051948052,0.4,0.442351126685492,0.556,0.5873016515648095,4.0,3.0,7.0,6.0
svm,signo_zodiacal_ofiuco,279,0.5,0.52,0.518452380952381,0.6599999999999999,0.5778221778221778,0.504,0.5637648735853069,6.6,6.2,3.8,3.4
svm,signo_zodiacal_ofiuco,280,0.5,0.54,0.5270129870129869,0.7,0.5996450216450218,0.519,0.5545811790548633,7.0,6.2,3.8,3.0
svm,signo_zodiacal_ofiuco,281,0.5,0.53,0.5316666666666666,0.5599999999999999,0.5370909090909091,0.6020000000000001,0.6596931293680519,5.6,5.0,5.0,4.4
svm,signo_zodiacal_ofiuco,282,0.5,0.5,0.5301923076923077,0.5799999999999998,0.533098104793757,0.49000000000000005,0.5477067850450204,5.8,5.8,4.2,4.2
svm,signo_zodiacal_ofiuco,283,0.5,0.5900000000000001,0.5916666666666667,0.6599999999999999,0.6176565656565656,0.6100000000000001,0.6658757070243139,6.6,4.8,5.2,3.4
svm,signo_zodiacal_ofiuco,284,0.5,0.55,0.5388344988344989,0.66,0.5905070581592321,0.6000000000000001,0.6410948377388005,6.6,5.6,4.4,3.4
svm,signo_zodiacal_ofiuco,285,0.5,0.58,0.5813186813186813,0.6799999999999999,0.6165930403782067,0.5900000000000001,0.6090837208027611,6.8,5.2,4.8,3.2
svm,signo_zodiacal_ofiuco,286,0.5,0.49000000000000005,0.49980519480519475,0.48,0.4803968253968254,0.488,0.5523614837175208,4.8,5.0,5.0,5.2
svm,signo_zodiacal_ofiuco,287,0.5,0.51,0.5018759018759018,0.5,0.49765590446705,0.508,0.5868274909644878,5.0,4.8,5.2,5.0
svm,signo_zodiacal_ofiuco,288,0.5,0.52,0.510909090909091,0.5399999999999999,0.5238505354294828,0.524,0.5781416073606476,5.4,5.0,5.0,4.6
svm,signo_zodiacal_ofiuco,289,0.5,0.38,0.3213675213675214,0.33999999999999997,0.32906178489702514,0.294,0.447757709438824,3.4,5.8,4.2,6.6
svm,signo_zodiacal_ofiuco,290,0.5,0.55,0.571025641025641,0.6199999999999999,0.5634534161490683,0.5980000000000001,0.6812341188223542,6.2,5.2,4.8,3.8
svm,signo_zodiacal_ofiuco,291,0.5,0.51,0.544022644022644,0.48,0.49984167580075506,0.5200000000000001,0.6116554175099067,4.8,4.6,5.4,5.2
svm,signo_zodiacal_ofiuco,292,0.5,0.37,0.35320512820512817,0.30000000000000004,0.3125305853566723,0.33399999999999996,0.44984394630137664,3.0,5.6,4.4,7.0
svm,signo_zodiacal_ofiuco,293,0.5,0.5,0.49000000000000005,0.36,0.3904778554778555,0.524,0.614681290329897,3.6,3.6,6.4,6.4
svm,signo_zodiacal_ofiuco,294,0.5,0.5900000000000001,0.5789224664224665,0.7,0.6251129495980754,0.6460000000000001,0.687835458229421,7.0,5.2,4.8,3.0
svm,signo_zodiacal_ofiuco,295,0.5,0.51,0.5094505494505495,0.44000000000000006,0.4602955385052572,0.5820000000000001,0.6304288766788766,4.4,4.2,5.8,5.6
svm,signo_zodiacal_ofiuco,296,0.5,0.48,0.4833333333333334,0.54,0.5095238095238095,0.48200000000000004,0.5659639865638317,5.4,5.8,4.2,4.6
svm,signo_zodiacal_ofiuco,297,0.5,0.36,0.38354978354978353,0.38,0.36558441558441557,0.43600000000000005,0.5487677082119806,3.8,6.6,3.4,6.2
svm,signo_zodiacal_ofiuco,298,0.5,0.53,0.52,0.6199999999999999,0.563047619047619,0.51,0.5450410951277824,6.2,5.6,4.4,3.8
svm,signo_zodiacal_ofiuco,299,0.5,0.51,0.5131118881118881,0.5599999999999999,0.5307798481711525,0.506,0.5735070833878884,5.6,5.4,4.6,4.4
svm,signo_zodiacal_ofiuco,300,0.5,0.41,0.4009090909090909,0.4,0.3961471861471862,0.41,0.4905755072241139,4.0,5.8,4.2,6.0
svm,signo_zodiacal_ofiuco,301,0.5,0.4600000000000001,0.4639285714285714,0.5599999999999999,0.5017948717948718,0.422,0.5090813081827014,5.6,6.4,3.6,4.4
svm,signo_zodiacal_ofiuco,302,0.5,0.4600000000000001,0.4488888888888889,0.41999999999999993,0.42398830409356725,0.484,0.5760672285231109,4.2,5.0,5.0,5.8
svm,signo_zodiacal_ofiuco,303,0.5,0.45,0.45734265734265733,0.45999999999999996,0.4487750172532781,0.45200000000000007,0.5365414405855582,4.6,5.6,4.4,5.4
svm,signo_zodiacal_ofiuco,304,0.5,0.39,0.39987179487179486,0.4,0.3960298638559508,0.374,0.5124992101981267,4.0,6.2,3.8,6.0
svm,signo_zodiacal_ofiuco,305,0.5,0.5,0.5,0.48,0.4772564896403906,0.49399999999999994,0.5783021978021978,4.8,4.8,5.2,5.2
svm,signo_zodiacal_ofiuco,306,0.5,0.4600000000000001,0.453021978021978,0.45999999999999996,0.4506936371386499,0.49400000000000005,0.533455312231628,4.6,5.4,4.6,5.4
svm,signo_zodiacal_ofiuco,307,0.5,0.41000000000000003,0.427637460578637,0.45999999999999996,0.42316709648517425,0.38000000000000006,0.47579790943490635,4.6,6.4,3.6,5.4
svm,signo_zodiacal_ofiuco,308,0.5,0.63,0.6601298701298701,0.5399999999999999,0.584313725490196,0.608,0.632080815813014,5.4,2.8,7.2,4.6
svm,signo_zodiacal_ofiuco,309,0.5,0.5200000000000001,0.5123469994058228,0.72,0.5886917293233083,0.5039999999999999,0.5408170218154738,7.2,6.8,3.2,2.8
svm,signo_zodiacal_ofiuco,310,0.5,0.58,0.6177777777777778,0.5,0.5445614035087718,0.594,0.6636265576528733,5.0,3.4,6.6,5.0
svm,signo_zodiacal_ofiuco,311,0.5,0.5,0.4992424242424242,0.45999999999999996,0.4776942355889725,0.4840000000000001,0.5321092508282911,4.6,4.6,5.4,5.4
svm,signo_zodiacal_ofiuco,312,0.5,0.52,0.5170274170274171,0.42000000000000004,0.4525431225121627,0.514,0.5714644130379425,4.2,3.8,6.2,5.8
svm,signo_zodiacal_ofiuco,313,0.5,0.5200000000000001,0.5172678198993987,0.6799999999999999,0.5808069990978536,0.522,0.5623171040345962,6.8,6.4,3.6,3.2
svm,signo_zodiacal_ofiuco,314,0.5,0.44000000000000006,0.4333333333333333,0.32,0.3652046783625731,0.417,0.5047704534028064,3.2,4.4,5.6,6.8
svm,signo_zodiacal_ofiuco,315,0.5,0.4600000000000001,0.48277777777777775,0.34,0.3837047163362952,0.44400000000000006,0.5483644148249411,3.4,4.2,5.8,6.6
svm,signo_zodiacal_ofiuco,316,0.5,0.49000000000000005,0.495,0.44000000000000006,0.4522222222222222,0.481,0.5214867138365591,4.4,4.6,5.4,5.6
svm,signo_zodiacal_ofiuco,317,0.5,0.48,0.4111111111111111,0.36,0.3830409356725146,0.514,0.5991477847917476,3.6,4.0,6.0,6.4
svm,signo_zodiacal_ofiuco,318,0.5,0.5900000000000001,0.6142857142857142,0.48,0.5356381148950808,0.584,0.6367000946250172,4.8,3.0,7.0,5.2
svm,signo_zodiacal_ofiuco,319,0.5,0.45999999999999996,0.4412337662337663,0.45999999999999996,0.44619302266361094,0.47400000000000003,0.5591463630109141,4.6,5.4,4.6,5.4
svm,signo_zodiacal_ofiuco,320,0.5,0.5599999999999999,0.5453496503496503,0.58,0.5591304347826086,0.542,0.589242386698269,5.8,4.6,5.4,4.2
svm,signo_zodiacal_ofiuco,321,0.5,0.57,0.5933766233766234,0.48,0.515676088617265,0.5820000000000001,0.6350552939492567,4.8,3.4,6.6,5.2
svm,signo_zodiacal_ofiuco,322,0.5,0.6000000000000001,0.5867379679144384,0.72,0.6367496519075466,0.6319999999999999,0.6498934094800968,7.2,5.2,4.8,2.8
svm,signo_zodiacal_ofiuco,323,0.5,0.51,0.5042735042735043,0.62,0.5534463629429305,0.53,0.6029770764151567,6.2,6.0,4.0,3.8
svm,signo_zodiacal_ofiuco,324,0.5,0.49000000000000005,0.4833333333333334,0.38,0.4126528442317916,0.4699999999999999,0.5087065814302656,3.8,4.0,6.0,6.2
svm,signo_zodiacal_ofiuco,325,0.5,0.5800000000000001,0.6168253968253967,0.44000000000000006,0.5094461644306845,0.596,0.6254669742022683,4.4,2.8,7.2,5.6
svm,signo_zodiacal_ofiuco,326,0.5,0.49000000000000005,0.48897435897435904,0.54,0.5096003513394818,0.45199999999999996,0.5563507413638993,5.4,5.6,4.4,4.6
svm,signo_zodiacal_ofiuco,327,0.5,0.48,0.4859786721706226,0.6599999999999999,0.5449410499428649,0.45599999999999996,0.5257092450033627,6.6,7.0,3.0,3.4
svm,signo_zodiacal_ofiuco,328,0.5,0.51,0.5166666666666666,0.62,0.5584836216415164,0.5199999999999999,0.5872724389473615,6.2,6.0,4.0,3.8
svm,signo_zodiacal_ofiuco,329,0.5,0.48,0.4666666666666666,0.27999999999999997,0.35,0.5239999999999999,0.5794612332112332,2.8,3.2,6.8,7.2
svm,signo_zodiacal_ofiuco,330,0.5,0.51,0.5115151515151515,0.44000000000000006,0.46190476190476193,0.446,0.5228806950703235,4.4,4.2,5.8,5.6
svm,signo_zodiacal_ofiuco,331,0.5,0.56,0.541978021978022,0.78,0.6388160535117057,0.522,0.5332421369480194,7.8,6.6,3.4,2.2
svm,signo_zodiacal_ofiuco,332,0.5,0.52,0.5136507936507936,0.44000000000000006,0.47170278637770896,0.5660000000000001,0.6316793455942064,4.4,4.0,6.0,5.6
svm,signo_zodiacal_ofiuco,333,0.5,0.52,0.525,0.52,0.5187666135034555,0.562,0.6242445326431394,5.2,4.8,5.2,4.8
svm,signo_zodiacal_ofiuco,334,0.5,0.39999999999999997,0.4124819624819625,0.45999999999999996,0.4322624743677375,0.316,0.4439678871180419,4.6,6.6,3.4,5.4
svm,signo_zodiacal_ofiuco,335,0.5,0.51,0.4954401154401154,0.4600000000000001,0.4597243107769423,0.504,0.567739787560221,4.6,4.4,5.6,5.4
svm,signo_zodiacal_ofiuco,336,0.5,0.5,0.5031746031746032,0.4,0.4422170622635019,0.45600000000000007,0.557509596011144,4.0,4.0,6.0,6.0
svm,signo_zodiacal_ofiuco,337,0.5,0.4,0.3404761904761905,0.2,0.24593100398053958,0.32,0.4754044803665547,2.0,4.0,6.0,8.0
svm,signo_zodiacal_ofiuco,338,0.5,0.38,0.3754545454545455,0.4,0.3859163059163059,0.37600000000000006,0.5062033516019584,4.0,6.4,3.6,6.0
svm,signo_zodiacal_ofiuco,339,0.5,0.49000000000000005,0.4698412698412698,0.32,0.3729862930327327,0.47000000000000003,0.5630872595756495,3.2,3.4,6.6,6.8
svm,signo_zodiacal_ofiuco,340,0.5,0.53,0.5338661338661339,0.52,0.5212724906896397,0.5619999999999999,0.6592391682964438,5.2,4.6,5.4,4.8
svm,signo_zodiacal_ofiuco,341,0.5,0.54,0.5251526251526252,0.62,0.5615052123061275,0.512,0.5552404535608869,6.2,5.4,4.6,3.8
svm,signo_zodiacal_ofiuco,342,0.5,0.5,0.5141176470588236,0.48,0.4762962962962963,0.434,0.5494893731998995,4.8,4.8,5.2,5.2
svm,signo_zodiacal_ofiuco,343,0.5,0.63,0.6127738927738927,0.7,0.6522040278562018,0.62,0.6783137120017925,7.0,4.4,5.6,3.0
svm,signo_zodiacal_ofiuco,344,0.5,0.5700000000000001,0.5684188034188036,0.62,0.5847220950928044,0.5740000000000001,0.604932721045724,6.2,4.8,5.2,3.8
svm,signo_zodiacal_ofiuco,345,0.5,0.51,0.5088888888888888,0.44000000000000006,0.4708771929824561,0.5820000000000001,0.6360511042964603,4.4,4.2,5.8,5.6
svm,signo_zodiacal_ofiuco,346,0.5,0.45999999999999996,0.48396825396825405,0.48,0.47297720236419927,0.4699999999999999,0.529024105581381,4.8,5.6,4.4,5.2
svm,signo_zodiacal_ofiuco,347,0.5,0.45,0.45781995781995777,0.52,0.4837964476408413,0.496,0.5803300773873529,5.2,6.2,3.8,4.8
svm,signo_zodiacal_ofiuco,348,0.5,0.51,0.5353535353535354,0.4,0.4398174924490713,0.5039999999999999,0.5743554027671676,4.0,3.8,6.2,6.0
svm,signo_zodiacal_ofiuco,349,0.5,0.55,0.5422222222222223,0.56,0.5476448697501329,0.524,0.558508887139692,5.6,4.6,5.4,4.4
svm,signo_zodiacal_ofiuco,350,0.5,0.54,0.5285714285714286,0.7000000000000001,0.6018445322793149,0.5800000000000001,0.6067495358099073,7.0,6.2,3.8,3.0
svm,signo_zodiacal_ofiuco,351,0.5,0.55,0.54004329004329,0.66,0.5930735930735931,0.58,0.6103352839970486,6.6,5.6,4.4,3.4
svm,signo_zodiacal_ofiuco,352,0.5,0.51,0.5148051948051948,0.58,0.5438095238095239,0.47400000000000003,0.5412796021487971,5.8,5.6,4.4,4.2
svm,signo_zodiacal_ofiuco,353,0.5,0.49000000000000005,0.49067460317460315,0.6,0.5343270764323396,0.4760000000000001,0.5242042952747287,6.0,6.2,3.8,4.0
svm,signo_zodiacal_ofiuco,354,0.5,0.45999999999999996,0.43575757575757573,0.34,0.3697608274078862,0.44399999999999995,0.5314613452423049,3.4,4.2,5.8,6.6
svm,signo_zodiacal_ofiuco,355,0.5,0.5,0.5044444444444445,0.58,0.5358778765094554,0.514,0.5551451958773941,5.8,5.8,4.2,4.2
svm,signo_zodiacal_ofiuco,356,0.5,0.45,0.4375757575757576,0.39999999999999997,0.40970912128806863,0.41200000000000003,0.49786291709666325,4.0,5.0,5.0,6.0
svm,signo_zodiacal_ofiuco,357,0.5,0.55,0.5483766233766234,0.5599999999999999,0.548203842940685,0.5660000000000001,0.6249296326308709,5.6,4.6,5.4,4.4
svm,signo_zodiacal_ofiuco,358,0.5,0.43,0.4490384615384616,0.62,0.5200111482720179,0.374,0.47263848286216703,6.2,7.6,2.4,3.8
svm,signo_zodiacal_ofiuco,359,0.5,0.51,0.5061771561771562,0.6200000000000001,0.5561547148503669,0.522,0.5915517147970709,6.2,6.0,4.0,3.8
svm,signo_zodiacal_ofiuco,360,0.5,0.43000000000000005,0.42233766233766235,0.5,0.4516302521008403,0.385,0.46505426109837866,5.0,6.4,3.6,5.0
svm,signo_zodiacal_ofiuco,361,0.5,0.53,0.5415934065934065,0.4,0.44481467949498643,0.491,0.5424293853721098,4.0,3.4,6.6,6.0
svm,signo_zodiacal_ofiuco,362,0.5,0.6199999999999999,0.64,0.56,0.596140350877193,0.624,0.6635883462942287,5.6,3.2,6.8,4.4
svm,signo_zodiacal_ofiuco,363,0.5,0.43,0.41904761904761906,0.4800000000000001,0.4392448512585812,0.42000000000000004,0.49484863279135716,4.8,6.2,3.8,5.2
svm,signo_zodiacal_ofiuco,364,0.5,0.48999999999999994,0.4874902874902875,0.5199999999999999,0.5011877519886674,0.48999999999999994,0.5522434875066453,5.2,5.4,4.6,4.8
svm,signo_zodiacal_ofiuco,365,0.5,0.48,0.48461538461538467,0.43999999999999995,0.4484015345268542,0.43,0.5270888566198163,4.4,4.8,5.2,5.6
svm,signo_zodiacal_ofiuco,366,0.5,0.54,0.5311688311688312,0.5399999999999999,0.5324929971988797,0.546,0.6207634567015371,5.4,4.6,5.4,4.6
svm,signo_zodiacal_ofiuco,367,0.5,0.57,0.599047619047619,0.44000000000000006,0.4915983363042186,0.6219999999999999,0.645106790268555,4.4,3.0,7.0,5.6
svm,signo_zodiacal_ofiuco,368,0.5,0.45,0.4534432234432234,0.5800000000000001,0.5071409749670619,0.49000000000000005,0.5885019810770584,5.8,6.8,3.2,4.2
svm,signo_zodiacal_ofiuco,369,0.5,0.48999999999999994,0.49111111111111105,0.5,0.4893099415204678,0.488,0.5481113341422938,5.0,5.2,4.8,5.0
svm,signo_zodiacal_ofiuco,370,0.5,0.5599999999999999,0.5796536796536796,0.5,0.5317853457172343,0.5740000000000001,0.5907566307961045,5.0,3.8,6.2,5.0
svm,signo_zodiacal_ofiuco,371,0.5,0.47000000000000003,0.4679822954822955,0.52,0.4811375379231079,0.4960000000000001,0.5515455088427225,5.2,5.8,4.2,4.8
svm,signo_zodiacal_ofiuco,372,0.5,0.53,0.5148051948051948,0.5399999999999999,0.5177628384687207,0.542,0.6165915926179083,5.4,4.8,5.2,4.6
svm,signo_zodiacal_ofiuco,373,0.5,0.48999999999999994,0.4951515151515151,0.56,0.5224761904761904,0.5239999999999999,0.5875417550285971,5.6,5.8,4.2,4.4
svm,signo_zodiacal_ofiuco,374,0.5,0.44000000000000006,0.4460606060606061,0.5199999999999999,0.4748975468975469,0.45,0.5449461937271535,5.2,6.4,3.6,4.8
svm,signo_zodiacal_ofiuco,375,0.5,0.51,0.5061471861471862,0.6,0.547056277056277,0.571,0.6063269226473561,6.0,5.8,4.2,4.0
svm,signo_zodiacal_ofiuco,376,0.5,0.51,0.5252622377622378,0.66,0.5804210861602166,0.49800000000000005,0.5877089691354397,6.6,6.4,3.6,3.4
svm,signo_zodiacal_ofiuco,377,0.5,0.41000000000000003,0.4057875457875458,0.47999999999999987,0.43173913043478257,0.41600000000000004,0.5016280380266448,4.8,6.6,3.4,5.2
svm,signo_zodiacal_ofiuco,378,0.5,0.51,0.5066666666666667,0.6199999999999999,0.5556363636363637,0.4779999999999999,0.5429911677589695,6.2,6.0,4.0,3.8
svm,signo_zodiacal_ofiuco,379,0.5,0.49000000000000005,0.5022222222222222,0.36,0.4076691729323308,0.514,0.5305651929769578,3.6,3.8,6.2,6.4
svm,signo_zodiacal_ofiuco,380,0.5,0.45999999999999996,0.46234737484737487,0.48,0.45847976226223636,0.44400000000000006,0.5500402740534319,4.8,5.6,4.4,5.2
svm,signo_zodiacal_ofiuco,381,0.5,0.51,0.5033333333333334,0.38,0.4211616161616162,0.592,0.6388515438809557,3.8,3.6,6.4,6.2
svm,signo_zodiacal_ofiuco,382,0.5,0.43999999999999995,0.4147368421052631,0.52,0.4489864158829676,0.392,0.48671258583178095,5.2,6.4,3.6,4.8
svm,signo_zodiacal_ofiuco,383,0.5,0.39,0.3809079809079809,0.36,0.3638200360235627,0.388,0.5057469650232809,3.6,5.8,4.2,6.4
svm,signo_zodiacal_ofiuco,384,0.5,0.45999999999999996,0.46479076479076475,0.58,0.5080200501253133,0.398,0.48760338010802406,5.8,6.6,3.4,4.2
svm,signo_zodiacal_ofiuco,385,0.5,0.45,0.44856819650937296,0.5,0.4610362792459979,0.4,0.5033759141615178,5.0,6.0,4.0,5.0
svm,signo_zodiacal_ofiuco,386,0.5,0.45,0.4392929292929293,0.44000000000000006,0.4382790309106099,0.438,0.5332257850508625,4.4,5.4,4.6,5.6
svm,signo_zodiacal_ofiuco,387,0.5,0.43,0.4111111111111111,0.38,0.39066985645933017,0.39999999999999997,0.49481557331557324,3.8,5.2,4.8,6.2
svm,signo_zodiacal_ofiuco,388,0.5,0.42000000000000004,0.42540792540792544,0.38,0.37392394028549636,0.315,0.4284300736243461,3.8,5.4,4.6,6.2
svm,signo_zodiacal_ofiuco,389,0.5,0.52,0.518986013986014,0.52,0.5143685300207039,0.576,0.6743834144012162,5.2,4.8,5.2,4.8
svm,signo_zodiacal_ofiuco,390,0.5,0.43,0.42945054945054945,0.4800000000000001,0.40931141152113015,0.386,0.48679350388173914,4.8,6.2,3.8,5.2
svm,signo_zodiacal_ofiuco,391,0.5,0.58,0.5866666666666667,0.66,0.6123751686909582,0.5599999999999999,0.6161496640614287,6.6,5.0,5.0,3.4
svm,signo_zodiacal_ofiuco,392,0.5,0.45999999999999996,0.4023809523809524,0.44000000000000006,0.40811688311688316,0.414,0.5038332146010165,4.4,5.2,4.8,5.6
svm,signo_zodiacal_ofiuco,393,0.5,0.48,0.4932900432900432,0.44000000000000006,0.45673542144130375,0.45,0.539346551109709,4.4,4.8,5.2,5.6
svm,signo_zodiacal_ofiuco,394,0.5,0.49000000000000005,0.49111111111111116,0.5,0.48611785874943775,0.534,0.5719606124869283,5.0,5.2,4.8,5.0
svm,signo_zodiacal_ofiuco,395,0.5,0.45,0.43888888888888883,0.45999999999999996,0.44688995215311006,0.51,0.5648151831828303,4.6,5.6,4.4,5.4
svm,signo_zodiacal_ofiuco,396,0.5,0.5,0.5155555555555555,0.4600000000000001,0.4796172248803828,0.5640000000000001,0.6331498862334775,4.6,4.6,5.4,5.4
svm,signo_zodiacal_ofiuco,397,0.5,0.5,0.48666666666666664,0.58,0.5190909090909092,0.56,0.6268225626282902,5.8,5.8,4.2,4.2
svm,signo_zodiacal_ofiuco,398,0.5,0.5800000000000001,0.5720512820512821,0.7,0.6274176548089592,0.572,0.6225022477522477,7.0,5.4,4.6,3.0
svm,signo_zodiacal_ofiuco,399,0.5,0.5900000000000001,0.5726495726495726,0.6199999999999999,0.5850062408986894,0.624,0.6573542111483288,6.2,4.4,5.6,3.8
svm,signo_zodiacal_ofiuco,400,0.5,0.51,0.5041569541569542,0.54,0.5173493681502834,0.526,0.5780072319321545,5.4,5.2,4.8,4.6
svm,signo_zodiacal_ofiuco,401,0.5,0.53,0.5428571428571429,0.45999999999999996,0.49105975723622775,0.576,0.6529247233674478,4.6,4.0,6.0,5.4
svm,signo_zodiacal_ofiuco,402,0.5,0.6,0.6233766233766234,0.48,0.5322128851540616,0.618,0.6541915317224914,4.8,2.8,7.2,5.2
svm,signo_zodiacal_ofiuco,403,0.5,0.63,0.6543900543900543,0.5799999999999998,0.5886388211331003,0.648,0.6704942808309682,5.8,3.2,6.8,4.2
svm,signo_zodiacal_ofiuco,404,0.5,0.59,0.6295238095238095,0.42000000000000004,0.49896284829721366,0.674,0.7046510233832215,4.2,2.4,7.6,5.8
svm,signo_zodiacal_ofiuco,405,0.5,0.54,0.5402020202020201,0.5,0.5173266499582289,0.536,0.5994114012922063,5.0,4.2,5.8,5.0
svm,signo_zodiacal_ofiuco,406,0.5,0.43000000000000005,0.42007575757575755,0.41999999999999993,0.4084859584859585,0.43,0.5109958380972313,4.2,5.6,4.4,5.8
svm,signo_zodiacal_ofiuco,407,0.5,0.61,0.5916483516483517,0.68,0.6291304347826087,0.634,0.613862106847401,6.8,4.6,5.4,3.2
svm,signo_zodiacal_ofiuco,408,0.5,0.45999999999999996,0.4848151848151849,0.48,0.47403077172898145,0.4539999999999999,0.5462944571768101,4.8,5.6,4.4,5.2
svm,signo_zodiacal_ofiuco,409,0.5,0.44000000000000006,0.3555555555555555,0.32,0.3362573099415204,0.46799999999999997,0.5383709068709067,3.2,4.4,5.6,6.8
svm,signo_zodiacal_ofiuco,410,0.5,0.5800000000000001,0.6256410256410256,0.5599999999999999,0.5720245937637243,0.624,0.6761878950083283,5.6,4.0,6.0,4.4
svm,signo_zodiacal_ofiuco,411,0.5,0.54,0.5347186147186147,0.52,0.5229029793735676,0.532,0.583192814925013,5.2,4.4,5.6,4.8
svm,signo_zodiacal_ofiuco,412,0.5,0.45999999999999996,0.4371428571428571,0.32,0.3650980392156863,0.51,0.5264413702912154,3.2,4.0,6.0,6.8
svm,signo_zodiacal_ofiuco,413,0.5,0.5800000000000001,0.5848484848484847,0.62,0.5906926406926407,0.5960000000000001,0.6421019586708441,6.2,4.6,5.4,3.8
svm,signo_zodiacal_ofiuco,414,0.5,0.49000000000000005,0.48,0.43999999999999995,0.4523308270676692,0.4760000000000001,0.5352814958519294,4.4,4.6,5.4,5.6
svm,signo_zodiacal_ofiuco,415,0.5,0.45999999999999996,0.4811655011655011,0.33999999999999997,0.37206641184902056,0.39,0.5350170611981758,3.4,4.2,5.8,6.6
svm,signo_zodiacal_ofiuco,416,0.5,0.56,0.5428571428571429,0.6599999999999999,0.5924242424242424,0.5820000000000001,0.6257999406853896,6.6,5.4,4.6,3.4
svm,signo_zodiacal_ofiuco,417,0.5,0.39,0.36896103896103893,0.36,0.36197945845004664,0.438,0.530049246505129,3.6,5.8,4.2,6.4
svm,signo_zodiacal_ofiuco,418,0.5,0.43,0.4290476190476191,0.48,0.4409090909090909,0.462,0.5310540935672514,4.8,6.2,3.8,5.2
svm,signo_zodiacal_ofiuco,419,0.5,0.45999999999999996,0.4696103896103896,0.52,0.49190476190476184,0.47400000000000003,0.5555725957049485,5.2,6.0,4.0,4.8
svm,signo_zodiacal_ofiuco,420,0.5,0.55,0.5838095238095239,0.48,0.5096938424492604,0.608,0.6460393948157106,4.8,3.8,6.2,5.2
svm,signo_zodiacal_ofiuco,421,0.5,0.55,0.5903474303474303,0.5,0.5255014774788634,0.564,0.6034801875111473,5.0,4.0,6.0,5.0
svm,signo_zodiacal_ofiuco,422,0.5,0.48,0.4769230769230769,0.6199999999999999,0.5370434782608695,0.472,0.5331316112508062,6.2,6.6,3.4,3.8
svm,signo_zodiacal_ofiuco,423,0.5,0.47000000000000003,0.434920634920635,0.34,0.37198010108226826,0.502,0.5507357446475094,3.4,4.0,6.0,6.6
svm,signo_zodiacal_ofiuco,424,0.5,0.47000000000000003,0.4772222222222222,0.52,0.4893076514129146,0.43600000000000005,0.4922820306628356,5.2,5.8,4.2,4.8
svm,signo_zodiacal_ofiuco,425,0.5,0.49000000000000005,0.495,0.4,0.4307575757575757,0.47700000000000004,0.5443511472187942,4.0,4.2,5.8,6.0
svm,signo_zodiacal_ofiuco,426,0.5,0.54,0.5377655677655678,0.6599999999999999,0.5907509881422925,0.548,0.5976450292054006,6.6,5.8,4.2,3.4
svm,signo_zodiacal_ofiuco,427,0.5,0.51,0.5046886446886447,0.5800000000000001,0.5320269704719833,0.5660000000000001,0.6238566880316105,5.8,5.6,4.4,4.2
svm,signo_zodiacal_ofiuco,428,0.5,0.51,0.5383333333333333,0.4,0.45111111111111113,0.488,0.5621403986450426,4.0,3.8,6.2,6.0
svm,signo_zodiacal_ofiuco,429,0.5,0.5599999999999999,0.566025641025641,0.6399999999999999,0.5925674132630654,0.5920000000000001,0.6405730060273405,6.4,5.2,4.8,3.6
svm,signo_zodiacal_ofiuco,430,0.5,0.45999999999999996,0.4440476190476191,0.44000000000000006,0.4340909090909091,0.458,0.5194693800351695,4.4,5.2,4.8,5.6
svm,signo_zodiacal_ofiuco,431,0.5,0.5700000000000001,0.5808547008547008,0.4600000000000001,0.4977269260106788,0.5700000000000001,0.6115550729799957,4.6,3.2,6.8,5.4
svm,signo_zodiacal_ofiuco,432,0.5,0.51,0.5181240981240981,0.48,0.4955712811440366,0.48200000000000004,0.555116262993972,4.8,4.6,5.4,5.2
svm,signo_zodiacal_ofiuco,433,0.5,0.5,0.4835281385281385,0.6,0.5301471861471861,0.542,0.5966032731458427,6.0,6.0,4.0,4.0
svm,signo_zodiacal_ofiuco,434,0.5,0.4600000000000001,0.43313852813852816,0.38,0.40098506069094303,0.44799999999999995,0.5302531449458694,3.8,4.6,5.4,6.2
svm,signo_zodiacal_ofiuco,435,0.5,0.42000000000000004,0.4143939393939394,0.4,0.4039948355737829,0.34199999999999997,0.4560615348703584,4.0,5.6,4.4,6.0
svm,signo_zodiacal_ofiuco,436,0.5,0.5700000000000001,0.5561904761904761,0.5399999999999999,0.5368713450292397,0.576,0.5912198434520416,5.4,4.0,6.0,4.6
svm,signo_zodiacal_ofiuco,437,0.5,0.5700000000000001,0.6317832167832167,0.5199999999999999,0.5349992036948559,0.5780000000000001,0.6200334089714894,5.2,3.8,6.2,4.8
svm,signo_zodiacal_ofiuco,438,0.5,0.53,0.5258741258741259,0.68,0.5903105590062112,0.518,0.5795066589756992,6.8,6.2,3.8,3.2
svm,signo_zodiacal_ofiuco,439,0.5,0.5700000000000001,0.5728787878787879,0.64,0.5988686868686869,0.54,0.6437805558734351,6.4,5.0,5.0,3.6
svm,signo_zodiacal_ofiuco,440,0.5,0.58,0.575011655011655,0.64,0.6024234499291709,0.534,0.571010311583841,6.4,4.8,5.2,3.6
svm,signo_zodiacal_ofiuco,441,0.5,0.5,0.4987789987789987,0.54,0.49787512258908134,0.506,0.5687688422688423,5.4,5.4,4.6,4.6
svm,signo_zodiacal_ofiuco,442,0.5,0.54,0.5216483516483517,0.4,0.4359371574716843,0.556,0.6242205627190146,4.0,3.2,6.8,6.0
svm,signo_zodiacal_ofiuco,443,0.5,0.4800000000000001,0.4802020202020202,0.5,0.4886397812713602,0.46799999999999997,0.5439032999164578,5.0,5.4,4.6,5.0
svm,signo_zodiacal_ofiuco,444,0.5,0.44000000000000006,0.4397979797979798,0.42000000000000004,0.4283375104427735,0.41600000000000004,0.4993147416738748,4.2,5.4,4.6,5.8
svm,signo_zodiacal_ofiuco,445,0.5,0.52,0.5166666666666666,0.52,0.5167464114832535,0.48600000000000004,0.5258780104484438,5.2,4.8,5.2,4.8
svm,signo_zodiacal_ofiuco,446,0.5,0.5199999999999999,0.4587301587301587,0.34,0.3882696938424492,0.53,0.5922085973881639,3.4,3.0,7.0,6.6
svm,signo_zodiacal_ofiuco,447,0.5,0.54,0.547689075630252,0.62,0.5661715191126956,0.43200000000000005,0.49193080268544664,6.2,5.4,4.6,3.8
svm,signo_zodiacal_ofiuco,448,0.5,0.47000000000000003,0.4843434343434344,0.5399999999999999,0.5073251310093415,0.43200000000000005,0.5348711880654605,5.4,6.0,4.0,4.6
svm,signo_zodiacal_ofiuco,449,0.5,0.36,0.30452991452991457,0.33999999999999997,0.31946744331183685,0.41,0.48518357416577224,3.4,6.2,3.8,6.6
svm,signo_zodiacal_ofiuco,450,0.5,0.4,0.36857142857142855,0.25999999999999995,0.3015686274509804,0.371,0.46333595266103006,2.6,4.6,5.4,7.4
svm,signo_zodiacal_ofiuco,451,0.5,0.6,0.6152991452991453,0.54,0.5629900839054157,0.5630000000000001,0.6108930981299402,5.4,3.4,6.6,4.6
svm,signo_zodiacal_ofiuco,452,0.5,0.57,0.5646825396825397,0.5599999999999999,0.5558479532163743,0.526,0.5950033746782972,5.6,4.2,5.8,4.4
svm,signo_zodiacal_ofiuco,453,0.5,0.6000000000000001,0.6666666666666666,0.41999999999999993,0.5066666666666666,0.582,0.62929926549199,4.2,2.2,7.8,5.8
svm,signo_zodiacal_ofiuco,454,0.5,0.38,0.3899267399267399,0.4800000000000001,0.4256490738587925,0.292,0.4325945774212028,4.8,7.2,2.8,5.2
svm,signo_zodiacal_ofiuco,455,0.5,0.45999999999999996,0.46909090909090906,0.54,0.4993766233766233,0.46799999999999997,0.5758372030446334,5.4,6.2,3.8,4.6
svm,signo_zodiacal_ofiuco,456,0.5,0.41,0.4043939393939394,0.36,0.37730158730158736,0.43600000000000005,0.5510528905219307,3.6,5.4,4.6,6.4
svm,signo_zodiacal_ofiuco,457,0.5,0.5900000000000001,0.6026623376623377,0.52,0.5536321195144724,0.611,0.6916732238349885,5.2,3.4,6.6,4.8
svm,signo_zodiacal_ofiuco,458,0.5,0.42000000000000004,0.42020202020202024,0.4600000000000001,0.43554887218045113,0.492,0.5989590507531684,4.6,6.2,3.8,5.4
svm,signo_zodiacal_ofiuco,459,0.5,0.58,0.6063131313131314,0.54,0.5618800789853421,0.6080000000000001,0.6432572766071217,5.4,3.8,6.2,4.6
svm,signo_zodiacal_ofiuco,460,0.5,0.54,0.5232717282717283,0.6,0.554368530020704,0.47800000000000004,0.5409418632622968,6.0,5.2,4.8,4.0
svm,signo_zodiacal_ofiuco,461,0.5,0.48,0.4834188034188034,0.45999999999999996,0.4673887617594711,0.488,0.5419103314985668,4.6,5.0,5.0,5.4
svm,signo_zodiacal_ofiuco,462,0.5,0.55,0.5652020202020202,0.44000000000000006,0.4856599832915622,0.493,0.54019845737338,4.4,3.4,6.6,5.6
svm,signo_zodiacal_ofiuco,463,0.5,0.5,0.5,0.58,0.5363636363636364,0.49400000000000005,0.5453495458789577,5.8,5.8,4.2,4.2
svm,signo_zodiacal_ofiuco,464,0.5,0.4,0.3933333333333333,0.4,0.39583959899749377,0.312,0.4328003226563598,4.0,6.0,4.0,6.0
svm,signo_zodiacal_ofiuco,465,0.5,0.48,0.4796536796536796,0.5599999999999999,0.5131578947368421,0.47800000000000004,0.5868881057882606,5.6,6.0,4.0,4.4
svm,signo_zodiacal_ofiuco,466,0.5,0.6299999999999999,0.696111111111111,0.5,0.5656599832915623,0.6279999999999999,0.6354614449877608,5.0,2.4,7.6,5.0
svm,signo_zodiacal_ofiuco,467,0.5,0.41999999999999993,0.4434343434343434,0.33999999999999997,0.37151211361737674,0.40199999999999997,0.5411748823072353,3.4,5.0,5.0,6.6
svm,signo_zodiacal_ofiuco,468,0.5,0.5199999999999999,0.5221367521367521,0.5599999999999999,0.5379113792386103,0.54,0.5879344168902993,5.6,5.2,4.8,4.4
svm,signo_zodiacal_ofiuco,469,0.5,0.5700000000000001,0.5749084249084249,0.6599999999999999,0.6050647136324886,0.522,0.5602235542235543,6.6,5.2,4.8,3.4
svm,signo_zodiacal_ofiuco,470,0.5,0.55,0.5321678321678321,0.54,0.5297319385420073,0.624,0.6628067755258158,5.4,4.4,5.6,4.6
svm,signo_zodiacal_ofiuco,471,0.5,0.5199999999999999,0.5153846153846153,0.6599999999999999,0.5723671497584542,0.506,0.6034569987116427,6.6,6.2,3.8,3.4
svm,signo_zodiacal_ofiuco,472,0.5,0.37,0.3667424242424243,0.44000000000000006,0.39606171606171603,0.346,0.4720276437528759,4.4,7.0,3.0,5.6
svm,signo_zodiacal_ofiuco,473,0.5,0.47000000000000003,0.4925,0.4,0.41340659340659336,0.476,0.5806985730987279,4.0,4.6,5.4,6.0
svm,signo_zodiacal_ofiuco,474,0.5,0.51,0.5030580530580531,0.6,0.5444025082469018,0.488,0.5526452432156767,6.0,5.8,4.2,4.0
svm,signo_zodiacal_ofiuco,475,0.5,0.61,0.6019047619047619,0.6599999999999999,0.6219964349376114,0.662,0.6838453447996791,6.6,4.4,5.6,3.4
svm,signo_zodiacal_ofiuco,476,0.5,0.4600000000000001,0.5511363636363636,0.4600000000000001,0.4457875457875458,0.45199999999999996,0.547754956859446,4.6,5.4,4.6,5.4
svm,signo_zodiacal_ofiuco,477,0.5,0.49000000000000005,0.4854700854700855,0.54,0.5083420012481797,0.48599999999999993,0.5742533861047793,5.4,5.6,4.4,4.6
svm,signo_zodiacal_ofiuco,478,0.5,0.41,0.4111688311688312,0.36000000000000004,0.37796918767507004,0.378,0.5395750973312893,3.6,5.4,4.6,6.4
svm,signo_zodiacal_ofiuco,479,0.5,0.4600000000000001,0.4568160597572362,0.5,0.4670127487464949,0.374,0.482014636722067,5.0,5.8,4.2,5.0
svm,signo_zodiacal_ofiuco,480,0.5,0.49000000000000005,0.49444444444444446,0.4,0.43506113769271665,0.43200000000000005,0.5226075601385199,4.0,4.2,5.8,6.0
svm,signo_zodiacal_ofiuco,481,0.5,0.54,0.5327472527472528,0.72,0.6119420289855072,0.534,0.5716038852788079,7.2,6.4,3.6,2.8
svm,signo_zodiacal_ofiuco,482,0.5,0.43000000000000005,0.44408119658119655,0.5800000000000001,0.4983692371701525,0.45600000000000007,0.513244847859399,5.8,7.2,2.8,4.2
svm,signo_zodiacal_ofiuco,483,0.5,0.58,0.562857142857143,0.74,0.6358305462653289,0.616,0.655128377126829,7.4,5.8,4.2,2.6
svm,signo_zodiacal_ofiuco,484,0.5,0.5,0.4901190476190476,0.66,0.5593706293706293,0.504,0.5804152046783625,6.6,6.6,3.4,3.4
svm,signo_zodiacal_ofiuco,485,0.5,0.48,0.48,0.58,0.5239393939393939,0.414,0.5079010536247378,5.8,6.2,3.8,4.2
svm,signo_zodiacal_ofiuco,486,0.5,0.58,0.5765656565656565,0.5399999999999999,0.5554218880534669,0.618,0.6556991239754397,5.4,3.8,6.2,4.6
svm,signo_zodiacal_ofiuco,487,0.5,0.51,0.5083333333333333,0.38,0.42790309106098584,0.526,0.5785574872324097,3.8,3.6,6.4,6.2
svm,signo_zodiacal_ofiuco,488,0.5,0.53,0.5270054945054945,0.6799999999999999,0.5900162156683896,0.5720000000000001,0.6522770209666495,6.8,6.2,3.8,3.2
svm,signo_zodiacal_ofiuco,489,0.5,0.5199999999999999,0.5292857142857144,0.45999999999999996,0.47745098039215683,0.564,0.6484022839905192,4.6,4.2,5.8,5.4
svm,signo_zodiacal_ofiuco,490,0.5,0.49000000000000005,0.49028749028749025,0.6,0.5361774000217936,0.398,0.5090419980776018,6.0,6.2,3.8,4.0
svm,signo_zodiacal_ofiuco,491,0.5,0.45999999999999996,0.46923520923520917,0.48,0.4665186495650892,0.462,0.5684971417471417,4.8,5.6,4.4,5.2
svm,signo_zodiacal_ofiuco,492,0.5,0.51,0.5111111111111111,0.5599999999999999,0.531350114416476,0.56,0.6460583850274252,5.6,5.4,4.6,4.4
svm,signo_zodiacal_ofiuco,493,0.5,0.49000000000000005,0.48888888888888893,0.62,0.5389724310776942,0.5199999999999999,0.5895580618212196,6.2,6.4,3.6,3.8
svm,signo_zodiacal_ofiuco,494,0.5,0.53,0.5475,0.54,0.5276923076923077,0.5759999999999998,0.6315486278427455,5.4,4.8,5.2,4.6
svm,signo_zodiacal_ofiuco,495,0.5,0.53,0.5256410256410258,0.6,0.555942722418695,0.556,0.5878771141139562,6.0,5.4,4.6,4.0
svm,signo_zodiacal_ofiuco,496,0.5,0.48,0.47777777777777775,0.36,0.4033416875522139,0.508,0.5739130879440476,3.6,4.0,6.0,6.4
svm,signo_zodiacal_ofiuco,497,0.5,0.45999999999999996,0.46923076923076923,0.52,0.48928414580588486,0.45,0.5424556744425165,5.2,6.0,4.0,4.8
svm,signo_zodiacal_ofiuco,498,0.5,0.5599999999999999,0.593015873015873,0.4,0.4734984520123839,0.516,0.597746838129191,4.0,2.8,7.2,6.0
svm,signo_zodiacal_ofiuco,499,0.5,0.48,0.4844988344988345,0.5599999999999999,0.518558253340862,0.47999999999999987,0.5592513509881931,5.6,6.0,4.0,4.4
svm,signo_zodiacal_ofiuco,500,0.5,0.45999999999999996,0.4582167832167833,0.48,0.4662525879917184,0.514,0.583272633197556,4.8,5.6,4.4,5.2
